id_operacion_sio;fecha;año;mes;commodity;fuente;mercado;tipo_precio;operacion;moneda;unidad;precio;precio_original_texto;volumen;volumen_unidad;procedencia;lugar_entrega;condicion_comercial;precio_cero_flag;precio_valido_para_serie;fecha_descarga_snapshot;fecha_actualizacion_dashboard;observaciones
8470154;2026-09-09;2026;9;TRIGO PAN;SIO Granos / Secretaría de Agricultura;;Precio Hecho;Contrato;ARS;TN;360000;"360000,00
$";120,00;TN;SANTA FECASILDA;Zona 8En destino;;no;sí;2026-09-09T10:22:32;2026-09-24;"commodity no catalogado; se conserva para revisión; integración piloto una página GetOperaciones; moneda extraída explícitamente del campo precio original: ARS; snapshot de últimas operaciones; no es histórico completo; observada en snapshot latest"
8470139;2026-09-09;2026;9;Soja;SIO Granos / Secretaría de Agricultura;;Precio Hecho;Contrato;ARS;TN;555000;"555000,00
$";140,00;TN;SANTA FETEODELINA;Rosario SEn destino;;no;sí;2026-09-09T10:22:32;2026-09-24;"integración piloto una página GetOperaciones; moneda extraída explícitamente del campo precio original: ARS; snapshot de últimas operaciones; no es histórico completo; observada en snapshot latest"
8470126;2026-09-09;2026;9;Maíz;SIO Granos / Secretaría de Agricultura;;Precio Hecho;Contrato;ARS;TN;293000;"293000,00
$";30,00;TN;BUENOS AIRESPIGUE;B.BlancaEn destino;;no;sí;2026-09-09T10:22:32;2026-09-24;"integración piloto una página GetOperaciones; moneda extraída explícitamente del campo precio original: ARS; snapshot de últimas operaciones; no es histórico completo; observada en snapshot latest"
8470121;2026-09-09;2026;9;Girasol;SIO Granos / Secretaría de Agricultura;;Precio Hecho;Contrato;USD;TN;400;"400,00
U$S";90,00;TN;BUENOS AIRESSAN MANUEL;QuequenEn destino;;no;sí;2026-09-09T10:22:32;2026-09-24;"integración piloto una página GetOperaciones; moneda extraída explícitamente del campo precio original: USD; snapshot de últimas operaciones; no es histórico completo; observada en snapshot latest"
8470118;2026-09-09;2026;9;Girasol;SIO Granos / Secretaría de Agricultura;;Precio Hecho;Contrato;USD;TN;400;"400,00
U$S";450,00;TN;BUENOS AIRESBARRIO BATAN;QuequenEn destino;;no;sí;2026-09-09T10:22:32;2026-09-24;"integración piloto una página GetOperaciones; moneda extraída explícitamente del campo precio original: USD; snapshot de últimas operaciones; no es histórico completo; observada en snapshot latest"
8470115;2026-09-09;2026;9;Girasol;SIO Granos / Secretaría de Agricultura;;Precio Hecho;Contrato;USD;TN;450;"450,00
U$S";30,00;TN;BUENOS AIRESNECOCHEA;QuequenEn destino;;no;sí;2026-09-09T10:22:32;2026-09-24;"integración piloto una página GetOperaciones; moneda extraída explícitamente del campo precio original: USD; snapshot de últimas operaciones; no es histórico completo; observada en snapshot latest"
8470101;2026-09-09;2026;9;Maíz;SIO Granos / Secretaría de Agricultura;;Precio Hecho;Contrato;ARS;TN;282000;"282000,00
$";95,42;TN;TUCUMÁNLEALES;Rosario NEn destino;;no;sí;2026-09-09T10:22:32;2026-09-24;"integración piloto una página GetOperaciones; moneda extraída explícitamente del campo precio original: ARS; snapshot de últimas operaciones; no es histórico completo; observada en snapshot latest"
8470099;2026-09-09;2026;9;Maíz;SIO Granos / Secretaría de Agricultura;;Precio Hecho;Contrato;ARS;TN;282000;"282000,00
$";95,42;TN;TUCUMÁNLEALES;Rosario NEn destino;;no;sí;2026-09-09T10:22:32;2026-09-24;"integración piloto una página GetOperaciones; moneda extraída explícitamente del campo precio original: ARS; snapshot de últimas operaciones; no es histórico completo; observada en snapshot latest"
8470090;2026-09-09;2026;9;Soja;SIO Granos / Secretaría de Agricultura;;Precio Hecho;Contrato;ARS;TN;560000;"560000,00
$";5000,00;TN;BUENOS AIRESVILLA MOQUEHUA;Rosario NEn destino;;no;sí;2026-09-09T10:22:32;2026-09-24;"integración piloto una página GetOperaciones; moneda extraída explícitamente del campo precio original: ARS; snapshot de últimas operaciones; no es histórico completo; observada en snapshot latest"
8470082;2026-09-09;2026;9;Soja;SIO Granos / Secretaría de Agricultura;;Precio Hecho;Contrato;USD;TN;367;"367,00
U$S";450,00;TN;SANTA FESAN LORENZO;QuequenEn destino;;no;sí;2026-09-09T10:22:32;2026-09-24;"integración piloto una página GetOperaciones; moneda extraída explícitamente del campo precio original: USD; snapshot de últimas operaciones; no es histórico completo; observada en snapshot latest"
8470080;2026-09-09;2026;9;Maíz;SIO Granos / Secretaría de Agricultura;;Precio Hecho;Contrato;ARS;TN;295000;"295000,00
$";60,00;TN;BUENOS AIRESSALADILLO;Zona 5En destino;;no;sí;2026-09-09T10:22:32;2026-09-24;"integración piloto una página GetOperaciones; moneda extraída explícitamente del campo precio original: ARS; snapshot de últimas operaciones; no es histórico completo; observada en snapshot latest"
8470074;2026-09-09;2026;9;TRIGO PAN;SIO Granos / Secretaría de Agricultura;;Precio Hecho;Contrato;ARS;TN;440000;"440000,00
$";120,00;TN;SANTA FETIMBUES;Zona 5En destino;;no;sí;2026-09-09T10:22:32;2026-09-24;"commodity no catalogado; se conserva para revisión; integración piloto una página GetOperaciones; moneda extraída explícitamente del campo precio original: ARS; snapshot de últimas operaciones; no es histórico completo; observada en snapshot latest"
8470053;2026-09-09;2026;9;TRIGO PAN;SIO Granos / Secretaría de Agricultura;;Precio Hecho;Contrato;ARS;TN;420000;"420000,00
$";120,00;TN;CÓRDOBAADELIA MARIA;Bs AsEn destino;;no;sí;2026-09-09T10:22:32;2026-09-24;"commodity no catalogado; se conserva para revisión; integración piloto una página GetOperaciones; moneda extraída explícitamente del campo precio original: ARS; snapshot de últimas operaciones; no es histórico completo; observada en snapshot latest"
8470019;2026-09-09;2026;9;Soja;SIO Granos / Secretaría de Agricultura;;Precio Hecho;Contrato;USD;TN;365;"365,00
U$S";200,00;TN;BUENOS AIRESNECOCHEA;QuequenEn destino;;no;sí;2026-09-09T10:22:32;2026-09-24;"integración piloto una página GetOperaciones; moneda extraída explícitamente del campo precio original: USD; snapshot de últimas operaciones; no es histórico completo; observada en snapshot latest"
8470014;2026-09-09;2026;9;Soja;SIO Granos / Secretaría de Agricultura;;Precio Hecho;Contrato;USD;TN;365;"365,00
U$S";200,00;TN;BUENOS AIRESNECOCHEA;QuequenEn destino;;no;sí;2026-09-09T10:20:08;2026-09-24;"integración piloto una página GetOperaciones; moneda extraída explícitamente del campo precio original: USD; snapshot de últimas operaciones; no es histórico completo"
8470157;2026-09-09;2026;9;TRIGO PAN;SIO Granos / Secretaría de Agricultura;;Precio Hecho;Contrato;ARS;TN;360000;"360000,00
$";30,00;TN;SANTA FECASILDA;Zona 8En destino;;no;sí;2026-09-09T10:22:32;2026-09-24;"commodity no catalogado; se conserva para revisión; integración piloto una página GetOperaciones; moneda extraída explícitamente del campo precio original: ARS; snapshot de últimas operaciones; no es histórico completo; observada en snapshot latest"
8470380;2026-09-09;2026;9;TRIGO PAN;SIO Granos / Secretaría de Agricultura;;Precio Hecho;Contrato;USD;TN;240;"240,00
U$S";105,00;TN;BUENOS AIRESMAIPU;QuequenEn destino;;no;sí;2026-09-09T11:17:15;2026-09-24;"commodity no catalogado; se conserva para revisión; integración piloto una página GetOperaciones; moneda extraída explícitamente del campo precio original: USD; snapshot de últimas operaciones; no es histórico completo; observada en snapshot latest; observada en snapshot latest; observada en snapshot latest"
8470379;2026-09-09;2026;9;Maíz;SIO Granos / Secretaría de Agricultura;;Precio Hecho;Contrato;ARS;TN;293100;"293100,00
$";60,00;TN;ENTRE RÍOSALDEA VALLE MARIA;Zona 18En destino;;no;sí;2026-09-09T11:17:15;2026-09-24;"integración piloto una página GetOperaciones; moneda extraída explícitamente del campo precio original: ARS; snapshot de últimas operaciones; no es histórico completo; observada en snapshot latest; observada en snapshot latest; observada en snapshot latest"
8470376;2026-09-09;2026;9;CEBADA FORR.;SIO Granos / Secretaría de Agricultura;;Precio Hecho;Contrato;USD;TN;210;"210,00
U$S";60,00;TN;BUENOS AIRESORENSE;QuequenEn destino;;no;sí;2026-09-09T11:17:15;2026-09-24;"commodity no catalogado; se conserva para revisión; integración piloto una página GetOperaciones; moneda extraída explícitamente del campo precio original: USD; snapshot de últimas operaciones; no es histórico completo; observada en snapshot latest; observada en snapshot latest; observada en snapshot latest"
8470374;2026-09-09;2026;9;Girasol;SIO Granos / Secretaría de Agricultura;;Precio Hecho;Contrato;USD;TN;510;"510,00
U$S";55,00;TN;SAN LUISBAGUAL;Zona 25En destino;;no;sí;2026-09-09T11:17:15;2026-09-24;"integración piloto una página GetOperaciones; moneda extraída explícitamente del campo precio original: USD; snapshot de últimas operaciones; no es histórico completo; observada en snapshot latest; observada en snapshot latest; observada en snapshot latest"
8470370;2026-09-09;2026;9;CEBADA FORR.;SIO Granos / Secretaría de Agricultura;;Precio Hecho;Contrato;USD;TN;210;"210,00
U$S";60,00;TN;BUENOS AIRESORENSE;QuequenEn destino;;no;sí;2026-09-09T11:17:15;2026-09-24;"commodity no catalogado; se conserva para revisión; integración piloto una página GetOperaciones; moneda extraída explícitamente del campo precio original: USD; snapshot de últimas operaciones; no es histórico completo; observada en snapshot latest; observada en snapshot latest; observada en snapshot latest"
8470371;2026-09-09;2026;9;Soja;SIO Granos / Secretaría de Agricultura;;Precio Hecho;Contrato;ARS;TN;556000;"556000,00
$";30,00;TN;SANTA FECARMEN;Zona 8En destino;;no;sí;2026-09-09T11:17:15;2026-09-24;"integración piloto una página GetOperaciones; moneda extraída explícitamente del campo precio original: ARS; snapshot de últimas operaciones; no es histórico completo; observada en snapshot latest; observada en snapshot latest; observada en snapshot latest"
8470369;2026-09-09;2026;9;Maíz;SIO Granos / Secretaría de Agricultura;;Precio Hecho;Contrato;ARS;TN;266893;"266893,20
$";115,00;TN;CÓRDOBASANTA EUFEMIA;Rosario NEn destino;;no;sí;2026-09-09T11:17:15;2026-09-24;"integración piloto una página GetOperaciones; moneda extraída explícitamente del campo precio original: ARS; snapshot de últimas operaciones; no es histórico completo; observada en snapshot latest; observada en snapshot latest; observada en snapshot latest"
8470368;2026-09-09;2026;9;TRIGO PAN;SIO Granos / Secretaría de Agricultura;;Precio Hecho;Contrato;ARS;TN;343000;"343000,00
$";30,00;TN;BUENOS AIRES12 DE OCTUBRE;Zona 7En destino;;no;sí;2026-09-09T11:17:15;2026-09-24;"commodity no catalogado; se conserva para revisión; integración piloto una página GetOperaciones; moneda extraída explícitamente del campo precio original: ARS; snapshot de últimas operaciones; no es histórico completo; observada en snapshot latest; observada en snapshot latest; observada en snapshot latest"
8470365;2026-09-09;2026;9;Soja;SIO Granos / Secretaría de Agricultura;;Precio Hecho;Contrato;ARS;TN;556000;"556000,00
$";30,00;TN;ENTRE RÍOSALDEA VALLE MARIA;Zona 18En destino;;no;sí;2026-09-09T11:17:15;2026-09-24;"integración piloto una página GetOperaciones; moneda extraída explícitamente del campo precio original: ARS; snapshot de últimas operaciones; no es histórico completo; observada en snapshot latest; observada en snapshot latest; observada en snapshot latest"
8470364;2026-09-09;2026;9;Maíz;SIO Granos / Secretaría de Agricultura;;Precio Hecho;Contrato;ARS;TN;251233;"251232,80
$";60,00;TN;CÓRDOBAETRURIA;Rosario NEn destino;;no;sí;2026-09-09T11:17:15;2026-09-24;"integración piloto una página GetOperaciones; moneda extraída explícitamente del campo precio original: ARS; snapshot de últimas operaciones; no es histórico completo; observada en snapshot latest; observada en snapshot latest; observada en snapshot latest"
8470363;2026-09-09;2026;9;TRIGO PAN;SIO Granos / Secretaría de Agricultura;;Precio Hecho;Contrato;ARS;TN;346000;"346000,00
$";28,79;TN;CÓRDOBAPASCANAS;Zona 8En destino;;no;sí;2026-09-09T11:17:15;2026-09-24;"commodity no catalogado; se conserva para revisión; integración piloto una página GetOperaciones; moneda extraída explícitamente del campo precio original: ARS; snapshot de últimas operaciones; no es histórico completo; observada en snapshot latest; observada en snapshot latest; observada en snapshot latest"
8470362;2026-09-09;2026;9;Soja;SIO Granos / Secretaría de Agricultura;;Precio Hecho;Contrato;ARS;TN;556000;"556000,00
$";41,54;TN;BUENOS AIRESCARLOS CASARES;Rosario SEn destino;;no;sí;2026-09-09T11:17:15;2026-09-24;"integración piloto una página GetOperaciones; moneda extraída explícitamente del campo precio original: ARS; snapshot de últimas operaciones; no es histórico completo; observada en snapshot latest; observada en snapshot latest; observada en snapshot latest"
8470339;2026-09-09;2026;9;Soja;SIO Granos / Secretaría de Agricultura;;Precio Hecho;Contrato;ARS;TN;560000;"560000,00
$";400,00;TN;BUENOS AIRES25 DE MAYO;Zona 6En destino;;no;sí;2026-09-09T11:17:15;2026-09-24;"integración piloto una página GetOperaciones; moneda extraída explícitamente del campo precio original: ARS; snapshot de últimas operaciones; no es histórico completo; observada en snapshot latest; observada en snapshot latest; observada en snapshot latest"
8470319;2026-09-09;2026;9;Maíz;SIO Granos / Secretaría de Agricultura;;Precio Hecho;Contrato;ARS;TN;258622;"258622,00
$";60,45;TN;CÓRDOBAETRURIA;Rosario NEn destino;;no;sí;2026-09-09T11:17:15;2026-09-24;"integración piloto una página GetOperaciones; moneda extraída explícitamente del campo precio original: ARS; snapshot de últimas operaciones; no es histórico completo; observada en snapshot latest; observada en snapshot latest; observada en snapshot latest"
8470318;2026-09-09;2026;9;Maíz;SIO Granos / Secretaría de Agricultura;;Precio Hecho;Contrato;USD;TN;161.73;"161,73
U$S";90,00;TN;BUENOS AIRESGENERAL VILLEGAS;Zona 7En destino;;no;sí;2026-09-09T11:17:15;2026-09-24;"integración piloto una página GetOperaciones; moneda extraída explícitamente del campo precio original: USD; snapshot de últimas operaciones; no es histórico completo; observada en snapshot latest; observada en snapshot latest; observada en snapshot latest"
8470499;2026-09-09;2026;9;ACEITE SOJA;SIO Granos / Secretaría de Agricultura;;Precio Hecho;Contrato;USD;TN;995;"995,00
U$S";750,00;TN;CÓRDOBATANCACHA;Zona 11En destino;;no;sí;2026-09-09T14:57:26;2026-09-09;"commodity no catalogado; se conserva para revisión; integración piloto una página GetOperaciones; moneda extraída explícitamente del campo precio original: USD; snapshot de últimas operaciones; no es histórico completo; observada en snapshot latest"
8470494;2026-09-09;2026;9;Maíz;SIO Granos / Secretaría de Agricultura;;Precio Hecho;Contrato;ARS;TN;293100;"293100,00
$";32,21;TN;CÓRDOBAMARCOS JUAREZ;Rosario NEn destino;;no;sí;2026-09-09T14:57:26;2026-09-09;"integración piloto una página GetOperaciones; moneda extraída explícitamente del campo precio original: ARS; snapshot de últimas operaciones; no es histórico completo; observada en snapshot latest"
8470493;2026-09-09;2026;9;Maíz;SIO Granos / Secretaría de Agricultura;;Precio Hecho;Contrato;ARS;TN;293100;"293100,00
$";60,13;TN;CÓRDOBAMARCOS JUAREZ;Rosario NEn destino;;no;sí;2026-09-09T14:57:26;2026-09-09;"integración piloto una página GetOperaciones; moneda extraída explícitamente del campo precio original: ARS; snapshot de últimas operaciones; no es histórico completo; observada en snapshot latest"
8470454;2026-09-09;2026;9;Maíz;SIO Granos / Secretaría de Agricultura;;Precio Hecho;Contrato;USD;TN;191.9;"191,90
U$S";405,00;TN;BUENOS AIRESLIMA;Zona 5En origen;;no;sí;2026-09-09T14:57:26;2026-09-09;"integración piloto una página GetOperaciones; moneda extraída explícitamente del campo precio original: USD; snapshot de últimas operaciones; no es histórico completo; observada en snapshot latest"
8470451;2026-09-09;2026;9;Maíz;SIO Granos / Secretaría de Agricultura;;Precio Hecho;Contrato;USD;TN;195;"195,00
U$S";107,83;TN;LA PAMPAREALICO;Rosario NEn destino;;no;sí;2026-09-09T14:57:26;2026-09-09;"integración piloto una página GetOperaciones; moneda extraída explícitamente del campo precio original: USD; snapshot de últimas operaciones; no es histórico completo; observada en snapshot latest"
8470450;2026-09-09;2026;9;TRIGO PAN;SIO Granos / Secretaría de Agricultura;;Precio Hecho;Contrato;ARS;TN;352000;"352000,00
$";100,00;TN;SANTA FEALCORTA DTO CONSTITU;Zona 8En destino;;no;sí;2026-09-09T14:57:26;2026-09-09;"commodity no catalogado; se conserva para revisión; integración piloto una página GetOperaciones; moneda extraída explícitamente del campo precio original: ARS; snapshot de últimas operaciones; no es histórico completo; observada en snapshot latest"
8470446;2026-09-09;2026;9;TRIGO PAN;SIO Granos / Secretaría de Agricultura;;Precio Hecho;Contrato;ARS;TN;338100;"338100,00
$";30,00;TN;SANTA FEALCORTA DTO CONSTITU;Zona 8En destino;;no;sí;2026-09-09T14:57:26;2026-09-09;"commodity no catalogado; se conserva para revisión; integración piloto una página GetOperaciones; moneda extraída explícitamente del campo precio original: ARS; snapshot de últimas operaciones; no es histórico completo; observada en snapshot latest"
8470443;2026-09-09;2026;9;Maíz;SIO Granos / Secretaría de Agricultura;;Precio Hecho;Contrato;USD;TN;195;"195,00
U$S";200,00;TN;SANTA FERUFINO;Rosario SEn destino;;no;sí;2026-09-09T14:57:26;2026-09-09;"integración piloto una página GetOperaciones; moneda extraída explícitamente del campo precio original: USD; snapshot de últimas operaciones; no es histórico completo; observada en snapshot latest"
8470442;2026-09-09;2026;9;TRIGO PAN;SIO Granos / Secretaría de Agricultura;;Precio Hecho;Contrato;ARS;TN;360000;"360000,00
$";90,00;TN;BUENOS AIRESVILLA MOQUEHUA;Zona 12En destino;;no;sí;2026-09-09T14:57:26;2026-09-09;"commodity no catalogado; se conserva para revisión; integración piloto una página GetOperaciones; moneda extraída explícitamente del campo precio original: ARS; snapshot de últimas operaciones; no es histórico completo; observada en snapshot latest"
8470428;2026-09-09;2026;9;Soja;SIO Granos / Secretaría de Agricultura;;Precio Hecho;Contrato;USD;TN;355;"355,00
U$S";599,00;TN;BUENOS AIRESQUEQUEN;QuequenEn destino;;no;sí;2026-09-09T14:57:26;2026-09-09;"integración piloto una página GetOperaciones; moneda extraída explícitamente del campo precio original: USD; snapshot de últimas operaciones; no es histórico completo; observada en snapshot latest"
8470427;2026-09-09;2026;9;Girasol;SIO Granos / Secretaría de Agricultura;;Precio Hecho;Contrato;USD;TN;400;"400,00
U$S";400,00;TN;BUENOS AIRESGUAMINI;Zona 25En destino;;no;sí;2026-09-09T14:57:26;2026-09-09;"integración piloto una página GetOperaciones; moneda extraída explícitamente del campo precio original: USD; snapshot de últimas operaciones; no es histórico completo; observada en snapshot latest"
8470426;2026-09-09;2026;9;Girasol;SIO Granos / Secretaría de Agricultura;;Precio Hecho;Contrato;USD;TN;400;"400,00
U$S";150,00;TN;BUENOS AIRESLOBERIA;QuequenEn destino;;no;sí;2026-09-09T14:57:26;2026-09-09;"integración piloto una página GetOperaciones; moneda extraída explícitamente del campo precio original: USD; snapshot de últimas operaciones; no es histórico completo; observada en snapshot latest"
8470422;2026-09-09;2026;9;Maíz;SIO Granos / Secretaría de Agricultura;;Precio Hecho;Contrato;ARS;TN;293100;"293100,00
$";55,00;TN;BUENOS AIRESRANCAGUA;Zona 6En destino;;no;sí;2026-09-09T14:57:26;2026-09-09;"integración piloto una página GetOperaciones; moneda extraída explícitamente del campo precio original: ARS; snapshot de últimas operaciones; no es histórico completo; observada en snapshot latest"
8470415;2026-09-09;2026;9;Soja;SIO Granos / Secretaría de Agricultura;;Precio Hecho;Contrato;ARS;TN;556000;"556000,00
$";30,00;TN;BUENOS AIRESCHIVILCOY;Bs AsEn destino;;no;sí;2026-09-09T14:57:26;2026-09-09;"integración piloto una página GetOperaciones; moneda extraída explícitamente del campo precio original: ARS; snapshot de últimas operaciones; no es histórico completo; observada en snapshot latest"
8470414;2026-09-09;2026;9;Soja;SIO Granos / Secretaría de Agricultura;;Precio Hecho;Contrato;ARS;TN;518700;"518700,00
$";58,75;TN;SANTA FEEUSEBIA;Zona 8En destino;;no;sí;2026-09-09T14:57:26;2026-09-09;"integración piloto una página GetOperaciones; moneda extraída explícitamente del campo precio original: ARS; snapshot de últimas operaciones; no es histórico completo; observada en snapshot latest"
8474363;2026-09-10;2026;9;Soja;SIO Granos / Secretaría de Agricultura;;Precio Hecho;Contrato;USD;TN;358;"358,00
U$S";3000,00;TN;SANTA FESAN LORENZO;Rosario NEn destino;;no;sí;2026-09-10T17:02:42;2026-09-10;"integración piloto una página GetOperaciones; moneda extraída explícitamente del campo precio original: USD; snapshot de últimas operaciones; no es histórico completo; observada en snapshot latest"
8474362;2026-09-10;2026;9;Soja;SIO Granos / Secretaría de Agricultura;;Precio Hecho;Contrato;ARS;TN;555000;"555000,00
$";600,00;TN;SANTA FEPILAR;Rosario NEn destino;;no;sí;2026-09-10T17:02:42;2026-09-10;"integración piloto una página GetOperaciones; moneda extraída explícitamente del campo precio original: ARS; snapshot de últimas operaciones; no es histórico completo; observada en snapshot latest"
8474360;2026-09-10;2026;9;Maíz;SIO Granos / Secretaría de Agricultura;;Precio Hecho;Contrato;ARS;TN;293400;"293400,00
$";150,00;TN;SANTA FEVENADO TUERTO;Zona 9En destino;;no;sí;2026-09-10T17:02:42;2026-09-10;"integración piloto una página GetOperaciones; moneda extraída explícitamente del campo precio original: ARS; snapshot de últimas operaciones; no es histórico completo; observada en snapshot latest"
8474359;2026-09-10;2026;9;Maíz;SIO Granos / Secretaría de Agricultura;;Precio Hecho;Contrato;ARS;TN;293400;"293400,00
$";150,00;TN;CÓRDOBALABOULAYE;Zona 9En destino;;no;sí;2026-09-10T17:02:42;2026-09-10;"integración piloto una página GetOperaciones; moneda extraída explícitamente del campo precio original: ARS; snapshot de últimas operaciones; no es histórico completo; observada en snapshot latest"
8474358;2026-09-10;2026;9;Maíz;SIO Granos / Secretaría de Agricultura;;Precio Hecho;Contrato;USD;TN;195;"195,00
U$S";600,00;TN;CÓRDOBAJUSTINIANO POSSE;Rosario NEn destino;;no;sí;2026-09-10T17:02:42;2026-09-10;"integración piloto una página GetOperaciones; moneda extraída explícitamente del campo precio original: USD; snapshot de últimas operaciones; no es histórico completo; observada en snapshot latest"
8474357;2026-09-10;2026;9;Maíz;SIO Granos / Secretaría de Agricultura;;Precio Hecho;Contrato;ARS;TN;295000;"295000,00
$";90,00;TN;BUENOS AIRESSALADILLO;Bs AsEn destino;;no;sí;2026-09-10T17:02:42;2026-09-10;"integración piloto una página GetOperaciones; moneda extraída explícitamente del campo precio original: ARS; snapshot de últimas operaciones; no es histórico completo; observada en snapshot latest"
8474356;2026-09-10;2026;9;Maíz;SIO Granos / Secretaría de Agricultura;;Precio Hecho;Contrato;USD;TN;198;"198,00
U$S";1500,00;TN;SANTA FEPILAR;Rosario NEn destino;;no;sí;2026-09-10T17:02:42;2026-09-10;"integración piloto una página GetOperaciones; moneda extraída explícitamente del campo precio original: USD; snapshot de últimas operaciones; no es histórico completo; observada en snapshot latest"
8474355;2026-09-10;2026;9;Maíz;SIO Granos / Secretaría de Agricultura;;Precio Hecho;Contrato;USD;TN;195;"195,00
U$S";30,00;TN;CÓRDOBATANCACHA;Rosario NEn destino;;no;sí;2026-09-10T17:02:42;2026-09-10;"integración piloto una página GetOperaciones; moneda extraída explícitamente del campo precio original: USD; snapshot de últimas operaciones; no es histórico completo; observada en snapshot latest"
8474354;2026-09-10;2026;9;Maíz;SIO Granos / Secretaría de Agricultura;;Precio Hecho;Contrato;ARS;TN;255425;"255425,00
$";124,81;TN;SANTA FEVENADO TUERTO;Zona 4En destino;;no;sí;2026-09-10T17:02:42;2026-09-10;"integración piloto una página GetOperaciones; moneda extraída explícitamente del campo precio original: ARS; snapshot de últimas operaciones; no es histórico completo; observada en snapshot latest"
8474353;2026-09-10;2026;9;Maíz;SIO Granos / Secretaría de Agricultura;;Precio Hecho;Contrato;ARS;TN;255425;"255425,00
$";124,81;TN;SANTA FESAN LORENZO;Zona 4En destino;;no;sí;2026-09-10T17:02:42;2026-09-10;"integración piloto una página GetOperaciones; moneda extraída explícitamente del campo precio original: ARS; snapshot de últimas operaciones; no es histórico completo; observada en snapshot latest"
8474352;2026-09-10;2026;9;TRIGO PAN;SIO Granos / Secretaría de Agricultura;;Precio Hecho;Contrato;USD;TN;225;"225,00
U$S";150,00;TN;BUENOS AIRESCHACABUCO;Rosario SEn destino;;no;sí;2026-09-10T17:02:42;2026-09-10;"commodity no catalogado; se conserva para revisión; integración piloto una página GetOperaciones; moneda extraída explícitamente del campo precio original: USD; snapshot de últimas operaciones; no es histórico completo; observada en snapshot latest"
8474348;2026-09-10;2026;9;TRIGO PAN;SIO Granos / Secretaría de Agricultura;;Precio Hecho;Contrato;ARS;TN;330835;"330834,90
$";120,00;TN;SANTA FELA GALLARETA;Rosario SEn destino;;no;sí;2026-09-10T17:02:42;2026-09-10;"commodity no catalogado; se conserva para revisión; integración piloto una página GetOperaciones; moneda extraída explícitamente del campo precio original: ARS; snapshot de últimas operaciones; no es histórico completo; observada en snapshot latest"
8474345;2026-09-10;2026;9;Soja;SIO Granos / Secretaría de Agricultura;;Precio Hecho;Contrato;ARS;TN;555000;"555000,00
$";22,98;TN;SANTA FELOMA ALTA;Zona 12En destino;;no;sí;2026-09-10T17:02:42;2026-09-10;"integración piloto una página GetOperaciones; moneda extraída explícitamente del campo precio original: ARS; snapshot de últimas operaciones; no es histórico completo; observada en snapshot latest"
8474343;2026-09-10;2026;9;Soja;SIO Granos / Secretaría de Agricultura;;Precio Hecho;Contrato;ARS;TN;537600;"537600,00
$";35,48;TN;CÓRDOBARIO CUARTO;Zona 9En destino;;no;sí;2026-09-10T17:02:42;2026-09-10;"integración piloto una página GetOperaciones; moneda extraída explícitamente del campo precio original: ARS; snapshot de últimas operaciones; no es histórico completo; observada en snapshot latest"
8474339;2026-09-10;2026;9;CEBADA FORR.;SIO Granos / Secretaría de Agricultura;;Precio Hecho;Contrato;USD;TN;210;"210,00
U$S";90,00;TN;BUENOS AIRESCARMEN DE PATAGONES;B.BlancaEn destino;;no;sí;2026-09-10T17:02:42;2026-09-10;"commodity no catalogado; se conserva para revisión; integración piloto una página GetOperaciones; moneda extraída explícitamente del campo precio original: USD; snapshot de últimas operaciones; no es histórico completo; observada en snapshot latest"
8478286;2026-09-11;2026;9;Maíz;SIO Granos / Secretaría de Agricultura;;Precio Hecho;Contrato;USD;TN;210;"210,00
U$S";650,00;TN;ENTRE RÍOSSANTA ELENA (ARROYO;Rosario SEn destino;;no;sí;2026-09-11T17:03:34;2026-09-11;"integración piloto una página GetOperaciones; moneda extraída explícitamente del campo precio original: USD; snapshot de últimas operaciones; no es histórico completo; observada en snapshot latest"
8478284;2026-09-11;2026;9;Maíz;SIO Granos / Secretaría de Agricultura;;Precio Hecho;Contrato;USD;TN;200;"200,00
U$S";300,00;TN;CÓRDOBAWENCESLAO ESCALANTE;Rosario SEn destino;;no;sí;2026-09-11T17:03:34;2026-09-11;"integración piloto una página GetOperaciones; moneda extraída explícitamente del campo precio original: USD; snapshot de últimas operaciones; no es histórico completo; observada en snapshot latest"
8478283;2026-09-11;2026;9;Maíz;SIO Granos / Secretaría de Agricultura;;Precio Hecho;Contrato;USD;TN;210;"210,00
U$S";300,00;TN;ENTRE RÍOSSANTA ELENA (ARROYO;Rosario NEn destino;;no;sí;2026-09-11T17:03:34;2026-09-11;"integración piloto una página GetOperaciones; moneda extraída explícitamente del campo precio original: USD; snapshot de últimas operaciones; no es histórico completo; observada en snapshot latest"
8478282;2026-09-11;2026;9;Maíz;SIO Granos / Secretaría de Agricultura;;Precio Hecho;Contrato;USD;TN;210;"210,00
U$S";120,00;TN;BUENOS AIRESCARMEN DE ARECO;Rosario SEn destino;;no;sí;2026-09-11T17:03:34;2026-09-11;"integración piloto una página GetOperaciones; moneda extraída explícitamente del campo precio original: USD; snapshot de últimas operaciones; no es histórico completo; observada en snapshot latest"
8478281;2026-09-11;2026;9;Maíz;SIO Granos / Secretaría de Agricultura;;Precio Hecho;Contrato;USD;TN;210;"210,00
U$S";180,00;TN;ENTRE RÍOSBOVRIL;Rosario NEn destino;;no;sí;2026-09-11T17:03:34;2026-09-11;"integración piloto una página GetOperaciones; moneda extraída explícitamente del campo precio original: USD; snapshot de últimas operaciones; no es histórico completo; observada en snapshot latest"
8478280;2026-09-11;2026;9;Maíz;SIO Granos / Secretaría de Agricultura;;Precio Hecho;Contrato;USD;TN;200;"200,00
U$S";90,00;TN;CÓRDOBARIO SEGUNDO;Rosario SEn destino;;no;sí;2026-09-11T17:03:34;2026-09-11;"integración piloto una página GetOperaciones; moneda extraída explícitamente del campo precio original: USD; snapshot de últimas operaciones; no es histórico completo; observada en snapshot latest"
8478279;2026-09-11;2026;9;TRIGO PAN;SIO Granos / Secretaría de Agricultura;;Precio Hecho;Contrato;USD;TN;230;"230,00
U$S";32,95;TN;BUENOS AIRESTRES ARROYOS;QuequenEn destino;;no;sí;2026-09-11T17:03:34;2026-09-11;"commodity no catalogado; se conserva para revisión; integración piloto una página GetOperaciones; moneda extraída explícitamente del campo precio original: USD; snapshot de últimas operaciones; no es histórico completo; observada en snapshot latest"
8478277;2026-09-11;2026;9;Maíz;SIO Granos / Secretaría de Agricultura;;Precio Hecho;Contrato;ARS;TN;299000;"299000,00
$";210,00;TN;ENTRE RÍOSGUALEGUAY;Zona 13En destino;;no;sí;2026-09-11T17:03:34;2026-09-11;"integración piloto una página GetOperaciones; moneda extraída explícitamente del campo precio original: ARS; snapshot de últimas operaciones; no es histórico completo; observada en snapshot latest"
8478271;2026-09-11;2026;9;Maíz;SIO Granos / Secretaría de Agricultura;;Precio Hecho;Rectificación;ARS;TN;262485;"262485,00
$";161,12;TN;ENTRE RÍOSVILLAGUAY;Zona 13En destino;;no;sí;2026-09-11T17:03:34;2026-09-11;"integración piloto una página GetOperaciones; moneda extraída explícitamente del campo precio original: ARS; snapshot de últimas operaciones; no es histórico completo; observada en snapshot latest"
8478269;2026-09-11;2026;9;Maíz;SIO Granos / Secretaría de Agricultura;;Precio Hecho;Contrato;ARS;TN;162490;"162490,00
$";161,12;TN;ENTRE RÍOSVILLAGUAY;Zona 13En destino;;no;sí;2026-09-11T17:03:34;2026-09-11;"integración piloto una página GetOperaciones; moneda extraída explícitamente del campo precio original: ARS; snapshot de últimas operaciones; no es histórico completo; observada en snapshot latest"
8478268;2026-09-11;2026;9;Soja;SIO Granos / Secretaría de Agricultura;;Precio Hecho;Contrato;ARS;TN;515200;"515200,00
$";158,48;TN;ENTRE RÍOSCONCEPCION DEL URUGU;Zona 13En destino;;no;sí;2026-09-11T17:03:34;2026-09-11;"integración piloto una página GetOperaciones; moneda extraída explícitamente del campo precio original: ARS; snapshot de últimas operaciones; no es histórico completo; observada en snapshot latest"
8478267;2026-09-11;2026;9;TRIGO PAN;SIO Granos / Secretaría de Agricultura;;Precio Hecho;Contrato;ARS;TN;320000;"320000,00
$";29,54;TN;BUENOS AIRESCHILLAR;Zona 6En destino;;no;sí;2026-09-11T17:03:34;2026-09-11;"commodity no catalogado; se conserva para revisión; integración piloto una página GetOperaciones; moneda extraída explícitamente del campo precio original: ARS; snapshot de últimas operaciones; no es histórico completo; observada en snapshot latest"
8478262;2026-09-11;2026;9;Soja;SIO Granos / Secretaría de Agricultura;;Precio Hecho;Anulación;ARS;TN;515200;"515200,00
$";158,48;TN;ENTRE RÍOSCONCEPCION DEL URUGU;Zona 13En destino;;no;sí;2026-09-11T17:03:34;2026-09-11;"integración piloto una página GetOperaciones; moneda extraída explícitamente del campo precio original: ARS; snapshot de últimas operaciones; no es histórico completo; observada en snapshot latest"
8478261;2026-09-11;2026;9;Maíz;SIO Granos / Secretaría de Agricultura;;Precio Hecho;Anulación;ARS;TN;262490;"262490,00
$";161,12;TN;ENTRE RÍOSVILLAGUAY;Zona 13En destino;;no;sí;2026-09-11T17:03:34;2026-09-11;"integración piloto una página GetOperaciones; moneda extraída explícitamente del campo precio original: ARS; snapshot de últimas operaciones; no es histórico completo; observada en snapshot latest"
8478259;2026-09-11;2026;9;Maíz;SIO Granos / Secretaría de Agricultura;;Precio Hecho;Contrato;ARS;TN;262490;"262490,00
$";161,12;TN;ENTRE RÍOSVILLAGUAY;Zona 13En destino;;no;sí;2026-09-11T17:03:34;2026-09-11;"integración piloto una página GetOperaciones; moneda extraída explícitamente del campo precio original: ARS; snapshot de últimas operaciones; no es histórico completo; observada en snapshot latest"
8480321;2026-09-12;2026;9;Maíz;SIO Granos / Secretaría de Agricultura;;Precio Hecho;Contrato;ARS;TN;267000;"267000,00
$";105,00;TN;CÓRDOBALOZADA;Zona 11En destino;;no;sí;2026-09-12T16:23:46;2026-09-12;"integración piloto una página GetOperaciones; moneda extraída explícitamente del campo precio original: ARS; snapshot de últimas operaciones; no es histórico completo; observada en snapshot latest"
8480312;2026-09-12;2026;9;Soja;SIO Granos / Secretaría de Agricultura;;Precio Hecho;Contrato;ARS;TN;520800;"520800,00
$";50,00;TN;ENTRE RÍOSMARIA GRANDE;Zona 18En destino;;no;sí;2026-09-12T16:23:46;2026-09-12;"integración piloto una página GetOperaciones; moneda extraída explícitamente del campo precio original: ARS; snapshot de últimas operaciones; no es histórico completo; observada en snapshot latest"
8480308;2026-09-12;2026;9;Soja;SIO Granos / Secretaría de Agricultura;;Precio Hecho;Contrato;ARS;TN;548800;"548800,00
$";70,63;TN;SANTA FESOUTOMAYOR;Zona 14En destino;;no;sí;2026-09-12T16:23:46;2026-09-12;"integración piloto una página GetOperaciones; moneda extraída explícitamente del campo precio original: ARS; snapshot de últimas operaciones; no es histórico completo; observada en snapshot latest"
8480292;2026-09-12;2026;9;Maíz;SIO Granos / Secretaría de Agricultura;;Precio Hecho;Contrato;ARS;TN;299000;"299000,00
$";20,00;TN;CÓRDOBACAPILLA DE REMEDIOS;CordobaEn destino;;no;sí;2026-09-12T16:23:46;2026-09-12;"integración piloto una página GetOperaciones; moneda extraída explícitamente del campo precio original: ARS; snapshot de últimas operaciones; no es histórico completo; observada en snapshot latest"
8480290;2026-09-12;2026;9;TRIGO PAN;SIO Granos / Secretaría de Agricultura;;Precio Hecho;Contrato;ARS;TN;350000;"350000,00
$";36,05;TN;SANTIAGO DEL ESTEROCHAÑAR POZO (LA ESPE;CordobaEn destino;;no;sí;2026-09-12T16:23:46;2026-09-12;"commodity no catalogado; se conserva para revisión; integración piloto una página GetOperaciones; moneda extraída explícitamente del campo precio original: ARS; snapshot de últimas operaciones; no es histórico completo; observada en snapshot latest"
8480285;2026-09-12;2026;9;Maíz;SIO Granos / Secretaría de Agricultura;;Precio Hecho;Contrato;ARS;TN;296000;"296000,00
$";20,00;TN;CÓRDOBAJUSTINIANO POSSE;Zona 8En origen;;no;sí;2026-09-12T16:23:46;2026-09-12;"integración piloto una página GetOperaciones; moneda extraída explícitamente del campo precio original: ARS; snapshot de últimas operaciones; no es histórico completo; observada en snapshot latest"
8480284;2026-09-12;2026;9;Maíz;SIO Granos / Secretaría de Agricultura;;Precio Hecho;Contrato;ARS;TN;296000;"296000,00
$";100,00;TN;CÓRDOBAJUSTINIANO POSSE;Zona 8En origen;;no;sí;2026-09-12T16:23:46;2026-09-12;"integración piloto una página GetOperaciones; moneda extraída explícitamente del campo precio original: ARS; snapshot de últimas operaciones; no es histórico completo; observada en snapshot latest"
8481550;2026-09-14;2026;9;TRIGO PAN;SIO Granos / Secretaría de Agricultura;;Precio Hecho;Contrato;ARS;TN;410205;"410205,00
$";306,18;TN;ENTRE RÍOSVIALE;Zona 14En destino;;no;sí;2026-09-14T18:45:41;2026-09-14;"commodity no catalogado; se conserva para revisión; integración piloto una página GetOperaciones; moneda extraída explícitamente del campo precio original: ARS; snapshot de últimas operaciones; no es histórico completo; observada en snapshot latest"
8481549;2026-09-14;2026;9;TRIGO PAN;SIO Granos / Secretaría de Agricultura;;Precio Hecho;Contrato;ARS;TN;392370;"392370,00
$";184,00;TN;ENTRE RÍOSVIALE;Zona 14En destino;;no;sí;2026-09-14T18:45:41;2026-09-14;"commodity no catalogado; se conserva para revisión; integración piloto una página GetOperaciones; moneda extraída explícitamente del campo precio original: ARS; snapshot de últimas operaciones; no es histórico completo; observada en snapshot latest"
8481545;2026-09-14;2026;9;TRIGO PAN;SIO Granos / Secretaría de Agricultura;;Precio Hecho;Contrato;ARS;TN;356000;"356000,00
$";22,19;TN;BUENOS AIRESFELIPE SOLA;Zona 2En destino;;no;sí;2026-09-14T18:45:41;2026-09-14;"commodity no catalogado; se conserva para revisión; integración piloto una página GetOperaciones; moneda extraída explícitamente del campo precio original: ARS; snapshot de últimas operaciones; no es histórico completo; observada en snapshot latest"
8481537;2026-09-14;2026;9;TRIGO PAN;SIO Granos / Secretaría de Agricultura;;Precio Hecho;Contrato;ARS;TN;299330;"299330,00
$";21,21;TN;ENTRE RÍOSHERNANDEZ;Zona 13En origen;;no;sí;2026-09-14T18:45:41;2026-09-14;"commodity no catalogado; se conserva para revisión; integración piloto una página GetOperaciones; moneda extraída explícitamente del campo precio original: ARS; snapshot de últimas operaciones; no es histórico completo; observada en snapshot latest"
8481531;2026-09-14;2026;9;Soja;SIO Granos / Secretaría de Agricultura;;Precio Hecho;Contrato;ARS;TN;549450;"549450,00
$";180,00;TN;CÓRDOBACHAJAN;Rosario NEn destino;;no;sí;2026-09-14T18:45:41;2026-09-14;"integración piloto una página GetOperaciones; moneda extraída explícitamente del campo precio original: ARS; snapshot de últimas operaciones; no es histórico completo; observada en snapshot latest"
8481526;2026-09-14;2026;9;Girasol;SIO Granos / Secretaría de Agricultura;;Precio Hecho;Contrato;USD;TN;450;"450,00
U$S";220,00;TN;BUENOS AIRESCARHUE;Zona 25En origen;;no;sí;2026-09-14T18:45:41;2026-09-14;"integración piloto una página GetOperaciones; moneda extraída explícitamente del campo precio original: USD; snapshot de últimas operaciones; no es histórico completo; observada en snapshot latest"
8481525;2026-09-14;2026;9;TRIGO PAN;SIO Granos / Secretaría de Agricultura;;Precio Hecho;Contrato;USD;TN;225;"225,00
U$S";32,08;TN;SANTA FEWHEELWRIGHT;Rosario NEn destino;;no;sí;2026-09-14T18:45:41;2026-09-14;"commodity no catalogado; se conserva para revisión; integración piloto una página GetOperaciones; moneda extraída explícitamente del campo precio original: USD; snapshot de últimas operaciones; no es histórico completo; observada en snapshot latest"
8481524;2026-09-14;2026;9;CEBADA FORR.;SIO Granos / Secretaría de Agricultura;;Precio Hecho;Contrato;USD;TN;220;"220,00
U$S";500,00;TN;BUENOS AIRESCARLOS CASARES;QuequenEn destino;;no;sí;2026-09-14T18:45:41;2026-09-14;"commodity no catalogado; se conserva para revisión; integración piloto una página GetOperaciones; moneda extraída explícitamente del campo precio original: USD; snapshot de últimas operaciones; no es histórico completo; observada en snapshot latest"
8481523;2026-09-14;2026;9;Maíz;SIO Granos / Secretaría de Agricultura;;Precio Hecho;Contrato;USD;TN;193.05;"193,05
U$S";240,00;TN;CÓRDOBACHAJAN;Zona 12En destino;;no;sí;2026-09-14T18:45:41;2026-09-14;"integración piloto una página GetOperaciones; moneda extraída explícitamente del campo precio original: USD; snapshot de últimas operaciones; no es histórico completo; observada en snapshot latest"
8481521;2026-09-14;2026;9;Maíz;SIO Granos / Secretaría de Agricultura;;Precio Hecho;Contrato;USD;TN;207;"207,00
U$S";30,00;TN;CÓRDOBAGENERAL FOTHERINGHAM;Rosario SEn destino;;no;sí;2026-09-14T18:45:41;2026-09-14;"integración piloto una página GetOperaciones; moneda extraída explícitamente del campo precio original: USD; snapshot de últimas operaciones; no es histórico completo; observada en snapshot latest"
8481511;2026-09-14;2026;9;Soja;SIO Granos / Secretaría de Agricultura;;Precio Hecho;Contrato;ARS;TN;555000;"555000,00
$";25,00;TN;SANTA FECOLONIA PUJATO;Zona 14En destino;;no;sí;2026-09-14T18:45:41;2026-09-14;"integración piloto una página GetOperaciones; moneda extraída explícitamente del campo precio original: ARS; snapshot de últimas operaciones; no es histórico completo; observada en snapshot latest"
8481510;2026-09-14;2026;9;Maíz;SIO Granos / Secretaría de Agricultura;;Precio Hecho;Contrato;USD;TN;198;"198,00
U$S";56,98;TN;BUENOS AIRESCORONEL DORREGO;B.BlancaEn destino;;no;sí;2026-09-14T18:45:41;2026-09-14;"integración piloto una página GetOperaciones; moneda extraída explícitamente del campo precio original: USD; snapshot de últimas operaciones; no es histórico completo; observada en snapshot latest"
8481508;2026-09-14;2026;9;Soja;SIO Granos / Secretaría de Agricultura;;Precio Hecho;Contrato;ARS;TN;541180;"541180,50
$";76,96;TN;BUENOS AIRES9 DE JULIO;Zona 7En destino;;no;sí;2026-09-14T18:45:41;2026-09-14;"integración piloto una página GetOperaciones; moneda extraída explícitamente del campo precio original: ARS; snapshot de últimas operaciones; no es histórico completo; observada en snapshot latest"
8481506;2026-09-14;2026;9;Soja;SIO Granos / Secretaría de Agricultura;;Precio Hecho;Contrato;ARS;TN;537917;"537917,10
$";83,15;TN;BUENOS AIRES9 DE JULIO;Zona 7En destino;;no;sí;2026-09-14T18:45:41;2026-09-14;"integración piloto una página GetOperaciones; moneda extraída explícitamente del campo precio original: ARS; snapshot de últimas operaciones; no es histórico completo; observada en snapshot latest"
8481504;2026-09-14;2026;9;Maíz;SIO Granos / Secretaría de Agricultura;;Precio Hecho;Contrato;USD;TN;208;"208,00
U$S";90,00;TN;CÓRDOBALA TORDILLA NORTE;Rosario SEn destino;;no;sí;2026-09-14T18:45:41;2026-09-14;"integración piloto una página GetOperaciones; moneda extraída explícitamente del campo precio original: USD; snapshot de últimas operaciones; no es histórico completo; observada en snapshot latest"
8484749;2026-09-15;2026;9;ACEITE SOJA;SIO Granos / Secretaría de Agricultura;;Precio Hecho;Contrato;ARS;TN;1.1654e+06;"1165395,00
$";35,96;TN;SANTA FESAN LORENZO;Zona 13En destino;;no;sí;2026-09-15T17:42:35;2026-09-15;"commodity no catalogado; se conserva para revisión; integración piloto una página GetOperaciones; moneda extraída explícitamente del campo precio original: ARS; snapshot de últimas operaciones; no es histórico completo; observada en snapshot latest"
8484747;2026-09-15;2026;9;Maíz;SIO Granos / Secretaría de Agricultura;;Precio Hecho;Contrato;USD;TN;190;"190,00
U$S";30,00;TN;CÓRDOBAMONTE MAIZ;Rosario NEn destino;;no;sí;2026-09-15T17:42:35;2026-09-15;"integración piloto una página GetOperaciones; moneda extraída explícitamente del campo precio original: USD; snapshot de últimas operaciones; no es histórico completo; observada en snapshot latest"
8484745;2026-09-15;2026;9;Maíz;SIO Granos / Secretaría de Agricultura;;Precio Hecho;Contrato;USD;TN;196.95;"196,95
U$S";30,00;TN;BUENOS AIRESALBERTI;Zona 5En destino;;no;sí;2026-09-15T17:42:35;2026-09-15;"integración piloto una página GetOperaciones; moneda extraída explícitamente del campo precio original: USD; snapshot de últimas operaciones; no es histórico completo; observada en snapshot latest"
8484743;2026-09-15;2026;9;Soja;SIO Granos / Secretaría de Agricultura;;Precio Hecho;Contrato;USD;TN;360.57;"360,57
U$S";1000,00;TN;SANTA FEARROYO SECO;Zona 5En destino;;no;sí;2026-09-15T17:42:35;2026-09-15;"integración piloto una página GetOperaciones; moneda extraída explícitamente del campo precio original: USD; snapshot de últimas operaciones; no es histórico completo; observada en snapshot latest"
8484741;2026-09-15;2026;9;Soja;SIO Granos / Secretaría de Agricultura;;Precio Hecho;Contrato;USD;TN;360.57;"360,57
U$S";1000,00;TN;SANTA FEARROYO SECO;B.BlancaEn destino;;no;sí;2026-09-15T17:42:35;2026-09-15;"integración piloto una página GetOperaciones; moneda extraída explícitamente del campo precio original: USD; snapshot de últimas operaciones; no es histórico completo; observada en snapshot latest"
8484739;2026-09-15;2026;9;Soja;SIO Granos / Secretaría de Agricultura;;Precio Hecho;Contrato;ARS;TN;565600;"565600,00
$";55,81;TN;CHACOGENERAL PINEDO;Rosario NEn destino;;no;sí;2026-09-15T17:42:35;2026-09-15;"integración piloto una página GetOperaciones; moneda extraída explícitamente del campo precio original: ARS; snapshot de últimas operaciones; no es histórico completo; observada en snapshot latest"
8484724;2026-09-15;2026;9;Soja;SIO Granos / Secretaría de Agricultura;;Precio Hecho;Contrato;ARS;TN;560000;"560000,00
$";30,00;TN;SANTA FESAN MARCELO;Zona 12En destino;;no;sí;2026-09-15T17:42:35;2026-09-15;"integración piloto una página GetOperaciones; moneda extraída explícitamente del campo precio original: ARS; snapshot de últimas operaciones; no es histórico completo; observada en snapshot latest"
8484723;2026-09-15;2026;9;Soja;SIO Granos / Secretaría de Agricultura;;Precio Hecho;Contrato;ARS;TN;541125;"541125,00
$";60,00;TN;BUENOS AIRESLAS TOSCAS;Zona 6En destino;;no;sí;2026-09-15T17:42:35;2026-09-15;"integración piloto una página GetOperaciones; moneda extraída explícitamente del campo precio original: ARS; snapshot de últimas operaciones; no es histórico completo; observada en snapshot latest"
8484687;2026-09-15;2026;9;TRIGO PAN;SIO Granos / Secretaría de Agricultura;;Precio Hecho;Contrato;ARS;TN;360000;"360000,00
$";70,00;TN;SANTA FESAN MARCELO;Zona 8En destino;;no;sí;2026-09-15T17:42:35;2026-09-15;"commodity no catalogado; se conserva para revisión; integración piloto una página GetOperaciones; moneda extraída explícitamente del campo precio original: ARS; snapshot de últimas operaciones; no es histórico completo; observada en snapshot latest"
8484675;2026-09-15;2026;9;TRIGO PAN;SIO Granos / Secretaría de Agricultura;;Precio Hecho;Contrato;ARS;TN;370000;"370000,00
$";500,00;TN;BUENOS AIRESLOBOS;Bs AsEn destino;;no;sí;2026-09-15T17:42:35;2026-09-15;"commodity no catalogado; se conserva para revisión; integración piloto una página GetOperaciones; moneda extraída explícitamente del campo precio original: ARS; snapshot de últimas operaciones; no es histórico completo; observada en snapshot latest"
8484678;2026-09-15;2026;9;Soja;SIO Granos / Secretaría de Agricultura;;Precio Hecho;Contrato;USD;TN;428.23;"428,23
U$S";71,92;TN;ENTRE RÍOSSAUCE DE LUNA;Rosario SEn destino;;no;sí;2026-09-15T17:42:35;2026-09-15;"integración piloto una página GetOperaciones; moneda extraída explícitamente del campo precio original: USD; snapshot de últimas operaciones; no es histórico completo; observada en snapshot latest"
8484672;2026-09-15;2026;9;Maíz;SIO Granos / Secretaría de Agricultura;;Precio Hecho;Contrato;USD;TN;200;"200,00
U$S";1000,00;TN;SANTA FECARLOS PELLEGRINI;Rosario NEn destino;;no;sí;2026-09-15T17:42:35;2026-09-15;"integración piloto una página GetOperaciones; moneda extraída explícitamente del campo precio original: USD; snapshot de últimas operaciones; no es histórico completo; observada en snapshot latest"
8484670;2026-09-15;2026;9;Maíz;SIO Granos / Secretaría de Agricultura;;Precio Hecho;Contrato;USD;TN;198;"198,00
U$S";900,00;TN;SANTIAGO DEL ESTEROPOZO DULCE;Rosario NEn destino;;no;sí;2026-09-15T17:42:35;2026-09-15;"integración piloto una página GetOperaciones; moneda extraída explícitamente del campo precio original: USD; snapshot de últimas operaciones; no es histórico completo; observada en snapshot latest"
8484668;2026-09-15;2026;9;TRIGO PAN;SIO Granos / Secretaría de Agricultura;;Precio Hecho;Contrato;USD;TN;220;"220,00
U$S";64,01;TN;ENTRE RÍOSSANTA ELENA (ARROYO;Rosario SEn destino;;no;sí;2026-09-15T17:42:35;2026-09-15;"commodity no catalogado; se conserva para revisión; integración piloto una página GetOperaciones; moneda extraída explícitamente del campo precio original: USD; snapshot de últimas operaciones; no es histórico completo; observada en snapshot latest"
8484667;2026-09-15;2026;9;TRIGO PAN;SIO Granos / Secretaría de Agricultura;;Precio Hecho;Contrato;USD;TN;220;"220,00
U$S";120,25;TN;ENTRE RÍOSSANTA ELENA (ARROYO;Zona 13En destino;;no;sí;2026-09-15T17:42:35;2026-09-15;"commodity no catalogado; se conserva para revisión; integración piloto una página GetOperaciones; moneda extraída explícitamente del campo precio original: USD; snapshot de últimas operaciones; no es histórico completo; observada en snapshot latest"
8488669;2026-09-16;2026;9;Maíz;SIO Granos / Secretaría de Agricultura;;Precio Hecho;Contrato;ARS;TN;275002;"275002,00
$";101,25;TN;CÓRDOBALA QUINTA (DPTO. RIO;Rosario SEn destino;;no;sí;2026-09-16T17:39:36;2026-09-16;"integración piloto una página GetOperaciones; moneda extraída explícitamente del campo precio original: ARS; snapshot de últimas operaciones; no es histórico completo; observada en snapshot latest"
8488668;2026-09-16;2026;9;Maíz;SIO Granos / Secretaría de Agricultura;;Precio Hecho;Contrato;ARS;TN;295000;"295000,00
$";29,39;TN;CÓRDOBALAS VARILLAS;Zona 11En destino;;no;sí;2026-09-16T17:39:36;2026-09-16;"integración piloto una página GetOperaciones; moneda extraída explícitamente del campo precio original: ARS; snapshot de últimas operaciones; no es histórico completo; observada en snapshot latest"
8488667;2026-09-16;2026;9;TRIGO PAN;SIO Granos / Secretaría de Agricultura;;Precio Hecho;Contrato;ARS;TN;335400;"335400,00
$";30,00;TN;SANTA FEACEBAL;Rosario NEn destino;;no;sí;2026-09-16T17:39:36;2026-09-16;"commodity no catalogado; se conserva para revisión; integración piloto una página GetOperaciones; moneda extraída explícitamente del campo precio original: ARS; snapshot de últimas operaciones; no es histórico completo; observada en snapshot latest"
8488665;2026-09-16;2026;9;TRIGO PAN;SIO Granos / Secretaría de Agricultura;;Precio Hecho;Contrato;USD;TN;235;"235,00
U$S";1000,00;TN;BUENOS AIRESNECOCHEA;QuequenEn destino;;no;sí;2026-09-16T17:39:36;2026-09-16;"commodity no catalogado; se conserva para revisión; integración piloto una página GetOperaciones; moneda extraída explícitamente del campo precio original: USD; snapshot de últimas operaciones; no es histórico completo; observada en snapshot latest"
8488659;2026-09-16;2026;9;Girasol;SIO Granos / Secretaría de Agricultura;;Precio Hecho;Contrato;USD;TN;400;"400,00
U$S";1000,00;TN;BUENOS AIRESCARLOS CASARES;Zona 25En destino;;no;sí;2026-09-16T17:39:36;2026-09-16;"integración piloto una página GetOperaciones; moneda extraída explícitamente del campo precio original: USD; snapshot de últimas operaciones; no es histórico completo; observada en snapshot latest"
8488658;2026-09-16;2026;9;Girasol;SIO Granos / Secretaría de Agricultura;;Precio Hecho;Contrato;USD;TN;400;"400,00
U$S";2500,00;TN;BUENOS AIRESCARLOS CASARES;QuequenEn destino;;no;sí;2026-09-16T17:39:36;2026-09-16;"integración piloto una página GetOperaciones; moneda extraída explícitamente del campo precio original: USD; snapshot de últimas operaciones; no es histórico completo; observada en snapshot latest"
8488655;2026-09-16;2026;9;TRIGO PAN;SIO Granos / Secretaría de Agricultura;;Precio Hecho;Contrato;USD;TN;225;"225,00
U$S";120,00;TN;CÓRDOBASAN FRANCISCO (DPTO.;Zona 14En destino;;no;sí;2026-09-16T17:39:36;2026-09-16;"commodity no catalogado; se conserva para revisión; integración piloto una página GetOperaciones; moneda extraída explícitamente del campo precio original: USD; snapshot de últimas operaciones; no es histórico completo; observada en snapshot latest"
8488654;2026-09-16;2026;9;Maíz;SIO Granos / Secretaría de Agricultura;;Precio Hecho;Contrato;USD;TN;195;"195,00
U$S";450,00;TN;SANTIAGO DEL ESTEROCEJOLAO;Rosario SEn destino;;no;sí;2026-09-16T17:39:36;2026-09-16;"integración piloto una página GetOperaciones; moneda extraída explícitamente del campo precio original: USD; snapshot de últimas operaciones; no es histórico completo; observada en snapshot latest"
8488604;2026-09-16;2026;9;Maíz;SIO Granos / Secretaría de Agricultura;;Precio Hecho;Contrato;ARS;TN;290515;"290515,00
$";400,00;TN;CÓRDOBAOLIVA;Zona 12En destino;;no;sí;2026-09-16T17:39:36;2026-09-16;"integración piloto una página GetOperaciones; moneda extraída explícitamente del campo precio original: ARS; snapshot de últimas operaciones; no es histórico completo; observada en snapshot latest"
8488602;2026-09-16;2026;9;TRIGO PAN;SIO Granos / Secretaría de Agricultura;;Precio Hecho;Contrato;ARS;TN;410000;"410000,00
$";30,00;TN;BUENOS AIRESCHACABUCO;Zona 6En destino;;no;sí;2026-09-16T17:39:36;2026-09-16;"commodity no catalogado; se conserva para revisión; integración piloto una página GetOperaciones; moneda extraída explícitamente del campo precio original: ARS; snapshot de últimas operaciones; no es histórico completo; observada en snapshot latest"
8488601;2026-09-16;2026;9;TRIGO PAN;SIO Granos / Secretaría de Agricultura;;Precio Hecho;Contrato;ARS;TN;360000;"360000,00
$";300,00;TN;BUENOS AIRESALBERTI;Bs AsEn destino;;no;sí;2026-09-16T17:39:36;2026-09-16;"commodity no catalogado; se conserva para revisión; integración piloto una página GetOperaciones; moneda extraída explícitamente del campo precio original: ARS; snapshot de últimas operaciones; no es histórico completo; observada en snapshot latest"
8488588;2026-09-16;2026;9;TRIGO PAN;SIO Granos / Secretaría de Agricultura;;Precio Hecho;Contrato;USD;TN;230;"230,00
U$S";120,00;TN;BUENOS AIRESCARLOS CASARES;Rosario NEn destino;;no;sí;2026-09-16T17:39:36;2026-09-16;"commodity no catalogado; se conserva para revisión; integración piloto una página GetOperaciones; moneda extraída explícitamente del campo precio original: USD; snapshot de últimas operaciones; no es histórico completo; observada en snapshot latest"
8488586;2026-09-16;2026;9;TRIGO PAN;SIO Granos / Secretaría de Agricultura;;Precio Hecho;Contrato;USD;TN;230;"230,00
U$S";150,00;TN;BUENOS AIRESSAN ANTONIO DE ARECO;Rosario NEn destino;;no;sí;2026-09-16T17:39:36;2026-09-16;"commodity no catalogado; se conserva para revisión; integración piloto una página GetOperaciones; moneda extraída explícitamente del campo precio original: USD; snapshot de últimas operaciones; no es histórico completo; observada en snapshot latest"
8488580;2026-09-16;2026;9;Maíz;SIO Granos / Secretaría de Agricultura;;Precio Hecho;Contrato;USD;TN;197;"197,00
U$S";60,00;TN;CÓRDOBAARROYITO;Rosario NEn destino;;no;sí;2026-09-16T17:39:36;2026-09-16;"integración piloto una página GetOperaciones; moneda extraída explícitamente del campo precio original: USD; snapshot de últimas operaciones; no es histórico completo; observada en snapshot latest"
8488555;2026-09-16;2026;9;Soja;SIO Granos / Secretaría de Agricultura;;Precio Hecho;Contrato;ARS;TN;535680;"535680,00
$";100,00;TN;ENTRE RÍOSCHILCAS SUD;Zona 13En destino;;no;sí;2026-09-16T17:39:36;2026-09-16;"integración piloto una página GetOperaciones; moneda extraída explícitamente del campo precio original: ARS; snapshot de últimas operaciones; no es histórico completo; observada en snapshot latest"
8492266;2026-09-17;2026;9;Girasol;SIO Granos / Secretaría de Agricultura;;Precio Hecho;Contrato;USD;TN;400;"400,00
U$S";300,00;TN;BUENOS AIRESNECOCHEA;QuequenEn destino;;no;sí;2026-09-17T17:40:30;2026-09-17;"integración piloto una página GetOperaciones; moneda extraída explícitamente del campo precio original: USD; snapshot de últimas operaciones; no es histórico completo; observada en snapshot latest"
8492264;2026-09-17;2026;9;Maíz;SIO Granos / Secretaría de Agricultura;;Precio Hecho;Contrato;ARS;TN;293000;"293000,00
$";300,00;TN;BUENOS AIRESTANDIL;Zona 5En destino;;no;sí;2026-09-17T17:40:30;2026-09-17;"integración piloto una página GetOperaciones; moneda extraída explícitamente del campo precio original: ARS; snapshot de últimas operaciones; no es histórico completo; observada en snapshot latest"
8492259;2026-09-17;2026;9;Girasol;SIO Granos / Secretaría de Agricultura;;Precio Hecho;Contrato;ARS;TN;50000;"50000,00
$";29,96;TN;CHACOMIRAFLORES;Rosario NEn destino;;no;sí;2026-09-17T17:40:30;2026-09-17;"integración piloto una página GetOperaciones; moneda extraída explícitamente del campo precio original: ARS; snapshot de últimas operaciones; no es histórico completo; observada en snapshot latest"
8492258;2026-09-17;2026;9;Soja;SIO Granos / Secretaría de Agricultura;;Precio Hecho;Contrato;USD;TN;363.6;"363,60
U$S";30,00;TN;BUENOS AIRESMERCEDES;Zona 13En destino;;no;sí;2026-09-17T17:40:30;2026-09-17;"integración piloto una página GetOperaciones; moneda extraída explícitamente del campo precio original: USD; snapshot de últimas operaciones; no es histórico completo; observada en snapshot latest"
8492257;2026-09-17;2026;9;TRIGO PAN;SIO Granos / Secretaría de Agricultura;;Precio Hecho;Contrato;USD;TN;235;"235,00
U$S";250,00;TN;CÓRDOBAMONTE MAIZ;Zona 12En destino;;no;sí;2026-09-17T17:40:30;2026-09-17;"commodity no catalogado; se conserva para revisión; integración piloto una página GetOperaciones; moneda extraída explícitamente del campo precio original: USD; snapshot de últimas operaciones; no es histórico completo; observada en snapshot latest"
8492252;2026-09-17;2026;9;Maíz;SIO Granos / Secretaría de Agricultura;;Precio Hecho;Contrato;ARS;TN;280000;"280000,00
$";76,67;TN;LA PAMPACAMPO DE LOS TOROS;Zona 2En destino;;no;sí;2026-09-17T17:40:30;2026-09-17;"integración piloto una página GetOperaciones; moneda extraída explícitamente del campo precio original: ARS; snapshot de últimas operaciones; no es histórico completo; observada en snapshot latest"
8492243;2026-09-17;2026;9;Soja;SIO Granos / Secretaría de Agricultura;;Precio Hecho;Contrato;ARS;TN;565000;"565000,00
$";300,00;TN;CÓRDOBADEL CAMPILLO;Rosario SEn destino;;no;sí;2026-09-17T17:40:30;2026-09-17;"integración piloto una página GetOperaciones; moneda extraída explícitamente del campo precio original: ARS; snapshot de últimas operaciones; no es histórico completo; observada en snapshot latest"
8492242;2026-09-17;2026;9;Maíz;SIO Granos / Secretaría de Agricultura;;Precio Hecho;Contrato;ARS;TN;290000;"290000,00
$";35,62;TN;SANTA FECARMEN DEL SAUCE;Zona 6En destino;;no;sí;2026-09-17T17:40:30;2026-09-17;"integración piloto una página GetOperaciones; moneda extraída explícitamente del campo precio original: ARS; snapshot de últimas operaciones; no es histórico completo; observada en snapshot latest"
8492241;2026-09-17;2026;9;Maíz;SIO Granos / Secretaría de Agricultura;;Precio Hecho;Contrato;USD;TN;150;"150,00
U$S";150,00;TN;ENTRE RÍOSFEDERAL;Zona 12En destino;;no;sí;2026-09-17T17:40:30;2026-09-17;"integración piloto una página GetOperaciones; moneda extraída explícitamente del campo precio original: USD; snapshot de últimas operaciones; no es histórico completo; observada en snapshot latest"
8492238;2026-09-17;2026;9;Maíz;SIO Granos / Secretaría de Agricultura;;Precio Hecho;Anulación;USD;TN;175;"175,00
U$S";63,50;TN;TUCUMÁNYERBA BUENA (SIMOCA-;Zona 15En destino;;no;sí;2026-09-17T17:40:30;2026-09-17;"integración piloto una página GetOperaciones; moneda extraída explícitamente del campo precio original: USD; snapshot de últimas operaciones; no es histórico completo; observada en snapshot latest"
8492235;2026-09-17;2026;9;TRIGO PAN;SIO Granos / Secretaría de Agricultura;;Precio Hecho;Contrato;USD;TN;225;"225,00
U$S";400,00;TN;SANTA FESUNCHALES;Rosario NEn destino;;no;sí;2026-09-17T17:40:30;2026-09-17;"commodity no catalogado; se conserva para revisión; integración piloto una página GetOperaciones; moneda extraída explícitamente del campo precio original: USD; snapshot de últimas operaciones; no es histórico completo; observada en snapshot latest"
8492233;2026-09-17;2026;9;Girasol;SIO Granos / Secretaría de Agricultura;;Precio Hecho;Contrato;USD;TN;450;"450,00
U$S";60,00;TN;BUENOS AIRESJUAN N. FERNANDEZ;QuequenEn destino;;no;sí;2026-09-17T17:40:30;2026-09-17;"integración piloto una página GetOperaciones; moneda extraída explícitamente del campo precio original: USD; snapshot de últimas operaciones; no es histórico completo; observada en snapshot latest"
8492232;2026-09-17;2026;9;Girasol;SIO Granos / Secretaría de Agricultura;;Precio Hecho;Contrato;USD;TN;450;"450,00
U$S";60,00;TN;BUENOS AIRESJUAN N. FERNANDEZ;QuequenEn destino;;no;sí;2026-09-17T17:40:30;2026-09-17;"integración piloto una página GetOperaciones; moneda extraída explícitamente del campo precio original: USD; snapshot de últimas operaciones; no es histórico completo; observada en snapshot latest"
8492231;2026-09-17;2026;9;Girasol;SIO Granos / Secretaría de Agricultura;;Precio Hecho;Contrato;USD;TN;450;"450,00
U$S";150,00;TN;BUENOS AIRESLOBERIA;QuequenEn destino;;no;sí;2026-09-17T17:40:30;2026-09-17;"integración piloto una página GetOperaciones; moneda extraída explícitamente del campo precio original: USD; snapshot de últimas operaciones; no es histórico completo; observada en snapshot latest"
8492230;2026-09-17;2026;9;CEBADA FORR.;SIO Granos / Secretaría de Agricultura;;Precio Hecho;Contrato;USD;TN;220;"220,00
U$S";110,00;TN;BUENOS AIRESCORONEL PRINGLES;B.BlancaEn destino;;no;sí;2026-09-17T17:40:30;2026-09-17;"commodity no catalogado; se conserva para revisión; integración piloto una página GetOperaciones; moneda extraída explícitamente del campo precio original: USD; snapshot de últimas operaciones; no es histórico completo; observada en snapshot latest"
8495364;2026-09-18;2026;9;Soja;SIO Granos / Secretaría de Agricultura;;Precio Hecho;Contrato;ARS;TN;515200;"515200,00
$";157,12;TN;ENTRE RÍOSCHAÑAR;Zona 13En destino;;no;sí;2026-09-18T17:07:41;2026-09-18;"integración piloto una página GetOperaciones; moneda extraída explícitamente del campo precio original: ARS; snapshot de últimas operaciones; no es histórico completo; observada en snapshot latest"
8495361;2026-09-18;2026;9;TRIGO PAN;SIO Granos / Secretaría de Agricultura;;Precio Hecho;Contrato;USD;TN;230;"230,00
U$S";200,00;TN;BUENOS AIRESFORTIN OLAVARRIA;Zona 2En destino;;no;sí;2026-09-18T17:07:41;2026-09-18;"commodity no catalogado; se conserva para revisión; integración piloto una página GetOperaciones; moneda extraída explícitamente del campo precio original: USD; snapshot de últimas operaciones; no es histórico completo; observada en snapshot latest"
8495359;2026-09-18;2026;9;CEBADA FORR.;SIO Granos / Secretaría de Agricultura;;Precio Hecho;Contrato;USD;TN;210;"210,00
U$S";75,00;TN;BUENOS AIRESNECOCHEA;QuequenEn destino;;no;sí;2026-09-18T17:07:41;2026-09-18;"commodity no catalogado; se conserva para revisión; integración piloto una página GetOperaciones; moneda extraída explícitamente del campo precio original: USD; snapshot de últimas operaciones; no es histórico completo; observada en snapshot latest"
8495358;2026-09-18;2026;9;TRIGO PAN;SIO Granos / Secretaría de Agricultura;;Precio Hecho;Contrato;USD;TN;230;"230,00
U$S";5000,00;TN;SANTA FEMARIA JUANA;Rosario NEn destino;;no;sí;2026-09-18T17:07:41;2026-09-18;"commodity no catalogado; se conserva para revisión; integración piloto una página GetOperaciones; moneda extraída explícitamente del campo precio original: USD; snapshot de últimas operaciones; no es histórico completo; observada en snapshot latest"
8495357;2026-09-18;2026;9;TRIGO PAN;SIO Granos / Secretaría de Agricultura;;Precio Hecho;Contrato;USD;TN;220;"220,00
U$S";30,05;TN;BUENOS AIRESSAN NICOLAS;Rosario SEn destino;;no;sí;2026-09-18T17:07:41;2026-09-18;"commodity no catalogado; se conserva para revisión; integración piloto una página GetOperaciones; moneda extraída explícitamente del campo precio original: USD; snapshot de últimas operaciones; no es histórico completo; observada en snapshot latest"
8495355;2026-09-18;2026;9;TRIGO PAN;SIO Granos / Secretaría de Agricultura;;Precio Hecho;Contrato;USD;TN;220;"220,00
U$S";23,61;TN;BUENOS AIRESGENERAL VILLEGAS;Rosario SEn destino;;no;sí;2026-09-18T17:07:41;2026-09-18;"commodity no catalogado; se conserva para revisión; integración piloto una página GetOperaciones; moneda extraída explícitamente del campo precio original: USD; snapshot de últimas operaciones; no es histórico completo; observada en snapshot latest"
8495352;2026-09-18;2026;9;Maíz;SIO Granos / Secretaría de Agricultura;;Precio Hecho;Contrato;ARS;TN;294200;"294200,00
$";85,00;TN;SANTA FECAÑADA DE GOMEZ;Zona 15En destino;;no;sí;2026-09-18T17:07:41;2026-09-18;"integración piloto una página GetOperaciones; moneda extraída explícitamente del campo precio original: ARS; snapshot de últimas operaciones; no es histórico completo; observada en snapshot latest"
8495351;2026-09-18;2026;9;Sorgo;SIO Granos / Secretaría de Agricultura;;Precio Hecho;Contrato;USD;TN;195;"195,00
U$S";349,38;TN;LA PAMPACATRILO;Rosario NEn destino;;no;sí;2026-09-18T17:07:41;2026-09-18;"integración piloto una página GetOperaciones; moneda extraída explícitamente del campo precio original: USD; snapshot de últimas operaciones; no es histórico completo; observada en snapshot latest"
8495350;2026-09-18;2026;9;Sorgo;SIO Granos / Secretaría de Agricultura;;Precio Hecho;Contrato;USD;TN;195;"195,00
U$S";30,00;TN;SANTA FEPILAR;Rosario NEn destino;;no;sí;2026-09-18T17:07:41;2026-09-18;"integración piloto una página GetOperaciones; moneda extraída explícitamente del campo precio original: USD; snapshot de últimas operaciones; no es histórico completo; observada en snapshot latest"
8495349;2026-09-18;2026;9;TRIGO PAN;SIO Granos / Secretaría de Agricultura;;Precio Hecho;Contrato;ARS;TN;330000;"330000,00
$";70,00;TN;CÓRDOBAHERNANDO;CordobaEn destino;;no;sí;2026-09-18T17:07:41;2026-09-18;"commodity no catalogado; se conserva para revisión; integración piloto una página GetOperaciones; moneda extraída explícitamente del campo precio original: ARS; snapshot de últimas operaciones; no es histórico completo; observada en snapshot latest"
8495348;2026-09-18;2026;9;TRIGO PAN;SIO Granos / Secretaría de Agricultura;;Precio Hecho;Contrato;ARS;TN;330000;"330000,00
$";35,00;TN;CÓRDOBAHERNANDO;CordobaEn destino;;no;sí;2026-09-18T17:07:41;2026-09-18;"commodity no catalogado; se conserva para revisión; integración piloto una página GetOperaciones; moneda extraída explícitamente del campo precio original: ARS; snapshot de últimas operaciones; no es histórico completo; observada en snapshot latest"
8495343;2026-09-18;2026;9;Soja;SIO Granos / Secretaría de Agricultura;;Precio Hecho;Contrato;ARS;TN;570000;"570000,00
$";69,77;TN;CÓRDOBARIO CUARTO;Zona 9En destino;;no;sí;2026-09-18T17:07:41;2026-09-18;"integración piloto una página GetOperaciones; moneda extraída explícitamente del campo precio original: ARS; snapshot de últimas operaciones; no es histórico completo; observada en snapshot latest"
8495315;2026-09-18;2026;9;TRIGO PAN;SIO Granos / Secretaría de Agricultura;;Precio Hecho;Contrato;USD;TN;235;"235,00
U$S";120,00;TN;BUENOS AIRESTANDIL;QuequenEn destino;;no;sí;2026-09-18T17:07:41;2026-09-18;"commodity no catalogado; se conserva para revisión; integración piloto una página GetOperaciones; moneda extraída explícitamente del campo precio original: USD; snapshot de últimas operaciones; no es histórico completo; observada en snapshot latest"
8495314;2026-09-18;2026;9;TRIGO PAN;SIO Granos / Secretaría de Agricultura;;Precio Hecho;Contrato;ARS;TN;330000;"330000,00
$";29,45;TN;CÓRDOBADESPEÑADEROS;CordobaEn origen;;no;sí;2026-09-18T17:07:41;2026-09-18;"commodity no catalogado; se conserva para revisión; integración piloto una página GetOperaciones; moneda extraída explícitamente del campo precio original: ARS; snapshot de últimas operaciones; no es histórico completo; observada en snapshot latest"
8495309;2026-09-18;2026;9;Maíz;SIO Granos / Secretaría de Agricultura;;Precio Hecho;Contrato;ARS;TN;244170;"244170,00
$";144,50;TN;SALTAGENERAL ENRIQUE MOSC;Zona 17En destino;;no;sí;2026-09-18T17:07:41;2026-09-18;"integración piloto una página GetOperaciones; moneda extraída explícitamente del campo precio original: ARS; snapshot de últimas operaciones; no es histórico completo; observada en snapshot latest"
8497017;2026-09-19;2026;9;TRIGO PAN;SIO Granos / Secretaría de Agricultura;;Precio Hecho;Contrato;ARS;TN;215250;"215250,00
$";345,09;TN;CHACOPAMPA DEL INFIERNO;Zona 17En origen;;no;sí;2026-09-19T16:36:17;2026-09-19;"commodity no catalogado; se conserva para revisión; integración piloto una página GetOperaciones; moneda extraída explícitamente del campo precio original: ARS; snapshot de últimas operaciones; no es histórico completo; observada en snapshot latest"
8497016;2026-09-19;2026;9;Soja;SIO Granos / Secretaría de Agricultura;;Precio Hecho;Contrato;ARS;TN;540000;"540000,00
$";60,00;TN;CÓRDOBALABOULAYE;Zona 8En destino;;no;sí;2026-09-19T16:36:17;2026-09-19;"integración piloto una página GetOperaciones; moneda extraída explícitamente del campo precio original: ARS; snapshot de últimas operaciones; no es histórico completo; observada en snapshot latest"
8497014;2026-09-19;2026;9;Maíz;SIO Granos / Secretaría de Agricultura;;Precio Hecho;Contrato;ARS;TN;206000;"206000,00
$";150,00;TN;SANTIAGO DEL ESTERONUEVA ESPERANZA (DPT;Zona 13En origen;;no;sí;2026-09-19T16:36:17;2026-09-19;"integración piloto una página GetOperaciones; moneda extraída explícitamente del campo precio original: ARS; snapshot de últimas operaciones; no es histórico completo; observada en snapshot latest"
8497012;2026-09-19;2026;9;Soja;SIO Granos / Secretaría de Agricultura;;Precio Hecho;Contrato;ARS;TN;540000;"540000,00
$";60,00;TN;CÓRDOBALABOULAYE;Zona 8En destino;;no;sí;2026-09-19T16:36:17;2026-09-19;"integración piloto una página GetOperaciones; moneda extraída explícitamente del campo precio original: ARS; snapshot de últimas operaciones; no es histórico completo; observada en snapshot latest"
8497009;2026-09-19;2026;9;TRIGO PAN;SIO Granos / Secretaría de Agricultura;;Precio Hecho;Contrato;ARS;TN;310000;"310000,00
$";170,00;TN;BUENOS AIRESMOLL;Zona 6En destino;;no;sí;2026-09-19T16:36:17;2026-09-19;"commodity no catalogado; se conserva para revisión; integración piloto una página GetOperaciones; moneda extraída explícitamente del campo precio original: ARS; snapshot de últimas operaciones; no es histórico completo; observada en snapshot latest"
8496997;2026-09-19;2026;9;Maíz;SIO Granos / Secretaría de Agricultura;;Precio Hecho;Contrato;ARS;TN;295000;"295000,00
$";30,00;TN;SANTA FEMARCELINO ESCALADA;Zona 14En destino;;no;sí;2026-09-19T16:36:17;2026-09-19;"integración piloto una página GetOperaciones; moneda extraída explícitamente del campo precio original: ARS; snapshot de últimas operaciones; no es histórico completo; observada en snapshot latest"
8496996;2026-09-19;2026;9;Maíz;SIO Granos / Secretaría de Agricultura;;Precio Hecho;Contrato;ARS;TN;295000;"295000,00
$";35,00;TN;SANTA FESAN JORGE;Zona 14En destino;;no;sí;2026-09-19T16:36:17;2026-09-19;"integración piloto una página GetOperaciones; moneda extraída explícitamente del campo precio original: ARS; snapshot de últimas operaciones; no es histórico completo; observada en snapshot latest"
8496995;2026-09-19;2026;9;Maíz;SIO Granos / Secretaría de Agricultura;;Precio Hecho;Contrato;ARS;TN;295000;"295000,00
$";90,00;TN;CÓRDOBAVILLA DEL ROSARIO;Zona 14En destino;;no;sí;2026-09-19T16:36:17;2026-09-19;"integración piloto una página GetOperaciones; moneda extraída explícitamente del campo precio original: ARS; snapshot de últimas operaciones; no es histórico completo; observada en snapshot latest"
8496993;2026-09-19;2026;9;Soja;SIO Granos / Secretaría de Agricultura;;Precio Hecho;Contrato;ARS;TN;543000;"543000,00
$";30,00;TN;ENTRE RÍOSHERNANDEZ;Zona 13En destino;;no;sí;2026-09-19T16:36:17;2026-09-19;"integración piloto una página GetOperaciones; moneda extraída explícitamente del campo precio original: ARS; snapshot de últimas operaciones; no es histórico completo; observada en snapshot latest"
8496992;2026-09-19;2026;9;Soja;SIO Granos / Secretaría de Agricultura;;Precio Hecho;Contrato;ARS;TN;520800;"520800,00
$";30,00;TN;ENTRE RÍOSRINCON DEL DOLL;Zona 13En destino;;no;sí;2026-09-19T16:36:17;2026-09-19;"integración piloto una página GetOperaciones; moneda extraída explícitamente del campo precio original: ARS; snapshot de últimas operaciones; no es histórico completo; observada en snapshot latest"
8496989;2026-09-19;2026;9;Maíz;SIO Granos / Secretaría de Agricultura;;Precio Hecho;Contrato;ARS;TN;285000;"285000,00
$";90,00;TN;BUENOS AIRESALBERTI;Zona 6En destino;;no;sí;2026-09-19T16:36:17;2026-09-19;"integración piloto una página GetOperaciones; moneda extraída explícitamente del campo precio original: ARS; snapshot de últimas operaciones; no es histórico completo; observada en snapshot latest"
8496988;2026-09-19;2026;9;Maíz;SIO Granos / Secretaría de Agricultura;;Precio Hecho;Contrato;ARS;TN;287000;"287000,00
$";180,00;TN;BUENOS AIRESALBERTI;Zona 5En destino;;no;sí;2026-09-19T16:36:17;2026-09-19;"integración piloto una página GetOperaciones; moneda extraída explícitamente del campo precio original: ARS; snapshot de últimas operaciones; no es histórico completo; observada en snapshot latest"
8496987;2026-09-19;2026;9;Soja;SIO Granos / Secretaría de Agricultura;;Precio Hecho;Contrato;USD;TN;360;"360,00
U$S";300,00;TN;BUENOS AIRES25 DE MAYO;Zona 6En destino;;no;sí;2026-09-19T16:36:17;2026-09-19;"integración piloto una página GetOperaciones; moneda extraída explícitamente del campo precio original: USD; snapshot de últimas operaciones; no es histórico completo; observada en snapshot latest"
8496986;2026-09-19;2026;9;TRIGO PAN;SIO Granos / Secretaría de Agricultura;;Precio Hecho;Contrato;ARS;TN;330000;"330000,00
$";300,00;TN;BUENOS AIRESBRAGADO;Zona 6En destino;;no;sí;2026-09-19T16:36:17;2026-09-19;"commodity no catalogado; se conserva para revisión; integración piloto una página GetOperaciones; moneda extraída explícitamente del campo precio original: ARS; snapshot de últimas operaciones; no es histórico completo; observada en snapshot latest"
8496979;2026-09-19;2026;9;TRIGO PAN;SIO Granos / Secretaría de Agricultura;;Precio Hecho;Contrato;ARS;TN;323976;"323975,70
$";163,24;TN;CÓRDOBALAS VARAS;Zona 8En destino;;no;sí;2026-09-19T16:36:17;2026-09-19;"commodity no catalogado; se conserva para revisión; integración piloto una página GetOperaciones; moneda extraída explícitamente del campo precio original: ARS; snapshot de últimas operaciones; no es histórico completo; observada en snapshot latest"
8498317;2026-09-21;2026;9;Soja;SIO Granos / Secretaría de Agricultura;;Precio Hecho;Contrato;USD;TN;375;"375,00
U$S";240,00;TN;ENTRE RÍOSVICTORIA;Rosario SEn destino;;no;sí;2026-09-21T18:49:35;2026-09-21;"integración piloto una página GetOperaciones; moneda extraída explícitamente del campo precio original: USD; snapshot de últimas operaciones; no es histórico completo; observada en snapshot latest"
8498316;2026-09-21;2026;9;Maíz;SIO Granos / Secretaría de Agricultura;;Precio Hecho;Rectificación;USD;TN;195;"195,00
U$S";30,00;TN;SANTA FECLUCELLAS;Rosario NEn destino;;no;sí;2026-09-21T18:49:35;2026-09-21;"integración piloto una página GetOperaciones; moneda extraída explícitamente del campo precio original: USD; snapshot de últimas operaciones; no es histórico completo; observada en snapshot latest"
8498315;2026-09-21;2026;9;TRIGO PAN;SIO Granos / Secretaría de Agricultura;;Precio Hecho;Contrato;USD;TN;210;"210,00
U$S";60,00;TN;TUCUMÁNGOBERNADOR GARMENDIA;Zona 16En destino;;no;sí;2026-09-21T18:49:35;2026-09-21;"commodity no catalogado; se conserva para revisión; integración piloto una página GetOperaciones; moneda extraída explícitamente del campo precio original: USD; snapshot de últimas operaciones; no es histórico completo; observada en snapshot latest"
8498314;2026-09-21;2026;9;Maíz;SIO Granos / Secretaría de Agricultura;;Precio Hecho;Rectificación;USD;TN;195;"195,00
U$S";60,00;TN;SANTA FELAS PETACAS;Rosario NEn destino;;no;sí;2026-09-21T18:49:35;2026-09-21;"integración piloto una página GetOperaciones; moneda extraída explícitamente del campo precio original: USD; snapshot de últimas operaciones; no es histórico completo; observada en snapshot latest"
8498313;2026-09-21;2026;9;TRIGO PAN;SIO Granos / Secretaría de Agricultura;;Precio Hecho;Contrato;ARS;TN;345000;"345000,00
$";400,00;TN;CÓRDOBASAN BASILIO;Zona 9En destino;;no;sí;2026-09-21T18:49:35;2026-09-21;"commodity no catalogado; se conserva para revisión; integración piloto una página GetOperaciones; moneda extraída explícitamente del campo precio original: ARS; snapshot de últimas operaciones; no es histórico completo; observada en snapshot latest"
8498310;2026-09-21;2026;9;TRIGO PAN;SIO Granos / Secretaría de Agricultura;;Precio Hecho;Contrato;USD;TN;220;"220,00
U$S";40,00;TN;LA PAMPAINTENDENTE ALVEAR;Zona 7En destino;;no;sí;2026-09-21T18:49:35;2026-09-21;"commodity no catalogado; se conserva para revisión; integración piloto una página GetOperaciones; moneda extraída explícitamente del campo precio original: USD; snapshot de últimas operaciones; no es histórico completo; observada en snapshot latest"
8498307;2026-09-21;2026;9;Soja;SIO Granos / Secretaría de Agricultura;;Precio Hecho;Contrato;USD;TN;360;"360,00
U$S";90,00;TN;BUENOS AIRESGENERAL LAMADRID;B.BlancaEn destino;;no;sí;2026-09-21T18:49:35;2026-09-21;"integración piloto una página GetOperaciones; moneda extraída explícitamente del campo precio original: USD; snapshot de últimas operaciones; no es histórico completo; observada en snapshot latest"
8498305;2026-09-21;2026;9;Soja;SIO Granos / Secretaría de Agricultura;;Precio Hecho;Contrato;USD;TN;360;"360,00
U$S";30,00;TN;BUENOS AIRESOLAVARRIA;QuequenEn destino;;no;sí;2026-09-21T18:49:35;2026-09-21;"integración piloto una página GetOperaciones; moneda extraída explícitamente del campo precio original: USD; snapshot de últimas operaciones; no es histórico completo; observada en snapshot latest"
8498303;2026-09-21;2026;9;Soja;SIO Granos / Secretaría de Agricultura;;Precio Hecho;Contrato;USD;TN;360;"360,00
U$S";150,00;TN;BUENOS AIRESCORONEL SUAREZ;B.BlancaEn destino;;no;sí;2026-09-21T18:49:35;2026-09-21;"integración piloto una página GetOperaciones; moneda extraída explícitamente del campo precio original: USD; snapshot de últimas operaciones; no es histórico completo; observada en snapshot latest"
8498301;2026-09-21;2026;9;TRIGO PAN;SIO Granos / Secretaría de Agricultura;;Precio Hecho;Contrato;ARS;TN;320000;"320000,00
$";30,00;TN;CÓRDOBAGUATIMOZIN;Zona 8En destino;;no;sí;2026-09-21T18:49:35;2026-09-21;"commodity no catalogado; se conserva para revisión; integración piloto una página GetOperaciones; moneda extraída explícitamente del campo precio original: ARS; snapshot de últimas operaciones; no es histórico completo; observada en snapshot latest"
8498291;2026-09-21;2026;9;TRIGO PAN;SIO Granos / Secretaría de Agricultura;;Precio Hecho;Contrato;ARS;TN;420000;"420000,00
$";210,00;TN;BUENOS AIRESLA VIOLETA;Zona 6En destino;;no;sí;2026-09-21T18:49:35;2026-09-21;"commodity no catalogado; se conserva para revisión; integración piloto una página GetOperaciones; moneda extraída explícitamente del campo precio original: ARS; snapshot de últimas operaciones; no es histórico completo; observada en snapshot latest"
8498290;2026-09-21;2026;9;Maíz;SIO Granos / Secretaría de Agricultura;;Precio Hecho;Contrato;USD;TN;199;"199,00
U$S";5500,00;TN;BUENOS AIRESARRECIFES;Zona 6En destino;;no;sí;2026-09-21T18:49:35;2026-09-21;"integración piloto una página GetOperaciones; moneda extraída explícitamente del campo precio original: USD; snapshot de últimas operaciones; no es histórico completo; observada en snapshot latest"
8498288;2026-09-21;2026;9;Maíz;SIO Granos / Secretaría de Agricultura;;Precio Hecho;Contrato;USD;TN;200;"200,00
U$S";100,00;TN;SANTA FELUIS PALACIOS;Rosario NEn destino;;no;sí;2026-09-21T18:49:35;2026-09-21;"integración piloto una página GetOperaciones; moneda extraída explícitamente del campo precio original: USD; snapshot de últimas operaciones; no es histórico completo; observada en snapshot latest"
8498286;2026-09-21;2026;9;Maíz;SIO Granos / Secretaría de Agricultura;;Precio Hecho;Contrato;USD;TN;195;"195,00
U$S";337,40;TN;SANTA FEGODOY;Rosario SEn destino;;no;sí;2026-09-21T18:49:35;2026-09-21;"integración piloto una página GetOperaciones; moneda extraída explícitamente del campo precio original: USD; snapshot de últimas operaciones; no es histórico completo; observada en snapshot latest"
8498285;2026-09-21;2026;9;Maíz;SIO Granos / Secretaría de Agricultura;;Precio Hecho;Contrato;ARS;TN;226344;"226344,00
$";41,31;TN;CÓRDOBACANDELARIA (TOTORAL);Rosario SEn destino;;no;sí;2026-09-21T18:49:35;2026-09-21;"integración piloto una página GetOperaciones; moneda extraída explícitamente del campo precio original: ARS; snapshot de últimas operaciones; no es histórico completo; observada en snapshot latest"
8501435;2026-09-22;2026;9;Maíz;SIO Granos / Secretaría de Agricultura;;Precio Hecho;Contrato;USD;TN;210;"210,00
U$S";500,00;TN;SANTA FELUIS PALACIOS;Rosario NEn destino;;no;sí;2026-09-22T17:40:31;2026-09-22;"integración piloto una página GetOperaciones; moneda extraída explícitamente del campo precio original: USD; snapshot de últimas operaciones; no es histórico completo; observada en snapshot latest"
8501428;2026-09-22;2026;9;Maíz;SIO Granos / Secretaría de Agricultura;;Precio Hecho;Contrato;USD;TN;125.98;"125,98
U$S";68,48;TN;TUCUMÁNBURRUYACU;Zona 15En origen;;no;sí;2026-09-22T17:40:31;2026-09-22;"integración piloto una página GetOperaciones; moneda extraída explícitamente del campo precio original: USD; snapshot de últimas operaciones; no es histórico completo; observada en snapshot latest"
8501427;2026-09-22;2026;9;Maíz;SIO Granos / Secretaría de Agricultura;;Precio Hecho;Contrato;USD;TN;210;"210,00
U$S";270,00;TN;SANTA FETEODELINA;Rosario NEn destino;;no;sí;2026-09-22T17:40:31;2026-09-22;"integración piloto una página GetOperaciones; moneda extraída explícitamente del campo precio original: USD; snapshot de últimas operaciones; no es histórico completo; observada en snapshot latest"
8501426;2026-09-22;2026;9;Girasol;SIO Granos / Secretaría de Agricultura;;Precio Hecho;Contrato;USD;TN;400;"400,00
U$S";60,00;TN;BUENOS AIRESBENITO JUAREZ;QuequenEn destino;;no;sí;2026-09-22T17:40:31;2026-09-22;"integración piloto una página GetOperaciones; moneda extraída explícitamente del campo precio original: USD; snapshot de últimas operaciones; no es histórico completo; observada en snapshot latest"
8501425;2026-09-22;2026;9;Maíz;SIO Granos / Secretaría de Agricultura;;Precio Hecho;Contrato;USD;TN;210;"210,00
U$S";400,00;TN;SANTA FETEODELINA;Zona 6En destino;;no;sí;2026-09-22T17:40:31;2026-09-22;"integración piloto una página GetOperaciones; moneda extraída explícitamente del campo precio original: USD; snapshot de últimas operaciones; no es histórico completo; observada en snapshot latest"
8501414;2026-09-22;2026;9;Maíz;SIO Granos / Secretaría de Agricultura;;Precio Hecho;Contrato;ARS;TN;301000;"301000,00
$";259,23;TN;SAN LUISJUSTO DARACT;Zona 10En destino;;no;sí;2026-09-22T17:40:31;2026-09-22;"integración piloto una página GetOperaciones; moneda extraída explícitamente del campo precio original: ARS; snapshot de últimas operaciones; no es histórico completo; observada en snapshot latest"
8501389;2026-09-22;2026;9;Soja;SIO Granos / Secretaría de Agricultura;;Precio Hecho;Contrato;ARS;TN;492000;"492000,00
$";300,00;TN;TUCUMÁNLOS PEREYRA;Rosario NEn origen;;no;sí;2026-09-22T17:40:31;2026-09-22;"integración piloto una página GetOperaciones; moneda extraída explícitamente del campo precio original: ARS; snapshot de últimas operaciones; no es histórico completo; observada en snapshot latest"
8501388;2026-09-22;2026;9;Girasol;SIO Granos / Secretaría de Agricultura;;Precio Hecho;Contrato;USD;TN;400;"400,00
U$S";60,00;TN;BUENOS AIRESBENITO JUAREZ;QuequenEn destino;;no;sí;2026-09-22T17:40:31;2026-09-22;"integración piloto una página GetOperaciones; moneda extraída explícitamente del campo precio original: USD; snapshot de últimas operaciones; no es histórico completo; observada en snapshot latest"
8501383;2026-09-22;2026;9;TRIGO PAN;SIO Granos / Secretaría de Agricultura;;Precio Hecho;Contrato;USD;TN;225;"225,00
U$S";392,83;TN;LA PAMPABERNARDO LARROUDE;Rosario SEn destino;;no;sí;2026-09-22T17:40:31;2026-09-22;"commodity no catalogado; se conserva para revisión; integración piloto una página GetOperaciones; moneda extraída explícitamente del campo precio original: USD; snapshot de últimas operaciones; no es histórico completo; observada en snapshot latest"
8501382;2026-09-22;2026;9;Maíz;SIO Granos / Secretaría de Agricultura;;Precio Hecho;Contrato;USD;TN;205;"205,00
U$S";60,00;TN;"SANTA FEHUMBERTO I""";Rosario NEn destino;;no;sí;2026-09-22T17:40:31;2026-09-22;"integración piloto una página GetOperaciones; moneda extraída explícitamente del campo precio original: USD; snapshot de últimas operaciones; no es histórico completo; observada en snapshot latest"
8501380;2026-09-22;2026;9;Maíz;SIO Granos / Secretaría de Agricultura;;Precio Hecho;Contrato;USD;TN;195;"195,00
U$S";1500,00;TN;SANTA FEVENADO TUERTO;Rosario SEn destino;;no;sí;2026-09-22T17:40:31;2026-09-22;"integración piloto una página GetOperaciones; moneda extraída explícitamente del campo precio original: USD; snapshot de últimas operaciones; no es histórico completo; observada en snapshot latest"
8501373;2026-09-22;2026;9;Soja;SIO Granos / Secretaría de Agricultura;;Precio Hecho;Contrato;USD;TN;378;"378,00
U$S";60,00;TN;SANTA FESAN GUILLERMO (DPTO.;Rosario NEn destino;;no;sí;2026-09-22T17:40:31;2026-09-22;"integración piloto una página GetOperaciones; moneda extraída explícitamente del campo precio original: USD; snapshot de últimas operaciones; no es histórico completo; observada en snapshot latest"
8501370;2026-09-22;2026;9;Maíz;SIO Granos / Secretaría de Agricultura;;Precio Hecho;Contrato;USD;TN;210;"210,00
U$S";500,00;TN;CÓRDOBAMONTE BUEY;Rosario NEn destino;;no;sí;2026-09-22T17:40:31;2026-09-22;"integración piloto una página GetOperaciones; moneda extraída explícitamente del campo precio original: USD; snapshot de últimas operaciones; no es histórico completo; observada en snapshot latest"
8501371;2026-09-22;2026;9;TRIGO PAN;SIO Granos / Secretaría de Agricultura;;Precio Hecho;Contrato;ARS;TN;330000;"330000,00
$";210,00;TN;BUENOS AIRESCHACABUCO;Zona 6En destino;;no;sí;2026-09-22T17:40:31;2026-09-22;"commodity no catalogado; se conserva para revisión; integración piloto una página GetOperaciones; moneda extraída explícitamente del campo precio original: ARS; snapshot de últimas operaciones; no es histórico completo; observada en snapshot latest"
8501369;2026-09-22;2026;9;Maíz;SIO Granos / Secretaría de Agricultura;;Precio Hecho;Contrato;USD;TN;212;"212,00
U$S";150,00;TN;SANTA FECASILDA;Rosario NEn destino;;no;sí;2026-09-22T17:40:31;2026-09-22;"integración piloto una página GetOperaciones; moneda extraída explícitamente del campo precio original: USD; snapshot de últimas operaciones; no es histórico completo; observada en snapshot latest"
8504754;2026-09-23;2026;9;Soja;SIO Granos / Secretaría de Agricultura;;Precio Hecho;Contrato;USD;TN;428.24;"428,24
U$S";29,24;TN;SANTIAGO DEL ESTERORAPELLI;Rosario SEn destino;;no;sí;2026-09-23T17:53:07;2026-09-23;"integración piloto una página GetOperaciones; moneda extraída explícitamente del campo precio original: USD; snapshot de últimas operaciones; no es histórico completo; observada en snapshot latest"
8504744;2026-09-23;2026;9;Soja;SIO Granos / Secretaría de Agricultura;;Precio Hecho;Contrato;ARS;TN;515400;"515400,00
$";30,78;TN;ENTRE RÍOSQUEBRACHO (DPTO. PAR;Zona 18En origen;;no;sí;2026-09-23T17:53:07;2026-09-23;"integración piloto una página GetOperaciones; moneda extraída explícitamente del campo precio original: ARS; snapshot de últimas operaciones; no es histórico completo; observada en snapshot latest"
8504739;2026-09-23;2026;9;Maíz;SIO Granos / Secretaría de Agricultura;;Precio Hecho;Rectificación;ARS;TN;283575;"283575,00
$";100,00;TN;SANTA FEDESVIO ARIJON;Zona 14En destino;;no;sí;2026-09-23T17:53:07;2026-09-23;"integración piloto una página GetOperaciones; moneda extraída explícitamente del campo precio original: ARS; snapshot de últimas operaciones; no es histórico completo; observada en snapshot latest"
8504734;2026-09-23;2026;9;TRIGO PAN;SIO Granos / Secretaría de Agricultura;;Precio Hecho;Rectificación;ARS;TN;398072;"398072,50
$";70,04;TN;SANTA FECOLONIA DURAN;Zona 14En destino;;no;sí;2026-09-23T17:53:07;2026-09-23;"commodity no catalogado; se conserva para revisión; integración piloto una página GetOperaciones; moneda extraída explícitamente del campo precio original: ARS; snapshot de últimas operaciones; no es histórico completo; observada en snapshot latest"
8504732;2026-09-23;2026;9;TRIGO PAN;SIO Granos / Secretaría de Agricultura;;Precio Hecho;Rectificación;ARS;TN;335766;"335765,50
$";100,00;TN;SANTA FESAUCE VIEJO;Zona 14En destino;;no;sí;2026-09-23T17:53:07;2026-09-23;"commodity no catalogado; se conserva para revisión; integración piloto una página GetOperaciones; moneda extraída explícitamente del campo precio original: ARS; snapshot de últimas operaciones; no es histórico completo; observada en snapshot latest"
8504730;2026-09-23;2026;9;TRIGO PAN;SIO Granos / Secretaría de Agricultura;;Precio Hecho;Rectificación;ARS;TN;346150;"346150,00
$";250,00;TN;SANTA FESAN JERONIMO NORTE;Zona 14En destino;;no;sí;2026-09-23T17:53:07;2026-09-23;"commodity no catalogado; se conserva para revisión; integración piloto una página GetOperaciones; moneda extraída explícitamente del campo precio original: ARS; snapshot de últimas operaciones; no es histórico completo; observada en snapshot latest"
8504725;2026-09-23;2026;9;Maíz;SIO Granos / Secretaría de Agricultura;;Precio Hecho;Contrato;USD;TN;150;"150,00
U$S";172,78;TN;CHACOPAMPA DEL INFIERNO;Zona 15En destino;;no;sí;2026-09-23T17:53:07;2026-09-23;"integración piloto una página GetOperaciones; moneda extraída explícitamente del campo precio original: USD; snapshot de últimas operaciones; no es histórico completo; observada en snapshot latest"
8504724;2026-09-23;2026;9;Soja;SIO Granos / Secretaría de Agricultura;;Precio Hecho;Contrato;ARS;TN;510000;"510000,00
$";450,00;TN;CHACOPAMPA DEL INFIERNO;Zona 17En destino;;no;sí;2026-09-23T17:53:07;2026-09-23;"integración piloto una página GetOperaciones; moneda extraída explícitamente del campo precio original: ARS; snapshot de últimas operaciones; no es histórico completo; observada en snapshot latest"
8504711;2026-09-23;2026;9;Maíz;SIO Granos / Secretaría de Agricultura;;Precio Hecho;Contrato;ARS;TN;298500;"298500,00
$";22,60;TN;SANTA FECARMEN DEL SAUCE;Rosario SEn destino;;no;sí;2026-09-23T17:53:07;2026-09-23;"integración piloto una página GetOperaciones; moneda extraída explícitamente del campo precio original: ARS; snapshot de últimas operaciones; no es histórico completo; observada en snapshot latest"
8504709;2026-09-23;2026;9;TRIGO PAN;SIO Granos / Secretaría de Agricultura;;Precio Hecho;Contrato;ARS;TN;346150;"346150,00
$";250,00;TN;SANTA FESAN JERONIMO NORTE;Zona 14En destino;;no;sí;2026-09-23T17:53:07;2026-09-23;"commodity no catalogado; se conserva para revisión; integración piloto una página GetOperaciones; moneda extraída explícitamente del campo precio original: ARS; snapshot de últimas operaciones; no es histórico completo; observada en snapshot latest"
8504708;2026-09-23;2026;9;TRIGO PAN;SIO Granos / Secretaría de Agricultura;;Precio Hecho;Contrato;ARS;TN;335766;"335765,50
$";100,00;TN;SANTA FESAUCE VIEJO;Zona 14En destino;;no;sí;2026-09-23T17:53:07;2026-09-23;"commodity no catalogado; se conserva para revisión; integración piloto una página GetOperaciones; moneda extraída explícitamente del campo precio original: ARS; snapshot de últimas operaciones; no es histórico completo; observada en snapshot latest"
8504707;2026-09-23;2026;9;TRIGO PAN;SIO Granos / Secretaría de Agricultura;;Precio Hecho;Contrato;ARS;TN;398072;"398072,50
$";70,04;TN;SANTA FECOLONIA DURAN;Zona 14En destino;;no;sí;2026-09-23T17:53:07;2026-09-23;"commodity no catalogado; se conserva para revisión; integración piloto una página GetOperaciones; moneda extraída explícitamente del campo precio original: ARS; snapshot de últimas operaciones; no es histórico completo; observada en snapshot latest"
8504706;2026-09-23;2026;9;Maíz;SIO Granos / Secretaría de Agricultura;;Precio Hecho;Contrato;ARS;TN;298500;"298500,00
$";24,78;TN;CÓRDOBAVILLA HUIDOBRO;Zona 12En destino;;no;sí;2026-09-23T17:53:07;2026-09-23;"integración piloto una página GetOperaciones; moneda extraída explícitamente del campo precio original: ARS; snapshot de últimas operaciones; no es histórico completo; observada en snapshot latest"
8504704;2026-09-23;2026;9;Maíz;SIO Granos / Secretaría de Agricultura;;Precio Hecho;Contrato;ARS;TN;283575;"283575,00
$";100,00;TN;SANTA FEDESVIO ARIJON;Zona 14En destino;;no;sí;2026-09-23T17:53:07;2026-09-23;"integración piloto una página GetOperaciones; moneda extraída explícitamente del campo precio original: ARS; snapshot de últimas operaciones; no es histórico completo; observada en snapshot latest"
8504701;2026-09-23;2026;9;Girasol;SIO Granos / Secretaría de Agricultura;;Precio Hecho;Contrato;USD;TN;470;"470,00
U$S";100,00;TN;BUENOS AIRESPELLEGRINI;Rosario NEn origen;;no;sí;2026-09-23T17:53:07;2026-09-23;"integración piloto una página GetOperaciones; moneda extraída explícitamente del campo precio original: USD; snapshot de últimas operaciones; no es histórico completo; observada en snapshot latest"
8507809;2026-09-24;2026;9;Maíz;SIO Granos / Secretaría de Agricultura;;Precio Hecho;Contrato;ARS;TN;295400;"295400,00
$";5000,00;TN;SANTA FEROSARIO;Rosario NEn destino;;no;sí;2026-09-24T17:53:34;2026-09-24;"integración piloto una página GetOperaciones; moneda extraída explícitamente del campo precio original: ARS; snapshot de últimas operaciones; no es histórico completo; observada en snapshot latest"
8507807;2026-09-24;2026;9;Soja;SIO Granos / Secretaría de Agricultura;;Precio Hecho;Contrato;ARS;TN;560000;"560000,00
$";5000,00;TN;SANTA FEROSARIO;Rosario NEn destino;;no;sí;2026-09-24T17:53:34;2026-09-24;"integración piloto una página GetOperaciones; moneda extraída explícitamente del campo precio original: ARS; snapshot de últimas operaciones; no es histórico completo; observada en snapshot latest"
8507808;2026-09-24;2026;9;TRIGO PAN;SIO Granos / Secretaría de Agricultura;;Precio Hecho;Contrato;ARS;TN;360000;"360000,00
$";90,00;TN;BUENOS AIRESROJAS;Zona 6En destino;;no;sí;2026-09-24T17:53:34;2026-09-24;"commodity no catalogado; se conserva para revisión; integración piloto una página GetOperaciones; moneda extraída explícitamente del campo precio original: ARS; snapshot de últimas operaciones; no es histórico completo; observada en snapshot latest"
8507804;2026-09-24;2026;9;TRIGO PAN;SIO Granos / Secretaría de Agricultura;;Precio Hecho;Contrato;ARS;TN;360000;"360000,00
$";60,00;TN;BUENOS AIRESSALTO;Zona 6En destino;;no;sí;2026-09-24T17:53:34;2026-09-24;"commodity no catalogado; se conserva para revisión; integración piloto una página GetOperaciones; moneda extraída explícitamente del campo precio original: ARS; snapshot de últimas operaciones; no es histórico completo; observada en snapshot latest"
8507801;2026-09-24;2026;9;Soja;SIO Granos / Secretaría de Agricultura;;Precio Hecho;Rectificación;USD;TN;365;"365,00
U$S";60,00;TN;BUENOS AIRESCHILLAR;QuequenEn destino;;no;sí;2026-09-24T17:53:34;2026-09-24;"integración piloto una página GetOperaciones; moneda extraída explícitamente del campo precio original: USD; snapshot de últimas operaciones; no es histórico completo; observada en snapshot latest"
8507800;2026-09-24;2026;9;Maíz;SIO Granos / Secretaría de Agricultura;;Precio Hecho;Contrato;USD;TN;195;"195,00
U$S";30,00;TN;SANTA FEARMSTRONG;Rosario NEn destino;;no;sí;2026-09-24T17:53:34;2026-09-24;"integración piloto una página GetOperaciones; moneda extraída explícitamente del campo precio original: USD; snapshot de últimas operaciones; no es histórico completo; observada en snapshot latest"
8507799;2026-09-24;2026;9;TRIGO PAN;SIO Granos / Secretaría de Agricultura;;Precio Hecho;Contrato;ARS;TN;340000;"340000,00
$";3000,00;TN;BUENOS AIRESROJAS;Zona 6En destino;;no;sí;2026-09-24T17:53:34;2026-09-24;"commodity no catalogado; se conserva para revisión; integración piloto una página GetOperaciones; moneda extraída explícitamente del campo precio original: ARS; snapshot de últimas operaciones; no es histórico completo; observada en snapshot latest"
8507798;2026-09-24;2026;9;TRIGO PAN;SIO Granos / Secretaría de Agricultura;;Precio Hecho;Contrato;ARS;TN;360000;"360000,00
$";120,00;TN;BUENOS AIRESLINCOLN;Zona 6En destino;;no;sí;2026-09-24T17:53:34;2026-09-24;"commodity no catalogado; se conserva para revisión; integración piloto una página GetOperaciones; moneda extraída explícitamente del campo precio original: ARS; snapshot de últimas operaciones; no es histórico completo; observada en snapshot latest"
8507782;2026-09-24;2026;9;Soja;SIO Granos / Secretaría de Agricultura;;Precio Hecho;Contrato;USD;TN;363;"363,00
U$S";60,00;TN;BUENOS AIRESCHILLAR;QuequenEn destino;;no;sí;2026-09-24T17:53:34;2026-09-24;"integración piloto una página GetOperaciones; moneda extraída explícitamente del campo precio original: USD; snapshot de últimas operaciones; no es histórico completo; observada en snapshot latest"
8507781;2026-09-24;2026;9;TRIGO PAN;SIO Granos / Secretaría de Agricultura;;Precio Hecho;Contrato;ARS;TN;351100;"351100,00
$";5000,00;TN;SANTA FEROSARIO;Rosario NEn destino;;no;sí;2026-09-24T17:53:34;2026-09-24;"commodity no catalogado; se conserva para revisión; integración piloto una página GetOperaciones; moneda extraída explícitamente del campo precio original: ARS; snapshot de últimas operaciones; no es histórico completo; observada en snapshot latest"
8507780;2026-09-24;2026;9;TRIGO PAN;SIO Granos / Secretaría de Agricultura;;Precio Hecho;Contrato;ARS;TN;440000;"440000,00
$";35,00;TN;BUENOS AIRESDARREGUEIRA;Zona 6En destino;;no;sí;2026-09-24T17:53:34;2026-09-24;"commodity no catalogado; se conserva para revisión; integración piloto una página GetOperaciones; moneda extraída explícitamente del campo precio original: ARS; snapshot de últimas operaciones; no es histórico completo; observada en snapshot latest"
8507770;2026-09-24;2026;9;TRIGO PAN;SIO Granos / Secretaría de Agricultura;;Precio Hecho;Contrato;ARS;TN;380000;"380000,00
$";30,00;TN;BUENOS AIRESPERGAMINO;Zona 6En destino;;no;sí;2026-09-24T17:53:34;2026-09-24;"commodity no catalogado; se conserva para revisión; integración piloto una página GetOperaciones; moneda extraída explícitamente del campo precio original: ARS; snapshot de últimas operaciones; no es histórico completo; observada en snapshot latest"
8507766;2026-09-24;2026;9;TRIGO PAN;SIO Granos / Secretaría de Agricultura;;Precio Hecho;Contrato;USD;TN;235;"235,00
U$S";150,00;TN;SANTIAGO DEL ESTEROBANDERA;Rosario SEn destino;;no;sí;2026-09-24T17:53:34;2026-09-24;"commodity no catalogado; se conserva para revisión; integración piloto una página GetOperaciones; moneda extraída explícitamente del campo precio original: USD; snapshot de últimas operaciones; no es histórico completo; observada en snapshot latest"
8507765;2026-09-24;2026;9;Soja;SIO Granos / Secretaría de Agricultura;;Precio Hecho;Contrato;ARS;TN;570000;"570000,00
$";123,00;TN;CÓRDOBAALCIRA;Rosario SEn destino;;no;sí;2026-09-24T17:53:34;2026-09-24;"integración piloto una página GetOperaciones; moneda extraída explícitamente del campo precio original: ARS; snapshot de últimas operaciones; no es histórico completo; observada en snapshot latest"
8507764;2026-09-24;2026;9;Soja;SIO Granos / Secretaría de Agricultura;;Precio Hecho;Contrato;USD;TN;378.23;"378,23
U$S";112,00;TN;CÓRDOBABANDA NORTE;Rosario SEn destino;;no;sí;2026-09-24T17:53:34;2026-09-24;"integración piloto una página GetOperaciones; moneda extraída explícitamente del campo precio original: USD; snapshot de últimas operaciones; no es histórico completo; observada en snapshot latest"
