match_status,date_magyp,date_current,date_precision_current,period,market,type_magyp,type_current,product_magyp,product_current,variety_magyp,variety_current,origin_magyp,origin_current,package_magyp,package_current,quality_magyp,size_magyp,grade_magyp,extra_dimensions_current,price_magyp,price_current,price_difference,unit_magyp,unit_current,currency_magyp,currency_current,name_difference,candidate_count,observation_id,capture_id,raw_sha256,current_row,current_file,source_url
probable,2026-08-24,2026-08-24,day,2026-08,MCBA,Hortalizas,Hortalizas,ZAPALLITO,Zapallito,REDONDO,Redondo,SALTA,Salta,TORO,To,Segunda,MEDIANO,,,1500.0,1500.0,0.0,ARS/kg,$/kg,ARS,,True,1,e8c647af77fb115b71e1714b62aa4b47768e9464f561d04348bc9cc378ee398b,2026-10-06T121056_106249Z-b1481b8f,772d829a7107696889aff0ebeafed530064866f7b4b1fdd62e15d030ad31bcec,83186,HORTALIZA_ AGOSTO_26_0.zip/RH240826.XLS,https://ssma.magyp.gob.ar/frutas.precios.aspx
probable,2026-08-24,2026-08-24,day,2026-08,MCBA,Hortalizas,Hortalizas,ZAPALLITO,Zapallito,REDONDO,Redondo,SALTA,Salta,TORO,To,Primera,MEDIANO,,,1833.33,1833.33,0.0,ARS/kg,$/kg,ARS,,True,1,2e893ec8db32849cceea36c1ac93477bf81e9504b96c3c70cdb939ce3a52aa2e,2026-10-06T121056_106249Z-b1481b8f,772d829a7107696889aff0ebeafed530064866f7b4b1fdd62e15d030ad31bcec,83185,HORTALIZA_ AGOSTO_26_0.zip/RH240826.XLS,https://ssma.magyp.gob.ar/frutas.precios.aspx
probable,2026-08-24,2026-08-24,day,2026-08,MCBA,Hortalizas,Hortalizas,ZAPALLITO,Zapallito,REDONDO,Redondo,SALTA,Salta,PERDIDO,Pe,Primera,MEDIANO,INVERNAC,,2333.33,2333.33,0.0,ARS/kg,$/kg,ARS,,True,1,aaa802b23509e7b2e30f815d02b89bafbe0c628da72f639b6c17157aa3756eb4,2026-10-06T121056_106249Z-b1481b8f,772d829a7107696889aff0ebeafed530064866f7b4b1fdd62e15d030ad31bcec,83184,HORTALIZA_ AGOSTO_26_0.zip/RH240826.XLS,https://ssma.magyp.gob.ar/frutas.precios.aspx
probable,2026-08-24,2026-08-24,day,2026-08,MCBA,Hortalizas,Hortalizas,ZAPALLITO,Zapallito,REDONDO,Redondo,CTES.,Corrientes,TORO,To,Primera,MEDIANO,INVERNAC,,2000.0,2000.0,0.0,ARS/kg,$/kg,ARS,,True,1,bbe21a29dfd5994fa38b14511d366ac764f5974af43bae80bab2aa11b1334216,2026-10-06T121056_106249Z-b1481b8f,772d829a7107696889aff0ebeafed530064866f7b4b1fdd62e15d030ad31bcec,83183,HORTALIZA_ AGOSTO_26_0.zip/RH240826.XLS,https://ssma.magyp.gob.ar/frutas.precios.aspx
exact_available_dimensions,2026-08-24,2026-08-24,day,2026-08,MCBA,Hortalizas,Hortalizas,ZAPALLITO,Zapallito,Prom.Esp.,Prom.Esp.,,,,,,,,,1885.71,1885.71,0.0,ARS/kg,$/kg,ARS,,False,1,0bfd1a916bfd43317368de4b7262e56f931498544caf920d38800a4b79415cc5,2026-10-06T121056_106249Z-b1481b8f,772d829a7107696889aff0ebeafed530064866f7b4b1fdd62e15d030ad31bcec,83187,HORTALIZA_ AGOSTO_26_0.zip/RH240826.XLS,https://ssma.magyp.gob.ar/frutas.precios.aspx
probable,2026-08-24,2026-08-24,day,2026-08,MCBA,Hortalizas,Hortalizas,ZAPALLITO,Zapallito,LARGO,Largo,SALTA,Salta,TORO,To,Primera,MEDIANO,INVERNAC,,1944.44,1944.44,0.0,ARS/kg,$/kg,ARS,,True,1,17e60c631345ae69cf926ee9fef7a1af08c90823743c96757f9d61d3b72699a8,2026-10-06T121056_106249Z-b1481b8f,772d829a7107696889aff0ebeafed530064866f7b4b1fdd62e15d030ad31bcec,83182,HORTALIZA_ AGOSTO_26_0.zip/RH240826.XLS,https://ssma.magyp.gob.ar/frutas.precios.aspx
probable,2026-08-24,2026-08-24,day,2026-08,MCBA,Hortalizas,Hortalizas,ZAPALLITO,Zapallito,LARGO,Largo,SALTA,Salta,TORO,To,Primera,MEDIANO,,,1722.22,1722.22,0.0,ARS/kg,$/kg,ARS,,True,1,9fec35e79c5577c0f686f852ad70ed83b25335c772f8deaebdb9775dae4ba955,2026-10-06T121056_106249Z-b1481b8f,772d829a7107696889aff0ebeafed530064866f7b4b1fdd62e15d030ad31bcec,83181,HORTALIZA_ AGOSTO_26_0.zip/RH240826.XLS,https://ssma.magyp.gob.ar/frutas.precios.aspx
probable,2026-08-24,2026-08-24,day,2026-08,MCBA,Hortalizas,Hortalizas,ZAPALLITO,Zapallito,LARGO,Largo,JUJUY,Jujuy,PERDIDO,Pe,Primera,MEDIANO,,,1866.67,1866.67,0.0,ARS/kg,$/kg,ARS,,True,1,a9a16222a7e9affaf68898d9f93aec33cfba13ca71339d1ca66c79e339e62c22,2026-10-06T121056_106249Z-b1481b8f,772d829a7107696889aff0ebeafed530064866f7b4b1fdd62e15d030ad31bcec,83180,HORTALIZA_ AGOSTO_26_0.zip/RH240826.XLS,https://ssma.magyp.gob.ar/frutas.precios.aspx
probable,2026-08-24,2026-08-24,day,2026-08,MCBA,Hortalizas,Hortalizas,ZAPALLO,Zapallo,TETSUKAB.,Tetsukab.,S.BS.AS.,S.Bs.As.,BOLSA,Bo,Primera,MEDIANO,,,666.67,666.67,0.0,ARS/kg,$/kg,ARS,,True,1,60e79532d48adb1118f762ae8ac5ab4f28361bd9a878ce8cdfb1146a253ba477,2026-10-06T121056_106249Z-b1481b8f,772d829a7107696889aff0ebeafed530064866f7b4b1fdd62e15d030ad31bcec,83193,HORTALIZA_ AGOSTO_26_0.zip/RH240826.XLS,https://ssma.magyp.gob.ar/frutas.precios.aspx
probable,2026-08-24,2026-08-24,day,2026-08,MCBA,Hortalizas,Hortalizas,ZAPALLO,Zapallo,TETSUKAB.,Tetsukab.,SALTA,Salta,BOLSA,Bo,Primera,MEDIANO,,,777.78,777.78,0.0,ARS/kg,$/kg,ARS,,True,1,af13caa5a85f729cdadd05d5dbb847b4971c6494d7599137912590db945ce183,2026-10-06T121056_106249Z-b1481b8f,772d829a7107696889aff0ebeafed530064866f7b4b1fdd62e15d030ad31bcec,83194,HORTALIZA_ AGOSTO_26_0.zip/RH240826.XLS,https://ssma.magyp.gob.ar/frutas.precios.aspx
probable,2026-08-24,2026-08-24,day,2026-08,MCBA,Hortalizas,Hortalizas,ZAPALLO,Zapallo,TETSUKAB.,Tetsukab.,R. NEGRO,Río Negro,BOLSA,Bo,Primera,MEDIANO,,,777.78,777.78,0.0,ARS/kg,$/kg,ARS,,True,1,f0a04f4b3c5903ceba935e22544cf69dfda661ba2104ed90e6858ccc1c92db0d,2026-10-06T121056_106249Z-b1481b8f,772d829a7107696889aff0ebeafed530064866f7b4b1fdd62e15d030ad31bcec,83192,HORTALIZA_ AGOSTO_26_0.zip/RH240826.XLS,https://ssma.magyp.gob.ar/frutas.precios.aspx
probable,2026-08-24,2026-08-24,day,2026-08,MCBA,Hortalizas,Hortalizas,ZAPALLO,Zapallo,TETSUKAB.,Tetsukab.,MENDOZA,Mendoza,BOLSA,Bo,Primera,MEDIANO,,,722.22,722.22,0.0,ARS/kg,$/kg,ARS,,True,1,3158d290218670443d4ceffb29d6234e8ed0147fae4a0f115da8721961f120f8,2026-10-06T121056_106249Z-b1481b8f,772d829a7107696889aff0ebeafed530064866f7b4b1fdd62e15d030ad31bcec,83191,HORTALIZA_ AGOSTO_26_0.zip/RH240826.XLS,https://ssma.magyp.gob.ar/frutas.precios.aspx
exact_available_dimensions,2026-08-24,2026-08-24,day,2026-08,MCBA,Hortalizas,Hortalizas,ZAPALLO,Zapallo,Prom.Esp.,Prom.Esp.,,,,,,,,,1074.98,1074.98,0.0,ARS/kg,$/kg,ARS,,False,1,4d28b55c0e73b8f3835cabc4c52b2b7b0f54275a8256a79e6230a50fd3e3b7ac,2026-10-06T121056_106249Z-b1481b8f,772d829a7107696889aff0ebeafed530064866f7b4b1fdd62e15d030ad31bcec,83195,HORTALIZA_ AGOSTO_26_0.zip/RH240826.XLS,https://ssma.magyp.gob.ar/frutas.precios.aspx
probable,2026-08-24,2026-08-24,day,2026-08,MCBA,Hortalizas,Hortalizas,ZAPALLO,Zapallo,ANC.COKENA,Anc.Cokena,S.BS.AS.,S.Bs.As.,BOLSA,Bo,Primera,MEDIANO,,,1400.0,1400.0,0.0,ARS/kg,$/kg,ARS,,True,1,67053c19923b5b26d906bdc3d2ce6ec27c7b0db2182b492aae27f254a3994a42,2026-10-06T121056_106249Z-b1481b8f,772d829a7107696889aff0ebeafed530064866f7b4b1fdd62e15d030ad31bcec,83189,HORTALIZA_ AGOSTO_26_0.zip/RH240826.XLS,https://ssma.magyp.gob.ar/frutas.precios.aspx
probable,2026-08-24,2026-08-24,day,2026-08,MCBA,Hortalizas,Hortalizas,ZAPALLO,Zapallo,ANC.COKENA,Anc.Cokena,SALTA,Salta,PERDIDO,Pe,Primera,MEDIANO,,,1647.06,1647.06,0.0,ARS/kg,$/kg,ARS,,True,1,2c87a16e91f2c9d58176e4b6114dea706bbbcc7bb49cab275aa9c6204511e51d,2026-10-06T121056_106249Z-b1481b8f,772d829a7107696889aff0ebeafed530064866f7b4b1fdd62e15d030ad31bcec,83190,HORTALIZA_ AGOSTO_26_0.zip/RH240826.XLS,https://ssma.magyp.gob.ar/frutas.precios.aspx
probable,2026-08-24,2026-08-24,day,2026-08,MCBA,Hortalizas,Hortalizas,ZAPALLO,Zapallo,ANC.COKENA,Anc.Cokena,MENDOZA,Mendoza,BOLSA,Bo,Primera,MEDIANO,,,1533.33,1533.33,0.0,ARS/kg,$/kg,ARS,,True,1,672bba4f453d69d6a56d8a34c3de6e26204e5672bb48cf998b64a24f7fc07c5e,2026-10-06T121056_106249Z-b1481b8f,772d829a7107696889aff0ebeafed530064866f7b4b1fdd62e15d030ad31bcec,83188,HORTALIZA_ AGOSTO_26_0.zip/RH240826.XLS,https://ssma.magyp.gob.ar/frutas.precios.aspx
exact_available_dimensions,2026-08-24,2026-08-24,day,2026-08,MCBA,Hortalizas,Hortalizas,ZANAHORIA,Zanahoria,Prom.Esp.,Prom.Esp.,,,,,,,,,757.78,757.78,0.0,ARS/kg,$/kg,ARS,,False,1,bc15f5c83f5aec0675577c3973a91f2bde4b738c58c257b800b01c3c37813362,2026-10-06T121056_106249Z-b1481b8f,772d829a7107696889aff0ebeafed530064866f7b4b1fdd62e15d030ad31bcec,83179,HORTALIZA_ AGOSTO_26_0.zip/RH240826.XLS,https://ssma.magyp.gob.ar/frutas.precios.aspx
probable,2026-08-24,2026-08-24,day,2026-08,MCBA,Hortalizas,Hortalizas,ZANAHORIA,Zanahoria,CHANTENAY,Chantenay,SGO.EST.,Sgo.Est.,BOLSA,Bo,Primera,MEDIANO,,,666.67,666.67,0.0,ARS/kg,$/kg,ARS,,True,1,dce24fe79857c515ed31fc9201450d6e282fd48f0788efa9fdca0b6b8db38f56,2026-10-06T121056_106249Z-b1481b8f,772d829a7107696889aff0ebeafed530064866f7b4b1fdd62e15d030ad31bcec,83178,HORTALIZA_ AGOSTO_26_0.zip/RH240826.XLS,https://ssma.magyp.gob.ar/frutas.precios.aspx
probable,2026-08-24,2026-08-24,day,2026-08,MCBA,Hortalizas,Hortalizas,ZANAHORIA,Zanahoria,CHANTENAY,Chantenay,SANTA FE,Santa Fe,BOLSA,Bo,Primera,MEDIANO,,,700.0,700.0,0.0,ARS/kg,$/kg,ARS,,True,1,13549489d279c030cd6e634322a0107c97d5030d975a340f8a89b323b332078c,2026-10-06T121056_106249Z-b1481b8f,772d829a7107696889aff0ebeafed530064866f7b4b1fdd62e15d030ad31bcec,83177,HORTALIZA_ AGOSTO_26_0.zip/RH240826.XLS,https://ssma.magyp.gob.ar/frutas.precios.aspx
probable,2026-08-24,2026-08-24,day,2026-08,MCBA,Hortalizas,Hortalizas,ZANAHORIA,Zanahoria,CHANTENAY,Chantenay,MENDOZA,Mendoza,CAJA,Ca,Primera,MEDIANO,,,950.0,950.0,0.0,ARS/kg,$/kg,ARS,,True,1,64d08ae3c5b1605649d643941b309fbf7b89e3ca6056695c19c94492de9bee6a,2026-10-06T121056_106249Z-b1481b8f,772d829a7107696889aff0ebeafed530064866f7b4b1fdd62e15d030ad31bcec,83176,HORTALIZA_ AGOSTO_26_0.zip/RH240826.XLS,https://ssma.magyp.gob.ar/frutas.precios.aspx
probable,2026-08-24,2026-08-24,day,2026-08,MCBA,Hortalizas,Hortalizas,ZANAHORIA,Zanahoria,CHANTENAY,Chantenay,MENDOZA,Mendoza,BOLSA,Bo,Primera,MEDIANO,,,750.0,750.0,0.0,ARS/kg,$/kg,ARS,,True,1,ffc2a2599d76ce9bdea58065793362f22265817e20e35b6318b88d63ca0ef673,2026-10-06T121056_106249Z-b1481b8f,772d829a7107696889aff0ebeafed530064866f7b4b1fdd62e15d030ad31bcec,83174,HORTALIZA_ AGOSTO_26_0.zip/RH240826.XLS,https://ssma.magyp.gob.ar/frutas.precios.aspx
probable,2026-08-24,2026-08-24,day,2026-08,MCBA,Hortalizas,Hortalizas,TOMATE,Tomate,REDONDO,Redondo,SALTA,Salta,TORO,To,Segunda,MEDIANO,PINTON,,1055.56,1055.56,0.0,ARS/kg,$/kg,ARS,,True,1,7383e385e534a597d9f66ac3cba1a19b4d445937cf949c30023de6e8b8605244,2026-10-06T121056_106249Z-b1481b8f,772d829a7107696889aff0ebeafed530064866f7b4b1fdd62e15d030ad31bcec,83170,HORTALIZA_ AGOSTO_26_0.zip/RH240826.XLS,https://ssma.magyp.gob.ar/frutas.precios.aspx
probable,2026-08-24,2026-08-24,day,2026-08,MCBA,Hortalizas,Hortalizas,TOMATE,Tomate,REDONDO,Redondo,SALTA,Salta,TORO,To,Primera,MEDIANO,PINTON,,1388.89,1388.89,0.0,ARS/kg,$/kg,ARS,,True,1,4c0786a6a1643a3a9e3ef2cdccbdeb69bfc8c8ed05940c6233778307b911cd1f,2026-10-06T121056_106249Z-b1481b8f,772d829a7107696889aff0ebeafed530064866f7b4b1fdd62e15d030ad31bcec,83169,HORTALIZA_ AGOSTO_26_0.zip/RH240826.XLS,https://ssma.magyp.gob.ar/frutas.precios.aspx
probable,2026-08-24,2026-08-24,day,2026-08,MCBA,Hortalizas,Hortalizas,TOMATE,Tomate,REDONDO,Redondo,SALTA,Salta,TORO,To,Primera,MEDIANO,PTN/INV,,2333.33,2333.33,0.0,ARS/kg,$/kg,ARS,,True,1,3c48682b423bf7da06d435b574b2dcb7e9c3111c5d74ba9b35b2c4ed270d3f01,2026-10-06T121056_106249Z-b1481b8f,772d829a7107696889aff0ebeafed530064866f7b4b1fdd62e15d030ad31bcec,83168,HORTALIZA_ AGOSTO_26_0.zip/RH240826.XLS,https://ssma.magyp.gob.ar/frutas.precios.aspx
probable,2026-08-24,2026-08-24,day,2026-08,MCBA,Hortalizas,Hortalizas,TOMATE,Tomate,REDONDO,Redondo,SALTA,Salta,TORO,To,Primera,GRANDE,PINTON,,1611.11,1611.11,0.0,ARS/kg,$/kg,ARS,,True,1,d3e61cce6672a8a6bdc4c280515fa2a63ef8386742aaaa3770a5c2f526fc23e7,2026-10-06T121056_106249Z-b1481b8f,772d829a7107696889aff0ebeafed530064866f7b4b1fdd62e15d030ad31bcec,83167,HORTALIZA_ AGOSTO_26_0.zip/RH240826.XLS,https://ssma.magyp.gob.ar/frutas.precios.aspx
probable,2026-08-24,2026-08-24,day,2026-08,MCBA,Hortalizas,Hortalizas,TOMATE,Tomate,REDONDO,Redondo,SALTA,Salta,TORO,To,Primera,GRANDE,PTN/INV,,2555.56,2555.56,0.0,ARS/kg,$/kg,ARS,,True,1,f775f264ecbebc33310c70f405e025f8bce549ffbdbbe877c9349f55846a50fb,2026-10-06T121056_106249Z-b1481b8f,772d829a7107696889aff0ebeafed530064866f7b4b1fdd62e15d030ad31bcec,83166,HORTALIZA_ AGOSTO_26_0.zip/RH240826.XLS,https://ssma.magyp.gob.ar/frutas.precios.aspx
probable,2026-08-24,2026-08-24,day,2026-08,MCBA,Hortalizas,Hortalizas,TOMATE,Tomate,REDONDO,Redondo,CTES.,Corrientes,TORO,To,Segunda,MEDIANO,PTN/INV,,1277.78,1277.78,0.0,ARS/kg,$/kg,ARS,,True,1,75a5d3fa51fe1b1892cc1cde0a8ad275aa8dfe65f1d83adea1a61d7b764c8a8d,2026-10-06T121056_106249Z-b1481b8f,772d829a7107696889aff0ebeafed530064866f7b4b1fdd62e15d030ad31bcec,83165,HORTALIZA_ AGOSTO_26_0.zip/RH240826.XLS,https://ssma.magyp.gob.ar/frutas.precios.aspx
probable,2026-08-24,2026-08-24,day,2026-08,MCBA,Hortalizas,Hortalizas,TOMATE,Tomate,REDONDO,Redondo,CTES.,Corrientes,TORO,To,Primera,MEDIANO,ROJO/INV,,1722.22,1722.22,0.0,ARS/kg,$/kg,ARS,,True,1,ee9065d374766896a20e401e23c36d24fb06b5659ed37a4f4303175ce75d6ba6,2026-10-06T121056_106249Z-b1481b8f,772d829a7107696889aff0ebeafed530064866f7b4b1fdd62e15d030ad31bcec,83164,HORTALIZA_ AGOSTO_26_0.zip/RH240826.XLS,https://ssma.magyp.gob.ar/frutas.precios.aspx
probable,2026-08-24,2026-08-24,day,2026-08,MCBA,Hortalizas,Hortalizas,TOMATE,Tomate,REDONDO,Redondo,CTES.,Corrientes,TORO,To,Primera,MEDIANO,PTN/INV,,1500.0,1500.0,0.0,ARS/kg,$/kg,ARS,,True,1,88a333863af9b17f0785b29883e4722422011f6ad87d65de78c4664ad7b00060,2026-10-06T121056_106249Z-b1481b8f,772d829a7107696889aff0ebeafed530064866f7b4b1fdd62e15d030ad31bcec,83163,HORTALIZA_ AGOSTO_26_0.zip/RH240826.XLS,https://ssma.magyp.gob.ar/frutas.precios.aspx
probable,2026-08-24,2026-08-24,day,2026-08,MCBA,Hortalizas,Hortalizas,TOMATE,Tomate,REDONDO,Redondo,CTES.,Corrientes,TORO,To,Primera,GRANDE,PTN/INV,,1888.89,1888.89,0.0,ARS/kg,$/kg,ARS,,True,1,80a74db877f03912c97f718212d756f3617d21bd8319a890ef6dea5daf96b97e,2026-10-06T121056_106249Z-b1481b8f,772d829a7107696889aff0ebeafed530064866f7b4b1fdd62e15d030ad31bcec,83162,HORTALIZA_ AGOSTO_26_0.zip/RH240826.XLS,https://ssma.magyp.gob.ar/frutas.precios.aspx
probable,2026-08-24,2026-08-24,day,2026-08,MCBA,Hortalizas,Hortalizas,TOMATE,Tomate,PERITA,Perita,SALTA,Salta,TORO,To,Primera,MEDIANO,PINTON,,1388.89,1388.89,0.0,ARS/kg,$/kg,ARS,,True,1,4c20e3d887d58eb1b67a83819a6cec4a657e9723fd4d04cfe8042cb3c390008a,2026-10-06T121056_106249Z-b1481b8f,772d829a7107696889aff0ebeafed530064866f7b4b1fdd62e15d030ad31bcec,83161,HORTALIZA_ AGOSTO_26_0.zip/RH240826.XLS,https://ssma.magyp.gob.ar/frutas.precios.aspx
probable,2026-08-24,2026-08-24,day,2026-08,MCBA,Hortalizas,Hortalizas,TOMATE,Tomate,PERITA,Perita,SALTA,Salta,TORO,To,Primera,GRANDE,PINTON,,1611.11,1611.11,0.0,ARS/kg,$/kg,ARS,,True,1,e99f2cb0cc4971301e73527351b1ebf3fb3bda3e8df9e50aad71f2921075d929,2026-10-06T121056_106249Z-b1481b8f,772d829a7107696889aff0ebeafed530064866f7b4b1fdd62e15d030ad31bcec,83160,HORTALIZA_ AGOSTO_26_0.zip/RH240826.XLS,https://ssma.magyp.gob.ar/frutas.precios.aspx
probable,2026-08-24,2026-08-24,day,2026-08,MCBA,Hortalizas,Hortalizas,TOMATE,Tomate,PERITA,Perita,SALTA,Salta,PERDIDO,Pe,Primera,MEDIANO,ROJO/INV,,2333.33,2333.33,0.0,ARS/kg,$/kg,ARS,,True,1,b020a30796ef6c0608a795d20c832acac1225d7804546f35c5084f48299ee9ed,2026-10-06T121056_106249Z-b1481b8f,772d829a7107696889aff0ebeafed530064866f7b4b1fdd62e15d030ad31bcec,83159,HORTALIZA_ AGOSTO_26_0.zip/RH240826.XLS,https://ssma.magyp.gob.ar/frutas.precios.aspx
probable,2026-08-24,2026-08-24,day,2026-08,MCBA,Hortalizas,Hortalizas,TOMATE,Tomate,PERITA,Perita,SALTA,Salta,PERDIDO,Pe,Primera,MEDIANO,PTN/INV,,2166.67,2166.67,0.0,ARS/kg,$/kg,ARS,,True,1,31f3eff0deb44c0503891d7a763f8a3bc642bcaaae45feae8f60e13875ac75c0,2026-10-06T121056_106249Z-b1481b8f,772d829a7107696889aff0ebeafed530064866f7b4b1fdd62e15d030ad31bcec,83158,HORTALIZA_ AGOSTO_26_0.zip/RH240826.XLS,https://ssma.magyp.gob.ar/frutas.precios.aspx
probable,2026-08-24,2026-08-24,day,2026-08,MCBA,Hortalizas,Hortalizas,TOMATE,Tomate,PERITA,Perita,SALTA,Salta,PERDIDO,Pe,Primera,GRANDE,PTN/INV,,2500.0,2500.0,0.0,ARS/kg,$/kg,ARS,,True,1,fec279a7b65e0ad34bade2bbbf0d4bca7c0ee2e94eb5f0defd3dec95163f3ceb,2026-10-06T121056_106249Z-b1481b8f,772d829a7107696889aff0ebeafed530064866f7b4b1fdd62e15d030ad31bcec,83157,HORTALIZA_ AGOSTO_26_0.zip/RH240826.XLS,https://ssma.magyp.gob.ar/frutas.precios.aspx
probable,2026-08-24,2026-08-24,day,2026-08,MCBA,Hortalizas,Hortalizas,TOMATE,Tomate,PERITA,Perita,JUJUY,Jujuy,TORO,To,Segunda,MEDIANO,ROJO,,1000.0,1000.0,0.0,ARS/kg,$/kg,ARS,,True,1,778e0d221e0c9f7ca439273ffc674e0da10b4f2b3a83c91b9fa47220c3a154ac,2026-10-06T121056_106249Z-b1481b8f,772d829a7107696889aff0ebeafed530064866f7b4b1fdd62e15d030ad31bcec,83156,HORTALIZA_ AGOSTO_26_0.zip/RH240826.XLS,https://ssma.magyp.gob.ar/frutas.precios.aspx
exact_available_dimensions,2026-08-24,2026-08-24,day,2026-08,MCBA,Hortalizas,Hortalizas,TOMATE,Tomate,Prom.Esp.,Prom.Esp.,,,,,,,,,2106.67,2106.67,0.0,ARS/kg,$/kg,ARS,,False,1,d67c621080dbfc41914d17fa254ae9b6dda28105bcf64a94582c192ba32cad28,2026-10-06T121056_106249Z-b1481b8f,772d829a7107696889aff0ebeafed530064866f7b4b1fdd62e15d030ad31bcec,83171,HORTALIZA_ AGOSTO_26_0.zip/RH240826.XLS,https://ssma.magyp.gob.ar/frutas.precios.aspx
probable,2026-08-24,2026-08-24,day,2026-08,MCBA,Hortalizas,Hortalizas,TOMATE,Tomate,CHERRY,Cherry,SALTA,Salta,CAJA,Ca,Primera,MEDIANO,PTN/INV,,3400.0,3400.0,0.0,ARS/kg,$/kg,ARS,,True,1,1bdad2cfe1173b9a90423af5c5cf87fbfbc833386594ec9b6a97998d53fb3467,2026-10-06T121056_106249Z-b1481b8f,772d829a7107696889aff0ebeafed530064866f7b4b1fdd62e15d030ad31bcec,83155,HORTALIZA_ AGOSTO_26_0.zip/RH240826.XLS,https://ssma.magyp.gob.ar/frutas.precios.aspx
probable,2026-08-24,2026-08-24,day,2026-08,MCBA,Hortalizas,Hortalizas,TOMATE,Tomate,CHERRY,Cherry,SALTA,Salta,CAJA,Ca,Primera,GRANDE,PTN/INV,,3800.0,3800.0,0.0,ARS/kg,$/kg,ARS,,True,1,ac96eb856470529c7f56c17b5df4261a57f16fd4a2b49927d5c0d17c5aa4495c,2026-10-06T121056_106249Z-b1481b8f,772d829a7107696889aff0ebeafed530064866f7b4b1fdd62e15d030ad31bcec,83154,HORTALIZA_ AGOSTO_26_0.zip/RH240826.XLS,https://ssma.magyp.gob.ar/frutas.precios.aspx
probable,2026-08-24,2026-08-24,day,2026-08,MCBA,Hortalizas,Hortalizas,TOMATE,Tomate,CHERRY,Cherry,CTES.,Corrientes,CAJA,Ca,Primera,MEDIANO,ROJO/INV,,2800.0,2800.0,0.0,ARS/kg,$/kg,ARS,,True,1,f630332b61f9ea81995150a725193a12c54f87cf6bddc013d9a81993976e97b8,2026-10-06T121056_106249Z-b1481b8f,772d829a7107696889aff0ebeafed530064866f7b4b1fdd62e15d030ad31bcec,83153,HORTALIZA_ AGOSTO_26_0.zip/RH240826.XLS,https://ssma.magyp.gob.ar/frutas.precios.aspx
probable,2026-08-24,2026-08-24,day,2026-08,MCBA,Hortalizas,Hortalizas,TOMATE,Tomate,CHERRY,Cherry,CTES.,Corrientes,CAJA,Ca,Primera,MEDIANO,PTN/INV,,2600.0,2600.0,0.0,ARS/kg,$/kg,ARS,,True,1,43f39cdc30700ba7d6b2832b6e65d4d8955d7d62a6cafd7923535e4648e0ec76,2026-10-06T121056_106249Z-b1481b8f,772d829a7107696889aff0ebeafed530064866f7b4b1fdd62e15d030ad31bcec,83152,HORTALIZA_ AGOSTO_26_0.zip/RH240826.XLS,https://ssma.magyp.gob.ar/frutas.precios.aspx
probable,2026-08-24,2026-08-24,day,2026-08,MCBA,Hortalizas,Hortalizas,TOMATE,Tomate,CHERRY,Cherry,CTES.,Corrientes,CAJA,Ca,Primera,GRANDE,PTN/INV,,3200.0,3200.0,0.0,ARS/kg,$/kg,ARS,,True,1,e4b83826c3f4b13e841fa1dfeca06219ed1d60e09e9db91c00159d05d8e68d03,2026-10-06T121056_106249Z-b1481b8f,772d829a7107696889aff0ebeafed530064866f7b4b1fdd62e15d030ad31bcec,83151,HORTALIZA_ AGOSTO_26_0.zip/RH240826.XLS,https://ssma.magyp.gob.ar/frutas.precios.aspx
probable,2026-08-24,2026-08-24,day,2026-08,MCBA,Hortalizas,Hortalizas,TOMILLO,Tomillo,,,BS. AS.,Buenos Aires,BOLSA,Bo,Primera,,,,12000.0,12000.0,0.0,ARS/kg,$/kg,ARS,,True,1,cdfdc3f879ea6a01c6f353e7e6fd307dbb4860b09f9b04ca0f0000e5385a3523,2026-10-06T121056_106249Z-b1481b8f,772d829a7107696889aff0ebeafed530064866f7b4b1fdd62e15d030ad31bcec,83172,HORTALIZA_ AGOSTO_26_0.zip/RH240826.XLS,https://ssma.magyp.gob.ar/frutas.precios.aspx
exact_available_dimensions,2026-08-24,2026-08-24,day,2026-08,MCBA,Hortalizas,Hortalizas,TOMILLO,Tomillo,Prom.Esp.,Prom.Esp.,,,,,,,,,12000.0,12000.0,0.0,ARS/kg,$/kg,ARS,,False,1,070f224acefefc394efa3369eedbbce42828ec5f405e51b67cba9332eb7d9678,2026-10-06T121056_106249Z-b1481b8f,772d829a7107696889aff0ebeafed530064866f7b4b1fdd62e15d030ad31bcec,83173,HORTALIZA_ AGOSTO_26_0.zip/RH240826.XLS,https://ssma.magyp.gob.ar/frutas.precios.aspx
probable,2026-08-24,2026-08-24,day,2026-08,MCBA,Hortalizas,Hortalizas,BROTE SOJA,Brote Soja,,,BS. AS.,Buenos Aires,BOLSA,Bo,Primera,,,,7000.0,7000.0,0.0,ARS/kg,$/kg,ARS,,True,1,fbe64793456dc194fc85ed574550b44a39105ef366799ad905b6c9aec58ea747,2026-10-06T121056_106249Z-b1481b8f,772d829a7107696889aff0ebeafed530064866f7b4b1fdd62e15d030ad31bcec,83010,HORTALIZA_ AGOSTO_26_0.zip/RH240826.XLS,https://ssma.magyp.gob.ar/frutas.precios.aspx
exact_available_dimensions,2026-08-24,2026-08-24,day,2026-08,MCBA,Hortalizas,Hortalizas,BROTE SOJA,Brote Soja,Prom.Esp.,Prom.Esp.,,,,,,,,,7000.0,7000.0,0.0,ARS/kg,$/kg,ARS,,False,1,2adb5873080e05d6e8868a28d16a70a603f665b3240f0b9f254c27c9ce33b5d0,2026-10-06T121056_106249Z-b1481b8f,772d829a7107696889aff0ebeafed530064866f7b4b1fdd62e15d030ad31bcec,83011,HORTALIZA_ AGOSTO_26_0.zip/RH240826.XLS,https://ssma.magyp.gob.ar/frutas.precios.aspx
probable,2026-08-24,2026-08-24,day,2026-08,MCBA,Hortalizas,Hortalizas,SALVIA,Salvia,,,BS. AS.,Buenos Aires,BOLSA,Bo,Primera,,,,9000.0,9000.0,0.0,ARS/kg,$/kg,ARS,,True,1,b47204a713d46f50310dd44df7b7d3c71e9edb180b1879252f1bc73084bb38b7,2026-10-06T121056_106249Z-b1481b8f,772d829a7107696889aff0ebeafed530064866f7b4b1fdd62e15d030ad31bcec,83149,HORTALIZA_ AGOSTO_26_0.zip/RH240826.XLS,https://ssma.magyp.gob.ar/frutas.precios.aspx
exact_available_dimensions,2026-08-24,2026-08-24,day,2026-08,MCBA,Hortalizas,Hortalizas,SALVIA,Salvia,Prom.Esp.,Prom.Esp.,,,,,,,,,9000.0,9000.0,0.0,ARS/kg,$/kg,ARS,,False,1,fa58a90d02e651a37be9396ada9c9fc954baee6e1d0776ca27254ebff66ee3b5,2026-10-06T121056_106249Z-b1481b8f,772d829a7107696889aff0ebeafed530064866f7b4b1fdd62e15d030ad31bcec,83150,HORTALIZA_ AGOSTO_26_0.zip/RH240826.XLS,https://ssma.magyp.gob.ar/frutas.precios.aspx
probable,2026-08-24,2026-08-24,day,2026-08,MCBA,Hortalizas,Hortalizas,RUCULA,Rucula,,,BS. AS.,Buenos Aires,BANDEJA,Ba,Primera,SIN TAM,,,2500.0,2500.0,0.0,ARS/kg,$/kg,ARS,,True,1,928f07f7ac06ef7362c0be335790ead925daf6a2425a6190ff23cab118378297,2026-10-06T121056_106249Z-b1481b8f,772d829a7107696889aff0ebeafed530064866f7b4b1fdd62e15d030ad31bcec,83147,HORTALIZA_ AGOSTO_26_0.zip/RH240826.XLS,https://ssma.magyp.gob.ar/frutas.precios.aspx
exact_available_dimensions,2026-08-24,2026-08-24,day,2026-08,MCBA,Hortalizas,Hortalizas,RUCULA,Rucula,Prom.Esp.,Prom.Esp.,,,,,,,,,2500.0,2500.0,0.0,ARS/kg,$/kg,ARS,,False,1,92cbc1f24e73e1143366719b4a0b1e2e8fb73adca6aeadd9515ed7eb001314af,2026-10-06T121056_106249Z-b1481b8f,772d829a7107696889aff0ebeafed530064866f7b4b1fdd62e15d030ad31bcec,83148,HORTALIZA_ AGOSTO_26_0.zip/RH240826.XLS,https://ssma.magyp.gob.ar/frutas.precios.aspx
probable,2026-08-24,2026-08-24,day,2026-08,MCBA,Hortalizas,Hortalizas,RABANITO,Rabanito,,,BS. AS.,Buenos Aires,TORITO,Tt,Primera,,,,2600.0,2600.0,0.0,ARS/kg,$/kg,ARS,,True,1,8bab93bcd9a403b195770057222d5c6a732cae2e69e4c5894a036fa3d079e196,2026-10-06T121056_106249Z-b1481b8f,772d829a7107696889aff0ebeafed530064866f7b4b1fdd62e15d030ad31bcec,83123,HORTALIZA_ AGOSTO_26_0.zip/RH240826.XLS,https://ssma.magyp.gob.ar/frutas.precios.aspx
exact_available_dimensions,2026-08-24,2026-08-24,day,2026-08,MCBA,Hortalizas,Hortalizas,RABANITO,Rabanito,Prom.Esp.,Prom.Esp.,,,,,,,,,2600.0,2600.0,0.0,ARS/kg,$/kg,ARS,,False,1,4a93d6db67f4c0fcea9cf87971fb742be3d39d77cce457c7b1ad435974757e8a,2026-10-06T121056_106249Z-b1481b8f,772d829a7107696889aff0ebeafed530064866f7b4b1fdd62e15d030ad31bcec,83124,HORTALIZA_ AGOSTO_26_0.zip/RH240826.XLS,https://ssma.magyp.gob.ar/frutas.precios.aspx
probable,2026-08-24,2026-08-24,day,2026-08,MCBA,Hortalizas,Hortalizas,RADICHETA,Radicheta,2DO.CORTE,2Do.Corte,BS. AS.,Buenos Aires,BANDEJA,Ba,Primera,,,,1166.67,1166.67,0.0,ARS/kg,$/kg,ARS,,True,1,7c50fe98a03295976959adcb1007ec486ed18ec8fdc95853d2e2625befc239fb,2026-10-06T121056_106249Z-b1481b8f,772d829a7107696889aff0ebeafed530064866f7b4b1fdd62e15d030ad31bcec,83128,HORTALIZA_ AGOSTO_26_0.zip/RH240826.XLS,https://ssma.magyp.gob.ar/frutas.precios.aspx
exact_available_dimensions,2026-08-24,2026-08-24,day,2026-08,MCBA,Hortalizas,Hortalizas,RADICHETA,Radicheta,Prom.Esp.,Prom.Esp.,,,,,,,,,1350.0,1350.0,0.0,ARS/kg,$/kg,ARS,,False,1,62abc33e32b4f7c471faf561e9bd6e195e1d4377e76c3be3a3bc8e85f38e548a,2026-10-06T121056_106249Z-b1481b8f,772d829a7107696889aff0ebeafed530064866f7b4b1fdd62e15d030ad31bcec,83129,HORTALIZA_ AGOSTO_26_0.zip/RH240826.XLS,https://ssma.magyp.gob.ar/frutas.precios.aspx
probable,2026-08-24,2026-08-24,day,2026-08,MCBA,Hortalizas,Hortalizas,RADICHETA,Radicheta,1ER.CORTE,1Er.Corte,BS. AS.,Buenos Aires,BANDEJA,Ba,Primera,,,,1533.33,1533.33,0.0,ARS/kg,$/kg,ARS,,True,1,bdf2af51f141439c6686708fb65571ba151a8006cf6524191b55edb9ea61b46d,2026-10-06T121056_106249Z-b1481b8f,772d829a7107696889aff0ebeafed530064866f7b4b1fdd62e15d030ad31bcec,83127,HORTALIZA_ AGOSTO_26_0.zip/RH240826.XLS,https://ssma.magyp.gob.ar/frutas.precios.aspx
probable,2026-08-24,2026-08-24,day,2026-08,MCBA,Hortalizas,Hortalizas,ROMERO,Romero,,,BS. AS.,Buenos Aires,ATADO,At,Primera,MEDIANO,,,9400.0,9400.0,0.0,ARS/kg,$/kg,ARS,,True,1,d8bc777c66016e8e3dc843d7769cc58425de56e6fb1caeff8d94908aa05a5c09,2026-10-06T121056_106249Z-b1481b8f,772d829a7107696889aff0ebeafed530064866f7b4b1fdd62e15d030ad31bcec,83145,HORTALIZA_ AGOSTO_26_0.zip/RH240826.XLS,https://ssma.magyp.gob.ar/frutas.precios.aspx
exact_available_dimensions,2026-08-24,2026-08-24,day,2026-08,MCBA,Hortalizas,Hortalizas,ROMERO,Romero,Prom.Esp.,Prom.Esp.,,,,,,,,,9400.0,9400.0,0.0,ARS/kg,$/kg,ARS,,False,1,0bcdcc35d2a5fa633b45635a04cd992fbbfb14cbca1c163a0310b9bbabb1d448,2026-10-06T121056_106249Z-b1481b8f,772d829a7107696889aff0ebeafed530064866f7b4b1fdd62e15d030ad31bcec,83146,HORTALIZA_ AGOSTO_26_0.zip/RH240826.XLS,https://ssma.magyp.gob.ar/frutas.precios.aspx
exact_available_dimensions,2026-08-24,2026-08-24,day,2026-08,MCBA,Hortalizas,Hortalizas,REPOLLO,Repollo,Prom.Esp.,Prom.Esp.,,,,,,,,,638.89,638.89,0.0,ARS/kg,$/kg,ARS,,False,1,e5fbfaabccc2e91b5fffd15842479b0976f822616e777ba8fff9f699960110c0,2026-10-06T121056_106249Z-b1481b8f,772d829a7107696889aff0ebeafed530064866f7b4b1fdd62e15d030ad31bcec,83144,HORTALIZA_ AGOSTO_26_0.zip/RH240826.XLS,https://ssma.magyp.gob.ar/frutas.precios.aspx
probable,2026-08-24,2026-08-24,day,2026-08,MCBA,Hortalizas,Hortalizas,REPOLLO,Repollo,COLORADO,Colorado,MENDOZA,Mendoza,BOLSA,Bo,Primera,MEDIANO,,,733.33,733.33,0.0,ARS/kg,$/kg,ARS,,True,1,51caf85854bb7dfb2c7785bb0cb17de5aaffc8e6563474dc29a5a9d60f3d1dcb,2026-10-06T121056_106249Z-b1481b8f,772d829a7107696889aff0ebeafed530064866f7b4b1fdd62e15d030ad31bcec,83143,HORTALIZA_ AGOSTO_26_0.zip/RH240826.XLS,https://ssma.magyp.gob.ar/frutas.precios.aspx
probable,2026-08-24,2026-08-24,day,2026-08,MCBA,Hortalizas,Hortalizas,REPOLLO,Repollo,COLORADO,Colorado,BS. AS.,Buenos Aires,JAULA,Ja,Primera,MEDIANO,,,566.67,566.67,0.0,ARS/kg,$/kg,ARS,,True,1,a091bb4ac633a205750a5f9665fc942f0f1579f69f48b8ca37fdc63aadfef66c,2026-10-06T121056_106249Z-b1481b8f,772d829a7107696889aff0ebeafed530064866f7b4b1fdd62e15d030ad31bcec,83142,HORTALIZA_ AGOSTO_26_0.zip/RH240826.XLS,https://ssma.magyp.gob.ar/frutas.precios.aspx
probable,2026-08-24,2026-08-24,day,2026-08,MCBA,Hortalizas,Hortalizas,REPOLLO,Repollo,COLORADO,Colorado,BS. AS.,Buenos Aires,JAULA,Ja,Primera,GRANDE,,,800.0,800.0,0.0,ARS/kg,$/kg,ARS,,True,1,89dc01e5f3a8c309862166f8849c72b6fcc63cec70b74c530d6811b53fd538fc,2026-10-06T121056_106249Z-b1481b8f,772d829a7107696889aff0ebeafed530064866f7b4b1fdd62e15d030ad31bcec,83141,HORTALIZA_ AGOSTO_26_0.zip/RH240826.XLS,https://ssma.magyp.gob.ar/frutas.precios.aspx
probable,2026-08-24,2026-08-24,day,2026-08,MCBA,Hortalizas,Hortalizas,REPOLLO,Repollo,BLANCO,Blanco,MENDOZA,Mendoza,BOLSA,Bo,Primera,MEDIANO,,,600.0,600.0,0.0,ARS/kg,$/kg,ARS,,True,1,e25a8b9de69d1f5eb29a978d8e698f49189ec6b6cc3baaa5118678af16116319,2026-10-06T121056_106249Z-b1481b8f,772d829a7107696889aff0ebeafed530064866f7b4b1fdd62e15d030ad31bcec,83140,HORTALIZA_ AGOSTO_26_0.zip/RH240826.XLS,https://ssma.magyp.gob.ar/frutas.precios.aspx
probable,2026-08-24,2026-08-24,day,2026-08,MCBA,Hortalizas,Hortalizas,REPOLLO,Repollo,BLANCO,Blanco,BS. AS.,Buenos Aires,JAULA,Ja,Primera,MEDIANO,,,500.0,500.0,0.0,ARS/kg,$/kg,ARS,,True,1,bd2ad1b796c635462874380e69d8ea1789dad60202446e3af050e4199d12eb37,2026-10-06T121056_106249Z-b1481b8f,772d829a7107696889aff0ebeafed530064866f7b4b1fdd62e15d030ad31bcec,83139,HORTALIZA_ AGOSTO_26_0.zip/RH240826.XLS,https://ssma.magyp.gob.ar/frutas.precios.aspx
probable,2026-08-24,2026-08-24,day,2026-08,MCBA,Hortalizas,Hortalizas,REPOLLO,Repollo,BLANCO,Blanco,BS. AS.,Buenos Aires,JAULA,Ja,Primera,GRANDE,,,633.33,633.33,0.0,ARS/kg,$/kg,ARS,,True,1,ccdaf8b71e788863b0a101ec54d93738303f10425ad3616d3d3200d46dc58c8b,2026-10-06T121056_106249Z-b1481b8f,772d829a7107696889aff0ebeafed530064866f7b4b1fdd62e15d030ad31bcec,83138,HORTALIZA_ AGOSTO_26_0.zip/RH240826.XLS,https://ssma.magyp.gob.ar/frutas.precios.aspx
probable,2026-08-24,2026-08-24,day,2026-08,MCBA,Hortalizas,Hortalizas,REMOLACHA,Remolacha,,,SGO.EST.,Sgo.Est.,PERDIDO,Pe,Primera,MEDIANO,,,1066.67,1066.67,0.0,ARS/kg,$/kg,ARS,,True,1,bbca48ccb20db69eaeae3e50edcd9966d9557217cf31928ceb9316320bd293c6,2026-10-06T121056_106249Z-b1481b8f,772d829a7107696889aff0ebeafed530064866f7b4b1fdd62e15d030ad31bcec,83134,HORTALIZA_ AGOSTO_26_0.zip/RH240826.XLS,https://ssma.magyp.gob.ar/frutas.precios.aspx
probable,2026-08-24,2026-08-24,day,2026-08,MCBA,Hortalizas,Hortalizas,REMOLACHA,Remolacha,,,SGO.EST.,Sgo.Est.,BOLSA,Bo,Primera,MEDIANO,,,900.0,900.0,0.0,ARS/kg,$/kg,ARS,,True,1,036f9cd3f134e530d8d9508b67322027b6c07251778ca84b8022e9b28e74afd0,2026-10-06T121056_106249Z-b1481b8f,772d829a7107696889aff0ebeafed530064866f7b4b1fdd62e15d030ad31bcec,83133,HORTALIZA_ AGOSTO_26_0.zip/RH240826.XLS,https://ssma.magyp.gob.ar/frutas.precios.aspx
probable,2026-08-24,2026-08-24,day,2026-08,MCBA,Hortalizas,Hortalizas,REMOLACHA,Remolacha,,,SANTA FE,Santa Fe,BOLSA,Bo,Primera,MEDIANO,,,960.0,960.0,0.0,ARS/kg,$/kg,ARS,,True,1,9b9522c08e243874da5ac833a7baeddfb197596e3ce549108ab11595c8de4ea0,2026-10-06T121056_106249Z-b1481b8f,772d829a7107696889aff0ebeafed530064866f7b4b1fdd62e15d030ad31bcec,83132,HORTALIZA_ AGOSTO_26_0.zip/RH240826.XLS,https://ssma.magyp.gob.ar/frutas.precios.aspx
probable,2026-08-24,2026-08-24,day,2026-08,MCBA,Hortalizas,Hortalizas,REMOLACHA,Remolacha,,,BS. AS.,Buenos Aires,JAULA,Ja,Primera,MEDIANO,,,933.33,933.33,0.0,ARS/kg,$/kg,ARS,,True,1,64b5455815478944dbb5ab39556f1c141ff192e6020c450b96c674dbbabc5bf1,2026-10-06T121056_106249Z-b1481b8f,772d829a7107696889aff0ebeafed530064866f7b4b1fdd62e15d030ad31bcec,83131,HORTALIZA_ AGOSTO_26_0.zip/RH240826.XLS,https://ssma.magyp.gob.ar/frutas.precios.aspx
probable,2026-08-24,2026-08-24,day,2026-08,MCBA,Hortalizas,Hortalizas,REMOLACHA,Remolacha,,,BS. AS.,Buenos Aires,BOLSA,Bo,Primera,MEDIANO,,,950.0,950.0,0.0,ARS/kg,$/kg,ARS,,True,1,ed9340e660c01e4a5e2680058af1998b372d6f2c235e7b02ffea75a6c0d35a25,2026-10-06T121056_106249Z-b1481b8f,772d829a7107696889aff0ebeafed530064866f7b4b1fdd62e15d030ad31bcec,83130,HORTALIZA_ AGOSTO_26_0.zip/RH240826.XLS,https://ssma.magyp.gob.ar/frutas.precios.aspx
exact_available_dimensions,2026-08-24,2026-08-24,day,2026-08,MCBA,Hortalizas,Hortalizas,REMOLACHA,Remolacha,Prom.Esp.,Prom.Esp.,,,,,,,,,962.0,962.0,0.0,ARS/kg,$/kg,ARS,,False,1,cd79698cf43e8afad8d4d8ac072ecf0dae1a77a83f52ff13a14f112f2588759c,2026-10-06T121056_106249Z-b1481b8f,772d829a7107696889aff0ebeafed530064866f7b4b1fdd62e15d030ad31bcec,83135,HORTALIZA_ AGOSTO_26_0.zip/RH240826.XLS,https://ssma.magyp.gob.ar/frutas.precios.aspx
probable,2026-08-24,2026-08-24,day,2026-08,MCBA,Hortalizas,Hortalizas,REP.BRUSEL,Rep.Brusel,,,M.D.PLAT,Mar del Plata,,,Primera,MEDIANO,,,2500.0,2500.0,0.0,ARS/kg,$/kg,ARS,,True,1,583a8c980d2f62ef813d4dcf2aa3d9168963a3bfcdc11535778438f98c791ede,2026-10-06T121056_106249Z-b1481b8f,772d829a7107696889aff0ebeafed530064866f7b4b1fdd62e15d030ad31bcec,83136,HORTALIZA_ AGOSTO_26_0.zip/RH240826.XLS,https://ssma.magyp.gob.ar/frutas.precios.aspx
exact_available_dimensions,2026-08-24,2026-08-24,day,2026-08,MCBA,Hortalizas,Hortalizas,REP.BRUSEL,Rep.Brusel,Prom.Esp.,Prom.Esp.,,,,,,,,,2500.0,2500.0,0.0,ARS/kg,$/kg,ARS,,False,1,5c4374e6f7584b4bf16027a79cc6c133fb3ba7dee4896e4424dac14c7d153a28,2026-10-06T121056_106249Z-b1481b8f,772d829a7107696889aff0ebeafed530064866f7b4b1fdd62e15d030ad31bcec,83137,HORTALIZA_ AGOSTO_26_0.zip/RH240826.XLS,https://ssma.magyp.gob.ar/frutas.precios.aspx
probable,2026-08-24,2026-08-24,day,2026-08,MCBA,Hortalizas,Hortalizas,RADICCHIO,Radicchio,,,MENDOZA,Mendoza,PERDIDO,Pe,Primera,MEDIANO,,,4400.0,4400.0,0.0,ARS/kg,$/kg,ARS,,True,1,d49016c9f233d4f59946fc9fa327a606fd1b1b85c0479f3df2ae7401c9ca486a,2026-10-06T121056_106249Z-b1481b8f,772d829a7107696889aff0ebeafed530064866f7b4b1fdd62e15d030ad31bcec,83125,HORTALIZA_ AGOSTO_26_0.zip/RH240826.XLS,https://ssma.magyp.gob.ar/frutas.precios.aspx
exact_available_dimensions,2026-08-24,2026-08-24,day,2026-08,MCBA,Hortalizas,Hortalizas,RADICCHIO,Radicchio,Prom.Esp.,Prom.Esp.,,,,,,,,,4400.0,4400.0,0.0,ARS/kg,$/kg,ARS,,False,1,d00b0269dd62782876dd7dda2293ae695132a0365caf2be8e5e750ede881fac9,2026-10-06T121056_106249Z-b1481b8f,772d829a7107696889aff0ebeafed530064866f7b4b1fdd62e15d030ad31bcec,83126,HORTALIZA_ AGOSTO_26_0.zip/RH240826.XLS,https://ssma.magyp.gob.ar/frutas.precios.aspx
probable,2026-08-24,2026-08-24,day,2026-08,MCBA,Hortalizas,Hortalizas,PUERRO,Puerro,,,BS. AS.,Buenos Aires,JAULA,Ja,Primera,MEDIANO,,,2300.0,2300.0,0.0,ARS/kg,$/kg,ARS,,True,1,375c85d1a16d0cab92e59d95d2f5e210572cccfcce603b48b4b89746257be73c,2026-10-06T121056_106249Z-b1481b8f,772d829a7107696889aff0ebeafed530064866f7b4b1fdd62e15d030ad31bcec,83121,HORTALIZA_ AGOSTO_26_0.zip/RH240826.XLS,https://ssma.magyp.gob.ar/frutas.precios.aspx
probable,2026-08-24,2026-08-24,day,2026-08,MCBA,Hortalizas,Hortalizas,PUERRO,Puerro,,,BS. AS.,Buenos Aires,ATADO,At,Primera,MEDIANO,,,2500.0,2500.0,0.0,ARS/kg,$/kg,ARS,,True,1,9007bf61242932be8107ef31ab2c6a9a5d3c2f7e82a4a5e266e029f1abaa384c,2026-10-06T121056_106249Z-b1481b8f,772d829a7107696889aff0ebeafed530064866f7b4b1fdd62e15d030ad31bcec,83120,HORTALIZA_ AGOSTO_26_0.zip/RH240826.XLS,https://ssma.magyp.gob.ar/frutas.precios.aspx
exact_available_dimensions,2026-08-24,2026-08-24,day,2026-08,MCBA,Hortalizas,Hortalizas,PUERRO,Puerro,Prom.Esp.,Prom.Esp.,,,,,,,,,2400.0,2400.0,0.0,ARS/kg,$/kg,ARS,,False,1,351fe0fc03cd2e8822ceae38c05c4ad2b3ea6448b0f5615e4b22cbe4e1faf5c7,2026-10-06T121056_106249Z-b1481b8f,772d829a7107696889aff0ebeafed530064866f7b4b1fdd62e15d030ad31bcec,83122,HORTALIZA_ AGOSTO_26_0.zip/RH240826.XLS,https://ssma.magyp.gob.ar/frutas.precios.aspx
probable,2026-08-24,2026-08-24,day,2026-08,MCBA,Hortalizas,Hortalizas,PIMIENTO,Pimiento,VINAGRE,Vinagre,SALTA,Salta,PERDIDO,Pe,Primera,MEDIANO,VERDE,,1400.0,1400.0,0.0,ARS/kg,$/kg,ARS,,True,1,7e762b03b8621eaf7b015c8e04f8b788bdd77ae75c14316a6b50779d4cdaef6b,2026-10-06T121056_106249Z-b1481b8f,772d829a7107696889aff0ebeafed530064866f7b4b1fdd62e15d030ad31bcec,83118,HORTALIZA_ AGOSTO_26_0.zip/RH240826.XLS,https://ssma.magyp.gob.ar/frutas.precios.aspx
exact_available_dimensions,2026-08-24,2026-08-24,day,2026-08,MCBA,Hortalizas,Hortalizas,PIMIENTO,Pimiento,Prom.Esp.,Prom.Esp.,,,,,,,,,2762.5,2762.5,0.0,ARS/kg,$/kg,ARS,,False,1,8cccac97429fa394f1c31f89e24063a44868c0b548d245012f7c4aeb4d179fe8,2026-10-06T121056_106249Z-b1481b8f,772d829a7107696889aff0ebeafed530064866f7b4b1fdd62e15d030ad31bcec,83119,HORTALIZA_ AGOSTO_26_0.zip/RH240826.XLS,https://ssma.magyp.gob.ar/frutas.precios.aspx
probable,2026-08-24,2026-08-24,day,2026-08,MCBA,Hortalizas,Hortalizas,PIMIENTO,Pimiento,MORRON,Morron,SALTA,Salta,PERDIDO,Pe,Primera,MEDIANO,VDE/INV,,2100.0,2100.0,0.0,ARS/kg,$/kg,ARS,,True,1,e6074a1cb1a03aac138f2287afb4a23c3fef7c201fc0064f44d81b2fee1f8b14,2026-10-06T121056_106249Z-b1481b8f,772d829a7107696889aff0ebeafed530064866f7b4b1fdd62e15d030ad31bcec,83117,HORTALIZA_ AGOSTO_26_0.zip/RH240826.XLS,https://ssma.magyp.gob.ar/frutas.precios.aspx
probable,2026-08-24,2026-08-24,day,2026-08,MCBA,Hortalizas,Hortalizas,PIMIENTO,Pimiento,MORRON,Morron,SALTA,Salta,PERDIDO,Pe,Primera,MEDIANO,ROJO/INV,,3500.0,3500.0,0.0,ARS/kg,$/kg,ARS,,True,1,856cb383846c900d54d2fd23d802f60e066cce0ab63f6c0287f4dd2d24e2e8a7,2026-10-06T121056_106249Z-b1481b8f,772d829a7107696889aff0ebeafed530064866f7b4b1fdd62e15d030ad31bcec,83116,HORTALIZA_ AGOSTO_26_0.zip/RH240826.XLS,https://ssma.magyp.gob.ar/frutas.precios.aspx
probable,2026-08-24,2026-08-24,day,2026-08,MCBA,Hortalizas,Hortalizas,PIMIENTO,Pimiento,MORRON,Morron,SALTA,Salta,PERDIDO,Pe,Primera,GRANDE,VDE/INV,,2400.0,2400.0,0.0,ARS/kg,$/kg,ARS,,True,1,9fb5ad5629cf2f54561331d6fa3ba52ef97e77056611c5b959f82e1128323356,2026-10-06T121056_106249Z-b1481b8f,772d829a7107696889aff0ebeafed530064866f7b4b1fdd62e15d030ad31bcec,83115,HORTALIZA_ AGOSTO_26_0.zip/RH240826.XLS,https://ssma.magyp.gob.ar/frutas.precios.aspx
probable,2026-08-24,2026-08-24,day,2026-08,MCBA,Hortalizas,Hortalizas,PIMIENTO,Pimiento,MORRON,Morron,SALTA,Salta,PERDIDO,Pe,Primera,GRANDE,ROJO/INV,,3900.0,3900.0,0.0,ARS/kg,$/kg,ARS,,True,1,d50719d9173c476a111f0ca0708c557f133836361b37bb3b27ca23c7c41b0151,2026-10-06T121056_106249Z-b1481b8f,772d829a7107696889aff0ebeafed530064866f7b4b1fdd62e15d030ad31bcec,83114,HORTALIZA_ AGOSTO_26_0.zip/RH240826.XLS,https://ssma.magyp.gob.ar/frutas.precios.aspx
probable,2026-08-24,2026-08-24,day,2026-08,MCBA,Hortalizas,Hortalizas,PIMIENTO,Pimiento,MORRON,Morron,CTES.,Corrientes,TORO,To,Primera,MEDIANO,VDE/INV,,1500.0,1500.0,0.0,ARS/kg,$/kg,ARS,,True,1,f092e6ee3fc20574254c6d9a1874c830a215855371e48ef68351539a4430c2b7,2026-10-06T121056_106249Z-b1481b8f,772d829a7107696889aff0ebeafed530064866f7b4b1fdd62e15d030ad31bcec,83113,HORTALIZA_ AGOSTO_26_0.zip/RH240826.XLS,https://ssma.magyp.gob.ar/frutas.precios.aspx
probable,2026-08-24,2026-08-24,day,2026-08,MCBA,Hortalizas,Hortalizas,PIMIENTO,Pimiento,MORRON,Morron,CTES.,Corrientes,TORO,To,Primera,MEDIANO,ROJO/INV,,2500.0,2500.0,0.0,ARS/kg,$/kg,ARS,,True,1,2ed25d6558ca7bd52c03894c25394131341c00abf3aec40e2e415b25c198151e,2026-10-06T121056_106249Z-b1481b8f,772d829a7107696889aff0ebeafed530064866f7b4b1fdd62e15d030ad31bcec,83112,HORTALIZA_ AGOSTO_26_0.zip/RH240826.XLS,https://ssma.magyp.gob.ar/frutas.precios.aspx
probable,2026-08-24,2026-08-24,day,2026-08,MCBA,Hortalizas,Hortalizas,PIMIENTO,Pimiento,MORRON,Morron,CTES.,Corrientes,TORO,To,Primera,GRANDE,VDE/INV,,2000.0,2000.0,0.0,ARS/kg,$/kg,ARS,,True,1,fa6c8bca0a73d4dc13b09a717d55db576fb5f21c77c07f55f158edd24475cdc7,2026-10-06T121056_106249Z-b1481b8f,772d829a7107696889aff0ebeafed530064866f7b4b1fdd62e15d030ad31bcec,83111,HORTALIZA_ AGOSTO_26_0.zip/RH240826.XLS,https://ssma.magyp.gob.ar/frutas.precios.aspx
probable,2026-08-24,2026-08-24,day,2026-08,MCBA,Hortalizas,Hortalizas,PIMIENTO,Pimiento,MORRON,Morron,CTES.,Corrientes,TORO,To,Primera,GRANDE,ROJO/INV,,3000.0,3000.0,0.0,ARS/kg,$/kg,ARS,,True,1,e20da1bbf162c5b47a7608b2040c599b6d6ae154033198e2fbbb1af723cf801e,2026-10-06T121056_106249Z-b1481b8f,772d829a7107696889aff0ebeafed530064866f7b4b1fdd62e15d030ad31bcec,83110,HORTALIZA_ AGOSTO_26_0.zip/RH240826.XLS,https://ssma.magyp.gob.ar/frutas.precios.aspx
magyp_only,2026-08-24,,,2026-08,MCBA,Hortalizas,,PIMIENTO,,JALAPE¥O,,CTES.,,PERDIDO,,Primera,MEDIANO,ROJO,,3600.0,,,ARS/kg,,ARS,,False,0,b3e78ed1122d94991d70afccc06d657e5e416642805d4c853a97dfc0875bf8a2,2026-10-06T121056_106249Z-b1481b8f,772d829a7107696889aff0ebeafed530064866f7b4b1fdd62e15d030ad31bcec,,,https://ssma.magyp.gob.ar/frutas.precios.aspx
probable,2026-08-24,2026-08-24,day,2026-08,MCBA,Hortalizas,Hortalizas,PIMIENTO,Pimiento,JALAPEÑO,Jalapeño,SALTA,Salta,BANDEJA,Ba,Primera,MEDIANO,ROJO,,4000.0,4000.0,0.0,ARS/kg,$/kg,ARS,,True,1,8dc2a779f19b8e1113ee5a07cdf78637f7ccdf9d1e3296c495a4beef4f35219b,2026-10-06T121056_106249Z-b1481b8f,772d829a7107696889aff0ebeafed530064866f7b4b1fdd62e15d030ad31bcec,83109,HORTALIZA_ AGOSTO_26_0.zip/RH240826.XLS,https://ssma.magyp.gob.ar/frutas.precios.aspx
probable,2026-08-24,2026-08-24,day,2026-08,MCBA,Hortalizas,Hortalizas,PIMIENTO,Pimiento,JALAPEÑO,Jalapeño,SALTA,Salta,BANDEJA,Ba,Primera,GRANDE,VERDE,,3250.0,3250.0,0.0,ARS/kg,$/kg,ARS,,True,1,e531012b235f9198e40a6acb08abdec2649fb8b96c832a1268f04fc547dcb7d5,2026-10-06T121056_106249Z-b1481b8f,772d829a7107696889aff0ebeafed530064866f7b4b1fdd62e15d030ad31bcec,83108,HORTALIZA_ AGOSTO_26_0.zip/RH240826.XLS,https://ssma.magyp.gob.ar/frutas.precios.aspx
probable,2026-08-24,2026-08-24,day,2026-08,MCBA,Hortalizas,Hortalizas,PEREJIL,Perejil,,,SGO.EST.,Sgo.Est.,PERDIDO,Pe,Primera,MEDIANO,,,1100.0,1100.0,0.0,ARS/kg,$/kg,ARS,,True,1,2ead53cbb41003024c6c32c3e23e0992cdffb9c8c2cf967402a83a46f697f25a,2026-10-06T121056_106249Z-b1481b8f,772d829a7107696889aff0ebeafed530064866f7b4b1fdd62e15d030ad31bcec,83105,HORTALIZA_ AGOSTO_26_0.zip/RH240826.XLS,https://ssma.magyp.gob.ar/frutas.precios.aspx
probable,2026-08-24,2026-08-24,day,2026-08,MCBA,Hortalizas,Hortalizas,PEREJIL,Perejil,,,BS. AS.,Buenos Aires,JAULA,Ja,Primera,MEDIANO,,,1300.0,1300.0,0.0,ARS/kg,$/kg,ARS,,True,1,1cacd123e2869ab2f6627086ae8a7c73b4feac74e3b68afd29feed83849c1756,2026-10-06T121056_106249Z-b1481b8f,772d829a7107696889aff0ebeafed530064866f7b4b1fdd62e15d030ad31bcec,83104,HORTALIZA_ AGOSTO_26_0.zip/RH240826.XLS,https://ssma.magyp.gob.ar/frutas.precios.aspx
probable,2026-08-24,2026-08-24,day,2026-08,MCBA,Hortalizas,Hortalizas,PEREJIL,Perejil,,,BS. AS.,Buenos Aires,JAULA,Ja,Primera,GRANDE,,,1700.0,1700.0,0.0,ARS/kg,$/kg,ARS,,True,1,624c7aa290bed41ab732cc2769fb6fdf3ae98c2cd332099c9a58d2c51715e0ec,2026-10-06T121056_106249Z-b1481b8f,772d829a7107696889aff0ebeafed530064866f7b4b1fdd62e15d030ad31bcec,83103,HORTALIZA_ AGOSTO_26_0.zip/RH240826.XLS,https://ssma.magyp.gob.ar/frutas.precios.aspx
exact_available_dimensions,2026-08-24,2026-08-24,day,2026-08,MCBA,Hortalizas,Hortalizas,PEREJIL,Perejil,Prom.Esp.,Prom.Esp.,,,,,,,,,1366.67,1366.67,0.0,ARS/kg,$/kg,ARS,,False,1,4a637f2c45a8cb6f8cc9b23b54655e020c8ced353ce68d5bf829df58fc9d3e6b,2026-10-06T121056_106249Z-b1481b8f,772d829a7107696889aff0ebeafed530064866f7b4b1fdd62e15d030ad31bcec,83106,HORTALIZA_ AGOSTO_26_0.zip/RH240826.XLS,https://ssma.magyp.gob.ar/frutas.precios.aspx
probable,2026-08-24,2026-08-24,day,2026-08,MCBA,Hortalizas,Hortalizas,PEPINO,Pepino,,,SALTA,Salta,TORO,To,Primera,MEDIANO,INVERNAC,,833.33,833.33,0.0,ARS/kg,$/kg,ARS,,True,1,4892491c7e2bce9f48e405c8cfef3a42fc4a90f95167d29d6970be03e7cab266,2026-10-06T121056_106249Z-b1481b8f,772d829a7107696889aff0ebeafed530064866f7b4b1fdd62e15d030ad31bcec,83101,HORTALIZA_ AGOSTO_26_0.zip/RH240826.XLS,https://ssma.magyp.gob.ar/frutas.precios.aspx
probable,2026-08-24,2026-08-24,day,2026-08,MCBA,Hortalizas,Hortalizas,PEPINO,Pepino,,,SALTA,Salta,TORO,To,Primera,MEDIANO,,,666.67,666.67,0.0,ARS/kg,$/kg,ARS,,True,1,c7c1d8d6e4d304589f29f547aa5c38b550a87cd95a656f70fca643e1df449b85,2026-10-06T121056_106249Z-b1481b8f,772d829a7107696889aff0ebeafed530064866f7b4b1fdd62e15d030ad31bcec,83100,HORTALIZA_ AGOSTO_26_0.zip/RH240826.XLS,https://ssma.magyp.gob.ar/frutas.precios.aspx
probable,2026-08-24,2026-08-24,day,2026-08,MCBA,Hortalizas,Hortalizas,PEPINO,Pepino,,,CTES.,Corrientes,TORO,To,Primera,MEDIANO,INVERNAC,,666.67,666.67,0.0,ARS/kg,$/kg,ARS,,True,1,4a6664c7ed0e7f860b2e6ad57ac581375369bf8f44875e1be3a966e509acaa43,2026-10-06T121056_106249Z-b1481b8f,772d829a7107696889aff0ebeafed530064866f7b4b1fdd62e15d030ad31bcec,83099,HORTALIZA_ AGOSTO_26_0.zip/RH240826.XLS,https://ssma.magyp.gob.ar/frutas.precios.aspx
exact_available_dimensions,2026-08-24,2026-08-24,day,2026-08,MCBA,Hortalizas,Hortalizas,PEPINO,Pepino,Prom.Esp.,Prom.Esp.,,,,,,,,,722.22,722.22,0.0,ARS/kg,$/kg,ARS,,False,1,21784ca4d16f5103ca6cabc7d88a533cef5910752bc83e6751593bee617695b2,2026-10-06T121056_106249Z-b1481b8f,772d829a7107696889aff0ebeafed530064866f7b4b1fdd62e15d030ad31bcec,83102,HORTALIZA_ AGOSTO_26_0.zip/RH240826.XLS,https://ssma.magyp.gob.ar/frutas.precios.aspx
probable,2026-08-24,2026-08-24,day,2026-08,MCBA,Hortalizas,Hortalizas,PAPA,Papa,SPUNTA,Spunta,V.DOLOR.,V.Dolor.,BOLSA,Bo,Segunda,MEDIANO,,,972.22,972.22,0.0,ARS/kg,$/kg,ARS,,True,1,08b62f9f791bf16798c01921f87b0d6718fef1ab55ae0dbff3e86568a7c394a1,2026-10-06T121056_106249Z-b1481b8f,772d829a7107696889aff0ebeafed530064866f7b4b1fdd62e15d030ad31bcec,83097,HORTALIZA_ AGOSTO_26_0.zip/RH240826.XLS,https://ssma.magyp.gob.ar/frutas.precios.aspx
probable,2026-08-24,2026-08-24,day,2026-08,MCBA,Hortalizas,Hortalizas,PAPA,Papa,SPUNTA,Spunta,SE BS.AS,Se Bs.As,BOLSA,Bo,Segunda,MEDIANO,CEPILLAD,,888.89,888.89,0.0,ARS/kg,$/kg,ARS,,True,1,435ddb6f8e921030a2664781a1494c7c89e1b37448858173bba9dfdd457abd0d,2026-10-06T121056_106249Z-b1481b8f,772d829a7107696889aff0ebeafed530064866f7b4b1fdd62e15d030ad31bcec,83096,HORTALIZA_ AGOSTO_26_0.zip/RH240826.XLS,https://ssma.magyp.gob.ar/frutas.precios.aspx
probable,2026-08-24,2026-08-24,day,2026-08,MCBA,Hortalizas,Hortalizas,PAPA,Papa,SPUNTA,Spunta,SE BS.AS,Se Bs.As,BOLSA,Bo,Segunda,MEDIANO,,,722.22,722.22,0.0,ARS/kg,$/kg,ARS,,True,1,87b79b5a18046157315869313a0d227b7ff0a122caeb5f3083632cb2bd124816,2026-10-06T121056_106249Z-b1481b8f,772d829a7107696889aff0ebeafed530064866f7b4b1fdd62e15d030ad31bcec,83095,HORTALIZA_ AGOSTO_26_0.zip/RH240826.XLS,https://ssma.magyp.gob.ar/frutas.precios.aspx
probable,2026-08-24,2026-08-24,day,2026-08,MCBA,Hortalizas,Hortalizas,PAPA,Papa,SPUNTA,Spunta,CORDOBA,Córdoba,BOLSA,Bo,Segunda,MEDIANO,,,1000.0,1000.0,0.0,ARS/kg,$/kg,ARS,,True,1,ef8f6ebb10fad9e2515a8b3b7bab161cbade01d61ea2a199bcc993c5943e97c0,2026-10-06T121056_106249Z-b1481b8f,772d829a7107696889aff0ebeafed530064866f7b4b1fdd62e15d030ad31bcec,83094,HORTALIZA_ AGOSTO_26_0.zip/RH240826.XLS,https://ssma.magyp.gob.ar/frutas.precios.aspx
probable,2026-08-24,2026-08-24,day,2026-08,MCBA,Hortalizas,Hortalizas,PAPA,Papa,SPUNTA,Spunta,CATAMARC,Catamarc,BOLSA,Bo,Segunda,MEDIANO,,,944.44,944.44,0.0,ARS/kg,$/kg,ARS,,True,1,9ae225f1ee57856b7255765c3ad291421ed531e942496187437d35babc58b026,2026-10-06T121056_106249Z-b1481b8f,772d829a7107696889aff0ebeafed530064866f7b4b1fdd62e15d030ad31bcec,83093,HORTALIZA_ AGOSTO_26_0.zip/RH240826.XLS,https://ssma.magyp.gob.ar/frutas.precios.aspx
exact_available_dimensions,2026-08-24,2026-08-24,day,2026-08,MCBA,Hortalizas,Hortalizas,PAPA,Papa,Prom.Esp.,Prom.Esp.,,,,,,,,,934.63,934.63,0.0,ARS/kg,$/kg,ARS,,False,1,96cfe77b9e48a3b5107988e356b5d44eaaa7961c663abd45dd3403c5d1874b85,2026-10-06T121056_106249Z-b1481b8f,772d829a7107696889aff0ebeafed530064866f7b4b1fdd62e15d030ad31bcec,83098,HORTALIZA_ AGOSTO_26_0.zip/RH240826.XLS,https://ssma.magyp.gob.ar/frutas.precios.aspx
probable,2026-08-24,2026-08-24,day,2026-08,MCBA,Hortalizas,Hortalizas,PAPA,Papa,AGATA,Agata,BRASIL,Brasil,BOLSA,Bo,Primera,MEDIANO,LAVADA,,1080.0,1080.0,0.0,ARS/kg,$/kg,ARS,,True,1,0ea0cc4680d0f2e9e873ecc3efb595f934891f4a6b54a6ef37a703e0813398f8,2026-10-06T121056_106249Z-b1481b8f,772d829a7107696889aff0ebeafed530064866f7b4b1fdd62e15d030ad31bcec,83092,HORTALIZA_ AGOSTO_26_0.zip/RH240826.XLS,https://ssma.magyp.gob.ar/frutas.precios.aspx
probable,2026-08-24,2026-08-24,day,2026-08,MCBA,Hortalizas,Hortalizas,PACK CHOY,Pack Choy,,,BS. AS.,Buenos Aires,BANDEJA,Ba,Primera,,,,3000.0,3000.0,0.0,ARS/kg,$/kg,ARS,,True,1,405c8fc8e61df8aedada4954fc72b6755260491d92f3c4d0742729ba30ba9ef5,2026-10-06T121056_106249Z-b1481b8f,772d829a7107696889aff0ebeafed530064866f7b4b1fdd62e15d030ad31bcec,83090,HORTALIZA_ AGOSTO_26_0.zip/RH240826.XLS,https://ssma.magyp.gob.ar/frutas.precios.aspx
exact_available_dimensions,2026-08-24,2026-08-24,day,2026-08,MCBA,Hortalizas,Hortalizas,PACK CHOY,Pack Choy,Prom.Esp.,Prom.Esp.,,,,,,,,,3000.0,3000.0,0.0,ARS/kg,$/kg,ARS,,False,1,3dfa8bd4a2a9238430744fccb0af3d4ed20c4a3a362e1827a48061f541a502f9,2026-10-06T121056_106249Z-b1481b8f,772d829a7107696889aff0ebeafed530064866f7b4b1fdd62e15d030ad31bcec,83091,HORTALIZA_ AGOSTO_26_0.zip/RH240826.XLS,https://ssma.magyp.gob.ar/frutas.precios.aspx
probable,2026-08-24,2026-08-24,day,2026-08,MCBA,Hortalizas,Hortalizas,OREGANO,Oregano,,,BS. AS.,Buenos Aires,BOLSA,Bo,Primera,,,,9500.0,9500.0,0.0,ARS/kg,$/kg,ARS,,True,1,25441f0c99ee23cda3a5d5e71218fde6c192207e7b12cddb8cbcbac75c085c5b,2026-10-06T121056_106249Z-b1481b8f,772d829a7107696889aff0ebeafed530064866f7b4b1fdd62e15d030ad31bcec,83088,HORTALIZA_ AGOSTO_26_0.zip/RH240826.XLS,https://ssma.magyp.gob.ar/frutas.precios.aspx
exact_available_dimensions,2026-08-24,2026-08-24,day,2026-08,MCBA,Hortalizas,Hortalizas,OREGANO,Oregano,Prom.Esp.,Prom.Esp.,,,,,,,,,9500.0,9500.0,0.0,ARS/kg,$/kg,ARS,,False,1,fc1f8d76cb47438a1bad700cf97be1cb5d3ab43da8142c634691c6d1a734b9b1,2026-10-06T121056_106249Z-b1481b8f,772d829a7107696889aff0ebeafed530064866f7b4b1fdd62e15d030ad31bcec,83089,HORTALIZA_ AGOSTO_26_0.zip/RH240826.XLS,https://ssma.magyp.gob.ar/frutas.precios.aspx
exact_available_dimensions,2026-08-24,2026-08-24,day,2026-08,MCBA,Hortalizas,Hortalizas,NABO,Nabo,Prom.Esp.,Prom.Esp.,,,,,,,,,1333.33,1333.33,0.0,ARS/kg,$/kg,ARS,,False,1,123e2a04c841ee78b10e60c407b380753e37738c530c8b511650feb9be42b036,2026-10-06T121056_106249Z-b1481b8f,772d829a7107696889aff0ebeafed530064866f7b4b1fdd62e15d030ad31bcec,83087,HORTALIZA_ AGOSTO_26_0.zip/RH240826.XLS,https://ssma.magyp.gob.ar/frutas.precios.aspx
probable,2026-08-24,2026-08-24,day,2026-08,MCBA,Hortalizas,Hortalizas,NABO,Nabo,BLANCO,Blanco,BS. AS.,Buenos Aires,ATADO,At,Primera,MEDIANO,,,1333.33,1333.33,0.0,ARS/kg,$/kg,ARS,,True,1,23f0ef52f1f3426a10dfcbe823f29dc4b26ec509390830eadf766736a8a16835,2026-10-06T121056_106249Z-b1481b8f,772d829a7107696889aff0ebeafed530064866f7b4b1fdd62e15d030ad31bcec,83086,HORTALIZA_ AGOSTO_26_0.zip/RH240826.XLS,https://ssma.magyp.gob.ar/frutas.precios.aspx
probable,2026-08-24,2026-08-24,day,2026-08,MCBA,Hortalizas,Hortalizas,MENTA,Menta,,,BS. AS.,Buenos Aires,ATADO,At,Primera,MEDIANO,,,9500.0,9500.0,0.0,ARS/kg,$/kg,ARS,,True,1,d4a360b8cd0cd022b8d4059d34b73ced17c566b0064ee0fc56e3ddfe75a39580,2026-10-06T121056_106249Z-b1481b8f,772d829a7107696889aff0ebeafed530064866f7b4b1fdd62e15d030ad31bcec,83084,HORTALIZA_ AGOSTO_26_0.zip/RH240826.XLS,https://ssma.magyp.gob.ar/frutas.precios.aspx
exact_available_dimensions,2026-08-24,2026-08-24,day,2026-08,MCBA,Hortalizas,Hortalizas,MENTA,Menta,Prom.Esp.,Prom.Esp.,,,,,,,,,9500.0,9500.0,0.0,ARS/kg,$/kg,ARS,,False,1,828e8460362feacb3c1281c3799a6b518f8492105ae9852262ded95033add67d,2026-10-06T121056_106249Z-b1481b8f,772d829a7107696889aff0ebeafed530064866f7b4b1fdd62e15d030ad31bcec,83085,HORTALIZA_ AGOSTO_26_0.zip/RH240826.XLS,https://ssma.magyp.gob.ar/frutas.precios.aspx
probable,2026-08-24,2026-08-24,day,2026-08,MCBA,Hortalizas,Hortalizas,MANDIOCA,Mandioca,,,MISIONES,Misiones,BOLSA,Bo,Primera,GRANDE,,,700.0,700.0,0.0,ARS/kg,$/kg,ARS,,True,1,3a65525e1398af51ea3cea748093e5863cbc20b571cba6488aa7200178cc2fe0,2026-10-06T121056_106249Z-b1481b8f,772d829a7107696889aff0ebeafed530064866f7b4b1fdd62e15d030ad31bcec,83082,HORTALIZA_ AGOSTO_26_0.zip/RH240826.XLS,https://ssma.magyp.gob.ar/frutas.precios.aspx
exact_available_dimensions,2026-08-24,2026-08-24,day,2026-08,MCBA,Hortalizas,Hortalizas,MANDIOCA,Mandioca,Prom.Esp.,Prom.Esp.,,,,,,,,,700.0,700.0,0.0,ARS/kg,$/kg,ARS,,False,1,344dad9d17b38b5d7d4d175b85c93195993e8cb815eef40139238fa88762de49,2026-10-06T121056_106249Z-b1481b8f,772d829a7107696889aff0ebeafed530064866f7b4b1fdd62e15d030ad31bcec,83083,HORTALIZA_ AGOSTO_26_0.zip/RH240826.XLS,https://ssma.magyp.gob.ar/frutas.precios.aspx
exact_available_dimensions,2026-08-24,2026-08-24,day,2026-08,MCBA,Hortalizas,Hortalizas,LECHUGA,Lechuga,Prom.Esp.,Prom.Esp.,,,,,,,,,971.92,971.92,0.0,ARS/kg,$/kg,ARS,,False,1,c20379ec69d10cdb0080a6367b08d94bcc749fe4b5b7a3b5ba1eb960a0f5849b,2026-10-06T121056_106249Z-b1481b8f,772d829a7107696889aff0ebeafed530064866f7b4b1fdd62e15d030ad31bcec,83081,HORTALIZA_ AGOSTO_26_0.zip/RH240826.XLS,https://ssma.magyp.gob.ar/frutas.precios.aspx
probable,2026-08-24,2026-08-24,day,2026-08,MCBA,Hortalizas,Hortalizas,LECHUGA,Lechuga,MANTECOSA,Mantecosa,BS. AS.,Buenos Aires,JAULA,Ja,Primera,MEDIANO,INVERNAC,,1300.0,1300.0,0.0,ARS/kg,$/kg,ARS,,True,1,b03e06f8dd1d7d68642e45caa44ccbbf74ed4b8e47f3b61d666c255c16240973,2026-10-06T121056_106249Z-b1481b8f,772d829a7107696889aff0ebeafed530064866f7b4b1fdd62e15d030ad31bcec,83080,HORTALIZA_ AGOSTO_26_0.zip/RH240826.XLS,https://ssma.magyp.gob.ar/frutas.precios.aspx
probable,2026-08-24,2026-08-24,day,2026-08,MCBA,Hortalizas,Hortalizas,LECHUGA,Lechuga,MANTECOSA,Mantecosa,BS. AS.,Buenos Aires,JAULA,Ja,Primera,GRANDE,INVERNAC,,1640.0,1640.0,0.0,ARS/kg,$/kg,ARS,,True,1,8150a31dfa77ace0bc9c76dd482fae2079fc3526fa956100e6cc8e76524bab52,2026-10-06T121056_106249Z-b1481b8f,772d829a7107696889aff0ebeafed530064866f7b4b1fdd62e15d030ad31bcec,83079,HORTALIZA_ AGOSTO_26_0.zip/RH240826.XLS,https://ssma.magyp.gob.ar/frutas.precios.aspx
probable,2026-08-24,2026-08-24,day,2026-08,MCBA,Hortalizas,Hortalizas,LECHUGA,Lechuga,FRANCESA,Francesa,BS. AS.,Buenos Aires,JAULA,Ja,Primera,MEDIANO,,,875.0,875.0,0.0,ARS/kg,$/kg,ARS,,True,1,dec2bf86eb042d395c6e94849a9bae69b159fda943aef5edb6527189f4644911,2026-10-06T121056_106249Z-b1481b8f,772d829a7107696889aff0ebeafed530064866f7b4b1fdd62e15d030ad31bcec,83078,HORTALIZA_ AGOSTO_26_0.zip/RH240826.XLS,https://ssma.magyp.gob.ar/frutas.precios.aspx
probable,2026-08-24,2026-08-24,day,2026-08,MCBA,Hortalizas,Hortalizas,LECHUGA,Lechuga,CRIOLLA,Criolla,SANTA FE,Santa Fe,JAULA,Ja,Primera,MEDIANO,,,833.33,833.33,0.0,ARS/kg,$/kg,ARS,,True,1,b5dab91b15e04faf2ff9a979896628353e1c2e3b6724955fd554392d1895e631,2026-10-06T121056_106249Z-b1481b8f,772d829a7107696889aff0ebeafed530064866f7b4b1fdd62e15d030ad31bcec,83077,HORTALIZA_ AGOSTO_26_0.zip/RH240826.XLS,https://ssma.magyp.gob.ar/frutas.precios.aspx
probable,2026-08-24,2026-08-24,day,2026-08,MCBA,Hortalizas,Hortalizas,LECHUGA,Lechuga,CRIOLLA,Criolla,BS. AS.,Buenos Aires,JAULA,Ja,Primera,MEDIANO,INVERNAC,,812.5,812.5,0.0,ARS/kg,$/kg,ARS,,True,1,704d5927a0a6f641fd4fbdfdb8eb52214a41f8928bf4290a8525b9e6b1a65b06,2026-10-06T121056_106249Z-b1481b8f,772d829a7107696889aff0ebeafed530064866f7b4b1fdd62e15d030ad31bcec,83076,HORTALIZA_ AGOSTO_26_0.zip/RH240826.XLS,https://ssma.magyp.gob.ar/frutas.precios.aspx
probable,2026-08-24,2026-08-24,day,2026-08,MCBA,Hortalizas,Hortalizas,LECHUGA,Lechuga,CRIOLLA,Criolla,BS. AS.,Buenos Aires,JAULA,Ja,Primera,GRANDE,INVERNAC,,1000.0,1000.0,0.0,ARS/kg,$/kg,ARS,,True,1,ee627450110df2b2510925747244873dae210528c4b49a0b27941380c7cb1157,2026-10-06T121056_106249Z-b1481b8f,772d829a7107696889aff0ebeafed530064866f7b4b1fdd62e15d030ad31bcec,83075,HORTALIZA_ AGOSTO_26_0.zip/RH240826.XLS,https://ssma.magyp.gob.ar/frutas.precios.aspx
probable,2026-08-24,2026-08-24,day,2026-08,MCBA,Hortalizas,Hortalizas,LECHUGA,Lechuga,CAPUCHINA,Capuchina,SGO.EST.,Sgo.Est.,PERDIDO,Pe,Primera,MEDIANO,,,733.33,733.33,0.0,ARS/kg,$/kg,ARS,,True,1,0170f135cbfae99cfedf35bab68e7d7a40460a4bb5171e4e29113d0756353aca,2026-10-06T121056_106249Z-b1481b8f,772d829a7107696889aff0ebeafed530064866f7b4b1fdd62e15d030ad31bcec,83074,HORTALIZA_ AGOSTO_26_0.zip/RH240826.XLS,https://ssma.magyp.gob.ar/frutas.precios.aspx
probable,2026-08-24,2026-08-24,day,2026-08,MCBA,Hortalizas,Hortalizas,LECHUGA,Lechuga,CAPUCHINA,Capuchina,SANTA FE,Santa Fe,JAULA,Ja,Primera,MEDIANO,,,833.33,833.33,0.0,ARS/kg,$/kg,ARS,,True,1,1f82476edbbfb1837f976a1b3da4d0f315f83a1db507a330c762d9615c047d4c,2026-10-06T121056_106249Z-b1481b8f,772d829a7107696889aff0ebeafed530064866f7b4b1fdd62e15d030ad31bcec,83073,HORTALIZA_ AGOSTO_26_0.zip/RH240826.XLS,https://ssma.magyp.gob.ar/frutas.precios.aspx
probable,2026-08-24,2026-08-24,day,2026-08,MCBA,Hortalizas,Hortalizas,LECHUGA,Lechuga,CAPUCHINA,Capuchina,MENDOZA,Mendoza,PERDIDO,Pe,Primera,MEDIANO,,,900.0,900.0,0.0,ARS/kg,$/kg,ARS,,True,1,5e4516e6cc4dc01aadafcc173201dc6603e0c2dac55c4b66a9f6a612a38a4c4c,2026-10-06T121056_106249Z-b1481b8f,772d829a7107696889aff0ebeafed530064866f7b4b1fdd62e15d030ad31bcec,83072,HORTALIZA_ AGOSTO_26_0.zip/RH240826.XLS,https://ssma.magyp.gob.ar/frutas.precios.aspx
probable,2026-08-24,2026-08-24,day,2026-08,MCBA,Hortalizas,Hortalizas,LECHUGA,Lechuga,CAPUCHINA,Capuchina,BS. AS.,Buenos Aires,JAULA,Ja,Primera,MEDIANO,,,791.67,791.67,0.0,ARS/kg,$/kg,ARS,,True,1,7d069ec972604234a329247a018780d2d3fe5bc69888b721f5c19a8eb0f59dde,2026-10-06T121056_106249Z-b1481b8f,772d829a7107696889aff0ebeafed530064866f7b4b1fdd62e15d030ad31bcec,83071,HORTALIZA_ AGOSTO_26_0.zip/RH240826.XLS,https://ssma.magyp.gob.ar/frutas.precios.aspx
exact_available_dimensions,2026-08-24,2026-08-24,day,2026-08,MCBA,Hortalizas,Hortalizas,KALE,Kale,Prom.Esp.,Prom.Esp.,,,,,,,,,1150.0,1150.0,0.0,ARS/kg,$/kg,ARS,,False,1,b641982da5dd51e76c6bf28b577857b1eaeeeea921829ceb7b82e1382afcce9c,2026-10-06T121056_106249Z-b1481b8f,772d829a7107696889aff0ebeafed530064866f7b4b1fdd62e15d030ad31bcec,83070,HORTALIZA_ AGOSTO_26_0.zip/RH240826.XLS,https://ssma.magyp.gob.ar/frutas.precios.aspx
probable,2026-08-24,2026-08-24,day,2026-08,MCBA,Hortalizas,Hortalizas,KALE,Kale,MORADO,Morado,BS. AS.,Buenos Aires,ATADO,At,Primera,SIN TAM,,,1200.0,1200.0,0.0,ARS/kg,$/kg,ARS,,True,1,babdab2ed4479d8ea6c1fd9a560532aab97495f982153e13c17f6e099f7efc62,2026-10-06T121056_106249Z-b1481b8f,772d829a7107696889aff0ebeafed530064866f7b4b1fdd62e15d030ad31bcec,83069,HORTALIZA_ AGOSTO_26_0.zip/RH240826.XLS,https://ssma.magyp.gob.ar/frutas.precios.aspx
probable,2026-08-24,2026-08-24,day,2026-08,MCBA,Hortalizas,Hortalizas,KALE,Kale,CRESPO,Crespo,BS. AS.,Buenos Aires,ATADO,At,Primera,SIN TAM,VERDE,,1100.0,1100.0,0.0,ARS/kg,$/kg,ARS,,True,1,6538ce65dd006d4a7012346486a7fae43c2dfffd5990412bc7e64404841c91a7,2026-10-06T121056_106249Z-b1481b8f,772d829a7107696889aff0ebeafed530064866f7b4b1fdd62e15d030ad31bcec,83068,HORTALIZA_ AGOSTO_26_0.zip/RH240826.XLS,https://ssma.magyp.gob.ar/frutas.precios.aspx
probable,2026-08-24,2026-08-24,day,2026-08,MCBA,Hortalizas,Hortalizas,JENGIBRE,Jengibre,,,MISIONES,Misiones,BOLSA,Bo,Primera,MEDIANO,,,3400.0,3400.0,0.0,ARS/kg,$/kg,ARS,,True,1,a827c001d31fafa1e60977b0c731ce2d691945b6e4d9f9d27d87194b2a533eee,2026-10-06T121056_106249Z-b1481b8f,772d829a7107696889aff0ebeafed530064866f7b4b1fdd62e15d030ad31bcec,83066,HORTALIZA_ AGOSTO_26_0.zip/RH240826.XLS,https://ssma.magyp.gob.ar/frutas.precios.aspx
probable,2026-08-24,2026-08-24,day,2026-08,MCBA,Hortalizas,Hortalizas,JENGIBRE,Jengibre,,,BRASIL,Brasil,BOLSA,Bo,Primera,MEDIANO,,,3500.0,3500.0,0.0,ARS/kg,$/kg,ARS,,True,1,824579c125cf1e30cf2f3122782a98f4702af11bbad3ee7da1313b89cd5b3986,2026-10-06T121056_106249Z-b1481b8f,772d829a7107696889aff0ebeafed530064866f7b4b1fdd62e15d030ad31bcec,83065,HORTALIZA_ AGOSTO_26_0.zip/RH240826.XLS,https://ssma.magyp.gob.ar/frutas.precios.aspx
exact_available_dimensions,2026-08-24,2026-08-24,day,2026-08,MCBA,Hortalizas,Hortalizas,JENGIBRE,Jengibre,Prom.Esp.,Prom.Esp.,,,,,,,,,3450.0,3450.0,0.0,ARS/kg,$/kg,ARS,,False,1,53752875595e4cd58cd8a8d5c2faaafac565f999c6c0b0ce93b265e6a8254498,2026-10-06T121056_106249Z-b1481b8f,772d829a7107696889aff0ebeafed530064866f7b4b1fdd62e15d030ad31bcec,83067,HORTALIZA_ AGOSTO_26_0.zip/RH240826.XLS,https://ssma.magyp.gob.ar/frutas.precios.aspx
probable,2026-08-24,2026-08-24,day,2026-08,MCBA,Hortalizas,Hortalizas,HONGOS,Hongos,SHIITAKE,Shiitake,BS. AS.,Buenos Aires,BANDEJA,Ba,Primera,,,,23000.0,23000.0,0.0,ARS/kg,$/kg,ARS,,True,1,9e93b1d6c5fa1f5ce992b28533e775ffde656269131570894b139ea13ebc2796,2026-10-06T121056_106249Z-b1481b8f,772d829a7107696889aff0ebeafed530064866f7b4b1fdd62e15d030ad31bcec,83063,HORTALIZA_ AGOSTO_26_0.zip/RH240826.XLS,https://ssma.magyp.gob.ar/frutas.precios.aspx
exact_available_dimensions,2026-08-24,2026-08-24,day,2026-08,MCBA,Hortalizas,Hortalizas,HONGOS,Hongos,Prom.Esp.,Prom.Esp.,,,,,,,,,21375.0,21375.0,0.0,ARS/kg,$/kg,ARS,,False,1,bfc13de418e684334a02e940b7f3465996f61b67f4b4dae6b394a06222971842,2026-10-06T121056_106249Z-b1481b8f,772d829a7107696889aff0ebeafed530064866f7b4b1fdd62e15d030ad31bcec,83064,HORTALIZA_ AGOSTO_26_0.zip/RH240826.XLS,https://ssma.magyp.gob.ar/frutas.precios.aspx
probable,2026-08-24,2026-08-24,day,2026-08,MCBA,Hortalizas,Hortalizas,HONGOS,Hongos,PORTOBELO,Portobelo,BS. AS.,Buenos Aires,BOLSA,Bo,Primera,,,,22000.0,22000.0,0.0,ARS/kg,$/kg,ARS,,True,1,1d6f2309b16bb00b60e7083bf4f4bdd1f0daeaac209d388275b2c4916ac1a4e5,2026-10-06T121056_106249Z-b1481b8f,772d829a7107696889aff0ebeafed530064866f7b4b1fdd62e15d030ad31bcec,83062,HORTALIZA_ AGOSTO_26_0.zip/RH240826.XLS,https://ssma.magyp.gob.ar/frutas.precios.aspx
probable,2026-08-24,2026-08-24,day,2026-08,MCBA,Hortalizas,Hortalizas,HONGOS,Hongos,OYSTER,Oyster,BS. AS.,Buenos Aires,BANDEJA,Ba,Primera,,,,21000.0,21000.0,0.0,ARS/kg,$/kg,ARS,,True,1,198b4f5e9889078797e6eb98c315b179bf898e388f616eaa4e1309c8f46d95fb,2026-10-06T121056_106249Z-b1481b8f,772d829a7107696889aff0ebeafed530064866f7b4b1fdd62e15d030ad31bcec,83061,HORTALIZA_ AGOSTO_26_0.zip/RH240826.XLS,https://ssma.magyp.gob.ar/frutas.precios.aspx
probable,2026-08-24,2026-08-24,day,2026-08,MCBA,Hortalizas,Hortalizas,HONGOS,Hongos,AGARICUS,Agaricus,BS. AS.,Buenos Aires,BOLSA,Bo,Primera,,,,19500.0,19500.0,0.0,ARS/kg,$/kg,ARS,,True,1,0ee55f7ce46e62d397d05d0b2b6751313bff47394ad55b5ce0b5915d7fd696bd,2026-10-06T121056_106249Z-b1481b8f,772d829a7107696889aff0ebeafed530064866f7b4b1fdd62e15d030ad31bcec,83060,HORTALIZA_ AGOSTO_26_0.zip/RH240826.XLS,https://ssma.magyp.gob.ar/frutas.precios.aspx
probable,2026-08-24,2026-08-24,day,2026-08,MCBA,Hortalizas,Hortalizas,HINOJO,Hinojo,,,BS. AS.,Buenos Aires,JAULA,Ja,Primera,MEDIANO,,,1000.0,1000.0,0.0,ARS/kg,$/kg,ARS,,True,1,93cf6a437de8958fd05c0edf83955a886ed4dcef6d569795a5e25b57205a8287,2026-10-06T121056_106249Z-b1481b8f,772d829a7107696889aff0ebeafed530064866f7b4b1fdd62e15d030ad31bcec,83058,HORTALIZA_ AGOSTO_26_0.zip/RH240826.XLS,https://ssma.magyp.gob.ar/frutas.precios.aspx
exact_available_dimensions,2026-08-24,2026-08-24,day,2026-08,MCBA,Hortalizas,Hortalizas,HINOJO,Hinojo,Prom.Esp.,Prom.Esp.,,,,,,,,,1000.0,1000.0,0.0,ARS/kg,$/kg,ARS,,False,1,2bfb2fe723afa55431ef1a8b528ffd0c546ec576c1ffcdecc941c66e12283dc2,2026-10-06T121056_106249Z-b1481b8f,772d829a7107696889aff0ebeafed530064866f7b4b1fdd62e15d030ad31bcec,83059,HORTALIZA_ AGOSTO_26_0.zip/RH240826.XLS,https://ssma.magyp.gob.ar/frutas.precios.aspx
probable,2026-08-24,2026-08-24,day,2026-08,MCBA,Hortalizas,Hortalizas,HABA,Haba,,,JUJUY,Jujuy,BOLSA,Bo,Primera,MEDIANO,,,2200.0,2200.0,0.0,ARS/kg,$/kg,ARS,,True,1,8995d6e4a6008e0f3d3909919b88d0051366fa91852f5753b058a07789dfe6d9,2026-10-06T121056_106249Z-b1481b8f,772d829a7107696889aff0ebeafed530064866f7b4b1fdd62e15d030ad31bcec,83056,HORTALIZA_ AGOSTO_26_0.zip/RH240826.XLS,https://ssma.magyp.gob.ar/frutas.precios.aspx
exact_available_dimensions,2026-08-24,2026-08-24,day,2026-08,MCBA,Hortalizas,Hortalizas,HABA,Haba,Prom.Esp.,Prom.Esp.,,,,,,,,,2200.0,2200.0,0.0,ARS/kg,$/kg,ARS,,False,1,6636a33c15c5a2ee8ab216e96a3e086207f5d470eb2390af1558df672c143517,2026-10-06T121056_106249Z-b1481b8f,772d829a7107696889aff0ebeafed530064866f7b4b1fdd62e15d030ad31bcec,83057,HORTALIZA_ AGOSTO_26_0.zip/RH240826.XLS,https://ssma.magyp.gob.ar/frutas.precios.aspx
probable,2026-08-24,2026-08-24,day,2026-08,MCBA,Hortalizas,Hortalizas,ESPINACA,Espinaca,,,BS. AS.,Buenos Aires,JAULA,Ja,Primera,,INVERNAC,,1240.0,1240.0,0.0,ARS/kg,$/kg,ARS,,True,1,b3549e567b5ddd778619990ea306dadd78d45530bcbf92b00a6d9b0d9623a57d,2026-10-06T121056_106249Z-b1481b8f,772d829a7107696889aff0ebeafed530064866f7b4b1fdd62e15d030ad31bcec,83054,HORTALIZA_ AGOSTO_26_0.zip/RH240826.XLS,https://ssma.magyp.gob.ar/frutas.precios.aspx
probable,2026-08-24,2026-08-24,day,2026-08,MCBA,Hortalizas,Hortalizas,ESPINACA,Espinaca,,,BS. AS.,Buenos Aires,JAULA,Ja,Primera,,,,900.0,900.0,0.0,ARS/kg,$/kg,ARS,,True,1,291b11f9bbf1e046888d4ea11a07297c7cdba772550aec410a190074fde4e94f,2026-10-06T121056_106249Z-b1481b8f,772d829a7107696889aff0ebeafed530064866f7b4b1fdd62e15d030ad31bcec,83053,HORTALIZA_ AGOSTO_26_0.zip/RH240826.XLS,https://ssma.magyp.gob.ar/frutas.precios.aspx
exact_available_dimensions,2026-08-24,2026-08-24,day,2026-08,MCBA,Hortalizas,Hortalizas,ESPINACA,Espinaca,Prom.Esp.,Prom.Esp.,,,,,,,,,1070.0,1070.0,0.0,ARS/kg,$/kg,ARS,,False,1,ea6f4f7ffb72b7fdb4ab8c68bb88d0b975ee3a3432b10f13ad9f8e9cf876f1e8,2026-10-06T121056_106249Z-b1481b8f,772d829a7107696889aff0ebeafed530064866f7b4b1fdd62e15d030ad31bcec,83055,HORTALIZA_ AGOSTO_26_0.zip/RH240826.XLS,https://ssma.magyp.gob.ar/frutas.precios.aspx
exact_available_dimensions,2026-08-24,2026-08-24,day,2026-08,MCBA,Hortalizas,Hortalizas,ESCAROLA,Escarola,Prom.Esp.,Prom.Esp.,,,,,,,,,1300.0,1300.0,0.0,ARS/kg,$/kg,ARS,,False,1,cd0f0955dab30baa8d2a5341040b73bf66c15a924fc25d896fa726e66771bc6f,2026-10-06T121056_106249Z-b1481b8f,772d829a7107696889aff0ebeafed530064866f7b4b1fdd62e15d030ad31bcec,83048,HORTALIZA_ AGOSTO_26_0.zip/RH240826.XLS,https://ssma.magyp.gob.ar/frutas.precios.aspx
probable,2026-08-24,2026-08-24,day,2026-08,MCBA,Hortalizas,Hortalizas,ESCAROLA,Escarola,HOJA FINA,Hoja Fina,BS. AS.,Buenos Aires,TORITO,Tt,Primera,,,,1400.0,1400.0,0.0,ARS/kg,$/kg,ARS,,True,1,1a876d2a22b5eb20c0bdc0e9580eb310aaf5e0015a76a4edf6b98f2aa77a3d13,2026-10-06T121056_106249Z-b1481b8f,772d829a7107696889aff0ebeafed530064866f7b4b1fdd62e15d030ad31bcec,83047,HORTALIZA_ AGOSTO_26_0.zip/RH240826.XLS,https://ssma.magyp.gob.ar/frutas.precios.aspx
probable,2026-08-24,2026-08-24,day,2026-08,MCBA,Hortalizas,Hortalizas,ESCAROLA,Escarola,HOJA ANCHA,Hoja Ancha,BS. AS.,Buenos Aires,TORITO,Tt,Primera,,,,1200.0,1200.0,0.0,ARS/kg,$/kg,ARS,,True,1,8dea66def4708344d5ac22dc28f0a56ccf9d8b752a3e566cc59741ccd3c20626,2026-10-06T121056_106249Z-b1481b8f,772d829a7107696889aff0ebeafed530064866f7b4b1fdd62e15d030ad31bcec,83046,HORTALIZA_ AGOSTO_26_0.zip/RH240826.XLS,https://ssma.magyp.gob.ar/frutas.precios.aspx
probable,2026-08-24,2026-08-24,day,2026-08,MCBA,Hortalizas,Hortalizas,ENDIBIA,Endibia,,,BS. AS.,Buenos Aires,BANDEJA,Ba,Primera,MEDIANO,,,21000.0,21000.0,0.0,ARS/kg,$/kg,ARS,,True,1,ad0ece055eaa4b9bb371753551392e12e6fbd8b1848df9e69ed924456e49d346,2026-10-06T121056_106249Z-b1481b8f,772d829a7107696889aff0ebeafed530064866f7b4b1fdd62e15d030ad31bcec,83044,HORTALIZA_ AGOSTO_26_0.zip/RH240826.XLS,https://ssma.magyp.gob.ar/frutas.precios.aspx
exact_available_dimensions,2026-08-24,2026-08-24,day,2026-08,MCBA,Hortalizas,Hortalizas,ENDIBIA,Endibia,Prom.Esp.,Prom.Esp.,,,,,,,,,21000.0,21000.0,0.0,ARS/kg,$/kg,ARS,,False,1,cd034ebd915291a0c491a41836d4e17381b1f6676de02d6ce5f3a9d424e4b64c,2026-10-06T121056_106249Z-b1481b8f,772d829a7107696889aff0ebeafed530064866f7b4b1fdd62e15d030ad31bcec,83045,HORTALIZA_ AGOSTO_26_0.zip/RH240826.XLS,https://ssma.magyp.gob.ar/frutas.precios.aspx
probable,2026-08-24,2026-08-24,day,2026-08,MCBA,Hortalizas,Hortalizas,ESPARRAGO,Esparrago,VERDE,Verde,SAN JUAN,San Juan,ATADO,At,Primera,MEDIANO,,,9600.0,9600.0,0.0,ARS/kg,$/kg,ARS,,True,1,877d4005732da837654bd7d7182f16600fde8045c41e66b7f2e0d4a86140d751,2026-10-06T121056_106249Z-b1481b8f,772d829a7107696889aff0ebeafed530064866f7b4b1fdd62e15d030ad31bcec,83051,HORTALIZA_ AGOSTO_26_0.zip/RH240826.XLS,https://ssma.magyp.gob.ar/frutas.precios.aspx
probable,2026-08-24,2026-08-24,day,2026-08,MCBA,Hortalizas,Hortalizas,ESPARRAGO,Esparrago,VERDE,Verde,SAN JUAN,San Juan,ATADO,At,Primera,CHICO,,,6400.0,6400.0,0.0,ARS/kg,$/kg,ARS,,True,1,9556df578d0a2ba5b3c36a37c9e1b3224d1b583b007df821ae976e1d1de86558,2026-10-06T121056_106249Z-b1481b8f,772d829a7107696889aff0ebeafed530064866f7b4b1fdd62e15d030ad31bcec,83050,HORTALIZA_ AGOSTO_26_0.zip/RH240826.XLS,https://ssma.magyp.gob.ar/frutas.precios.aspx
probable,2026-08-24,2026-08-24,day,2026-08,MCBA,Hortalizas,Hortalizas,ESPARRAGO,Esparrago,VERDE,Verde,PERU,Perú,CAJA,Ca,Primera,MEDIANO,,,10800.0,10800.0,0.0,ARS/kg,$/kg,ARS,,True,1,abc49ebc3b700eab0158c0f673648600b178e2bdf4adc2e22a9a02a18b17b599,2026-10-06T121056_106249Z-b1481b8f,772d829a7107696889aff0ebeafed530064866f7b4b1fdd62e15d030ad31bcec,83049,HORTALIZA_ AGOSTO_26_0.zip/RH240826.XLS,https://ssma.magyp.gob.ar/frutas.precios.aspx
exact_available_dimensions,2026-08-24,2026-08-24,day,2026-08,MCBA,Hortalizas,Hortalizas,ESPARRAGO,Esparrago,Prom.Esp.,Prom.Esp.,,,,,,,,,8933.33,8933.33,0.0,ARS/kg,$/kg,ARS,,False,1,fbc6b86d38af47fc5d009d82dd347f6d17bcd462176ba6e763e7078998aa5aa7,2026-10-06T121056_106249Z-b1481b8f,772d829a7107696889aff0ebeafed530064866f7b4b1fdd62e15d030ad31bcec,83052,HORTALIZA_ AGOSTO_26_0.zip/RH240826.XLS,https://ssma.magyp.gob.ar/frutas.precios.aspx
probable,2026-08-24,2026-08-24,day,2026-08,MCBA,Hortalizas,Hortalizas,ECHALOTE,Echalote,,,MENDOZA,Mendoza,CAJA,Ca,Primera,,,,10000.0,10000.0,0.0,ARS/kg,$/kg,ARS,,True,1,427cd9642c875d02d526fad5795cda6267303464090c917f5cb9efe402785886,2026-10-06T121056_106249Z-b1481b8f,772d829a7107696889aff0ebeafed530064866f7b4b1fdd62e15d030ad31bcec,83042,HORTALIZA_ AGOSTO_26_0.zip/RH240826.XLS,https://ssma.magyp.gob.ar/frutas.precios.aspx
exact_available_dimensions,2026-08-24,2026-08-24,day,2026-08,MCBA,Hortalizas,Hortalizas,ECHALOTE,Echalote,Prom.Esp.,Prom.Esp.,,,,,,,,,10000.0,10000.0,0.0,ARS/kg,$/kg,ARS,,False,1,82d594007d27c1a327cc0860ba4fa9517304728681568deda56954da05474149,2026-10-06T121056_106249Z-b1481b8f,772d829a7107696889aff0ebeafed530064866f7b4b1fdd62e15d030ad31bcec,83043,HORTALIZA_ AGOSTO_26_0.zip/RH240826.XLS,https://ssma.magyp.gob.ar/frutas.precios.aspx
probable,2026-08-24,2026-08-24,day,2026-08,MCBA,Hortalizas,Hortalizas,CURCUMA,Curcuma,SIN VARIED,Sin Varied,BRASIL,Brasil,CAJA,Ca,Primera,MEDIANO,,,4500.0,4500.0,0.0,ARS/kg,$/kg,ARS,,True,1,c4c3ae5f6150c044c3d32f1b8508d02a6358f998bef8ee18bd7d07177b01f85d,2026-10-06T121056_106249Z-b1481b8f,772d829a7107696889aff0ebeafed530064866f7b4b1fdd62e15d030ad31bcec,83040,HORTALIZA_ AGOSTO_26_0.zip/RH240826.XLS,https://ssma.magyp.gob.ar/frutas.precios.aspx
exact_available_dimensions,2026-08-24,2026-08-24,day,2026-08,MCBA,Hortalizas,Hortalizas,CURCUMA,Curcuma,Prom.Esp.,Prom.Esp.,,,,,,,,,4500.0,4500.0,0.0,ARS/kg,$/kg,ARS,,False,1,7fb7cea810c545154c370d2512d31911351d91ee1f6ee3e361e15e058707ea88,2026-10-06T121056_106249Z-b1481b8f,772d829a7107696889aff0ebeafed530064866f7b4b1fdd62e15d030ad31bcec,83041,HORTALIZA_ AGOSTO_26_0.zip/RH240826.XLS,https://ssma.magyp.gob.ar/frutas.precios.aspx
probable,2026-08-24,2026-08-24,day,2026-08,MCBA,Hortalizas,Hortalizas,COLIFLOR,Coliflor,,,MENDOZA,Mendoza,PERDIDO,Pe,Primera,MEDIANO,,,866.67,866.67,0.0,ARS/kg,$/kg,ARS,,True,1,530eca85cfcce84978f615831a778d389e51befde21efab954123c5152188229,2026-10-06T121056_106249Z-b1481b8f,772d829a7107696889aff0ebeafed530064866f7b4b1fdd62e15d030ad31bcec,83038,HORTALIZA_ AGOSTO_26_0.zip/RH240826.XLS,https://ssma.magyp.gob.ar/frutas.precios.aspx
probable,2026-08-24,2026-08-24,day,2026-08,MCBA,Hortalizas,Hortalizas,COLIFLOR,Coliflor,,,BS. AS.,Buenos Aires,JAULA,Ja,Primera,MEDIANO,,,733.33,733.33,0.0,ARS/kg,$/kg,ARS,,True,1,a9cb9f0d5b8a6e548c18b478d8630989b813771be6c36c355f0e3e5be2b4ab39,2026-10-06T121056_106249Z-b1481b8f,772d829a7107696889aff0ebeafed530064866f7b4b1fdd62e15d030ad31bcec,83037,HORTALIZA_ AGOSTO_26_0.zip/RH240826.XLS,https://ssma.magyp.gob.ar/frutas.precios.aspx
exact_available_dimensions,2026-08-24,2026-08-24,day,2026-08,MCBA,Hortalizas,Hortalizas,COLIFLOR,Coliflor,Prom.Esp.,Prom.Esp.,,,,,,,,,800.0,800.0,0.0,ARS/kg,$/kg,ARS,,False,1,67a8238f11fbaad9005eea5db2d5fd701f1ef5585894f9677ec4fcb5bfac81f9,2026-10-06T121056_106249Z-b1481b8f,772d829a7107696889aff0ebeafed530064866f7b4b1fdd62e15d030ad31bcec,83039,HORTALIZA_ AGOSTO_26_0.zip/RH240826.XLS,https://ssma.magyp.gob.ar/frutas.precios.aspx
probable,2026-08-24,2026-08-24,day,2026-08,MCBA,Hortalizas,Hortalizas,CILANDRO,Cilandro,,,BS. AS.,Buenos Aires,ATADO,At,Primera,MEDIANO,,,10000.0,10000.0,0.0,ARS/kg,$/kg,ARS,,True,1,a9441b19e908703fa80ce86bf61112d7d4f4d77d861c8f1356796816f9b56493,2026-10-06T121056_106249Z-b1481b8f,772d829a7107696889aff0ebeafed530064866f7b4b1fdd62e15d030ad31bcec,83035,HORTALIZA_ AGOSTO_26_0.zip/RH240826.XLS,https://ssma.magyp.gob.ar/frutas.precios.aspx
exact_available_dimensions,2026-08-24,2026-08-24,day,2026-08,MCBA,Hortalizas,Hortalizas,CILANDRO,Cilandro,Prom.Esp.,Prom.Esp.,,,,,,,,,10000.0,10000.0,0.0,ARS/kg,$/kg,ARS,,False,1,b75845df816b57702885d435f6f9e065c593c804083edaee560b86730a2df17b,2026-10-06T121056_106249Z-b1481b8f,772d829a7107696889aff0ebeafed530064866f7b4b1fdd62e15d030ad31bcec,83036,HORTALIZA_ AGOSTO_26_0.zip/RH240826.XLS,https://ssma.magyp.gob.ar/frutas.precios.aspx
probable,2026-08-24,2026-08-24,day,2026-08,MCBA,Hortalizas,Hortalizas,CIBOULLE,Ciboulle,,,BS. AS.,Buenos Aires,ATADO,At,Primera,MEDIANO,,,11000.0,11000.0,0.0,ARS/kg,$/kg,ARS,,True,1,7210fbc2e0e3251318b05aaa588775819758b0a92f2c03e72e5177fef4c13eb1,2026-10-06T121056_106249Z-b1481b8f,772d829a7107696889aff0ebeafed530064866f7b4b1fdd62e15d030ad31bcec,83033,HORTALIZA_ AGOSTO_26_0.zip/RH240826.XLS,https://ssma.magyp.gob.ar/frutas.precios.aspx
exact_available_dimensions,2026-08-24,2026-08-24,day,2026-08,MCBA,Hortalizas,Hortalizas,CIBOULLE,Ciboulle,Prom.Esp.,Prom.Esp.,,,,,,,,,11000.0,11000.0,0.0,ARS/kg,$/kg,ARS,,False,1,0c8ca75bd3cf9997721353f5aceb8f2d842afeff1e44e3c9c254b77e91347381,2026-10-06T121056_106249Z-b1481b8f,772d829a7107696889aff0ebeafed530064866f7b4b1fdd62e15d030ad31bcec,83034,HORTALIZA_ AGOSTO_26_0.zip/RH240826.XLS,https://ssma.magyp.gob.ar/frutas.precios.aspx
exact_available_dimensions,2026-08-24,2026-08-24,day,2026-08,MCBA,Hortalizas,Hortalizas,CHOCLO,Choclo,Prom.Esp.,Prom.Esp.,,,,,,,,,3233.33,3233.33,0.0,ARS/kg,$/kg,ARS,,False,1,c80cc2f83f60d226c9f6df4fc970e55debbccaee24077dd0da52bcef707235e8,2026-10-06T121056_106249Z-b1481b8f,772d829a7107696889aff0ebeafed530064866f7b4b1fdd62e15d030ad31bcec,83032,HORTALIZA_ AGOSTO_26_0.zip/RH240826.XLS,https://ssma.magyp.gob.ar/frutas.precios.aspx
probable,2026-08-24,2026-08-24,day,2026-08,MCBA,Hortalizas,Hortalizas,CHOCLO,Choclo,AMARILLO,Amarillo,SALTA,Salta,PERDIDO,Pe,Segunda,MEDIANO,PRE-ENFR,,2933.33,2933.33,0.0,ARS/kg,$/kg,ARS,,True,1,f5f71b4a104a6fb12087d18ce5d88200cf1426e92d882ce0c5f253ccc037d4f7,2026-10-06T121056_106249Z-b1481b8f,772d829a7107696889aff0ebeafed530064866f7b4b1fdd62e15d030ad31bcec,83031,HORTALIZA_ AGOSTO_26_0.zip/RH240826.XLS,https://ssma.magyp.gob.ar/frutas.precios.aspx
probable,2026-08-24,2026-08-24,day,2026-08,MCBA,Hortalizas,Hortalizas,CHOCLO,Choclo,AMARILLO,Amarillo,SALTA,Salta,PERDIDO,Pe,Primera,MEDIANO,PRE-ENFR,,3533.33,3533.33,0.0,ARS/kg,$/kg,ARS,,True,1,1d831f89d87b158791a688a17ea500eda9783c0f899da57fe21199ca8a987007,2026-10-06T121056_106249Z-b1481b8f,772d829a7107696889aff0ebeafed530064866f7b4b1fdd62e15d030ad31bcec,83030,HORTALIZA_ AGOSTO_26_0.zip/RH240826.XLS,https://ssma.magyp.gob.ar/frutas.precios.aspx
probable,2026-08-24,2026-08-24,day,2026-08,MCBA,Hortalizas,Hortalizas,CHAUCHA,Chaucha,ROLLIZA,Rolliza,SALTA,Salta,TORO,To,Primera,MEDIANO,,,2250.0,2250.0,0.0,ARS/kg,$/kg,ARS,,True,1,35bc4eb531ec6e7640fc1a0eede7de105d3cbf7312cb27f66cefb9314bdb64f9,2026-10-06T121056_106249Z-b1481b8f,772d829a7107696889aff0ebeafed530064866f7b4b1fdd62e15d030ad31bcec,83028,HORTALIZA_ AGOSTO_26_0.zip/RH240826.XLS,https://ssma.magyp.gob.ar/frutas.precios.aspx
probable,2026-08-24,2026-08-24,day,2026-08,MCBA,Hortalizas,Hortalizas,CHAUCHA,Chaucha,ROLLIZA,Rolliza,SALTA,Salta,PERDIDO,Pe,Primera,MEDIANO,INVERNAC,,2750.0,2750.0,0.0,ARS/kg,$/kg,ARS,,True,1,f0470cf2b6fc102c3defd5e9f38cd5d707f6a70eb1816baa01d05fac325d1963,2026-10-06T121056_106249Z-b1481b8f,772d829a7107696889aff0ebeafed530064866f7b4b1fdd62e15d030ad31bcec,83027,HORTALIZA_ AGOSTO_26_0.zip/RH240826.XLS,https://ssma.magyp.gob.ar/frutas.precios.aspx
exact_available_dimensions,2026-08-24,2026-08-24,day,2026-08,MCBA,Hortalizas,Hortalizas,CHAUCHA,Chaucha,Prom.Esp.,Prom.Esp.,,,,,,,,,2550.0,2550.0,0.0,ARS/kg,$/kg,ARS,,False,1,b753ebf2762543f585e25b9870c4493d62a7e33661f9a6b54e370f42ad6a7175,2026-10-06T121056_106249Z-b1481b8f,772d829a7107696889aff0ebeafed530064866f7b4b1fdd62e15d030ad31bcec,83029,HORTALIZA_ AGOSTO_26_0.zip/RH240826.XLS,https://ssma.magyp.gob.ar/frutas.precios.aspx
probable,2026-08-24,2026-08-24,day,2026-08,MCBA,Hortalizas,Hortalizas,CHAUCHA,Chaucha,ESMERALDA,Esmeralda,SALTA,Salta,PERDIDO,Pe,Primera,MEDIANO,INVERNAC,,2500.0,2500.0,0.0,ARS/kg,$/kg,ARS,,True,1,86ba93981c6338f7ad405d2a2776c3a0a6e84561c3a768bed46549b759ec00c7,2026-10-06T121056_106249Z-b1481b8f,772d829a7107696889aff0ebeafed530064866f7b4b1fdd62e15d030ad31bcec,83026,HORTALIZA_ AGOSTO_26_0.zip/RH240826.XLS,https://ssma.magyp.gob.ar/frutas.precios.aspx
probable,2026-08-24,2026-08-24,day,2026-08,MCBA,Hortalizas,Hortalizas,CHAUCHA,Chaucha,ESMERALDA,Esmeralda,CTES.,Corrientes,TORO,To,Primera,MEDIANO,INVERNAC,,2700.0,2700.0,0.0,ARS/kg,$/kg,ARS,,True,1,26926aebf51088060b7c3d02ca4ce77fc88c12d62c20b1e12b8bf84909d14e6d,2026-10-06T121056_106249Z-b1481b8f,772d829a7107696889aff0ebeafed530064866f7b4b1fdd62e15d030ad31bcec,83025,HORTALIZA_ AGOSTO_26_0.zip/RH240826.XLS,https://ssma.magyp.gob.ar/frutas.precios.aspx
exact_available_dimensions,2026-08-24,2026-08-24,day,2026-08,MCBA,Hortalizas,Hortalizas,CEB.VERDEO,Ceb.Verdeo,Prom.Esp.,Prom.Esp.,,,,,,,,,2366.67,2366.67,0.0,ARS/kg,$/kg,ARS,,False,1,7a41e6a2c775a8a5ccbd0bda8775e5e078c3a4d62308d6adfe964c1ac9058520,2026-10-06T121056_106249Z-b1481b8f,772d829a7107696889aff0ebeafed530064866f7b4b1fdd62e15d030ad31bcec,83017,HORTALIZA_ AGOSTO_26_0.zip/RH240826.XLS,https://ssma.magyp.gob.ar/frutas.precios.aspx
probable,2026-08-24,2026-08-24,day,2026-08,MCBA,Hortalizas,Hortalizas,CEB.VERDEO,Ceb.Verdeo,COLORADA,Colorada,SGO.EST.,Sgo.Est.,ATADO,At,Primera,MEDIANO,,,2300.0,2300.0,0.0,ARS/kg,$/kg,ARS,,True,1,2ed8efe2e91adedd87cda95cd65fb5af55def5e9d0334819b98b5c9039bc19ad,2026-10-06T121056_106249Z-b1481b8f,772d829a7107696889aff0ebeafed530064866f7b4b1fdd62e15d030ad31bcec,83016,HORTALIZA_ AGOSTO_26_0.zip/RH240826.XLS,https://ssma.magyp.gob.ar/frutas.precios.aspx
probable,2026-08-24,2026-08-24,day,2026-08,MCBA,Hortalizas,Hortalizas,CEB.VERDEO,Ceb.Verdeo,COLORADA,Colorada,BS. AS.,Buenos Aires,JAULA,Ja,Primera,MEDIANO,,,2200.0,2200.0,0.0,ARS/kg,$/kg,ARS,,True,1,b8dacc7cbf6ff213feb9f6a3cae8fbe12d26338c991d4f2e8c54d0c8e293e7c2,2026-10-06T121056_106249Z-b1481b8f,772d829a7107696889aff0ebeafed530064866f7b4b1fdd62e15d030ad31bcec,83015,HORTALIZA_ AGOSTO_26_0.zip/RH240826.XLS,https://ssma.magyp.gob.ar/frutas.precios.aspx
probable,2026-08-24,2026-08-24,day,2026-08,MCBA,Hortalizas,Hortalizas,CEB.VERDEO,Ceb.Verdeo,COLORADA,Colorada,BS. AS.,Buenos Aires,ATADO,At,Primera,MEDIANO,,,2600.0,2600.0,0.0,ARS/kg,$/kg,ARS,,True,1,f098b2537a6ba5c05b145c1183edba7b1064795fa0b54b3c45ea1caa75fd47a7,2026-10-06T121056_106249Z-b1481b8f,772d829a7107696889aff0ebeafed530064866f7b4b1fdd62e15d030ad31bcec,83014,HORTALIZA_ AGOSTO_26_0.zip/RH240826.XLS,https://ssma.magyp.gob.ar/frutas.precios.aspx
probable,2026-08-24,2026-08-24,day,2026-08,MCBA,Hortalizas,Hortalizas,CEBOLLA,Cebolla,VALENCIANA,Valenciana,S.BS.AS.,S.Bs.As.,BOLSA,Bo,Segunda,MEDIANO,,,900.0,900.0,0.0,ARS/kg,$/kg,ARS,,True,1,55ad1be9623cb0ef45043090b380a89ac9561a7b9d9d004111775b816d720c57,2026-10-06T121056_106249Z-b1481b8f,772d829a7107696889aff0ebeafed530064866f7b4b1fdd62e15d030ad31bcec,83023,HORTALIZA_ AGOSTO_26_0.zip/RH240826.XLS,https://ssma.magyp.gob.ar/frutas.precios.aspx
probable,2026-08-24,2026-08-24,day,2026-08,MCBA,Hortalizas,Hortalizas,CEBOLLA,Cebolla,VALENCIANA,Valenciana,S.BS.AS.,S.Bs.As.,BOLSA,Bo,Primera,MEDIANO,,,1150.0,1150.0,0.0,ARS/kg,$/kg,ARS,,True,1,26544ed03f8c7af48d2128b1d2395bb3623bcc51d8c180207a76306740d4b6a7,2026-10-06T121056_106249Z-b1481b8f,772d829a7107696889aff0ebeafed530064866f7b4b1fdd62e15d030ad31bcec,83022,HORTALIZA_ AGOSTO_26_0.zip/RH240826.XLS,https://ssma.magyp.gob.ar/frutas.precios.aspx
probable,2026-08-24,2026-08-24,day,2026-08,MCBA,Hortalizas,Hortalizas,CEBOLLA,Cebolla,VALENCIANA,Valenciana,R. NEGRO,Río Negro,BOLSA,Bo,Primera,MEDIANO,,,1100.0,1100.0,0.0,ARS/kg,$/kg,ARS,,True,1,bb595f12c4cbd597f62f4f1ffe80592f63a5d76d5a056d95c54bb8917766b8da,2026-10-06T121056_106249Z-b1481b8f,772d829a7107696889aff0ebeafed530064866f7b4b1fdd62e15d030ad31bcec,83021,HORTALIZA_ AGOSTO_26_0.zip/RH240826.XLS,https://ssma.magyp.gob.ar/frutas.precios.aspx
exact_available_dimensions,2026-08-24,2026-08-24,day,2026-08,MCBA,Hortalizas,Hortalizas,CEBOLLA,Cebolla,Prom.Esp.,Prom.Esp.,,,,,,,,,1075.0,1075.0,0.0,ARS/kg,$/kg,ARS,,False,1,d842e5ebe49d08cc1676bed6e8cd3d77eb7b0fb649600e6da6fef61fb941cd2f,2026-10-06T121056_106249Z-b1481b8f,772d829a7107696889aff0ebeafed530064866f7b4b1fdd62e15d030ad31bcec,83024,HORTALIZA_ AGOSTO_26_0.zip/RH240826.XLS,https://ssma.magyp.gob.ar/frutas.precios.aspx
probable,2026-08-24,2026-08-24,day,2026-08,MCBA,Hortalizas,Hortalizas,CEBOLLA,Cebolla,OPTIMA,Optima,BRASIL,Brasil,BOLSA,Bo,Primera,MEDIANO,,,1250.0,1250.0,0.0,ARS/kg,$/kg,ARS,,True,1,3252e38368cf67a098842fb9e00b90f577abe9267d1e1b88f35fbf72dea3f1c3,2026-10-06T121056_106249Z-b1481b8f,772d829a7107696889aff0ebeafed530064866f7b4b1fdd62e15d030ad31bcec,83020,HORTALIZA_ AGOSTO_26_0.zip/RH240826.XLS,https://ssma.magyp.gob.ar/frutas.precios.aspx
probable,2026-08-24,2026-08-24,day,2026-08,MCBA,Hortalizas,Hortalizas,CEBOLLA,Cebolla,COLORADA,Colorada,S.BS.AS.,S.Bs.As.,BOLSA,Bo,Segunda,MEDIANO,,,900.0,900.0,0.0,ARS/kg,$/kg,ARS,,True,1,4758fa762f4dfac502d32d57924fcd3f8a79ff6e389fd2c6da3400c83c758eba,2026-10-06T121056_106249Z-b1481b8f,772d829a7107696889aff0ebeafed530064866f7b4b1fdd62e15d030ad31bcec,83019,HORTALIZA_ AGOSTO_26_0.zip/RH240826.XLS,https://ssma.magyp.gob.ar/frutas.precios.aspx
probable,2026-08-24,2026-08-24,day,2026-08,MCBA,Hortalizas,Hortalizas,CEBOLLA,Cebolla,COLORADA,Colorada,S.BS.AS.,S.Bs.As.,BOLSA,Bo,Primera,MEDIANO,,,1150.0,1150.0,0.0,ARS/kg,$/kg,ARS,,True,1,9c8cdd9a8c3d3c439bb474a72005ddf5c0ee15e3c525fcb7f5bda49d298c12d1,2026-10-06T121056_106249Z-b1481b8f,772d829a7107696889aff0ebeafed530064866f7b4b1fdd62e15d030ad31bcec,83018,HORTALIZA_ AGOSTO_26_0.zip/RH240826.XLS,https://ssma.magyp.gob.ar/frutas.precios.aspx
probable,2026-08-24,2026-08-24,day,2026-08,MCBA,Hortalizas,Hortalizas,CARDO,Cardo,,,BS. AS.,Buenos Aires,ATADO,At,Primera,MEDIANO,,,1500.0,1500.0,0.0,ARS/kg,$/kg,ARS,,True,1,018690cac5ed33aaa3f6b18462fb59da3334ca8eb07960fbae35250a688da631,2026-10-06T121056_106249Z-b1481b8f,772d829a7107696889aff0ebeafed530064866f7b4b1fdd62e15d030ad31bcec,83012,HORTALIZA_ AGOSTO_26_0.zip/RH240826.XLS,https://ssma.magyp.gob.ar/frutas.precios.aspx
exact_available_dimensions,2026-08-24,2026-08-24,day,2026-08,MCBA,Hortalizas,Hortalizas,CARDO,Cardo,Prom.Esp.,Prom.Esp.,,,,,,,,,1500.0,1500.0,0.0,ARS/kg,$/kg,ARS,,False,1,b1b6c49e4d07351b7cf817fe8f8b368c3221dec9e45b2c5e5dc3ef352e20b253,2026-10-06T121056_106249Z-b1481b8f,772d829a7107696889aff0ebeafed530064866f7b4b1fdd62e15d030ad31bcec,83013,HORTALIZA_ AGOSTO_26_0.zip/RH240826.XLS,https://ssma.magyp.gob.ar/frutas.precios.aspx
probable,2026-08-24,2026-08-24,day,2026-08,MCBA,Hortalizas,Hortalizas,BROCOLI,Brocoli,,,MENDOZA,Mendoza,PERDIDO,Pe,,MEDIANO,,,1875.0,1875.0,0.0,ARS/kg,$/kg,ARS,,True,1,218d65785249c18b188e56c785d92ed1715218c9d542cb854f04a5e87b337552,2026-10-06T121056_106249Z-b1481b8f,772d829a7107696889aff0ebeafed530064866f7b4b1fdd62e15d030ad31bcec,83006,HORTALIZA_ AGOSTO_26_0.zip/RH240826.XLS,https://ssma.magyp.gob.ar/frutas.precios.aspx
probable,2026-08-24,2026-08-24,day,2026-08,MCBA,Hortalizas,Hortalizas,BROCOLI,Brocoli,,,BS. AS.,Buenos Aires,JAULA,Ja,Primera,MEDIANO,INVERNAC,,1625.0,1625.0,0.0,ARS/kg,$/kg,ARS,,True,1,d8928b8ea329f3b8ef0331198c4274237f17b4c87331f7e0088739639fd03bde,2026-10-06T121056_106249Z-b1481b8f,772d829a7107696889aff0ebeafed530064866f7b4b1fdd62e15d030ad31bcec,83005,HORTALIZA_ AGOSTO_26_0.zip/RH240826.XLS,https://ssma.magyp.gob.ar/frutas.precios.aspx
probable,2026-08-24,2026-08-24,day,2026-08,MCBA,Hortalizas,Hortalizas,BROCOLI,Brocoli,,,BS. AS.,Buenos Aires,JAULA,Ja,Primera,MEDIANO,,,1250.0,1250.0,0.0,ARS/kg,$/kg,ARS,,True,1,513051111d411eea6015cc5ad4cd5a9989bd5171341d0511cfd76fd620ad00c9,2026-10-06T121056_106249Z-b1481b8f,772d829a7107696889aff0ebeafed530064866f7b4b1fdd62e15d030ad31bcec,83004,HORTALIZA_ AGOSTO_26_0.zip/RH240826.XLS,https://ssma.magyp.gob.ar/frutas.precios.aspx
exact_available_dimensions,2026-08-24,2026-08-24,day,2026-08,MCBA,Hortalizas,Hortalizas,BROCOLI,Brocoli,Prom.Esp.,Prom.Esp.,,,,,,,,,1583.33,1583.33,0.0,ARS/kg,$/kg,ARS,,False,1,07919bd9602b37bc0728733f10f61d57601c45a2b788ab4c5095f28952b08b4f,2026-10-06T121056_106249Z-b1481b8f,772d829a7107696889aff0ebeafed530064866f7b4b1fdd62e15d030ad31bcec,83007,HORTALIZA_ AGOSTO_26_0.zip/RH240826.XLS,https://ssma.magyp.gob.ar/frutas.precios.aspx
probable,2026-08-24,2026-08-24,day,2026-08,MCBA,Hortalizas,Hortalizas,BERENJENA,Berenjena,VTA.MED.LA,Vta.Med.La,SALTA,Salta,TORO,To,Primera,MEDIANO,,,1583.33,1583.33,0.0,ARS/kg,$/kg,ARS,,True,1,adfe61eb9926860abdeb0a8e7f544c6bd9476cb0dbbfff3ca040ffbf9fa0c057,2026-10-06T121056_106249Z-b1481b8f,772d829a7107696889aff0ebeafed530064866f7b4b1fdd62e15d030ad31bcec,83000,HORTALIZA_ AGOSTO_26_0.zip/RH240826.XLS,https://ssma.magyp.gob.ar/frutas.precios.aspx
probable,2026-08-24,2026-08-24,day,2026-08,MCBA,Hortalizas,Hortalizas,BERENJENA,Berenjena,VTA.MED.LA,Vta.Med.La,SALTA,Salta,PERDIDO,Pe,Primera,MEDIANO,INVERNAC,,1791.67,1791.67,0.0,ARS/kg,$/kg,ARS,,True,1,eadbb88b3605c3f0c307a460137dfbfd7e8aceaea6ec841eb132f73096c10e13,2026-10-06T121056_106249Z-b1481b8f,772d829a7107696889aff0ebeafed530064866f7b4b1fdd62e15d030ad31bcec,82999,HORTALIZA_ AGOSTO_26_0.zip/RH240826.XLS,https://ssma.magyp.gob.ar/frutas.precios.aspx
probable,2026-08-24,2026-08-24,day,2026-08,MCBA,Hortalizas,Hortalizas,BERENJENA,Berenjena,VTA.MED.LA,Vta.Med.La,JUJUY,Jujuy,TORO,To,Primera,MEDIANO,,,1500.0,1500.0,0.0,ARS/kg,$/kg,ARS,,True,1,d8f9f271b14a73798cecace6c52b3621d8718e3f9fa79822d8ac47baa08e15d3,2026-10-06T121056_106249Z-b1481b8f,772d829a7107696889aff0ebeafed530064866f7b4b1fdd62e15d030ad31bcec,82998,HORTALIZA_ AGOSTO_26_0.zip/RH240826.XLS,https://ssma.magyp.gob.ar/frutas.precios.aspx
exact_available_dimensions,2026-08-24,2026-08-24,day,2026-08,MCBA,Hortalizas,Hortalizas,BERENJENA,Berenjena,Prom.Esp.,Prom.Esp.,,,,,,,,,1625.0,1625.0,0.0,ARS/kg,$/kg,ARS,,False,1,6cec0c72e754bb5f48c3fb0252e3e0273f5e41b423d23238b56541d0ed48d79e,2026-10-06T121056_106249Z-b1481b8f,772d829a7107696889aff0ebeafed530064866f7b4b1fdd62e15d030ad31bcec,83001,HORTALIZA_ AGOSTO_26_0.zip/RH240826.XLS,https://ssma.magyp.gob.ar/frutas.precios.aspx
probable,2026-08-24,2026-08-24,day,2026-08,MCBA,Hortalizas,Hortalizas,BERRO,Berro,,,BS. AS.,Buenos Aires,ATADO,At,Primera,SIN TAM,,,2500.0,2500.0,0.0,ARS/kg,$/kg,ARS,,True,1,e172caffee1274bca07856987f37e8718e89b6e9719ac307fa802d8858d2f0d0,2026-10-06T121056_106249Z-b1481b8f,772d829a7107696889aff0ebeafed530064866f7b4b1fdd62e15d030ad31bcec,83002,HORTALIZA_ AGOSTO_26_0.zip/RH240826.XLS,https://ssma.magyp.gob.ar/frutas.precios.aspx
exact_available_dimensions,2026-08-24,2026-08-24,day,2026-08,MCBA,Hortalizas,Hortalizas,BERRO,Berro,Prom.Esp.,Prom.Esp.,,,,,,,,,2500.0,2500.0,0.0,ARS/kg,$/kg,ARS,,False,1,b4006fed6c220b0e6ffac9e03e912c3ec9dd4fcf097999e24906c9dc809c95ea,2026-10-06T121056_106249Z-b1481b8f,772d829a7107696889aff0ebeafed530064866f7b4b1fdd62e15d030ad31bcec,83003,HORTALIZA_ AGOSTO_26_0.zip/RH240826.XLS,https://ssma.magyp.gob.ar/frutas.precios.aspx
exact_available_dimensions,2026-08-24,2026-08-24,day,2026-08,MCBA,Hortalizas,Hortalizas,BATATA,Batata,Prom.Esp.,Prom.Esp.,,,,,,,,,1404.95,1404.95,0.0,ARS/kg,$/kg,ARS,,False,1,a4e63495d0e6d55fe8343b62eb527d75b95b3af760fcce4a883b161afc4215c6,2026-10-06T121056_106249Z-b1481b8f,772d829a7107696889aff0ebeafed530064866f7b4b1fdd62e15d030ad31bcec,82997,HORTALIZA_ AGOSTO_26_0.zip/RH240826.XLS,https://ssma.magyp.gob.ar/frutas.precios.aspx
probable,2026-08-24,2026-08-24,day,2026-08,MCBA,Hortalizas,Hortalizas,BATATA,Batata,BEAUREGARD,Beauregard,S. PEDRO,San Pedro,BOLSA,Bo,Primera,MEDIANO,,,1909.09,1909.09,0.0,ARS/kg,$/kg,ARS,,True,1,75fdf22cc29c028ec0ea24678e7ec62f1855e380117fff89d8e20d962f45e4fd,2026-10-06T121056_106249Z-b1481b8f,772d829a7107696889aff0ebeafed530064866f7b4b1fdd62e15d030ad31bcec,82996,HORTALIZA_ AGOSTO_26_0.zip/RH240826.XLS,https://ssma.magyp.gob.ar/frutas.precios.aspx
probable,2026-08-24,2026-08-24,day,2026-08,MCBA,Hortalizas,Hortalizas,BATATA,Batata,ARAPEY,Arapey,CORDOBA,Córdoba,BOLSA,Bo,Primera,MEDIANO,,,1030.77,1030.77,0.0,ARS/kg,$/kg,ARS,,True,1,6f7e15e06ea78c350292889e280ad65310bfe6a0c6115c8f881dbe82b47f63c6,2026-10-06T121056_106249Z-b1481b8f,772d829a7107696889aff0ebeafed530064866f7b4b1fdd62e15d030ad31bcec,82995,HORTALIZA_ AGOSTO_26_0.zip/RH240826.XLS,https://ssma.magyp.gob.ar/frutas.precios.aspx
probable,2026-08-24,2026-08-24,day,2026-08,MCBA,Hortalizas,Hortalizas,BATATA,Batata,ARAPEY,Arapey,BRASIL,Brasil,BOLSA,Bo,Primera,MEDIANO,,,1275.0,1275.0,0.0,ARS/kg,$/kg,ARS,,True,1,1257f3e0f7b711c0f3e6d737fe9f9f5e4d2848e27bcd7f511d433b85e83fa996,2026-10-06T121056_106249Z-b1481b8f,772d829a7107696889aff0ebeafed530064866f7b4b1fdd62e15d030ad31bcec,82994,HORTALIZA_ AGOSTO_26_0.zip/RH240826.XLS,https://ssma.magyp.gob.ar/frutas.precios.aspx
probable,2026-08-24,2026-08-24,day,2026-08,MCBA,Hortalizas,Hortalizas,BROTE ALFA,Brote Alfa,,,BS. AS.,Buenos Aires,BOLSA,Bo,Primera,MEDIANO,,,9000.0,9000.0,0.0,ARS/kg,$/kg,ARS,,True,1,4c7c5013201ff0b4ac9199a43dc89dfb658fad7166f80703c5aaffa65a1bb862,2026-10-06T121056_106249Z-b1481b8f,772d829a7107696889aff0ebeafed530064866f7b4b1fdd62e15d030ad31bcec,83008,HORTALIZA_ AGOSTO_26_0.zip/RH240826.XLS,https://ssma.magyp.gob.ar/frutas.precios.aspx
exact_available_dimensions,2026-08-24,2026-08-24,day,2026-08,MCBA,Hortalizas,Hortalizas,BROTE ALFA,Brote Alfa,Prom.Esp.,Prom.Esp.,,,,,,,,,9000.0,9000.0,0.0,ARS/kg,$/kg,ARS,,False,1,e2e7707082bb14cf0df9f5d74a288a6661786210e83882d46aa665be4cb6e63b,2026-10-06T121056_106249Z-b1481b8f,772d829a7107696889aff0ebeafed530064866f7b4b1fdd62e15d030ad31bcec,83009,HORTALIZA_ AGOSTO_26_0.zip/RH240826.XLS,https://ssma.magyp.gob.ar/frutas.precios.aspx
probable,2026-08-24,2026-08-24,day,2026-08,MCBA,Hortalizas,Hortalizas,ARVEJA,Arveja,,,JUJUY,Jujuy,BOLSA,Bo,Primera,MEDIANO,,,2312.5,2312.5,0.0,ARS/kg,$/kg,ARS,,True,1,0c1f43d147cf7654677e69fea3af1636d7d01b7c38eebd7fc92f1f217e467e82,2026-10-06T121056_106249Z-b1481b8f,772d829a7107696889aff0ebeafed530064866f7b4b1fdd62e15d030ad31bcec,82992,HORTALIZA_ AGOSTO_26_0.zip/RH240826.XLS,https://ssma.magyp.gob.ar/frutas.precios.aspx
exact_available_dimensions,2026-08-24,2026-08-24,day,2026-08,MCBA,Hortalizas,Hortalizas,ARVEJA,Arveja,Prom.Esp.,Prom.Esp.,,,,,,,,,2312.5,2312.5,0.0,ARS/kg,$/kg,ARS,,False,1,c9247f50a62023780977a7602f326bb17be4b271303c1a8dda1812518ddfd471,2026-10-06T121056_106249Z-b1481b8f,772d829a7107696889aff0ebeafed530064866f7b4b1fdd62e15d030ad31bcec,82993,HORTALIZA_ AGOSTO_26_0.zip/RH240826.XLS,https://ssma.magyp.gob.ar/frutas.precios.aspx
probable,2026-08-24,2026-08-24,day,2026-08,MCBA,Hortalizas,Hortalizas,APIO,Apio,,,BS. AS.,Buenos Aires,TORO,To,Primera,MEDIANO,INVERNAC,,1233.33,1233.33,0.0,ARS/kg,$/kg,ARS,,True,1,8d1bf6f89cd3c1cbe93f68877e89cca038a36f03d05734f04e458d93a11e181e,2026-10-06T121056_106249Z-b1481b8f,772d829a7107696889aff0ebeafed530064866f7b4b1fdd62e15d030ad31bcec,82989,HORTALIZA_ AGOSTO_26_0.zip/RH240826.XLS,https://ssma.magyp.gob.ar/frutas.precios.aspx
probable,2026-08-24,2026-08-24,day,2026-08,MCBA,Hortalizas,Hortalizas,APIO,Apio,,,BS. AS.,Buenos Aires,TORO,To,Primera,GRANDE,INVERNAC,,1062.5,1062.5,0.0,ARS/kg,$/kg,ARS,,True,1,72c70298d676c54948d3169483fa0383e35a64b2e80f31e8ac48af84ce3f383d,2026-10-06T121056_106249Z-b1481b8f,772d829a7107696889aff0ebeafed530064866f7b4b1fdd62e15d030ad31bcec,82990,HORTALIZA_ AGOSTO_26_0.zip/RH240826.XLS,https://ssma.magyp.gob.ar/frutas.precios.aspx
exact_available_dimensions,2026-08-24,2026-08-24,day,2026-08,MCBA,Hortalizas,Hortalizas,APIO,Apio,Prom.Esp.,Prom.Esp.,,,,,,,,,1147.92,1147.92,0.0,ARS/kg,$/kg,ARS,,False,1,fe4e7a357923ce7440275c5df5476daf8f3595240f505f1ee2295e2c27bc83c7,2026-10-06T121056_106249Z-b1481b8f,772d829a7107696889aff0ebeafed530064866f7b4b1fdd62e15d030ad31bcec,82991,HORTALIZA_ AGOSTO_26_0.zip/RH240826.XLS,https://ssma.magyp.gob.ar/frutas.precios.aspx
probable,2026-08-24,2026-08-24,day,2026-08,MCBA,Hortalizas,Hortalizas,ALCAUCIL,Alcaucil,VIOLETA,Violeta,BS. AS.,Buenos Aires,TORO,To,Primera,MEDIANO,,,4633.33,4633.33,0.0,ARS/kg,$/kg,ARS,,True,1,ef44bc368a753f733bb98d16f38f22f35fdb306a90d7e10257019ad7c9a30cfc,2026-10-06T121056_106249Z-b1481b8f,772d829a7107696889aff0ebeafed530064866f7b4b1fdd62e15d030ad31bcec,82987,HORTALIZA_ AGOSTO_26_0.zip/RH240826.XLS,https://ssma.magyp.gob.ar/frutas.precios.aspx
exact_available_dimensions,2026-08-24,2026-08-24,day,2026-08,MCBA,Hortalizas,Hortalizas,ALCAUCIL,Alcaucil,Prom.Esp.,Prom.Esp.,,,,,,,,,4633.33,4633.33,0.0,ARS/kg,$/kg,ARS,,False,1,c5ee3bb53c63956e10d3f7e9e8d91979326676e7c279489fa63c1938d0712f6e,2026-10-06T121056_106249Z-b1481b8f,772d829a7107696889aff0ebeafed530064866f7b4b1fdd62e15d030ad31bcec,82988,HORTALIZA_ AGOSTO_26_0.zip/RH240826.XLS,https://ssma.magyp.gob.ar/frutas.precios.aspx
probable,2026-08-24,2026-08-24,day,2026-08,MCBA,Hortalizas,Hortalizas,ALBAHACA,Albahaca,,,CTES.,Corrientes,ATADO,At,Primera,,INVERNAC,,450.0,450.0,0.0,ARS/kg,$/kg,ARS,,True,1,82232fd57397a6001964d3a8f6c232d0ac6d2f78e412a13518bf6b982874d555,2026-10-06T121056_106249Z-b1481b8f,772d829a7107696889aff0ebeafed530064866f7b4b1fdd62e15d030ad31bcec,82985,HORTALIZA_ AGOSTO_26_0.zip/RH240826.XLS,https://ssma.magyp.gob.ar/frutas.precios.aspx
probable,2026-08-24,2026-08-24,day,2026-08,MCBA,Hortalizas,Hortalizas,ALBAHACA,Albahaca,,,BS. AS.,Buenos Aires,ATADO,At,Primera,,INVERNAC,,420.0,420.0,0.0,ARS/kg,$/kg,ARS,,True,1,07130650b1442bc8f0eed9ba23566c756ec25d6b5570fa815b7052b1f1f0161c,2026-10-06T121056_106249Z-b1481b8f,772d829a7107696889aff0ebeafed530064866f7b4b1fdd62e15d030ad31bcec,82984,HORTALIZA_ AGOSTO_26_0.zip/RH240826.XLS,https://ssma.magyp.gob.ar/frutas.precios.aspx
exact_available_dimensions,2026-08-24,2026-08-24,day,2026-08,MCBA,Hortalizas,Hortalizas,ALBAHACA,Albahaca,Prom.Esp.,Prom.Esp.,,,,,,,,,435.0,435.0,0.0,ARS/kg,$/kg,ARS,,False,1,ea835ed8208f48038735e2b474702eade9d2fd28ed2d6d885d024b5f9a8a5099,2026-10-06T121056_106249Z-b1481b8f,772d829a7107696889aff0ebeafed530064866f7b4b1fdd62e15d030ad31bcec,82986,HORTALIZA_ AGOSTO_26_0.zip/RH240826.XLS,https://ssma.magyp.gob.ar/frutas.precios.aspx
exact_available_dimensions,2026-08-24,2026-08-24,day,2026-08,MCBA,Hortalizas,Hortalizas,AJO,Ajo,Prom.Esp.,Prom.Esp.,,,,,,,,,4118.62,4118.62,0.0,ARS/kg,$/kg,ARS,,False,1,fd3aee9d15f907e185cf7b63cf0c0af958b21565190aeeb67a82483d6b90d264,2026-10-06T121056_106249Z-b1481b8f,772d829a7107696889aff0ebeafed530064866f7b4b1fdd62e15d030ad31bcec,82983,HORTALIZA_ AGOSTO_26_0.zip/RH240826.XLS,https://ssma.magyp.gob.ar/frutas.precios.aspx
probable,2026-08-24,2026-08-24,day,2026-08,MCBA,Hortalizas,Hortalizas,AJO,Ajo,MDO. CHINO,Mdo. Chino,MENDOZA,Mendoza,CAJA,Ca,Primera,7,,,3400.0,3400.0,0.0,ARS/kg,$/kg,ARS,,True,1,f93bf89f1256928bec2315be92aa65fdc70070b5c7705b67337be0b3bd32f854,2026-10-06T121056_106249Z-b1481b8f,772d829a7107696889aff0ebeafed530064866f7b4b1fdd62e15d030ad31bcec,82982,HORTALIZA_ AGOSTO_26_0.zip/RH240826.XLS,https://ssma.magyp.gob.ar/frutas.precios.aspx
probable,2026-08-24,2026-08-24,day,2026-08,MCBA,Hortalizas,Hortalizas,AJO,Ajo,MDO. CHINO,Mdo. Chino,MENDOZA,Mendoza,CAJA,Ca,Primera,12,,,7000.0,7000.0,0.0,ARS/kg,$/kg,ARS,,True,1,6f7bf41e5fd1a3a84555c9d9c4e94d287dd3a9c26131fb82b31c606a0336eb7d,2026-10-06T121056_106249Z-b1481b8f,772d829a7107696889aff0ebeafed530064866f7b4b1fdd62e15d030ad31bcec,82981,HORTALIZA_ AGOSTO_26_0.zip/RH240826.XLS,https://ssma.magyp.gob.ar/frutas.precios.aspx
probable,2026-08-24,2026-08-24,day,2026-08,MCBA,Hortalizas,Hortalizas,AJO,Ajo,MDO. CHINO,Mdo. Chino,MENDOZA,Mendoza,CAJA,Ca,Primera,10,,,5800.0,5800.0,0.0,ARS/kg,$/kg,ARS,,True,1,f914c10cd0ab470f66465fdf6f5dbc2dde7eb00a56eb066e332708a8e82c7601,2026-10-06T121056_106249Z-b1481b8f,772d829a7107696889aff0ebeafed530064866f7b4b1fdd62e15d030ad31bcec,82980,HORTALIZA_ AGOSTO_26_0.zip/RH240826.XLS,https://ssma.magyp.gob.ar/frutas.precios.aspx
probable,2026-08-24,2026-08-24,day,2026-08,MCBA,Hortalizas,Hortalizas,AJO,Ajo,COLORADO,Colorado,MENDOZA,Mendoza,RISTRA 100,Rt,Primera,9,,,3722.22,3722.22,0.0,ARS/kg,$/kg,ARS,,True,1,ad3717a3b92a9c8183975c0bd45d2c6386e4372d2e93c821b0b0f18ef4efe04a,2026-10-06T121056_106249Z-b1481b8f,772d829a7107696889aff0ebeafed530064866f7b4b1fdd62e15d030ad31bcec,82976,HORTALIZA_ AGOSTO_26_0.zip/RH240826.XLS,https://ssma.magyp.gob.ar/frutas.precios.aspx
probable,2026-08-24,2026-08-24,day,2026-08,MCBA,Hortalizas,Hortalizas,AJO,Ajo,COLORADO,Colorado,MENDOZA,Mendoza,RISTRA 100,Rt,Primera,8,,,3062.5,3062.5,0.0,ARS/kg,$/kg,ARS,,True,1,2decab93d5d8ed118f33697762acc56e22332ddf29411fc61f39388954542047,2026-10-06T121056_106249Z-b1481b8f,772d829a7107696889aff0ebeafed530064866f7b4b1fdd62e15d030ad31bcec,82975,HORTALIZA_ AGOSTO_26_0.zip/RH240826.XLS,https://ssma.magyp.gob.ar/frutas.precios.aspx
probable,2026-08-24,2026-08-24,day,2026-08,MCBA,Hortalizas,Hortalizas,AJO,Ajo,COLORADO,Colorado,MENDOZA,Mendoza,RISTRA 100,Rt,Primera,7,,,2142.86,2142.86,0.0,ARS/kg,$/kg,ARS,,True,1,c4771b3384defa77b0c8e270eed52bfaf21dbaba96194c72eb5341aacb2bc31e,2026-10-06T121056_106249Z-b1481b8f,772d829a7107696889aff0ebeafed530064866f7b4b1fdd62e15d030ad31bcec,82974,HORTALIZA_ AGOSTO_26_0.zip/RH240826.XLS,https://ssma.magyp.gob.ar/frutas.precios.aspx
probable,2026-08-24,2026-08-24,day,2026-08,MCBA,Hortalizas,Hortalizas,AJO,Ajo,COLORADO,Colorado,MENDOZA,Mendoza,RISTRA 100,Rt,Primera,5,,,1800.0,1800.0,0.0,ARS/kg,$/kg,ARS,,True,1,4a6726c45aa453a5e1c0419a4f5d0e103b9fc8ba795300dd2d28133b7415e8e8,2026-10-06T121056_106249Z-b1481b8f,772d829a7107696889aff0ebeafed530064866f7b4b1fdd62e15d030ad31bcec,82973,HORTALIZA_ AGOSTO_26_0.zip/RH240826.XLS,https://ssma.magyp.gob.ar/frutas.precios.aspx
probable,2026-08-24,2026-08-24,day,2026-08,MCBA,Hortalizas,Hortalizas,AJO,Ajo,COLORADO,Colorado,MENDOZA,Mendoza,RISTRA 100,Rt,Primera,4,,,1100.0,1100.0,0.0,ARS/kg,$/kg,ARS,,True,1,2f9752d7ed639d7bcb4d5c20c2242167312124f574ac430c46656a06ea8023c9,2026-10-06T121056_106249Z-b1481b8f,772d829a7107696889aff0ebeafed530064866f7b4b1fdd62e15d030ad31bcec,82972,HORTALIZA_ AGOSTO_26_0.zip/RH240826.XLS,https://ssma.magyp.gob.ar/frutas.precios.aspx
probable,2026-08-24,2026-08-24,day,2026-08,MCBA,Hortalizas,Hortalizas,AJO,Ajo,COLORADO,Colorado,MENDOZA,Mendoza,RISTRA 100,Rt,Primera,12,,,6250.0,6250.0,0.0,ARS/kg,$/kg,ARS,,True,1,11d2cab6039b4713cc0f51a5d0f0d49f45fead06443fb324d62e63987ccda931,2026-10-06T121056_106249Z-b1481b8f,772d829a7107696889aff0ebeafed530064866f7b4b1fdd62e15d030ad31bcec,82979,HORTALIZA_ AGOSTO_26_0.zip/RH240826.XLS,https://ssma.magyp.gob.ar/frutas.precios.aspx
probable,2026-08-24,2026-08-24,day,2026-08,MCBA,Hortalizas,Hortalizas,AJO,Ajo,COLORADO,Colorado,MENDOZA,Mendoza,RISTRA 100,Rt,Primera,11,,,5727.27,5727.27,0.0,ARS/kg,$/kg,ARS,,True,1,ed965a17ec176e24468761057d80ee7a3c231ebc8f945af3b114c6505d49bbe1,2026-10-06T121056_106249Z-b1481b8f,772d829a7107696889aff0ebeafed530064866f7b4b1fdd62e15d030ad31bcec,82978,HORTALIZA_ AGOSTO_26_0.zip/RH240826.XLS,https://ssma.magyp.gob.ar/frutas.precios.aspx
probable,2026-08-24,2026-08-24,day,2026-08,MCBA,Hortalizas,Hortalizas,AJO,Ajo,COLORADO,Colorado,MENDOZA,Mendoza,RISTRA 100,Rt,Primera,10,,,5300.0,5300.0,0.0,ARS/kg,$/kg,ARS,,True,1,203c2125dc1303eff30161147056a9b492b3fef662c5d0a4faefa8c34cb466f4,2026-10-06T121056_106249Z-b1481b8f,772d829a7107696889aff0ebeafed530064866f7b4b1fdd62e15d030ad31bcec,82977,HORTALIZA_ AGOSTO_26_0.zip/RH240826.XLS,https://ssma.magyp.gob.ar/frutas.precios.aspx
probable,2026-08-24,2026-08-24,day,2026-08,MCBA,Hortalizas,Hortalizas,ACUSAY,Acusay,,,BS. AS.,Buenos Aires,JAULA,Ja,Primera,MEDIANO,,,730.0,730.0,0.0,ARS/kg,$/kg,ARS,,True,1,5c129b4a2568cc9650c110976d65be045ac46a68e38e7174519c7d8c0d46ebab,2026-10-06T121056_106249Z-b1481b8f,772d829a7107696889aff0ebeafed530064866f7b4b1fdd62e15d030ad31bcec,82970,HORTALIZA_ AGOSTO_26_0.zip/RH240826.XLS,https://ssma.magyp.gob.ar/frutas.precios.aspx
probable,2026-08-24,2026-08-24,day,2026-08,MCBA,Hortalizas,Hortalizas,ACUSAY,Acusay,,,BS. AS.,Buenos Aires,JAULA,Ja,Primera,GRANDE,,,850.0,850.0,0.0,ARS/kg,$/kg,ARS,,True,1,e796e67a14abca6e5a8f5be129aa5c45cd367c767bee524892468d215170a4f8,2026-10-06T121056_106249Z-b1481b8f,772d829a7107696889aff0ebeafed530064866f7b4b1fdd62e15d030ad31bcec,82969,HORTALIZA_ AGOSTO_26_0.zip/RH240826.XLS,https://ssma.magyp.gob.ar/frutas.precios.aspx
exact_available_dimensions,2026-08-24,2026-08-24,day,2026-08,MCBA,Hortalizas,Hortalizas,ACUSAY,Acusay,Prom.Esp.,Prom.Esp.,,,,,,,,,790.0,790.0,0.0,ARS/kg,$/kg,ARS,,False,1,490023f7385422d06625fe24e013cba372685c5f097efc721e721a8c0c50c0a8,2026-10-06T121056_106249Z-b1481b8f,772d829a7107696889aff0ebeafed530064866f7b4b1fdd62e15d030ad31bcec,82971,HORTALIZA_ AGOSTO_26_0.zip/RH240826.XLS,https://ssma.magyp.gob.ar/frutas.precios.aspx
probable,2026-08-24,2026-08-24,day,2026-08,MCBA,Hortalizas,Hortalizas,ACHICORIA,Achicoria,,,BS. AS.,Buenos Aires,JAULA,Ja,Primera,,,,840.0,840.0,0.0,ARS/kg,$/kg,ARS,,True,1,325f36c391aea6403045f309099c47af8310d08aa1e755babc9e50ae18641a5a,2026-10-06T121056_106249Z-b1481b8f,772d829a7107696889aff0ebeafed530064866f7b4b1fdd62e15d030ad31bcec,82967,HORTALIZA_ AGOSTO_26_0.zip/RH240826.XLS,https://ssma.magyp.gob.ar/frutas.precios.aspx
exact_available_dimensions,2026-08-24,2026-08-24,day,2026-08,MCBA,Hortalizas,Hortalizas,ACHICORIA,Achicoria,Prom.Esp.,Prom.Esp.,,,,,,,,,840.0,840.0,0.0,ARS/kg,$/kg,ARS,,False,1,9de0976c5959d5786817b5699c6b5e95cd7ab3faf9d3d281f2f7b1809b7df356,2026-10-06T121056_106249Z-b1481b8f,772d829a7107696889aff0ebeafed530064866f7b4b1fdd62e15d030ad31bcec,82968,HORTALIZA_ AGOSTO_26_0.zip/RH240826.XLS,https://ssma.magyp.gob.ar/frutas.precios.aspx
probable,2026-08-24,2026-08-24,day,2026-08,MCBA,Hortalizas,Hortalizas,ACELGA,Acelga,,,BS. AS.,Buenos Aires,JAULA,Ja,Segunda,SIN TAM,,,350.0,350.0,0.0,ARS/kg,$/kg,ARS,,True,1,55f54414b0dc9489148f974fa750a2693b0bf08197a21fc68423455058578190,2026-10-06T121056_106249Z-b1481b8f,772d829a7107696889aff0ebeafed530064866f7b4b1fdd62e15d030ad31bcec,82965,HORTALIZA_ AGOSTO_26_0.zip/RH240826.XLS,https://ssma.magyp.gob.ar/frutas.precios.aspx
probable,2026-08-24,2026-08-24,day,2026-08,MCBA,Hortalizas,Hortalizas,ACELGA,Acelga,,,BS. AS.,Buenos Aires,JAULA,Ja,Primera,SIN TAM,,,450.0,450.0,0.0,ARS/kg,$/kg,ARS,,True,1,33ed34ef8cd1beabdeb3d970c8e8a8933b261a13572581830c6129851c982235,2026-10-06T121056_106249Z-b1481b8f,772d829a7107696889aff0ebeafed530064866f7b4b1fdd62e15d030ad31bcec,82964,HORTALIZA_ AGOSTO_26_0.zip/RH240826.XLS,https://ssma.magyp.gob.ar/frutas.precios.aspx
probable,2026-08-24,2026-08-24,day,2026-08,MCBA,Hortalizas,Hortalizas,ACELGA,Acelga,,,BS. AS.,Buenos Aires,JAULA,Ja,Primera,,INVERNAC,,700.0,700.0,0.0,ARS/kg,$/kg,ARS,,True,1,d449a3e69320c3f86b0235f6288eab9b4238d72df4ca466a6da4ecae3c0bffd6,2026-10-06T121056_106249Z-b1481b8f,772d829a7107696889aff0ebeafed530064866f7b4b1fdd62e15d030ad31bcec,82963,HORTALIZA_ AGOSTO_26_0.zip/RH240826.XLS,https://ssma.magyp.gob.ar/frutas.precios.aspx
exact_available_dimensions,2026-08-24,2026-08-24,day,2026-08,MCBA,Hortalizas,Hortalizas,ACELGA,Acelga,Prom.Esp.,Prom.Esp.,,,,,,,,,500.0,500.0,0.0,ARS/kg,$/kg,ARS,,False,1,39938de333f5f773ef4a8dfcb467df9281255bce60241d92f7f4b8fb21553332,2026-10-06T121056_106249Z-b1481b8f,772d829a7107696889aff0ebeafed530064866f7b4b1fdd62e15d030ad31bcec,82966,HORTALIZA_ AGOSTO_26_0.zip/RH240826.XLS,https://ssma.magyp.gob.ar/frutas.precios.aspx
probable,2026-08-24,2026-08-24,day,2026-08,MCBA,Frutas,Frutas,UVA,Uva,VICTORIA,Victoria,BRASIL,Brasil,CAJA,Ca,Elegido,GRANEL,,,6000.0,6000.0,0.0,ARS/kg,$/kg,ARS,,True,1,5fcfc0931aae299208bc4c0c55d09eb21f6785e74c0ae7079228dafefdca273f,2026-10-06T121056_106249Z-b1481b8f,772d829a7107696889aff0ebeafed530064866f7b4b1fdd62e15d030ad31bcec,73333,FRUTRAS_AGOSTO-26.zip/RF240826.XLS,https://ssma.magyp.gob.ar/frutas.precios.aspx
probable,2026-08-24,2026-08-24,day,2026-08,MCBA,Frutas,Frutas,UVA,Uva,SUGAR CRIP,Sugar Crip,BRASIL,Brasil,CAJA,Ca,Elegido,GRANEL,,,7375.0,7375.0,0.0,ARS/kg,$/kg,ARS,,True,1,754f1df7bb4c3efa8a9801ee17525439ac35e90eb44b3e1c9f3da1d626997bd1,2026-10-06T121056_106249Z-b1481b8f,772d829a7107696889aff0ebeafed530064866f7b4b1fdd62e15d030ad31bcec,73332,FRUTRAS_AGOSTO-26.zip/RF240826.XLS,https://ssma.magyp.gob.ar/frutas.precios.aspx
probable,2026-08-24,2026-08-24,day,2026-08,MCBA,Frutas,Frutas,UVA,Uva,RED GLOBE,Red Globe,CHILE,Chile,CAJA,Ca,Elegido,GRANEL,,,7875.0,7875.0,0.0,ARS/kg,$/kg,ARS,,True,1,8b2b8f12605f67ae58e35d6828e7622ff4477bf0ecd5b89afd442e59655a7c1d,2026-10-06T121056_106249Z-b1481b8f,772d829a7107696889aff0ebeafed530064866f7b4b1fdd62e15d030ad31bcec,73331,FRUTRAS_AGOSTO-26.zip/RF240826.XLS,https://ssma.magyp.gob.ar/frutas.precios.aspx
probable,2026-08-24,2026-08-24,day,2026-08,MCBA,Frutas,Frutas,UVA,Uva,RED GLOBE,Red Globe,BRASIL,Brasil,CAJA,Ca,Elegido,GRANDE,,,7875.0,7875.0,0.0,ARS/kg,$/kg,ARS,,True,1,557b5c4135c33326c67537ab14384b46edaec9685a44863a4d90abb61cc86b2d,2026-10-06T121056_106249Z-b1481b8f,772d829a7107696889aff0ebeafed530064866f7b4b1fdd62e15d030ad31bcec,73330,FRUTRAS_AGOSTO-26.zip/RF240826.XLS,https://ssma.magyp.gob.ar/frutas.precios.aspx
exact_available_dimensions,2026-08-24,2026-08-24,day,2026-08,MCBA,Frutas,Frutas,UVA,Uva,Prom.Esp.,Prom.Esp.,,,,,,,,,7500.0,7500.0,0.0,ARS/kg,$/kg,ARS,,False,1,9d4cbcfbe7eb51cae54bb00315c43713df785c2b84f10ebbf162a52ab40ada32,2026-10-06T121056_106249Z-b1481b8f,772d829a7107696889aff0ebeafed530064866f7b4b1fdd62e15d030ad31bcec,73334,FRUTRAS_AGOSTO-26.zip/RF240826.XLS,https://ssma.magyp.gob.ar/frutas.precios.aspx
probable,2026-08-24,2026-08-24,day,2026-08,MCBA,Frutas,Frutas,UVA,Uva,AUTUMN CRI,Autumn Cri,BRASIL,Brasil,CAJA,Ca,Elegido,GRANDE,,,8000.0,8000.0,0.0,ARS/kg,$/kg,ARS,,True,1,2435b9dec8e2822f7c9f617e085c42ecea400b1b3c713cd9eafc034639a8f3f3,2026-10-06T121056_106249Z-b1481b8f,772d829a7107696889aff0ebeafed530064866f7b4b1fdd62e15d030ad31bcec,73329,FRUTRAS_AGOSTO-26.zip/RF240826.XLS,https://ssma.magyp.gob.ar/frutas.precios.aspx
probable,2026-08-24,2026-08-24,day,2026-08,MCBA,Frutas,Frutas,UVA,Uva,ARRA 15,Arra 15,BRASIL,Brasil,CAJA,Ca,Elegido,GRANEL,,,7875.0,7875.0,0.0,ARS/kg,$/kg,ARS,,True,1,938c8a0892b8e52090d54dec77e0a995b7472492e9015ed10c16fe238368f3fc,2026-10-06T121056_106249Z-b1481b8f,772d829a7107696889aff0ebeafed530064866f7b4b1fdd62e15d030ad31bcec,73328,FRUTRAS_AGOSTO-26.zip/RF240826.XLS,https://ssma.magyp.gob.ar/frutas.precios.aspx
probable,2026-08-24,2026-08-24,day,2026-08,MCBA,Frutas,Frutas,SANDIA,Sandia,,,BRASIL,Brasil,GRANEL,Gr,Comercial,GRANEL,,,1600.0,1600.0,0.0,ARS/kg,$/kg,ARS,,True,1,4ddb6aa77d1e398931e994e252ffb92b18949fa3639423ae6ce7c65865014daa,2026-10-06T121056_106249Z-b1481b8f,772d829a7107696889aff0ebeafed530064866f7b4b1fdd62e15d030ad31bcec,73326,FRUTRAS_AGOSTO-26.zip/RF240826.XLS,https://ssma.magyp.gob.ar/frutas.precios.aspx
probable,2026-08-24,2026-08-24,day,2026-08,MCBA,Frutas,Frutas,SANDIA,Sandia,,,BRASIL,Brasil,CAJA,Ca,Elegido,004/006,,,1937.5,1937.5,0.0,ARS/kg,$/kg,ARS,,True,1,574740447d7ce14ecbb918ea26445bc17efa381c026deffdaa347fd6df9e8530,2026-10-06T121056_106249Z-b1481b8f,772d829a7107696889aff0ebeafed530064866f7b4b1fdd62e15d030ad31bcec,73325,FRUTRAS_AGOSTO-26.zip/RF240826.XLS,https://ssma.magyp.gob.ar/frutas.precios.aspx
exact_available_dimensions,2026-08-24,2026-08-24,day,2026-08,MCBA,Frutas,Frutas,SANDIA,Sandia,Prom.Esp.,Prom.Esp.,,,,,,,,,1768.75,1768.75,0.0,ARS/kg,$/kg,ARS,,False,1,deda96676951ce136ec9129fbc02272bbdf4bb347f4a8a1bd598a05a9a60ee9f,2026-10-06T121056_106249Z-b1481b8f,772d829a7107696889aff0ebeafed530064866f7b4b1fdd62e15d030ad31bcec,73327,FRUTRAS_AGOSTO-26.zip/RF240826.XLS,https://ssma.magyp.gob.ar/frutas.precios.aspx
probable,2026-08-24,2026-08-24,day,2026-08,MCBA,Frutas,Frutas,PERA,Pera,PACKHAM'S,Packham'S,R. NEGRO,Río Negro,PERDIDO,Pe,Comercial,100/120,,,1277.78,1277.78,0.0,ARS/kg,$/kg,ARS,,True,1,6857d79f842393fc4ce4006459a4596fbbd3889bac054d6ec5bd98c7b7d50960,2026-10-06T121056_106249Z-b1481b8f,772d829a7107696889aff0ebeafed530064866f7b4b1fdd62e15d030ad31bcec,73317,FRUTRAS_AGOSTO-26.zip/RF240826.XLS,https://ssma.magyp.gob.ar/frutas.precios.aspx
probable,2026-08-24,2026-08-24,day,2026-08,MCBA,Frutas,Frutas,PERA,Pera,PACKHAM'S,Packham'S,R. NEGRO,Río Negro,JAULA,Ja,Elegido,080/120,,,1500.0,1500.0,0.0,ARS/kg,$/kg,ARS,,True,1,f94f5afa0885fe6acea8ddf8305e09760a0cb46c9092d8292b36886ac1b6b590,2026-10-06T121056_106249Z-b1481b8f,772d829a7107696889aff0ebeafed530064866f7b4b1fdd62e15d030ad31bcec,73316,FRUTRAS_AGOSTO-26.zip/RF240826.XLS,https://ssma.magyp.gob.ar/frutas.precios.aspx
probable,2026-08-24,2026-08-24,day,2026-08,MCBA,Frutas,Frutas,PERA,Pera,PACKHAM'S,Packham'S,R. NEGRO,Río Negro,CAJA,Ca,Elegido,100/120,,,1666.67,1666.67,0.0,ARS/kg,$/kg,ARS,,True,1,638443933598f74ca277f8c00c008ff4e38d6e50d0e624b7b0cff81d2f89cc50,2026-10-06T121056_106249Z-b1481b8f,772d829a7107696889aff0ebeafed530064866f7b4b1fdd62e15d030ad31bcec,73315,FRUTRAS_AGOSTO-26.zip/RF240826.XLS,https://ssma.magyp.gob.ar/frutas.precios.aspx
probable,2026-08-24,2026-08-24,day,2026-08,MCBA,Frutas,Frutas,PERA,Pera,PACKHAM'S,Packham'S,R. NEGRO,Río Negro,CAJA,Ca,Elegido,030/040,,,1900.0,1900.0,0.0,ARS/kg,$/kg,ARS,,True,1,b9dd5a4929fa83245fc8531c1ec14830c521c30290f64d0512befabae2cb7e56,2026-10-06T121056_106249Z-b1481b8f,772d829a7107696889aff0ebeafed530064866f7b4b1fdd62e15d030ad31bcec,73314,FRUTRAS_AGOSTO-26.zip/RF240826.XLS,https://ssma.magyp.gob.ar/frutas.precios.aspx
exact_available_dimensions,2026-08-24,2026-08-24,day,2026-08,MCBA,Frutas,Frutas,PERA,Pera,Prom.Esp.,Prom.Esp.,,,,,,,,,2924.08,2924.08,0.0,ARS/kg,$/kg,ARS,,False,1,c2f9f782fdd59c027bcd67cf91355fcbcda796489e1dacf0e0a4982a73cfe9f4,2026-10-06T121056_106249Z-b1481b8f,772d829a7107696889aff0ebeafed530064866f7b4b1fdd62e15d030ad31bcec,73318,FRUTRAS_AGOSTO-26.zip/RF240826.XLS,https://ssma.magyp.gob.ar/frutas.precios.aspx
probable,2026-08-24,2026-08-24,day,2026-08,MCBA,Frutas,Frutas,PERA,Pera,ASIATICA,Asiatica,R. NEGRO,Río Negro,CAJA,Ca,Elegido,MEDIANO,,,3600.0,3600.0,0.0,ARS/kg,$/kg,ARS,,True,1,133bb23f6fe2046b3601d532fce823d38447d68001e970914335c68c2dac409c,2026-10-06T121056_106249Z-b1481b8f,772d829a7107696889aff0ebeafed530064866f7b4b1fdd62e15d030ad31bcec,73313,FRUTRAS_AGOSTO-26.zip/RF240826.XLS,https://ssma.magyp.gob.ar/frutas.precios.aspx
probable,2026-08-24,2026-08-24,day,2026-08,MCBA,Frutas,Frutas,PERA,Pera,ASIATICA,Asiatica,CHINA,China,CAJA,Ca,Elegido,GRANEL,,,7600.0,7600.0,0.0,ARS/kg,$/kg,ARS,,True,1,20542617e29a4e7d2f498b3e82069eac9451391373b999c1ce640057a91e0a65,2026-10-06T121056_106249Z-b1481b8f,772d829a7107696889aff0ebeafed530064866f7b4b1fdd62e15d030ad31bcec,73312,FRUTRAS_AGOSTO-26.zip/RF240826.XLS,https://ssma.magyp.gob.ar/frutas.precios.aspx
probable,2026-08-24,2026-08-24,day,2026-08,MCBA,Frutas,Frutas,POMELO,Pomelo,STAR RUBY,Star Ruby,SALTA,Salta,PERDIDO,Pe,Elegido,070/090,,,1000.0,1000.0,0.0,ARS/kg,$/kg,ARS,,True,1,cac8d5b5fea45ff70ce14a97b9cad28154b5b1e8ea39c64d46922fcc686992eb,2026-10-06T121056_106249Z-b1481b8f,772d829a7107696889aff0ebeafed530064866f7b4b1fdd62e15d030ad31bcec,73323,FRUTRAS_AGOSTO-26.zip/RF240826.XLS,https://ssma.magyp.gob.ar/frutas.precios.aspx
probable,2026-08-24,2026-08-24,day,2026-08,MCBA,Frutas,Frutas,POMELO,Pomelo,STAR RUBY,Star Ruby,E. RIOS,Entre Ríos,PERDIDO,Pe,Elegido,050/070,,,722.22,722.22,0.0,ARS/kg,$/kg,ARS,,True,1,bf6334cdd35f75a33da00617d59743857fa73181b1d5e5b8045c53a9bf974789,2026-10-06T121056_106249Z-b1481b8f,772d829a7107696889aff0ebeafed530064866f7b4b1fdd62e15d030ad31bcec,73322,FRUTRAS_AGOSTO-26.zip/RF240826.XLS,https://ssma.magyp.gob.ar/frutas.precios.aspx
exact_available_dimensions,2026-08-24,2026-08-24,day,2026-08,MCBA,Frutas,Frutas,POMELO,Pomelo,Prom.Esp.,Prom.Esp.,,,,,,,,,759.26,759.26,0.0,ARS/kg,$/kg,ARS,,False,1,a3390de26c7b29d6bdf26116db8e46bc1068bd60e5bb0e70baf72507bd72cf48,2026-10-06T121056_106249Z-b1481b8f,772d829a7107696889aff0ebeafed530064866f7b4b1fdd62e15d030ad31bcec,73324,FRUTRAS_AGOSTO-26.zip/RF240826.XLS,https://ssma.magyp.gob.ar/frutas.precios.aspx
probable,2026-08-24,2026-08-24,day,2026-08,MCBA,Frutas,Frutas,POMELO,Pomelo,BLANCO,Blanco,E. RIOS,Entre Ríos,CAJA,Ca,Elegido,050/070,,,555.56,555.56,0.0,ARS/kg,$/kg,ARS,,True,1,9dc5caeeea2ee2cce6001b9f551d455364ee6cb677ac32493a521729d3376edd,2026-10-06T121056_106249Z-b1481b8f,772d829a7107696889aff0ebeafed530064866f7b4b1fdd62e15d030ad31bcec,73321,FRUTRAS_AGOSTO-26.zip/RF240826.XLS,https://ssma.magyp.gob.ar/frutas.precios.aspx
probable,2026-08-24,2026-08-24,day,2026-08,MCBA,Frutas,Frutas,PLATANO,Platano,,,ECUADOR,Ecuador,CAJA,Ca,Elegido,GRANDE,,,3363.64,3363.64,0.0,ARS/kg,$/kg,ARS,,True,1,fac7d6b80a570e05486c4e05cab8ca35df1a2bca62b42b60704efbd8f99a70f3,2026-10-06T121056_106249Z-b1481b8f,772d829a7107696889aff0ebeafed530064866f7b4b1fdd62e15d030ad31bcec,73319,FRUTRAS_AGOSTO-26.zip/RF240826.XLS,https://ssma.magyp.gob.ar/frutas.precios.aspx
exact_available_dimensions,2026-08-24,2026-08-24,day,2026-08,MCBA,Frutas,Frutas,PLATANO,Platano,Prom.Esp.,Prom.Esp.,,,,,,,,,3363.64,3363.64,0.0,ARS/kg,$/kg,ARS,,False,1,8cd7c2116b3ab33667a7b499f8bc0023c3075df12c1a899f19e0c561a2666d1f,2026-10-06T121056_106249Z-b1481b8f,772d829a7107696889aff0ebeafed530064866f7b4b1fdd62e15d030ad31bcec,73320,FRUTRAS_AGOSTO-26.zip/RF240826.XLS,https://ssma.magyp.gob.ar/frutas.precios.aspx
probable,2026-08-24,2026-08-24,day,2026-08,MCBA,Frutas,Frutas,PALTA,Palta,TORRES,Torres,TUCUMAN,Tucumán,BANDEJA,Ba,Elegido,MEDIANO,,,2900.0,2900.0,0.0,ARS/kg,$/kg,ARS,,True,1,693c2e74f98b8db539c22c45ab7134aa95a6d1c556f908bb9436cdb2297d0ec8,2026-10-06T121056_106249Z-b1481b8f,772d829a7107696889aff0ebeafed530064866f7b4b1fdd62e15d030ad31bcec,73310,FRUTRAS_AGOSTO-26.zip/RF240826.XLS,https://ssma.magyp.gob.ar/frutas.precios.aspx
exact_available_dimensions,2026-08-24,2026-08-24,day,2026-08,MCBA,Frutas,Frutas,PALTA,Palta,Prom.Esp.,Prom.Esp.,,,,,,,,,4953.64,4953.64,0.0,ARS/kg,$/kg,ARS,,False,1,6bbd62ab46e2746b46fa857782d4179132b9528c809753d424fad6bf9fcdfa80,2026-10-06T121056_106249Z-b1481b8f,772d829a7107696889aff0ebeafed530064866f7b4b1fdd62e15d030ad31bcec,73311,FRUTRAS_AGOSTO-26.zip/RF240826.XLS,https://ssma.magyp.gob.ar/frutas.precios.aspx
probable,2026-08-24,2026-08-24,day,2026-08,MCBA,Frutas,Frutas,PALTA,Palta,HASS,Hass,TUCUMAN,Tucumán,BANDEJA,Ba,Elegido,MEDIANO,,,4200.0,4200.0,0.0,ARS/kg,$/kg,ARS,,True,1,2ec7765179ab8ac0f3a131061298f7de3b8c7ce836de3cf1962a8b3c146e83a6,2026-10-06T121056_106249Z-b1481b8f,772d829a7107696889aff0ebeafed530064866f7b4b1fdd62e15d030ad31bcec,73309,FRUTRAS_AGOSTO-26.zip/RF240826.XLS,https://ssma.magyp.gob.ar/frutas.precios.aspx
probable,2026-08-24,2026-08-24,day,2026-08,MCBA,Frutas,Frutas,PALTA,Palta,HASS,Hass,PERU,Perú,BANDEJA,Ba,Elegido,MEDIANO,,,4363.64,4363.64,0.0,ARS/kg,$/kg,ARS,,True,1,39eaf4f7751c7d936b5c077d8ddecf1f48c0a3205fa4cadb49f081d1531b953c,2026-10-06T121056_106249Z-b1481b8f,772d829a7107696889aff0ebeafed530064866f7b4b1fdd62e15d030ad31bcec,73308,FRUTRAS_AGOSTO-26.zip/RF240826.XLS,https://ssma.magyp.gob.ar/frutas.precios.aspx
probable,2026-08-24,2026-08-24,day,2026-08,MCBA,Frutas,Frutas,PALTA,Palta,HASS,Hass,PERU,Perú,BANDEJA,Ba,Elegido,GRANDE,,,5272.73,5272.73,0.0,ARS/kg,$/kg,ARS,,True,1,0fa580d15eac681f51e083eff8f6a8775d2ce1495af10b50f22db656cabca6e4,2026-10-06T121056_106249Z-b1481b8f,772d829a7107696889aff0ebeafed530064866f7b4b1fdd62e15d030ad31bcec,73307,FRUTRAS_AGOSTO-26.zip/RF240826.XLS,https://ssma.magyp.gob.ar/frutas.precios.aspx
probable,2026-08-24,2026-08-24,day,2026-08,MCBA,Frutas,Frutas,PALTA,Palta,HASS,Hass,JUJUY,Jujuy,CAJA,Ca,Elegido,MEDIANO,,,4300.0,4300.0,0.0,ARS/kg,$/kg,ARS,,True,1,544e87faf8621e964fe716decc2e31c07f0e34eb3d8bd2ebfcf04b5c946ef3f8,2026-10-06T121056_106249Z-b1481b8f,772d829a7107696889aff0ebeafed530064866f7b4b1fdd62e15d030ad31bcec,73306,FRUTRAS_AGOSTO-26.zip/RF240826.XLS,https://ssma.magyp.gob.ar/frutas.precios.aspx
probable,2026-08-24,2026-08-24,day,2026-08,MCBA,Frutas,Frutas,PALTA,Palta,HASS,Hass,CTES.,Corrientes,CAJA,Ca,Elegido,MEDIANO,,,3800.0,3800.0,0.0,ARS/kg,$/kg,ARS,,True,1,f1fd9c551d97e73bff0aced4dcc07eb791ca7b38178996d22f1e087d3724aa59,2026-10-06T121056_106249Z-b1481b8f,772d829a7107696889aff0ebeafed530064866f7b4b1fdd62e15d030ad31bcec,73305,FRUTRAS_AGOSTO-26.zip/RF240826.XLS,https://ssma.magyp.gob.ar/frutas.precios.aspx
probable,2026-08-24,2026-08-24,day,2026-08,MCBA,Frutas,Frutas,PALTA,Palta,HASS,Hass,CHILE,Chile,CAJA,Ca,Elegido,MEDIANO,,,7272.73,7272.73,0.0,ARS/kg,$/kg,ARS,,True,1,3d1402ab24e01af1fc39ae2e059f799db8b2928ad555e8b32fb2606510a23007,2026-10-06T121056_106249Z-b1481b8f,772d829a7107696889aff0ebeafed530064866f7b4b1fdd62e15d030ad31bcec,73304,FRUTRAS_AGOSTO-26.zip/RF240826.XLS,https://ssma.magyp.gob.ar/frutas.precios.aspx
probable,2026-08-24,2026-08-24,day,2026-08,MCBA,Frutas,Frutas,PALTA,Palta,HASS,Hass,CHILE,Chile,CAJA,Ca,Elegido,GRANDE,,,8700.0,8700.0,0.0,ARS/kg,$/kg,ARS,,True,1,cc8e4408c80de3f9c0a442475d29dbb3fdd96efc6c005cdeba3146b32ae19161,2026-10-06T121056_106249Z-b1481b8f,772d829a7107696889aff0ebeafed530064866f7b4b1fdd62e15d030ad31bcec,73303,FRUTRAS_AGOSTO-26.zip/RF240826.XLS,https://ssma.magyp.gob.ar/frutas.precios.aspx
probable,2026-08-24,2026-08-24,day,2026-08,MCBA,Frutas,Frutas,PALTA,Palta,HASS,Hass,BRASIL,Brasil,CAJA,Ca,Elegido,MEDIANO,,,4181.82,4181.82,0.0,ARS/kg,$/kg,ARS,,True,1,5a231a5c9743b1b68e40b55a5a333f4cc27464dcb01925423d6ce76c7889ddcf,2026-10-06T121056_106249Z-b1481b8f,772d829a7107696889aff0ebeafed530064866f7b4b1fdd62e15d030ad31bcec,73302,FRUTRAS_AGOSTO-26.zip/RF240826.XLS,https://ssma.magyp.gob.ar/frutas.precios.aspx
probable,2026-08-24,2026-08-24,day,2026-08,MCBA,Frutas,Frutas,PALTA,Palta,HASS,Hass,BRASIL,Brasil,CAJA,Ca,Elegido,GRANDE,,,4545.45,4545.45,0.0,ARS/kg,$/kg,ARS,,True,1,67d831b507edcec27b8ee5329dfafb83c8030990acdf0e05e5b7b1411bcbc978,2026-10-06T121056_106249Z-b1481b8f,772d829a7107696889aff0ebeafed530064866f7b4b1fdd62e15d030ad31bcec,73301,FRUTRAS_AGOSTO-26.zip/RF240826.XLS,https://ssma.magyp.gob.ar/frutas.precios.aspx
probable,2026-08-24,2026-08-24,day,2026-08,MCBA,Frutas,Frutas,NUEZ,Nuez,,,MENDOZA,Mendoza,BOLSA,Bo,Elegido,GRANEL,,,7800.0,7800.0,0.0,ARS/kg,$/kg,ARS,,True,1,b029ddc71fa01cd3ba318195927b22be8d8f2322ab799a9ab35836f1182e4cf9,2026-10-06T121056_106249Z-b1481b8f,772d829a7107696889aff0ebeafed530064866f7b4b1fdd62e15d030ad31bcec,73299,FRUTRAS_AGOSTO-26.zip/RF240826.XLS,https://ssma.magyp.gob.ar/frutas.precios.aspx
exact_available_dimensions,2026-08-24,2026-08-24,day,2026-08,MCBA,Frutas,Frutas,NUEZ,Nuez,Prom.Esp.,Prom.Esp.,,,,,,,,,7800.0,7800.0,0.0,ARS/kg,$/kg,ARS,,False,1,781309cea36634a8098ab3418b4b8e76a656a86dc9cecbb6082e715730120d4d,2026-10-06T121056_106249Z-b1481b8f,772d829a7107696889aff0ebeafed530064866f7b4b1fdd62e15d030ad31bcec,73300,FRUTRAS_AGOSTO-26.zip/RF240826.XLS,https://ssma.magyp.gob.ar/frutas.precios.aspx
probable,2026-08-24,2026-08-24,day,2026-08,MCBA,Frutas,Frutas,NARANJA,Naranja,W.NAVEL,W.Navel,BS. AS.,Buenos Aires,JAULA,Ja,Elegido,050/065,,,941.18,941.18,0.0,ARS/kg,$/kg,ARS,,True,1,381277d505365ac52a1e997503bb5391a9dfc6a38e02e5ad1caf23ba865fd86b,2026-10-06T121056_106249Z-b1481b8f,772d829a7107696889aff0ebeafed530064866f7b4b1fdd62e15d030ad31bcec,73297,FRUTRAS_AGOSTO-26.zip/RF240826.XLS,https://ssma.magyp.gob.ar/frutas.precios.aspx
probable,2026-08-24,2026-08-24,day,2026-08,MCBA,Frutas,Frutas,NARANJA,Naranja,SALUSTIANA,Salustiana,SALTA,Salta,PERDIDO,Pe,Elegido,110/130,,,666.67,666.67,0.0,ARS/kg,$/kg,ARS,,True,1,5a0c44bd48f8184fe301154af74d1084923d74365584284661379e96fbcf3e63,2026-10-06T121056_106249Z-b1481b8f,772d829a7107696889aff0ebeafed530064866f7b4b1fdd62e15d030ad31bcec,73296,FRUTRAS_AGOSTO-26.zip/RF240826.XLS,https://ssma.magyp.gob.ar/frutas.precios.aspx
probable,2026-08-24,2026-08-24,day,2026-08,MCBA,Frutas,Frutas,NARANJA,Naranja,SALUSTIANA,Salustiana,E. RIOS,Entre Ríos,PERDIDO,Pe,Elegido,110/130,,,611.11,611.11,0.0,ARS/kg,$/kg,ARS,,True,1,5f8ff4da8c39daa3a2b951b8af809bca264e6f54e28f2919274330e24a44cf37,2026-10-06T121056_106249Z-b1481b8f,772d829a7107696889aff0ebeafed530064866f7b4b1fdd62e15d030ad31bcec,73295,FRUTRAS_AGOSTO-26.zip/RF240826.XLS,https://ssma.magyp.gob.ar/frutas.precios.aspx
probable,2026-08-24,2026-08-24,day,2026-08,MCBA,Frutas,Frutas,NARANJA,Naranja,SALUSTIANA,Salustiana,E. RIOS,Entre Ríos,PERDIDO,Pe,Elegido,090/110,,,666.67,666.67,0.0,ARS/kg,$/kg,ARS,,True,1,d5031138df185f20aeb5e1d9bc1fce214e22a862a25873a3ea0966154d62e188,2026-10-06T121056_106249Z-b1481b8f,772d829a7107696889aff0ebeafed530064866f7b4b1fdd62e15d030ad31bcec,73294,FRUTRAS_AGOSTO-26.zip/RF240826.XLS,https://ssma.magyp.gob.ar/frutas.precios.aspx
probable,2026-08-24,2026-08-24,day,2026-08,MCBA,Frutas,Frutas,NARANJA,Naranja,SALUSTIANA,Salustiana,CTES.,Corrientes,PERDIDO,Pe,Elegido,110/130,,,500.0,500.0,0.0,ARS/kg,$/kg,ARS,,True,1,3ee9776ef4d8acc86ee1b7f3f3d3fde218cb51559fa7c5541d51c8af560c8a3a,2026-10-06T121056_106249Z-b1481b8f,772d829a7107696889aff0ebeafed530064866f7b4b1fdd62e15d030ad31bcec,73293,FRUTRAS_AGOSTO-26.zip/RF240826.XLS,https://ssma.magyp.gob.ar/frutas.precios.aspx
exact_available_dimensions,2026-08-24,2026-08-24,day,2026-08,MCBA,Frutas,Frutas,NARANJA,Naranja,Prom.Esp.,Prom.Esp.,,,,,,,,,703.16,703.16,0.0,ARS/kg,$/kg,ARS,,False,1,19af51b57d2d57a6cd348b82aa3ae39d45f154cd0b507b8b228c7e9cbc853e19,2026-10-06T121056_106249Z-b1481b8f,772d829a7107696889aff0ebeafed530064866f7b4b1fdd62e15d030ad31bcec,73298,FRUTRAS_AGOSTO-26.zip/RF240826.XLS,https://ssma.magyp.gob.ar/frutas.precios.aspx
probable,2026-08-24,2026-08-24,day,2026-08,MCBA,Frutas,Frutas,NARANJA,Naranja,NEW HALL,New Hall,E. RIOS,Entre Ríos,PERDIDO,Pe,Elegido,090/110,,,833.33,833.33,0.0,ARS/kg,$/kg,ARS,,True,1,08bedb8c6c7d2f965daf557ab76eece1a2e4bb9334a44b4ebb7027250f2dd81f,2026-10-06T121056_106249Z-b1481b8f,772d829a7107696889aff0ebeafed530064866f7b4b1fdd62e15d030ad31bcec,73292,FRUTRAS_AGOSTO-26.zip/RF240826.XLS,https://ssma.magyp.gob.ar/frutas.precios.aspx
probable,2026-08-24,2026-08-24,day,2026-08,MCBA,Frutas,Frutas,MANGO,Mango,,,BRASIL,Brasil,CAJA,Ca,Elegido,MEDIANO,,,3500.0,3500.0,0.0,ARS/kg,$/kg,ARS,,True,1,a1447103a0ad90d65c9c68d9e60e54ec1b1714ae2b9460d6b6a296e5a794e709,2026-10-06T121056_106249Z-b1481b8f,772d829a7107696889aff0ebeafed530064866f7b4b1fdd62e15d030ad31bcec,73260,FRUTRAS_AGOSTO-26.zip/RF240826.XLS,https://ssma.magyp.gob.ar/frutas.precios.aspx
probable,2026-08-24,2026-08-24,day,2026-08,MCBA,Frutas,Frutas,MANGO,Mango,,,BRASIL,Brasil,CAJA,Ca,Elegido,GRANDE,,,2055.56,2055.56,0.0,ARS/kg,$/kg,ARS,,True,1,d75ec36402119a672308db40438e9c745efa9e36b9dc0fc998bdd2a4ebb68f9b,2026-10-06T121056_106249Z-b1481b8f,772d829a7107696889aff0ebeafed530064866f7b4b1fdd62e15d030ad31bcec,73261,FRUTRAS_AGOSTO-26.zip/RF240826.XLS,https://ssma.magyp.gob.ar/frutas.precios.aspx
exact_available_dimensions,2026-08-24,2026-08-24,day,2026-08,MCBA,Frutas,Frutas,MANGO,Mango,Prom.Esp.,Prom.Esp.,,,,,,,,,2777.78,2777.78,0.0,ARS/kg,$/kg,ARS,,False,1,290a69960ef0c38d4b28a5d410a0dfdc71e43623a6b42d2cac32f60c958664bb,2026-10-06T121056_106249Z-b1481b8f,772d829a7107696889aff0ebeafed530064866f7b4b1fdd62e15d030ad31bcec,73262,FRUTRAS_AGOSTO-26.zip/RF240826.XLS,https://ssma.magyp.gob.ar/frutas.precios.aspx
exact_available_dimensions,2026-08-24,2026-08-24,day,2026-08,MCBA,Frutas,Frutas,MELON,Melon,Prom.Esp.,Prom.Esp.,,,,,,,,,3225.0,3225.0,0.0,ARS/kg,$/kg,ARS,,False,1,8fc7c9168ca7692376bf171f2227a0df981e4d46bc39f89bc72a3c1de25d98b5,2026-10-06T121056_106249Z-b1481b8f,772d829a7107696889aff0ebeafed530064866f7b4b1fdd62e15d030ad31bcec,73289,FRUTRAS_AGOSTO-26.zip/RF240826.XLS,https://ssma.magyp.gob.ar/frutas.precios.aspx
probable,2026-08-24,2026-08-24,day,2026-08,MCBA,Frutas,Frutas,MELON,Melon,ORANGE,Orange,BRASIL,Brasil,CAJA,Ca,Elegido,MEDIANO,,,3700.0,3700.0,0.0,ARS/kg,$/kg,ARS,,True,1,59b04419892a96144dd0d4a239240741fa1900e63abb2c9538847807c3f5fc8a,2026-10-06T121056_106249Z-b1481b8f,772d829a7107696889aff0ebeafed530064866f7b4b1fdd62e15d030ad31bcec,73288,FRUTRAS_AGOSTO-26.zip/RF240826.XLS,https://ssma.magyp.gob.ar/frutas.precios.aspx
probable,2026-08-24,2026-08-24,day,2026-08,MCBA,Frutas,Frutas,MELON,Melon,AMARILLO,Amarillo,BRASIL,Brasil,CAJA,Ca,Elegido,MEDIANO,,,2750.0,2750.0,0.0,ARS/kg,$/kg,ARS,,True,1,e44229b56cbeada7841be13dc8fb8f7f1b1627aab6e69a6b9b28997661409796,2026-10-06T121056_106249Z-b1481b8f,772d829a7107696889aff0ebeafed530064866f7b4b1fdd62e15d030ad31bcec,73287,FRUTRAS_AGOSTO-26.zip/RF240826.XLS,https://ssma.magyp.gob.ar/frutas.precios.aspx
exact_available_dimensions,2026-08-24,2026-08-24,day,2026-08,MCBA,Frutas,Frutas,MANDARINA,Mandarina,Prom.Esp.,Prom.Esp.,,,,,,,,,641.41,641.41,0.0,ARS/kg,$/kg,ARS,,False,1,ce0d300269847ce3778413437906e896111d037a22dd0e8595850b33b842feed,2026-10-06T121056_106249Z-b1481b8f,772d829a7107696889aff0ebeafed530064866f7b4b1fdd62e15d030ad31bcec,73259,FRUTRAS_AGOSTO-26.zip/RF240826.XLS,https://ssma.magyp.gob.ar/frutas.precios.aspx
probable,2026-08-24,2026-08-24,day,2026-08,MCBA,Frutas,Frutas,MANDARINA,Mandarina,NOVA,Nova,E. RIOS,Entre Ríos,PERDIDO,Pe,Elegido,MEDIANO,,,500.0,500.0,0.0,ARS/kg,$/kg,ARS,,True,1,d0bc2e32c3796b1fd3a1fb720b9ae8cd48b6180c9c70ca0653e89f7e73b4c494,2026-10-06T121056_106249Z-b1481b8f,772d829a7107696889aff0ebeafed530064866f7b4b1fdd62e15d030ad31bcec,73258,FRUTRAS_AGOSTO-26.zip/RF240826.XLS,https://ssma.magyp.gob.ar/frutas.precios.aspx
probable,2026-08-24,2026-08-24,day,2026-08,MCBA,Frutas,Frutas,MANDARINA,Mandarina,NOVA,Nova,CTES.,Corrientes,PERDIDO,Pe,Elegido,MEDIANO,,,444.44,444.44,0.0,ARS/kg,$/kg,ARS,,True,1,09536f9bd5f697321ce2dbd7c2c48ede66e62a08b0dc48175767cde5b740a706,2026-10-06T121056_106249Z-b1481b8f,772d829a7107696889aff0ebeafed530064866f7b4b1fdd62e15d030ad31bcec,73257,FRUTRAS_AGOSTO-26.zip/RF240826.XLS,https://ssma.magyp.gob.ar/frutas.precios.aspx
probable,2026-08-24,2026-08-24,day,2026-08,MCBA,Frutas,Frutas,MANDARINA,Mandarina,MURCOT,Murcot,E. RIOS,Entre Ríos,PERDIDO,Pe,Elegido,MEDIANO,,,666.67,666.67,0.0,ARS/kg,$/kg,ARS,,True,1,6f32f0766624c17d01d557768c24a55452390896260b15c0eb5cd86bcda40201,2026-10-06T121056_106249Z-b1481b8f,772d829a7107696889aff0ebeafed530064866f7b4b1fdd62e15d030ad31bcec,73256,FRUTRAS_AGOSTO-26.zip/RF240826.XLS,https://ssma.magyp.gob.ar/frutas.precios.aspx
probable,2026-08-24,2026-08-24,day,2026-08,MCBA,Frutas,Frutas,MANDARINA,Mandarina,ENCORE,Encore,E. RIOS,Entre Ríos,TORO,To,Elegido,GRANDE,,,944.44,944.44,0.0,ARS/kg,$/kg,ARS,,True,1,7cc7df447b360cb15ab57999b70b4b61b032d39ac7b4babf473e49ad5e7158c6,2026-10-06T121056_106249Z-b1481b8f,772d829a7107696889aff0ebeafed530064866f7b4b1fdd62e15d030ad31bcec,73255,FRUTRAS_AGOSTO-26.zip/RF240826.XLS,https://ssma.magyp.gob.ar/frutas.precios.aspx
probable,2026-08-24,2026-08-24,day,2026-08,MCBA,Frutas,Frutas,MANDARINA,Mandarina,ENCORE,Encore,E. RIOS,Entre Ríos,JAULA,Ja,Elegido,MEDIANO,,,611.11,611.11,0.0,ARS/kg,$/kg,ARS,,True,1,1edc00163861be0eae2549f5ab5e8a45c3fcc5b057ccb0b986951ae5a6247d0e,2026-10-06T121056_106249Z-b1481b8f,772d829a7107696889aff0ebeafed530064866f7b4b1fdd62e15d030ad31bcec,73254,FRUTRAS_AGOSTO-26.zip/RF240826.XLS,https://ssma.magyp.gob.ar/frutas.precios.aspx
probable,2026-08-24,2026-08-24,day,2026-08,MCBA,Frutas,Frutas,MANDARINA,Mandarina,ELLENDALE,Ellendale,E. RIOS,Entre Ríos,PERDIDO,Pe,Elegido,MEDIANO,,,611.11,611.11,0.0,ARS/kg,$/kg,ARS,,True,1,866e640ba1a684f52084c17f7d2cab3c7d33e81b17276b4260b19c2bbe9e200e,2026-10-06T121056_106249Z-b1481b8f,772d829a7107696889aff0ebeafed530064866f7b4b1fdd62e15d030ad31bcec,73253,FRUTRAS_AGOSTO-26.zip/RF240826.XLS,https://ssma.magyp.gob.ar/frutas.precios.aspx
probable,2026-08-24,2026-08-24,day,2026-08,MCBA,Frutas,Frutas,MANDARINA,Mandarina,ELLENDALE,Ellendale,E. RIOS,Entre Ríos,PERDIDO,Pe,Elegido,GRANDE,,,833.33,833.33,0.0,ARS/kg,$/kg,ARS,,True,1,e22bdc683aa658505f55e7f52bb87ff14ca7b6801ee78ad082e5320a25d207cf,2026-10-06T121056_106249Z-b1481b8f,772d829a7107696889aff0ebeafed530064866f7b4b1fdd62e15d030ad31bcec,73252,FRUTRAS_AGOSTO-26.zip/RF240826.XLS,https://ssma.magyp.gob.ar/frutas.precios.aspx
probable,2026-08-24,2026-08-24,day,2026-08,MCBA,Frutas,Frutas,MANDARINA,Mandarina,ELLENDALE,Ellendale,CTES.,Corrientes,CAJA,Ca,Elegido,MEDIANO,,,555.56,555.56,0.0,ARS/kg,$/kg,ARS,,True,1,2041bc453a9aaeb01f20ccc903bbd52817d00d59aba002f8e2d138d2b5e4ed9e,2026-10-06T121056_106249Z-b1481b8f,772d829a7107696889aff0ebeafed530064866f7b4b1fdd62e15d030ad31bcec,73251,FRUTRAS_AGOSTO-26.zip/RF240826.XLS,https://ssma.magyp.gob.ar/frutas.precios.aspx
probable,2026-08-24,2026-08-24,day,2026-08,MCBA,Frutas,Frutas,MANDARINA,Mandarina,DANCY,Dancy,E. RIOS,Entre Ríos,PERDIDO,Pe,Elegido,MEDIANO,,,555.56,555.56,0.0,ARS/kg,$/kg,ARS,,True,1,51a292cb3615509e750cec02528568d51644d7efe3d62fe1a4cb1d64b55aac41,2026-10-06T121056_106249Z-b1481b8f,772d829a7107696889aff0ebeafed530064866f7b4b1fdd62e15d030ad31bcec,73250,FRUTRAS_AGOSTO-26.zip/RF240826.XLS,https://ssma.magyp.gob.ar/frutas.precios.aspx
probable,2026-08-24,2026-08-24,day,2026-08,MCBA,Frutas,Frutas,MANDARINA,Mandarina,DANCY,Dancy,E. RIOS,Entre Ríos,PERDIDO,Pe,Elegido,GRANDE,,,777.78,777.78,0.0,ARS/kg,$/kg,ARS,,True,1,84eaaceedce98b18aee289cb04f79e232b42f43d0c118fbca2a325513dff238d,2026-10-06T121056_106249Z-b1481b8f,772d829a7107696889aff0ebeafed530064866f7b4b1fdd62e15d030ad31bcec,73249,FRUTRAS_AGOSTO-26.zip/RF240826.XLS,https://ssma.magyp.gob.ar/frutas.precios.aspx
probable,2026-08-24,2026-08-24,day,2026-08,MCBA,Frutas,Frutas,MANDARINA,Mandarina,AFOURER,Afourer,E. RIOS,Entre Ríos,PERDIDO,Pe,Elegido,MEDIANO,,,555.56,555.56,0.0,ARS/kg,$/kg,ARS,,True,1,d7c43d6979bb50573f1dc1e955b28dbb9f4de6d32f99b7efc2ef4db7130e0b65,2026-10-06T121056_106249Z-b1481b8f,772d829a7107696889aff0ebeafed530064866f7b4b1fdd62e15d030ad31bcec,73248,FRUTRAS_AGOSTO-26.zip/RF240826.XLS,https://ssma.magyp.gob.ar/frutas.precios.aspx
probable,2026-08-24,2026-08-24,day,2026-08,MCBA,Frutas,Frutas,MEMBRILLO,Membrillo,,,R. NEGRO,Río Negro,CAJA,Ca,Elegido,MEDIANO,,,2500.0,2500.0,0.0,ARS/kg,$/kg,ARS,,True,1,9ea4b883d7ec93257ca1751f70a782e48ba1de7387b84a16dc7c4937cc531e13,2026-10-06T121056_106249Z-b1481b8f,772d829a7107696889aff0ebeafed530064866f7b4b1fdd62e15d030ad31bcec,73290,FRUTRAS_AGOSTO-26.zip/RF240826.XLS,https://ssma.magyp.gob.ar/frutas.precios.aspx
exact_available_dimensions,2026-08-24,2026-08-24,day,2026-08,MCBA,Frutas,Frutas,MEMBRILLO,Membrillo,Prom.Esp.,Prom.Esp.,,,,,,,,,2500.0,2500.0,0.0,ARS/kg,$/kg,ARS,,False,1,98075b749eb5fa4371a7ba93aada87a773923eb7c393f8f9c703f325e3bf1d6e,2026-10-06T121056_106249Z-b1481b8f,772d829a7107696889aff0ebeafed530064866f7b4b1fdd62e15d030ad31bcec,73291,FRUTRAS_AGOSTO-26.zip/RF240826.XLS,https://ssma.magyp.gob.ar/frutas.precios.aspx
probable,2026-08-24,2026-08-24,day,2026-08,MCBA,Frutas,Frutas,MANZANA,Manzana,RED DELICI,Red Delici,R. NEGRO,Río Negro,JAULA,Ja,Elegido,113/125,,,1777.78,1777.78,0.0,ARS/kg,$/kg,ARS,,True,1,abdfba4db0e2dacc7b671b5cd73fb2101fc94fd3dbbfad07eca40e43c6d28545,2026-10-06T121056_106249Z-b1481b8f,772d829a7107696889aff0ebeafed530064866f7b4b1fdd62e15d030ad31bcec,73283,FRUTRAS_AGOSTO-26.zip/RF240826.XLS,https://ssma.magyp.gob.ar/frutas.precios.aspx
probable,2026-08-24,2026-08-24,day,2026-08,MCBA,Frutas,Frutas,MANZANA,Manzana,RED DELICI,Red Delici,R. NEGRO,Río Negro,JAULA,Ja,Comercial,100/125,,,1555.56,1555.56,0.0,ARS/kg,$/kg,ARS,,True,1,4d4ccd7b43c12e7310e2b4209040bcd45048a8978a0c1623a67c85effb6e59ba,2026-10-06T121056_106249Z-b1481b8f,772d829a7107696889aff0ebeafed530064866f7b4b1fdd62e15d030ad31bcec,73282,FRUTRAS_AGOSTO-26.zip/RF240826.XLS,https://ssma.magyp.gob.ar/frutas.precios.aspx
probable,2026-08-24,2026-08-24,day,2026-08,MCBA,Frutas,Frutas,MANZANA,Manzana,RED DELICI,Red Delici,R. NEGRO,Río Negro,JAULA,Ja,Comercial,072/080,,,1666.67,1666.67,0.0,ARS/kg,$/kg,ARS,,True,1,70abfefde12342903840e28e7ad4aea39e140dbd907f5a6cb679225bd5ef6137,2026-10-06T121056_106249Z-b1481b8f,772d829a7107696889aff0ebeafed530064866f7b4b1fdd62e15d030ad31bcec,73281,FRUTRAS_AGOSTO-26.zip/RF240826.XLS,https://ssma.magyp.gob.ar/frutas.precios.aspx
probable,2026-08-24,2026-08-24,day,2026-08,MCBA,Frutas,Frutas,MANZANA,Manzana,RED DELICI,Red Delici,R. NEGRO,Río Negro,CAJA,Ca,Superior,088/113,,,3111.11,3111.11,0.0,ARS/kg,$/kg,ARS,,True,1,a2dd3052d2b3501f46f799721ae3b653f1b6a9df69d1f83517f0071be0376def,2026-10-06T121056_106249Z-b1481b8f,772d829a7107696889aff0ebeafed530064866f7b4b1fdd62e15d030ad31bcec,73280,FRUTRAS_AGOSTO-26.zip/RF240826.XLS,https://ssma.magyp.gob.ar/frutas.precios.aspx
probable,2026-08-24,2026-08-24,day,2026-08,MCBA,Frutas,Frutas,MANZANA,Manzana,RED DELICI,Red Delici,R. NEGRO,Río Negro,CAJA,Ca,Elegido,125/138,,,2055.56,2055.56,0.0,ARS/kg,$/kg,ARS,,True,1,3b8897ae29d0b62ca39d8a6ac7d84053372bc545ea85a5ee3774bc6bccef8683,2026-10-06T121056_106249Z-b1481b8f,772d829a7107696889aff0ebeafed530064866f7b4b1fdd62e15d030ad31bcec,73279,FRUTRAS_AGOSTO-26.zip/RF240826.XLS,https://ssma.magyp.gob.ar/frutas.precios.aspx
probable,2026-08-24,2026-08-24,day,2026-08,MCBA,Frutas,Frutas,MANZANA,Manzana,RED DELICI,Red Delici,R. NEGRO,Río Negro,CAJA,Ca,Elegido,113/125,,,2277.78,2277.78,0.0,ARS/kg,$/kg,ARS,,True,1,6f0d597c18b2e0c9e43c0918155fbb961d91685c09ae8816b9ae399412f9dd34,2026-10-06T121056_106249Z-b1481b8f,772d829a7107696889aff0ebeafed530064866f7b4b1fdd62e15d030ad31bcec,73278,FRUTRAS_AGOSTO-26.zip/RF240826.XLS,https://ssma.magyp.gob.ar/frutas.precios.aspx
probable,2026-08-24,2026-08-24,day,2026-08,MCBA,Frutas,Frutas,MANZANA,Manzana,RED DELICI,Red Delici,R. NEGRO,Río Negro,CAJA,Ca,Elegido,088/113,,,2777.78,2777.78,0.0,ARS/kg,$/kg,ARS,,True,1,e86396a7db404757d63dc9c4d0c26146d46064f47ae0affee8b5d6b5d538bb5d,2026-10-06T121056_106249Z-b1481b8f,772d829a7107696889aff0ebeafed530064866f7b4b1fdd62e15d030ad31bcec,73277,FRUTRAS_AGOSTO-26.zip/RF240826.XLS,https://ssma.magyp.gob.ar/frutas.precios.aspx
probable,2026-08-24,2026-08-24,day,2026-08,MCBA,Frutas,Frutas,MANZANA,Manzana,RED DELICI,Red Delici,R. NEGRO,Río Negro,CAJA,Ca,Elegido,080/100,,,2166.67,2166.67,0.0,ARS/kg,$/kg,ARS,,True,1,889ea0c1a99bec5f9c007b32a6d7fc183a9e726176d0b731f4d771823c010fbd,2026-10-06T121056_106249Z-b1481b8f,772d829a7107696889aff0ebeafed530064866f7b4b1fdd62e15d030ad31bcec,73276,FRUTRAS_AGOSTO-26.zip/RF240826.XLS,https://ssma.magyp.gob.ar/frutas.precios.aspx
probable,2026-08-24,2026-08-24,day,2026-08,MCBA,Frutas,Frutas,MANZANA,Manzana,RED DELICI,Red Delici,R. NEGRO,Río Negro,CAJA,Ca,Elegido,044/056,,,3200.0,3200.0,0.0,ARS/kg,$/kg,ARS,,True,1,7833ed786fdc70c46f9d2b192862456c03e9ddc3bd4ce593fcc18dd4946b77b9,2026-10-06T121056_106249Z-b1481b8f,772d829a7107696889aff0ebeafed530064866f7b4b1fdd62e15d030ad31bcec,73273,FRUTRAS_AGOSTO-26.zip/RF240826.XLS,https://ssma.magyp.gob.ar/frutas.precios.aspx
probable,2026-08-24,2026-08-24,day,2026-08,MCBA,Frutas,Frutas,MANZANA,Manzana,RED DELICI,Red Delici,R. NEGRO,Río Negro,CAJA,Ca,Comercial,113/125,,,1888.89,1888.89,0.0,ARS/kg,$/kg,ARS,,True,1,96ce723f1b6ac524f411f5aef76e0cf2266407a4f583ef6efc08627ed69d4986,2026-10-06T121056_106249Z-b1481b8f,772d829a7107696889aff0ebeafed530064866f7b4b1fdd62e15d030ad31bcec,73275,FRUTRAS_AGOSTO-26.zip/RF240826.XLS,https://ssma.magyp.gob.ar/frutas.precios.aspx
probable,2026-08-24,2026-08-24,day,2026-08,MCBA,Frutas,Frutas,MANZANA,Manzana,RED DELICI,Red Delici,R. NEGRO,Río Negro,CAJA,Ca,Comercial,080/100,,,1611.11,1611.11,0.0,ARS/kg,$/kg,ARS,,True,1,160ea42cea9986468b2daeca1a3129326efba1893bbba50d312f4300a44e520f,2026-10-06T121056_106249Z-b1481b8f,772d829a7107696889aff0ebeafed530064866f7b4b1fdd62e15d030ad31bcec,73274,FRUTRAS_AGOSTO-26.zip/RF240826.XLS,https://ssma.magyp.gob.ar/frutas.precios.aspx
probable,2026-08-24,2026-08-24,day,2026-08,MCBA,Frutas,Frutas,MANZANA,Manzana,RED DELICI,Red Delici,CHILE,Chile,CAJA,Ca,Elegido,080/100,,,3666.67,3666.67,0.0,ARS/kg,$/kg,ARS,,True,1,0c2e0d3b0c2759354933e0c7a87744463b5c31eebfd6e207c6c2ce8f2440c5de,2026-10-06T121056_106249Z-b1481b8f,772d829a7107696889aff0ebeafed530064866f7b4b1fdd62e15d030ad31bcec,73272,FRUTRAS_AGOSTO-26.zip/RF240826.XLS,https://ssma.magyp.gob.ar/frutas.precios.aspx
probable,2026-08-24,2026-08-24,day,2026-08,MCBA,Frutas,Frutas,MANZANA,Manzana,ROME BEAUT,Rome Beaut,R. NEGRO,Río Negro,CAJA,Ca,Elegido,072/080,,,2222.22,2222.22,0.0,ARS/kg,$/kg,ARS,,True,1,78f0575f95c3f0b590da1bfcaea995ffe3dc9746974b79d7ed6d91a495582a69,2026-10-06T121056_106249Z-b1481b8f,772d829a7107696889aff0ebeafed530064866f7b4b1fdd62e15d030ad31bcec,73285,FRUTRAS_AGOSTO-26.zip/RF240826.XLS,https://ssma.magyp.gob.ar/frutas.precios.aspx
probable,2026-08-24,2026-08-24,day,2026-08,MCBA,Frutas,Frutas,MANZANA,Manzana,ROME BEAUT,Rome Beaut,R. NEGRO,Río Negro,CAJA,Ca,Elegido,032/036,,,2500.0,2500.0,0.0,ARS/kg,$/kg,ARS,,True,1,c71d97e556694376b45b7972eb7b65e9f548e72700f96e4fb78f6dfddc5233cc,2026-10-06T121056_106249Z-b1481b8f,772d829a7107696889aff0ebeafed530064866f7b4b1fdd62e15d030ad31bcec,73284,FRUTRAS_AGOSTO-26.zip/RF240826.XLS,https://ssma.magyp.gob.ar/frutas.precios.aspx
exact_available_dimensions,2026-08-24,2026-08-24,day,2026-08,MCBA,Frutas,Frutas,MANZANA,Manzana,Prom.Esp.,Prom.Esp.,,,,,,,,,2350.73,2350.73,0.0,ARS/kg,$/kg,ARS,,False,1,376a861bfc05f22d590e421bea967aefcb70a02815f5685aa56282b4f1175e01,2026-10-06T121056_106249Z-b1481b8f,772d829a7107696889aff0ebeafed530064866f7b4b1fdd62e15d030ad31bcec,73286,FRUTRAS_AGOSTO-26.zip/RF240826.XLS,https://ssma.magyp.gob.ar/frutas.precios.aspx
probable,2026-08-24,2026-08-24,day,2026-08,MCBA,Frutas,Frutas,MANZANA,Manzana,GRANNY SMI,Granny Smi,R. NEGRO,Río Negro,JAULA,Ja,Comercial,125/138,,,1611.11,1611.11,0.0,ARS/kg,$/kg,ARS,,True,1,8d1d5c0f46525c83c46a92dc5c64c975a265f577e86fab5cc639511fe363767f,2026-10-06T121056_106249Z-b1481b8f,772d829a7107696889aff0ebeafed530064866f7b4b1fdd62e15d030ad31bcec,73271,FRUTRAS_AGOSTO-26.zip/RF240826.XLS,https://ssma.magyp.gob.ar/frutas.precios.aspx
probable,2026-08-24,2026-08-24,day,2026-08,MCBA,Frutas,Frutas,MANZANA,Manzana,GRANNY SMI,Granny Smi,R. NEGRO,Río Negro,JAULA,Ja,Comercial,088/113,,,1777.78,1777.78,0.0,ARS/kg,$/kg,ARS,,True,1,913715f5bc6e0add3dbc2a4fe641e334f02caa3deb25ef6de5bdeaf4778ea868,2026-10-06T121056_106249Z-b1481b8f,772d829a7107696889aff0ebeafed530064866f7b4b1fdd62e15d030ad31bcec,73270,FRUTRAS_AGOSTO-26.zip/RF240826.XLS,https://ssma.magyp.gob.ar/frutas.precios.aspx
probable,2026-08-24,2026-08-24,day,2026-08,MCBA,Frutas,Frutas,MANZANA,Manzana,GRANNY SMI,Granny Smi,R. NEGRO,Río Negro,CAJA,Ca,Elegido,110/130,,,2111.11,2111.11,0.0,ARS/kg,$/kg,ARS,,True,1,11ba158953df5caea8cb3b4e170723c8e3aabff06598d5b597c8fa3b9ec31fdb,2026-10-06T121056_106249Z-b1481b8f,772d829a7107696889aff0ebeafed530064866f7b4b1fdd62e15d030ad31bcec,73269,FRUTRAS_AGOSTO-26.zip/RF240826.XLS,https://ssma.magyp.gob.ar/frutas.precios.aspx
probable,2026-08-24,2026-08-24,day,2026-08,MCBA,Frutas,Frutas,MANZANA,Manzana,GRANNY SMI,Granny Smi,R. NEGRO,Río Negro,CAJA,Ca,Elegido,090/110,,,2333.33,2333.33,0.0,ARS/kg,$/kg,ARS,,True,1,53c7659e224f55de7955c8dab78f7ff13999dcf2a4877ba7ff38d35ad9e640b9,2026-10-06T121056_106249Z-b1481b8f,772d829a7107696889aff0ebeafed530064866f7b4b1fdd62e15d030ad31bcec,73268,FRUTRAS_AGOSTO-26.zip/RF240826.XLS,https://ssma.magyp.gob.ar/frutas.precios.aspx
probable,2026-08-24,2026-08-24,day,2026-08,MCBA,Frutas,Frutas,MANZANA,Manzana,GRANNY SMI,Granny Smi,R. NEGRO,Río Negro,CAJA,Ca,Elegido,080/100,,,3055.56,3055.56,0.0,ARS/kg,$/kg,ARS,,True,1,88ad0090ef77abdb89ac76d25f1177760884edd26297f7dcb83f369acc57e339,2026-10-06T121056_106249Z-b1481b8f,772d829a7107696889aff0ebeafed530064866f7b4b1fdd62e15d030ad31bcec,73267,FRUTRAS_AGOSTO-26.zip/RF240826.XLS,https://ssma.magyp.gob.ar/frutas.precios.aspx
probable,2026-08-24,2026-08-24,day,2026-08,MCBA,Frutas,Frutas,MANZANA,Manzana,GRANNY SMI,Granny Smi,R. NEGRO,Río Negro,CAJA,Ca,Elegido,036/044,,,3200.0,3200.0,0.0,ARS/kg,$/kg,ARS,,True,1,712331cd4a6ce6e9b205d66c8816a73b33b956fcc9da13edb2d66904a6ed5c68,2026-10-06T121056_106249Z-b1481b8f,772d829a7107696889aff0ebeafed530064866f7b4b1fdd62e15d030ad31bcec,73266,FRUTRAS_AGOSTO-26.zip/RF240826.XLS,https://ssma.magyp.gob.ar/frutas.precios.aspx
probable,2026-08-24,2026-08-24,day,2026-08,MCBA,Frutas,Frutas,MANZANA,Manzana,GRANNY SMI,Granny Smi,CHILE,Chile,CAJA,Ca,Elegido,070/080,,,3555.56,3555.56,0.0,ARS/kg,$/kg,ARS,,True,1,cd0042c62fda36cc9ddcb7a9c2f979c4bfb2f8a97335903d6cbbef7caa62496d,2026-10-06T121056_106249Z-b1481b8f,772d829a7107696889aff0ebeafed530064866f7b4b1fdd62e15d030ad31bcec,73265,FRUTRAS_AGOSTO-26.zip/RF240826.XLS,https://ssma.magyp.gob.ar/frutas.precios.aspx
probable,2026-08-24,2026-08-24,day,2026-08,MCBA,Frutas,Frutas,MANZANA,Manzana,CRIPPS PIN,Cripps Pin,R. NEGRO,Río Negro,CAJA,Ca,Elegido,125/138,,,1888.89,1888.89,0.0,ARS/kg,$/kg,ARS,,True,1,50c2320725ecf5233ef87d29562b513c7b4df8838114037af145f4e42bf5018c,2026-10-06T121056_106249Z-b1481b8f,772d829a7107696889aff0ebeafed530064866f7b4b1fdd62e15d030ad31bcec,73264,FRUTRAS_AGOSTO-26.zip/RF240826.XLS,https://ssma.magyp.gob.ar/frutas.precios.aspx
probable,2026-08-24,2026-08-24,day,2026-08,MCBA,Frutas,Frutas,MANZANA,Manzana,CRIPPS PIN,Cripps Pin,R. NEGRO,Río Negro,CAJA,Ca,Elegido,100/125,,,2055.56,2055.56,0.0,ARS/kg,$/kg,ARS,,True,1,737f54ca08fbc38b7c17417234ffbe94bde90b768ed24db11c58e47e1161b20a,2026-10-06T121056_106249Z-b1481b8f,772d829a7107696889aff0ebeafed530064866f7b4b1fdd62e15d030ad31bcec,73263,FRUTRAS_AGOSTO-26.zip/RF240826.XLS,https://ssma.magyp.gob.ar/frutas.precios.aspx
probable,2026-08-24,2026-08-24,day,2026-08,MCBA,Frutas,Frutas,LIMA,Lima,TAHITI,Tahiti,BRASIL,Brasil,BANDEJA,Ba,Elegido,MEDIANO,,,2400.0,2400.0,0.0,ARS/kg,$/kg,ARS,,True,1,2262968e3391523647afa0b3e116f48e26a47bb27b1a61931bdb801382337887,2026-10-06T121056_106249Z-b1481b8f,772d829a7107696889aff0ebeafed530064866f7b4b1fdd62e15d030ad31bcec,73239,FRUTRAS_AGOSTO-26.zip/RF240826.XLS,https://ssma.magyp.gob.ar/frutas.precios.aspx
exact_available_dimensions,2026-08-24,2026-08-24,day,2026-08,MCBA,Frutas,Frutas,LIMA,Lima,Prom.Esp.,Prom.Esp.,,,,,,,,,2400.0,2400.0,0.0,ARS/kg,$/kg,ARS,,False,1,6112ebaae755086a3b0311bb4f679df2c51810d5f1f7e7ff9d804ae21f0bd7b9,2026-10-06T121056_106249Z-b1481b8f,772d829a7107696889aff0ebeafed530064866f7b4b1fdd62e15d030ad31bcec,73240,FRUTRAS_AGOSTO-26.zip/RF240826.XLS,https://ssma.magyp.gob.ar/frutas.precios.aspx
exact_available_dimensions,2026-08-24,2026-08-24,day,2026-08,MCBA,Frutas,Frutas,LIMON,Limon,Prom.Esp.,Prom.Esp.,,,,,,,,,620.84,620.84,0.0,ARS/kg,$/kg,ARS,,False,1,f561dae7f6d4daea41878ea2e5bd420b61e36aca4b1ea88eecc739f2bb2aa99b,2026-10-06T121056_106249Z-b1481b8f,772d829a7107696889aff0ebeafed530064866f7b4b1fdd62e15d030ad31bcec,73247,FRUTRAS_AGOSTO-26.zip/RF240826.XLS,https://ssma.magyp.gob.ar/frutas.precios.aspx
probable,2026-08-24,2026-08-24,day,2026-08,MCBA,Frutas,Frutas,LIMON,Limon,GENOVA,Genova,E. RIOS,Entre Ríos,PERDIDO,Pe,Elegido,100/140,,,555.56,555.56,0.0,ARS/kg,$/kg,ARS,,True,1,894f6fe3cb4be34574a8b4d80d74d275e30eb2a56e17cf2b69ec1c1a309f2bd2,2026-10-06T121056_106249Z-b1481b8f,772d829a7107696889aff0ebeafed530064866f7b4b1fdd62e15d030ad31bcec,73246,FRUTRAS_AGOSTO-26.zip/RF240826.XLS,https://ssma.magyp.gob.ar/frutas.precios.aspx
probable,2026-08-24,2026-08-24,day,2026-08,MCBA,Frutas,Frutas,LIMON,Limon,EUREKA,Eureka,TUCUMAN,Tucumán,CAJA,Ca,Elegido,125/138,,,611.11,611.11,0.0,ARS/kg,$/kg,ARS,,True,1,51a84e65d9e6932e23f69fd9a5c674039b1404558574202e3af5eb9b2183de05,2026-10-06T121056_106249Z-b1481b8f,772d829a7107696889aff0ebeafed530064866f7b4b1fdd62e15d030ad31bcec,73245,FRUTRAS_AGOSTO-26.zip/RF240826.XLS,https://ssma.magyp.gob.ar/frutas.precios.aspx
probable,2026-08-24,2026-08-24,day,2026-08,MCBA,Frutas,Frutas,LIMON,Limon,EUREKA,Eureka,TUCUMAN,Tucumán,CAJA,Ca,Elegido,090/100,,,666.67,666.67,0.0,ARS/kg,$/kg,ARS,,True,1,35c2a3316b20d0b84290b9d19cb5af107fa371a9d779cafed65d08c224178f00,2026-10-06T121056_106249Z-b1481b8f,772d829a7107696889aff0ebeafed530064866f7b4b1fdd62e15d030ad31bcec,73244,FRUTRAS_AGOSTO-26.zip/RF240826.XLS,https://ssma.magyp.gob.ar/frutas.precios.aspx
probable,2026-08-24,2026-08-24,day,2026-08,MCBA,Frutas,Frutas,LIMON,Limon,EUREKA,Eureka,TUCUMAN,Tucumán,BOLSA,Bo,Comercial,GRANEL,,,571.43,571.43,0.0,ARS/kg,$/kg,ARS,,True,1,a14acf2d84cc8ca387116c8cd31e1a7086d6969782af61c787b88df1b3567a30,2026-10-06T121056_106249Z-b1481b8f,772d829a7107696889aff0ebeafed530064866f7b4b1fdd62e15d030ad31bcec,73243,FRUTRAS_AGOSTO-26.zip/RF240826.XLS,https://ssma.magyp.gob.ar/frutas.precios.aspx
probable,2026-08-24,2026-08-24,day,2026-08,MCBA,Frutas,Frutas,LIMON,Limon,EUREKA,Eureka,SALTA,Salta,CAJA,Ca,Elegido,090/120,,,764.71,764.71,0.0,ARS/kg,$/kg,ARS,,True,1,e17e94f2e50a7d6b7d02ea51d2befad8b66acb3966daa04426d05b8262589a20,2026-10-06T121056_106249Z-b1481b8f,772d829a7107696889aff0ebeafed530064866f7b4b1fdd62e15d030ad31bcec,73242,FRUTRAS_AGOSTO-26.zip/RF240826.XLS,https://ssma.magyp.gob.ar/frutas.precios.aspx
probable,2026-08-24,2026-08-24,day,2026-08,MCBA,Frutas,Frutas,LIMON,Limon,EUREKA,Eureka,CTES.,Corrientes,TORO,To,Elegido,125/138,,,555.56,555.56,0.0,ARS/kg,$/kg,ARS,,True,1,d08e408b3caf274de171f86522cbe733a5593c51f80ed8796684c31504be5596,2026-10-06T121056_106249Z-b1481b8f,772d829a7107696889aff0ebeafed530064866f7b4b1fdd62e15d030ad31bcec,73241,FRUTRAS_AGOSTO-26.zip/RF240826.XLS,https://ssma.magyp.gob.ar/frutas.precios.aspx
probable,2026-08-24,2026-08-24,day,2026-08,MCBA,Frutas,Frutas,KIWI,Kiwi,,,CHILE,Chile,CAJA,Ca,Elegido,MEDIANO,,,4600.0,4600.0,0.0,ARS/kg,$/kg,ARS,,True,1,0ddaf8f021a190539563d5b6902332392d1fc8ab5408b2de0aef52b312189d80,2026-10-06T121056_106249Z-b1481b8f,772d829a7107696889aff0ebeafed530064866f7b4b1fdd62e15d030ad31bcec,73235,FRUTRAS_AGOSTO-26.zip/RF240826.XLS,https://ssma.magyp.gob.ar/frutas.precios.aspx
probable,2026-08-24,2026-08-24,day,2026-08,MCBA,Frutas,Frutas,KIWI,Kiwi,,,CHILE,Chile,CAJA,Ca,Elegido,GRANDE,,,5000.0,5000.0,0.0,ARS/kg,$/kg,ARS,,True,1,86b2f80c3be48261dc9664d711e22bfc1da50ee14ac99cc0967f3822f380c3f5,2026-10-06T121056_106249Z-b1481b8f,772d829a7107696889aff0ebeafed530064866f7b4b1fdd62e15d030ad31bcec,73234,FRUTRAS_AGOSTO-26.zip/RF240826.XLS,https://ssma.magyp.gob.ar/frutas.precios.aspx
probable,2026-08-24,2026-08-24,day,2026-08,MCBA,Frutas,Frutas,KIWI,Kiwi,,,BS. AS.,Buenos Aires,CAJA,Ca,Elegido,MEDIANO,,,3600.0,3600.0,0.0,ARS/kg,$/kg,ARS,,True,1,c6e12a735d688340388d3d73f89d007587bb2d5e7d0f3d526d80e25a2c7ff719,2026-10-06T121056_106249Z-b1481b8f,772d829a7107696889aff0ebeafed530064866f7b4b1fdd62e15d030ad31bcec,73233,FRUTRAS_AGOSTO-26.zip/RF240826.XLS,https://ssma.magyp.gob.ar/frutas.precios.aspx
probable,2026-08-24,2026-08-24,day,2026-08,MCBA,Frutas,Frutas,KIWI,Kiwi,,,BS. AS.,Buenos Aires,CAJA,Ca,Elegido,GRANDE,,,4300.0,4300.0,0.0,ARS/kg,$/kg,ARS,,True,1,9ab3231843d6b50e79bb384b416bb2fadef20c0e309ce96e0594ab201692dde1,2026-10-06T121056_106249Z-b1481b8f,772d829a7107696889aff0ebeafed530064866f7b4b1fdd62e15d030ad31bcec,73232,FRUTRAS_AGOSTO-26.zip/RF240826.XLS,https://ssma.magyp.gob.ar/frutas.precios.aspx
probable,2026-08-24,2026-08-24,day,2026-08,MCBA,Frutas,Frutas,KIWI,Kiwi,,,BS. AS.,Buenos Aires,CAJA,Ca,Elegido,CHICO,,,1900.0,1900.0,0.0,ARS/kg,$/kg,ARS,,True,1,a9019f36f9674b9f5ffcc5bf2cb545f517d37b7b775d9f3555c5c469ddad4bec,2026-10-06T121056_106249Z-b1481b8f,772d829a7107696889aff0ebeafed530064866f7b4b1fdd62e15d030ad31bcec,73231,FRUTRAS_AGOSTO-26.zip/RF240826.XLS,https://ssma.magyp.gob.ar/frutas.precios.aspx
exact_available_dimensions,2026-08-24,2026-08-24,day,2026-08,MCBA,Frutas,Frutas,KIWI,Kiwi,Prom.Esp.,Prom.Esp.,,,,,,,,,3880.0,3880.0,0.0,ARS/kg,$/kg,ARS,,False,1,8dd32dc95dd9d07bb7fd27670361d9936166790ef8ff3055dacb0ac52cf02051,2026-10-06T121056_106249Z-b1481b8f,772d829a7107696889aff0ebeafed530064866f7b4b1fdd62e15d030ad31bcec,73236,FRUTRAS_AGOSTO-26.zip/RF240826.XLS,https://ssma.magyp.gob.ar/frutas.precios.aspx
probable,2026-08-24,2026-08-24,day,2026-08,MCBA,Frutas,Frutas,KUMQUAT,Kumquat,,,E. RIOS,Entre Ríos,BOLSA,Bo,Elegido,GRANEL,,,2800.0,2800.0,0.0,ARS/kg,$/kg,ARS,,True,1,570710e44966f02cba6757abc58aa98dc9461c14b369a400717bf95e8a674155,2026-10-06T121056_106249Z-b1481b8f,772d829a7107696889aff0ebeafed530064866f7b4b1fdd62e15d030ad31bcec,73237,FRUTRAS_AGOSTO-26.zip/RF240826.XLS,https://ssma.magyp.gob.ar/frutas.precios.aspx
exact_available_dimensions,2026-08-24,2026-08-24,day,2026-08,MCBA,Frutas,Frutas,KUMQUAT,Kumquat,Prom.Esp.,Prom.Esp.,,,,,,,,,2800.0,2800.0,0.0,ARS/kg,$/kg,ARS,,False,1,52b1c11b237d060e6c3836325992c8f5c308ca23da4ef1e8d153dab2907431b0,2026-10-06T121056_106249Z-b1481b8f,772d829a7107696889aff0ebeafed530064866f7b4b1fdd62e15d030ad31bcec,73238,FRUTRAS_AGOSTO-26.zip/RF240826.XLS,https://ssma.magyp.gob.ar/frutas.precios.aspx
probable,2026-08-24,2026-08-24,day,2026-08,MCBA,Frutas,Frutas,FRUTILLA,Frutilla,,,TUCUMAN,Tucumán,CAJA,Ca,Elegido,GRANEL,,,10000.0,10000.0,0.0,ARS/kg,$/kg,ARS,,True,1,826d3d7d44ee6c838330cefe76fc19f0369b46308e235088b697e21784e9a012,2026-10-06T121056_106249Z-b1481b8f,772d829a7107696889aff0ebeafed530064866f7b4b1fdd62e15d030ad31bcec,73228,FRUTRAS_AGOSTO-26.zip/RF240826.XLS,https://ssma.magyp.gob.ar/frutas.precios.aspx
probable,2026-08-24,2026-08-24,day,2026-08,MCBA,Frutas,Frutas,FRUTILLA,Frutilla,,,SANTA FE,Santa Fe,CAJA,Ca,Elegido,GRANEL,,,9500.0,9500.0,0.0,ARS/kg,$/kg,ARS,,True,1,33f537384944a1ed6e922da2f360c0960d9ee4bc38f7a3fe798a6ecbc5e29ce7,2026-10-06T121056_106249Z-b1481b8f,772d829a7107696889aff0ebeafed530064866f7b4b1fdd62e15d030ad31bcec,73226,FRUTRAS_AGOSTO-26.zip/RF240826.XLS,https://ssma.magyp.gob.ar/frutas.precios.aspx
probable,2026-08-24,2026-08-24,day,2026-08,MCBA,Frutas,Frutas,FRUTILLA,Frutilla,,,SANTA FE,Santa Fe,CAJA,Ca,Elegido,GRANDE,,,7200.0,7200.0,0.0,ARS/kg,$/kg,ARS,,True,1,bf92cd3a0463d0755885a111819b057b980ba181da7910902bb52ee619a6d367,2026-10-06T121056_106249Z-b1481b8f,772d829a7107696889aff0ebeafed530064866f7b4b1fdd62e15d030ad31bcec,73227,FRUTRAS_AGOSTO-26.zip/RF240826.XLS,https://ssma.magyp.gob.ar/frutas.precios.aspx
probable,2026-08-24,2026-08-24,day,2026-08,MCBA,Frutas,Frutas,FRUTILLA,Frutilla,,,CTES.,Corrientes,BANDEJA,Ba,Elegido,GRANEL,,,9500.0,9500.0,0.0,ARS/kg,$/kg,ARS,,True,1,2d5d71e10d51b4ed141f40ca91e84515c0a920da0d91322c8c6ea5712cbdb3a3,2026-10-06T121056_106249Z-b1481b8f,772d829a7107696889aff0ebeafed530064866f7b4b1fdd62e15d030ad31bcec,73225,FRUTRAS_AGOSTO-26.zip/RF240826.XLS,https://ssma.magyp.gob.ar/frutas.precios.aspx
exact_available_dimensions,2026-08-24,2026-08-24,day,2026-08,MCBA,Frutas,Frutas,FRUTILLA,Frutilla,Prom.Esp.,Prom.Esp.,,,,,,,,,8760.0,8760.0,0.0,ARS/kg,$/kg,ARS,,False,1,8b6af3fa84e50529907f887df8824e9f913fdff065013ffd0a67d41c44e8a170,2026-10-06T121056_106249Z-b1481b8f,772d829a7107696889aff0ebeafed530064866f7b4b1fdd62e15d030ad31bcec,73230,FRUTRAS_AGOSTO-26.zip/RF240826.XLS,https://ssma.magyp.gob.ar/frutas.precios.aspx
probable,2026-08-24,2026-08-24,day,2026-08,MCBA,Frutas,Frutas,COCO,Coco,,,BRASIL,Brasil,BOLSA,Bo,Elegido,MEDIANO,,,2400.0,2400.0,0.0,ARS/kg,$/kg,ARS,,True,1,1b8869882e0961675c3eaafbe15685e626dbecc01c796d2e6b6a81cc6a1a443d,2026-10-06T121056_106249Z-b1481b8f,772d829a7107696889aff0ebeafed530064866f7b4b1fdd62e15d030ad31bcec,73223,FRUTRAS_AGOSTO-26.zip/RF240826.XLS,https://ssma.magyp.gob.ar/frutas.precios.aspx
exact_available_dimensions,2026-08-24,2026-08-24,day,2026-08,MCBA,Frutas,Frutas,COCO,Coco,Prom.Esp.,Prom.Esp.,,,,,,,,,2400.0,2400.0,0.0,ARS/kg,$/kg,ARS,,False,1,59242f577fea7b1162f62804603540ff6cd1d5de5897083df99522e1ce0da2f8,2026-10-06T121056_106249Z-b1481b8f,772d829a7107696889aff0ebeafed530064866f7b4b1fdd62e15d030ad31bcec,73224,FRUTRAS_AGOSTO-26.zip/RF240826.XLS,https://ssma.magyp.gob.ar/frutas.precios.aspx
exact_available_dimensions,2026-08-24,2026-08-24,day,2026-08,MCBA,Frutas,Frutas,CIRUELA,Ciruela,Prom.Esp.,Prom.Esp.,,,,,,,,,6000.0,6000.0,0.0,ARS/kg,$/kg,ARS,,False,1,30c820bfeacbf5eb750b49eb03c22fd38dc88a8b50023d73cd168ca9276fa756,2026-10-06T121056_106249Z-b1481b8f,772d829a7107696889aff0ebeafed530064866f7b4b1fdd62e15d030ad31bcec,73222,FRUTRAS_AGOSTO-26.zip/RF240826.XLS,https://ssma.magyp.gob.ar/frutas.precios.aspx
magyp_only,2026-08-24,,,2026-08,MCBA,Frutas,,CIRUELA,,FORTUNE,,ESPA¥A,,CAJA,,Elegido,GRANEL,,,6000.0,,,ARS/kg,,ARS,,False,0,583af3e216e20d1cf22c3788280bd00a4f92c4a626546a6fdb4a5514ac1ecbf9,2026-10-06T121056_106249Z-b1481b8f,772d829a7107696889aff0ebeafed530064866f7b4b1fdd62e15d030ad31bcec,,,https://ssma.magyp.gob.ar/frutas.precios.aspx
exact_available_dimensions,2026-08-24,2026-08-24,day,2026-08,MCBA,Frutas,Frutas,BANANA,Banana,Prom.Esp.,Prom.Esp.,,,,,,,,,1688.89,1688.89,0.0,ARS/kg,$/kg,ARS,,False,1,9c69bb40bc1f397b833af35ce78488453c52dd2b05f709edd238f8b32924c67d,2026-10-06T121056_106249Z-b1481b8f,772d829a7107696889aff0ebeafed530064866f7b4b1fdd62e15d030ad31bcec,73220,FRUTRAS_AGOSTO-26.zip/RF240826.XLS,https://ssma.magyp.gob.ar/frutas.precios.aspx
probable,2026-08-24,2026-08-24,day,2026-08,MCBA,Frutas,Frutas,BANANA,Banana,NANIKA,Nanika,SALTA,Salta,PERDIDO,Pe,Comercial,MEDIANO,,,954.55,954.55,0.0,ARS/kg,$/kg,ARS,,True,1,feb8683bea55492498b80d24eebcb7d4d78108bb7f227f0a3d9625e232a69a1e,2026-10-06T121056_106249Z-b1481b8f,772d829a7107696889aff0ebeafed530064866f7b4b1fdd62e15d030ad31bcec,73219,FRUTRAS_AGOSTO-26.zip/RF240826.XLS,https://ssma.magyp.gob.ar/frutas.precios.aspx
probable,2026-08-24,2026-08-24,day,2026-08,MCBA,Frutas,Frutas,BANANA,Banana,NANIKA,Nanika,PARAGUAY,Paraguay,PERDIDO,Pe,Elegido,MEDIANO,,,1136.36,1136.36,0.0,ARS/kg,$/kg,ARS,,True,1,aa41fcec2b6767794a75ef24ce3852e0ad960327cb0b9032e3c93d23e75d9369,2026-10-06T121056_106249Z-b1481b8f,772d829a7107696889aff0ebeafed530064866f7b4b1fdd62e15d030ad31bcec,73218,FRUTRAS_AGOSTO-26.zip/RF240826.XLS,https://ssma.magyp.gob.ar/frutas.precios.aspx
probable,2026-08-24,2026-08-24,day,2026-08,MCBA,Frutas,Frutas,BANANA,Banana,NANIKA,Nanika,FORMOSA,Formosa,PERDIDO,Pe,Comercial,MEDIANO,,,909.09,909.09,0.0,ARS/kg,$/kg,ARS,,True,1,d64b464542ba65767b62edbbfbd3d54429f4f73dc4a96d8963404e9ad9d49038,2026-10-06T121056_106249Z-b1481b8f,772d829a7107696889aff0ebeafed530064866f7b4b1fdd62e15d030ad31bcec,73217,FRUTRAS_AGOSTO-26.zip/RF240826.XLS,https://ssma.magyp.gob.ar/frutas.precios.aspx
probable,2026-08-24,2026-08-24,day,2026-08,MCBA,Frutas,Frutas,BANANA,Banana,NANIKA,Nanika,BRASIL,Brasil,PERDIDO,Pe,Elegido,MEDIANO,,,1600.0,1600.0,0.0,ARS/kg,$/kg,ARS,,True,1,361adf77b53a35d742cffbde5ddbedcdf385f551eef75e397b1302dbde0efe48,2026-10-06T121056_106249Z-b1481b8f,772d829a7107696889aff0ebeafed530064866f7b4b1fdd62e15d030ad31bcec,73216,FRUTRAS_AGOSTO-26.zip/RF240826.XLS,https://ssma.magyp.gob.ar/frutas.precios.aspx
probable,2026-08-24,2026-08-24,day,2026-08,MCBA,Frutas,Frutas,BANANA,Banana,CAVENDISH,Cavendish,ECUADOR,Ecuador,CAJA,Ca,Elegido,MEDIANO,,,2400.0,2400.0,0.0,ARS/kg,$/kg,ARS,,True,1,2806bf180f9b6557db06b231e51a6850e1773588b1e3b80e5b0ffab36280602d,2026-10-06T121056_106249Z-b1481b8f,772d829a7107696889aff0ebeafed530064866f7b4b1fdd62e15d030ad31bcec,73215,FRUTRAS_AGOSTO-26.zip/RF240826.XLS,https://ssma.magyp.gob.ar/frutas.precios.aspx
probable,2026-08-24,2026-08-24,day,2026-08,MCBA,Frutas,Frutas,BANANA,Banana,CAVENDISH,Cavendish,ECUADOR,Ecuador,CAJA,Ca,Elegido,GRANDE,,,2600.0,2600.0,0.0,ARS/kg,$/kg,ARS,,True,1,133bcdfd5902da1d78b0618a897eedb0acaeb0efd2905bfb25500c8c50afa37b,2026-10-06T121056_106249Z-b1481b8f,772d829a7107696889aff0ebeafed530064866f7b4b1fdd62e15d030ad31bcec,73214,FRUTRAS_AGOSTO-26.zip/RF240826.XLS,https://ssma.magyp.gob.ar/frutas.precios.aspx
probable,2026-08-24,2026-08-24,day,2026-08,MCBA,Frutas,Frutas,BANANA,Banana,CAVENDISH,Cavendish,BOLIVIA,Bolivia,CAJA,Ca,Elegido,MEDIANO,,,2222.22,2222.22,0.0,ARS/kg,$/kg,ARS,,True,1,b129025d5cfa87c3c08f876b6c6b9671e9c509682d60082a8e4ecf00c82a545e,2026-10-06T121056_106249Z-b1481b8f,772d829a7107696889aff0ebeafed530064866f7b4b1fdd62e15d030ad31bcec,73213,FRUTRAS_AGOSTO-26.zip/RF240826.XLS,https://ssma.magyp.gob.ar/frutas.precios.aspx
probable,2026-08-24,2026-08-24,day,2026-08,MCBA,Frutas,Frutas,ARANDANO,Arandano,,,TUCUMAN,Tucumán,CAJA,Ca,Elegido,GRANEL,,,16000.0,16000.0,0.0,ARS/kg,$/kg,ARS,,True,1,00639b5f10da97b47ab5f17cf5e35ee59a6fc8a2a784339347be0a588586e2a8,2026-10-06T121056_106249Z-b1481b8f,772d829a7107696889aff0ebeafed530064866f7b4b1fdd62e15d030ad31bcec,73211,FRUTRAS_AGOSTO-26.zip/RF240826.XLS,https://ssma.magyp.gob.ar/frutas.precios.aspx
probable,2026-08-24,2026-08-24,day,2026-08,MCBA,Frutas,Frutas,ARANDANO,Arandano,,,E. RIOS,Entre Ríos,CAJA,Ca,Elegido,GRANEL,,,12666.7,12666.7,0.0,ARS/kg,$/kg,ARS,,True,1,e018254408b7b97ca9a9e6fbae833fd0ca2f055334652733648ccd0fd8332185,2026-10-06T121056_106249Z-b1481b8f,772d829a7107696889aff0ebeafed530064866f7b4b1fdd62e15d030ad31bcec,73210,FRUTRAS_AGOSTO-26.zip/RF240826.XLS,https://ssma.magyp.gob.ar/frutas.precios.aspx
exact_available_dimensions,2026-08-24,2026-08-24,day,2026-08,MCBA,Frutas,Frutas,ARANDANO,Arandano,Prom.Esp.,Prom.Esp.,,,,,,,,,14333.4,14333.4,0.0,ARS/kg,$/kg,ARS,,False,1,4f0cb45a5c49925dbd8bb4fb94845619a8c75b3f3880855138e7b2afed50581d,2026-10-06T121056_106249Z-b1481b8f,772d829a7107696889aff0ebeafed530064866f7b4b1fdd62e15d030ad31bcec,73212,FRUTRAS_AGOSTO-26.zip/RF240826.XLS,https://ssma.magyp.gob.ar/frutas.precios.aspx
exact_available_dimensions,2026-08-24,2026-08-24,day,2026-08,MCBA,Frutas,Frutas,ANANA,Anana,Prom.Esp.,Prom.Esp.,,,,,,,,,2484.85,2484.85,0.0,ARS/kg,$/kg,ARS,,False,1,ad0c075525e104e4f8898b8cbb04cac1afdfac30867a35cf1ae4d47887d1dfcb,2026-10-06T121056_106249Z-b1481b8f,772d829a7107696889aff0ebeafed530064866f7b4b1fdd62e15d030ad31bcec,73209,FRUTRAS_AGOSTO-26.zip/RF240826.XLS,https://ssma.magyp.gob.ar/frutas.precios.aspx
magyp_only,2026-08-24,,,2026-08,MCBA,Frutas,,ANANA,,PI¥A,,ECUADOR,,CAJA,,Elegido,012/014,,,2636.36,,,ARS/kg,,ARS,,False,0,3c363ca36fccd39a3888efb9cf2f79cba0a5ca87166a3bb53c6c3e809c458dbe,2026-10-06T121056_106249Z-b1481b8f,772d829a7107696889aff0ebeafed530064866f7b4b1fdd62e15d030ad31bcec,,,https://ssma.magyp.gob.ar/frutas.precios.aspx
magyp_only,2026-08-24,,,2026-08,MCBA,Frutas,,ANANA,,PI¥A,,BRASIL,,CAJA,,Elegido,010/012,,,2333.33,,,ARS/kg,,ARS,,False,0,fa424fff9228983d6d2fd638e4ae2357579bb0b2efabce96db6817fb088f3a57,2026-10-06T121056_106249Z-b1481b8f,772d829a7107696889aff0ebeafed530064866f7b4b1fdd62e15d030ad31bcec,,,https://ssma.magyp.gob.ar/frutas.precios.aspx
monthly_not_comparable,2024-10-02,,,2024-10,MCBA,Hortalizas,,ZAPALLITO,,REDONDO,,TUCUMAN,,PERDIDO,,Primera,MEDIANO,INVERNAC,,566.67,,,ARS/kg,,ARS,,False,0,afa2a52bdd56f21f728749fe0979f2023936d0623d484ccb58e5c59ae8933e14,2026-10-06T121811_346124Z-7f153ff4,b06369128521e4415047421a58a8f406809f431ab6b19c4c63d194a24026e92c,,,https://ssma.magyp.gob.ar/frutas.precios.aspx
monthly_not_comparable,2024-10-02,,,2024-10,MCBA,Hortalizas,,ZAPALLITO,,REDONDO,,SALTA,,TORO,,Segunda,MEDIANO,,,172.22,,,ARS/kg,,ARS,,False,0,b018531489de24eea07bf3111c12a0a7b2a1b3e3a98dcbd73f6460906c965787,2026-10-06T121811_346124Z-7f153ff4,b06369128521e4415047421a58a8f406809f431ab6b19c4c63d194a24026e92c,,,https://ssma.magyp.gob.ar/frutas.precios.aspx
monthly_not_comparable,2024-10-02,,,2024-10,MCBA,Hortalizas,,ZAPALLITO,,REDONDO,,CTES.,,TORO,,Segunda,MEDIANO,,,155.56,,,ARS/kg,,ARS,,False,0,c781b77f1f54035172ff0093b63641690982b9145222686fd445503c2162ee80,2026-10-06T121811_346124Z-7f153ff4,b06369128521e4415047421a58a8f406809f431ab6b19c4c63d194a24026e92c,,,https://ssma.magyp.gob.ar/frutas.precios.aspx
monthly_not_comparable,2024-10-02,,,2024-10,MCBA,Hortalizas,,ZAPALLITO,,REDONDO,,CTES.,,TORO,,Primera,MEDIANO,,,294.44,,,ARS/kg,,ARS,,False,0,8a673c481b7633aeb81045543fd69699156e560e4cbabc58e591c06253036584,2026-10-06T121811_346124Z-7f153ff4,b06369128521e4415047421a58a8f406809f431ab6b19c4c63d194a24026e92c,,,https://ssma.magyp.gob.ar/frutas.precios.aspx
monthly_not_comparable,2024-10-02,,,2024-10,MCBA,Hortalizas,,ZAPALLITO,,REDONDO,,BS. AS.,,TORO,,Primera,MEDIANO,,,733.33,,,ARS/kg,,ARS,,False,0,3dc8c0fb7a961ba10c68759bce6d208acc39066b9a3e70bc63b58f9a79a16a75,2026-10-06T121811_346124Z-7f153ff4,b06369128521e4415047421a58a8f406809f431ab6b19c4c63d194a24026e92c,,,https://ssma.magyp.gob.ar/frutas.precios.aspx
monthly_not_comparable,2024-10-02,,,2024-10,MCBA,Hortalizas,,ZAPALLITO,,Prom.Esp.,,,,,,,,,,402.08,,,ARS/kg,,ARS,,False,0,e56a86bdf55d632209a4e02cc462fb0b16d48aae1026ea7450bfa79bfe4c5554,2026-10-06T121811_346124Z-7f153ff4,b06369128521e4415047421a58a8f406809f431ab6b19c4c63d194a24026e92c,,,https://ssma.magyp.gob.ar/frutas.precios.aspx
monthly_not_comparable,2024-10-02,,,2024-10,MCBA,Hortalizas,,ZAPALLITO,,LARGO,,SALTA,,TORO,,Segunda,MEDIANO,,,188.89,,,ARS/kg,,ARS,,False,0,b8d941b8575cb4fb9a924afe67ce9f2cc088c7286c53afc67d732454ed49981b,2026-10-06T121811_346124Z-7f153ff4,b06369128521e4415047421a58a8f406809f431ab6b19c4c63d194a24026e92c,,,https://ssma.magyp.gob.ar/frutas.precios.aspx
monthly_not_comparable,2024-10-02,,,2024-10,MCBA,Hortalizas,,ZAPALLITO,,LARGO,,SALTA,,TORO,,Primera,MEDIANO,,,305.56,,,ARS/kg,,ARS,,False,0,3bdd1c128d484a059ac7bc1e83dbd98d2d0bf37be059278445b29d4620ef8a14,2026-10-06T121811_346124Z-7f153ff4,b06369128521e4415047421a58a8f406809f431ab6b19c4c63d194a24026e92c,,,https://ssma.magyp.gob.ar/frutas.precios.aspx
monthly_not_comparable,2024-10-02,,,2024-10,MCBA,Hortalizas,,ZAPALLITO,,LARGO,,BS. AS.,,TORO,,Primera,MEDIANO,,,800.0,,,ARS/kg,,ARS,,False,0,211df7e4072a6ba38f3709135e528d8802ae5092aa93343cfabb7cb8d800dc4d,2026-10-06T121811_346124Z-7f153ff4,b06369128521e4415047421a58a8f406809f431ab6b19c4c63d194a24026e92c,,,https://ssma.magyp.gob.ar/frutas.precios.aspx
monthly_not_comparable,2024-10-02,,,2024-10,MCBA,Hortalizas,,ZAPALLO,,TETSUKAB.,,SALTA,,BOLSA,,Primera,GRANDE,,,944.44,,,ARS/kg,,ARS,,False,0,bc7248fdf1b63491460be4641443736338ba1b985248a78e337bf2de7c88afae,2026-10-06T121811_346124Z-7f153ff4,b06369128521e4415047421a58a8f406809f431ab6b19c4c63d194a24026e92c,,,https://ssma.magyp.gob.ar/frutas.precios.aspx
monthly_not_comparable,2024-10-02,,,2024-10,MCBA,Hortalizas,,ZAPALLO,,TETSUKAB.,,MENDOZA,,BOLSA,,Primera,MEDIANO,,,722.22,,,ARS/kg,,ARS,,False,0,ce0394562f4b3797c2fc3bbd7472510d0178d92efb44c35f9af541b4de6dd62c,2026-10-06T121811_346124Z-7f153ff4,b06369128521e4415047421a58a8f406809f431ab6b19c4c63d194a24026e92c,,,https://ssma.magyp.gob.ar/frutas.precios.aspx
monthly_not_comparable,2024-10-02,,,2024-10,MCBA,Hortalizas,,ZAPALLO,,TETSUKAB.,,MENDOZA,,BOLSA,,Primera,GRANDE,,,861.11,,,ARS/kg,,ARS,,False,0,88c57635ae0faacc2bee34b9a23a412615e2ed9ca9b1dc407b34374d264c05ba,2026-10-06T121811_346124Z-7f153ff4,b06369128521e4415047421a58a8f406809f431ab6b19c4c63d194a24026e92c,,,https://ssma.magyp.gob.ar/frutas.precios.aspx
monthly_not_comparable,2024-10-02,,,2024-10,MCBA,Hortalizas,,ZAPALLO,,TETSUKAB.,,BRASIL,,BOLSA,,Primera,MEDIANO,,,965.0,,,ARS/kg,,ARS,,False,0,c46ce44f2254058be901e387d3d51bf43135cac1a7a7ba3637025f09d6b85a5c,2026-10-06T121811_346124Z-7f153ff4,b06369128521e4415047421a58a8f406809f431ab6b19c4c63d194a24026e92c,,,https://ssma.magyp.gob.ar/frutas.precios.aspx
monthly_not_comparable,2024-10-02,,,2024-10,MCBA,Hortalizas,,ZAPALLO,,Prom.Esp.,,,,,,,,,,764.38,,,ARS/kg,,ARS,,False,0,fbeee4298f4b8b9305549f410a80517527801984c4672443f3612529d7333bed,2026-10-06T121811_346124Z-7f153ff4,b06369128521e4415047421a58a8f406809f431ab6b19c4c63d194a24026e92c,,,https://ssma.magyp.gob.ar/frutas.precios.aspx
monthly_not_comparable,2024-10-02,,,2024-10,MCBA,Hortalizas,,ZAPALLO,,ANQUITO,,MENDOZA,,BOLSA,,Primera,MEDIANO,,,500.0,,,ARS/kg,,ARS,,False,0,930fec910ee93fd40a12f96ed50f7aca0daafb53f72048a040a5f9af4299652d,2026-10-06T121811_346124Z-7f153ff4,b06369128521e4415047421a58a8f406809f431ab6b19c4c63d194a24026e92c,,,https://ssma.magyp.gob.ar/frutas.precios.aspx
monthly_not_comparable,2024-10-02,,,2024-10,MCBA,Hortalizas,,ZAPALLO,,ANC.COKENA,,SALTA,,BOLSA,,Primera,MEDIANO,,,766.67,,,ARS/kg,,ARS,,False,0,6830a56bd188188a74e03413031ec1fced6fa2030145b176e0ab1f76fe6720c2,2026-10-06T121811_346124Z-7f153ff4,b06369128521e4415047421a58a8f406809f431ab6b19c4c63d194a24026e92c,,,https://ssma.magyp.gob.ar/frutas.precios.aspx
monthly_not_comparable,2024-10-02,,,2024-10,MCBA,Hortalizas,,ZAPALLO,,ANC.COKENA,,SALTA,,BOLSA,,Primera,GRANDE,,,933.33,,,ARS/kg,,ARS,,False,0,9e67e43d4b506bfdcd2818fe975713f2d61d38d8a7fb6130ebe71b33553a82c2,2026-10-06T121811_346124Z-7f153ff4,b06369128521e4415047421a58a8f406809f431ab6b19c4c63d194a24026e92c,,,https://ssma.magyp.gob.ar/frutas.precios.aspx
monthly_not_comparable,2024-10-02,,,2024-10,MCBA,Hortalizas,,ZAPALLO,,ANC.COKENA,,MENDOZA,,BOLSA,,Primera,MEDIANO,,,533.33,,,ARS/kg,,ARS,,False,0,1e79d0e8de3610b509be7ad6e7b88482c31bb17d80fbec649ee98dd103673ded,2026-10-06T121811_346124Z-7f153ff4,b06369128521e4415047421a58a8f406809f431ab6b19c4c63d194a24026e92c,,,https://ssma.magyp.gob.ar/frutas.precios.aspx
monthly_not_comparable,2024-10-02,,,2024-10,MCBA,Hortalizas,,ZAPALLO,,ANC.COKENA,,MENDOZA,,BOLSA,,Primera,GRANDE,,,653.33,,,ARS/kg,,ARS,,False,0,b82639d9701403d25f95a6696b509361f03a46bd5453bcb4be01890cce4b2e43,2026-10-06T121811_346124Z-7f153ff4,b06369128521e4415047421a58a8f406809f431ab6b19c4c63d194a24026e92c,,,https://ssma.magyp.gob.ar/frutas.precios.aspx
monthly_not_comparable,2024-10-02,,,2024-10,MCBA,Hortalizas,,ZANAHORIA,,Prom.Esp.,,,,,,,,,,560.93,,,ARS/kg,,ARS,,False,0,ea2617901778468f242a1991e62956b0bef5c7e5e76f7c11a961ce58a4cece5f,2026-10-06T121811_346124Z-7f153ff4,b06369128521e4415047421a58a8f406809f431ab6b19c4c63d194a24026e92c,,,https://ssma.magyp.gob.ar/frutas.precios.aspx
monthly_not_comparable,2024-10-02,,,2024-10,MCBA,Hortalizas,,ZANAHORIA,,NANTESA,,BRASIL,,CAJA,,Primera,MEDIANO,,,900.0,,,ARS/kg,,ARS,,False,0,63a87437ee9214aa4a063ba5f5f6245252af4cf6e9dd968004407ee13a3b0a74,2026-10-06T121811_346124Z-7f153ff4,b06369128521e4415047421a58a8f406809f431ab6b19c4c63d194a24026e92c,,,https://ssma.magyp.gob.ar/frutas.precios.aspx
monthly_not_comparable,2024-10-02,,,2024-10,MCBA,Hortalizas,,ZANAHORIA,,CHANTENAY,,SGO.EST.,,BOLSA,,Primera,MEDIANO,,,500.0,,,ARS/kg,,ARS,,False,0,941aa60fe061312a9bc681700084d6e771e7dff92e0bdaef71eae686544a200f,2026-10-06T121811_346124Z-7f153ff4,b06369128521e4415047421a58a8f406809f431ab6b19c4c63d194a24026e92c,,,https://ssma.magyp.gob.ar/frutas.precios.aspx
monthly_not_comparable,2024-10-02,,,2024-10,MCBA,Hortalizas,,ZANAHORIA,,CHANTENAY,,SANTA FE,,BOLSA,,Primera,MEDIANO,,,460.0,,,ARS/kg,,ARS,,False,0,f65ee375be0fd4204568bb603e2619bf0a779af8a4896fd6ee06b1918fa4e357,2026-10-06T121811_346124Z-7f153ff4,b06369128521e4415047421a58a8f406809f431ab6b19c4c63d194a24026e92c,,,https://ssma.magyp.gob.ar/frutas.precios.aspx
monthly_not_comparable,2024-10-02,,,2024-10,MCBA,Hortalizas,,ZANAHORIA,,CHANTENAY,,MENDOZA,,BOLSA,,Primera,MEDIANO,,,480.0,,,ARS/kg,,ARS,,False,0,0341dc8f479e4fbdf40658c06952ae419994a977cf18eced17caa56ebbbf251f,2026-10-06T121811_346124Z-7f153ff4,b06369128521e4415047421a58a8f406809f431ab6b19c4c63d194a24026e92c,,,https://ssma.magyp.gob.ar/frutas.precios.aspx
monthly_not_comparable,2024-10-02,,,2024-10,MCBA,Hortalizas,,ZANAHORIA,,CHANTENAY,,CORDOBA,,BOLSA,,Primera,MEDIANO,,,470.0,,,ARS/kg,,ARS,,False,0,530acf8fbfe672edf871c05db2a9d817613916021013dc41025c599c9ae01872,2026-10-06T121811_346124Z-7f153ff4,b06369128521e4415047421a58a8f406809f431ab6b19c4c63d194a24026e92c,,,https://ssma.magyp.gob.ar/frutas.precios.aspx
monthly_not_comparable,2024-10-02,,,2024-10,MCBA,Hortalizas,,TOMATE,,REDONDO,,SALTA,,TORO,,Segunda,MEDIANO,ROJO,,361.11,,,ARS/kg,,ARS,,False,0,671781014b19e85488451cfc1d7fa879fde0276bfdaa4bf4aed82c4b276078f0,2026-10-06T121811_346124Z-7f153ff4,b06369128521e4415047421a58a8f406809f431ab6b19c4c63d194a24026e92c,,,https://ssma.magyp.gob.ar/frutas.precios.aspx
monthly_not_comparable,2024-10-02,,,2024-10,MCBA,Hortalizas,,TOMATE,,REDONDO,,SALTA,,TORO,,Segunda,MEDIANO,PINTON,,500.0,,,ARS/kg,,ARS,,False,0,aab7e62474bae78584f4411252e5a0f8cb35280338eebc5c6a0f901ec8135365,2026-10-06T121811_346124Z-7f153ff4,b06369128521e4415047421a58a8f406809f431ab6b19c4c63d194a24026e92c,,,https://ssma.magyp.gob.ar/frutas.precios.aspx
monthly_not_comparable,2024-10-02,,,2024-10,MCBA,Hortalizas,,TOMATE,,REDONDO,,SALTA,,TORO,,Primera,MEDIANO,PINTON,,666.67,,,ARS/kg,,ARS,,False,0,1f1b1438030226b666469cfbde218cfd680e1a3925c6c772b3d7346049491a67,2026-10-06T121811_346124Z-7f153ff4,b06369128521e4415047421a58a8f406809f431ab6b19c4c63d194a24026e92c,,,https://ssma.magyp.gob.ar/frutas.precios.aspx
monthly_not_comparable,2024-10-02,,,2024-10,MCBA,Hortalizas,,TOMATE,,REDONDO,,SALTA,,TORO,,Primera,GRANDE,PINTON,,916.67,,,ARS/kg,,ARS,,False,0,278ca0bbf2b56528adaafc1656cbb0b1b812c1143e3fb2bd604a126a6685252a,2026-10-06T121811_346124Z-7f153ff4,b06369128521e4415047421a58a8f406809f431ab6b19c4c63d194a24026e92c,,,https://ssma.magyp.gob.ar/frutas.precios.aspx
monthly_not_comparable,2024-10-02,,,2024-10,MCBA,Hortalizas,,TOMATE,,REDONDO,,SALTA,,PERDIDO,,Primera,MEDIANO,ROJO/INV,,722.22,,,ARS/kg,,ARS,,False,0,f7b3ed684bd18171a21c023e732d447738b61f72c70e8d5c333861f1acfa4e4e,2026-10-06T121811_346124Z-7f153ff4,b06369128521e4415047421a58a8f406809f431ab6b19c4c63d194a24026e92c,,,https://ssma.magyp.gob.ar/frutas.precios.aspx
monthly_not_comparable,2024-10-02,,,2024-10,MCBA,Hortalizas,,TOMATE,,REDONDO,,SALTA,,PERDIDO,,Primera,MEDIANO,PTN/INV,,1055.56,,,ARS/kg,,ARS,,False,0,6a7517eafe43c005913b0c6bededea5dab5c5d949c2f72a9892bc8e2c13797a6,2026-10-06T121811_346124Z-7f153ff4,b06369128521e4415047421a58a8f406809f431ab6b19c4c63d194a24026e92c,,,https://ssma.magyp.gob.ar/frutas.precios.aspx
monthly_not_comparable,2024-10-02,,,2024-10,MCBA,Hortalizas,,TOMATE,,REDONDO,,SALTA,,PERDIDO,,Primera,GRANDE,PTN/INV,,1250.0,,,ARS/kg,,ARS,,False,0,732fd0b769ce9011d7b7600c4b34b57d33430b620f2e68014e3fbc96c3a22caa,2026-10-06T121811_346124Z-7f153ff4,b06369128521e4415047421a58a8f406809f431ab6b19c4c63d194a24026e92c,,,https://ssma.magyp.gob.ar/frutas.precios.aspx
monthly_not_comparable,2024-10-02,,,2024-10,MCBA,Hortalizas,,TOMATE,,REDONDO,,CTES.,,TORO,,Segunda,MEDIANO,ROJO/INV,,305.56,,,ARS/kg,,ARS,,False,0,f0955a59718a0922f06b7e3ad92b0a29a238f4f78a695fae477d9aaef0d84228,2026-10-06T121811_346124Z-7f153ff4,b06369128521e4415047421a58a8f406809f431ab6b19c4c63d194a24026e92c,,,https://ssma.magyp.gob.ar/frutas.precios.aspx
monthly_not_comparable,2024-10-02,,,2024-10,MCBA,Hortalizas,,TOMATE,,REDONDO,,CTES.,,TORO,,Segunda,MEDIANO,PTN/INV,,555.56,,,ARS/kg,,ARS,,False,0,5ffcbea0963ed3311390d5a68924451dc5bfc334e43a4301cf542f2f1bdd09ee,2026-10-06T121811_346124Z-7f153ff4,b06369128521e4415047421a58a8f406809f431ab6b19c4c63d194a24026e92c,,,https://ssma.magyp.gob.ar/frutas.precios.aspx
monthly_not_comparable,2024-10-02,,,2024-10,MCBA,Hortalizas,,TOMATE,,REDONDO,,CTES.,,TORO,,Primera,MEDIANO,PTN/INV,,888.89,,,ARS/kg,,ARS,,False,0,defccd68f439366d7e4e05a6d3d724b4e2573e0bd880eb208220238b0525992f,2026-10-06T121811_346124Z-7f153ff4,b06369128521e4415047421a58a8f406809f431ab6b19c4c63d194a24026e92c,,,https://ssma.magyp.gob.ar/frutas.precios.aspx
monthly_not_comparable,2024-10-02,,,2024-10,MCBA,Hortalizas,,TOMATE,,REDONDO,,CTES.,,TORO,,Primera,GRANDE,PTN/INV,,1111.11,,,ARS/kg,,ARS,,False,0,c5328ef85be976c0a61114a77a9fc6eb0687db026da0a415850c48bf2a088aa0,2026-10-06T121811_346124Z-7f153ff4,b06369128521e4415047421a58a8f406809f431ab6b19c4c63d194a24026e92c,,,https://ssma.magyp.gob.ar/frutas.precios.aspx
monthly_not_comparable,2024-10-02,,,2024-10,MCBA,Hortalizas,,TOMATE,,PERITA,,SALTA,,TORO,,Segunda,MEDIANO,ROJO,,500.0,,,ARS/kg,,ARS,,False,0,ff90620e92b298d5f04f884f7ffe6629175d309a12f030622236d849012a921d,2026-10-06T121811_346124Z-7f153ff4,b06369128521e4415047421a58a8f406809f431ab6b19c4c63d194a24026e92c,,,https://ssma.magyp.gob.ar/frutas.precios.aspx
monthly_not_comparable,2024-10-02,,,2024-10,MCBA,Hortalizas,,TOMATE,,PERITA,,SALTA,,TORO,,Segunda,MEDIANO,PINTON,,611.11,,,ARS/kg,,ARS,,False,0,e03b393aa20dba89f699a96e2d609f76c96018193b34c404a29681d4fddac5eb,2026-10-06T121811_346124Z-7f153ff4,b06369128521e4415047421a58a8f406809f431ab6b19c4c63d194a24026e92c,,,https://ssma.magyp.gob.ar/frutas.precios.aspx
monthly_not_comparable,2024-10-02,,,2024-10,MCBA,Hortalizas,,TOMATE,,PERITA,,SALTA,,TORO,,Segunda,CHICO,PINTON,,444.44,,,ARS/kg,,ARS,,False,0,09905fd39247e4eefd18c26e325c2edf9f72281c23a26591d8166a2f0c96bdd2,2026-10-06T121811_346124Z-7f153ff4,b06369128521e4415047421a58a8f406809f431ab6b19c4c63d194a24026e92c,,,https://ssma.magyp.gob.ar/frutas.precios.aspx
monthly_not_comparable,2024-10-02,,,2024-10,MCBA,Hortalizas,,TOMATE,,PERITA,,SALTA,,TORO,,Primera,MEDIANO,PINTON,,833.33,,,ARS/kg,,ARS,,False,0,13912ff4e084c212f9bceff47778a373b15332624b0345d78dfb0cdd049412c3,2026-10-06T121811_346124Z-7f153ff4,b06369128521e4415047421a58a8f406809f431ab6b19c4c63d194a24026e92c,,,https://ssma.magyp.gob.ar/frutas.precios.aspx
monthly_not_comparable,2024-10-02,,,2024-10,MCBA,Hortalizas,,TOMATE,,PERITA,,SALTA,,TORO,,Primera,GRANDE,PINTON,,1055.56,,,ARS/kg,,ARS,,False,0,3d79caa9aa8536bd4e4a97cda76861ead9fe3190b5dc4436aa5058a17d5d38c6,2026-10-06T121811_346124Z-7f153ff4,b06369128521e4415047421a58a8f406809f431ab6b19c4c63d194a24026e92c,,,https://ssma.magyp.gob.ar/frutas.precios.aspx
monthly_not_comparable,2024-10-02,,,2024-10,MCBA,Hortalizas,,TOMATE,,PERITA,,SALTA,,PERDIDO,,Primera,MEDIANO,PTN/INV,,1444.44,,,ARS/kg,,ARS,,False,0,27581526b2f1bf4276999787a77a48c9bd8fcbf0aeae1034b7d237d97eb509a3,2026-10-06T121811_346124Z-7f153ff4,b06369128521e4415047421a58a8f406809f431ab6b19c4c63d194a24026e92c,,,https://ssma.magyp.gob.ar/frutas.precios.aspx
monthly_not_comparable,2024-10-02,,,2024-10,MCBA,Hortalizas,,TOMATE,,PERITA,,SALTA,,PERDIDO,,Primera,GRANDE,PTN/INV,,1666.67,,,ARS/kg,,ARS,,False,0,15a3011e7975af605942a32282232b746025311ea5cd4620b6bc0547f03cb1ef,2026-10-06T121811_346124Z-7f153ff4,b06369128521e4415047421a58a8f406809f431ab6b19c4c63d194a24026e92c,,,https://ssma.magyp.gob.ar/frutas.precios.aspx
monthly_not_comparable,2024-10-02,,,2024-10,MCBA,Hortalizas,,TOMATE,,PERITA,,SALTA,,PERDIDO,,Primera,CHICO,PTN/INV,,722.22,,,ARS/kg,,ARS,,False,0,1f1230a1c1cfe3faf569d8ff9b921ffe781a755ca3d3273a691755f8d4408d97,2026-10-06T121811_346124Z-7f153ff4,b06369128521e4415047421a58a8f406809f431ab6b19c4c63d194a24026e92c,,,https://ssma.magyp.gob.ar/frutas.precios.aspx
monthly_not_comparable,2024-10-02,,,2024-10,MCBA,Hortalizas,,TOMATE,,Prom.Esp.,,,,,,,,,,1683.09,,,ARS/kg,,ARS,,False,0,a3010730cd9d94ae1f14fa57dafb781daf38b5f2dc4ac396ded7f8b1640f893f,2026-10-06T121811_346124Z-7f153ff4,b06369128521e4415047421a58a8f406809f431ab6b19c4c63d194a24026e92c,,,https://ssma.magyp.gob.ar/frutas.precios.aspx
monthly_not_comparable,2024-10-02,,,2024-10,MCBA,Hortalizas,,TOMATE,,CHERRY,,SALTA,,CAJA,,Primera,MEDIANO,PTN/INV,,4800.0,,,ARS/kg,,ARS,,False,0,b617f535b0efc54f2345a4f5606f2e731470957b55c4bbcd621f005fab0e1d8c,2026-10-06T121811_346124Z-7f153ff4,b06369128521e4415047421a58a8f406809f431ab6b19c4c63d194a24026e92c,,,https://ssma.magyp.gob.ar/frutas.precios.aspx
monthly_not_comparable,2024-10-02,,,2024-10,MCBA,Hortalizas,,TOMATE,,CHERRY,,SALTA,,CAJA,,Primera,GRANDE,PTN/INV,,6600.0,,,ARS/kg,,ARS,,False,0,dfe596c9b37f42d737e6bb131e46359ce5a8d864707897fa9377e8269cdf9415,2026-10-06T121811_346124Z-7f153ff4,b06369128521e4415047421a58a8f406809f431ab6b19c4c63d194a24026e92c,,,https://ssma.magyp.gob.ar/frutas.precios.aspx
monthly_not_comparable,2024-10-02,,,2024-10,MCBA,Hortalizas,,TOMATE,,CHERRY,,CTES.,,CAJA,,Primera,MEDIANO,PTN/INV,,5600.0,,,ARS/kg,,ARS,,False,0,ca3179c993d72b6fbff810a4b00509f3de934bcfcf6ca707c91f2a133860eca3,2026-10-06T121811_346124Z-7f153ff4,b06369128521e4415047421a58a8f406809f431ab6b19c4c63d194a24026e92c,,,https://ssma.magyp.gob.ar/frutas.precios.aspx
monthly_not_comparable,2024-10-02,,,2024-10,MCBA,Hortalizas,,TOMATE,,CHERRY,,CTES.,,CAJA,,Primera,GRANDE,PTN/INV,,6100.0,,,ARS/kg,,ARS,,False,0,95540a91a0cd187bfcc061098e5cd34ac6fee6a16c534baec617a9d5720bcd67,2026-10-06T121811_346124Z-7f153ff4,b06369128521e4415047421a58a8f406809f431ab6b19c4c63d194a24026e92c,,,https://ssma.magyp.gob.ar/frutas.precios.aspx
monthly_not_comparable,2024-10-02,,,2024-10,MCBA,Hortalizas,,TOMILLO,,,,BS. AS.,,ATADO,,,MEDIANO,,,8500.0,,,ARS/kg,,ARS,,False,0,378080139ef52566517e13e8c49fc81d5110b8a1aadec6d9e1432302e8b0f546,2026-10-06T121811_346124Z-7f153ff4,b06369128521e4415047421a58a8f406809f431ab6b19c4c63d194a24026e92c,,,https://ssma.magyp.gob.ar/frutas.precios.aspx
monthly_not_comparable,2024-10-02,,,2024-10,MCBA,Hortalizas,,TOMILLO,,Prom.Esp.,,,,,,,,,,8500.0,,,ARS/kg,,ARS,,False,0,012c2572a7d5f5f7fe7cf0d510cdce3613b088aa39f4be43ecbb77898a12b8d2,2026-10-06T121811_346124Z-7f153ff4,b06369128521e4415047421a58a8f406809f431ab6b19c4c63d194a24026e92c,,,https://ssma.magyp.gob.ar/frutas.precios.aspx
monthly_not_comparable,2024-10-02,,,2024-10,MCBA,Hortalizas,,SALVIA,,,,BS. AS.,,BOLSA,,Primera,,,,7000.0,,,ARS/kg,,ARS,,False,0,3e25fc70f32b2c4df6d756c52bc22c31f8180beaf722e15045cb082c78e39d34,2026-10-06T121811_346124Z-7f153ff4,b06369128521e4415047421a58a8f406809f431ab6b19c4c63d194a24026e92c,,,https://ssma.magyp.gob.ar/frutas.precios.aspx
monthly_not_comparable,2024-10-02,,,2024-10,MCBA,Hortalizas,,SALVIA,,Prom.Esp.,,,,,,,,,,7000.0,,,ARS/kg,,ARS,,False,0,eebb0b9233738b199b0209be6cbf56a0d67508464babfa9c00e42196f2ce9024,2026-10-06T121811_346124Z-7f153ff4,b06369128521e4415047421a58a8f406809f431ab6b19c4c63d194a24026e92c,,,https://ssma.magyp.gob.ar/frutas.precios.aspx
monthly_not_comparable,2024-10-02,,,2024-10,MCBA,Hortalizas,,RUCULA,,,,BS. AS.,,BANDEJA,,Primera,,,,1700.0,,,ARS/kg,,ARS,,False,0,8e7f30eea62afc39e2fc9a6398e768f8bd28b6acb032c9581eb6d46338edbc76,2026-10-06T121811_346124Z-7f153ff4,b06369128521e4415047421a58a8f406809f431ab6b19c4c63d194a24026e92c,,,https://ssma.magyp.gob.ar/frutas.precios.aspx
monthly_not_comparable,2024-10-02,,,2024-10,MCBA,Hortalizas,,RUCULA,,Prom.Esp.,,,,,,,,,,1700.0,,,ARS/kg,,ARS,,False,0,07bbf958e776add616fdb31b0470f05cb418ab5c7e45c943d50599dad95ca14d,2026-10-06T121811_346124Z-7f153ff4,b06369128521e4415047421a58a8f406809f431ab6b19c4c63d194a24026e92c,,,https://ssma.magyp.gob.ar/frutas.precios.aspx
monthly_not_comparable,2024-10-02,,,2024-10,MCBA,Hortalizas,,RABANITO,,,,BS. AS.,,TORITO,,Primera,,,,1100.0,,,ARS/kg,,ARS,,False,0,8a770933bb42cb2e88304ef800380c3e34eedd8c01725e24aafcd5136cfd9342,2026-10-06T121811_346124Z-7f153ff4,b06369128521e4415047421a58a8f406809f431ab6b19c4c63d194a24026e92c,,,https://ssma.magyp.gob.ar/frutas.precios.aspx
monthly_not_comparable,2024-10-02,,,2024-10,MCBA,Hortalizas,,RABANITO,,Prom.Esp.,,,,,,,,,,1100.0,,,ARS/kg,,ARS,,False,0,2c0f2e897aca631a621abe0d2673ea91be183ec3e42fbbe4345c8b9e5488ab96,2026-10-06T121811_346124Z-7f153ff4,b06369128521e4415047421a58a8f406809f431ab6b19c4c63d194a24026e92c,,,https://ssma.magyp.gob.ar/frutas.precios.aspx
monthly_not_comparable,2024-10-02,,,2024-10,MCBA,Hortalizas,,RADICHETA,,2DO.CORTE,,BS. AS.,,BANDEJA,,Primera,,,,400.0,,,ARS/kg,,ARS,,False,0,6c1db87808f603ea00f0b2088fb8dd1b6f71ded453543dcd6640e36fb63f8463,2026-10-06T121811_346124Z-7f153ff4,b06369128521e4415047421a58a8f406809f431ab6b19c4c63d194a24026e92c,,,https://ssma.magyp.gob.ar/frutas.precios.aspx
monthly_not_comparable,2024-10-02,,,2024-10,MCBA,Hortalizas,,RADICHETA,,Prom.Esp.,,,,,,,,,,583.34,,,ARS/kg,,ARS,,False,0,402bcbaeec03b8762a2a760a9376e939bc1ca2f7bad3b4dc87aae3b29e8b6e4a,2026-10-06T121811_346124Z-7f153ff4,b06369128521e4415047421a58a8f406809f431ab6b19c4c63d194a24026e92c,,,https://ssma.magyp.gob.ar/frutas.precios.aspx
monthly_not_comparable,2024-10-02,,,2024-10,MCBA,Hortalizas,,RADICHETA,,1ER.CORTE,,BS. AS.,,BANDEJA,,Primera,,,,766.67,,,ARS/kg,,ARS,,False,0,dd3c696508b3f61a0b1fc5a068ce18c700bd1cfd217895a026b7032e58fd9f3f,2026-10-06T121811_346124Z-7f153ff4,b06369128521e4415047421a58a8f406809f431ab6b19c4c63d194a24026e92c,,,https://ssma.magyp.gob.ar/frutas.precios.aspx
monthly_not_comparable,2024-10-02,,,2024-10,MCBA,Hortalizas,,ROMERO,,,,BS. AS.,,ATADO,,Primera,MEDIANO,,,8000.0,,,ARS/kg,,ARS,,False,0,f4a7414fb7bc641af2ce5da07958fc3d4fa85b7c4c7c21fd689774fbdf8e6a0f,2026-10-06T121811_346124Z-7f153ff4,b06369128521e4415047421a58a8f406809f431ab6b19c4c63d194a24026e92c,,,https://ssma.magyp.gob.ar/frutas.precios.aspx
monthly_not_comparable,2024-10-02,,,2024-10,MCBA,Hortalizas,,ROMERO,,Prom.Esp.,,,,,,,,,,8000.0,,,ARS/kg,,ARS,,False,0,aa265396b6295dd739421f6f4f526719fb40e3029696195a2022050d9e45f211,2026-10-06T121811_346124Z-7f153ff4,b06369128521e4415047421a58a8f406809f431ab6b19c4c63d194a24026e92c,,,https://ssma.magyp.gob.ar/frutas.precios.aspx
monthly_not_comparable,2024-10-02,,,2024-10,MCBA,Hortalizas,,REPOLLO,,Prom.Esp.,,,,,,,,,,830.0,,,ARS/kg,,ARS,,False,0,929a4408f7c2c50d2eb775ca90198e434cda40451b10d66c904c843a405839cb,2026-10-06T121811_346124Z-7f153ff4,b06369128521e4415047421a58a8f406809f431ab6b19c4c63d194a24026e92c,,,https://ssma.magyp.gob.ar/frutas.precios.aspx
monthly_not_comparable,2024-10-02,,,2024-10,MCBA,Hortalizas,,REPOLLO,,COLORADO,,BS. AS.,,JAULA,,Primera,MEDIANO,,,866.67,,,ARS/kg,,ARS,,False,0,42734cec5554cbed343726e7fd13bd42b28e2eebb26760448cc84c735c8b2092,2026-10-06T121811_346124Z-7f153ff4,b06369128521e4415047421a58a8f406809f431ab6b19c4c63d194a24026e92c,,,https://ssma.magyp.gob.ar/frutas.precios.aspx
monthly_not_comparable,2024-10-02,,,2024-10,MCBA,Hortalizas,,REPOLLO,,COLORADO,,BS. AS.,,JAULA,,Primera,GRANDE,,,966.67,,,ARS/kg,,ARS,,False,0,a79b7a730a107a3c2b984db74732393e8630552c0e349ad7547d1ef7d77c6530,2026-10-06T121811_346124Z-7f153ff4,b06369128521e4415047421a58a8f406809f431ab6b19c4c63d194a24026e92c,,,https://ssma.magyp.gob.ar/frutas.precios.aspx
monthly_not_comparable,2024-10-02,,,2024-10,MCBA,Hortalizas,,REPOLLO,,BLANCO,,BS. AS.,,JAULA,,Primera,MEDIANO,,,653.33,,,ARS/kg,,ARS,,False,0,8d0b1197275b0ed94c1f299a3ed16300e14549fbe60af5831b36c550f63209dc,2026-10-06T121811_346124Z-7f153ff4,b06369128521e4415047421a58a8f406809f431ab6b19c4c63d194a24026e92c,,,https://ssma.magyp.gob.ar/frutas.precios.aspx
monthly_not_comparable,2024-10-02,,,2024-10,MCBA,Hortalizas,,REPOLLO,,BLANCO,,BS. AS.,,JAULA,,Primera,GRANDE,,,833.33,,,ARS/kg,,ARS,,False,0,a049d9acfa268c788cbe4a4f617a7256f89329426905ecc30b24c6090d34d2d3,2026-10-06T121811_346124Z-7f153ff4,b06369128521e4415047421a58a8f406809f431ab6b19c4c63d194a24026e92c,,,https://ssma.magyp.gob.ar/frutas.precios.aspx
monthly_not_comparable,2024-10-02,,,2024-10,MCBA,Hortalizas,,REMOLACHA,,,,BS. AS.,,JAULA,,Primera,MEDIANO,,,566.67,,,ARS/kg,,ARS,,False,0,495daaf5619a946a56969abd3b9643a5f04fe067d36af6b94c44ddfe1a1a4882,2026-10-06T121811_346124Z-7f153ff4,b06369128521e4415047421a58a8f406809f431ab6b19c4c63d194a24026e92c,,,https://ssma.magyp.gob.ar/frutas.precios.aspx
monthly_not_comparable,2024-10-02,,,2024-10,MCBA,Hortalizas,,REMOLACHA,,,,BS. AS.,,JAULA,,Primera,CHICO,,,300.0,,,ARS/kg,,ARS,,False,0,9e570f9e1bd21344f1721e4b96ae21ca148dd9f319341e7e9a468cc2bcabef73,2026-10-06T121811_346124Z-7f153ff4,b06369128521e4415047421a58a8f406809f431ab6b19c4c63d194a24026e92c,,,https://ssma.magyp.gob.ar/frutas.precios.aspx
monthly_not_comparable,2024-10-02,,,2024-10,MCBA,Hortalizas,,REMOLACHA,,Prom.Esp.,,,,,,,,,,433.34,,,ARS/kg,,ARS,,False,0,c6d90de8ce9f8c93ced93a415152bc810c67e36da8419d6d23c31354c902a593,2026-10-06T121811_346124Z-7f153ff4,b06369128521e4415047421a58a8f406809f431ab6b19c4c63d194a24026e92c,,,https://ssma.magyp.gob.ar/frutas.precios.aspx
monthly_not_comparable,2024-10-02,,,2024-10,MCBA,Hortalizas,,RADICCHIO,,,,BS. AS.,,CAJA,,Primera,,,,2250.0,,,ARS/kg,,ARS,,False,0,dd767e85e88700ae7b5c34a61cc5ccf1d40733b0c2b354e6568a60d488f27091,2026-10-06T121811_346124Z-7f153ff4,b06369128521e4415047421a58a8f406809f431ab6b19c4c63d194a24026e92c,,,https://ssma.magyp.gob.ar/frutas.precios.aspx
monthly_not_comparable,2024-10-02,,,2024-10,MCBA,Hortalizas,,RADICCHIO,,Prom.Esp.,,,,,,,,,,2250.0,,,ARS/kg,,ARS,,False,0,bca161f89d12d8e6cc642a08dfa268b9cb9b0aba72d6234f93836a298d556737,2026-10-06T121811_346124Z-7f153ff4,b06369128521e4415047421a58a8f406809f431ab6b19c4c63d194a24026e92c,,,https://ssma.magyp.gob.ar/frutas.precios.aspx
monthly_not_comparable,2024-10-02,,,2024-10,MCBA,Hortalizas,,PUERRO,,,,BS. AS.,,JAULA,,Primera,MEDIANO,,,1700.0,,,ARS/kg,,ARS,,False,0,1568446d4235f9b2860d2021d046b283a64b42306c3d3baca5be2e816601bd9e,2026-10-06T121811_346124Z-7f153ff4,b06369128521e4415047421a58a8f406809f431ab6b19c4c63d194a24026e92c,,,https://ssma.magyp.gob.ar/frutas.precios.aspx
monthly_not_comparable,2024-10-02,,,2024-10,MCBA,Hortalizas,,PUERRO,,,,BS. AS.,,ATADO,,Primera,MEDIANO,,,2000.0,,,ARS/kg,,ARS,,False,0,24fc11c075e7eb4f1ee97300e9881bf03bd35ca80c4c3fb0cd7a75e379201188,2026-10-06T121811_346124Z-7f153ff4,b06369128521e4415047421a58a8f406809f431ab6b19c4c63d194a24026e92c,,,https://ssma.magyp.gob.ar/frutas.precios.aspx
monthly_not_comparable,2024-10-02,,,2024-10,MCBA,Hortalizas,,PUERRO,,Prom.Esp.,,,,,,,,,,1850.0,,,ARS/kg,,ARS,,False,0,adf3586e0c86f0b1827e886880fd14167aa3dffb47ea86c64524521a56de81b9,2026-10-06T121811_346124Z-7f153ff4,b06369128521e4415047421a58a8f406809f431ab6b19c4c63d194a24026e92c,,,https://ssma.magyp.gob.ar/frutas.precios.aspx
monthly_not_comparable,2024-10-02,,,2024-10,MCBA,Hortalizas,,PIMIENTO,,VINAGRE,,CTES.,,PERDIDO,,Primera,MEDIANO,VDE/INV,,1650.0,,,ARS/kg,,ARS,,False,0,81c0333f372e95c74de540422bde3503b6bc6f8a25971891885cc20dfac7d555,2026-10-06T121811_346124Z-7f153ff4,b06369128521e4415047421a58a8f406809f431ab6b19c4c63d194a24026e92c,,,https://ssma.magyp.gob.ar/frutas.precios.aspx
monthly_not_comparable,2024-10-02,,,2024-10,MCBA,Hortalizas,,PIMIENTO,,Prom.Esp.,,,,,,,,,,2239.02,,,ARS/kg,,ARS,,False,0,17f0161ffcdbc8298ef9c48a1f2522e121f42fbfe09039a5fdcae8f299f4e87b,2026-10-06T121811_346124Z-7f153ff4,b06369128521e4415047421a58a8f406809f431ab6b19c4c63d194a24026e92c,,,https://ssma.magyp.gob.ar/frutas.precios.aspx
monthly_not_comparable,2024-10-02,,,2024-10,MCBA,Hortalizas,,PIMIENTO,,MORRON,,SALTA,,PERDIDO,,Segunda,GRANDE,ROJO/INV,,1916.67,,,ARS/kg,,ARS,,False,0,d38ff61ecea7f1ad82e9e9681576d6b68644ec41f04cd76ff564b1979c03079d,2026-10-06T121811_346124Z-7f153ff4,b06369128521e4415047421a58a8f406809f431ab6b19c4c63d194a24026e92c,,,https://ssma.magyp.gob.ar/frutas.precios.aspx
monthly_not_comparable,2024-10-02,,,2024-10,MCBA,Hortalizas,,PIMIENTO,,MORRON,,SALTA,,PERDIDO,,Primera,MEDIANO,VDE/INV,,1541.67,,,ARS/kg,,ARS,,False,0,baac5fa9ab806d2491e1712b14655ae127a8f6fd9bcb0c99de9cc64808ea1ae5,2026-10-06T121811_346124Z-7f153ff4,b06369128521e4415047421a58a8f406809f431ab6b19c4c63d194a24026e92c,,,https://ssma.magyp.gob.ar/frutas.precios.aspx
monthly_not_comparable,2024-10-02,,,2024-10,MCBA,Hortalizas,,PIMIENTO,,MORRON,,SALTA,,PERDIDO,,Primera,MEDIANO,ROJO/INV,,2166.67,,,ARS/kg,,ARS,,False,0,6ce56185e2002eae948c191a7f299a35414fe931e527b1ce1efee5e2c69ee910,2026-10-06T121811_346124Z-7f153ff4,b06369128521e4415047421a58a8f406809f431ab6b19c4c63d194a24026e92c,,,https://ssma.magyp.gob.ar/frutas.precios.aspx
monthly_not_comparable,2024-10-02,,,2024-10,MCBA,Hortalizas,,PIMIENTO,,MORRON,,SALTA,,PERDIDO,,Primera,GRANDE,VDE/INV,,1875.0,,,ARS/kg,,ARS,,False,0,5ffeba995d93e5477d8d28d9af95e3372b51e4b912f17b34e1f37bfad28bcf2d,2026-10-06T121811_346124Z-7f153ff4,b06369128521e4415047421a58a8f406809f431ab6b19c4c63d194a24026e92c,,,https://ssma.magyp.gob.ar/frutas.precios.aspx
monthly_not_comparable,2024-10-02,,,2024-10,MCBA,Hortalizas,,PIMIENTO,,MORRON,,SALTA,,PERDIDO,,Primera,GRANDE,ROJO/INV,,2541.67,,,ARS/kg,,ARS,,False,0,c3d24b626e68734199d0daa6afca0c8006fce6564144cf62681ced6cdc883613,2026-10-06T121811_346124Z-7f153ff4,b06369128521e4415047421a58a8f406809f431ab6b19c4c63d194a24026e92c,,,https://ssma.magyp.gob.ar/frutas.precios.aspx
monthly_not_comparable,2024-10-02,,,2024-10,MCBA,Hortalizas,,PIMIENTO,,MORRON,,CTES.,,PERDIDO,,Primera,MEDIANO,VDE/INV,,1375.0,,,ARS/kg,,ARS,,False,0,b8df6aceb2b4a8819e3d6b9bd5f0b70eb74b671681c2eb131a17f7987d58d083,2026-10-06T121811_346124Z-7f153ff4,b06369128521e4415047421a58a8f406809f431ab6b19c4c63d194a24026e92c,,,https://ssma.magyp.gob.ar/frutas.precios.aspx
monthly_not_comparable,2024-10-02,,,2024-10,MCBA,Hortalizas,,PIMIENTO,,MORRON,,CTES.,,PERDIDO,,Primera,MEDIANO,ROJO/INV,,2125.0,,,ARS/kg,,ARS,,False,0,60367aef82ac0ac25aa070a73bc4492749e68e0c96950f4479b13d9c379a730d,2026-10-06T121811_346124Z-7f153ff4,b06369128521e4415047421a58a8f406809f431ab6b19c4c63d194a24026e92c,,,https://ssma.magyp.gob.ar/frutas.precios.aspx
monthly_not_comparable,2024-10-02,,,2024-10,MCBA,Hortalizas,,PIMIENTO,,MORRON,,CTES.,,PERDIDO,,Primera,GRANDE,VDE/INV,,2187.5,,,ARS/kg,,ARS,,False,0,06aaa58f2d201eab7377b34c18d10a4ad143085bda77676af7dd6e0b45f4b220,2026-10-06T121811_346124Z-7f153ff4,b06369128521e4415047421a58a8f406809f431ab6b19c4c63d194a24026e92c,,,https://ssma.magyp.gob.ar/frutas.precios.aspx
monthly_not_comparable,2024-10-02,,,2024-10,MCBA,Hortalizas,,PIMIENTO,,MORRON,,CTES.,,PERDIDO,,Primera,GRANDE,ROJO/INV,,2500.0,,,ARS/kg,,ARS,,False,0,4f51ec749119d0363430fad2a893ad271e210e20ee227788263649e71bdab169,2026-10-06T121811_346124Z-7f153ff4,b06369128521e4415047421a58a8f406809f431ab6b19c4c63d194a24026e92c,,,https://ssma.magyp.gob.ar/frutas.precios.aspx
monthly_not_comparable,2024-10-02,,,2024-10,MCBA,Hortalizas,,PIMIENTO,,JALAPE¥O,,CTES.,,BANDEJA,,Primera,MEDIANO,ROJO/INV,,4750.0,,,ARS/kg,,ARS,,False,0,a6e14a0b2c21de172627103d684337e68193467fe6589dd2249920f37b0cfa0e,2026-10-06T121811_346124Z-7f153ff4,b06369128521e4415047421a58a8f406809f431ab6b19c4c63d194a24026e92c,,,https://ssma.magyp.gob.ar/frutas.precios.aspx
monthly_not_comparable,2024-10-02,,,2024-10,MCBA,Hortalizas,,PEREJIL,,,,BS. AS.,,JAULA,,Primera,MEDIANO,,,1200.0,,,ARS/kg,,ARS,,False,0,9e19b5b4958391bbb8800284c60b3b1aaa1019045222f27f6e70b33840d26c02,2026-10-06T121811_346124Z-7f153ff4,b06369128521e4415047421a58a8f406809f431ab6b19c4c63d194a24026e92c,,,https://ssma.magyp.gob.ar/frutas.precios.aspx
monthly_not_comparable,2024-10-02,,,2024-10,MCBA,Hortalizas,,PEREJIL,,,,BS. AS.,,JAULA,,Primera,GRANDE,INVERNAC,,1700.0,,,ARS/kg,,ARS,,False,0,3b2b586d1b2ec187f381d17bc7929d77cf195c78f48eb4f236e9d89bebfe4f38,2026-10-06T121811_346124Z-7f153ff4,b06369128521e4415047421a58a8f406809f431ab6b19c4c63d194a24026e92c,,,https://ssma.magyp.gob.ar/frutas.precios.aspx
monthly_not_comparable,2024-10-02,,,2024-10,MCBA,Hortalizas,,PEREJIL,,Prom.Esp.,,,,,,,,,,1450.0,,,ARS/kg,,ARS,,False,0,ef35e35ab01fb4af2f1509898b605670c997d9fd675d98b4e1001a9ddb2edf2e,2026-10-06T121811_346124Z-7f153ff4,b06369128521e4415047421a58a8f406809f431ab6b19c4c63d194a24026e92c,,,https://ssma.magyp.gob.ar/frutas.precios.aspx
monthly_not_comparable,2024-10-02,,,2024-10,MCBA,Hortalizas,,PEPINO,,,,SALTA,,TORO,,Primera,MEDIANO,,,750.0,,,ARS/kg,,ARS,,False,0,7f09df0e98fe106149e98195228977cba66dc3dfc93c348d0f5faed3eabf06fe,2026-10-06T121811_346124Z-7f153ff4,b06369128521e4415047421a58a8f406809f431ab6b19c4c63d194a24026e92c,,,https://ssma.magyp.gob.ar/frutas.precios.aspx
monthly_not_comparable,2024-10-02,,,2024-10,MCBA,Hortalizas,,PEPINO,,,,CTES.,,PERDIDO,,Primera,MEDIANO,,,1000.0,,,ARS/kg,,ARS,,False,0,e70f81e8809bf4df7bf11b66eefb5dadfd770d1bdb0b6c415147bb9d390002fc,2026-10-06T121811_346124Z-7f153ff4,b06369128521e4415047421a58a8f406809f431ab6b19c4c63d194a24026e92c,,,https://ssma.magyp.gob.ar/frutas.precios.aspx
monthly_not_comparable,2024-10-02,,,2024-10,MCBA,Hortalizas,,PEPINO,,,,BS. AS.,,TORITO,,Primera,MEDIANO,,,1166.67,,,ARS/kg,,ARS,,False,0,f2e21f451a4f942713c0f0846f45777bef2b2b6816bf1b6ecafc60a89be4d77c,2026-10-06T121811_346124Z-7f153ff4,b06369128521e4415047421a58a8f406809f431ab6b19c4c63d194a24026e92c,,,https://ssma.magyp.gob.ar/frutas.precios.aspx
monthly_not_comparable,2024-10-02,,,2024-10,MCBA,Hortalizas,,PEPINO,,Prom.Esp.,,,,,,,,,,972.22,,,ARS/kg,,ARS,,False,0,10dd9e2de4015ed332122b8305453ca7c849d6a67b4004c5e734d8b2adbbe3e2,2026-10-06T121811_346124Z-7f153ff4,b06369128521e4415047421a58a8f406809f431ab6b19c4c63d194a24026e92c,,,https://ssma.magyp.gob.ar/frutas.precios.aspx
monthly_not_comparable,2024-10-02,,,2024-10,MCBA,Hortalizas,,PAPA,,YONA,,SAN LUIS,,BOLSA,,Primera,MEDIANO,LAVADA,,950.0,,,ARS/kg,,ARS,,False,0,20b0cbf6a494676529dafd8d4234cbbc93672df3b552fe0fae51a0effaeb43ee,2026-10-06T121811_346124Z-7f153ff4,b06369128521e4415047421a58a8f406809f431ab6b19c4c63d194a24026e92c,,,https://ssma.magyp.gob.ar/frutas.precios.aspx
monthly_not_comparable,2024-10-02,,,2024-10,MCBA,Hortalizas,,PAPA,,SPUNTA,,V.DOLOR.,,BOLSA,,Segunda,MEDIANO,,,694.44,,,ARS/kg,,ARS,,False,0,396dc53c8c29c3985104cf53a67cc80a7e29dd0624c1a26e0bf6dc8f3250c395,2026-10-06T121811_346124Z-7f153ff4,b06369128521e4415047421a58a8f406809f431ab6b19c4c63d194a24026e92c,,,https://ssma.magyp.gob.ar/frutas.precios.aspx
monthly_not_comparable,2024-10-02,,,2024-10,MCBA,Hortalizas,,PAPA,,SPUNTA,,TUCUMAN,,BOLSA,,Segunda,MEDIANO,,,722.22,,,ARS/kg,,ARS,,False,0,d838b28e84557dbf6c0ca666b78338bb920a8c149f8c90773915becb9b48d1af,2026-10-06T121811_346124Z-7f153ff4,b06369128521e4415047421a58a8f406809f431ab6b19c4c63d194a24026e92c,,,https://ssma.magyp.gob.ar/frutas.precios.aspx
monthly_not_comparable,2024-10-02,,,2024-10,MCBA,Hortalizas,,PAPA,,SPUNTA,,SE BS.AS,,BOLSA,,Segunda,MEDIANO,CEPILLAD,,611.11,,,ARS/kg,,ARS,,False,0,bdf660474d721337a281926705ec5d178abf2fe560cb13ccf1a4516be540ef06,2026-10-06T121811_346124Z-7f153ff4,b06369128521e4415047421a58a8f406809f431ab6b19c4c63d194a24026e92c,,,https://ssma.magyp.gob.ar/frutas.precios.aspx
monthly_not_comparable,2024-10-02,,,2024-10,MCBA,Hortalizas,,PAPA,,SPUNTA,,SE BS.AS,,BOLSA,,Segunda,MEDIANO,,,455.56,,,ARS/kg,,ARS,,False,0,95002d9bd4849a13d68e5be9d0439611e3b023f76d7ccdcdc612749700db635c,2026-10-06T121811_346124Z-7f153ff4,b06369128521e4415047421a58a8f406809f431ab6b19c4c63d194a24026e92c,,,https://ssma.magyp.gob.ar/frutas.precios.aspx
monthly_not_comparable,2024-10-02,,,2024-10,MCBA,Hortalizas,,PAPA,,SPUNTA,,CORDOBA,,BOLSA,,Segunda,MEDIANO,,,666.67,,,ARS/kg,,ARS,,False,0,d8f921a26e168954d0eb390f974d3fa66ac8ca55c49e66d61189687a380e2de2,2026-10-06T121811_346124Z-7f153ff4,b06369128521e4415047421a58a8f406809f431ab6b19c4c63d194a24026e92c,,,https://ssma.magyp.gob.ar/frutas.precios.aspx
monthly_not_comparable,2024-10-02,,,2024-10,MCBA,Hortalizas,,PAPA,,SAGITTA,,SAN LUIS,,BOLSA,,Primera,MEDIANO,LAVADA,,1050.0,,,ARS/kg,,ARS,,False,0,0847f5b699734d8b88aac570f87550e3b7d9a46aa658e1e25b06990504723e2d,2026-10-06T121811_346124Z-7f153ff4,b06369128521e4415047421a58a8f406809f431ab6b19c4c63d194a24026e92c,,,https://ssma.magyp.gob.ar/frutas.precios.aspx
monthly_not_comparable,2024-10-02,,,2024-10,MCBA,Hortalizas,,PAPA,,Prom.Esp.,,,,,,,,,,900.45,,,ARS/kg,,ARS,,False,0,5ca2ab0aed38af287ab746b5eeb15f1643a0c38180554c76adb0c21d20d05fd1,2026-10-06T121811_346124Z-7f153ff4,b06369128521e4415047421a58a8f406809f431ab6b19c4c63d194a24026e92c,,,https://ssma.magyp.gob.ar/frutas.precios.aspx
monthly_not_comparable,2024-10-02,,,2024-10,MCBA,Hortalizas,,PAPA,,DAIFLA,,SAN LUIS,,BOLSA,,Primera,MEDIANO,LAVADA,,975.0,,,ARS/kg,,ARS,,False,0,0f1ab0f3f16167721fd0311516b8ecd3db178782b4c20dda18546dd94f624d40,2026-10-06T121811_346124Z-7f153ff4,b06369128521e4415047421a58a8f406809f431ab6b19c4c63d194a24026e92c,,,https://ssma.magyp.gob.ar/frutas.precios.aspx
monthly_not_comparable,2024-10-02,,,2024-10,MCBA,Hortalizas,,PAPA,,DAISY,,SAN LUIS,,BOLSA,,Primera,MEDIANO,LAVADA,,1000.0,,,ARS/kg,,ARS,,False,0,0b1d0fa8f3ad853feb4df09410e0a106575114521f15fc3b2fa009c0f51c6ac8,2026-10-06T121811_346124Z-7f153ff4,b06369128521e4415047421a58a8f406809f431ab6b19c4c63d194a24026e92c,,,https://ssma.magyp.gob.ar/frutas.precios.aspx
monthly_not_comparable,2024-10-02,,,2024-10,MCBA,Hortalizas,,PAPA,,ASTERIX,,CORDOBA,,BOLSA,,Primera,MEDIANO,LAVADA,,800.0,,,ARS/kg,,ARS,,False,0,69d54f28cab01ce263fe900402299e34916705a1e30644b6e49cd4068fa8ec8c,2026-10-06T121811_346124Z-7f153ff4,b06369128521e4415047421a58a8f406809f431ab6b19c4c63d194a24026e92c,,,https://ssma.magyp.gob.ar/frutas.precios.aspx
monthly_not_comparable,2024-10-02,,,2024-10,MCBA,Hortalizas,,PAPA,,AGATA,,BRASIL,,BOLSA,,Primera,CHICO,LAVADA,,1980.0,,,ARS/kg,,ARS,,False,0,064a6d0150f5629139ab62c11cf72542ca1a6ebaf28bc7f1e195d8a298b2ebec,2026-10-06T121811_346124Z-7f153ff4,b06369128521e4415047421a58a8f406809f431ab6b19c4c63d194a24026e92c,,,https://ssma.magyp.gob.ar/frutas.precios.aspx
monthly_not_comparable,2024-10-02,,,2024-10,MCBA,Hortalizas,,PACK CHOY,,,,BS. AS.,,BANDEJA,,Primera,,,,1766.67,,,ARS/kg,,ARS,,False,0,967acb61c66f8b7d5444d20545754798b51c7b62748002f4ae5427a6eb946953,2026-10-06T121811_346124Z-7f153ff4,b06369128521e4415047421a58a8f406809f431ab6b19c4c63d194a24026e92c,,,https://ssma.magyp.gob.ar/frutas.precios.aspx
monthly_not_comparable,2024-10-02,,,2024-10,MCBA,Hortalizas,,PACK CHOY,,Prom.Esp.,,,,,,,,,,1766.67,,,ARS/kg,,ARS,,False,0,202ea25bdc9af0d07cf055f3fa35b649d9cad1f584f9d03ffa40efde5d36f8ef,2026-10-06T121811_346124Z-7f153ff4,b06369128521e4415047421a58a8f406809f431ab6b19c4c63d194a24026e92c,,,https://ssma.magyp.gob.ar/frutas.precios.aspx
monthly_not_comparable,2024-10-02,,,2024-10,MCBA,Hortalizas,,OREGANO,,,,BS. AS.,,ATADO,,Primera,MEDIANO,,,8200.0,,,ARS/kg,,ARS,,False,0,ab15067473816a501256cd63787d8a39df08a547db1e08c5ce1e77009f62c6c5,2026-10-06T121811_346124Z-7f153ff4,b06369128521e4415047421a58a8f406809f431ab6b19c4c63d194a24026e92c,,,https://ssma.magyp.gob.ar/frutas.precios.aspx
monthly_not_comparable,2024-10-02,,,2024-10,MCBA,Hortalizas,,OREGANO,,Prom.Esp.,,,,,,,,,,8200.0,,,ARS/kg,,ARS,,False,0,7a48d18e79f93f8dfe29ce43c2f8056a097f263238eb5f9607e60841d5235bc6,2026-10-06T121811_346124Z-7f153ff4,b06369128521e4415047421a58a8f406809f431ab6b19c4c63d194a24026e92c,,,https://ssma.magyp.gob.ar/frutas.precios.aspx
monthly_not_comparable,2024-10-02,,,2024-10,MCBA,Hortalizas,,NABIZA,,,,BS. AS.,,TORITO,,Primera,,,,700.0,,,ARS/kg,,ARS,,False,0,ddc5b3f1ab5813015f2507e0ed31c13e8a0575689083de04781869522fc2c178,2026-10-06T121811_346124Z-7f153ff4,b06369128521e4415047421a58a8f406809f431ab6b19c4c63d194a24026e92c,,,https://ssma.magyp.gob.ar/frutas.precios.aspx
monthly_not_comparable,2024-10-02,,,2024-10,MCBA,Hortalizas,,NABIZA,,Prom.Esp.,,,,,,,,,,700.0,,,ARS/kg,,ARS,,False,0,0284b81d1d0f5ece377299dd6891f782d21c3068de9818372b3bb8cb8bd9da16,2026-10-06T121811_346124Z-7f153ff4,b06369128521e4415047421a58a8f406809f431ab6b19c4c63d194a24026e92c,,,https://ssma.magyp.gob.ar/frutas.precios.aspx
monthly_not_comparable,2024-10-02,,,2024-10,MCBA,Hortalizas,,NABO,,Prom.Esp.,,,,,,,,,,1266.67,,,ARS/kg,,ARS,,False,0,71de72123011571bc75ba07c867cc7bae4c461b982b27f6e795edcd40c041fb7,2026-10-06T121811_346124Z-7f153ff4,b06369128521e4415047421a58a8f406809f431ab6b19c4c63d194a24026e92c,,,https://ssma.magyp.gob.ar/frutas.precios.aspx
monthly_not_comparable,2024-10-02,,,2024-10,MCBA,Hortalizas,,NABO,,BLANCO,,BS. AS.,,ATADO,,Primera,MEDIANO,,,1266.67,,,ARS/kg,,ARS,,False,0,a3ae77d88bb897959ce0c9d9bd0cb3336ae48294a1d8dba6d67523e8c63c2ec8,2026-10-06T121811_346124Z-7f153ff4,b06369128521e4415047421a58a8f406809f431ab6b19c4c63d194a24026e92c,,,https://ssma.magyp.gob.ar/frutas.precios.aspx
monthly_not_comparable,2024-10-02,,,2024-10,MCBA,Hortalizas,,MANDIOCA,,,,MISIONES,,BOLSA,,Primera,GRANDE,,,225.0,,,ARS/kg,,ARS,,False,0,23c56605f66bfe196594f0419ccf3d92bd274ef7628cde53bfe11741b1373d73,2026-10-06T121811_346124Z-7f153ff4,b06369128521e4415047421a58a8f406809f431ab6b19c4c63d194a24026e92c,,,https://ssma.magyp.gob.ar/frutas.precios.aspx
monthly_not_comparable,2024-10-02,,,2024-10,MCBA,Hortalizas,,MANDIOCA,,Prom.Esp.,,,,,,,,,,225.0,,,ARS/kg,,ARS,,False,0,18568366b80a7566c8e76ef2f3a9c6c0ed564a24d91f00db41bd5e80c645f201,2026-10-06T121811_346124Z-7f153ff4,b06369128521e4415047421a58a8f406809f431ab6b19c4c63d194a24026e92c,,,https://ssma.magyp.gob.ar/frutas.precios.aspx
monthly_not_comparable,2024-10-02,,,2024-10,MCBA,Hortalizas,,LECHUGA,,Prom.Esp.,,,,,,,,,,683.85,,,ARS/kg,,ARS,,False,0,74f204b571db3c3260f3415dde1ef9a1752a327400d46ce7ddef13d4983ac3c3,2026-10-06T121811_346124Z-7f153ff4,b06369128521e4415047421a58a8f406809f431ab6b19c4c63d194a24026e92c,,,https://ssma.magyp.gob.ar/frutas.precios.aspx
monthly_not_comparable,2024-10-02,,,2024-10,MCBA,Hortalizas,,LECHUGA,,MANTECOSA,,BS. AS.,,JAULA,,Primera,MEDIANO,INVERNAC,,800.0,,,ARS/kg,,ARS,,False,0,4113426f17721bcfcc4b49cfda7035165c196a79f474a187f610f9cc80a4c193,2026-10-06T121811_346124Z-7f153ff4,b06369128521e4415047421a58a8f406809f431ab6b19c4c63d194a24026e92c,,,https://ssma.magyp.gob.ar/frutas.precios.aspx
monthly_not_comparable,2024-10-02,,,2024-10,MCBA,Hortalizas,,LECHUGA,,CRIOLLA,,SANTA FE,,JAULA,,Primera,MEDIANO,,,850.0,,,ARS/kg,,ARS,,False,0,fa6eceb64610435106d6880f96669fece20f5c4437ab1edb4f6c4d2f28af5168,2026-10-06T121811_346124Z-7f153ff4,b06369128521e4415047421a58a8f406809f431ab6b19c4c63d194a24026e92c,,,https://ssma.magyp.gob.ar/frutas.precios.aspx
monthly_not_comparable,2024-10-02,,,2024-10,MCBA,Hortalizas,,LECHUGA,,CRIOLLA,,BS. AS.,,JAULA,,Primera,MEDIANO,INVERNAC,,437.5,,,ARS/kg,,ARS,,False,0,8f54123fce1391ff579664b05108c8742bde6aa54c700594666872b33a1718d9,2026-10-06T121811_346124Z-7f153ff4,b06369128521e4415047421a58a8f406809f431ab6b19c4c63d194a24026e92c,,,https://ssma.magyp.gob.ar/frutas.precios.aspx
monthly_not_comparable,2024-10-02,,,2024-10,MCBA,Hortalizas,,LECHUGA,,CRIOLLA,,BS. AS.,,JAULA,,Primera,MEDIANO,,,375.0,,,ARS/kg,,ARS,,False,0,00513fa5cb87f3dc446ded052d2146fdc738930e748f420d9c85788912f67986,2026-10-06T121811_346124Z-7f153ff4,b06369128521e4415047421a58a8f406809f431ab6b19c4c63d194a24026e92c,,,https://ssma.magyp.gob.ar/frutas.precios.aspx
monthly_not_comparable,2024-10-02,,,2024-10,MCBA,Hortalizas,,LECHUGA,,CRIOLLA,,BS. AS.,,JAULA,,Primera,GRANDE,INVERNAC,,650.0,,,ARS/kg,,ARS,,False,0,9dc5211ea53e93379e05ef84842f36e059de53c172cf342a35a2d9fc5ab33653,2026-10-06T121811_346124Z-7f153ff4,b06369128521e4415047421a58a8f406809f431ab6b19c4c63d194a24026e92c,,,https://ssma.magyp.gob.ar/frutas.precios.aspx
monthly_not_comparable,2024-10-02,,,2024-10,MCBA,Hortalizas,,LECHUGA,,CAPUCHINA,,SANTA FE,,JAULA,,Primera,MEDIANO,,,800.0,,,ARS/kg,,ARS,,False,0,0d952e1eb49a892c5ca0ba93afd8fd0efbeb29be321e3b8e021b6fef59df55f4,2026-10-06T121811_346124Z-7f153ff4,b06369128521e4415047421a58a8f406809f431ab6b19c4c63d194a24026e92c,,,https://ssma.magyp.gob.ar/frutas.precios.aspx
monthly_not_comparable,2024-10-02,,,2024-10,MCBA,Hortalizas,,LECHUGA,,CAPUCHINA,,MENDOZA,,JAULA,,Primera,MEDIANO,,,783.33,,,ARS/kg,,ARS,,False,0,3d8d311e3c0aff543482021d64a1dfab2163e592929feab4861f95713bd7e415,2026-10-06T121811_346124Z-7f153ff4,b06369128521e4415047421a58a8f406809f431ab6b19c4c63d194a24026e92c,,,https://ssma.magyp.gob.ar/frutas.precios.aspx
monthly_not_comparable,2024-10-02,,,2024-10,MCBA,Hortalizas,,LECHUGA,,CAPUCHINA,,BS. AS.,,JAULA,,Primera,MEDIANO,,,775.0,,,ARS/kg,,ARS,,False,0,d6976da9b222232ed1967ffe9ecd932db6afd590bbc22669b8e017a4e9e9a498,2026-10-06T121811_346124Z-7f153ff4,b06369128521e4415047421a58a8f406809f431ab6b19c4c63d194a24026e92c,,,https://ssma.magyp.gob.ar/frutas.precios.aspx
monthly_not_comparable,2024-10-02,,,2024-10,MCBA,Hortalizas,,KALE,,Prom.Esp.,,,,,,,,,,250.0,,,ARS/kg,,ARS,,False,0,0b4bf2ca3235f9e8b1402d7e49d731fa9dccd9b7a91752a1ebd9df682ac1d535,2026-10-06T121811_346124Z-7f153ff4,b06369128521e4415047421a58a8f406809f431ab6b19c4c63d194a24026e92c,,,https://ssma.magyp.gob.ar/frutas.precios.aspx
monthly_not_comparable,2024-10-02,,,2024-10,MCBA,Hortalizas,,KALE,,CRESPO,,BS. AS.,,ATADO,,Primera,SIN TAM,VERDE,,250.0,,,ARS/kg,,ARS,,False,0,cce2bd72c855f6bb25dc06523bda2c2378dbd1d28c12ea05d016164e804c5443,2026-10-06T121811_346124Z-7f153ff4,b06369128521e4415047421a58a8f406809f431ab6b19c4c63d194a24026e92c,,,https://ssma.magyp.gob.ar/frutas.precios.aspx
monthly_not_comparable,2024-10-02,,,2024-10,MCBA,Hortalizas,,JENGIBRE,,,,BRASIL,,BOLSA,,Primera,MEDIANO,,,3000.0,,,ARS/kg,,ARS,,False,0,d952e5d797b4b49648d446781d69d1de9d8e0073175468002ca599be10fe901d,2026-10-06T121811_346124Z-7f153ff4,b06369128521e4415047421a58a8f406809f431ab6b19c4c63d194a24026e92c,,,https://ssma.magyp.gob.ar/frutas.precios.aspx
monthly_not_comparable,2024-10-02,,,2024-10,MCBA,Hortalizas,,JENGIBRE,,Prom.Esp.,,,,,,,,,,3000.0,,,ARS/kg,,ARS,,False,0,896d1db62e826111483e73b200456afc31ed1c7a4cfb4ad85bd43dabe63b7302,2026-10-06T121811_346124Z-7f153ff4,b06369128521e4415047421a58a8f406809f431ab6b19c4c63d194a24026e92c,,,https://ssma.magyp.gob.ar/frutas.precios.aspx
monthly_not_comparable,2024-10-02,,,2024-10,MCBA,Hortalizas,,HONGOS,,Prom.Esp.,,,,,,,,,,10125.0,,,ARS/kg,,ARS,,False,0,86b51390eeb04042c477b392e6c785dec1ea6ebcec8c8522c9e2576e2df9c936,2026-10-06T121811_346124Z-7f153ff4,b06369128521e4415047421a58a8f406809f431ab6b19c4c63d194a24026e92c,,,https://ssma.magyp.gob.ar/frutas.precios.aspx
monthly_not_comparable,2024-10-02,,,2024-10,MCBA,Hortalizas,,HONGOS,,PORTOBELO,,BS. AS.,,BOLSA,,Primera,,,,12000.0,,,ARS/kg,,ARS,,False,0,40b6587369c6e7240749d55a8ce560d823b17a6b4a730ab2f3fb3687149bb592,2026-10-06T121811_346124Z-7f153ff4,b06369128521e4415047421a58a8f406809f431ab6b19c4c63d194a24026e92c,,,https://ssma.magyp.gob.ar/frutas.precios.aspx
monthly_not_comparable,2024-10-02,,,2024-10,MCBA,Hortalizas,,HONGOS,,OYSTER,,BS. AS.,,BANDEJA,,Primera,,,,10000.0,,,ARS/kg,,ARS,,False,0,79d52724e05552e293603e8577d3f8113a98bbb04b44b6e7d84424fdda512038,2026-10-06T121811_346124Z-7f153ff4,b06369128521e4415047421a58a8f406809f431ab6b19c4c63d194a24026e92c,,,https://ssma.magyp.gob.ar/frutas.precios.aspx
monthly_not_comparable,2024-10-02,,,2024-10,MCBA,Hortalizas,,HONGOS,,AGARICUS,,BS. AS.,,BOLSA,,Segunda,SIN TAM,,,8500.0,,,ARS/kg,,ARS,,False,0,1d93d89021301013175ef710a9c92bd457ee995b9804c5b48b087fb351416287,2026-10-06T121811_346124Z-7f153ff4,b06369128521e4415047421a58a8f406809f431ab6b19c4c63d194a24026e92c,,,https://ssma.magyp.gob.ar/frutas.precios.aspx
monthly_not_comparable,2024-10-02,,,2024-10,MCBA,Hortalizas,,HONGOS,,AGARICUS,,BS. AS.,,BOLSA,,Primera,,,,10000.0,,,ARS/kg,,ARS,,False,0,bab1b12ab8ec8b6f8c3aa269a0d639250d1573142cee4eda2d73106d28d2a9c7,2026-10-06T121811_346124Z-7f153ff4,b06369128521e4415047421a58a8f406809f431ab6b19c4c63d194a24026e92c,,,https://ssma.magyp.gob.ar/frutas.precios.aspx
monthly_not_comparable,2024-10-02,,,2024-10,MCBA,Hortalizas,,HINOJO,,,,BS. AS.,,JAULA,,Segunda,MEDIANO,,,733.33,,,ARS/kg,,ARS,,False,0,08d990db82a07fb7ac04a15c2180767a94c7711d3295ad5ac1ee824769c233fe,2026-10-06T121811_346124Z-7f153ff4,b06369128521e4415047421a58a8f406809f431ab6b19c4c63d194a24026e92c,,,https://ssma.magyp.gob.ar/frutas.precios.aspx
monthly_not_comparable,2024-10-02,,,2024-10,MCBA,Hortalizas,,HINOJO,,,,BS. AS.,,JAULA,,Primera,MEDIANO,,,1133.33,,,ARS/kg,,ARS,,False,0,315805910d287822b69f0896641e4e4cb98a9f0f00b50e9f785d75bedbb4672e,2026-10-06T121811_346124Z-7f153ff4,b06369128521e4415047421a58a8f406809f431ab6b19c4c63d194a24026e92c,,,https://ssma.magyp.gob.ar/frutas.precios.aspx
monthly_not_comparable,2024-10-02,,,2024-10,MCBA,Hortalizas,,HINOJO,,Prom.Esp.,,,,,,,,,,933.33,,,ARS/kg,,ARS,,False,0,491543279fda02df72f41aa0cc520c0bf9a82e943779cbde695e925193a11540,2026-10-06T121811_346124Z-7f153ff4,b06369128521e4415047421a58a8f406809f431ab6b19c4c63d194a24026e92c,,,https://ssma.magyp.gob.ar/frutas.precios.aspx
monthly_not_comparable,2024-10-02,,,2024-10,MCBA,Hortalizas,,ESPINACA,,,,BS. AS.,,JAULA,,Primera,,INVERNAC,,900.0,,,ARS/kg,,ARS,,False,0,372404a743f397c10fb165e3bf2d68eb66b4a58a506423064346d56d81687449,2026-10-06T121811_346124Z-7f153ff4,b06369128521e4415047421a58a8f406809f431ab6b19c4c63d194a24026e92c,,,https://ssma.magyp.gob.ar/frutas.precios.aspx
monthly_not_comparable,2024-10-02,,,2024-10,MCBA,Hortalizas,,ESPINACA,,,,BS. AS.,,JAULA,,Primera,,,,500.0,,,ARS/kg,,ARS,,False,0,2b0d36517043474c739fc47749d7dd7b59534755cb285a7e6d4dfd338cb2aa6a,2026-10-06T121811_346124Z-7f153ff4,b06369128521e4415047421a58a8f406809f431ab6b19c4c63d194a24026e92c,,,https://ssma.magyp.gob.ar/frutas.precios.aspx
monthly_not_comparable,2024-10-02,,,2024-10,MCBA,Hortalizas,,ESPINACA,,Prom.Esp.,,,,,,,,,,700.0,,,ARS/kg,,ARS,,False,0,2071ae80c43d1cae8e3ffa45ff3a191354bd3394056661639c62d7595ad7adaf,2026-10-06T121811_346124Z-7f153ff4,b06369128521e4415047421a58a8f406809f431ab6b19c4c63d194a24026e92c,,,https://ssma.magyp.gob.ar/frutas.precios.aspx
monthly_not_comparable,2024-10-02,,,2024-10,MCBA,Hortalizas,,ESCAROLA,,Prom.Esp.,,,,,,,,,,770.0,,,ARS/kg,,ARS,,False,0,e2b0a9f2e03962f518f9b058c604589d341c0aa899c2cfff4df37c7b5475af52,2026-10-06T121811_346124Z-7f153ff4,b06369128521e4415047421a58a8f406809f431ab6b19c4c63d194a24026e92c,,,https://ssma.magyp.gob.ar/frutas.precios.aspx
monthly_not_comparable,2024-10-02,,,2024-10,MCBA,Hortalizas,,ESCAROLA,,HOJA FINA,,BS. AS.,,TORITO,,Primera,,,,840.0,,,ARS/kg,,ARS,,False,0,882b0c3ca79ae160b0b3024361a91b7e11d8e113150b0bbcb6cb3a668b6cfe0d,2026-10-06T121811_346124Z-7f153ff4,b06369128521e4415047421a58a8f406809f431ab6b19c4c63d194a24026e92c,,,https://ssma.magyp.gob.ar/frutas.precios.aspx
monthly_not_comparable,2024-10-02,,,2024-10,MCBA,Hortalizas,,ESCAROLA,,HOJA ANCHA,,BS. AS.,,TORITO,,Primera,,,,700.0,,,ARS/kg,,ARS,,False,0,b539f508be99f1f81d36a70affc442aa063939297b6dc0d77a7ac40d6624a531,2026-10-06T121811_346124Z-7f153ff4,b06369128521e4415047421a58a8f406809f431ab6b19c4c63d194a24026e92c,,,https://ssma.magyp.gob.ar/frutas.precios.aspx
monthly_not_comparable,2024-10-02,,,2024-10,MCBA,Hortalizas,,ENDIBIA,,,,BS. AS.,,BANDEJA,,Primera,MEDIANO,,,6500.0,,,ARS/kg,,ARS,,False,0,3423917d8a73b57ccc4408087c419c2150886b008a5326a0ed6a4740c800374e,2026-10-06T121811_346124Z-7f153ff4,b06369128521e4415047421a58a8f406809f431ab6b19c4c63d194a24026e92c,,,https://ssma.magyp.gob.ar/frutas.precios.aspx
monthly_not_comparable,2024-10-02,,,2024-10,MCBA,Hortalizas,,ENDIBIA,,Prom.Esp.,,,,,,,,,,6500.0,,,ARS/kg,,ARS,,False,0,ade424882c0bc18aa64c7a9a901d9c872202aab324e8d32af5bdb7545e921b2a,2026-10-06T121811_346124Z-7f153ff4,b06369128521e4415047421a58a8f406809f431ab6b19c4c63d194a24026e92c,,,https://ssma.magyp.gob.ar/frutas.precios.aspx
monthly_not_comparable,2024-10-02,,,2024-10,MCBA,Hortalizas,,ESPARRAGO,,VERDE,,SAN JUAN,,ATADO,,Primera,MEDIANO,,,1000.0,,,ARS/kg,,ARS,,False,0,6b9afbc02aa922b236310465a8fcf243f268895f97ce50ceb63d4a648e0cc6ca,2026-10-06T121811_346124Z-7f153ff4,b06369128521e4415047421a58a8f406809f431ab6b19c4c63d194a24026e92c,,,https://ssma.magyp.gob.ar/frutas.precios.aspx
monthly_not_comparable,2024-10-02,,,2024-10,MCBA,Hortalizas,,ESPARRAGO,,VERDE,,SAN JUAN,,ATADO,,Primera,GRANDE,,,1400.0,,,ARS/kg,,ARS,,False,0,85fff8b627436e326a3f0faf30290086145cad07118febb0fbcc4d749397b428,2026-10-06T121811_346124Z-7f153ff4,b06369128521e4415047421a58a8f406809f431ab6b19c4c63d194a24026e92c,,,https://ssma.magyp.gob.ar/frutas.precios.aspx
monthly_not_comparable,2024-10-02,,,2024-10,MCBA,Hortalizas,,ESPARRAGO,,VERDE,,SAN JUAN,,ATADO,,Primera,CHICO,,,850.0,,,ARS/kg,,ARS,,False,0,e31905727fca93c3e401f7375e7ae15b38a798c6b87385f00fdf3620f9f2ec74,2026-10-06T121811_346124Z-7f153ff4,b06369128521e4415047421a58a8f406809f431ab6b19c4c63d194a24026e92c,,,https://ssma.magyp.gob.ar/frutas.precios.aspx
monthly_not_comparable,2024-10-02,,,2024-10,MCBA,Hortalizas,,ESPARRAGO,,VERDE,,CORDOBA,,ATADO,,Primera,MEDIANO,,,1300.0,,,ARS/kg,,ARS,,False,0,099032323337128a507f57d9c97587b7999dfd5148ae44bf1cff981ee4d5b369,2026-10-06T121811_346124Z-7f153ff4,b06369128521e4415047421a58a8f406809f431ab6b19c4c63d194a24026e92c,,,https://ssma.magyp.gob.ar/frutas.precios.aspx
monthly_not_comparable,2024-10-02,,,2024-10,MCBA,Hortalizas,,ESPARRAGO,,Prom.Esp.,,,,,,,,,,1137.5,,,ARS/kg,,ARS,,False,0,ff7ff0da187406d8faaf740c0e241b9f0b88ba3d76ca0ba1280ddacd55b207cb,2026-10-06T121811_346124Z-7f153ff4,b06369128521e4415047421a58a8f406809f431ab6b19c4c63d194a24026e92c,,,https://ssma.magyp.gob.ar/frutas.precios.aspx
monthly_not_comparable,2024-10-02,,,2024-10,MCBA,Hortalizas,,CURCUMA,,SIN VARIED,,BRASIL,,CAJA,,Primera,MEDIANO,,,5200.0,,,ARS/kg,,ARS,,False,0,025f07730bec1b0db8dd1c06a947961834d5c7b1f1f36ffa72d2a5ac949526ad,2026-10-06T121811_346124Z-7f153ff4,b06369128521e4415047421a58a8f406809f431ab6b19c4c63d194a24026e92c,,,https://ssma.magyp.gob.ar/frutas.precios.aspx
monthly_not_comparable,2024-10-02,,,2024-10,MCBA,Hortalizas,,CURCUMA,,Prom.Esp.,,,,,,,,,,5200.0,,,ARS/kg,,ARS,,False,0,044d7111c0738b6c9940a8bbe8be6b0e180116ec67adfb0eeec4c0054e426cdb,2026-10-06T121811_346124Z-7f153ff4,b06369128521e4415047421a58a8f406809f431ab6b19c4c63d194a24026e92c,,,https://ssma.magyp.gob.ar/frutas.precios.aspx
monthly_not_comparable,2024-10-02,,,2024-10,MCBA,Hortalizas,,COLIFLOR,,,,BS. AS.,,JAULA,,Primera,MEDIANO,,,433.33,,,ARS/kg,,ARS,,False,0,4faa4aaabe8d3b0801b34b45887dd0b07fb7a1e27059e0c4891fced2260efe04,2026-10-06T121811_346124Z-7f153ff4,b06369128521e4415047421a58a8f406809f431ab6b19c4c63d194a24026e92c,,,https://ssma.magyp.gob.ar/frutas.precios.aspx
monthly_not_comparable,2024-10-02,,,2024-10,MCBA,Hortalizas,,COLIFLOR,,Prom.Esp.,,,,,,,,,,433.33,,,ARS/kg,,ARS,,False,0,966741c395ccb88d6780dadf8cf3b2594e928f3a45def9e81bf420bf04ab4b81,2026-10-06T121811_346124Z-7f153ff4,b06369128521e4415047421a58a8f406809f431ab6b19c4c63d194a24026e92c,,,https://ssma.magyp.gob.ar/frutas.precios.aspx
monthly_not_comparable,2024-10-02,,,2024-10,MCBA,Hortalizas,,CIBOULLE,,,,BS. AS.,,ATADO,,Primera,MEDIANO,,,6800.0,,,ARS/kg,,ARS,,False,0,a19140a53b84bdd2a763103d3c9dd5e288b24ebb879123640cb9f7b851a9323e,2026-10-06T121811_346124Z-7f153ff4,b06369128521e4415047421a58a8f406809f431ab6b19c4c63d194a24026e92c,,,https://ssma.magyp.gob.ar/frutas.precios.aspx
monthly_not_comparable,2024-10-02,,,2024-10,MCBA,Hortalizas,,CIBOULLE,,Prom.Esp.,,,,,,,,,,6800.0,,,ARS/kg,,ARS,,False,0,52bb8d59421304ae90cbb31e5303ac73de2b13ad51c716e08e023cde491510fd,2026-10-06T121811_346124Z-7f153ff4,b06369128521e4415047421a58a8f406809f431ab6b19c4c63d194a24026e92c,,,https://ssma.magyp.gob.ar/frutas.precios.aspx
monthly_not_comparable,2024-10-02,,,2024-10,MCBA,Hortalizas,,CHOCLO,,Prom.Esp.,,,,,,,,,,750.0,,,ARS/kg,,ARS,,False,0,8491a0aa311ea12f3992452cc6a201ac4cadf8293eda934a33e3f24f8c69b215,2026-10-06T121811_346124Z-7f153ff4,b06369128521e4415047421a58a8f406809f431ab6b19c4c63d194a24026e92c,,,https://ssma.magyp.gob.ar/frutas.precios.aspx
monthly_not_comparable,2024-10-02,,,2024-10,MCBA,Hortalizas,,CHOCLO,,AMARILLO,,SALTA,,PERDIDO,,Primera,MEDIANO,PRE-ENFR,,866.67,,,ARS/kg,,ARS,,False,0,fe062af16074537a6c0276b7da87e62546efee7e8db02c65436c49598febe9f9,2026-10-06T121811_346124Z-7f153ff4,b06369128521e4415047421a58a8f406809f431ab6b19c4c63d194a24026e92c,,,https://ssma.magyp.gob.ar/frutas.precios.aspx
monthly_not_comparable,2024-10-02,,,2024-10,MCBA,Hortalizas,,CHOCLO,,AMARILLO,,SALTA,,BOLSA,,Segunda,MEDIANO,,,633.33,,,ARS/kg,,ARS,,False,0,8f18da7e6e1e1559a6367c7ef2bed8e50f248ae8914bcf858311a897cbee64da,2026-10-06T121811_346124Z-7f153ff4,b06369128521e4415047421a58a8f406809f431ab6b19c4c63d194a24026e92c,,,https://ssma.magyp.gob.ar/frutas.precios.aspx
monthly_not_comparable,2024-10-02,,,2024-10,MCBA,Hortalizas,,CHAUCHA,,ROLLIZA,,SALTA,,TORO,,Segunda,MEDIANO,,,750.0,,,ARS/kg,,ARS,,False,0,ea8c82e217eca11fe1a7d855588f5f8e99cee9df57e112ea01a7e518bd8c0aad,2026-10-06T121811_346124Z-7f153ff4,b06369128521e4415047421a58a8f406809f431ab6b19c4c63d194a24026e92c,,,https://ssma.magyp.gob.ar/frutas.precios.aspx
monthly_not_comparable,2024-10-02,,,2024-10,MCBA,Hortalizas,,CHAUCHA,,ROLLIZA,,SALTA,,TORO,,Primera,MEDIANO,,,1916.67,,,ARS/kg,,ARS,,False,0,656635d3a4bb188bd8f0145824714492294662a2dcfa85cc16e5c4a4852f2354,2026-10-06T121811_346124Z-7f153ff4,b06369128521e4415047421a58a8f406809f431ab6b19c4c63d194a24026e92c,,,https://ssma.magyp.gob.ar/frutas.precios.aspx
monthly_not_comparable,2024-10-02,,,2024-10,MCBA,Hortalizas,,CHAUCHA,,ROLLIZA,,BS. AS.,,TORITO,,Primera,MEDIANO,,,2875.0,,,ARS/kg,,ARS,,False,0,40b84616717b3a76150c1a138caaee47408a865d929911a39f30f3da5adae8ed,2026-10-06T121811_346124Z-7f153ff4,b06369128521e4415047421a58a8f406809f431ab6b19c4c63d194a24026e92c,,,https://ssma.magyp.gob.ar/frutas.precios.aspx
monthly_not_comparable,2024-10-02,,,2024-10,MCBA,Hortalizas,,CHAUCHA,,Prom.Esp.,,,,,,,,,,1847.22,,,ARS/kg,,ARS,,False,0,7fe296890d8fcd0fe503046523b13e4949e845f4d38050a804dd179bf01ea35b,2026-10-06T121811_346124Z-7f153ff4,b06369128521e4415047421a58a8f406809f431ab6b19c4c63d194a24026e92c,,,https://ssma.magyp.gob.ar/frutas.precios.aspx
monthly_not_comparable,2024-10-02,,,2024-10,MCBA,Hortalizas,,CEB.VERDEO,,Prom.Esp.,,,,,,,,,,1600.0,,,ARS/kg,,ARS,,False,0,5167a19998f06da5a167e0c06282aeec86af6c73e4bb2c6da434c2b78ed5b3ac,2026-10-06T121811_346124Z-7f153ff4,b06369128521e4415047421a58a8f406809f431ab6b19c4c63d194a24026e92c,,,https://ssma.magyp.gob.ar/frutas.precios.aspx
monthly_not_comparable,2024-10-02,,,2024-10,MCBA,Hortalizas,,CEB.VERDEO,,COLORADA,,BS. AS.,,JAULA,,Primera,MEDIANO,,,1200.0,,,ARS/kg,,ARS,,False,0,19ca0b998fd8fea2b0bed70986e89f043d4f50f6656d20cde8067e5a5f540a7c,2026-10-06T121811_346124Z-7f153ff4,b06369128521e4415047421a58a8f406809f431ab6b19c4c63d194a24026e92c,,,https://ssma.magyp.gob.ar/frutas.precios.aspx
monthly_not_comparable,2024-10-02,,,2024-10,MCBA,Hortalizas,,CEB.VERDEO,,COLORADA,,BS. AS.,,ATADO,,Primera,MEDIANO,,,2000.0,,,ARS/kg,,ARS,,False,0,90cc728f1483e33b89294704a8c44ec3984b30a5f00c90254b4c8b8f9ca617fc,2026-10-06T121811_346124Z-7f153ff4,b06369128521e4415047421a58a8f406809f431ab6b19c4c63d194a24026e92c,,,https://ssma.magyp.gob.ar/frutas.precios.aspx
monthly_not_comparable,2024-10-02,,,2024-10,MCBA,Hortalizas,,CEBOLLA,,VALENCIANI,,SGO.EST.,,BOLSA,,Segunda,MEDIANO,,,450.0,,,ARS/kg,,ARS,,False,0,bd2a0fdf0d0936b5597f141d2ea3d94053466f5bfeb0719ccfb4a5f1c2dbf30c,2026-10-06T121811_346124Z-7f153ff4,b06369128521e4415047421a58a8f406809f431ab6b19c4c63d194a24026e92c,,,https://ssma.magyp.gob.ar/frutas.precios.aspx
monthly_not_comparable,2024-10-02,,,2024-10,MCBA,Hortalizas,,CEBOLLA,,VALENCIANI,,SGO.EST.,,BOLSA,,Primera,MEDIANO,,,500.0,,,ARS/kg,,ARS,,False,0,2d7a4455d4f48da1cdb22efcc5534494db164030df5d4e8ea5d865bcdff891f6,2026-10-06T121811_346124Z-7f153ff4,b06369128521e4415047421a58a8f406809f431ab6b19c4c63d194a24026e92c,,,https://ssma.magyp.gob.ar/frutas.precios.aspx
monthly_not_comparable,2024-10-02,,,2024-10,MCBA,Hortalizas,,CEBOLLA,,VALENCIANI,,SALTA,,BOLSA,,Segunda,MEDIANO,,,465.0,,,ARS/kg,,ARS,,False,0,3522ac6305cb7e9be94c07b2995a3290a11f57158c30f8917b817e19e50ba000,2026-10-06T121811_346124Z-7f153ff4,b06369128521e4415047421a58a8f406809f431ab6b19c4c63d194a24026e92c,,,https://ssma.magyp.gob.ar/frutas.precios.aspx
monthly_not_comparable,2024-10-02,,,2024-10,MCBA,Hortalizas,,CEBOLLA,,VALENCIANI,,SAN JUAN,,BOLSA,,Primera,MEDIANO,,,625.0,,,ARS/kg,,ARS,,False,0,9d7646f421189bc2669bd1fc6236fa42ba7308e73411de648884c315396bbd6a,2026-10-06T121811_346124Z-7f153ff4,b06369128521e4415047421a58a8f406809f431ab6b19c4c63d194a24026e92c,,,https://ssma.magyp.gob.ar/frutas.precios.aspx
monthly_not_comparable,2024-10-02,,,2024-10,MCBA,Hortalizas,,CEBOLLA,,Prom.Esp.,,,,,,,,,,598.33,,,ARS/kg,,ARS,,False,0,fc8c902df50f21aea5432160612ad3c52c50dc4941266c5c7f7b2aaba66be7df,2026-10-06T121811_346124Z-7f153ff4,b06369128521e4415047421a58a8f406809f431ab6b19c4c63d194a24026e92c,,,https://ssma.magyp.gob.ar/frutas.precios.aspx
monthly_not_comparable,2024-10-02,,,2024-10,MCBA,Hortalizas,,CEBOLLA,,OPTIMA,,BRASIL,,BOLSA,,Primera,MEDIANO,,,700.0,,,ARS/kg,,ARS,,False,0,c63899ed891f2afd411009d071039169492745b8da7e075e3cdfa16080b76e5a,2026-10-06T121811_346124Z-7f153ff4,b06369128521e4415047421a58a8f406809f431ab6b19c4c63d194a24026e92c,,,https://ssma.magyp.gob.ar/frutas.precios.aspx
monthly_not_comparable,2024-10-02,,,2024-10,MCBA,Hortalizas,,CEBOLLA,,COLORADA,,BRASIL,,BOLSA,,Primera,MEDIANO,,,850.0,,,ARS/kg,,ARS,,False,0,87efd642ee5288bee46f30b907945a51b780548c0466168454a4a00a4f26ed94,2026-10-06T121811_346124Z-7f153ff4,b06369128521e4415047421a58a8f406809f431ab6b19c4c63d194a24026e92c,,,https://ssma.magyp.gob.ar/frutas.precios.aspx
monthly_not_comparable,2024-10-02,,,2024-10,MCBA,Hortalizas,,CARDO,,,,BS. AS.,,ATADO,,Primera,CHICO,,,460.0,,,ARS/kg,,ARS,,False,0,5f9ca879481cc128f36fd4db5eb7ec00e52218647d3b851ce3a1a198b38ebb48,2026-10-06T121811_346124Z-7f153ff4,b06369128521e4415047421a58a8f406809f431ab6b19c4c63d194a24026e92c,,,https://ssma.magyp.gob.ar/frutas.precios.aspx
monthly_not_comparable,2024-10-02,,,2024-10,MCBA,Hortalizas,,CARDO,,Prom.Esp.,,,,,,,,,,460.0,,,ARS/kg,,ARS,,False,0,dfae0340dbd0cb4a6a4b0653df1eee4e0ba87a9c54ee78f07a2fe63a42b6c687,2026-10-06T121811_346124Z-7f153ff4,b06369128521e4415047421a58a8f406809f431ab6b19c4c63d194a24026e92c,,,https://ssma.magyp.gob.ar/frutas.precios.aspx
monthly_not_comparable,2024-10-02,,,2024-10,MCBA,Hortalizas,,BROCOLI,,,,BS. AS.,,JAULA,,Primera,MEDIANO,INVERNAC,,1062.5,,,ARS/kg,,ARS,,False,0,95319b0cdf56dc19924748c069f4816f66cc4f34420b181a7e4f54ad0f2a177d,2026-10-06T121811_346124Z-7f153ff4,b06369128521e4415047421a58a8f406809f431ab6b19c4c63d194a24026e92c,,,https://ssma.magyp.gob.ar/frutas.precios.aspx
monthly_not_comparable,2024-10-02,,,2024-10,MCBA,Hortalizas,,BROCOLI,,,,BS. AS.,,JAULA,,Primera,MEDIANO,,,687.5,,,ARS/kg,,ARS,,False,0,8342b0a5c2315acc484737bcdc5c888af09c875e35c8a9ef86b2e7e29a252c2c,2026-10-06T121811_346124Z-7f153ff4,b06369128521e4415047421a58a8f406809f431ab6b19c4c63d194a24026e92c,,,https://ssma.magyp.gob.ar/frutas.precios.aspx
monthly_not_comparable,2024-10-02,,,2024-10,MCBA,Hortalizas,,BROCOLI,,Prom.Esp.,,,,,,,,,,875.0,,,ARS/kg,,ARS,,False,0,85d7551ed488577478b32087025f318dee5e9c898f8ef07a3f2d756e316b3714,2026-10-06T121811_346124Z-7f153ff4,b06369128521e4415047421a58a8f406809f431ab6b19c4c63d194a24026e92c,,,https://ssma.magyp.gob.ar/frutas.precios.aspx
monthly_not_comparable,2024-10-02,,,2024-10,MCBA,Hortalizas,,BERENJENA,,VTA.MED.LA,,SALTA,,TORO,,Primera,MEDIANO,,,625.0,,,ARS/kg,,ARS,,False,0,5738c075c1daf7b9da940c54732bf1a6395439837b5be0dd53b3d231fa2eaa53,2026-10-06T121811_346124Z-7f153ff4,b06369128521e4415047421a58a8f406809f431ab6b19c4c63d194a24026e92c,,,https://ssma.magyp.gob.ar/frutas.precios.aspx
monthly_not_comparable,2024-10-02,,,2024-10,MCBA,Hortalizas,,BERENJENA,,VTA.MED.LA,,SALTA,,PERDIDO,,Primera,MEDIANO,INVERNAC,,916.67,,,ARS/kg,,ARS,,False,0,dc0cbb73e379af139fb809f24a4218d344962a4a3c9f2060078ece12dbe8c024,2026-10-06T121811_346124Z-7f153ff4,b06369128521e4415047421a58a8f406809f431ab6b19c4c63d194a24026e92c,,,https://ssma.magyp.gob.ar/frutas.precios.aspx
monthly_not_comparable,2024-10-02,,,2024-10,MCBA,Hortalizas,,BERENJENA,,Prom.Esp.,,,,,,,,,,770.84,,,ARS/kg,,ARS,,False,0,e63ed0baa345061eb72e39b4417a1d8b59fd7b294744e28fb5cd98176961503d,2026-10-06T121811_346124Z-7f153ff4,b06369128521e4415047421a58a8f406809f431ab6b19c4c63d194a24026e92c,,,https://ssma.magyp.gob.ar/frutas.precios.aspx
monthly_not_comparable,2024-10-02,,,2024-10,MCBA,Hortalizas,,BERRO,,,,BS. AS.,,TORITO,,Primera,,,,1250.0,,,ARS/kg,,ARS,,False,0,bddee5ced6093324dd17a9ffc58c1113678f7b414d58d10012e43cc1cad1055c,2026-10-06T121811_346124Z-7f153ff4,b06369128521e4415047421a58a8f406809f431ab6b19c4c63d194a24026e92c,,,https://ssma.magyp.gob.ar/frutas.precios.aspx
monthly_not_comparable,2024-10-02,,,2024-10,MCBA,Hortalizas,,BERRO,,Prom.Esp.,,,,,,,,,,1250.0,,,ARS/kg,,ARS,,False,0,0214f73ec0bcc5b51d222a59aa49d9b605cadef7ca63e4b9284a9fc52cdbf5e2,2026-10-06T121811_346124Z-7f153ff4,b06369128521e4415047421a58a8f406809f431ab6b19c4c63d194a24026e92c,,,https://ssma.magyp.gob.ar/frutas.precios.aspx
monthly_not_comparable,2024-10-02,,,2024-10,MCBA,Hortalizas,,BATATA,,Prom.Esp.,,,,,,,,,,860.26,,,ARS/kg,,ARS,,False,0,672ac5571f414da1e9151cf8622252a697b3689fb81a28353aa9e6a309f39f2e,2026-10-06T121811_346124Z-7f153ff4,b06369128521e4415047421a58a8f406809f431ab6b19c4c63d194a24026e92c,,,https://ssma.magyp.gob.ar/frutas.precios.aspx
monthly_not_comparable,2024-10-02,,,2024-10,MCBA,Hortalizas,,BATATA,,ARAPEY,,FORMOSA,,BOLSA,,Primera,MEDIANO,,,846.15,,,ARS/kg,,ARS,,False,0,e661697d96e2aeb84accbf8bb2e119236d26cd2286c55a46c2272399900f2f54,2026-10-06T121811_346124Z-7f153ff4,b06369128521e4415047421a58a8f406809f431ab6b19c4c63d194a24026e92c,,,https://ssma.magyp.gob.ar/frutas.precios.aspx
monthly_not_comparable,2024-10-02,,,2024-10,MCBA,Hortalizas,,BATATA,,ARAPEY,,CORDOBA,,BOLSA,,Primera,MEDIANO,,,884.62,,,ARS/kg,,ARS,,False,0,80fae4fee912a58aadd60bc78cd18bfd419ca9807b15f31f003c67d328ed7001,2026-10-06T121811_346124Z-7f153ff4,b06369128521e4415047421a58a8f406809f431ab6b19c4c63d194a24026e92c,,,https://ssma.magyp.gob.ar/frutas.precios.aspx
monthly_not_comparable,2024-10-02,,,2024-10,MCBA,Hortalizas,,BATATA,,ARAPEY,,BRASIL,,BOLSA,,Primera,MEDIANO,,,850.0,,,ARS/kg,,ARS,,False,0,bbd1ce5926e64029067c6db74c96de8a5d6d2aba8bc880a2afc6923dc3d5ed21,2026-10-06T121811_346124Z-7f153ff4,b06369128521e4415047421a58a8f406809f431ab6b19c4c63d194a24026e92c,,,https://ssma.magyp.gob.ar/frutas.precios.aspx
monthly_not_comparable,2024-10-02,,,2024-10,MCBA,Hortalizas,,ARVEJA,,,,SAN JUAN,,BOLSA,,Primera,MEDIANO,,,1750.0,,,ARS/kg,,ARS,,False,0,55eb3c6090ea9a1cb3a807f174c10f779a39cb0f9f428695c069a7880d126312,2026-10-06T121811_346124Z-7f153ff4,b06369128521e4415047421a58a8f406809f431ab6b19c4c63d194a24026e92c,,,https://ssma.magyp.gob.ar/frutas.precios.aspx
monthly_not_comparable,2024-10-02,,,2024-10,MCBA,Hortalizas,,ARVEJA,,,,JUJUY,,BOLSA,,Primera,MEDIANO,,,2250.0,,,ARS/kg,,ARS,,False,0,bafb96c729ec1e8c5e08e6e6383230dc54d501677b9ccbd012db65f8d7cf1eb7,2026-10-06T121811_346124Z-7f153ff4,b06369128521e4415047421a58a8f406809f431ab6b19c4c63d194a24026e92c,,,https://ssma.magyp.gob.ar/frutas.precios.aspx
monthly_not_comparable,2024-10-02,,,2024-10,MCBA,Hortalizas,,ARVEJA,,Prom.Esp.,,,,,,,,,,2000.0,,,ARS/kg,,ARS,,False,0,ad6dd7f0413bcc612891ea9433750ce884a16165779c7e5c18acab5dbe06039b,2026-10-06T121811_346124Z-7f153ff4,b06369128521e4415047421a58a8f406809f431ab6b19c4c63d194a24026e92c,,,https://ssma.magyp.gob.ar/frutas.precios.aspx
monthly_not_comparable,2024-10-02,,,2024-10,MCBA,Hortalizas,,APIO,,,,BS. AS.,,TORO,,Primera,MEDIANO,INVERNAC,,666.67,,,ARS/kg,,ARS,,False,0,c731eb64a1f5cb5a9d07e004fa40775e6aab2c9e7f1f4e9b8c8bb5cdb656dacb,2026-10-06T121811_346124Z-7f153ff4,b06369128521e4415047421a58a8f406809f431ab6b19c4c63d194a24026e92c,,,https://ssma.magyp.gob.ar/frutas.precios.aspx
monthly_not_comparable,2024-10-02,,,2024-10,MCBA,Hortalizas,,APIO,,,,BS. AS.,,TORO,,Primera,GRANDE,INVERNAC,,1000.0,,,ARS/kg,,ARS,,False,0,b6d3f0fc50da72a216fd90cfe005d46c9e2750e5d47c01d93f1134325c4ea4e6,2026-10-06T121811_346124Z-7f153ff4,b06369128521e4415047421a58a8f406809f431ab6b19c4c63d194a24026e92c,,,https://ssma.magyp.gob.ar/frutas.precios.aspx
monthly_not_comparable,2024-10-02,,,2024-10,MCBA,Hortalizas,,APIO,,Prom.Esp.,,,,,,,,,,833.34,,,ARS/kg,,ARS,,False,0,c7278ea2295342414e87586b48414c3ef220232ac9e29234aa1716e203412b99,2026-10-06T121811_346124Z-7f153ff4,b06369128521e4415047421a58a8f406809f431ab6b19c4c63d194a24026e92c,,,https://ssma.magyp.gob.ar/frutas.precios.aspx
monthly_not_comparable,2024-10-02,,,2024-10,MCBA,Hortalizas,,ALCAUCIL,,VIOLETA,,BS. AS.,,TORO,,Primera,MEDIANO,,,1583.33,,,ARS/kg,,ARS,,False,0,b67e60caee524e489b31f01494718695386447c5b97606da97c0425dc79be297,2026-10-06T121811_346124Z-7f153ff4,b06369128521e4415047421a58a8f406809f431ab6b19c4c63d194a24026e92c,,,https://ssma.magyp.gob.ar/frutas.precios.aspx
monthly_not_comparable,2024-10-02,,,2024-10,MCBA,Hortalizas,,ALCAUCIL,,Prom.Esp.,,,,,,,,,,1458.33,,,ARS/kg,,ARS,,False,0,7979f45f158da390048e04261ed2944b4070743ac5c8e4563dfce21b24e99252,2026-10-06T121811_346124Z-7f153ff4,b06369128521e4415047421a58a8f406809f431ab6b19c4c63d194a24026e92c,,,https://ssma.magyp.gob.ar/frutas.precios.aspx
monthly_not_comparable,2024-10-02,,,2024-10,MCBA,Hortalizas,,ALCAUCIL,,¥. FRANCES,,BS. AS.,,TORO,,Primera,MEDIANO,,,1333.33,,,ARS/kg,,ARS,,False,0,a3ef1f92511853d7eedac8580b73417585519c1b21a1f37913c53bf27e01d13a,2026-10-06T121811_346124Z-7f153ff4,b06369128521e4415047421a58a8f406809f431ab6b19c4c63d194a24026e92c,,,https://ssma.magyp.gob.ar/frutas.precios.aspx
monthly_not_comparable,2024-10-02,,,2024-10,MCBA,Hortalizas,,ALBAHACA,,,,CTES.,,ATADO,,Primera,,INVERNAC,,330.0,,,ARS/kg,,ARS,,False,0,943a255479ff2063129233acf7fefb1527edec803453d8ba4441119d18cd2f24,2026-10-06T121811_346124Z-7f153ff4,b06369128521e4415047421a58a8f406809f431ab6b19c4c63d194a24026e92c,,,https://ssma.magyp.gob.ar/frutas.precios.aspx
monthly_not_comparable,2024-10-02,,,2024-10,MCBA,Hortalizas,,ALBAHACA,,,,BS. AS.,,ATADO,,Primera,,INVERNAC,,380.0,,,ARS/kg,,ARS,,False,0,06b68a6d3c5b58f8875ce26b38873ac1cbfbe203ca838973e7a4b8ef2e246ecf,2026-10-06T121811_346124Z-7f153ff4,b06369128521e4415047421a58a8f406809f431ab6b19c4c63d194a24026e92c,,,https://ssma.magyp.gob.ar/frutas.precios.aspx
monthly_not_comparable,2024-10-02,,,2024-10,MCBA,Hortalizas,,ALBAHACA,,Prom.Esp.,,,,,,,,,,355.0,,,ARS/kg,,ARS,,False,0,02f005a47dc1a828160c621527d50e3f765f515ea861e8f64ef4272aa16cc595,2026-10-06T121811_346124Z-7f153ff4,b06369128521e4415047421a58a8f406809f431ab6b19c4c63d194a24026e92c,,,https://ssma.magyp.gob.ar/frutas.precios.aspx
monthly_not_comparable,2024-10-02,,,2024-10,MCBA,Hortalizas,,AJO,,Prom.Esp.,,,,,,,,,,7748.03,,,ARS/kg,,ARS,,False,0,63d008a5746c601608e8521f8fffee614555c9e034c17610c41810e15af8bfd8,2026-10-06T121811_346124Z-7f153ff4,b06369128521e4415047421a58a8f406809f431ab6b19c4c63d194a24026e92c,,,https://ssma.magyp.gob.ar/frutas.precios.aspx
monthly_not_comparable,2024-10-02,,,2024-10,MCBA,Hortalizas,,AJO,,MDO. CHINO,,SAN JUAN,,RISTRA 100,,Primera,9,,,10555.6,,,ARS/kg,,ARS,,False,0,59d132a24987294df8e54b43f6d57ba470a97ac1d610bee34e7603def7576787,2026-10-06T121811_346124Z-7f153ff4,b06369128521e4415047421a58a8f406809f431ab6b19c4c63d194a24026e92c,,,https://ssma.magyp.gob.ar/frutas.precios.aspx
monthly_not_comparable,2024-10-02,,,2024-10,MCBA,Hortalizas,,AJO,,MDO. CHINO,,SAN JUAN,,RISTRA 100,,Primera,8,,,9375.0,,,ARS/kg,,ARS,,False,0,cd2354e831ecf8aea4f7b562370c39c31dc50127edb90b87d745e58c17d02afa,2026-10-06T121811_346124Z-7f153ff4,b06369128521e4415047421a58a8f406809f431ab6b19c4c63d194a24026e92c,,,https://ssma.magyp.gob.ar/frutas.precios.aspx
monthly_not_comparable,2024-10-02,,,2024-10,MCBA,Hortalizas,,AJO,,MDO. CHINO,,SAN JUAN,,RISTRA 100,,Primera,7,,,7857.14,,,ARS/kg,,ARS,,False,0,21cf588fcd5740930e34e503ec0e058b52e5f0e7cf5490ad6008df93fba10b6f,2026-10-06T121811_346124Z-7f153ff4,b06369128521e4415047421a58a8f406809f431ab6b19c4c63d194a24026e92c,,,https://ssma.magyp.gob.ar/frutas.precios.aspx
monthly_not_comparable,2024-10-02,,,2024-10,MCBA,Hortalizas,,AJO,,MDO. CHINO,,SAN JUAN,,RISTRA 100,,Primera,6,,,6333.33,,,ARS/kg,,ARS,,False,0,40252e7a39786c6579f048a900ef0cb6e631dd0d859041a814e06e6545e1cc36,2026-10-06T121811_346124Z-7f153ff4,b06369128521e4415047421a58a8f406809f431ab6b19c4c63d194a24026e92c,,,https://ssma.magyp.gob.ar/frutas.precios.aspx
monthly_not_comparable,2024-10-02,,,2024-10,MCBA,Hortalizas,,AJO,,MDO. CHINO,,SAN JUAN,,RISTRA 100,,Primera,5,,,4400.0,,,ARS/kg,,ARS,,False,0,d673134a8728a20fea3d18907565a6c55921e6f9377c3c90e7b2e1a0534becf1,2026-10-06T121811_346124Z-7f153ff4,b06369128521e4415047421a58a8f406809f431ab6b19c4c63d194a24026e92c,,,https://ssma.magyp.gob.ar/frutas.precios.aspx
monthly_not_comparable,2024-10-02,,,2024-10,MCBA,Hortalizas,,AJO,,MDO. CHINO,,SAN JUAN,,RISTRA 100,,Primera,11,,,12272.7,,,ARS/kg,,ARS,,False,0,f77b856dea188bb66da2dce333cc827daef8e4b12409dc6852ee8881f66bcbe9,2026-10-06T121811_346124Z-7f153ff4,b06369128521e4415047421a58a8f406809f431ab6b19c4c63d194a24026e92c,,,https://ssma.magyp.gob.ar/frutas.precios.aspx
monthly_not_comparable,2024-10-02,,,2024-10,MCBA,Hortalizas,,AJO,,MDO. CHINO,,SAN JUAN,,RISTRA 100,,Primera,10,,,11500.0,,,ARS/kg,,ARS,,False,0,3fa5000cabc0ca518471292c3df510f369e2c00da053edf63b8800bd74343203,2026-10-06T121811_346124Z-7f153ff4,b06369128521e4415047421a58a8f406809f431ab6b19c4c63d194a24026e92c,,,https://ssma.magyp.gob.ar/frutas.precios.aspx
monthly_not_comparable,2024-10-02,,,2024-10,MCBA,Hortalizas,,AJO,,MDO. CHINO,,SAN JUAN,,CAJA,,Primera,MEDIANO,,,7800.0,,,ARS/kg,,ARS,,False,0,b63a544c02bf45c90b37d8556f43496481260e01c8c7f860e40d0c90be9814b4,2026-10-06T121811_346124Z-7f153ff4,b06369128521e4415047421a58a8f406809f431ab6b19c4c63d194a24026e92c,,,https://ssma.magyp.gob.ar/frutas.precios.aspx
monthly_not_comparable,2024-10-02,,,2024-10,MCBA,Hortalizas,,AJO,,MDO. CHINO,,MENDOZA,,RISTRA 100,,Primera,8,,,8125.0,,,ARS/kg,,ARS,,False,0,3ed1a5423e7b310b6797065476ba6d89cd9b6b72e0a3f9e963399640aae026d1,2026-10-06T121811_346124Z-7f153ff4,b06369128521e4415047421a58a8f406809f431ab6b19c4c63d194a24026e92c,,,https://ssma.magyp.gob.ar/frutas.precios.aspx
monthly_not_comparable,2024-10-02,,,2024-10,MCBA,Hortalizas,,AJO,,MDO. CHINO,,MENDOZA,,RISTRA 100,,Primera,7,,,6285.71,,,ARS/kg,,ARS,,False,0,3d805c5307a967d9607c3e83c582aa090e4edaded4281eb4b7fcd899355876d4,2026-10-06T121811_346124Z-7f153ff4,b06369128521e4415047421a58a8f406809f431ab6b19c4c63d194a24026e92c,,,https://ssma.magyp.gob.ar/frutas.precios.aspx
monthly_not_comparable,2024-10-02,,,2024-10,MCBA,Hortalizas,,AJO,,MDO. CHINO,,MENDOZA,,RISTRA 100,,Primera,11,,,11363.6,,,ARS/kg,,ARS,,False,0,b68c53e73463213410d41a9e8bfaf1d55cd64407e16e76d40e0ca34c28ee784e,2026-10-06T121811_346124Z-7f153ff4,b06369128521e4415047421a58a8f406809f431ab6b19c4c63d194a24026e92c,,,https://ssma.magyp.gob.ar/frutas.precios.aspx
monthly_not_comparable,2024-10-02,,,2024-10,MCBA,Hortalizas,,AJO,,MDO. CHINO,,MENDOZA,,RISTRA 100,,Primera,10,,,10500.0,,,ARS/kg,,ARS,,False,0,082273ac83f7ed371ecf8bcb38abf38ddf5416fee88f0e95f3d08a7ab20f834f,2026-10-06T121811_346124Z-7f153ff4,b06369128521e4415047421a58a8f406809f431ab6b19c4c63d194a24026e92c,,,https://ssma.magyp.gob.ar/frutas.precios.aspx
monthly_not_comparable,2024-10-02,,,2024-10,MCBA,Hortalizas,,AJO,,COLORADO,,S.BS.AS.,,RISTRA 100,,Primera,7,TRATADO,,7714.29,,,ARS/kg,,ARS,,False,0,51c524397bafecf7bb3e35193b37a68377ac6cd0516aa72aaa6606f127d515bc,2026-10-06T121811_346124Z-7f153ff4,b06369128521e4415047421a58a8f406809f431ab6b19c4c63d194a24026e92c,,,https://ssma.magyp.gob.ar/frutas.precios.aspx
monthly_not_comparable,2024-10-02,,,2024-10,MCBA,Hortalizas,,AJO,,COLORADO,,S.BS.AS.,,RISTRA 100,,Primera,6,TRATADO,,5833.33,,,ARS/kg,,ARS,,False,0,748e0d183bd4271b5d07c48d4daf5b44b745310d4f736242fab70e08d738c5b5,2026-10-06T121811_346124Z-7f153ff4,b06369128521e4415047421a58a8f406809f431ab6b19c4c63d194a24026e92c,,,https://ssma.magyp.gob.ar/frutas.precios.aspx
monthly_not_comparable,2024-10-02,,,2024-10,MCBA,Hortalizas,,AJO,,COLORADO,,S.BS.AS.,,RISTRA 100,,Primera,5,TRATADO,,4400.0,,,ARS/kg,,ARS,,False,0,3a2517f1a3f36a5712350ac7bec5a5b7917537b05078892ff1c513b945186992,2026-10-06T121811_346124Z-7f153ff4,b06369128521e4415047421a58a8f406809f431ab6b19c4c63d194a24026e92c,,,https://ssma.magyp.gob.ar/frutas.precios.aspx
monthly_not_comparable,2024-10-02,,,2024-10,MCBA,Hortalizas,,AJO,,COLORADO,,MENDOZA,,RISTRA 100,,Primera,9,,,7222.22,,,ARS/kg,,ARS,,False,0,d15d83f000a0888134b79ac5ff44d57a5344f9b9eed20411104ad5370983a756,2026-10-06T121811_346124Z-7f153ff4,b06369128521e4415047421a58a8f406809f431ab6b19c4c63d194a24026e92c,,,https://ssma.magyp.gob.ar/frutas.precios.aspx
monthly_not_comparable,2024-10-02,,,2024-10,MCBA,Hortalizas,,AJO,,COLORADO,,MENDOZA,,RISTRA 100,,Primera,8,,,6250.0,,,ARS/kg,,ARS,,False,0,62bf19336e29c2c440c5c88357c52ab60cda8a50348690c058361b6b562028bc,2026-10-06T121811_346124Z-7f153ff4,b06369128521e4415047421a58a8f406809f431ab6b19c4c63d194a24026e92c,,,https://ssma.magyp.gob.ar/frutas.precios.aspx
monthly_not_comparable,2024-10-02,,,2024-10,MCBA,Hortalizas,,AJO,,COLORADO,,MENDOZA,,RISTRA 100,,Primera,7,,,5714.29,,,ARS/kg,,ARS,,False,0,9596bfa0194a54cc73051d64140792b4b72b04cf517fd72b8b0714b90f245ff4,2026-10-06T121811_346124Z-7f153ff4,b06369128521e4415047421a58a8f406809f431ab6b19c4c63d194a24026e92c,,,https://ssma.magyp.gob.ar/frutas.precios.aspx
monthly_not_comparable,2024-10-02,,,2024-10,MCBA,Hortalizas,,AJO,,COLORADO,,MENDOZA,,RISTRA 100,,Primera,5,,,5000.0,,,ARS/kg,,ARS,,False,0,54d7a2842ed28ee59bbff1a2ad82c1aa02ab7e46c364e3b8bed1430697edb820,2026-10-06T121811_346124Z-7f153ff4,b06369128521e4415047421a58a8f406809f431ab6b19c4c63d194a24026e92c,,,https://ssma.magyp.gob.ar/frutas.precios.aspx
monthly_not_comparable,2024-10-02,,,2024-10,MCBA,Hortalizas,,AJO,,COLORADO,,MENDOZA,,RISTRA 100,,Primera,3,,,3000.0,,,ARS/kg,,ARS,,False,0,dd0d7320180808c5259dee3b4acd75322ce4bcd52a4a6ee011fdca1c12aa1f74,2026-10-06T121811_346124Z-7f153ff4,b06369128521e4415047421a58a8f406809f431ab6b19c4c63d194a24026e92c,,,https://ssma.magyp.gob.ar/frutas.precios.aspx
monthly_not_comparable,2024-10-02,,,2024-10,MCBA,Hortalizas,,AJO,,COLORADO,,MENDOZA,,RISTRA 100,,Primera,11,,,10454.5,,,ARS/kg,,ARS,,False,0,ceb44dffb4d5272050d1bf2864bc011559f39d74274c1bfdaa4a69ea93b40ff0,2026-10-06T121811_346124Z-7f153ff4,b06369128521e4415047421a58a8f406809f431ab6b19c4c63d194a24026e92c,,,https://ssma.magyp.gob.ar/frutas.precios.aspx
monthly_not_comparable,2024-10-02,,,2024-10,MCBA,Hortalizas,,AJO,,COLORADO,,MENDOZA,,RISTRA 100,,Primera,10,,,8500.0,,,ARS/kg,,ARS,,False,0,eb96c6b7ddb3a84e8140ca4a6de09de96ddd704184e26099404f28ed302110cd,2026-10-06T121811_346124Z-7f153ff4,b06369128521e4415047421a58a8f406809f431ab6b19c4c63d194a24026e92c,,,https://ssma.magyp.gob.ar/frutas.precios.aspx
monthly_not_comparable,2024-10-02,,,2024-10,MCBA,Hortalizas,,ACUSAY,,,,BS. AS.,,JAULA,,Primera,GRANDE,,,750.0,,,ARS/kg,,ARS,,False,0,e337e4b3661df15c15f4a35e1ee56e15c716a9c7d1ef48d8482b0068b86a2c27,2026-10-06T121811_346124Z-7f153ff4,b06369128521e4415047421a58a8f406809f431ab6b19c4c63d194a24026e92c,,,https://ssma.magyp.gob.ar/frutas.precios.aspx
monthly_not_comparable,2024-10-02,,,2024-10,MCBA,Hortalizas,,ACUSAY,,Prom.Esp.,,,,,,,,,,750.0,,,ARS/kg,,ARS,,False,0,1fedb5eb2c0f6731a0b50f246809af1cece6ad25b969cf1860e4fef57728d8dc,2026-10-06T121811_346124Z-7f153ff4,b06369128521e4415047421a58a8f406809f431ab6b19c4c63d194a24026e92c,,,https://ssma.magyp.gob.ar/frutas.precios.aspx
monthly_not_comparable,2024-10-02,,,2024-10,MCBA,Hortalizas,,ACHICORIA,,,,BS. AS.,,JAULA,,Primera,,,,500.0,,,ARS/kg,,ARS,,False,0,83e241602b9e02849752227196309bbc73f5ee8394a94831af06f07072bd67f5,2026-10-06T121811_346124Z-7f153ff4,b06369128521e4415047421a58a8f406809f431ab6b19c4c63d194a24026e92c,,,https://ssma.magyp.gob.ar/frutas.precios.aspx
monthly_not_comparable,2024-10-02,,,2024-10,MCBA,Hortalizas,,ACHICORIA,,Prom.Esp.,,,,,,,,,,500.0,,,ARS/kg,,ARS,,False,0,b8248d3af9cdbaf5a5ec7d6ed1026c6fcf7ab45fdb94307e79bf10e27d9c7d95,2026-10-06T121811_346124Z-7f153ff4,b06369128521e4415047421a58a8f406809f431ab6b19c4c63d194a24026e92c,,,https://ssma.magyp.gob.ar/frutas.precios.aspx
monthly_not_comparable,2024-10-02,,,2024-10,MCBA,Hortalizas,,ACELGA,,,,BS. AS.,,JAULA,,Segunda,SIN TAM,,,250.0,,,ARS/kg,,ARS,,False,0,0fe1c490e7ef0c971c2ce78bba033ff25e75526000369de71367291ff10aabd7,2026-10-06T121811_346124Z-7f153ff4,b06369128521e4415047421a58a8f406809f431ab6b19c4c63d194a24026e92c,,,https://ssma.magyp.gob.ar/frutas.precios.aspx
monthly_not_comparable,2024-10-02,,,2024-10,MCBA,Hortalizas,,ACELGA,,,,BS. AS.,,JAULA,,Primera,SIN TAM,,,380.0,,,ARS/kg,,ARS,,False,0,f8784a8fa16679ac9b5e81604d073e03f310a4f475b51fa1cef99ac38fc1b3eb,2026-10-06T121811_346124Z-7f153ff4,b06369128521e4415047421a58a8f406809f431ab6b19c4c63d194a24026e92c,,,https://ssma.magyp.gob.ar/frutas.precios.aspx
monthly_not_comparable,2024-10-02,,,2024-10,MCBA,Hortalizas,,ACELGA,,,,BS. AS.,,JAULA,,Primera,,INVERNAC,,470.0,,,ARS/kg,,ARS,,False,0,6dc26bed77ff65e15a1dff68ce6cc8bb27c4e05cd519e23257dcbeaee69bc369,2026-10-06T121811_346124Z-7f153ff4,b06369128521e4415047421a58a8f406809f431ab6b19c4c63d194a24026e92c,,,https://ssma.magyp.gob.ar/frutas.precios.aspx
monthly_not_comparable,2024-10-02,,,2024-10,MCBA,Hortalizas,,ACELGA,,Prom.Esp.,,,,,,,,,,366.67,,,ARS/kg,,ARS,,False,0,446e3075b8c26a5e424bf1074b3264dcf8c079483b143b5d2005a218d257eb5f,2026-10-06T121811_346124Z-7f153ff4,b06369128521e4415047421a58a8f406809f431ab6b19c4c63d194a24026e92c,,,https://ssma.magyp.gob.ar/frutas.precios.aspx
monthly_not_comparable,2024-10-02,,,2024-10,MCBA,Frutas,,UVA,,SWEET JUBI,,BRASIL,,CAJA,,Elegido,GRANEL,,,4500.0,,,ARS/kg,,ARS,,False,0,80b091f49a5cbdbe60cba5867c0501b7b51a47ad20d084b3c242d4bfbe287650,2026-10-06T121811_346124Z-7f153ff4,b06369128521e4415047421a58a8f406809f431ab6b19c4c63d194a24026e92c,,,https://ssma.magyp.gob.ar/frutas.precios.aspx
monthly_not_comparable,2024-10-02,,,2024-10,MCBA,Frutas,,UVA,,SUGAR CRIP,,BRASIL,,CAJA,,Elegido,GRANEL,,,4750.0,,,ARS/kg,,ARS,,False,0,e51eccff0fc95c1fe006b5ed86dd911c90bd24c450d5d761187778c96d2032a7,2026-10-06T121811_346124Z-7f153ff4,b06369128521e4415047421a58a8f406809f431ab6b19c4c63d194a24026e92c,,,https://ssma.magyp.gob.ar/frutas.precios.aspx
monthly_not_comparable,2024-10-02,,,2024-10,MCBA,Frutas,,UVA,,SCARLOTTA,,BRASIL,,CAJA,,Elegido,GRANEL,,,4875.0,,,ARS/kg,,ARS,,False,0,eca5947b0b0714de31054c9a68bcab272313cf578fa9c819b3444c58d0ffce5e,2026-10-06T121811_346124Z-7f153ff4,b06369128521e4415047421a58a8f406809f431ab6b19c4c63d194a24026e92c,,,https://ssma.magyp.gob.ar/frutas.precios.aspx
monthly_not_comparable,2024-10-02,,,2024-10,MCBA,Frutas,,UVA,,Prom.Esp.,,,,,,,,,,4700.0,,,ARS/kg,,ARS,,False,0,102db11c2be6c06ed5ce5683e2f074bf49d35b9c856da415c933dd11f4df0e05,2026-10-06T121811_346124Z-7f153ff4,b06369128521e4415047421a58a8f406809f431ab6b19c4c63d194a24026e92c,,,https://ssma.magyp.gob.ar/frutas.precios.aspx
monthly_not_comparable,2024-10-02,,,2024-10,MCBA,Frutas,,UVA,,ISIS,,BRASIL,,CAJA,,Elegido,GRANDE,,,4750.0,,,ARS/kg,,ARS,,False,0,20bea4c4d8ecec4c96988f1f7b6d0018db2c3c355e53e913508a731eee555c40,2026-10-06T121811_346124Z-7f153ff4,b06369128521e4415047421a58a8f406809f431ab6b19c4c63d194a24026e92c,,,https://ssma.magyp.gob.ar/frutas.precios.aspx
monthly_not_comparable,2024-10-02,,,2024-10,MCBA,Frutas,,UVA,,ARRA 15,,BRASIL,,CAJA,,Elegido,GRANEL,,,4625.0,,,ARS/kg,,ARS,,False,0,3f86051bae6ba5cad1b4a5110f8827e061b6be17603745468019affcb6e81f6c,2026-10-06T121811_346124Z-7f153ff4,b06369128521e4415047421a58a8f406809f431ab6b19c4c63d194a24026e92c,,,https://ssma.magyp.gob.ar/frutas.precios.aspx
monthly_not_comparable,2024-10-02,,,2024-10,MCBA,Frutas,,SANDIA,,,,SALTA,,GRANEL,,Comercial,GRANEL,,,850.0,,,ARS/kg,,ARS,,False,0,6fcaf829c5500030c322ea407e223270255f1bbfaf836cc7bc9f5cd9047af1a0,2026-10-06T121811_346124Z-7f153ff4,b06369128521e4415047421a58a8f406809f431ab6b19c4c63d194a24026e92c,,,https://ssma.magyp.gob.ar/frutas.precios.aspx
monthly_not_comparable,2024-10-02,,,2024-10,MCBA,Frutas,,SANDIA,,,,FORMOSA,,GRANEL,,Comercial,GRANEL,,,850.0,,,ARS/kg,,ARS,,False,0,aa22943a7635f27316d6499f75eeebd02ddfc31a751c57cc7e287e5f9316e140,2026-10-06T121811_346124Z-7f153ff4,b06369128521e4415047421a58a8f406809f431ab6b19c4c63d194a24026e92c,,,https://ssma.magyp.gob.ar/frutas.precios.aspx
monthly_not_comparable,2024-10-02,,,2024-10,MCBA,Frutas,,SANDIA,,,,BRASIL,,GRANEL,,Comercial,GRANEL,,,850.0,,,ARS/kg,,ARS,,False,0,1e33e40cd87fa789afe47ead1f23a807731fc064f553849430fb22e0ab2247ad,2026-10-06T121811_346124Z-7f153ff4,b06369128521e4415047421a58a8f406809f431ab6b19c4c63d194a24026e92c,,,https://ssma.magyp.gob.ar/frutas.precios.aspx
monthly_not_comparable,2024-10-02,,,2024-10,MCBA,Frutas,,SANDIA,,Prom.Esp.,,,,,,,,,,850.0,,,ARS/kg,,ARS,,False,0,77323a2cb2932973ec7b17851da7a988b82b7af7ba20eb5f25de7c6dce0819da,2026-10-06T121811_346124Z-7f153ff4,b06369128521e4415047421a58a8f406809f431ab6b19c4c63d194a24026e92c,,,https://ssma.magyp.gob.ar/frutas.precios.aspx
monthly_not_comparable,2024-10-02,,,2024-10,MCBA,Frutas,,PERA,,PACKHAM'S,,R. NEGRO,,JAULA,,Elegido,100/120,,,944.44,,,ARS/kg,,ARS,,False,0,f4c8efec6f1f0c5e6dc94aa0b435e888a7472b48b1851038ee49ebd3c6a78a83,2026-10-06T121811_346124Z-7f153ff4,b06369128521e4415047421a58a8f406809f431ab6b19c4c63d194a24026e92c,,,https://ssma.magyp.gob.ar/frutas.precios.aspx
monthly_not_comparable,2024-10-02,,,2024-10,MCBA,Frutas,,PERA,,PACKHAM'S,,R. NEGRO,,JAULA,,Comercial,110/130,,,800.0,,,ARS/kg,,ARS,,False,0,7c3acc8f5b22741d0991b8196e976fc308403aa96f33f92c37448e31e89c537c,2026-10-06T121811_346124Z-7f153ff4,b06369128521e4415047421a58a8f406809f431ab6b19c4c63d194a24026e92c,,,https://ssma.magyp.gob.ar/frutas.precios.aspx
monthly_not_comparable,2024-10-02,,,2024-10,MCBA,Frutas,,PERA,,PACKHAM'S,,R. NEGRO,,CAJA,,Elegido,113/125,,,1050.0,,,ARS/kg,,ARS,,False,0,012e4c13d7613dd333f5da70310e8d0a797fbba63a05278aafeb9e088e34ecb8,2026-10-06T121811_346124Z-7f153ff4,b06369128521e4415047421a58a8f406809f431ab6b19c4c63d194a24026e92c,,,https://ssma.magyp.gob.ar/frutas.precios.aspx
monthly_not_comparable,2024-10-02,,,2024-10,MCBA,Frutas,,PERA,,PACKHAM'S,,R. NEGRO,,CAJA,,Elegido,070/090,,,1350.0,,,ARS/kg,,ARS,,False,0,50264a311f8db3bc8d86a896400ca3e50ba4d01ee902441c07a6f0f77677a69c,2026-10-06T121811_346124Z-7f153ff4,b06369128521e4415047421a58a8f406809f431ab6b19c4c63d194a24026e92c,,,https://ssma.magyp.gob.ar/frutas.precios.aspx
monthly_not_comparable,2024-10-02,,,2024-10,MCBA,Frutas,,PERA,,PACKHAM'S,,R. NEGRO,,CAJA,,Elegido,036/042,,,1650.0,,,ARS/kg,,ARS,,False,0,14c66417cfb5ba6a9abc2f7659a5eae5fb61d2aefff63f50f5644ec9a75ebb42,2026-10-06T121811_346124Z-7f153ff4,b06369128521e4415047421a58a8f406809f431ab6b19c4c63d194a24026e92c,,,https://ssma.magyp.gob.ar/frutas.precios.aspx
monthly_not_comparable,2024-10-02,,,2024-10,MCBA,Frutas,,PERA,,Prom.Esp.,,,,,,,,,,1158.89,,,ARS/kg,,ARS,,False,0,2dcabb2de52023b19680d679727a87fe0fef278f00243d0498b506ca67cdddd7,2026-10-06T121811_346124Z-7f153ff4,b06369128521e4415047421a58a8f406809f431ab6b19c4c63d194a24026e92c,,,https://ssma.magyp.gob.ar/frutas.precios.aspx
monthly_not_comparable,2024-10-02,,,2024-10,MCBA,Frutas,,POMELO,,STAR RUBY,,SALTA,,CAJA,,Elegido,048/066,,,722.22,,,ARS/kg,,ARS,,False,0,eef868099501827c9140e0afdda55973e318c68b71d73575c17a48bb43b46ea2,2026-10-06T121811_346124Z-7f153ff4,b06369128521e4415047421a58a8f406809f431ab6b19c4c63d194a24026e92c,,,https://ssma.magyp.gob.ar/frutas.precios.aspx
monthly_not_comparable,2024-10-02,,,2024-10,MCBA,Frutas,,POMELO,,STAR RUBY,,E. RIOS,,PERDIDO,,Elegido,048/066,,,611.11,,,ARS/kg,,ARS,,False,0,7e5ec7e7cc6129ec2bb7b9b2be2645c1d9d575bd02010a0d1f3c5c31c886d1d7,2026-10-06T121811_346124Z-7f153ff4,b06369128521e4415047421a58a8f406809f431ab6b19c4c63d194a24026e92c,,,https://ssma.magyp.gob.ar/frutas.precios.aspx
monthly_not_comparable,2024-10-02,,,2024-10,MCBA,Frutas,,POMELO,,STAR RUBY,,CTES.,,PERDIDO,,Elegido,056/070,,,611.11,,,ARS/kg,,ARS,,False,0,049120cdb36eb8f2392e421430ab1acfdb646a5f23932dc9ea1534c9aab37671,2026-10-06T121811_346124Z-7f153ff4,b06369128521e4415047421a58a8f406809f431ab6b19c4c63d194a24026e92c,,,https://ssma.magyp.gob.ar/frutas.precios.aspx
monthly_not_comparable,2024-10-02,,,2024-10,MCBA,Frutas,,POMELO,,RUBY,,E. RIOS,,PERDIDO,,Elegido,056/070,,,500.0,,,ARS/kg,,ARS,,False,0,ffbb99b93ebbc2bab60ccec105d41fcc1bda17ac5a8774883fa30303612b437c,2026-10-06T121811_346124Z-7f153ff4,b06369128521e4415047421a58a8f406809f431ab6b19c4c63d194a24026e92c,,,https://ssma.magyp.gob.ar/frutas.precios.aspx
monthly_not_comparable,2024-10-02,,,2024-10,MCBA,Frutas,,POMELO,,Prom.Esp.,,,,,,,,,,611.11,,,ARS/kg,,ARS,,False,0,8e3e50d5b6ebd92676af21f18f6e4f6a7367027223e2e7d0ac921a58ffde07f8,2026-10-06T121811_346124Z-7f153ff4,b06369128521e4415047421a58a8f406809f431ab6b19c4c63d194a24026e92c,,,https://ssma.magyp.gob.ar/frutas.precios.aspx
monthly_not_comparable,2024-10-02,,,2024-10,MCBA,Frutas,,PLATANO,,,,ECUADOR,,CAJA,,Elegido,GRANEL,VERDEPIN,,2000.0,,,ARS/kg,,ARS,,False,0,b5a63e4ad33261740946873dc81178601546c064f4549986f4d76384a809043a,2026-10-06T121811_346124Z-7f153ff4,b06369128521e4415047421a58a8f406809f431ab6b19c4c63d194a24026e92c,,,https://ssma.magyp.gob.ar/frutas.precios.aspx
monthly_not_comparable,2024-10-02,,,2024-10,MCBA,Frutas,,PLATANO,,Prom.Esp.,,,,,,,,,,2000.0,,,ARS/kg,,ARS,,False,0,58421179a0d1e91966e2aaf3ec69eae8994a0af18f9488c12c980657867ef57f,2026-10-06T121811_346124Z-7f153ff4,b06369128521e4415047421a58a8f406809f431ab6b19c4c63d194a24026e92c,,,https://ssma.magyp.gob.ar/frutas.precios.aspx
monthly_not_comparable,2024-10-02,,,2024-10,MCBA,Frutas,,PALTA,,Prom.Esp.,,,,,,,,,,3720.83,,,ARS/kg,,ARS,,False,0,31a910a734e828b3aff0a0aded8ebeec8a055c1eb92f80ff21d5a7607ef3d313,2026-10-06T121811_346124Z-7f153ff4,b06369128521e4415047421a58a8f406809f431ab6b19c4c63d194a24026e92c,,,https://ssma.magyp.gob.ar/frutas.precios.aspx
monthly_not_comparable,2024-10-02,,,2024-10,MCBA,Frutas,,PALTA,,LULA,,TUCUMAN,,BANDEJA,,Comercial,GRANEL,,,2125.0,,,ARS/kg,,ARS,,False,0,5a9c79fc3c4381d2e219b7c9a391257d1882433a0809696b80a7088364ec31f2,2026-10-06T121811_346124Z-7f153ff4,b06369128521e4415047421a58a8f406809f431ab6b19c4c63d194a24026e92c,,,https://ssma.magyp.gob.ar/frutas.precios.aspx
monthly_not_comparable,2024-10-02,,,2024-10,MCBA,Frutas,,PALTA,,HASS,,TUCUMAN,,CAJA,,Elegido,GRANDE,,,2500.0,,,ARS/kg,,ARS,,False,0,3c5406eaed20de65101a5eb15869247cf32122a3fbd84ad205bbdc991d8b36b5,2026-10-06T121811_346124Z-7f153ff4,b06369128521e4415047421a58a8f406809f431ab6b19c4c63d194a24026e92c,,,https://ssma.magyp.gob.ar/frutas.precios.aspx
monthly_not_comparable,2024-10-02,,,2024-10,MCBA,Frutas,,PALTA,,HASS,,PERU,,BANDEJA,,Elegido,MEDIANO,,,3100.0,,,ARS/kg,,ARS,,False,0,687a35ee7fcf539f92682ce7e5b21dd0504f285ed50f81b42436e5c3094e2704,2026-10-06T121811_346124Z-7f153ff4,b06369128521e4415047421a58a8f406809f431ab6b19c4c63d194a24026e92c,,,https://ssma.magyp.gob.ar/frutas.precios.aspx
monthly_not_comparable,2024-10-02,,,2024-10,MCBA,Frutas,,PALTA,,HASS,,PERU,,BANDEJA,,Elegido,GRANDE,,,3500.0,,,ARS/kg,,ARS,,False,0,ffce910582830508aa1189ec80051f2b467cf5523bc9fc90e3decdff33ece1fb,2026-10-06T121811_346124Z-7f153ff4,b06369128521e4415047421a58a8f406809f431ab6b19c4c63d194a24026e92c,,,https://ssma.magyp.gob.ar/frutas.precios.aspx
monthly_not_comparable,2024-10-02,,,2024-10,MCBA,Frutas,,PALTA,,HASS,,CHILE,,CAJA,,Elegido,MEDIANO,,,5300.0,,,ARS/kg,,ARS,,False,0,f478d98ba07e2a9ee361e12ce99c4ef8e66da52df01905c1708ebcce73aa3fcf,2026-10-06T121811_346124Z-7f153ff4,b06369128521e4415047421a58a8f406809f431ab6b19c4c63d194a24026e92c,,,https://ssma.magyp.gob.ar/frutas.precios.aspx
monthly_not_comparable,2024-10-02,,,2024-10,MCBA,Frutas,,PALTA,,HASS,,CHILE,,CAJA,,Elegido,GRANDE,,,5800.0,,,ARS/kg,,ARS,,False,0,3d1a4b3ff2e455e90378833671b45b987653646c6d37bfe1df0e1d44beabaa64,2026-10-06T121811_346124Z-7f153ff4,b06369128521e4415047421a58a8f406809f431ab6b19c4c63d194a24026e92c,,,https://ssma.magyp.gob.ar/frutas.precios.aspx
monthly_not_comparable,2024-10-02,,,2024-10,MCBA,Frutas,,NUEZ,,,,MENDOZA,,BOLSA,,Elegido,GRANEL,,,4200.0,,,ARS/kg,,ARS,,False,0,fd803aa33fc184e5f0ded3f51cb8c5b7d1d8eac4964abb854658221bd7d7a19f,2026-10-06T121811_346124Z-7f153ff4,b06369128521e4415047421a58a8f406809f431ab6b19c4c63d194a24026e92c,,,https://ssma.magyp.gob.ar/frutas.precios.aspx
monthly_not_comparable,2024-10-02,,,2024-10,MCBA,Frutas,,NUEZ,,Prom.Esp.,,,,,,,,,,4200.0,,,ARS/kg,,ARS,,False,0,828509a66ee2f094afef28817c07b0bf4c4cc4a73e8d96c2527aa42638f20924,2026-10-06T121811_346124Z-7f153ff4,b06369128521e4415047421a58a8f406809f431ab6b19c4c63d194a24026e92c,,,https://ssma.magyp.gob.ar/frutas.precios.aspx
monthly_not_comparable,2024-10-02,,,2024-10,MCBA,Frutas,,NARANJA,,W.NAVEL,,E. RIOS,,PERDIDO,,Elegido,090/110,,,472.22,,,ARS/kg,,ARS,,False,0,ed06fb2fd44bb19a0a8ef1f40171b149eb2b5218cd47fd23a8aeccca22499ba6,2026-10-06T121811_346124Z-7f153ff4,b06369128521e4415047421a58a8f406809f431ab6b19c4c63d194a24026e92c,,,https://ssma.magyp.gob.ar/frutas.precios.aspx
monthly_not_comparable,2024-10-02,,,2024-10,MCBA,Frutas,,NARANJA,,W.NAVEL,,BS. AS.,,PERDIDO,,Elegido,100/120,,,527.78,,,ARS/kg,,ARS,,False,0,976b0272bb62c8bafb05808802074850fabf5a055b3c01cb9211f0167305418b,2026-10-06T121811_346124Z-7f153ff4,b06369128521e4415047421a58a8f406809f431ab6b19c4c63d194a24026e92c,,,https://ssma.magyp.gob.ar/frutas.precios.aspx
monthly_not_comparable,2024-10-02,,,2024-10,MCBA,Frutas,,NARANJA,,VAL.SEEDLE,,E. RIOS,,PERDIDO,,Elegido,090/110,,,527.78,,,ARS/kg,,ARS,,False,0,b8d29ba3c53dd220a2cc51f05e7ce407fa89717a0e21d7f41d406fce4e77a721,2026-10-06T121811_346124Z-7f153ff4,b06369128521e4415047421a58a8f406809f431ab6b19c4c63d194a24026e92c,,,https://ssma.magyp.gob.ar/frutas.precios.aspx
monthly_not_comparable,2024-10-02,,,2024-10,MCBA,Frutas,,NARANJA,,SALUSTIANA,,E. RIOS,,PERDIDO,,Elegido,090/110,,,500.0,,,ARS/kg,,ARS,,False,0,18739888fc8491a7b4dece7701cf8969083966bb32193c979a41d1ca0a33cccf,2026-10-06T121811_346124Z-7f153ff4,b06369128521e4415047421a58a8f406809f431ab6b19c4c63d194a24026e92c,,,https://ssma.magyp.gob.ar/frutas.precios.aspx
monthly_not_comparable,2024-10-02,,,2024-10,MCBA,Frutas,,NARANJA,,SALUSTIANA,,E. RIOS,,PERDIDO,,Elegido,070/090,,,500.0,,,ARS/kg,,ARS,,False,0,94f3493c24fcf154cc00a843328dab9c22d563a2de5f7bcf8f67142c3b62d192,2026-10-06T121811_346124Z-7f153ff4,b06369128521e4415047421a58a8f406809f431ab6b19c4c63d194a24026e92c,,,https://ssma.magyp.gob.ar/frutas.precios.aspx
monthly_not_comparable,2024-10-02,,,2024-10,MCBA,Frutas,,NARANJA,,SALUSTIANA,,E. RIOS,,PERDIDO,,Comercial,090/120,,,388.89,,,ARS/kg,,ARS,,False,0,4807ef4a94bd8535f8825d9530ab0538abd1e247e482c954ae87a3390311d9c2,2026-10-06T121811_346124Z-7f153ff4,b06369128521e4415047421a58a8f406809f431ab6b19c4c63d194a24026e92c,,,https://ssma.magyp.gob.ar/frutas.precios.aspx
monthly_not_comparable,2024-10-02,,,2024-10,MCBA,Frutas,,NARANJA,,SALUSTIANA,,CTES.,,PERDIDO,,Elegido,110/130,,,500.0,,,ARS/kg,,ARS,,False,0,fc4ffde2650d46e4f3720e14ed6b0ca205c45ab039f97938a3aa5fa1598c84c7,2026-10-06T121811_346124Z-7f153ff4,b06369128521e4415047421a58a8f406809f431ab6b19c4c63d194a24026e92c,,,https://ssma.magyp.gob.ar/frutas.precios.aspx
monthly_not_comparable,2024-10-02,,,2024-10,MCBA,Frutas,,NARANJA,,Prom.Esp.,,,,,,,,,,488.1,,,ARS/kg,,ARS,,False,0,b7f2c0eac9b7286d9ce47afad88d8b24ba4110587e8ecc4a3d14119493866017,2026-10-06T121811_346124Z-7f153ff4,b06369128521e4415047421a58a8f406809f431ab6b19c4c63d194a24026e92c,,,https://ssma.magyp.gob.ar/frutas.precios.aspx
monthly_not_comparable,2024-10-02,,,2024-10,MCBA,Frutas,,MANGO,,,,BRASIL,,CAJA,,Elegido,GRANDE,,,2500.0,,,ARS/kg,,ARS,,False,0,fcb032add3350fdc372c5701cc996260a83470ad79eff33830757caa374538fe,2026-10-06T121811_346124Z-7f153ff4,b06369128521e4415047421a58a8f406809f431ab6b19c4c63d194a24026e92c,,,https://ssma.magyp.gob.ar/frutas.precios.aspx
monthly_not_comparable,2024-10-02,,,2024-10,MCBA,Frutas,,MANGO,,Prom.Esp.,,,,,,,,,,2333.34,,,ARS/kg,,ARS,,False,0,ed2390775cc2e95f72560b0da82c764e8f3fbb8a86015d44606e4b5b9cdef503,2026-10-06T121811_346124Z-7f153ff4,b06369128521e4415047421a58a8f406809f431ab6b19c4c63d194a24026e92c,,,https://ssma.magyp.gob.ar/frutas.precios.aspx
monthly_not_comparable,2024-10-02,,,2024-10,MCBA,Frutas,,MELON,,ROCIO MIEL,,SALTA,,PERDIDO,,Elegido,MEDIANO,INVERNAC,,2000.0,,,ARS/kg,,ARS,,False,0,3343a8c449e6b94c37660941232dbffa0908c4c91cc8965ff43d972afa8d602c,2026-10-06T121811_346124Z-7f153ff4,b06369128521e4415047421a58a8f406809f431ab6b19c4c63d194a24026e92c,,,https://ssma.magyp.gob.ar/frutas.precios.aspx
monthly_not_comparable,2024-10-02,,,2024-10,MCBA,Frutas,,MELON,,Prom.Esp.,,,,,,,,,,2025.89,,,ARS/kg,,ARS,,False,0,4928486d13c61d7446487460c938bd6883d1b78d552040688a867374998b8fc0,2026-10-06T121811_346124Z-7f153ff4,b06369128521e4415047421a58a8f406809f431ab6b19c4c63d194a24026e92c,,,https://ssma.magyp.gob.ar/frutas.precios.aspx
monthly_not_comparable,2024-10-02,,,2024-10,MCBA,Frutas,,MELON,,GALIA,,BRASIL,,CAJA,,Elegido,MEDIANO,,,1928.57,,,ARS/kg,,ARS,,False,0,50d62755d3bd010df440515a35ce9afab55b56107427cf24c7cab396f3dde00d,2026-10-06T121811_346124Z-7f153ff4,b06369128521e4415047421a58a8f406809f431ab6b19c4c63d194a24026e92c,,,https://ssma.magyp.gob.ar/frutas.precios.aspx
monthly_not_comparable,2024-10-02,,,2024-10,MCBA,Frutas,,MELON,,ESCRITO,,SALTA,,CAJA,,Elegido,MEDIANO,INVERNAC,,2375.0,,,ARS/kg,,ARS,,False,0,b75fdc4cebf0407b8d7d15b1444b881a27ac7864beaa60c64e314e08d18e06b4,2026-10-06T121811_346124Z-7f153ff4,b06369128521e4415047421a58a8f406809f431ab6b19c4c63d194a24026e92c,,,https://ssma.magyp.gob.ar/frutas.precios.aspx
monthly_not_comparable,2024-10-02,,,2024-10,MCBA,Frutas,,MELON,,AMARILLO,,SALTA,,BANDEJA,,Elegido,MEDIANO,INVERNAC,,1800.0,,,ARS/kg,,ARS,,False,0,c3a309565162fa78a35e53b68167ba057ef6e8c2443ea844d9406b5febf3f7a0,2026-10-06T121811_346124Z-7f153ff4,b06369128521e4415047421a58a8f406809f431ab6b19c4c63d194a24026e92c,,,https://ssma.magyp.gob.ar/frutas.precios.aspx
monthly_not_comparable,2024-10-02,,,2024-10,MCBA,Frutas,,MANDARINA,,Prom.Esp.,,,,,,,,,,615.08,,,ARS/kg,,ARS,,False,0,e588ac504dca4a4d6954cd171f8c7ed29b4416f5b8499d0fe7de1dfeee4e866c,2026-10-06T121811_346124Z-7f153ff4,b06369128521e4415047421a58a8f406809f431ab6b19c4c63d194a24026e92c,,,https://ssma.magyp.gob.ar/frutas.precios.aspx
monthly_not_comparable,2024-10-02,,,2024-10,MCBA,Frutas,,MANDARINA,,MURCOT,,E. RIOS,,PERDIDO,,Elegido,MEDIANO,,,472.22,,,ARS/kg,,ARS,,False,0,aff527ee7c8dca0bd7880a3e49ce4a6dbbf6b85b56e7732ff384d56e377b5bfb,2026-10-06T121811_346124Z-7f153ff4,b06369128521e4415047421a58a8f406809f431ab6b19c4c63d194a24026e92c,,,https://ssma.magyp.gob.ar/frutas.precios.aspx
monthly_not_comparable,2024-10-02,,,2024-10,MCBA,Frutas,,MANDARINA,,MURCOT,,E. RIOS,,PERDIDO,,Elegido,GRANDE,,,833.33,,,ARS/kg,,ARS,,False,0,cd56968bd28d01388d4807df7867c51c5a2bd62e1e4c10b752b3d78fc23fa233,2026-10-06T121811_346124Z-7f153ff4,b06369128521e4415047421a58a8f406809f431ab6b19c4c63d194a24026e92c,,,https://ssma.magyp.gob.ar/frutas.precios.aspx
monthly_not_comparable,2024-10-02,,,2024-10,MCBA,Frutas,,MANDARINA,,ENCORE,,E. RIOS,,PERDIDO,,Elegido,MEDIANO,,,444.44,,,ARS/kg,,ARS,,False,0,78dc4865c01107f45db8cdfc1289c5c00eca36412e1544527a0f8cf91f177199,2026-10-06T121811_346124Z-7f153ff4,b06369128521e4415047421a58a8f406809f431ab6b19c4c63d194a24026e92c,,,https://ssma.magyp.gob.ar/frutas.precios.aspx
monthly_not_comparable,2024-10-02,,,2024-10,MCBA,Frutas,,MANDARINA,,ENCORE,,E. RIOS,,PERDIDO,,Elegido,GRANDE,,,750.0,,,ARS/kg,,ARS,,False,0,a76c83beaea4e1e659f21ed9db1ac8b4651f1adf31e1ce779c0b7bd49d0438f7,2026-10-06T121811_346124Z-7f153ff4,b06369128521e4415047421a58a8f406809f431ab6b19c4c63d194a24026e92c,,,https://ssma.magyp.gob.ar/frutas.precios.aspx
monthly_not_comparable,2024-10-02,,,2024-10,MCBA,Frutas,,MANDARINA,,ELLENDALE,,E. RIOS,,PERDIDO,,Elegido,MEDIANO,,,583.33,,,ARS/kg,,ARS,,False,0,f97ffc2e4d575b48ce6aa400d0e994c0830fedde2168e67b2b4b81ccd92f7957,2026-10-06T121811_346124Z-7f153ff4,b06369128521e4415047421a58a8f406809f431ab6b19c4c63d194a24026e92c,,,https://ssma.magyp.gob.ar/frutas.precios.aspx
monthly_not_comparable,2024-10-02,,,2024-10,MCBA,Frutas,,MANDARINA,,ELLENDALE,,E. RIOS,,PERDIDO,,Elegido,GRANDE,,,777.78,,,ARS/kg,,ARS,,False,0,be712bb22f949aec719858f257b30b7b2e0fd45463967b0559a0d26c527f01c2,2026-10-06T121811_346124Z-7f153ff4,b06369128521e4415047421a58a8f406809f431ab6b19c4c63d194a24026e92c,,,https://ssma.magyp.gob.ar/frutas.precios.aspx
monthly_not_comparable,2024-10-02,,,2024-10,MCBA,Frutas,,MANDARINA,,AFOURER,,E. RIOS,,PERDIDO,,Elegido,MEDIANO,,,444.44,,,ARS/kg,,ARS,,False,0,f369d41e6ff42f2cdb6d853e9655bdfe85b8652fedd575723b0953196a325d57,2026-10-06T121811_346124Z-7f153ff4,b06369128521e4415047421a58a8f406809f431ab6b19c4c63d194a24026e92c,,,https://ssma.magyp.gob.ar/frutas.precios.aspx
monthly_not_comparable,2024-10-02,,,2024-10,MCBA,Frutas,,MANZANA,,RED TOP,,CHILE,,CAJA,,Elegido,088/113,AT.CONTR,,2150.0,,,ARS/kg,,ARS,,False,0,6dba591c513cf36ebd0bbb1c1e8d95c289e411483efa57d7d66a0727b3e9a9d5,2026-10-06T121811_346124Z-7f153ff4,b06369128521e4415047421a58a8f406809f431ab6b19c4c63d194a24026e92c,,,https://ssma.magyp.gob.ar/frutas.precios.aspx
monthly_not_comparable,2024-10-02,,,2024-10,MCBA,Frutas,,MANZANA,,RED DELICI,,R. NEGRO,,JAULA,,Elegido,GRANEL,,,1050.0,,,ARS/kg,,ARS,,False,0,0fa34a898604a58ca130929eccdc28fc948780b109e497e6b5be58a7c80f66ed,2026-10-06T121811_346124Z-7f153ff4,b06369128521e4415047421a58a8f406809f431ab6b19c4c63d194a24026e92c,,,https://ssma.magyp.gob.ar/frutas.precios.aspx
monthly_not_comparable,2024-10-02,,,2024-10,MCBA,Frutas,,MANZANA,,RED DELICI,,R. NEGRO,,JAULA,,Comercial,100/113,,,1055.56,,,ARS/kg,,ARS,,False,0,84d6b511fcf16285895f5a8f2115cc42f148c728e1e8630baaa57f41a0d67851,2026-10-06T121811_346124Z-7f153ff4,b06369128521e4415047421a58a8f406809f431ab6b19c4c63d194a24026e92c,,,https://ssma.magyp.gob.ar/frutas.precios.aspx
monthly_not_comparable,2024-10-02,,,2024-10,MCBA,Frutas,,MANZANA,,RED DELICI,,R. NEGRO,,CAJA,,Elegido,125/138,,,1555.56,,,ARS/kg,,ARS,,False,0,6da41ceeca227ef8f568c72580f05014ab5fbea47f2a84be50225c543e599fc1,2026-10-06T121811_346124Z-7f153ff4,b06369128521e4415047421a58a8f406809f431ab6b19c4c63d194a24026e92c,,,https://ssma.magyp.gob.ar/frutas.precios.aspx
monthly_not_comparable,2024-10-02,,,2024-10,MCBA,Frutas,,MANZANA,,RED DELICI,,R. NEGRO,,CAJA,,Elegido,088/113,AT.CONTR,,2050.0,,,ARS/kg,,ARS,,False,0,e9ac38d317b99a383d3212dce9b5c41b8761602fc2343da548e94c802415c9a8,2026-10-06T121811_346124Z-7f153ff4,b06369128521e4415047421a58a8f406809f431ab6b19c4c63d194a24026e92c,,,https://ssma.magyp.gob.ar/frutas.precios.aspx
monthly_not_comparable,2024-10-02,,,2024-10,MCBA,Frutas,,MANZANA,,RED DELICI,,R. NEGRO,,CAJA,,Elegido,088/113,,,1850.0,,,ARS/kg,,ARS,,False,0,96a78ff2fab3f81f4b8832c9966f1e813fbb58073792126d626dba6745884961,2026-10-06T121811_346124Z-7f153ff4,b06369128521e4415047421a58a8f406809f431ab6b19c4c63d194a24026e92c,,,https://ssma.magyp.gob.ar/frutas.precios.aspx
monthly_not_comparable,2024-10-02,,,2024-10,MCBA,Frutas,,MANZANA,,RED DELICI,,R. NEGRO,,CAJA,,Elegido,044/056,,,1900.0,,,ARS/kg,,ARS,,False,0,0e82d42695c5012ab6b897956819c571d958ea3ae377795be5a82c619547fdf7,2026-10-06T121811_346124Z-7f153ff4,b06369128521e4415047421a58a8f406809f431ab6b19c4c63d194a24026e92c,,,https://ssma.magyp.gob.ar/frutas.precios.aspx
monthly_not_comparable,2024-10-02,,,2024-10,MCBA,Frutas,,MANZANA,,RED DELICI,,R. NEGRO,,CAJA,,Elegido,040/050,AT.CONTR,,2200.0,,,ARS/kg,,ARS,,False,0,3616c2d0e4530ab1f61ec850efe523e496d76eda8f98788970de7d0c914406a6,2026-10-06T121811_346124Z-7f153ff4,b06369128521e4415047421a58a8f406809f431ab6b19c4c63d194a24026e92c,,,https://ssma.magyp.gob.ar/frutas.precios.aspx
monthly_not_comparable,2024-10-02,,,2024-10,MCBA,Frutas,,MANZANA,,RED DELICI,,R. NEGRO,,CAJA,,Comercial,138/150,,,1000.0,,,ARS/kg,,ARS,,False,0,983a71be10f0a1fd5c0fd3b58dc4267702f645ec05b6634d58c6c389daae849d,2026-10-06T121811_346124Z-7f153ff4,b06369128521e4415047421a58a8f406809f431ab6b19c4c63d194a24026e92c,,,https://ssma.magyp.gob.ar/frutas.precios.aspx
monthly_not_comparable,2024-10-02,,,2024-10,MCBA,Frutas,,MANZANA,,ROME BEAUT,,R. NEGRO,,JAULA,,Elegido,125/138,,,1333.33,,,ARS/kg,,ARS,,False,0,b254cc075e8674732807eb591cd8d2e2daeb34b3cc7a763c8090d507a7a66e36,2026-10-06T121811_346124Z-7f153ff4,b06369128521e4415047421a58a8f406809f431ab6b19c4c63d194a24026e92c,,,https://ssma.magyp.gob.ar/frutas.precios.aspx
monthly_not_comparable,2024-10-02,,,2024-10,MCBA,Frutas,,MANZANA,,ROME BEAUT,,R. NEGRO,,CAJA,,Elegido,036/040,,,1900.0,,,ARS/kg,,ARS,,False,0,903d6d0ec7b8ec08aecea3cfec52719c418789109a627b30249c57979588548f,2026-10-06T121811_346124Z-7f153ff4,b06369128521e4415047421a58a8f406809f431ab6b19c4c63d194a24026e92c,,,https://ssma.magyp.gob.ar/frutas.precios.aspx
monthly_not_comparable,2024-10-02,,,2024-10,MCBA,Frutas,,MANZANA,,Prom.Esp.,,,,,,,,,,1575.01,,,ARS/kg,,ARS,,False,0,c501b8c2458e444ad9d8a02f4427e8469f212d498451a4be6c081862101dc2fb,2026-10-06T121811_346124Z-7f153ff4,b06369128521e4415047421a58a8f406809f431ab6b19c4c63d194a24026e92c,,,https://ssma.magyp.gob.ar/frutas.precios.aspx
monthly_not_comparable,2024-10-02,,,2024-10,MCBA,Frutas,,MANZANA,,GRANNY SMI,,R. NEGRO,,JAULA,,Elegido,080/090,,,1150.0,,,ARS/kg,,ARS,,False,0,7937ffff70be37681ccfacd0944219fd1750c0201f270f904c099dae3c9ef842,2026-10-06T121811_346124Z-7f153ff4,b06369128521e4415047421a58a8f406809f431ab6b19c4c63d194a24026e92c,,,https://ssma.magyp.gob.ar/frutas.precios.aspx
monthly_not_comparable,2024-10-02,,,2024-10,MCBA,Frutas,,MANZANA,,GRANNY SMI,,R. NEGRO,,JAULA,,Comercial,GRANEL,,,950.0,,,ARS/kg,,ARS,,False,0,9ed17ceeddc504bd3e725e108af167fc32b6bf527b3a6b5c3320d833040f54be,2026-10-06T121811_346124Z-7f153ff4,b06369128521e4415047421a58a8f406809f431ab6b19c4c63d194a24026e92c,,,https://ssma.magyp.gob.ar/frutas.precios.aspx
monthly_not_comparable,2024-10-02,,,2024-10,MCBA,Frutas,,MANZANA,,GRANNY SMI,,R. NEGRO,,CAJA,,Elegido,125/138,,,1350.0,,,ARS/kg,,ARS,,False,0,f85643a8009646895138d12d9d0343ef3afcc3b4f83b93f2bd25f31164b2d6fc,2026-10-06T121811_346124Z-7f153ff4,b06369128521e4415047421a58a8f406809f431ab6b19c4c63d194a24026e92c,,,https://ssma.magyp.gob.ar/frutas.precios.aspx
monthly_not_comparable,2024-10-02,,,2024-10,MCBA,Frutas,,MANZANA,,GRANNY SMI,,R. NEGRO,,CAJA,,Elegido,088/113,,,1550.0,,,ARS/kg,,ARS,,False,0,3ad60e7d88de21b4243054b2a34210056460e59494fb0976383b14e0b8f8bc8a,2026-10-06T121811_346124Z-7f153ff4,b06369128521e4415047421a58a8f406809f431ab6b19c4c63d194a24026e92c,,,https://ssma.magyp.gob.ar/frutas.precios.aspx
monthly_not_comparable,2024-10-02,,,2024-10,MCBA,Frutas,,MANZANA,,GRANNY SMI,,R. NEGRO,,CAJA,,Elegido,080/088,AT.CONTR,,2200.0,,,ARS/kg,,ARS,,False,0,9735295b9329080b940cb32663c2426ad68bdbc52b481c623a58a79e9b1e30f8,2026-10-06T121811_346124Z-7f153ff4,b06369128521e4415047421a58a8f406809f431ab6b19c4c63d194a24026e92c,,,https://ssma.magyp.gob.ar/frutas.precios.aspx
monthly_not_comparable,2024-10-02,,,2024-10,MCBA,Frutas,,MANZANA,,GRANNY SMI,,R. NEGRO,,CAJA,,Elegido,080/088,,,1750.0,,,ARS/kg,,ARS,,False,0,02e11e5c26bdbb687f7c1eda57ad597d7a3638634bffd451decb1b83c052df86,2026-10-06T121811_346124Z-7f153ff4,b06369128521e4415047421a58a8f406809f431ab6b19c4c63d194a24026e92c,,,https://ssma.magyp.gob.ar/frutas.precios.aspx
monthly_not_comparable,2024-10-02,,,2024-10,MCBA,Frutas,,MANZANA,,GRANNY SMI,,R. NEGRO,,CAJA,,Elegido,036/044,AT.CONTR,,2200.0,,,ARS/kg,,ARS,,False,0,88bc57e194d0f1cc08dea3439c2c71f6df1ab9575bc888ae2c7b4fc7486347e1,2026-10-06T121811_346124Z-7f153ff4,b06369128521e4415047421a58a8f406809f431ab6b19c4c63d194a24026e92c,,,https://ssma.magyp.gob.ar/frutas.precios.aspx
monthly_not_comparable,2024-10-02,,,2024-10,MCBA,Frutas,,MANZANA,,GRANNY SMI,,R. NEGRO,,CAJA,,Elegido,036/044,,,1800.0,,,ARS/kg,,ARS,,False,0,d17fec03126141d70c0e64a5b5f072fb5d320079efd45d5db32bd9e3be8443d0,2026-10-06T121811_346124Z-7f153ff4,b06369128521e4415047421a58a8f406809f431ab6b19c4c63d194a24026e92c,,,https://ssma.magyp.gob.ar/frutas.precios.aspx
monthly_not_comparable,2024-10-02,,,2024-10,MCBA,Frutas,,MANZANA,,GRANNY SMI,,CHILE,,CAJA,,Elegido,080/088,AT.CONTR,,2150.0,,,ARS/kg,,ARS,,False,0,28ee4dbaeec7ebdfe07031efa0f549198109e3f062d25f2c9c5263920455865b,2026-10-06T121811_346124Z-7f153ff4,b06369128521e4415047421a58a8f406809f431ab6b19c4c63d194a24026e92c,,,https://ssma.magyp.gob.ar/frutas.precios.aspx
monthly_not_comparable,2024-10-02,,,2024-10,MCBA,Frutas,,MANZANA,,PK.LAD/CRI,,R. NEGRO,,JAULA,,Elegido,113/118,,,1222.22,,,ARS/kg,,ARS,,False,0,164b8b237f76dd78bf8166d1b4f74c67811902cbeaa87feff680db5712931fce,2026-10-06T121811_346124Z-7f153ff4,b06369128521e4415047421a58a8f406809f431ab6b19c4c63d194a24026e92c,,,https://ssma.magyp.gob.ar/frutas.precios.aspx
monthly_not_comparable,2024-10-02,,,2024-10,MCBA,Frutas,,MANZANA,,PK.LAD/CRI,,R. NEGRO,,JAULA,,Comercial,125/138,,,722.22,,,ARS/kg,,ARS,,False,0,b9063589411c560928bfd782f94dd6558f6540a1e7de4f82662e418ae51576e5,2026-10-06T121811_346124Z-7f153ff4,b06369128521e4415047421a58a8f406809f431ab6b19c4c63d194a24026e92c,,,https://ssma.magyp.gob.ar/frutas.precios.aspx
monthly_not_comparable,2024-10-02,,,2024-10,MCBA,Frutas,,LIMA,,,,E. RIOS,,PERDIDO,,Elegido,090/120,,,525.0,,,ARS/kg,,ARS,,False,0,41559b0559dd7377d557c7df1797d77ed8dc1b6cbf60e55be21e4b737d0f9971,2026-10-06T121811_346124Z-7f153ff4,b06369128521e4415047421a58a8f406809f431ab6b19c4c63d194a24026e92c,,,https://ssma.magyp.gob.ar/frutas.precios.aspx
monthly_not_comparable,2024-10-02,,,2024-10,MCBA,Frutas,,LIMA,,TAHITI,,BRASIL,,BOLSA,,Elegido,GRANEL,,,1666.67,,,ARS/kg,,ARS,,False,0,10668e652a5c5771b4751377f5f21033de3e815a1397532b14a715cd83555ed5,2026-10-06T121811_346124Z-7f153ff4,b06369128521e4415047421a58a8f406809f431ab6b19c4c63d194a24026e92c,,,https://ssma.magyp.gob.ar/frutas.precios.aspx
monthly_not_comparable,2024-10-02,,,2024-10,MCBA,Frutas,,LIMA,,Prom.Esp.,,,,,,,,,,1095.84,,,ARS/kg,,ARS,,False,0,524b841839b4b62f60b0dbfd3fd3dad5a98402622ac6148a3f6489a962ad4105,2026-10-06T121811_346124Z-7f153ff4,b06369128521e4415047421a58a8f406809f431ab6b19c4c63d194a24026e92c,,,https://ssma.magyp.gob.ar/frutas.precios.aspx
monthly_not_comparable,2024-10-02,,,2024-10,MCBA,Frutas,,LIMON,,Prom.Esp.,,,,,,,,,,533.07,,,ARS/kg,,ARS,,False,0,f2d39b78b0b9c93d30d55b47daf69eb804cecd278500cdcebf1fd07e69b864d2,2026-10-06T121811_346124Z-7f153ff4,b06369128521e4415047421a58a8f406809f431ab6b19c4c63d194a24026e92c,,,https://ssma.magyp.gob.ar/frutas.precios.aspx
monthly_not_comparable,2024-10-02,,,2024-10,MCBA,Frutas,,LIMON,,GENOVA,,E. RIOS,,TORO,,Elegido,100/125,,,500.0,,,ARS/kg,,ARS,,False,0,3f1cfb0769682b09ee93e0056f72cbb525a23d71d6eac7e7d8ec1e6e04b76d3a,2026-10-06T121811_346124Z-7f153ff4,b06369128521e4415047421a58a8f406809f431ab6b19c4c63d194a24026e92c,,,https://ssma.magyp.gob.ar/frutas.precios.aspx
monthly_not_comparable,2024-10-02,,,2024-10,MCBA,Frutas,,LIMON,,GENOVA,,CTES.,,PERDIDO,,Comercial,120/140,,,472.22,,,ARS/kg,,ARS,,False,0,3f7b75eddbaa0ebc097bdc0d782da3ffa84538f7df842cf73b4c2ff2b2bfbc02,2026-10-06T121811_346124Z-7f153ff4,b06369128521e4415047421a58a8f406809f431ab6b19c4c63d194a24026e92c,,,https://ssma.magyp.gob.ar/frutas.precios.aspx
monthly_not_comparable,2024-10-02,,,2024-10,MCBA,Frutas,,LIMON,,EUREKA,,TUCUMAN,,PERDIDO,,Comercial,125/138,,,500.0,,,ARS/kg,,ARS,,False,0,f5351da388661eeab8610e0d3b4dc1033881f24d65237ab1a46695ea7c259680,2026-10-06T121811_346124Z-7f153ff4,b06369128521e4415047421a58a8f406809f431ab6b19c4c63d194a24026e92c,,,https://ssma.magyp.gob.ar/frutas.precios.aspx
monthly_not_comparable,2024-10-02,,,2024-10,MCBA,Frutas,,LIMON,,EUREKA,,TUCUMAN,,CAJA,,Elegido,113/138,,,611.11,,,ARS/kg,,ARS,,False,0,c3f4c19912bc04b0992e9f6cfcefdc438f1c9469c7ad651720ce323c4069d3cf,2026-10-06T121811_346124Z-7f153ff4,b06369128521e4415047421a58a8f406809f431ab6b19c4c63d194a24026e92c,,,https://ssma.magyp.gob.ar/frutas.precios.aspx
monthly_not_comparable,2024-10-02,,,2024-10,MCBA,Frutas,,LIMON,,EUREKA,,TUCUMAN,,CAJA,,Elegido,080/110,,,722.22,,,ARS/kg,,ARS,,False,0,553b7748e7e5ba42a36907d52a482b8f40843a1bcfa8c7e48798ab10d19049ab,2026-10-06T121811_346124Z-7f153ff4,b06369128521e4415047421a58a8f406809f431ab6b19c4c63d194a24026e92c,,,https://ssma.magyp.gob.ar/frutas.precios.aspx
monthly_not_comparable,2024-10-02,,,2024-10,MCBA,Frutas,,LIMON,,EUREKA,,TUCUMAN,,BOLSA,,Comercial,GRANEL,,,392.86,,,ARS/kg,,ARS,,False,0,3744044f36ac267299037fef47c24941602b41d38f95b060219fad48d6f8f377,2026-10-06T121811_346124Z-7f153ff4,b06369128521e4415047421a58a8f406809f431ab6b19c4c63d194a24026e92c,,,https://ssma.magyp.gob.ar/frutas.precios.aspx
monthly_not_comparable,2024-10-02,,,2024-10,MCBA,Frutas,,KIWI,,,,CHILE,,CAJA,,Elegido,MEDIANO,,,3000.0,,,ARS/kg,,ARS,,False,0,6a87c8ec0ee581f87eb21e4b96377b74d9a5d56e5f04ab1622293d397df23ffa,2026-10-06T121811_346124Z-7f153ff4,b06369128521e4415047421a58a8f406809f431ab6b19c4c63d194a24026e92c,,,https://ssma.magyp.gob.ar/frutas.precios.aspx
monthly_not_comparable,2024-10-02,,,2024-10,MCBA,Frutas,,KIWI,,,,CHILE,,CAJA,,Elegido,GRANDE,,,3400.0,,,ARS/kg,,ARS,,False,0,d688e269131885e96777cc3ac634114a7970ef6899d80769c669949d82ec8487,2026-10-06T121811_346124Z-7f153ff4,b06369128521e4415047421a58a8f406809f431ab6b19c4c63d194a24026e92c,,,https://ssma.magyp.gob.ar/frutas.precios.aspx
monthly_not_comparable,2024-10-02,,,2024-10,MCBA,Frutas,,KIWI,,,,BS. AS.,,CAJA,,Elegido,MEDIANO,,,2500.0,,,ARS/kg,,ARS,,False,0,6022f2f6f94e18b78fdda6e5be28e1e369712fcfa5a5779320baa90204e3631a,2026-10-06T121811_346124Z-7f153ff4,b06369128521e4415047421a58a8f406809f431ab6b19c4c63d194a24026e92c,,,https://ssma.magyp.gob.ar/frutas.precios.aspx
monthly_not_comparable,2024-10-02,,,2024-10,MCBA,Frutas,,KIWI,,,,BS. AS.,,CAJA,,Elegido,GRANDE,,,2800.0,,,ARS/kg,,ARS,,False,0,18763ad92c0de900a71149210b7ada1d6728ca352d7ee819edc74c1936fcbcc2,2026-10-06T121811_346124Z-7f153ff4,b06369128521e4415047421a58a8f406809f431ab6b19c4c63d194a24026e92c,,,https://ssma.magyp.gob.ar/frutas.precios.aspx
monthly_not_comparable,2024-10-02,,,2024-10,MCBA,Frutas,,KIWI,,Prom.Esp.,,,,,,,,,,2925.0,,,ARS/kg,,ARS,,False,0,71ad5c3f5ad3fa21ca211acdb9dfb12a4bba6cab8d0fe030b2f30f025c5fe3bd,2026-10-06T121811_346124Z-7f153ff4,b06369128521e4415047421a58a8f406809f431ab6b19c4c63d194a24026e92c,,,https://ssma.magyp.gob.ar/frutas.precios.aspx
monthly_not_comparable,2024-10-02,,,2024-10,MCBA,Frutas,,KUMQUAT,,,,E. RIOS,,BOLSA,,Elegido,GRANEL,,,1000.0,,,ARS/kg,,ARS,,False,0,865996ec1fbce7c14ffaf71d90da8e247c17073c6d543a75ac5c14457ef95662,2026-10-06T121811_346124Z-7f153ff4,b06369128521e4415047421a58a8f406809f431ab6b19c4c63d194a24026e92c,,,https://ssma.magyp.gob.ar/frutas.precios.aspx
monthly_not_comparable,2024-10-02,,,2024-10,MCBA,Frutas,,KUMQUAT,,Prom.Esp.,,,,,,,,,,1000.0,,,ARS/kg,,ARS,,False,0,d0c3034cb5214dd3be0ac5b96381ff90f6d290b09412a66c8805071d097ec5df,2026-10-06T121811_346124Z-7f153ff4,b06369128521e4415047421a58a8f406809f431ab6b19c4c63d194a24026e92c,,,https://ssma.magyp.gob.ar/frutas.precios.aspx
monthly_not_comparable,2024-10-02,,,2024-10,MCBA,Frutas,,FRUTILLA,,,,TUCUMAN,,BANDEJA,,Elegido,GRANEL,,,3000.0,,,ARS/kg,,ARS,,False,0,ac57b4798c18d838cd1d78e80c85d51eca854cd4e722b3ea7620b32ad49463d2,2026-10-06T121811_346124Z-7f153ff4,b06369128521e4415047421a58a8f406809f431ab6b19c4c63d194a24026e92c,,,https://ssma.magyp.gob.ar/frutas.precios.aspx
monthly_not_comparable,2024-10-02,,,2024-10,MCBA,Frutas,,FRUTILLA,,,,SANTA FE,,CAJA,,Elegido,MEDIANO,,,2750.0,,,ARS/kg,,ARS,,False,0,f35f6e2142f81d1cd95c7410eb2e2bf47aa74046059fa0e293a4e7c89cad91d7,2026-10-06T121811_346124Z-7f153ff4,b06369128521e4415047421a58a8f406809f431ab6b19c4c63d194a24026e92c,,,https://ssma.magyp.gob.ar/frutas.precios.aspx
monthly_not_comparable,2024-10-02,,,2024-10,MCBA,Frutas,,FRUTILLA,,,,SANTA FE,,BANDEJA,,Elegido,GRANEL,,,2600.0,,,ARS/kg,,ARS,,False,0,ba210f1915b810d0a1859a002affbaebd9e2791f774f0ca98ce1bc90855dd2dc,2026-10-06T121811_346124Z-7f153ff4,b06369128521e4415047421a58a8f406809f431ab6b19c4c63d194a24026e92c,,,https://ssma.magyp.gob.ar/frutas.precios.aspx
monthly_not_comparable,2024-10-02,,,2024-10,MCBA,Frutas,,FRUTILLA,,,,SANTA FE,,BANDEJA,,Comercial,MEDIANO,,,1700.0,,,ARS/kg,,ARS,,False,0,7aa451c667f549bcedb6ca64934072ac48dbc3b7a45ef3289c0e6a2efdfa6327,2026-10-06T121811_346124Z-7f153ff4,b06369128521e4415047421a58a8f406809f431ab6b19c4c63d194a24026e92c,,,https://ssma.magyp.gob.ar/frutas.precios.aspx
monthly_not_comparable,2024-10-02,,,2024-10,MCBA,Frutas,,FRUTILLA,,,,CTES.,,CAJA,,Elegido,GRANEL,,,3000.0,,,ARS/kg,,ARS,,False,0,ed24b85bd25da169bc08168a598904dea6b2e4c6d13fa6ef95c54bad77126121,2026-10-06T121811_346124Z-7f153ff4,b06369128521e4415047421a58a8f406809f431ab6b19c4c63d194a24026e92c,,,https://ssma.magyp.gob.ar/frutas.precios.aspx
monthly_not_comparable,2024-10-02,,,2024-10,MCBA,Frutas,,FRUTILLA,,,,CTES.,,BANDEJA,,Elegido,GRANDE,,,2800.0,,,ARS/kg,,ARS,,False,0,8ffb68f36d872698e59bf191c73cf930dd7377eb655b96f3ef88d46ef2f5852c,2026-10-06T121811_346124Z-7f153ff4,b06369128521e4415047421a58a8f406809f431ab6b19c4c63d194a24026e92c,,,https://ssma.magyp.gob.ar/frutas.precios.aspx
monthly_not_comparable,2024-10-02,,,2024-10,MCBA,Frutas,,FRUTILLA,,,,BS. AS.,,BANDEJA,,Elegido,GRANEL,,,2100.0,,,ARS/kg,,ARS,,False,0,74f2ceb86c73ce4a7a4486d4de602b6d5307b3a1f1be365f6c1a1f7282c57f09,2026-10-06T121811_346124Z-7f153ff4,b06369128521e4415047421a58a8f406809f431ab6b19c4c63d194a24026e92c,,,https://ssma.magyp.gob.ar/frutas.precios.aspx
monthly_not_comparable,2024-10-02,,,2024-10,MCBA,Frutas,,FRUTILLA,,,,BS. AS.,,BANDEJA,,Comercial,GRANEL,,,1700.0,,,ARS/kg,,ARS,,False,0,e41d5867586a2813cf36295f4058bada9bcfe2a846c19c5f1d040fa81c01efd7,2026-10-06T121811_346124Z-7f153ff4,b06369128521e4415047421a58a8f406809f431ab6b19c4c63d194a24026e92c,,,https://ssma.magyp.gob.ar/frutas.precios.aspx
monthly_not_comparable,2024-10-02,,,2024-10,MCBA,Frutas,,FRUTILLA,,Prom.Esp.,,,,,,,,,,2456.25,,,ARS/kg,,ARS,,False,0,8f2a44cda07b660ec63e5ccb9746ef6628612abc805b16209de1e2a36e02906d,2026-10-06T121811_346124Z-7f153ff4,b06369128521e4415047421a58a8f406809f431ab6b19c4c63d194a24026e92c,,,https://ssma.magyp.gob.ar/frutas.precios.aspx
monthly_not_comparable,2024-10-02,,,2024-10,MCBA,Frutas,,DURAZNO,,ROJITO,,JUJUY,,BANDEJA,,Elegido,MEDIANO,,,3000.0,,,ARS/kg,,ARS,,False,0,410892a3f027cf560d475e164877745188baf721ff5a24f8b73181b70f618263,2026-10-06T121811_346124Z-7f153ff4,b06369128521e4415047421a58a8f406809f431ab6b19c4c63d194a24026e92c,,,https://ssma.magyp.gob.ar/frutas.precios.aspx
monthly_not_comparable,2024-10-02,,,2024-10,MCBA,Frutas,,DURAZNO,,Prom.Esp.,,,,,,,,,,3281.25,,,ARS/kg,,ARS,,False,0,3202ce504a85d4a79e5918168b9252e7bf1773d2bfaac1b0caf78c21b12d0e60,2026-10-06T121811_346124Z-7f153ff4,b06369128521e4415047421a58a8f406809f431ab6b19c4c63d194a24026e92c,,,https://ssma.magyp.gob.ar/frutas.precios.aspx
monthly_not_comparable,2024-10-02,,,2024-10,MCBA,Frutas,,DURAZNO,,OPEDEPE,,JUJUY,,BANDEJA,,Elegido,MEDIANO,,,2900.0,,,ARS/kg,,ARS,,False,0,fa618f9c18e8150cfb7a69b2b23b3fdeba258ae885169b846a8aca7a64a0239a,2026-10-06T121811_346124Z-7f153ff4,b06369128521e4415047421a58a8f406809f431ab6b19c4c63d194a24026e92c,,,https://ssma.magyp.gob.ar/frutas.precios.aspx
monthly_not_comparable,2024-10-02,,,2024-10,MCBA,Frutas,,DURAZNO,,OPEDEPE,,JUJUY,,BANDEJA,,Elegido,GRANDE,,,4125.0,,,ARS/kg,,ARS,,False,0,f0df1b77fab605331072af502c0cbe38df1b18ef954e40f3ac3f97ab11402bf6,2026-10-06T121811_346124Z-7f153ff4,b06369128521e4415047421a58a8f406809f431ab6b19c4c63d194a24026e92c,,,https://ssma.magyp.gob.ar/frutas.precios.aspx
monthly_not_comparable,2024-10-02,,,2024-10,MCBA,Frutas,,DURAZNO,,FLORDAKING,,JUJUY,,BANDEJA,,Elegido,MEDIANO,,,3100.0,,,ARS/kg,,ARS,,False,0,8819f1b1b0a9a8167e2adea83b9cfa41e000ab950a13f8a1dd500fa35d46e7ca,2026-10-06T121811_346124Z-7f153ff4,b06369128521e4415047421a58a8f406809f431ab6b19c4c63d194a24026e92c,,,https://ssma.magyp.gob.ar/frutas.precios.aspx
monthly_not_comparable,2024-10-02,,,2024-10,MCBA,Frutas,,COCO,,,,BRASIL,,BOLSA,,Elegido,GRANEL,,,2400.0,,,ARS/kg,,ARS,,False,0,95ec21d32721beea5044ab0b9a37a7af581e411bef2c22034b5921c660c9aa7a,2026-10-06T121811_346124Z-7f153ff4,b06369128521e4415047421a58a8f406809f431ab6b19c4c63d194a24026e92c,,,https://ssma.magyp.gob.ar/frutas.precios.aspx
monthly_not_comparable,2024-10-02,,,2024-10,MCBA,Frutas,,COCO,,Prom.Esp.,,,,,,,,,,2400.0,,,ARS/kg,,ARS,,False,0,1ce9a5798d5a9def254b0215758bcce6366f0d90c1d1deb6a737e8767c536910,2026-10-06T121811_346124Z-7f153ff4,b06369128521e4415047421a58a8f406809f431ab6b19c4c63d194a24026e92c,,,https://ssma.magyp.gob.ar/frutas.precios.aspx
monthly_not_comparable,2024-10-02,,,2024-10,MCBA,Frutas,,CIRUELA,,Prom.Esp.,,,,,,,,,,3300.0,,,ARS/kg,,ARS,,False,0,7ed050797608b3f025ba3fa8d3dc46cd043b6c455d428f7e02927a42d22efc79,2026-10-06T121811_346124Z-7f153ff4,b06369128521e4415047421a58a8f406809f431ab6b19c4c63d194a24026e92c,,,https://ssma.magyp.gob.ar/frutas.precios.aspx
monthly_not_comparable,2024-10-02,,,2024-10,MCBA,Frutas,,CIRUELA,,LARRY ANNE,,ESPA¥A,,CAJA,,Elegido,GRANDE,,,3300.0,,,ARS/kg,,ARS,,False,0,a184129410617daa1e1bba14af62827465506e6e1b33ba744d3fbe598b851a50,2026-10-06T121811_346124Z-7f153ff4,b06369128521e4415047421a58a8f406809f431ab6b19c4c63d194a24026e92c,,,https://ssma.magyp.gob.ar/frutas.precios.aspx
monthly_not_comparable,2024-10-02,,,2024-10,MCBA,Frutas,,BANANA,,Prom.Esp.,,,,,,,,,,1069.81,,,ARS/kg,,ARS,,False,0,8a08c72561ab54c4903638b708c4dea1666516d638c453cf92b9d950c71db34c,2026-10-06T121811_346124Z-7f153ff4,b06369128521e4415047421a58a8f406809f431ab6b19c4c63d194a24026e92c,,,https://ssma.magyp.gob.ar/frutas.precios.aspx
monthly_not_comparable,2024-10-02,,,2024-10,MCBA,Frutas,,BANANA,,NANIKA,,SALTA,,PERDIDO,,Elegido,MEDIANO,,,900.0,,,ARS/kg,,ARS,,False,0,1d9851854415a345a91857dcce2afadb5918313ea1deaecd116c4a821085c111,2026-10-06T121811_346124Z-7f153ff4,b06369128521e4415047421a58a8f406809f431ab6b19c4c63d194a24026e92c,,,https://ssma.magyp.gob.ar/frutas.precios.aspx
monthly_not_comparable,2024-10-02,,,2024-10,MCBA,Frutas,,BANANA,,NANIKA,,PARAGUAY,,PERDIDO,,Elegido,MEDIANO,,,863.64,,,ARS/kg,,ARS,,False,0,8b22906b15e3fd4b71ed8c38635a3379178515ece38db6826a5aeaf3b2819451,2026-10-06T121811_346124Z-7f153ff4,b06369128521e4415047421a58a8f406809f431ab6b19c4c63d194a24026e92c,,,https://ssma.magyp.gob.ar/frutas.precios.aspx
monthly_not_comparable,2024-10-02,,,2024-10,MCBA,Frutas,,BANANA,,NANIKA,,BRASIL,,PERDIDO,,Elegido,MEDIANO,,,1000.0,,,ARS/kg,,ARS,,False,0,34a25bf3366eda4cd09a8aab6d340c1f915fc3941c358535c420b5caab80e0ed,2026-10-06T121811_346124Z-7f153ff4,b06369128521e4415047421a58a8f406809f431ab6b19c4c63d194a24026e92c,,,https://ssma.magyp.gob.ar/frutas.precios.aspx
monthly_not_comparable,2024-10-02,,,2024-10,MCBA,Frutas,,BANANA,,CAVENDISH,,ECUADOR,,CAJA,,Elegido,MEDIANO,,,1200.0,,,ARS/kg,,ARS,,False,0,900b9beed2c55075ddddc61f801581fb79b1a92bfd680d2b06cf521deeaa1ab4,2026-10-06T121811_346124Z-7f153ff4,b06369128521e4415047421a58a8f406809f431ab6b19c4c63d194a24026e92c,,,https://ssma.magyp.gob.ar/frutas.precios.aspx
monthly_not_comparable,2024-10-02,,,2024-10,MCBA,Frutas,,BANANA,,CAVENDISH,,ECUADOR,,CAJA,,Elegido,GRANDE,,,1300.0,,,ARS/kg,,ARS,,False,0,9645b3f20cc8b9815cc2fab6446a9b8a9aebd8efd01073a408ba1c10c4e8f94f,2026-10-06T121811_346124Z-7f153ff4,b06369128521e4415047421a58a8f406809f431ab6b19c4c63d194a24026e92c,,,https://ssma.magyp.gob.ar/frutas.precios.aspx
monthly_not_comparable,2024-10-02,,,2024-10,MCBA,Frutas,,BANANA,,CAVENDISH,,COLOMBIA,,CAJA,,Elegido,MEDIANO,,,1175.0,,,ARS/kg,,ARS,,False,0,91da5ab0978985047324080daccfb121da77beaa682ebe8f6a8b9bf33e687a95,2026-10-06T121811_346124Z-7f153ff4,b06369128521e4415047421a58a8f406809f431ab6b19c4c63d194a24026e92c,,,https://ssma.magyp.gob.ar/frutas.precios.aspx
monthly_not_comparable,2024-10-02,,,2024-10,MCBA,Frutas,,BANANA,,CAVENDISH,,BOLIVIA,,CAJA,,Elegido,MEDIANO,,,1050.0,,,ARS/kg,,ARS,,False,0,da761e5feef9874a372844be9f737984390987319a1ccd153d7dd9cf05fcb22e,2026-10-06T121811_346124Z-7f153ff4,b06369128521e4415047421a58a8f406809f431ab6b19c4c63d194a24026e92c,,,https://ssma.magyp.gob.ar/frutas.precios.aspx
monthly_not_comparable,2024-10-02,,,2024-10,MCBA,Frutas,,ARANDANO,,,,E. RIOS,,CAJA,,Elegido,GRANEL,,,6000.0,,,ARS/kg,,ARS,,False,0,5d2b88dad10ffb6c571156e93415f4216467d0c8553da505a92d9d4122924ece,2026-10-06T121811_346124Z-7f153ff4,b06369128521e4415047421a58a8f406809f431ab6b19c4c63d194a24026e92c,,,https://ssma.magyp.gob.ar/frutas.precios.aspx
monthly_not_comparable,2024-10-02,,,2024-10,MCBA,Frutas,,ARANDANO,,,,CTES.,,CAJA,,Elegido,GRANEL,,,6333.33,,,ARS/kg,,ARS,,False,0,2ca07ddcf3c064e35de854d1bd27e6c39137925036693ab99590cb797c695a06,2026-10-06T121811_346124Z-7f153ff4,b06369128521e4415047421a58a8f406809f431ab6b19c4c63d194a24026e92c,,,https://ssma.magyp.gob.ar/frutas.precios.aspx
monthly_not_comparable,2024-10-02,,,2024-10,MCBA,Frutas,,ARANDANO,,Prom.Esp.,,,,,,,,,,6166.67,,,ARS/kg,,ARS,,False,0,6938e3ab81d415c26002c5d5a9bb37df7484a2d9e89c89789e2cdd0eba4fe76c,2026-10-06T121811_346124Z-7f153ff4,b06369128521e4415047421a58a8f406809f431ab6b19c4c63d194a24026e92c,,,https://ssma.magyp.gob.ar/frutas.precios.aspx
monthly_not_comparable,2024-10-02,,,2024-10,MCBA,Frutas,,ANANA,,Prom.Esp.,,,,,,,,,,2500.0,,,ARS/kg,,ARS,,False,0,877a3a824f829469ecb78150cff6077404cc607934433bf6737826ea4e9d0f52,2026-10-06T121811_346124Z-7f153ff4,b06369128521e4415047421a58a8f406809f431ab6b19c4c63d194a24026e92c,,,https://ssma.magyp.gob.ar/frutas.precios.aspx
monthly_not_comparable,2024-10-02,,,2024-10,MCBA,Frutas,,ANANA,,PI¥A,,ECUADOR,,CAJA,,Elegido,008/010,,,2500.0,,,ARS/kg,,ARS,,False,0,b298fec281163f6393276c8420d904a5828379ba85f5e48c0a5368a9b0c0c776,2026-10-06T121811_346124Z-7f153ff4,b06369128521e4415047421a58a8f406809f431ab6b19c4c63d194a24026e92c,,,https://ssma.magyp.gob.ar/frutas.precios.aspx
monthly_not_comparable,2025-10-02,,,2025-10,MCBA,Hortalizas,,ZAPALLITO,,REDONDO,,SANTA FE,,TORO,,Primera,MEDIANO,,,555.56,,,ARS/kg,,ARS,,False,0,95cc0b4438a5472da7b294a51a6ac931cc74895b64bcd9edd300ae01ddef649b,2026-10-06T122050_197055Z-98afe028,1ddbef8b2097e947b8c0e1bdf4275bef8f085a4d963ecc5b7ccf51a5486bb0d9,,,https://ssma.magyp.gob.ar/frutas.precios.aspx
monthly_not_comparable,2025-10-02,,,2025-10,MCBA,Hortalizas,,ZAPALLITO,,REDONDO,,SALTA,,TORO,,Segunda,MEDIANO,,,333.33,,,ARS/kg,,ARS,,False,0,10532fd621570c48c248bd566de69f5580643cc8e54f1f28edbe22481a4a7ddc,2026-10-06T122050_197055Z-98afe028,1ddbef8b2097e947b8c0e1bdf4275bef8f085a4d963ecc5b7ccf51a5486bb0d9,,,https://ssma.magyp.gob.ar/frutas.precios.aspx
monthly_not_comparable,2025-10-02,,,2025-10,MCBA,Hortalizas,,ZAPALLITO,,REDONDO,,SALTA,,TORO,,Primera,MEDIANO,INVERNAC,,611.11,,,ARS/kg,,ARS,,False,0,dbc81411020665f1d44d72c1611a35ee950b6f758912c0e8b95e1817362b48a9,2026-10-06T122050_197055Z-98afe028,1ddbef8b2097e947b8c0e1bdf4275bef8f085a4d963ecc5b7ccf51a5486bb0d9,,,https://ssma.magyp.gob.ar/frutas.precios.aspx
monthly_not_comparable,2025-10-02,,,2025-10,MCBA,Hortalizas,,ZAPALLITO,,REDONDO,,SALTA,,TORO,,Primera,MEDIANO,,,500.0,,,ARS/kg,,ARS,,False,0,c56a82d5881b2fea47b8c8e906c6304bd9bff202d6866e6b0d7ea9424cc6f98a,2026-10-06T122050_197055Z-98afe028,1ddbef8b2097e947b8c0e1bdf4275bef8f085a4d963ecc5b7ccf51a5486bb0d9,,,https://ssma.magyp.gob.ar/frutas.precios.aspx
monthly_not_comparable,2025-10-02,,,2025-10,MCBA,Hortalizas,,ZAPALLITO,,REDONDO,,BS. AS.,,TORO,,Primera,MEDIANO,INVERNAC,,933.33,,,ARS/kg,,ARS,,False,0,d7c7db3dac31a87ffe78c8142ac76aacb05d7e673f3034e02e493a5b28140c30,2026-10-06T122050_197055Z-98afe028,1ddbef8b2097e947b8c0e1bdf4275bef8f085a4d963ecc5b7ccf51a5486bb0d9,,,https://ssma.magyp.gob.ar/frutas.precios.aspx
monthly_not_comparable,2025-10-02,,,2025-10,MCBA,Hortalizas,,ZAPALLITO,,Prom.Esp.,,,,,,,,,,593.06,,,ARS/kg,,ARS,,False,0,c5ee65f56b051a8d3ff54086d20683703d452b9ea5c1c9b81e7980acb1cfb3f1,2026-10-06T122050_197055Z-98afe028,1ddbef8b2097e947b8c0e1bdf4275bef8f085a4d963ecc5b7ccf51a5486bb0d9,,,https://ssma.magyp.gob.ar/frutas.precios.aspx
monthly_not_comparable,2025-10-02,,,2025-10,MCBA,Hortalizas,,ZAPALLITO,,LARGO,,SALTA,,TORO,,Segunda,MEDIANO,,,388.89,,,ARS/kg,,ARS,,False,0,990dff94487f462224f2172d145cf8cfb3e1c01b244a480d970484f1876fc008,2026-10-06T122050_197055Z-98afe028,1ddbef8b2097e947b8c0e1bdf4275bef8f085a4d963ecc5b7ccf51a5486bb0d9,,,https://ssma.magyp.gob.ar/frutas.precios.aspx
monthly_not_comparable,2025-10-02,,,2025-10,MCBA,Hortalizas,,ZAPALLITO,,LARGO,,SALTA,,TORO,,Primera,MEDIANO,,,555.56,,,ARS/kg,,ARS,,False,0,fd0573c59a635c8d30080b29c35b9a2606c9235e0eb1bf30f40878a70a1e03a5,2026-10-06T122050_197055Z-98afe028,1ddbef8b2097e947b8c0e1bdf4275bef8f085a4d963ecc5b7ccf51a5486bb0d9,,,https://ssma.magyp.gob.ar/frutas.precios.aspx
monthly_not_comparable,2025-10-02,,,2025-10,MCBA,Hortalizas,,ZAPALLITO,,LARGO,,BS. AS.,,TORO,,Primera,MEDIANO,INVERNAC,,866.67,,,ARS/kg,,ARS,,False,0,f6ddde2099e4d617977ee902abcc0456fdb224bd786527bd96c646a735a8ba1d,2026-10-06T122050_197055Z-98afe028,1ddbef8b2097e947b8c0e1bdf4275bef8f085a4d963ecc5b7ccf51a5486bb0d9,,,https://ssma.magyp.gob.ar/frutas.precios.aspx
monthly_not_comparable,2025-10-02,,,2025-10,MCBA,Hortalizas,,ZAPALLO,,TETSUKAB.,,S.BS.AS.,,BOLSA,,Primera,MEDIANO,,,440.0,,,ARS/kg,,ARS,,False,0,5cfbc9b9c8f7cbe61375497ec3316a74ae0e92ca391717caee91a3d4340551a1,2026-10-06T122050_197055Z-98afe028,1ddbef8b2097e947b8c0e1bdf4275bef8f085a4d963ecc5b7ccf51a5486bb0d9,,,https://ssma.magyp.gob.ar/frutas.precios.aspx
monthly_not_comparable,2025-10-02,,,2025-10,MCBA,Hortalizas,,ZAPALLO,,TETSUKAB.,,SALTA,,BOLSA,,Primera,MEDIANO,,,638.89,,,ARS/kg,,ARS,,False,0,664fac43292fef9279ea04a3cb622adfd3180591d8e8e0181b2601473bfdcb46,2026-10-06T122050_197055Z-98afe028,1ddbef8b2097e947b8c0e1bdf4275bef8f085a4d963ecc5b7ccf51a5486bb0d9,,,https://ssma.magyp.gob.ar/frutas.precios.aspx
monthly_not_comparable,2025-10-02,,,2025-10,MCBA,Hortalizas,,ZAPALLO,,TETSUKAB.,,SALTA,,BOLSA,,Primera,GRANDE,,,722.22,,,ARS/kg,,ARS,,False,0,17355470e0a01efe54610b7bef9f1a204367b21ebb96dcf59a1342e4cdfc96f1,2026-10-06T122050_197055Z-98afe028,1ddbef8b2097e947b8c0e1bdf4275bef8f085a4d963ecc5b7ccf51a5486bb0d9,,,https://ssma.magyp.gob.ar/frutas.precios.aspx
monthly_not_comparable,2025-10-02,,,2025-10,MCBA,Hortalizas,,ZAPALLO,,TETSUKAB.,,MENDOZA,,BOLSA,,Primera,MEDIANO,,,466.67,,,ARS/kg,,ARS,,False,0,68a00be00f63809efa78d5c1d9105dfa62360b56e02f8bb9e29c95af8267ef97,2026-10-06T122050_197055Z-98afe028,1ddbef8b2097e947b8c0e1bdf4275bef8f085a4d963ecc5b7ccf51a5486bb0d9,,,https://ssma.magyp.gob.ar/frutas.precios.aspx
monthly_not_comparable,2025-10-02,,,2025-10,MCBA,Hortalizas,,ZAPALLO,,Prom.Esp.,,,,,,,,,,545.7,,,ARS/kg,,ARS,,False,0,587230a54a150a95f8f822cb8cbfc9539542a68f176f3ac5a06aeed0544c9190,2026-10-06T122050_197055Z-98afe028,1ddbef8b2097e947b8c0e1bdf4275bef8f085a4d963ecc5b7ccf51a5486bb0d9,,,https://ssma.magyp.gob.ar/frutas.precios.aspx
monthly_not_comparable,2025-10-02,,,2025-10,MCBA,Hortalizas,,ZAPALLO,,ANQUITO,,MENDOZA,,BOLSA,,Primera,MEDIANO,,,300.0,,,ARS/kg,,ARS,,False,0,cfe0fdc7ab83a179e7fa0a041de676c38794ebc189757caf0e5f54b6570fda53,2026-10-06T122050_197055Z-98afe028,1ddbef8b2097e947b8c0e1bdf4275bef8f085a4d963ecc5b7ccf51a5486bb0d9,,,https://ssma.magyp.gob.ar/frutas.precios.aspx
monthly_not_comparable,2025-10-02,,,2025-10,MCBA,Hortalizas,,ZAPALLO,,ANC.COKENA,,S.BS.AS.,,BOLSA,,Primera,MEDIANO,,,486.67,,,ARS/kg,,ARS,,False,0,e677ff61ebbc5d0df295852ea5e5249fb75276933724e426e700113fcc6dd605,2026-10-06T122050_197055Z-98afe028,1ddbef8b2097e947b8c0e1bdf4275bef8f085a4d963ecc5b7ccf51a5486bb0d9,,,https://ssma.magyp.gob.ar/frutas.precios.aspx
monthly_not_comparable,2025-10-02,,,2025-10,MCBA,Hortalizas,,ZAPALLO,,ANC.COKENA,,SALTA,,BOLSA,,Primera,MEDIANO,,,777.78,,,ARS/kg,,ARS,,False,0,5d64b3bf8f9750d5ac253ad23db97424715cd2b09d0e7a4c48edbe9b908ed616,2026-10-06T122050_197055Z-98afe028,1ddbef8b2097e947b8c0e1bdf4275bef8f085a4d963ecc5b7ccf51a5486bb0d9,,,https://ssma.magyp.gob.ar/frutas.precios.aspx
monthly_not_comparable,2025-10-02,,,2025-10,MCBA,Hortalizas,,ZAPALLO,,ANC.COKENA,,MENDOZA,,BOLSA,,Primera,MEDIANO,,,533.33,,,ARS/kg,,ARS,,False,0,1b17e02be0133c36e1dedbd93ad5ca83144610aeec14169a4984d9eb5df70615,2026-10-06T122050_197055Z-98afe028,1ddbef8b2097e947b8c0e1bdf4275bef8f085a4d963ecc5b7ccf51a5486bb0d9,,,https://ssma.magyp.gob.ar/frutas.precios.aspx
monthly_not_comparable,2025-10-02,,,2025-10,MCBA,Hortalizas,,ZANAHORIA,,Prom.Esp.,,,,,,,,,,391.39,,,ARS/kg,,ARS,,False,0,3161775126486796b8b0ca8af8a038563d7c5cd44d24f6dc0d395659b7bf27b9,2026-10-06T122050_197055Z-98afe028,1ddbef8b2097e947b8c0e1bdf4275bef8f085a4d963ecc5b7ccf51a5486bb0d9,,,https://ssma.magyp.gob.ar/frutas.precios.aspx
monthly_not_comparable,2025-10-02,,,2025-10,MCBA,Hortalizas,,ZANAHORIA,,CHANTENAY,,SGO.EST.,,BOLSA,,Primera,MEDIANO,,,405.56,,,ARS/kg,,ARS,,False,0,061b6c3d28986d46a74c5adc4382c13ac527141b2d266b931a3f665694dea5fa,2026-10-06T122050_197055Z-98afe028,1ddbef8b2097e947b8c0e1bdf4275bef8f085a4d963ecc5b7ccf51a5486bb0d9,,,https://ssma.magyp.gob.ar/frutas.precios.aspx
monthly_not_comparable,2025-10-02,,,2025-10,MCBA,Hortalizas,,ZANAHORIA,,CHANTENAY,,SANTA FE,,BOLSA,,Primera,MEDIANO,,,320.0,,,ARS/kg,,ARS,,False,0,b84de62def5194d838385329df8f3b313be8a0ed4ca6c344b778a317fd583cc1,2026-10-06T122050_197055Z-98afe028,1ddbef8b2097e947b8c0e1bdf4275bef8f085a4d963ecc5b7ccf51a5486bb0d9,,,https://ssma.magyp.gob.ar/frutas.precios.aspx
monthly_not_comparable,2025-10-02,,,2025-10,MCBA,Hortalizas,,ZANAHORIA,,CHANTENAY,,MENDOZA,,BOLSA,,Primera,MEDIANO,,,340.0,,,ARS/kg,,ARS,,False,0,171c6807fb171c2ac6973232df5ede564a506164cc8c9141d2948784d570473d,2026-10-06T122050_197055Z-98afe028,1ddbef8b2097e947b8c0e1bdf4275bef8f085a4d963ecc5b7ccf51a5486bb0d9,,,https://ssma.magyp.gob.ar/frutas.precios.aspx
monthly_not_comparable,2025-10-02,,,2025-10,MCBA,Hortalizas,,TOMATE,,REDONDO,,SALTA,,PERDIDO,,Segunda,MEDIANO,ROJO,,555.56,,,ARS/kg,,ARS,,False,0,8a8fbfdcaebb97f2726df3d7df2389f312db3b42b45c69df24e654d17ec091d3,2026-10-06T122050_197055Z-98afe028,1ddbef8b2097e947b8c0e1bdf4275bef8f085a4d963ecc5b7ccf51a5486bb0d9,,,https://ssma.magyp.gob.ar/frutas.precios.aspx
monthly_not_comparable,2025-10-02,,,2025-10,MCBA,Hortalizas,,TOMATE,,REDONDO,,SALTA,,PERDIDO,,Segunda,MEDIANO,PINTON,,722.22,,,ARS/kg,,ARS,,False,0,80b67c11ed57846f47c67d5acdefa62a0ebe94056e335198f7ebdc1a1486b916,2026-10-06T122050_197055Z-98afe028,1ddbef8b2097e947b8c0e1bdf4275bef8f085a4d963ecc5b7ccf51a5486bb0d9,,,https://ssma.magyp.gob.ar/frutas.precios.aspx
monthly_not_comparable,2025-10-02,,,2025-10,MCBA,Hortalizas,,TOMATE,,REDONDO,,SALTA,,PERDIDO,,Primera,MEDIANO,PINTON,,888.89,,,ARS/kg,,ARS,,False,0,1040641b896bb286d3bc26ef7ca607a3dd26ddd583646fae589a07ad3afa7aaa,2026-10-06T122050_197055Z-98afe028,1ddbef8b2097e947b8c0e1bdf4275bef8f085a4d963ecc5b7ccf51a5486bb0d9,,,https://ssma.magyp.gob.ar/frutas.precios.aspx
monthly_not_comparable,2025-10-02,,,2025-10,MCBA,Hortalizas,,TOMATE,,REDONDO,,SALTA,,PERDIDO,,Primera,MEDIANO,PTN/INV,,1444.44,,,ARS/kg,,ARS,,False,0,569844cddf514676966cb92b038731df941164a44a2ce5a936fc29b01cbd8644,2026-10-06T122050_197055Z-98afe028,1ddbef8b2097e947b8c0e1bdf4275bef8f085a4d963ecc5b7ccf51a5486bb0d9,,,https://ssma.magyp.gob.ar/frutas.precios.aspx
monthly_not_comparable,2025-10-02,,,2025-10,MCBA,Hortalizas,,TOMATE,,REDONDO,,SALTA,,PERDIDO,,Primera,GRANDE,PINTON,,1111.11,,,ARS/kg,,ARS,,False,0,8ef7c5e336c52b3244213970715094d00b8eeacf13e29a182ec5821ceeb5cd50,2026-10-06T122050_197055Z-98afe028,1ddbef8b2097e947b8c0e1bdf4275bef8f085a4d963ecc5b7ccf51a5486bb0d9,,,https://ssma.magyp.gob.ar/frutas.precios.aspx
monthly_not_comparable,2025-10-02,,,2025-10,MCBA,Hortalizas,,TOMATE,,REDONDO,,SALTA,,PERDIDO,,Primera,GRANDE,PTN/INV,,1777.78,,,ARS/kg,,ARS,,False,0,1156a90b7da2823d8beacb53db39f3faada9a39801c884c90ef40dca45974440,2026-10-06T122050_197055Z-98afe028,1ddbef8b2097e947b8c0e1bdf4275bef8f085a4d963ecc5b7ccf51a5486bb0d9,,,https://ssma.magyp.gob.ar/frutas.precios.aspx
monthly_not_comparable,2025-10-02,,,2025-10,MCBA,Hortalizas,,TOMATE,,REDONDO,,CTES.,,PERDIDO,,Segunda,MEDIANO,PTN/INV,,875.0,,,ARS/kg,,ARS,,False,0,17d6dab71826e16a5897c34ea58c80911a013aa2e32114168863251abbca3baa,2026-10-06T122050_197055Z-98afe028,1ddbef8b2097e947b8c0e1bdf4275bef8f085a4d963ecc5b7ccf51a5486bb0d9,,,https://ssma.magyp.gob.ar/frutas.precios.aspx
monthly_not_comparable,2025-10-02,,,2025-10,MCBA,Hortalizas,,TOMATE,,REDONDO,,CTES.,,PERDIDO,,Segunda,GRANDE,PTN/INV,,1125.0,,,ARS/kg,,ARS,,False,0,a86eee32ed1b287ce5cb0450cf39aa7de03f8b1d9ca7d1afa99a27e32560ba0b,2026-10-06T122050_197055Z-98afe028,1ddbef8b2097e947b8c0e1bdf4275bef8f085a4d963ecc5b7ccf51a5486bb0d9,,,https://ssma.magyp.gob.ar/frutas.precios.aspx
monthly_not_comparable,2025-10-02,,,2025-10,MCBA,Hortalizas,,TOMATE,,REDONDO,,CTES.,,PERDIDO,,Primera,MEDIANO,ROJO/INV,,1062.5,,,ARS/kg,,ARS,,False,0,e3deba0d4381bfc53285570d916238d317d0a466f69eeae21a100ef6f350ea63,2026-10-06T122050_197055Z-98afe028,1ddbef8b2097e947b8c0e1bdf4275bef8f085a4d963ecc5b7ccf51a5486bb0d9,,,https://ssma.magyp.gob.ar/frutas.precios.aspx
monthly_not_comparable,2025-10-02,,,2025-10,MCBA,Hortalizas,,TOMATE,,REDONDO,,CTES.,,PERDIDO,,Primera,MEDIANO,PTN/INV,,1312.5,,,ARS/kg,,ARS,,False,0,c30426f443ccb3a991d4f52ae3bb02c6d0153143dc11daddc0dcf54fb767f820,2026-10-06T122050_197055Z-98afe028,1ddbef8b2097e947b8c0e1bdf4275bef8f085a4d963ecc5b7ccf51a5486bb0d9,,,https://ssma.magyp.gob.ar/frutas.precios.aspx
monthly_not_comparable,2025-10-02,,,2025-10,MCBA,Hortalizas,,TOMATE,,REDONDO,,CTES.,,PERDIDO,,Primera,GRANDE,PTN/INV,,1687.5,,,ARS/kg,,ARS,,False,0,4aa57314d362017af3b217a35c21e3a57f92167a66990dc8fe68ae9250d79722,2026-10-06T122050_197055Z-98afe028,1ddbef8b2097e947b8c0e1bdf4275bef8f085a4d963ecc5b7ccf51a5486bb0d9,,,https://ssma.magyp.gob.ar/frutas.precios.aspx
monthly_not_comparable,2025-10-02,,,2025-10,MCBA,Hortalizas,,TOMATE,,REDONDO,,CHILE,,PERDIDO,,Primera,GRANDE,ROJO/INV,,2388.89,,,ARS/kg,,ARS,,False,0,2235ba9141b873addd932ff62f32d2bdf178abe21f8e6e6827a21c8c5298387e,2026-10-06T122050_197055Z-98afe028,1ddbef8b2097e947b8c0e1bdf4275bef8f085a4d963ecc5b7ccf51a5486bb0d9,,,https://ssma.magyp.gob.ar/frutas.precios.aspx
monthly_not_comparable,2025-10-02,,,2025-10,MCBA,Hortalizas,,TOMATE,,PERITA,,SALTA,,TORO,,Primera,MEDIANO,PINTON,,1000.0,,,ARS/kg,,ARS,,False,0,35e21775731660a700340bd1b299db6e7c9880a94f20c442292efbe1f8fd6bb0,2026-10-06T122050_197055Z-98afe028,1ddbef8b2097e947b8c0e1bdf4275bef8f085a4d963ecc5b7ccf51a5486bb0d9,,,https://ssma.magyp.gob.ar/frutas.precios.aspx
monthly_not_comparable,2025-10-02,,,2025-10,MCBA,Hortalizas,,TOMATE,,PERITA,,SALTA,,TORO,,Primera,GRANDE,PINTON,,1277.78,,,ARS/kg,,ARS,,False,0,599acd75e570b51af249278a711101c5f81d47b7231d56a39d810e51b15d3bf4,2026-10-06T122050_197055Z-98afe028,1ddbef8b2097e947b8c0e1bdf4275bef8f085a4d963ecc5b7ccf51a5486bb0d9,,,https://ssma.magyp.gob.ar/frutas.precios.aspx
monthly_not_comparable,2025-10-02,,,2025-10,MCBA,Hortalizas,,TOMATE,,PERITA,,SALTA,,PERDIDO,,Segunda,MEDIANO,ROJO,,722.22,,,ARS/kg,,ARS,,False,0,6c20c44662772915157890a95d140e25b263de667e0074ed91c4f963405dd944,2026-10-06T122050_197055Z-98afe028,1ddbef8b2097e947b8c0e1bdf4275bef8f085a4d963ecc5b7ccf51a5486bb0d9,,,https://ssma.magyp.gob.ar/frutas.precios.aspx
monthly_not_comparable,2025-10-02,,,2025-10,MCBA,Hortalizas,,TOMATE,,PERITA,,SALTA,,PERDIDO,,Segunda,MEDIANO,PINTON,,888.89,,,ARS/kg,,ARS,,False,0,d85238bf6891d065abf2c9df41f614defcb973a8d34b0fc514d455d77ca730a6,2026-10-06T122050_197055Z-98afe028,1ddbef8b2097e947b8c0e1bdf4275bef8f085a4d963ecc5b7ccf51a5486bb0d9,,,https://ssma.magyp.gob.ar/frutas.precios.aspx
monthly_not_comparable,2025-10-02,,,2025-10,MCBA,Hortalizas,,TOMATE,,PERITA,,SALTA,,PERDIDO,,Primera,MEDIANO,PTN/INV,,1611.11,,,ARS/kg,,ARS,,False,0,374e64bfcdc5ae04fa6acb59147d4734cb9cc554747b73a28d7675c79c30dffe,2026-10-06T122050_197055Z-98afe028,1ddbef8b2097e947b8c0e1bdf4275bef8f085a4d963ecc5b7ccf51a5486bb0d9,,,https://ssma.magyp.gob.ar/frutas.precios.aspx
monthly_not_comparable,2025-10-02,,,2025-10,MCBA,Hortalizas,,TOMATE,,PERITA,,SALTA,,PERDIDO,,Primera,GRANDE,PTN/INV,,1888.89,,,ARS/kg,,ARS,,False,0,4ceab46425905b3d547c0d8fceeaa11274dcacf881e2bb7682bd9e054e804502,2026-10-06T122050_197055Z-98afe028,1ddbef8b2097e947b8c0e1bdf4275bef8f085a4d963ecc5b7ccf51a5486bb0d9,,,https://ssma.magyp.gob.ar/frutas.precios.aspx
monthly_not_comparable,2025-10-02,,,2025-10,MCBA,Hortalizas,,TOMATE,,Prom.Esp.,,,,,,,,,,1497.4,,,ARS/kg,,ARS,,False,0,625db4a637dc803a0b3c12348ad4b0f636a02b6c76594fab3cc05af29aa07b41,2026-10-06T122050_197055Z-98afe028,1ddbef8b2097e947b8c0e1bdf4275bef8f085a4d963ecc5b7ccf51a5486bb0d9,,,https://ssma.magyp.gob.ar/frutas.precios.aspx
monthly_not_comparable,2025-10-02,,,2025-10,MCBA,Hortalizas,,TOMATE,,CHERRY,,SALTA,,CAJA,,Primera,MEDIANO,PTN/INV,,2200.0,,,ARS/kg,,ARS,,False,0,815eb31b2185dac668ac92bfd145cdd5e391227d5205f9d8933439c4faf19b8a,2026-10-06T122050_197055Z-98afe028,1ddbef8b2097e947b8c0e1bdf4275bef8f085a4d963ecc5b7ccf51a5486bb0d9,,,https://ssma.magyp.gob.ar/frutas.precios.aspx
monthly_not_comparable,2025-10-02,,,2025-10,MCBA,Hortalizas,,TOMATE,,CHERRY,,SALTA,,CAJA,,Primera,GRANDE,PTN/INV,,3300.0,,,ARS/kg,,ARS,,False,0,851e99d7d48753f227392f39f5a2c65854177f98d049cee6872d6a18677ad9bb,2026-10-06T122050_197055Z-98afe028,1ddbef8b2097e947b8c0e1bdf4275bef8f085a4d963ecc5b7ccf51a5486bb0d9,,,https://ssma.magyp.gob.ar/frutas.precios.aspx
monthly_not_comparable,2025-10-02,,,2025-10,MCBA,Hortalizas,,TOMATE,,CHERRY,,SALTA,,CAJA,,Primera,CHICO,ROJO/INV,,1200.0,,,ARS/kg,,ARS,,False,0,7d58c704f0c3163157429b65d28b86428c556f840165eea4b5fad4b8fd2136d3,2026-10-06T122050_197055Z-98afe028,1ddbef8b2097e947b8c0e1bdf4275bef8f085a4d963ecc5b7ccf51a5486bb0d9,,,https://ssma.magyp.gob.ar/frutas.precios.aspx
monthly_not_comparable,2025-10-02,,,2025-10,MCBA,Hortalizas,,TOMATE,,CHERRY,,CTES.,,CAJA,,Primera,MEDIANO,PTN/INV,,2400.0,,,ARS/kg,,ARS,,False,0,dafdfb7f5339fe20276ad7026ad16c54f7b3102a5d611342e3bb0fa34767c0b2,2026-10-06T122050_197055Z-98afe028,1ddbef8b2097e947b8c0e1bdf4275bef8f085a4d963ecc5b7ccf51a5486bb0d9,,,https://ssma.magyp.gob.ar/frutas.precios.aspx
monthly_not_comparable,2025-10-02,,,2025-10,MCBA,Hortalizas,,TOMATE,,CHERRY,,CTES.,,CAJA,,Primera,GRANDE,PTN/INV,,3000.0,,,ARS/kg,,ARS,,False,0,acaa9710aae6df06a9f84f5e7af40e1431b848419b28e1a3645347f73240e12d,2026-10-06T122050_197055Z-98afe028,1ddbef8b2097e947b8c0e1bdf4275bef8f085a4d963ecc5b7ccf51a5486bb0d9,,,https://ssma.magyp.gob.ar/frutas.precios.aspx
monthly_not_comparable,2025-10-02,,,2025-10,MCBA,Hortalizas,,TOMILLO,,,,BS. AS.,,ATADO,,,MEDIANO,,,9000.0,,,ARS/kg,,ARS,,False,0,fcbc35b2240920242ecb9339cbf5978361d42c1582921b1f5307a76637c0c85f,2026-10-06T122050_197055Z-98afe028,1ddbef8b2097e947b8c0e1bdf4275bef8f085a4d963ecc5b7ccf51a5486bb0d9,,,https://ssma.magyp.gob.ar/frutas.precios.aspx
monthly_not_comparable,2025-10-02,,,2025-10,MCBA,Hortalizas,,TOMILLO,,Prom.Esp.,,,,,,,,,,9000.0,,,ARS/kg,,ARS,,False,0,9e113466a9f52ffff8491deef22b8c28da4e899d722c0e299ff36c08b01fb573,2026-10-06T122050_197055Z-98afe028,1ddbef8b2097e947b8c0e1bdf4275bef8f085a4d963ecc5b7ccf51a5486bb0d9,,,https://ssma.magyp.gob.ar/frutas.precios.aspx
monthly_not_comparable,2025-10-02,,,2025-10,MCBA,Hortalizas,,BROTE SOJA,,,,BS. AS.,,BOLSA,,Primera,,,,5000.0,,,ARS/kg,,ARS,,False,0,681e28e588b6afc01056ab5a3d8b0f003f8ab004a5c85a4aba949a29ddc521e2,2026-10-06T122050_197055Z-98afe028,1ddbef8b2097e947b8c0e1bdf4275bef8f085a4d963ecc5b7ccf51a5486bb0d9,,,https://ssma.magyp.gob.ar/frutas.precios.aspx
monthly_not_comparable,2025-10-02,,,2025-10,MCBA,Hortalizas,,BROTE SOJA,,Prom.Esp.,,,,,,,,,,5000.0,,,ARS/kg,,ARS,,False,0,77a272ca9b7a7ee783a98599f5b50ccfa900d09d302e6070c52b3cd3b8f0b6f8,2026-10-06T122050_197055Z-98afe028,1ddbef8b2097e947b8c0e1bdf4275bef8f085a4d963ecc5b7ccf51a5486bb0d9,,,https://ssma.magyp.gob.ar/frutas.precios.aspx
monthly_not_comparable,2025-10-02,,,2025-10,MCBA,Hortalizas,,SALVIA,,,,BS. AS.,,BOLSA,,Primera,,,,8500.0,,,ARS/kg,,ARS,,False,0,89c932f030f752d8ed555331d0773bbd1ecebe3ef9a7ca302c642f21ec76ce32,2026-10-06T122050_197055Z-98afe028,1ddbef8b2097e947b8c0e1bdf4275bef8f085a4d963ecc5b7ccf51a5486bb0d9,,,https://ssma.magyp.gob.ar/frutas.precios.aspx
monthly_not_comparable,2025-10-02,,,2025-10,MCBA,Hortalizas,,SALVIA,,Prom.Esp.,,,,,,,,,,8500.0,,,ARS/kg,,ARS,,False,0,32f4531b7ce17519cb0cdd7fdb08519d40812bb5a0c26e570cc38e16cfe9471d,2026-10-06T122050_197055Z-98afe028,1ddbef8b2097e947b8c0e1bdf4275bef8f085a4d963ecc5b7ccf51a5486bb0d9,,,https://ssma.magyp.gob.ar/frutas.precios.aspx
monthly_not_comparable,2025-10-02,,,2025-10,MCBA,Hortalizas,,RUCULA,,,,BS. AS.,,BANDEJA,,Primera,SIN TAM,,,1333.33,,,ARS/kg,,ARS,,False,0,81c0d791d6e362c60c76cd937fddd9f141bb8b96ed590b6696edb5c09ca91bf7,2026-10-06T122050_197055Z-98afe028,1ddbef8b2097e947b8c0e1bdf4275bef8f085a4d963ecc5b7ccf51a5486bb0d9,,,https://ssma.magyp.gob.ar/frutas.precios.aspx
monthly_not_comparable,2025-10-02,,,2025-10,MCBA,Hortalizas,,RUCULA,,Prom.Esp.,,,,,,,,,,1333.33,,,ARS/kg,,ARS,,False,0,ebddb0ad93f65e8b8fb77fafbd71f33770757ee313fc8b0de61c399e5076db29,2026-10-06T122050_197055Z-98afe028,1ddbef8b2097e947b8c0e1bdf4275bef8f085a4d963ecc5b7ccf51a5486bb0d9,,,https://ssma.magyp.gob.ar/frutas.precios.aspx
monthly_not_comparable,2025-10-02,,,2025-10,MCBA,Hortalizas,,RABANITO,,,,BS. AS.,,TORITO,,Primera,,,,1600.0,,,ARS/kg,,ARS,,False,0,0cef9bde309ef5283910161598485d8743b8917a3a2ae20bcf080c260c08a587,2026-10-06T122050_197055Z-98afe028,1ddbef8b2097e947b8c0e1bdf4275bef8f085a4d963ecc5b7ccf51a5486bb0d9,,,https://ssma.magyp.gob.ar/frutas.precios.aspx
monthly_not_comparable,2025-10-02,,,2025-10,MCBA,Hortalizas,,RABANITO,,Prom.Esp.,,,,,,,,,,1600.0,,,ARS/kg,,ARS,,False,0,0572c82e51deca46ae16953842a5ab30ca4318d4c9fb8784f5a22a80bbcfe721,2026-10-06T122050_197055Z-98afe028,1ddbef8b2097e947b8c0e1bdf4275bef8f085a4d963ecc5b7ccf51a5486bb0d9,,,https://ssma.magyp.gob.ar/frutas.precios.aspx
monthly_not_comparable,2025-10-02,,,2025-10,MCBA,Hortalizas,,RADICHETA,,2DO.CORTE,,BS. AS.,,BANDEJA,,Primera,,,,766.67,,,ARS/kg,,ARS,,False,0,38a2125a521bc55c989708573eec518572c61caaffe4a3c683ff2c3f95396493,2026-10-06T122050_197055Z-98afe028,1ddbef8b2097e947b8c0e1bdf4275bef8f085a4d963ecc5b7ccf51a5486bb0d9,,,https://ssma.magyp.gob.ar/frutas.precios.aspx
monthly_not_comparable,2025-10-02,,,2025-10,MCBA,Hortalizas,,RADICHETA,,Prom.Esp.,,,,,,,,,,1133.34,,,ARS/kg,,ARS,,False,0,52826460727b951b7022986fe398036fee29893fc258e7ccacca8e713de8deee,2026-10-06T122050_197055Z-98afe028,1ddbef8b2097e947b8c0e1bdf4275bef8f085a4d963ecc5b7ccf51a5486bb0d9,,,https://ssma.magyp.gob.ar/frutas.precios.aspx
monthly_not_comparable,2025-10-02,,,2025-10,MCBA,Hortalizas,,RADICHETA,,1ER.CORTE,,BS. AS.,,BANDEJA,,Primera,,,,1500.0,,,ARS/kg,,ARS,,False,0,2a71f81e1b296c8bcf02f8813734b41b47ce94486c781ea6d61b88ad93eb250c,2026-10-06T122050_197055Z-98afe028,1ddbef8b2097e947b8c0e1bdf4275bef8f085a4d963ecc5b7ccf51a5486bb0d9,,,https://ssma.magyp.gob.ar/frutas.precios.aspx
monthly_not_comparable,2025-10-02,,,2025-10,MCBA,Hortalizas,,ROMERO,,,,BS. AS.,,ATADO,,Primera,MEDIANO,,,8500.0,,,ARS/kg,,ARS,,False,0,a22df7faecdd5ebfbe7b69f969a09c1a86f88572451167d8990786fd73ce36a0,2026-10-06T122050_197055Z-98afe028,1ddbef8b2097e947b8c0e1bdf4275bef8f085a4d963ecc5b7ccf51a5486bb0d9,,,https://ssma.magyp.gob.ar/frutas.precios.aspx
monthly_not_comparable,2025-10-02,,,2025-10,MCBA,Hortalizas,,ROMERO,,Prom.Esp.,,,,,,,,,,8500.0,,,ARS/kg,,ARS,,False,0,c58c956c8d745811671355a5dbd25e739889a9ed0c22776740e7149f289e13fd,2026-10-06T122050_197055Z-98afe028,1ddbef8b2097e947b8c0e1bdf4275bef8f085a4d963ecc5b7ccf51a5486bb0d9,,,https://ssma.magyp.gob.ar/frutas.precios.aspx
monthly_not_comparable,2025-10-02,,,2025-10,MCBA,Hortalizas,,REPOLLO,,Prom.Esp.,,,,,,,,,,509.58,,,ARS/kg,,ARS,,False,0,c23d0804d1cc7c015108d222f91883bab37de7cfbd126ddc2e06b4efe50f999c,2026-10-06T122050_197055Z-98afe028,1ddbef8b2097e947b8c0e1bdf4275bef8f085a4d963ecc5b7ccf51a5486bb0d9,,,https://ssma.magyp.gob.ar/frutas.precios.aspx
monthly_not_comparable,2025-10-02,,,2025-10,MCBA,Hortalizas,,REPOLLO,,COLORADO,,SANTA FE,,BOLSA,,Primera,MEDIANO,,,466.67,,,ARS/kg,,ARS,,False,0,12eb4d1cea4ad06d5012d415b64efd5c74368ca668fcfb70d0ed8d6425fc49d5,2026-10-06T122050_197055Z-98afe028,1ddbef8b2097e947b8c0e1bdf4275bef8f085a4d963ecc5b7ccf51a5486bb0d9,,,https://ssma.magyp.gob.ar/frutas.precios.aspx
monthly_not_comparable,2025-10-02,,,2025-10,MCBA,Hortalizas,,REPOLLO,,COLORADO,,MENDOZA,,BOLSA,,Primera,MEDIANO,,,750.0,,,ARS/kg,,ARS,,False,0,aefa1932c424afc176882f26babeb395fd67e38e6f75d0cd65ed5c90539f7e60,2026-10-06T122050_197055Z-98afe028,1ddbef8b2097e947b8c0e1bdf4275bef8f085a4d963ecc5b7ccf51a5486bb0d9,,,https://ssma.magyp.gob.ar/frutas.precios.aspx
monthly_not_comparable,2025-10-02,,,2025-10,MCBA,Hortalizas,,REPOLLO,,COLORADO,,BS. AS.,,JAULA,,Primera,MEDIANO,,,433.33,,,ARS/kg,,ARS,,False,0,939952833bd97dd22fb082fad2842d7f471d4df6439c4696f12b4d6ba6a5967d,2026-10-06T122050_197055Z-98afe028,1ddbef8b2097e947b8c0e1bdf4275bef8f085a4d963ecc5b7ccf51a5486bb0d9,,,https://ssma.magyp.gob.ar/frutas.precios.aspx
monthly_not_comparable,2025-10-02,,,2025-10,MCBA,Hortalizas,,REPOLLO,,COLORADO,,BS. AS.,,JAULA,,Primera,GRANDE,,,506.67,,,ARS/kg,,ARS,,False,0,679505be555ac71aff6b464487ca1388f82c2d7a27dee95f52bbad891a8dca06,2026-10-06T122050_197055Z-98afe028,1ddbef8b2097e947b8c0e1bdf4275bef8f085a4d963ecc5b7ccf51a5486bb0d9,,,https://ssma.magyp.gob.ar/frutas.precios.aspx
monthly_not_comparable,2025-10-02,,,2025-10,MCBA,Hortalizas,,REPOLLO,,BLANCO,,SANTA FE,,BOLSA,,Primera,GRANDE,,,433.33,,,ARS/kg,,ARS,,False,0,fa445fb8d1f870656139249243fdf4306fa406d422b6d09b140022676981071c,2026-10-06T122050_197055Z-98afe028,1ddbef8b2097e947b8c0e1bdf4275bef8f085a4d963ecc5b7ccf51a5486bb0d9,,,https://ssma.magyp.gob.ar/frutas.precios.aspx
monthly_not_comparable,2025-10-02,,,2025-10,MCBA,Hortalizas,,REPOLLO,,BLANCO,,MENDOZA,,BOLSA,,Primera,MEDIANO,,,600.0,,,ARS/kg,,ARS,,False,0,f0c7427117cf0dae47756f2ab25bb750594c6d02cc7925d1814fbea204d2c5db,2026-10-06T122050_197055Z-98afe028,1ddbef8b2097e947b8c0e1bdf4275bef8f085a4d963ecc5b7ccf51a5486bb0d9,,,https://ssma.magyp.gob.ar/frutas.precios.aspx
monthly_not_comparable,2025-10-02,,,2025-10,MCBA,Hortalizas,,REPOLLO,,BLANCO,,BS. AS.,,JAULA,,Primera,MEDIANO,,,400.0,,,ARS/kg,,ARS,,False,0,81b796bc621715b0bd0325c7bc497f9d769cf3bbc465d8e7396af37c4f87da29,2026-10-06T122050_197055Z-98afe028,1ddbef8b2097e947b8c0e1bdf4275bef8f085a4d963ecc5b7ccf51a5486bb0d9,,,https://ssma.magyp.gob.ar/frutas.precios.aspx
monthly_not_comparable,2025-10-02,,,2025-10,MCBA,Hortalizas,,REPOLLO,,BLANCO,,BS. AS.,,JAULA,,Primera,GRANDE,,,486.67,,,ARS/kg,,ARS,,False,0,abf6e382c12498181f367b637f17c75c3f6d2426d4c01084fd95441c46ff9f9b,2026-10-06T122050_197055Z-98afe028,1ddbef8b2097e947b8c0e1bdf4275bef8f085a4d963ecc5b7ccf51a5486bb0d9,,,https://ssma.magyp.gob.ar/frutas.precios.aspx
monthly_not_comparable,2025-10-02,,,2025-10,MCBA,Hortalizas,,REMOLACHA,,,,SANTA FE,,BOLSA,,Primera,MEDIANO,,,630.0,,,ARS/kg,,ARS,,False,0,6c4e58c37473a27c3784b34c3a6023f3b6122e9683deb11540889b870f362ab2,2026-10-06T122050_197055Z-98afe028,1ddbef8b2097e947b8c0e1bdf4275bef8f085a4d963ecc5b7ccf51a5486bb0d9,,,https://ssma.magyp.gob.ar/frutas.precios.aspx
monthly_not_comparable,2025-10-02,,,2025-10,MCBA,Hortalizas,,REMOLACHA,,,,BS. AS.,,JAULA,,Primera,MEDIANO,,,666.67,,,ARS/kg,,ARS,,False,0,0bb2d831046716aa6af3a2ea8fa52461e81d1dbf0804b5bbef74910b1afa2281,2026-10-06T122050_197055Z-98afe028,1ddbef8b2097e947b8c0e1bdf4275bef8f085a4d963ecc5b7ccf51a5486bb0d9,,,https://ssma.magyp.gob.ar/frutas.precios.aspx
monthly_not_comparable,2025-10-02,,,2025-10,MCBA,Hortalizas,,REMOLACHA,,,,BS. AS.,,BOLSA,,Primera,MEDIANO,,,550.0,,,ARS/kg,,ARS,,False,0,2aced253b215075b1607e540d464269f37e36b75fd0de97a8840454cc29575a9,2026-10-06T122050_197055Z-98afe028,1ddbef8b2097e947b8c0e1bdf4275bef8f085a4d963ecc5b7ccf51a5486bb0d9,,,https://ssma.magyp.gob.ar/frutas.precios.aspx
monthly_not_comparable,2025-10-02,,,2025-10,MCBA,Hortalizas,,REMOLACHA,,Prom.Esp.,,,,,,,,,,615.56,,,ARS/kg,,ARS,,False,0,56beea7b6cc7b75c8f29edd55d2c4c9cfb4bac950bce137aaaa3a6e1e0ed9282,2026-10-06T122050_197055Z-98afe028,1ddbef8b2097e947b8c0e1bdf4275bef8f085a4d963ecc5b7ccf51a5486bb0d9,,,https://ssma.magyp.gob.ar/frutas.precios.aspx
monthly_not_comparable,2025-10-02,,,2025-10,MCBA,Hortalizas,,RADICCHIO,,,,BS. AS.,,BANDEJA,,Primera,MEDIANO,,,6500.0,,,ARS/kg,,ARS,,False,0,d1f3adcee9469279c95cd1f048e41b2902eb5c98d87383858d1145f38a6c1890,2026-10-06T122050_197055Z-98afe028,1ddbef8b2097e947b8c0e1bdf4275bef8f085a4d963ecc5b7ccf51a5486bb0d9,,,https://ssma.magyp.gob.ar/frutas.precios.aspx
monthly_not_comparable,2025-10-02,,,2025-10,MCBA,Hortalizas,,RADICCHIO,,Prom.Esp.,,,,,,,,,,6500.0,,,ARS/kg,,ARS,,False,0,0db4650a5adc96bd838537d69acbf59d042d506df0f60fa670622e63d88b7fbd,2026-10-06T122050_197055Z-98afe028,1ddbef8b2097e947b8c0e1bdf4275bef8f085a4d963ecc5b7ccf51a5486bb0d9,,,https://ssma.magyp.gob.ar/frutas.precios.aspx
monthly_not_comparable,2025-10-02,,,2025-10,MCBA,Hortalizas,,PUERRO,,,,BS. AS.,,JAULA,,Primera,MEDIANO,,,1200.0,,,ARS/kg,,ARS,,False,0,2907237dd76490f17604f9f46358a8e1fddd4961d9869be42237afa833deb43c,2026-10-06T122050_197055Z-98afe028,1ddbef8b2097e947b8c0e1bdf4275bef8f085a4d963ecc5b7ccf51a5486bb0d9,,,https://ssma.magyp.gob.ar/frutas.precios.aspx
monthly_not_comparable,2025-10-02,,,2025-10,MCBA,Hortalizas,,PUERRO,,,,BS. AS.,,ATADO,,Primera,MEDIANO,,,1500.0,,,ARS/kg,,ARS,,False,0,4fc778ee24dbc16a90dc6e14a0943c4f7597bf169765e5dc8e45b6de3353f578,2026-10-06T122050_197055Z-98afe028,1ddbef8b2097e947b8c0e1bdf4275bef8f085a4d963ecc5b7ccf51a5486bb0d9,,,https://ssma.magyp.gob.ar/frutas.precios.aspx
monthly_not_comparable,2025-10-02,,,2025-10,MCBA,Hortalizas,,PUERRO,,Prom.Esp.,,,,,,,,,,1350.0,,,ARS/kg,,ARS,,False,0,194b233751f89f3bce16e88a49d7b272e9ec721c457b88eea6672ad21849f446,2026-10-06T122050_197055Z-98afe028,1ddbef8b2097e947b8c0e1bdf4275bef8f085a4d963ecc5b7ccf51a5486bb0d9,,,https://ssma.magyp.gob.ar/frutas.precios.aspx
monthly_not_comparable,2025-10-02,,,2025-10,MCBA,Hortalizas,,PIMIENTO,,VINAGRE,,CTES.,,TORO,,Primera,MEDIANO,VDE/INV,,2000.0,,,ARS/kg,,ARS,,False,0,14f102ecfd447ad054d9e0b3252c31015584500aa6a5fc047d905ae43d921c83,2026-10-06T122050_197055Z-98afe028,1ddbef8b2097e947b8c0e1bdf4275bef8f085a4d963ecc5b7ccf51a5486bb0d9,,,https://ssma.magyp.gob.ar/frutas.precios.aspx
monthly_not_comparable,2025-10-02,,,2025-10,MCBA,Hortalizas,,PIMIENTO,,Prom.Esp.,,,,,,,,,,2013.64,,,ARS/kg,,ARS,,False,0,ff13f88f368f72f7144b9a3973b229974a73f0c0870a5f9aeb500a0057c99bc5,2026-10-06T122050_197055Z-98afe028,1ddbef8b2097e947b8c0e1bdf4275bef8f085a4d963ecc5b7ccf51a5486bb0d9,,,https://ssma.magyp.gob.ar/frutas.precios.aspx
monthly_not_comparable,2025-10-02,,,2025-10,MCBA,Hortalizas,,PIMIENTO,,MORRON,,SALTA,,PERDIDO,,Primera,MEDIANO,VDE/INV,,1600.0,,,ARS/kg,,ARS,,False,0,072434fe1f79649a8efdfa7d49a472afd93c32b4233dc22220477c49b2192b86,2026-10-06T122050_197055Z-98afe028,1ddbef8b2097e947b8c0e1bdf4275bef8f085a4d963ecc5b7ccf51a5486bb0d9,,,https://ssma.magyp.gob.ar/frutas.precios.aspx
monthly_not_comparable,2025-10-02,,,2025-10,MCBA,Hortalizas,,PIMIENTO,,MORRON,,SALTA,,PERDIDO,,Primera,MEDIANO,ROJO/INV,,2500.0,,,ARS/kg,,ARS,,False,0,d1198ab76b2d503f4ec2fe03d323768a32fdbc471267809eaa026fd1f1c7fa19,2026-10-06T122050_197055Z-98afe028,1ddbef8b2097e947b8c0e1bdf4275bef8f085a4d963ecc5b7ccf51a5486bb0d9,,,https://ssma.magyp.gob.ar/frutas.precios.aspx
monthly_not_comparable,2025-10-02,,,2025-10,MCBA,Hortalizas,,PIMIENTO,,MORRON,,SALTA,,PERDIDO,,Primera,GRANDE,VDE/INV,,2200.0,,,ARS/kg,,ARS,,False,0,9538d1ae8b5fd86eea84219ec4349540a65a7056dc483e1f1a941c8fb3864fad,2026-10-06T122050_197055Z-98afe028,1ddbef8b2097e947b8c0e1bdf4275bef8f085a4d963ecc5b7ccf51a5486bb0d9,,,https://ssma.magyp.gob.ar/frutas.precios.aspx
monthly_not_comparable,2025-10-02,,,2025-10,MCBA,Hortalizas,,PIMIENTO,,MORRON,,SALTA,,PERDIDO,,Primera,GRANDE,ROJO/INV,,3100.0,,,ARS/kg,,ARS,,False,0,d9d322557220f50f18c07aac95525c8f94cd40d8f7c7a11371b3eb3aa6b341e9,2026-10-06T122050_197055Z-98afe028,1ddbef8b2097e947b8c0e1bdf4275bef8f085a4d963ecc5b7ccf51a5486bb0d9,,,https://ssma.magyp.gob.ar/frutas.precios.aspx
monthly_not_comparable,2025-10-02,,,2025-10,MCBA,Hortalizas,,PIMIENTO,,MORRON,,CTES.,,PERDIDO,,Primera,MEDIANO,VDE/INV,,1375.0,,,ARS/kg,,ARS,,False,0,711cab1220ac9b7fac49558859262feea7c33ce100f67e11dd7de8d89b26211f,2026-10-06T122050_197055Z-98afe028,1ddbef8b2097e947b8c0e1bdf4275bef8f085a4d963ecc5b7ccf51a5486bb0d9,,,https://ssma.magyp.gob.ar/frutas.precios.aspx
monthly_not_comparable,2025-10-02,,,2025-10,MCBA,Hortalizas,,PIMIENTO,,MORRON,,CTES.,,PERDIDO,,Primera,MEDIANO,ROJO/INV,,1625.0,,,ARS/kg,,ARS,,False,0,ba3d6ec714f975eb6de8bb18bf25c788565966dd355698ecb06fcb9969a09574,2026-10-06T122050_197055Z-98afe028,1ddbef8b2097e947b8c0e1bdf4275bef8f085a4d963ecc5b7ccf51a5486bb0d9,,,https://ssma.magyp.gob.ar/frutas.precios.aspx
monthly_not_comparable,2025-10-02,,,2025-10,MCBA,Hortalizas,,PIMIENTO,,MORRON,,CTES.,,PERDIDO,,Primera,GRANDE,VDE/INV,,1875.0,,,ARS/kg,,ARS,,False,0,7f120407365080b1c6757abf42ee5248f3e2a6793b49b5e7f98470371154e455,2026-10-06T122050_197055Z-98afe028,1ddbef8b2097e947b8c0e1bdf4275bef8f085a4d963ecc5b7ccf51a5486bb0d9,,,https://ssma.magyp.gob.ar/frutas.precios.aspx
monthly_not_comparable,2025-10-02,,,2025-10,MCBA,Hortalizas,,PIMIENTO,,MORRON,,CTES.,,PERDIDO,,Primera,GRANDE,ROJO/INV,,2500.0,,,ARS/kg,,ARS,,False,0,0f29639e94942956ddc0e7b832f1675e2bc82b337bbf74e81bb7a7d7cc68084b,2026-10-06T122050_197055Z-98afe028,1ddbef8b2097e947b8c0e1bdf4275bef8f085a4d963ecc5b7ccf51a5486bb0d9,,,https://ssma.magyp.gob.ar/frutas.precios.aspx
monthly_not_comparable,2025-10-02,,,2025-10,MCBA,Hortalizas,,PIMIENTO,,JALAPE¥O,,CTES.,,BANDEJA,,Primera,MEDIANO,ROJO/INV,,1750.0,,,ARS/kg,,ARS,,False,0,3d2a33551d907426443527fa4255a64aab21994338e6d8cc338149891cba5c36,2026-10-06T122050_197055Z-98afe028,1ddbef8b2097e947b8c0e1bdf4275bef8f085a4d963ecc5b7ccf51a5486bb0d9,,,https://ssma.magyp.gob.ar/frutas.precios.aspx
monthly_not_comparable,2025-10-02,,,2025-10,MCBA,Hortalizas,,PIMIENTO,,JALAPEÑO,,CTES.,,BANDEJA,,Primera,GRANDE,VDE/INV,,1625.0,,,ARS/kg,,ARS,,False,0,16683a82a6d7bd7e26ab7d30898c3a1860c2d5b86ef37f846014c289b3cebdd5,2026-10-06T122050_197055Z-98afe028,1ddbef8b2097e947b8c0e1bdf4275bef8f085a4d963ecc5b7ccf51a5486bb0d9,,,https://ssma.magyp.gob.ar/frutas.precios.aspx
monthly_not_comparable,2025-10-02,,,2025-10,MCBA,Hortalizas,,PEREJIL,,,,BS. AS.,,JAULA,,Primera,MEDIANO,,,950.0,,,ARS/kg,,ARS,,False,0,ab6d1a600f76688012531def1adc60aedd199e0c3b041a893b6aba45e8efd09d,2026-10-06T122050_197055Z-98afe028,1ddbef8b2097e947b8c0e1bdf4275bef8f085a4d963ecc5b7ccf51a5486bb0d9,,,https://ssma.magyp.gob.ar/frutas.precios.aspx
monthly_not_comparable,2025-10-02,,,2025-10,MCBA,Hortalizas,,PEREJIL,,,,BS. AS.,,JAULA,,Primera,GRANDE,,,1200.0,,,ARS/kg,,ARS,,False,0,a5bf04888f4d71fb3803345ce69a9197997e474a653bc1ce04d0308193b7998f,2026-10-06T122050_197055Z-98afe028,1ddbef8b2097e947b8c0e1bdf4275bef8f085a4d963ecc5b7ccf51a5486bb0d9,,,https://ssma.magyp.gob.ar/frutas.precios.aspx
monthly_not_comparable,2025-10-02,,,2025-10,MCBA,Hortalizas,,PEREJIL,,Prom.Esp.,,,,,,,,,,1075.0,,,ARS/kg,,ARS,,False,0,b23eeab4efdf51a6773b8cf7f9f524e6df0f7861904a24cba1471aaa2b50daf5,2026-10-06T122050_197055Z-98afe028,1ddbef8b2097e947b8c0e1bdf4275bef8f085a4d963ecc5b7ccf51a5486bb0d9,,,https://ssma.magyp.gob.ar/frutas.precios.aspx
monthly_not_comparable,2025-10-02,,,2025-10,MCBA,Hortalizas,,PEPINO,,,,SALTA,,PERDIDO,,Primera,MEDIANO,,,733.33,,,ARS/kg,,ARS,,False,0,d7169c42a86321fcc266b481834910dd31bdbd1d2ea2c7c556e9fea410769e9a,2026-10-06T122050_197055Z-98afe028,1ddbef8b2097e947b8c0e1bdf4275bef8f085a4d963ecc5b7ccf51a5486bb0d9,,,https://ssma.magyp.gob.ar/frutas.precios.aspx
monthly_not_comparable,2025-10-02,,,2025-10,MCBA,Hortalizas,,PEPINO,,,,CTES.,,PERDIDO,,Primera,MEDIANO,,,653.33,,,ARS/kg,,ARS,,False,0,2c3d5b0c8cd968916198afafa7535126cdcef834588e289424100f793e56934a,2026-10-06T122050_197055Z-98afe028,1ddbef8b2097e947b8c0e1bdf4275bef8f085a4d963ecc5b7ccf51a5486bb0d9,,,https://ssma.magyp.gob.ar/frutas.precios.aspx
monthly_not_comparable,2025-10-02,,,2025-10,MCBA,Hortalizas,,PEPINO,,Prom.Esp.,,,,,,,,,,693.33,,,ARS/kg,,ARS,,False,0,efee5d9b0bafa4e8c330fb318c10d09f3d39eabd0fa03535852078382ce95f86,2026-10-06T122050_197055Z-98afe028,1ddbef8b2097e947b8c0e1bdf4275bef8f085a4d963ecc5b7ccf51a5486bb0d9,,,https://ssma.magyp.gob.ar/frutas.precios.aspx
monthly_not_comparable,2025-10-02,,,2025-10,MCBA,Hortalizas,,PAPA,,SPUNTA,,V.DOLOR.,,BOLSA,,Segunda,MEDIANO,,,255.56,,,ARS/kg,,ARS,,False,0,95f0d7964f509299b4575aee2ad19013590d2245c640ca4604781ad578a2f558,2026-10-06T122050_197055Z-98afe028,1ddbef8b2097e947b8c0e1bdf4275bef8f085a4d963ecc5b7ccf51a5486bb0d9,,,https://ssma.magyp.gob.ar/frutas.precios.aspx
monthly_not_comparable,2025-10-02,,,2025-10,MCBA,Hortalizas,,PAPA,,SPUNTA,,TUCUMAN,,BOLSA,,Segunda,MED/CHI,,,255.56,,,ARS/kg,,ARS,,False,0,7ccdddc0eb13f01be828fcde26f8cb170e7977b31ef499012f9edb30efd7270d,2026-10-06T122050_197055Z-98afe028,1ddbef8b2097e947b8c0e1bdf4275bef8f085a4d963ecc5b7ccf51a5486bb0d9,,,https://ssma.magyp.gob.ar/frutas.precios.aspx
monthly_not_comparable,2025-10-02,,,2025-10,MCBA,Hortalizas,,PAPA,,SPUNTA,,SE BS.AS,,BOLSA,,Segunda,MEDIANO,CEPILLAD,,188.89,,,ARS/kg,,ARS,,False,0,787f4e861148877c2532d1de1fc55602bffd6db18fe634274feb71cbcff3cf0f,2026-10-06T122050_197055Z-98afe028,1ddbef8b2097e947b8c0e1bdf4275bef8f085a4d963ecc5b7ccf51a5486bb0d9,,,https://ssma.magyp.gob.ar/frutas.precios.aspx
monthly_not_comparable,2025-10-02,,,2025-10,MCBA,Hortalizas,,PAPA,,SPUNTA,,SE BS.AS,,BOLSA,,Segunda,MEDIANO,,,122.22,,,ARS/kg,,ARS,,False,0,c54f21efd1295dcd909a7842874afc6e0064a3d976035763801b7fffb37576d0,2026-10-06T122050_197055Z-98afe028,1ddbef8b2097e947b8c0e1bdf4275bef8f085a4d963ecc5b7ccf51a5486bb0d9,,,https://ssma.magyp.gob.ar/frutas.precios.aspx
monthly_not_comparable,2025-10-02,,,2025-10,MCBA,Hortalizas,,PAPA,,SPUNTA,,SE BS.AS,,BOLSA,,Primera,MEDIANO,LAVADA,,500.0,,,ARS/kg,,ARS,,False,0,f83f37d0051e00da1e89b6c8a87ac8a0a1b7769de04a7aad3f9108488aeffe50,2026-10-06T122050_197055Z-98afe028,1ddbef8b2097e947b8c0e1bdf4275bef8f085a4d963ecc5b7ccf51a5486bb0d9,,,https://ssma.magyp.gob.ar/frutas.precios.aspx
monthly_not_comparable,2025-10-02,,,2025-10,MCBA,Hortalizas,,PAPA,,SPUNTA,,CORDOBA,,BOLSA,,Segunda,MEDIANO,,,244.44,,,ARS/kg,,ARS,,False,0,6626cc8e330d9f42f4877ce0b3749b92a4bfd7eb2078bfaf4a5ae1a0b272807b,2026-10-06T122050_197055Z-98afe028,1ddbef8b2097e947b8c0e1bdf4275bef8f085a4d963ecc5b7ccf51a5486bb0d9,,,https://ssma.magyp.gob.ar/frutas.precios.aspx
monthly_not_comparable,2025-10-02,,,2025-10,MCBA,Hortalizas,,PAPA,,SAGITTA,,SE BS.AS,,BOLSA,,Primera,MEDIANO,LAVADA,,450.0,,,ARS/kg,,ARS,,False,0,fa2c7a32e9ac0302fe0de1ec8e58de3ea74586d6de0dcd6f47be8c94273b4178,2026-10-06T122050_197055Z-98afe028,1ddbef8b2097e947b8c0e1bdf4275bef8f085a4d963ecc5b7ccf51a5486bb0d9,,,https://ssma.magyp.gob.ar/frutas.precios.aspx
monthly_not_comparable,2025-10-02,,,2025-10,MCBA,Hortalizas,,PAPA,,SAGITTA,,SAN LUIS,,BOLSA,,Primera,MEDIANO,LAVADA,,470.0,,,ARS/kg,,ARS,,False,0,17622fff1e915aeda621d6a74fc6a7176739e6d4f7151c291d08fb8fb8f80537,2026-10-06T122050_197055Z-98afe028,1ddbef8b2097e947b8c0e1bdf4275bef8f085a4d963ecc5b7ccf51a5486bb0d9,,,https://ssma.magyp.gob.ar/frutas.precios.aspx
monthly_not_comparable,2025-10-02,,,2025-10,MCBA,Hortalizas,,PAPA,,Prom.Esp.,,,,,,,,,,398.33,,,ARS/kg,,ARS,,False,0,d7f4c93ce38e79f4a716dc1f44ac72617e95703f85086ebca53789fa9457b89a,2026-10-06T122050_197055Z-98afe028,1ddbef8b2097e947b8c0e1bdf4275bef8f085a4d963ecc5b7ccf51a5486bb0d9,,,https://ssma.magyp.gob.ar/frutas.precios.aspx
monthly_not_comparable,2025-10-02,,,2025-10,MCBA,Hortalizas,,PAPA,,DAIFLA,,SAN LUIS,,BOLSA,,Primera,MEDIANO,LAVADA,,475.0,,,ARS/kg,,ARS,,False,0,2aed93e8d28cb4b58f42f105cfcc8b5b848256bfa405d0c17c58b84937078505,2026-10-06T122050_197055Z-98afe028,1ddbef8b2097e947b8c0e1bdf4275bef8f085a4d963ecc5b7ccf51a5486bb0d9,,,https://ssma.magyp.gob.ar/frutas.precios.aspx
monthly_not_comparable,2025-10-02,,,2025-10,MCBA,Hortalizas,,PAPA,,ASTERIX,,BRASIL,,BOLSA,,Primera,MEDIANO,LAVADA,,700.0,,,ARS/kg,,ARS,,False,0,548b6a5ec4439132c9512c0d3c84fbeea69511668a64c6b3b5435a1a8e757290,2026-10-06T122050_197055Z-98afe028,1ddbef8b2097e947b8c0e1bdf4275bef8f085a4d963ecc5b7ccf51a5486bb0d9,,,https://ssma.magyp.gob.ar/frutas.precios.aspx
monthly_not_comparable,2025-10-02,,,2025-10,MCBA,Hortalizas,,PAPA,,AGATA,,BRASIL,,BOLSA,,Primera,MEDIANO,LAVADA,,720.0,,,ARS/kg,,ARS,,False,0,c27c910c6d96db72f16c44229fa80efd88125e1cdd329d84d8792fd867603fff,2026-10-06T122050_197055Z-98afe028,1ddbef8b2097e947b8c0e1bdf4275bef8f085a4d963ecc5b7ccf51a5486bb0d9,,,https://ssma.magyp.gob.ar/frutas.precios.aspx
monthly_not_comparable,2025-10-02,,,2025-10,MCBA,Hortalizas,,PACK CHOY,,,,BS. AS.,,BANDEJA,,Primera,,,,2333.33,,,ARS/kg,,ARS,,False,0,bcbad9c77a852badff6272f16f2af3ca646bf702c546dcbedeb62915fb625772,2026-10-06T122050_197055Z-98afe028,1ddbef8b2097e947b8c0e1bdf4275bef8f085a4d963ecc5b7ccf51a5486bb0d9,,,https://ssma.magyp.gob.ar/frutas.precios.aspx
monthly_not_comparable,2025-10-02,,,2025-10,MCBA,Hortalizas,,PACK CHOY,,Prom.Esp.,,,,,,,,,,2333.33,,,ARS/kg,,ARS,,False,0,c7d3ecfd306f6d75e462d596d7c982c30b4c71ebd02f924fd19d253347a9489c,2026-10-06T122050_197055Z-98afe028,1ddbef8b2097e947b8c0e1bdf4275bef8f085a4d963ecc5b7ccf51a5486bb0d9,,,https://ssma.magyp.gob.ar/frutas.precios.aspx
monthly_not_comparable,2025-10-02,,,2025-10,MCBA,Hortalizas,,OREGANO,,,,BS. AS.,,ATADO,,Primera,MEDIANO,,,9500.0,,,ARS/kg,,ARS,,False,0,8f5a82e3120a8560b251d924f9f9ddbd77a919284305b7f18a85fb8dfcc3a1c9,2026-10-06T122050_197055Z-98afe028,1ddbef8b2097e947b8c0e1bdf4275bef8f085a4d963ecc5b7ccf51a5486bb0d9,,,https://ssma.magyp.gob.ar/frutas.precios.aspx
monthly_not_comparable,2025-10-02,,,2025-10,MCBA,Hortalizas,,OREGANO,,Prom.Esp.,,,,,,,,,,9500.0,,,ARS/kg,,ARS,,False,0,4fe913fc6c29a644af74ec5d8bd45b1b5fa072a9b354a404c1b3672e875ec817,2026-10-06T122050_197055Z-98afe028,1ddbef8b2097e947b8c0e1bdf4275bef8f085a4d963ecc5b7ccf51a5486bb0d9,,,https://ssma.magyp.gob.ar/frutas.precios.aspx
monthly_not_comparable,2025-10-02,,,2025-10,MCBA,Hortalizas,,MENTA,,,,BS. AS.,,ATADO,,Primera,MEDIANO,,,9600.0,,,ARS/kg,,ARS,,False,0,881df1b87caf4a2e8b1b9c32239f7f92ddb7517ad11259ddfec8449d4b0b1068,2026-10-06T122050_197055Z-98afe028,1ddbef8b2097e947b8c0e1bdf4275bef8f085a4d963ecc5b7ccf51a5486bb0d9,,,https://ssma.magyp.gob.ar/frutas.precios.aspx
monthly_not_comparable,2025-10-02,,,2025-10,MCBA,Hortalizas,,MENTA,,Prom.Esp.,,,,,,,,,,9600.0,,,ARS/kg,,ARS,,False,0,5ac5ba3e896a56fe937305b045e9fc3886d95351c3fba05725bedac1afb6d5f8,2026-10-06T122050_197055Z-98afe028,1ddbef8b2097e947b8c0e1bdf4275bef8f085a4d963ecc5b7ccf51a5486bb0d9,,,https://ssma.magyp.gob.ar/frutas.precios.aspx
monthly_not_comparable,2025-10-02,,,2025-10,MCBA,Hortalizas,,MANDIOCA,,,,MISIONES,,BOLSA,,Primera,GRANDE,,,325.0,,,ARS/kg,,ARS,,False,0,67be6841a9d2160524f9f137ef4a57db3533c4301211c53139e1898f1554270d,2026-10-06T122050_197055Z-98afe028,1ddbef8b2097e947b8c0e1bdf4275bef8f085a4d963ecc5b7ccf51a5486bb0d9,,,https://ssma.magyp.gob.ar/frutas.precios.aspx
monthly_not_comparable,2025-10-02,,,2025-10,MCBA,Hortalizas,,MANDIOCA,,Prom.Esp.,,,,,,,,,,325.0,,,ARS/kg,,ARS,,False,0,667aac30a0d441d7ec03c7810d322763a9b92dc9624b4c27e5f0f9cc888e6dfb,2026-10-06T122050_197055Z-98afe028,1ddbef8b2097e947b8c0e1bdf4275bef8f085a4d963ecc5b7ccf51a5486bb0d9,,,https://ssma.magyp.gob.ar/frutas.precios.aspx
monthly_not_comparable,2025-10-02,,,2025-10,MCBA,Hortalizas,,LECHUGA,,Prom.Esp.,,,,,,,,,,738.24,,,ARS/kg,,ARS,,False,0,682fb3e6091b2b351401a3662e4d5d86b5d78ebd654144d02604ec068577d292,2026-10-06T122050_197055Z-98afe028,1ddbef8b2097e947b8c0e1bdf4275bef8f085a4d963ecc5b7ccf51a5486bb0d9,,,https://ssma.magyp.gob.ar/frutas.precios.aspx
monthly_not_comparable,2025-10-02,,,2025-10,MCBA,Hortalizas,,LECHUGA,,MANTECOSA,,BS. AS.,,JAULA,,Primera,MEDIANO,INVERNAC,,940.0,,,ARS/kg,,ARS,,False,0,f7138854015be25f4dc3dec609ad847d14f99c6db2b52485d3f0a8e5b3052239,2026-10-06T122050_197055Z-98afe028,1ddbef8b2097e947b8c0e1bdf4275bef8f085a4d963ecc5b7ccf51a5486bb0d9,,,https://ssma.magyp.gob.ar/frutas.precios.aspx
monthly_not_comparable,2025-10-02,,,2025-10,MCBA,Hortalizas,,LECHUGA,,MANTECOSA,,BS. AS.,,JAULA,,Primera,MEDIANO,,,700.0,,,ARS/kg,,ARS,,False,0,6e928b0a7078c29f4ec200f242b9552d4d7e2915e63d6cfe78013fe1cb285dbb,2026-10-06T122050_197055Z-98afe028,1ddbef8b2097e947b8c0e1bdf4275bef8f085a4d963ecc5b7ccf51a5486bb0d9,,,https://ssma.magyp.gob.ar/frutas.precios.aspx
monthly_not_comparable,2025-10-02,,,2025-10,MCBA,Hortalizas,,LECHUGA,,FRANCESA,,BS. AS.,,JAULA,,Primera,MEDIANO,,,412.5,,,ARS/kg,,ARS,,False,0,41879755f53c85cdc082494b096b64af7510e6425433b5d5b4505727e25eb3ed,2026-10-06T122050_197055Z-98afe028,1ddbef8b2097e947b8c0e1bdf4275bef8f085a4d963ecc5b7ccf51a5486bb0d9,,,https://ssma.magyp.gob.ar/frutas.precios.aspx
monthly_not_comparable,2025-10-02,,,2025-10,MCBA,Hortalizas,,LECHUGA,,CRIOLLA,,BS. AS.,,JAULA,,Primera,MEDIANO,INVERNAC,,637.5,,,ARS/kg,,ARS,,False,0,ace3f2b44c866e580c4473a0868579c491c9e23ed2fce6a615ad273ba0644e71,2026-10-06T122050_197055Z-98afe028,1ddbef8b2097e947b8c0e1bdf4275bef8f085a4d963ecc5b7ccf51a5486bb0d9,,,https://ssma.magyp.gob.ar/frutas.precios.aspx
monthly_not_comparable,2025-10-02,,,2025-10,MCBA,Hortalizas,,LECHUGA,,CRIOLLA,,BS. AS.,,JAULA,,Primera,MEDIANO,,,475.0,,,ARS/kg,,ARS,,False,0,e429f84a3ab3c2976f04a985774ece22bb5c8c35c45af228c64ad2734a6350c2,2026-10-06T122050_197055Z-98afe028,1ddbef8b2097e947b8c0e1bdf4275bef8f085a4d963ecc5b7ccf51a5486bb0d9,,,https://ssma.magyp.gob.ar/frutas.precios.aspx
monthly_not_comparable,2025-10-02,,,2025-10,MCBA,Hortalizas,,LECHUGA,,CRIOLLA,,BS. AS.,,JAULA,,Primera,GRANDE,INVERNAC,,812.5,,,ARS/kg,,ARS,,False,0,742f2f0b6d664bbc2a3c7ca36156ed4a9ff1237b7f9009e449c00e8084b448cf,2026-10-06T122050_197055Z-98afe028,1ddbef8b2097e947b8c0e1bdf4275bef8f085a4d963ecc5b7ccf51a5486bb0d9,,,https://ssma.magyp.gob.ar/frutas.precios.aspx
monthly_not_comparable,2025-10-02,,,2025-10,MCBA,Hortalizas,,LECHUGA,,CAPUCHINA,,SANTA FE,,JAULA,,Primera,MEDIANO,,,916.67,,,ARS/kg,,ARS,,False,0,8e053ed813b5b2915540019b8f1d14910f162a7cba73b7b670ec34c772d0eb95,2026-10-06T122050_197055Z-98afe028,1ddbef8b2097e947b8c0e1bdf4275bef8f085a4d963ecc5b7ccf51a5486bb0d9,,,https://ssma.magyp.gob.ar/frutas.precios.aspx
monthly_not_comparable,2025-10-02,,,2025-10,MCBA,Hortalizas,,LECHUGA,,CAPUCHINA,,MENDOZA,,PERDIDO,,Primera,MEDIANO,,,916.67,,,ARS/kg,,ARS,,False,0,7829dd398671cde99b4e1c1fa7e17ec164f8bbbc4c3d84a82c18f7af62762187,2026-10-06T122050_197055Z-98afe028,1ddbef8b2097e947b8c0e1bdf4275bef8f085a4d963ecc5b7ccf51a5486bb0d9,,,https://ssma.magyp.gob.ar/frutas.precios.aspx
monthly_not_comparable,2025-10-02,,,2025-10,MCBA,Hortalizas,,LECHUGA,,CAPUCHINA,,BS. AS.,,JAULA,,Primera,MEDIANO,,,833.33,,,ARS/kg,,ARS,,False,0,79ddacb9e2e2ca7d3b9138dae1588f6ba3bfcff072f64fa7ec8fbe0a5d70fb85,2026-10-06T122050_197055Z-98afe028,1ddbef8b2097e947b8c0e1bdf4275bef8f085a4d963ecc5b7ccf51a5486bb0d9,,,https://ssma.magyp.gob.ar/frutas.precios.aspx
monthly_not_comparable,2025-10-02,,,2025-10,MCBA,Hortalizas,,KALE,,Prom.Esp.,,,,,,,,,,800.0,,,ARS/kg,,ARS,,False,0,a1a30ecb7ffbea904e44b347efa1b662408c884810068b4b1cb4f7dda614f10f,2026-10-06T122050_197055Z-98afe028,1ddbef8b2097e947b8c0e1bdf4275bef8f085a4d963ecc5b7ccf51a5486bb0d9,,,https://ssma.magyp.gob.ar/frutas.precios.aspx
monthly_not_comparable,2025-10-02,,,2025-10,MCBA,Hortalizas,,KALE,,CRESPO,,BS. AS.,,ATADO,,Primera,SIN TAM,VERDE,,800.0,,,ARS/kg,,ARS,,False,0,66c53d832c9dd4b7158e282dcc94c3f322888ab1cf3087775604ec692f52799e,2026-10-06T122050_197055Z-98afe028,1ddbef8b2097e947b8c0e1bdf4275bef8f085a4d963ecc5b7ccf51a5486bb0d9,,,https://ssma.magyp.gob.ar/frutas.precios.aspx
monthly_not_comparable,2025-10-02,,,2025-10,MCBA,Hortalizas,,JENGIBRE,,,,BRASIL,,BOLSA,,Primera,MEDIANO,,,5700.0,,,ARS/kg,,ARS,,False,0,d84f53d2f1428d4b85828130cd0b58493d52ed2ed30fe1d89a6504d1e1cb7cea,2026-10-06T122050_197055Z-98afe028,1ddbef8b2097e947b8c0e1bdf4275bef8f085a4d963ecc5b7ccf51a5486bb0d9,,,https://ssma.magyp.gob.ar/frutas.precios.aspx
monthly_not_comparable,2025-10-02,,,2025-10,MCBA,Hortalizas,,JENGIBRE,,Prom.Esp.,,,,,,,,,,5700.0,,,ARS/kg,,ARS,,False,0,c08ef2652d9cf3375b592c3ee494c9105c086e7628278bda3a67b128e59940dc,2026-10-06T122050_197055Z-98afe028,1ddbef8b2097e947b8c0e1bdf4275bef8f085a4d963ecc5b7ccf51a5486bb0d9,,,https://ssma.magyp.gob.ar/frutas.precios.aspx
monthly_not_comparable,2025-10-02,,,2025-10,MCBA,Hortalizas,,HONGOS,,SHIITAKE,,BS. AS.,,BANDEJA,,Primera,,,,15000.0,,,ARS/kg,,ARS,,False,0,ca1b4d0d2aec282be389671184b242fc736d9de824f6cc6f9af5bff7f3ea1660,2026-10-06T122050_197055Z-98afe028,1ddbef8b2097e947b8c0e1bdf4275bef8f085a4d963ecc5b7ccf51a5486bb0d9,,,https://ssma.magyp.gob.ar/frutas.precios.aspx
monthly_not_comparable,2025-10-02,,,2025-10,MCBA,Hortalizas,,HONGOS,,Prom.Esp.,,,,,,,,,,15000.0,,,ARS/kg,,ARS,,False,0,35b20ef386f5830837a1da3b281a2ab36015dc3b350aa4bbfa18beb55208001c,2026-10-06T122050_197055Z-98afe028,1ddbef8b2097e947b8c0e1bdf4275bef8f085a4d963ecc5b7ccf51a5486bb0d9,,,https://ssma.magyp.gob.ar/frutas.precios.aspx
monthly_not_comparable,2025-10-02,,,2025-10,MCBA,Hortalizas,,HONGOS,,PORTOBELO,,BS. AS.,,BOLSA,,Primera,,,,15500.0,,,ARS/kg,,ARS,,False,0,8829eb58e627009af20bfc8e9c1244bd308337acc75914327bd0726e2e237821,2026-10-06T122050_197055Z-98afe028,1ddbef8b2097e947b8c0e1bdf4275bef8f085a4d963ecc5b7ccf51a5486bb0d9,,,https://ssma.magyp.gob.ar/frutas.precios.aspx
monthly_not_comparable,2025-10-02,,,2025-10,MCBA,Hortalizas,,HONGOS,,OYSTER,,BS. AS.,,BANDEJA,,Primera,,,,15500.0,,,ARS/kg,,ARS,,False,0,9d916490c1698c5bebcbf060b01533047f66587d0a7f660a8ae5e84fe676c978,2026-10-06T122050_197055Z-98afe028,1ddbef8b2097e947b8c0e1bdf4275bef8f085a4d963ecc5b7ccf51a5486bb0d9,,,https://ssma.magyp.gob.ar/frutas.precios.aspx
monthly_not_comparable,2025-10-02,,,2025-10,MCBA,Hortalizas,,HONGOS,,AGARICUS,,BS. AS.,,BOLSA,,Primera,,,,14000.0,,,ARS/kg,,ARS,,False,0,9602f7be28f8b4296aefb2dbb20d4aa8d0df9965f90de983888accbec776051a,2026-10-06T122050_197055Z-98afe028,1ddbef8b2097e947b8c0e1bdf4275bef8f085a4d963ecc5b7ccf51a5486bb0d9,,,https://ssma.magyp.gob.ar/frutas.precios.aspx
monthly_not_comparable,2025-10-02,,,2025-10,MCBA,Hortalizas,,HINOJO,,,,BS. AS.,,JAULA,,Primera,MEDIANO,,,933.33,,,ARS/kg,,ARS,,False,0,354bee2d5c9eef16e4b43ad5c058b0510e074233f7cd4eb9c48af5bf55db0c3e,2026-10-06T122050_197055Z-98afe028,1ddbef8b2097e947b8c0e1bdf4275bef8f085a4d963ecc5b7ccf51a5486bb0d9,,,https://ssma.magyp.gob.ar/frutas.precios.aspx
monthly_not_comparable,2025-10-02,,,2025-10,MCBA,Hortalizas,,HINOJO,,Prom.Esp.,,,,,,,,,,933.33,,,ARS/kg,,ARS,,False,0,88136e54557cf1cc47fdad9c350c228f630cacb8c631410dbbd02854c37996b2,2026-10-06T122050_197055Z-98afe028,1ddbef8b2097e947b8c0e1bdf4275bef8f085a4d963ecc5b7ccf51a5486bb0d9,,,https://ssma.magyp.gob.ar/frutas.precios.aspx
monthly_not_comparable,2025-10-02,,,2025-10,MCBA,Hortalizas,,ESPINACA,,,,BS. AS.,,JAULA,,Primera,,INVERNAC,,800.0,,,ARS/kg,,ARS,,False,0,a689545b073c9a35ae5991bbc156ba7a089fff66aa7f4865b72178d4f4eaf377,2026-10-06T122050_197055Z-98afe028,1ddbef8b2097e947b8c0e1bdf4275bef8f085a4d963ecc5b7ccf51a5486bb0d9,,,https://ssma.magyp.gob.ar/frutas.precios.aspx
monthly_not_comparable,2025-10-02,,,2025-10,MCBA,Hortalizas,,ESPINACA,,Prom.Esp.,,,,,,,,,,800.0,,,ARS/kg,,ARS,,False,0,2228a2186d3766aa6846789720af7f8824e683e74356e360b893bc1180a142db,2026-10-06T122050_197055Z-98afe028,1ddbef8b2097e947b8c0e1bdf4275bef8f085a4d963ecc5b7ccf51a5486bb0d9,,,https://ssma.magyp.gob.ar/frutas.precios.aspx
monthly_not_comparable,2025-10-02,,,2025-10,MCBA,Hortalizas,,ESCAROLA,,Prom.Esp.,,,,,,,,,,920.0,,,ARS/kg,,ARS,,False,0,6caf0b00a30133180efbd61878e56c1bf36c6b633e0b6a91bc75910f4800c9b0,2026-10-06T122050_197055Z-98afe028,1ddbef8b2097e947b8c0e1bdf4275bef8f085a4d963ecc5b7ccf51a5486bb0d9,,,https://ssma.magyp.gob.ar/frutas.precios.aspx
monthly_not_comparable,2025-10-02,,,2025-10,MCBA,Hortalizas,,ESCAROLA,,HOJA FINA,,BS. AS.,,TORITO,,Primera,,,,1000.0,,,ARS/kg,,ARS,,False,0,54b258b3c4311463588cd7f5aa729ad79d06ae5e22d6bbf08e82231affc18c46,2026-10-06T122050_197055Z-98afe028,1ddbef8b2097e947b8c0e1bdf4275bef8f085a4d963ecc5b7ccf51a5486bb0d9,,,https://ssma.magyp.gob.ar/frutas.precios.aspx
monthly_not_comparable,2025-10-02,,,2025-10,MCBA,Hortalizas,,ESCAROLA,,HOJA ANCHA,,BS. AS.,,TORITO,,Primera,,,,840.0,,,ARS/kg,,ARS,,False,0,478f9038344b9792227dc1e3045cf6c13e8efd8a02359e7aa9656dd173326c84,2026-10-06T122050_197055Z-98afe028,1ddbef8b2097e947b8c0e1bdf4275bef8f085a4d963ecc5b7ccf51a5486bb0d9,,,https://ssma.magyp.gob.ar/frutas.precios.aspx
monthly_not_comparable,2025-10-02,,,2025-10,MCBA,Hortalizas,,ENDIBIA,,,,BS. AS.,,BANDEJA,,Primera,MEDIANO,,,9500.0,,,ARS/kg,,ARS,,False,0,ce88f8f287520472718d20cf81a43c6cc5112804028e95681fd8532de65615fd,2026-10-06T122050_197055Z-98afe028,1ddbef8b2097e947b8c0e1bdf4275bef8f085a4d963ecc5b7ccf51a5486bb0d9,,,https://ssma.magyp.gob.ar/frutas.precios.aspx
monthly_not_comparable,2025-10-02,,,2025-10,MCBA,Hortalizas,,ENDIBIA,,Prom.Esp.,,,,,,,,,,9500.0,,,ARS/kg,,ARS,,False,0,36201b20d11e83bf3466c2298086555e1a0df75e063199b3854f1dbf551dd203,2026-10-06T122050_197055Z-98afe028,1ddbef8b2097e947b8c0e1bdf4275bef8f085a4d963ecc5b7ccf51a5486bb0d9,,,https://ssma.magyp.gob.ar/frutas.precios.aspx
monthly_not_comparable,2025-10-02,,,2025-10,MCBA,Hortalizas,,ESPARRAGO,,VERDE,,SAN JUAN,,ATADO,,Primera,MEDIANO,,,1920.0,,,ARS/kg,,ARS,,False,0,6d8d71f1700acef6120cecacbafe30eddaa184a3568a1d828a5bb49ef77b9881,2026-10-06T122050_197055Z-98afe028,1ddbef8b2097e947b8c0e1bdf4275bef8f085a4d963ecc5b7ccf51a5486bb0d9,,,https://ssma.magyp.gob.ar/frutas.precios.aspx
monthly_not_comparable,2025-10-02,,,2025-10,MCBA,Hortalizas,,ESPARRAGO,,Prom.Esp.,,,,,,,,,,1920.0,,,ARS/kg,,ARS,,False,0,be6e85953dcad78b595a505d48c9f0cee9753231d28837947c527d8ecdd14b36,2026-10-06T122050_197055Z-98afe028,1ddbef8b2097e947b8c0e1bdf4275bef8f085a4d963ecc5b7ccf51a5486bb0d9,,,https://ssma.magyp.gob.ar/frutas.precios.aspx
monthly_not_comparable,2025-10-02,,,2025-10,MCBA,Hortalizas,,CURCUMA,,,,MISIONES,,PERDIDO,,Primera,SIN TAM,,,5500.0,,,ARS/kg,,ARS,,False,0,90d28ed5449a4d0ffd81da09e7e3712e9ce72a2203f053db960be3a6adc1f695,2026-10-06T122050_197055Z-98afe028,1ddbef8b2097e947b8c0e1bdf4275bef8f085a4d963ecc5b7ccf51a5486bb0d9,,,https://ssma.magyp.gob.ar/frutas.precios.aspx
monthly_not_comparable,2025-10-02,,,2025-10,MCBA,Hortalizas,,CURCUMA,,SIN VARIED,,BRASIL,,CAJA,,Primera,MEDIANO,,,5500.0,,,ARS/kg,,ARS,,False,0,04e5adb844e922c3f74ae67ae4e84b765683f9ad4b6f6929735c66ab6a68cdc6,2026-10-06T122050_197055Z-98afe028,1ddbef8b2097e947b8c0e1bdf4275bef8f085a4d963ecc5b7ccf51a5486bb0d9,,,https://ssma.magyp.gob.ar/frutas.precios.aspx
monthly_not_comparable,2025-10-02,,,2025-10,MCBA,Hortalizas,,CURCUMA,,Prom.Esp.,,,,,,,,,,5500.0,,,ARS/kg,,ARS,,False,0,dded2387fc3416b6c32958c452fc4a29c9fe37979ea004ac457e3353cc7c5de2,2026-10-06T122050_197055Z-98afe028,1ddbef8b2097e947b8c0e1bdf4275bef8f085a4d963ecc5b7ccf51a5486bb0d9,,,https://ssma.magyp.gob.ar/frutas.precios.aspx
monthly_not_comparable,2025-10-02,,,2025-10,MCBA,Hortalizas,,COLIFLOR,,,,BS. AS.,,JAULA,,Primera,MEDIANO,,,600.0,,,ARS/kg,,ARS,,False,0,114854b540383a8be0195b5d612127c2dd8784b2eefe4693ef8bb513d34bb613,2026-10-06T122050_197055Z-98afe028,1ddbef8b2097e947b8c0e1bdf4275bef8f085a4d963ecc5b7ccf51a5486bb0d9,,,https://ssma.magyp.gob.ar/frutas.precios.aspx
monthly_not_comparable,2025-10-02,,,2025-10,MCBA,Hortalizas,,COLIFLOR,,Prom.Esp.,,,,,,,,,,600.0,,,ARS/kg,,ARS,,False,0,3601c47287b873eae3d2cb936de8fe65662f13e6b25267db7baef71297cab625,2026-10-06T122050_197055Z-98afe028,1ddbef8b2097e947b8c0e1bdf4275bef8f085a4d963ecc5b7ccf51a5486bb0d9,,,https://ssma.magyp.gob.ar/frutas.precios.aspx
monthly_not_comparable,2025-10-02,,,2025-10,MCBA,Hortalizas,,CILANDRO,,,,BS. AS.,,ATADO,,Primera,MEDIANO,,,9500.0,,,ARS/kg,,ARS,,False,0,7991af7c0b0931e18dd39b4756f451f8a6b24680c60d2365a2ed17683e25b815,2026-10-06T122050_197055Z-98afe028,1ddbef8b2097e947b8c0e1bdf4275bef8f085a4d963ecc5b7ccf51a5486bb0d9,,,https://ssma.magyp.gob.ar/frutas.precios.aspx
monthly_not_comparable,2025-10-02,,,2025-10,MCBA,Hortalizas,,CILANDRO,,Prom.Esp.,,,,,,,,,,9500.0,,,ARS/kg,,ARS,,False,0,b6bd1af1ac8ff82fff2eebf667284a0018aeb7b028a30162fdf2357b2c662ae6,2026-10-06T122050_197055Z-98afe028,1ddbef8b2097e947b8c0e1bdf4275bef8f085a4d963ecc5b7ccf51a5486bb0d9,,,https://ssma.magyp.gob.ar/frutas.precios.aspx
monthly_not_comparable,2025-10-02,,,2025-10,MCBA,Hortalizas,,CIBOULLE,,,,BS. AS.,,ATADO,,Primera,MEDIANO,,,11500.0,,,ARS/kg,,ARS,,False,0,9aa49bdf0a9f29526bdc5d9663afe5a6914484715799624359ea58644671dc00,2026-10-06T122050_197055Z-98afe028,1ddbef8b2097e947b8c0e1bdf4275bef8f085a4d963ecc5b7ccf51a5486bb0d9,,,https://ssma.magyp.gob.ar/frutas.precios.aspx
monthly_not_comparable,2025-10-02,,,2025-10,MCBA,Hortalizas,,CIBOULLE,,Prom.Esp.,,,,,,,,,,11500.0,,,ARS/kg,,ARS,,False,0,18f191d6511ac3bc7051d94a6af467948406afb642d1fb80d3193641912a426f,2026-10-06T122050_197055Z-98afe028,1ddbef8b2097e947b8c0e1bdf4275bef8f085a4d963ecc5b7ccf51a5486bb0d9,,,https://ssma.magyp.gob.ar/frutas.precios.aspx
monthly_not_comparable,2025-10-02,,,2025-10,MCBA,Hortalizas,,CHOCLO,,Prom.Esp.,,,,,,,,,,1466.67,,,ARS/kg,,ARS,,False,0,2c5c75c74c708024fc0a4ef953d9799365a0cd32af36df13a62953887270d196,2026-10-06T122050_197055Z-98afe028,1ddbef8b2097e947b8c0e1bdf4275bef8f085a4d963ecc5b7ccf51a5486bb0d9,,,https://ssma.magyp.gob.ar/frutas.precios.aspx
monthly_not_comparable,2025-10-02,,,2025-10,MCBA,Hortalizas,,CHOCLO,,AMARILLO,,SALTA,,PERDIDO,,Segunda,,PRE-ENFR,,1200.0,,,ARS/kg,,ARS,,False,0,aeafa0c71101b3ba42553bfd1c10524835e44e2c5c9dd8cc82e1fad10cd40bce,2026-10-06T122050_197055Z-98afe028,1ddbef8b2097e947b8c0e1bdf4275bef8f085a4d963ecc5b7ccf51a5486bb0d9,,,https://ssma.magyp.gob.ar/frutas.precios.aspx
monthly_not_comparable,2025-10-02,,,2025-10,MCBA,Hortalizas,,CHOCLO,,AMARILLO,,SALTA,,PERDIDO,,Primera,MEDIANO,PRE-ENFR,,1733.33,,,ARS/kg,,ARS,,False,0,8258e1d51859b0b37152bc183e0319a207223d460c333722e37c568df825cdaa,2026-10-06T122050_197055Z-98afe028,1ddbef8b2097e947b8c0e1bdf4275bef8f085a4d963ecc5b7ccf51a5486bb0d9,,,https://ssma.magyp.gob.ar/frutas.precios.aspx
monthly_not_comparable,2025-10-02,,,2025-10,MCBA,Hortalizas,,CHAUCHA,,ROLLIZA,,SALTA,,TORO,,Segunda,MEDIANO,,,1416.67,,,ARS/kg,,ARS,,False,0,c8ee801206971986bf639cff982a776e57bd867e4db8c1cbc961a1da704ef1c6,2026-10-06T122050_197055Z-98afe028,1ddbef8b2097e947b8c0e1bdf4275bef8f085a4d963ecc5b7ccf51a5486bb0d9,,,https://ssma.magyp.gob.ar/frutas.precios.aspx
monthly_not_comparable,2025-10-02,,,2025-10,MCBA,Hortalizas,,CHAUCHA,,ROLLIZA,,SALTA,,TORO,,Primera,MEDIANO,,,1916.67,,,ARS/kg,,ARS,,False,0,47efc45f27e658b771f7d09d0ff4bf416edb08a96729cec6398fae51dbe7a95c,2026-10-06T122050_197055Z-98afe028,1ddbef8b2097e947b8c0e1bdf4275bef8f085a4d963ecc5b7ccf51a5486bb0d9,,,https://ssma.magyp.gob.ar/frutas.precios.aspx
monthly_not_comparable,2025-10-02,,,2025-10,MCBA,Hortalizas,,CHAUCHA,,Prom.Esp.,,,,,,,,,,1895.84,,,ARS/kg,,ARS,,False,0,820801be04baa3005fe3a16750ec20307fe213408b5386f298857a38478129a5,2026-10-06T122050_197055Z-98afe028,1ddbef8b2097e947b8c0e1bdf4275bef8f085a4d963ecc5b7ccf51a5486bb0d9,,,https://ssma.magyp.gob.ar/frutas.precios.aspx
monthly_not_comparable,2025-10-02,,,2025-10,MCBA,Hortalizas,,CHAUCHA,,KRONOS,,CTES.,,PERDIDO,,Primera,MEDIANO,INVERNAC,,2500.0,,,ARS/kg,,ARS,,False,0,77c5ba1fd0e04902b76e3f2795e193204a5b7dc4f9c8a0215a8e8405b6c29fd9,2026-10-06T122050_197055Z-98afe028,1ddbef8b2097e947b8c0e1bdf4275bef8f085a4d963ecc5b7ccf51a5486bb0d9,,,https://ssma.magyp.gob.ar/frutas.precios.aspx
monthly_not_comparable,2025-10-02,,,2025-10,MCBA,Hortalizas,,CHAUCHA,,ESPA¥OLA,,SALTA,,TORO,,Primera,MEDIANO,,,1750.0,,,ARS/kg,,ARS,,False,0,59f85659bff36596e132c5119ee0f128b528a3ce56b7cd524ee3ac1e13c146ee,2026-10-06T122050_197055Z-98afe028,1ddbef8b2097e947b8c0e1bdf4275bef8f085a4d963ecc5b7ccf51a5486bb0d9,,,https://ssma.magyp.gob.ar/frutas.precios.aspx
monthly_not_comparable,2025-10-02,,,2025-10,MCBA,Hortalizas,,CEB.VERDEO,,Prom.Esp.,,,,,,,,,,1146.67,,,ARS/kg,,ARS,,False,0,5cc73377d30cc6d284ea51553ed0b21e9205f94f2d069b8030f629ff368d7c33,2026-10-06T122050_197055Z-98afe028,1ddbef8b2097e947b8c0e1bdf4275bef8f085a4d963ecc5b7ccf51a5486bb0d9,,,https://ssma.magyp.gob.ar/frutas.precios.aspx
monthly_not_comparable,2025-10-02,,,2025-10,MCBA,Hortalizas,,CEB.VERDEO,,COLORADA,,BS. AS.,,JAULA,,Primera,MEDIANO,,,1200.0,,,ARS/kg,,ARS,,False,0,b8dcce80df4f5968a6638f83423b41387e0e10bd4b3b979eaf44f9917a4888cc,2026-10-06T122050_197055Z-98afe028,1ddbef8b2097e947b8c0e1bdf4275bef8f085a4d963ecc5b7ccf51a5486bb0d9,,,https://ssma.magyp.gob.ar/frutas.precios.aspx
monthly_not_comparable,2025-10-02,,,2025-10,MCBA,Hortalizas,,CEB.VERDEO,,COLORADA,,BS. AS.,,JAULA,,Primera,CHICO,,,840.0,,,ARS/kg,,ARS,,False,0,98d15e91913fd5f6585f99ed00db248e40e9881d8aec7194d005fa79f523d547,2026-10-06T122050_197055Z-98afe028,1ddbef8b2097e947b8c0e1bdf4275bef8f085a4d963ecc5b7ccf51a5486bb0d9,,,https://ssma.magyp.gob.ar/frutas.precios.aspx
monthly_not_comparable,2025-10-02,,,2025-10,MCBA,Hortalizas,,CEB.VERDEO,,COLORADA,,BS. AS.,,ATADO,,Primera,MEDIANO,,,1400.0,,,ARS/kg,,ARS,,False,0,efc9e8df847a739ebaf7feef4bc62ef929cd2225bde8acdeffbf0792961b1e17,2026-10-06T122050_197055Z-98afe028,1ddbef8b2097e947b8c0e1bdf4275bef8f085a4d963ecc5b7ccf51a5486bb0d9,,,https://ssma.magyp.gob.ar/frutas.precios.aspx
monthly_not_comparable,2025-10-02,,,2025-10,MCBA,Hortalizas,,CEBOLLA,,VALENCIANI,,SGO.EST.,,BOLSA,,Segunda,MEDIANO,,,415.0,,,ARS/kg,,ARS,,False,0,1a25452b96dc48cc982e4eb12bd403ceead743c8044bd14cc3e2a380fcf082c9,2026-10-06T122050_197055Z-98afe028,1ddbef8b2097e947b8c0e1bdf4275bef8f085a4d963ecc5b7ccf51a5486bb0d9,,,https://ssma.magyp.gob.ar/frutas.precios.aspx
monthly_not_comparable,2025-10-02,,,2025-10,MCBA,Hortalizas,,CEBOLLA,,VALENCIANI,,SGO.EST.,,BOLSA,,Primera,MEDIANO,HIBRIDO,,490.0,,,ARS/kg,,ARS,,False,0,895edf26b773ee831242f47440f1fc1d16e6cd7821195cee4edc8c64753df34a,2026-10-06T122050_197055Z-98afe028,1ddbef8b2097e947b8c0e1bdf4275bef8f085a4d963ecc5b7ccf51a5486bb0d9,,,https://ssma.magyp.gob.ar/frutas.precios.aspx
monthly_not_comparable,2025-10-02,,,2025-10,MCBA,Hortalizas,,CEBOLLA,,VALENCIANA,,S.BS.AS.,,BOLSA,,Segunda,MEDIANO,,,280.0,,,ARS/kg,,ARS,,False,0,d356717a82916f965bce0f4bd82098d5899637bc9eef557541a4513d9a701e81,2026-10-06T122050_197055Z-98afe028,1ddbef8b2097e947b8c0e1bdf4275bef8f085a4d963ecc5b7ccf51a5486bb0d9,,,https://ssma.magyp.gob.ar/frutas.precios.aspx
monthly_not_comparable,2025-10-02,,,2025-10,MCBA,Hortalizas,,CEBOLLA,,VALENCIANA,,S.BS.AS.,,BOLSA,,Primera,MEDIANO,,,340.0,,,ARS/kg,,ARS,,False,0,799f6edc4022bba416efa2eb4e3e8a4148dc67c7a40e81e91a867287fa1d8f92,2026-10-06T122050_197055Z-98afe028,1ddbef8b2097e947b8c0e1bdf4275bef8f085a4d963ecc5b7ccf51a5486bb0d9,,,https://ssma.magyp.gob.ar/frutas.precios.aspx
monthly_not_comparable,2025-10-02,,,2025-10,MCBA,Hortalizas,,CEBOLLA,,VALENCIANA,,R. NEGRO,,BOLSA,,Segunda,MEDIANO,,,290.0,,,ARS/kg,,ARS,,False,0,2a375b0aa77309c23ef0b200550aa92ee71120252849324c3574b4acad6fdb48,2026-10-06T122050_197055Z-98afe028,1ddbef8b2097e947b8c0e1bdf4275bef8f085a4d963ecc5b7ccf51a5486bb0d9,,,https://ssma.magyp.gob.ar/frutas.precios.aspx
monthly_not_comparable,2025-10-02,,,2025-10,MCBA,Hortalizas,,CEBOLLA,,Prom.Esp.,,,,,,,,,,557.22,,,ARS/kg,,ARS,,False,0,c51f8afd2e0918859229cab92cd54298248a07d67761dd851c2c954707602ca2,2026-10-06T122050_197055Z-98afe028,1ddbef8b2097e947b8c0e1bdf4275bef8f085a4d963ecc5b7ccf51a5486bb0d9,,,https://ssma.magyp.gob.ar/frutas.precios.aspx
monthly_not_comparable,2025-10-02,,,2025-10,MCBA,Hortalizas,,CEBOLLA,,OPTIMA,,BRASIL,,BOLSA,,Primera,MEDIANO,,,600.0,,,ARS/kg,,ARS,,False,0,00470a2714431a5bceb10d0956190f4a15a6dc486493a3dee73def2174ebe232,2026-10-06T122050_197055Z-98afe028,1ddbef8b2097e947b8c0e1bdf4275bef8f085a4d963ecc5b7ccf51a5486bb0d9,,,https://ssma.magyp.gob.ar/frutas.precios.aspx
monthly_not_comparable,2025-10-02,,,2025-10,MCBA,Hortalizas,,CEBOLLA,,COLORADA,,S.BS.AS.,,BOLSA,,Primera,MEDIANO,,,700.0,,,ARS/kg,,ARS,,False,0,becaf6e3fa21c652a2a700462ebfe056125c58340595aae293808a93f0c94168,2026-10-06T122050_197055Z-98afe028,1ddbef8b2097e947b8c0e1bdf4275bef8f085a4d963ecc5b7ccf51a5486bb0d9,,,https://ssma.magyp.gob.ar/frutas.precios.aspx
monthly_not_comparable,2025-10-02,,,2025-10,MCBA,Hortalizas,,CEBOLLA,,COLORADA,,BRASIL,,BOLSA,,Primera,MEDIANO,,,1100.0,,,ARS/kg,,ARS,,False,0,8b6a02ebcb1f5e7064d2f45e4811641b63ff3a6c052a31532ae3c7061b0f0154,2026-10-06T122050_197055Z-98afe028,1ddbef8b2097e947b8c0e1bdf4275bef8f085a4d963ecc5b7ccf51a5486bb0d9,,,https://ssma.magyp.gob.ar/frutas.precios.aspx
monthly_not_comparable,2025-10-02,,,2025-10,MCBA,Hortalizas,,CEBOLLA,,BLANCA,,SGO.EST.,,BOLSA,,Primera,MEDIANO,,,800.0,,,ARS/kg,,ARS,,False,0,3cbdae544cf55c3f1e92ce733aed05d2d414339c3c2ddfdaff051ed8cdd050ba,2026-10-06T122050_197055Z-98afe028,1ddbef8b2097e947b8c0e1bdf4275bef8f085a4d963ecc5b7ccf51a5486bb0d9,,,https://ssma.magyp.gob.ar/frutas.precios.aspx
monthly_not_comparable,2025-10-02,,,2025-10,MCBA,Hortalizas,,CARDO,,,,BS. AS.,,ATADO,,Primera,MEDIANO,,,650.0,,,ARS/kg,,ARS,,False,0,75eb68d4e18a6ab6624bb7fca24317f156af9c1f91bb8028b20e30fe47c87540,2026-10-06T122050_197055Z-98afe028,1ddbef8b2097e947b8c0e1bdf4275bef8f085a4d963ecc5b7ccf51a5486bb0d9,,,https://ssma.magyp.gob.ar/frutas.precios.aspx
monthly_not_comparable,2025-10-02,,,2025-10,MCBA,Hortalizas,,CARDO,,Prom.Esp.,,,,,,,,,,650.0,,,ARS/kg,,ARS,,False,0,5ff8b43007c189549d14705ea1e61b19e7f30ea61d258ca5ac64e21a1612afcb,2026-10-06T122050_197055Z-98afe028,1ddbef8b2097e947b8c0e1bdf4275bef8f085a4d963ecc5b7ccf51a5486bb0d9,,,https://ssma.magyp.gob.ar/frutas.precios.aspx
monthly_not_comparable,2025-10-02,,,2025-10,MCBA,Hortalizas,,BROCOLI,,,,BS. AS.,,JAULA,,Primera,MEDIANO,INVERNAC,,1625.0,,,ARS/kg,,ARS,,False,0,37022c5571d8ad8d2819675513533b70fa32ee842543fb6a3268db2d7ae990e3,2026-10-06T122050_197055Z-98afe028,1ddbef8b2097e947b8c0e1bdf4275bef8f085a4d963ecc5b7ccf51a5486bb0d9,,,https://ssma.magyp.gob.ar/frutas.precios.aspx
monthly_not_comparable,2025-10-02,,,2025-10,MCBA,Hortalizas,,BROCOLI,,,,BS. AS.,,JAULA,,Primera,MEDIANO,,,1000.0,,,ARS/kg,,ARS,,False,0,90df612f296dc1df065c8dcd586505ec431d4cc1272c33568e9e222b8294ff82,2026-10-06T122050_197055Z-98afe028,1ddbef8b2097e947b8c0e1bdf4275bef8f085a4d963ecc5b7ccf51a5486bb0d9,,,https://ssma.magyp.gob.ar/frutas.precios.aspx
monthly_not_comparable,2025-10-02,,,2025-10,MCBA,Hortalizas,,BROCOLI,,Prom.Esp.,,,,,,,,,,1312.5,,,ARS/kg,,ARS,,False,0,aa91bff82c64ca68dc8228a2e0cdf18d7cc8ec307170bb115ef0a4463321d5b1,2026-10-06T122050_197055Z-98afe028,1ddbef8b2097e947b8c0e1bdf4275bef8f085a4d963ecc5b7ccf51a5486bb0d9,,,https://ssma.magyp.gob.ar/frutas.precios.aspx
monthly_not_comparable,2025-10-02,,,2025-10,MCBA,Hortalizas,,BERENJENA,,VTA.MED.LA,,SALTA,,TORO,,Primera,MEDIANO,,,708.33,,,ARS/kg,,ARS,,False,0,fdf8359c6069139f56a84ff47f62e527fe947b65d257054f6df9cbaea4f616e6,2026-10-06T122050_197055Z-98afe028,1ddbef8b2097e947b8c0e1bdf4275bef8f085a4d963ecc5b7ccf51a5486bb0d9,,,https://ssma.magyp.gob.ar/frutas.precios.aspx
monthly_not_comparable,2025-10-02,,,2025-10,MCBA,Hortalizas,,BERENJENA,,VTA.MED.LA,,SALTA,,PERDIDO,,Primera,MEDIANO,INVERNAC,,1166.67,,,ARS/kg,,ARS,,False,0,ecbfc64f1c970e03d232ddbdb5f58907b66d4ca9a2629606c942d7358dc80462,2026-10-06T122050_197055Z-98afe028,1ddbef8b2097e947b8c0e1bdf4275bef8f085a4d963ecc5b7ccf51a5486bb0d9,,,https://ssma.magyp.gob.ar/frutas.precios.aspx
monthly_not_comparable,2025-10-02,,,2025-10,MCBA,Hortalizas,,BERENJENA,,VTA.MED.LA,,CTES.,,TORO,,Segunda,MEDIANO,,,583.33,,,ARS/kg,,ARS,,False,0,3861caad7e25474bdf599f7dce23dc6fa54c248789aea80fd9ab9c0317e65655,2026-10-06T122050_197055Z-98afe028,1ddbef8b2097e947b8c0e1bdf4275bef8f085a4d963ecc5b7ccf51a5486bb0d9,,,https://ssma.magyp.gob.ar/frutas.precios.aspx
monthly_not_comparable,2025-10-02,,,2025-10,MCBA,Hortalizas,,BERENJENA,,VTA.MED.LA,,CTES.,,TORO,,Primera,MEDIANO,,,791.67,,,ARS/kg,,ARS,,False,0,7437169c430c778f973107c6b17c68529a388ffd38438e35cd8565a3e2386d52,2026-10-06T122050_197055Z-98afe028,1ddbef8b2097e947b8c0e1bdf4275bef8f085a4d963ecc5b7ccf51a5486bb0d9,,,https://ssma.magyp.gob.ar/frutas.precios.aspx
monthly_not_comparable,2025-10-02,,,2025-10,MCBA,Hortalizas,,BERENJENA,,VTA.MED.LA,,BS. AS.,,TORO,,Primera,MEDIANO,,,916.67,,,ARS/kg,,ARS,,False,0,a3096f791e3ea39d5522e439ad531d540db93959954be274c2a0157fc94c8878,2026-10-06T122050_197055Z-98afe028,1ddbef8b2097e947b8c0e1bdf4275bef8f085a4d963ecc5b7ccf51a5486bb0d9,,,https://ssma.magyp.gob.ar/frutas.precios.aspx
monthly_not_comparable,2025-10-02,,,2025-10,MCBA,Hortalizas,,BERENJENA,,Prom.Esp.,,,,,,,,,,833.33,,,ARS/kg,,ARS,,False,0,340cb2ef82b4a81754eb184df0bf9455973c89f699b2f59d5cdc04009909f8bc,2026-10-06T122050_197055Z-98afe028,1ddbef8b2097e947b8c0e1bdf4275bef8f085a4d963ecc5b7ccf51a5486bb0d9,,,https://ssma.magyp.gob.ar/frutas.precios.aspx
monthly_not_comparable,2025-10-02,,,2025-10,MCBA,Hortalizas,,BERRO,,,,BS. AS.,,ATADO,,Primera,SIN TAM,,,1900.0,,,ARS/kg,,ARS,,False,0,820fba46f759a0aca13e5fde7b1d1d8f394a6f0aa464cc568103a12882ccab4e,2026-10-06T122050_197055Z-98afe028,1ddbef8b2097e947b8c0e1bdf4275bef8f085a4d963ecc5b7ccf51a5486bb0d9,,,https://ssma.magyp.gob.ar/frutas.precios.aspx
monthly_not_comparable,2025-10-02,,,2025-10,MCBA,Hortalizas,,BERRO,,Prom.Esp.,,,,,,,,,,1900.0,,,ARS/kg,,ARS,,False,0,7a0357a9545aebae215bab21634ab6388f75566fc77f32b583e87b646d01d361,2026-10-06T122050_197055Z-98afe028,1ddbef8b2097e947b8c0e1bdf4275bef8f085a4d963ecc5b7ccf51a5486bb0d9,,,https://ssma.magyp.gob.ar/frutas.precios.aspx
monthly_not_comparable,2025-10-02,,,2025-10,MCBA,Hortalizas,,BATATA,,Prom.Esp.,,,,,,,,,,1338.46,,,ARS/kg,,ARS,,False,0,d608ed1dce20c54917098e1170302f0f3567b3b2906b082e9a3cbe0a7b42814f,2026-10-06T122050_197055Z-98afe028,1ddbef8b2097e947b8c0e1bdf4275bef8f085a4d963ecc5b7ccf51a5486bb0d9,,,https://ssma.magyp.gob.ar/frutas.precios.aspx
monthly_not_comparable,2025-10-02,,,2025-10,MCBA,Hortalizas,,BATATA,,BEAUREGARD,,S. PEDRO,,CAJA,,Primera,MEDIANO,,,1846.15,,,ARS/kg,,ARS,,False,0,aba32b577f1696048b8283fb630e6c0aec6e0069601736b347363f8ebb24ea39,2026-10-06T122050_197055Z-98afe028,1ddbef8b2097e947b8c0e1bdf4275bef8f085a4d963ecc5b7ccf51a5486bb0d9,,,https://ssma.magyp.gob.ar/frutas.precios.aspx
monthly_not_comparable,2025-10-02,,,2025-10,MCBA,Hortalizas,,BATATA,,BEAUREGARD,,FORMOSA,,BOLSA,,Primera,MEDIANO,,,1692.31,,,ARS/kg,,ARS,,False,0,9fa9769f58a08a174a4c1016904b566c3873a166491f1ae5395ff199d5ea7340,2026-10-06T122050_197055Z-98afe028,1ddbef8b2097e947b8c0e1bdf4275bef8f085a4d963ecc5b7ccf51a5486bb0d9,,,https://ssma.magyp.gob.ar/frutas.precios.aspx
monthly_not_comparable,2025-10-02,,,2025-10,MCBA,Hortalizas,,BATATA,,BEAUREGARD,,CORDOBA,,BOLSA,,Primera,MEDIANO,,,1600.0,,,ARS/kg,,ARS,,False,0,b71db568130a010af6999edf2b30257904e7c2b5e96bffbcd105ee01fe652f95,2026-10-06T122050_197055Z-98afe028,1ddbef8b2097e947b8c0e1bdf4275bef8f085a4d963ecc5b7ccf51a5486bb0d9,,,https://ssma.magyp.gob.ar/frutas.precios.aspx
monthly_not_comparable,2025-10-02,,,2025-10,MCBA,Hortalizas,,BATATA,,ARAPEY,,CORDOBA,,BOLSA,,Primera,MEDIANO,,,653.85,,,ARS/kg,,ARS,,False,0,877aa5b996cc101413fcbd79ad4e029053f0e05e24d68d56e13c97815ef13bc2,2026-10-06T122050_197055Z-98afe028,1ddbef8b2097e947b8c0e1bdf4275bef8f085a4d963ecc5b7ccf51a5486bb0d9,,,https://ssma.magyp.gob.ar/frutas.precios.aspx
monthly_not_comparable,2025-10-02,,,2025-10,MCBA,Hortalizas,,BATATA,,ARAPEY,,BRASIL,,BOLSA,,Primera,MEDIANO,,,900.0,,,ARS/kg,,ARS,,False,0,ccb0a5976ef79c5559c6b6d9d495cbd43cc3f3e808d4063195f9edaf0b34b359,2026-10-06T122050_197055Z-98afe028,1ddbef8b2097e947b8c0e1bdf4275bef8f085a4d963ecc5b7ccf51a5486bb0d9,,,https://ssma.magyp.gob.ar/frutas.precios.aspx
monthly_not_comparable,2025-10-02,,,2025-10,MCBA,Hortalizas,,BROTE ALFA,,,,BS. AS.,,BOLSA,,Primera,MEDIANO,,,8000.0,,,ARS/kg,,ARS,,False,0,fa76f060e08545e9c9aaf1895015f8b4a1b801f19774ad90d88b17b8ecb0be65,2026-10-06T122050_197055Z-98afe028,1ddbef8b2097e947b8c0e1bdf4275bef8f085a4d963ecc5b7ccf51a5486bb0d9,,,https://ssma.magyp.gob.ar/frutas.precios.aspx
monthly_not_comparable,2025-10-02,,,2025-10,MCBA,Hortalizas,,BROTE ALFA,,Prom.Esp.,,,,,,,,,,8000.0,,,ARS/kg,,ARS,,False,0,f9b293b26819d560d39a1db0c1f7fe2b0cec0b46682b56b6b07ef1e49ccf14d1,2026-10-06T122050_197055Z-98afe028,1ddbef8b2097e947b8c0e1bdf4275bef8f085a4d963ecc5b7ccf51a5486bb0d9,,,https://ssma.magyp.gob.ar/frutas.precios.aspx
monthly_not_comparable,2025-10-02,,,2025-10,MCBA,Hortalizas,,ALCAUCIL,,Prom.Esp.,,,,,,,,,,2500.0,,,ARS/kg,,ARS,,False,0,78e6624b27f5e79cf9f7b94346cd34d70f502cdaf2d30f9ef1bca807aee888f3,2026-10-06T122050_197055Z-98afe028,1ddbef8b2097e947b8c0e1bdf4275bef8f085a4d963ecc5b7ccf51a5486bb0d9,,,https://ssma.magyp.gob.ar/frutas.precios.aspx
monthly_not_comparable,2025-10-02,,,2025-10,MCBA,Hortalizas,,ALCAUCIL,,BLANCO,,SAN JUAN,,PERDIDO,,Primera,MEDIANO,,,2500.0,,,ARS/kg,,ARS,,False,0,885dbd2bd99aa56cf4269880f9f9e9748fe90f8f82ba4482ced68e6e7dd507d4,2026-10-06T122050_197055Z-98afe028,1ddbef8b2097e947b8c0e1bdf4275bef8f085a4d963ecc5b7ccf51a5486bb0d9,,,https://ssma.magyp.gob.ar/frutas.precios.aspx
monthly_not_comparable,2025-10-02,,,2025-10,MCBA,Hortalizas,,ALCAUCIL,,¥. FRANCES,,BS. AS.,,TORO,,Primera,MEDIANO,,,2166.67,,,ARS/kg,,ARS,,False,0,79caf4d1fa94f52a1061f3507d917bdb8f68cb3f958d7e7d71a20af918f37bc5,2026-10-06T122050_197055Z-98afe028,1ddbef8b2097e947b8c0e1bdf4275bef8f085a4d963ecc5b7ccf51a5486bb0d9,,,https://ssma.magyp.gob.ar/frutas.precios.aspx
monthly_not_comparable,2025-10-02,,,2025-10,MCBA,Hortalizas,,ALCAUCIL,,¥. FRANCES,,BS. AS.,,TORO,,Primera,GRANDE,,,2833.33,,,ARS/kg,,ARS,,False,0,e62260cb57e36920fe0e45dfc33a88f363218da6c6f9f49fff0765c4b73b4c4e,2026-10-06T122050_197055Z-98afe028,1ddbef8b2097e947b8c0e1bdf4275bef8f085a4d963ecc5b7ccf51a5486bb0d9,,,https://ssma.magyp.gob.ar/frutas.precios.aspx
monthly_not_comparable,2025-10-02,,,2025-10,MCBA,Hortalizas,,ALBAHACA,,,,CTES.,,ATADO,,Primera,,INVERNAC,,400.0,,,ARS/kg,,ARS,,False,0,702d4d5737552a9fb2563cc9d90286dfd1ce1eb349aa759b65290ebbb61e9194,2026-10-06T122050_197055Z-98afe028,1ddbef8b2097e947b8c0e1bdf4275bef8f085a4d963ecc5b7ccf51a5486bb0d9,,,https://ssma.magyp.gob.ar/frutas.precios.aspx
monthly_not_comparable,2025-10-02,,,2025-10,MCBA,Hortalizas,,ALBAHACA,,,,BS. AS.,,ATADO,,Primera,,INVERNAC,,460.0,,,ARS/kg,,ARS,,False,0,005fdee0edc6bb77734580ea7b27b53673afa16bc57106068b0f3f40fe1ea594,2026-10-06T122050_197055Z-98afe028,1ddbef8b2097e947b8c0e1bdf4275bef8f085a4d963ecc5b7ccf51a5486bb0d9,,,https://ssma.magyp.gob.ar/frutas.precios.aspx
monthly_not_comparable,2025-10-02,,,2025-10,MCBA,Hortalizas,,ALBAHACA,,Prom.Esp.,,,,,,,,,,430.0,,,ARS/kg,,ARS,,False,0,9af93c0e3ac386a2bacdf1dc717ba3536743656cbf8a9c08f9853f3b484bd05f,2026-10-06T122050_197055Z-98afe028,1ddbef8b2097e947b8c0e1bdf4275bef8f085a4d963ecc5b7ccf51a5486bb0d9,,,https://ssma.magyp.gob.ar/frutas.precios.aspx
monthly_not_comparable,2025-10-02,,,2025-10,MCBA,Hortalizas,,AJO,,Prom.Esp.,,,,,,,,,,3254.41,,,ARS/kg,,ARS,,False,0,c1114fbaa3e2a2bb3fc09cf06da37301500c0fb4244f2c1fa268338d3ae608ea,2026-10-06T122050_197055Z-98afe028,1ddbef8b2097e947b8c0e1bdf4275bef8f085a4d963ecc5b7ccf51a5486bb0d9,,,https://ssma.magyp.gob.ar/frutas.precios.aspx
monthly_not_comparable,2025-10-02,,,2025-10,MCBA,Hortalizas,,AJO,,MDO. CHINO,,MENDOZA,,RISTRA 100,,Segunda,11,,,6818.18,,,ARS/kg,,ARS,,False,0,2a92eb02e579d4d039df39c8c1a673b1d1ee6c18665a8a29130cc0f9b7765221,2026-10-06T122050_197055Z-98afe028,1ddbef8b2097e947b8c0e1bdf4275bef8f085a4d963ecc5b7ccf51a5486bb0d9,,,https://ssma.magyp.gob.ar/frutas.precios.aspx
monthly_not_comparable,2025-10-02,,,2025-10,MCBA,Hortalizas,,AJO,,MDO. CHINO,,MENDOZA,,RISTRA 100,,Primera,9,,,3666.67,,,ARS/kg,,ARS,,False,0,f22d4855febf890a3e4184c0ffc21b9db4600fa26b2f677c958df231e35e6a31,2026-10-06T122050_197055Z-98afe028,1ddbef8b2097e947b8c0e1bdf4275bef8f085a4d963ecc5b7ccf51a5486bb0d9,,,https://ssma.magyp.gob.ar/frutas.precios.aspx
monthly_not_comparable,2025-10-02,,,2025-10,MCBA,Hortalizas,,AJO,,MDO. CHINO,,MENDOZA,,RISTRA 100,,Primera,7,,,2428.57,,,ARS/kg,,ARS,,False,0,9be376953a99427447bda1bbb016f83ca0b42873ead37bf5b12f02d11bdabae2,2026-10-06T122050_197055Z-98afe028,1ddbef8b2097e947b8c0e1bdf4275bef8f085a4d963ecc5b7ccf51a5486bb0d9,,,https://ssma.magyp.gob.ar/frutas.precios.aspx
monthly_not_comparable,2025-10-02,,,2025-10,MCBA,Hortalizas,,AJO,,MDO. CHINO,,MENDOZA,,RISTRA 100,,Primera,4,,,2000.0,,,ARS/kg,,ARS,,False,0,d366e422388fdbabd01f00792e2da54fe6cb02cac872a6acdd167231bdb1f4f1,2026-10-06T122050_197055Z-98afe028,1ddbef8b2097e947b8c0e1bdf4275bef8f085a4d963ecc5b7ccf51a5486bb0d9,,,https://ssma.magyp.gob.ar/frutas.precios.aspx
monthly_not_comparable,2025-10-02,,,2025-10,MCBA,Hortalizas,,AJO,,MDO. CHINO,,MENDOZA,,RISTRA 100,,Primera,10,,,5700.0,,,ARS/kg,,ARS,,False,0,79f9f226bde1db7241273331c791eaf2f01b1111c8713570f3ced4627c7e4bbf,2026-10-06T122050_197055Z-98afe028,1ddbef8b2097e947b8c0e1bdf4275bef8f085a4d963ecc5b7ccf51a5486bb0d9,,,https://ssma.magyp.gob.ar/frutas.precios.aspx
monthly_not_comparable,2025-10-02,,,2025-10,MCBA,Hortalizas,,AJO,,COLORADO,,MENDOZA,,RISTRA 100,,Primera,9,,,3666.67,,,ARS/kg,,ARS,,False,0,c1cea6ad80ffda2b710c14f13c7682d0f89532869f7a70a066dfda4da61a8ba6,2026-10-06T122050_197055Z-98afe028,1ddbef8b2097e947b8c0e1bdf4275bef8f085a4d963ecc5b7ccf51a5486bb0d9,,,https://ssma.magyp.gob.ar/frutas.precios.aspx
monthly_not_comparable,2025-10-02,,,2025-10,MCBA,Hortalizas,,AJO,,COLORADO,,MENDOZA,,RISTRA 100,,Primera,8,,,2000.0,,,ARS/kg,,ARS,,False,0,8d58de829c01511ca4b174c46721a9e511e5009b0b4c2e309bcd2c79264b0231,2026-10-06T122050_197055Z-98afe028,1ddbef8b2097e947b8c0e1bdf4275bef8f085a4d963ecc5b7ccf51a5486bb0d9,,,https://ssma.magyp.gob.ar/frutas.precios.aspx
monthly_not_comparable,2025-10-02,,,2025-10,MCBA,Hortalizas,,AJO,,COLORADO,,MENDOZA,,RISTRA 100,,Primera,7,,,1257.14,,,ARS/kg,,ARS,,False,0,bf70e8b94158d4a94f50fe5ac5bd8de1a3c741aa2292ee622a544d0c122a5ff9,2026-10-06T122050_197055Z-98afe028,1ddbef8b2097e947b8c0e1bdf4275bef8f085a4d963ecc5b7ccf51a5486bb0d9,,,https://ssma.magyp.gob.ar/frutas.precios.aspx
monthly_not_comparable,2025-10-02,,,2025-10,MCBA,Hortalizas,,AJO,,COLORADO,,MENDOZA,,RISTRA 100,,Primera,4,,,825.0,,,ARS/kg,,ARS,,False,0,3c54d6b83af994edf28b7bd5b69319994cea600b6770bc4f7b189c77746072b6,2026-10-06T122050_197055Z-98afe028,1ddbef8b2097e947b8c0e1bdf4275bef8f085a4d963ecc5b7ccf51a5486bb0d9,,,https://ssma.magyp.gob.ar/frutas.precios.aspx
monthly_not_comparable,2025-10-02,,,2025-10,MCBA,Hortalizas,,AJO,,COLORADO,,MENDOZA,,RISTRA 100,,Primera,11,,,4181.82,,,ARS/kg,,ARS,,False,0,217ef256346d95f1313613b83814428ddf4a15bf08dc04e5d8c7de6687eb4935,2026-10-06T122050_197055Z-98afe028,1ddbef8b2097e947b8c0e1bdf4275bef8f085a4d963ecc5b7ccf51a5486bb0d9,,,https://ssma.magyp.gob.ar/frutas.precios.aspx
monthly_not_comparable,2025-10-02,,,2025-10,MCBA,Hortalizas,,ACUSAY,,,,BS. AS.,,JAULA,,Primera,GRANDE,,,800.0,,,ARS/kg,,ARS,,False,0,22aa00ea14aaecdc090a79d9ca27bafa8eaf9603065a5ba40746f54303980424,2026-10-06T122050_197055Z-98afe028,1ddbef8b2097e947b8c0e1bdf4275bef8f085a4d963ecc5b7ccf51a5486bb0d9,,,https://ssma.magyp.gob.ar/frutas.precios.aspx
monthly_not_comparable,2025-10-02,,,2025-10,MCBA,Hortalizas,,ACUSAY,,Prom.Esp.,,,,,,,,,,800.0,,,ARS/kg,,ARS,,False,0,24090375ce667ec178ec32b3b8d9043c662440c7f99254b7a458d2f89a7d4cb0,2026-10-06T122050_197055Z-98afe028,1ddbef8b2097e947b8c0e1bdf4275bef8f085a4d963ecc5b7ccf51a5486bb0d9,,,https://ssma.magyp.gob.ar/frutas.precios.aspx
monthly_not_comparable,2025-10-02,,,2025-10,MCBA,Hortalizas,,ACHICORIA,,,,BS. AS.,,ATADO,,,MEDIANO,,,350.0,,,ARS/kg,,ARS,,False,0,fc08337c3ec608c291af129139ce64e7de58bdbad2902a86fa7732b8f90e70d9,2026-10-06T122050_197055Z-98afe028,1ddbef8b2097e947b8c0e1bdf4275bef8f085a4d963ecc5b7ccf51a5486bb0d9,,,https://ssma.magyp.gob.ar/frutas.precios.aspx
monthly_not_comparable,2025-10-02,,,2025-10,MCBA,Hortalizas,,ACHICORIA,,Prom.Esp.,,,,,,,,,,350.0,,,ARS/kg,,ARS,,False,0,a1b46059a69623aba69b710ada8420a189a6ad74d1747d0c3b37ed7b7a7eef25,2026-10-06T122050_197055Z-98afe028,1ddbef8b2097e947b8c0e1bdf4275bef8f085a4d963ecc5b7ccf51a5486bb0d9,,,https://ssma.magyp.gob.ar/frutas.precios.aspx
monthly_not_comparable,2025-10-02,,,2025-10,MCBA,Hortalizas,,ACELGA,,,,BS. AS.,,JAULA,,Segunda,SIN TAM,,,300.0,,,ARS/kg,,ARS,,False,0,607f88cfc94dda4dbd8a9fb0adbcff8de96649add04eb423a4aee20cbee2bd62,2026-10-06T122050_197055Z-98afe028,1ddbef8b2097e947b8c0e1bdf4275bef8f085a4d963ecc5b7ccf51a5486bb0d9,,,https://ssma.magyp.gob.ar/frutas.precios.aspx
monthly_not_comparable,2025-10-02,,,2025-10,MCBA,Hortalizas,,ACELGA,,,,BS. AS.,,JAULA,,Primera,SIN TAM,,,400.0,,,ARS/kg,,ARS,,False,0,a8f0f65c9bb25dbe3b5cf79c3c8eb207eb43f07351e438d639516a4dd0edf406,2026-10-06T122050_197055Z-98afe028,1ddbef8b2097e947b8c0e1bdf4275bef8f085a4d963ecc5b7ccf51a5486bb0d9,,,https://ssma.magyp.gob.ar/frutas.precios.aspx
monthly_not_comparable,2025-10-02,,,2025-10,MCBA,Hortalizas,,ACELGA,,,,BS. AS.,,JAULA,,Primera,,INVERNAC,,520.0,,,ARS/kg,,ARS,,False,0,f425a13822fa88463f5fea6622df955b908c496e58495ce8bea4b139c4250453,2026-10-06T122050_197055Z-98afe028,1ddbef8b2097e947b8c0e1bdf4275bef8f085a4d963ecc5b7ccf51a5486bb0d9,,,https://ssma.magyp.gob.ar/frutas.precios.aspx
monthly_not_comparable,2025-10-02,,,2025-10,MCBA,Hortalizas,,ACELGA,,Prom.Esp.,,,,,,,,,,406.67,,,ARS/kg,,ARS,,False,0,b8d65de438fe3df746217200058a1881e6389e8ef4f0ff292669d68a61391f14,2026-10-06T122050_197055Z-98afe028,1ddbef8b2097e947b8c0e1bdf4275bef8f085a4d963ecc5b7ccf51a5486bb0d9,,,https://ssma.magyp.gob.ar/frutas.precios.aspx
monthly_not_comparable,2025-10-02,,,2025-10,MCBA,Frutas,,UVA,,T.SEEDLESS,,BRASIL,,CAJA,,Elegido,GRANEL,,,6250.0,,,ARS/kg,,ARS,,False,0,9fcde71c427d2f269b2b9ee44ef7e3856975f5626dee9ad20a8bfd0ebb5ab91c,2026-10-06T122050_197055Z-98afe028,1ddbef8b2097e947b8c0e1bdf4275bef8f085a4d963ecc5b7ccf51a5486bb0d9,,,https://ssma.magyp.gob.ar/frutas.precios.aspx
monthly_not_comparable,2025-10-02,,,2025-10,MCBA,Frutas,,UVA,,SWEET JUBI,,BRASIL,,CAJA,,Elegido,GRANEL,,,6375.0,,,ARS/kg,,ARS,,False,0,e8f73a265aa1aa52e9395e05eb3aa583f4f7c90b85d93e69a4a9d6473d90f1d0,2026-10-06T122050_197055Z-98afe028,1ddbef8b2097e947b8c0e1bdf4275bef8f085a4d963ecc5b7ccf51a5486bb0d9,,,https://ssma.magyp.gob.ar/frutas.precios.aspx
monthly_not_comparable,2025-10-02,,,2025-10,MCBA,Frutas,,UVA,,RED GLOBE,,BRASIL,,CAJA,,Elegido,GRANEL,,,6250.0,,,ARS/kg,,ARS,,False,0,24368e79a1cb9b0f7eef9a8714dc4d71b360cf23efc9386fa4e84c9e36231162,2026-10-06T122050_197055Z-98afe028,1ddbef8b2097e947b8c0e1bdf4275bef8f085a4d963ecc5b7ccf51a5486bb0d9,,,https://ssma.magyp.gob.ar/frutas.precios.aspx
monthly_not_comparable,2025-10-02,,,2025-10,MCBA,Frutas,,UVA,,Prom.Esp.,,,,,,,,,,6475.0,,,ARS/kg,,ARS,,False,0,cd27b856b0f51adae14200c09567c1d08513dfcd260990bbf40560b75bce0195,2026-10-06T122050_197055Z-98afe028,1ddbef8b2097e947b8c0e1bdf4275bef8f085a4d963ecc5b7ccf51a5486bb0d9,,,https://ssma.magyp.gob.ar/frutas.precios.aspx
monthly_not_comparable,2025-10-02,,,2025-10,MCBA,Frutas,,UVA,,NUBIA,,BRASIL,,CAJA,,Elegido,GRANEL,,,6625.0,,,ARS/kg,,ARS,,False,0,2796d96a9458679f2e9b0565a2e819350ab23eaa96b7d849cdf3b65c739c80f9,2026-10-06T122050_197055Z-98afe028,1ddbef8b2097e947b8c0e1bdf4275bef8f085a4d963ecc5b7ccf51a5486bb0d9,,,https://ssma.magyp.gob.ar/frutas.precios.aspx
monthly_not_comparable,2025-10-02,,,2025-10,MCBA,Frutas,,UVA,,AUTUMN CRI,,BRASIL,,CAJA,,Elegido,GRANDE,,,6875.0,,,ARS/kg,,ARS,,False,0,a17cf1ea84f02883c364f97d4f21cad59300617dd55df4e9543a0fbb6d735943,2026-10-06T122050_197055Z-98afe028,1ddbef8b2097e947b8c0e1bdf4275bef8f085a4d963ecc5b7ccf51a5486bb0d9,,,https://ssma.magyp.gob.ar/frutas.precios.aspx
monthly_not_comparable,2025-10-02,,,2025-10,MCBA,Frutas,,SANDIA,,,,BRASIL,,GRANEL,,Comercial,GRANEL,,,1000.0,,,ARS/kg,,ARS,,False,0,71ae42c179e5671e19074ef7a8a7ea9d72c300606823077ec0683db7d4b6c751,2026-10-06T122050_197055Z-98afe028,1ddbef8b2097e947b8c0e1bdf4275bef8f085a4d963ecc5b7ccf51a5486bb0d9,,,https://ssma.magyp.gob.ar/frutas.precios.aspx
monthly_not_comparable,2025-10-02,,,2025-10,MCBA,Frutas,,SANDIA,,SUGAR BABY,,BRASIL,,CAJA,,Elegido,007/009,,,2000.0,,,ARS/kg,,ARS,,False,0,9b863c2cebcffccca2c0d1297d3b886b106829638293c36e6ae5bc1ddbfe43e2,2026-10-06T122050_197055Z-98afe028,1ddbef8b2097e947b8c0e1bdf4275bef8f085a4d963ecc5b7ccf51a5486bb0d9,,,https://ssma.magyp.gob.ar/frutas.precios.aspx
monthly_not_comparable,2025-10-02,,,2025-10,MCBA,Frutas,,SANDIA,,Prom.Esp.,,,,,,,,,,1500.0,,,ARS/kg,,ARS,,False,0,21238d3c86f62f2408a1ddb099f50dc13bf6134f9339920d7513c8c651891889,2026-10-06T122050_197055Z-98afe028,1ddbef8b2097e947b8c0e1bdf4275bef8f085a4d963ecc5b7ccf51a5486bb0d9,,,https://ssma.magyp.gob.ar/frutas.precios.aspx
monthly_not_comparable,2025-10-02,,,2025-10,MCBA,Frutas,,PERA,,PACKHAM'S,,R. NEGRO,,JAULA,,Elegido,120/140,,,944.44,,,ARS/kg,,ARS,,False,0,31b6f46079095f9fd32e725242596baa74672223c58fcc2ec8eee294d4d76ac1,2026-10-06T122050_197055Z-98afe028,1ddbef8b2097e947b8c0e1bdf4275bef8f085a4d963ecc5b7ccf51a5486bb0d9,,,https://ssma.magyp.gob.ar/frutas.precios.aspx
monthly_not_comparable,2025-10-02,,,2025-10,MCBA,Frutas,,PERA,,PACKHAM'S,,R. NEGRO,,JAULA,,Elegido,090/11O,,,1055.56,,,ARS/kg,,ARS,,False,0,4eae47753200754508aaa916c0eca8ad108d40b4094e03174667b4e0d047fc74,2026-10-06T122050_197055Z-98afe028,1ddbef8b2097e947b8c0e1bdf4275bef8f085a4d963ecc5b7ccf51a5486bb0d9,,,https://ssma.magyp.gob.ar/frutas.precios.aspx
monthly_not_comparable,2025-10-02,,,2025-10,MCBA,Frutas,,PERA,,PACKHAM'S,,R. NEGRO,,CAJA,,Elegido,110/130,,,1222.22,,,ARS/kg,,ARS,,False,0,9c30f47f6c2064cff2fb2c3cf9e6ccde54a1882422838a54b5451f8afa2af3e1,2026-10-06T122050_197055Z-98afe028,1ddbef8b2097e947b8c0e1bdf4275bef8f085a4d963ecc5b7ccf51a5486bb0d9,,,https://ssma.magyp.gob.ar/frutas.precios.aspx
monthly_not_comparable,2025-10-02,,,2025-10,MCBA,Frutas,,PERA,,PACKHAM'S,,R. NEGRO,,CAJA,,Elegido,070/090,,,1388.89,,,ARS/kg,,ARS,,False,0,a53b01354198b3667c5e869680b2e29a5aecdfc5f2217da4dff8d75b84998cc4,2026-10-06T122050_197055Z-98afe028,1ddbef8b2097e947b8c0e1bdf4275bef8f085a4d963ecc5b7ccf51a5486bb0d9,,,https://ssma.magyp.gob.ar/frutas.precios.aspx
monthly_not_comparable,2025-10-02,,,2025-10,MCBA,Frutas,,PERA,,PACKHAM'S,,R. NEGRO,,CAJA,,Elegido,036/040,,,1800.0,,,ARS/kg,,ARS,,False,0,fd4aa2830db39c763e774cf8bb333bfe9141451ea4f2427e980d5df7198e6f45,2026-10-06T122050_197055Z-98afe028,1ddbef8b2097e947b8c0e1bdf4275bef8f085a4d963ecc5b7ccf51a5486bb0d9,,,https://ssma.magyp.gob.ar/frutas.precios.aspx
monthly_not_comparable,2025-10-02,,,2025-10,MCBA,Frutas,,PERA,,Prom.Esp.,,,,,,,,,,1282.22,,,ARS/kg,,ARS,,False,0,16d81517f8adf94a041b669b3de5336ecaba9cf535d8e13bd0b55b27739d8aeb,2026-10-06T122050_197055Z-98afe028,1ddbef8b2097e947b8c0e1bdf4275bef8f085a4d963ecc5b7ccf51a5486bb0d9,,,https://ssma.magyp.gob.ar/frutas.precios.aspx
monthly_not_comparable,2025-10-02,,,2025-10,MCBA,Frutas,,POMELO,,STAR RUBY,,TUCUMAN,,CAJA,,Elegido,050/070,,,888.89,,,ARS/kg,,ARS,,False,0,6c0fe5a7102fcfc38c40e443ee486e0b05b8a26fb30433d86dd58d0b171a6404,2026-10-06T122050_197055Z-98afe028,1ddbef8b2097e947b8c0e1bdf4275bef8f085a4d963ecc5b7ccf51a5486bb0d9,,,https://ssma.magyp.gob.ar/frutas.precios.aspx
monthly_not_comparable,2025-10-02,,,2025-10,MCBA,Frutas,,POMELO,,STAR RUBY,,SALTA,,PERDIDO,,Elegido,056/070,,,1000.0,,,ARS/kg,,ARS,,False,0,5ff9c3c017386a954a72d163a03c5a7121e28751e8c2d1cfacf8a468a6f01aeb,2026-10-06T122050_197055Z-98afe028,1ddbef8b2097e947b8c0e1bdf4275bef8f085a4d963ecc5b7ccf51a5486bb0d9,,,https://ssma.magyp.gob.ar/frutas.precios.aspx
monthly_not_comparable,2025-10-02,,,2025-10,MCBA,Frutas,,POMELO,,STAR RUBY,,E. RIOS,,PERDIDO,,Elegido,050/070,,,777.78,,,ARS/kg,,ARS,,False,0,e28f1eae8f3cb4e42ccd88409153937d0e75aaac2a49072b785cef69cf5bca3f,2026-10-06T122050_197055Z-98afe028,1ddbef8b2097e947b8c0e1bdf4275bef8f085a4d963ecc5b7ccf51a5486bb0d9,,,https://ssma.magyp.gob.ar/frutas.precios.aspx
monthly_not_comparable,2025-10-02,,,2025-10,MCBA,Frutas,,POMELO,,RUBY RED,,E. RIOS,,PERDIDO,,Elegido,070/090,,,666.67,,,ARS/kg,,ARS,,False,0,b6f3548326a6ed785246e0015e4fcde6bdc90374fb9b627d10619bd6f3f5228b,2026-10-06T122050_197055Z-98afe028,1ddbef8b2097e947b8c0e1bdf4275bef8f085a4d963ecc5b7ccf51a5486bb0d9,,,https://ssma.magyp.gob.ar/frutas.precios.aspx
monthly_not_comparable,2025-10-02,,,2025-10,MCBA,Frutas,,POMELO,,Prom.Esp.,,,,,,,,,,800.0,,,ARS/kg,,ARS,,False,0,7a7a57ed69f75fea45c8b453fae2dd85c689e6127b3dc71fbde3e9468860650a,2026-10-06T122050_197055Z-98afe028,1ddbef8b2097e947b8c0e1bdf4275bef8f085a4d963ecc5b7ccf51a5486bb0d9,,,https://ssma.magyp.gob.ar/frutas.precios.aspx
monthly_not_comparable,2025-10-02,,,2025-10,MCBA,Frutas,,POMELO,,MARSH.SEED,,E. RIOS,,PERDIDO,,Elegido,048/066,,,666.67,,,ARS/kg,,ARS,,False,0,e7535dde59fd7e87633b17ddaf1d58a3aacb01f99689dcd5464ff270688285fc,2026-10-06T122050_197055Z-98afe028,1ddbef8b2097e947b8c0e1bdf4275bef8f085a4d963ecc5b7ccf51a5486bb0d9,,,https://ssma.magyp.gob.ar/frutas.precios.aspx
monthly_not_comparable,2025-10-02,,,2025-10,MCBA,Frutas,,PELON,,,,JUJUY,,BANDEJA,,Elegido,MEDIANO,,,5500.0,,,ARS/kg,,ARS,,False,0,d698e14006f5ef3ea2d4e7ea32bd080fee2f71422728d886be91081a15408d9d,2026-10-06T122050_197055Z-98afe028,1ddbef8b2097e947b8c0e1bdf4275bef8f085a4d963ecc5b7ccf51a5486bb0d9,,,https://ssma.magyp.gob.ar/frutas.precios.aspx
monthly_not_comparable,2025-10-02,,,2025-10,MCBA,Frutas,,PELON,,Prom.Esp.,,,,,,,,,,5500.0,,,ARS/kg,,ARS,,False,0,9e30b73390ed33137543ee4c1dff1d9c76c8869026fbd63e37d8cfda9ade3793,2026-10-06T122050_197055Z-98afe028,1ddbef8b2097e947b8c0e1bdf4275bef8f085a4d963ecc5b7ccf51a5486bb0d9,,,https://ssma.magyp.gob.ar/frutas.precios.aspx
monthly_not_comparable,2025-10-02,,,2025-10,MCBA,Frutas,,PLATANO,,,,ECUADOR,,CAJA,,Elegido,GRANDE,,,2777.78,,,ARS/kg,,ARS,,False,0,fe8e1b7392f773327445906fda338a4be45a5c22d8477483173687e2c1a3049d,2026-10-06T122050_197055Z-98afe028,1ddbef8b2097e947b8c0e1bdf4275bef8f085a4d963ecc5b7ccf51a5486bb0d9,,,https://ssma.magyp.gob.ar/frutas.precios.aspx
monthly_not_comparable,2025-10-02,,,2025-10,MCBA,Frutas,,PLATANO,,Prom.Esp.,,,,,,,,,,2777.78,,,ARS/kg,,ARS,,False,0,819a5fe09f7dff24f18698a6667f3999c336495602d3f32aed366bbedf6a26a3,2026-10-06T122050_197055Z-98afe028,1ddbef8b2097e947b8c0e1bdf4275bef8f085a4d963ecc5b7ccf51a5486bb0d9,,,https://ssma.magyp.gob.ar/frutas.precios.aspx
monthly_not_comparable,2025-10-02,,,2025-10,MCBA,Frutas,,PITAHAYA,,,,ECUADOR,,CAJA,,Elegido,GRANEL,,,15200.0,,,ARS/kg,,ARS,,False,0,9df48f36498998488cb5bc74c6b4cebbd2804d9ab16c82e701d3bf324c0d606d,2026-10-06T122050_197055Z-98afe028,1ddbef8b2097e947b8c0e1bdf4275bef8f085a4d963ecc5b7ccf51a5486bb0d9,,,https://ssma.magyp.gob.ar/frutas.precios.aspx
monthly_not_comparable,2025-10-02,,,2025-10,MCBA,Frutas,,PITAHAYA,,Prom.Esp.,,,,,,,,,,15200.0,,,ARS/kg,,ARS,,False,0,e5e65b2de00f69a7cd20a7eecba5173506589f8f88a4557f40212db009197693,2026-10-06T122050_197055Z-98afe028,1ddbef8b2097e947b8c0e1bdf4275bef8f085a4d963ecc5b7ccf51a5486bb0d9,,,https://ssma.magyp.gob.ar/frutas.precios.aspx
monthly_not_comparable,2025-10-02,,,2025-10,MCBA,Frutas,,PALTA,,Prom.Esp.,,,,,,,,,,5000.0,,,ARS/kg,,ARS,,False,0,4ceb719fa7c79aaecfe430647777b7464351fa470a317860e38bf714cb001319,2026-10-06T122050_197055Z-98afe028,1ddbef8b2097e947b8c0e1bdf4275bef8f085a4d963ecc5b7ccf51a5486bb0d9,,,https://ssma.magyp.gob.ar/frutas.precios.aspx
monthly_not_comparable,2025-10-02,,,2025-10,MCBA,Frutas,,PALTA,,HASS,,PERU,,CAJA,,Elegido,MEDIANO,,,5000.0,,,ARS/kg,,ARS,,False,0,21f64b6104513ede8567aa8425d27b68d27e697bd088e2190a1a7baae446db58,2026-10-06T122050_197055Z-98afe028,1ddbef8b2097e947b8c0e1bdf4275bef8f085a4d963ecc5b7ccf51a5486bb0d9,,,https://ssma.magyp.gob.ar/frutas.precios.aspx
monthly_not_comparable,2025-10-02,,,2025-10,MCBA,Frutas,,PALTA,,HASS,,PERU,,BANDEJA,,Elegido,GRANDE,,,5700.0,,,ARS/kg,,ARS,,False,0,c547a9557ce5b76312f9c4feb02220f7ce7edb828f952ec57f1aef26731cb1a1,2026-10-06T122050_197055Z-98afe028,1ddbef8b2097e947b8c0e1bdf4275bef8f085a4d963ecc5b7ccf51a5486bb0d9,,,https://ssma.magyp.gob.ar/frutas.precios.aspx
monthly_not_comparable,2025-10-02,,,2025-10,MCBA,Frutas,,PALTA,,HASS,,JUJUY,,CAJA,,Elegido,GRANEL,,,3400.0,,,ARS/kg,,ARS,,False,0,07605be3cbf5898874335d539500464ba06b04739eefd5c2ec8614f71ea31ef1,2026-10-06T122050_197055Z-98afe028,1ddbef8b2097e947b8c0e1bdf4275bef8f085a4d963ecc5b7ccf51a5486bb0d9,,,https://ssma.magyp.gob.ar/frutas.precios.aspx
monthly_not_comparable,2025-10-02,,,2025-10,MCBA,Frutas,,PALTA,,HASS,,CTES.,,CAJA,,Elegido,MEDIANO,,,3500.0,,,ARS/kg,,ARS,,False,0,c7c22866dc2dc1a1517d8f067de208b3881b4bb465e95fd6f2b2db39c905f9bb,2026-10-06T122050_197055Z-98afe028,1ddbef8b2097e947b8c0e1bdf4275bef8f085a4d963ecc5b7ccf51a5486bb0d9,,,https://ssma.magyp.gob.ar/frutas.precios.aspx
monthly_not_comparable,2025-10-02,,,2025-10,MCBA,Frutas,,PALTA,,HASS,,CHILE,,CAJA,,Elegido,MEDIANO,,,6100.0,,,ARS/kg,,ARS,,False,0,99b59421052176b94084d6362563e0859005fec087d66f844000649237aa4e50,2026-10-06T122050_197055Z-98afe028,1ddbef8b2097e947b8c0e1bdf4275bef8f085a4d963ecc5b7ccf51a5486bb0d9,,,https://ssma.magyp.gob.ar/frutas.precios.aspx
monthly_not_comparable,2025-10-02,,,2025-10,MCBA,Frutas,,PALTA,,HASS,,CHILE,,CAJA,,Elegido,GRANDE,,,6800.0,,,ARS/kg,,ARS,,False,0,d0f502b51a5abe9d7239bc831d8b23063c2d3635c2410cf10c13ca4ffcd93885,2026-10-06T122050_197055Z-98afe028,1ddbef8b2097e947b8c0e1bdf4275bef8f085a4d963ecc5b7ccf51a5486bb0d9,,,https://ssma.magyp.gob.ar/frutas.precios.aspx
monthly_not_comparable,2025-10-02,,,2025-10,MCBA,Frutas,,PALTA,,HASS,,BRASIL,,BANDEJA,,Elegido,MEDIANO,,,4400.0,,,ARS/kg,,ARS,,False,0,f1509becbe6529a31a5fbf3d9809141e8af4472b148306f536d01388a8d91533,2026-10-06T122050_197055Z-98afe028,1ddbef8b2097e947b8c0e1bdf4275bef8f085a4d963ecc5b7ccf51a5486bb0d9,,,https://ssma.magyp.gob.ar/frutas.precios.aspx
monthly_not_comparable,2025-10-02,,,2025-10,MCBA,Frutas,,PALTA,,HASS,,BRASIL,,BANDEJA,,Elegido,GRANDE,,,5100.0,,,ARS/kg,,ARS,,False,0,84473cb4abb89bb3ea6a7839d169235cc0ae2fa35b3d48069e9b59453c3de143,2026-10-06T122050_197055Z-98afe028,1ddbef8b2097e947b8c0e1bdf4275bef8f085a4d963ecc5b7ccf51a5486bb0d9,,,https://ssma.magyp.gob.ar/frutas.precios.aspx
monthly_not_comparable,2025-10-02,,,2025-10,MCBA,Frutas,,NUEZ,,,,MENDOZA,,BOLSA,,Elegido,GRANEL,,,6600.0,,,ARS/kg,,ARS,,False,0,f3e4634f500227e93edb78a2d0cee26c1485a4eb31ba6cb7cea1a92e035a3bed,2026-10-06T122050_197055Z-98afe028,1ddbef8b2097e947b8c0e1bdf4275bef8f085a4d963ecc5b7ccf51a5486bb0d9,,,https://ssma.magyp.gob.ar/frutas.precios.aspx
monthly_not_comparable,2025-10-02,,,2025-10,MCBA,Frutas,,NUEZ,,Prom.Esp.,,,,,,,,,,6600.0,,,ARS/kg,,ARS,,False,0,7865a906a242dfea91fd82d6f891ccfc532229d75f8615e0f8e56cf88ff925b6,2026-10-06T122050_197055Z-98afe028,1ddbef8b2097e947b8c0e1bdf4275bef8f085a4d963ecc5b7ccf51a5486bb0d9,,,https://ssma.magyp.gob.ar/frutas.precios.aspx
monthly_not_comparable,2025-10-02,,,2025-10,MCBA,Frutas,,NARANJA,,W.NAVEL,,CTES.,,PERDIDO,,Elegido,070/090,,,666.67,,,ARS/kg,,ARS,,False,0,74a0f213d997d6471ce649045e5c2edc63fb5d3d2b8aa6e98b71819472c72490,2026-10-06T122050_197055Z-98afe028,1ddbef8b2097e947b8c0e1bdf4275bef8f085a4d963ecc5b7ccf51a5486bb0d9,,,https://ssma.magyp.gob.ar/frutas.precios.aspx
monthly_not_comparable,2025-10-02,,,2025-10,MCBA,Frutas,,NARANJA,,W.NAVEL,,BS. AS.,,PERDIDO,,Elegido,070/090,,,722.22,,,ARS/kg,,ARS,,False,0,dfe1ee38a74ebc41567209623ca1c2e9e59e057665c78b9f3a8ad12a493e1eef,2026-10-06T122050_197055Z-98afe028,1ddbef8b2097e947b8c0e1bdf4275bef8f085a4d963ecc5b7ccf51a5486bb0d9,,,https://ssma.magyp.gob.ar/frutas.precios.aspx
monthly_not_comparable,2025-10-02,,,2025-10,MCBA,Frutas,,NARANJA,,VAL.SEEDLE,,E. RIOS,,PERDIDO,,Elegido,110/130,,,555.56,,,ARS/kg,,ARS,,False,0,938cd16c9f85f076a1252fd3fa59f69a4e5a100aa269c09b23bab486695dbbe2,2026-10-06T122050_197055Z-98afe028,1ddbef8b2097e947b8c0e1bdf4275bef8f085a4d963ecc5b7ccf51a5486bb0d9,,,https://ssma.magyp.gob.ar/frutas.precios.aspx
monthly_not_comparable,2025-10-02,,,2025-10,MCBA,Frutas,,NARANJA,,VAL.SEEDLE,,E. RIOS,,PERDIDO,,Elegido,090/110,,,666.67,,,ARS/kg,,ARS,,False,0,69f44f8f167e7acf13a00b31c3e3e6b5b465b41b0abd23b8b9ac12bc3b9fe6f6,2026-10-06T122050_197055Z-98afe028,1ddbef8b2097e947b8c0e1bdf4275bef8f085a4d963ecc5b7ccf51a5486bb0d9,,,https://ssma.magyp.gob.ar/frutas.precios.aspx
monthly_not_comparable,2025-10-02,,,2025-10,MCBA,Frutas,,NARANJA,,VALEN.LATE,,E. RIOS,,PERDIDO,,Elegido,090/110,,,555.56,,,ARS/kg,,ARS,,False,0,83107097e0925239781dbfa3a700f2a31614e81941b2f051a6b5d8dc5e213604,2026-10-06T122050_197055Z-98afe028,1ddbef8b2097e947b8c0e1bdf4275bef8f085a4d963ecc5b7ccf51a5486bb0d9,,,https://ssma.magyp.gob.ar/frutas.precios.aspx
monthly_not_comparable,2025-10-02,,,2025-10,MCBA,Frutas,,NARANJA,,VALEN.LATE,,CTES.,,PERDIDO,,Elegido,110/130,,,555.56,,,ARS/kg,,ARS,,False,0,2303b7af7bcbcbedff028673a26e647ee7aaf553366f03786614305106b723e8,2026-10-06T122050_197055Z-98afe028,1ddbef8b2097e947b8c0e1bdf4275bef8f085a4d963ecc5b7ccf51a5486bb0d9,,,https://ssma.magyp.gob.ar/frutas.precios.aspx
monthly_not_comparable,2025-10-02,,,2025-10,MCBA,Frutas,,NARANJA,,Prom.Esp.,,,,,,,,,,619.05,,,ARS/kg,,ARS,,False,0,29b829eecdf672d75e995706ec6ad17bb204534c3f6166c5011eaabb049776ef,2026-10-06T122050_197055Z-98afe028,1ddbef8b2097e947b8c0e1bdf4275bef8f085a4d963ecc5b7ccf51a5486bb0d9,,,https://ssma.magyp.gob.ar/frutas.precios.aspx
monthly_not_comparable,2025-10-02,,,2025-10,MCBA,Frutas,,NARANJA,,LANE LATE,,E. RIOS,,PERDIDO,,Elegido,090/110,,,611.11,,,ARS/kg,,ARS,,False,0,1ef438d2005a10737026a70f8ca3a23656ed26e742c0523d8369538c5979bbb2,2026-10-06T122050_197055Z-98afe028,1ddbef8b2097e947b8c0e1bdf4275bef8f085a4d963ecc5b7ccf51a5486bb0d9,,,https://ssma.magyp.gob.ar/frutas.precios.aspx
monthly_not_comparable,2025-10-02,,,2025-10,MCBA,Frutas,,MANGO,,,,BRASIL,,CAJA,,Elegido,MEDIANO,,,2750.0,,,ARS/kg,,ARS,,False,0,8c0be48d0157b8d259a028417cbd0a8b229b42e615f1090e98632faaf85737dc,2026-10-06T122050_197055Z-98afe028,1ddbef8b2097e947b8c0e1bdf4275bef8f085a4d963ecc5b7ccf51a5486bb0d9,,,https://ssma.magyp.gob.ar/frutas.precios.aspx
monthly_not_comparable,2025-10-02,,,2025-10,MCBA,Frutas,,MANGO,,,,BRASIL,,CAJA,,Elegido,GRANDE,,,2555.56,,,ARS/kg,,ARS,,False,0,627511fa2a65324d08d906e30d14c411834d65b3f0c5386eaa7bd6a66c16b6f2,2026-10-06T122050_197055Z-98afe028,1ddbef8b2097e947b8c0e1bdf4275bef8f085a4d963ecc5b7ccf51a5486bb0d9,,,https://ssma.magyp.gob.ar/frutas.precios.aspx
monthly_not_comparable,2025-10-02,,,2025-10,MCBA,Frutas,,MANGO,,Prom.Esp.,,,,,,,,,,2652.78,,,ARS/kg,,ARS,,False,0,665283bd5033286b07d91abd6b7065d7a9a3b542093ad6c850dbf36b6feee634,2026-10-06T122050_197055Z-98afe028,1ddbef8b2097e947b8c0e1bdf4275bef8f085a4d963ecc5b7ccf51a5486bb0d9,,,https://ssma.magyp.gob.ar/frutas.precios.aspx
monthly_not_comparable,2025-10-02,,,2025-10,MCBA,Frutas,,MELON,,SUN DEW,,BRASIL,,CAJA,,Elegido,MEDIANO,,,2600.0,,,ARS/kg,,ARS,,False,0,8b21f3ceb84a7c58b807fb9a20aa81d9166e86e1953648bc54be054c7279cea2,2026-10-06T122050_197055Z-98afe028,1ddbef8b2097e947b8c0e1bdf4275bef8f085a4d963ecc5b7ccf51a5486bb0d9,,,https://ssma.magyp.gob.ar/frutas.precios.aspx
monthly_not_comparable,2025-10-02,,,2025-10,MCBA,Frutas,,MELON,,ROCIO MIEL,,SALTA,,PERDIDO,,Elegido,MEDIANO,INVERNAC,,2700.0,,,ARS/kg,,ARS,,False,0,5121cf014a27624bd5d4eef02276e2d4806a00e8ee1f54273c453e7f9a4f0c0a,2026-10-06T122050_197055Z-98afe028,1ddbef8b2097e947b8c0e1bdf4275bef8f085a4d963ecc5b7ccf51a5486bb0d9,,,https://ssma.magyp.gob.ar/frutas.precios.aspx
monthly_not_comparable,2025-10-02,,,2025-10,MCBA,Frutas,,MELON,,Prom.Esp.,,,,,,,,,,2666.67,,,ARS/kg,,ARS,,False,0,8744864a77709b908e1d9825c0a7f1b2550233a1b0647bddb553d7a93bede38d,2026-10-06T122050_197055Z-98afe028,1ddbef8b2097e947b8c0e1bdf4275bef8f085a4d963ecc5b7ccf51a5486bb0d9,,,https://ssma.magyp.gob.ar/frutas.precios.aspx
monthly_not_comparable,2025-10-02,,,2025-10,MCBA,Frutas,,MELON,,GALIA,,BRASIL,,CAJA,,Elegido,MEDIANO,,,2700.0,,,ARS/kg,,ARS,,False,0,9fde90888d5c8b350c4507053e51b5b6b66e5d49734bf64e71351e6fe1589b52,2026-10-06T122050_197055Z-98afe028,1ddbef8b2097e947b8c0e1bdf4275bef8f085a4d963ecc5b7ccf51a5486bb0d9,,,https://ssma.magyp.gob.ar/frutas.precios.aspx
monthly_not_comparable,2025-10-02,,,2025-10,MCBA,Frutas,,MANDARINA,,Prom.Esp.,,,,,,,,,,933.34,,,ARS/kg,,ARS,,False,0,fa847f99a5aea40d5cf5965a3b856429fb00f3201799991b9ee0d47e050ec5ae,2026-10-06T122050_197055Z-98afe028,1ddbef8b2097e947b8c0e1bdf4275bef8f085a4d963ecc5b7ccf51a5486bb0d9,,,https://ssma.magyp.gob.ar/frutas.precios.aspx
monthly_not_comparable,2025-10-02,,,2025-10,MCBA,Frutas,,MANDARINA,,MURCOT,,E. RIOS,,PERDIDO,,Elegido,MEDIANO,,,777.78,,,ARS/kg,,ARS,,False,0,85dc2a2101f14063303dea2c6d4dcdce14916cd0ee78c41a18a7053e6893c72d,2026-10-06T122050_197055Z-98afe028,1ddbef8b2097e947b8c0e1bdf4275bef8f085a4d963ecc5b7ccf51a5486bb0d9,,,https://ssma.magyp.gob.ar/frutas.precios.aspx
monthly_not_comparable,2025-10-02,,,2025-10,MCBA,Frutas,,MANDARINA,,MURCOT,,E. RIOS,,PERDIDO,,Elegido,GRANDE,,,1166.67,,,ARS/kg,,ARS,,False,0,a5bd8ec0371a305c9bf8d8f8791eb4f30559f50f8a715a16f38e607308b3f92b,2026-10-06T122050_197055Z-98afe028,1ddbef8b2097e947b8c0e1bdf4275bef8f085a4d963ecc5b7ccf51a5486bb0d9,,,https://ssma.magyp.gob.ar/frutas.precios.aspx
monthly_not_comparable,2025-10-02,,,2025-10,MCBA,Frutas,,MANDARINA,,MURCOT,,CTES.,,PERDIDO,,Elegido,MEDIANO,,,666.67,,,ARS/kg,,ARS,,False,0,a7882f4908dfcd79f83bc909a58f06659bf130f08120249f8d1c77bd9f8c1449,2026-10-06T122050_197055Z-98afe028,1ddbef8b2097e947b8c0e1bdf4275bef8f085a4d963ecc5b7ccf51a5486bb0d9,,,https://ssma.magyp.gob.ar/frutas.precios.aspx
monthly_not_comparable,2025-10-02,,,2025-10,MCBA,Frutas,,MANDARINA,,ENCORE,,E. RIOS,,PERDIDO,,Elegido,GRANDE,,,1277.78,,,ARS/kg,,ARS,,False,0,e620f8df2f20144215e44523633ebcbe3a7ccfc55b00b7eb3ee236f8431060bf,2026-10-06T122050_197055Z-98afe028,1ddbef8b2097e947b8c0e1bdf4275bef8f085a4d963ecc5b7ccf51a5486bb0d9,,,https://ssma.magyp.gob.ar/frutas.precios.aspx
monthly_not_comparable,2025-10-02,,,2025-10,MCBA,Frutas,,MANDARINA,,ENCORE,,E. RIOS,,JAULA,,Elegido,MEDIANO,,,777.78,,,ARS/kg,,ARS,,False,0,f90e3f7706bd0ac120d463dce7bf27bd33c54743c453cb7cdfc5db962941a30c,2026-10-06T122050_197055Z-98afe028,1ddbef8b2097e947b8c0e1bdf4275bef8f085a4d963ecc5b7ccf51a5486bb0d9,,,https://ssma.magyp.gob.ar/frutas.precios.aspx
monthly_not_comparable,2025-10-02,,,2025-10,MCBA,Frutas,,MBURUCUYA,,,,MISIONES,,PERDIDO,,Elegido,GRANEL,,,2764.71,,,ARS/kg,,ARS,,False,0,14770c8c11c684505d56b4be5d0d2271d54ef9508dafd8547bee6744f17f319a,2026-10-06T122050_197055Z-98afe028,1ddbef8b2097e947b8c0e1bdf4275bef8f085a4d963ecc5b7ccf51a5486bb0d9,,,https://ssma.magyp.gob.ar/frutas.precios.aspx
monthly_not_comparable,2025-10-02,,,2025-10,MCBA,Frutas,,MBURUCUYA,,Prom.Esp.,,,,,,,,,,2764.71,,,ARS/kg,,ARS,,False,0,77244d1fa7f978e4da9c5f852fee8101162097be0abd5bca05738a2cd9b19de0,2026-10-06T122050_197055Z-98afe028,1ddbef8b2097e947b8c0e1bdf4275bef8f085a4d963ecc5b7ccf51a5486bb0d9,,,https://ssma.magyp.gob.ar/frutas.precios.aspx
monthly_not_comparable,2025-10-02,,,2025-10,MCBA,Frutas,,MANZANA,,RED DELICI,,R. NEGRO,,JAULA,,Elegido,GRANEL,,,950.0,,,ARS/kg,,ARS,,False,0,6151889d12b07acf1652ebfdfe9d41b553bda37300e6cfbf1c949a71a2406ebf,2026-10-06T122050_197055Z-98afe028,1ddbef8b2097e947b8c0e1bdf4275bef8f085a4d963ecc5b7ccf51a5486bb0d9,,,https://ssma.magyp.gob.ar/frutas.precios.aspx
monthly_not_comparable,2025-10-02,,,2025-10,MCBA,Frutas,,MANZANA,,RED DELICI,,R. NEGRO,,JAULA,,Elegido,125/138,,,1166.67,,,ARS/kg,,ARS,,False,0,2e7220a4e2d53c5e3b57ccd47560419dc3fdac058bd6617e6a734474a728aaee,2026-10-06T122050_197055Z-98afe028,1ddbef8b2097e947b8c0e1bdf4275bef8f085a4d963ecc5b7ccf51a5486bb0d9,,,https://ssma.magyp.gob.ar/frutas.precios.aspx
monthly_not_comparable,2025-10-02,,,2025-10,MCBA,Frutas,,MANZANA,,RED DELICI,,R. NEGRO,,JAULA,,Elegido,113/125,,,1277.78,,,ARS/kg,,ARS,,False,0,878988ed21e94c70ad0586918d45aa5404e5aee8dd6501b7d825e218a109e2c2,2026-10-06T122050_197055Z-98afe028,1ddbef8b2097e947b8c0e1bdf4275bef8f085a4d963ecc5b7ccf51a5486bb0d9,,,https://ssma.magyp.gob.ar/frutas.precios.aspx
monthly_not_comparable,2025-10-02,,,2025-10,MCBA,Frutas,,MANZANA,,RED DELICI,,R. NEGRO,,JAULA,,Elegido,080/100,,,1277.78,,,ARS/kg,,ARS,,False,0,1c3b81d5e89e43f7c9362ad49bd40305ee798c54414c8019465742a84930a8e5,2026-10-06T122050_197055Z-98afe028,1ddbef8b2097e947b8c0e1bdf4275bef8f085a4d963ecc5b7ccf51a5486bb0d9,,,https://ssma.magyp.gob.ar/frutas.precios.aspx
monthly_not_comparable,2025-10-02,,,2025-10,MCBA,Frutas,,MANZANA,,RED DELICI,,R. NEGRO,,CAJA,,Elegido,125/138,,,1333.33,,,ARS/kg,,ARS,,False,0,7ced9cd1f1d54e27ec0b53639d02a71d316c93efd7e9a53ab5a7f9d06b0e8949,2026-10-06T122050_197055Z-98afe028,1ddbef8b2097e947b8c0e1bdf4275bef8f085a4d963ecc5b7ccf51a5486bb0d9,,,https://ssma.magyp.gob.ar/frutas.precios.aspx
monthly_not_comparable,2025-10-02,,,2025-10,MCBA,Frutas,,MANZANA,,RED DELICI,,R. NEGRO,,CAJA,,Elegido,113/125,,,1388.89,,,ARS/kg,,ARS,,False,0,8d220a8fa592e0593ae5d00a8b6b08f70a2d3f36ccff808c33005830692dc3cd,2026-10-06T122050_197055Z-98afe028,1ddbef8b2097e947b8c0e1bdf4275bef8f085a4d963ecc5b7ccf51a5486bb0d9,,,https://ssma.magyp.gob.ar/frutas.precios.aspx
monthly_not_comparable,2025-10-02,,,2025-10,MCBA,Frutas,,MANZANA,,RED DELICI,,R. NEGRO,,CAJA,,Elegido,088/113,,,1833.33,,,ARS/kg,,ARS,,False,0,d4846f486153d03f6a868cd5db61c3bbf33e4333a341f83a49e7087417c092d8,2026-10-06T122050_197055Z-98afe028,1ddbef8b2097e947b8c0e1bdf4275bef8f085a4d963ecc5b7ccf51a5486bb0d9,,,https://ssma.magyp.gob.ar/frutas.precios.aspx
monthly_not_comparable,2025-10-02,,,2025-10,MCBA,Frutas,,MANZANA,,RED DELICI,,R. NEGRO,,CAJA,,Elegido,072/088,,,1388.89,,,ARS/kg,,ARS,,False,0,b06ac1b7ab58a1fa4d927e9ded998752088f7d4ef2ef6044ee7716cfa30267e8,2026-10-06T122050_197055Z-98afe028,1ddbef8b2097e947b8c0e1bdf4275bef8f085a4d963ecc5b7ccf51a5486bb0d9,,,https://ssma.magyp.gob.ar/frutas.precios.aspx
monthly_not_comparable,2025-10-02,,,2025-10,MCBA,Frutas,,MANZANA,,RED DELICI,,R. NEGRO,,CAJA,,Elegido,044/056,,,2000.0,,,ARS/kg,,ARS,,False,0,bbcb8dd4d417e4b64d6ba42ca62cde26dbd23a60e81f42305c7c39ee199cad9c,2026-10-06T122050_197055Z-98afe028,1ddbef8b2097e947b8c0e1bdf4275bef8f085a4d963ecc5b7ccf51a5486bb0d9,,,https://ssma.magyp.gob.ar/frutas.precios.aspx
monthly_not_comparable,2025-10-02,,,2025-10,MCBA,Frutas,,MANZANA,,RED DELICI,,CHILE,,CAJA,,Elegido,080/100,,,2666.67,,,ARS/kg,,ARS,,False,0,39b88360d6108cc24fbd630bdc2771533e5f55e13fd8850586aa71e7a66fc2c7,2026-10-06T122050_197055Z-98afe028,1ddbef8b2097e947b8c0e1bdf4275bef8f085a4d963ecc5b7ccf51a5486bb0d9,,,https://ssma.magyp.gob.ar/frutas.precios.aspx
monthly_not_comparable,2025-10-02,,,2025-10,MCBA,Frutas,,MANZANA,,RED CHAÑAR,,R. NEGRO,,CAJA,,Elegido,110/130,,,1333.33,,,ARS/kg,,ARS,,False,0,1b37437697b54da42c288dce4447fb0fea0b16c8075a24bd1bea7f739a70f8d5,2026-10-06T122050_197055Z-98afe028,1ddbef8b2097e947b8c0e1bdf4275bef8f085a4d963ecc5b7ccf51a5486bb0d9,,,https://ssma.magyp.gob.ar/frutas.precios.aspx
monthly_not_comparable,2025-10-02,,,2025-10,MCBA,Frutas,,MANZANA,,ROME BEAUT,,R. NEGRO,,CAJA,,Elegido,113/125,,,1400.0,,,ARS/kg,,ARS,,False,0,321eef0d2209e4a90420722d7dd03e24133b15b152b08ff54d8ffc8f9cc73fec,2026-10-06T122050_197055Z-98afe028,1ddbef8b2097e947b8c0e1bdf4275bef8f085a4d963ecc5b7ccf51a5486bb0d9,,,https://ssma.magyp.gob.ar/frutas.precios.aspx
monthly_not_comparable,2025-10-02,,,2025-10,MCBA,Frutas,,MANZANA,,Prom.Esp.,,,,,,,,,,1456.39,,,ARS/kg,,ARS,,False,0,73ddd455713aec9e49c6e31c16154059819542c4f56641dcd3fe751dd3e585b6,2026-10-06T122050_197055Z-98afe028,1ddbef8b2097e947b8c0e1bdf4275bef8f085a4d963ecc5b7ccf51a5486bb0d9,,,https://ssma.magyp.gob.ar/frutas.precios.aspx
monthly_not_comparable,2025-10-02,,,2025-10,MCBA,Frutas,,MANZANA,,GRANNY SMI,,R. NEGRO,,JAULA,,Elegido,110/130,,,1222.22,,,ARS/kg,,ARS,,False,0,3bacafe8463554314cfb573418ddb61c89f196b3a0090258599f2f3ef331e10b,2026-10-06T122050_197055Z-98afe028,1ddbef8b2097e947b8c0e1bdf4275bef8f085a4d963ecc5b7ccf51a5486bb0d9,,,https://ssma.magyp.gob.ar/frutas.precios.aspx
monthly_not_comparable,2025-10-02,,,2025-10,MCBA,Frutas,,MANZANA,,GRANNY SMI,,R. NEGRO,,JAULA,,Comercial,GRANEL,,,950.0,,,ARS/kg,,ARS,,False,0,868362e3902fedc614cae014577296893a933621f662957f5b3dda4c5e835469,2026-10-06T122050_197055Z-98afe028,1ddbef8b2097e947b8c0e1bdf4275bef8f085a4d963ecc5b7ccf51a5486bb0d9,,,https://ssma.magyp.gob.ar/frutas.precios.aspx
monthly_not_comparable,2025-10-02,,,2025-10,MCBA,Frutas,,MANZANA,,GRANNY SMI,,R. NEGRO,,CAJA,,Elegido,113/125,,,1388.89,,,ARS/kg,,ARS,,False,0,ac63e77e3341781d9fe73bab3cde3d2251fdf5709e3035e8ea84cd91f45e61fc,2026-10-06T122050_197055Z-98afe028,1ddbef8b2097e947b8c0e1bdf4275bef8f085a4d963ecc5b7ccf51a5486bb0d9,,,https://ssma.magyp.gob.ar/frutas.precios.aspx
monthly_not_comparable,2025-10-02,,,2025-10,MCBA,Frutas,,MANZANA,,GRANNY SMI,,R. NEGRO,,CAJA,,Elegido,100/113,,,1444.44,,,ARS/kg,,ARS,,False,0,7387e5262bf0486efda80e5a9722d76b3e6dcc063b02eda888405f020b29a8fb,2026-10-06T122050_197055Z-98afe028,1ddbef8b2097e947b8c0e1bdf4275bef8f085a4d963ecc5b7ccf51a5486bb0d9,,,https://ssma.magyp.gob.ar/frutas.precios.aspx
monthly_not_comparable,2025-10-02,,,2025-10,MCBA,Frutas,,MANZANA,,GRANNY SMI,,R. NEGRO,,CAJA,,Elegido,072/080,,,1650.0,,,ARS/kg,,ARS,,False,0,9f6800a952019e90e6e750eabe98cbe6cc2803003d2fd2e54bac5b9cda91985c,2026-10-06T122050_197055Z-98afe028,1ddbef8b2097e947b8c0e1bdf4275bef8f085a4d963ecc5b7ccf51a5486bb0d9,,,https://ssma.magyp.gob.ar/frutas.precios.aspx
monthly_not_comparable,2025-10-02,,,2025-10,MCBA,Frutas,,MANZANA,,GRANNY SMI,,R. NEGRO,,CAJA,,Elegido,036/044,,,1900.0,,,ARS/kg,,ARS,,False,0,e1528b5761731007921ae6dabbd8531d82cfac0881348ade85b184086a6134da,2026-10-06T122050_197055Z-98afe028,1ddbef8b2097e947b8c0e1bdf4275bef8f085a4d963ecc5b7ccf51a5486bb0d9,,,https://ssma.magyp.gob.ar/frutas.precios.aspx
monthly_not_comparable,2025-10-02,,,2025-10,MCBA,Frutas,,MANZANA,,GOLDEN DEL,,R. NEGRO,,CAJA,,Elegido,088/113,,,1277.78,,,ARS/kg,,ARS,,False,0,98b5c5cf0920096702a6611f547388d7049d41804e29b49b41bff74edbe5efe1,2026-10-06T122050_197055Z-98afe028,1ddbef8b2097e947b8c0e1bdf4275bef8f085a4d963ecc5b7ccf51a5486bb0d9,,,https://ssma.magyp.gob.ar/frutas.precios.aspx
monthly_not_comparable,2025-10-02,,,2025-10,MCBA,Frutas,,MANZANA,,CRIPPS PIN,,R. NEGRO,,CAJA,,Elegido,113/125,,,1277.78,,,ARS/kg,,ARS,,False,0,6524370915eb087e40072e707110dff12f6379da9a7219a62d8b47a0b2fd57dd,2026-10-06T122050_197055Z-98afe028,1ddbef8b2097e947b8c0e1bdf4275bef8f085a4d963ecc5b7ccf51a5486bb0d9,,,https://ssma.magyp.gob.ar/frutas.precios.aspx
monthly_not_comparable,2025-10-02,,,2025-10,MCBA,Frutas,,MAMON,,,,JUJUY,,BANDEJA,,Elegido,GRANEL,,,2000.0,,,ARS/kg,,ARS,,False,0,ec94c6011fe347b2a2c005ee38f25052b50bdb673a115f56bc58e3e9b004e99f,2026-10-06T122050_197055Z-98afe028,1ddbef8b2097e947b8c0e1bdf4275bef8f085a4d963ecc5b7ccf51a5486bb0d9,,,https://ssma.magyp.gob.ar/frutas.precios.aspx
monthly_not_comparable,2025-10-02,,,2025-10,MCBA,Frutas,,MAMON,,,,BRASIL,,CAJA,,Elegido,GRANDE,,,2600.0,,,ARS/kg,,ARS,,False,0,5627d81209d3018f9b207c5a9f6e0f98518597d017af904889b8f85003beb86c,2026-10-06T122050_197055Z-98afe028,1ddbef8b2097e947b8c0e1bdf4275bef8f085a4d963ecc5b7ccf51a5486bb0d9,,,https://ssma.magyp.gob.ar/frutas.precios.aspx
monthly_not_comparable,2025-10-02,,,2025-10,MCBA,Frutas,,MAMON,,Prom.Esp.,,,,,,,,,,2300.0,,,ARS/kg,,ARS,,False,0,77ce85030cd068d15bda6345931ef8ae7255e8dc37ed843d9c0e6183f3b186bd,2026-10-06T122050_197055Z-98afe028,1ddbef8b2097e947b8c0e1bdf4275bef8f085a4d963ecc5b7ccf51a5486bb0d9,,,https://ssma.magyp.gob.ar/frutas.precios.aspx
monthly_not_comparable,2025-10-02,,,2025-10,MCBA,Frutas,,MANI,,,,SALTA,,BOLSA,,Elegido,GRANEL,,,3600.0,,,ARS/kg,,ARS,,False,0,7db3ac7c656061c569f8f8f7d59462d0ed1173be79daace5bb74e78ecd181bac,2026-10-06T122050_197055Z-98afe028,1ddbef8b2097e947b8c0e1bdf4275bef8f085a4d963ecc5b7ccf51a5486bb0d9,,,https://ssma.magyp.gob.ar/frutas.precios.aspx
monthly_not_comparable,2025-10-02,,,2025-10,MCBA,Frutas,,MANI,,Prom.Esp.,,,,,,,,,,3600.0,,,ARS/kg,,ARS,,False,0,20b81611768e288b6e4b92270a34ee1360bf407403dd23f3265ceea168a5b719,2026-10-06T122050_197055Z-98afe028,1ddbef8b2097e947b8c0e1bdf4275bef8f085a4d963ecc5b7ccf51a5486bb0d9,,,https://ssma.magyp.gob.ar/frutas.precios.aspx
monthly_not_comparable,2025-10-02,,,2025-10,MCBA,Frutas,,LIMA,,TAHITI,,BRASIL,,BANDEJA,,Elegido,MEDIANO,,,1700.0,,,ARS/kg,,ARS,,False,0,30ff6689b88c1c38c78f892cfac7724bde92dd993304ec9b8bb145cb11450b1a,2026-10-06T122050_197055Z-98afe028,1ddbef8b2097e947b8c0e1bdf4275bef8f085a4d963ecc5b7ccf51a5486bb0d9,,,https://ssma.magyp.gob.ar/frutas.precios.aspx
monthly_not_comparable,2025-10-02,,,2025-10,MCBA,Frutas,,LIMA,,Prom.Esp.,,,,,,,,,,1700.0,,,ARS/kg,,ARS,,False,0,371b169daaba71d7a6a9cdb99397903e1a4d4100dbd0fb07fbe1c9c8b2a5c3cb,2026-10-06T122050_197055Z-98afe028,1ddbef8b2097e947b8c0e1bdf4275bef8f085a4d963ecc5b7ccf51a5486bb0d9,,,https://ssma.magyp.gob.ar/frutas.precios.aspx
monthly_not_comparable,2025-10-02,,,2025-10,MCBA,Frutas,,LIMON,,Prom.Esp.,,,,,,,,,,1024.94,,,ARS/kg,,ARS,,False,0,ab1837ef8d6a0b99128cfcae110a5f11f5f2c9aaf5b64ce8332add7c3d38a293,2026-10-06T122050_197055Z-98afe028,1ddbef8b2097e947b8c0e1bdf4275bef8f085a4d963ecc5b7ccf51a5486bb0d9,,,https://ssma.magyp.gob.ar/frutas.precios.aspx
monthly_not_comparable,2025-10-02,,,2025-10,MCBA,Frutas,,LIMON,,GENOVA,,E. RIOS,,TORO,,Elegido,100/140,,,944.44,,,ARS/kg,,ARS,,False,0,c28578aa58327a518037167057208f970abc3302fdb11d784b62641a39fbe396,2026-10-06T122050_197055Z-98afe028,1ddbef8b2097e947b8c0e1bdf4275bef8f085a4d963ecc5b7ccf51a5486bb0d9,,,https://ssma.magyp.gob.ar/frutas.precios.aspx
monthly_not_comparable,2025-10-02,,,2025-10,MCBA,Frutas,,LIMON,,GENOVA,,CTES.,,PERDIDO,,Elegido,120/140,,,1000.0,,,ARS/kg,,ARS,,False,0,63ea25ca036f7a445f0c3b7b70f9e0cbc441236e4525a6c5a05cb38f1148cedf,2026-10-06T122050_197055Z-98afe028,1ddbef8b2097e947b8c0e1bdf4275bef8f085a4d963ecc5b7ccf51a5486bb0d9,,,https://ssma.magyp.gob.ar/frutas.precios.aspx
monthly_not_comparable,2025-10-02,,,2025-10,MCBA,Frutas,,LIMON,,EUREKA,,TUCUMAN,,TORO,,Elegido,100/140,PINTON,,944.44,,,ARS/kg,,ARS,,False,0,70b1ffa85c4ab2227d5995439949db482f87a5c9cd264b3ffbb9bc8019a57d94,2026-10-06T122050_197055Z-98afe028,1ddbef8b2097e947b8c0e1bdf4275bef8f085a4d963ecc5b7ccf51a5486bb0d9,,,https://ssma.magyp.gob.ar/frutas.precios.aspx
monthly_not_comparable,2025-10-02,,,2025-10,MCBA,Frutas,,LIMON,,EUREKA,,TUCUMAN,,CAJA,,Elegido,125/138,,,1055.56,,,ARS/kg,,ARS,,False,0,65935be5eceb1a2345d3ae27c177c7599f4ca730a6b4096b4989ccaf1f097696,2026-10-06T122050_197055Z-98afe028,1ddbef8b2097e947b8c0e1bdf4275bef8f085a4d963ecc5b7ccf51a5486bb0d9,,,https://ssma.magyp.gob.ar/frutas.precios.aspx
monthly_not_comparable,2025-10-02,,,2025-10,MCBA,Frutas,,LIMON,,EUREKA,,TUCUMAN,,CAJA,,Elegido,113/138,,,1166.67,,,ARS/kg,,ARS,,False,0,ee3448ab4fa3024a31675bc752326e81c499550441d50519c158605a39d5471c,2026-10-06T122050_197055Z-98afe028,1ddbef8b2097e947b8c0e1bdf4275bef8f085a4d963ecc5b7ccf51a5486bb0d9,,,https://ssma.magyp.gob.ar/frutas.precios.aspx
monthly_not_comparable,2025-10-02,,,2025-10,MCBA,Frutas,,LIMON,,EUREKA,,TUCUMAN,,BOLSA,,Comercial,GRANEL,,,785.71,,,ARS/kg,,ARS,,False,0,9df1252fa4281799e5ac166e9d3f753062da3db223ab6a507548fee0805893cb,2026-10-06T122050_197055Z-98afe028,1ddbef8b2097e947b8c0e1bdf4275bef8f085a4d963ecc5b7ccf51a5486bb0d9,,,https://ssma.magyp.gob.ar/frutas.precios.aspx
monthly_not_comparable,2025-10-02,,,2025-10,MCBA,Frutas,,LIMON,,EUREKA,,SALTA,,CAJA,,Elegido,090/125,,,1277.78,,,ARS/kg,,ARS,,False,0,39b9fe0e91110befb1893791a2cb0d8f001af4d8918d2d51769b7b7b42adefa9,2026-10-06T122050_197055Z-98afe028,1ddbef8b2097e947b8c0e1bdf4275bef8f085a4d963ecc5b7ccf51a5486bb0d9,,,https://ssma.magyp.gob.ar/frutas.precios.aspx
monthly_not_comparable,2025-10-02,,,2025-10,MCBA,Frutas,,KIWI,,,,CHILE,,CAJA,,Elegido,MEDIANO,,,4800.0,,,ARS/kg,,ARS,,False,0,46aa393f98139acba667777643f3e344441c8c669d217123eaeb2b47e60c2d49,2026-10-06T122050_197055Z-98afe028,1ddbef8b2097e947b8c0e1bdf4275bef8f085a4d963ecc5b7ccf51a5486bb0d9,,,https://ssma.magyp.gob.ar/frutas.precios.aspx
monthly_not_comparable,2025-10-02,,,2025-10,MCBA,Frutas,,KIWI,,,,CHILE,,CAJA,,Elegido,GRANDE,,,5800.0,,,ARS/kg,,ARS,,False,0,8b367aa6eb5afbfd702f3a4936a7cfc38870c3596a85709d36109570e9cb269f,2026-10-06T122050_197055Z-98afe028,1ddbef8b2097e947b8c0e1bdf4275bef8f085a4d963ecc5b7ccf51a5486bb0d9,,,https://ssma.magyp.gob.ar/frutas.precios.aspx
monthly_not_comparable,2025-10-02,,,2025-10,MCBA,Frutas,,KIWI,,,,BS. AS.,,CAJA,,Elegido,MEDIANO,,,4400.0,,,ARS/kg,,ARS,,False,0,cad677f50890ab6ac5c6a5f6c3f0c67993328489588a3ae7bc40ac07597b0746,2026-10-06T122050_197055Z-98afe028,1ddbef8b2097e947b8c0e1bdf4275bef8f085a4d963ecc5b7ccf51a5486bb0d9,,,https://ssma.magyp.gob.ar/frutas.precios.aspx
monthly_not_comparable,2025-10-02,,,2025-10,MCBA,Frutas,,KIWI,,,,BS. AS.,,CAJA,,Elegido,GRANDE,,,5200.0,,,ARS/kg,,ARS,,False,0,575511274bfa9c84f06d949b7f5c85e3314d6ce3e508231013ef159490bb0f5f,2026-10-06T122050_197055Z-98afe028,1ddbef8b2097e947b8c0e1bdf4275bef8f085a4d963ecc5b7ccf51a5486bb0d9,,,https://ssma.magyp.gob.ar/frutas.precios.aspx
monthly_not_comparable,2025-10-02,,,2025-10,MCBA,Frutas,,KIWI,,Prom.Esp.,,,,,,,,,,5050.0,,,ARS/kg,,ARS,,False,0,7f35a3338fad3dc1ae581a34e43edfc0507d439d14b02a5c61fc559d25f93e20,2026-10-06T122050_197055Z-98afe028,1ddbef8b2097e947b8c0e1bdf4275bef8f085a4d963ecc5b7ccf51a5486bb0d9,,,https://ssma.magyp.gob.ar/frutas.precios.aspx
monthly_not_comparable,2025-10-02,,,2025-10,MCBA,Frutas,,KUMQUAT,,,,E. RIOS,,BOLSA,,Elegido,GRANEL,,,2000.0,,,ARS/kg,,ARS,,False,0,b4d1a8874ab7eb66df41260350676b4f9074ffcc451c3e9086c7bdc647b503ea,2026-10-06T122050_197055Z-98afe028,1ddbef8b2097e947b8c0e1bdf4275bef8f085a4d963ecc5b7ccf51a5486bb0d9,,,https://ssma.magyp.gob.ar/frutas.precios.aspx
monthly_not_comparable,2025-10-02,,,2025-10,MCBA,Frutas,,KUMQUAT,,Prom.Esp.,,,,,,,,,,2000.0,,,ARS/kg,,ARS,,False,0,23f4e6cbf9adf84989d6182468e6c09a8e182f4121ba6d43387274875fcec63c,2026-10-06T122050_197055Z-98afe028,1ddbef8b2097e947b8c0e1bdf4275bef8f085a4d963ecc5b7ccf51a5486bb0d9,,,https://ssma.magyp.gob.ar/frutas.precios.aspx
monthly_not_comparable,2025-10-02,,,2025-10,MCBA,Frutas,,GUAYABA,,,,BRASIL,,CAJA,,Elegido,GRANEL,,,6500.0,,,ARS/kg,,ARS,,False,0,44024db77eb0c34831a8946e6a2218bba440784ebc89f9271c298356835e4c25,2026-10-06T122050_197055Z-98afe028,1ddbef8b2097e947b8c0e1bdf4275bef8f085a4d963ecc5b7ccf51a5486bb0d9,,,https://ssma.magyp.gob.ar/frutas.precios.aspx
monthly_not_comparable,2025-10-02,,,2025-10,MCBA,Frutas,,GUAYABA,,Prom.Esp.,,,,,,,,,,6500.0,,,ARS/kg,,ARS,,False,0,4f85ca48201994c75cf091cdd0f902faf0bc8d83901e9dcdf0cd2a8ec01b6d7b,2026-10-06T122050_197055Z-98afe028,1ddbef8b2097e947b8c0e1bdf4275bef8f085a4d963ecc5b7ccf51a5486bb0d9,,,https://ssma.magyp.gob.ar/frutas.precios.aspx
monthly_not_comparable,2025-10-02,,,2025-10,MCBA,Frutas,,FRUTILLA,,,,TUCUMAN,,CAJA,,Elegido,GRANEL,,,3200.0,,,ARS/kg,,ARS,,False,0,2dae2cd5f0a45fcc57d5f95a49ae104bf9e02f2dd95a17241caa8878a75120f8,2026-10-06T122050_197055Z-98afe028,1ddbef8b2097e947b8c0e1bdf4275bef8f085a4d963ecc5b7ccf51a5486bb0d9,,,https://ssma.magyp.gob.ar/frutas.precios.aspx
monthly_not_comparable,2025-10-02,,,2025-10,MCBA,Frutas,,FRUTILLA,,,,SANTA FE,,CAJA,,Elegido,GRANEL,,,3800.0,,,ARS/kg,,ARS,,False,0,e8f67c92df488f113c076fb8c3f5f541fdf09c5448537b9babe3bb6b50741f99,2026-10-06T122050_197055Z-98afe028,1ddbef8b2097e947b8c0e1bdf4275bef8f085a4d963ecc5b7ccf51a5486bb0d9,,,https://ssma.magyp.gob.ar/frutas.precios.aspx
monthly_not_comparable,2025-10-02,,,2025-10,MCBA,Frutas,,FRUTILLA,,,,SANTA FE,,BANDEJA,,Elegido,GRANEL,,,4000.0,,,ARS/kg,,ARS,,False,0,649b385843b437faa688d21e2027786490de4ba057f707f3d5a5afecb5f04bad,2026-10-06T122050_197055Z-98afe028,1ddbef8b2097e947b8c0e1bdf4275bef8f085a4d963ecc5b7ccf51a5486bb0d9,,,https://ssma.magyp.gob.ar/frutas.precios.aspx
monthly_not_comparable,2025-10-02,,,2025-10,MCBA,Frutas,,FRUTILLA,,,,CTES.,,CAJA,,Elegido,MEDIANO,,,3600.0,,,ARS/kg,,ARS,,False,0,86295d5c1878c676a780d2d5b74cca34a890b45ef0bb5439bf774a4e5a5172ab,2026-10-06T122050_197055Z-98afe028,1ddbef8b2097e947b8c0e1bdf4275bef8f085a4d963ecc5b7ccf51a5486bb0d9,,,https://ssma.magyp.gob.ar/frutas.precios.aspx
monthly_not_comparable,2025-10-02,,,2025-10,MCBA,Frutas,,FRUTILLA,,,,CTES.,,BANDEJA,,Elegido,GRANEL,,,3500.0,,,ARS/kg,,ARS,,False,0,02ae56e6b63db1bb8a3c92d5a1486115881f68e42b2a2746871fa0eb627a2f00,2026-10-06T122050_197055Z-98afe028,1ddbef8b2097e947b8c0e1bdf4275bef8f085a4d963ecc5b7ccf51a5486bb0d9,,,https://ssma.magyp.gob.ar/frutas.precios.aspx
monthly_not_comparable,2025-10-02,,,2025-10,MCBA,Frutas,,FRUTILLA,,,,BS. AS.,,BANDEJA,,Elegido,GRANEL,,,4000.0,,,ARS/kg,,ARS,,False,0,437e20035898c9482852223c1d5d699f4f3bd9646dbb1774d7d19eda56770779,2026-10-06T122050_197055Z-98afe028,1ddbef8b2097e947b8c0e1bdf4275bef8f085a4d963ecc5b7ccf51a5486bb0d9,,,https://ssma.magyp.gob.ar/frutas.precios.aspx
monthly_not_comparable,2025-10-02,,,2025-10,MCBA,Frutas,,FRUTILLA,,,,BS. AS.,,BANDEJA,,Comercial,GRANEL,,,3000.0,,,ARS/kg,,ARS,,False,0,67ed89688cbd5e3a0853af373333641889efd89323870b031c302adb2578dcbc,2026-10-06T122050_197055Z-98afe028,1ddbef8b2097e947b8c0e1bdf4275bef8f085a4d963ecc5b7ccf51a5486bb0d9,,,https://ssma.magyp.gob.ar/frutas.precios.aspx
monthly_not_comparable,2025-10-02,,,2025-10,MCBA,Frutas,,FRUTILLA,,Prom.Esp.,,,,,,,,,,3585.71,,,ARS/kg,,ARS,,False,0,e1d6b662118165be0db2d1fae90a87587fde826737df52bf84019ddf43f60a3b,2026-10-06T122050_197055Z-98afe028,1ddbef8b2097e947b8c0e1bdf4275bef8f085a4d963ecc5b7ccf51a5486bb0d9,,,https://ssma.magyp.gob.ar/frutas.precios.aspx
monthly_not_comparable,2025-10-02,,,2025-10,MCBA,Frutas,,DURAZNO,,ROJITO,,JUJUY,,,,Elegido,MEDIANO,,,4888.89,,,ARS/kg,,ARS,,False,0,b69fe179a94ae076ac57a246475b86880e7caeeeda2873b4bf2b0783e57dc21b,2026-10-06T122050_197055Z-98afe028,1ddbef8b2097e947b8c0e1bdf4275bef8f085a4d963ecc5b7ccf51a5486bb0d9,,,https://ssma.magyp.gob.ar/frutas.precios.aspx
monthly_not_comparable,2025-10-02,,,2025-10,MCBA,Frutas,,DURAZNO,,Prom.Esp.,,,,,,,,,,4965.64,,,ARS/kg,,ARS,,False,0,a6ee1d7e12d32c84c47538455ad8f22c618d4eb74bbf9812bba7173e8e997b8b,2026-10-06T122050_197055Z-98afe028,1ddbef8b2097e947b8c0e1bdf4275bef8f085a4d963ecc5b7ccf51a5486bb0d9,,,https://ssma.magyp.gob.ar/frutas.precios.aspx
monthly_not_comparable,2025-10-02,,,2025-10,MCBA,Frutas,,DURAZNO,,OPEDEPE,,JUJUY,,CAJA,,Elegido,GRANDE,,,6714.29,,,ARS/kg,,ARS,,False,0,40b0d2d66970e6ffe8ba4a3562ba611c931b3739b6210bad3506b8609918d42d,2026-10-06T122050_197055Z-98afe028,1ddbef8b2097e947b8c0e1bdf4275bef8f085a4d963ecc5b7ccf51a5486bb0d9,,,https://ssma.magyp.gob.ar/frutas.precios.aspx
monthly_not_comparable,2025-10-02,,,2025-10,MCBA,Frutas,,DURAZNO,,OPEDEPE,,JUJUY,,CAJA,,Elegido,CHICO,,,3375.0,,,ARS/kg,,ARS,,False,0,6e26f07657c0978e9c92e2a04efbb8353c6348d64ea5b5f1475b235e16bddba2,2026-10-06T122050_197055Z-98afe028,1ddbef8b2097e947b8c0e1bdf4275bef8f085a4d963ecc5b7ccf51a5486bb0d9,,,https://ssma.magyp.gob.ar/frutas.precios.aspx
monthly_not_comparable,2025-10-02,,,2025-10,MCBA,Frutas,,DURAZNO,,OPEDEPE,,JUJUY,,BANDEJA,,Elegido,MEDIANO,,,5250.0,,,ARS/kg,,ARS,,False,0,b83f409bcfca6841dc38f1fcc304eee9d2bef1f0a4fa7a145f9974e7df47b644,2026-10-06T122050_197055Z-98afe028,1ddbef8b2097e947b8c0e1bdf4275bef8f085a4d963ecc5b7ccf51a5486bb0d9,,,https://ssma.magyp.gob.ar/frutas.precios.aspx
monthly_not_comparable,2025-10-02,,,2025-10,MCBA,Frutas,,DURAZNO,,FLORDAKING,,JUJUY,,BANDEJA,,Elegido,MEDIANO,,,4600.0,,,ARS/kg,,ARS,,False,0,56b42a45d47a31315b9de4c7dd2f6d3d71cca946b784aceac99f22518b7ed6e1,2026-10-06T122050_197055Z-98afe028,1ddbef8b2097e947b8c0e1bdf4275bef8f085a4d963ecc5b7ccf51a5486bb0d9,,,https://ssma.magyp.gob.ar/frutas.precios.aspx
monthly_not_comparable,2025-10-02,,,2025-10,MCBA,Frutas,,CIRUELA,,Prom.Esp.,,,,,,,,,,4722.23,,,ARS/kg,,ARS,,False,0,42cd7079f98510751d25ed97c9343d02a4f245937fb952315c1bb6ba6864b91b,2026-10-06T122050_197055Z-98afe028,1ddbef8b2097e947b8c0e1bdf4275bef8f085a4d963ecc5b7ccf51a5486bb0d9,,,https://ssma.magyp.gob.ar/frutas.precios.aspx
monthly_not_comparable,2025-10-02,,,2025-10,MCBA,Frutas,,CIRUELA,,GOLDEN GLO,,ESPA¥A,,CAJA,,Elegido,GRANEL,,,4888.89,,,ARS/kg,,ARS,,False,0,dc02acaf8c346d7c94c0f4895e10e199b6306ef3b22aa4e0a386995ab86fe214,2026-10-06T122050_197055Z-98afe028,1ddbef8b2097e947b8c0e1bdf4275bef8f085a4d963ecc5b7ccf51a5486bb0d9,,,https://ssma.magyp.gob.ar/frutas.precios.aspx
monthly_not_comparable,2025-10-02,,,2025-10,MCBA,Frutas,,CIRUELA,,BLACKSPLEN,,ESPA¥A,,CAJA,,Elegido,GRANEL,,,4555.56,,,ARS/kg,,ARS,,False,0,849ddf6777ce8df7d3301bae6fed9561c69e3629674fa8a7e6e183210ce90435,2026-10-06T122050_197055Z-98afe028,1ddbef8b2097e947b8c0e1bdf4275bef8f085a4d963ecc5b7ccf51a5486bb0d9,,,https://ssma.magyp.gob.ar/frutas.precios.aspx
monthly_not_comparable,2025-10-02,,,2025-10,MCBA,Frutas,,BANANA,,Prom.Esp.,,,,,,,,,,1412.34,,,ARS/kg,,ARS,,False,0,3c1b25d56c32e669fe1482e7ffe592a5bbe7231e632a7530dedfc43167ac3d0a,2026-10-06T122050_197055Z-98afe028,1ddbef8b2097e947b8c0e1bdf4275bef8f085a4d963ecc5b7ccf51a5486bb0d9,,,https://ssma.magyp.gob.ar/frutas.precios.aspx
monthly_not_comparable,2025-10-02,,,2025-10,MCBA,Frutas,,BANANA,,NANIKA,,SALTA,,CAJA,,Elegido,MEDIANO,,,1150.0,,,ARS/kg,,ARS,,False,0,9e42241d5b485253eb4f5ea3f64268cf87b7704cf647793972ab5d3444270720,2026-10-06T122050_197055Z-98afe028,1ddbef8b2097e947b8c0e1bdf4275bef8f085a4d963ecc5b7ccf51a5486bb0d9,,,https://ssma.magyp.gob.ar/frutas.precios.aspx
monthly_not_comparable,2025-10-02,,,2025-10,MCBA,Frutas,,BANANA,,NANIKA,,PARAGUAY,,PERDIDO,,Elegido,MEDIANO,,,1136.36,,,ARS/kg,,ARS,,False,0,42ad6db793af6c3f57c2d6cec8e46d3180ac45acaf4c0a4bd75eb90c115e2bcd,2026-10-06T122050_197055Z-98afe028,1ddbef8b2097e947b8c0e1bdf4275bef8f085a4d963ecc5b7ccf51a5486bb0d9,,,https://ssma.magyp.gob.ar/frutas.precios.aspx
monthly_not_comparable,2025-10-02,,,2025-10,MCBA,Frutas,,BANANA,,NANIKA,,BRASIL,,PERDIDO,,Elegido,MEDIANO,,,1250.0,,,ARS/kg,,ARS,,False,0,ce3ee8c9726088d443ddeef9b7632a47160e1db6e6c2f724362ff23d3c093df6,2026-10-06T122050_197055Z-98afe028,1ddbef8b2097e947b8c0e1bdf4275bef8f085a4d963ecc5b7ccf51a5486bb0d9,,,https://ssma.magyp.gob.ar/frutas.precios.aspx
monthly_not_comparable,2025-10-02,,,2025-10,MCBA,Frutas,,BANANA,,CAVENDISH,,ECUADOR,,CAJA,,Elegido,MEDIANO,,,1650.0,,,ARS/kg,,ARS,,False,0,7a0c9c7094bac441aea470e58fe8bd9641a593cb192cd7b2312edd7fe828991c,2026-10-06T122050_197055Z-98afe028,1ddbef8b2097e947b8c0e1bdf4275bef8f085a4d963ecc5b7ccf51a5486bb0d9,,,https://ssma.magyp.gob.ar/frutas.precios.aspx
monthly_not_comparable,2025-10-02,,,2025-10,MCBA,Frutas,,BANANA,,CAVENDISH,,ECUADOR,,CAJA,,Elegido,GRANDE,,,1850.0,,,ARS/kg,,ARS,,False,0,b16b22291736ea2f3618c2786a0c8153b77b808d9dfd8ee223cc125d094c88c7,2026-10-06T122050_197055Z-98afe028,1ddbef8b2097e947b8c0e1bdf4275bef8f085a4d963ecc5b7ccf51a5486bb0d9,,,https://ssma.magyp.gob.ar/frutas.precios.aspx
monthly_not_comparable,2025-10-02,,,2025-10,MCBA,Frutas,,BANANA,,CAVENDISH,,COLOMBIA,,CAJA,,Elegido,MEDIANO,,,1550.0,,,ARS/kg,,ARS,,False,0,d02c69d23df7fe726ea7abc34c250c4086c67e0f4883f1206e93009f7d0959fb,2026-10-06T122050_197055Z-98afe028,1ddbef8b2097e947b8c0e1bdf4275bef8f085a4d963ecc5b7ccf51a5486bb0d9,,,https://ssma.magyp.gob.ar/frutas.precios.aspx
monthly_not_comparable,2025-10-02,,,2025-10,MCBA,Frutas,,BANANA,,CAVENDISH,,BOLIVIA,,CAJA,,Elegido,MEDIANO,,,1300.0,,,ARS/kg,,ARS,,False,0,21b56832be06883e40a3304ea7afcd1565cc279d4507fa0d6017ac097ca02b0c,2026-10-06T122050_197055Z-98afe028,1ddbef8b2097e947b8c0e1bdf4275bef8f085a4d963ecc5b7ccf51a5486bb0d9,,,https://ssma.magyp.gob.ar/frutas.precios.aspx
monthly_not_comparable,2025-10-02,,,2025-10,MCBA,Frutas,,ARANDANO,,,,TUCUMAN,,CAJA,,Elegido,GRANEL,,,14000.0,,,ARS/kg,,ARS,,False,0,a46ff66e04caa09e793d00227cd367a14614e504657ac16eed388154272f737a,2026-10-06T122050_197055Z-98afe028,1ddbef8b2097e947b8c0e1bdf4275bef8f085a4d963ecc5b7ccf51a5486bb0d9,,,https://ssma.magyp.gob.ar/frutas.precios.aspx
monthly_not_comparable,2025-10-02,,,2025-10,MCBA,Frutas,,ARANDANO,,,,CTES.,,CAJA,,Elegido,GRANEL,,,14000.0,,,ARS/kg,,ARS,,False,0,f559dcaf85c66b5c52c4032ea37885c73fe3d2ed91aaac4dd4656035c38411a0,2026-10-06T122050_197055Z-98afe028,1ddbef8b2097e947b8c0e1bdf4275bef8f085a4d963ecc5b7ccf51a5486bb0d9,,,https://ssma.magyp.gob.ar/frutas.precios.aspx
monthly_not_comparable,2025-10-02,,,2025-10,MCBA,Frutas,,ARANDANO,,,,BS. AS.,,CAJA,,Elegido,GRANEL,,,14666.7,,,ARS/kg,,ARS,,False,0,474582040ca4fbf6f5c11b85bb2035b45df6bd045c041fefb44dde5c295830da,2026-10-06T122050_197055Z-98afe028,1ddbef8b2097e947b8c0e1bdf4275bef8f085a4d963ecc5b7ccf51a5486bb0d9,,,https://ssma.magyp.gob.ar/frutas.precios.aspx
monthly_not_comparable,2025-10-02,,,2025-10,MCBA,Frutas,,ARANDANO,,Prom.Esp.,,,,,,,,,,14222.2,,,ARS/kg,,ARS,,False,0,781ce7a582b036f356f4326c3763a844c324f04dbcbc055d2ccb41887227cbf1,2026-10-06T122050_197055Z-98afe028,1ddbef8b2097e947b8c0e1bdf4275bef8f085a4d963ecc5b7ccf51a5486bb0d9,,,https://ssma.magyp.gob.ar/frutas.precios.aspx
monthly_not_comparable,2025-10-02,,,2025-10,MCBA,Frutas,,ANANA,,,,ECUADOR,,CAJA,,Elegido,010/012,,,2388.89,,,ARS/kg,,ARS,,False,0,b1619aa7d70f1dca0ad7c0c04ac32bd4c2632b9599aee6ca4c9aa7a5b9549ed2,2026-10-06T122050_197055Z-98afe028,1ddbef8b2097e947b8c0e1bdf4275bef8f085a4d963ecc5b7ccf51a5486bb0d9,,,https://ssma.magyp.gob.ar/frutas.precios.aspx
monthly_not_comparable,2025-10-02,,,2025-10,MCBA,Frutas,,ANANA,,,,BRASIL,,CAJA,,Elegido,012/014,,,2111.11,,,ARS/kg,,ARS,,False,0,68635445d34812672edf8a75aafa3c961fc0b47240f70e0204ff15a50eede203,2026-10-06T122050_197055Z-98afe028,1ddbef8b2097e947b8c0e1bdf4275bef8f085a4d963ecc5b7ccf51a5486bb0d9,,,https://ssma.magyp.gob.ar/frutas.precios.aspx
monthly_not_comparable,2025-10-02,,,2025-10,MCBA,Frutas,,ANANA,,Prom.Esp.,,,,,,,,,,2250.0,,,ARS/kg,,ARS,,False,0,47765a2f3c1fbd05ef0a096843953207aad5d217eb8f6d5d235f486013192055,2026-10-06T122050_197055Z-98afe028,1ddbef8b2097e947b8c0e1bdf4275bef8f085a4d963ecc5b7ccf51a5486bb0d9,,,https://ssma.magyp.gob.ar/frutas.precios.aspx
current_only,,2026-08-24,day,2026-08,MCBA,,Frutas,,Anana,,Piña,,Brasil,,Ca,,,,,,2333.33,,,$/kg,,,False,0,,,,73207,FRUTRAS_AGOSTO-26.zip/RF240826.XLS,
current_only,,2026-08-24,day,2026-08,MCBA,,Frutas,,Anana,,Piña,,Ecuador,,Ca,,,,,,2636.36,,,$/kg,,,False,0,,,,73208,FRUTRAS_AGOSTO-26.zip/RF240826.XLS,
current_only,,2026-08-24,day,2026-08,MCBA,,Frutas,,Ciruela,,Fortune,,España,,Ca,,,,,,6000.0,,,$/kg,,,False,0,,,,73221,FRUTRAS_AGOSTO-26.zip/RF240826.XLS,
current_only,,2026-08-24,day,2026-08,MCBA,,Frutas,,Frutilla,,,,Tucumán,,Ca,,,,,,7600.0,,,$/kg,,,False,0,,,,73229,FRUTRAS_AGOSTO-26.zip/RF240826.XLS,
current_only,,2026-08-24,day,2026-08,MCBA,,Hortalizas,,Pimiento,,Jalapeño,,Corrientes,,Pe,,,,,,3600.0,,,$/kg,,,False,0,,,,83107,HORTALIZA_ AGOSTO_26_0.zip/RH240826.XLS,
current_only,,2026-08-24,day,2026-08,MCBA,,Hortalizas,,Zanahoria,,Chantenay,,Mendoza,,Bo,,,,,,722.22,,,$/kg,,,False,0,,,,83175,HORTALIZA_ AGOSTO_26_0.zip/RH240826.XLS,
current_monthly_not_comparable,,2024-10-01,month,2024-10,MCBA,,Hortalizas,,Acelga,,,,Bs. As.,,Ja,,,,Moneda interpretada como ARS por tratarse de lista local MCBA. Atributos fuente: CAL=1A; GRADO=INV.,,498.0,,,$/kg,,ARS,False,0,,,,108342,PHOR24_K.xlsx#hoja=PHOR24_K;fila=2;C=2339;columna=K_OCTU,
current_monthly_not_comparable,,2024-10-01,month,2024-10,MCBA,,Hortalizas,,Acelga,,,,Bs. As.,,Ja,,,,Moneda interpretada como ARS por tratarse de lista local MCBA. Atributos fuente: CAL=1A; TAM=SIN TAM.,,417.3,,,$/kg,,ARS,False,0,,,,108354,PHOR24_K.xlsx#hoja=PHOR24_K;fila=3;C=4149;columna=K_OCTU,
current_monthly_not_comparable,,2024-10-01,month,2024-10,MCBA,,Hortalizas,,Acelga,,,,Bs. As.,,Ja,,,,Moneda interpretada como ARS por tratarse de lista local MCBA. Atributos fuente: CAL=2A; TAM=SIN TAM.,,293.2,,,$/kg,,ARS,False,0,,,,108366,PHOR24_K.xlsx#hoja=PHOR24_K;fila=4;C=4150;columna=K_OCTU,
current_monthly_not_comparable,,2024-10-01,month,2024-10,MCBA,,Hortalizas,,Achicoria,,,,Bs. As.,,Ja,,,,Moneda interpretada como ARS por tratarse de lista local MCBA. Atributos fuente: CAL=1A.,,538.2,,,$/kg,,ARS,False,0,,,,108381,PHOR24_K.xlsx#hoja=PHOR24_K;fila=9;C=20001;columna=K_OCTU,
current_monthly_not_comparable,,2024-10-01,month,2024-10,MCBA,,Hortalizas,,Acusay,,,,Bs. As.,,Ja,,,,Moneda interpretada como ARS por tratarse de lista local MCBA. Atributos fuente: CAL=1A; TAM=GRANDE.,,740.5,,,$/kg,,ARS,False,0,,,,108393,PHOR24_K.xlsx#hoja=PHOR24_K;fila=11;C=3306;columna=K_OCTU,
current_monthly_not_comparable,,2024-10-01,month,2024-10,MCBA,,Hortalizas,,Ajo,,Colorado,,Mendoza,,Rt,,,,Moneda interpretada como ARS por tratarse de lista local MCBA. Atributos fuente: CAL=1A; TAM=9.,,6259.0,,,$/kg,,ARS,False,0,,,,108401,PHOR24_K.xlsx#hoja=PHOR24_K;fila=14;C=3489;columna=K_OCTU,
current_monthly_not_comparable,,2024-10-01,month,2024-10,MCBA,,Hortalizas,,Ajo,,Colorado,,Mendoza,,Rt,,,,Moneda interpretada como ARS por tratarse de lista local MCBA. Atributos fuente: CAL=1A; TAM=7.,,5179.0,,,$/kg,,ARS,False,0,,,,108405,PHOR24_K.xlsx#hoja=PHOR24_K;fila=15;C=3488;columna=K_OCTU,
current_monthly_not_comparable,,2024-10-01,month,2024-10,MCBA,,Hortalizas,,Ajo,,Colorado,,Mendoza,,Rt,,,,Moneda interpretada como ARS por tratarse de lista local MCBA. Atributos fuente: CAL=1A; TAM=5.,,4250.0,,,$/kg,,ARS,False,0,,,,108409,PHOR24_K.xlsx#hoja=PHOR24_K;fila=16;C=3490;columna=K_OCTU,
current_monthly_not_comparable,,2024-10-01,month,2024-10,MCBA,,Hortalizas,,Ajo,,Colorado,,Mendoza,,Rt,,,,Moneda interpretada como ARS por tratarse de lista local MCBA. Atributos fuente: CAL=1A; TAM=3.,,2819.0,,,$/kg,,ARS,False,0,,,,108413,PHOR24_K.xlsx#hoja=PHOR24_K;fila=17;C=3491;columna=K_OCTU,
current_monthly_not_comparable,,2024-10-01,month,2024-10,MCBA,,Hortalizas,,Ajo,,Colorado,,Mendoza,,Rt,,,,Moneda interpretada como ARS por tratarse de lista local MCBA. Atributos fuente: CAL=1A; TAM=10.,,7758.0,,,$/kg,,ARS,False,0,,,,108417,PHOR24_K.xlsx#hoja=PHOR24_K;fila=18;C=3555;columna=K_OCTU,
current_monthly_not_comparable,,2024-10-01,month,2024-10,MCBA,,Hortalizas,,Ajo,,Colorado,,Mendoza,,Rt,,,,Moneda interpretada como ARS por tratarse de lista local MCBA. Atributos fuente: CAL=1A; TAM=8.,,6375.0,,,$/kg,,ARS,False,0,,,,108421,PHOR24_K.xlsx#hoja=PHOR24_K;fila=19;C=4015;columna=K_OCTU,
current_monthly_not_comparable,,2024-10-01,month,2024-10,MCBA,,Hortalizas,,Ajo,,Colorado,,Mendoza,,Rt,,,,Moneda interpretada como ARS por tratarse de lista local MCBA. Atributos fuente: CAL=1A; TAM=11.,,10023.0,,,$/kg,,ARS,False,0,,,,108426,PHOR24_K.xlsx#hoja=PHOR24_K;fila=21;C=4456;columna=K_OCTU,
current_monthly_not_comparable,,2024-10-01,month,2024-10,MCBA,,Hortalizas,,Ajo,,Colorado,,S.Bs.As.,,Rt,,,,Moneda interpretada como ARS por tratarse de lista local MCBA. Atributos fuente: CAL=1A; TAM=6; GRADO=TRA.,,5417.0,,,$/kg,,ARS,False,0,,,,108430,PHOR24_K.xlsx#hoja=PHOR24_K;fila=25;C=3303;columna=K_OCTU,
current_monthly_not_comparable,,2024-10-01,month,2024-10,MCBA,,Hortalizas,,Ajo,,Colorado,,S.Bs.As.,,Rt,,,,Moneda interpretada como ARS por tratarse de lista local MCBA. Atributos fuente: CAL=1A; TAM=5; GRADO=TRA.,,4167.0,,,$/kg,,ARS,False,0,,,,108431,PHOR24_K.xlsx#hoja=PHOR24_K;fila=26;C=3304;columna=K_OCTU,
current_monthly_not_comparable,,2024-10-01,month,2024-10,MCBA,,Hortalizas,,Ajo,,Colorado,,S.Bs.As.,,Rt,,,,Moneda interpretada como ARS por tratarse de lista local MCBA. Atributos fuente: CAL=1A; TAM=7; GRADO=TRA.,,7429.0,,,$/kg,,ARS,False,0,,,,108432,PHOR24_K.xlsx#hoja=PHOR24_K;fila=27;C=4464;columna=K_OCTU,
current_monthly_not_comparable,,2024-10-01,month,2024-10,MCBA,,Hortalizas,,Ajo,,Mdo. Chino,,Mendoza,,Rt,,,,Moneda interpretada como ARS por tratarse de lista local MCBA. Atributos fuente: CAL=1A; TAM=11.,,10357.0,,,$/kg,,ARS,False,0,,,,108481,PHOR24_K.xlsx#hoja=PHOR24_K;fila=36;C=4297;columna=K_OCTU,
current_monthly_not_comparable,,2024-10-01,month,2024-10,MCBA,,Hortalizas,,Ajo,,Mdo. Chino,,Mendoza,,Rt,,,,Moneda interpretada como ARS por tratarse de lista local MCBA. Atributos fuente: CAL=1A; TAM=5.,,2825.0,,,$/kg,,ARS,False,0,,,,108488,PHOR24_K.xlsx#hoja=PHOR24_K;fila=37;C=3558;columna=K_OCTU,
current_monthly_not_comparable,,2024-10-01,month,2024-10,MCBA,,Hortalizas,,Ajo,,Mdo. Chino,,Mendoza,,Rt,,,,Moneda interpretada como ARS por tratarse de lista local MCBA. Atributos fuente: CAL=1A; TAM=7.,,5895.0,,,$/kg,,ARS,False,0,,,,108495,PHOR24_K.xlsx#hoja=PHOR24_K;fila=38;C=3564;columna=K_OCTU,
current_monthly_not_comparable,,2024-10-01,month,2024-10,MCBA,,Hortalizas,,Ajo,,Mdo. Chino,,Mendoza,,Rt,,,,Moneda interpretada como ARS por tratarse de lista local MCBA. Atributos fuente: CAL=1A; TAM=8.,,7553.0,,,$/kg,,ARS,False,0,,,,108498,PHOR24_K.xlsx#hoja=PHOR24_K;fila=39;C=3559;columna=K_OCTU,
current_monthly_not_comparable,,2024-10-01,month,2024-10,MCBA,,Hortalizas,,Ajo,,Mdo. Chino,,Mendoza,,Rt,,,,Moneda interpretada como ARS por tratarse de lista local MCBA. Atributos fuente: CAL=1A; TAM=10.,,9375.0,,,$/kg,,ARS,False,0,,,,108501,PHOR24_K.xlsx#hoja=PHOR24_K;fila=40;C=3563;columna=K_OCTU,
current_monthly_not_comparable,,2024-10-01,month,2024-10,MCBA,,Hortalizas,,Ajo,,Mdo. Chino,,Mendoza,,Rt,,,,Moneda interpretada como ARS por tratarse de lista local MCBA. Atributos fuente: CAL=1A; TAM=3.,,2546.0,,,$/kg,,ARS,False,0,,,,108502,PHOR24_K.xlsx#hoja=PHOR24_K;fila=41;C=3573;columna=K_OCTU,
current_monthly_not_comparable,,2024-10-01,month,2024-10,MCBA,,Hortalizas,,Ajo,,Mdo. Chino,,Mendoza,,Rt,,,,Moneda interpretada como ARS por tratarse de lista local MCBA. Atributos fuente: CAL=1A; TAM=9.,,8347.0,,,$/kg,,ARS,False,0,,,,108504,PHOR24_K.xlsx#hoja=PHOR24_K;fila=42;C=3974;columna=K_OCTU,
current_monthly_not_comparable,,2024-10-01,month,2024-10,MCBA,,Hortalizas,,Ajo,,Mdo. Chino,,San Juan,,Ca,,,,Moneda interpretada como ARS por tratarse de lista local MCBA. Atributos fuente: CAL=1A; TAM=MEDIANO.,,7800.0,,,$/kg,,ARS,False,0,,,,108510,PHOR24_K.xlsx#hoja=PHOR24_K;fila=44;C=4460;columna=K_OCTU,
current_monthly_not_comparable,,2024-10-01,month,2024-10,MCBA,,Hortalizas,,Ajo,,Mdo. Chino,,San Juan,,Rt,,,,Moneda interpretada como ARS por tratarse de lista local MCBA. Atributos fuente: CAL=1A; TAM=5.,,3726.0,,,$/kg,,ARS,False,0,,,,108511,PHOR24_K.xlsx#hoja=PHOR24_K;fila=45;C=4089;columna=K_OCTU,
current_monthly_not_comparable,,2024-10-01,month,2024-10,MCBA,,Hortalizas,,Ajo,,Mdo. Chino,,San Juan,,Rt,,,,Moneda interpretada como ARS por tratarse de lista local MCBA. Atributos fuente: CAL=1A; TAM=6.,,5760.0,,,$/kg,,ARS,False,0,,,,108513,PHOR24_K.xlsx#hoja=PHOR24_K;fila=46;C=4090;columna=K_OCTU,
current_monthly_not_comparable,,2024-10-01,month,2024-10,MCBA,,Hortalizas,,Ajo,,Mdo. Chino,,San Juan,,Rt,,,,Moneda interpretada como ARS por tratarse de lista local MCBA. Atributos fuente: CAL=1A; TAM=8.,,8930.0,,,$/kg,,ARS,False,0,,,,108514,PHOR24_K.xlsx#hoja=PHOR24_K;fila=47;C=4091;columna=K_OCTU,
current_monthly_not_comparable,,2024-10-01,month,2024-10,MCBA,,Hortalizas,,Ajo,,Mdo. Chino,,San Juan,,Rt,,,,Moneda interpretada como ARS por tratarse de lista local MCBA. Atributos fuente: CAL=1A; TAM=10.,,10586.0,,,$/kg,,ARS,False,0,,,,108515,PHOR24_K.xlsx#hoja=PHOR24_K;fila=48;C=4182;columna=K_OCTU,
current_monthly_not_comparable,,2024-10-01,month,2024-10,MCBA,,Hortalizas,,Ajo,,Mdo. Chino,,San Juan,,Rt,,,,Moneda interpretada como ARS por tratarse de lista local MCBA. Atributos fuente: CAL=1A; TAM=9.,,9497.0,,,$/kg,,ARS,False,0,,,,108517,PHOR24_K.xlsx#hoja=PHOR24_K;fila=49;C=4183;columna=K_OCTU,
current_monthly_not_comparable,,2024-10-01,month,2024-10,MCBA,,Hortalizas,,Ajo,,Mdo. Chino,,San Juan,,Rt,,,,Moneda interpretada como ARS por tratarse de lista local MCBA. Atributos fuente: CAL=1A; TAM=7.,,7518.0,,,$/kg,,ARS,False,0,,,,108519,PHOR24_K.xlsx#hoja=PHOR24_K;fila=50;C=4225;columna=K_OCTU,
current_monthly_not_comparable,,2024-10-01,month,2024-10,MCBA,,Hortalizas,,Ajo,,Mdo. Chino,,San Juan,,Rt,,,,Moneda interpretada como ARS por tratarse de lista local MCBA. Atributos fuente: CAL=1A; TAM=11.,,11592.0,,,$/kg,,ARS,False,0,,,,108520,PHOR24_K.xlsx#hoja=PHOR24_K;fila=51;C=4462;columna=K_OCTU,
current_monthly_not_comparable,,2024-10-01,month,2024-10,MCBA,,Hortalizas,,Albahaca,,,,Bs. As.,,At,,,,Moneda interpretada como ARS por tratarse de lista local MCBA. Atributos fuente: CAL=1A; GRADO=INV.,,317.7,,,$/kg,,ARS,False,0,,,,108531,PHOR24_K.xlsx#hoja=PHOR24_K;fila=53;C=1201;columna=K_OCTU,
current_monthly_not_comparable,,2024-10-01,month,2024-10,MCBA,,Hortalizas,,Albahaca,,,,Ctes.,,At,,,,Moneda interpretada como ARS por tratarse de lista local MCBA. Atributos fuente: CAL=1A; GRADO=INV.,,313.8,,,$/kg,,ARS,False,0,,,,108539,PHOR24_K.xlsx#hoja=PHOR24_K;fila=54;C=1367;columna=K_OCTU,
current_monthly_not_comparable,,2024-10-01,month,2024-10,MCBA,,Hortalizas,,Alcaucil,,Blanco,,San Juan,,Pe,,,,Moneda interpretada como ARS por tratarse de lista local MCBA. Atributos fuente: CAL=1A; TAM=MEDIANO.,,1585.0,,,$/kg,,ARS,False,0,,,,108540,PHOR24_K.xlsx#hoja=PHOR24_K;fila=56;C=2604;columna=K_OCTU,
current_monthly_not_comparable,,2024-10-01,month,2024-10,MCBA,,Hortalizas,,Alcaucil,,Violeta,,Bs. As.,,To,,,,Moneda interpretada como ARS por tratarse de lista local MCBA. Atributos fuente: CAL=1A; TAM=MEDIANO.,,1178.0,,,$/kg,,ARS,False,0,,,,108543,PHOR24_K.xlsx#hoja=PHOR24_K;fila=57;C=4027;columna=K_OCTU,
current_monthly_not_comparable,,2024-10-01,month,2024-10,MCBA,,Hortalizas,,Alcaucil,,Ñ. Frances,,Bs. As.,,To,,,,Moneda interpretada como ARS por tratarse de lista local MCBA. Atributos fuente: CAL=1A; TAM=MEDIANO.,,972.0,,,$/kg,,ARS,False,0,,,,108549,PHOR24_K.xlsx#hoja=PHOR24_K;fila=59;C=1144;columna=K_OCTU,
current_monthly_not_comparable,,2024-10-01,month,2024-10,MCBA,,Hortalizas,,Alcaucil,,Ñ. Frances,,San Juan,,To,,,,Moneda interpretada como ARS por tratarse de lista local MCBA. Atributos fuente: CAL=1A; TAM=MEDIANO.,,925.0,,,$/kg,,ARS,False,0,,,,108551,PHOR24_K.xlsx#hoja=PHOR24_K;fila=60;C=2653;columna=K_OCTU,
current_monthly_not_comparable,,2024-10-01,month,2024-10,MCBA,,Hortalizas,,Apio,,,,Bs. As.,,To,,,,Moneda interpretada como ARS por tratarse de lista local MCBA. Atributos fuente: CAL=1A; TAM=MEDIANO; GRADO=INV.,,635.7,,,$/kg,,ARS,False,0,,,,108561,PHOR24_K.xlsx#hoja=PHOR24_K;fila=61;C=2790;columna=K_OCTU,
current_monthly_not_comparable,,2024-10-01,month,2024-10,MCBA,,Hortalizas,,Apio,,,,Bs. As.,,To,,,,Moneda interpretada como ARS por tratarse de lista local MCBA. Atributos fuente: CAL=1A; TAM=GRANDE; GRADO=INV.,,905.5,,,$/kg,,ARS,False,0,,,,108573,PHOR24_K.xlsx#hoja=PHOR24_K;fila=62;C=3426;columna=K_OCTU,
current_monthly_not_comparable,,2024-10-01,month,2024-10,MCBA,,Hortalizas,,Arveja,,,,Bs. As.,,Ba,,,,Moneda interpretada como ARS por tratarse de lista local MCBA. Atributos fuente: CAL=1A; TAM=MEDIANO.,,2618.0,,,$/kg,,ARS,False,0,,,,108578,PHOR24_K.xlsx#hoja=PHOR24_K;fila=65;C=2413;columna=K_OCTU,
current_monthly_not_comparable,,2024-10-01,month,2024-10,MCBA,,Hortalizas,,Arveja,,,,Jujuy,,Bo,,,,Moneda interpretada como ARS por tratarse de lista local MCBA. Atributos fuente: CAL=1A; TAM=MEDIANO.,,2250.0,,,$/kg,,ARS,False,0,,,,108585,PHOR24_K.xlsx#hoja=PHOR24_K;fila=67;C=4303;columna=K_OCTU,
current_monthly_not_comparable,,2024-10-01,month,2024-10,MCBA,,Hortalizas,,Arveja,,,,Mendoza,,Bo,,,,Moneda interpretada como ARS por tratarse de lista local MCBA. Atributos fuente: CAL=1A; TAM=MEDIANO.,,1708.0,,,$/kg,,ARS,False,0,,,,108587,PHOR24_K.xlsx#hoja=PHOR24_K;fila=68;C=3185;columna=K_OCTU,
current_monthly_not_comparable,,2024-10-01,month,2024-10,MCBA,,Hortalizas,,Arveja,,,,San Juan,,Bo,,,,Moneda interpretada como ARS por tratarse de lista local MCBA. Atributos fuente: CAL=1A; TAM=MEDIANO.,,1656.0,,,$/kg,,ARS,False,0,,,,108594,PHOR24_K.xlsx#hoja=PHOR24_K;fila=70;C=4244;columna=K_OCTU,
current_monthly_not_comparable,,2024-10-01,month,2024-10,MCBA,,Hortalizas,,Batata,,Arapey,,Brasil,,Bo,,,,Moneda interpretada como ARS por tratarse de lista local MCBA. Atributos fuente: CAL=1A; TAM=MEDIANO.,,981.0,,,$/kg,,ARS,False,0,,,,108602,PHOR24_K.xlsx#hoja=PHOR24_K;fila=72;C=3808;columna=K_OCTU,
current_monthly_not_comparable,,2024-10-01,month,2024-10,MCBA,,Hortalizas,,Batata,,Arapey,,Cordoba,,Bo,,,,Moneda interpretada como ARS por tratarse de lista local MCBA. Atributos fuente: CAL=1A; TAM=MEDIANO.,,951.0,,,$/kg,,ARS,False,0,,,,108611,PHOR24_K.xlsx#hoja=PHOR24_K;fila=73;C=4319;columna=K_OCTU,
current_monthly_not_comparable,,2024-10-01,month,2024-10,MCBA,,Hortalizas,,Batata,,Arapey,,Formosa,,Bo,,,,Moneda interpretada como ARS por tratarse de lista local MCBA. Atributos fuente: CAL=1A; TAM=MEDIANO.,,1047.0,,,$/kg,,ARS,False,0,,,,108617,PHOR24_K.xlsx#hoja=PHOR24_K;fila=74;C=4323;columna=K_OCTU,
current_monthly_not_comparable,,2024-10-01,month,2024-10,MCBA,,Hortalizas,,Batata,,Beauregard,,S. Pedro,,Bo,,,,Moneda interpretada como ARS por tratarse de lista local MCBA. Atributos fuente: CAL=1A; TAM=MEDIANO.,,933.3,,,$/kg,,ARS,False,0,,,,108646,PHOR24_K.xlsx#hoja=PHOR24_K;fila=82;C=4074;columna=K_OCTU,
current_monthly_not_comparable,,2024-10-01,month,2024-10,MCBA,,Hortalizas,,Berenjena,,Jaspeada,,Bs. As.,,To,,,,Moneda interpretada como ARS por tratarse de lista local MCBA. Atributos fuente: CAL=1A; TAM=MEDIANO.,,1198.0,,,$/kg,,ARS,False,0,,,,108654,PHOR24_K.xlsx#hoja=PHOR24_K;fila=86;C=2444;columna=K_OCTU,
current_monthly_not_comparable,,2024-10-01,month,2024-10,MCBA,,Hortalizas,,Berenjena,,Vta.Med.La,,Bs. As.,,To,,,,Moneda interpretada como ARS por tratarse de lista local MCBA. Atributos fuente: CAL=1A; TAM=MEDIANO; GRADO=INV.,,1189.0,,,$/kg,,ARS,False,0,,,,108666,PHOR24_K.xlsx#hoja=PHOR24_K;fila=90;C=3189;columna=K_OCTU,
current_monthly_not_comparable,,2024-10-01,month,2024-10,MCBA,,Hortalizas,,Berenjena,,Vta.Med.La,,Ctes.,,Pe,,,,Moneda interpretada como ARS por tratarse de lista local MCBA. Atributos fuente: CAL=1A; TAM=MEDIANO; GRADO=INV.,,1254.0,,,$/kg,,ARS,False,0,,,,108676,PHOR24_K.xlsx#hoja=PHOR24_K;fila=93;C=1648;columna=K_OCTU,
current_monthly_not_comparable,,2024-10-01,month,2024-10,MCBA,,Hortalizas,,Berenjena,,Vta.Med.La,,Salta,,Pe,,,,Moneda interpretada como ARS por tratarse de lista local MCBA. Atributos fuente: CAL=1A; TAM=MEDIANO; GRADO=INV.,,1194.0,,,$/kg,,ARS,False,0,,,,108690,PHOR24_K.xlsx#hoja=PHOR24_K;fila=96;C=2322;columna=K_OCTU,
current_monthly_not_comparable,,2024-10-01,month,2024-10,MCBA,,Hortalizas,,Berenjena,,Vta.Med.La,,Salta,,To,,,,Moneda interpretada como ARS por tratarse de lista local MCBA. Atributos fuente: CAL=1A; TAM=MEDIANO.,,777.1,,,$/kg,,ARS,False,0,,,,108696,PHOR24_K.xlsx#hoja=PHOR24_K;fila=97;C=1499;columna=K_OCTU,
current_monthly_not_comparable,,2024-10-01,month,2024-10,MCBA,,Hortalizas,,Berenjena,,Vta.Med.La,,Tucuman,,Pe,,,,Moneda interpretada como ARS por tratarse de lista local MCBA. Atributos fuente: CAL=1A; TAM=MEDIANO.,,1389.0,,,$/kg,,ARS,False,0,,,,108704,PHOR24_K.xlsx#hoja=PHOR24_K;fila=99;C=4391;columna=K_OCTU,
current_monthly_not_comparable,,2024-10-01,month,2024-10,MCBA,,Hortalizas,,Berro,,,,Bs. As.,,Tt,,,,Moneda interpretada como ARS por tratarse de lista local MCBA. Atributos fuente: CAL=1A.,,1405.0,,,$/kg,,ARS,False,0,,,,108711,PHOR24_K.xlsx#hoja=PHOR24_K;fila=101;C=100002;columna=K_OCTU,
current_monthly_not_comparable,,2024-10-01,month,2024-10,MCBA,,Hortalizas,,Brocoli,,,,Bs. As.,,Ja,,,,Moneda interpretada como ARS por tratarse de lista local MCBA. Atributos fuente: CAL=1A; TAM=MEDIANO.,,883.6,,,$/kg,,ARS,False,0,,,,108723,PHOR24_K.xlsx#hoja=PHOR24_K;fila=103;C=4174;columna=K_OCTU,
current_monthly_not_comparable,,2024-10-01,month,2024-10,MCBA,,Hortalizas,,Brocoli,,,,Bs. As.,,Ja,,,,Moneda interpretada como ARS por tratarse de lista local MCBA. Atributos fuente: CAL=1A; TAM=MEDIANO; GRADO=INV.,,1136.0,,,$/kg,,ARS,False,0,,,,108729,PHOR24_K.xlsx#hoja=PHOR24_K;fila=104;C=4216;columna=K_OCTU,
current_monthly_not_comparable,,2024-10-01,month,2024-10,MCBA,,Hortalizas,,Cardo,,,,Bs. As.,,At,,,,Moneda interpretada como ARS por tratarse de lista local MCBA. Atributos fuente: CAL=1A; TAM=CHICO.,,510.0,,,$/kg,,ARS,False,0,,,,108744,PHOR24_K.xlsx#hoja=PHOR24_K;fila=110;C=1212;columna=K_OCTU,
current_monthly_not_comparable,,2024-10-01,month,2024-10,MCBA,,Hortalizas,,Ceb.Verdeo,,Colorada,,Bs. As.,,Ja,,,,Moneda interpretada como ARS por tratarse de lista local MCBA. Atributos fuente: CAL=1A; TAM=MEDIANO.,,1168.0,,,$/kg,,ARS,False,0,,,,108754,PHOR24_K.xlsx#hoja=PHOR24_K;fila=112;C=2515;columna=K_OCTU,
current_monthly_not_comparable,,2024-10-01,month,2024-10,MCBA,,Hortalizas,,Ceb.Verdeo,,Colorada,,Bs. As.,,At,,,,Moneda interpretada como ARS por tratarse de lista local MCBA. Atributos fuente: CAL=1A; TAM=MEDIANO.,,1585.0,,,$/kg,,ARS,False,0,,,,108766,PHOR24_K.xlsx#hoja=PHOR24_K;fila=113;C=160017;columna=K_OCTU,
current_monthly_not_comparable,,2024-10-01,month,2024-10,MCBA,,Hortalizas,,Cebolla,,Colorada,,Brasil,,Bo,,,,Moneda interpretada como ARS por tratarse de lista local MCBA. Atributos fuente: CAL=1A; TAM=MEDIANO.,,745.0,,,$/kg,,ARS,False,0,,,,108785,PHOR24_K.xlsx#hoja=PHOR24_K;fila=123;C=3591;columna=K_OCTU,
current_monthly_not_comparable,,2024-10-01,month,2024-10,MCBA,,Hortalizas,,Cebolla,,Optima,,Brasil,,Bo,,,,Moneda interpretada como ARS por tratarse de lista local MCBA. Atributos fuente: CAL=1A; TAM=MEDIANO.,,655.3,,,$/kg,,ARS,False,0,,,,108813,PHOR24_K.xlsx#hoja=PHOR24_K;fila=129;C=3845;columna=K_OCTU,
current_monthly_not_comparable,,2024-10-01,month,2024-10,MCBA,,Hortalizas,,Cebolla,,Valenciani,,Salta,,Bo,,,,Moneda interpretada como ARS por tratarse de lista local MCBA. Atributos fuente: CAL=2A; TAM=MEDIANO.,,401.3,,,$/kg,,ARS,False,0,,,,108871,PHOR24_K.xlsx#hoja=PHOR24_K;fila=145;C=3920;columna=K_OCTU,
current_monthly_not_comparable,,2024-10-01,month,2024-10,MCBA,,Hortalizas,,Cebolla,,Valenciani,,Salta,,Bo,,,,Moneda interpretada como ARS por tratarse de lista local MCBA. Atributos fuente: CAL=1A; TAM=MEDIANO.,,359.4,,,$/kg,,ARS,False,0,,,,108872,PHOR24_K.xlsx#hoja=PHOR24_K;fila=146;C=4028;columna=K_OCTU,
current_monthly_not_comparable,,2024-10-01,month,2024-10,MCBA,,Hortalizas,,Cebolla,,Valenciani,,San Juan,,Bo,,,,Moneda interpretada como ARS por tratarse de lista local MCBA. Atributos fuente: CAL=1A; TAM=MEDIANO.,,445.6,,,$/kg,,ARS,False,0,,,,108874,PHOR24_K.xlsx#hoja=PHOR24_K;fila=147;C=3824;columna=K_OCTU,
current_monthly_not_comparable,,2024-10-01,month,2024-10,MCBA,,Hortalizas,,Cebolla,,Valenciani,,Sgo.Est.,,Bo,,,,Moneda interpretada como ARS por tratarse de lista local MCBA. Atributos fuente: CAL=2A; TAM=MEDIANO.,,318.7,,,$/kg,,ARS,False,0,,,,108879,PHOR24_K.xlsx#hoja=PHOR24_K;fila=149;C=3801;columna=K_OCTU,
current_monthly_not_comparable,,2024-10-01,month,2024-10,MCBA,,Hortalizas,,Cebolla,,Valenciani,,Sgo.Est.,,Bo,,,,Moneda interpretada como ARS por tratarse de lista local MCBA. Atributos fuente: CAL=1A; TAM=MEDIANO.,,394.0,,,$/kg,,ARS,False,0,,,,108882,PHOR24_K.xlsx#hoja=PHOR24_K;fila=150;C=3817;columna=K_OCTU,
current_monthly_not_comparable,,2024-10-01,month,2024-10,MCBA,,Hortalizas,,Chaucha,,Musica,,Bs. As.,,To,,,,Moneda interpretada como ARS por tratarse de lista local MCBA. Atributos fuente: CAL=1A; TAM=MEDIANO.,,2763.0,,,$/kg,,ARS,False,0,,,,108903,PHOR24_K.xlsx#hoja=PHOR24_K;fila=159;C=1938;columna=K_OCTU,
current_monthly_not_comparable,,2024-10-01,month,2024-10,MCBA,,Hortalizas,,Chaucha,,Musica,,Ctes.,,To,,,,Moneda interpretada como ARS por tratarse de lista local MCBA. Atributos fuente: CAL=1A; TAM=MEDIANO; GRADO=INV.,,2274.0,,,$/kg,,ARS,False,0,,,,108906,PHOR24_K.xlsx#hoja=PHOR24_K;fila=160;C=2621;columna=K_OCTU,
current_monthly_not_comparable,,2024-10-01,month,2024-10,MCBA,,Hortalizas,,Chaucha,,Rolliza,,Bs. As.,,Tt,,,,Moneda interpretada como ARS por tratarse de lista local MCBA. Atributos fuente: CAL=1A; TAM=MEDIANO.,,3118.0,,,$/kg,,ARS,False,0,,,,108914,PHOR24_K.xlsx#hoja=PHOR24_K;fila=163;C=1715;columna=K_OCTU,
current_monthly_not_comparable,,2024-10-01,month,2024-10,MCBA,,Hortalizas,,Chaucha,,Rolliza,,Salta,,To,,,,Moneda interpretada como ARS por tratarse de lista local MCBA. Atributos fuente: CAL=1A; TAM=MEDIANO.,,1667.0,,,$/kg,,ARS,False,0,,,,108925,PHOR24_K.xlsx#hoja=PHOR24_K;fila=165;C=1063;columna=K_OCTU,
current_monthly_not_comparable,,2024-10-01,month,2024-10,MCBA,,Hortalizas,,Chaucha,,Rolliza,,Salta,,To,,,,Moneda interpretada como ARS por tratarse de lista local MCBA. Atributos fuente: CAL=2A; TAM=MEDIANO.,,843.8,,,$/kg,,ARS,False,0,,,,108928,PHOR24_K.xlsx#hoja=PHOR24_K;fila=166;C=170014;columna=K_OCTU,
current_monthly_not_comparable,,2024-10-01,month,2024-10,MCBA,,Hortalizas,,Choclo,,Amarillo,,Salta,,Pe,,,,Moneda interpretada como ARS por tratarse de lista local MCBA. Atributos fuente: CAL=1A; TAM=MEDIANO; GRADO=PRE.,,1523.0,,,$/kg,,ARS,False,0,,,,108953,PHOR24_K.xlsx#hoja=PHOR24_K;fila=177;C=3278;columna=K_OCTU,
current_monthly_not_comparable,,2024-10-01,month,2024-10,MCBA,,Hortalizas,,Choclo,,Amarillo,,Salta,,Bo,,,,Moneda interpretada como ARS por tratarse de lista local MCBA. Atributos fuente: CAL=2A; TAM=MEDIANO.,,1371.0,,,$/kg,,ARS,False,0,,,,108959,PHOR24_K.xlsx#hoja=PHOR24_K;fila=179;C=3905;columna=K_OCTU,
current_monthly_not_comparable,,2024-10-01,month,2024-10,MCBA,,Hortalizas,,Ciboulle,,,,Bs. As.,,At,,,,Moneda interpretada como ARS por tratarse de lista local MCBA. Atributos fuente: CAL=1A; TAM=MEDIANO.,,7475.0,,,$/kg,,ARS,False,0,,,,108980,PHOR24_K.xlsx#hoja=PHOR24_K;fila=188;C=3965;columna=K_OCTU,
current_monthly_not_comparable,,2024-10-01,month,2024-10,MCBA,,Hortalizas,,Cilandro,,,,Bs. As.,,At,,,,Moneda interpretada como ARS por tratarse de lista local MCBA. Atributos fuente: CAL=1A; TAM=MEDIANO.,,7546.0,,,$/kg,,ARS,False,0,,,,108990,PHOR24_K.xlsx#hoja=PHOR24_K;fila=192;C=4467;columna=K_OCTU,
current_monthly_not_comparable,,2024-10-01,month,2024-10,MCBA,,Hortalizas,,Coliflor,,,,Bs. As.,,Ja,,,,Moneda interpretada como ARS por tratarse de lista local MCBA. Atributos fuente: CAL=1A; TAM=MEDIANO.,,498.6,,,$/kg,,ARS,False,0,,,,109005,PHOR24_K.xlsx#hoja=PHOR24_K;fila=195;C=2454;columna=K_OCTU,
current_monthly_not_comparable,,2024-10-01,month,2024-10,MCBA,,Hortalizas,,Curcuma,,Sin Varied,,Brasil,,Ca,,,,Moneda interpretada como ARS por tratarse de lista local MCBA. Atributos fuente: CAL=1A; TAM=MEDIANO.,,5318.0,,,$/kg,,ARS,False,0,,,,109021,PHOR24_K.xlsx#hoja=PHOR24_K;fila=199;C=4175;columna=K_OCTU,
current_monthly_not_comparable,,2024-10-01,month,2024-10,MCBA,,Hortalizas,,Echalote,,,,San Juan,,Ca,,,,Moneda interpretada como ARS por tratarse de lista local MCBA. Atributos fuente: CAL=1A; TAM=MEDIANO.,,4200.0,,,$/kg,,ARS,False,0,,,,109033,PHOR24_K.xlsx#hoja=PHOR24_K;fila=202;C=4188;columna=K_OCTU,
current_monthly_not_comparable,,2024-10-01,month,2024-10,MCBA,,Hortalizas,,Endibia,,,,Bs. As.,,Ba,,,,Moneda interpretada como ARS por tratarse de lista local MCBA. Atributos fuente: CAL=1A; TAM=MEDIANO.,,6566.0,,,$/kg,,ARS,False,0,,,,109043,PHOR24_K.xlsx#hoja=PHOR24_K;fila=205;C=3533;columna=K_OCTU,
current_monthly_not_comparable,,2024-10-01,month,2024-10,MCBA,,Hortalizas,,Escarola,,Hoja Ancha,,Bs. As.,,Tt,,,,Moneda interpretada como ARS por tratarse de lista local MCBA. Atributos fuente: CAL=1A.,,684.0,,,$/kg,,ARS,False,0,,,,109055,PHOR24_K.xlsx#hoja=PHOR24_K;fila=209;C=3169;columna=K_OCTU,
current_monthly_not_comparable,,2024-10-01,month,2024-10,MCBA,,Hortalizas,,Escarola,,Hoja Fina,,Bs. As.,,Tt,,,,Moneda interpretada como ARS por tratarse de lista local MCBA. Atributos fuente: CAL=1A.,,845.4,,,$/kg,,ARS,False,0,,,,109063,PHOR24_K.xlsx#hoja=PHOR24_K;fila=210;C=3170;columna=K_OCTU,
current_monthly_not_comparable,,2024-10-01,month,2024-10,MCBA,,Hortalizas,,Esparrago,,Verde,,Bs. As.,,At,,,,Moneda interpretada como ARS por tratarse de lista local MCBA. Atributos fuente: CAL=1A; TAM=MEDIANO.,,3852.0,,,$/kg,,ARS,False,0,,,,109070,PHOR24_K.xlsx#hoja=PHOR24_K;fila=215;C=1260;columna=K_OCTU,
current_monthly_not_comparable,,2024-10-01,month,2024-10,MCBA,,Hortalizas,,Esparrago,,Verde,,Cordoba,,At,,,,Moneda interpretada como ARS por tratarse de lista local MCBA. Atributos fuente: CAL=1A; TAM=MEDIANO.,,1400.0,,,$/kg,,ARS,False,0,,,,109076,PHOR24_K.xlsx#hoja=PHOR24_K;fila=216;C=3475;columna=K_OCTU,
current_monthly_not_comparable,,2024-10-01,month,2024-10,MCBA,,Hortalizas,,Esparrago,,Verde,,San Juan,,At,,,,Moneda interpretada como ARS por tratarse de lista local MCBA. Atributos fuente: CAL=1A; TAM=CHICO.,,1293.0,,,$/kg,,ARS,False,0,,,,109086,PHOR24_K.xlsx#hoja=PHOR24_K;fila=220;C=3211;columna=K_OCTU,
current_monthly_not_comparable,,2024-10-01,month,2024-10,MCBA,,Hortalizas,,Esparrago,,Verde,,San Juan,,At,,,,Moneda interpretada como ARS por tratarse de lista local MCBA. Atributos fuente: CAL=1A; TAM=MEDIANO.,,1889.0,,,$/kg,,ARS,False,0,,,,109092,PHOR24_K.xlsx#hoja=PHOR24_K;fila=221;C=1219;columna=K_OCTU,
current_monthly_not_comparable,,2024-10-01,month,2024-10,MCBA,,Hortalizas,,Esparrago,,Verde,,San Juan,,At,,,,Moneda interpretada como ARS por tratarse de lista local MCBA. Atributos fuente: CAL=1A; TAM=GRANDE.,,2506.0,,,$/kg,,ARS,False,0,,,,109096,PHOR24_K.xlsx#hoja=PHOR24_K;fila=222;C=3087;columna=K_OCTU,
current_monthly_not_comparable,,2024-10-01,month,2024-10,MCBA,,Hortalizas,,Espinaca,,,,Bs. As.,,Ja,,,,Moneda interpretada como ARS por tratarse de lista local MCBA. Atributos fuente: CAL=1A.,,653.0,,,$/kg,,ARS,False,0,,,,109103,PHOR24_K.xlsx#hoja=PHOR24_K;fila=224;C=1087;columna=K_OCTU,
current_monthly_not_comparable,,2024-10-01,month,2024-10,MCBA,,Hortalizas,,Espinaca,,,,Bs. As.,,Ja,,,,Moneda interpretada como ARS por tratarse de lista local MCBA. Atributos fuente: CAL=1A; GRADO=INV.,,1002.0,,,$/kg,,ARS,False,0,,,,109115,PHOR24_K.xlsx#hoja=PHOR24_K;fila=225;C=2584;columna=K_OCTU,
current_monthly_not_comparable,,2024-10-01,month,2024-10,MCBA,,Hortalizas,,Haba,,,,Bs. As.,,Tt,,,,Moneda interpretada como ARS por tratarse de lista local MCBA. Atributos fuente: CAL=1A.,,968.8,,,$/kg,,ARS,False,0,,,,109126,PHOR24_K.xlsx#hoja=PHOR24_K;fila=233;C=300003;columna=K_OCTU,
current_monthly_not_comparable,,2024-10-01,month,2024-10,MCBA,,Hortalizas,,Hinojo,,,,Bs. As.,,Ja,,,,Moneda interpretada como ARS por tratarse de lista local MCBA. Atributos fuente: CAL=1A; TAM=MEDIANO.,,932.0,,,$/kg,,ARS,False,0,,,,109142,PHOR24_K.xlsx#hoja=PHOR24_K;fila=237;C=1043;columna=K_OCTU,
current_monthly_not_comparable,,2024-10-01,month,2024-10,MCBA,,Hortalizas,,Hinojo,,,,Bs. As.,,Ja,,,,Moneda interpretada como ARS por tratarse de lista local MCBA. Atributos fuente: CAL=2A; TAM=MEDIANO.,,685.3,,,$/kg,,ARS,False,0,,,,109148,PHOR24_K.xlsx#hoja=PHOR24_K;fila=238;C=1060;columna=K_OCTU,
current_monthly_not_comparable,,2024-10-01,month,2024-10,MCBA,,Hortalizas,,Hongos,,Agaricus,,Bs. As.,,Bo,,,,Moneda interpretada como ARS por tratarse de lista local MCBA. Atributos fuente: CAL=1A.,,10240.0,,,$/kg,,ARS,False,0,,,,109159,PHOR24_K.xlsx#hoja=PHOR24_K;fila=240;C=2234;columna=K_OCTU,
current_monthly_not_comparable,,2024-10-01,month,2024-10,MCBA,,Hortalizas,,Hongos,,Agaricus,,Bs. As.,,Bo,,,,Moneda interpretada como ARS por tratarse de lista local MCBA. Atributos fuente: CAL=2A; TAM=SIN TAM.,,8827.0,,,$/kg,,ARS,False,0,,,,109168,PHOR24_K.xlsx#hoja=PHOR24_K;fila=241;C=4400;columna=K_OCTU,
current_monthly_not_comparable,,2024-10-01,month,2024-10,MCBA,,Hortalizas,,Hongos,,Oyster,,Bs. As.,,Ba,,,,Moneda interpretada como ARS por tratarse de lista local MCBA. Atributos fuente: CAL=1A.,,10240.0,,,$/kg,,ARS,False,0,,,,109179,PHOR24_K.xlsx#hoja=PHOR24_K;fila=242;C=2236;columna=K_OCTU,
current_monthly_not_comparable,,2024-10-01,month,2024-10,MCBA,,Hortalizas,,Hongos,,Portobelo,,Bs. As.,,Bo,,,,Moneda interpretada como ARS por tratarse de lista local MCBA. Atributos fuente: CAL=1A.,,12220.0,,,$/kg,,ARS,False,0,,,,109191,PHOR24_K.xlsx#hoja=PHOR24_K;fila=243;C=2237;columna=K_OCTU,
current_monthly_not_comparable,,2024-10-01,month,2024-10,MCBA,,Hortalizas,,Jengibre,,,,Brasil,,Bo,,,,Moneda interpretada como ARS por tratarse de lista local MCBA. Atributos fuente: CAL=1A; TAM=MEDIANO.,,3033.0,,,$/kg,,ARS,False,0,,,,109203,PHOR24_K.xlsx#hoja=PHOR24_K;fila=245;C=3951;columna=K_OCTU,
current_monthly_not_comparable,,2024-10-01,month,2024-10,MCBA,,Hortalizas,,Kale,,Crespo,,Bs. As.,,At,,,,Moneda interpretada como ARS por tratarse de lista local MCBA. Atributos fuente: CAL=1A; TAM=SIN TAM; GRADO=VER.,,243.1,,,$/kg,,ARS,False,0,,,,109215,PHOR24_K.xlsx#hoja=PHOR24_K;fila=247;C=3924;columna=K_OCTU,
current_monthly_not_comparable,,2024-10-01,month,2024-10,MCBA,,Hortalizas,,Lechuga,,Capuchina,,Bs. As.,,Ja,,,,Moneda interpretada como ARS por tratarse de lista local MCBA. Atributos fuente: CAL=1A; TAM=MEDIANO.,,650.6,,,$/kg,,ARS,False,0,,,,109234,PHOR24_K.xlsx#hoja=PHOR24_K;fila=250;C=320012;columna=K_OCTU,
current_monthly_not_comparable,,2024-10-01,month,2024-10,MCBA,,Hortalizas,,Lechuga,,Capuchina,,Mendoza,,Ja,,,,Moneda interpretada como ARS por tratarse de lista local MCBA. Atributos fuente: CAL=1A; TAM=MEDIANO.,,754.4,,,$/kg,,ARS,False,0,,,,109247,PHOR24_K.xlsx#hoja=PHOR24_K;fila=252;C=2387;columna=K_OCTU,
current_monthly_not_comparable,,2024-10-01,month,2024-10,MCBA,,Hortalizas,,Lechuga,,Capuchina,,Santa Fe,,Ja,,,,Moneda interpretada como ARS por tratarse de lista local MCBA. Atributos fuente: CAL=1A; TAM=MEDIANO.,,758.9,,,$/kg,,ARS,False,0,,,,109256,PHOR24_K.xlsx#hoja=PHOR24_K;fila=254;C=4171;columna=K_OCTU,
current_monthly_not_comparable,,2024-10-01,month,2024-10,MCBA,,Hortalizas,,Lechuga,,Capuchina,,Sgo.Est.,,Ja,,,,Moneda interpretada como ARS por tratarse de lista local MCBA. Atributos fuente: CAL=1A; TAM=MEDIANO.,,666.7,,,$/kg,,ARS,False,0,,,,109263,PHOR24_K.xlsx#hoja=PHOR24_K;fila=256;C=320001;columna=K_OCTU,
current_monthly_not_comparable,,2024-10-01,month,2024-10,MCBA,,Hortalizas,,Lechuga,,Criolla,,Bs. As.,,Ja,,,,Moneda interpretada como ARS por tratarse de lista local MCBA. Atributos fuente: CAL=1A; TAM=GRANDE; GRADO=INV.,,761.6,,,$/kg,,ARS,False,0,,,,109273,PHOR24_K.xlsx#hoja=PHOR24_K;fila=257;C=3477;columna=K_OCTU,
current_monthly_not_comparable,,2024-10-01,month,2024-10,MCBA,,Hortalizas,,Lechuga,,Criolla,,Bs. As.,,Ja,,,,Moneda interpretada como ARS por tratarse de lista local MCBA. Atributos fuente: CAL=1A; TAM=MEDIANO; GRADO=INV.,,585.9,,,$/kg,,ARS,False,0,,,,109285,PHOR24_K.xlsx#hoja=PHOR24_K;fila=258;C=3478;columna=K_OCTU,
current_monthly_not_comparable,,2024-10-01,month,2024-10,MCBA,,Hortalizas,,Lechuga,,Criolla,,Bs. As.,,Ja,,,,Moneda interpretada como ARS por tratarse de lista local MCBA. Atributos fuente: CAL=1A; TAM=MEDIANO.,,517.6,,,$/kg,,ARS,False,0,,,,109297,PHOR24_K.xlsx#hoja=PHOR24_K;fila=259;C=3668;columna=K_OCTU,
current_monthly_not_comparable,,2024-10-01,month,2024-10,MCBA,,Hortalizas,,Lechuga,,Criolla,,Santa Fe,,Ja,,,,Moneda interpretada como ARS por tratarse de lista local MCBA. Atributos fuente: CAL=1A; TAM=MEDIANO.,,714.2,,,$/kg,,ARS,False,0,,,,109304,PHOR24_K.xlsx#hoja=PHOR24_K;fila=261;C=320006;columna=K_OCTU,
current_monthly_not_comparable,,2024-10-01,month,2024-10,MCBA,,Hortalizas,,Lechuga,,Mantecosa,,Bs. As.,,Ja,,,,Moneda interpretada como ARS por tratarse de lista local MCBA. Atributos fuente: CAL=1A; TAM=MEDIANO; GRADO=INV.,,1036.0,,,$/kg,,ARS,False,0,,,,109327,PHOR24_K.xlsx#hoja=PHOR24_K;fila=266;C=2002;columna=K_OCTU,
current_monthly_not_comparable,,2024-10-01,month,2024-10,MCBA,,Hortalizas,,Mandioca,,,,Misiones,,Bo,,,,Moneda interpretada como ARS por tratarse de lista local MCBA. Atributos fuente: CAL=1A; TAM=GRANDE.,,230.1,,,$/kg,,ARS,False,0,,,,109350,PHOR24_K.xlsx#hoja=PHOR24_K;fila=271;C=2103;columna=K_OCTU,
current_monthly_not_comparable,,2024-10-01,month,2024-10,MCBA,,Hortalizas,,Menta,,,,Bs. As.,,At,,,,Moneda interpretada como ARS por tratarse de lista local MCBA. Atributos fuente: CAL=1A; TAM=MEDIANO.,,7515.0,,,$/kg,,ARS,False,0,,,,109354,PHOR24_K.xlsx#hoja=PHOR24_K;fila=273;C=4368;columna=K_OCTU,
current_monthly_not_comparable,,2024-10-01,month,2024-10,MCBA,,Hortalizas,,Nabiza,,,,Bs. As.,,Tt,,,,Moneda interpretada como ARS por tratarse de lista local MCBA. Atributos fuente: CAL=1A.,,695.2,,,$/kg,,ARS,False,0,,,,109360,PHOR24_K.xlsx#hoja=PHOR24_K;fila=275;C=350002;columna=K_OCTU,
current_monthly_not_comparable,,2024-10-01,month,2024-10,MCBA,,Hortalizas,,Nabo,,Blanco,,Bs. As.,,At,,,,Moneda interpretada como ARS por tratarse de lista local MCBA. Atributos fuente: CAL=1A; TAM=MEDIANO.,,1050.0,,,$/kg,,ARS,False,0,,,,109364,PHOR24_K.xlsx#hoja=PHOR24_K;fila=277;C=3216;columna=K_OCTU,
current_monthly_not_comparable,,2024-10-01,month,2024-10,MCBA,,Hortalizas,,Oregano,,,,Bs. As.,,At,,,,Moneda interpretada como ARS por tratarse de lista local MCBA. Atributos fuente: CAL=1A; TAM=MEDIANO.,,8420.0,,,$/kg,,ARS,False,0,,,,109373,PHOR24_K.xlsx#hoja=PHOR24_K;fila=279;C=4369;columna=K_OCTU,
current_monthly_not_comparable,,2024-10-01,month,2024-10,MCBA,,Hortalizas,,Pack Choy,,,,Bs. As.,,Ba,,,,Moneda interpretada como ARS por tratarse de lista local MCBA. Atributos fuente: CAL=1A.,,1900.0,,,$/kg,,ARS,False,0,,,,109385,PHOR24_K.xlsx#hoja=PHOR24_K;fila=281;C=1574;columna=K_OCTU,
current_monthly_not_comparable,,2024-10-01,month,2024-10,MCBA,,Hortalizas,,Papa,,Agata,,Brasil,,Bo,,,,Moneda interpretada como ARS por tratarse de lista local MCBA. Atributos fuente: CAL=1A; TAM=MEDIANO; GRADO=LAV.,,1282.0,,,$/kg,,ARS,False,0,,,,109392,PHOR24_K.xlsx#hoja=PHOR24_K;fila=283;C=3862;columna=K_OCTU,
current_monthly_not_comparable,,2024-10-01,month,2024-10,MCBA,,Hortalizas,,Papa,,Agata,,Brasil,,Bo,,,,Moneda interpretada como ARS por tratarse de lista local MCBA. Atributos fuente: CAL=1A; TAM=CHICO; GRADO=LAV.,,1779.0,,,$/kg,,ARS,False,0,,,,109398,PHOR24_K.xlsx#hoja=PHOR24_K;fila=285;C=4439;columna=K_OCTU,
current_monthly_not_comparable,,2024-10-01,month,2024-10,MCBA,,Hortalizas,,Papa,,Asterix,,Cordoba,,Bo,,,,Moneda interpretada como ARS por tratarse de lista local MCBA. Atributos fuente: CAL=1A; TAM=MEDIANO; GRADO=LAV.,,800.0,,,$/kg,,ARS,False,0,,,,109404,PHOR24_K.xlsx#hoja=PHOR24_K;fila=288;C=4457;columna=K_OCTU,
current_monthly_not_comparable,,2024-10-01,month,2024-10,MCBA,,Hortalizas,,Papa,,Daifla,,San Luis,,Bo,,,,Moneda interpretada como ARS por tratarse de lista local MCBA. Atributos fuente: CAL=1A; TAM=MEDIANO; GRADO=LAV.,,1016.0,,,$/kg,,ARS,False,0,,,,109411,PHOR24_K.xlsx#hoja=PHOR24_K;fila=290;C=4314;columna=K_OCTU,
current_monthly_not_comparable,,2024-10-01,month,2024-10,MCBA,,Hortalizas,,Papa,,Daisy,,San Luis,,Bo,,,,Moneda interpretada como ARS por tratarse de lista local MCBA. Atributos fuente: CAL=1A; TAM=MEDIANO; GRADO=LAV.,,1046.0,,,$/kg,,ARS,False,0,,,,109418,PHOR24_K.xlsx#hoja=PHOR24_K;fila=291;C=4351;columna=K_OCTU,
current_monthly_not_comparable,,2024-10-01,month,2024-10,MCBA,,Hortalizas,,Papa,,Donata,,San Luis,,Bo,,,,Moneda interpretada como ARS por tratarse de lista local MCBA. Atributos fuente: CAL=1A; TAM=MEDIANO; GRADO=LAV.,,875.0,,,$/kg,,ARS,False,0,,,,109420,PHOR24_K.xlsx#hoja=PHOR24_K;fila=292;C=4471;columna=K_OCTU,
current_monthly_not_comparable,,2024-10-01,month,2024-10,MCBA,,Hortalizas,,Papa,,Innovator,,Se Bs.As,,Bo,,,,Moneda interpretada como ARS por tratarse de lista local MCBA. Atributos fuente: CAL=2A; TAM=MEDIANO.,,583.3,,,$/kg,,ARS,False,0,,,,109424,PHOR24_K.xlsx#hoja=PHOR24_K;fila=294;C=4326;columna=K_OCTU,
current_monthly_not_comparable,,2024-10-01,month,2024-10,MCBA,,Hortalizas,,Papa,,Sagitta,,San Luis,,Bo,,,,Moneda interpretada como ARS por tratarse de lista local MCBA. Atributos fuente: CAL=1A; TAM=MEDIANO; GRADO=LAV.,,1054.0,,,$/kg,,ARS,False,0,,,,109434,PHOR24_K.xlsx#hoja=PHOR24_K;fila=297;C=4324;columna=K_OCTU,
current_monthly_not_comparable,,2024-10-01,month,2024-10,MCBA,,Hortalizas,,Papa,,Spunta,,Catamarc,,Bo,,,,Moneda interpretada como ARS por tratarse de lista local MCBA. Atributos fuente: CAL=2A; TAM=MEDIANO.,,805.6,,,$/kg,,ARS,False,0,,,,109447,PHOR24_K.xlsx#hoja=PHOR24_K;fila=301;C=4239;columna=K_OCTU,
current_monthly_not_comparable,,2024-10-01,month,2024-10,MCBA,,Hortalizas,,Papa,,Spunta,,Cordoba,,Bo,,,,Moneda interpretada como ARS por tratarse de lista local MCBA. Atributos fuente: CAL=2A; TAM=MEDIANO.,,706.0,,,$/kg,,ARS,False,0,,,,109453,PHOR24_K.xlsx#hoja=PHOR24_K;fila=302;C=4250;columna=K_OCTU,
current_monthly_not_comparable,,2024-10-01,month,2024-10,MCBA,,Hortalizas,,Papa,,Spunta,,Jujuy,,Bo,,,,Moneda interpretada como ARS por tratarse de lista local MCBA. Atributos fuente: CAL=2A; TAM=MEDIANO.,,725.7,,,$/kg,,ARS,False,0,,,,109460,PHOR24_K.xlsx#hoja=PHOR24_K;fila=305;C=4235;columna=K_OCTU,
current_monthly_not_comparable,,2024-10-01,month,2024-10,MCBA,,Hortalizas,,Papa,,Spunta,,Se Bs.As,,Bo,,,,Moneda interpretada como ARS por tratarse de lista local MCBA. Atributos fuente: CAL=2A; TAM=MEDIANO.,,419.9,,,$/kg,,ARS,False,0,,,,109480,PHOR24_K.xlsx#hoja=PHOR24_K;fila=311;C=4249;columna=K_OCTU,
current_monthly_not_comparable,,2024-10-01,month,2024-10,MCBA,,Hortalizas,,Papa,,Spunta,,Se Bs.As,,Bo,,,,Moneda interpretada como ARS por tratarse de lista local MCBA. Atributos fuente: CAL=1A; TAM=MEDIANO; GRADO=LAV.,,777.8,,,$/kg,,ARS,False,0,,,,109491,PHOR24_K.xlsx#hoja=PHOR24_K;fila=312;C=4377;columna=K_OCTU,
current_monthly_not_comparable,,2024-10-01,month,2024-10,MCBA,,Hortalizas,,Papa,,Spunta,,Se Bs.As,,Bo,,,,Moneda interpretada como ARS por tratarse de lista local MCBA. Atributos fuente: CAL=2A; TAM=MEDIANO; GRADO=CEP.,,503.9,,,$/kg,,ARS,False,0,,,,109500,PHOR24_K.xlsx#hoja=PHOR24_K;fila=313;C=4381;columna=K_OCTU,
current_monthly_not_comparable,,2024-10-01,month,2024-10,MCBA,,Hortalizas,,Papa,,Spunta,,Tucuman,,Bo,,,,Moneda interpretada como ARS por tratarse de lista local MCBA. Atributos fuente: CAL=2A; TAM=MEDIANO.,,585.8,,,$/kg,,ARS,False,0,,,,109503,PHOR24_K.xlsx#hoja=PHOR24_K;fila=314;C=4238;columna=K_OCTU,
current_monthly_not_comparable,,2024-10-01,month,2024-10,MCBA,,Hortalizas,,Papa,,Spunta,,V.Dolor.,,Bo,,,,Moneda interpretada como ARS por tratarse de lista local MCBA. Atributos fuente: CAL=2A; TAM=MEDIANO.,,606.6,,,$/kg,,ARS,False,0,,,,109509,PHOR24_K.xlsx#hoja=PHOR24_K;fila=315;C=4243;columna=K_OCTU,
current_monthly_not_comparable,,2024-10-01,month,2024-10,MCBA,,Hortalizas,,Papa,,Yona,,San Luis,,Bo,,,,Moneda interpretada como ARS por tratarse de lista local MCBA. Atributos fuente: CAL=1A; TAM=MEDIANO; GRADO=LAV.,,950.0,,,$/kg,,ARS,False,0,,,,109514,PHOR24_K.xlsx#hoja=PHOR24_K;fila=317;C=4459;columna=K_OCTU,
current_monthly_not_comparable,,2024-10-01,month,2024-10,MCBA,,Hortalizas,,Pepino,,,,Bs. As.,,Tt,,,,Moneda interpretada como ARS por tratarse de lista local MCBA. Atributos fuente: CAL=1A; TAM=MEDIANO.,,1113.0,,,$/kg,,ARS,False,0,,,,109524,PHOR24_K.xlsx#hoja=PHOR24_K;fila=321;C=370004;columna=K_OCTU,
current_monthly_not_comparable,,2024-10-01,month,2024-10,MCBA,,Hortalizas,,Pepino,,,,Bs. As.,,Tt,,,,Moneda interpretada como ARS por tratarse de lista local MCBA. Atributos fuente: CAL=1A; TAM=MEDIANO; GRADO=INV.,,1178.0,,,$/kg,,ARS,False,0,,,,109527,PHOR24_K.xlsx#hoja=PHOR24_K;fila=322;C=2104;columna=K_OCTU,
current_monthly_not_comparable,,2024-10-01,month,2024-10,MCBA,,Hortalizas,,Pepino,,,,Ctes.,,Pe,,,,Moneda interpretada como ARS por tratarse de lista local MCBA. Atributos fuente: CAL=1A; TAM=MEDIANO.,,805.1,,,$/kg,,ARS,False,0,,,,109536,PHOR24_K.xlsx#hoja=PHOR24_K;fila=324;C=4409;columna=K_OCTU,
current_monthly_not_comparable,,2024-10-01,month,2024-10,MCBA,,Hortalizas,,Pepino,,,,Salta,,To,,,,Moneda interpretada como ARS por tratarse de lista local MCBA. Atributos fuente: CAL=1A; TAM=MEDIANO.,,722.2,,,$/kg,,ARS,False,0,,,,109547,PHOR24_K.xlsx#hoja=PHOR24_K;fila=327;C=1099;columna=K_OCTU,
current_monthly_not_comparable,,2024-10-01,month,2024-10,MCBA,,Hortalizas,,Perejil,,,,Bs. As.,,Ja,,,,Moneda interpretada como ARS por tratarse de lista local MCBA. Atributos fuente: CAL=1A; TAM=GRANDE; GRADO=INV.,,1319.0,,,$/kg,,ARS,False,0,,,,109557,PHOR24_K.xlsx#hoja=PHOR24_K;fila=329;C=4035;columna=K_OCTU,
current_monthly_not_comparable,,2024-10-01,month,2024-10,MCBA,,Hortalizas,,Perejil,,,,Bs. As.,,Ja,,,,Moneda interpretada como ARS por tratarse de lista local MCBA. Atributos fuente: CAL=1A; TAM=MEDIANO.,,1021.0,,,$/kg,,ARS,False,0,,,,109567,PHOR24_K.xlsx#hoja=PHOR24_K;fila=332;C=2989;columna=K_OCTU,
current_monthly_not_comparable,,2024-10-01,month,2024-10,MCBA,,Hortalizas,,Perejil,,,,Bs. As.,,Ja,,,,Moneda interpretada como ARS por tratarse de lista local MCBA. Atributos fuente: CAL=1A; TAM=GRANDE.,,1088.0,,,$/kg,,ARS,False,0,,,,109570,PHOR24_K.xlsx#hoja=PHOR24_K;fila=333;C=2990;columna=K_OCTU,
current_monthly_not_comparable,,2024-10-01,month,2024-10,MCBA,,Hortalizas,,Pimiento,,Jalapeño,,Ctes.,,Ba,,,,Moneda interpretada como ARS por tratarse de lista local MCBA. Atributos fuente: CAL=1A; TAM=MEDIANO; GRADO=R/I.,,4139.0,,,$/kg,,ARS,False,0,,,,109585,PHOR24_K.xlsx#hoja=PHOR24_K;fila=340;C=4125;columna=K_OCTU,
current_monthly_not_comparable,,2024-10-01,month,2024-10,MCBA,,Hortalizas,,Pimiento,,Morron,,Bs. As.,,To,,,,Moneda interpretada como ARS por tratarse de lista local MCBA. Atributos fuente: CAL=1A; TAM=MEDIANO; GRADO=V/I.,,1805.0,,,$/kg,,ARS,False,0,,,,109595,PHOR24_K.xlsx#hoja=PHOR24_K;fila=342;C=3823;columna=K_OCTU,
current_monthly_not_comparable,,2024-10-01,month,2024-10,MCBA,,Hortalizas,,Pimiento,,Morron,,Ctes.,,Pe,,,,Moneda interpretada como ARS por tratarse de lista local MCBA. Atributos fuente: CAL=1A; TAM=GRANDE; GRADO=V/I.,,1714.0,,,$/kg,,ARS,False,0,,,,109629,PHOR24_K.xlsx#hoja=PHOR24_K;fila=349;C=3480;columna=K_OCTU,
current_monthly_not_comparable,,2024-10-01,month,2024-10,MCBA,,Hortalizas,,Pimiento,,Morron,,Ctes.,,Pe,,,,Moneda interpretada como ARS por tratarse de lista local MCBA. Atributos fuente: CAL=1A; TAM=GRANDE; GRADO=R/I.,,1931.0,,,$/kg,,ARS,False,0,,,,109637,PHOR24_K.xlsx#hoja=PHOR24_K;fila=350;C=4401;columna=K_OCTU,
current_monthly_not_comparable,,2024-10-01,month,2024-10,MCBA,,Hortalizas,,Pimiento,,Morron,,Ctes.,,Pe,,,,Moneda interpretada como ARS por tratarse de lista local MCBA. Atributos fuente: CAL=1A; TAM=MEDIANO; GRADO=V/I.,,1284.0,,,$/kg,,ARS,False,0,,,,109645,PHOR24_K.xlsx#hoja=PHOR24_K;fila=351;C=4411;columna=K_OCTU,
current_monthly_not_comparable,,2024-10-01,month,2024-10,MCBA,,Hortalizas,,Pimiento,,Morron,,Ctes.,,Pe,,,,Moneda interpretada como ARS por tratarse de lista local MCBA. Atributos fuente: CAL=1A; TAM=MEDIANO; GRADO=R/I.,,1519.0,,,$/kg,,ARS,False,0,,,,109651,PHOR24_K.xlsx#hoja=PHOR24_K;fila=352;C=4420;columna=K_OCTU,
current_monthly_not_comparable,,2024-10-01,month,2024-10,MCBA,,Hortalizas,,Pimiento,,Morron,,Salta,,Pe,,,,Moneda interpretada como ARS por tratarse de lista local MCBA. Atributos fuente: CAL=1A; TAM=GRANDE; GRADO=R/I.,,2153.0,,,$/kg,,ARS,False,0,,,,109664,PHOR24_K.xlsx#hoja=PHOR24_K;fila=357;C=2323;columna=K_OCTU,
current_monthly_not_comparable,,2024-10-01,month,2024-10,MCBA,,Hortalizas,,Pimiento,,Morron,,Salta,,Pe,,,,Moneda interpretada como ARS por tratarse de lista local MCBA. Atributos fuente: CAL=1A; TAM=GRANDE; GRADO=V/I.,,1663.0,,,$/kg,,ARS,False,0,,,,109672,PHOR24_K.xlsx#hoja=PHOR24_K;fila=358;C=2333;columna=K_OCTU,
current_monthly_not_comparable,,2024-10-01,month,2024-10,MCBA,,Hortalizas,,Pimiento,,Morron,,Salta,,Pe,,,,Moneda interpretada como ARS por tratarse de lista local MCBA. Atributos fuente: CAL=1A; TAM=MEDIANO; GRADO=V/I.,,1269.0,,,$/kg,,ARS,False,0,,,,109679,PHOR24_K.xlsx#hoja=PHOR24_K;fila=359;C=4168;columna=K_OCTU,
current_monthly_not_comparable,,2024-10-01,month,2024-10,MCBA,,Hortalizas,,Pimiento,,Morron,,Salta,,Pe,,,,Moneda interpretada como ARS por tratarse de lista local MCBA. Atributos fuente: CAL=1A; TAM=MEDIANO; GRADO=R/I.,,1729.0,,,$/kg,,ARS,False,0,,,,109687,PHOR24_K.xlsx#hoja=PHOR24_K;fila=360;C=4170;columna=K_OCTU,
current_monthly_not_comparable,,2024-10-01,month,2024-10,MCBA,,Hortalizas,,Pimiento,,Morron,,Salta,,Pe,,,,Moneda interpretada como ARS por tratarse de lista local MCBA. Atributos fuente: CAL=1A; TAM=GRANDE; GRADO=P/I.,,1460.0,,,$/kg,,ARS,False,0,,,,109696,PHOR24_K.xlsx#hoja=PHOR24_K;fila=362;C=4343;columna=K_OCTU,
current_monthly_not_comparable,,2024-10-01,month,2024-10,MCBA,,Hortalizas,,Pimiento,,Morron,,Salta,,Pe,,,,Moneda interpretada como ARS por tratarse de lista local MCBA. Atributos fuente: CAL=2A; TAM=GRANDE; GRADO=R/I.,,1364.0,,,$/kg,,ARS,False,0,,,,109701,PHOR24_K.xlsx#hoja=PHOR24_K;fila=365;C=4461;columna=K_OCTU,
current_monthly_not_comparable,,2024-10-01,month,2024-10,MCBA,,Hortalizas,,Pimiento,,Vinagre,,Bs. As.,,To,,,,Moneda interpretada como ARS por tratarse de lista local MCBA. Atributos fuente: CAL=1A; TAM=MEDIANO; GRADO=V/I.,,2188.0,,,$/kg,,ARS,False,0,,,,109707,PHOR24_K.xlsx#hoja=PHOR24_K;fila=366;C=2092;columna=K_OCTU,
current_monthly_not_comparable,,2024-10-01,month,2024-10,MCBA,,Hortalizas,,Pimiento,,Vinagre,,Ctes.,,Pe,,,,Moneda interpretada como ARS por tratarse de lista local MCBA. Atributos fuente: CAL=1A; TAM=MEDIANO; GRADO=V/I.,,1314.0,,,$/kg,,ARS,False,0,,,,109711,PHOR24_K.xlsx#hoja=PHOR24_K;fila=367;C=3827;columna=K_OCTU,
current_monthly_not_comparable,,2024-10-01,month,2024-10,MCBA,,Hortalizas,,Puerro,,,,Bs. As.,,Ja,,,,Moneda interpretada como ARS por tratarse de lista local MCBA. Atributos fuente: CAL=1A; TAM=MEDIANO.,,1334.0,,,$/kg,,ARS,False,0,,,,109724,PHOR24_K.xlsx#hoja=PHOR24_K;fila=370;C=420001;columna=K_OCTU,
current_monthly_not_comparable,,2024-10-01,month,2024-10,MCBA,,Hortalizas,,Puerro,,,,Bs. As.,,At,,,,Moneda interpretada como ARS por tratarse de lista local MCBA. Atributos fuente: CAL=1A; TAM=MEDIANO.,,1574.0,,,$/kg,,ARS,False,0,,,,109736,PHOR24_K.xlsx#hoja=PHOR24_K;fila=371;C=4133;columna=K_OCTU,
current_monthly_not_comparable,,2024-10-01,month,2024-10,MCBA,,Hortalizas,,Rabanito,,,,Bs. As.,,Tt,,,,Moneda interpretada como ARS por tratarse de lista local MCBA. Atributos fuente: CAL=1A.,,1307.0,,,$/kg,,ARS,False,0,,,,109748,PHOR24_K.xlsx#hoja=PHOR24_K;fila=373;C=490001;columna=K_OCTU,
current_monthly_not_comparable,,2024-10-01,month,2024-10,MCBA,,Hortalizas,,Radicchio,,,,Bs. As.,,Ca,,,,Moneda interpretada como ARS por tratarse de lista local MCBA. Atributos fuente: CAL=1A.,,2184.0,,,$/kg,,ARS,False,0,,,,109759,PHOR24_K.xlsx#hoja=PHOR24_K;fila=376;C=1160;columna=K_OCTU,
current_monthly_not_comparable,,2024-10-01,month,2024-10,MCBA,,Hortalizas,,Radicheta,,1Er.Corte,,Bs. As.,,Ba,,,,Moneda interpretada como ARS por tratarse de lista local MCBA. Atributos fuente: CAL=1A.,,1018.0,,,$/kg,,ARS,False,0,,,,109770,PHOR24_K.xlsx#hoja=PHOR24_K;fila=378;C=480001;columna=K_OCTU,
current_monthly_not_comparable,,2024-10-01,month,2024-10,MCBA,,Hortalizas,,Radicheta,,2Do.Corte,,Bs. As.,,Ba,,,,Moneda interpretada como ARS por tratarse de lista local MCBA. Atributos fuente: CAL=1A.,,520.0,,,$/kg,,ARS,False,0,,,,109782,PHOR24_K.xlsx#hoja=PHOR24_K;fila=379;C=480002;columna=K_OCTU,
current_monthly_not_comparable,,2024-10-01,month,2024-10,MCBA,,Hortalizas,,Remolacha,,,,Bs. As.,,Ja,,,,Moneda interpretada como ARS por tratarse de lista local MCBA. Atributos fuente: CAL=1A; TAM=MEDIANO.,,432.1,,,$/kg,,ARS,False,0,,,,109796,PHOR24_K.xlsx#hoja=PHOR24_K;fila=382;C=450019;columna=K_OCTU,
current_monthly_not_comparable,,2024-10-01,month,2024-10,MCBA,,Hortalizas,,Remolacha,,,,Bs. As.,,Ja,,,,Moneda interpretada como ARS por tratarse de lista local MCBA. Atributos fuente: CAL=1A; TAM=CHICO.,,247.3,,,$/kg,,ARS,False,0,,,,109803,PHOR24_K.xlsx#hoja=PHOR24_K;fila=384;C=450006;columna=K_OCTU,
current_monthly_not_comparable,,2024-10-01,month,2024-10,MCBA,,Hortalizas,,Remolacha,,,,Santa Fe,,Bo,,,,Moneda interpretada como ARS por tratarse de lista local MCBA. Atributos fuente: CAL=1A; TAM=MEDIANO.,,568.2,,,$/kg,,ARS,False,0,,,,109813,PHOR24_K.xlsx#hoja=PHOR24_K;fila=388;C=2393;columna=K_OCTU,
current_monthly_not_comparable,,2024-10-01,month,2024-10,MCBA,,Hortalizas,,Remolacha,,,,Sgo.Est.,,Bo,,,,Moneda interpretada como ARS por tratarse de lista local MCBA. Atributos fuente: CAL=1A; TAM=MEDIANO.,,750.0,,,$/kg,,ARS,False,0,,,,109820,PHOR24_K.xlsx#hoja=PHOR24_K;fila=390;C=2643;columna=K_OCTU,
current_monthly_not_comparable,,2024-10-01,month,2024-10,MCBA,,Hortalizas,,Repollo,,Blanco,,Bs. As.,,Ja,,,,Moneda interpretada como ARS por tratarse de lista local MCBA. Atributos fuente: CAL=1A; TAM=GRANDE.,,600.6,,,$/kg,,ARS,False,0,,,,109838,PHOR24_K.xlsx#hoja=PHOR24_K;fila=395;C=3192;columna=K_OCTU,
current_monthly_not_comparable,,2024-10-01,month,2024-10,MCBA,,Hortalizas,,Repollo,,Blanco,,Bs. As.,,Ja,,,,Moneda interpretada como ARS por tratarse de lista local MCBA. Atributos fuente: CAL=1A; TAM=MEDIANO.,,467.5,,,$/kg,,ARS,False,0,,,,109850,PHOR24_K.xlsx#hoja=PHOR24_K;fila=396;C=460001;columna=K_OCTU,
current_monthly_not_comparable,,2024-10-01,month,2024-10,MCBA,,Hortalizas,,Repollo,,Blanco,,Santa Fe,,Ja,,,,Moneda interpretada como ARS por tratarse de lista local MCBA. Atributos fuente: CAL=1A; TAM=MEDIANO.,,388.9,,,$/kg,,ARS,False,0,,,,109856,PHOR24_K.xlsx#hoja=PHOR24_K;fila=400;C=460011;columna=K_OCTU,
current_monthly_not_comparable,,2024-10-01,month,2024-10,MCBA,,Hortalizas,,Repollo,,Colorado,,Bs. As.,,Ja,,,,Moneda interpretada como ARS por tratarse de lista local MCBA. Atributos fuente: CAL=1A; TAM=MEDIANO.,,615.1,,,$/kg,,ARS,False,0,,,,109867,PHOR24_K.xlsx#hoja=PHOR24_K;fila=402;C=2447;columna=K_OCTU,
current_monthly_not_comparable,,2024-10-01,month,2024-10,MCBA,,Hortalizas,,Repollo,,Colorado,,Bs. As.,,Ja,,,,Moneda interpretada como ARS por tratarse de lista local MCBA. Atributos fuente: CAL=1A; TAM=GRANDE.,,764.5,,,$/kg,,ARS,False,0,,,,109879,PHOR24_K.xlsx#hoja=PHOR24_K;fila=403;C=3168;columna=K_OCTU,
current_monthly_not_comparable,,2024-10-01,month,2024-10,MCBA,,Hortalizas,,Repollo,,Colorado,,Santa Fe,,Pe,,,,Moneda interpretada como ARS por tratarse de lista local MCBA. Atributos fuente: CAL=1A; TAM=MEDIANO.,,625.6,,,$/kg,,ARS,False,0,,,,109883,PHOR24_K.xlsx#hoja=PHOR24_K;fila=405;C=1156;columna=K_OCTU,
current_monthly_not_comparable,,2024-10-01,month,2024-10,MCBA,,Hortalizas,,Romero,,,,Bs. As.,,At,,,,Moneda interpretada como ARS por tratarse de lista local MCBA. Atributos fuente: CAL=1A; TAM=MEDIANO.,,8000.0,,,$/kg,,ARS,False,0,,,,109889,PHOR24_K.xlsx#hoja=PHOR24_K;fila=408;C=4367;columna=K_OCTU,
current_monthly_not_comparable,,2024-10-01,month,2024-10,MCBA,,Hortalizas,,Rucula,,,,Bs. As.,,Ba,,,,Moneda interpretada como ARS por tratarse de lista local MCBA. Atributos fuente: CAL=1A.,,2134.0,,,$/kg,,ARS,False,0,,,,109901,PHOR24_K.xlsx#hoja=PHOR24_K;fila=410;C=2493;columna=K_OCTU,
current_monthly_not_comparable,,2024-10-01,month,2024-10,MCBA,,Hortalizas,,Salvia,,,,Bs. As.,,Bo,,,,Moneda interpretada como ARS por tratarse de lista local MCBA. Atributos fuente: CAL=1A.,,7336.0,,,$/kg,,ARS,False,0,,,,109913,PHOR24_K.xlsx#hoja=PHOR24_K;fila=412;C=1658;columna=K_OCTU,
current_monthly_not_comparable,,2024-10-01,month,2024-10,MCBA,,Hortalizas,,Tomate,,Cherry,,Bs. As.,,Ca,,,,Moneda interpretada como ARS por tratarse de lista local MCBA. Atributos fuente: CAL=1A; TAM=MEDIANO; GRADO=P/I.,,4171.0,,,$/kg,,ARS,False,0,,,,109922,PHOR24_K.xlsx#hoja=PHOR24_K;fila=415;C=2279;columna=K_OCTU,
current_monthly_not_comparable,,2024-10-01,month,2024-10,MCBA,,Hortalizas,,Tomate,,Cherry,,Ctes.,,Ca,,,,Moneda interpretada como ARS por tratarse de lista local MCBA. Atributos fuente: CAL=1A; TAM=MEDIANO; GRADO=P/I.,,3698.0,,,$/kg,,ARS,False,0,,,,109938,PHOR24_K.xlsx#hoja=PHOR24_K;fila=419;C=2753;columna=K_OCTU,
current_monthly_not_comparable,,2024-10-01,month,2024-10,MCBA,,Hortalizas,,Tomate,,Cherry,,Ctes.,,Ca,,,,Moneda interpretada como ARS por tratarse de lista local MCBA. Atributos fuente: CAL=1A; TAM=GRANDE; GRADO=P/I.,,4382.0,,,$/kg,,ARS,False,0,,,,109943,PHOR24_K.xlsx#hoja=PHOR24_K;fila=420;C=4426;columna=K_OCTU,
current_monthly_not_comparable,,2024-10-01,month,2024-10,MCBA,,Hortalizas,,Tomate,,Cherry,,Salta,,Ca,,,,Moneda interpretada como ARS por tratarse de lista local MCBA. Atributos fuente: CAL=1A; TAM=GRANDE; GRADO=P/I.,,5675.0,,,$/kg,,ARS,False,0,,,,109952,PHOR24_K.xlsx#hoja=PHOR24_K;fila=422;C=3762;columna=K_OCTU,
current_monthly_not_comparable,,2024-10-01,month,2024-10,MCBA,,Hortalizas,,Tomate,,Cherry,,Salta,,Ca,,,,Moneda interpretada como ARS por tratarse de lista local MCBA. Atributos fuente: CAL=1A; TAM=MEDIANO; GRADO=P/I.,,3394.0,,,$/kg,,ARS,False,0,,,,109957,PHOR24_K.xlsx#hoja=PHOR24_K;fila=423;C=2611;columna=K_OCTU,
current_monthly_not_comparable,,2024-10-01,month,2024-10,MCBA,,Hortalizas,,Tomate,,Perita,,Paraguay,,Pe,,,,Moneda interpretada como ARS por tratarse de lista local MCBA. Atributos fuente: CAL=1A; TAM=MEDIANO; GRADO=ROJ.,,1425.0,,,$/kg,,ARS,False,0,,,,110045,PHOR24_K.xlsx#hoja=PHOR24_K;fila=458;C=1883;columna=K_OCTU,
current_monthly_not_comparable,,2024-10-01,month,2024-10,MCBA,,Hortalizas,,Tomate,,Perita,,Salta,,Pe,,,,Moneda interpretada como ARS por tratarse de lista local MCBA. Atributos fuente: CAL=1A; TAM=GRANDE; GRADO=P/I.,,2074.0,,,$/kg,,ARS,False,0,,,,110054,PHOR24_K.xlsx#hoja=PHOR24_K;fila=461;C=1686;columna=K_OCTU,
current_monthly_not_comparable,,2024-10-01,month,2024-10,MCBA,,Hortalizas,,Tomate,,Perita,,Salta,,Pe,,,,Moneda interpretada como ARS por tratarse de lista local MCBA. Atributos fuente: CAL=1A; TAM=MEDIANO; GRADO=P/I.,,1773.0,,,$/kg,,ARS,False,0,,,,110059,PHOR24_K.xlsx#hoja=PHOR24_K;fila=462;C=1687;columna=K_OCTU,
current_monthly_not_comparable,,2024-10-01,month,2024-10,MCBA,,Hortalizas,,Tomate,,Perita,,Salta,,To,,,,Moneda interpretada como ARS por tratarse de lista local MCBA. Atributos fuente: CAL=1A; TAM=GRANDE; GRADO=PIN.,,1433.0,,,$/kg,,ARS,False,0,,,,110065,PHOR24_K.xlsx#hoja=PHOR24_K;fila=464;C=3763;columna=K_OCTU,
current_monthly_not_comparable,,2024-10-01,month,2024-10,MCBA,,Hortalizas,,Tomate,,Perita,,Salta,,To,,,,Moneda interpretada como ARS por tratarse de lista local MCBA. Atributos fuente: CAL=1A; TAM=MEDIANO; GRADO=PIN.,,1119.0,,,$/kg,,ARS,False,0,,,,110071,PHOR24_K.xlsx#hoja=PHOR24_K;fila=465;C=4002;columna=K_OCTU,
current_monthly_not_comparable,,2024-10-01,month,2024-10,MCBA,,Hortalizas,,Tomate,,Perita,,Salta,,To,,,,Moneda interpretada como ARS por tratarse de lista local MCBA. Atributos fuente: CAL=2A; TAM=MEDIANO; GRADO=PIN.,,906.1,,,$/kg,,ARS,False,0,,,,110077,PHOR24_K.xlsx#hoja=PHOR24_K;fila=466;C=4146;columna=K_OCTU,
current_monthly_not_comparable,,2024-10-01,month,2024-10,MCBA,,Hortalizas,,Tomate,,Perita,,Salta,,To,,,,Moneda interpretada como ARS por tratarse de lista local MCBA. Atributos fuente: CAL=2A; TAM=CHICO; GRADO=PIN.,,593.8,,,$/kg,,ARS,False,0,,,,110083,PHOR24_K.xlsx#hoja=PHOR24_K;fila=468;C=4145;columna=K_OCTU,
current_monthly_not_comparable,,2024-10-01,month,2024-10,MCBA,,Hortalizas,,Tomate,,Perita,,Salta,,Pe,,,,Moneda interpretada como ARS por tratarse de lista local MCBA. Atributos fuente: CAL=1A; TAM=CHICO; GRADO=P/I.,,884.3,,,$/kg,,ARS,False,0,,,,110085,PHOR24_K.xlsx#hoja=PHOR24_K;fila=469;C=3062;columna=K_OCTU,
current_monthly_not_comparable,,2024-10-01,month,2024-10,MCBA,,Hortalizas,,Tomate,,Perita,,Salta,,To,,,,Moneda interpretada como ARS por tratarse de lista local MCBA. Atributos fuente: CAL=2A; TAM=MEDIANO; GRADO=ROJ.,,732.3,,,$/kg,,ARS,False,0,,,,110087,PHOR24_K.xlsx#hoja=PHOR24_K;fila=470;C=3799;columna=K_OCTU,
current_monthly_not_comparable,,2024-10-01,month,2024-10,MCBA,,Hortalizas,,Tomate,,Redondo,,Bs. As.,,To,,,,Moneda interpretada como ARS por tratarse de lista local MCBA. Atributos fuente: CAL=1A; TAM=GRANDE; GRADO=P/I.,,2199.0,,,$/kg,,ARS,False,0,,,,110098,PHOR24_K.xlsx#hoja=PHOR24_K;fila=474;C=2273;columna=K_OCTU,
current_monthly_not_comparable,,2024-10-01,month,2024-10,MCBA,,Hortalizas,,Tomate,,Redondo,,Bs. As.,,To,,,,Moneda interpretada como ARS por tratarse de lista local MCBA. Atributos fuente: CAL=1A; TAM=MEDIANO; GRADO=P/I.,,1781.0,,,$/kg,,ARS,False,0,,,,110107,PHOR24_K.xlsx#hoja=PHOR24_K;fila=475;C=2274;columna=K_OCTU,
current_monthly_not_comparable,,2024-10-01,month,2024-10,MCBA,,Hortalizas,,Tomate,,Redondo,,Chile,,Pe,,,,Moneda interpretada como ARS por tratarse de lista local MCBA. Atributos fuente: CAL=1A; TAM=MEDIANO; GRADO=R/I.,,2069.0,,,$/kg,,ARS,False,0,,,,110142,PHOR24_K.xlsx#hoja=PHOR24_K;fila=482;C=4412;columna=K_OCTU,
current_monthly_not_comparable,,2024-10-01,month,2024-10,MCBA,,Hortalizas,,Tomate,,Redondo,,Chile,,Pe,,,,Moneda interpretada como ARS por tratarse de lista local MCBA. Atributos fuente: CAL=1A; TAM=GRANDE; GRADO=R/I.,,1417.0,,,$/kg,,ARS,False,0,,,,110148,PHOR24_K.xlsx#hoja=PHOR24_K;fila=483;C=4416;columna=K_OCTU,
current_monthly_not_comparable,,2024-10-01,month,2024-10,MCBA,,Hortalizas,,Tomate,,Redondo,,Ctes.,,To,,,,Moneda interpretada como ARS por tratarse de lista local MCBA. Atributos fuente: CAL=2A; TAM=MEDIANO; GRADO=P/I.,,950.3,,,$/kg,,ARS,False,0,,,,110156,PHOR24_K.xlsx#hoja=PHOR24_K;fila=485;C=2421;columna=K_OCTU,
current_monthly_not_comparable,,2024-10-01,month,2024-10,MCBA,,Hortalizas,,Tomate,,Redondo,,Ctes.,,To,,,,Moneda interpretada como ARS por tratarse de lista local MCBA. Atributos fuente: CAL=1A; TAM=GRANDE; GRADO=P/I.,,1600.0,,,$/kg,,ARS,False,0,,,,110163,PHOR24_K.xlsx#hoja=PHOR24_K;fila=486;C=2156;columna=K_OCTU,
current_monthly_not_comparable,,2024-10-01,month,2024-10,MCBA,,Hortalizas,,Tomate,,Redondo,,Ctes.,,To,,,,Moneda interpretada como ARS por tratarse de lista local MCBA. Atributos fuente: CAL=1A; TAM=MEDIANO; GRADO=P/I.,,1311.0,,,$/kg,,ARS,False,0,,,,110170,PHOR24_K.xlsx#hoja=PHOR24_K;fila=487;C=2157;columna=K_OCTU,
current_monthly_not_comparable,,2024-10-01,month,2024-10,MCBA,,Hortalizas,,Tomate,,Redondo,,Ctes.,,To,,,,Moneda interpretada como ARS por tratarse de lista local MCBA. Atributos fuente: CAL=2A; TAM=MEDIANO; GRADO=R/I.,,669.1,,,$/kg,,ARS,False,0,,,,110174,PHOR24_K.xlsx#hoja=PHOR24_K;fila=488;C=2398;columna=K_OCTU,
current_monthly_not_comparable,,2024-10-01,month,2024-10,MCBA,,Hortalizas,,Tomate,,Redondo,,Salta,,Pe,,,,Moneda interpretada como ARS por tratarse de lista local MCBA. Atributos fuente: CAL=1A; TAM=GRANDE; GRADO=P/I.,,1891.0,,,$/kg,,ARS,False,0,,,,110206,PHOR24_K.xlsx#hoja=PHOR24_K;fila=497;C=2024;columna=K_OCTU,
current_monthly_not_comparable,,2024-10-01,month,2024-10,MCBA,,Hortalizas,,Tomate,,Redondo,,Salta,,Pe,,,,Moneda interpretada como ARS por tratarse de lista local MCBA. Atributos fuente: CAL=1A; TAM=MEDIANO; GRADO=P/I.,,1587.0,,,$/kg,,ARS,False,0,,,,110213,PHOR24_K.xlsx#hoja=PHOR24_K;fila=498;C=2025;columna=K_OCTU,
current_monthly_not_comparable,,2024-10-01,month,2024-10,MCBA,,Hortalizas,,Tomate,,Redondo,,Salta,,To,,,,Moneda interpretada como ARS por tratarse de lista local MCBA. Atributos fuente: CAL=1A; TAM=GRANDE; GRADO=PIN.,,1329.0,,,$/kg,,ARS,False,0,,,,110218,PHOR24_K.xlsx#hoja=PHOR24_K;fila=499;C=3526;columna=K_OCTU,
current_monthly_not_comparable,,2024-10-01,month,2024-10,MCBA,,Hortalizas,,Tomate,,Redondo,,Salta,,To,,,,Moneda interpretada como ARS por tratarse de lista local MCBA. Atributos fuente: CAL=1A; TAM=MEDIANO; GRADO=PIN.,,1006.0,,,$/kg,,ARS,False,0,,,,110224,PHOR24_K.xlsx#hoja=PHOR24_K;fila=500;C=3527;columna=K_OCTU,
current_monthly_not_comparable,,2024-10-01,month,2024-10,MCBA,,Hortalizas,,Tomate,,Redondo,,Salta,,To,,,,Moneda interpretada como ARS por tratarse de lista local MCBA. Atributos fuente: CAL=2A; TAM=MEDIANO; GRADO=PIN.,,796.4,,,$/kg,,ARS,False,0,,,,110233,PHOR24_K.xlsx#hoja=PHOR24_K;fila=503;C=4172;columna=K_OCTU,
current_monthly_not_comparable,,2024-10-01,month,2024-10,MCBA,,Hortalizas,,Tomate,,Redondo,,Salta,,Pe,,,,Moneda interpretada como ARS por tratarse de lista local MCBA. Atributos fuente: CAL=1A; TAM=MEDIANO; GRADO=R/I.,,1037.0,,,$/kg,,ARS,False,0,,,,110236,PHOR24_K.xlsx#hoja=PHOR24_K;fila=504;C=2743;columna=K_OCTU,
current_monthly_not_comparable,,2024-10-01,month,2024-10,MCBA,,Hortalizas,,Tomate,,Redondo,,Salta,,To,,,,Moneda interpretada como ARS por tratarse de lista local MCBA. Atributos fuente: CAL=2A; TAM=MEDIANO; GRADO=ROJ.,,625.6,,,$/kg,,ARS,False,0,,,,110238,PHOR24_K.xlsx#hoja=PHOR24_K;fila=505;C=3800;columna=K_OCTU,
current_monthly_not_comparable,,2024-10-01,month,2024-10,MCBA,,Hortalizas,,Tomillo,,,,Bs. As.,,At,,,,Moneda interpretada como ARS por tratarse de lista local MCBA. Atributos fuente: TAM=MEDIANO.,,8523.0,,,$/kg,,ARS,False,0,,,,110247,PHOR24_K.xlsx#hoja=PHOR24_K;fila=508;C=4366;columna=K_OCTU,
current_monthly_not_comparable,,2024-10-01,month,2024-10,MCBA,,Hortalizas,,Zanahoria,,Chantenay,,Cordoba,,Bo,,,,Moneda interpretada como ARS por tratarse de lista local MCBA. Atributos fuente: CAL=1A; TAM=MEDIANO.,,473.8,,,$/kg,,ARS,False,0,,,,110261,PHOR24_K.xlsx#hoja=PHOR24_K;fila=513;C=1543;columna=K_OCTU,
current_monthly_not_comparable,,2024-10-01,month,2024-10,MCBA,,Hortalizas,,Zanahoria,,Chantenay,,Mendoza,,Bo,,,,Moneda interpretada como ARS por tratarse de lista local MCBA. Atributos fuente: CAL=1A; TAM=MEDIANO.,,528.3,,,$/kg,,ARS,False,0,,,,110281,PHOR24_K.xlsx#hoja=PHOR24_K;fila=516;C=1455;columna=K_OCTU,
current_monthly_not_comparable,,2024-10-01,month,2024-10,MCBA,,Hortalizas,,Zanahoria,,Chantenay,,Mendoza,,Bo,,,,Moneda interpretada como ARS por tratarse de lista local MCBA. Atributos fuente: CAL=1A; TAM=MEDIANO.,,597.8,,,$/kg,,ARS,False,0,,,,110293,PHOR24_K.xlsx#hoja=PHOR24_K;fila=517;C=2476;columna=K_OCTU,
current_monthly_not_comparable,,2024-10-01,month,2024-10,MCBA,,Hortalizas,,Zanahoria,,Chantenay,,Santa Fe,,Bo,,,,Moneda interpretada como ARS por tratarse de lista local MCBA. Atributos fuente: CAL=1A; TAM=MEDIANO.,,576.9,,,$/kg,,ARS,False,0,,,,110300,PHOR24_K.xlsx#hoja=PHOR24_K;fila=518;C=2052;columna=K_OCTU,
current_monthly_not_comparable,,2024-10-01,month,2024-10,MCBA,,Hortalizas,,Zanahoria,,Chantenay,,Santa Fe,,Bo,,,,Moneda interpretada como ARS por tratarse de lista local MCBA. Atributos fuente: CAL=1A; TAM=MEDIANO.,,761.7,,,$/kg,,ARS,False,0,,,,110303,PHOR24_K.xlsx#hoja=PHOR24_K;fila=519;C=3807;columna=K_OCTU,
current_monthly_not_comparable,,2024-10-01,month,2024-10,MCBA,,Hortalizas,,Zanahoria,,Chantenay,,Sgo.Est.,,Bo,,,,Moneda interpretada como ARS por tratarse de lista local MCBA. Atributos fuente: CAL=1A; TAM=MEDIANO.,,502.8,,,$/kg,,ARS,False,0,,,,110309,PHOR24_K.xlsx#hoja=PHOR24_K;fila=520;C=3783;columna=K_OCTU,
current_monthly_not_comparable,,2024-10-01,month,2024-10,MCBA,,Hortalizas,,Zanahoria,,Nantesa,,Brasil,,Ca,,,,Moneda interpretada como ARS por tratarse de lista local MCBA. Atributos fuente: CAL=1A; TAM=MEDIANO.,,891.0,,,$/kg,,ARS,False,0,,,,110313,PHOR24_K.xlsx#hoja=PHOR24_K;fila=521;C=3966;columna=K_OCTU,
current_monthly_not_comparable,,2024-10-01,month,2024-10,MCBA,,Hortalizas,,Zapallito,,Largo,,Bs. As.,,To,,,,Moneda interpretada como ARS por tratarse de lista local MCBA. Atributos fuente: CAL=1A; TAM=MEDIANO.,,678.2,,,$/kg,,ARS,False,0,,,,110322,PHOR24_K.xlsx#hoja=PHOR24_K;fila=525;C=4465;columna=K_OCTU,
current_monthly_not_comparable,,2024-10-01,month,2024-10,MCBA,,Hortalizas,,Zapallito,,Largo,,Ctes.,,To,,,,Moneda interpretada como ARS por tratarse de lista local MCBA. Atributos fuente: CAL=1A; TAM=MEDIANO.,,256.5,,,$/kg,,ARS,False,0,,,,110327,PHOR24_K.xlsx#hoja=PHOR24_K;fila=527;C=2661;columna=K_OCTU,
current_monthly_not_comparable,,2024-10-01,month,2024-10,MCBA,,Hortalizas,,Zapallito,,Largo,,Salta,,To,,,,Moneda interpretada como ARS por tratarse de lista local MCBA. Atributos fuente: CAL=1A; TAM=MEDIANO.,,438.2,,,$/kg,,ARS,False,0,,,,110342,PHOR24_K.xlsx#hoja=PHOR24_K;fila=531;C=1100;columna=K_OCTU,
current_monthly_not_comparable,,2024-10-01,month,2024-10,MCBA,,Hortalizas,,Zapallito,,Largo,,Salta,,To,,,,Moneda interpretada como ARS por tratarse de lista local MCBA. Atributos fuente: CAL=2A; TAM=MEDIANO.,,290.3,,,$/kg,,ARS,False,0,,,,110347,PHOR24_K.xlsx#hoja=PHOR24_K;fila=532;C=1753;columna=K_OCTU,
current_monthly_not_comparable,,2024-10-01,month,2024-10,MCBA,,Hortalizas,,Zapallito,,Redondo,,Bs. As.,,Ja,,,,Moneda interpretada como ARS por tratarse de lista local MCBA. Atributos fuente: CAL=1A; TAM=MEDIANO.,,650.0,,,$/kg,,ARS,False,0,,,,110357,PHOR24_K.xlsx#hoja=PHOR24_K;fila=536;C=2737;columna=K_OCTU,
current_monthly_not_comparable,,2024-10-01,month,2024-10,MCBA,,Hortalizas,,Zapallito,,Redondo,,Bs. As.,,To,,,,Moneda interpretada como ARS por tratarse de lista local MCBA. Atributos fuente: CAL=1A; TAM=MEDIANO.,,594.4,,,$/kg,,ARS,False,0,,,,110358,PHOR24_K.xlsx#hoja=PHOR24_K;fila=537;C=4466;columna=K_OCTU,
current_monthly_not_comparable,,2024-10-01,month,2024-10,MCBA,,Hortalizas,,Zapallito,,Redondo,,Bs. As.,,To,,,,Moneda interpretada como ARS por tratarse de lista local MCBA. Atributos fuente: CAL=1A; TAM=MEDIANO; GRADO=INV.,,771.7,,,$/kg,,ARS,False,0,,,,110361,PHOR24_K.xlsx#hoja=PHOR24_K;fila=538;C=4468;columna=K_OCTU,
current_monthly_not_comparable,,2024-10-01,month,2024-10,MCBA,,Hortalizas,,Zapallito,,Redondo,,Ctes.,,To,,,,Moneda interpretada como ARS por tratarse de lista local MCBA. Atributos fuente: CAL=1A; TAM=MEDIANO.,,348.3,,,$/kg,,ARS,False,0,,,,110372,PHOR24_K.xlsx#hoja=PHOR24_K;fila=539;C=580011;columna=K_OCTU,
current_monthly_not_comparable,,2024-10-01,month,2024-10,MCBA,,Hortalizas,,Zapallito,,Redondo,,Ctes.,,To,,,,Moneda interpretada como ARS por tratarse de lista local MCBA. Atributos fuente: CAL=2A; TAM=MEDIANO.,,236.8,,,$/kg,,ARS,False,0,,,,110379,PHOR24_K.xlsx#hoja=PHOR24_K;fila=540;C=1988;columna=K_OCTU,
current_monthly_not_comparable,,2024-10-01,month,2024-10,MCBA,,Hortalizas,,Zapallito,,Redondo,,Salta,,To,,,,Moneda interpretada como ARS por tratarse de lista local MCBA. Atributos fuente: CAL=1A; TAM=MEDIANO.,,322.2,,,$/kg,,ARS,False,0,,,,110397,PHOR24_K.xlsx#hoja=PHOR24_K;fila=545;C=580002;columna=K_OCTU,
current_monthly_not_comparable,,2024-10-01,month,2024-10,MCBA,,Hortalizas,,Zapallito,,Redondo,,Salta,,To,,,,Moneda interpretada como ARS por tratarse de lista local MCBA. Atributos fuente: CAL=2A; TAM=MEDIANO.,,195.8,,,$/kg,,ARS,False,0,,,,110399,PHOR24_K.xlsx#hoja=PHOR24_K;fila=546;C=1149;columna=K_OCTU,
current_monthly_not_comparable,,2024-10-01,month,2024-10,MCBA,,Hortalizas,,Zapallito,,Redondo,,Santa Fe,,To,,,,Moneda interpretada como ARS por tratarse de lista local MCBA. Atributos fuente: CAL=1A; TAM=MEDIANO.,,385.1,,,$/kg,,ARS,False,0,,,,110405,PHOR24_K.xlsx#hoja=PHOR24_K;fila=548;C=580010;columna=K_OCTU,
current_monthly_not_comparable,,2024-10-01,month,2024-10,MCBA,,Hortalizas,,Zapallito,,Redondo,,Tucuman,,Pe,,,,Moneda interpretada como ARS por tratarse de lista local MCBA. Atributos fuente: CAL=1A; TAM=MEDIANO.,,626.7,,,$/kg,,ARS,False,0,,,,110411,PHOR24_K.xlsx#hoja=PHOR24_K;fila=552;C=2708;columna=K_OCTU,
current_monthly_not_comparable,,2024-10-01,month,2024-10,MCBA,,Hortalizas,,Zapallito,,Redondo,,Tucuman,,Pe,,,,Moneda interpretada como ARS por tratarse de lista local MCBA. Atributos fuente: CAL=1A; TAM=MEDIANO; GRADO=INV.,,687.5,,,$/kg,,ARS,False,0,,,,110413,PHOR24_K.xlsx#hoja=PHOR24_K;fila=553;C=4294;columna=K_OCTU,
current_monthly_not_comparable,,2024-10-01,month,2024-10,MCBA,,Hortalizas,,Zapallo,,Anc.Cokena,,Brasil,,Bo,,,,Moneda interpretada como ARS por tratarse de lista local MCBA. Atributos fuente: CAL=1A; TAM=MEDIANO.,,1095.0,,,$/kg,,ARS,False,0,,,,110414,PHOR24_K.xlsx#hoja=PHOR24_K;fila=555;C=4470;columna=K_OCTU,
current_monthly_not_comparable,,2024-10-01,month,2024-10,MCBA,,Hortalizas,,Zapallo,,Anc.Cokena,,Formosa,,Bo,,,,Moneda interpretada como ARS por tratarse de lista local MCBA. Atributos fuente: CAL=1A; TAM=MEDIANO.,,953.2,,,$/kg,,ARS,False,0,,,,110428,PHOR24_K.xlsx#hoja=PHOR24_K;fila=559;C=3942;columna=K_OCTU,
current_monthly_not_comparable,,2024-10-01,month,2024-10,MCBA,,Hortalizas,,Zapallo,,Anc.Cokena,,Mendoza,,Bo,,,,Moneda interpretada como ARS por tratarse de lista local MCBA. Atributos fuente: CAL=1A; TAM=MEDIANO.,,585.2,,,$/kg,,ARS,False,0,,,,110439,PHOR24_K.xlsx#hoja=PHOR24_K;fila=560;C=3574;columna=K_OCTU,
current_monthly_not_comparable,,2024-10-01,month,2024-10,MCBA,,Hortalizas,,Zapallo,,Anc.Cokena,,Mendoza,,Bo,,,,Moneda interpretada como ARS por tratarse de lista local MCBA. Atributos fuente: CAL=1A; TAM=GRANDE.,,700.6,,,$/kg,,ARS,False,0,,,,110446,PHOR24_K.xlsx#hoja=PHOR24_K;fila=561;C=3575;columna=K_OCTU,
current_monthly_not_comparable,,2024-10-01,month,2024-10,MCBA,,Hortalizas,,Zapallo,,Anc.Cokena,,Salta,,Bo,,,,Moneda interpretada como ARS por tratarse de lista local MCBA. Atributos fuente: CAL=1A; TAM=GRANDE.,,975.3,,,$/kg,,ARS,False,0,,,,110448,PHOR24_K.xlsx#hoja=PHOR24_K;fila=562;C=3653;columna=K_OCTU,
current_monthly_not_comparable,,2024-10-01,month,2024-10,MCBA,,Hortalizas,,Zapallo,,Anc.Cokena,,Salta,,Bo,,,,Moneda interpretada como ARS por tratarse de lista local MCBA. Atributos fuente: CAL=1A; TAM=MEDIANO.,,785.7,,,$/kg,,ARS,False,0,,,,110451,PHOR24_K.xlsx#hoja=PHOR24_K;fila=563;C=3656;columna=K_OCTU,
current_monthly_not_comparable,,2024-10-01,month,2024-10,MCBA,,Hortalizas,,Zapallo,,Angola,,Santa Fe,,Gr,,,,Moneda interpretada como ARS por tratarse de lista local MCBA. Atributos fuente: TAM=GRANEL.,,750.0,,,$/kg,,ARS,False,0,,,,110465,PHOR24_K.xlsx#hoja=PHOR24_K;fila=569;C=4338;columna=K_OCTU,
current_monthly_not_comparable,,2024-10-01,month,2024-10,MCBA,,Hortalizas,,Zapallo,,Anquito,,Mendoza,,Bo,,,,Moneda interpretada como ARS por tratarse de lista local MCBA. Atributos fuente: CAL=1A; TAM=MEDIANO.,,485.7,,,$/kg,,ARS,False,0,,,,110478,PHOR24_K.xlsx#hoja=PHOR24_K;fila=572;C=3135;columna=K_OCTU,
current_monthly_not_comparable,,2024-10-01,month,2024-10,MCBA,,Hortalizas,,Zapallo,,Tetsukab.,,Brasil,,Bo,,,,Moneda interpretada como ARS por tratarse de lista local MCBA. Atributos fuente: CAL=1A; TAM=MEDIANO.,,980.0,,,$/kg,,ARS,False,0,,,,110489,PHOR24_K.xlsx#hoja=PHOR24_K;fila=577;C=1677;columna=K_OCTU,
current_monthly_not_comparable,,2024-10-01,month,2024-10,MCBA,,Hortalizas,,Zapallo,,Tetsukab.,,Mendoza,,Bo,,,,Moneda interpretada como ARS por tratarse de lista local MCBA. Atributos fuente: CAL=1A; TAM=GRANDE.,,869.7,,,$/kg,,ARS,False,0,,,,110506,PHOR24_K.xlsx#hoja=PHOR24_K;fila=581;C=4382;columna=K_OCTU,
current_monthly_not_comparable,,2024-10-01,month,2024-10,MCBA,,Hortalizas,,Zapallo,,Tetsukab.,,Mendoza,,Bo,,,,Moneda interpretada como ARS por tratarse de lista local MCBA. Atributos fuente: CAL=1A; TAM=MEDIANO.,,682.2,,,$/kg,,ARS,False,0,,,,110516,PHOR24_K.xlsx#hoja=PHOR24_K;fila=582;C=4383;columna=K_OCTU,
current_monthly_not_comparable,,2024-10-01,month,2024-10,MCBA,,Hortalizas,,Zapallo,,Tetsukab.,,Salta,,Bo,,,,Moneda interpretada como ARS por tratarse de lista local MCBA. Atributos fuente: CAL=1A; TAM=GRANDE.,,1003.0,,,$/kg,,ARS,False,0,,,,110539,PHOR24_K.xlsx#hoja=PHOR24_K;fila=586;C=2719;columna=K_OCTU,
current_monthly_not_comparable,,2024-10-01,month,2024-10,MCBA,,Hortalizas,,Zapallo,,Tetsukab.,,Salta,,Bo,,,,Moneda interpretada como ARS por tratarse de lista local MCBA. Atributos fuente: CAL=1A; TAM=MEDIANO.,,860.8,,,$/kg,,ARS,False,0,,,,110541,PHOR24_K.xlsx#hoja=PHOR24_K;fila=587;C=4469;columna=K_OCTU,
current_monthly_not_comparable,,2024-10-01,month,2024-10,MCBA,,Frutas,,Almendra,,,,R. Negro,,Bo,,,,Moneda interpretada como ARS por tratarse de lista local MCBA. Atributos fuente: CAL=CL; TAM=GRANEL.,,5667.0,,,$/kg,,ARS,False,0,,,,110544,PFRU24_K.xlsx#hoja=PFRU24_K;fila=2;C=5051;columna=K_OCTU,
current_monthly_not_comparable,,2024-10-01,month,2024-10,MCBA,,Frutas,,Anana,,,,Brasil,,Ca,,,,Moneda interpretada como ARS por tratarse de lista local MCBA. Atributos fuente: CAL=EL; TAM=GRANDE.,,1667.0,,,$/kg,,ARS,False,0,,,,110547,PFRU24_K.xlsx#hoja=PFRU24_K;fila=4;C=6059;columna=K_OCTU,
current_monthly_not_comparable,,2024-10-01,month,2024-10,MCBA,,Frutas,,Anana,,Piña,,Ecuador,,Ca,,,,Moneda interpretada como ARS por tratarse de lista local MCBA. Atributos fuente: CAL=EL; TAM=008/010.,,2500.0,,,$/kg,,ARS,False,0,,,,110568,PFRU24_K.xlsx#hoja=PFRU24_K;fila=11;C=3826;columna=K_OCTU,
current_monthly_not_comparable,,2024-10-01,month,2024-10,MCBA,,Frutas,,Arandano,,,,Bs. As.,,Ca,,,,Moneda interpretada como ARS por tratarse de lista local MCBA. Atributos fuente: CAL=EL; TAM=GRANEL.,,5333.0,,,$/kg,,ARS,False,0,,,,110570,PFRU24_K.xlsx#hoja=PFRU24_K;fila=13;C=5758;columna=K_OCTU,
current_monthly_not_comparable,,2024-10-01,month,2024-10,MCBA,,Frutas,,Arandano,,,,Ctes.,,Ca,,,,Moneda interpretada como ARS por tratarse de lista local MCBA. Atributos fuente: CAL=EL; TAM=GRANEL.,,5527.0,,,$/kg,,ARS,False,0,,,,110583,PFRU24_K.xlsx#hoja=PFRU24_K;fila=15;C=5730;columna=K_OCTU,
current_monthly_not_comparable,,2024-10-01,month,2024-10,MCBA,,Frutas,,Arandano,,,,E. Rios,,Ca,,,,Moneda interpretada como ARS por tratarse de lista local MCBA. Atributos fuente: CAL=EL; TAM=GRANEL.,,5580.0,,,$/kg,,ARS,False,0,,,,110592,PFRU24_K.xlsx#hoja=PFRU24_K;fila=16;C=5732;columna=K_OCTU,
current_monthly_not_comparable,,2024-10-01,month,2024-10,MCBA,,Frutas,,Banana,,Cavendish,,Bolivia,,Ca,,,,Moneda interpretada como ARS por tratarse de lista local MCBA. Atributos fuente: CAL=EL; TAM=MEDIANO.,,1085.0,,,$/kg,,ARS,False,0,,,,110607,PFRU24_K.xlsx#hoja=PFRU24_K;fila=20;C=4289;columna=K_OCTU,
current_monthly_not_comparable,,2024-10-01,month,2024-10,MCBA,,Frutas,,Banana,,Cavendish,,Colombia,,Ca,,,,Moneda interpretada como ARS por tratarse de lista local MCBA. Atributos fuente: CAL=EL; TAM=MEDIANO.,,1199.0,,,$/kg,,ARS,False,0,,,,110620,PFRU24_K.xlsx#hoja=PFRU24_K;fila=22;C=5393;columna=K_OCTU,
current_monthly_not_comparable,,2024-10-01,month,2024-10,MCBA,,Frutas,,Banana,,Cavendish,,Ecuador,,Ca,,,,Moneda interpretada como ARS por tratarse de lista local MCBA. Atributos fuente: CAL=EL; TAM=GRANDE.,,1370.0,,,$/kg,,ARS,False,0,,,,110632,PFRU24_K.xlsx#hoja=PFRU24_K;fila=23;C=30053;columna=K_OCTU,
current_monthly_not_comparable,,2024-10-01,month,2024-10,MCBA,,Frutas,,Banana,,Cavendish,,Ecuador,,Ca,,,,Moneda interpretada como ARS por tratarse de lista local MCBA. Atributos fuente: CAL=EL; TAM=MEDIANO.,,1188.0,,,$/kg,,ARS,False,0,,,,110644,PFRU24_K.xlsx#hoja=PFRU24_K;fila=24;C=5934;columna=K_OCTU,
current_monthly_not_comparable,,2024-10-01,month,2024-10,MCBA,,Frutas,,Banana,,Nanika,,Brasil,,Pe,,,,Moneda interpretada como ARS por tratarse de lista local MCBA. Atributos fuente: CAL=EL; TAM=MEDIANO.,,995.5,,,$/kg,,ARS,False,0,,,,110656,PFRU24_K.xlsx#hoja=PFRU24_K;fila=25;C=5100;columna=K_OCTU,
current_monthly_not_comparable,,2024-10-01,month,2024-10,MCBA,,Frutas,,Banana,,Nanika,,Formosa,,Pe,,,,Moneda interpretada como ARS por tratarse de lista local MCBA. Atributos fuente: CAL=CL; TAM=MEDIANO.,,428.0,,,$/kg,,ARS,False,0,,,,110662,PFRU24_K.xlsx#hoja=PFRU24_K;fila=26;C=5734;columna=K_OCTU,
current_monthly_not_comparable,,2024-10-01,month,2024-10,MCBA,,Frutas,,Banana,,Nanika,,Paraguay,,Pe,,,,Moneda interpretada como ARS por tratarse de lista local MCBA. Atributos fuente: CAL=EL; TAM=MEDIANO.,,861.4,,,$/kg,,ARS,False,0,,,,110676,PFRU24_K.xlsx#hoja=PFRU24_K;fila=28;C=4784;columna=K_OCTU,
current_monthly_not_comparable,,2024-10-01,month,2024-10,MCBA,,Frutas,,Banana,,Nanika,,Salta,,Pe,,,,Moneda interpretada como ARS por tratarse de lista local MCBA. Atributos fuente: CAL=EL; TAM=MEDIANO.,,788.0,,,$/kg,,ARS,False,0,,,,110688,PFRU24_K.xlsx#hoja=PFRU24_K;fila=30;C=6024;columna=K_OCTU,
current_monthly_not_comparable,,2024-10-01,month,2024-10,MCBA,,Frutas,,Banana,,Nanika,,Salta,,Pe,,,,Moneda interpretada como ARS por tratarse de lista local MCBA. Atributos fuente: CAL=CL; TAM=MEDIANO.,,688.9,,,$/kg,,ARS,False,0,,,,110695,PFRU24_K.xlsx#hoja=PFRU24_K;fila=32;C=3568;columna=K_OCTU,
current_monthly_not_comparable,,2024-10-01,month,2024-10,MCBA,,Frutas,,Ciruela,,,,España,,Ca,,,,Moneda interpretada como ARS por tratarse de lista local MCBA. Atributos fuente: CAL=EL; TAM=GRANDE.,,5250.0,,,$/kg,,ARS,False,0,,,,110736,PFRU24_K.xlsx#hoja=PFRU24_K;fila=61;C=3821;columna=K_OCTU,
current_monthly_not_comparable,,2024-10-01,month,2024-10,MCBA,,Frutas,,Ciruela,,Beauty,,Ctes.,,Ba,,,,Moneda interpretada como ARS por tratarse de lista local MCBA. Atributos fuente: CAL=EL; TAM=GRANEL.,,3167.0,,,$/kg,,ARS,False,0,,,,110751,PFRU24_K.xlsx#hoja=PFRU24_K;fila=68;C=6241;columna=K_OCTU,
current_monthly_not_comparable,,2024-10-01,month,2024-10,MCBA,,Frutas,,Ciruela,,Gulf Beaut,,Ctes.,,Ba,,,,Moneda interpretada como ARS por tratarse de lista local MCBA. Atributos fuente: CAL=EL; TAM=GRANEL.,,3104.0,,,$/kg,,ARS,False,0,,,,110783,PFRU24_K.xlsx#hoja=PFRU24_K;fila=83;C=6243;columna=K_OCTU,
current_monthly_not_comparable,,2024-10-01,month,2024-10,MCBA,,Frutas,,Ciruela,,Larry Anne,,España,,Ca,,,,Moneda interpretada como ARS por tratarse de lista local MCBA. Atributos fuente: CAL=EL; TAM=GRANDE.,,3467.0,,,$/kg,,ARS,False,0,,,,110786,PFRU24_K.xlsx#hoja=PFRU24_K;fila=84;C=2872;columna=K_OCTU,
current_monthly_not_comparable,,2024-10-01,month,2024-10,MCBA,,Frutas,,Ciruela,,Sungold,,España,,Ca,,,,Moneda interpretada como ARS por tratarse de lista local MCBA. Atributos fuente: CAL=EL; TAM=GRANDE.,,5600.0,,,$/kg,,ARS,False,0,,,,110838,PFRU24_K.xlsx#hoja=PFRU24_K;fila=114;C=5784;columna=K_OCTU,
current_monthly_not_comparable,,2024-10-01,month,2024-10,MCBA,,Frutas,,Coco,,,,Brasil,,Bo,,,,Moneda interpretada como ARS por tratarse de lista local MCBA. Atributos fuente: CAL=EL; TAM=GRANEL.,,2400.0,,,$/kg,,ARS,False,0,,,,110853,PFRU24_K.xlsx#hoja=PFRU24_K;fila=119;C=5030;columna=K_OCTU,
current_monthly_not_comparable,,2024-10-01,month,2024-10,MCBA,,Frutas,,Damasco,,Amal,,San Juan,,Ba,,,,Moneda interpretada como ARS por tratarse de lista local MCBA. Atributos fuente: CAL=EL; TAM=CHICO.,,2320.0,,,$/kg,,ARS,False,0,,,,110857,PFRU24_K.xlsx#hoja=PFRU24_K;fila=122;C=4050;columna=K_OCTU,
current_monthly_not_comparable,,2024-10-01,month,2024-10,MCBA,,Frutas,,Damasco,,Amal,,San Juan,,Ba,,,,Moneda interpretada como ARS por tratarse de lista local MCBA. Atributos fuente: CAL=EL; TAM=MEDIANO.,,2067.0,,,$/kg,,ARS,False,0,,,,110858,PFRU24_K.xlsx#hoja=PFRU24_K;fila=123;C=5769;columna=K_OCTU,
current_monthly_not_comparable,,2024-10-01,month,2024-10,MCBA,,Frutas,,Damasco,,Castel Bri,,San Juan,,Ba,,,,Moneda interpretada como ARS por tratarse de lista local MCBA. Atributos fuente: CAL=EL; TAM=MEDIANO.,,2200.0,,,$/kg,,ARS,False,0,,,,110866,PFRU24_K.xlsx#hoja=PFRU24_K;fila=128;C=5782;columna=K_OCTU,
current_monthly_not_comparable,,2024-10-01,month,2024-10,MCBA,,Frutas,,Damasco,,Castel Bri,,San Juan,,Ba,,,,Moneda interpretada como ARS por tratarse de lista local MCBA. Atributos fuente: CAL=EL; TAM=GRANDE.,,4771.0,,,$/kg,,ARS,False,0,,,,110868,PFRU24_K.xlsx#hoja=PFRU24_K;fila=129;C=6250;columna=K_OCTU,
current_monthly_not_comparable,,2024-10-01,month,2024-10,MCBA,,Frutas,,Damasco,,Ouardy,,San Juan,,Ba,,,,Moneda interpretada como ARS por tratarse de lista local MCBA. Atributos fuente: CAL=EL; TAM=MEDIANO.,,1933.0,,,$/kg,,ARS,False,0,,,,110876,PFRU24_K.xlsx#hoja=PFRU24_K;fila=135;C=2194;columna=K_OCTU,
current_monthly_not_comparable,,2024-10-01,month,2024-10,MCBA,,Frutas,,Damasco,,Ouardy,,San Juan,,Ba,,,,Moneda interpretada como ARS por tratarse de lista local MCBA. Atributos fuente: CAL=EL; TAM=CHICO.,,1930.0,,,$/kg,,ARS,False,0,,,,110878,PFRU24_K.xlsx#hoja=PFRU24_K;fila=136;C=2917;columna=K_OCTU,
current_monthly_not_comparable,,2024-10-01,month,2024-10,MCBA,,Frutas,,Durazno,,Amarillo,,Bs. As.,,Pe,,,,Moneda interpretada como ARS por tratarse de lista local MCBA. Atributos fuente: CAL=EL; TAM=MEDIANO.,,1417.0,,,$/kg,,ARS,False,0,,,,110885,PFRU24_K.xlsx#hoja=PFRU24_K;fila=141;C=5608;columna=K_OCTU,
current_monthly_not_comparable,,2024-10-01,month,2024-10,MCBA,,Frutas,,Durazno,,Appia,,Bs. As.,,Ba,,,,Moneda interpretada como ARS por tratarse de lista local MCBA. Atributos fuente: CAL=EL; TAM=MEDIANO.,,2100.0,,,$/kg,,ARS,False,0,,,,110894,PFRU24_K.xlsx#hoja=PFRU24_K;fila=145;C=5458;columna=K_OCTU,
current_monthly_not_comparable,,2024-10-01,month,2024-10,MCBA,,Frutas,,Durazno,,Appia,,Bs. As.,,Ca,,,,Moneda interpretada como ARS por tratarse de lista local MCBA. Atributos fuente: CAL=EL; TAM=GRANDE.,,2875.0,,,$/kg,,ARS,False,0,,,,110896,PFRU24_K.xlsx#hoja=PFRU24_K;fila=146;C=6051;columna=K_OCTU,
current_monthly_not_comparable,,2024-10-01,month,2024-10,MCBA,,Frutas,,Durazno,,Earlygrand,,Bs. As.,,Ba,,,,Moneda interpretada como ARS por tratarse de lista local MCBA. Atributos fuente: CAL=EL; TAM=MEDIANO.,,2000.0,,,$/kg,,ARS,False,0,,,,110923,PFRU24_K.xlsx#hoja=PFRU24_K;fila=162;C=2907;columna=K_OCTU,
current_monthly_not_comparable,,2024-10-01,month,2024-10,MCBA,,Frutas,,Durazno,,Flordaking,,Bs. As.,,Ca,,,,Moneda interpretada como ARS por tratarse de lista local MCBA. Atributos fuente: CAL=EL; TAM=GRANDE.,,2933.0,,,$/kg,,ARS,False,0,,,,110939,PFRU24_K.xlsx#hoja=PFRU24_K;fila=172;C=4495;columna=K_OCTU,
current_monthly_not_comparable,,2024-10-01,month,2024-10,MCBA,,Frutas,,Durazno,,Flordaking,,Jujuy,,Ba,,,,Moneda interpretada como ARS por tratarse de lista local MCBA. Atributos fuente: CAL=EL; TAM=GRANDE.,,3825.0,,,$/kg,,ARS,False,0,,,,110943,PFRU24_K.xlsx#hoja=PFRU24_K;fila=175;C=2555;columna=K_OCTU,
current_monthly_not_comparable,,2024-10-01,month,2024-10,MCBA,,Frutas,,Durazno,,Flordaking,,Jujuy,,Ba,,,,Moneda interpretada como ARS por tratarse de lista local MCBA. Atributos fuente: CAL=EL; TAM=MEDIANO.,,2505.0,,,$/kg,,ARS,False,0,,,,110944,PFRU24_K.xlsx#hoja=PFRU24_K;fila=176;C=4892;columna=K_OCTU,
current_monthly_not_comparable,,2024-10-01,month,2024-10,MCBA,,Frutas,,Durazno,,Opedepe,,Jujuy,,Ba,,,,Moneda interpretada como ARS por tratarse de lista local MCBA. Atributos fuente: CAL=EL; TAM=GRANDE.,,3597.0,,,$/kg,,ARS,False,0,,,,110992,PFRU24_K.xlsx#hoja=PFRU24_K;fila=210;C=5449;columna=K_OCTU,
current_monthly_not_comparable,,2024-10-01,month,2024-10,MCBA,,Frutas,,Durazno,,Opedepe,,Jujuy,,Ba,,,,Moneda interpretada como ARS por tratarse de lista local MCBA. Atributos fuente: CAL=EL; TAM=MEDIANO.,,2347.0,,,$/kg,,ARS,False,0,,,,110995,PFRU24_K.xlsx#hoja=PFRU24_K;fila=211;C=5761;columna=K_OCTU,
current_monthly_not_comparable,,2024-10-01,month,2024-10,MCBA,,Frutas,,Durazno,,Rojito,,Jujuy,,Ba,,,,Moneda interpretada como ARS por tratarse de lista local MCBA. Atributos fuente: CAL=EL; TAM=MEDIANO.,,2245.0,,,$/kg,,ARS,False,0,,,,111009,PFRU24_K.xlsx#hoja=PFRU24_K;fila=217;C=5553;columna=K_OCTU,
current_monthly_not_comparable,,2024-10-01,month,2024-10,MCBA,,Frutas,,Durazno,,Rojo Uno,,Bs. As.,,Ba,,,,Moneda interpretada como ARS por tratarse de lista local MCBA. Atributos fuente: CAL=EL; TAM=MEDIANO.,,2299.0,,,$/kg,,ARS,False,0,,,,111014,PFRU24_K.xlsx#hoja=PFRU24_K;fila=219;C=5124;columna=K_OCTU,
current_monthly_not_comparable,,2024-10-01,month,2024-10,MCBA,,Frutas,,Durazno,,Rojo Uno,,Bs. As.,,Ba,,,,Moneda interpretada como ARS por tratarse de lista local MCBA. Atributos fuente: CAL=EL; TAM=GRANDE.,,2605.0,,,$/kg,,ARS,False,0,,,,111017,PFRU24_K.xlsx#hoja=PFRU24_K;fila=220;C=5364;columna=K_OCTU,
current_monthly_not_comparable,,2024-10-01,month,2024-10,MCBA,,Frutas,,Frutilla,,,,Bs. As.,,Ba,,,,Moneda interpretada como ARS por tratarse de lista local MCBA. Atributos fuente: CAL=EL; TAM=GRANEL.,,2100.0,,,$/kg,,ARS,False,0,,,,111080,PFRU24_K.xlsx#hoja=PFRU24_K;fila=254;C=4856;columna=K_OCTU,
current_monthly_not_comparable,,2024-10-01,month,2024-10,MCBA,,Frutas,,Frutilla,,,,Bs. As.,,Ba,,,,Moneda interpretada como ARS por tratarse de lista local MCBA. Atributos fuente: CAL=CL; TAM=GRANEL.,,1538.0,,,$/kg,,ARS,False,0,,,,111088,PFRU24_K.xlsx#hoja=PFRU24_K;fila=255;C=4857;columna=K_OCTU,
current_monthly_not_comparable,,2024-10-01,month,2024-10,MCBA,,Frutas,,Frutilla,,,,Ctes.,,Ba,,,,Moneda interpretada como ARS por tratarse de lista local MCBA. Atributos fuente: CAL=EL; TAM=GRANDE.,,2761.0,,,$/kg,,ARS,False,0,,,,111099,PFRU24_K.xlsx#hoja=PFRU24_K;fila=258;C=4038;columna=K_OCTU,
current_monthly_not_comparable,,2024-10-01,month,2024-10,MCBA,,Frutas,,Frutilla,,,,Ctes.,,Ca,,,,Moneda interpretada como ARS por tratarse de lista local MCBA. Atributos fuente: CAL=EL; TAM=GRANEL.,,2979.0,,,$/kg,,ARS,False,0,,,,111105,PFRU24_K.xlsx#hoja=PFRU24_K;fila=260;C=4840;columna=K_OCTU,
current_monthly_not_comparable,,2024-10-01,month,2024-10,MCBA,,Frutas,,Frutilla,,,,E. Rios,,Ca,,,,Moneda interpretada como ARS por tratarse de lista local MCBA. Atributos fuente: CAL=EL; TAM=GRANEL.,,10000.0,,,$/kg,,ARS,False,0,,,,111107,PFRU24_K.xlsx#hoja=PFRU24_K;fila=261;C=6234;columna=K_OCTU,
current_monthly_not_comparable,,2024-10-01,month,2024-10,MCBA,,Frutas,,Frutilla,,,,M.D.Plat,,Ca,,,,Moneda interpretada como ARS por tratarse de lista local MCBA. Atributos fuente: CAL=EL; TAM=GRANDE.,,3400.0,,,$/kg,,ARS,False,0,,,,111116,PFRU24_K.xlsx#hoja=PFRU24_K;fila=263;C=140050;columna=K_OCTU,
current_monthly_not_comparable,,2024-10-01,month,2024-10,MCBA,,Frutas,,Frutilla,,,,Santa Fe,,Ca,,,,Moneda interpretada como ARS por tratarse de lista local MCBA. Atributos fuente: CAL=EL; TAM=MEDIANO.,,2917.0,,,$/kg,,ARS,False,0,,,,111129,PFRU24_K.xlsx#hoja=PFRU24_K;fila=267;C=1291;columna=K_OCTU,
current_monthly_not_comparable,,2024-10-01,month,2024-10,MCBA,,Frutas,,Frutilla,,,,Santa Fe,,Ba,,,,Moneda interpretada como ARS por tratarse de lista local MCBA. Atributos fuente: CAL=CL; TAM=MEDIANO.,,1638.0,,,$/kg,,ARS,False,0,,,,111134,PFRU24_K.xlsx#hoja=PFRU24_K;fila=269;C=3584;columna=K_OCTU,
current_monthly_not_comparable,,2024-10-01,month,2024-10,MCBA,,Frutas,,Frutilla,,,,Tucuman,,Ba,,,,Moneda interpretada como ARS por tratarse de lista local MCBA. Atributos fuente: CAL=EL; TAM=GRANEL.,,3000.0,,,$/kg,,ARS,False,0,,,,111141,PFRU24_K.xlsx#hoja=PFRU24_K;fila=271;C=3640;columna=K_OCTU,
current_monthly_not_comparable,,2024-10-01,month,2024-10,MCBA,,Frutas,,Frutilla,,,,Tucuman,,Ca,,,,Moneda interpretada como ARS por tratarse de lista local MCBA. Atributos fuente: CAL=EL; TAM=MEDIANO.,,3313.0,,,$/kg,,ARS,False,0,,,,111146,PFRU24_K.xlsx#hoja=PFRU24_K;fila=272;C=140054;columna=K_OCTU,
current_monthly_not_comparable,,2024-10-01,month,2024-10,MCBA,,Frutas,,Kiwi,,,,Bs. As.,,Ca,,,,Moneda interpretada como ARS por tratarse de lista local MCBA. Atributos fuente: CAL=EL; TAM=GRANDE.,,2920.0,,,$/kg,,ARS,False,0,,,,111178,PFRU24_K.xlsx#hoja=PFRU24_K;fila=285;C=1985;columna=K_OCTU,
current_monthly_not_comparable,,2024-10-01,month,2024-10,MCBA,,Frutas,,Kiwi,,,,Bs. As.,,Ca,,,,Moneda interpretada como ARS por tratarse de lista local MCBA. Atributos fuente: CAL=EL; TAM=MEDIANO.,,2540.0,,,$/kg,,ARS,False,0,,,,111190,PFRU24_K.xlsx#hoja=PFRU24_K;fila=286;C=1986;columna=K_OCTU,
current_monthly_not_comparable,,2024-10-01,month,2024-10,MCBA,,Frutas,,Kiwi,,,,Chile,,Ca,,,,Moneda interpretada como ARS por tratarse de lista local MCBA. Atributos fuente: CAL=EL; TAM=GRANDE.,,3400.0,,,$/kg,,ARS,False,0,,,,111201,PFRU24_K.xlsx#hoja=PFRU24_K;fila=288;C=230024;columna=K_OCTU,
current_monthly_not_comparable,,2024-10-01,month,2024-10,MCBA,,Frutas,,Kiwi,,,,Chile,,Ca,,,,Moneda interpretada como ARS por tratarse de lista local MCBA. Atributos fuente: CAL=EL; TAM=MEDIANO.,,2915.0,,,$/kg,,ARS,False,0,,,,111210,PFRU24_K.xlsx#hoja=PFRU24_K;fila=289;C=230031;columna=K_OCTU,
current_monthly_not_comparable,,2024-10-01,month,2024-10,MCBA,,Frutas,,Kumquat,,,,E. Rios,,Bo,,,,Moneda interpretada como ARS por tratarse de lista local MCBA. Atributos fuente: CAL=EL; TAM=GRANEL.,,1000.0,,,$/kg,,ARS,False,0,,,,111234,PFRU24_K.xlsx#hoja=PFRU24_K;fila=298;C=5112;columna=K_OCTU,
current_monthly_not_comparable,,2024-10-01,month,2024-10,MCBA,,Frutas,,Lima,,,,E. Rios,,Pe,,,,Moneda interpretada como ARS por tratarse de lista local MCBA. Atributos fuente: CAL=EL; TAM=090/120.,,525.0,,,$/kg,,ARS,False,0,,,,111240,PFRU24_K.xlsx#hoja=PFRU24_K;fila=301;C=6237;columna=K_OCTU,
current_monthly_not_comparable,,2024-10-01,month,2024-10,MCBA,,Frutas,,Lima,,Tahiti,,Brasil,,Bo,,,,Moneda interpretada como ARS por tratarse de lista local MCBA. Atributos fuente: CAL=EL; TAM=GRANEL.,,1833.0,,,$/kg,,ARS,False,0,,,,111247,PFRU24_K.xlsx#hoja=PFRU24_K;fila=304;C=5334;columna=K_OCTU,
current_monthly_not_comparable,,2024-10-01,month,2024-10,MCBA,,Frutas,,Limon,,Eureka,,Chile,,Ca,,,,Moneda interpretada como ARS por tratarse de lista local MCBA. Atributos fuente: CAL=EL; TAM=110/125.,,1778.0,,,$/kg,,ARS,False,0,,,,111253,PFRU24_K.xlsx#hoja=PFRU24_K;fila=309;C=6249;columna=K_OCTU,
current_monthly_not_comparable,,2024-10-01,month,2024-10,MCBA,,Frutas,,Limon,,Eureka,,Salta,,Ca,,,,Moneda interpretada como ARS por tratarse de lista local MCBA. Atributos fuente: CAL=EL; TAM=090/125.,,1495.0,,,$/kg,,ARS,False,0,,,,111269,PFRU24_K.xlsx#hoja=PFRU24_K;fila=313;C=4450;columna=K_OCTU,
current_monthly_not_comparable,,2024-10-01,month,2024-10,MCBA,,Frutas,,Limon,,Eureka,,Tucuman,,Ca,,,,Moneda interpretada como ARS por tratarse de lista local MCBA. Atributos fuente: CAL=EL; TAM=113/138.,,657.4,,,$/kg,,ARS,False,0,,,,111281,PFRU24_K.xlsx#hoja=PFRU24_K;fila=314;C=3621;columna=K_OCTU,
current_monthly_not_comparable,,2024-10-01,month,2024-10,MCBA,,Frutas,,Limon,,Eureka,,Tucuman,,Bo,,,,Moneda interpretada como ARS por tratarse de lista local MCBA. Atributos fuente: CAL=CL; TAM=GRANEL.,,709.3,,,$/kg,,ARS,False,0,,,,111291,PFRU24_K.xlsx#hoja=PFRU24_K;fila=315;C=5634;columna=K_OCTU,
current_monthly_not_comparable,,2024-10-01,month,2024-10,MCBA,,Frutas,,Limon,,Eureka,,Tucuman,,Pe,,,,Moneda interpretada como ARS por tratarse de lista local MCBA. Atributos fuente: CAL=CL; TAM=125/138.,,518.5,,,$/kg,,ARS,False,0,,,,111310,PFRU24_K.xlsx#hoja=PFRU24_K;fila=317;C=6105;columna=K_OCTU,
current_monthly_not_comparable,,2024-10-01,month,2024-10,MCBA,,Frutas,,Limon,,Eureka,,Tucuman,,Ca,,,,Moneda interpretada como ARS por tratarse de lista local MCBA. Atributos fuente: CAL=EL; TAM=080/110.,,1118.0,,,$/kg,,ARS,False,0,,,,111313,PFRU24_K.xlsx#hoja=PFRU24_K;fila=318;C=6232;columna=K_OCTU,
current_monthly_not_comparable,,2024-10-01,month,2024-10,MCBA,,Frutas,,Limon,,Eureka,,Tucuman,,Pe,,,,Moneda interpretada como ARS por tratarse de lista local MCBA. Atributos fuente: CAL=EL; TAM=125/138.,,1233.0,,,$/kg,,ARS,False,0,,,,111316,PFRU24_K.xlsx#hoja=PFRU24_K;fila=319;C=6248;columna=K_OCTU,
current_monthly_not_comparable,,2024-10-01,month,2024-10,MCBA,,Frutas,,Limon,,Genova,,Ctes.,,Pe,,,,Moneda interpretada como ARS por tratarse de lista local MCBA. Atributos fuente: CAL=CL; TAM=120/140.,,719.2,,,$/kg,,ARS,False,0,,,,111328,PFRU24_K.xlsx#hoja=PFRU24_K;fila=320;C=5841;columna=K_OCTU,
current_monthly_not_comparable,,2024-10-01,month,2024-10,MCBA,,Frutas,,Limon,,Genova,,E. Rios,,To,,,,Moneda interpretada como ARS por tratarse de lista local MCBA. Atributos fuente: CAL=EL; TAM=100/125.,,844.5,,,$/kg,,ARS,False,0,,,,111340,PFRU24_K.xlsx#hoja=PFRU24_K;fila=322;C=6143;columna=K_OCTU,
current_monthly_not_comparable,,2024-10-01,month,2024-10,MCBA,,Frutas,,Limon,,Lisboa,,Tucuman,,Ca,,,,Moneda interpretada como ARS por tratarse de lista local MCBA. Atributos fuente: CAL=EL; TAM=113/125.,,2944.0,,,$/kg,,ARS,False,0,,,,111344,PFRU24_K.xlsx#hoja=PFRU24_K;fila=323;C=6021;columna=K_OCTU,
current_monthly_not_comparable,,2024-10-01,month,2024-10,MCBA,,Frutas,,Mamon,,,,Jujuy,,Pe,,,,Moneda interpretada como ARS por tratarse de lista local MCBA. Atributos fuente: CAL=EL; TAM=MEDIANO.,,900.0,,,$/kg,,ARS,False,0,,,,111350,PFRU24_K.xlsx#hoja=PFRU24_K;fila=327;C=4458;columna=K_OCTU,
current_monthly_not_comparable,,2024-10-01,month,2024-10,MCBA,,Frutas,,Mandarina,,Afourer,,E. Rios,,Pe,,,,Moneda interpretada como ARS por tratarse de lista local MCBA. Atributos fuente: CAL=EL; TAM=MEDIANO.,,444.4,,,$/kg,,ARS,False,0,,,,111355,PFRU24_K.xlsx#hoja=PFRU24_K;fila=330;C=6227;columna=K_OCTU,
current_monthly_not_comparable,,2024-10-01,month,2024-10,MCBA,,Frutas,,Mandarina,,Ellendale,,E. Rios,,Pe,,,,Moneda interpretada como ARS por tratarse de lista local MCBA. Atributos fuente: CAL=EL; TAM=MEDIANO.,,475.3,,,$/kg,,ARS,False,0,,,,111381,PFRU24_K.xlsx#hoja=PFRU24_K;fila=338;C=6222;columna=K_OCTU,
current_monthly_not_comparable,,2024-10-01,month,2024-10,MCBA,,Frutas,,Mandarina,,Ellendale,,E. Rios,,Pe,,,,Moneda interpretada como ARS por tratarse de lista local MCBA. Atributos fuente: CAL=EL; TAM=GRANDE.,,777.8,,,$/kg,,ARS,False,0,,,,111384,PFRU24_K.xlsx#hoja=PFRU24_K;fila=339;C=3186;columna=K_OCTU,
current_monthly_not_comparable,,2024-10-01,month,2024-10,MCBA,,Frutas,,Mandarina,,Encore,,E. Rios,,Pe,,,,Moneda interpretada como ARS por tratarse de lista local MCBA. Atributos fuente: CAL=EL; TAM=MEDIANO.,,618.9,,,$/kg,,ARS,False,0,,,,111389,PFRU24_K.xlsx#hoja=PFRU24_K;fila=340;C=2085;columna=K_OCTU,
current_monthly_not_comparable,,2024-10-01,month,2024-10,MCBA,,Frutas,,Mandarina,,Encore,,E. Rios,,Pe,,,,Moneda interpretada como ARS por tratarse de lista local MCBA. Atributos fuente: CAL=EL; TAM=GRANDE.,,810.8,,,$/kg,,ARS,False,0,,,,111394,PFRU24_K.xlsx#hoja=PFRU24_K;fila=341;C=1377;columna=K_OCTU,
current_monthly_not_comparable,,2024-10-01,month,2024-10,MCBA,,Frutas,,Mandarina,,Montenegri,,E. Rios,,Pe,,,,Moneda interpretada como ARS por tratarse de lista local MCBA. Atributos fuente: CAL=EL; TAM=MEDIANO.,,500.0,,,$/kg,,ARS,False,0,,,,111399,PFRU24_K.xlsx#hoja=PFRU24_K;fila=345;C=6033;columna=K_OCTU,
current_monthly_not_comparable,,2024-10-01,month,2024-10,MCBA,,Frutas,,Mandarina,,Murcot,,E. Rios,,Pe,,,,Moneda interpretada como ARS por tratarse de lista local MCBA. Atributos fuente: CAL=EL; TAM=GRANDE.,,812.5,,,$/kg,,ARS,False,0,,,,111404,PFRU24_K.xlsx#hoja=PFRU24_K;fila=346;C=3225;columna=K_OCTU,
current_monthly_not_comparable,,2024-10-01,month,2024-10,MCBA,,Frutas,,Mandarina,,Murcot,,E. Rios,,Pe,,,,Moneda interpretada como ARS por tratarse de lista local MCBA. Atributos fuente: CAL=EL; TAM=MEDIANO.,,584.7,,,$/kg,,ARS,False,0,,,,111409,PFRU24_K.xlsx#hoja=PFRU24_K;fila=347;C=3226;columna=K_OCTU,
current_monthly_not_comparable,,2024-10-01,month,2024-10,MCBA,,Frutas,,Mandarina,,Orthanique,,E. Rios,,Pe,,,,Moneda interpretada como ARS por tratarse de lista local MCBA. Atributos fuente: CAL=EL; TAM=MEDIANO.,,555.6,,,$/kg,,ARS,False,0,,,,111444,PFRU24_K.xlsx#hoja=PFRU24_K;fila=360;C=4031;columna=K_OCTU,
current_monthly_not_comparable,,2024-10-01,month,2024-10,MCBA,,Frutas,,Mango,,,,Brasil,,Ca,,,,Moneda interpretada como ARS por tratarse de lista local MCBA. Atributos fuente: CAL=EL; TAM=GRANDE.,,2600.0,,,$/kg,,ARS,False,0,,,,111458,PFRU24_K.xlsx#hoja=PFRU24_K;fila=366;C=4621;columna=K_OCTU,
current_monthly_not_comparable,,2024-10-01,month,2024-10,MCBA,,Frutas,,Mango,,,,Brasil,,Ca,,,,Moneda interpretada como ARS por tratarse de lista local MCBA. Atributos fuente: CAL=EL; TAM=GRANDE.,,2167.0,,,$/kg,,ARS,False,0,,,,111463,PFRU24_K.xlsx#hoja=PFRU24_K;fila=367;C=5736;columna=K_OCTU,
current_monthly_not_comparable,,2024-10-01,month,2024-10,MCBA,,Frutas,,Manzana,,Gala,,R. Negro,,Ca,,,,Moneda interpretada como ARS por tratarse de lista local MCBA. Atributos fuente: CAL=CL; TAM=080/100.,,2500.0,,,$/kg,,ARS,False,0,,,,111508,PFRU24_K.xlsx#hoja=PFRU24_K;fila=391;C=5257;columna=K_OCTU,
current_monthly_not_comparable,,2024-10-01,month,2024-10,MCBA,,Frutas,,Manzana,,Granny Smi,,Chile,,Ca,,,,Moneda interpretada como ARS por tratarse de lista local MCBA. Atributos fuente: CAL=EL; TAM=080/088; GRADO=ATM.,,2151.0,,,$/kg,,ARS,False,0,,,,111513,PFRU24_K.xlsx#hoja=PFRU24_K;fila=394;C=6239;columna=K_OCTU,
current_monthly_not_comparable,,2024-10-01,month,2024-10,MCBA,,Frutas,,Manzana,,Granny Smi,,R. Negro,,Ca,,,,Moneda interpretada como ARS por tratarse de lista local MCBA. Atributos fuente: CAL=EL; TAM=036/044; GRADO=ATM.,,2200.0,,,$/kg,,ARS,False,0,,,,111519,PFRU24_K.xlsx#hoja=PFRU24_K;fila=395;C=2189;columna=K_OCTU,
current_monthly_not_comparable,,2024-10-01,month,2024-10,MCBA,,Frutas,,Manzana,,Granny Smi,,R. Negro,,Ja,,,,Moneda interpretada como ARS por tratarse de lista local MCBA. Atributos fuente: CAL=CL; TAM=GRANEL.,,990.0,,,$/kg,,ARS,False,0,,,,111546,PFRU24_K.xlsx#hoja=PFRU24_K;fila=402;C=3825;columna=K_OCTU,
current_monthly_not_comparable,,2024-10-01,month,2024-10,MCBA,,Frutas,,Manzana,,Granny Smi,,R. Negro,,Ja,,,,Moneda interpretada como ARS por tratarse de lista local MCBA. Atributos fuente: CAL=EL; TAM=080/090.,,1150.0,,,$/kg,,ARS,False,0,,,,111559,PFRU24_K.xlsx#hoja=PFRU24_K;fila=405;C=6160;columna=K_OCTU,
current_monthly_not_comparable,,2024-10-01,month,2024-10,MCBA,,Frutas,,Manzana,,Granny Smi,,R. Negro,,Ca,,,,Moneda interpretada como ARS por tratarse de lista local MCBA. Atributos fuente: CAL=EL; TAM=080/088.,,1738.0,,,$/kg,,ARS,False,0,,,,111567,PFRU24_K.xlsx#hoja=PFRU24_K;fila=406;C=3448;columna=K_OCTU,
current_monthly_not_comparable,,2024-10-01,month,2024-10,MCBA,,Frutas,,Manzana,,Granny Smi,,R. Negro,,Ca,,,,Moneda interpretada como ARS por tratarse de lista local MCBA. Atributos fuente: CAL=EL; TAM=080/088; GRADO=ATM.,,2200.0,,,$/kg,,ARS,False,0,,,,111578,PFRU24_K.xlsx#hoja=PFRU24_K;fila=409;C=2114;columna=K_OCTU,
current_monthly_not_comparable,,2024-10-01,month,2024-10,MCBA,,Frutas,,Manzana,,Granny Smi,,R. Negro,,Ca,,,,Moneda interpretada como ARS por tratarse de lista local MCBA. Atributos fuente: CAL=EL; TAM=036/044.,,1800.0,,,$/kg,,ARS,False,0,,,,111583,PFRU24_K.xlsx#hoja=PFRU24_K;fila=410;C=6231;columna=K_OCTU,
current_monthly_not_comparable,,2024-10-01,month,2024-10,MCBA,,Frutas,,Manzana,,Granny Smi,,R. Negro,,Ca,,,,Moneda interpretada como ARS por tratarse de lista local MCBA. Atributos fuente: CAL=EL; TAM=125/138.,,1350.0,,,$/kg,,ARS,False,0,,,,111585,PFRU24_K.xlsx#hoja=PFRU24_K;fila=411;C=6238;columna=K_OCTU,
current_monthly_not_comparable,,2024-10-01,month,2024-10,MCBA,,Frutas,,Manzana,,Pk.Lad/Cri,,R. Negro,,Ja,,,,Moneda interpretada como ARS por tratarse de lista local MCBA. Atributos fuente: CAL=EL; TAM=113/118.,,1250.0,,,$/kg,,ARS,False,0,,,,111602,PFRU24_K.xlsx#hoja=PFRU24_K;fila=417;C=6201;columna=K_OCTU,
current_monthly_not_comparable,,2024-10-01,month,2024-10,MCBA,,Frutas,,Manzana,,Pk.Lad/Cri,,R. Negro,,Ja,,,,Moneda interpretada como ARS por tratarse de lista local MCBA. Atributos fuente: CAL=CL; TAM=125/138.,,833.3,,,$/kg,,ARS,False,0,,,,111607,PFRU24_K.xlsx#hoja=PFRU24_K;fila=418;C=6233;columna=K_OCTU,
current_monthly_not_comparable,,2024-10-01,month,2024-10,MCBA,,Frutas,,Manzana,,Red Delici,,Mendoza,,Ct,,,,Moneda interpretada como ARS por tratarse de lista local MCBA. Atributos fuente: CAL=EL; TAM=138/150.,,2300.0,,,$/kg,,ARS,False,0,,,,111617,PFRU24_K.xlsx#hoja=PFRU24_K;fila=422;C=2057;columna=K_OCTU,
current_monthly_not_comparable,,2024-10-01,month,2024-10,MCBA,,Frutas,,Manzana,,Red Delici,,R. Negro,,Ca,,,,Moneda interpretada como ARS por tratarse de lista local MCBA. Atributos fuente: CAL=EL; TAM=125/138; GRADO=ATM.,,1509.0,,,$/kg,,ARS,False,0,,,,111621,PFRU24_K.xlsx#hoja=PFRU24_K;fila=423;C=1379;columna=K_OCTU,
current_monthly_not_comparable,,2024-10-01,month,2024-10,MCBA,,Frutas,,Manzana,,Red Delici,,R. Negro,,Ca,,,,Moneda interpretada como ARS por tratarse de lista local MCBA. Atributos fuente: CAL=CL; TAM=125/138; GRADO=ATM.,,1250.0,,,$/kg,,ARS,False,0,,,,111630,PFRU24_K.xlsx#hoja=PFRU24_K;fila=426;C=4902;columna=K_OCTU,
current_monthly_not_comparable,,2024-10-01,month,2024-10,MCBA,,Frutas,,Manzana,,Red Delici,,R. Negro,,Ja,,,,Moneda interpretada como ARS por tratarse de lista local MCBA. Atributos fuente: CAL=EL; TAM=113/125; GRADO=ATM.,,1100.0,,,$/kg,,ARS,False,0,,,,111634,PFRU24_K.xlsx#hoja=PFRU24_K;fila=427;C=290038;columna=K_OCTU,
current_monthly_not_comparable,,2024-10-01,month,2024-10,MCBA,,Frutas,,Manzana,,Red Delici,,R. Negro,,Ca,,,,Moneda interpretada como ARS por tratarse de lista local MCBA. Atributos fuente: CAL=EL; TAM=088/113; GRADO=ATM.,,1850.0,,,$/kg,,ARS,False,0,,,,111637,PFRU24_K.xlsx#hoja=PFRU24_K;fila=428;C=290063;columna=K_OCTU,
current_monthly_not_comparable,,2024-10-01,month,2024-10,MCBA,,Frutas,,Manzana,,Red Delici,,R. Negro,,Ca,,,,Moneda interpretada como ARS por tratarse de lista local MCBA. Atributos fuente: CAL=CL; TAM=138/150.,,1005.0,,,$/kg,,ARS,False,0,,,,111643,PFRU24_K.xlsx#hoja=PFRU24_K;fila=430;C=5959;columna=K_OCTU,
current_monthly_not_comparable,,2024-10-01,month,2024-10,MCBA,,Frutas,,Manzana,,Red Delici,,R. Negro,,Ja,,,,Moneda interpretada como ARS por tratarse de lista local MCBA. Atributos fuente: CAL=EL; TAM=GRANEL.,,1050.0,,,$/kg,,ARS,False,0,,,,111670,PFRU24_K.xlsx#hoja=PFRU24_K;fila=437;C=4452;columna=K_OCTU,
current_monthly_not_comparable,,2024-10-01,month,2024-10,MCBA,,Frutas,,Manzana,,Red Delici,,R. Negro,,Ja,,,,Moneda interpretada como ARS por tratarse de lista local MCBA. Atributos fuente: CAL=CL; TAM=100/113.,,1056.0,,,$/kg,,ARS,False,0,,,,111678,PFRU24_K.xlsx#hoja=PFRU24_K;fila=438;C=280026;columna=K_OCTU,
current_monthly_not_comparable,,2024-10-01,month,2024-10,MCBA,,Frutas,,Manzana,,Red Delici,,R. Negro,,Ca,,,,Moneda interpretada como ARS por tratarse de lista local MCBA. Atributos fuente: CAL=EL; TAM=125/138.,,1556.0,,,$/kg,,ARS,False,0,,,,111696,PFRU24_K.xlsx#hoja=PFRU24_K;fila=442;C=5940;columna=K_OCTU,
current_monthly_not_comparable,,2024-10-01,month,2024-10,MCBA,,Frutas,,Manzana,,Red Delici,,R. Negro,,Ca,,,,Moneda interpretada como ARS por tratarse de lista local MCBA. Atributos fuente: CAL=EL; TAM=088/113.,,1850.0,,,$/kg,,ARS,False,0,,,,111703,PFRU24_K.xlsx#hoja=PFRU24_K;fila=443;C=1081;columna=K_OCTU,
current_monthly_not_comparable,,2024-10-01,month,2024-10,MCBA,,Frutas,,Manzana,,Red Delici,,R. Negro,,Ca,,,,Moneda interpretada como ARS por tratarse de lista local MCBA. Atributos fuente: CAL=EL; TAM=044/056.,,1900.0,,,$/kg,,ARS,False,0,,,,111713,PFRU24_K.xlsx#hoja=PFRU24_K;fila=445;C=5745;columna=K_OCTU,
current_monthly_not_comparable,,2024-10-01,month,2024-10,MCBA,,Frutas,,Manzana,,Red Delici,,R. Negro,,Ca,,,,Moneda interpretada como ARS por tratarse de lista local MCBA. Atributos fuente: CAL=EL; TAM=088/113; GRADO=ATM.,,2183.0,,,$/kg,,ARS,False,0,,,,111716,PFRU24_K.xlsx#hoja=PFRU24_K;fila=446;C=6236;columna=K_OCTU,
current_monthly_not_comparable,,2024-10-01,month,2024-10,MCBA,,Frutas,,Manzana,,Red Delici,,R. Negro,,Ca,,,,Moneda interpretada como ARS por tratarse de lista local MCBA. Atributos fuente: CAL=EL; TAM=040/050; GRADO=ATM.,,2200.0,,,$/kg,,ARS,False,0,,,,111718,PFRU24_K.xlsx#hoja=PFRU24_K;fila=447;C=2490;columna=K_OCTU,
current_monthly_not_comparable,,2024-10-01,month,2024-10,MCBA,,Frutas,,Manzana,,Red Delici,,R. Negro,,Ca,,,,Moneda interpretada como ARS por tratarse de lista local MCBA. Atributos fuente: CAL=EL; TAM=125/138.,,1136.0,,,$/kg,,ARS,False,0,,,,111721,PFRU24_K.xlsx#hoja=PFRU24_K;fila=449;C=4042;columna=K_OCTU,
current_monthly_not_comparable,,2024-10-01,month,2024-10,MCBA,,Frutas,,Manzana,,Red Delici,,R. Negro,,Ca,,,,Moneda interpretada como ARS por tratarse de lista local MCBA. Atributos fuente: CAL=EL; TAM=044/050; GRADO=ATM.,,2100.0,,,$/kg,,ARS,False,0,,,,111723,PFRU24_K.xlsx#hoja=PFRU24_K;fila=451;C=1687;columna=K_OCTU,
current_monthly_not_comparable,,2024-10-01,month,2024-10,MCBA,,Frutas,,Manzana,,Red Delici,,R. Negro,,Ja,,,,Moneda interpretada como ARS por tratarse de lista local MCBA. Atributos fuente: CAL=CL; TAM=125/138; GRADO=ATM.,,1222.0,,,$/kg,,ARS,False,0,,,,111726,PFRU24_K.xlsx#hoja=PFRU24_K;fila=452;C=290013;columna=K_OCTU,
current_monthly_not_comparable,,2024-10-01,month,2024-10,MCBA,,Frutas,,Manzana,,Red Delici,,R. Negro,,Ca,,,,Moneda interpretada como ARS por tratarse de lista local MCBA. Atributos fuente: CAL=EL; TAM=125/138; GRADO=ATM.,,1778.0,,,$/kg,,ARS,False,0,,,,111728,PFRU24_K.xlsx#hoja=PFRU24_K;fila=453;C=5576;columna=K_OCTU,
current_monthly_not_comparable,,2024-10-01,month,2024-10,MCBA,,Frutas,,Manzana,,Red Delici,,R. Negro,,Ca,,,,Moneda interpretada como ARS por tratarse de lista local MCBA. Atributos fuente: CAL=EL; TAM=090/110; GRADO=ATM.,,2413.0,,,$/kg,,ARS,False,0,,,,111731,PFRU24_K.xlsx#hoja=PFRU24_K;fila=454;C=6245;columna=K_OCTU,
current_monthly_not_comparable,,2024-10-01,month,2024-10,MCBA,,Frutas,,Manzana,,Red Delici,,R. Negro,,Ca,,,,Moneda interpretada como ARS por tratarse de lista local MCBA. Atributos fuente: CAL=EL; TAM=100/113; GRADO=ATM.,,2375.0,,,$/kg,,ARS,False,0,,,,111732,PFRU24_K.xlsx#hoja=PFRU24_K;fila=455;C=6246;columna=K_OCTU,
current_monthly_not_comparable,,2024-10-01,month,2024-10,MCBA,,Frutas,,Manzana,,Red Delici,,R. Negro,,Ja,,,,Moneda interpretada como ARS por tratarse de lista local MCBA. Atributos fuente: CAL=EL; TAM=GRANEL; GRADO=ATM.,,1000.0,,,$/kg,,ARS,False,0,,,,111733,PFRU24_K.xlsx#hoja=PFRU24_K;fila=456;C=6252;columna=K_OCTU,
current_monthly_not_comparable,,2024-10-01,month,2024-10,MCBA,,Frutas,,Manzana,,Red Delici,,R. Negro,,Ca,,,,Moneda interpretada como ARS por tratarse de lista local MCBA. Atributos fuente: CAL=EL; TAM=072/088; GRADO=ATM.,,1611.0,,,$/kg,,ARS,False,0,,,,111736,PFRU24_K.xlsx#hoja=PFRU24_K;fila=457;C=6253;columna=K_OCTU,
current_monthly_not_comparable,,2024-10-01,month,2024-10,MCBA,,Frutas,,Manzana,,Red Delici,,R. Negro,,Ca,,,,Moneda interpretada como ARS por tratarse de lista local MCBA. Atributos fuente: CAL=EL; TAM=088/113; GRADO=ATM.,,2514.0,,,$/kg,,ARS,False,0,,,,111739,PFRU24_K.xlsx#hoja=PFRU24_K;fila=458;C=6254;columna=K_OCTU,
current_monthly_not_comparable,,2024-10-01,month,2024-10,MCBA,,Frutas,,Manzana,,Red Top,,Chile,,Ca,,,,Moneda interpretada como ARS por tratarse de lista local MCBA. Atributos fuente: CAL=EL; TAM=088/113; GRADO=ATM.,,2178.0,,,$/kg,,ARS,False,0,,,,111746,PFRU24_K.xlsx#hoja=PFRU24_K;fila=461;C=3909;columna=K_OCTU,
current_monthly_not_comparable,,2024-10-01,month,2024-10,MCBA,,Frutas,,Manzana,,Rome Beaut,,R. Negro,,Ca,,,,Moneda interpretada como ARS por tratarse de lista local MCBA. Atributos fuente: CAL=EL; TAM=036/040.,,1900.0,,,$/kg,,ARS,False,0,,,,111758,PFRU24_K.xlsx#hoja=PFRU24_K;fila=464;C=280121;columna=K_OCTU,
current_monthly_not_comparable,,2024-10-01,month,2024-10,MCBA,,Frutas,,Manzana,,Rome Beaut,,R. Negro,,Ja,,,,Moneda interpretada como ARS por tratarse de lista local MCBA. Atributos fuente: CAL=EL; TAM=125/138.,,1375.0,,,$/kg,,ARS,False,0,,,,111763,PFRU24_K.xlsx#hoja=PFRU24_K;fila=465;C=1722;columna=K_OCTU,
current_monthly_not_comparable,,2024-10-01,month,2024-10,MCBA,,Frutas,,Manzana,,Rome Beaut,,R. Negro,,Ca,,,,Moneda interpretada como ARS por tratarse de lista local MCBA. Atributos fuente: CAL=EL; TAM=036/040; GRADO=ATM.,,1600.0,,,$/kg,,ARS,False,0,,,,111765,PFRU24_K.xlsx#hoja=PFRU24_K;fila=467;C=6247;columna=K_OCTU,
current_monthly_not_comparable,,2024-10-01,month,2024-10,MCBA,,Frutas,,Melon,,Amarillo,,Brasil,,Ca,,,,Moneda interpretada como ARS por tratarse de lista local MCBA. Atributos fuente: CAL=EL; TAM=MEDIANO.,,1613.0,,,$/kg,,ARS,False,0,,,,111773,PFRU24_K.xlsx#hoja=PFRU24_K;fila=471;C=1713;columna=K_OCTU,
current_monthly_not_comparable,,2024-10-01,month,2024-10,MCBA,,Frutas,,Melon,,Amarillo,,Salta,,Ba,,,,Moneda interpretada como ARS por tratarse de lista local MCBA. Atributos fuente: CAL=EL; TAM=MEDIANO; GRADO=INV.,,1700.0,,,$/kg,,ARS,False,0,,,,111782,PFRU24_K.xlsx#hoja=PFRU24_K;fila=474;C=4653;columna=K_OCTU,
current_monthly_not_comparable,,2024-10-01,month,2024-10,MCBA,,Frutas,,Melon,,Galia,,Brasil,,Ca,,,,Moneda interpretada como ARS por tratarse de lista local MCBA. Atributos fuente: CAL=EL; TAM=MEDIANO.,,1683.0,,,$/kg,,ARS,False,0,,,,111795,PFRU24_K.xlsx#hoja=PFRU24_K;fila=481;C=5204;columna=K_OCTU,
current_monthly_not_comparable,,2024-10-01,month,2024-10,MCBA,,Frutas,,Melon,,Rocio Miel,,Chaco,,Pe,,,,Moneda interpretada como ARS por tratarse de lista local MCBA. Atributos fuente: CAL=EL; TAM=MEDIANO.,,1083.0,,,$/kg,,ARS,False,0,,,,111798,PFRU24_K.xlsx#hoja=PFRU24_K;fila=483;C=5120;columna=K_OCTU,
current_monthly_not_comparable,,2024-10-01,month,2024-10,MCBA,,Frutas,,Melon,,Rocio Miel,,Salta,,Pe,,,,Moneda interpretada como ARS por tratarse de lista local MCBA. Atributos fuente: CAL=EL; TAM=MEDIANO; GRADO=INV.,,1935.0,,,$/kg,,ARS,False,0,,,,111818,PFRU24_K.xlsx#hoja=PFRU24_K;fila=491;C=3519;columna=K_OCTU,
current_monthly_not_comparable,,2024-10-01,month,2024-10,MCBA,,Frutas,,Melon,,Rocio Miel,,Salta,,Pe,,,,Moneda interpretada como ARS por tratarse de lista local MCBA. Atributos fuente: CAL=EL; TAM=MEDIANO.,,1194.0,,,$/kg,,ARS,False,0,,,,111827,PFRU24_K.xlsx#hoja=PFRU24_K;fila=496;C=330047;columna=K_OCTU,
current_monthly_not_comparable,,2024-10-01,month,2024-10,MCBA,,Frutas,,Melon,,Rocio Miel,,Sgo.Est.,,Ba,,,,Moneda interpretada como ARS por tratarse de lista local MCBA. Atributos fuente: CAL=EL; TAM=MEDIANO.,,1700.0,,,$/kg,,ARS,False,0,,,,111842,PFRU24_K.xlsx#hoja=PFRU24_K;fila=503;C=2949;columna=K_OCTU,
current_monthly_not_comparable,,2024-10-01,month,2024-10,MCBA,,Frutas,,Melon,,Rocio Miel,,Sgo.Est.,,Ba,,,,Moneda interpretada como ARS por tratarse de lista local MCBA. Atributos fuente: CAL=EL; TAM=MEDIANO.,,2125.0,,,$/kg,,ARS,False,0,,,,111844,PFRU24_K.xlsx#hoja=PFRU24_K;fila=505;C=5472;columna=K_OCTU,
current_monthly_not_comparable,,2024-10-01,month,2024-10,MCBA,,Frutas,,Mora,,,,Ctes.,,Ca,,,,Moneda interpretada como ARS por tratarse de lista local MCBA. Atributos fuente: CAL=EL; TAM=GRANEL.,,23834.0,,,$/kg,,ARS,False,0,,,,111865,PFRU24_K.xlsx#hoja=PFRU24_K;fila=515;C=5787;columna=K_OCTU,
current_monthly_not_comparable,,2024-10-01,month,2024-10,MCBA,,Frutas,,Naranja,,Lane Late,,Bs. As.,,Pe,,,,Moneda interpretada como ARS por tratarse de lista local MCBA. Atributos fuente: CAL=EL; TAM=080/100.,,565.8,,,$/kg,,ARS,False,0,,,,111869,PFRU24_K.xlsx#hoja=PFRU24_K;fila=519;C=4866;columna=K_OCTU,
current_monthly_not_comparable,,2024-10-01,month,2024-10,MCBA,,Frutas,,Naranja,,Lane Late,,E. Rios,,Pe,,,,Moneda interpretada como ARS por tratarse de lista local MCBA. Atributos fuente: CAL=EL; TAM=110/130.,,508.3,,,$/kg,,ARS,False,0,,,,111871,PFRU24_K.xlsx#hoja=PFRU24_K;fila=520;C=4865;columna=K_OCTU,
current_monthly_not_comparable,,2024-10-01,month,2024-10,MCBA,,Frutas,,Naranja,,Lane Late,,E. Rios,,Pe,,,,Moneda interpretada como ARS por tratarse de lista local MCBA. Atributos fuente: CAL=EL; TAM=090/110.,,640.7,,,$/kg,,ARS,False,0,,,,111873,PFRU24_K.xlsx#hoja=PFRU24_K;fila=521;C=5035;columna=K_OCTU,
current_monthly_not_comparable,,2024-10-01,month,2024-10,MCBA,,Frutas,,Naranja,,Salustiana,,Ctes.,,Pe,,,,Moneda interpretada como ARS por tratarse de lista local MCBA. Atributos fuente: CAL=EL; TAM=110/130.,,500.0,,,$/kg,,ARS,False,0,,,,111908,PFRU24_K.xlsx#hoja=PFRU24_K;fila=531;C=5992;columna=K_OCTU,
current_monthly_not_comparable,,2024-10-01,month,2024-10,MCBA,,Frutas,,Naranja,,Salustiana,,E. Rios,,Pe,,,,Moneda interpretada como ARS por tratarse de lista local MCBA. Atributos fuente: CAL=EL; TAM=090/110.,,480.3,,,$/kg,,ARS,False,0,,,,111917,PFRU24_K.xlsx#hoja=PFRU24_K;fila=534;C=5549;columna=K_OCTU,
current_monthly_not_comparable,,2024-10-01,month,2024-10,MCBA,,Frutas,,Naranja,,Salustiana,,E. Rios,,Pe,,,,Moneda interpretada como ARS por tratarse de lista local MCBA. Atributos fuente: CAL=CL; TAM=090/120.,,388.9,,,$/kg,,ARS,False,0,,,,111930,PFRU24_K.xlsx#hoja=PFRU24_K;fila=537;C=5727;columna=K_OCTU,
current_monthly_not_comparable,,2024-10-01,month,2024-10,MCBA,,Frutas,,Naranja,,Val.Seedle,,E. Rios,,Pe,,,,Moneda interpretada como ARS por tratarse de lista local MCBA. Atributos fuente: CAL=EL; TAM=090/110.,,550.0,,,$/kg,,ARS,False,0,,,,111938,PFRU24_K.xlsx#hoja=PFRU24_K;fila=541;C=5797;columna=K_OCTU,
current_monthly_not_comparable,,2024-10-01,month,2024-10,MCBA,,Frutas,,Naranja,,Valen.Late,,Bs. As.,,Pe,,,,Moneda interpretada como ARS por tratarse de lista local MCBA. Atributos fuente: CAL=EL; TAM=100/120.,,481.3,,,$/kg,,ARS,False,0,,,,111942,PFRU24_K.xlsx#hoja=PFRU24_K;fila=543;C=1140;columna=K_OCTU,
current_monthly_not_comparable,,2024-10-01,month,2024-10,MCBA,,Frutas,,Naranja,,Valencia,,Bs. As.,,Pe,,,,Moneda interpretada como ARS por tratarse de lista local MCBA. Atributos fuente: CAL=CL; TAM=090/110.,,500.0,,,$/kg,,ARS,False,0,,,,111952,PFRU24_K.xlsx#hoja=PFRU24_K;fila=547;C=4496;columna=K_OCTU,
current_monthly_not_comparable,,2024-10-01,month,2024-10,MCBA,,Frutas,,Naranja,,Valencia,,E. Rios,,Pe,,,,Moneda interpretada como ARS por tratarse de lista local MCBA. Atributos fuente: CAL=EL; TAM=090/110.,,472.2,,,$/kg,,ARS,False,0,,,,111958,PFRU24_K.xlsx#hoja=PFRU24_K;fila=550;C=2123;columna=K_OCTU,
current_monthly_not_comparable,,2024-10-01,month,2024-10,MCBA,,Frutas,,Naranja,,Valencia,,E. Rios,,Pe,,,,Moneda interpretada como ARS por tratarse de lista local MCBA. Atributos fuente: CAL=CL; TAM=110/130.,,416.7,,,$/kg,,ARS,False,0,,,,111973,PFRU24_K.xlsx#hoja=PFRU24_K;fila=555;C=6260;columna=K_OCTU,
current_monthly_not_comparable,,2024-10-01,month,2024-10,MCBA,,Frutas,,Naranja,,W.Navel,,Bs. As.,,Pe,,,,Moneda interpretada como ARS por tratarse de lista local MCBA. Atributos fuente: CAL=EL; TAM=100/120.,,527.8,,,$/kg,,ARS,False,0,,,,111987,PFRU24_K.xlsx#hoja=PFRU24_K;fila=561;C=2903;columna=K_OCTU,
current_monthly_not_comparable,,2024-10-01,month,2024-10,MCBA,,Frutas,,Naranja,,W.Navel,,Bs. As.,,Pe,,,,Moneda interpretada como ARS por tratarse de lista local MCBA. Atributos fuente: CAL=EL; TAM=080/100.,,611.1,,,$/kg,,ARS,False,0,,,,111989,PFRU24_K.xlsx#hoja=PFRU24_K;fila=563;C=6003;columna=K_OCTU,
current_monthly_not_comparable,,2024-10-01,month,2024-10,MCBA,,Frutas,,Naranja,,W.Navel,,E. Rios,,Pe,,,,Moneda interpretada como ARS por tratarse de lista local MCBA. Atributos fuente: CAL=EL; TAM=090/110.,,483.6,,,$/kg,,ARS,False,0,,,,111996,PFRU24_K.xlsx#hoja=PFRU24_K;fila=564;C=5012;columna=K_OCTU,
current_monthly_not_comparable,,2024-10-01,month,2024-10,MCBA,,Frutas,,Nuez,,,,Mendoza,,Bo,,,,Moneda interpretada como ARS por tratarse de lista local MCBA. Atributos fuente: CAL=EL; TAM=GRANEL.,,4360.0,,,$/kg,,ARS,False,0,,,,112008,PFRU24_K.xlsx#hoja=PFRU24_K;fila=568;C=5054;columna=K_OCTU,
current_monthly_not_comparable,,2024-10-01,month,2024-10,MCBA,,Frutas,,Palta,,Hass,,Brasil,,Ba,,,,Moneda interpretada como ARS por tratarse de lista local MCBA. Atributos fuente: CAL=EL; TAM=MEDIANO.,,3300.0,,,$/kg,,ARS,False,0,,,,112026,PFRU24_K.xlsx#hoja=PFRU24_K;fila=572;C=5423;columna=K_OCTU,
current_monthly_not_comparable,,2024-10-01,month,2024-10,MCBA,,Frutas,,Palta,,Hass,,Brasil,,Ba,,,,Moneda interpretada como ARS por tratarse de lista local MCBA. Atributos fuente: CAL=EL; TAM=GRANDE.,,3500.0,,,$/kg,,ARS,False,0,,,,112034,PFRU24_K.xlsx#hoja=PFRU24_K;fila=573;C=5422;columna=K_OCTU,
current_monthly_not_comparable,,2024-10-01,month,2024-10,MCBA,,Frutas,,Palta,,Hass,,Chile,,Ca,,,,Moneda interpretada como ARS por tratarse de lista local MCBA. Atributos fuente: CAL=EL; TAM=GRANDE.,,5800.0,,,$/kg,,ARS,False,0,,,,112044,PFRU24_K.xlsx#hoja=PFRU24_K;fila=574;C=2923;columna=K_OCTU,
current_monthly_not_comparable,,2024-10-01,month,2024-10,MCBA,,Frutas,,Palta,,Hass,,Chile,,Ca,,,,Moneda interpretada como ARS por tratarse de lista local MCBA. Atributos fuente: CAL=EL; TAM=MEDIANO.,,5280.0,,,$/kg,,ARS,False,0,,,,112056,PFRU24_K.xlsx#hoja=PFRU24_K;fila=576;C=6221;columna=K_OCTU,
current_monthly_not_comparable,,2024-10-01,month,2024-10,MCBA,,Frutas,,Palta,,Hass,,Chile,,Ca,,,,Moneda interpretada como ARS por tratarse de lista local MCBA. Atributos fuente: CAL=EL; TAM=GRANEL.,,4000.0,,,$/kg,,ARS,False,0,,,,112059,PFRU24_K.xlsx#hoja=PFRU24_K;fila=577;C=6256;columna=K_OCTU,
current_monthly_not_comparable,,2024-10-01,month,2024-10,MCBA,,Frutas,,Palta,,Hass,,Peru,,Ba,,,,Moneda interpretada como ARS por tratarse de lista local MCBA. Atributos fuente: CAL=EL; TAM=GRANDE.,,3400.0,,,$/kg,,ARS,False,0,,,,112077,PFRU24_K.xlsx#hoja=PFRU24_K;fila=584;C=6001;columna=K_OCTU,
current_monthly_not_comparable,,2024-10-01,month,2024-10,MCBA,,Frutas,,Palta,,Hass,,Peru,,Ba,,,,Moneda interpretada como ARS por tratarse de lista local MCBA. Atributos fuente: CAL=EL; TAM=MEDIANO.,,3225.0,,,$/kg,,ARS,False,0,,,,112084,PFRU24_K.xlsx#hoja=PFRU24_K;fila=585;C=5345;columna=K_OCTU,
current_monthly_not_comparable,,2024-10-01,month,2024-10,MCBA,,Frutas,,Palta,,Hass,,Tucuman,,Ca,,,,Moneda interpretada como ARS por tratarse de lista local MCBA. Atributos fuente: CAL=EL; TAM=GRANDE.,,2500.0,,,$/kg,,ARS,False,0,,,,112090,PFRU24_K.xlsx#hoja=PFRU24_K;fila=586;C=2920;columna=K_OCTU,
current_monthly_not_comparable,,2024-10-01,month,2024-10,MCBA,,Frutas,,Palta,,Lula,,Tucuman,,Ba,,,,Moneda interpretada como ARS por tratarse de lista local MCBA. Atributos fuente: CAL=CL; TAM=GRANEL.,,2125.0,,,$/kg,,ARS,False,0,,,,112100,PFRU24_K.xlsx#hoja=PFRU24_K;fila=587;C=5021;columna=K_OCTU,
current_monthly_not_comparable,,2024-10-01,month,2024-10,MCBA,,Frutas,,Pelon,,Dn Basilio,,Jujuy,,Ca,,,,Moneda interpretada como ARS por tratarse de lista local MCBA. Atributos fuente: CAL=EL; TAM=GRANDE.,,2782.0,,,$/kg,,ARS,False,0,,,,112139,PFRU24_K.xlsx#hoja=PFRU24_K;fila=614;C=5658;columna=K_OCTU,
current_monthly_not_comparable,,2024-10-01,month,2024-10,MCBA,,Frutas,,Pera,,Packham'S,,R. Negro,,Ja,,,,Moneda interpretada como ARS por tratarse de lista local MCBA. Atributos fuente: CAL=CL; TAM=110/130.,,690.0,,,$/kg,,ARS,False,0,,,,112197,PFRU24_K.xlsx#hoja=PFRU24_K;fila=646;C=5432;columna=K_OCTU,
current_monthly_not_comparable,,2024-10-01,month,2024-10,MCBA,,Frutas,,Pera,,Packham'S,,R. Negro,,Ja,,,,Moneda interpretada como ARS por tratarse de lista local MCBA. Atributos fuente: CAL=EL; TAM=100/120.,,944.4,,,$/kg,,ARS,False,0,,,,112205,PFRU24_K.xlsx#hoja=PFRU24_K;fila=647;C=6194;columna=K_OCTU,
current_monthly_not_comparable,,2024-10-01,month,2024-10,MCBA,,Frutas,,Pera,,Packham'S,,R. Negro,,Ca,,,,Moneda interpretada como ARS por tratarse de lista local MCBA. Atributos fuente: CAL=EL; TAM=113/125.,,1050.0,,,$/kg,,ARS,False,0,,,,112213,PFRU24_K.xlsx#hoja=PFRU24_K;fila=648;C=6203;columna=K_OCTU,
current_monthly_not_comparable,,2024-10-01,month,2024-10,MCBA,,Frutas,,Pera,,Packham'S,,R. Negro,,Ca,,,,Moneda interpretada como ARS por tratarse de lista local MCBA. Atributos fuente: CAL=EL; TAM=070/090.,,1339.0,,,$/kg,,ARS,False,0,,,,112220,PFRU24_K.xlsx#hoja=PFRU24_K;fila=649;C=6215;columna=K_OCTU,
current_monthly_not_comparable,,2024-10-01,month,2024-10,MCBA,,Frutas,,Pera,,Packham'S,,R. Negro,,Ca,,,,Moneda interpretada como ARS por tratarse de lista local MCBA. Atributos fuente: CAL=EL; TAM=036/042.,,1521.0,,,$/kg,,ARS,False,0,,,,112225,PFRU24_K.xlsx#hoja=PFRU24_K;fila=650;C=4959;columna=K_OCTU,
current_monthly_not_comparable,,2024-10-01,month,2024-10,MCBA,,Frutas,,Pera,,Packham'S,,R. Negro,,Ja,,,,Moneda interpretada como ARS por tratarse de lista local MCBA. Atributos fuente: CAL=EL; TAM=090/120.,,250.0,,,$/kg,,ARS,False,0,,,,112228,PFRU24_K.xlsx#hoja=PFRU24_K;fila=651;C=5534;columna=K_OCTU,
current_monthly_not_comparable,,2024-10-01,month,2024-10,MCBA,,Frutas,,Platano,,,,Ecuador,,Ca,,,,Moneda interpretada como ARS por tratarse de lista local MCBA. Atributos fuente: CAL=EL; TAM=GRANEL; GRADO=V/P.,,1833.0,,,$/kg,,ARS,False,0,,,,112283,PFRU24_K.xlsx#hoja=PFRU24_K;fila=671;C=5020;columna=K_OCTU,
current_monthly_not_comparable,,2024-10-01,month,2024-10,MCBA,,Frutas,,Platano,,,,Ecuador,,Ca,,,,Moneda interpretada como ARS por tratarse de lista local MCBA. Atributos fuente: CAL=EL; TAM=GRANDE; GRADO=V/P.,,1750.0,,,$/kg,,ARS,False,0,,,,112285,PFRU24_K.xlsx#hoja=PFRU24_K;fila=672;C=4632;columna=K_OCTU,
current_monthly_not_comparable,,2024-10-01,month,2024-10,MCBA,,Frutas,,Pomelo,,Marsh.Seed,,E. Rios,,Pe,,,,Moneda interpretada como ARS por tratarse de lista local MCBA. Atributos fuente: CAL=EL; TAM=048/066.,,444.4,,,$/kg,,ARS,False,0,,,,112294,PFRU24_K.xlsx#hoja=PFRU24_K;fila=676;C=2158;columna=K_OCTU,
current_monthly_not_comparable,,2024-10-01,month,2024-10,MCBA,,Frutas,,Pomelo,,Ruby,,E. Rios,,Pe,,,,Moneda interpretada como ARS por tratarse de lista local MCBA. Atributos fuente: CAL=EL; TAM=056/070.,,500.0,,,$/kg,,ARS,False,0,,,,112307,PFRU24_K.xlsx#hoja=PFRU24_K;fila=680;C=6195;columna=K_OCTU,
current_monthly_not_comparable,,2024-10-01,month,2024-10,MCBA,,Frutas,,Pomelo,,Star Ruby,,Chile,,Ca,,,,Moneda interpretada como ARS por tratarse de lista local MCBA. Atributos fuente: CAL=EL; TAM=050/060.,,1570.0,,,$/kg,,ARS,False,0,,,,112315,PFRU24_K.xlsx#hoja=PFRU24_K;fila=684;C=3422;columna=K_OCTU,
current_monthly_not_comparable,,2024-10-01,month,2024-10,MCBA,,Frutas,,Pomelo,,Star Ruby,,Ctes.,,Pe,,,,Moneda interpretada como ARS por tratarse de lista local MCBA. Atributos fuente: CAL=EL; TAM=056/070.,,611.1,,,$/kg,,ARS,False,0,,,,112327,PFRU24_K.xlsx#hoja=PFRU24_K;fila=686;C=4805;columna=K_OCTU,
current_monthly_not_comparable,,2024-10-01,month,2024-10,MCBA,,Frutas,,Pomelo,,Star Ruby,,E. Rios,,Pe,,,,Moneda interpretada como ARS por tratarse de lista local MCBA. Atributos fuente: CAL=EL; TAM=048/066.,,626.7,,,$/kg,,ARS,False,0,,,,112336,PFRU24_K.xlsx#hoja=PFRU24_K;fila=687;C=1767;columna=K_OCTU,
current_monthly_not_comparable,,2024-10-01,month,2024-10,MCBA,,Frutas,,Pomelo,,Star Ruby,,Salta,,Ca,,,,Moneda interpretada como ARS por tratarse de lista local MCBA. Atributos fuente: CAL=EL; TAM=048/066.,,760.0,,,$/kg,,ARS,False,0,,,,112354,PFRU24_K.xlsx#hoja=PFRU24_K;fila=694;C=3253;columna=K_OCTU,
current_monthly_not_comparable,,2024-10-01,month,2024-10,MCBA,,Frutas,,Pomelo,,Star Ruby,,Tucuman,,Ca,,,,Moneda interpretada como ARS por tratarse de lista local MCBA. Atributos fuente: CAL=EL; TAM=056/070.,,711.1,,,$/kg,,ARS,False,0,,,,112358,PFRU24_K.xlsx#hoja=PFRU24_K;fila=696;C=6240;columna=K_OCTU,
current_monthly_not_comparable,,2024-10-01,month,2024-10,MCBA,,Frutas,,Sandia,,,,Brasil,,Gr,,,,Moneda interpretada como ARS por tratarse de lista local MCBA. Atributos fuente: CAL=CL; TAM=GRANEL.,,862.5,,,$/kg,,ARS,False,0,,,,112366,PFRU24_K.xlsx#hoja=PFRU24_K;fila=699;C=2785;columna=K_OCTU,
current_monthly_not_comparable,,2024-10-01,month,2024-10,MCBA,,Frutas,,Sandia,,,,Ctes.,,Gr,,,,Moneda interpretada como ARS por tratarse de lista local MCBA. Atributos fuente: CAL=CL; TAM=GRANEL.,,850.0,,,$/kg,,ARS,False,0,,,,112372,PFRU24_K.xlsx#hoja=PFRU24_K;fila=701;C=1452;columna=K_OCTU,
current_monthly_not_comparable,,2024-10-01,month,2024-10,MCBA,,Frutas,,Sandia,,,,Formosa,,Gr,,,,Moneda interpretada como ARS por tratarse de lista local MCBA. Atributos fuente: CAL=CL; TAM=GRANEL.,,895.0,,,$/kg,,ARS,False,0,,,,112380,PFRU24_K.xlsx#hoja=PFRU24_K;fila=703;C=1409;columna=K_OCTU,
current_monthly_not_comparable,,2024-10-01,month,2024-10,MCBA,,Frutas,,Sandia,,,,Salta,,Gr,,,,Moneda interpretada como ARS por tratarse de lista local MCBA. Atributos fuente: CAL=CL; TAM=GRANEL.,,876.0,,,$/kg,,ARS,False,0,,,,112388,PFRU24_K.xlsx#hoja=PFRU24_K;fila=706;C=4966;columna=K_OCTU,
current_monthly_not_comparable,,2024-10-01,month,2024-10,MCBA,,Frutas,,Sandia,,,,Sgo.Est.,,,,,,Moneda interpretada como ARS por tratarse de lista local MCBA. Atributos fuente: CAL=CL; TAM=GRANEL.,,850.0,,,$/kg,,ARS,False,0,,,,112392,PFRU24_K.xlsx#hoja=PFRU24_K;fila=708;C=5045;columna=K_OCTU,
current_monthly_not_comparable,,2024-10-01,month,2024-10,MCBA,,Frutas,,Sandia,,,,Tucuman,,Gr,,,,Moneda interpretada como ARS por tratarse de lista local MCBA. Atributos fuente: CAL=CL; TAM=GRANEL.,,782.1,,,$/kg,,ARS,False,0,,,,112393,PFRU24_K.xlsx#hoja=PFRU24_K;fila=709;C=5794;columna=K_OCTU,
current_monthly_not_comparable,,2024-10-01,month,2024-10,MCBA,,Frutas,,Uva,,Arra 15,,Brasil,,Ca,,,,Moneda interpretada como ARS por tratarse de lista local MCBA. Atributos fuente: CAL=EL; TAM=GRANEL.,,4641.0,,,$/kg,,ARS,False,0,,,,112401,PFRU24_K.xlsx#hoja=PFRU24_K;fila=714;C=5716;columna=K_OCTU,
current_monthly_not_comparable,,2024-10-01,month,2024-10,MCBA,,Frutas,,Uva,,Arra 15,,Brasil,,Ca,,,,Moneda interpretada como ARS por tratarse de lista local MCBA. Atributos fuente: CAL=EL; TAM=GRANEL.,,5625.0,,,$/kg,,ARS,False,0,,,,112402,PFRU24_K.xlsx#hoja=PFRU24_K;fila=715;C=6257;columna=K_OCTU,
current_monthly_not_comparable,,2024-10-01,month,2024-10,MCBA,,Frutas,,Uva,,Isis,,Brasil,,Ca,,,,Moneda interpretada como ARS por tratarse de lista local MCBA. Atributos fuente: CAL=EL; TAM=GRANDE.,,4586.0,,,$/kg,,ARS,False,0,,,,112426,PFRU24_K.xlsx#hoja=PFRU24_K;fila=724;C=5742;columna=K_OCTU,
current_monthly_not_comparable,,2024-10-01,month,2024-10,MCBA,,Frutas,,Uva,,Red Globe,,Brasil,,Ca,,,,Moneda interpretada como ARS por tratarse de lista local MCBA. Atributos fuente: CAL=EL; TAM=GRANDE.,,5750.0,,,$/kg,,ARS,False,0,,,,112438,PFRU24_K.xlsx#hoja=PFRU24_K;fila=730;C=2090;columna=K_OCTU,
current_monthly_not_comparable,,2024-10-01,month,2024-10,MCBA,,Frutas,,Uva,,Scarlotta,,Brasil,,Ca,,,,Moneda interpretada como ARS por tratarse de lista local MCBA. Atributos fuente: CAL=EL; TAM=GRANEL.,,4875.0,,,$/kg,,ARS,False,0,,,,112467,PFRU24_K.xlsx#hoja=PFRU24_K;fila=737;C=6229;columna=K_OCTU,
current_monthly_not_comparable,,2024-10-01,month,2024-10,MCBA,,Frutas,,Uva,,Sugar Crip,,Brasil,,Ca,,,,Moneda interpretada como ARS por tratarse de lista local MCBA. Atributos fuente: CAL=EL; TAM=GRANEL.,,4750.0,,,$/kg,,ARS,False,0,,,,112469,PFRU24_K.xlsx#hoja=PFRU24_K;fila=738;C=5721;columna=K_OCTU,
current_monthly_not_comparable,,2024-10-01,month,2024-10,MCBA,,Frutas,,Uva,,Sugraforty,,Brasil,,Ca,,,,Moneda interpretada como ARS por tratarse de lista local MCBA. Atributos fuente: CAL=EL; TAM=GRANEL.,,5859.0,,,$/kg,,ARS,False,0,,,,112470,PFRU24_K.xlsx#hoja=PFRU24_K;fila=739;C=6255;columna=K_OCTU,
current_monthly_not_comparable,,2024-10-01,month,2024-10,MCBA,,Frutas,,Uva,,Sweet Jubi,,Brasil,,Ca,,,,Moneda interpretada como ARS por tratarse de lista local MCBA. Atributos fuente: CAL=EL; TAM=GRANEL.,,4399.0,,,$/kg,,ARS,False,0,,,,112485,PFRU24_K.xlsx#hoja=PFRU24_K;fila=744;C=5344;columna=K_OCTU,
current_monthly_not_comparable,,2025-10-01,month,2025-10,MCBA,,Hortalizas,,Acelga,,,,Bs. As.,,Ja,,,,Moneda interpretada como ARS por tratarse de lista local MCBA. Atributos fuente: CAL=1A; GRADO=INV.,,748.3,,,$/kg,,ARS,False,0,,,,112509,PHOR25_K.xlsx#hoja=PHOR25_K;fila=2;C=2339;columna=K_OCTU,
current_monthly_not_comparable,,2025-10-01,month,2025-10,MCBA,,Hortalizas,,Acelga,,,,Bs. As.,,Ja,,,,Moneda interpretada como ARS por tratarse de lista local MCBA. Atributos fuente: CAL=1A; TAM=SIN TAM.,,604.4,,,$/kg,,ARS,False,0,,,,112521,PHOR25_K.xlsx#hoja=PHOR25_K;fila=3;C=4149;columna=K_OCTU,
current_monthly_not_comparable,,2025-10-01,month,2025-10,MCBA,,Hortalizas,,Acelga,,,,Bs. As.,,Ja,,,,Moneda interpretada como ARS por tratarse de lista local MCBA. Atributos fuente: CAL=2A; TAM=SIN TAM.,,469.8,,,$/kg,,ARS,False,0,,,,112533,PHOR25_K.xlsx#hoja=PHOR25_K;fila=4;C=4150;columna=K_OCTU,
current_monthly_not_comparable,,2025-10-01,month,2025-10,MCBA,,Hortalizas,,Achicoria,,,,Bs. As.,,At,,,,Moneda interpretada como ARS por tratarse de lista local MCBA. Atributos fuente: TAM=MEDIANO.,,364.8,,,$/kg,,ARS,False,0,,,,112550,PHOR25_K.xlsx#hoja=PHOR25_K;fila=9;C=4505;columna=K_OCTU,
current_monthly_not_comparable,,2025-10-01,month,2025-10,MCBA,,Hortalizas,,Acusay,,,,Bs. As.,,Ja,,,,Moneda interpretada como ARS por tratarse de lista local MCBA. Atributos fuente: CAL=1A; TAM=GRANDE.,,775.2,,,$/kg,,ARS,False,0,,,,112565,PHOR25_K.xlsx#hoja=PHOR25_K;fila=13;C=3306;columna=K_OCTU,
current_monthly_not_comparable,,2025-10-01,month,2025-10,MCBA,,Hortalizas,,Ajo,,Colorado,,Mendoza,,Rt,,,,Moneda interpretada como ARS por tratarse de lista local MCBA. Atributos fuente: CAL=1A; TAM=7.,,1171.0,,,$/kg,,ARS,False,0,,,,112573,PHOR25_K.xlsx#hoja=PHOR25_K;fila=15;C=3488;columna=K_OCTU,
current_monthly_not_comparable,,2025-10-01,month,2025-10,MCBA,,Hortalizas,,Ajo,,Colorado,,Mendoza,,Rt,,,,Moneda interpretada como ARS por tratarse de lista local MCBA. Atributos fuente: CAL=1A; TAM=9.,,3326.0,,,$/kg,,ARS,False,0,,,,112579,PHOR25_K.xlsx#hoja=PHOR25_K;fila=16;C=3489;columna=K_OCTU,
current_monthly_not_comparable,,2025-10-01,month,2025-10,MCBA,,Hortalizas,,Ajo,,Colorado,,Mendoza,,Rt,,,,Moneda interpretada como ARS por tratarse de lista local MCBA. Atributos fuente: CAL=1A; TAM=8.,,1989.0,,,$/kg,,ARS,False,0,,,,112590,PHOR25_K.xlsx#hoja=PHOR25_K;fila=18;C=4015;columna=K_OCTU,
current_monthly_not_comparable,,2025-10-01,month,2025-10,MCBA,,Hortalizas,,Ajo,,Colorado,,Mendoza,,Rt,,,,Moneda interpretada como ARS por tratarse de lista local MCBA. Atributos fuente: CAL=1A; TAM=4.,,853.3,,,$/kg,,ARS,False,0,,,,112596,PHOR25_K.xlsx#hoja=PHOR25_K;fila=19;C=4076;columna=K_OCTU,
current_monthly_not_comparable,,2025-10-01,month,2025-10,MCBA,,Hortalizas,,Ajo,,Colorado,,Mendoza,,Rt,,,,Moneda interpretada como ARS por tratarse de lista local MCBA. Atributos fuente: CAL=1A; TAM=11.,,4152.0,,,$/kg,,ARS,False,0,,,,112605,PHOR25_K.xlsx#hoja=PHOR25_K;fila=21;C=4456;columna=K_OCTU,
current_monthly_not_comparable,,2025-10-01,month,2025-10,MCBA,,Hortalizas,,Ajo,,Mdo. Chino,,Mendoza,,Rt,,,,Moneda interpretada como ARS por tratarse de lista local MCBA. Atributos fuente: CAL=1A; TAM=7.,,2217.0,,,$/kg,,ARS,False,0,,,,112646,PHOR25_K.xlsx#hoja=PHOR25_K;fila=31;C=3564;columna=K_OCTU,
current_monthly_not_comparable,,2025-10-01,month,2025-10,MCBA,,Hortalizas,,Ajo,,Mdo. Chino,,Mendoza,,Rt,,,,Moneda interpretada como ARS por tratarse de lista local MCBA. Atributos fuente: CAL=2A; TAM=11.,,6494.0,,,$/kg,,ARS,False,0,,,,112656,PHOR25_K.xlsx#hoja=PHOR25_K;fila=32;C=3829;columna=K_OCTU,
current_monthly_not_comparable,,2025-10-01,month,2025-10,MCBA,,Hortalizas,,Ajo,,Mdo. Chino,,Mendoza,,Rt,,,,Moneda interpretada como ARS por tratarse de lista local MCBA. Atributos fuente: CAL=1A; TAM=9.,,3637.0,,,$/kg,,ARS,False,0,,,,112664,PHOR25_K.xlsx#hoja=PHOR25_K;fila=33;C=3974;columna=K_OCTU,
current_monthly_not_comparable,,2025-10-01,month,2025-10,MCBA,,Hortalizas,,Ajo,,Mdo. Chino,,Mendoza,,Rt,,,,Moneda interpretada como ARS por tratarse de lista local MCBA. Atributos fuente: CAL=1A; TAM=4.,,2069.0,,,$/kg,,ARS,False,0,,,,112673,PHOR25_K.xlsx#hoja=PHOR25_K;fila=34;C=4199;columna=K_OCTU,
current_monthly_not_comparable,,2025-10-01,month,2025-10,MCBA,,Hortalizas,,Ajo,,Mdo. Chino,,Mendoza,,Rt,,,,Moneda interpretada como ARS por tratarse de lista local MCBA. Atributos fuente: CAL=1A; TAM=10.,,5664.0,,,$/kg,,ARS,False,0,,,,112688,PHOR25_K.xlsx#hoja=PHOR25_K;fila=37;C=3563;columna=K_OCTU,
current_monthly_not_comparable,,2025-10-01,month,2025-10,MCBA,,Hortalizas,,Ajo,,Mdo. Chino,,Mendoza,,Rt,,,,Moneda interpretada como ARS por tratarse de lista local MCBA. Atributos fuente: CAL=2A; TAM=10.,,4550.0,,,$/kg,,ARS,False,0,,,,112692,PHOR25_K.xlsx#hoja=PHOR25_K;fila=39;C=2701;columna=K_OCTU,
current_monthly_not_comparable,,2025-10-01,month,2025-10,MCBA,,Hortalizas,,Ajo,,Mdo. Chino,,San Juan,,Rt,,,,Moneda interpretada como ARS por tratarse de lista local MCBA. Atributos fuente: CAL=2A; TAM=6.,,1850.0,,,$/kg,,ARS,False,0,,,,112696,PHOR25_K.xlsx#hoja=PHOR25_K;fila=41;C=2679;columna=K_OCTU,
current_monthly_not_comparable,,2025-10-01,month,2025-10,MCBA,,Hortalizas,,Ajo,,Mdo. Chino,,San Juan,,Rt,,,,Moneda interpretada como ARS por tratarse de lista local MCBA. Atributos fuente: CAL=2A; TAM=10.,,1873.0,,,$/kg,,ARS,False,0,,,,112698,PHOR25_K.xlsx#hoja=PHOR25_K;fila=42;C=2699;columna=K_OCTU,
current_monthly_not_comparable,,2025-10-01,month,2025-10,MCBA,,Hortalizas,,Ajo,,Mdo. Chino,,San Juan,,Rt,,,,Moneda interpretada como ARS por tratarse de lista local MCBA. Atributos fuente: CAL=2A; TAM=7.,,1853.0,,,$/kg,,ARS,False,0,,,,112700,PHOR25_K.xlsx#hoja=PHOR25_K;fila=43;C=3332;columna=K_OCTU,
current_monthly_not_comparable,,2025-10-01,month,2025-10,MCBA,,Hortalizas,,Ajo,,Mdo. Chino,,San Juan,,Rt,,,,Moneda interpretada como ARS por tratarse de lista local MCBA. Atributos fuente: CAL=1A; TAM=10.,,5730.0,,,$/kg,,ARS,False,0,,,,112702,PHOR25_K.xlsx#hoja=PHOR25_K;fila=44;C=4182;columna=K_OCTU,
current_monthly_not_comparable,,2025-10-01,month,2025-10,MCBA,,Hortalizas,,Ajo,,Mdo. Chino,,San Juan,,Rt,,,,Moneda interpretada como ARS por tratarse de lista local MCBA. Atributos fuente: CAL=1A; TAM=11.,,6127.0,,,$/kg,,ARS,False,0,,,,112704,PHOR25_K.xlsx#hoja=PHOR25_K;fila=45;C=4462;columna=K_OCTU,
current_monthly_not_comparable,,2025-10-01,month,2025-10,MCBA,,Hortalizas,,Ajo,,Mdo. Chino,,San Juan,,Rt,,,,Moneda interpretada como ARS por tratarse de lista local MCBA. Atributos fuente: CAL=2A; TAM=3.,,1900.0,,,$/kg,,ARS,False,0,,,,112706,PHOR25_K.xlsx#hoja=PHOR25_K;fila=46;C=4550;columna=K_OCTU,
current_monthly_not_comparable,,2025-10-01,month,2025-10,MCBA,,Hortalizas,,Ajo,,Mdo. Chino,,San Juan,,Rt,,,,Moneda interpretada como ARS por tratarse de lista local MCBA. Atributos fuente: CAL=1A; TAM=1.,,6563.0,,,$/kg,,ARS,False,0,,,,112707,PHOR25_K.xlsx#hoja=PHOR25_K;fila=47;C=4551;columna=K_OCTU,
current_monthly_not_comparable,,2025-10-01,month,2025-10,MCBA,,Hortalizas,,Albahaca,,,,Bs. As.,,At,,,,Moneda interpretada como ARS por tratarse de lista local MCBA. Atributos fuente: CAL=1A; GRADO=INV.,,458.1,,,$/kg,,ARS,False,0,,,,112717,PHOR25_K.xlsx#hoja=PHOR25_K;fila=49;C=1201;columna=K_OCTU,
current_monthly_not_comparable,,2025-10-01,month,2025-10,MCBA,,Hortalizas,,Albahaca,,,,Ctes.,,At,,,,Moneda interpretada como ARS por tratarse de lista local MCBA. Atributos fuente: CAL=1A; GRADO=INV.,,409.1,,,$/kg,,ARS,False,0,,,,112726,PHOR25_K.xlsx#hoja=PHOR25_K;fila=50;C=1367;columna=K_OCTU,
current_monthly_not_comparable,,2025-10-01,month,2025-10,MCBA,,Hortalizas,,Alcaucil,,Blanco,,Bs. As.,,To,,,,Moneda interpretada como ARS por tratarse de lista local MCBA. Atributos fuente: CAL=1A; TAM=MEDIANO.,,2721.0,,,$/kg,,ARS,False,0,,,,112727,PHOR25_K.xlsx#hoja=PHOR25_K;fila=52;C=2045;columna=K_OCTU,
current_monthly_not_comparable,,2025-10-01,month,2025-10,MCBA,,Hortalizas,,Alcaucil,,Blanco,,San Juan,,Pe,,,,Moneda interpretada como ARS por tratarse de lista local MCBA. Atributos fuente: CAL=1A; TAM=MEDIANO.,,2563.0,,,$/kg,,ARS,False,0,,,,112730,PHOR25_K.xlsx#hoja=PHOR25_K;fila=54;C=4023;columna=K_OCTU,
current_monthly_not_comparable,,2025-10-01,month,2025-10,MCBA,,Hortalizas,,Alcaucil,,Ñ. Frances,,Bs. As.,,To,,,,Moneda interpretada como ARS por tratarse de lista local MCBA. Atributos fuente: CAL=1A; TAM=MEDIANO.,,1704.0,,,$/kg,,ARS,False,0,,,,112741,PHOR25_K.xlsx#hoja=PHOR25_K;fila=57;C=1144;columna=K_OCTU,
current_monthly_not_comparable,,2025-10-01,month,2025-10,MCBA,,Hortalizas,,Alcaucil,,Ñ. Frances,,Bs. As.,,To,,,,Moneda interpretada como ARS por tratarse de lista local MCBA. Atributos fuente: CAL=1A; TAM=GRANDE.,,2392.0,,,$/kg,,ARS,False,0,,,,112744,PHOR25_K.xlsx#hoja=PHOR25_K;fila=58;C=1759;columna=K_OCTU,
current_monthly_not_comparable,,2025-10-01,month,2025-10,MCBA,,Hortalizas,,Apio,,,,Bs. As.,,To,,,,Moneda interpretada como ARS por tratarse de lista local MCBA. Atributos fuente: CAL=1A; TAM=MEDIANO; GRADO=INV.,,896.6,,,$/kg,,ARS,False,0,,,,112754,PHOR25_K.xlsx#hoja=PHOR25_K;fila=59;C=2790;columna=K_OCTU,
current_monthly_not_comparable,,2025-10-01,month,2025-10,MCBA,,Hortalizas,,Apio,,,,Bs. As.,,To,,,,Moneda interpretada como ARS por tratarse de lista local MCBA. Atributos fuente: CAL=1A; TAM=GRANDE; GRADO=INV.,,1067.0,,,$/kg,,ARS,False,0,,,,112766,PHOR25_K.xlsx#hoja=PHOR25_K;fila=60;C=3426;columna=K_OCTU,
current_monthly_not_comparable,,2025-10-01,month,2025-10,MCBA,,Hortalizas,,Arveja,,,,Bs. As.,,To,,,,Moneda interpretada como ARS por tratarse de lista local MCBA. Atributos fuente: CAL=1A; TAM=MEDIANO; GRADO=INV.,,3040.0,,,$/kg,,ARS,False,0,,,,112770,PHOR25_K.xlsx#hoja=PHOR25_K;fila=63;C=3106;columna=K_OCTU,
current_monthly_not_comparable,,2025-10-01,month,2025-10,MCBA,,Hortalizas,,Arveja,,,,Jujuy,,Bo,,,,Moneda interpretada como ARS por tratarse de lista local MCBA. Atributos fuente: CAL=1A; TAM=MEDIANO.,,2750.0,,,$/kg,,ARS,False,0,,,,112777,PHOR25_K.xlsx#hoja=PHOR25_K;fila=64;C=4303;columna=K_OCTU,
current_monthly_not_comparable,,2025-10-01,month,2025-10,MCBA,,Hortalizas,,Arveja,,,,M.D.Plat,,To,,,,Moneda interpretada como ARS por tratarse de lista local MCBA. Atributos fuente: CAL=1A; TAM=MEDIANO; GRADO=INV.,,3175.0,,,$/kg,,ARS,False,0,,,,112778,PHOR25_K.xlsx#hoja=PHOR25_K;fila=65;C=4556;columna=K_OCTU,
current_monthly_not_comparable,,2025-10-01,month,2025-10,MCBA,,Hortalizas,,Arveja,,,,Mendoza,,Bo,,,,Moneda interpretada como ARS por tratarse de lista local MCBA. Atributos fuente: CAL=1A; TAM=MEDIANO.,,1800.0,,,$/kg,,ARS,False,0,,,,112785,PHOR25_K.xlsx#hoja=PHOR25_K;fila=66;C=3185;columna=K_OCTU,
current_monthly_not_comparable,,2025-10-01,month,2025-10,MCBA,,Hortalizas,,Batata,,Arapey,,Brasil,,Bo,,,,Moneda interpretada como ARS por tratarse de lista local MCBA. Atributos fuente: CAL=1A; TAM=MEDIANO.,,945.9,,,$/kg,,ARS,False,0,,,,112803,PHOR25_K.xlsx#hoja=PHOR25_K;fila=70;C=3808;columna=K_OCTU,
current_monthly_not_comparable,,2025-10-01,month,2025-10,MCBA,,Hortalizas,,Batata,,Arapey,,Cordoba,,Bo,,,,Moneda interpretada como ARS por tratarse de lista local MCBA. Atributos fuente: CAL=1A; TAM=MEDIANO.,,655.4,,,$/kg,,ARS,False,0,,,,112818,PHOR25_K.xlsx#hoja=PHOR25_K;fila=72;C=4319;columna=K_OCTU,
current_monthly_not_comparable,,2025-10-01,month,2025-10,MCBA,,Hortalizas,,Batata,,Beauregard,,Cordoba,,Bo,,,,Moneda interpretada como ARS por tratarse de lista local MCBA. Atributos fuente: CAL=1A; TAM=MEDIANO.,,1557.0,,,$/kg,,ARS,False,0,,,,112828,PHOR25_K.xlsx#hoja=PHOR25_K;fila=75;C=4219;columna=K_OCTU,
current_monthly_not_comparable,,2025-10-01,month,2025-10,MCBA,,Hortalizas,,Batata,,Beauregard,,Formosa,,Bo,,,,Moneda interpretada como ARS por tratarse de lista local MCBA. Atributos fuente: CAL=1A; TAM=MEDIANO.,,1701.0,,,$/kg,,ARS,False,0,,,,112832,PHOR25_K.xlsx#hoja=PHOR25_K;fila=76;C=4340;columna=K_OCTU,
current_monthly_not_comparable,,2025-10-01,month,2025-10,MCBA,,Hortalizas,,Batata,,Beauregard,,S. Pedro,,Ca,,,,Moneda interpretada como ARS por tratarse de lista local MCBA. Atributos fuente: CAL=1A; TAM=MEDIANO.,,1828.0,,,$/kg,,ARS,False,0,,,,112844,PHOR25_K.xlsx#hoja=PHOR25_K;fila=78;C=4546;columna=K_OCTU,
current_monthly_not_comparable,,2025-10-01,month,2025-10,MCBA,,Hortalizas,,Batata,,Violeta,,Brasil,,Bo,,,,Moneda interpretada como ARS por tratarse de lista local MCBA. Atributos fuente: CAL=1A; TAM=MEDIANO.,,1306.0,,,$/kg,,ARS,False,0,,,,112850,PHOR25_K.xlsx#hoja=PHOR25_K;fila=80;C=4547;columna=K_OCTU,
current_monthly_not_comparable,,2025-10-01,month,2025-10,MCBA,,Hortalizas,,Berenjena,,Vta.Med.La,,Bs. As.,,To,,,,Moneda interpretada como ARS por tratarse de lista local MCBA. Atributos fuente: CAL=1A; TAM=MEDIANO.,,1072.0,,,$/kg,,ARS,False,0,,,,112866,PHOR25_K.xlsx#hoja=PHOR25_K;fila=85;C=3843;columna=K_OCTU,
current_monthly_not_comparable,,2025-10-01,month,2025-10,MCBA,,Hortalizas,,Berenjena,,Vta.Med.La,,Ctes.,,To,,,,Moneda interpretada como ARS por tratarse de lista local MCBA. Atributos fuente: CAL=1A; TAM=MEDIANO.,,984.3,,,$/kg,,ARS,False,0,,,,112877,PHOR25_K.xlsx#hoja=PHOR25_K;fila=87;C=2308;columna=K_OCTU,
current_monthly_not_comparable,,2025-10-01,month,2025-10,MCBA,,Hortalizas,,Berenjena,,Vta.Med.La,,Ctes.,,To,,,,Moneda interpretada como ARS por tratarse de lista local MCBA. Atributos fuente: CAL=2A; TAM=MEDIANO.,,694.2,,,$/kg,,ARS,False,0,,,,112884,PHOR25_K.xlsx#hoja=PHOR25_K;fila=88;C=4186;columna=K_OCTU,
current_monthly_not_comparable,,2025-10-01,month,2025-10,MCBA,,Hortalizas,,Berenjena,,Vta.Med.La,,Salta,,To,,,,Moneda interpretada como ARS por tratarse de lista local MCBA. Atributos fuente: CAL=1A; TAM=MEDIANO.,,960.9,,,$/kg,,ARS,False,0,,,,112894,PHOR25_K.xlsx#hoja=PHOR25_K;fila=90;C=1499;columna=K_OCTU,
current_monthly_not_comparable,,2025-10-01,month,2025-10,MCBA,,Hortalizas,,Berenjena,,Vta.Med.La,,Salta,,Pe,,,,Moneda interpretada como ARS por tratarse de lista local MCBA. Atributos fuente: CAL=1A; TAM=MEDIANO; GRADO=INV.,,1413.0,,,$/kg,,ARS,False,0,,,,112902,PHOR25_K.xlsx#hoja=PHOR25_K;fila=91;C=2322;columna=K_OCTU,
current_monthly_not_comparable,,2025-10-01,month,2025-10,MCBA,,Hortalizas,,Berenjena,,Vta.Med.La,,Tucuman,,Pe,,,,Moneda interpretada como ARS por tratarse de lista local MCBA. Atributos fuente: CAL=1A; TAM=MEDIANO.,,1083.0,,,$/kg,,ARS,False,0,,,,112907,PHOR25_K.xlsx#hoja=PHOR25_K;fila=93;C=4391;columna=K_OCTU,
current_monthly_not_comparable,,2025-10-01,month,2025-10,MCBA,,Hortalizas,,Berro,,,,Bs. As.,,At,,,,Moneda interpretada como ARS por tratarse de lista local MCBA. Atributos fuente: CAL=1A; TAM=SIN TAM.,,2134.0,,,$/kg,,ARS,False,0,,,,112919,PHOR25_K.xlsx#hoja=PHOR25_K;fila=96;C=4509;columna=K_OCTU,
current_monthly_not_comparable,,2025-10-01,month,2025-10,MCBA,,Hortalizas,,Brocoli,,,,Bs. As.,,Ja,,,,Moneda interpretada como ARS por tratarse de lista local MCBA. Atributos fuente: CAL=1A; TAM=MEDIANO.,,1008.0,,,$/kg,,ARS,False,0,,,,112931,PHOR25_K.xlsx#hoja=PHOR25_K;fila=98;C=4174;columna=K_OCTU,
current_monthly_not_comparable,,2025-10-01,month,2025-10,MCBA,,Hortalizas,,Brocoli,,,,Bs. As.,,Ja,,,,Moneda interpretada como ARS por tratarse de lista local MCBA. Atributos fuente: CAL=1A; TAM=MEDIANO; GRADO=INV.,,1555.0,,,$/kg,,ARS,False,0,,,,112943,PHOR25_K.xlsx#hoja=PHOR25_K;fila=99;C=4216;columna=K_OCTU,
current_monthly_not_comparable,,2025-10-01,month,2025-10,MCBA,,Hortalizas,,Brocoli,,,,Mendoza,,Pe,,,,Moneda interpretada como ARS por tratarse de lista local MCBA. Atributos fuente: TAM=MEDIANO.,,1475.0,,,$/kg,,ARS,False,0,,,,112952,PHOR25_K.xlsx#hoja=PHOR25_K;fila=100;C=4286;columna=K_OCTU,
current_monthly_not_comparable,,2025-10-01,month,2025-10,MCBA,,Hortalizas,,Brote Alfa,,,,Bs. As.,,Bo,,,,Moneda interpretada como ARS por tratarse de lista local MCBA. Atributos fuente: CAL=1A; TAM=MEDIANO.,,7794.0,,,$/kg,,ARS,False,0,,,,112962,PHOR25_K.xlsx#hoja=PHOR25_K;fila=103;C=3696;columna=K_OCTU,
current_monthly_not_comparable,,2025-10-01,month,2025-10,MCBA,,Hortalizas,,Brote Soja,,,,Bs. As.,,Bo,,,,Moneda interpretada como ARS por tratarse de lista local MCBA. Atributos fuente: CAL=1A.,,5135.0,,,$/kg,,ARS,False,0,,,,112974,PHOR25_K.xlsx#hoja=PHOR25_K;fila=105;C=1048;columna=K_OCTU,
current_monthly_not_comparable,,2025-10-01,month,2025-10,MCBA,,Hortalizas,,Cardo,,,,Bs. As.,,At,,,,Moneda interpretada como ARS por tratarse de lista local MCBA. Atributos fuente: CAL=1A; TAM=MEDIANO.,,791.7,,,$/kg,,ARS,False,0,,,,112980,PHOR25_K.xlsx#hoja=PHOR25_K;fila=107;C=2613;columna=K_OCTU,
current_monthly_not_comparable,,2025-10-01,month,2025-10,MCBA,,Hortalizas,,Ceb.Verdeo,,Colorada,,Bs. As.,,Ja,,,,Moneda interpretada como ARS por tratarse de lista local MCBA. Atributos fuente: CAL=1A; TAM=MEDIANO.,,1504.0,,,$/kg,,ARS,False,0,,,,112991,PHOR25_K.xlsx#hoja=PHOR25_K;fila=110;C=2515;columna=K_OCTU,
current_monthly_not_comparable,,2025-10-01,month,2025-10,MCBA,,Hortalizas,,Ceb.Verdeo,,Colorada,,Bs. As.,,Ja,,,,Moneda interpretada como ARS por tratarse de lista local MCBA. Atributos fuente: CAL=1A; TAM=CHICO.,,1074.0,,,$/kg,,ARS,False,0,,,,113003,PHOR25_K.xlsx#hoja=PHOR25_K;fila=111;C=2560;columna=K_OCTU,
current_monthly_not_comparable,,2025-10-01,month,2025-10,MCBA,,Hortalizas,,Ceb.Verdeo,,Colorada,,Bs. As.,,At,,,,Moneda interpretada como ARS por tratarse de lista local MCBA. Atributos fuente: CAL=1A; TAM=MEDIANO.,,3314.0,,,$/kg,,ARS,False,0,,,,113015,PHOR25_K.xlsx#hoja=PHOR25_K;fila=112;C=160017;columna=K_OCTU,
current_monthly_not_comparable,,2025-10-01,month,2025-10,MCBA,,Hortalizas,,Cebolla,,Blanca,,Sgo.Est.,,Bo,,,,Moneda interpretada como ARS por tratarse de lista local MCBA. Atributos fuente: CAL=1A; TAM=MEDIANO.,,717.7,,,$/kg,,ARS,False,0,,,,113030,PHOR25_K.xlsx#hoja=PHOR25_K;fila=117;C=4545;columna=K_OCTU,
current_monthly_not_comparable,,2025-10-01,month,2025-10,MCBA,,Hortalizas,,Cebolla,,Colorada,,Brasil,,Bo,,,,Moneda interpretada como ARS por tratarse de lista local MCBA. Atributos fuente: CAL=1A; TAM=MEDIANO.,,1015.0,,,$/kg,,ARS,False,0,,,,113038,PHOR25_K.xlsx#hoja=PHOR25_K;fila=119;C=3591;columna=K_OCTU,
current_monthly_not_comparable,,2025-10-01,month,2025-10,MCBA,,Hortalizas,,Cebolla,,Colorada,,S.Bs.As.,,Bo,,,,Moneda interpretada como ARS por tratarse de lista local MCBA. Atributos fuente: CAL=1A; TAM=MEDIANO.,,618.1,,,$/kg,,ARS,False,0,,,,113057,PHOR25_K.xlsx#hoja=PHOR25_K;fila=123;C=3754;columna=K_OCTU,
current_monthly_not_comparable,,2025-10-01,month,2025-10,MCBA,,Hortalizas,,Cebolla,,Optima,,Brasil,,Bo,,,,Moneda interpretada como ARS por tratarse de lista local MCBA. Atributos fuente: CAL=1A; TAM=MEDIANO.,,560.3,,,$/kg,,ARS,False,0,,,,113061,PHOR25_K.xlsx#hoja=PHOR25_K;fila=124;C=3845;columna=K_OCTU,
current_monthly_not_comparable,,2025-10-01,month,2025-10,MCBA,,Hortalizas,,Cebolla,,Valenciana,,R. Negro,,Bo,,,,Moneda interpretada como ARS por tratarse de lista local MCBA. Atributos fuente: CAL=2A; TAM=MEDIANO.,,263.3,,,$/kg,,ARS,False,0,,,,113075,PHOR25_K.xlsx#hoja=PHOR25_K;fila=126;C=3728;columna=K_OCTU,
current_monthly_not_comparable,,2025-10-01,month,2025-10,MCBA,,Hortalizas,,Cebolla,,Valenciana,,S.Bs.As.,,Bo,,,,Moneda interpretada como ARS por tratarse de lista local MCBA. Atributos fuente: CAL=1A; TAM=MEDIANO.,,327.2,,,$/kg,,ARS,False,0,,,,113091,PHOR25_K.xlsx#hoja=PHOR25_K;fila=128;C=3780;columna=K_OCTU,
current_monthly_not_comparable,,2025-10-01,month,2025-10,MCBA,,Hortalizas,,Cebolla,,Valenciana,,S.Bs.As.,,Bo,,,,Moneda interpretada como ARS por tratarse de lista local MCBA. Atributos fuente: CAL=2A; TAM=MEDIANO.,,247.7,,,$/kg,,ARS,False,0,,,,113100,PHOR25_K.xlsx#hoja=PHOR25_K;fila=129;C=4119;columna=K_OCTU,
current_monthly_not_comparable,,2025-10-01,month,2025-10,MCBA,,Hortalizas,,Cebolla,,Valenciani,,Jujuy,,Bo,,,,Moneda interpretada como ARS por tratarse de lista local MCBA. Atributos fuente: CAL=2A; TAM=MEDIANO.,,355.0,,,$/kg,,ARS,False,0,,,,113103,PHOR25_K.xlsx#hoja=PHOR25_K;fila=131;C=4341;columna=K_OCTU,
current_monthly_not_comparable,,2025-10-01,month,2025-10,MCBA,,Hortalizas,,Cebolla,,Valenciani,,San Juan,,Bo,,,,Moneda interpretada como ARS por tratarse de lista local MCBA. Atributos fuente: CAL=1A; TAM=MEDIANO.,,453.5,,,$/kg,,ARS,False,0,,,,113111,PHOR25_K.xlsx#hoja=PHOR25_K;fila=136;C=3824;columna=K_OCTU,
current_monthly_not_comparable,,2025-10-01,month,2025-10,MCBA,,Hortalizas,,Cebolla,,Valenciani,,Sgo.Est.,,Bo,,,,Moneda interpretada como ARS por tratarse de lista local MCBA. Atributos fuente: CAL=2A; TAM=MEDIANO.,,365.9,,,$/kg,,ARS,False,0,,,,113115,PHOR25_K.xlsx#hoja=PHOR25_K;fila=137;C=3801;columna=K_OCTU,
current_monthly_not_comparable,,2025-10-01,month,2025-10,MCBA,,Hortalizas,,Cebolla,,Valenciani,,Sgo.Est.,,Bo,,,,Moneda interpretada como ARS por tratarse de lista local MCBA. Atributos fuente: CAL=1A; TAM=MEDIANO; GRADO=HIB.,,427.5,,,$/kg,,ARS,False,0,,,,113118,PHOR25_K.xlsx#hoja=PHOR25_K;fila=138;C=4542;columna=K_OCTU,
current_monthly_not_comparable,,2025-10-01,month,2025-10,MCBA,,Hortalizas,,Chaucha,,Española,,Bs. As.,,To,,,,Moneda interpretada como ARS por tratarse de lista local MCBA. Atributos fuente: CAL=1A; TAM=MEDIANO.,,1300.0,,,$/kg,,ARS,False,0,,,,113123,PHOR25_K.xlsx#hoja=PHOR25_K;fila=141;C=2048;columna=K_OCTU,
current_monthly_not_comparable,,2025-10-01,month,2025-10,MCBA,,Hortalizas,,Chaucha,,Española,,Salta,,To,,,,Moneda interpretada como ARS por tratarse de lista local MCBA. Atributos fuente: CAL=1A; TAM=MEDIANO.,,1684.0,,,$/kg,,ARS,False,0,,,,113130,PHOR25_K.xlsx#hoja=PHOR25_K;fila=142;C=1563;columna=K_OCTU,
current_monthly_not_comparable,,2025-10-01,month,2025-10,MCBA,,Hortalizas,,Chaucha,,Kronos,,Ctes.,,Pe,,,,Moneda interpretada como ARS por tratarse de lista local MCBA. Atributos fuente: CAL=1A; TAM=MEDIANO; GRADO=INV.,,2244.0,,,$/kg,,ARS,False,0,,,,113137,PHOR25_K.xlsx#hoja=PHOR25_K;fila=143;C=3886;columna=K_OCTU,
current_monthly_not_comparable,,2025-10-01,month,2025-10,MCBA,,Hortalizas,,Chaucha,,Rolliza,,Bs. As.,,To,,,,Moneda interpretada como ARS por tratarse de lista local MCBA. Atributos fuente: CAL=1A; TAM=MEDIANO; GRADO=INV.,,1867.0,,,$/kg,,ARS,False,0,,,,113156,PHOR25_K.xlsx#hoja=PHOR25_K;fila=149;C=4557;columna=K_OCTU,
current_monthly_not_comparable,,2025-10-01,month,2025-10,MCBA,,Hortalizas,,Chaucha,,Rolliza,,Salta,,To,,,,Moneda interpretada como ARS por tratarse de lista local MCBA. Atributos fuente: CAL=1A; TAM=MEDIANO.,,1859.0,,,$/kg,,ARS,False,0,,,,113166,PHOR25_K.xlsx#hoja=PHOR25_K;fila=151;C=1063;columna=K_OCTU,
current_monthly_not_comparable,,2025-10-01,month,2025-10,MCBA,,Hortalizas,,Chaucha,,Rolliza,,Salta,,To,,,,Moneda interpretada como ARS por tratarse de lista local MCBA. Atributos fuente: CAL=2A; TAM=MEDIANO.,,1346.0,,,$/kg,,ARS,False,0,,,,113170,PHOR25_K.xlsx#hoja=PHOR25_K;fila=152;C=170014;columna=K_OCTU,
current_monthly_not_comparable,,2025-10-01,month,2025-10,MCBA,,Hortalizas,,Choclo,,Amarillo,,Salta,,Pe,,,,Moneda interpretada como ARS por tratarse de lista local MCBA. Atributos fuente: CAL=1A; TAM=MEDIANO; GRADO=PRE.,,1557.0,,,$/kg,,ARS,False,0,,,,113200,PHOR25_K.xlsx#hoja=PHOR25_K;fila=161;C=3278;columna=K_OCTU,
current_monthly_not_comparable,,2025-10-01,month,2025-10,MCBA,,Hortalizas,,Choclo,,Amarillo,,Salta,,Pe,,,,Moneda interpretada como ARS por tratarse de lista local MCBA. Atributos fuente: CAL=2A; GRADO=PRE.,,1111.0,,,$/kg,,ARS,False,0,,,,113207,PHOR25_K.xlsx#hoja=PHOR25_K;fila=163;C=2371;columna=K_OCTU,
current_monthly_not_comparable,,2025-10-01,month,2025-10,MCBA,,Hortalizas,,Choclo,,Amarillo,,Salta,,Pe,,,,Moneda interpretada como ARS por tratarse de lista local MCBA. Atributos fuente: CAL=2A; TAM=MEDIANO; GRADO=PRE.,,1129.0,,,$/kg,,ARS,False,0,,,,113208,PHOR25_K.xlsx#hoja=PHOR25_K;fila=164;C=2911;columna=K_OCTU,
current_monthly_not_comparable,,2025-10-01,month,2025-10,MCBA,,Hortalizas,,Choclo,,Amarillo,,Santa Fe,,To,,,,Moneda interpretada como ARS por tratarse de lista local MCBA. Atributos fuente: CAL=1A; TAM=MEDIANO.,,1756.0,,,$/kg,,ARS,False,0,,,,113214,PHOR25_K.xlsx#hoja=PHOR25_K;fila=165;C=4242;columna=K_OCTU,
current_monthly_not_comparable,,2025-10-01,month,2025-10,MCBA,,Hortalizas,,Ciboulle,,,,Bs. As.,,At,,,,Moneda interpretada como ARS por tratarse de lista local MCBA. Atributos fuente: CAL=1A; TAM=MEDIANO.,,10980.0,,,$/kg,,ARS,False,0,,,,113230,PHOR25_K.xlsx#hoja=PHOR25_K;fila=169;C=3965;columna=K_OCTU,
current_monthly_not_comparable,,2025-10-01,month,2025-10,MCBA,,Hortalizas,,Cilandro,,,,Bs. As.,,At,,,,Moneda interpretada como ARS por tratarse de lista local MCBA. Atributos fuente: CAL=1A; TAM=MEDIANO.,,9425.0,,,$/kg,,ARS,False,0,,,,113242,PHOR25_K.xlsx#hoja=PHOR25_K;fila=171;C=4467;columna=K_OCTU,
current_monthly_not_comparable,,2025-10-01,month,2025-10,MCBA,,Hortalizas,,Coliflor,,,,Bs. As.,,Ja,,,,Moneda interpretada como ARS por tratarse de lista local MCBA. Atributos fuente: CAL=1A; TAM=MEDIANO.,,673.1,,,$/kg,,ARS,False,0,,,,113254,PHOR25_K.xlsx#hoja=PHOR25_K;fila=173;C=2454;columna=K_OCTU,
current_monthly_not_comparable,,2025-10-01,month,2025-10,MCBA,,Hortalizas,,Coliflor,,,,Mendoza,,Pe,,,,Moneda interpretada como ARS por tratarse de lista local MCBA. Atributos fuente: CAL=1A; TAM=MEDIANO.,,866.7,,,$/kg,,ARS,False,0,,,,113260,PHOR25_K.xlsx#hoja=PHOR25_K;fila=175;C=4422;columna=K_OCTU,
current_monthly_not_comparable,,2025-10-01,month,2025-10,MCBA,,Hortalizas,,Curcuma,,,,Misiones,,Pe,,,,Moneda interpretada como ARS por tratarse de lista local MCBA. Atributos fuente: CAL=1A; TAM=SIN TAM.,,4613.0,,,$/kg,,ARS,False,0,,,,113275,PHOR25_K.xlsx#hoja=PHOR25_K;fila=179;C=3796;columna=K_OCTU,
current_monthly_not_comparable,,2025-10-01,month,2025-10,MCBA,,Hortalizas,,Curcuma,,Sin Varied,,Brasil,,Ca,,,,Moneda interpretada como ARS por tratarse de lista local MCBA. Atributos fuente: CAL=1A; TAM=MEDIANO.,,5491.0,,,$/kg,,ARS,False,0,,,,113286,PHOR25_K.xlsx#hoja=PHOR25_K;fila=180;C=4175;columna=K_OCTU,
current_monthly_not_comparable,,2025-10-01,month,2025-10,MCBA,,Hortalizas,,Endibia,,,,Bs. As.,,Ba,,,,Moneda interpretada como ARS por tratarse de lista local MCBA. Atributos fuente: CAL=1A; TAM=MEDIANO.,,8639.0,,,$/kg,,ARS,False,0,,,,113299,PHOR25_K.xlsx#hoja=PHOR25_K;fila=184;C=3533;columna=K_OCTU,
current_monthly_not_comparable,,2025-10-01,month,2025-10,MCBA,,Hortalizas,,Escarola,,Hoja Ancha,,Bs. As.,,Tt,,,,Moneda interpretada como ARS por tratarse de lista local MCBA. Atributos fuente: CAL=1A.,,909.7,,,$/kg,,ARS,False,0,,,,113311,PHOR25_K.xlsx#hoja=PHOR25_K;fila=186;C=3169;columna=K_OCTU,
current_monthly_not_comparable,,2025-10-01,month,2025-10,MCBA,,Hortalizas,,Escarola,,Hoja Fina,,Bs. As.,,Tt,,,,Moneda interpretada como ARS por tratarse de lista local MCBA. Atributos fuente: CAL=1A.,,1073.0,,,$/kg,,ARS,False,0,,,,113323,PHOR25_K.xlsx#hoja=PHOR25_K;fila=187;C=3170;columna=K_OCTU,
current_monthly_not_comparable,,2025-10-01,month,2025-10,MCBA,,Hortalizas,,Esparrago,,Verde,,M.D.Plat,,At,,,,Moneda interpretada como ARS por tratarse de lista local MCBA. Atributos fuente: CAL=1A; TAM=MEDIANO.,,3697.0,,,$/kg,,ARS,False,0,,,,113332,PHOR25_K.xlsx#hoja=PHOR25_K;fila=192;C=4558;columna=K_OCTU,
current_monthly_not_comparable,,2025-10-01,month,2025-10,MCBA,,Hortalizas,,Esparrago,,Verde,,San Juan,,At,,,,Moneda interpretada como ARS por tratarse de lista local MCBA. Atributos fuente: CAL=1A; TAM=MEDIANO.,,2617.0,,,$/kg,,ARS,False,0,,,,113352,PHOR25_K.xlsx#hoja=PHOR25_K;fila=198;C=4533;columna=K_OCTU,
current_monthly_not_comparable,,2025-10-01,month,2025-10,MCBA,,Hortalizas,,Esparrago,,Verde,,San Juan,,At,,,,Moneda interpretada como ARS por tratarse de lista local MCBA. Atributos fuente: CAL=1A; TAM=GRANDE.,,3440.0,,,$/kg,,ARS,False,0,,,,113355,PHOR25_K.xlsx#hoja=PHOR25_K;fila=199;C=4555;columna=K_OCTU,
current_monthly_not_comparable,,2025-10-01,month,2025-10,MCBA,,Hortalizas,,Espinaca,,,,Bs. As.,,Ja,,,,Moneda interpretada como ARS por tratarse de lista local MCBA. Atributos fuente: CAL=1A; GRADO=INV.,,960.7,,,$/kg,,ARS,False,0,,,,113373,PHOR25_K.xlsx#hoja=PHOR25_K;fila=202;C=2584;columna=K_OCTU,
current_monthly_not_comparable,,2025-10-01,month,2025-10,MCBA,,Hortalizas,,Haba,,,,Bs. As.,,Tt,,,,Moneda interpretada como ARS por tratarse de lista local MCBA. Atributos fuente: CAL=1A.,,880.0,,,$/kg,,ARS,False,0,,,,113381,PHOR25_K.xlsx#hoja=PHOR25_K;fila=206;C=300003;columna=K_OCTU,
current_monthly_not_comparable,,2025-10-01,month,2025-10,MCBA,,Hortalizas,,Hinojo,,,,Bs. As.,,Ja,,,,Moneda interpretada como ARS por tratarse de lista local MCBA. Atributos fuente: CAL=1A; TAM=MEDIANO.,,973.4,,,$/kg,,ARS,False,0,,,,113398,PHOR25_K.xlsx#hoja=PHOR25_K;fila=210;C=1043;columna=K_OCTU,
current_monthly_not_comparable,,2025-10-01,month,2025-10,MCBA,,Hortalizas,,Hongos,,Agaricus,,Bs. As.,,Bo,,,,Moneda interpretada como ARS por tratarse de lista local MCBA. Atributos fuente: CAL=1A.,,13850.0,,,$/kg,,ARS,False,0,,,,113410,PHOR25_K.xlsx#hoja=PHOR25_K;fila=212;C=2234;columna=K_OCTU,
current_monthly_not_comparable,,2025-10-01,month,2025-10,MCBA,,Hortalizas,,Hongos,,Oyster,,Bs. As.,,Ba,,,,Moneda interpretada como ARS por tratarse de lista local MCBA. Atributos fuente: CAL=1A.,,15067.0,,,$/kg,,ARS,False,0,,,,113423,PHOR25_K.xlsx#hoja=PHOR25_K;fila=214;C=2236;columna=K_OCTU,
current_monthly_not_comparable,,2025-10-01,month,2025-10,MCBA,,Hortalizas,,Hongos,,Portobelo,,Bs. As.,,Bo,,,,Moneda interpretada como ARS por tratarse de lista local MCBA. Atributos fuente: CAL=1A.,,15288.0,,,$/kg,,ARS,False,0,,,,113435,PHOR25_K.xlsx#hoja=PHOR25_K;fila=215;C=2237;columna=K_OCTU,
current_monthly_not_comparable,,2025-10-01,month,2025-10,MCBA,,Hortalizas,,Hongos,,Shiitake,,Bs. As.,,Ba,,,,Moneda interpretada como ARS por tratarse de lista local MCBA. Atributos fuente: CAL=1A.,,15190.0,,,$/kg,,ARS,False,0,,,,113447,PHOR25_K.xlsx#hoja=PHOR25_K;fila=216;C=2235;columna=K_OCTU,
current_monthly_not_comparable,,2025-10-01,month,2025-10,MCBA,,Hortalizas,,Jengibre,,,,Brasil,,Bo,,,,Moneda interpretada como ARS por tratarse de lista local MCBA. Atributos fuente: CAL=1A; TAM=MEDIANO.,,4399.0,,,$/kg,,ARS,False,0,,,,113459,PHOR25_K.xlsx#hoja=PHOR25_K;fila=218;C=3951;columna=K_OCTU,
current_monthly_not_comparable,,2025-10-01,month,2025-10,MCBA,,Hortalizas,,Kale,,Crespo,,Bs. As.,,At,,,,Moneda interpretada como ARS por tratarse de lista local MCBA. Atributos fuente: CAL=1A; TAM=SIN TAM; GRADO=VER.,,737.7,,,$/kg,,ARS,False,0,,,,113471,PHOR25_K.xlsx#hoja=PHOR25_K;fila=220;C=3924;columna=K_OCTU,
current_monthly_not_comparable,,2025-10-01,month,2025-10,MCBA,,Hortalizas,,Lechuga,,Capuchina,,Bs. As.,,Ja,,,,Moneda interpretada como ARS por tratarse de lista local MCBA. Atributos fuente: CAL=1A; TAM=MEDIANO.,,819.4,,,$/kg,,ARS,False,0,,,,113484,PHOR25_K.xlsx#hoja=PHOR25_K;fila=224;C=320012;columna=K_OCTU,
current_monthly_not_comparable,,2025-10-01,month,2025-10,MCBA,,Hortalizas,,Lechuga,,Capuchina,,Mendoza,,Pe,,,,Moneda interpretada como ARS por tratarse de lista local MCBA. Atributos fuente: CAL=1A; TAM=MEDIANO.,,917.2,,,$/kg,,ARS,False,0,,,,113496,PHOR25_K.xlsx#hoja=PHOR25_K;fila=226;C=1476;columna=K_OCTU,
current_monthly_not_comparable,,2025-10-01,month,2025-10,MCBA,,Hortalizas,,Lechuga,,Capuchina,,Santa Fe,,Ja,,,,Moneda interpretada como ARS por tratarse de lista local MCBA. Atributos fuente: CAL=1A; TAM=MEDIANO.,,857.7,,,$/kg,,ARS,False,0,,,,113504,PHOR25_K.xlsx#hoja=PHOR25_K;fila=227;C=1542;columna=K_OCTU,
current_monthly_not_comparable,,2025-10-01,month,2025-10,MCBA,,Hortalizas,,Lechuga,,Criolla,,Bs. As.,,Ja,,,,Moneda interpretada como ARS por tratarse de lista local MCBA. Atributos fuente: CAL=1A; TAM=GRANDE; GRADO=INV.,,921.0,,,$/kg,,ARS,False,0,,,,113517,PHOR25_K.xlsx#hoja=PHOR25_K;fila=229;C=3477;columna=K_OCTU,
current_monthly_not_comparable,,2025-10-01,month,2025-10,MCBA,,Hortalizas,,Lechuga,,Criolla,,Bs. As.,,Ja,,,,Moneda interpretada como ARS por tratarse de lista local MCBA. Atributos fuente: CAL=1A; TAM=MEDIANO; GRADO=INV.,,753.3,,,$/kg,,ARS,False,0,,,,113529,PHOR25_K.xlsx#hoja=PHOR25_K;fila=230;C=3478;columna=K_OCTU,
current_monthly_not_comparable,,2025-10-01,month,2025-10,MCBA,,Hortalizas,,Lechuga,,Criolla,,Bs. As.,,Ja,,,,Moneda interpretada como ARS por tratarse de lista local MCBA. Atributos fuente: CAL=1A; TAM=MEDIANO.,,655.8,,,$/kg,,ARS,False,0,,,,113540,PHOR25_K.xlsx#hoja=PHOR25_K;fila=231;C=3668;columna=K_OCTU,
current_monthly_not_comparable,,2025-10-01,month,2025-10,MCBA,,Hortalizas,,Lechuga,,Francesa,,Bs. As.,,Ja,,,,Moneda interpretada como ARS por tratarse de lista local MCBA. Atributos fuente: CAL=1A; TAM=MEDIANO.,,569.2,,,$/kg,,ARS,False,0,,,,113557,PHOR25_K.xlsx#hoja=PHOR25_K;fila=234;C=3744;columna=K_OCTU,
current_monthly_not_comparable,,2025-10-01,month,2025-10,MCBA,,Hortalizas,,Lechuga,,Mantecosa,,Bs. As.,,Ja,,,,Moneda interpretada como ARS por tratarse de lista local MCBA. Atributos fuente: CAL=1A; TAM=MEDIANO; GRADO=INV.,,1312.0,,,$/kg,,ARS,False,0,,,,113574,PHOR25_K.xlsx#hoja=PHOR25_K;fila=239;C=2002;columna=K_OCTU,
current_monthly_not_comparable,,2025-10-01,month,2025-10,MCBA,,Hortalizas,,Lechuga,,Mantecosa,,Bs. As.,,Ja,,,,Moneda interpretada como ARS por tratarse de lista local MCBA. Atributos fuente: CAL=1A; TAM=MEDIANO.,,1048.0,,,$/kg,,ARS,False,0,,,,113585,PHOR25_K.xlsx#hoja=PHOR25_K;fila=240;C=2194;columna=K_OCTU,
current_monthly_not_comparable,,2025-10-01,month,2025-10,MCBA,,Hortalizas,,Lechuga,,Mantecosa,,Bs. As.,,Ja,,,,Moneda interpretada como ARS por tratarse de lista local MCBA. Atributos fuente: CAL=1A; TAM=GRANDE; GRADO=INV.,,1767.0,,,$/kg,,ARS,False,0,,,,113588,PHOR25_K.xlsx#hoja=PHOR25_K;fila=241;C=3046;columna=K_OCTU,
current_monthly_not_comparable,,2025-10-01,month,2025-10,MCBA,,Hortalizas,,Mandioca,,,,Misiones,,Bo,,,,Moneda interpretada como ARS por tratarse de lista local MCBA. Atributos fuente: CAL=1A; TAM=GRANDE.,,310.0,,,$/kg,,ARS,False,0,,,,113611,PHOR25_K.xlsx#hoja=PHOR25_K;fila=249;C=2103;columna=K_OCTU,
current_monthly_not_comparable,,2025-10-01,month,2025-10,MCBA,,Hortalizas,,Menta,,,,Bs. As.,,At,,,,Moneda interpretada como ARS por tratarse de lista local MCBA. Atributos fuente: CAL=1A; TAM=MEDIANO.,,9513.0,,,$/kg,,ARS,False,0,,,,113623,PHOR25_K.xlsx#hoja=PHOR25_K;fila=251;C=4368;columna=K_OCTU,
current_monthly_not_comparable,,2025-10-01,month,2025-10,MCBA,,Hortalizas,,Oregano,,,,Bs. As.,,At,,,,Moneda interpretada como ARS por tratarse de lista local MCBA. Atributos fuente: CAL=1A; TAM=MEDIANO.,,9230.0,,,$/kg,,ARS,False,0,,,,113636,PHOR25_K.xlsx#hoja=PHOR25_K;fila=255;C=4369;columna=K_OCTU,
current_monthly_not_comparable,,2025-10-01,month,2025-10,MCBA,,Hortalizas,,Pack Choy,,,,Bs. As.,,Ba,,,,Moneda interpretada como ARS por tratarse de lista local MCBA. Atributos fuente: CAL=1A; TAM=MEDIANO.,,2320.0,,,$/kg,,ARS,False,0,,,,113648,PHOR25_K.xlsx#hoja=PHOR25_K;fila=258;C=4549;columna=K_OCTU,
current_monthly_not_comparable,,2025-10-01,month,2025-10,MCBA,,Hortalizas,,Papa,,Agata,,Brasil,,Bo,,,,Moneda interpretada como ARS por tratarse de lista local MCBA. Atributos fuente: CAL=1A; TAM=MEDIANO; GRADO=LAV.,,771.3,,,$/kg,,ARS,False,0,,,,113660,PHOR25_K.xlsx#hoja=PHOR25_K;fila=260;C=3862;columna=K_OCTU,
current_monthly_not_comparable,,2025-10-01,month,2025-10,MCBA,,Hortalizas,,Papa,,Asterix,,Brasil,,Bo,,,,Moneda interpretada como ARS por tratarse de lista local MCBA. Atributos fuente: CAL=1A; TAM=MEDIANO; GRADO=LAV.,,741.2,,,$/kg,,ARS,False,0,,,,113673,PHOR25_K.xlsx#hoja=PHOR25_K;fila=262;C=3970;columna=K_OCTU,
current_monthly_not_comparable,,2025-10-01,month,2025-10,MCBA,,Hortalizas,,Papa,,Daifla,,San Luis,,Bo,,,,Moneda interpretada como ARS por tratarse de lista local MCBA. Atributos fuente: CAL=1A; TAM=MEDIANO; GRADO=LAV.,,510.7,,,$/kg,,ARS,False,0,,,,113680,PHOR25_K.xlsx#hoja=PHOR25_K;fila=264;C=4314;columna=K_OCTU,
current_monthly_not_comparable,,2025-10-01,month,2025-10,MCBA,,Hortalizas,,Papa,,Sagitta,,San Luis,,Bo,,,,Moneda interpretada como ARS por tratarse de lista local MCBA. Atributos fuente: CAL=1A; TAM=MEDIANO; GRADO=LAV.,,505.7,,,$/kg,,ARS,False,0,,,,113698,PHOR25_K.xlsx#hoja=PHOR25_K;fila=274;C=4324;columna=K_OCTU,
current_monthly_not_comparable,,2025-10-01,month,2025-10,MCBA,,Hortalizas,,Papa,,Sagitta,,Se Bs.As,,Bo,,,,Moneda interpretada como ARS por tratarse de lista local MCBA. Atributos fuente: CAL=1A; TAM=MEDIANO; GRADO=LAV.,,462.7,,,$/kg,,ARS,False,0,,,,113710,PHOR25_K.xlsx#hoja=PHOR25_K;fila=276;C=4122;columna=K_OCTU,
current_monthly_not_comparable,,2025-10-01,month,2025-10,MCBA,,Hortalizas,,Papa,,Spunta,,Cordoba,,Bo,,,,Moneda interpretada como ARS por tratarse de lista local MCBA. Atributos fuente: CAL=2A; TAM=MEDIANO.,,268.2,,,$/kg,,ARS,False,0,,,,113723,PHOR25_K.xlsx#hoja=PHOR25_K;fila=279;C=4250;columna=K_OCTU,
current_monthly_not_comparable,,2025-10-01,month,2025-10,MCBA,,Hortalizas,,Papa,,Spunta,,Jujuy,,Bo,,,,Moneda interpretada como ARS por tratarse de lista local MCBA. Atributos fuente: CAL=2A; TAM=MEDIANO.,,309.1,,,$/kg,,ARS,False,0,,,,113727,PHOR25_K.xlsx#hoja=PHOR25_K;fila=281;C=4235;columna=K_OCTU,
current_monthly_not_comparable,,2025-10-01,month,2025-10,MCBA,,Hortalizas,,Papa,,Spunta,,Se Bs.As,,Bo,,,,Moneda interpretada como ARS por tratarse de lista local MCBA. Atributos fuente: CAL=2A; TAM=MEDIANO.,,126.2,,,$/kg,,ARS,False,0,,,,113752,PHOR25_K.xlsx#hoja=PHOR25_K;fila=287;C=4249;columna=K_OCTU,
current_monthly_not_comparable,,2025-10-01,month,2025-10,MCBA,,Hortalizas,,Papa,,Spunta,,Se Bs.As,,Bo,,,,Moneda interpretada como ARS por tratarse de lista local MCBA. Atributos fuente: CAL=2A; TAM=MEDIANO; GRADO=CEP.,,193.5,,,$/kg,,ARS,False,0,,,,113767,PHOR25_K.xlsx#hoja=PHOR25_K;fila=289;C=4381;columna=K_OCTU,
current_monthly_not_comparable,,2025-10-01,month,2025-10,MCBA,,Hortalizas,,Papa,,Spunta,,Se Bs.As,,Bo,,,,Moneda interpretada como ARS por tratarse de lista local MCBA. Atributos fuente: CAL=1A; TAM=MEDIANO; GRADO=LAV.,,487.1,,,$/kg,,ARS,False,0,,,,113773,PHOR25_K.xlsx#hoja=PHOR25_K;fila=290;C=4377;columna=K_OCTU,
current_monthly_not_comparable,,2025-10-01,month,2025-10,MCBA,,Hortalizas,,Papa,,Spunta,,Tucuman,,Bo,,,,Moneda interpretada como ARS por tratarse de lista local MCBA. Atributos fuente: CAL=2A; TAM=MED/CHI.,,261.1,,,$/kg,,ARS,False,0,,,,113777,PHOR25_K.xlsx#hoja=PHOR25_K;fila=292;C=4541;columna=K_OCTU,
current_monthly_not_comparable,,2025-10-01,month,2025-10,MCBA,,Hortalizas,,Papa,,Spunta,,Tucuman,,Bo,,,,Moneda interpretada como ARS por tratarse de lista local MCBA. Atributos fuente: CAL=2A; TAM=MEDIANO.,,275.2,,,$/kg,,ARS,False,0,,,,113778,PHOR25_K.xlsx#hoja=PHOR25_K;fila=293;C=4238;columna=K_OCTU,
current_monthly_not_comparable,,2025-10-01,month,2025-10,MCBA,,Hortalizas,,Papa,,Spunta,,V.Dolor.,,Bo,,,,Moneda interpretada como ARS por tratarse de lista local MCBA. Atributos fuente: CAL=2A; TAM=MEDIANO.,,264.6,,,$/kg,,ARS,False,0,,,,113788,PHOR25_K.xlsx#hoja=PHOR25_K;fila=294;C=4243;columna=K_OCTU,
current_monthly_not_comparable,,2025-10-01,month,2025-10,MCBA,,Hortalizas,,Pepino,,,,Bs. As.,,Tt,,,,Moneda interpretada como ARS por tratarse de lista local MCBA. Atributos fuente: CAL=1A; TAM=MEDIANO.,,1333.0,,,$/kg,,ARS,False,0,,,,113806,PHOR25_K.xlsx#hoja=PHOR25_K;fila=299;C=370004;columna=K_OCTU,
current_monthly_not_comparable,,2025-10-01,month,2025-10,MCBA,,Hortalizas,,Pepino,,,,Bs. As.,,To,,,,Moneda interpretada como ARS por tratarse de lista local MCBA. Atributos fuente: CAL=1A; TAM=MEDIANO; GRADO=INV.,,1026.0,,,$/kg,,ARS,False,0,,,,113807,PHOR25_K.xlsx#hoja=PHOR25_K;fila=300;C=3607;columna=K_OCTU,
current_monthly_not_comparable,,2025-10-01,month,2025-10,MCBA,,Hortalizas,,Pepino,,,,Ctes.,,Pe,,,,Moneda interpretada como ARS por tratarse de lista local MCBA. Atributos fuente: CAL=1A; TAM=MEDIANO.,,621.6,,,$/kg,,ARS,False,0,,,,113817,PHOR25_K.xlsx#hoja=PHOR25_K;fila=301;C=4409;columna=K_OCTU,
current_monthly_not_comparable,,2025-10-01,month,2025-10,MCBA,,Hortalizas,,Pepino,,,,Salta,,Pe,,,,Moneda interpretada como ARS por tratarse de lista local MCBA. Atributos fuente: CAL=1A; TAM=MEDIANO.,,761.9,,,$/kg,,ARS,False,0,,,,113826,PHOR25_K.xlsx#hoja=PHOR25_K;fila=303;C=370013;columna=K_OCTU,
current_monthly_not_comparable,,2025-10-01,month,2025-10,MCBA,,Hortalizas,,Perejil,,,,Bs. As.,,Ja,,,,Moneda interpretada como ARS por tratarse de lista local MCBA. Atributos fuente: CAL=1A; TAM=MEDIANO.,,926.9,,,$/kg,,ARS,False,0,,,,113837,PHOR25_K.xlsx#hoja=PHOR25_K;fila=305;C=2989;columna=K_OCTU,
current_monthly_not_comparable,,2025-10-01,month,2025-10,MCBA,,Hortalizas,,Perejil,,,,Bs. As.,,Ja,,,,Moneda interpretada como ARS por tratarse de lista local MCBA. Atributos fuente: CAL=1A; TAM=GRANDE.,,1236.0,,,$/kg,,ARS,False,0,,,,113849,PHOR25_K.xlsx#hoja=PHOR25_K;fila=306;C=2990;columna=K_OCTU,
current_monthly_not_comparable,,2025-10-01,month,2025-10,MCBA,,Hortalizas,,Perejil,,,,Sgo.Est.,,At,,,,Moneda interpretada como ARS por tratarse de lista local MCBA. Atributos fuente: CAL=1A.,,1033.0,,,$/kg,,ARS,False,0,,,,113856,PHOR25_K.xlsx#hoja=PHOR25_K;fila=308;C=390006;columna=K_OCTU,
current_monthly_not_comparable,,2025-10-01,month,2025-10,MCBA,,Hortalizas,,Pimiento,,Blocky,,Salta,,Pe,,,,Moneda interpretada como ARS por tratarse de lista local MCBA. Atributos fuente: CAL=1A; TAM=MEDIANO; GRADO=R/I.,,5000.0,,,$/kg,,ARS,False,0,,,,113859,PHOR25_K.xlsx#hoja=PHOR25_K;fila=310;C=4534;columna=K_OCTU,
current_monthly_not_comparable,,2025-10-01,month,2025-10,MCBA,,Hortalizas,,Pimiento,,Jalapeño,,Ctes.,,Ba,,,,Moneda interpretada como ARS por tratarse de lista local MCBA. Atributos fuente: CAL=1A; TAM=MEDIANO; GRADO=R/I.,,1920.0,,,$/kg,,ARS,False,0,,,,113877,PHOR25_K.xlsx#hoja=PHOR25_K;fila=317;C=4125;columna=K_OCTU,
current_monthly_not_comparable,,2025-10-01,month,2025-10,MCBA,,Hortalizas,,Pimiento,,Jalape±O,,Ctes.,,Ba,,,,Moneda interpretada como ARS por tratarse de lista local MCBA. Atributos fuente: CAL=1A; TAM=GRANDE; GRADO=V/I.,,1696.0,,,$/kg,,ARS,False,0,,,,113892,PHOR25_K.xlsx#hoja=PHOR25_K;fila=321;C=4512;columna=K_OCTU,
current_monthly_not_comparable,,2025-10-01,month,2025-10,MCBA,,Hortalizas,,Pimiento,,Morron,,Bs. As.,,To,,,,Moneda interpretada como ARS por tratarse de lista local MCBA. Atributos fuente: CAL=1A; TAM=MEDIANO; GRADO=V/I.,,2708.0,,,$/kg,,ARS,False,0,,,,113900,PHOR25_K.xlsx#hoja=PHOR25_K;fila=322;C=3823;columna=K_OCTU,
current_monthly_not_comparable,,2025-10-01,month,2025-10,MCBA,,Hortalizas,,Pimiento,,Morron,,Ctes.,,Pe,,,,Moneda interpretada como ARS por tratarse de lista local MCBA. Atributos fuente: CAL=1A; TAM=GRANDE; GRADO=V/I.,,1902.0,,,$/kg,,ARS,False,0,,,,113941,PHOR25_K.xlsx#hoja=PHOR25_K;fila=333;C=3480;columna=K_OCTU,
current_monthly_not_comparable,,2025-10-01,month,2025-10,MCBA,,Hortalizas,,Pimiento,,Morron,,Ctes.,,Pe,,,,Moneda interpretada como ARS por tratarse de lista local MCBA. Atributos fuente: CAL=1A; TAM=GRANDE; GRADO=R/I.,,3507.0,,,$/kg,,ARS,False,0,,,,113948,PHOR25_K.xlsx#hoja=PHOR25_K;fila=334;C=4401;columna=K_OCTU,
current_monthly_not_comparable,,2025-10-01,month,2025-10,MCBA,,Hortalizas,,Pimiento,,Morron,,Ctes.,,Pe,,,,Moneda interpretada como ARS por tratarse de lista local MCBA. Atributos fuente: CAL=1A; TAM=MEDIANO; GRADO=V/I.,,1559.0,,,$/kg,,ARS,False,0,,,,113956,PHOR25_K.xlsx#hoja=PHOR25_K;fila=335;C=4411;columna=K_OCTU,
current_monthly_not_comparable,,2025-10-01,month,2025-10,MCBA,,Hortalizas,,Pimiento,,Morron,,Ctes.,,Pe,,,,Moneda interpretada como ARS por tratarse de lista local MCBA. Atributos fuente: CAL=1A; TAM=MEDIANO; GRADO=R/I.,,2896.0,,,$/kg,,ARS,False,0,,,,113964,PHOR25_K.xlsx#hoja=PHOR25_K;fila=336;C=4420;columna=K_OCTU,
current_monthly_not_comparable,,2025-10-01,month,2025-10,MCBA,,Hortalizas,,Pimiento,,Morron,,Salta,,Pe,,,,Moneda interpretada como ARS por tratarse de lista local MCBA. Atributos fuente: CAL=1A; TAM=GRANDE; GRADO=V/I.,,2232.0,,,$/kg,,ARS,False,0,,,,113980,PHOR25_K.xlsx#hoja=PHOR25_K;fila=340;C=1410;columna=K_OCTU,
current_monthly_not_comparable,,2025-10-01,month,2025-10,MCBA,,Hortalizas,,Pimiento,,Morron,,Salta,,Pe,,,,Moneda interpretada como ARS por tratarse de lista local MCBA. Atributos fuente: CAL=1A; TAM=GRANDE; GRADO=R/I.,,4777.0,,,$/kg,,ARS,False,0,,,,113987,PHOR25_K.xlsx#hoja=PHOR25_K;fila=341;C=1667;columna=K_OCTU,
current_monthly_not_comparable,,2025-10-01,month,2025-10,MCBA,,Hortalizas,,Pimiento,,Morron,,Salta,,Pe,,,,Moneda interpretada como ARS por tratarse de lista local MCBA. Atributos fuente: CAL=1A; TAM=MEDIANO; GRADO=R/I.,,4154.0,,,$/kg,,ARS,False,0,,,,113995,PHOR25_K.xlsx#hoja=PHOR25_K;fila=344;C=1681;columna=K_OCTU,
current_monthly_not_comparable,,2025-10-01,month,2025-10,MCBA,,Hortalizas,,Pimiento,,Morron,,Salta,,Pe,,,,Moneda interpretada como ARS por tratarse de lista local MCBA. Atributos fuente: CAL=1A; TAM=MEDIANO; GRADO=V/I.,,1702.0,,,$/kg,,ARS,False,0,,,,114003,PHOR25_K.xlsx#hoja=PHOR25_K;fila=347;C=2963;columna=K_OCTU,
current_monthly_not_comparable,,2025-10-01,month,2025-10,MCBA,,Hortalizas,,Pimiento,,Morron,,Salta,,Pe,,,,Moneda interpretada como ARS por tratarse de lista local MCBA. Atributos fuente: CAL=1A; TAM=CHICO; GRADO=R/I.,,1683.0,,,$/kg,,ARS,False,0,,,,114006,PHOR25_K.xlsx#hoja=PHOR25_K;fila=348;C=2651;columna=K_OCTU,
current_monthly_not_comparable,,2025-10-01,month,2025-10,MCBA,,Hortalizas,,Pimiento,,Vinagre,,Ctes.,,To,,,,Moneda interpretada como ARS por tratarse de lista local MCBA. Atributos fuente: CAL=1A; TAM=MEDIANO; GRADO=V/I.,,2017.0,,,$/kg,,ARS,False,0,,,,114021,PHOR25_K.xlsx#hoja=PHOR25_K;fila=351;C=4230;columna=K_OCTU,
current_monthly_not_comparable,,2025-10-01,month,2025-10,MCBA,,Hortalizas,,Puerro,,,,Bs. As.,,Ja,,,,Moneda interpretada como ARS por tratarse de lista local MCBA. Atributos fuente: CAL=1A; TAM=MEDIANO.,,1204.0,,,$/kg,,ARS,False,0,,,,114032,PHOR25_K.xlsx#hoja=PHOR25_K;fila=354;C=420001;columna=K_OCTU,
current_monthly_not_comparable,,2025-10-01,month,2025-10,MCBA,,Hortalizas,,Puerro,,,,Bs. As.,,At,,,,Moneda interpretada como ARS por tratarse de lista local MCBA. Atributos fuente: CAL=1A; TAM=MEDIANO.,,1497.0,,,$/kg,,ARS,False,0,,,,114044,PHOR25_K.xlsx#hoja=PHOR25_K;fila=355;C=4133;columna=K_OCTU,
current_monthly_not_comparable,,2025-10-01,month,2025-10,MCBA,,Hortalizas,,Rabanito,,,,Bs. As.,,Tt,,,,Moneda interpretada como ARS por tratarse de lista local MCBA. Atributos fuente: CAL=1A.,,1569.0,,,$/kg,,ARS,False,0,,,,114056,PHOR25_K.xlsx#hoja=PHOR25_K;fila=357;C=490001;columna=K_OCTU,
current_monthly_not_comparable,,2025-10-01,month,2025-10,MCBA,,Hortalizas,,Radicchio,,,,Bs. As.,,Ba,,,,Moneda interpretada como ARS por tratarse de lista local MCBA. Atributos fuente: CAL=1A; TAM=MEDIANO.,,7109.0,,,$/kg,,ARS,False,0,,,,114068,PHOR25_K.xlsx#hoja=PHOR25_K;fila=359;C=1993;columna=K_OCTU,
current_monthly_not_comparable,,2025-10-01,month,2025-10,MCBA,,Hortalizas,,Radicheta,,1Er.Corte,,Bs. As.,,Ba,,,,Moneda interpretada como ARS por tratarse de lista local MCBA. Atributos fuente: CAL=1A.,,1517.0,,,$/kg,,ARS,False,0,,,,114080,PHOR25_K.xlsx#hoja=PHOR25_K;fila=361;C=480001;columna=K_OCTU,
current_monthly_not_comparable,,2025-10-01,month,2025-10,MCBA,,Hortalizas,,Radicheta,,2Do.Corte,,Bs. As.,,Ba,,,,Moneda interpretada como ARS por tratarse de lista local MCBA. Atributos fuente: CAL=1A.,,898.1,,,$/kg,,ARS,False,0,,,,114092,PHOR25_K.xlsx#hoja=PHOR25_K;fila=362;C=480002;columna=K_OCTU,
current_monthly_not_comparable,,2025-10-01,month,2025-10,MCBA,,Hortalizas,,Remolacha,,,,Bs. As.,,Ja,,,,Moneda interpretada como ARS por tratarse de lista local MCBA. Atributos fuente: CAL=1A; TAM=MEDIANO.,,740.4,,,$/kg,,ARS,False,0,,,,114105,PHOR25_K.xlsx#hoja=PHOR25_K;fila=365;C=450019;columna=K_OCTU,
current_monthly_not_comparable,,2025-10-01,month,2025-10,MCBA,,Hortalizas,,Remolacha,,,,Bs. As.,,Bo,,,,Moneda interpretada como ARS por tratarse de lista local MCBA. Atributos fuente: CAL=1A; TAM=MEDIANO.,,704.5,,,$/kg,,ARS,False,0,,,,114116,PHOR25_K.xlsx#hoja=PHOR25_K;fila=366;C=1403;columna=K_OCTU,
current_monthly_not_comparable,,2025-10-01,month,2025-10,MCBA,,Hortalizas,,Remolacha,,,,Santa Fe,,Bo,,,,Moneda interpretada como ARS por tratarse de lista local MCBA. Atributos fuente: CAL=1A; TAM=MEDIANO.,,668.6,,,$/kg,,ARS,False,0,,,,114128,PHOR25_K.xlsx#hoja=PHOR25_K;fila=370;C=2393;columna=K_OCTU,
current_monthly_not_comparable,,2025-10-01,month,2025-10,MCBA,,Hortalizas,,Remolacha,,,,Sgo.Est.,,Bo,,,,Moneda interpretada como ARS por tratarse de lista local MCBA. Atributos fuente: CAL=1A; TAM=MEDIANO.,,580.0,,,$/kg,,ARS,False,0,,,,114133,PHOR25_K.xlsx#hoja=PHOR25_K;fila=371;C=2643;columna=K_OCTU,
current_monthly_not_comparable,,2025-10-01,month,2025-10,MCBA,,Hortalizas,,Repollo,,Blanco,,Bs. As.,,Ja,,,,Moneda interpretada como ARS por tratarse de lista local MCBA. Atributos fuente: CAL=1A; TAM=GRANDE.,,579.0,,,$/kg,,ARS,False,0,,,,114153,PHOR25_K.xlsx#hoja=PHOR25_K;fila=378;C=3192;columna=K_OCTU,
current_monthly_not_comparable,,2025-10-01,month,2025-10,MCBA,,Hortalizas,,Repollo,,Blanco,,Bs. As.,,Ja,,,,Moneda interpretada como ARS por tratarse de lista local MCBA. Atributos fuente: CAL=1A; TAM=MEDIANO.,,472.9,,,$/kg,,ARS,False,0,,,,114165,PHOR25_K.xlsx#hoja=PHOR25_K;fila=379;C=460001;columna=K_OCTU,
current_monthly_not_comparable,,2025-10-01,month,2025-10,MCBA,,Hortalizas,,Repollo,,Blanco,,Mendoza,,Bo,,,,Moneda interpretada como ARS por tratarse de lista local MCBA. Atributos fuente: CAL=1A; TAM=MEDIANO.,,630.4,,,$/kg,,ARS,False,0,,,,114173,PHOR25_K.xlsx#hoja=PHOR25_K;fila=381;C=4513;columna=K_OCTU,
current_monthly_not_comparable,,2025-10-01,month,2025-10,MCBA,,Hortalizas,,Repollo,,Blanco,,Santa Fe,,Bo,,,,Moneda interpretada como ARS por tratarse de lista local MCBA. Atributos fuente: CAL=1A; TAM=GRANDE.,,491.5,,,$/kg,,ARS,False,0,,,,114179,PHOR25_K.xlsx#hoja=PHOR25_K;fila=383;C=4519;columna=K_OCTU,
current_monthly_not_comparable,,2025-10-01,month,2025-10,MCBA,,Hortalizas,,Repollo,,Colorado,,Bs. As.,,Ja,,,,Moneda interpretada como ARS por tratarse de lista local MCBA. Atributos fuente: CAL=1A; TAM=MEDIANO.,,560.3,,,$/kg,,ARS,False,0,,,,114189,PHOR25_K.xlsx#hoja=PHOR25_K;fila=384;C=2447;columna=K_OCTU,
current_monthly_not_comparable,,2025-10-01,month,2025-10,MCBA,,Hortalizas,,Repollo,,Colorado,,Bs. As.,,Ja,,,,Moneda interpretada como ARS por tratarse de lista local MCBA. Atributos fuente: CAL=1A; TAM=GRANDE.,,676.5,,,$/kg,,ARS,False,0,,,,114201,PHOR25_K.xlsx#hoja=PHOR25_K;fila=385;C=3168;columna=K_OCTU,
current_monthly_not_comparable,,2025-10-01,month,2025-10,MCBA,,Hortalizas,,Repollo,,Colorado,,Mendoza,,Bo,,,,Moneda interpretada como ARS por tratarse de lista local MCBA. Atributos fuente: CAL=1A; TAM=MEDIANO.,,779.8,,,$/kg,,ARS,False,0,,,,114209,PHOR25_K.xlsx#hoja=PHOR25_K;fila=387;C=2185;columna=K_OCTU,
current_monthly_not_comparable,,2025-10-01,month,2025-10,MCBA,,Hortalizas,,Repollo,,Colorado,,Santa Fe,,Bo,,,,Moneda interpretada como ARS por tratarse de lista local MCBA. Atributos fuente: CAL=1A; TAM=MEDIANO.,,478.0,,,$/kg,,ARS,False,0,,,,114213,PHOR25_K.xlsx#hoja=PHOR25_K;fila=389;C=4335;columna=K_OCTU,
current_monthly_not_comparable,,2025-10-01,month,2025-10,MCBA,,Hortalizas,,Romero,,,,Bs. As.,,At,,,,Moneda interpretada como ARS por tratarse de lista local MCBA. Atributos fuente: CAL=1A; TAM=MEDIANO.,,8428.0,,,$/kg,,ARS,False,0,,,,114223,PHOR25_K.xlsx#hoja=PHOR25_K;fila=391;C=4367;columna=K_OCTU,
current_monthly_not_comparable,,2025-10-01,month,2025-10,MCBA,,Hortalizas,,Rucula,,,,Bs. As.,,Ba,,,,Moneda interpretada como ARS por tratarse de lista local MCBA. Atributos fuente: CAL=1A; TAM=SIN TAM.,,1262.0,,,$/kg,,ARS,False,0,,,,114235,PHOR25_K.xlsx#hoja=PHOR25_K;fila=394;C=4517;columna=K_OCTU,
current_monthly_not_comparable,,2025-10-01,month,2025-10,MCBA,,Hortalizas,,Salvia,,,,Bs. As.,,Bo,,,,Moneda interpretada como ARS por tratarse de lista local MCBA. Atributos fuente: CAL=1A.,,8488.0,,,$/kg,,ARS,False,0,,,,114248,PHOR25_K.xlsx#hoja=PHOR25_K;fila=397;C=1658;columna=K_OCTU,
current_monthly_not_comparable,,2025-10-01,month,2025-10,MCBA,,Hortalizas,,Tomate,,Cherry,,Ctes.,,Ca,,,,Moneda interpretada como ARS por tratarse de lista local MCBA. Atributos fuente: CAL=1A; TAM=MEDIANO; GRADO=P/I.,,1758.0,,,$/kg,,ARS,False,0,,,,114281,PHOR25_K.xlsx#hoja=PHOR25_K;fila=404;C=3813;columna=K_OCTU,
current_monthly_not_comparable,,2025-10-01,month,2025-10,MCBA,,Hortalizas,,Tomate,,Cherry,,Ctes.,,Ca,,,,Moneda interpretada como ARS por tratarse de lista local MCBA. Atributos fuente: CAL=1A; TAM=GRANDE; GRADO=P/I.,,2456.0,,,$/kg,,ARS,False,0,,,,114289,PHOR25_K.xlsx#hoja=PHOR25_K;fila=406;C=2767;columna=K_OCTU,
current_monthly_not_comparable,,2025-10-01,month,2025-10,MCBA,,Hortalizas,,Tomate,,Cherry,,Salta,,Ca,,,,Moneda interpretada como ARS por tratarse de lista local MCBA. Atributos fuente: CAL=1A; TAM=MEDIANO; GRADO=P/I.,,1969.0,,,$/kg,,ARS,False,0,,,,114312,PHOR25_K.xlsx#hoja=PHOR25_K;fila=412;C=2611;columna=K_OCTU,
current_monthly_not_comparable,,2025-10-01,month,2025-10,MCBA,,Hortalizas,,Tomate,,Cherry,,Salta,,Ca,,,,Moneda interpretada como ARS por tratarse de lista local MCBA. Atributos fuente: CAL=1A; TAM=GRANDE; GRADO=P/I.,,2761.0,,,$/kg,,ARS,False,0,,,,114318,PHOR25_K.xlsx#hoja=PHOR25_K;fila=413;C=3762;columna=K_OCTU,
current_monthly_not_comparable,,2025-10-01,month,2025-10,MCBA,,Hortalizas,,Tomate,,Cherry,,Salta,,Ca,,,,Moneda interpretada como ARS por tratarse de lista local MCBA. Atributos fuente: CAL=1A; TAM=CHICO; GRADO=R/I.,,1215.0,,,$/kg,,ARS,False,0,,,,114319,PHOR25_K.xlsx#hoja=PHOR25_K;fila=414;C=2746;columna=K_OCTU,
current_monthly_not_comparable,,2025-10-01,month,2025-10,MCBA,,Hortalizas,,Tomate,,Perita,,Ctes.,,To,,,,Moneda interpretada como ARS por tratarse de lista local MCBA. Atributos fuente: CAL=1A; TAM=MEDIANO; GRADO=P/I.,,2111.0,,,$/kg,,ARS,False,0,,,,114344,PHOR25_K.xlsx#hoja=PHOR25_K;fila=422;C=3099;columna=K_OCTU,
current_monthly_not_comparable,,2025-10-01,month,2025-10,MCBA,,Hortalizas,,Tomate,,Perita,,Salta,,Pe,,,,Moneda interpretada como ARS por tratarse de lista local MCBA. Atributos fuente: CAL=1A; TAM=MEDIANO; GRADO=P/I.,,1898.0,,,$/kg,,ARS,False,0,,,,114411,PHOR25_K.xlsx#hoja=PHOR25_K;fila=439;C=1687;columna=K_OCTU,
current_monthly_not_comparable,,2025-10-01,month,2025-10,MCBA,,Hortalizas,,Tomate,,Perita,,Salta,,Pe,,,,Moneda interpretada como ARS por tratarse de lista local MCBA. Atributos fuente: CAL=1A; TAM=GRANDE; GRADO=P/I.,,2217.0,,,$/kg,,ARS,False,0,,,,114417,PHOR25_K.xlsx#hoja=PHOR25_K;fila=440;C=1686;columna=K_OCTU,
current_monthly_not_comparable,,2025-10-01,month,2025-10,MCBA,,Hortalizas,,Tomate,,Perita,,Salta,,Pe,,,,Moneda interpretada como ARS por tratarse de lista local MCBA. Atributos fuente: CAL=2A; TAM=MEDIANO; GRADO=ROJ.,,816.0,,,$/kg,,ARS,False,0,,,,114424,PHOR25_K.xlsx#hoja=PHOR25_K;fila=443;C=3579;columna=K_OCTU,
current_monthly_not_comparable,,2025-10-01,month,2025-10,MCBA,,Hortalizas,,Tomate,,Perita,,Salta,,To,,,,Moneda interpretada como ARS por tratarse de lista local MCBA. Atributos fuente: CAL=1A; TAM=GRANDE; GRADO=PIN.,,1499.0,,,$/kg,,ARS,False,0,,,,114427,PHOR25_K.xlsx#hoja=PHOR25_K;fila=444;C=3763;columna=K_OCTU,
current_monthly_not_comparable,,2025-10-01,month,2025-10,MCBA,,Hortalizas,,Tomate,,Perita,,Salta,,Pe,,,,Moneda interpretada como ARS por tratarse de lista local MCBA. Atributos fuente: CAL=2A; TAM=MEDIANO; GRADO=PIN.,,916.0,,,$/kg,,ARS,False,0,,,,114431,PHOR25_K.xlsx#hoja=PHOR25_K;fila=445;C=3828;columna=K_OCTU,
current_monthly_not_comparable,,2025-10-01,month,2025-10,MCBA,,Hortalizas,,Tomate,,Perita,,Salta,,To,,,,Moneda interpretada como ARS por tratarse de lista local MCBA. Atributos fuente: CAL=1A; TAM=MEDIANO; GRADO=PIN.,,1205.0,,,$/kg,,ARS,False,0,,,,114435,PHOR25_K.xlsx#hoja=PHOR25_K;fila=446;C=4002;columna=K_OCTU,
current_monthly_not_comparable,,2025-10-01,month,2025-10,MCBA,,Hortalizas,,Tomate,,Redondo,,Bs. As.,,To,,,,Moneda interpretada como ARS por tratarse de lista local MCBA. Atributos fuente: CAL=1A; TAM=GRANDE; GRADO=P/I.,,1614.0,,,$/kg,,ARS,False,0,,,,114447,PHOR25_K.xlsx#hoja=PHOR25_K;fila=451;C=2273;columna=K_OCTU,
current_monthly_not_comparable,,2025-10-01,month,2025-10,MCBA,,Hortalizas,,Tomate,,Redondo,,Bs. As.,,To,,,,Moneda interpretada como ARS por tratarse de lista local MCBA. Atributos fuente: CAL=1A; TAM=MEDIANO; GRADO=P/I.,,1516.0,,,$/kg,,ARS,False,0,,,,114456,PHOR25_K.xlsx#hoja=PHOR25_K;fila=452;C=2274;columna=K_OCTU,
current_monthly_not_comparable,,2025-10-01,month,2025-10,MCBA,,Hortalizas,,Tomate,,Redondo,,Bs. As.,,To,,,,Moneda interpretada como ARS por tratarse de lista local MCBA. Atributos fuente: CAL=1A; TAM=CHICO; GRADO=P/I.,,592.2,,,$/kg,,ARS,False,0,,,,114462,PHOR25_K.xlsx#hoja=PHOR25_K;fila=453;C=2276;columna=K_OCTU,
current_monthly_not_comparable,,2025-10-01,month,2025-10,MCBA,,Hortalizas,,Tomate,,Redondo,,Chile,,Pe,,,,Moneda interpretada como ARS por tratarse de lista local MCBA. Atributos fuente: CAL=1A; TAM=GRANDE; GRADO=R/I.,,2269.0,,,$/kg,,ARS,False,0,,,,114489,PHOR25_K.xlsx#hoja=PHOR25_K;fila=458;C=4416;columna=K_OCTU,
current_monthly_not_comparable,,2025-10-01,month,2025-10,MCBA,,Hortalizas,,Tomate,,Redondo,,Chile,,Pe,,,,Moneda interpretada como ARS por tratarse de lista local MCBA. Atributos fuente: CAL=2A; TAM=GRANDE; GRADO=R/I.,,1556.0,,,$/kg,,ARS,False,0,,,,114494,PHOR25_K.xlsx#hoja=PHOR25_K;fila=460;C=4552;columna=K_OCTU,
current_monthly_not_comparable,,2025-10-01,month,2025-10,MCBA,,Hortalizas,,Tomate,,Redondo,,Ctes.,,Pe,,,,Moneda interpretada como ARS por tratarse de lista local MCBA. Atributos fuente: CAL=1A; TAM=GRANDE; GRADO=P/I.,,1676.0,,,$/kg,,ARS,False,0,,,,114518,PHOR25_K.xlsx#hoja=PHOR25_K;fila=469;C=4530;columna=K_OCTU,
current_monthly_not_comparable,,2025-10-01,month,2025-10,MCBA,,Hortalizas,,Tomate,,Redondo,,Ctes.,,Pe,,,,Moneda interpretada como ARS por tratarse de lista local MCBA. Atributos fuente: CAL=1A; TAM=MEDIANO; GRADO=P/I.,,1361.0,,,$/kg,,ARS,False,0,,,,114523,PHOR25_K.xlsx#hoja=PHOR25_K;fila=470;C=4531;columna=K_OCTU,
current_monthly_not_comparable,,2025-10-01,month,2025-10,MCBA,,Hortalizas,,Tomate,,Redondo,,Ctes.,,Pe,,,,Moneda interpretada como ARS por tratarse de lista local MCBA. Atributos fuente: CAL=2A; TAM=MEDIANO; GRADO=P/I.,,935.0,,,$/kg,,ARS,False,0,,,,114528,PHOR25_K.xlsx#hoja=PHOR25_K;fila=471;C=4532;columna=K_OCTU,
current_monthly_not_comparable,,2025-10-01,month,2025-10,MCBA,,Hortalizas,,Tomate,,Redondo,,Ctes.,,Pe,,,,Moneda interpretada como ARS por tratarse de lista local MCBA. Atributos fuente: CAL=2A; TAM=GRANDE; GRADO=P/I.,,1187.0,,,$/kg,,ARS,False,0,,,,114532,PHOR25_K.xlsx#hoja=PHOR25_K;fila=472;C=4536;columna=K_OCTU,
current_monthly_not_comparable,,2025-10-01,month,2025-10,MCBA,,Hortalizas,,Tomate,,Redondo,,Ctes.,,Pe,,,,Moneda interpretada como ARS por tratarse de lista local MCBA. Atributos fuente: CAL=1A; TAM=MEDIANO; GRADO=R/I.,,1192.0,,,$/kg,,ARS,False,0,,,,114534,PHOR25_K.xlsx#hoja=PHOR25_K;fila=473;C=4543;columna=K_OCTU,
current_monthly_not_comparable,,2025-10-01,month,2025-10,MCBA,,Hortalizas,,Tomate,,Redondo,,Ctes.,,Pe,,,,Moneda interpretada como ARS por tratarse de lista local MCBA. Atributos fuente: CAL=2A; TAM=MEDIANO; GRADO=R/I.,,767.0,,,$/kg,,ARS,False,0,,,,114536,PHOR25_K.xlsx#hoja=PHOR25_K;fila=474;C=4548;columna=K_OCTU,
current_monthly_not_comparable,,2025-10-01,month,2025-10,MCBA,,Hortalizas,,Tomate,,Redondo,,Ctes.,,Pe,,,,Moneda interpretada como ARS por tratarse de lista local MCBA. Atributos fuente: CAL=2A; TAM=CHICO; GRADO=P/I.,,653.3,,,$/kg,,ARS,False,0,,,,114539,PHOR25_K.xlsx#hoja=PHOR25_K;fila=475;C=4553;columna=K_OCTU,
current_monthly_not_comparable,,2025-10-01,month,2025-10,MCBA,,Hortalizas,,Tomate,,Redondo,,Salta,,Pe,,,,Moneda interpretada como ARS por tratarse de lista local MCBA. Atributos fuente: CAL=1A; TAM=MEDIANO; GRADO=P/I.,,1587.0,,,$/kg,,ARS,False,0,,,,114602,PHOR25_K.xlsx#hoja=PHOR25_K;fila=494;C=2025;columna=K_OCTU,
current_monthly_not_comparable,,2025-10-01,month,2025-10,MCBA,,Hortalizas,,Tomate,,Redondo,,Salta,,Pe,,,,Moneda interpretada como ARS por tratarse de lista local MCBA. Atributos fuente: CAL=1A; TAM=GRANDE; GRADO=P/I.,,1872.0,,,$/kg,,ARS,False,0,,,,114608,PHOR25_K.xlsx#hoja=PHOR25_K;fila=495;C=2024;columna=K_OCTU,
current_monthly_not_comparable,,2025-10-01,month,2025-10,MCBA,,Hortalizas,,Tomate,,Redondo,,Salta,,Pe,,,,Moneda interpretada como ARS por tratarse de lista local MCBA. Atributos fuente: CAL=1A; TAM=GRANDE; GRADO=PIN.,,1202.0,,,$/kg,,ARS,False,0,,,,114613,PHOR25_K.xlsx#hoja=PHOR25_K;fila=496;C=2197;columna=K_OCTU,
current_monthly_not_comparable,,2025-10-01,month,2025-10,MCBA,,Hortalizas,,Tomate,,Redondo,,Salta,,Pe,,,,Moneda interpretada como ARS por tratarse de lista local MCBA. Atributos fuente: CAL=1A; TAM=MEDIANO; GRADO=PIN.,,1015.0,,,$/kg,,ARS,False,0,,,,114617,PHOR25_K.xlsx#hoja=PHOR25_K;fila=497;C=2198;columna=K_OCTU,
current_monthly_not_comparable,,2025-10-01,month,2025-10,MCBA,,Hortalizas,,Tomate,,Redondo,,Salta,,Pe,,,,Moneda interpretada como ARS por tratarse de lista local MCBA. Atributos fuente: CAL=2A; TAM=MEDIANO; GRADO=ROJ.,,655.4,,,$/kg,,ARS,False,0,,,,114621,PHOR25_K.xlsx#hoja=PHOR25_K;fila=498;C=2303;columna=K_OCTU,
current_monthly_not_comparable,,2025-10-01,month,2025-10,MCBA,,Hortalizas,,Tomate,,Redondo,,Salta,,Pe,,,,Moneda interpretada como ARS por tratarse de lista local MCBA. Atributos fuente: CAL=2A; TAM=MEDIANO; GRADO=PIN.,,769.8,,,$/kg,,ARS,False,0,,,,114623,PHOR25_K.xlsx#hoja=PHOR25_K;fila=499;C=2241;columna=K_OCTU,
current_monthly_not_comparable,,2025-10-01,month,2025-10,MCBA,,Hortalizas,,Tomillo,,,,Bs. As.,,At,,,,Moneda interpretada como ARS por tratarse de lista local MCBA. Atributos fuente: TAM=MEDIANO.,,9380.0,,,$/kg,,ARS,False,0,,,,114633,PHOR25_K.xlsx#hoja=PHOR25_K;fila=501;C=4366;columna=K_OCTU,
current_monthly_not_comparable,,2025-10-01,month,2025-10,MCBA,,Hortalizas,,Zanahoria,,Chantenay,,Mendoza,,Bo,,,,Moneda interpretada como ARS por tratarse de lista local MCBA. Atributos fuente: CAL=1A; TAM=MEDIANO.,,425.6,,,$/kg,,ARS,False,0,,,,114670,PHOR25_K.xlsx#hoja=PHOR25_K;fila=510;C=1455;columna=K_OCTU,
current_monthly_not_comparable,,2025-10-01,month,2025-10,MCBA,,Hortalizas,,Zanahoria,,Chantenay,,Mendoza,,Bo,,,,Moneda interpretada como ARS por tratarse de lista local MCBA. Atributos fuente: CAL=1A; TAM=MEDIANO.,,492.2,,,$/kg,,ARS,False,0,,,,114682,PHOR25_K.xlsx#hoja=PHOR25_K;fila=511;C=2476;columna=K_OCTU,
current_monthly_not_comparable,,2025-10-01,month,2025-10,MCBA,,Hortalizas,,Zanahoria,,Chantenay,,Santa Fe,,Bo,,,,Moneda interpretada como ARS por tratarse de lista local MCBA. Atributos fuente: CAL=1A; TAM=MEDIANO.,,345.4,,,$/kg,,ARS,False,0,,,,114693,PHOR25_K.xlsx#hoja=PHOR25_K;fila=513;C=2052;columna=K_OCTU,
current_monthly_not_comparable,,2025-10-01,month,2025-10,MCBA,,Hortalizas,,Zanahoria,,Chantenay,,Sgo.Est.,,Bo,,,,Moneda interpretada como ARS por tratarse de lista local MCBA. Atributos fuente: CAL=1A; TAM=MEDIANO.,,414.6,,,$/kg,,ARS,False,0,,,,114700,PHOR25_K.xlsx#hoja=PHOR25_K;fila=514;C=3783;columna=K_OCTU,
current_monthly_not_comparable,,2025-10-01,month,2025-10,MCBA,,Hortalizas,,Zapallito,,Largo,,Bs. As.,,To,,,,Moneda interpretada como ARS por tratarse de lista local MCBA. Atributos fuente: CAL=1A; TAM=MEDIANO; GRADO=INV.,,1059.0,,,$/kg,,ARS,False,0,,,,114713,PHOR25_K.xlsx#hoja=PHOR25_K;fila=518;C=4544;columna=K_OCTU,
current_monthly_not_comparable,,2025-10-01,month,2025-10,MCBA,,Hortalizas,,Zapallito,,Largo,,Salta,,To,,,,Moneda interpretada como ARS por tratarse de lista local MCBA. Atributos fuente: CAL=1A; TAM=MEDIANO.,,673.2,,,$/kg,,ARS,False,0,,,,114735,PHOR25_K.xlsx#hoja=PHOR25_K;fila=525;C=1100;columna=K_OCTU,
current_monthly_not_comparable,,2025-10-01,month,2025-10,MCBA,,Hortalizas,,Zapallito,,Largo,,Salta,,To,,,,Moneda interpretada como ARS por tratarse de lista local MCBA. Atributos fuente: CAL=2A; TAM=MEDIANO.,,395.5,,,$/kg,,ARS,False,0,,,,114738,PHOR25_K.xlsx#hoja=PHOR25_K;fila=526;C=1753;columna=K_OCTU,
current_monthly_not_comparable,,2025-10-01,month,2025-10,MCBA,,Hortalizas,,Zapallito,,Redondo,,Bs. As.,,To,,,,Moneda interpretada como ARS por tratarse de lista local MCBA. Atributos fuente: CAL=1A; TAM=MEDIANO; GRADO=INV.,,841.8,,,$/kg,,ARS,False,0,,,,114753,PHOR25_K.xlsx#hoja=PHOR25_K;fila=530;C=4468;columna=K_OCTU,
current_monthly_not_comparable,,2025-10-01,month,2025-10,MCBA,,Hortalizas,,Zapallito,,Redondo,,Ctes.,,To,,,,Moneda interpretada como ARS por tratarse de lista local MCBA. Atributos fuente: CAL=1A; TAM=MEDIANO.,,472.2,,,$/kg,,ARS,False,0,,,,114766,PHOR25_K.xlsx#hoja=PHOR25_K;fila=532;C=580011;columna=K_OCTU,
current_monthly_not_comparable,,2025-10-01,month,2025-10,MCBA,,Hortalizas,,Zapallito,,Redondo,,Salta,,To,,,,Moneda interpretada como ARS por tratarse de lista local MCBA. Atributos fuente: CAL=1A; TAM=MEDIANO; GRADO=INV.,,584.2,,,$/kg,,ARS,False,0,,,,114793,PHOR25_K.xlsx#hoja=PHOR25_K;fila=539;C=3913;columna=K_OCTU,
current_monthly_not_comparable,,2025-10-01,month,2025-10,MCBA,,Hortalizas,,Zapallito,,Redondo,,Salta,,To,,,,Moneda interpretada como ARS por tratarse de lista local MCBA. Atributos fuente: CAL=1A; TAM=MEDIANO.,,455.7,,,$/kg,,ARS,False,0,,,,114800,PHOR25_K.xlsx#hoja=PHOR25_K;fila=540;C=580002;columna=K_OCTU,
current_monthly_not_comparable,,2025-10-01,month,2025-10,MCBA,,Hortalizas,,Zapallito,,Redondo,,Salta,,To,,,,Moneda interpretada como ARS por tratarse de lista local MCBA. Atributos fuente: CAL=2A; TAM=MEDIANO.,,341.2,,,$/kg,,ARS,False,0,,,,114804,PHOR25_K.xlsx#hoja=PHOR25_K;fila=541;C=1149;columna=K_OCTU,
current_monthly_not_comparable,,2025-10-01,month,2025-10,MCBA,,Hortalizas,,Zapallito,,Redondo,,Santa Fe,,To,,,,Moneda interpretada como ARS por tratarse de lista local MCBA. Atributos fuente: CAL=1A; TAM=MEDIANO.,,550.4,,,$/kg,,ARS,False,0,,,,114812,PHOR25_K.xlsx#hoja=PHOR25_K;fila=545;C=580010;columna=K_OCTU,
current_monthly_not_comparable,,2025-10-01,month,2025-10,MCBA,,Hortalizas,,Zapallito,,Redondo,,Sgo.Est.,,To,,,,Moneda interpretada como ARS por tratarse de lista local MCBA. Atributos fuente: CAL=1A; TAM=MEDIANO.,,461.1,,,$/kg,,ARS,False,0,,,,114816,PHOR25_K.xlsx#hoja=PHOR25_K;fila=546;C=580004;columna=K_OCTU,
current_monthly_not_comparable,,2025-10-01,month,2025-10,MCBA,,Hortalizas,,Zapallo,,Anc.Cokena,,Formosa,,Bo,,,,Moneda interpretada como ARS por tratarse de lista local MCBA. Atributos fuente: CAL=1A; TAM=MEDIANO.,,800.0,,,$/kg,,ARS,False,0,,,,114824,PHOR25_K.xlsx#hoja=PHOR25_K;fila=551;C=3942;columna=K_OCTU,
current_monthly_not_comparable,,2025-10-01,month,2025-10,MCBA,,Hortalizas,,Zapallo,,Anc.Cokena,,Mendoza,,Bo,,,,Moneda interpretada como ARS por tratarse de lista local MCBA. Atributos fuente: CAL=1A; TAM=MEDIANO.,,556.6,,,$/kg,,ARS,False,0,,,,114836,PHOR25_K.xlsx#hoja=PHOR25_K;fila=552;C=3574;columna=K_OCTU,
current_monthly_not_comparable,,2025-10-01,month,2025-10,MCBA,,Hortalizas,,Zapallo,,Anc.Cokena,,S.Bs.As.,,Bo,,,,Moneda interpretada como ARS por tratarse de lista local MCBA. Atributos fuente: CAL=1A; TAM=MEDIANO.,,498.8,,,$/kg,,ARS,False,0,,,,114843,PHOR25_K.xlsx#hoja=PHOR25_K;fila=553;C=4501;columna=K_OCTU,
current_monthly_not_comparable,,2025-10-01,month,2025-10,MCBA,,Hortalizas,,Zapallo,,Anc.Cokena,,Salta,,Bo,,,,Moneda interpretada como ARS por tratarse de lista local MCBA. Atributos fuente: CAL=1A; TAM=MEDIANO.,,765.4,,,$/kg,,ARS,False,0,,,,114845,PHOR25_K.xlsx#hoja=PHOR25_K;fila=554;C=4540;columna=K_OCTU,
current_monthly_not_comparable,,2025-10-01,month,2025-10,MCBA,,Hortalizas,,Zapallo,,Anquito,,Mendoza,,Bo,,,,Moneda interpretada como ARS por tratarse de lista local MCBA. Atributos fuente: CAL=1A; TAM=MEDIANO.,,299.9,,,$/kg,,ARS,False,0,,,,114871,PHOR25_K.xlsx#hoja=PHOR25_K;fila=560;C=3135;columna=K_OCTU,
current_monthly_not_comparable,,2025-10-01,month,2025-10,MCBA,,Hortalizas,,Zapallo,,Plomo,,Santa Fe,,Gr,,,,Moneda interpretada como ARS por tratarse de lista local MCBA. Atributos fuente: CAL=1A; TAM=GRANEL.,,908.3,,,$/kg,,ARS,False,0,,,,114900,PHOR25_K.xlsx#hoja=PHOR25_K;fila=569;C=3741;columna=K_OCTU,
current_monthly_not_comparable,,2025-10-01,month,2025-10,MCBA,,Hortalizas,,Zapallo,,Tetsukab.,,Mendoza,,Bo,,,,Moneda interpretada como ARS por tratarse de lista local MCBA. Atributos fuente: CAL=1A; TAM=MEDIANO.,,473.0,,,$/kg,,ARS,False,0,,,,114919,PHOR25_K.xlsx#hoja=PHOR25_K;fila=573;C=4383;columna=K_OCTU,
current_monthly_not_comparable,,2025-10-01,month,2025-10,MCBA,,Hortalizas,,Zapallo,,Tetsukab.,,S.Bs.As.,,Bo,,,,Moneda interpretada como ARS por tratarse de lista local MCBA. Atributos fuente: CAL=1A; TAM=MEDIANO.,,438.4,,,$/kg,,ARS,False,0,,,,114936,PHOR25_K.xlsx#hoja=PHOR25_K;fila=576;C=3271;columna=K_OCTU,
current_monthly_not_comparable,,2025-10-01,month,2025-10,MCBA,,Hortalizas,,Zapallo,,Tetsukab.,,Salta,,Bo,,,,Moneda interpretada como ARS por tratarse de lista local MCBA. Atributos fuente: CAL=1A; TAM=GRANDE.,,732.5,,,$/kg,,ARS,False,0,,,,114939,PHOR25_K.xlsx#hoja=PHOR25_K;fila=577;C=2719;columna=K_OCTU,
current_monthly_not_comparable,,2025-10-01,month,2025-10,MCBA,,Hortalizas,,Zapallo,,Tetsukab.,,Salta,,Bo,,,,Moneda interpretada como ARS por tratarse de lista local MCBA. Atributos fuente: CAL=1A; TAM=MEDIANO.,,639.2,,,$/kg,,ARS,False,0,,,,114943,PHOR25_K.xlsx#hoja=PHOR25_K;fila=578;C=4469;columna=K_OCTU,
current_monthly_not_comparable,,2025-10-01,month,2025-10,MCBA,,Frutas,,Anana,,,,Brasil,,Ca,,,,Moneda interpretada como ARS por tratarse de lista local MCBA. Atributos fuente: CAL=EL; TAM=012/014.,,2163.0,,,$/kg,,ARS,False,0,,,,114959,PFRU25_K.xlsx#hoja=PFRU25_K;fila=6;C=5744;columna=K_OCTU,
current_monthly_not_comparable,,2025-10-01,month,2025-10,MCBA,,Frutas,,Anana,,,,Ecuador,,Ca,,,,Moneda interpretada como ARS por tratarse de lista local MCBA. Atributos fuente: CAL=EL; TAM=010/012.,,2398.0,,,$/kg,,ARS,False,0,,,,114972,PFRU25_K.xlsx#hoja=PFRU25_K;fila=8;C=6099;columna=K_OCTU,
current_monthly_not_comparable,,2025-10-01,month,2025-10,MCBA,,Frutas,,Arandano,,,,Bs. As.,,Ca,,,,Moneda interpretada como ARS por tratarse de lista local MCBA. Atributos fuente: CAL=EL; TAM=GRANEL.,,9136.0,,,$/kg,,ARS,False,0,,,,114983,PFRU25_K.xlsx#hoja=PFRU25_K;fila=15;C=5758;columna=K_OCTU,
current_monthly_not_comparable,,2025-10-01,month,2025-10,MCBA,,Frutas,,Arandano,,,,Ctes.,,Ca,,,,Moneda interpretada como ARS por tratarse de lista local MCBA. Atributos fuente: CAL=EL; TAM=GRANEL.,,8456.0,,,$/kg,,ARS,False,0,,,,114997,PFRU25_K.xlsx#hoja=PFRU25_K;fila=17;C=5730;columna=K_OCTU,
current_monthly_not_comparable,,2025-10-01,month,2025-10,MCBA,,Frutas,,Arandano,,,,E. Rios,,Ca,,,,Moneda interpretada como ARS por tratarse de lista local MCBA. Atributos fuente: CAL=EL; TAM=GRANEL.,,7767.0,,,$/kg,,ARS,False,0,,,,115004,PFRU25_K.xlsx#hoja=PFRU25_K;fila=18;C=5732;columna=K_OCTU,
current_monthly_not_comparable,,2025-10-01,month,2025-10,MCBA,,Frutas,,Arandano,,,,Tucuman,,Ca,,,,Moneda interpretada como ARS por tratarse de lista local MCBA. Atributos fuente: CAL=EL; TAM=GRANEL.,,11889.0,,,$/kg,,ARS,False,0,,,,115012,PFRU25_K.xlsx#hoja=PFRU25_K;fila=20;C=5731;columna=K_OCTU,
current_monthly_not_comparable,,2025-10-01,month,2025-10,MCBA,,Frutas,,Banana,,Cavendish,,Bolivia,,Ca,,,,Moneda interpretada como ARS por tratarse de lista local MCBA. Atributos fuente: CAL=EL; TAM=MEDIANO.,,1581.0,,,$/kg,,ARS,False,0,,,,115022,PFRU25_K.xlsx#hoja=PFRU25_K;fila=22;C=4289;columna=K_OCTU,
current_monthly_not_comparable,,2025-10-01,month,2025-10,MCBA,,Frutas,,Banana,,Cavendish,,Colombia,,Ca,,,,Moneda interpretada como ARS por tratarse de lista local MCBA. Atributos fuente: CAL=EL; TAM=MEDIANO.,,1763.0,,,$/kg,,ARS,False,0,,,,115034,PFRU25_K.xlsx#hoja=PFRU25_K;fila=23;C=5393;columna=K_OCTU,
current_monthly_not_comparable,,2025-10-01,month,2025-10,MCBA,,Frutas,,Banana,,Cavendish,,Ecuador,,Ca,,,,Moneda interpretada como ARS por tratarse de lista local MCBA. Atributos fuente: CAL=EL; TAM=GRANDE.,,2001.0,,,$/kg,,ARS,False,0,,,,115046,PFRU25_K.xlsx#hoja=PFRU25_K;fila=24;C=30053;columna=K_OCTU,
current_monthly_not_comparable,,2025-10-01,month,2025-10,MCBA,,Frutas,,Banana,,Cavendish,,Ecuador,,Ca,,,,Moneda interpretada como ARS por tratarse de lista local MCBA. Atributos fuente: CAL=EL; TAM=MEDIANO.,,1766.0,,,$/kg,,ARS,False,0,,,,115058,PFRU25_K.xlsx#hoja=PFRU25_K;fila=25;C=5934;columna=K_OCTU,
current_monthly_not_comparable,,2025-10-01,month,2025-10,MCBA,,Frutas,,Banana,,Nanika,,Brasil,,Pe,,,,Moneda interpretada como ARS por tratarse de lista local MCBA. Atributos fuente: CAL=EL; TAM=MEDIANO.,,1492.0,,,$/kg,,ARS,False,0,,,,115070,PFRU25_K.xlsx#hoja=PFRU25_K;fila=27;C=5435;columna=K_OCTU,
current_monthly_not_comparable,,2025-10-01,month,2025-10,MCBA,,Frutas,,Banana,,Nanika,,Formosa,,Pe,,,,Moneda interpretada como ARS por tratarse de lista local MCBA. Atributos fuente: CAL=EL; TAM=MEDIANO.,,909.1,,,$/kg,,ARS,False,0,,,,115077,PFRU25_K.xlsx#hoja=PFRU25_K;fila=30;C=4286;columna=K_OCTU,
current_monthly_not_comparable,,2025-10-01,month,2025-10,MCBA,,Frutas,,Banana,,Nanika,,Paraguay,,Pe,,,,Moneda interpretada como ARS por tratarse de lista local MCBA. Atributos fuente: CAL=EL; TAM=MEDIANO.,,1348.0,,,$/kg,,ARS,False,0,,,,115088,PFRU25_K.xlsx#hoja=PFRU25_K;fila=31;C=4784;columna=K_OCTU,
current_monthly_not_comparable,,2025-10-01,month,2025-10,MCBA,,Frutas,,Banana,,Nanika,,Salta,,Ca,,,,Moneda interpretada como ARS por tratarse de lista local MCBA. Atributos fuente: CAL=EL; TAM=MEDIANO.,,1292.0,,,$/kg,,ARS,False,0,,,,115107,PFRU25_K.xlsx#hoja=PFRU25_K;fila=38;C=6455;columna=K_OCTU,
current_monthly_not_comparable,,2025-10-01,month,2025-10,MCBA,,Frutas,,Banana,,Nanika,,Salta,,Ca,,,,Moneda interpretada como ARS por tratarse de lista local MCBA. Atributos fuente: CAL=EL; TAM=GRANDE.,,1612.0,,,$/kg,,ARS,False,0,,,,115110,PFRU25_K.xlsx#hoja=PFRU25_K;fila=39;C=6517;columna=K_OCTU,
current_monthly_not_comparable,,2025-10-01,month,2025-10,MCBA,,Frutas,,Cereza,,Nimba,,Mendoza,,Ca,,,,Moneda interpretada como ARS por tratarse de lista local MCBA. Atributos fuente: CAL=EL; TAM=MEDIANO.,,26667.0,,,$/kg,,ARS,False,0,,,,115154,PFRU25_K.xlsx#hoja=PFRU25_K;fila=69;C=6521;columna=K_OCTU,
current_monthly_not_comparable,,2025-10-01,month,2025-10,MCBA,,Frutas,,Cereza,,Nimba,,Mendoza,,Ca,,,,Moneda interpretada como ARS por tratarse de lista local MCBA. Atributos fuente: CAL=EL; TAM=GRANDE.,,27600.0,,,$/kg,,ARS,False,0,,,,115156,PFRU25_K.xlsx#hoja=PFRU25_K;fila=70;C=6524;columna=K_OCTU,
current_monthly_not_comparable,,2025-10-01,month,2025-10,MCBA,,Frutas,,Ciruela,,Blacksplen,,España,,Ca,,,,Moneda interpretada como ARS por tratarse de lista local MCBA. Atributos fuente: CAL=EL; TAM=GRANEL.,,4542.0,,,$/kg,,ARS,False,0,,,,115200,PFRU25_K.xlsx#hoja=PFRU25_K;fila=98;C=6220;columna=K_OCTU,
current_monthly_not_comparable,,2025-10-01,month,2025-10,MCBA,,Frutas,,Ciruela,,Golden Glo,,España,,Ca,,,,Moneda interpretada como ARS por tratarse de lista local MCBA. Atributos fuente: CAL=EL; TAM=GRANEL.,,4701.0,,,$/kg,,ARS,False,0,,,,115212,PFRU25_K.xlsx#hoja=PFRU25_K;fila=104;C=6505;columna=K_OCTU,
current_monthly_not_comparable,,2025-10-01,month,2025-10,MCBA,,Frutas,,Ciruela,,Red Beauty,,Jujuy,,Ca,,,,Moneda interpretada como ARS por tratarse de lista local MCBA. Atributos fuente: CAL=EL; TAM=MEDIANO.,,2546.0,,,$/kg,,ARS,False,0,,,,115233,PFRU25_K.xlsx#hoja=PFRU25_K;fila=114;C=6516;columna=K_OCTU,
current_monthly_not_comparable,,2025-10-01,month,2025-10,MCBA,,Frutas,,Damasco,,Amal,,San Juan,,Ba,,,,Moneda interpretada como ARS por tratarse de lista local MCBA. Atributos fuente: CAL=EL; TAM=MEDIANO.,,2867.0,,,$/kg,,ARS,False,0,,,,115265,PFRU25_K.xlsx#hoja=PFRU25_K;fila=135;C=5769;columna=K_OCTU,
current_monthly_not_comparable,,2025-10-01,month,2025-10,MCBA,,Frutas,,Damasco,,Ouardy,,San Juan,,Ba,,,,Moneda interpretada como ARS por tratarse de lista local MCBA. Atributos fuente: CAL=EL; TAM=MEDIANO.,,3030.0,,,$/kg,,ARS,False,0,,,,115281,PFRU25_K.xlsx#hoja=PFRU25_K;fila=145;C=2194;columna=K_OCTU,
current_monthly_not_comparable,,2025-10-01,month,2025-10,MCBA,,Frutas,,Durazno,,Flordaking,,Jujuy,,Ba,,,,Moneda interpretada como ARS por tratarse de lista local MCBA. Atributos fuente: CAL=EL; TAM=MEDIANO.,,4583.0,,,$/kg,,ARS,False,0,,,,115338,PFRU25_K.xlsx#hoja=PFRU25_K;fila=182;C=4892;columna=K_OCTU,
current_monthly_not_comparable,,2025-10-01,month,2025-10,MCBA,,Frutas,,Durazno,,Flordaking,,Jujuy,,Ba,,,,Moneda interpretada como ARS por tratarse de lista local MCBA. Atributos fuente: CAL=EL; TAM=GRANDE.,,4875.0,,,$/kg,,ARS,False,0,,,,115339,PFRU25_K.xlsx#hoja=PFRU25_K;fila=183;C=2555;columna=K_OCTU,
current_monthly_not_comparable,,2025-10-01,month,2025-10,MCBA,,Frutas,,Durazno,,Flordaking,,Jujuy,,Ba,,,,Moneda interpretada como ARS por tratarse de lista local MCBA. Atributos fuente: CAL=EL; TAM=GRANEL.,,2800.0,,,$/kg,,ARS,False,0,,,,115340,PFRU25_K.xlsx#hoja=PFRU25_K;fila=184;C=6058;columna=K_OCTU,
current_monthly_not_comparable,,2025-10-01,month,2025-10,MCBA,,Frutas,,Durazno,,Flordaking,,Jujuy,,Ca,,,,Moneda interpretada como ARS por tratarse de lista local MCBA. Atributos fuente: CAL=EL; TAM=CHICO.,,2125.0,,,$/kg,,ARS,False,0,,,,115341,PFRU25_K.xlsx#hoja=PFRU25_K;fila=185;C=6525;columna=K_OCTU,
current_monthly_not_comparable,,2025-10-01,month,2025-10,MCBA,,Frutas,,Durazno,,Opedepe,,Jujuy,,Ca,,,,Moneda interpretada como ARS por tratarse de lista local MCBA. Atributos fuente: CAL=EL; TAM=GRANDE.,,6651.0,,,$/kg,,ARS,False,0,,,,115382,PFRU25_K.xlsx#hoja=PFRU25_K;fila=210;C=5165;columna=K_OCTU,
current_monthly_not_comparable,,2025-10-01,month,2025-10,MCBA,,Frutas,,Durazno,,Opedepe,,Jujuy,,Ba,,,,Moneda interpretada como ARS por tratarse de lista local MCBA. Atributos fuente: CAL=EL; TAM=MEDIANO.,,5406.0,,,$/kg,,ARS,False,0,,,,115385,PFRU25_K.xlsx#hoja=PFRU25_K;fila=211;C=5221;columna=K_OCTU,
current_monthly_not_comparable,,2025-10-01,month,2025-10,MCBA,,Frutas,,Durazno,,Opedepe,,Jujuy,,Ca,,,,Moneda interpretada como ARS por tratarse de lista local MCBA. Atributos fuente: CAL=EL; TAM=CHICO.,,3113.0,,,$/kg,,ARS,False,0,,,,115388,PFRU25_K.xlsx#hoja=PFRU25_K;fila=212;C=6508;columna=K_OCTU,
current_monthly_not_comparable,,2025-10-01,month,2025-10,MCBA,,Frutas,,Durazno,,Rojito,,Jujuy,,Ca,,,,Moneda interpretada como ARS por tratarse de lista local MCBA. Atributos fuente: CAL=EL; TAM=MEDIANO.,,4374.0,,,$/kg,,ARS,False,0,,,,115403,PFRU25_K.xlsx#hoja=PFRU25_K;fila=223;C=6518;columna=K_OCTU,
current_monthly_not_comparable,,2025-10-01,month,2025-10,MCBA,,Frutas,,Durazno,,Rojo Uno,,Bs. As.,,Ba,,,,Moneda interpretada como ARS por tratarse de lista local MCBA. Atributos fuente: CAL=EL; TAM=MEDIANO.,,4633.0,,,$/kg,,ARS,False,0,,,,115406,PFRU25_K.xlsx#hoja=PFRU25_K;fila=225;C=5124;columna=K_OCTU,
current_monthly_not_comparable,,2025-10-01,month,2025-10,MCBA,,Frutas,,Durazno,,Rojo Uno,,Bs. As.,,Ba,,,,Moneda interpretada como ARS por tratarse de lista local MCBA. Atributos fuente: CAL=EL; TAM=GRANDE.,,5370.0,,,$/kg,,ARS,False,0,,,,115408,PFRU25_K.xlsx#hoja=PFRU25_K;fila=226;C=5364;columna=K_OCTU,
current_monthly_not_comparable,,2025-10-01,month,2025-10,MCBA,,Frutas,,Durazno,,Rojo Uno,,Bs. As.,,Ba,,,,Moneda interpretada como ARS por tratarse de lista local MCBA. Atributos fuente: CAL=EL; TAM=CHICO.,,2866.0,,,$/kg,,ARS,False,0,,,,115410,PFRU25_K.xlsx#hoja=PFRU25_K;fila=227;C=6514;columna=K_OCTU,
current_monthly_not_comparable,,2025-10-01,month,2025-10,MCBA,,Frutas,,Frutilla,,,,Bs. As.,,Ba,,,,Moneda interpretada como ARS por tratarse de lista local MCBA. Atributos fuente: CAL=EL; TAM=GRANEL.,,3620.0,,,$/kg,,ARS,False,0,,,,115474,PFRU25_K.xlsx#hoja=PFRU25_K;fila=262;C=4856;columna=K_OCTU,
current_monthly_not_comparable,,2025-10-01,month,2025-10,MCBA,,Frutas,,Frutilla,,,,Bs. As.,,Ba,,,,Moneda interpretada como ARS por tratarse de lista local MCBA. Atributos fuente: CAL=CL; TAM=GRANEL.,,2602.0,,,$/kg,,ARS,False,0,,,,115478,PFRU25_K.xlsx#hoja=PFRU25_K;fila=263;C=4857;columna=K_OCTU,
current_monthly_not_comparable,,2025-10-01,month,2025-10,MCBA,,Frutas,,Frutilla,,,,Ctes.,,Ba,,,,Moneda interpretada como ARS por tratarse de lista local MCBA. Atributos fuente: CAL=EL; TAM=GRANEL.,,3500.0,,,$/kg,,ARS,False,0,,,,115486,PFRU25_K.xlsx#hoja=PFRU25_K;fila=264;C=4827;columna=K_OCTU,
current_monthly_not_comparable,,2025-10-01,month,2025-10,MCBA,,Frutas,,Frutilla,,,,Ctes.,,Ca,,,,Moneda interpretada como ARS por tratarse de lista local MCBA. Atributos fuente: CAL=EL; TAM=MEDIANO.,,3667.0,,,$/kg,,ARS,False,0,,,,115493,PFRU25_K.xlsx#hoja=PFRU25_K;fila=266;C=4053;columna=K_OCTU,
current_monthly_not_comparable,,2025-10-01,month,2025-10,MCBA,,Frutas,,Frutilla,,,,M.D.Plat,,Ca,,,,Moneda interpretada como ARS por tratarse de lista local MCBA. Atributos fuente: CAL=EL; TAM=MEDIANO.,,5067.0,,,$/kg,,ARS,False,0,,,,115503,PFRU25_K.xlsx#hoja=PFRU25_K;fila=270;C=2910;columna=K_OCTU,
current_monthly_not_comparable,,2025-10-01,month,2025-10,MCBA,,Frutas,,Frutilla,,,,Santa Fe,,Ca,,,,Moneda interpretada como ARS por tratarse de lista local MCBA. Atributos fuente: CAL=EL; TAM=GRANEL.,,3395.0,,,$/kg,,ARS,False,0,,,,115516,PFRU25_K.xlsx#hoja=PFRU25_K;fila=275;C=2479;columna=K_OCTU,
current_monthly_not_comparable,,2025-10-01,month,2025-10,MCBA,,Frutas,,Frutilla,,,,Santa Fe,,Ba,,,,Moneda interpretada como ARS por tratarse de lista local MCBA. Atributos fuente: CAL=EL; TAM=GRANEL.,,3933.0,,,$/kg,,ARS,False,0,,,,115520,PFRU25_K.xlsx#hoja=PFRU25_K;fila=276;C=6478;columna=K_OCTU,
current_monthly_not_comparable,,2025-10-01,month,2025-10,MCBA,,Frutas,,Frutilla,,,,Tucuman,,Ca,,,,Moneda interpretada como ARS por tratarse de lista local MCBA. Atributos fuente: CAL=EL; TAM=GRANEL.,,3267.0,,,$/kg,,ARS,False,0,,,,115528,PFRU25_K.xlsx#hoja=PFRU25_K;fila=278;C=6477;columna=K_OCTU,
current_monthly_not_comparable,,2025-10-01,month,2025-10,MCBA,,Frutas,,Guayaba,,,,Brasil,,Ca,,,,Moneda interpretada como ARS por tratarse de lista local MCBA. Atributos fuente: CAL=EL; TAM=GRANEL.,,6580.0,,,$/kg,,ARS,False,0,,,,115542,PFRU25_K.xlsx#hoja=PFRU25_K;fila=285;C=6489;columna=K_OCTU,
current_monthly_not_comparable,,2025-10-01,month,2025-10,MCBA,,Frutas,,Kiwi,,,,Bs. As.,,Ca,,,,Moneda interpretada como ARS por tratarse de lista local MCBA. Atributos fuente: CAL=EL; TAM=GRANDE.,,5486.0,,,$/kg,,ARS,False,0,,,,115581,PFRU25_K.xlsx#hoja=PFRU25_K;fila=299;C=1985;columna=K_OCTU,
current_monthly_not_comparable,,2025-10-01,month,2025-10,MCBA,,Frutas,,Kiwi,,,,Bs. As.,,Ca,,,,Moneda interpretada como ARS por tratarse de lista local MCBA. Atributos fuente: CAL=EL; TAM=MEDIANO.,,4646.0,,,$/kg,,ARS,False,0,,,,115593,PFRU25_K.xlsx#hoja=PFRU25_K;fila=300;C=1986;columna=K_OCTU,
current_monthly_not_comparable,,2025-10-01,month,2025-10,MCBA,,Frutas,,Kiwi,,,,Chile,,Ca,,,,Moneda interpretada como ARS por tratarse de lista local MCBA. Atributos fuente: CAL=EL; TAM=GRANDE.,,5650.0,,,$/kg,,ARS,False,0,,,,115605,PFRU25_K.xlsx#hoja=PFRU25_K;fila=302;C=230024;columna=K_OCTU,
current_monthly_not_comparable,,2025-10-01,month,2025-10,MCBA,,Frutas,,Kiwi,,,,Chile,,Ca,,,,Moneda interpretada como ARS por tratarse de lista local MCBA. Atributos fuente: CAL=EL; TAM=MEDIANO.,,5109.0,,,$/kg,,ARS,False,0,,,,115614,PFRU25_K.xlsx#hoja=PFRU25_K;fila=303;C=230031;columna=K_OCTU,
current_monthly_not_comparable,,2025-10-01,month,2025-10,MCBA,,Frutas,,Kumquat,,,,E. Rios,,Bo,,,,Moneda interpretada como ARS por tratarse de lista local MCBA. Atributos fuente: CAL=EL; TAM=GRANEL.,,2000.0,,,$/kg,,ARS,False,0,,,,115647,PFRU25_K.xlsx#hoja=PFRU25_K;fila=316;C=5112;columna=K_OCTU,
current_monthly_not_comparable,,2025-10-01,month,2025-10,MCBA,,Frutas,,Lima,,Tahiti,,Brasil,,Ba,,,,Moneda interpretada como ARS por tratarse de lista local MCBA. Atributos fuente: CAL=EL; TAM=MEDIANO.,,1732.0,,,$/kg,,ARS,False,0,,,,115667,PFRU25_K.xlsx#hoja=PFRU25_K;fila=322;C=6320;columna=K_OCTU,
current_monthly_not_comparable,,2025-10-01,month,2025-10,MCBA,,Frutas,,Limon,,,,Chile,,Ca,,,,Moneda interpretada como ARS por tratarse de lista local MCBA. Atributos fuente: CAL=EL; TAM=110/140.,,2010.0,,,$/kg,,ARS,False,0,,,,115670,PFRU25_K.xlsx#hoja=PFRU25_K;fila=324;C=6512;columna=K_OCTU,
current_monthly_not_comparable,,2025-10-01,month,2025-10,MCBA,,Frutas,,Limon,,Eureka,,Brasil,,Ca,,,,Moneda interpretada como ARS por tratarse de lista local MCBA. Atributos fuente: CAL=EL; TAM=090/110.,,2133.0,,,$/kg,,ARS,False,0,,,,115678,PFRU25_K.xlsx#hoja=PFRU25_K;fila=328;C=6513;columna=K_OCTU,
current_monthly_not_comparable,,2025-10-01,month,2025-10,MCBA,,Frutas,,Limon,,Eureka,,Chile,,Ca,,,,Moneda interpretada como ARS por tratarse de lista local MCBA. Atributos fuente: CAL=EL; TAM=110/125.,,1824.0,,,$/kg,,ARS,False,0,,,,115684,PFRU25_K.xlsx#hoja=PFRU25_K;fila=331;C=5564;columna=K_OCTU,
current_monthly_not_comparable,,2025-10-01,month,2025-10,MCBA,,Frutas,,Limon,,Eureka,,Chile,,Ba,,,,Moneda interpretada como ARS por tratarse de lista local MCBA. Atributos fuente: CAL=EL; TAM=GRANEL.,,2099.0,,,$/kg,,ARS,False,0,,,,115685,PFRU25_K.xlsx#hoja=PFRU25_K;fila=332;C=6509;columna=K_OCTU,
current_monthly_not_comparable,,2025-10-01,month,2025-10,MCBA,,Frutas,,Limon,,Eureka,,Ctes.,,To,,,,Moneda interpretada como ARS por tratarse de lista local MCBA. Atributos fuente: CAL=EL; TAM=090/120.,,1333.0,,,$/kg,,ARS,False,0,,,,115696,PFRU25_K.xlsx#hoja=PFRU25_K;fila=334;C=6448;columna=K_OCTU,
current_monthly_not_comparable,,2025-10-01,month,2025-10,MCBA,,Frutas,,Limon,,Eureka,,Salta,,Ca,,,,Moneda interpretada como ARS por tratarse de lista local MCBA. Atributos fuente: CAL=EL; TAM=090/125.,,1737.0,,,$/kg,,ARS,False,0,,,,115719,PFRU25_K.xlsx#hoja=PFRU25_K;fila=337;C=4450;columna=K_OCTU,
current_monthly_not_comparable,,2025-10-01,month,2025-10,MCBA,,Frutas,,Limon,,Eureka,,Tucuman,,Bo,,,,Moneda interpretada como ARS por tratarse de lista local MCBA. Atributos fuente: CAL=CL; TAM=GRANEL.,,1056.0,,,$/kg,,ARS,False,0,,,,115731,PFRU25_K.xlsx#hoja=PFRU25_K;fila=338;C=5634;columna=K_OCTU,
current_monthly_not_comparable,,2025-10-01,month,2025-10,MCBA,,Frutas,,Limon,,Eureka,,Tucuman,,Ca,,,,Moneda interpretada como ARS por tratarse de lista local MCBA. Atributos fuente: CAL=EL; TAM=125/138.,,1503.0,,,$/kg,,ARS,False,0,,,,115745,PFRU25_K.xlsx#hoja=PFRU25_K;fila=341;C=1063;columna=K_OCTU,
current_monthly_not_comparable,,2025-10-01,month,2025-10,MCBA,,Frutas,,Limon,,Eureka,,Tucuman,,Ca,,,,Moneda interpretada como ARS por tratarse de lista local MCBA. Atributos fuente: CAL=EL; TAM=113/138.,,1636.0,,,$/kg,,ARS,False,0,,,,115755,PFRU25_K.xlsx#hoja=PFRU25_K;fila=342;C=3621;columna=K_OCTU,
current_monthly_not_comparable,,2025-10-01,month,2025-10,MCBA,,Frutas,,Limon,,Eureka,,Tucuman,,To,,,,Moneda interpretada como ARS por tratarse de lista local MCBA. Atributos fuente: CAL=EL; TAM=100/140; GRADO=PIN.,,1375.0,,,$/kg,,ARS,False,0,,,,115765,PFRU25_K.xlsx#hoja=PFRU25_K;fila=343;C=250008;columna=K_OCTU,
current_monthly_not_comparable,,2025-10-01,month,2025-10,MCBA,,Frutas,,Limon,,Genova,,Ctes.,,Pe,,,,Moneda interpretada como ARS por tratarse de lista local MCBA. Atributos fuente: CAL=EL; TAM=120/140.,,1387.0,,,$/kg,,ARS,False,0,,,,115773,PFRU25_K.xlsx#hoja=PFRU25_K;fila=346;C=2079;columna=K_OCTU,
current_monthly_not_comparable,,2025-10-01,month,2025-10,MCBA,,Frutas,,Limon,,Genova,,Ctes.,,Pe,,,,Moneda interpretada como ARS por tratarse de lista local MCBA. Atributos fuente: CAL=EL; TAM=090/110.,,2093.0,,,$/kg,,ARS,False,0,,,,115778,PFRU25_K.xlsx#hoja=PFRU25_K;fila=348;C=2078;columna=K_OCTU,
current_monthly_not_comparable,,2025-10-01,month,2025-10,MCBA,,Frutas,,Limon,,Genova,,E. Rios,,To,,,,Moneda interpretada como ARS por tratarse de lista local MCBA. Atributos fuente: CAL=EL; TAM=100/140.,,1423.0,,,$/kg,,ARS,False,0,,,,115782,PFRU25_K.xlsx#hoja=PFRU25_K;fila=350;C=250015;columna=K_OCTU,
current_monthly_not_comparable,,2025-10-01,month,2025-10,MCBA,,Frutas,,Limon,,Siciliano,,Brasil,,Ca,,,,Moneda interpretada como ARS por tratarse de lista local MCBA. Atributos fuente: CAL=EL; TAM=070/090.,,2022.0,,,$/kg,,ARS,False,0,,,,115786,PFRU25_K.xlsx#hoja=PFRU25_K;fila=352;C=6515;columna=K_OCTU,
current_monthly_not_comparable,,2025-10-01,month,2025-10,MCBA,,Frutas,,Mamon,,,,Brasil,,Ca,,,,Moneda interpretada como ARS por tratarse de lista local MCBA. Atributos fuente: CAL=EL; TAM=GRANDE.,,2560.0,,,$/kg,,ARS,False,0,,,,115798,PFRU25_K.xlsx#hoja=PFRU25_K;fila=355;C=5896;columna=K_OCTU,
current_monthly_not_comparable,,2025-10-01,month,2025-10,MCBA,,Frutas,,Mamon,,,,Jujuy,,Ba,,,,Moneda interpretada como ARS por tratarse de lista local MCBA. Atributos fuente: CAL=EL; TAM=GRANEL.,,2170.0,,,$/kg,,ARS,False,0,,,,115809,PFRU25_K.xlsx#hoja=PFRU25_K;fila=356;C=6372;columna=K_OCTU,
current_monthly_not_comparable,,2025-10-01,month,2025-10,MCBA,,Frutas,,Mandarina,,Encore,,E. Rios,,Pe,,,,Moneda interpretada como ARS por tratarse de lista local MCBA. Atributos fuente: CAL=EL; TAM=GRANDE.,,1351.0,,,$/kg,,ARS,False,0,,,,115849,PFRU25_K.xlsx#hoja=PFRU25_K;fila=371;C=1377;columna=K_OCTU,
current_monthly_not_comparable,,2025-10-01,month,2025-10,MCBA,,Frutas,,Mandarina,,Encore,,E. Rios,,Ja,,,,Moneda interpretada como ARS por tratarse de lista local MCBA. Atributos fuente: CAL=EL; TAM=MEDIANO.,,741.1,,,$/kg,,ARS,False,0,,,,115854,PFRU25_K.xlsx#hoja=PFRU25_K;fila=372;C=2511;columna=K_OCTU,
current_monthly_not_comparable,,2025-10-01,month,2025-10,MCBA,,Frutas,,Mandarina,,Havana,,E. Rios,,Pe,,,,Moneda interpretada como ARS por tratarse de lista local MCBA. Atributos fuente: CAL=EL; TAM=MEDIANO.,,629.6,,,$/kg,,ARS,False,0,,,,115858,PFRU25_K.xlsx#hoja=PFRU25_K;fila=373;C=6490;columna=K_OCTU,
current_monthly_not_comparable,,2025-10-01,month,2025-10,MCBA,,Frutas,,Mandarina,,Murcot,,Ctes.,,Pe,,,,Moneda interpretada como ARS por tratarse de lista local MCBA. Atributos fuente: CAL=EL; TAM=MEDIANO.,,666.7,,,$/kg,,ARS,False,0,,,,115866,PFRU25_K.xlsx#hoja=PFRU25_K;fila=378;C=4033;columna=K_OCTU,
current_monthly_not_comparable,,2025-10-01,month,2025-10,MCBA,,Frutas,,Mandarina,,Murcot,,E. Rios,,Pe,,,,Moneda interpretada como ARS por tratarse de lista local MCBA. Atributos fuente: CAL=EL; TAM=GRANDE.,,1350.0,,,$/kg,,ARS,False,0,,,,115869,PFRU25_K.xlsx#hoja=PFRU25_K;fila=379;C=3225;columna=K_OCTU,
current_monthly_not_comparable,,2025-10-01,month,2025-10,MCBA,,Frutas,,Mandarina,,Murcot,,E. Rios,,Pe,,,,Moneda interpretada como ARS por tratarse de lista local MCBA. Atributos fuente: CAL=EL; TAM=MEDIANO.,,819.5,,,$/kg,,ARS,False,0,,,,115874,PFRU25_K.xlsx#hoja=PFRU25_K;fila=380;C=3226;columna=K_OCTU,
current_monthly_not_comparable,,2025-10-01,month,2025-10,MCBA,,Frutas,,Mango,,,,Brasil,,Ca,,,,Moneda interpretada como ARS por tratarse de lista local MCBA. Atributos fuente: CAL=EL; TAM=MEDIANO.,,2887.0,,,$/kg,,ARS,False,0,,,,115911,PFRU25_K.xlsx#hoja=PFRU25_K;fila=395;C=3493;columna=K_OCTU,
current_monthly_not_comparable,,2025-10-01,month,2025-10,MCBA,,Frutas,,Mango,,,,Brasil,,Ca,,,,Moneda interpretada como ARS por tratarse de lista local MCBA. Atributos fuente: CAL=EL; TAM=GRANDE.,,2545.0,,,$/kg,,ARS,False,0,,,,115920,PFRU25_K.xlsx#hoja=PFRU25_K;fila=396;C=5736;columna=K_OCTU,
current_monthly_not_comparable,,2025-10-01,month,2025-10,MCBA,,Frutas,,Mani,,,,Salta,,Bo,,,,Moneda interpretada como ARS por tratarse de lista local MCBA. Atributos fuente: CAL=EL; TAM=GRANEL.,,3536.0,,,$/kg,,ARS,False,0,,,,115944,PFRU25_K.xlsx#hoja=PFRU25_K;fila=404;C=2497;columna=K_OCTU,
current_monthly_not_comparable,,2025-10-01,month,2025-10,MCBA,,Frutas,,Manzana,,Cripps Pin,,R. Negro,,Ca,,,,Moneda interpretada como ARS por tratarse de lista local MCBA. Atributos fuente: CAL=EL; TAM=113/125.,,1393.0,,,$/kg,,ARS,False,0,,,,115952,PFRU25_K.xlsx#hoja=PFRU25_K;fila=406;C=6449;columna=K_OCTU,
current_monthly_not_comparable,,2025-10-01,month,2025-10,MCBA,,Frutas,,Manzana,,Fuji,,R. Negro,,Ca,,,,Moneda interpretada como ARS por tratarse de lista local MCBA. Atributos fuente: CAL=EL; TAM=040/060.,,2000.0,,,$/kg,,ARS,False,0,,,,115958,PFRU25_K.xlsx#hoja=PFRU25_K;fila=409;C=6522;columna=K_OCTU,
current_monthly_not_comparable,,2025-10-01,month,2025-10,MCBA,,Frutas,,Manzana,,Golden Del,,R. Negro,,Ca,,,,Moneda interpretada como ARS por tratarse de lista local MCBA. Atributos fuente: CAL=EL; TAM=088/113.,,1383.0,,,$/kg,,ARS,False,0,,,,115976,PFRU25_K.xlsx#hoja=PFRU25_K;fila=417;C=6436;columna=K_OCTU,
current_monthly_not_comparable,,2025-10-01,month,2025-10,MCBA,,Frutas,,Manzana,,Granny Smi,,R. Negro,,Ja,,,,Moneda interpretada como ARS por tratarse de lista local MCBA. Atributos fuente: CAL=CL; TAM=GRANEL.,,1044.0,,,$/kg,,ARS,False,0,,,,116015,PFRU25_K.xlsx#hoja=PFRU25_K;fila=434;C=3825;columna=K_OCTU,
current_monthly_not_comparable,,2025-10-01,month,2025-10,MCBA,,Frutas,,Manzana,,Granny Smi,,R. Negro,,Ca,,,,Moneda interpretada como ARS por tratarse de lista local MCBA. Atributos fuente: CAL=EL; TAM=100/113.,,1602.0,,,$/kg,,ARS,False,0,,,,116032,PFRU25_K.xlsx#hoja=PFRU25_K;fila=439;C=5950;columna=K_OCTU,
current_monthly_not_comparable,,2025-10-01,month,2025-10,MCBA,,Frutas,,Manzana,,Granny Smi,,R. Negro,,Ca,,,,Moneda interpretada como ARS por tratarse de lista local MCBA. Atributos fuente: CAL=EL; TAM=036/044.,,2174.0,,,$/kg,,ARS,False,0,,,,116041,PFRU25_K.xlsx#hoja=PFRU25_K;fila=440;C=6231;columna=K_OCTU,
current_monthly_not_comparable,,2025-10-01,month,2025-10,MCBA,,Frutas,,Manzana,,Granny Smi,,R. Negro,,Ca,,,,Moneda interpretada como ARS por tratarse de lista local MCBA. Atributos fuente: CAL=EL; TAM=072/080.,,1852.0,,,$/kg,,ARS,False,0,,,,116050,PFRU25_K.xlsx#hoja=PFRU25_K;fila=443;C=6421;columna=K_OCTU,
current_monthly_not_comparable,,2025-10-01,month,2025-10,MCBA,,Frutas,,Manzana,,Granny Smi,,R. Negro,,Ja,,,,Moneda interpretada como ARS por tratarse de lista local MCBA. Atributos fuente: CAL=EL; TAM=110/130.,,1325.0,,,$/kg,,ARS,False,0,,,,116065,PFRU25_K.xlsx#hoja=PFRU25_K;fila=446;C=6452;columna=K_OCTU,
current_monthly_not_comparable,,2025-10-01,month,2025-10,MCBA,,Frutas,,Manzana,,Granny Smi,,R. Negro,,Ca,,,,Moneda interpretada como ARS por tratarse de lista local MCBA. Atributos fuente: CAL=EL; TAM=113/125.,,1470.0,,,$/kg,,ARS,False,0,,,,116072,PFRU25_K.xlsx#hoja=PFRU25_K;fila=447;C=5441;columna=K_OCTU,
current_monthly_not_comparable,,2025-10-01,month,2025-10,MCBA,,Frutas,,Manzana,,Granny Smi,,R. Negro,,Ca,,,,Moneda interpretada como ARS por tratarse de lista local MCBA. Atributos fuente: CAL=EL; TAM=090/100.,,2268.0,,,$/kg,,ARS,False,0,,,,116074,PFRU25_K.xlsx#hoja=PFRU25_K;fila=448;C=6519;columna=K_OCTU,
current_monthly_not_comparable,,2025-10-01,month,2025-10,MCBA,,Frutas,,Manzana,,Red Cha±Ar,,R. Negro,,Ca,,,,Moneda interpretada como ARS por tratarse de lista local MCBA. Atributos fuente: CAL=EL; TAM=110/130.,,1435.0,,,$/kg,,ARS,False,0,,,,116087,PFRU25_K.xlsx#hoja=PFRU25_K;fila=454;C=6494;columna=K_OCTU,
current_monthly_not_comparable,,2025-10-01,month,2025-10,MCBA,,Frutas,,Manzana,,Red Delici,,Chile,,Ca,,,,Moneda interpretada como ARS por tratarse de lista local MCBA. Atributos fuente: CAL=EL; TAM=080/100.,,2821.0,,,$/kg,,ARS,False,0,,,,116097,PFRU25_K.xlsx#hoja=PFRU25_K;fila=457;C=6170;columna=K_OCTU,
current_monthly_not_comparable,,2025-10-01,month,2025-10,MCBA,,Frutas,,Manzana,,Red Delici,,R. Negro,,Ca,,,,Moneda interpretada como ARS por tratarse de lista local MCBA. Atributos fuente: CAL=EL; TAM=088/113; GRADO=ATM.,,2556.0,,,$/kg,,ARS,False,0,,,,116121,PFRU25_K.xlsx#hoja=PFRU25_K;fila=464;C=6254;columna=K_OCTU,
current_monthly_not_comparable,,2025-10-01,month,2025-10,MCBA,,Frutas,,Manzana,,Red Delici,,R. Negro,,Ja,,,,Moneda interpretada como ARS por tratarse de lista local MCBA. Atributos fuente: CAL=EL; TAM=125/138.,,1235.0,,,$/kg,,ARS,False,0,,,,116134,PFRU25_K.xlsx#hoja=PFRU25_K;fila=466;C=1994;columna=K_OCTU,
current_monthly_not_comparable,,2025-10-01,month,2025-10,MCBA,,Frutas,,Manzana,,Red Delici,,R. Negro,,Ja,,,,Moneda interpretada como ARS por tratarse de lista local MCBA. Atributos fuente: CAL=EL; TAM=GRANEL.,,1031.0,,,$/kg,,ARS,False,0,,,,116143,PFRU25_K.xlsx#hoja=PFRU25_K;fila=468;C=4452;columna=K_OCTU,
current_monthly_not_comparable,,2025-10-01,month,2025-10,MCBA,,Frutas,,Manzana,,Red Delici,,R. Negro,,Ca,,,,Moneda interpretada como ARS por tratarse de lista local MCBA. Atributos fuente: CAL=EL; TAM=044/056.,,2254.0,,,$/kg,,ARS,False,0,,,,116157,PFRU25_K.xlsx#hoja=PFRU25_K;fila=473;C=5745;columna=K_OCTU,
current_monthly_not_comparable,,2025-10-01,month,2025-10,MCBA,,Frutas,,Manzana,,Red Delici,,R. Negro,,Ca,,,,Moneda interpretada como ARS por tratarse de lista local MCBA. Atributos fuente: CAL=EL; TAM=072/088.,,1540.0,,,$/kg,,ARS,False,0,,,,116165,PFRU25_K.xlsx#hoja=PFRU25_K;fila=474;C=6387;columna=K_OCTU,
current_monthly_not_comparable,,2025-10-01,month,2025-10,MCBA,,Frutas,,Manzana,,Red Delici,,R. Negro,,Ja,,,,Moneda interpretada como ARS por tratarse de lista local MCBA. Atributos fuente: CAL=EL; TAM=080/100.,,1433.0,,,$/kg,,ARS,False,0,,,,116174,PFRU25_K.xlsx#hoja=PFRU25_K;fila=476;C=6414;columna=K_OCTU,
current_monthly_not_comparable,,2025-10-01,month,2025-10,MCBA,,Frutas,,Manzana,,Red Delici,,R. Negro,,Ja,,,,Moneda interpretada como ARS por tratarse de lista local MCBA. Atributos fuente: CAL=EL; TAM=113/125.,,1458.0,,,$/kg,,ARS,False,0,,,,116183,PFRU25_K.xlsx#hoja=PFRU25_K;fila=477;C=6415;columna=K_OCTU,
current_monthly_not_comparable,,2025-10-01,month,2025-10,MCBA,,Frutas,,Manzana,,Red Delici,,R. Negro,,Ca,,,,Moneda interpretada como ARS por tratarse de lista local MCBA. Atributos fuente: CAL=EL; TAM=113/125.,,1656.0,,,$/kg,,ARS,False,0,,,,116193,PFRU25_K.xlsx#hoja=PFRU25_K;fila=478;C=6416;columna=K_OCTU,
current_monthly_not_comparable,,2025-10-01,month,2025-10,MCBA,,Frutas,,Manzana,,Red Delici,,R. Negro,,Ca,,,,Moneda interpretada como ARS por tratarse de lista local MCBA. Atributos fuente: CAL=EL; TAM=088/113.,,2114.0,,,$/kg,,ARS,False,0,,,,116201,PFRU25_K.xlsx#hoja=PFRU25_K;fila=479;C=6424;columna=K_OCTU,
current_monthly_not_comparable,,2025-10-01,month,2025-10,MCBA,,Frutas,,Manzana,,Red Delici,,R. Negro,,Ca,,,,Moneda interpretada como ARS por tratarse de lista local MCBA. Atributos fuente: CAL=EL; TAM=125/138.,,1500.0,,,$/kg,,ARS,False,0,,,,116207,PFRU25_K.xlsx#hoja=PFRU25_K;fila=480;C=6439;columna=K_OCTU,
current_monthly_not_comparable,,2025-10-01,month,2025-10,MCBA,,Frutas,,Manzana,,Red Delici,,R. Negro,,Ca,,,,Moneda interpretada como ARS por tratarse de lista local MCBA. Atributos fuente: CAL=CL; TAM=125/138.,,1463.0,,,$/kg,,ARS,False,0,,,,116209,PFRU25_K.xlsx#hoja=PFRU25_K;fila=481;C=3938;columna=K_OCTU,
current_monthly_not_comparable,,2025-10-01,month,2025-10,MCBA,,Frutas,,Manzana,,Red Delici,,R. Negro,,Ja,,,,Moneda interpretada como ARS por tratarse de lista local MCBA. Atributos fuente: CAL=CL; TAM=125/138.,,1472.0,,,$/kg,,ARS,False,0,,,,116211,PFRU25_K.xlsx#hoja=PFRU25_K;fila=482;C=280027;columna=K_OCTU,
current_monthly_not_comparable,,2025-10-01,month,2025-10,MCBA,,Frutas,,Manzana,,Red Delici,,R. Negro,,Ca,,,,Moneda interpretada como ARS por tratarse de lista local MCBA. Atributos fuente: CAL=EL; TAM=080/100; GRADO=ATM.,,2537.0,,,$/kg,,ARS,False,0,,,,116214,PFRU25_K.xlsx#hoja=PFRU25_K;fila=483;C=290064;columna=K_OCTU,
current_monthly_not_comparable,,2025-10-01,month,2025-10,MCBA,,Frutas,,Manzana,,Red Delici,,R. Negro,,Ca,,,,Moneda interpretada como ARS por tratarse de lista local MCBA. Atributos fuente: CAL=SP; TAM=088/113.,,2856.0,,,$/kg,,ARS,False,0,,,,116217,PFRU25_K.xlsx#hoja=PFRU25_K;fila=484;C=6520;columna=K_OCTU,
current_monthly_not_comparable,,2025-10-01,month,2025-10,MCBA,,Frutas,,Manzana,,Red Delici,,R. Negro,,Ca,,,,Moneda interpretada como ARS por tratarse de lista local MCBA. Atributos fuente: CAL=EL; TAM=070/080; GRADO=ATM.,,2222.0,,,$/kg,,ARS,False,0,,,,116218,PFRU25_K.xlsx#hoja=PFRU25_K;fila=485;C=6526;columna=K_OCTU,
current_monthly_not_comparable,,2025-10-01,month,2025-10,MCBA,,Frutas,,Manzana,,Rome Beaut,,R. Negro,,Ca,,,,Moneda interpretada como ARS por tratarse de lista local MCBA. Atributos fuente: CAL=EL; TAM=113/125.,,1479.0,,,$/kg,,ARS,False,0,,,,116234,PFRU25_K.xlsx#hoja=PFRU25_K;fila=490;C=5763;columna=K_OCTU,
current_monthly_not_comparable,,2025-10-01,month,2025-10,MCBA,,Frutas,,Mburucuya,,,,Misiones,,Pe,,,,Moneda interpretada como ARS por tratarse de lista local MCBA. Atributos fuente: CAL=EL; TAM=GRANEL.,,2746.0,,,$/kg,,ARS,False,0,,,,116258,PFRU25_K.xlsx#hoja=PFRU25_K;fila=500;C=6487;columna=K_OCTU,
current_monthly_not_comparable,,2025-10-01,month,2025-10,MCBA,,Frutas,,Melon,,Escrito,,E. Rios,,Ca,,,,Moneda interpretada como ARS por tratarse de lista local MCBA. Atributos fuente: CAL=EL; TAM=MEDIANO.,,3200.0,,,$/kg,,ARS,False,0,,,,116287,PFRU25_K.xlsx#hoja=PFRU25_K;fila=512;C=5145;columna=K_OCTU,
current_monthly_not_comparable,,2025-10-01,month,2025-10,MCBA,,Frutas,,Melon,,Galia,,Brasil,,Ca,,,,Moneda interpretada como ARS por tratarse de lista local MCBA. Atributos fuente: CAL=EL; TAM=MEDIANO.,,2504.0,,,$/kg,,ARS,False,0,,,,116292,PFRU25_K.xlsx#hoja=PFRU25_K;fila=514;C=5335;columna=K_OCTU,
current_monthly_not_comparable,,2025-10-01,month,2025-10,MCBA,,Frutas,,Melon,,Rocio Miel,,Salta,,Pe,,,,Moneda interpretada como ARS por tratarse de lista local MCBA. Atributos fuente: CAL=EL; TAM=MEDIANO; GRADO=INV.,,2607.0,,,$/kg,,ARS,False,0,,,,116323,PFRU25_K.xlsx#hoja=PFRU25_K;fila=528;C=6171;columna=K_OCTU,
current_monthly_not_comparable,,2025-10-01,month,2025-10,MCBA,,Frutas,,Melon,,Rocio Miel,,Sgo.Est.,,Ba,,,,Moneda interpretada como ARS por tratarse de lista local MCBA. Atributos fuente: CAL=EL; TAM=MEDIANO.,,2101.0,,,$/kg,,ARS,False,0,,,,116333,PFRU25_K.xlsx#hoja=PFRU25_K;fila=534;C=5472;columna=K_OCTU,
current_monthly_not_comparable,,2025-10-01,month,2025-10,MCBA,,Frutas,,Melon,,Sun Dew,,Brasil,,Ca,,,,Moneda interpretada como ARS por tratarse de lista local MCBA. Atributos fuente: CAL=EL; TAM=MEDIANO.,,2500.0,,,$/kg,,ARS,False,0,,,,116341,PFRU25_K.xlsx#hoja=PFRU25_K;fila=537;C=6496;columna=K_OCTU,
current_monthly_not_comparable,,2025-10-01,month,2025-10,MCBA,,Frutas,,Naranja,,Lane Late,,Bs. As.,,Pe,,,,Moneda interpretada como ARS por tratarse de lista local MCBA. Atributos fuente: CAL=EL; TAM=070/090.,,684.7,,,$/kg,,ARS,False,0,,,,116371,PFRU25_K.xlsx#hoja=PFRU25_K;fila=553;C=6510;columna=K_OCTU,
current_monthly_not_comparable,,2025-10-01,month,2025-10,MCBA,,Frutas,,Naranja,,Lane Late,,E. Rios,,Pe,,,,Moneda interpretada como ARS por tratarse de lista local MCBA. Atributos fuente: CAL=EL; TAM=090/110.,,752.0,,,$/kg,,ARS,False,0,,,,116374,PFRU25_K.xlsx#hoja=PFRU25_K;fila=554;C=5035;columna=K_OCTU,
current_monthly_not_comparable,,2025-10-01,month,2025-10,MCBA,,Frutas,,Naranja,,Val.Seedle,,E. Rios,,Pe,,,,Moneda interpretada como ARS por tratarse de lista local MCBA. Atributos fuente: CAL=EL; TAM=090/110.,,687.5,,,$/kg,,ARS,False,0,,,,116431,PFRU25_K.xlsx#hoja=PFRU25_K;fila=576;C=5797;columna=K_OCTU,
current_monthly_not_comparable,,2025-10-01,month,2025-10,MCBA,,Frutas,,Naranja,,Val.Seedle,,E. Rios,,Pe,,,,Moneda interpretada como ARS por tratarse de lista local MCBA. Atributos fuente: CAL=EL; TAM=110/130.,,613.3,,,$/kg,,ARS,False,0,,,,116434,PFRU25_K.xlsx#hoja=PFRU25_K;fila=577;C=6497;columna=K_OCTU,
current_monthly_not_comparable,,2025-10-01,month,2025-10,MCBA,,Frutas,,Naranja,,Valen.Late,,Ctes.,,Pe,,,,Moneda interpretada como ARS por tratarse de lista local MCBA. Atributos fuente: CAL=EL; TAM=110/130.,,566.7,,,$/kg,,ARS,False,0,,,,116437,PFRU25_K.xlsx#hoja=PFRU25_K;fila=578;C=2193;columna=K_OCTU,
current_monthly_not_comparable,,2025-10-01,month,2025-10,MCBA,,Frutas,,Naranja,,Valen.Late,,E. Rios,,Pe,,,,Moneda interpretada como ARS por tratarse de lista local MCBA. Atributos fuente: CAL=EL; TAM=090/110.,,605.9,,,$/kg,,ARS,False,0,,,,116442,PFRU25_K.xlsx#hoja=PFRU25_K;fila=581;C=6032;columna=K_OCTU,
current_monthly_not_comparable,,2025-10-01,month,2025-10,MCBA,,Frutas,,Naranja,,Valen.Late,,E. Rios,,Pe,,,,Moneda interpretada como ARS por tratarse de lista local MCBA. Atributos fuente: CAL=EL; TAM=120/140.,,500.0,,,$/kg,,ARS,False,0,,,,116445,PFRU25_K.xlsx#hoja=PFRU25_K;fila=582;C=3258;columna=K_OCTU,
current_monthly_not_comparable,,2025-10-01,month,2025-10,MCBA,,Frutas,,Naranja,,W.Navel,,Bs. As.,,Pe,,,,Moneda interpretada como ARS por tratarse de lista local MCBA. Atributos fuente: CAL=EL; TAM=070/090.,,755.6,,,$/kg,,ARS,False,0,,,,116471,PFRU25_K.xlsx#hoja=PFRU25_K;fila=591;C=6504;columna=K_OCTU,
current_monthly_not_comparable,,2025-10-01,month,2025-10,MCBA,,Frutas,,Naranja,,W.Navel,,Ctes.,,Pe,,,,Moneda interpretada como ARS por tratarse de lista local MCBA. Atributos fuente: CAL=EL; TAM=070/090.,,697.8,,,$/kg,,ARS,False,0,,,,116478,PFRU25_K.xlsx#hoja=PFRU25_K;fila=593;C=6447;columna=K_OCTU,
current_monthly_not_comparable,,2025-10-01,month,2025-10,MCBA,,Frutas,,Nuez,,,,Mendoza,,Bo,,,,Moneda interpretada como ARS por tratarse de lista local MCBA. Atributos fuente: CAL=EL; TAM=GRANEL.,,6652.0,,,$/kg,,ARS,False,0,,,,116500,PFRU25_K.xlsx#hoja=PFRU25_K;fila=599;C=5054;columna=K_OCTU,
current_monthly_not_comparable,,2025-10-01,month,2025-10,MCBA,,Frutas,,Palta,,Hass,,Brasil,,Ba,,,,Moneda interpretada como ARS por tratarse de lista local MCBA. Atributos fuente: CAL=EL; TAM=GRANDE.,,5350.0,,,$/kg,,ARS,False,0,,,,116518,PFRU25_K.xlsx#hoja=PFRU25_K;fila=604;C=5422;columna=K_OCTU,
current_monthly_not_comparable,,2025-10-01,month,2025-10,MCBA,,Frutas,,Palta,,Hass,,Brasil,,Ba,,,,Moneda interpretada como ARS por tratarse de lista local MCBA. Atributos fuente: CAL=EL; TAM=MEDIANO.,,4577.0,,,$/kg,,ARS,False,0,,,,116526,PFRU25_K.xlsx#hoja=PFRU25_K;fila=605;C=5423;columna=K_OCTU,
current_monthly_not_comparable,,2025-10-01,month,2025-10,MCBA,,Frutas,,Palta,,Hass,,Chile,,Ca,,,,Moneda interpretada como ARS por tratarse de lista local MCBA. Atributos fuente: CAL=EL; TAM=GRANDE.,,6597.0,,,$/kg,,ARS,False,0,,,,116539,PFRU25_K.xlsx#hoja=PFRU25_K;fila=608;C=2923;columna=K_OCTU,
current_monthly_not_comparable,,2025-10-01,month,2025-10,MCBA,,Frutas,,Palta,,Hass,,Chile,,Ca,,,,Moneda interpretada como ARS por tratarse de lista local MCBA. Atributos fuente: CAL=EL; TAM=MEDIANO.,,6047.0,,,$/kg,,ARS,False,0,,,,116553,PFRU25_K.xlsx#hoja=PFRU25_K;fila=610;C=6221;columna=K_OCTU,
current_monthly_not_comparable,,2025-10-01,month,2025-10,MCBA,,Frutas,,Palta,,Hass,,Ctes.,,Ca,,,,Moneda interpretada como ARS por tratarse de lista local MCBA. Atributos fuente: CAL=EL; TAM=MEDIANO.,,3583.0,,,$/kg,,ARS,False,0,,,,116559,PFRU25_K.xlsx#hoja=PFRU25_K;fila=611;C=6488;columna=K_OCTU,
current_monthly_not_comparable,,2025-10-01,month,2025-10,MCBA,,Frutas,,Palta,,Hass,,Jujuy,,Ca,,,,Moneda interpretada como ARS por tratarse de lista local MCBA. Atributos fuente: CAL=EL; TAM=GRANEL.,,3400.0,,,$/kg,,ARS,False,0,,,,116566,PFRU25_K.xlsx#hoja=PFRU25_K;fila=612;C=6225;columna=K_OCTU,
current_monthly_not_comparable,,2025-10-01,month,2025-10,MCBA,,Frutas,,Palta,,Hass,,Peru,,Ba,,,,Moneda interpretada como ARS por tratarse de lista local MCBA. Atributos fuente: CAL=EL; TAM=GRANDE.,,5700.0,,,$/kg,,ARS,False,0,,,,116582,PFRU25_K.xlsx#hoja=PFRU25_K;fila=617;C=6001;columna=K_OCTU,
current_monthly_not_comparable,,2025-10-01,month,2025-10,MCBA,,Frutas,,Palta,,Hass,,Peru,,Ca,,,,Moneda interpretada como ARS por tratarse de lista local MCBA. Atributos fuente: CAL=EL; TAM=MEDIANO.,,5108.0,,,$/kg,,ARS,False,0,,,,116585,PFRU25_K.xlsx#hoja=PFRU25_K;fila=618;C=6491;columna=K_OCTU,
current_monthly_not_comparable,,2025-10-01,month,2025-10,MCBA,,Frutas,,Pelon,,,,Jujuy,,Ba,,,,Moneda interpretada como ARS por tratarse de lista local MCBA. Atributos fuente: CAL=EL; TAM=MEDIANO.,,5294.0,,,$/kg,,ARS,False,0,,,,116601,PFRU25_K.xlsx#hoja=PFRU25_K;fila=627;C=5285;columna=K_OCTU,
current_monthly_not_comparable,,2025-10-01,month,2025-10,MCBA,,Frutas,,Pelon,,,,Jujuy,,Ca,,,,Moneda interpretada como ARS por tratarse de lista local MCBA. Atributos fuente: CAL=EL; TAM=GRANDE.,,6167.0,,,$/kg,,ARS,False,0,,,,116604,PFRU25_K.xlsx#hoja=PFRU25_K;fila=629;C=6511;columna=K_OCTU,
current_monthly_not_comparable,,2025-10-01,month,2025-10,MCBA,,Frutas,,Pera,,Packham'S,,R. Negro,,Ca,,,,Moneda interpretada como ARS por tratarse de lista local MCBA. Atributos fuente: CAL=EL; TAM=070/090.,,1742.0,,,$/kg,,ARS,False,0,,,,116690,PFRU25_K.xlsx#hoja=PFRU25_K;fila=677;C=6427;columna=K_OCTU,
current_monthly_not_comparable,,2025-10-01,month,2025-10,MCBA,,Frutas,,Pera,,Packham'S,,R. Negro,,Ja,,,,Moneda interpretada como ARS por tratarse de lista local MCBA. Atributos fuente: CAL=EL; TAM=090/11O.,,1339.0,,,$/kg,,ARS,False,0,,,,116699,PFRU25_K.xlsx#hoja=PFRU25_K;fila=678;C=6428;columna=K_OCTU,
current_monthly_not_comparable,,2025-10-01,month,2025-10,MCBA,,Frutas,,Pera,,Packham'S,,R. Negro,,Ja,,,,Moneda interpretada como ARS por tratarse de lista local MCBA. Atributos fuente: CAL=EL; TAM=120/140.,,1142.0,,,$/kg,,ARS,False,0,,,,116707,PFRU25_K.xlsx#hoja=PFRU25_K;fila=679;C=6030;columna=K_OCTU,
current_monthly_not_comparable,,2025-10-01,month,2025-10,MCBA,,Frutas,,Pera,,Packham'S,,R. Negro,,Ca,,,,Moneda interpretada como ARS por tratarse de lista local MCBA. Atributos fuente: CAL=EL; TAM=036/040.,,2009.0,,,$/kg,,ARS,False,0,,,,116715,PFRU25_K.xlsx#hoja=PFRU25_K;fila=680;C=6445;columna=K_OCTU,
current_monthly_not_comparable,,2025-10-01,month,2025-10,MCBA,,Frutas,,Pera,,Packham'S,,R. Negro,,Ca,,,,Moneda interpretada como ARS por tratarse de lista local MCBA. Atributos fuente: CAL=EL; TAM=110/130.,,1500.0,,,$/kg,,ARS,False,0,,,,116722,PFRU25_K.xlsx#hoja=PFRU25_K;fila=681;C=6474;columna=K_OCTU,
current_monthly_not_comparable,,2025-10-01,month,2025-10,MCBA,,Frutas,,Pera,,Packham'S,,R. Negro,,Ja,,,,Moneda interpretada como ARS por tratarse de lista local MCBA. Atributos fuente: CAL=CL; TAM=110/130.,,1444.0,,,$/kg,,ARS,False,0,,,,116725,PFRU25_K.xlsx#hoja=PFRU25_K;fila=682;C=5995;columna=K_OCTU,
current_monthly_not_comparable,,2025-10-01,month,2025-10,MCBA,,Frutas,,Pitahaya,,,,Ecuador,,Ca,,,,Moneda interpretada como ARS por tratarse de lista local MCBA. Atributos fuente: CAL=EL; TAM=GRANEL.,,15200.0,,,$/kg,,ARS,False,0,,,,116780,PFRU25_K.xlsx#hoja=PFRU25_K;fila=704;C=6492;columna=K_OCTU,
current_monthly_not_comparable,,2025-10-01,month,2025-10,MCBA,,Frutas,,Platano,,,,Ecuador,,Ca,,,,Moneda interpretada como ARS por tratarse de lista local MCBA. Atributos fuente: CAL=EL; TAM=GRANDE.,,2839.0,,,$/kg,,ARS,False,0,,,,116796,PFRU25_K.xlsx#hoja=PFRU25_K;fila=708;C=6019;columna=K_OCTU,
current_monthly_not_comparable,,2025-10-01,month,2025-10,MCBA,,Frutas,,Pomelo,,Marsh.Seed,,E. Rios,,Pe,,,,Moneda interpretada como ARS por tratarse de lista local MCBA. Atributos fuente: CAL=EL; TAM=048/066.,,676.3,,,$/kg,,ARS,False,0,,,,116808,PFRU25_K.xlsx#hoja=PFRU25_K;fila=713;C=2158;columna=K_OCTU,
current_monthly_not_comparable,,2025-10-01,month,2025-10,MCBA,,Frutas,,Pomelo,,Ruby Red,,E. Rios,,Pe,,,,Moneda interpretada como ARS por tratarse de lista local MCBA. Atributos fuente: CAL=EL; TAM=070/090.,,763.9,,,$/kg,,ARS,False,0,,,,116822,PFRU25_K.xlsx#hoja=PFRU25_K;fila=717;C=6419;columna=K_OCTU,
current_monthly_not_comparable,,2025-10-01,month,2025-10,MCBA,,Frutas,,Pomelo,,Star Ruby,,E. Rios,,Pe,,,,Moneda interpretada como ARS por tratarse de lista local MCBA. Atributos fuente: CAL=EL; TAM=050/070.,,839.4,,,$/kg,,ARS,False,0,,,,116838,PFRU25_K.xlsx#hoja=PFRU25_K;fila=720;C=3317;columna=K_OCTU,
current_monthly_not_comparable,,2025-10-01,month,2025-10,MCBA,,Frutas,,Pomelo,,Star Ruby,,Salta,,Pe,,,,Moneda interpretada como ARS por tratarse de lista local MCBA. Atributos fuente: CAL=EL; TAM=056/070.,,996.3,,,$/kg,,ARS,False,0,,,,116855,PFRU25_K.xlsx#hoja=PFRU25_K;fila=724;C=2728;columna=K_OCTU,
current_monthly_not_comparable,,2025-10-01,month,2025-10,MCBA,,Frutas,,Pomelo,,Star Ruby,,Tucuman,,Ca,,,,Moneda interpretada como ARS por tratarse de lista local MCBA. Atributos fuente: CAL=EL; TAM=050/070.,,1067.0,,,$/kg,,ARS,False,0,,,,116872,PFRU25_K.xlsx#hoja=PFRU25_K;fila=729;C=6500;columna=K_OCTU,
current_monthly_not_comparable,,2025-10-01,month,2025-10,MCBA,,Frutas,,Sandia,,,,Brasil,,Gr,,,,Moneda interpretada como ARS por tratarse de lista local MCBA. Atributos fuente: CAL=CL; TAM=GRANEL.,,1082.0,,,$/kg,,ARS,False,0,,,,116882,PFRU25_K.xlsx#hoja=PFRU25_K;fila=731;C=2785;columna=K_OCTU,
current_monthly_not_comparable,,2025-10-01,month,2025-10,MCBA,,Frutas,,Sandia,,,,Formosa,,Gr,,,,Moneda interpretada como ARS por tratarse de lista local MCBA. Atributos fuente: CAL=CL; TAM=GRANEL.,,1016.0,,,$/kg,,ARS,False,0,,,,116894,PFRU25_K.xlsx#hoja=PFRU25_K;fila=735;C=1409;columna=K_OCTU,
current_monthly_not_comparable,,2025-10-01,month,2025-10,MCBA,,Frutas,,Sandia,,,,Salta,,Gr,,,,Moneda interpretada como ARS por tratarse de lista local MCBA. Atributos fuente: CAL=CL; TAM=GRANEL.,,907.5,,,$/kg,,ARS,False,0,,,,116904,PFRU25_K.xlsx#hoja=PFRU25_K;fila=738;C=4966;columna=K_OCTU,
current_monthly_not_comparable,,2025-10-01,month,2025-10,MCBA,,Frutas,,Sandia,,Sugar Baby,,Brasil,,Ca,,,,Moneda interpretada como ARS por tratarse de lista local MCBA. Atributos fuente: CAL=EL; TAM=007/009.,,1997.0,,,$/kg,,ARS,False,0,,,,116912,PFRU25_K.xlsx#hoja=PFRU25_K;fila=741;C=6495;columna=K_OCTU,
current_monthly_not_comparable,,2025-10-01,month,2025-10,MCBA,,Frutas,,Uva,,Autumn Cri,,Brasil,,Ca,,,,Moneda interpretada como ARS por tratarse de lista local MCBA. Atributos fuente: CAL=EL; TAM=GRANDE.,,6562.0,,,$/kg,,ARS,False,0,,,,116936,PFRU25_K.xlsx#hoja=PFRU25_K;fila=751;C=6503;columna=K_OCTU,
current_monthly_not_comparable,,2025-10-01,month,2025-10,MCBA,,Frutas,,Uva,,Nubia,,Brasil,,Ca,,,,Moneda interpretada como ARS por tratarse de lista local MCBA. Atributos fuente: CAL=EL; TAM=GRANEL.,,6349.0,,,$/kg,,ARS,False,0,,,,116969,PFRU25_K.xlsx#hoja=PFRU25_K;fila=764;C=6461;columna=K_OCTU,
current_monthly_not_comparable,,2025-10-01,month,2025-10,MCBA,,Frutas,,Uva,,Red Globe,,Brasil,,Ca,,,,Moneda interpretada como ARS por tratarse de lista local MCBA. Atributos fuente: CAL=EL; TAM=GRANEL.,,6311.0,,,$/kg,,ARS,False,0,,,,116977,PFRU25_K.xlsx#hoja=PFRU25_K;fila=766;C=6464;columna=K_OCTU,
current_monthly_not_comparable,,2025-10-01,month,2025-10,MCBA,,Frutas,,Uva,,Sweet Jubi,,Brasil,,Ca,,,,Moneda interpretada como ARS por tratarse de lista local MCBA. Atributos fuente: CAL=EL; TAM=GRANEL.,,6407.0,,,$/kg,,ARS,False,0,,,,117024,PFRU25_K.xlsx#hoja=PFRU25_K;fila=782;C=5344;columna=K_OCTU,
current_monthly_not_comparable,,2025-10-01,month,2025-10,MCBA,,Frutas,,Uva,,T.Seedless,,Brasil,,Ca,,,,Moneda interpretada como ARS por tratarse de lista local MCBA. Atributos fuente: CAL=EL; TAM=GRANEL.,,6253.0,,,$/kg,,ARS,False,0,,,,117030,PFRU25_K.xlsx#hoja=PFRU25_K;fila=783;C=6476;columna=K_OCTU,
