product,variety,origin,package,type,currency,quality,size,grade,observation_date,price,price_unit,observation_level,period,method,observed_days,observation_count,source,observation_id,capture_id,source_url,raw_sha256,aggregation_status,input_references
ACELGA,,BS. AS.,JAULA,Hortalizas,ARS,Primera,SIN TAM,,2025-10-01,621.4285714285714,kg,detail,2025-10,mean_of_daily_means_observed_days,21,21,mcba,a3ddb7a189a9428e4dc66527b5559855343c4da2325f0c53bc41f74b9f3ee781,,https://ssma.magyp.gob.ar/frutas.precios.aspx,,observed_days_aggregate_not_official_monthly,"[""d8b2b04c2932adac52d2385e89b8c84110a5376c4ecb99e90ebf6bead1cb911d"", ""f28e5bb0cdce9f120aeb7c4f52be3a6e8c6acec0d646f6c0a93e26b23e230df2"", ""870e146da9d9cee3e820f3fed3d8b1b4b97246cb66f447e4c42ea2679d81dd6f"", ""efef7b71c96420e24f0d4173132c3fb73b104f5cc6f15afccc57d34413af57a3"", ""db3691108e39149b855ab8650a29565e15e9461014fbe3c7dd55cb2b971180f6"", ""309f66aa19ce25424ae7a06e33debeea206dcb771c751909bda97535ca8db46b"", ""f9ea81a97e1d86a1b6548425d64cccc02d28278094f35846840f9f8be901bc8f"", ""3f0aabb60a47c4c73db82596fe8482342c72828885e9f8bc46aa6a47e2444d81"", ""94ba926d1663db9e0f03b0a5948f0203e97a33012f49a17f497f874401b65607"", ""2de50806bcd78fbd874843ca6fc21a8410c3186f0f39025135922a11b22ef845"", ""335409f67adf77ab18596183e5fd5ab5201ea39f54a97aebf2b08176254cf84a"", ""a8f0f65c9bb25dbe3b5cf79c3c8eb207eb43f07351e438d639516a4dd0edf406"", ""affd28f321a7d53a80140f153802fc7e7e1033c94e21b0a4bc5483699ffc502e"", ""3fb76a1136fde5dd0b6fe13e8180723ca060a21e7c2fbe050de040128fbf127a"", ""49ffdfc9c63896c3fa7935f1944cc16a479a13ae854f8d25c8cd64aefa34c97a"", ""4a0abd24437b053ca11137b3afa793df7f55ca8c617ca4cb20cfe0ab221c4257"", ""9debb18e85f070285407c5b122b67e853c7f2a80cf4ca427383a971d6d971ad0"", ""5e70842baefe49b79de9125d22402b261e32aa63dcea66e5ddd43ef6a6f3520d"", ""07a91d7374ce8e26ec4333c96e075271018237c8c62a0cda70b41c14685a2111"", ""34595dc07914b4a20fec048fa165add3e83ecdacc2b0eb97f5a9dfd278ba4a4f"", ""2eb4007bb4b7accd4c99e000641bf6337e9b1f201397a6b66b47a5d43bfee76e""]"
ACELGA,,BS. AS.,JAULA,Hortalizas,ARS,Primera,,INVERNAC,2025-10-01,766.6666666666666,kg,detail,2025-10,mean_of_daily_means_observed_days,21,21,mcba,5b1872a9b0fa9613154e903a3bbf12da17e211ce5bc83da2b872520c49d491f4,,https://ssma.magyp.gob.ar/frutas.precios.aspx,,observed_days_aggregate_not_official_monthly,"[""e6c370de9f6f8691f080e61f642e9d59bb4b25db843a5428a70a18c0ae9927e4"", ""13468ce799e42fa5f4c6e587a92105742877032aece030ca8174750fd13d59b6"", ""ebd578a3ca1c20b3e08322203c3ce0a344d7fdaa830c2b7cb7966d001d4e1344"", ""088afb9ad388dc280678e0cb135de6db80d901489362e655a1d308c5a3d2ee22"", ""65cea60a38a53c5bd3126c9b44595b4f456822a6b6976a8ffc5390911ba89b43"", ""99a113e927234e5c801d93401827515a8fd7f2f67c89ff478c8a86554a899a8f"", ""08c17be575285d748f934667c79606ab6f85e7ceaa7e18e5cf793f331a2ea9d2"", ""e2152c336118e6b5b66d2490b4d8d84c6f2bf0589b6dddd734603bd6ce6f512a"", ""318f797332d72f5b31308c571de0cc3a69b19c1f6ca59667746acd57f8b1436e"", ""93bfdf39649ea1459494be7262c48ac1ab649901992503c8b322665ddd193d62"", ""896b818872e1d9b52958cf301f855040dd03725a093c26901c7035bcf954ac17"", ""f425a13822fa88463f5fea6622df955b908c496e58495ce8bea4b139c4250453"", ""82f099eff62154aa00e6818e40fddc9aa424b77083084ee6cf619c09c000d19a"", ""34cb37fe51b67b050b3469286228f665f4e3bbddf97771e9d80f235797567df3"", ""d040d14582fb22f1a742f92c98065acc715707f0f8ee427243312e0df73fbea5"", ""145cea20536301b8c4b0a7dd580b312ba7be375534da829de6010bcf22a6e107"", ""a27eabee76c4130f211ba61a57cdeca59b8b4c82d7952377b05edaa5dd8427ad"", ""6b73dfe7c64157de1d8d4359d7e4d2f36919bd07d7a39eddeb78416a12c7494a"", ""cc79db7084c91291b0e3fa874895495338765490cd3224e9c2c1561fc6bb3f95"", ""84dd28fa391e05e35a943fba9a58af4ad4d4fc65392da8424eff3b1df09d4f23"", ""24b91736f48e1f1a315ba35e242bc7327a019ce68e83f8151f6bc92b4165a773""]"
ACELGA,,BS. AS.,JAULA,Hortalizas,ARS,Segunda,SIN TAM,,2025-10-01,485.7142857142857,kg,detail,2025-10,mean_of_daily_means_observed_days,21,21,mcba,db12327806f0952dc19c033f225d6402b957b6688450a0c2542e8ef21fcaf25a,,https://ssma.magyp.gob.ar/frutas.precios.aspx,,observed_days_aggregate_not_official_monthly,"[""fc420491f134ec1ba1b843684cc036ed2793b450961645edfde9963f7d96a865"", ""4bb836b2e9864ae5f23ad41957811af857b113cf662b38b1454d99496ce2e4e1"", ""c9a207afbdecf2fbca5484afbc19939a0447867b7ef124dd950cb906e8333d99"", ""2ff67b5184c49b81efe5651fb82df78f58a4861d44d0c957074de27964a9aef0"", ""5dbdad3c49b796fb37fabc524409c5c21d774a1554ac53ecbb09eae7544d460b"", ""214a55f9f0269cad2b0c0e37ed1ad004337ec9ab54fb1fd75cab0f913e122491"", ""89721f63368c549a25cc3bbc5bc9c6b5ba52954af70e22102c757a243d350b59"", ""0709cefa76adbf54fd3b9e54c9d6e68d782c94f48f33ffc73e4f23fecb9cfbd0"", ""c63fb3978a9b6e578ef9f5c763dd18a0a043416756c6f8815d7af0e4f9863511"", ""33c9d949f611cf4de628781362f1c796766320b41c913dd09cda98360cf4b6ff"", ""2d38c69c3972f6882f7e58f5cc217dd2f1444863de592cdf72897a73c8cf7227"", ""607f88cfc94dda4dbd8a9fb0adbcff8de96649add04eb423a4aee20cbee2bd62"", ""eabab73f389bfbd0163275f09f2db0e1215e0fae1f8fd3e7fff63780093af200"", ""19d41e165715e63d4a37c14068b9d4509b6b2cc8ab0af0408a520a40bbee08cd"", ""1a156bf9cf7b13575d713e14a48578c10fc2ce9ed600d005ab94cb73327e69a5"", ""dd216cb335ef7eeecd520481809cf7b88f042bbae1557f4f33773fb14f00666d"", ""c77e9b02be56b2db8a8773f3bfb8bd778d5e143816fbce729a254e5cab1523d9"", ""066b153c748e2412f653e555f66aac8c581573cfe2ecc8857ae38be087dfa405"", ""d332b2bd2c6e34ea65b6d10130f238acd5921571f8df89b0d904629984927e44"", ""4bb0ed7ac41f35895188b0d08c1493d1dbd89a440ea0d321f47b832af982d319"", ""f1b219c6e878c43297a09fe75037e7b35a1f13842ac436b447caabca41822f28""]"
ACHICORIA,,BS. AS.,ATADO,Hortalizas,ARS,,MEDIANO,,2025-10-01,366.42857142857144,kg,detail,2025-10,mean_of_daily_means_observed_days,21,21,mcba,cfdafc8df7e3f931a66fce6160a883a180ef0dfdd104bbaae9f04e10d4f9c9c7,,https://ssma.magyp.gob.ar/frutas.precios.aspx,,observed_days_aggregate_not_official_monthly,"[""196d6019d68d31aa0e2319254c21ee24b7a9b513bcf57efbc6ef262e715ef63e"", ""6e47bd96a93448326d47317710b96a5d95fa275c2dfc886460ec9cbf3e3f5261"", ""3585021df7fdc32113dce2903bcd0e9711ac938c466e9a2adb53bee6f3e55f8b"", ""39c798777b004c29999a926198659af59f6a185710bb5f72b7e0ceb42fa7aaa5"", ""e39facde90ef2fd845d2b69c129372a6fbe86d98be0fbecbaf66c6460a5c98d0"", ""7c738a4b62823296c21b8ac2b7c3ec1160475b08e8bb11e324d3e8bf7d835b61"", ""7f3b9a6e6fafa5eab3de1789cf9ad04508fca4cbf7ed8e8008c3e15148e0bd73"", ""512f5e94238c11ea471bdaf876de2daea83d3d7b26d77b092d76061209f03ef3"", ""c614f7ba29035bf47aa583ad022917fad6b285dd7656e7d84042073fde5b7cdd"", ""faff2c77cc4d4c70a9faeac84e02a37bad69ca5ff59f6aed0e6e88fdef1437c7"", ""4d8b1fbadba02e5f506641e56c030808f0f450c073d621af698a9ab4814bf70e"", ""fc08337c3ec608c291af129139ce64e7de58bdbad2902a86fa7732b8f90e70d9"", ""7bf6c7c4bd4b42999a852f0d506e15fc06884fc1a79ac8c474c043f7def26b8c"", ""7ac1f275ee6a216af1e667d9214dc513da5169e7737d30c221ff8ab357040c06"", ""035060e6d8eab4242c12d8e7f713775414c1636db98395a382339a3dcd5a64e0"", ""96639bd8626eabcc0deafab11b9dd7cbcf70dd65406784113bf58d26a1e7c38c"", ""02b5eb38621d842bf8eaa6ca30167792d2f31b791c540e0cf260237758e9ba03"", ""70e14e64414b4b5e31408b7ac7d1293a90465983edd4f0e0eb5f28fdda859bd4"", ""191683828db0676f9c07c35fcc1107784bd3e5b7e3b0da9981c7598ca8e099b2"", ""98bfe150bf8a1ff4840c3812fd1ddbf9bef6ec69253d0221e131d96465bda51d"", ""697ffcae25533495b7a51c1e54efe98074ea0ef1450dd11806150a1e13c7c5ca""]"
ACUSAY,,BS. AS.,JAULA,Hortalizas,ARS,Primera,GRANDE,,2025-10-01,773.3333333333334,kg,detail,2025-10,mean_of_daily_means_observed_days,21,21,mcba,3d4d25bdd8fa3353beeaeb6824f4d49c2f54a03af804744c4153f736b89e6c4b,,https://ssma.magyp.gob.ar/frutas.precios.aspx,,observed_days_aggregate_not_official_monthly,"[""4420d6e771c147776953166a3790cf8e219177bd8c07323b846f98fbaa783cf0"", ""22ce7a3457e56f45aaf56fb11591a001610d81a9773a2a179e1b0c18d0c5d52c"", ""9b6b7245497c987e493e661d3dce4b62e32b5284816c54e2b5900c4b861b07ab"", ""7273032e5cc5fa665be055626a53e8e1a20cbcf21dc6c540df832e58ffdaf1cd"", ""5b93466b5ec0c381090dc6e813bfd3b0a4fbc7bd8541be6931895590cd27a19c"", ""0f00098721258fc68e0fa43adca622bf92eef2867868e019f111044e94ea1633"", ""01adfd3b08d32295ff7ea74faa040fbeba9d34005b1280c0c06e91cbb22acc10"", ""577a783cb4a23dbf445df66cc587ddbb188414fb6935f23cfba51e89ff0a28b2"", ""b2bcf47781808ef2c6079830876736cde37d218af619123db0ae775dd35c9bb4"", ""29af3b80c55b7e4decf8420abedd92b9a71cb673f103325043349815dfccd02f"", ""198a661b811bace3c653258e35cc392a41648088a56a50f982ef2642d929b49a"", ""22aa00ea14aaecdc090a79d9ca27bafa8eaf9603065a5ba40746f54303980424"", ""f075351dee5ddffee12e58f0a6d24672f89137624d322ef8fbea9eb4111efa25"", ""410c669b49ef20ec3f9294ffa1572fefdb2e04ba01b03b54a6a2ee3ddcb965c2"", ""9435d9ba22d7ea6311c73309d37c2d51c1533d1dde7263b80570278e0b02c23e"", ""aed096df40ec8bd373d50184eec345917c327b2bb03ae53890e4b81112bcb39b"", ""4437a21e4f9d33bedab2e4113aa3b992d00988c3380950a35bf903014c7bd8c0"", ""882479c3ee220afa59cde4e42b2c4dee68e5694bdffbfce1e5b89b1a123e12b5"", ""05d8decf867f8fd6c9dbb5dfbffab99f92e22fad3cef45f0e6c63f9cf3e82ee0"", ""9dfc62c56182a513b1001030cec2fed14aa9fdf4f3b220b515d0c834b9b5fa05"", ""3d32b7f8360c3822239bd1e140c44c427090e2fc3e8728c7da66d899ca2a4327""]"
AJO,COLORADO,MENDOZA,RISTRA 100,Hortalizas,ARS,Primera,11,,2025-10-01,4151.516666666666,kg,detail,2025-10,mean_of_daily_means_observed_days,3,3,mcba,4e3f0657fcafbbd8cf3920d041e0552c6be0567f4a9a7880269dd7ebbb639b17,,https://ssma.magyp.gob.ar/frutas.precios.aspx,,observed_days_aggregate_not_official_monthly,"[""fa61504da4eac4beb57acaf9291f380af975153825b9a467df9894bfaf4f5f3a"", ""217ef256346d95f1313613b83814428ddf4a15bf08dc04e5d8c7de6687eb4935"", ""e182429353a86e914203147a1f277b748aff24e892e32ac68b6c884f89345f02""]"
AJO,COLORADO,MENDOZA,RISTRA 100,Hortalizas,ARS,Primera,4,,2025-10-01,854.1666666666666,kg,detail,2025-10,mean_of_daily_means_observed_days,18,18,mcba,e007e3928f42296326eb8e0d616658bce78c6c8af930ca1631533e77ee83ac7f,,https://ssma.magyp.gob.ar/frutas.precios.aspx,,observed_days_aggregate_not_official_monthly,"[""5cf8c1d21fe18bc21babeaf072cd39eeee1a21134382ea6ec66b74c69abf946a"", ""266f78bf8ea3a6053331183f83819382ba261dbbee41440bc01712cf4b723de5"", ""75ea76add8aec2e59135875ef4b60547dc5f1793bbc10b78e6192cc96ba44754"", ""31f880cc8fbd47a9009bd469322db4780f5ffd6fb1003ac36f359c46db55c8d2"", ""ec601e3c973cd99233bb7a7644da2789ee1b59571b6decd5f9a7ec9622f21fe9"", ""515c10684ab51f48c6b00c61dfd12ae4562444061f4b8601153e9015a9bc3f6c"", ""0841e33d21d1c4f26e6eb74cad5e8c667afb0ad182e67a8e849e616811f9cb9e"", ""1e0bcf38ee240d50b6c19778b9a1dd1187f312047cb7a926bace5b31f5e9c519"", ""3c54d6b83af994edf28b7bd5b69319994cea600b6770bc4f7b189c77746072b6"", ""1db606baa864419b4e90ac5a282a048de15aa5365101803901d80dacfdae64a1"", ""d5fa227ce636a0c92d12b9c3eacaceed7248142088cf9ab5d3a5ad2d2981612b"", ""330b908d8556bd915841aca00e5a0dce84880aaf4edba789d90a8ce6499e0e11"", ""972a6d08bf42629909942de7293fbb6c054bd966130f738ee9f49feb0a8449cb"", ""6761be839a77f4e87d3afc02b0c8a2afb02818db9fd1e370282eccb8b49cff97"", ""0be07ca9066cc6e14a3065598802304c81efa324de6cf05871247c3016b9e533"", ""6a43b830eab76c1540a099539216c8ef0aaa234d59579d258035e91855d35682"", ""947f3b6e970d37b340f73d4d6006ad1f62e12329928f4f38f57e956fcf5eb80a"", ""af46e8c5bc026ad4bad44e276f7a77bab0c7124461cc31084e743f132b1ad0a1""]"
AJO,COLORADO,MENDOZA,RISTRA 100,Hortalizas,ARS,Primera,7,,2025-10-01,1161.1133333333332,kg,detail,2025-10,mean_of_daily_means_observed_days,18,18,mcba,f48c657acfbe0bc521a274878bf46c179fe67a459e5ab2b4d57570fe86510920,,https://ssma.magyp.gob.ar/frutas.precios.aspx,,observed_days_aggregate_not_official_monthly,"[""7ed02f3d26410a03fdc923e97efa08a1dab5464d4ffe9163c57a915d52b19737"", ""45da02af23aee87037aaaf5f4d16107ab6568505dff3cb69944f713e76a82bc5"", ""d4785869f15510376911f9779fab70aee7659999367060b6ee51e998de17817c"", ""2a5cc73427a2108d52e7057ce1da362c1c19c471319f779328edbe07c8e83320"", ""31d1ecaf0513dd2278b8049b9d251f0c2bc81e8c57783309f604f38db8865a69"", ""a4bc9ad1a1a4f3de89b8b86ee6cde1cd34cf4280f0f70f3e29079d6a0bddc836"", ""ccab934f5999f86b73d9b3a0cde39b399422ceb2f82b37c2d25bcca1ef669bbb"", ""ff8779a86abfa1dc6b1e8028a2afab85e28f7fe013211d3794f9718c3f1809d6"", ""bf70e8b94158d4a94f50fe5ac5bd8de1a3c741aa2292ee622a544d0c122a5ff9"", ""0c2ebea93dc89a334a04ca969fcb2f6fec61e69cc5c8ec3a560047f4e7dac814"", ""e0150cc689f3e20cd0195f8778abc0bb7cae93a12681ada131beb1b3121c0b42"", ""478842ce37f1b9f95b92b7bdd04e53bed781a2d34a265790204f721e6ce80c3d"", ""7d4b1a9312f079d44fcd083918249286e84da899ff3110379ee1786f6f5299aa"", ""66e9c58d7994a247033b3017fa0cafc591d25d167147da8f56cf1518c6cf6087"", ""8f785186627873fa60286e55caaed3fa467e25d6e1c536fe8e36d750d3f9c7fc"", ""53bcd0c11182f49f85e91c25ac786c28fc8ed3b7ba28a8d5014008f01ac40858"", ""d102b694a624aaf7c3a9c65e96751282eea725e9ea19bcf0713ab35eb421a0cf"", ""4a28fdad79a017dfb7992bf7e5165a9134949031f729d877745dacd2b65a8cfa""]"
AJO,COLORADO,MENDOZA,RISTRA 100,Hortalizas,ARS,Primera,8,,2025-10-01,1963.9705882352941,kg,detail,2025-10,mean_of_daily_means_observed_days,17,17,mcba,4d78b8fbb8b8766530149cfb8045d6273820be3faadd533e089cc86b77d3d8f8,,https://ssma.magyp.gob.ar/frutas.precios.aspx,,observed_days_aggregate_not_official_monthly,"[""0192d39a998a8124c5d9c9c6ec4439473021b4731fd6f659d2d892674eaeb151"", ""a338b8a168c06313ad4e9b056a7fd1846736e89eb66d6b82fc8a7d04591fe9f4"", ""bfa273f26fe11ee7f559d56b11e5f757ca39a7210de8d662e898d811611bf04f"", ""1f3d3b6857536f142d6ca7479d4d38d8da085bc3d1b7843d50d7d536953b2f86"", ""3f60cbce618815f58aa9261d1bea66f0203b0e41f45e3939ad97ef25685b0502"", ""7c1069dde282ca0aaa562a1f314edd5ef0653a560d1ee8c8d5fceadcd8c4e0fa"", ""2ee0d57442da213497f79ef2c1d782edb3db01cda5f113a89a535950c17e29e6"", ""8d58de829c01511ca4b174c46721a9e511e5009b0b4c2e309bcd2c79264b0231"", ""220a9d1eca0da1953df49682da06b8e7fdd7f38c2fe8b09c1d8d679699fa31b3"", ""25dfc582f4f3b43c68a5de7fcd76200a4470346f6bdd84b41c0911447809f444"", ""dcb86b12c8d39a8ec238a58d632911eb8b51d862344842dcf50e622c6590c17a"", ""ae338049bd51073502ebb261df0f96dc256d8f223ee5e75011876b432a802a10"", ""4d6a640e0c941c2b3967a62f29ccd464382d2e86731a8837463a2f49adfcfa3b"", ""794347d506d5b7ffa8728215facc97667f48c7f819530b116664f64aa64fea96"", ""1fcf1608fd36abee1cf8b6654eee3eacefefc2707ae20f0b31b3a2457f83561f"", ""8bc777d911f586869ce55ff6f8ebba8b44dbff6c019ab56294418defd139280b"", ""33b11fb8efce27ceadfbd1e72bb4fef83312859b874c534d357460b0a12c987a""]"
AJO,COLORADO,MENDOZA,RISTRA 100,Hortalizas,ARS,Primera,9,,2025-10-01,3288.19375,kg,detail,2025-10,mean_of_daily_means_observed_days,16,16,mcba,fcd874c40b46cf268025d5bef11a4134126fb1fc90a1449825e39760ef0c5adf,,https://ssma.magyp.gob.ar/frutas.precios.aspx,,observed_days_aggregate_not_official_monthly,"[""420c978ce7f4ed13b99f31053adf06a0b32a7e25b4912a014211d1e36b67f6de"", ""4b080b50aae0fafa6dc65aebac055c69a8d8e0a0ed30062ee4e74cf10c389e7d"", ""c7b9c0a4686c3d4d525a40809cc7a21a8e194c3f9c6aa91d27a015deace66d06"", ""d0ad1cefe886ba940b4025271add4e31b74d4e636f89d320d09cab80acc34c99"", ""08c561c75fc860a7fa8a9b626620f30c059bf4efad061b462d876f977dafe29c"", ""f4f52fe57dac84d8bb40b39bd73ea9287268daffa18e0c41ea6f030d56008340"", ""c1cea6ad80ffda2b710c14f13c7682d0f89532869f7a70a066dfda4da61a8ba6"", ""f56a887dedf89c7cab75e62438a7e0326239cb1b7bc47e999cfb147e62086495"", ""c55d6b4c000bea7ea199b48d80e065c325331f8d11509f99de4e8e0ff567802f"", ""2e93e73254572f200f9c1abe73180c347802a8d41a306882be108082bbdc6a2e"", ""12a610d6c1a107c8655e1019f858cf2589aa5a17c27d64d99ddd78013c3d4244"", ""e2cd555177f9000bdca3a2910858387602409737d7a272a15e981bea24704cd4"", ""e51bc687f1c0d0e8d9283b51cca4bd94c8af380f457b469b24354b7ecc09ed37"", ""6ebfae184676d6c3cb8d2579e3541c046ee34931ddc05416352c2cdade5f2ec1"", ""aa8d1ed026cbd9dacd7e864f6ba71e21983297802933beca0667f20443fed037"", ""e8a1aa924ea8084eb36e8f578f2b87d87a2e08ab096f61659ac7ad8b7a8f81e2""]"
AJO,MDO. CHINO,MENDOZA,RISTRA 100,Hortalizas,ARS,Primera,10,,2025-10-01,5663.636363636364,kg,detail,2025-10,mean_of_daily_means_observed_days,11,11,mcba,8a2a5fe95c8adae6111f71c0eb75e4302a461c4ff1f2f03240795feb65086606,,https://ssma.magyp.gob.ar/frutas.precios.aspx,,observed_days_aggregate_not_official_monthly,"[""f26d30f306dad6a1c05d037a3174396a9305c4b00d7b38e09dd5c13a07efa253"", ""c5fac0e5704a5bd0b4af2012f95a54af4930343b938ffe13f634cf1369ef9f62"", ""8d5d8d988df19cf10161175966cc737b00a70053f7d7355127458bfcab2c6975"", ""79f9f226bde1db7241273331c791eaf2f01b1111c8713570f3ced4627c7e4bbf"", ""58af4c40731a40c9884678a6a1eeb68712cabb96406ab4ca37dea6b83170afa1"", ""f394271e79b239696a4414207b64b907edc8782a3014e8e8235b6d6b6bac8fd5"", ""327d949c3f00638bb74d41804ecfc61b7229ad2733b9fd956c48be1a568b7fdf"", ""ba6ab2a68d692c44f5f0478972e7dd84f0678f02807caeaa24bd7cd00d727140"", ""6486ac27988bc97ce37cd60a2b47143fd8111c99aefb7d36d01db4e8a36d7b40"", ""c278b9b2e1013c4032e382a180414ff9357c43397627b1e90642d77e6728fa1a"", ""5144860e4c7a52d0c325f01708f50470d8f7f9fd05cb97b49cd9b37546b751a2""]"
AJO,MDO. CHINO,MENDOZA,RISTRA 100,Hortalizas,ARS,Primera,4,,2025-10-01,2058.3333333333335,kg,detail,2025-10,mean_of_daily_means_observed_days,21,21,mcba,e28f046d11767952af19414c8dba2d79ef13cffd1b950ba33031f05493406d52,,https://ssma.magyp.gob.ar/frutas.precios.aspx,,observed_days_aggregate_not_official_monthly,"[""cb993654f461f940cabf784c32c28522f3e0ad3a248830e8c6a71917ef911a8e"", ""6a3aab6c43fda965723c9ddd073510033e4d5d331cb3680491466e4549f66fbf"", ""ee16634f8cb2ada515be6c6b914b37f67db13eaa1a7829573d4934e18c62f273"", ""dd5d6f339476780cd7d2ea2a31a8a55a79a29e154108d50f4296a22daebf525d"", ""c2441cf2c39a7ddb7114c246554247c88350dca748eb681d392079929cc90294"", ""41d7eefd443cd6453586952010b10cde5258f683d6d61f6bc5835d5df5ed1a8a"", ""d8e56bba97e816f7352eab6d22adb15a23393136f40e145057f0577cf7ceea7b"", ""d0151e482104d2b5b383f369417ed7e6ee61482d54e1a350945fd718b0bdbf25"", ""98e786c7ff541d157e138306e124f4a358659b1d2fc821f2a25cdcb0530f8c02"", ""a8ca6d00e524ced54ceb1655ea37c5939fce381d3d22035b8ed3f40d3efd31cc"", ""7f4a150a7e6a8cc8640bc842730d5244534efcc83d01c23ad3a4b0099ed2c407"", ""d366e422388fdbabd01f00792e2da54fe6cb02cac872a6acdd167231bdb1f4f1"", ""729bb735fdad296d06a65fbf9b67479027c8f79c19d38d964c3af49f347e1256"", ""389f118856823087591277301b203b838814b2683c93ebb693644abf9984d206"", ""9fd441d37ac6ddb7a2213d35d8df16cdd5f4aa94e82d1cd85fa002cb1b5e0f70"", ""e1d550a797c9bce30b2b7b80e40dd101121206f9af2088477c563f9ffde8a87a"", ""bf378d5a3c9dfc3d7c73566fc9735a189c3d43b078776eb9c581751d90d996b6"", ""9b4e0cebb38d8e864a8a79f9b36e19887a53e8976e1be0acea764d2ab90e8b6b"", ""41649d392bc5219807b89ef6a4f0ca3af355254802c46be57e0618820338f571"", ""ca5c72c67586aa7f891fcaad6ce4bdaf6c8a168d8a41162d144a136c7d4d52c6"", ""0bcb883e758ad262ab7f2960a733f18e59a952cafa4bd07b22a0b108474fb3b6""]"
AJO,MDO. CHINO,MENDOZA,RISTRA 100,Hortalizas,ARS,Primera,7,,2025-10-01,2194.556666666667,kg,detail,2025-10,mean_of_daily_means_observed_days,21,21,mcba,c37690a45caf500ebb07770a03c2080544e516b8792d261c80dbc90fd1681e39,,https://ssma.magyp.gob.ar/frutas.precios.aspx,,observed_days_aggregate_not_official_monthly,"[""3b8f88af5e7de7ad9b66b9f21c977149fc7271349752defbf87d9ad15599bde6"", ""bc7f4b89ce3ba202f3680d7cfa54be1eba9a381da83f18e1adb7173f61158a53"", ""06380b4d5ba9df33f81cc24ff9b6c920bdd2110e3370730078c1791a33ff8c2e"", ""310d594238c8296ccbfd0ff8891aec55f34437fb31ad465624a55b02fb10f049"", ""00d24421e00f5ccb83fcb94459ea854f9eab8be72e12960a342565364175702e"", ""fc61e558c2ad33e53f3951cd2e001fd57ba3071aeda803d792c7744c88b0d43a"", ""d289726302c7b2e25dde8c6040bd438f0c653d69b61a38c3fc85494615f1d5d8"", ""22ec1a8d6c55426889ec9ee570dd2f4d315436e8d44df33d337c019fc4a68bbc"", ""d517f77cdcbf3b6b17e1173c4383f4714eaa8020be03632bbd22602b86db366f"", ""568cfd2a8f05470bfbdd561cc5b0c301a4bdc58573d993ae71af886cbea55899"", ""e11aa31748ba8d8abb5cbd5739117cf109ec8a038d3d3ce4187cbeb8fc427202"", ""9be376953a99427447bda1bbb016f83ca0b42873ead37bf5b12f02d11bdabae2"", ""d82b615e7758243d59bb19d10f141d938e5d691cd0a6893c571c1a63a919e710"", ""a8cc2d7b50476fd3edffc89937cdd73887d2ccd2779dc107feeeaea2747b7058"", ""7d5522e55851f57785820ba8e260b193f17bfac81498ea398dea21657e8349d5"", ""8a996bed98d9c27a675f3d1aedcfa7c81248517eae40c143386eee3ae21ca824"", ""31ffde5bb14b7efcfc2aa896a0f3b6f7d844b8d993411a1343b0eb9e1bade7e7"", ""f15c73d7011522952ad1d9ea0ccae01a07014c241b607e3e338082a5c05d642b"", ""a92a10b9bc4e94c6942be59f1893f9df448cc8fa26e3970a0340473d46497916"", ""83e95000bf7f37ff5386f1d83ccdc18fc1d6f9558c21ee8c6b0f9814c406a183"", ""3f7362474642cb62ae7a2c61d06a91fef78994d61f9d51dee57aaf66b2ff1364""]"
AJO,MDO. CHINO,MENDOZA,RISTRA 100,Hortalizas,ARS,Primera,9,,2025-10-01,3634.9238095238097,kg,detail,2025-10,mean_of_daily_means_observed_days,21,21,mcba,355227a89d74662b5c17cf6d499f1584195ed517c9e5510731e2ffe7002c63da,,https://ssma.magyp.gob.ar/frutas.precios.aspx,,observed_days_aggregate_not_official_monthly,"[""31eba98da88879de9f5f6a4f3132f3283a6c686878ce5ed1bc6e8f6bc38e8265"", ""b50d314b545ba86818e99aea479e250b45de9dd2533e0d8925c4c743f6bb802e"", ""83965d2cab29127c78f43d68048eb1cebf60132499db8a6a66582a01263064ff"", ""924e305f0f9d6329615b6d39db1cd1973591dbb4af44ea38697c03a397e3d059"", ""022e9f5c523ef11018abf19e10679aac8d52fa53efcc1562618b8077acbff764"", ""ccf5f7f7a35f5f9ca79374aa05254fe78bbdab350f63c9ee6b3b1b9f1b28166e"", ""fbea6d148ce159f38aa5cabc841c90878d9f3da129d93c1fe768a2281d0094ae"", ""b0b2cdfb73d922941faf9ecbb17eb0c6667b9de5750583ce13735da3be6e09a8"", ""1326b1dc94f7b6fcb1e917a0dd16be31d6ed316f08c2fa7fa6e9b5a0f5bbd069"", ""f187e62e2fa3cafe1ab508069d58d56e4d9caac963bb0b8cec2ff9ec8285b7b7"", ""f98a61b9266ecb5062769c2b2da4848d93ee7cd76f964567301ba4582d62e6ff"", ""f22d4855febf890a3e4184c0ffc21b9db4600fa26b2f677c958df231e35e6a31"", ""0bb37d220eed5f5ff9c6922cdbd98dee257b5d3de90fb86947199a6fd3efc4f3"", ""16b01bd5621ce0e37800991e81c5c9de98104b0b79a445ae0a14dbf072819258"", ""a3211364b285d9545b087315f581c9c76a47576a39f2cf23279db9da9e008bd8"", ""7b416cc829ffb5331a0df53c83c9658c1f5407b48c87b596177346628f301be5"", ""68cedae46d2791761afc4c5cf577deec32915aa16613ad130c871cb08cf975c9"", ""a0fee2333f9b00f11ff8b599665324a8ebbe59285000c6db5ca5ac79d36554ed"", ""75f8f27b67631005c699dc3e7c13e52605e9ed29c66ae0a6e7f9bbf0dded2aff"", ""7931123351a54e9118e5b0e0558ff0a3f08ba59245e62dc97e51cf7d09a9cdf7"", ""9880b705081972238de60ef06f9c866ee916a061749b6c86c82e44dbb9539d47""]"
AJO,MDO. CHINO,MENDOZA,RISTRA 100,Hortalizas,ARS,Segunda,10,,2025-10-01,4550.0,kg,detail,2025-10,mean_of_daily_means_observed_days,10,10,mcba,30acc047f7c491e5db894c3ac6a40f26ed1605994fcab12ceaab1af5b7dbfeec,,https://ssma.magyp.gob.ar/frutas.precios.aspx,,observed_days_aggregate_not_official_monthly,"[""ea8050c8847a858ade28f8513f613a0a61c550dece131326d1455ff7554ab5b6"", ""ed8ef0635ef58f139e9e7ce205b9bb688f21fc6e6c0b7a328a11bf70860dca31"", ""da2c9c7292fbd58c2ebd19a21ee96175250b2cad3adf7f16105a81d094237584"", ""4c0e61b6c522cdd3d81fd86e1a22e6e902dea75fd850a8acd661de8e87c49b50"", ""c7204d70f9c7c408a9d2fd54baf3058bb67ebfbbdbd9ffb7dc35a3846655021f"", ""342edc6e5e72f6a14471b2102cf63cdc69827b451d292cdf04ac07ac1bd5f41b"", ""b34f603d43b25b0ae96a0df9f427b8d1e11f6a00f273337e411a6b596843f392"", ""0005e413769b939c18cbdcf3e3f9c1b78ec5c275ab600ed38c3ccb1abeff6324"", ""ac8c0948e6f6d1a319edc5df31fcd3cdabd95bc20bff71d4d541c156b6149039"", ""33b75d044877f12f2f96ab9d2a02bf3cd8e50028bfb7a0657e4f0ff859efbd84""]"
AJO,MDO. CHINO,MENDOZA,RISTRA 100,Hortalizas,ARS,Segunda,11,,2025-10-01,6419.911904761905,kg,detail,2025-10,mean_of_daily_means_observed_days,21,21,mcba,b645e8d3a7ee9547704a78dd4baf9edbcd94d5a91e37a7b923bb1a31765ae74c,,https://ssma.magyp.gob.ar/frutas.precios.aspx,,observed_days_aggregate_not_official_monthly,"[""2ec35b1942ee2d00d8ad6c303a9b8f73271239fff14e61da77731b8144f2235e"", ""364329721cf6c593aa8744c3c1ddfbd7e4a695fbe0fee2b7a486a20ad59533be"", ""763792b231c008385bf124037737e70bc8ad3e78503fe247f585e0aee2db06ba"", ""ef1b96fcbcda3d40b63e32a0bc4383881511304ca987205192b03cee0f57c27e"", ""c75b268a20a712dc710b2b88ff6cd946bdc5716ebb5b2383db337f79f2872de8"", ""263d800a0753321537bfe304a3b927adf64ce9161c47b773f1c3f78eb38fadcb"", ""9f2be08f84b8da11aeb29e7444be08972784075eba9f9c38012cd6b625d24dcb"", ""66ac14d2bc933f4a258ddf27402b67965adfff378900a18165fc7bb9b685de94"", ""8166f6801a5de71e36e36bbd5ecb8595f3bb247ada7e314a9709190b587c36b4"", ""aa09494257244bf38012a90d1892899dbd8925200af3ecd5117439b984c460c4"", ""d04af53cc5ac58e78717826ca6a84a41f9dc948c5b55d32759a28d39c8e2025c"", ""2a92eb02e579d4d039df39c8c1a673b1d1ee6c18665a8a29130cc0f9b7765221"", ""07c3b11f668de0d4eaf072a3af89f4408fb16dea238a3a89a5c6bf5bb3220593"", ""254ee2af949612ca7e815cd3fe747e86a3a7641fb3a7610495574cb5a693270f"", ""8bc830b89a84e305a541982e9cdc8cf6503360d3f7f99305320879a9fe061ea1"", ""283690c042cb182ccbd0384e2c56c1a31720cd4376ffbc5dd3b1ed05b928ae5e"", ""b07825c797db56ae5d214dbddd9085f0b0b758f84607a36ba4c0bb10709e013e"", ""4c587bbf391dd62a14beb13573da9f37493562ee49eb9d7040794a409dea0ce9"", ""508bc7d5ed34be85062e771050e6b86f839a8da91b47f134cc2f7132c21b9bc4"", ""fa2936279de3612fecf6d46691be61591779e7b7f1d78675580431741afb0160"", ""69d0e57cae15cbe9a78071c5413ab26668ac2a36852232ecfcf7ad3cceb6a373""]"
AJO,MDO. CHINO,SAN JUAN,RISTRA 100,Hortalizas,ARS,Primera,1,,2025-10-01,6540.0,kg,detail,2025-10,mean_of_daily_means_observed_days,5,5,mcba,a3ae863bbac7205dccd1fbe83a3ef7f459fffaf90c68c0997c7a273c3c052aab,,https://ssma.magyp.gob.ar/frutas.precios.aspx,,observed_days_aggregate_not_official_monthly,"[""efd885aea81ec852c3726d52544dc4765b35d85c678f7c66c3ce5fcb80c37831"", ""1d084445704cfe468c3b9a6fb01680804381cbe8a3a2c112353e4149debe85dd"", ""fcba601b5f5fdffc1c424405d26955a9cd044f33770d830196e615657e821cef"", ""d165043fec72cfa7d24a3058b6bb1b24f64adb50fd48f2772da8599e7f44984d"", ""47b3136ff7852a734148ef4ab4f78d5570608fc03c3d3461b0656da096c37360""]"
AJO,MDO. CHINO,SAN JUAN,RISTRA 100,Hortalizas,ARS,Primera,10,,2025-10-01,5730.0,kg,detail,2025-10,mean_of_daily_means_observed_days,10,10,mcba,330e53e17a1ab34bdc4edf0bcfe3b23e8369b9860f08d9ed688a950a4d2dd749,,https://ssma.magyp.gob.ar/frutas.precios.aspx,,observed_days_aggregate_not_official_monthly,"[""16ef3fc50d4f9cedc3ed9ab2501282af41583f5f6d29b97a4b72b60676b93439"", ""db3e0051f198242c416c5adee9eeafa6f65723a2d77dd0212d25928bfb2d6543"", ""67116efafab285ac4bd5eef68fa970f6b031d29ca8cb5c0953cbd68445d98e8f"", ""318c2306fd7d305bf92c2c188895e81aaeb6e0335782f8348212de555216d34d"", ""34f0a9c780d9804ac904fe9cde7b830e3bd555209a3681d2cb3e06b8a0c108a1"", ""66977b084f2dda3c115630712d8d7660cd47d4d564acc53bca4a352f3593925b"", ""c212cc5d9b987f4f79c0ec123614021da8c704319a6203255754b7856b680607"", ""7d386afc4a518d550b981ce77fd349d70b015623364b62d96a45a6d2f132c680"", ""fcc87dd2e844959f9fa937d7398d3b1c41d27a81031164ebc6e8bf83d57c2139"", ""db761a4a782853c2ad04f1462c6dc2553a503ce5d1beafebf1d015b78a085064""]"
AJO,MDO. CHINO,SAN JUAN,RISTRA 100,Hortalizas,ARS,Primera,11,,2025-10-01,6121.213333333333,kg,detail,2025-10,mean_of_daily_means_observed_days,9,9,mcba,cc4bb1d7981675500e78a02ff6119dd8dcbddafe41207a321e67ba5f09750c83,,https://ssma.magyp.gob.ar/frutas.precios.aspx,,observed_days_aggregate_not_official_monthly,"[""842751ef504f0a69421076f562934da24448dfbb84fe7c6a7e0d67a5ffeaf383"", ""7fcaddac336ac48c28ec7a8dfa80c10f558ea7abcc1c36acc070b8273b584d1d"", ""1900a26dc2ed975f8da3f630edbbfc8b8678ffa91c1a724d27466e62d6b79da1"", ""2c984419e59cf61b4367482ce8845365fa9f9ddaf3158f0b1f04b5bf8250f3f7"", ""56f86f86f686175dc75c449c0cb2fd2c3e160685f4e56eb0b70aac30db4074a4"", ""52164d19a147b90dacf82fbd24714f89c45ee60e1eeaa64634ffa72d4a814eac"", ""d94ed75a758a7ed59272139b980987097e393c6e2cfcfbc9836851d0fe590f21"", ""87c102f969f553b7a04627ca07ef20a5ac1e4ccb514bf779e300398d2a63e175"", ""8834d2dbb799944121336ea4ad5eb32bbdd29f988929818fd7692983f931ab9b""]"
AJO,MDO. CHINO,SAN JUAN,RISTRA 100,Hortalizas,ARS,Segunda,10,,2025-10-01,1873.0,kg,detail,2025-10,mean_of_daily_means_observed_days,10,10,mcba,f94b7e1d3fb30da25126a5ad5dab6d3e7df76e759215775e24bcdb269fa7ec08,,https://ssma.magyp.gob.ar/frutas.precios.aspx,,observed_days_aggregate_not_official_monthly,"[""cb541ba24e805ca2b39dbd48ef7bd0f5f771ad3a9a8fba0f046eeefc1c91f5c4"", ""8810711369e7100fc008d4b943458e282c31edefc9e32e7ebcf178bf30bf5545"", ""ccfbf81c51d85a1994cf3034268aaa7264b1aee1cca20ce9c23cef5c4faa139c"", ""4ca74e7050a6b4e7a529fe3a2b7d3cab07a548df961e6b0a58c55f5aa6140ee7"", ""e130309bf80343ffb306788b3741a488e38d846246a421de4983fb69fe80f5f3"", ""31cbe04063fa398634c1b227abec7bb609f278d5d1e8a1d8a2cb007f20f75bf2"", ""8a37f3e624ccf26152945a343d7dd423ac2fd4a48d4b69dc636bba9e5bd15ccf"", ""228c12b81ef06fd02547dd5ad3eb6dcbba0fe586477969f8f4973035fe1fece3"", ""6ab3a26acf6c5f6301ede7d2d93787e4097a5a64ca81165e0a758b4c70d5ee6a"", ""5f35bcc3d2c79336422e22b6e8211a4eecf3c5384daa87ebff53bc6b15d9a55a""]"
AJO,MDO. CHINO,SAN JUAN,RISTRA 100,Hortalizas,ARS,Segunda,3,,2025-10-01,1900.0,kg,detail,2025-10,mean_of_daily_means_observed_days,5,5,mcba,f41791796f51f472255bcfca3ae7635bc0008475a0c4a085b4a9e1fe4d77f081,,https://ssma.magyp.gob.ar/frutas.precios.aspx,,observed_days_aggregate_not_official_monthly,"[""e01e3bdcd60846ae86cf718f86f1b5763fd6b50950a9a55d19cca8dd00c07941"", ""1435145625d5248971276d0bb27a65c80ebacba0321b0e34fc20ef5514a99851"", ""f21b52cdb1738729648e751452fb7a3a51a74a5537dca83fb478234597937572"", ""ce9170bec1178a855fbda85549202de7811eab88196f042a67012da2627fe426"", ""72545eda00ac905f1b3db5bcec0cd478de321fc0c3541eb88ffccc9329248bc9""]"
AJO,MDO. CHINO,SAN JUAN,RISTRA 100,Hortalizas,ARS,Segunda,6,,2025-10-01,1855.5539999999999,kg,detail,2025-10,mean_of_daily_means_observed_days,15,15,mcba,101011fd0c2ac238869ef04ae345bb6c42973bfcd734f23c7dad53cb17665e9c,,https://ssma.magyp.gob.ar/frutas.precios.aspx,,observed_days_aggregate_not_official_monthly,"[""a75f644652a312ce82bc4f9819cdba9024e380fc7d7b0d35c49035b2a99258b2"", ""1bf16002fa5737bdba61bdb5f4e8b8f6485da10f160a1ce9d4fd026dc1308621"", ""3a6ee1825d407d15e2a8688498d381b0ecb17ad7b2638a2cfdc5300bdfd4f5fe"", ""fcaf9f3e5eac2d452d7e64382c44610743da57f27e501f13a26ed39087aeee09"", ""9bec7b99804d72e78a6f0e427c543570383e7c22827c176f1b2e4dedecfe0b1f"", ""c0a7b2acf4469a905bcc0a218f15ca3eaea5b8d90b680ff686e75cdf912e4c0b"", ""3086e99fa7a343af23d2b557e46977c06e8773a40c27b82443999ba1d44d2f00"", ""e57b302e461ae33cdcbb0cce590940c64490811cfa611506f906e5a7fd3a22bb"", ""f37021c0bb9ea545962aabdaddcf89df24fac2ae7eafad9da7aefe724de9232a"", ""74acf9f9a60a278877db0b5a5acd22100028d40dd3fcca58d2711a7f647c7e59"", ""a154eaa3380989a5dc8aa77435cb7a43bdb78ec0c8402de4297639d09981e148"", ""5a6ee8de79e055a18162af8403c018479eff0eea820e7300b66cff4fe1632e94"", ""2842f29b31aa665c55bb0adf29df88c45b96e4d090a3d87587be00af7a22b928"", ""4b7b60b636a4b998c3858dfeb842b6c4b092a32238b921770a006881e043cfe2"", ""4af2d9dc5e25370c262d2054ff341a59e4d812eb5cd1c3c02414e3abd28fca4b""]"
AJO,MDO. CHINO,SAN JUAN,RISTRA 100,Hortalizas,ARS,Segunda,7,,2025-10-01,1851.4260000000002,kg,detail,2025-10,mean_of_daily_means_observed_days,15,15,mcba,39bda0c5fad0b89add1075a2c4d569d31da12d841028ba1b42d4164c8d549da9,,https://ssma.magyp.gob.ar/frutas.precios.aspx,,observed_days_aggregate_not_official_monthly,"[""4e57675abdb0ec156c296e4ee02d911c3e7b1267a7048f17c2a87ef4d81eec83"", ""ec46c8d8a3dceefc1dec353455ed5469edd980c05e45d93b525bf5816006a15a"", ""ab7e30663636f9fde5e7d84703447360e73b3eb458804f799a0d05e3fe8f53be"", ""493eaf4ce005d87b1990e1180121e25ad165716f35c27efacbe3777b76b6b2e1"", ""928049e4329f7f1dbb937ad800752b6b3e436e5de50217a5cfe7be7a62d8955e"", ""4f0d726073902806f94163f226403079a9ad0e32e1e7e8d6d9775b38570dc499"", ""c8c6edea31af02bb99d95ec3e8bcc888fc13cf16534b008ae3a1b5ab94fd959e"", ""14560688246e6b8b8baefd7e1221cdc28a49d32e35b68561a3bb3fcf370a23de"", ""da96616e4139e8d5bdce3f79f31557105fe47f41da7110f49437c03b91c98d7f"", ""26aa3108eceb84be3155927c2c6e60deb896665f47c0abc27eef740fc7cf34d8"", ""1b55d5542d9940714aab12633da71984228e80fb39bd6115e21c606f28eff3fb"", ""b5a08d425500ab92b69c03347a9ab80b57811e9b2016d2ade8716fd3ecba0c75"", ""29e14e346e73b58c3e6c082c2670ee6aea1dde2bdbc7c014f61c0ad0bb68f267"", ""bf74a310ae0f8c38607a478089395c65f12a8961ee44b9b411c15d471df14fc1"", ""d1fef7c7fdde7b783b964e7cfc7d6271a177ad1729b24796b5abe5e6514b0da4""]"
ALBAHACA,,BS. AS.,ATADO,Hortalizas,ARS,Primera,,INVERNAC,2025-10-01,450.4761904761905,kg,detail,2025-10,mean_of_daily_means_observed_days,21,21,mcba,611372a5717739cdadf46062ff2ece20e6e743a31facaca324b23f8aafff616d,,https://ssma.magyp.gob.ar/frutas.precios.aspx,,observed_days_aggregate_not_official_monthly,"[""cc1c02a9a2e0e0fa5609ce5810087064997bdf1ef62dc3f3e00846405090bca1"", ""ccf494877c1b9d52481ea0ea3f5a89c82fc49c8c7e6ebf2798a085c1b2d02fc2"", ""ecbceaea7cfcc73d5f413f2e0d37b96af4e8e8d3d2176aeab20c5c90849b7290"", ""f9fed5dbf04baec29876c87ac4136169a005f40e13cfe6ff69606f07d5823285"", ""b98219187ce353e4ca3cdb2e7d5a50aead80c05de515f356c060418d6d4e6fc3"", ""a4b31060e75e609c6c42ba41961d84438e0bc96766d2c2832488969a3f8e197d"", ""4bc165077913b52975701e4d771ead8c732d7f71c0e57db43989c02c0d1eb127"", ""b3734936d37fd124fd1aa769d709b6da20eb4ef5500c11cc42cffd7ff62853c6"", ""7e8ceac35d326b1a43c38024e540f55aa58867f18f17ab01f5824c3ff1f1ff94"", ""3fb5500d3923669f1484cd6117ec9c118a34714e8ff3a55057f6c2cf252ddd53"", ""a36ea680eeeb34f5ac133c69727558a1302236f8c9dd35677f519f2f1e02bac9"", ""005fdee0edc6bb77734580ea7b27b53673afa16bc57106068b0f3f40fe1ea594"", ""b9926544d4b8633f0f8ef8d2c41265a68390770abba78d840ad938c89a435204"", ""6093ffd602a68c66a3d8f4acf9ab693591abf63f34b502a6883c558a7ddda275"", ""70eee28e24913d7030cd9a36256c3a3f46e2c71424b33418f2a5a1e6f0516d3a"", ""cbd2136c8ba281636ad781737c4f58ce8357c49d9dc8b88286e57cea1d010b93"", ""07e7503bb1534875c567a5f801c2dbdac8a42f39e6f60e2b807bf2ac8d79a169"", ""628c54d3cb87b6f2497ca6ba9ce6bc81da46ae5549f7d3d0f4cd95b8b935aea2"", ""794ec8f4110fd4412893cef8276a8cfebeb879afef4c3b7dd559f2fc529fd750"", ""cf09484419247d1f5b1d4d8ce3489142c9d45cbb7d6764388d785399b01ed7e1"", ""997a2a4a27952bafeac52b208cde934b583033142766001fb56bcf94a0d64e6e""]"
ALBAHACA,,CTES.,ATADO,Hortalizas,ARS,Primera,,INVERNAC,2025-10-01,415.55555555555554,kg,detail,2025-10,mean_of_daily_means_observed_days,18,18,mcba,7e246959c833b249f4e3541d974480737dcc84e046c9fb68d368fbfd7667e971,,https://ssma.magyp.gob.ar/frutas.precios.aspx,,observed_days_aggregate_not_official_monthly,"[""39b774e82a665e03dc5741fbbb676695fe75fcdc099fb667d70b270a83df599a"", ""1a8903290f20746856b1cf80ca1aceed141f7c1fecc1e1860c457b1ebea2ff65"", ""26a81cfe27fa618625bf0f81b9a722a3c6baff4cad7b1e8eca74c0ff98b8c0a8"", ""b7b901ff3c04bf72fd19797b1e24bd63ff2e5fbf57fbe8497dec1f15ff92960f"", ""b2c3f577cebf207cf433684ec22f039df5987c5acf721adfd0666776d1516cd5"", ""e9a8d401c5d152871b67191337faad14fa6a8963108df02cef974cce9bc43d52"", ""e5626a93c298ab7f6a76a8665d1ef786f8d0408b7f795448f56eef7499636a75"", ""97d33b4386271e977768b72ef3cf8f810f6f0c6252d0d882d20c3b28a151d898"", ""702d4d5737552a9fb2563cc9d90286dfd1ce1eb349aa759b65290ebbb61e9194"", ""c69612f43fa64460e14097d47eee4f430a64d636322fcc92f07bd8af2ed9d1b8"", ""54b1247ae9a15891cb22d6818b79b69ea92be33e27a592a3b20c811a05af0000"", ""820b1813578bca26cd82c24e13f7f8d987bff7dab0ae5dd407520d46546403a3"", ""3a34607bedd26b17dc49a959ec3d23099c35630bbbdf53527dbafea0317419df"", ""fb90b75effcdf2dae5e5c46e5ad3fede5bb0c9781981bb2e25b0ecfc022eadfd"", ""f004f2b8852d3759c7e0d91883a93bd2535e48a408fc99851fef86be1836d05c"", ""e10df626a3bb9b695e6331d40ec063e6bbaa4d9adba55fcde5b11597e3350e73"", ""32e9c537550069081af1a1670c028d1dcb5cdc058f0ae2eea03faf3e6802799f"", ""a65a67dc4ce4d5eb09d83373e7a8e1f83cd22cba89cb9f06170e307780dfe2ad""]"
ALCAUCIL,BLANCO,BS. AS.,TORO,Hortalizas,ARS,Primera,MEDIANO,,2025-10-01,2720.8325,kg,detail,2025-10,mean_of_daily_means_observed_days,8,8,mcba,55a18c40ad0b330452704bd2ea596d9517e1caeec105d0aa53bb84df8ff69ce5,,https://ssma.magyp.gob.ar/frutas.precios.aspx,,observed_days_aggregate_not_official_monthly,"[""5dc81a554c92d682210a1e8721c3e7cf360ff69266ac9c962f93fdb9ddfec356"", ""c9357675faa8bba1509f8809a80726f9b299d29f995938c766510babab08d04f"", ""1eba0dc0387a3acb10032b3a600e5e45750450ddc5e2f3684fbf6240c88881ee"", ""788fc1d1b7977d79915ca478d0d5c5c19cc556965a22a7e4101c999959c4a240"", ""25de0e846745199a5523dce83bc2129eafae7b0fa50dca4f782f0ee22805288d"", ""806e72b41957b9577e436ca9beb521d2cdedf05f42e320cd8813cc8faa7cb668"", ""e6ca7f0e08bcc22dcdc5ec0bb5767d92eec72e7af47ae105aefdd098c3c5973e"", ""3c7e068df537bb822aca53b6f793398920b664777de02a041d0bcb166fd96001""]"
ALCAUCIL,BLANCO,SAN JUAN,PERDIDO,Hortalizas,ARS,Primera,MEDIANO,,2025-10-01,2562.5,kg,detail,2025-10,mean_of_daily_means_observed_days,2,2,mcba,433026f1daa7d19d116d40c2fb541da72ae278ffef82adcddb3c6ca6d1da9922,,https://ssma.magyp.gob.ar/frutas.precios.aspx,,observed_days_aggregate_not_official_monthly,"[""885dbd2bd99aa56cf4269880f9f9e9748fe90f8f82ba4482ced68e6e7dd507d4"", ""e69e426b2b11e4fc0d0fe8008f3b9de87d2a1fddbb03a2feded7f3b1c3f21c2a""]"
ALCAUCIL,¥. FRANCES,BS. AS.,TORO,Hortalizas,ARS,Primera,GRANDE,,2025-10-01,2331.25,kg,detail,2025-10,mean_of_daily_means_observed_days,16,16,mcba,d16250027930e6df1658a1bce9f26d3e78540ef3e31191f7e8ff8c316f52ff20,,https://ssma.magyp.gob.ar/frutas.precios.aspx,,observed_days_aggregate_not_official_monthly,"[""1069239abb0a284a3e52a5c0d9e656724bfb117f85ae7c28e9ed31d6f4b30bf1"", ""e8eaec75d97d00ea18896baba3b8503ba552ce16f398f7024e62e3ca3b5b26c7"", ""86ca4d3510fd72aba8445a9195dd28b8080f19d19c884c9f04d5b41f0194bf39"", ""a22e0db251fd531edc50577495d915ef43e65b88e7f1b5ddbb58e6049b26a387"", ""7ba003dcff5ddd4caa039b546db2348d47125c574e2302212f7f836cc034063f"", ""14e27933aacd0f2c12fbd00f0d9875c674c4de71f8ce9e33d7db4811ca3ea9a3"", ""e62260cb57e36920fe0e45dfc33a88f363218da6c6f9f49fff0765c4b73b4c4e"", ""140a519a95f8dd3816a913710022fd983ac7e846c3dc9cfc681c1848b424b5da"", ""617294221a762c3ae521efb67009cee6648d8b0ebf72675f3ab93c3942da0660"", ""f7980dab1309f36ae31fee5227c3dc9805edf8dad7bd5eb9403ea27f13399712"", ""1d69eb1e8af288217d2603783a50ff77a7390e7badbdf610df87ae564c233068"", ""eddfdca9be43c30ece2fc3348a4be25ea5272a71daf36bf3bd4396e62e0fd1fe"", ""ef1ba11764644a453741da9d3d8b00c3bfad00497abbedfd5f07899f5ac0c057"", ""b2cc4312199261f521c47c325daa9de12bfc6f0f4c6bc122ae0588527a4e1457"", ""f18de8293207c1ebb4af258f21ecf09ebff8a85a98455a71b53dae1c6155420c"", ""78e9121a5daa72d31b492b3a41753a9dbcf74e0e9769d84e0394d14ff881ef0c""]"
ALCAUCIL,¥. FRANCES,BS. AS.,TORO,Hortalizas,ARS,Primera,MEDIANO,,2025-10-01,1710.1855555555555,kg,detail,2025-10,mean_of_daily_means_observed_days,18,18,mcba,ea39cd0aa72cf8c91db53ff6cee1b8cff256e91d7b1f38e64757711e3ab00bed,,https://ssma.magyp.gob.ar/frutas.precios.aspx,,observed_days_aggregate_not_official_monthly,"[""3b2b1f40d1fe3c347b3966c91084b316756cefe7b9a810d86b422f13964909ae"", ""f1ff88c544ef802a68ec5b182b4d7b2eaa275daf6115166e4f1660d8b8eded7d"", ""797eb971af767c123ab8cb9edfc585d304877c6ac5a283abcc755d74ba1266e0"", ""cd8ca5a60897ffae3a6f947898d12022c218eb3126254f1af881f2704fe81494"", ""b837c0bfaafccd954811ed8b265fc224505e27528cb9d8d78730b016e41204c8"", ""331ed9b9d1d4c9bb2a6cac3497cf601fa0713c2d671e4f3ad99b8b63449f1079"", ""709cc117c7861c0d3665fcb1d4363083d0811e4b08c0db4d60ea2e4084469b8e"", ""7c04ce0f13b43837b28968e2430705d5133956b1df08fc158ef425f93aae2e58"", ""79caf4d1fa94f52a1061f3507d917bdb8f68cb3f958d7e7d71a20af918f37bc5"", ""3e80c34c19b2f65306b6318879be2b16b35910932f5035e53d02a75160afc114"", ""212f5912b2b1b61f87e09007ea52a91796109be584fac621d8434abf42b178a0"", ""f97bf3957c3417f13f672d28dba2dc3826262a7580d7ce1cce736459fc7e6f25"", ""1f92605d746acf4623ed96ff3402930ea92030f69f314519c869be270e75c997"", ""f694670e063637f1c6a63d21ef15037add1a45d4154362483bb6af4d92ebc212"", ""d3159f43e27c76eb45b1c07f82901e3e4673ae8ae74a43fa30926e1d57e30412"", ""fa5fc24ffbd943546cf8fc80a7e74fdca94f6446e78bfa29308677a26566ed23"", ""ed782213427fc7bd84bf3ace54d233b9bd1f7035122ae8260293ae8af8f43b46"", ""5c41a52c686d4670f57b8cb6d76d3fe62ebc0c3c1a1e2e5dce26693596411580""]"
ANANA,,BRASIL,CAJA,Frutas,ARS,Elegido,012/014,,2025-10-01,2169.3119047619048,kg,detail,2025-10,mean_of_daily_means_observed_days,21,21,mcba,b732db2ccb554bacacd4e7e02263b59cddb51673143957feb827aeb2e0c43560,,https://ssma.magyp.gob.ar/frutas.precios.aspx,,observed_days_aggregate_not_official_monthly,"[""d5c0c8b53580bb712b8559056d047fc39f5d6b35639e5b36c3c66fa3d9edbc47"", ""bf5c67dc10cacad3d56dce95ff76f9dc5d0afe55fd52bdcf93ba1a705de72214"", ""83b3c3ba4bf2d44dac430b4c93a7180803843004e142758c3a24331a2e7e04dc"", ""c9e984c18835b14a2cc011c74d2e8305c914e5c8a1cb4879a31e8497e57da4e2"", ""fe8cc1da38d6c5d8163ed88fbc37c2e3567a2a03409e64b0772976eca97020cb"", ""bdf556e5ea743ae82113f8defc337a8958165b55a6e0fb084e7a9525065e398d"", ""b3d51e1c130c74a93032874297523b8ba2727523b5adb3d7105f1fe1b3e92a43"", ""89c651dcec48e77a5a1b1760ee13f2ece15a9d24f89b3220929118441721aa70"", ""2bc41af7947db710ea44a275bbe9180086ed7be23548af57cea096984076bc68"", ""bf881d5839a4075a3bef1a0ff54f525bfcbfc3f29b3ef9db9f9c7264e4c40be0"", ""8e4997b91e4f344187ea6009e724631e85f4638a794e9312c13dccc5c26fa68f"", ""68635445d34812672edf8a75aafa3c961fc0b47240f70e0204ff15a50eede203"", ""ba6f3aa90c2b76c5c01eafa38733d7efa923ca7e8bbbc5ac0c02ae3f3e1a85a0"", ""d11233454acbe47c13b09fe4bad40546ab05f3bd9820b25c9afc62ae5181df10"", ""bc5008736536d637f34426051b291308f4bef4946552365963223b61e4c2cde7"", ""df3bbd470fb314e1b134a9431ba7e0a69038ebb7e64b4065d4eaa6c8df48d535"", ""e4cdc41c1bde06dada140c5cf72eeb20ac1f5726e2b5668cb65b008d51af5027"", ""52559ded42735f04c6b8bcea07dea2628a0a948554830d804c5df5df7db960ca"", ""42678e75bd8f4ac65b5beb6b887b3ff4fd8ddddc76f9c12aaf14a0c871dc3b6a"", ""599b982bdc1bd0143134376829e5a6e106e10f4adaa0beb207d8c57993f1a7c2"", ""a9b45555caa8ddc6de7858d6dfa78ba995318b78bd3dd22c42a3115aece4d9b8""]"
ANANA,,ECUADOR,CAJA,Frutas,ARS,Elegido,010/012,,2025-10-01,2399.470476190476,kg,detail,2025-10,mean_of_daily_means_observed_days,21,21,mcba,1ed3a02245a3a8ac97056da6e2d0897677cf692d482bf16789c3feead2aea097,,https://ssma.magyp.gob.ar/frutas.precios.aspx,,observed_days_aggregate_not_official_monthly,"[""57a2e11ce2cbac0568b7f79f2ade883d139dae608db443a3131c4174609e00d3"", ""688ff2e497936877d8b5f0d7e7dfef95408a8b8ab324b46ea26d2fd03a654296"", ""6d5c64d9a8335696d9c434c5d51432a747b3034f6e63627c0b511405e76c2308"", ""31a9e56902a8b41076b8b1b8e4ce806df9e2ebe2c7ddfd8a99ad79a800fae0ae"", ""8e24bfe1043df5c28b2904303a424804a1c8212127df255e0a4bc1f8627b4d72"", ""812b990c789d8c9df2bbe69fc3c88cde61897b6929e5f3c799efc3d9d151606b"", ""cc70a889510a3627d22be7f943f1b4997617857773d28c8fdf56f52743c20fa7"", ""765689839a1492211fe2f27a19df84ddb7f4a47dde74ad27015558ba6f158381"", ""799b3eb30d3808c4c1d192d3568e3a616468b3e9b326733e3a5464230c6c78d8"", ""220615427ddf9401f227209beca0bbcac3e12263f663e9e1c6af8089172dd542"", ""72f278d88dfe99cc2a11924c2e3643851508cf0c64e687ccd87f5bf5924a38cc"", ""b1619aa7d70f1dca0ad7c0c04ac32bd4c2632b9599aee6ca4c9aa7a5b9549ed2"", ""d4af72f2c838a2cb911c00ab8c7104f0d768b05553ce8cf2fc8dc25b052f433d"", ""17caf7a899d8be2d99eea504c43ba9624fa6fcebf77b690fee876547f0bf294b"", ""1565ae36fd8b658de56ba8c859f4276e8df852e37aee300fc78d2816c638e913"", ""4b5559bab84e65bf1314738c48ad09d9ec2db9c4ec48361e8f449ade1da29375"", ""533c3f472a92f2f0bb437f1c4d6e2fa2c6c2865e27c1775a70ee55c046c6bde2"", ""a5341cbffb72161edd4e6feca7604d3547fa18541426bb1e7267d30165bc3272"", ""61ac1fae7d1c81ddc463edd721c83a3fbe38b615215cc6efe1c992353e76fbe6"", ""7e3db02253a85535ca6286f6ea63870885b22a4fff3f67d319722bd983616244"", ""38c0866568cb8f04d0e68801492bf954807a91dc66570f0593ce42dd396e44d0""]"
APIO,,BS. AS.,TORO,Hortalizas,ARS,Primera,GRANDE,INVERNAC,2025-10-01,1067.645882352941,kg,detail,2025-10,mean_of_daily_means_observed_days,17,17,mcba,c2acb1168a8c7da05bf7ee5c4b6326534a7835616b1f869b112704d7fa41254d,,https://ssma.magyp.gob.ar/frutas.precios.aspx,,observed_days_aggregate_not_official_monthly,"[""e64569fe9b10767ba2bfa9a01e7ecfce541718a49ce1bad3a4c830bef6b675b1"", ""8f4acc7f6570a1da0de646964c17e5e3fbd9abea3375cc718062450aa1cd46e8"", ""f660065d0d46c64ceda755b7ae0ed6931e1a5ffa1dd973e4a7b5a440c531c5bf"", ""532a51bee325952db5b5600764e67c9f239b055538b992078009cbfc0b977983"", ""ca6d1af61796181964563bdd7902637a8f2c4a0784c5ab7ef9e0cfb08c80c6ec"", ""c2b8162e625a616d2159bf9dd01d329ec794ec0182e8b3e75cd5e0465ece627e"", ""639e2bc2b6357703dc3566b5a40ddf527737c04556f2cacf17b60761c60445c8"", ""9f8a99ac0c4c3f2c8b7bc2ecdd86ab5022d6bdd69a244bb304d24b399207fcf4"", ""8e682f03af7430751bb700767a3a04d4034ec1f3062d00820a7b7d678fcf32dd"", ""6bb8fae7373a752daef20821d4aca74741ecb0e1c6b085cebe8d8a29e2f41ac9"", ""295f28fa416809dc857140a87d43b6c497084a74100903bcca7f5729b35b6b2d"", ""fad688c1d430870545f3a8be658c9e1795248426f4fb9a6669d8cf986cd6d88e"", ""d7adc667aadbcd862b8546a656dd3f7c5370ad42eaad921ebf8fa7c4c58b527c"", ""08fbe2139933dd84eabfc6874b8b41fe5f50d5deaac8ed82f816d31c9e44b0e8"", ""69194c621ff795b6f9669b976053332d5a8b5cd26feb0764d75c00f38cd7629f"", ""25edea7d424d2a4cc8ff4de8d12438fb91db943d406e96214ea900e90fc098e6"", ""c773e528ce6944f623f084b50bdb7f3537f67969325478701597e5d387528873""]"
APIO,,BS. AS.,TORO,Hortalizas,ARS,Primera,MEDIANO,INVERNAC,2025-10-01,897.0594117647058,kg,detail,2025-10,mean_of_daily_means_observed_days,17,17,mcba,3dc0931226bb80c602512a6b0763448f2dcafc599b66d3d8a516da1fc0c49146,,https://ssma.magyp.gob.ar/frutas.precios.aspx,,observed_days_aggregate_not_official_monthly,"[""fffd4bc5e7755ebd68a1a3762649ad39bda11baf68886333f58b999ebf591f27"", ""e97936d3194bdb2348d9fb82ce6b35cf450206f1320b363183b2aaa97fef1786"", ""07397b497bf167ad09039a49891c575c530aa4e390fa21863e6d50ec5180fcab"", ""1a16831d71b37fdb4c07a520ebb184a2063abbd74cccccb4b4ea2bd7112f9d13"", ""b3f9c44afa968878a42be149dc316671d2a23850caff5d3dde96921b5451419e"", ""cfed638d074b2c0aca9f0c02bfef35a337c5c9b17e4f96db4ccb43aca061473d"", ""256d8e86541b752332b28e94eb5dc70ba4096976b532f8be988477b591da24bf"", ""b2009dfe5364fe0cc052e2dcbc35c8657fb423a5321cb71704306eeaed450bcb"", ""62520528225d6f7d4f2612f6d466c954501d6b59182d33116ae2e74cd0c10df6"", ""8e5ab004189d95df29de7fb9fdfab1a3acc62f5d780416165436bccc2687528a"", ""78f3b2d76ea5c2d980ba02fdf993ca1d6ca9f0e0c54fc5500072f5afdc281658"", ""e372a278aaa298ec906a7aea140d1b08cd1e9abaf536c10861430242f6097d1a"", ""22f50ee607c9b7b60d0900f6173e8cc01beefa23ecc3aeae156d54b38bb60024"", ""48eb248f0a66ae70a86aff7dbe7542a711de1f7ea6370b218457ea90bb8acf78"", ""a21af78d0b3adae891dea89d61add4569574d423e378eed7833eeb1349ef13ab"", ""45302b2e44f2d2f60e92eaf36e46c5293d272b686c28d3213a3dbad3071bf66c"", ""08868f87dd9b1c9f91aa16459dbb78034565e503c2a6119e8b19e6e561250a82""]"
ARANDANO,,BS. AS.,CAJA,Frutas,ARS,Elegido,GRANEL,,2025-10-01,8650.797142857144,kg,detail,2025-10,mean_of_daily_means_observed_days,21,21,mcba,466814becbf40cea95bd8adf787420409113dee4c3cc41f069fb1c73723e465a,,https://ssma.magyp.gob.ar/frutas.precios.aspx,,observed_days_aggregate_not_official_monthly,"[""921378967024ac49dc513a3a097bea091af8f7a78087d2b70425ec81d7f22ffc"", ""717589d4278fddc09a5b207ddc1ad02b14534f5a660de0ac31920f22ee740509"", ""b5b60b800f9454426eb1b02eb8725e351b1989687e6772410b671077ef3894e7"", ""dc38975721c94e397ed9addd4eae8616fd5142efbe8e0089be97289fc67d4624"", ""60c85be702106b92e119a7fe84fcee818f8a77a2ab135c475a8f6e5f224ea719"", ""7ef8c25e8ebd43dfd3e699cfbc0dbe7c29572a9821b9c343035c6cbdc7f7beb2"", ""38305e5af342f3de71d1913d30b466baffa481cc841718b2226f0672120bc24c"", ""f55b88b0f5e569d3a517ee1417c7275c43b378988dea22b37589a021c52f360f"", ""11f7d68120f961d2edbcb9695868392d64218b17e0013550636c6616554ca1d5"", ""1e96432128946e375b40c3be9ba9823f0488975fea07535a01c946b9628da5f5"", ""88733d6e88fc42dd51fd30e047a23809c7be41a44304c0bf5fb06d6d0f7a138a"", ""474582040ca4fbf6f5c11b85bb2035b45df6bd045c041fefb44dde5c295830da"", ""d85048d3a9eb170cdb565ed4a565321045c257a614efcaa41cb0ca990c9ddc2e"", ""abf515e8905b9f564959162a017543be39709b2abbb30591371a52690fca3d1c"", ""b91464e2bac796f3b04a6b6a4d2ab7c4f24d70671b57d45eecfb33cf811a2c7b"", ""99caf422c264ee71f7d19e0e6e3ebeb70a371697c12b97eec9998fc3e77d1e08"", ""8401d78b265591dc1671dd3205084aa5aece0e088c3deb8aaab793bbd4c94177"", ""6c82a19597e0bf67f67a85ebdfca89b409096a32de3d6db7c32b07a666b9a0aa"", ""8872c6bd30cebac252914e75ce41112745773b7cca0671adeb614b6b9bce7349"", ""27372a98e471489b02c797a23e04ddf48b9e8e48f05c4bad2e12d7d31281f861"", ""60ba958a2274b646f61e2afa706fbc71deff4a0aa499dd3ff4e1a202d9073a37""]"
ARANDANO,,CTES.,CAJA,Frutas,ARS,Elegido,GRANEL,,2025-10-01,7968.25380952381,kg,detail,2025-10,mean_of_daily_means_observed_days,21,21,mcba,6cf6f75ee0bfc1211c3f648a4b1a52d22821353c61120d8770e2cc81f585bfce,,https://ssma.magyp.gob.ar/frutas.precios.aspx,,observed_days_aggregate_not_official_monthly,"[""8061a6e33d9ee33fc33adf49bc4b3fddd0d3aee3d9dbf4b481fdd78f74582133"", ""e279e9f88f0a43120679dacee59420af042fe14241808b48a64dad0ebf1dfcfb"", ""1720718d17d8de569a7d5944d11b4cab03973fce73e856b839d0c3f0ab4aa1cf"", ""63586647342a9dde9c42ffd260cc76f01b6f939506bcef894eb22ed1c30294d2"", ""52ed7d5ffbea1c800bae02b362c8daaee7cf8754b60da0750716fff77e21c4c0"", ""711990528f9efb12213c327a58e1d8f17b4fa94eee48e69b8d132c4227e687bf"", ""32c0c99ce7a61aa58662ed7e353a1b5334fa5bc38123afe5074df307f1893458"", ""fb96d0d328d165fbeda0d55f529d8c795e1b6309b9244e8b9fa0211f60825bae"", ""90d11f030bcaa9837f6d97337dae4f7746b806e072c34a2924948caffdc038ee"", ""3aecc4540b5ab3a8cd576d9d62ccdee702d3749df229de9cfa23a83be2cd594b"", ""dda36fe157f878897a8fea3d225bd0a733a3cb4d61b71c0aa1299f9cc222b842"", ""f559dcaf85c66b5c52c4032ea37885c73fe3d2ed91aaac4dd4656035c38411a0"", ""c67d66d4dff5f4e4223c042570e4cb5abc6f5d5e488837c42c072150e0d3bed8"", ""7007051d560d7db9e99f05148ac7c250fa7d2a0c29aa31acbe9ece7a7a937aa5"", ""48b753dcfd6d8a9aecf41a26c0a004d14885197cb051a41714e70cdd9c5877db"", ""ba37ce54347291891e34faf1a261f23a2a38d88f7a170d657038025afda388b1"", ""4e935944007d18291e6dfbe44384d93af1a60a1045e479bf612b191ed5f9799d"", ""4671d7df676fa2d090f2b1888a75d59a14b2d681f18b6131257ec773a6e111f4"", ""abf3c1a7ff671608b6cf606cd244ff0abd58d7057b6b0f3907bb4f83a07aa495"", ""ba7f074a8c9218d1000b8967ad4a7d484934d59cfbaebb52ca0ca94c5623bc53"", ""e3686c16f19968b41856452c47f66cacf3a52bef02cbdcdcff6df74176dc679b""]"
ARANDANO,,E. RIOS,CAJA,Frutas,ARS,Elegido,GRANEL,,2025-10-01,6736.8421052631575,kg,detail,2025-10,mean_of_daily_means_observed_days,19,19,mcba,9b29f602dcf01ec058150731fd0716c300ea0f7a8dee62cf9264c388344ad175,,https://ssma.magyp.gob.ar/frutas.precios.aspx,,observed_days_aggregate_not_official_monthly,"[""754b77afa94b62943cff52d45cddd21a25a5b9a9106d9c3cdfbd48315bfad390"", ""59e94d8b3c8bc8bcf8a36f31c8c1d27890d1a68c83c41aaab42b812783bca23f"", ""89cb81fe07fd7fa4123ef6fe275f4497503fd33a3730f142fe6580a4b588cc9c"", ""898209a780694bed5d33c40e43c23f72cbf51fa85187c847de77e568657c1881"", ""31f84c0c40e60a0bc595f1a9943958d2de2ea89bf8fed8a7d2b237dd8f8f3fcf"", ""ef8b01368d188bf08f0b469e0722bf9f5f964d27b4320a6664bd7f53e932bf87"", ""821e5213381b7896cd515749c7b984c39681ba01cd6bcc2ae51f1c41a3a47ae9"", ""4f27dda2829453a8c045e13b0dd546d285b7c2b5d32266a96e87fa00635d0065"", ""a2a1d2c2f097d20f848d969148b7cb3a64f060c93aa0bb1fea9481fb28884b07"", ""4d184f6a6a5e1760f17d9987697742dbb1b89fccac75b32e4dfdd190d5e950e6"", ""3b3c7c3b7f294eb3c559ccf375624946217b1bed4f9e389e6f973f6625857c07"", ""4bbec3c9eaa2301590baaf54fbbb5c9c0afa91626dbdf2e6e98350a41fde7176"", ""3d7f86f0adc0993fc380f541ecdac451306c9c15d7aec0037e2c24a3fec68267"", ""ee1af37d4a22d89465b3f3862110c9829e67185b638238e897094753bd1a8d3a"", ""220308e2610b7ac780f581991a5fc80a5014deeef36453355c9a30d508a26ae8"", ""43b0ca89a0aa9f0af7ba4b63c1abe894cada0b79270f162013a5bc5c6dbf7afb"", ""52335177cee78b7f78015346d3bad41b682c40c4b8ada31aa45b6dfe3cd11964"", ""5aad4834d5c2ebef8a146d91e8e050dfc4417a70a730a968730e5ee1c9c0345e"", ""791a097730815a4508a24bbedc7e68060ac8e4187e22705b6f5e08f8f90f407c""]"
ARANDANO,,TUCUMAN,CAJA,Frutas,ARS,Elegido,GRANEL,,2025-10-01,11888.878333333334,kg,detail,2025-10,mean_of_daily_means_observed_days,6,6,mcba,419b0412a1ad38044c54374c5489c45cc68bdd051eea0ce3e6fe12c453ac901e,,https://ssma.magyp.gob.ar/frutas.precios.aspx,,observed_days_aggregate_not_official_monthly,"[""1c72adbde5b0a9b366947ce4cf1d93b4a53514544aa75d8e07ef15d1bec04181"", ""3f688f9dd0cbdb39b20021dcecb4d83d498cf1b3a48bcc843ca31e908d845565"", ""d60d2ce69134d7b28b8756a39f0c8d8ecc325b5c914076d2be1dbdbaab4918e8"", ""a46ff66e04caa09e793d00227cd367a14614e504657ac16eed388154272f737a"", ""5df7730a9ba5936c786821d773a8123079848940dc1b83808e52d9e679153c56"", ""d4a8716fb0ba01215abd4a37b81443571fbb0321b83a02b8443a390e30ab830b""]"
ARVEJA,,BS. AS.,TORO,Hortalizas,ARS,Primera,MEDIANO,INVERNAC,2025-10-01,3004.6052631578946,kg,detail,2025-10,mean_of_daily_means_observed_days,19,19,mcba,5f55fb0d1368636a5d8b6f319b72e56bde8bfa10ab217b89d76aae9e685aa26d,,https://ssma.magyp.gob.ar/frutas.precios.aspx,,observed_days_aggregate_not_official_monthly,"[""cc4847c6f51d9611b1963520edea39237bc444927928ef64d5bfcd952c5d6a5b"", ""023a9e6ec0ad65adce0441ec2ffa84447688466afed4a59e52f13f8af3162bf0"", ""a03a22e067b6da28ea7c049f2ce8875ddafa65708e6ffbbe09e31bcaba1c99be"", ""c4669aef874125f941e52bf04bd0c5e189b32824441a4fd2096e44fd26bc25bf"", ""aa163818027c0be13cb62f55bce53178c69d078863b2745c4ce44399381bd601"", ""a032811a4b5566e841947fdbe2e0e0105ac14b31243b03b7a5afdb918c70332c"", ""3d3af6c112354fca85e58d374679dc7a076958429a5853f5779350b96e4e6422"", ""e22c65cc2da726f8af506e7ae4723b199bbd92cb5f5b89736af493ec4a942bc8"", ""b521dd8db7bbfc1fd5dd6cf621acc8c104d7d3d2deeb3c9aadcbdb34bc6b6e24"", ""cf2bb6bc4283a1dccafbfbd7dfed0358c67ce351593258b8e285cdc183437511"", ""20f9143c5645d5d3ca2dc3d55e275a7d4f076ba0e162a775fe2429a1c15ebc4f"", ""c945f82b8a2aa247f7ae10ea1c523dce46beb1e6d55888667753e2c5b5dd7cd9"", ""74259ac276c7fc8e9e1527e3d0202820cdcb5976bdf60c1e8b606c7cf30cd2b8"", ""210cd99106f6ebab6c408d88f609fa4b9f78712f435de40aaef4e6eca7765893"", ""a03fe3eaeae759aab5245e126d6fc64df1eff3049bcfcd624432745c8474c7af"", ""b840ab5f0fb66b06605b7cc1f9f5a4d704abb03c62598ac9afd457bba5bd3919"", ""07e3a8175079acd620d7bcfeb3c116fda8405dbe9008642916eddb3b1c138484"", ""e334c7eabcfd336544dc1be0fbe23dbcaef32588b4fa077e3dafb7d62c0fb6d3"", ""dc73cd841b304a1ae43acc2510ec60be892f15633a350b7ab9d084908e89c190""]"
ARVEJA,,JUJUY,BOLSA,Hortalizas,ARS,Primera,MEDIANO,,2025-10-01,2750.0,kg,detail,2025-10,mean_of_daily_means_observed_days,1,1,mcba,15e32632686f201947597312ab06d57a20bb8665a1a92c1d1115796c905ac7de,,https://ssma.magyp.gob.ar/frutas.precios.aspx,,observed_days_aggregate_not_official_monthly,"[""1a21d36f70537763eae27b1b824de80e5e7f39dfa7e5820acce8b5cee07f5456""]"
ARVEJA,,M.D.PLAT,TORO,Hortalizas,ARS,Primera,MEDIANO,INVERNAC,2025-10-01,3175.0,kg,detail,2025-10,mean_of_daily_means_observed_days,3,3,mcba,6ac78ef63f8e7a99d605ceeaad25bff94ccdd164ad47368cae7d8fb83aa071e2,,https://ssma.magyp.gob.ar/frutas.precios.aspx,,observed_days_aggregate_not_official_monthly,"[""16d7104fd14696a9c50fa08299b5d4bc94340d316c136a96ac8e61c15334021a"", ""30b121a9b638372a59dd4127b32f21d002bc3ad3dbd70b834be87843ab3e9323"", ""b19102ce746d887fee4169aa2d9621443556a1b0f7778f32afdeffa7a57aab61""]"
ARVEJA,,MENDOZA,BOLSA,Hortalizas,ARS,Primera,MEDIANO,,2025-10-01,1800.0,kg,detail,2025-10,mean_of_daily_means_observed_days,5,5,mcba,ef7dd8cc31030c0a478daa2055f28dab9f2ff52a10519ca0fac33e2e4a1edf7d,,https://ssma.magyp.gob.ar/frutas.precios.aspx,,observed_days_aggregate_not_official_monthly,"[""bf5ee3c4b2823ed2d563cafd60e139245e14453036eda08a42b5618b4b0f32ef"", ""41f37d7245db11a31f99895622375ca477f8de69bc01bb408cdc1ed5a0304a31"", ""105c76121517d630d2bcb2d3c46d5671e6df851fdcd55ebef4ec3cb6735e3c44"", ""fac81799087e53a931df8a2fc46787fad27626bf578985df6401c836e0516f7c"", ""bf239affba679fe009cf9fd5c8180f7d4b9c2d6a98368f79ae87274fb1a2860d""]"
BANANA,CAVENDISH,BOLIVIA,CAJA,Frutas,ARS,Elegido,MEDIANO,,2025-10-01,1604.7619047619048,kg,detail,2025-10,mean_of_daily_means_observed_days,21,21,mcba,8e8375ffc1c03b99e9ff4b83a86b8773bf6478978ef8e97df50b8e48600d4815,,https://ssma.magyp.gob.ar/frutas.precios.aspx,,observed_days_aggregate_not_official_monthly,"[""66f3d3e51a588e3022116bbbcaf0732c54b19bb9ef18c49d2f195dfb0810be34"", ""01dc9598b694e53d94a34394fff11fb3fe293d9b68003ca8518a77270d8c1798"", ""9d97494e7e4b5da29696e64c4d2c20b67760114e6acb811f27bf114f67ea9914"", ""a69e2f93c6d5a4b8802a5c25b4f10ee38469bf1e309124f6a0d9a903fdf043f5"", ""2f99e125048ca2d8b33d7a14cebd702ee82f44601c52819889f4628afb98b6d4"", ""fd46e68c8989de1e5510fe1f71d2d6f599c74703fbed55e01216a3e96de2f85e"", ""d7fc173709c4724c5a7e67337a04de582a4c6c48fa8fe7ff4a9f64eff0a74a5b"", ""47bb51ee7dd1ff401f0299819643575ac2d2d7263bce783ce40421d36b6438ea"", ""48a57876c580ef57782a6e83ba3f2b9e639177faa8c7be047d15ad3b982b33fa"", ""84d5a2d2fc51e286461e827f2dc76ad2df047e31dfa394b58fc868464091a291"", ""8ce041189379635728790069d78ac887ff0d26ebc1c71b0c92e50363b156dc5c"", ""21b56832be06883e40a3304ea7afcd1565cc279d4507fa0d6017ac097ca02b0c"", ""9499f0018eebe9de59e7c33861e6232e34dadf905f1e5686581264435c3378d6"", ""64c34d89e803baf499b5c0ef9c982205a3f4888ac838ac7776743bc3f228e373"", ""8bf2f968cbb4d2ffe4ec972a311c88af419adb771bf2910c7869f7e7502030d4"", ""b4754ed5a03b9059e4bbd82a932c8584352e34c1589587e1b4de2e42c9cabd0c"", ""c740e345ace1bffbf18d16764d2c2d716c19824433897d8549fd7c1eaf38b53c"", ""7297840ec86416490c4885a78ff2186a33b95004f56eedcc95ccbb56598c3565"", ""6f337313096ea32ef08b28d6f614fe084eae69d588fad6beb18041558785a9dd"", ""84e231dd581d5d7e6804b59fa1935fc115aa47493d4afa377896178c48991576"", ""95d992968105dd0c4947e5ca68f5796dee90d107b5efca94cc6b63db5319bc3f""]"
BANANA,CAVENDISH,COLOMBIA,CAJA,Frutas,ARS,Elegido,MEDIANO,,2025-10-01,1778.5714285714287,kg,detail,2025-10,mean_of_daily_means_observed_days,21,21,mcba,5ef28db875550631acec0013b8b4cae9886f6481b8a81a85a13f093e2f8eba10,,https://ssma.magyp.gob.ar/frutas.precios.aspx,,observed_days_aggregate_not_official_monthly,"[""86e28257359d9f232b19ed85f5d0f0b23243b0be1316b38b168c933551ade202"", ""b291b13b99a1474a50b645cc86cf813e04727439b71ef4c07f6bb8d3d6b376ef"", ""13a909def5e17bc7f78bf083793c989727f4378671c165c924569816bf7ee72d"", ""0cfa7c4aa529d6de015651beb1bdb41c3e39facba61f16b8c7d117b29d2be76c"", ""4278ad148984bd438e99a6f39f71f3e31a3318eabef72dc20aa830fba7fe8aa5"", ""2d1402deaeb9b02df8ebb2714d19c56e62855af9792d7aab9b4187ec12303a62"", ""4f19b278b2a5fb0d1b4a5ae9599e8c7cbf9d4fcbd1bfbca794603df172d7e23d"", ""d62a8c00ed10ef1cf561e9354ea92502feda131d9799d338d5296f91ddb54790"", ""f03e50c397965127f537f8046017092c80f28ced418d15604405b2ce404c22f0"", ""7272a24cb907568cf5bc158d1cd08674054ea90f6d421d23ad4c7c55cede0054"", ""8c6bb8f2f3ec5df2bf3db9370fd0c389ddd8b4f027fe92dc659ef690c465d349"", ""d02c69d23df7fe726ea7abc34c250c4086c67e0f4883f1206e93009f7d0959fb"", ""6112bf23dd9a841feacbcfae3790980bb454246ba74427b7174e9bc09e9a51fc"", ""93a5c671943a42d55e311878fcae235e6d49a6e640123774943336131162f9fb"", ""157fc60d461da91d509739582e514d5de20f5045961af8d5d966d82c3eb9f592"", ""f80011d1c1230bae0f84e74a7d31575919adcfdf3e42586343e7a96dc51a2f3e"", ""80dd23bf28e59a200bfbb13d43cfed3a43f41b3e28f985e4dc1bf22f1224c151"", ""3edca7b25107f6afb8bb8ddb22ae530db21633d5fefa143cfa125444e04453ac"", ""8e6ffb47b3708ddb725a12cc6b041a4689a0880daa0dfd875f9568ccc7a0dd24"", ""04c97a0f6e3510814686c5dbd7df12c0b81e742233020e0d9bc1a04a1c9236a9"", ""3bf0e11b480904e2ec9d80b97ac9d17c0a27554423cd132e6fbce569b3596cbf""]"
BANANA,CAVENDISH,ECUADOR,CAJA,Frutas,ARS,Elegido,GRANDE,,2025-10-01,2009.5238095238096,kg,detail,2025-10,mean_of_daily_means_observed_days,21,21,mcba,f5730cf9da0b88d84a31f9d486c7cd38ec4926e2c8233aa061b756b25c52816d,,https://ssma.magyp.gob.ar/frutas.precios.aspx,,observed_days_aggregate_not_official_monthly,"[""b117e81470f548fcb9c4e26c93798a82c6ca295087a55c90cfe66dde36c96ee0"", ""a38162db3d296245394f22c3edaf53fb63ee86df7187ae2f2170f98d3190d0bf"", ""554db269b9cb027715faae3e1cc5bac4c492dfd84d5a8e8778abe0d620e31112"", ""522482adb1927d0ee28996523de9d78b9cdf65b760672bdc7c1ae7809a0a356a"", ""90cf87a2ce134add35b22d91e3b07a876776422b4ac8027df255692178cccc6a"", ""f26adf93924ccea5a8305b3c19feb02a72d896d3cac853656cc0d16a17fd2988"", ""0408ca6d64f26b2c5951465d50e711826fdd77d3b1f68825c42b24e7089ed421"", ""e52fdaa8d36df495e74a56e628c20e5c91005ea4699caf64923cceccfd095fd2"", ""76d4ff97250a78594f1e0839743449a8b5322e3494637322c6bce5973650232c"", ""d5233a31dab08018f6e14e40f0167339b983e851c14c9367657675726aeae63b"", ""3e75dc7115f4bb9ec4f5deed4e7477642791bfdedeb1de0dd0bc1af9d16398c5"", ""b16b22291736ea2f3618c2786a0c8153b77b808d9dfd8ee223cc125d094c88c7"", ""3bcbd467effed4254e535f1e46c7f502ad6c9cc40b510c758d22c013cc2e3924"", ""1b0f536b14bc6ec7786230a9070605254f81c8c2d61dc77a8c1d80c329eebc5f"", ""f10b5d2dbb7029a289d20fd7e423a9dff0474fedbe94d3273d5309643e68b319"", ""d21c90e9365faf12dc1b0dd94d67b176e70bcda1e0574939f4eb15d2430a7e92"", ""885cf4883d206d309fe5f5a36edcd7c835568d0e98ab00cd8f31ec6688de00e1"", ""ac9bd45e3482ef07f8738b4b977227bb84bc9f24ed7873dfb24fb5a3852b3465"", ""9ea93a0484f63a7367f65474407877d91770d63d05794c3bd2fa86b91f8ba53f"", ""549fa9585afd2dff662013506ac0d937f79a6a3679bf8b3eabf8c8a81b340816"", ""b45da96136a54b857a7a471767ec87c685e093c3e1cfbecb63ef32f7d0822f49""]"
BANANA,CAVENDISH,ECUADOR,CAJA,Frutas,ARS,Elegido,MEDIANO,,2025-10-01,1771.4285714285713,kg,detail,2025-10,mean_of_daily_means_observed_days,21,21,mcba,b4c6978f104879eb29bec967d5b373593089ecbeffcc1057be13d08b14ef744d,,https://ssma.magyp.gob.ar/frutas.precios.aspx,,observed_days_aggregate_not_official_monthly,"[""5a422bbe73e3f2895800b55a201955ca6baf659d218ad5ca3a84e1b40e6e1a5c"", ""8c6fd57ce0aeb5cfd97b0d9a2825888229b75598966b48bc71e3dbf605d8ae56"", ""f7e62d834b79b4a6874a66000d0154a901c61293f52e0ff754045f6e99cafb44"", ""5dffc58256f3dfed8d48c1a1ce25eb06b0771a6caa20aee2289e1cd21daea59b"", ""bee4522f8c93c56b4cf3ad0069cc9599a680ec912d28d0efcd4843842041f691"", ""89c2a3936a9b384a5a46084c04f0014618e43ea3caa84964ec055118c0d78705"", ""8799c32b34e2dc0d8eafde496452e508b29329d589d6c270aa985421c1ae5d44"", ""e272ca6b7c12c2fd983a733a1ff1605700e12b36b5881ce7eb863984965f496e"", ""377adab1f444d0594dd20ace7b3b33a251c5770ca0caed2c27128150328ae35f"", ""6e6c6116eb1ef81138d93ca0c650fe176e22a567ec6575bd0e99d8cb6c1a0b25"", ""c37a07d0e4e27c03fbac97b32182c7fc611acffcc4f8154a1d31f0b3d0aafab9"", ""7a0c9c7094bac441aea470e58fe8bd9641a593cb192cd7b2312edd7fe828991c"", ""6c0d912d8afc9c99675e89845dd70b684388044947eada03db89b811f6573df8"", ""0c2851ee4c0a1f41a48542f10a4fbc21439caabbc5c32ac95d59d8dd4f8ad6ee"", ""442c8601523283a1b42bc9e2550815e3ba0b4d7bb037c80d671225439d29b0ad"", ""2f46a4817e4a01d90ae220ff059ef68f9d1e3407fefb385ba9ca7ba640dbae32"", ""bd5e3f0141bb8b13f5c444a4063656e5ea1e2c5ad65567a4bb55bc4e9119240c"", ""f659f982d34667dfdbd2233e733522f542c866f298cd0c33933183881898d6cc"", ""a1d204a7196cefe3dd765db8424bbc3fd577646e51c67156c23f767cbf3a8bd2"", ""c2bc1a1bc75a90502f8841fd3c284d015bb0cbef01f1de2eb8308f0b54472738"", ""1eb6f325f2971b074d7ab9a7decb2ee004c4cf09f57c4bc4b4699d3f45d23a0c""]"
BANANA,NANIKA,BRASIL,PERDIDO,Frutas,ARS,Elegido,MEDIANO,,2025-10-01,1511.904761904762,kg,detail,2025-10,mean_of_daily_means_observed_days,21,21,mcba,ca3eeb8f9ced4655c684e6d08785091c8b08027945055516b5bb4aa87d8f48c6,,https://ssma.magyp.gob.ar/frutas.precios.aspx,,observed_days_aggregate_not_official_monthly,"[""7d09d206822f09421a5221c0c9208a57b4334ffee83029261ca782b78511bc2e"", ""b5b8e924789ae6bcf6890af700524ce0b8f5cd9e124ac62d26e74a6af3ed9689"", ""113d3db77112d7f7ec2c06d641d1d5690821968f855e6682971d75b13af43a20"", ""b1b740be0e8511868860f9da382d30905d86a409324a501698f2a3ebea51ad3d"", ""26d2dcd44f85554e7271b3e6ba9a324bd9133a88d49d5e441df3fc3f2c39279f"", ""99bde74a858fb37c89684e9c85ed55793ae5944b3f114be0def12ccc064defa7"", ""a81172bae6418cc89a65245f3aa7e132a9804d5d40e4a31b11ba7f3bb48f6a0e"", ""8829e59b09d2e965f17902b04fd4f08085741ebdccceaaace6f1e88272cfd2b1"", ""2b776ef05d8f27a39dd522d8cc34d8f5c2902983ecb9841212be3b5f87095ac4"", ""801f292fd5561a8aa309378ec7e15974e3274bd4a01c747bdb0eda9b88ca7a4d"", ""c2afb32a118a1f1adbb47f18b81cd88046c87f14cdea91ba053d9f4b588b7fc7"", ""ce3ee8c9726088d443ddeef9b7632a47160e1db6e6c2f724362ff23d3c093df6"", ""684498a3a0446d7446392ce8a70024da46d7cbdc6360762bdba6e9702aad987d"", ""aa40df81871834b23fe52f2c1a3daf90b94a8d73f8640bb78060547c4591cdd7"", ""d4e9cd653e088db4136bd0f9b944fd8ca40fab6cc06bde26b2e9999c23c8476c"", ""4c847504b93e2b8a020d73b8c9c49981c7ef465a6b5e74672fe4ff349804e18a"", ""3894828f30f43ea3bb9fe658e7bb7c424c5843c560ef497609b103f121b18b02"", ""a1f93739240c42cf7256657b22a733fdedf048a2a5e3871b0a8443e837cf7f0e"", ""08fa3c0d6b790e7174dee25d3e66b8d5792d8d6b860d5a9c10aab96ec7d3f203"", ""74a468c8b5ae5360f3245e955694c6987e40c987a0b54c3f4bbba5efd9995900"", ""e8f96a76f1121df3d424b83710d54bbf98ae0358dc4f85fcdba4116a0925a986""]"
BANANA,NANIKA,FORMOSA,PERDIDO,Frutas,ARS,Elegido,MEDIANO,,2025-10-01,905.8471428571428,kg,detail,2025-10,mean_of_daily_means_observed_days,14,14,mcba,18f7ea5cd6c7acec5b8863e07f13d827f8b593d989eb7a2c853c7329f608ec6a,,https://ssma.magyp.gob.ar/frutas.precios.aspx,,observed_days_aggregate_not_official_monthly,"[""3f6710ee4f39cb297094de1517de7d2c357fc94a91392e066c665fe33bf5b83a"", ""4ebc20a81c18c00456015842e0cfc07c3dfc2f63d7324e9e905a477bfba149c5"", ""58c38898f110eb6e103ff003eb714fa4009b458df9a3b9b0efa5fc1100f65484"", ""ea41365f424238bb5ac34be9dbf62e9a53c01949dc04886ac4fa972b01359fd0"", ""00c58323baaac980791fa099c4c94cd6437ad1bbce393ecc5b6885b20a0158c0"", ""6732c6f2b16b358ad32cc19b91bcd7a84948875df9d76716d4f47386434e94a9"", ""782cc1ac6396785e3bbfe80afe80616e332e6d8148aea645583f85b1a8d1fb04"", ""4b87ffce920a11f1072c2474ef4c3287a6728d340d2625d2688c64fa9cc8f03b"", ""223869d441dc007c6544c10aa9e60fca8295b68ce7bb5c1e8c34a371b246945a"", ""80b03685ee213d114414082c37e8f6a4916a2c84d39a1d46a3ef72792a412b7a"", ""7b59291bd9cf3b627fbe3598e6e80695c421e82b6478ac7e99823db6da5d0925"", ""b79d19bfc6ca2985d8562258c5cd05b44bc9d774da72f52440ae1124dd3a5e7c"", ""dc3c9dc4ab6a8d236d83902e71facd03881ffb57ddaab28d8a927ffb0b322013"", ""da57f568f6065cd3c1b6032b18fa824c2d78ad325bedc556199a961b3460544d""]"
BANANA,NANIKA,PARAGUAY,PERDIDO,Frutas,ARS,Elegido,MEDIANO,,2025-10-01,1359.0925,kg,detail,2025-10,mean_of_daily_means_observed_days,20,20,mcba,716cd119e1f501e3007b746da1dcc0594490d94c53bcdd5ea3536c8b6d0f1f30,,https://ssma.magyp.gob.ar/frutas.precios.aspx,,observed_days_aggregate_not_official_monthly,"[""92c06e7d5776cb8e57b2eebcef10fc3f47179e2443f72df23c69b4f388028936"", ""988cdce0b8436861d24b3374cd49b338f36410fa1574d9897e2f61c368a53a0c"", ""9699147dbdb49fd13671d895be64f64aa52920cc5c19af816eaea3be163ca83a"", ""bc2c7aa43f8f8fd18d1ec272e986de35d3ed7c9a2845c99a7a8a5563a9aa8d5c"", ""f04addad68a031ef31d65f641677093356c88dfe410e31a57a352413a103856f"", ""cefdd10fe43261ee2a0072e13e51c5880c2afb461ee7c56ca55b3a4f8f41391f"", ""362ff8981bf7d9604c6c8c677a7420c92effc35589ed3d324240160267da9711"", ""e5c10aa227375ebdb47f78956554517d6debd84d8f87ca1af3ec4321727d8dc4"", ""203388c6e4d11c9c30999ef2489d184024979bfe0e3454a0ff51981707f1d705"", ""cee64269fd6a8aae7f04a4dc88e3a54f2b83a6474cf934daf203e94f7fe74049"", ""42ad6db793af6c3f57c2d6cec8e46d3180ac45acaf4c0a4bd75eb90c115e2bcd"", ""5f20de54e6ea3aa29664ebaea048fedf3d6f6ac9fac158bccaa92090c88ecb54"", ""9158af25d84d3babdf53d60e4d1eed38d4896988e3364d3472b8c5cfa29877e3"", ""49c64431ad8f480e8d14c30a34367e5c9de15354bfb57c170a4c9b85c876fd22"", ""d9aea8f47a3a22e6df57d30d6a5e1e293de3f702eb5023d842e1a3fa01f1cb29"", ""85576517226359ae98af19f260c3adf8dd56957d33fa9e8d25b1be610263f7fe"", ""109ce707ec4cb673f3b62d8c6cdfea9fb5a77c5d8300d278026543d2f5cc57e0"", ""58ed5155f493d75a86421378ddec362ab7a195c60ef383d979b20b837fbacc71"", ""70082ce33d6cc68d217c9da9b84852d4ae8d43aef90e5b9fa557809c49889697"", ""558f529c2f9b3d193ca763b18cb7ea553cd9c7e9b730acb324b23d42fa82c44b""]"
BANANA,NANIKA,SALTA,CAJA,Frutas,ARS,Elegido,GRANDE,,2025-10-01,1581.25,kg,detail,2025-10,mean_of_daily_means_observed_days,8,8,mcba,76b61ecd3f1fb0d27f0feaa2746d7e5281c09c27b116e758e42cbbe520cd443f,,https://ssma.magyp.gob.ar/frutas.precios.aspx,,observed_days_aggregate_not_official_monthly,"[""c27c90f55707a1bc5f18db066286ebe4b68255cc63f2b085d3a1b6b0ea6c1197"", ""5b436de7cf415454903a09ed778dca9992b4b20deb27140df1078a745ed4a47c"", ""211e71c3ee573a8b6c515fb30d245d1db78e5ebc27533c12610ce44e4cecd83f"", ""ef3a80edac73ae894eceb86139e438a4e3b7bddfe7bee4b342ad62502b73cb73"", ""6378d375e462eccbba8226b8da688e4c0d0e2c67571d8c8db36a7ef6121763e3"", ""51ce83f24002bb923c8777eecb57be76300351933ab0dac762218c1f5d1d7789"", ""cfcd16a1330f8d6af9ec06b67f270cd0a1fc8504bad93d9ceebf889c4d786b0c"", ""3744ab56c8e3d3d1da093515303ac18fcfbee53a2f196afecf7785eecc6b92a0""]"
BANANA,NANIKA,SALTA,CAJA,Frutas,ARS,Elegido,MEDIANO,,2025-10-01,1307.142857142857,kg,detail,2025-10,mean_of_daily_means_observed_days,21,21,mcba,889243c8bae7d9a49829660cfa88edc9e8bf0c20f2f6f1962743f976b0745b13,,https://ssma.magyp.gob.ar/frutas.precios.aspx,,observed_days_aggregate_not_official_monthly,"[""7ac11f4a58616291f3cdccbe1d9f1a6ec254c778abe8ec51cc749b7f322798d3"", ""4e91340146636940eda71c181491e90820c2fb8fab197c63bab7785fa020f2d5"", ""1d809a550272f8a8cb7eb14e79edc9a81b896bad2b72afa8b17f3ac05309c775"", ""8db461080e8a76d80e09e6f63b8edf64577e0f76266d528141b74957b1664777"", ""6e138c1e838ecd2c82693961bc9d287eab933c5ad5bbe2c6fc8dae6c112a964a"", ""6e0d701b3440ad4e320101a9ac50c3daa5bf05dee697a41de5ae58ce4dea8a9f"", ""7dfab67619f91d960726a27e853e5dbd0c6bafa30a1121c3a464cd4a5bfa7f3e"", ""39a2bf3304364f29fec09545b04283252a34eb75a4d729c2acff58be8e92c93e"", ""5519b3a7845d5640424e75dd2ad2e3e4203fd55b38b8df3b629a6b1623fdaf79"", ""c8c422f334618956613d2bccb6a5e69835766fe57a4add4da700d2de2957e672"", ""a2eabed8b30a5e88b1c08a0837690e0dc9694f79a248637a4e6a09d14330c5f9"", ""9e42241d5b485253eb4f5ea3f64268cf87b7704cf647793972ab5d3444270720"", ""530c3751ac7f799fd2aa7d8826e04c1845914980f3960f338c8c52255f590177"", ""0c4c4bd31d8bfd23eb02795c92657bc5e020e8918de5626559c6fcd48acd9ebf"", ""e06ec15ccaeef814e2684395417aa7d7f58ad35929b7ed3e5f0b91257ea477b5"", ""f803eaad102d338a16e6b76764a74a48b72112dbbaab36494a6c1589ad3ecde9"", ""4a8efb2d324def3943f0ae3953e59b9da748300b28268eb3a85dfcb72683b434"", ""5c46237a112eaebdd3a80b88a1f7e596e23dea59dee8586822442bcc5c8a80f0"", ""32e294c3765a9d9a97f7b08d56b2175a31dccd22802a523a9845d2cb05b10dfb"", ""72b525a83e0b3a28b1874082e3d95e3c6bc084206d2eda62677b8000292653b6"", ""30786365fbc186bebcb845366fbfea19138071250bdd8ddba40b698d5a00ed90""]"
BATATA,ARAPEY,BRASIL,BOLSA,Hortalizas,ARS,Primera,MEDIANO,,2025-10-01,955.0,kg,detail,2025-10,mean_of_daily_means_observed_days,21,21,mcba,2b85f650cd7601df5e667b68f7a730963d98f5824e2bc583f5d7927cfc705314,,https://ssma.magyp.gob.ar/frutas.precios.aspx,,observed_days_aggregate_not_official_monthly,"[""7380dd251ef6383160143bac002e2d6f118084ab500fd1656f50c5eceffe775c"", ""a3180d0ed052bc5fa53fbfd88612f8d71afb373a4c8676d521d98b294c1b2e8c"", ""5891c2e27806ba897ac9d6570021a0236fe354d9c2ec3217ddf100d2d32e9970"", ""2cf076665affafec0c3c087956d56f5dce111ec9e505f8273e985316649c1cee"", ""db35d553ea46ca6009c832dfa53c933f8c40d17b2045e63224ad3de8facbeefa"", ""d64b64dc01219bd6d4c6c8eac8a707af4333a75d988e321ece5d718ced7a4164"", ""16546182ff317efd044f7986bfabc4d64066fa634e175519582b8775d16e9f52"", ""0465768e7ae02fbf7b540076959a42f18a71521cdd7327dfd27a1c6f71112482"", ""8c134cc46e5627b315cc02406372b8d184a52a79d5b2fd0056da26a190409181"", ""e27f012774e5016d92a550bd1f4e5ef2544b65026b0e8ff3f8d1fb56e9b49fae"", ""57dfd0f9e63d1cdf86a13848440b6084bf956109a2431b9cf1f6579b23f5e1e5"", ""ccb0a5976ef79c5559c6b6d9d495cbd43cc3f3e808d4063195f9edaf0b34b359"", ""cb55ab9c1dacfc501e0e1278dbf18a7029f3f6ff2f2aedc58eb8af970c3baf02"", ""23c3d8a9bf3dc49494bafcb856a7f6e497a7e8458a5c18ef2d89a640714a14a2"", ""b33515c1765b7e65eb0de61a4a9b6ac73269ea2ecc341d1cfc96ea1ed53b8258"", ""c6e3f64f10ae3b194da2f51c65af2dc6cc2eda160289e5a50f42d69432f96f9f"", ""1af5a6edadbb68ecaa9b06fa08e8fa78df2a9d283beb29b893dad30702952588"", ""bdf8898d1c6121da19560c2d641378cbfe05e7f36e12f3157c2d12ec9c5b3ee1"", ""6f531f18fc7d9dadea5d11509a7053c40ebeb10da7c238f3c7b1cb243ba94d62"", ""38e0764c7c8acf2bf62bc6adc0e5ab3cb25185e5b5a59fe97f131719965cc36c"", ""89abc8b3d4444d46757d81961e13df767c16da17bd25d54f1941d31140f624ae""]"
BATATA,ARAPEY,CORDOBA,BOLSA,Hortalizas,ARS,Primera,MEDIANO,,2025-10-01,655.3138095238095,kg,detail,2025-10,mean_of_daily_means_observed_days,21,21,mcba,69ef6cf9b5ed8eb8ed33f252fd6927b169222249d2d2cb61993d02f4a32d1d08,,https://ssma.magyp.gob.ar/frutas.precios.aspx,,observed_days_aggregate_not_official_monthly,"[""333e4543be9547c4e4c3edceb65bbad5f05c0d825bd62d5df3d40d2171693813"", ""4a38cc989780bff539c204c3b26aaee6abd4f1238566bbeb66beb1a3c0507a85"", ""86bb76891c2e392cc24e281bbca96fba30e35ab43c019a9c6f34ad16535197c3"", ""113fe0f7aa33600928c2aa443617b29a27cbaeede632beba396f40a98eb00167"", ""b3ea1fbd62c3c8450775ca799c0a99e9e3d3d8e07f48fef7920a5acaecfe6f2c"", ""2ad66479b017d571692d15c8d8919e76951c2b9b81fd0922ac29b79cdfc0e792"", ""7bf5418fcc321a5fe58e846562cfaecbe116c325f6a5913c16b9dfc5b2d4059b"", ""bed5faf47d207efdb4fa3b8f4eae15341e3488163555522d6e2cf22c676e2c24"", ""bede76bbc9d8ea8a6f9d455668deddadec13145c8f7b1de7b2504eca56333eb4"", ""9299b4494cd59a92752c350a4085212a2f37cd912bb5fc1668f68fbc8871e146"", ""b0a1869916ee6ee97211c0d0d701d89a9a4d237a5dbceafbbffba85a83631307"", ""877aa5b996cc101413fcbd79ad4e029053f0e05e24d68d56e13c97815ef13bc2"", ""b85fed067177e788ace619c339d99d44aa508556ad735362ce9a4488303c6c62"", ""8192d34609ec3824a21e4c6d653fa92d453746d352a090ab7496f52029ce5d7a"", ""396dce36c041ce981b640103701a0f284391626fe5ce2fc338fee8bf825e55b6"", ""40da7bdffdbc2d23955115cf773b906a06704913ffe44c9f93a489a8c14b6b5d"", ""7b0bad4ae11f05f56840b31192c5cb9eebe1ca70d5b80585f9b081b052584c17"", ""dfb8e1885f8b8f63c79643dc699d1c8a04edfe28f6217e563f1fae037788fd5f"", ""6585ebfcbbf9c163f15c3ea1f8b1873f37fc7d2131a5c460ae3d54c4b92d2068"", ""997003e86df30ecbbeef4f0cf63b2e241fec6114e44a4a37e5ef29331798953d"", ""b32eb32a586d811f311203272b9622d79c00859588544174b633dd2dfc438157""]"
BATATA,BEAUREGARD,CORDOBA,BOLSA,Hortalizas,ARS,Primera,MEDIANO,,2025-10-01,1552.0619047619048,kg,detail,2025-10,mean_of_daily_means_observed_days,21,21,mcba,ec612fe7588a806f7e56762632a7c4ee293ff99956835c4ed0a01eb4fc224977,,https://ssma.magyp.gob.ar/frutas.precios.aspx,,observed_days_aggregate_not_official_monthly,"[""40d82f9301f37f4a7e429d256724c4db6d148aa3793bd34874a56d6759e4c31e"", ""806717cb596c640c28c487f7a5837d6281214d03f15ecb8a712d289a6b44fa17"", ""8a852a974da9f9e49accb03f3e0275aaa3d66d9222f1988366d91e134f42cc0a"", ""09905237c1f3081d97d7a889316c01144095d34ed883d20ac91fe2edf71dc19a"", ""c1caf71a07286ac62f93e464f2af5374bae65be76805540853058418d6a9e091"", ""6c8f6aff2768008ea6a0baa922f518384ceaea2d7c23c46b5303b98d6627b3f2"", ""e5d920c23767113526e740e1ff5543dd5390af994fdb3cebd34548336a1c40b3"", ""90bf673272991e59b5cf21b4e716dae680d4424241dde85c45d038a4670d9594"", ""f90fe2cbe8ae251c0204080875ad197efabd6bf8eefc82403c45d42b42382be5"", ""1b5d139781e9d52f332079b9751f81921f9fa9013da6c862ca23d73541f20880"", ""5afa1ea900b7ae2207f52662ed216daf48b9b65556d9e292b8fc19b1f443c505"", ""b71db568130a010af6999edf2b30257904e7c2b5e96bffbcd105ee01fe652f95"", ""9464436ee36e8bdc21dfdaed5ee57998ca207ece2f3b6461babb2e008304635c"", ""6c2c7330c01bd03ca8b546a8288205303b7d1ac8c1e5d625b92624f427297a7d"", ""0dc67482d08777ed0008f945b966eb000942e9aecf7a1e9a50430e139ba8f354"", ""9e0a28b16177faf9987401712bb82d95b9a18e0f64cd128fc574800005d163f5"", ""a73b2e974e629e21ff64f140c79a22ab7f66c6945b583a79d6a3bab2deb55c08"", ""2d541eee06ffff32caba3fa881e80f250d0fae26950048e59f783e4bc369c8af"", ""4de8e6875a0de8d15e5591397532bb745050a6f16f5eb0ed23cc44831cacb348"", ""e42d47066d3e9a60719a0b9ab48341c14556d8ae65dc523159e18cf6c1e89409"", ""3047d959c25656814aa5103e53e1819f7a0617eb4a909b43d3b8367257f3ecba""]"
BATATA,BEAUREGARD,FORMOSA,BOLSA,Hortalizas,ARS,Primera,MEDIANO,,2025-10-01,1705.1295238095238,kg,detail,2025-10,mean_of_daily_means_observed_days,21,21,mcba,494fbaa86cab5b8a8d247d0ec86efdb09a2ec89b5b3751cfaf2497ad89c47db2,,https://ssma.magyp.gob.ar/frutas.precios.aspx,,observed_days_aggregate_not_official_monthly,"[""39f84472a3bf1cc5ace6ed961dad206e32cf950974274658d110f80edf8f304e"", ""a1af57749f338c0ed9e82348bea4c39fe78dfa7b84871251dd3f5002c616b03a"", ""af528cebef9bf35917c1d260623bd5b2e875b89b0442836538dc37bc94de5fc3"", ""482a8c0db15ed9b672614f350d17e17f4f00a3aed878eb452ae59136c1f109d2"", ""05e45c79e92383d6e01e1203a8bc864fe7bce1005357c5058acf694e557331bf"", ""907153402892ec8fd920d8f5d0770b747cdaf2f515bdaee42e434ac8c9474703"", ""7a088d614d2d3393be49c1c508ff4b56b045fd9ea325cade51d5c41b3be9aabf"", ""b021a4e7af3f26f52a2db0867e7ce82aff2e4197584d381a0cd8f128efa422d7"", ""d0eddcf732c64026bf725cb2d87eb913fe13eb60dfe1104cee59fa55d3dd47a6"", ""5a41609d0ce3a271e50b6457f9b320550f43362460b49d44dfb692be0d9538c2"", ""6146acb0dced70beb81e3d143ee0c94e643b8ccce0f69bc94c8ad97a19c54882"", ""9fa9769f58a08a174a4c1016904b566c3873a166491f1ae5395ff199d5ea7340"", ""2aed7d88ecc73bd64e0e14436e0ad63354e9fe7b2a6372dd03319b174538d7b8"", ""6f0599bf413a521037ced124c3740b9d0b9a54cda35b24ff4672854e9def1610"", ""bd9e40e1cd6ce2be5b6d65344ce366f81b09782147bf714ef167540aa5860b73"", ""7700ad5f7108e7de2934967dd69dd0f552a1715217e5ee016fa890a701e71568"", ""661044ce25fc4011d87606b83e8d86e78faa8085b8c0fc4679005fbd106282b1"", ""bff83810a51540c8e356ebba178e89020e2cc4c1e7a6694976942514501529fb"", ""5af32319d094a0c92a271e53c73b667f8b186f447a81baae63d8f6a6ddcaa269"", ""7b2db778f96f8951ef2e2570601c82fbfaf27f4f03f7a14aae6b08e85e320b44"", ""c0ba75e9aad8d2858df3dd64b8b2a374c3381ba19a9e49ee94fe1b6a8b46bd5d""]"
BATATA,BEAUREGARD,S. PEDRO,CAJA,Hortalizas,ARS,Primera,MEDIANO,,2025-10-01,1824.5395238095239,kg,detail,2025-10,mean_of_daily_means_observed_days,21,21,mcba,d4704794d94195bc2b958f3408d04516332010271cae79c8d720547b63e86ea9,,https://ssma.magyp.gob.ar/frutas.precios.aspx,,observed_days_aggregate_not_official_monthly,"[""895ad412a6eafc6bb42ccfaaca67886d7d2513890cb3949eee2f72c4b75407f4"", ""67b9d498be4476c163c6d8f4dcb3d9eed58f4e4de272e251794aba8469419ad0"", ""1e8028af05ddcae627696510c02d8fffa87098b18321891854b19beed698a9e8"", ""10303793dcf7f045fec102dd9dac1e68a98cf642c81354e0d310f21838f0ed16"", ""a213bc6796203c8d3cd99d2ce77b41b3d9cbe879f7c5ffe384b6afc1123d0807"", ""f3a0dec50740193d11abf94e775adc106e55e8efb019e62b701dc13250d72d70"", ""da320f453368bda190cc9bc829aa63c2112f839af586527b6b86e69f2639a96e"", ""36db842f87024acfee4dfb44f74646b7d923710338dbcde52f7881c16cee7aa6"", ""70e1737c3e90fcc8f7ca328167d1554d7e459fb0cea06aed4caef006d2765469"", ""9f27547af3f7c3aa98dffdb39ae72487d1b4e422183c99a1055be5e921e687ea"", ""9862b0c86779f56ec51573d7c31d067227579f1de7b4ea5d192f3a723bc30bed"", ""aba32b577f1696048b8283fb630e6c0aec6e0069601736b347363f8ebb24ea39"", ""3fe34864f9a5ef09c1d8cafde2a9ddbb20f875e6f438262e288a2c7972182202"", ""7ad252e0a702b1bc71ec04251cb6465a232ba0815812f0ad00e7bf4ac0b2471a"", ""d0b3c1ce1bfef87a4fbb46199fb72ceedf292e2cb163623f206e20a8a4f01285"", ""e4eb585b14514f74980aabf81f5b48526cd274f2a44d8561c08abc55280d4fcc"", ""64f91178be5e08d21188c722af0ff54f12a9d8c5d7bc7e1d8f815d9a3e43375b"", ""b6c700dab2f9c2424a5039a67dbce20768ec2b73d8bfa7a95b50a85521ba68e6"", ""3574a40df22bf3a0e3f719a9afab13a7a6228431228c0669c37527ca0f9cc274"", ""7e5f69e858f809605a4bbaa46f88a96098f0f76848ce89693df666d89f4d3eb0"", ""d18700ebd2cc980789ce90319998ad871a5d17dec515064913b66225ea4e39ea""]"
BATATA,VIOLETA,BRASIL,BOLSA,Hortalizas,ARS,Primera,MEDIANO,,2025-10-01,1307.1052631578948,kg,detail,2025-10,mean_of_daily_means_observed_days,19,19,mcba,5842ce99c5a5c07485d3213dfc75fa844aae3ae8ce10f5c47bfda996a1644e10,,https://ssma.magyp.gob.ar/frutas.precios.aspx,,observed_days_aggregate_not_official_monthly,"[""427a532cf6ce171ba0d8120838b79d947bf669200eb2443fa51440d2f5d0ff07"", ""d2230881cc1bb6e087d17cfef019168934c9ebc16bd4b50ccaf060683ecea973"", ""c235226421bdb2011562bebdbf070f0f11d309b4fad24d11e9524a45d8b666d7"", ""37946e51a473e0b53b35a3e15caa5e08689c26ce0956922b10f33d165b593a33"", ""fc5db1d8e22564a219e66adb6a7b1ddc3dbe4e25db8fc72c778f9bef7bd82679"", ""2a8d159d602d189a84c5e033dafcb7fbabd5fed3fd73a05003cb519d09192156"", ""9439c0d15948c58a0ef3b4e0ce91008558d64f686353f05f9d483c051fcab834"", ""6222460f0295a5d0abdbb8cd78c3cf99ce9a796b4742fd309081be8a2adf7cde"", ""15060f052758aa1be602438116e139ffb15fedccec9bf9919243b96c33bcd680"", ""42305dd75d3c29647707ed29ab6409e82190103fdb6e9efe5c02c1451a85b4fe"", ""4b1e22479262c419f3e1a38fc73b5a4a368a996678e8f299ae8f9ca15a43b45a"", ""48a53a52cb894016c343b39ad4bba6fb9a5a4b00987967814b99940ca38584e4"", ""f4a8448590299adf4ad94b563e6f600de7522fcd2bc478a062e4f27c8f6e714b"", ""6e35e194b1554e9672f6ef309cd077ab9203251b1edbde22a32af3a766e5266c"", ""580fadc596a6c75f440ad3b04fa73618be31cc4230ed1eb6b566b3edade5b195"", ""b07b14f43485f392f531ea62e7b4d95caddfdf9b3e7d9dc7583ad6e8632a8971"", ""a7325910f705a8d35a3763cc867f944232c6fa4232cc132962ede9b0715c75c0"", ""144768aade015a39fa8abe799403a2b1206ff518fd0a00ca4862d2c62e17b1b2"", ""00ba247fc76dc1f837d118713e7571eec768bee9b9d75feb66aff3648f042bf7""]"
BERENJENA,VTA.MED.LA,BS. AS.,TORO,Hortalizas,ARS,Primera,MEDIANO,,2025-10-01,1086.904761904762,kg,detail,2025-10,mean_of_daily_means_observed_days,21,21,mcba,1cd468cbd6bfef8250179ef38a094d6b098d773dcd36912583c1cd41865e522f,,https://ssma.magyp.gob.ar/frutas.precios.aspx,,observed_days_aggregate_not_official_monthly,"[""cf9e4752d727d7aa66cd58325da06c6944d1fcbe885d028dd17d500623fa2193"", ""a53332ac60f6f0d51ded154fedd5c023201910e6845ea907009847817bc140cc"", ""2a382561bdd19f3ff869c76767b28b9efc75faca2fcad87d86adef1f3dcedac0"", ""10ae308e5dee537cb8061fde5138dd3a9da58f378a29141dd321280cbb05ef12"", ""17bddbd30619b9c36e1d85ffbac7597e7e888de56c88414299164603dd039f67"", ""27dae02b6551fdb58f51470642b3fefdaa2037819bad495200758241e74de98c"", ""7f9f48e56cd1c75a5b0392e8de1f9977642afc994c6e02c4d0d34c224f0c1283"", ""6bbad632d0906b5e60d93f6d6ae0e2868e73ad528b747c968598930e43ad8381"", ""d4f054dcf5d1114695f69536a9a058268b7570a556f78cc6164f0fb553a3764e"", ""0e54e4d952b9a24b5a28f5a74bd031c5c86ca45a0dab4a01995bcfea1577c929"", ""0f938f26bfa659c46891f7db827fb722eea92f0c6e4fcbbd48e5238714054473"", ""a3096f791e3ea39d5522e439ad531d540db93959954be274c2a0157fc94c8878"", ""8f9d081e6776fda68bb487b7fc52509e5fcc1d65d06525c54e935b14c6745e51"", ""263729c91c91f41006b29434abb175d4ce5b1632e1e8b4b7aa9abc4df28fa349"", ""a02171853e1990693bb9cbee26eed399842c72fdd3b7afc4df2aaad51c92a68b"", ""d75e20fc69ada3960ea582db2b6396c2c332ef6b6bbf4572a1ec674c7c5f157b"", ""cab7895c4e0d37428709eff8dcc68be30cd319eb24f63d1ab78f44a95fd6cbe4"", ""2c5ebf7463f53f4872bae06b10cc13f5f6abde31203d853b5b74efc291ab8aed"", ""1dc12464f457221eb0ab22802dd7d4f2dae032f3d4fe6cea0d1393172d99b777"", ""38dfa9d701209723ae881487bcfdff7bddd3f1e6993b3e15095a485437673dec"", ""e5ec8911f228606f0be8e5ec33b1dc160ff975a0dcc3018b31d17325eb06c58d""]"
BERENJENA,VTA.MED.LA,CTES.,TORO,Hortalizas,ARS,Primera,MEDIANO,,2025-10-01,997.2228571428572,kg,detail,2025-10,mean_of_daily_means_observed_days,21,21,mcba,8267f98bd2104be2c3e7b74fad6176550a3f87071c9a5cd56557faa9aa247035,,https://ssma.magyp.gob.ar/frutas.precios.aspx,,observed_days_aggregate_not_official_monthly,"[""48686e44d6847c7dc9083b950eaa2c65dd8717445c5d8852861b09a5efcfe7fc"", ""5246d8226799f57939742eb97786dbd05830e464f1e36ed13f9c66ab7bf09d1e"", ""d07043e88598e1b501457482fd7d59ade288a3ede9f1d95093412779f8add54b"", ""aa6e842132113c2cb30bc671c6cd83632a2842b2799f09eedc8549180d4ae4e6"", ""4d32e2ff261e49da8d830dcdea35dd14ee87528278c9dc6f95f71e10270d4e8c"", ""a05e6fb458bcf7ef7d88db06465b8d5ae228a46e62cf4551c9ccc214171e53b3"", ""2f8a3583435ac54cf04c375196330c0736d8aee2455dd10ab0577b34aa9ee0cf"", ""999ac9de27de6cadaa4c1755e2c2c0b5df6502f22f1ac74d347e861965cd39dd"", ""bef88909716db86fdf12f8863c70cc1ef75ba71ba7ab099d0caebb1e30ef30f8"", ""5197d911779ca3b90f02c340ff5498bef391b72be9f3beae9c47683a7136b0b8"", ""4ab4a7167dd98728ec518458348008231232381d5ed9a6c99f5acc216b36ed94"", ""7437169c430c778f973107c6b17c68529a388ffd38438e35cd8565a3e2386d52"", ""645870362a609d3c9f0144abf844fde755b0c5a3954d03c87801aa6c3983881b"", ""1cf9a17926a67487821ab5a93578079ab7f7ff2e4a47c200c420993051ca17b0"", ""c72614875ae29ab7431f75c7528a44e9e2bda70c8b2fadd036f438bd51125d4d"", ""9abccda22f291b7acd9e705a0ed72fbfb4a6b7f32e9473a0696f86f83d8f4f5e"", ""8efaf63beeb41b2d7961e6fc5b8830bb0fc2a645d02722c5722e3e15beec3bcf"", ""f1dcfd38de200ff3dd97a4e4cae539f35b67865676b8ef23adfb4ff14b486065"", ""69dab110a1bb55b3bc0d8a9d453f9047876b18e475fa1b802d9ab3dad497e5dd"", ""bc1e6f68cfb79bd453997b39511cbec611e472dead0941a7690cd0993ebb8987"", ""b0ab4f31deb359e4b5f888653b8645bfee0b73e63c62adc14ea33aa4936296df""]"
BERENJENA,VTA.MED.LA,CTES.,TORO,Hortalizas,ARS,Segunda,MEDIANO,,2025-10-01,698.81,kg,detail,2025-10,mean_of_daily_means_observed_days,21,21,mcba,d5f818a58496a8eb6058b60370184bacf362fec451aeeeeaabf8ca8ae4c0b9ad,,https://ssma.magyp.gob.ar/frutas.precios.aspx,,observed_days_aggregate_not_official_monthly,"[""fa8eb7618a065158db4d1f8c612b0cbaf8daf6ad97fc5ad3f530b8d49b227893"", ""c7dacc0e7a51fa10977cf65f47146d58b5dcb7f6fe368fc193b1bb5439c812de"", ""f7ae1bdb859c5ca879e5d961d279b171c41a5b28e7248ba2ee1ec185648505c4"", ""180cbab66e5da2e180bb7d60b927c942140c3c799e2a6327679d9fb80819b2ba"", ""6b0ec724829b0b391f57be54e8054599c8d5296c2bdbe4e8d2e9905cc8ac58b9"", ""2e939d5d0391ed1ff1758965fdbd03873c36ae41242977550a27589e9fdcd20c"", ""ab5a43d6cc7e20e94e76be0314fa4d9deee92edf0362bd2b2dda7f81b1e9998c"", ""1dae4daac2c4ff0e5fc5881d43f0327b19bce846747cf80dba6e0d88a06ebc8a"", ""946af67c95f9263891929ed7f00b8ac46a4d420771467a1657fbca31ba6d9f40"", ""dd62893590adec0c55a03da13b19224b9d0b8c4a259ef78b03a78c04d2e5cf55"", ""fe3ebef004c7cefb1878183f3b2dd1c22649bc907701b131f6ff26a0d6d359ff"", ""3861caad7e25474bdf599f7dce23dc6fa54c248789aea80fd9ab9c0317e65655"", ""3d0bbf0d0ba87ff00be9457e9ac95c4b77729c5586d2cb0f84e27ef15ec2ebb6"", ""c4e9e599f3da3d2d137f616732501c3f47ec03d82fcacb0c8da1e3b2cedd2bf5"", ""a168450b6d954ab19e9a0d1fe1f92b995bc0443ce96fa6aa0688e68b6bda15ca"", ""71dfde62636203dedd01da75eaf45bd0417b39305202c77b381b65d38a424dc2"", ""23735c66a7b348865d319c566905ef4222ec38cf913e228450b3aa4d6624cd04"", ""9a579754c94ae092ee83cc289de05b227dbeb69f001f51dec4a7e1f355dd184f"", ""f77319429c034c329da4d1fd67924e639c8c6ae64775413c8b6b00748614e0d9"", ""f1888ad36a33928c40ad08bbfb66d4e0ec6313816cccd116eaa175a382200d23"", ""cff57d02dacec933144562c5ae0ef36bf79fc149c1192540929f4d55c09c4ddc""]"
BERENJENA,VTA.MED.LA,SALTA,PERDIDO,Hortalizas,ARS,Primera,MEDIANO,INVERNAC,2025-10-01,1428.5728571428572,kg,detail,2025-10,mean_of_daily_means_observed_days,21,21,mcba,38632f7ab21280c18ea3f0d989e32bdd5e525a44fe7fb3d410118d1519f780a1,,https://ssma.magyp.gob.ar/frutas.precios.aspx,,observed_days_aggregate_not_official_monthly,"[""c8893d3463fb59ab92f6c929a3c8691662e5cd56be9f606a431610bd77e69237"", ""a85539c2909946579a839cfbefc7ff1122886272ce6cc0e667f5f0d724f8fba5"", ""5102998394cfee3a93233b31af45d44df6fc88d1b9ae9a49287684a018a6c95f"", ""8ddc1aebff34b0a443fdcefe6c2384c7860868440869eb2373ba60700210819c"", ""2ae0192e6fcd4112ab768f54f6d3856c64bcf8eedc02ee2a52c50716bb06173c"", ""9b5c9794df80a30b61f5585b4d05ad25fe06503a77e8376348ce99bfbcc4009f"", ""2c72346072936de3672c7f02807bc8d58a50d09102f616425766c90aabd69d3c"", ""27225363db877f4fe8cc7c5611fc54aec89a5acd9d4a17724106020ddbd02c15"", ""9998ee467c053871a23a4fe34f2b9e26c9c67ce8fec3e06215ac1cea4c955538"", ""2182a14fae6e13ffdb3ec7daaa7ce2284bdcadfaa1145ac9c62feea697228d19"", ""71f38aeb85d7110f31e7edffaebbc66bf737ad5d3663e37ecf4b6b76031d8b86"", ""ecbfc64f1c970e03d232ddbdb5f58907b66d4ca9a2629606c942d7358dc80462"", ""b7c00d9772839a206210358842eb972a10b72a54767db89edaacad30de2d07cd"", ""02c33fec00a9e5f05d1620bfee746e53fc73bed4b81a11adec88bd5338913455"", ""f346b4651ecffd88085d0b246c1200b9af7b501a34ac51c3f900dee2e5bec631"", ""382e212199c7dfb1d9bf4801dc5ff224642df35e2e391bfc0b72e847204d272c"", ""7044e65204f9cb0a656ed45bfa37120a4d14324c1e77c990c0ab29bc66cca60b"", ""a8cf75bfb56a8aadd2d6500ad16f1be6c4e87c728a1703ca9b199e310adf0afb"", ""f6da1635c4dec76ae6a48c8ef0123de430baca917bb1dc9f0c40915726c4cd01"", ""13403329270661cd88ae9335f0ddf3abf5aaab3d3c98298ff3df76c4572b5ce2"", ""290df8d4d19dc67a50aa20f820c8b91b02350c696401d17ec27e730268f4b140""]"
BERENJENA,VTA.MED.LA,SALTA,TORO,Hortalizas,ARS,Primera,MEDIANO,,2025-10-01,974.6028571428571,kg,detail,2025-10,mean_of_daily_means_observed_days,21,21,mcba,f381cb20da60b5086d6d3194468ee0dca96328f521f298a8342a9f3e3fef71dc,,https://ssma.magyp.gob.ar/frutas.precios.aspx,,observed_days_aggregate_not_official_monthly,"[""3ff09f88fec3b9af3d5975b4e1567f6ec5d141f83ed25fd4a575913bad83140f"", ""eda6d8518f6fc123686ee04cefd27801f52f780e0dd3817d40e584d4632be41c"", ""b2b43168dc23a3fd33cc9315035fc08e65a503e4b8f6d1a8f3370a94a3be7ae6"", ""39ce9d1b8c98ab89e556bdf66662734d1373baefcee4c369210ce8a7c44dd12b"", ""e84247e8ed0331fba0f442f6dd31f97e66d1367ca03367b8a171087801ca5193"", ""4ad30a2d362b5cf473be495721fce0458ba12ad8d6488a62ac6bd0a270e57556"", ""3d6ec6f0d7691b759e40d776bf3c7574720807c496088e43bf1188e84efe540d"", ""f3b9cbbe9212ac6d2d732dbea48f498ff87053feb2d90bb627b5ae3ee03c1a76"", ""dcabb4b5c17cf7fc9a0f223f876ca68d4a2a34929b988bede359d8c7fd6af8bc"", ""83807499ac2a39315f2e63354347876d80f2e3facbf19b44c706762b7fbc6245"", ""5c738e71ec40d2767e400a4012a7e6298fd26bfbb257c427135ffe9a4dec06e4"", ""fdf8359c6069139f56a84ff47f62e527fe947b65d257054f6df9cbaea4f616e6"", ""9f1ada522fc7eab99698464c5eacec1286ddc5484913a6e51fcbdbfc0d884662"", ""c6d4c2abb4a01e6dcd8669e3cf540b7e788d7b7d8545f4d9863179749b97d078"", ""d9e360b79dacef9fe504e7a228c17c340587c0130de8a9418763425cb5e063d8"", ""5fd9512500837962c91be9d9ae566fb5c5b8f23f2fce5d23e2ab056304c9c58b"", ""234aacca1c5bdfc455510432893066c7834cfff251526fb773895f4a924cc8fc"", ""7a6d96ac0dcdc7b3d1774d85b6d43ab97ee5fa4d37befa5ff4c1f1ec4efca684"", ""cf60fbb42935ac125a3c9ebc78b5d206f8d5bb380e053a162230b60fc3518554"", ""2a17aa6b6f97578ebbbf184a943c20bd2115f8e341ae946b950b596c20350ec1"", ""a960078b35680c50418ad64dd700a4634f67d1f2b8a00691236041b1be0f8b10""]"
BERENJENA,VTA.MED.LA,TUCUMAN,PERDIDO,Hortalizas,ARS,Primera,MEDIANO,,2025-10-01,1083.3319999999999,kg,detail,2025-10,mean_of_daily_means_observed_days,5,5,mcba,93e813204a06e53f4d0d69ed2c4518f497223c37b92815fde12dcc6abb9d3563,,https://ssma.magyp.gob.ar/frutas.precios.aspx,,observed_days_aggregate_not_official_monthly,"[""590805ad74cd2c1d0f978a1cc1e131b7f146ee3efdcc85315ae2f4ff453b9c3d"", ""6bafbdf99e59b28f436300a6aba95b0dcdc6fe0c24247debdee9a3c534f20039"", ""6ea7306052615164a320bccfe25ab4886ba44600361996a37f4cd04aa2f0a207"", ""2e3627bf43a90d146be4bea674c937c84906d7c6532412c3240c43d161b1fd5d"", ""02e8fee63629ae0b127a4cf08c297189c4967b95d619093fa0250cf869536d5b""]"
BERRO,,BS. AS.,ATADO,Hortalizas,ARS,Primera,SIN TAM,,2025-10-01,2157.1428571428573,kg,detail,2025-10,mean_of_daily_means_observed_days,21,21,mcba,c62b59f960844a6a943277b1743da38372c6177c6293d7592f5c5a6d228adce8,,https://ssma.magyp.gob.ar/frutas.precios.aspx,,observed_days_aggregate_not_official_monthly,"[""770ea4c9f22015d53619889caea237aebef900d773202d4fb35a26bf0497fafd"", ""1104b36888feb7c71f892d1719719c67c97e6f11ee4c04a6ae963368328e1aec"", ""c6894c41b01063d284471ed5039aa4c454738fe90e2afc71af60da191946f101"", ""c3700892eb9c6cc6c4110024ab49cfce3053eaaaaa192a0eca79e88230bc1d1e"", ""86d08f6d8874692a59c4412d5ed8d58b9c7d0b56decdc1efa85a6adb8e6a0a80"", ""a1733f8d814fd25d70dec41fb64ea6d1fd3f7959b949e883b3af9171307b89b6"", ""221005eb103eae6573e9ef9a1877577a299eba1aae480b37719663033362c49e"", ""0857c75e4451b0eb8843ae1b767147803533260a3aa7bbf557e424eb00fea001"", ""b66d01dac6523d6935cf2dace23239496645a315184dd9e8f55e69bb31dc14a9"", ""1b8504cc43cd751d701c001e40d2cba35c12dc3123d3ce4d8023b4b04e61a059"", ""b45c5676d9b71635f72cb78741c7b424db51353d1487e3178c684580b1cc344b"", ""820fba46f759a0aca13e5fde7b1d1d8f394a6f0aa464cc568103a12882ccab4e"", ""acdf9fd74cdba2e72c8d4e1d613b9aed988a7886fc4d9357bfbcfa6730bd4adb"", ""e5d32f0b33d66e837573f857a0842abc482a3d5caa91311cc474f1cda7526301"", ""a04e33a944342be8cfe5cedff695611691c71039c6451582b799a4a9c86e1b15"", ""99794f6a035046e171912658f9f771dea2be67d8bd8f07b318465d70951be1a5"", ""d7edfb3b1b07d6e17a578c5a70ec80d811b60457d2074c5e6acb88e3b62e6bf8"", ""aa4db3287db327281656f247603592973209064ac80a9852fa6cf8f836816107"", ""72211a096b2b2281fd4d8c1c95fa5ac1e33308553229ca47b6fabc130ce4bf18"", ""f442a3567aab02492549aa2627978eaa4e4a726dfc0f24571b87e7a2316857f2"", ""8ded7cad59f395878ed8e9a7dd71f113572ef4627e359adb23e4213c0034409f""]"
BROCOLI,,BS. AS.,JAULA,Hortalizas,ARS,Primera,MEDIANO,INVERNAC,2025-10-01,1545.8333333333333,kg,detail,2025-10,mean_of_daily_means_observed_days,21,21,mcba,c9c83a77d510aded7abc6487a8fa0f4be337322c759b756f49b3c7d578a76b67,,https://ssma.magyp.gob.ar/frutas.precios.aspx,,observed_days_aggregate_not_official_monthly,"[""36ff8a7bac43560d1192caf9afb9c9e467cdeca88c29233dc21bfcfd7f41f605"", ""1424f3833a499be999fa73d4668514a21146f54d947213481b4a624e822f74d4"", ""cae10961cf5901e06922cd06b6606060841a7c5d0a9c2d91acdccf04b0a40647"", ""2d53fa8d30219ceb95588289d3e36ca9cf427e383d349ede38fae057a7d27237"", ""625e955b90ae66113805b1bf9e3dd298348d328a297ba3eed069a0f6c8729b59"", ""8d7fd04c51f59c3ad955cfa46b86ad0f77569d0fdb805dc0d678aa06a7948724"", ""aae091a185d0db1775a1c20d1d4c010cff126fb1899c9ba173dcc822c2e1e2dd"", ""06f863072380590d68d26380c785b958445a429da977148d260dd6f3de0ba04b"", ""6b081e983294e0ac6c6fb6fc3b1a9f94fa79ea159317549db091cea51e023230"", ""b0ed7c1bb3ae94da2e8f1ff51a9525063df400647c56a502b800daa60e533a07"", ""127a8a06cf04b974bc94bdf5712ad34a1f5ea1454f4218e0f8726dd563d8fc35"", ""37022c5571d8ad8d2819675513533b70fa32ee842543fb6a3268db2d7ae990e3"", ""be2de8727056b086cc4f49bbf91f99dcd6709748d3c2b7abe4645b37752682b8"", ""76fa564ead7b75f98450b0838688897a04da0daa57ae102951a5f1582c7dd2a8"", ""dca8c1473bfb483f145b7fb68e6b3ce7405033e15d0d00b0a4a19b59b4ac0b12"", ""07572534722d6019a7c4c5e773e9961708277fc445bf63999ab7df43f823ebc3"", ""ce01ac0d42c9f4188cfa2e675e20f0b2e30744eff3ad8c5848ade3c2e63eab6a"", ""5e75d39154923a603b98029f414b790ad0c86ce550e385f987c5432ca89b8854"", ""ee92c9a23dad522493a1352d5245cc9e3e7e1e646918b5a640e2d6ce502e33de"", ""4736dbddcd3b4bfbc5f114af4c84f814aa8393ef3d008cdd3635f1c8f7402ac6"", ""e2ed1d902f556379d288a2b30ffe21c0c67fdcf1cb4226318a274e484b6ae4c5""]"
BROCOLI,,BS. AS.,JAULA,Hortalizas,ARS,Primera,MEDIANO,,2025-10-01,1007.1428571428571,kg,detail,2025-10,mean_of_daily_means_observed_days,21,21,mcba,1c92935f89d4205ad393eca5f6dc644f4a206864d6e8bddcfd6bf2700700470d,,https://ssma.magyp.gob.ar/frutas.precios.aspx,,observed_days_aggregate_not_official_monthly,"[""59e8c6d89af6ee146184c9446fb76354380aadc6c64780ea364e4c1dd71cbca1"", ""ef9f5278d53ca1db5f12767eb895072d87bc38e3c102b6bcfe69b1b0d5960345"", ""dc2b6d8bdee6231111a08c21fc890281bfe1604d8578b62e24f18cc54504a973"", ""b292062ba108964586cd2789fb38b243fad825b209ede035280702bafe4d3490"", ""6dbeb3c73f995c0c8fb1dfb4b2854aeafc0a9236f897f2c18d2f127529463fec"", ""644b9aa3ae379b63cbaaf1b212e98e3bad2119b54a6aa2a1adbd9d8df5f01254"", ""326a741a9645f59c58772f2dba762054623af5890c7736ad1270d64108367f50"", ""70cac255fd7e2a7d8bf32487dc1fe2619bba30d9cb27907635b1df1fe2a3c359"", ""6c45afcb66acf96db2fbce6e1ad94030e5cd231e9796d1a872c0afda4958e7f1"", ""14028828a043ed8514590654f81506cfba95a382b1674fb2526370bd0dc596a6"", ""6b70ff3ba0aa806f8683e5e6a698a0549791ebe744cc36131e70df1356743cd3"", ""90df612f296dc1df065c8dcd586505ec431d4cc1272c33568e9e222b8294ff82"", ""2a0a6489eb9a8d6cbeb594c2bc0539c6c8b41f2ececdff565a1eeeee32c01f2c"", ""42f8c4a4bbeb8c89e5d623a7552ab684681a59785f4b8d8789a793bd416842e2"", ""5c2905061cf78e1f9736c12f9a22ab347de1cbf72867d866e052efaa7844f3bd"", ""13c0f2e5faa9211df717b05ef5d1694940f1f3a03d3d94a9aaada0488c4aef9c"", ""b93f9a46a8716cc83431669894fa87669201ecbc48f4e5405ab3d8a993c88fef"", ""2e7b73074f0d0540e954ea3a3f354586ea87244868a60cb8a14e312e02e4bb8a"", ""0e03e526ccb05f40236fb709235712528525697f5c17538624ee4be682fe7f9e"", ""77af565940985df690f836a25f3e1680375b5328f40a9a8df5398ff3e718c169"", ""2e669ba256d605d65aa73bd946ea019731508b36240263e7a11f192854b6a096""]"
BROCOLI,,MENDOZA,PERDIDO,Hortalizas,ARS,,MEDIANO,,2025-10-01,1475.0,kg,detail,2025-10,mean_of_daily_means_observed_days,5,5,mcba,daad454d37b3bc8cd80813b5a557be6c6184feb25e6916a2ad70dae0093b8a61,,https://ssma.magyp.gob.ar/frutas.precios.aspx,,observed_days_aggregate_not_official_monthly,"[""89426c84e1c24f3963afd15ca7c5a5a23f894bad2d0a61af45554a8a330fd2ab"", ""6efa65fba59a8936178f1e45f02e41a871b501435e3128222f04c27ec880ba47"", ""caa441953dd1bbe6f8f9606abe6ab348a37e9e8f4d2f45078d6b8e4f33115289"", ""8ec47199c0589fddea1aeec0a1bb6f9e7850ec6c63ed99487dd9aaf669105ea8"", ""d897118202ddbb3b3cd153e94e7577c7ce50f3153e694f9d3028ce432c1796d9""]"
BROTE ALFA,,BS. AS.,BOLSA,Hortalizas,ARS,Primera,MEDIANO,,2025-10-01,7761.9047619047615,kg,detail,2025-10,mean_of_daily_means_observed_days,21,21,mcba,f4ddf1f6a3d9444407fdd1d2a2a8a1aa8a0e3484fbd58d5ed18dd89a84d3a371,,https://ssma.magyp.gob.ar/frutas.precios.aspx,,observed_days_aggregate_not_official_monthly,"[""5825ab855d6a11d781f4ad488d5f8612e5f704e9dce7ea4f282209eb22e0ebd1"", ""f0ac0e32c68bbd13c87812394d125b4cddae0dbc3b5c2e6cf54727cc5c3cfe63"", ""fe143cfbe9b5f9b300b8bc4a1637105c337f65815e29daf779268598af61c921"", ""bea0f6f3ac34b93f5d1685b3d18f4bf244fa2b9ab850f2106fea2e83d36416d7"", ""49425cea02de7c68b3c2f0588b8f9b3744d1193ee22bed6896e6a46f49b9acc0"", ""bd4fe81da11e8e1cfd3d58e6f310270299d70babd70e749e4c781d95b3533014"", ""8eaf6cdb6fba77df8e283661406640d0665579cdf0f8f8201f125412b384bd89"", ""df56f2d225e8adb1698d2f6a51cca01f4c13079055c0a263c0ca3c7622fda7c3"", ""6e548dd62b5b9cc9bfbe3262087458dbc027938145534347a78a48baa6c52590"", ""ec452cac7f175fe9903bd09d47e7d0cb041c872f77b9291efb192fc689e804db"", ""b4493834e2883116d8df261b62be25abb9d296796e3b15f48d6af51b1ca18cf8"", ""fa76f060e08545e9c9aaf1895015f8b4a1b801f19774ad90d88b17b8ecb0be65"", ""e7b80581054b0d6bc7818355aafd154f94d4b01c592048793e8fa572131be967"", ""af37eaf174e47313b462b80833b44b05cda5ba6053ed779f58f97d996a0ca6bc"", ""233d494a344b51406d36413c5e8c97fa11037cf9eeec9c3c808d4e925efb8b72"", ""3520c81947261a3c741949a5d0c393c90a3adae1948c95d2d0a6744f432915a8"", ""8a8e448db6f483e98b4ae671de9e0cadd8ca61534b11ae5a9c3d57651fb8f5dc"", ""c191799414f8b8a6aaedc5136c80b43fd720493e0ab0bf87a17e55afb2608498"", ""aa6266b2cf0b0046752d60bd36f32079105d98ef289904aa14ca473476ed1eaa"", ""98e7128895194e663b7e54a645447ebda0640890602800f3b1b7788559589e65"", ""0a7ed470ea3918d88d23b961a972733cad6edf6339519f18674e893332250395""]"
BROTE SOJA,,BS. AS.,BOLSA,Hortalizas,ARS,Primera,,,2025-10-01,5142.857142857143,kg,detail,2025-10,mean_of_daily_means_observed_days,21,21,mcba,512996023b9da58b86d0793d0c3725587a4bc141f55feec8d8c43b1467278805,,https://ssma.magyp.gob.ar/frutas.precios.aspx,,observed_days_aggregate_not_official_monthly,"[""f686daa9ccfee9c4608532e43dd9e28db7f8cddc3f9899692c7eb101db059449"", ""6e9740f462b5d083039b97aa15743d64e918ff1aea525bca3a2b2cdb3debd8d6"", ""92d45f375e39652883aa552e5a949c2b249651eb4c1ccdd28649086099b0e051"", ""501500767634bc246bc62c07836bdfdc866e0441e352cac2deb4258437bff6d6"", ""b40feb9a3000368825c5bacb88e88b047b451338adf8ef516604ff7c0e8bca15"", ""cf52fbd18c300a211b567803d03afa655ee56fdd2797a4df96eb182abd2e0d22"", ""d9809f267314f5d6fc9f37a05e33d9c30ccb58153b4d4a7d87e80f360b8ef379"", ""9dce37f1d89eb8b2d9956b53f090c22086541d278bd694fabc17d6ce68296644"", ""e3d5de35d0c933e02c009c3caebcafde17e2cdce440d9602b42646ec757f7f4d"", ""25b7c457333620bebc9e49176d41fdcaca29a9f873a1ced921c37299b03d268e"", ""acac004d06e6a5c141c42828652bc9789bd3104dfcd0e81550361debfe063bd9"", ""681e28e588b6afc01056ab5a3d8b0f003f8ab004a5c85a4aba949a29ddc521e2"", ""228a5b26bdb4442cbc7c9dc37fbae97820ced589b04dc657af4fefa867732d04"", ""ddfbc767b18bd98d584b535bd8c11f2287e3ef6a248a081cf5527f64912a14b9"", ""e9853f6f1db308ca2e702c9f7c4cd5e4771927ba223bc9ef062efe66c2e0fd2c"", ""e7e938162b32f92fd7857ef49a737c73d46f7c4e988a893bd86635892b25459b"", ""35e857269196ea0a39f7f66630eb091c9409d20b99c0b3c6b6a1f3e8f28443cb"", ""b19df4f25d60d4bf0fb829a429ec4c0c2d3310d6e97ac567debdab78bfd3c86d"", ""2f2b0ea38ed8a1cfc4e0c9d262da184c8eabded4196de96e189ac82c31009be4"", ""c6460357f7a6c25a5a0783c540ca162d9476fe8b3e86223208538eaf4adadc83"", ""f3bb4037b40514bfdde719ed92e8173aba31ea087266512b5c56f142a78025c4""]"
CARDO,,BS. AS.,ATADO,Hortalizas,ARS,Primera,MEDIANO,,2025-10-01,811.1111111111111,kg,detail,2025-10,mean_of_daily_means_observed_days,9,9,mcba,30f8ad514de002cef91a26df1b0e2a7f0f35a8de4d6f7fe2515036a79ab8a35c,,https://ssma.magyp.gob.ar/frutas.precios.aspx,,observed_days_aggregate_not_official_monthly,"[""407a1fa6b39fe2d3cf1e9226fb84a13ea873701280aa17cf684aceb9437f75be"", ""acd9d9aefb31acf0ce2fbdde5275dff923566b344c3612462db25897079f7ce2"", ""a5805f04228f1105302e0d0eff1087af1d6a19041faf54f625affebe9cc60869"", ""75eb68d4e18a6ab6624bb7fca24317f156af9c1f91bb8028b20e30fe47c87540"", ""58736f56bee6aad4ac74de973a5ee780cf52948b56947887c7e2115f57b7df1f"", ""695b37207209b1cb471d684fcb3bd86cf67d4f946b4fa56c957758832d2fb60c"", ""a58bdd66bd526f1391dcea0d16b55e50b429cbc72bcf3730abf6a87e646faecc"", ""670c7249fc52ea15e4bc0a53a9a6fd0a5935a78970b554a99da1e9ed5f3af8eb"", ""e18d84b185d8a9412c50062aeef3d52b5c2bb0460acfb3482672b99fd7030d0b""]"
CEB.VERDEO,COLORADA,BS. AS.,ATADO,Hortalizas,ARS,Primera,MEDIANO,,2025-10-01,3483.3333333333335,kg,detail,2025-10,mean_of_daily_means_observed_days,18,18,mcba,ff711b7ad75a6356e4dba52a0b268fc998157687f576f68be0bb082e5a116c8c,,https://ssma.magyp.gob.ar/frutas.precios.aspx,,observed_days_aggregate_not_official_monthly,"[""983abb780346b5e66aba1ab97336af3e9140add61fef8220fd3a4c1be44407f9"", ""62606f0eaea719c5047cda3048bf5402b3d89e0e9fa7c979eb5eab0b077d26de"", ""80bae6d3bda44b9979dc6ad597d67fc16163d9acc516d54926d0842636da9af9"", ""e10c8fd58111d29550c67f18ed87fb643120c269c87cd8d7f25cec6cf8bb2d32"", ""7cc4d444ad7c8fad5da30df2b48933a770b52687704289d5078735729aade2ba"", ""f1484e376ee2f82571772653f8294ebabbb64f5525670e7955cee3b3653ed752"", ""308947484e0123042bcd3a062c32f3a49a255d2a99cca74ac99f9c0b73ee5224"", ""6ce86c6c781228499211d595a87e089059940b10ab2b40675003abddef5fccbc"", ""efc9e8df847a739ebaf7feef4bc62ef929cd2225bde8acdeffbf0792961b1e17"", ""00db77448c1351cdee858032f41c27703e34cc4fc1557e07375cdfddee2fe44f"", ""c9963e5286d36a0c032cd15999757720b72c81bcadea0af1e77195941c363a1b"", ""018bb7e0cab94c25486345785a90cfb0c9121285407f643b548e989337861136"", ""6f98e0c369cf583fb7d7bb0a6f9c17a341ca3b1c4747aab8e7107261e700f4ba"", ""6a844f50b4323fddbe861da11406a3f3b774d68cb6d77bdf880f94ff11db42c3"", ""c8e0c7243b01df8eb7bdd939d9f7a5bc302b73679517045315080e00da1a177f"", ""3aeacff2273d569abd37c2df7686dfc79314bdd5a27a1498254e25f1dd954a02"", ""76ab87d265e4d267e2c071e17d1d051d27891ebacd2a76209551a8694236d2a8"", ""4ec47213add9c4b465a0e4d72b617d0a618180cf29e9ff1b2a53b9c30f0e6a8b""]"
CEB.VERDEO,COLORADA,BS. AS.,JAULA,Hortalizas,ARS,Primera,CHICO,,2025-10-01,1101.904761904762,kg,detail,2025-10,mean_of_daily_means_observed_days,21,21,mcba,f0c31a79be1fafc1c12f6666287964040665013c282c7bac7485e67825987a87,,https://ssma.magyp.gob.ar/frutas.precios.aspx,,observed_days_aggregate_not_official_monthly,"[""591ec03da14a4fa7e3c407e78157b5deb6a8810af195cd4c49ec54e981e127ca"", ""81d8eba42422cfc17c3d5e09e6665f5eca20dee743e761b1c54a21cadd5e2e4d"", ""de620797b73c52ed201df91bd385ac97cd66cb33e80d2bef4cab542ada0a08fc"", ""f98dd38dcac55e0123bf66bf3523893b670b9efcf99b9ac45b3fda32f891ec8e"", ""9e83936d91719d0eb0bc7fd2b8f2531bb4f710b5f3ea552c0707664f82fb81d7"", ""b583a94d2695b7b849e6c6b5776e820068ceaab4b8867ba54651843f8f612070"", ""8938b297db2032d3f262662d477a2f2f7e4cfba812800e2bf8cf0dce172aa68b"", ""7be3542f9091d34517e131eb73fe77b707e8af7741421863a188bf04b0dbde53"", ""79a24a926e8aada8058deebbf0e06f9249bbbdf0c5bc4a25e912077ca8076d14"", ""d9eb3c88aeeff2bc6e73288f884e11355333ae41d7c5991fb8d5e4f6804148a3"", ""a6300e58c7bd182d6a55b0baa7cccc4d628801024e8c49bb34c765f18a40b6e1"", ""98d15e91913fd5f6585f99ed00db248e40e9881d8aec7194d005fa79f523d547"", ""cd75112350e0c3bf0b89d5ec80ecdab4c6445fdc3480712afe9a859c8e3475a6"", ""6bca3d46dc368f64720a9cce6683df14c26609fe44b7764205e1ddf9bedd8787"", ""3005d9c2920b5fd921e7a8e242dcd79ad0e1e5d271ef22c275080f0c99499bba"", ""ffdc584fd856b0297303270a50d8b6774a6e9b556bd97606611c3f540c9c2251"", ""fcca1644c9db8e2d3b414919b161e4757d55a18d849bb860d5d73ca14757f752"", ""e1f3fe244255a35908dd58680c395088cb6abfc450a5f49a7e9f9bf7279ab9fb"", ""6a808a20eed5a2da274180b404ddbd417836679382c294dc6389d968f5342276"", ""08af2110dbfd54b73992e5055c389827ffa081f66f6959610e6d2757f6dfc4fc"", ""584afeefcb692162e35343fd5d3ba03638f07b37e219a169273a17cd8ca0f80d""]"
CEB.VERDEO,COLORADA,BS. AS.,JAULA,Hortalizas,ARS,Primera,MEDIANO,,2025-10-01,1538.095238095238,kg,detail,2025-10,mean_of_daily_means_observed_days,21,21,mcba,c11b18b95ae2eedf8db85b13228733fb03725bd1ca4c70d3fc5dea09d6eadac4,,https://ssma.magyp.gob.ar/frutas.precios.aspx,,observed_days_aggregate_not_official_monthly,"[""b6045b5783188a78bf40ccc7a292538e198e018025f5826c63e57b84a6b34292"", ""dc331ad6718a07cdf67a4deea0d785919596075b05d96dd13b988f40a57a47eb"", ""11d947b597778377fd6a522babb6914f3606309967866ab18550c10b92334cb7"", ""d2d9119059c1a1ab3be5c08221dbcfcb11ffd206fde960a58cff445d253e891e"", ""a61c7c9732ab1f29405fbec83ccedd3bd35b6d8426c6ee427ec765a02cf0e584"", ""9cff56ab30f5f299890b700dfe941e577df9f9ae0ad3ae27d199de5f48dcf31a"", ""b255da277aa163f936ac4079dc61a3f3537f990b3a5d909dc66cf8c2b20362a1"", ""7477d8c0b79e631d5b96cfc673be233abcab70c86878cfca920fe46ab16dd672"", ""9cef68384bde3ebac9692e7bfc4bff31e7f512df7f2a9fdc86c8f83a70f1e664"", ""8eb6ec78969eb8b73d1a3ba9c4dbb6328a01989c9f36d499a0e11844bcb85b7f"", ""410b4bfa1faf700fdf4ac52357e622a624c02fcf60fc0dcfbc3cf30ad6b21142"", ""b8dcce80df4f5968a6638f83423b41387e0e10bd4b3b979eaf44f9917a4888cc"", ""4bfa708c63d679e236d22ce85a50ed46c45e581d3d11c6210dace7b02372c04e"", ""edacb4fc85f20da1656c3ca46b26cee9cef27b28bc44e201feda38f7a0960d03"", ""33742ef272a82407771f9df416b18aeff7e64b5c0c40da76ebc3cf4ae22a676a"", ""36145a3ffe7f9d008a2fbacef73cf544aaf94f130f2bc511cbb95347fbdf5420"", ""c1f98976b5fa05729f9e85eeaa201b61fa1bfa6e9a20079c4cd3b9986dba10cd"", ""704e7a139bcd50f58672d98d114b29bfd744606c67439cd3955945a36b0a839b"", ""5c41b58bd37f5b72238e9b724c546bd3add7aaf874e6f5c5369cfdb3a5faf4ad"", ""d540db471b529ed7c0fc10281e6ad5fc3b74fcbb9c689818019fb85bdd2f38bc"", ""6440d657802c6277777d1160c9e1e62d58875e7812a1ee5b7baad6c0afcd60d7""]"
CEBOLLA,BLANCA,SGO.EST.,BOLSA,Hortalizas,ARS,Primera,MEDIANO,,2025-10-01,706.4285714285714,kg,detail,2025-10,mean_of_daily_means_observed_days,21,21,mcba,a3b12061aef27fd072ce2ca191191f4adec22d3e532644352195e426e6f74381,,https://ssma.magyp.gob.ar/frutas.precios.aspx,,observed_days_aggregate_not_official_monthly,"[""f0571b4657164ebfee9e52f1954f13e6c411f94ab29c9fb8f34d49cbe25a0f1c"", ""a971a6f9f8dea3d8cf30ce3d46bf6a4315a2a0a3220dee891fad714af92fb282"", ""b29becb3c5c3b0ff27495fc2cf58d1e3fa5558daf6a8fda9c5eeb4cd1b887482"", ""d3daeb39a8a5617217995a305edf39420c9d99521e6043f5a83f56b12fe3ae48"", ""bcab85d44d206648589f6424556512a54b9bd8a2c206fddb55593c2cda5f975e"", ""46f1b64eda403970ad937b36ba395acb9b93e53fa6722786c5b63cca1f462a0a"", ""7efd92824c4b78da144ac87b9a5e4ba02d568de315b7e7cffacf9b252e3256da"", ""73c48ab181b1b8b5325ab3eb0b376875c766abab6868646f05a829b7619579ab"", ""598b810de644dfc3dbb9dbfc8bfddc339d41012e9fbf63e625ff0e4c2097def1"", ""74f0cd1e1e44db4546077a753d5d495adfe99affbed7de604077d90dfdd73711"", ""4c7f8f28aebd4800e24d4ce63c4dbd4e255df96cf83674b9adea326060783eca"", ""3cbdae544cf55c3f1e92ce733aed05d2d414339c3c2ddfdaff051ed8cdd050ba"", ""a0303aecf55a12539182416e18d62cb0e5d07a2eea59efb5c2beb04c8ff764d8"", ""2738a628b3002a4043c4a7973c5740eb3d3924d4621c531c2e3386d4f4c021c9"", ""e32ddda0b5973ee0fff82ae45bc62b8f08d6c2e5e0622afbd876d37eaeb302c3"", ""d603cfca13e1b0704d2747c2cd1e8226377b4f55ea8fce687e5b2d25bec33521"", ""0bbd95511f4016a27e633f3859d6c1054136e4413438cd42bccf77644a54dd12"", ""d1d119d70172c7c6925cfe11206cebe1c44f96979141a51ed135d5218a5b301b"", ""b6dada3745a17d821bb610eb834ad2692431d0b77b5f5d2ecba569eef17219e0"", ""ed5fc5b2fd824db233ef9309a63e1f1878cb9395b8f45969631c5ce00b4ecee5"", ""bb2e5112f3f8baa9200b0981a58c17556470904b5b1df6f38b1b44439c88eed2""]"
CEBOLLA,COLORADA,BRASIL,BOLSA,Hortalizas,ARS,Primera,MEDIANO,,2025-10-01,1005.952380952381,kg,detail,2025-10,mean_of_daily_means_observed_days,21,21,mcba,ccfce13358e52a0b13aa0b30ec661cd0d6f3013c68868e6991ab30e618713dec,,https://ssma.magyp.gob.ar/frutas.precios.aspx,,observed_days_aggregate_not_official_monthly,"[""ea64269d9a1737ebd914018b52a5873c716bc30026be21f501d3007a30aeb0b1"", ""1911ce53fc0e1518f6da511846fe7bd0e44efa74d9c02f336be6aa3391048014"", ""6552e69e2ee6c914aea18053cbe4b7862135d42d305763b0a19c9c05788436d7"", ""af40231d9dfd6b753cb3dd6b5eeed7f5de7fe978f0fc30ecb440e62c13128dff"", ""dcd6c4c64e983703a1c1bb8d9c127f76a57c951d6d60c63cb36d5b539bccaaef"", ""96ca185661a87bbbd913f4703e9c8a1e099a7c26e09ab375d5a05eee6df69f31"", ""391503fdd2de8f5323d4fa63aa809e434bdad87ec2bfbc9a7aea3cd1df8d541a"", ""7487e83f9d18de3fa5059632cd3ce4a56aaaed7ffe3b84898dd9e951aa9f8ce8"", ""c91147cbf854be84b31e45b4a8fbb7451b3e277b49a0f3c9e14842725252f46d"", ""e299474cd6e2e50eb7d423bad4f8eca9fbe2f83ed3ec33fbb029dd8f1fe7a175"", ""409e5eddb162fd55f1149d4bb09c80b5788c5ab5c7fb2cfcba7512d044b9b6d6"", ""8b6a02ebcb1f5e7064d2f45e4811641b63ff3a6c052a31532ae3c7061b0f0154"", ""06b65259a88edbf384e14096355f3862774d3330739ca8df1197e8f6426351b9"", ""c5b3f46aec292dbb34a2171b0cfdf512650ea4fde88a3e18f834ae60ec47f717"", ""0d6ef567215ce11c90500343776d42810de150e9acddd6c4543f42120a468961"", ""59c6c0db216c18c52c4d47a3f124e8cec59e35cbf6e6e360f0cd4f387fc2fc20"", ""eac6457963390270eac9d252b37605bb7a06d1ea336eda222c962c4052afad35"", ""c6c9a175e3a0a40306afe859681cf94a671814827567240a960a01bc2bd4f4a8"", ""8c46b0e0023bda81f99f8507ec0de664ced74694d1d147d10690758d4f1d4209"", ""a1bc2fedc02c19231e3bb41494e6faf8be4898f17a2b29e87ad1e87bbf5b73e2"", ""0f1690a64f58c27518cbf4112332bc60a3db9806cfc06c9cf00bfb3cb09b7c1e""]"
CEBOLLA,COLORADA,S.BS.AS.,BOLSA,Hortalizas,ARS,Primera,MEDIANO,,2025-10-01,609.047619047619,kg,detail,2025-10,mean_of_daily_means_observed_days,21,21,mcba,5aa73c03d44c93a075105fbfcb49b76fe33bc1cddabab91690fd5ebe60fb010b,,https://ssma.magyp.gob.ar/frutas.precios.aspx,,observed_days_aggregate_not_official_monthly,"[""c6cff0b772b82764f44ccb9d1bca9e691207fb042c50869e45529deb570ac771"", ""373e60520def08504c622d07228176feb9bd8c45ae116e9aa63461e03cf8e393"", ""18eea2f1064c1e0f4afd921829a99c9e540f5509f13ade27e40066168fa63753"", ""27f69a1f789cbac2fe46aeb25f574a09d1af70032c5a34e290675d1f82f736ea"", ""99e923737bc7088a936eb69822021cdfadafab0b716bce71303e3efeac2d21ea"", ""8f5af89f598a215a1eae0582f6ac6c8f4a7504ab6247a1b94519de8bcb0ec191"", ""77f6a1726e2e63ecfef428467bfd5b22ede39049ae9180f98e01f2099badaa63"", ""08a3cf6430138335a562d45543c991f855c0142551b8995e5b11d82abecd4c85"", ""d82b969a7f5d4d7e5870cb6cbf0f6ec69274fe2fc1101f24c82f814e754c5eab"", ""63f4614efcee17c1ad4808fd252cb65998dd9879d62dd1332b1ac2d21b13ffbe"", ""cf41798de95aa8c4cd8ff78dd297e876147f46066cb0e2248da0afc4d275e17b"", ""becaf6e3fa21c652a2a700462ebfe056125c58340595aae293808a93f0c94168"", ""a134b975f1bac00ec809d4c4ebe1582d6ac81efdff62170d94b3fda58cc86783"", ""2e2a35faa4091828813d6183363a507f2b382a1ad15fe46797f10cedf346a8f4"", ""552c46424e2b502469ba471f39caf06cf9705333960f6a739354a62dcda0617d"", ""76bedb6d30fed0772337035b590f009be67c0d0c5c3eaa9621223759e9cdf78a"", ""5d86588d38be8d7c418468a5a6f2b40609ca008c7a7841b0ed643fa90dac9ee5"", ""65a4b567725422986760024f5e155240367a451a837b9cdd3e73b8d85e827ccb"", ""3049e7ab34ff423b29c7b0ef0a3acd423af5fa4ec09e4cb36054759e544270e1"", ""df3d22aa983a585444defeb237929f2e2687a02614bb45abbe7a6cc23b5dc5b7"", ""94db3b42dce0f60a894b9d260df0ffea14a3ba784b0f4562a3f5f4d5e179f22d""]"
CEBOLLA,OPTIMA,BRASIL,BOLSA,Hortalizas,ARS,Primera,MEDIANO,,2025-10-01,558.0952380952381,kg,detail,2025-10,mean_of_daily_means_observed_days,21,21,mcba,b3ae5d42f02d71c0ffd26a354b753c04f7b428b5c6beddeaa211824f0e51364f,,https://ssma.magyp.gob.ar/frutas.precios.aspx,,observed_days_aggregate_not_official_monthly,"[""09c29c5f931651d8188417b1a5af58b72eafba0bae3f9bfb8547f3090c0fc5d1"", ""2e25526750d13899642f4197d5785b215045648b65c1fda77b2f51af67ff45c0"", ""c99fb2d3a23bab792baa5c8c831629c7cad87c561c0f4fdfd0e9f3cda8d405d7"", ""62425bd7699976333ff0df2c721c7d7be97db999d3650e8af795386d14a816ec"", ""c870fda56709e84decce96c56324e8aeb24a75734119ba9e669a8cd5df2f8dee"", ""149a6067c5a88514d806a415503adbdff33aff4154d22a8a86add2fc0c7fc22b"", ""310cf06a1d0a33d1e493358e3034c4c95a443f4642a0091282e01d0a858f114c"", ""3ee15fba500d10e752dde622132c4a52838778e409038d31cad8853c815f1b38"", ""f25024befedb76a8743f9f1b6769fca6ae7651c8b18d138993d8ed91b8885376"", ""eaafd3357b8ba81b10d264bddf1f1322f936dd14a5752bff65aec0f3dc94c6fa"", ""96fed2fca2e6d4375aa5eead891f9fdb90530a11714b01e9b39f868096ff7478"", ""00470a2714431a5bceb10d0956190f4a15a6dc486493a3dee73def2174ebe232"", ""1ac9c827e26a3c0393a8cda804b5e8fbf1343c6efd97a039ad5bb1d95b5d6364"", ""a25200d1f940084acf35963601af65a4743643c3a314a30c5c30bf22c044be94"", ""aee80b7699e33e5544c2e5d48a16f7bf4f0f1ae4eaf6ee993074420bc6cd0b43"", ""6a4e7b9175b86d741931266aeb8ac4a493b071f1d8002faafdf91d7e5806a301"", ""db4f4731497ab26ffc65c23a2f7827a0a0d199b1b831b247dea572912c5f776e"", ""16335d2c31e351fa0dab5777a50168b4e87e31130b7a7b2c403e3a086b319100"", ""fc93f60a0b3c311d75564ef4127e95c8a0511e63c0742f60201d8e87ce37acde"", ""797197af5c6c53cc1c537a4e9af4d9b876a2b243df368146de477064d6f5d96c"", ""1494f8beb0cbb42ebea258b62c6b76e83bc8aaf38cc5a2b9bf8be5140fc8cb30""]"
CEBOLLA,VALENCIANA,R. NEGRO,BOLSA,Hortalizas,ARS,Segunda,MEDIANO,,2025-10-01,260.90909090909093,kg,detail,2025-10,mean_of_daily_means_observed_days,11,11,mcba,e39f9b398f4f0f96c8b7ab657a87eed94fa2d46e86dc4ceb197f15f41dcfc2c8,,https://ssma.magyp.gob.ar/frutas.precios.aspx,,observed_days_aggregate_not_official_monthly,"[""4651346f8ced408016ad69133bebb7c6e83e0d81a47e726066a8c91065f11bb7"", ""f67cbb49aa55e76fcfd8cc36449669af0e2e9c2a84351cef832bb9bcec8af3cb"", ""c135b7c59a71fda5cd0b6e997ef6f85125ede480b078c434dd681510df6799fa"", ""2a375b0aa77309c23ef0b200550aa92ee71120252849324c3574b4acad6fdb48"", ""b2af250cb1358d53cc345d21d3c273c7c6f5fa2699c38dc8b8ddd806989390fb"", ""dd6826a8eeac552b13c074aa93d47d3ea39bd3bd5f27a0d8103f0249f0c08f11"", ""aa376732091886b39d21b309c77ffe4b091d8ce35c783ca945bfec78f7602021"", ""11de056b2403d4f7884ebe94fe5feb1f4877be0b0670b7dd2defd6749da223b0"", ""bf5bb80ff08d22f092986b423462f02dc4a45ae81220480313b42444f17fd77f"", ""a322d5321b4c109af55e68ce0d4e1da560fc3c226e258b60f074a8aeb755ea26"", ""71b89ce03754e4a00b8d2879fff20956687af879086b569b3cad0be9aae57c05""]"
CEBOLLA,VALENCIANA,S.BS.AS.,BOLSA,Hortalizas,ARS,Primera,MEDIANO,,2025-10-01,326.3636363636364,kg,detail,2025-10,mean_of_daily_means_observed_days,11,11,mcba,0234795266c5822091bc2b09e1f1bd26112b7986afb57820aec40673b9f4bbaf,,https://ssma.magyp.gob.ar/frutas.precios.aspx,,observed_days_aggregate_not_official_monthly,"[""8af175e7195ecad74cdff45c72d331e69d4c810c83c9a593885943ea9b81a54b"", ""531025954d5ae1aba5dbb3841cec779a76f7a527125978136424690a377d8567"", ""1e31fabae3c16405e9e59970195aced7c25c688396fd05d0ded45a0ce3b81577"", ""799f6edc4022bba416efa2eb4e3e8a4148dc67c7a40e81e91a867287fa1d8f92"", ""3fc4655efb335a1f5bab029de41ca56d5f28bf5c2df7aa75961ae8bd9179a2db"", ""e95c66036694c653d2b89d85ca8104943fe614d4fb44feee5c253e3d95d7322b"", ""ee80737ff16f9bde252c663a519aa31c70a184fc5c3d73a7574026d1d9d688d5"", ""a2ef718fd98a931efcd10ac2f82674c2b441d4bd229c4f9af4ded4bc731d3bf2"", ""192334711a1155e2846a667676cb09f2bf5b1bfe2c52afaad47f09bcf408d675"", ""9b6b46bef88cfddfa0f900d1073b7f76745b6b16452bfeb91abb90e99cdc3c11"", ""61257746fe79e6f3e66d9e0648c994f72e593a149e4172028917bc58fce3353a""]"
CEBOLLA,VALENCIANA,S.BS.AS.,BOLSA,Hortalizas,ARS,Segunda,MEDIANO,,2025-10-01,245.0,kg,detail,2025-10,mean_of_daily_means_observed_days,16,16,mcba,62ba77f88fa22617356461fb76490d375f53f75e01ea4828ddf1a9b5e8a93d07,,https://ssma.magyp.gob.ar/frutas.precios.aspx,,observed_days_aggregate_not_official_monthly,"[""2457d343fd1e198714d825600ae0749a7cb267bf002f39c650c9871a2323a79b"", ""85d3a9bc4259fc6b5603eaea9c5b861555a3899ecce364cc2003f2454e390956"", ""d6e663acb8310933f2e9ea7c9a0e95ff36171fba7357a948ff715854d07eac1e"", ""e862eb8166d6fe70728a2cdf3be6b482448149f0876d54b40550a7dcde9edcf4"", ""c9be20b3802bda191f9b35f7b2ea3771c4d56731d260f429da52bf438b90f1b3"", ""a65dfffe11cf2165c46d251fb592066e986dec4e7cec87adc3cf753bb062db20"", ""d356717a82916f965bce0f4bd82098d5899637bc9eef557541a4513d9a701e81"", ""52a89f8805fe15b9c889cea4e7baf230421c4ca9488a9e3c588e1d7112f919de"", ""89a4c3f75a7f5fb38f862092905ad33ef948d2b2faa64a1f78ba93ef4cfa7da3"", ""1fc7834400fede478c5256255ebfa9a0853132219feb429f6db3e835bf21e3d3"", ""79cdaeace3f0107bc91e500c8beacfc50c7ae75e20167aab9cfcddf9dfd61c5d"", ""910c71bc441bca2449bc955b7520443dabf3384594d14baf96d42506ca413f05"", ""0e86e653efe0308b7c6e3d1f821aa931d1c8f82c77f3a2252b1fc857d413b2a6"", ""51e1577d0e59383d9a1f3564879f8d32844cf3797090f3fc5df126cb4993a018"", ""c23181371861658a320560efc939aa4cb7ea95e69685b52b18ec5566760fc44f"", ""fbef29da22b1f52f5357188a7342d0a50b0038404ab27cf2fecb4bfe5378a9df""]"
CEBOLLA,VALENCIANI,JUJUY,BOLSA,Hortalizas,ARS,Segunda,MEDIANO,,2025-10-01,355.0,kg,detail,2025-10,mean_of_daily_means_observed_days,5,5,mcba,d70213815b82c2e89f13a7b656b995dd0d77ec7511c4a16ea5fee720fc681e05,,https://ssma.magyp.gob.ar/frutas.precios.aspx,,observed_days_aggregate_not_official_monthly,"[""820cc3d41d89edbcff7644df2fd8069ebdf07063367eb1ea0f3e60cac7d15f5a"", ""219f446d0cd6eb15ad447cfbb986f43ca13e537a2ce1686ea234712f62c26bc5"", ""c175810bbc712fc9f585be0430acfa571a33cc0e9fc6d1d0819d7ff1cbb40214"", ""bb82d334415da6ff93b54aac21a4dab95190762ad22d608085034491aa187fc9"", ""5d7dadb1116fab18850cc494096354b2a0e665bd394967e1623230c72034de40""]"
CEBOLLA,VALENCIANI,SAN JUAN,BOLSA,Hortalizas,ARS,Primera,MEDIANO,,2025-10-01,457.14285714285717,kg,detail,2025-10,mean_of_daily_means_observed_days,7,7,mcba,91a84d1cf50a10fe0855b726fe9d64a144e69306bd22a70666beb07760b37940,,https://ssma.magyp.gob.ar/frutas.precios.aspx,,observed_days_aggregate_not_official_monthly,"[""93edc0d433cb7b554e3c8b20c6f5bd696c92154e2ea49348460e7fad96bb58bd"", ""b549862f698b15bf2e89b96054bfd31489b922617e59cb18ec6bca8faab8af52"", ""e0afc6504bbd5eba70d6fb24a7a77d8565da24439680945b52785a67c70716b5"", ""bae42012f7a5d7a407755c3b8cba9226f3b159fea997e61dd56571adb460dcb3"", ""c4ac1227242effffe350c4a254897c3fae33624d395a02fb4a2121d5f1710c9e"", ""5bdb02fb7e530000652a3adc8f49c7407adb01a725f2d94e3ff1568230273a45"", ""4719dac52cf75c59f63f2c5ff21160c46561d213b649f5eecf205a862e9c84b5""]"
CEBOLLA,VALENCIANI,SGO.EST.,BOLSA,Hortalizas,ARS,Primera,MEDIANO,HIBRIDO,2025-10-01,425.23809523809524,kg,detail,2025-10,mean_of_daily_means_observed_days,21,21,mcba,59ad9049d587d0f515c67ab7bffe72f9d1105acfc59f715687e29be556fc4b9d,,https://ssma.magyp.gob.ar/frutas.precios.aspx,,observed_days_aggregate_not_official_monthly,"[""c96e73ac10ed0365458ece46f3fb0708f91f03cb34742fdc3a1c22cf95853fc9"", ""9af3f86ebe7b4362cc0de5c413ebccb50cce3090584ec185d7422f946097a1b1"", ""d729aca6c65c7bff93aaadaae277d6ba5307154f794c1824adc50518f3d6957d"", ""e2fe1e4d686aea2a7533494880558009e9b1fbfc7fd0c23b6c7331983dbc5506"", ""ecf52cbffcc3c4b0699be543845e426c3e53cb135c25d374ac525f6bc5ea1b08"", ""a408c9710b397989f1bb390962059d9dc54c6959c75cca82afdd9891c333e4fb"", ""ba725c9a7558755ef75d35f320201c34f4cfeb382c58864ff68cb7855917abef"", ""8d3cbfe7c7677f6e524d7356a2c3d985261061cbcc5ad069791f586c20339d13"", ""094e3984547fbd6bd16ca8a10762f3857b0fdac88c8f76146588a6b986673881"", ""479e0b95526e13bdf02599e4e08e4b15161a53b0ec8d9dbd44e89ce97228a6d0"", ""a3637ae86785b7113899fdf45191731ee2f7060df4ed2229888322d478c94dfa"", ""895edf26b773ee831242f47440f1fc1d16e6cd7821195cee4edc8c64753df34a"", ""44526a96fe2b148865ec45c20bfe15a52ad1f5dd186b016a9690eb80a0b476c5"", ""72c51729558d0c1d11be222fd53d3cc297a002962aedf32cafe65bd8efcf4989"", ""0f13e7f3d3c5b66f3fab636e1634759ea43d7653dbf05581472d9e57cc14869b"", ""1e91c92754ed7d029f948f9eec3a1e98bbe1df4420c3c856982ab70a057f2853"", ""b01367141ed16bde0d6d04db6bd74c0e25c526a4fba603bc225aa0d6dc726322"", ""624b8c9f769bbbc83764f39bc12d983544775f644129da73927cfd7c0ebd1983"", ""41eab90ec1b37b939074a30284794feaf1ca31036663176a3dfae5b4946a2d08"", ""4177e15f88486c3b2b010583435ad76da8164d9a9470ceb3cafc467451df7059"", ""032ae7e7ada3dcb7d259ea5ffab25c8e583eb20b4fff187f94650d617ddc6afa""]"
CEBOLLA,VALENCIANI,SGO.EST.,BOLSA,Hortalizas,ARS,Segunda,MEDIANO,,2025-10-01,363.8095238095238,kg,detail,2025-10,mean_of_daily_means_observed_days,21,21,mcba,d1971787c667450aa0d5d0fb9341ab069b40eed05a39a4c0bbf3bf8e6bc33f92,,https://ssma.magyp.gob.ar/frutas.precios.aspx,,observed_days_aggregate_not_official_monthly,"[""c0dbcfdc229707a260ebb55148e9e0299c78548622cf1a9ab21e4d83038f1054"", ""347f0aaa638bde16fbf684f7d5f77a8c72edf5329cb2e646032587d28e1735c8"", ""9c0ddfa3170fbf3fa0ab97561896f4dcd4cca16279849bcf0f1d2b6d8cd4e53b"", ""de81dca1ce59e3e23509c9599924b042c5470756c43cc69f58e43c54402d344f"", ""a8362d7fad944a0a5a10d032f56ebc5c9b0530a522173d1b8a9d5576299685de"", ""d776a9da2cf414d5b0b9fdb33237517c1319d59a4f239e4b445fb944e3829f28"", ""ca6d7a8b558038925393de68cffb3abfcd5162c82befd2c14e39bb925242230d"", ""f57482fe099ebad4a9c1eb0e399c9e96bbce99ae41954d309f1fc224be446063"", ""d6ebb64b319dd2eb8d16a871ae417aba0d87825bd68786b837f5a99e36c363b5"", ""ba7472b4e273a98f6109936e54e4cb578b2411d546367fff767fa15a8f000d69"", ""f5c335e6662407427c1e7b8b9f8bd89d98e9299006276bd304700766b013d6c1"", ""1a25452b96dc48cc982e4eb12bd403ceead743c8044bd14cc3e2a380fcf082c9"", ""b506f205848a739c1d6dc19727a628f5f238f6c9749f2e0ea01414e253f05d23"", ""7047ff69646f67cca987eff382ace5239c63bd7783a5bed0e155757dbf891bac"", ""0e526401bfa74f69e49aa4649076cea539d432fe7ae375dd193255291200da0f"", ""0be9412087f09cf2bca481f028e9f6f0b69ef056781c9155cd6955fa26b0827c"", ""51b2f8b4344d63e83cb0ad6815a5f6e323bde3e6711932a37aab9a7e630c4c8d"", ""5da9ab9ca301cc513557f4a5834ab1734b1ea9f770fe069f2da6e72ad16aa81f"", ""f62a7a4154df9e9006419106700a1c44dc727b7ff09b6af61567ba26a205d1d1"", ""ba92342e7299a72838e0dec70d19d8b25ed27d390cf963b32f849f44698b69bb"", ""efed6bb22cb21e7e060db5a605725f2bec7bed2ec8e5c31e15c8e1f3a52c3893""]"
CEREZA,NIMBA,MENDOZA,CAJA,Frutas,ARS,Elegido,GRANDE,,2025-10-01,27600.0,kg,detail,2025-10,mean_of_daily_means_observed_days,1,1,mcba,e5fdacdde1c838a99b07394d8f9b0dff68d5b8c126dfab0e1ed065a32220ace1,,https://ssma.magyp.gob.ar/frutas.precios.aspx,,observed_days_aggregate_not_official_monthly,"[""cd56b05eab012b5510efb9ded1a1e1ead620283802b881e21d5a312c72540954""]"
CEREZA,NIMBA,MENDOZA,CAJA,Frutas,ARS,Elegido,MEDIANO,,2025-10-01,26666.666666666668,kg,detail,2025-10,mean_of_daily_means_observed_days,3,3,mcba,da84cd8959a324ca5f7bb7db91ce398a2a9dc75ac17ae0f2c8ee21fa9240dba3,,https://ssma.magyp.gob.ar/frutas.precios.aspx,,observed_days_aggregate_not_official_monthly,"[""91b82a61c8da034b22df988f920d05b0f34ba970d9acee78c584442d777e5c6a"", ""f9781ee29fc328adaf87c567de34f5d168d26229e514b32f20503ef0b916723b"", ""a48b9afbaf0bc9f981737e16139bfc096c95d4e37dc852d93689003c017ea84a""]"
CHAUCHA,ESPA¥OLA,BS. AS.,TORO,Hortalizas,ARS,Primera,MEDIANO,,2025-10-01,1300.0,kg,detail,2025-10,mean_of_daily_means_observed_days,4,4,mcba,82ed55caf3715387fd3e6f6423532f8315bd43e1c267f880ed1a7343eccc792a,,https://ssma.magyp.gob.ar/frutas.precios.aspx,,observed_days_aggregate_not_official_monthly,"[""b648f9c1c5f58ee7e415aaf3c10bf84471d5d39f711086ffc9c8387c76b4c5a2"", ""2e5807f69163b3b1ab2dbf672e4041720ce2742a4918977335081ec54f29fa69"", ""035ff69d82dec5649d74d94121c5b76a0c722058d5e0acf48fadd6d98a58b87e"", ""edaeda088f5f4a5c60e2349ae46f4d0d815b78023cd845405cd363f513b1574e""]"
CHAUCHA,ESPA¥OLA,SALTA,TORO,Hortalizas,ARS,Primera,MEDIANO,,2025-10-01,1703.508947368421,kg,detail,2025-10,mean_of_daily_means_observed_days,19,19,mcba,f2304351fff82017798cd5fa80e228c3f27318625bad010befc16fd553fdea8e,,https://ssma.magyp.gob.ar/frutas.precios.aspx,,observed_days_aggregate_not_official_monthly,"[""305a510d5a0a2c1d6de9d9b2eba68536c75a65d73c9263ab1b9189e7696fcc4a"", ""2ecae63a476869133bfcd7312b0a1cdecbc976e321f706ba47a98a62a4230f3f"", ""ff69ef74fe71f3a6d5f4211e8fbcb936155364770b99ef3db5d0083c349a0ca1"", ""2368cf19747391854f1923a48aaeb8f0dea7b310f85e2e806eb088a9ee2872a5"", ""bbc27f9e59e45e42fb9f787dc1e13813388ad249de495a216994707d51f99728"", ""c442c7da2dc4a65ea93b0b0e26fb080bc51720f62a44e569a767fd47339ea5be"", ""60cd9a9a8709698278d3fd2f3305a6f0993a20280c53d1c5939bca5229edc81f"", ""daddae33110324f52610b4cdb1316771d03a468964f921e49de98a42e3cee0de"", ""dfc1243f424d48c7b661667fe6a0f597b2f81549640b4fa4ad66fe2284d60145"", ""59f85659bff36596e132c5119ee0f128b528a3ce56b7cd524ee3ac1e13c146ee"", ""78d54d854509d3fcf304933ba66a551092b9aa31f2a28a28118dd886b6e9187e"", ""4b4897f1c9808ba6f3bf7505cfea57e6ee1d4f647334f4856beee281a84be668"", ""6a4677dea52352e152fe60e03e13790b40a2789d891662b4f25b28b0778c8191"", ""aca54aa4d9f736ce69dbb55f4f5902c6d57c9d374c685f2136ceb956789b17ae"", ""5e3c201ead140aef9b7a6aaa5163e66edf17ca64a8eac9bf3f8a35b649af6928"", ""1d102d78bb61c7f96873bcf90ed2df737e33af6fc97919632ff5e8507fd48f81"", ""7bfd3e6c13a20aa0b232c1fe50db34b18792bfef5c4fcd34132762b2b41088a9"", ""c986c1a530bc4536dbc1a0c634b16c229bd89e99fe2636eea6cbe2e0827f8e29"", ""6868d56d34cafe38331d8998d61ebdea01f146dc20da7448457185642be91017""]"
CHAUCHA,KRONOS,CTES.,PERDIDO,Hortalizas,ARS,Primera,MEDIANO,INVERNAC,2025-10-01,2175.595238095238,kg,detail,2025-10,mean_of_daily_means_observed_days,21,21,mcba,5807457c4c18ed50883659a68ebf1f2ed211c5908a2a94c9288571a56e5965d8,,https://ssma.magyp.gob.ar/frutas.precios.aspx,,observed_days_aggregate_not_official_monthly,"[""a458f78a8a2dbf5e831c8560061855ea4298586e6c4ac73dfbac057faf0c2fd8"", ""5cae9e35861dabeef33901550728a895b41d8a4a7ac16db8749c3e86aeb4d516"", ""9fe255fff667b1b5725ffba6d7ecfca8a8f8a29d3ce15294673f2713f61278af"", ""8db3653d8346b30893446050cfac44586937a1fc66d447e22af35d4469a30aa6"", ""2e87889cb597ada277093c4c22abfa72394ffcb8d28d553d28f30221798c75db"", ""3930cc644878d446da6ea18d297b07e392b0c2f2e24f37b7da8d3cda225237ef"", ""d82324b2eeb3f4a892189f78df074376857e839f12a3c7b184e2886fd7892c8e"", ""9fcd6a1f938270477b07317b387e4c0cf9684578dad5273b2738df2dc24585bb"", ""c2b3153a76b426f0de87c2080ece5bf0cf67e277129e0de31a39056d56876458"", ""9c4797d876550e86498099dd662e55a1d970498be5041aafa5043334a99b561d"", ""b293e7b9e08f4e9f03df6f6453fc6b7e2ff3311220fcdd1edb15317f98357673"", ""77c5ba1fd0e04902b76e3f2795e193204a5b7dc4f9c8a0215a8e8405b6c29fd9"", ""de663ba53fce4c3e0dcf398ec2d8ea2efc5a1c99b830b7754f27432356431842"", ""10a025c1cabef2d0185a5c438c5e7c5204829067be314b9526319975ff975f9b"", ""67c8fd3924d623c6d8121ea7942f439a2de40e4fff90767aa8dc0c1fa1ac6259"", ""a4223e484ef0db3d76cd4669048536ddfb57cc63b75bb1d993c1166282807374"", ""4fbb46aa3159146fec6f3cc1208d5f2387b99a71072ab678cedd81292b0125a2"", ""9a6b8856a8ba301581d29b1426d28bced360aa33f04b5559621947e23f65cee3"", ""e295789be35e030830779d752bdcda124d9439a42e2813099e33ade35dc24d67"", ""48a86e1c41c16d55e763b6b436eb56ebb87afac48c5023ce20b4774082e9e75b"", ""ff63c0c3ddba517a8e333d78bb7a239f4d95a67087a9840af47c8f77b1e015a1""]"
CHAUCHA,ROLLIZA,BS. AS.,TORO,Hortalizas,ARS,Primera,MEDIANO,INVERNAC,2025-10-01,1765.0,kg,detail,2025-10,mean_of_daily_means_observed_days,8,8,mcba,614ba125d3410784c9c61b52394633c8b2d7374cf6bca2cb947df7aa16534f5f,,https://ssma.magyp.gob.ar/frutas.precios.aspx,,observed_days_aggregate_not_official_monthly,"[""e2d330b2bfa93a7625034cff872a1785de089a464c980206ebe70c1f489ec65f"", ""db5ddd8e5a8a5659b2c9eca3843861a695506a8e65951051f27f5bce89a6f78e"", ""986dbf7c3c4eb0e0a72cd90127d3f6ec50651971a7532e299c4bd98787656bc1"", ""22b16bfee541e1c880bee61e383951bc8f7f7c92d1c3fbcd6c53c0cd3bec1ad1"", ""44946c94cf3cd2587c5628c98f22c0834c8ceada2966094609a1668d7e950632"", ""1a7efa8cd9bc3e31a33ecafaad4a067f82b92880f2a5ed4d75ad915cc57c3a22"", ""aa513596a7fd3993f7630b623c53aced09e75521d0fc23768e4d300ec7be8aed"", ""e5998cd1984cfd0c799900b6961c69288ac906082c7eb781c2bb69724bde639d""]"
CHAUCHA,ROLLIZA,SALTA,TORO,Hortalizas,ARS,Primera,MEDIANO,,2025-10-01,1809.5233333333333,kg,detail,2025-10,mean_of_daily_means_observed_days,21,21,mcba,8b3590c02cf77e767f78acedaf6b19c138a022b42bf2aa6b7b06eb7308dfa25f,,https://ssma.magyp.gob.ar/frutas.precios.aspx,,observed_days_aggregate_not_official_monthly,"[""e71bc116f3353ea53c8d10d212db332cd9bfefcd35215cb3bff666698e5bdb0b"", ""3401ab81d780f215f122fc71719e76ef8c95474983d8935e7b1424778f639941"", ""f5f52c61947e7bfcfb75590cefbc22659072a67a7b65219c454e6c136cc1a22e"", ""2fc83e745490d0119ad152e209a3d56529be08b2cbd5a4ff062171472992b293"", ""f39c76e508521915409c1a78f34cfd92faeb020e9b9288897c1c57f0d336c254"", ""43cb03cd710fd6cf3ce701da9ae853995da132e6542998a1e2a236e73018ae8d"", ""257ec3e20e619100cc99b0d8c165f1e5508c56e2118bbff668b8ab1639c3a1f2"", ""ec9c0419a1c3376f158de5ecae0a742c58a37a2adb43e3c4a59f5b7779335e5e"", ""de3bc68b2060819857878e5b7ee5476ce6d7b7c86efeae618cf94af3c5a3f6b3"", ""8004917b42364b2bfe57db113bac21828efab7f560b28d5dacff5c21bb745fb7"", ""5819a53805a81b2f4b8f544d789c67bed22b4ef5c8420f10cc3ac46d7f6569df"", ""47efc45f27e658b771f7d09d0ff4bf416edb08a96729cec6398fae51dbe7a95c"", ""cc877d64e06d6f2f79cc69d88cc05ab79ee46a0acdec0e3748fc32a4bb141f3a"", ""706ba1b6630ec9f5abd834cce94a50d4b851496f871b1e377a915ac889636c81"", ""da99c604f31573d217a36bf7fe82210237bffc5e90088d83248b72a06ad3a932"", ""a82b34f059d3c98a1aece8b5fd0cdd08a129559b29911711c5f9ce5f18339392"", ""3a2cc24079cc1dce1e0cc6091df11d4dcca2e028cdfdce4dd698b6a12e4f1135"", ""af893e5d88e394c7cb79c7e3ea54ee729a35970f4f36ed00ef8829b09ec68224"", ""6d9b7ad0c01da8e35b5cd9f15eb57949044801a730e432f827648ce9b83bace1"", ""edc90f6a7285c0fa555e400c582ecfffad64fe4dc2519b7f4ad391c8a614389b"", ""ade0469ff22b82323641e344e52203a4bb068a1b422b8341f2ef6a7bb92d4f54""]"
CHAUCHA,ROLLIZA,SALTA,TORO,Hortalizas,ARS,Segunda,MEDIANO,,2025-10-01,1309.5228571428572,kg,detail,2025-10,mean_of_daily_means_observed_days,21,21,mcba,b66f98863c1025f54f98c42e375e75239f0ca53adac1b159db3409604402b822,,https://ssma.magyp.gob.ar/frutas.precios.aspx,,observed_days_aggregate_not_official_monthly,"[""2456fe3a9ca8b1bbdc70a957155111d5d9d2f819188ecda9070b82c0763bc448"", ""7254bdafa52fb9d3f25e44b524b2529c0d0ef3b63b330741218cf9d33eb0deeb"", ""d5454efc512f13c7a67aa7566101857ccb7201f73a25f389c163789e414c711c"", ""14d7c3f3be0537a2751e522cd47b98d3bfd3aa10118318c38fd4e0a32245ad3b"", ""2beefe33f73b9527fb169bc771b06ccb3312b0fc476e9c2825d43f38248d17d5"", ""95aba7064911211ca11622a9233c82fab76d478d7ac23ac3cd52ba9f24662480"", ""0eba79546a371c90a9efb20e54607574e95f5509e69debef263adcd3590b7a5f"", ""fe8a1ff5ee38d349f129d51b417d53b4b8957a4d9c0aaff2d04b7903989f16b7"", ""40b77ad1c8c1cb43fc28065ad765c4d5c15159faa1555f73d7ab9b4db3cf4874"", ""abebd0e997677e4a57282d3fdcc5a0bccb39e471c708982fbbc5f009765d42db"", ""096330823dd8a06a68fe4109014d266dcc364176092504ab725aeb20101f4576"", ""c8ee801206971986bf639cff982a776e57bd867e4db8c1cbc961a1da704ef1c6"", ""369d23ed65227af046a9a4c0a43b3195d5748ca54c33fad17a79f460c471d1af"", ""17686f94aff1a521062e0ce9ccd4816a4b77aaaad8fe3086c6204cdaf912fa76"", ""feb4b0d28263342d316aecb5d4e439df24b0e656678509790435e79a0b752980"", ""197eb68c49d4cb022436b0cd4aea6c0538021ef2e079ea148970863f00c76985"", ""be0008f09ea81da4d7a18b2e94b04ba87b85a4b0a14b5a24e61ac2e6e8be03bc"", ""35ff27fab1c3f229510ee49edb789d1ec3b642ca1b1b29822308419ea7dd9cf0"", ""483ec798a11f2b0354ceec5db120151f0c6fd0206ed33ef4fc55b5e5cf10386e"", ""4c648abd7da6a378166f1628b5715f4ce765a5bf67862cdab19b4a132349dcbd"", ""04795ce4b4d7676412304b65dcf38ad8938777918c8d00bfdb25b9c5fc9ac4c7""]"
CHOCLO,AMARILLO,SALTA,PERDIDO,Hortalizas,ARS,Primera,MEDIANO,PRE-ENFR,2025-10-01,1540.6342857142856,kg,detail,2025-10,mean_of_daily_means_observed_days,21,21,mcba,556977be6f4aec3526d200fd9491ce020a6f9eff8e1c67dceee2ad3719859800,,https://ssma.magyp.gob.ar/frutas.precios.aspx,,observed_days_aggregate_not_official_monthly,"[""23678836115d809ff17ccbb38c3a3109fc52035ea5089263e70377059382bc04"", ""7a2697f6928b3b44569936c2f164a7f0343283c251278df3b8b9d66944a6960a"", ""fa40b1cfe4f7c5095b914780697eeba9d48a4e4d04661c259aef7fdf7368cab3"", ""c0a197f722d2c065c99e9d5fdbfb0f5c300fa6b11a5ae50440d205d9f86fcfa1"", ""5f69d8d789f83c661432d52d740c53cf9f94ec47eeb380c14deaf838c271c358"", ""37956bf321aa25551ac994afe23756571dd20927d7f183ab7a1a60a9ac0cbba8"", ""27a8062b042f0016f1bbe71b5e5e1d7b28f8ce0a02ea5a2d35d809b918f46afb"", ""6acc4d7e61f1730ac0caf6c166b006e9484fdcbd670c4a85067c125b785e94fb"", ""6fb68cf27f1cb365586323d4a44a02c382b8c1b574ea189e35d3e9adaa812ad4"", ""3b44669dcb2a16ee31040ad8becead23fd3858fba8122c05c21d6e14ff25e905"", ""fa644a8f65f35beca7258b2aad64a202e8647fa54bcbdebe1b7a6be8f7329832"", ""8258e1d51859b0b37152bc183e0319a207223d460c333722e37c568df825cdaa"", ""acb22d8dbfc07d1d265329fe86a2dbe5ed62709fd7216df798a56c6d6d28f91c"", ""c025ff230bd3af3bda8fc06964f731085e4f96fd4a5608d72e031e6988407865"", ""9fd38ccca218ca62b90e34e8c86b93b384bdf673c28b4c271a76a6da955dbadc"", ""1d1d919e647f7df4aeb69c1c58fb6f676958fe6adab7b38fddde2e8e7bb6ff49"", ""c2250221884f520e3dfee816fa0489150ed368656477717a50bb322816459b4f"", ""63b5fd9827f40894ffeb573bd65045d000b5c577d0c690aaf45c616163e1613a"", ""dbf6d968ede692e24b1e1e21d15f7173220f23ed9966c95b1bc9c01df356ddb4"", ""16c73dd3d17468e9bdc9764d38ed30adaff5ff007e28cf96897d19b4c0560f8e"", ""d42ee8f625dac4588a731b6c0c3978ee9954f29de4f4c488bb1fc203af42c0df""]"
CHOCLO,AMARILLO,SALTA,PERDIDO,Hortalizas,ARS,Segunda,MEDIANO,PRE-ENFR,2025-10-01,1140.5558333333333,kg,detail,2025-10,mean_of_daily_means_observed_days,12,12,mcba,6146f2255683f3de7c53fae8de3dab5ff5ba6001a92b761d90237dc3f9beccab,,https://ssma.magyp.gob.ar/frutas.precios.aspx,,observed_days_aggregate_not_official_monthly,"[""a9c4403136861eb9da2c1f956643adcffd134e0fec9f0614ac8ee317a08af3d5"", ""48540a43bf60cc98f7b73445bf89769568496dacbd944bf20688cad7fac1c692"", ""c2e2532b04fb96eca3e461c13570ff4a1789c463f02c8fd3d84e5be31f8eb47c"", ""da68e36a791c5a9c650c615ea15d377a3e4bcb0966a12320228bb8b61ece1df6"", ""0a5559f3933e77dfd284b5b62704ddd03e32c557549a2499da109a168babfc5f"", ""a231173ecbfb7a8c81087bfd292e76fd2141f459155de4c98313322faee5cd40"", ""8c82040807448013e865dc70906fad8927b6676b5b453f566e3a0b548ad11865"", ""f3bf70783c51f3596c1fbef392d55c1ca68e732bfdf28673f48413b153c1ef21"", ""eeef0f0933b33e8d96771e6737e0792389630ed3e314f1d47b1ae764ecf2b1a4"", ""c79330868a756c0830a32bf1addfaf4ed8f038c70776dd2d50ad9d69eab2eeed"", ""57fe055f3f4ffb62d3afd79636a2eac6ed5cf9643b56e1a71dfdb14ecd3bdc5b"", ""edf879d53901ad919c45589ad828e82f7c4de03fe68a1fe734e2bf1692feb8b4""]"
CHOCLO,AMARILLO,SALTA,PERDIDO,Hortalizas,ARS,Segunda,,PRE-ENFR,2025-10-01,1111.1133333333335,kg,detail,2025-10,mean_of_daily_means_observed_days,9,9,mcba,c0781ebd1aeedbce30263913992349f945a9beadc634b32650e8b37091a683bc,,https://ssma.magyp.gob.ar/frutas.precios.aspx,,observed_days_aggregate_not_official_monthly,"[""94e390e0182b77f40971b4122b242a57cdd0e35b0c96223f2f3490c4d5feac64"", ""3486b747865d8b2de9778db30d1aa316a64c005b9215f96c853017eb04a1bce9"", ""6fdce605cf2dd2c6ac31f2e2c8ccf43e6ea75dfc6d09873f5677f7b8bd3b8061"", ""aeafa0c71101b3ba42553bfd1c10524835e44e2c5c9dd8cc82e1fad10cd40bce"", ""e9a48ee8b848afaf4ce05a9092c3c35fde7e22ff75a9ac9549bda038924ce6ce"", ""708d365dd3bf38490af8f7d4d10a838da73c7691e936e9b4d10a87273af15866"", ""9ed7921ca557015b60c00fbc912bb02663e9a6ac83d01d73a26ef7061c915511"", ""06f5b22ca49ba221e069f281fc58920abd6d1128b2c975328162f21d9ecfe2b4"", ""ce2fdc5abee8b92aad3b5d05459e49a40678e4dff68bf6ddc4dd47a6b86b05ad""]"
CHOCLO,AMARILLO,SANTA FE,TORO,Hortalizas,ARS,Primera,MEDIANO,,2025-10-01,1755.5566666666666,kg,detail,2025-10,mean_of_daily_means_observed_days,3,3,mcba,f54d6e98a9d4d7b5dc962d19a1cfb4e5dd7c34af8adfb635aae02e0dba122c50,,https://ssma.magyp.gob.ar/frutas.precios.aspx,,observed_days_aggregate_not_official_monthly,"[""a62a4ac018ad376b10811486bd348fa63cdbfa8ebf1806a76bd3d1088d2485bb"", ""96cf325263a1ec32ab798097fc185211076fe66a478895d412ae4f46bfb125d2"", ""3cabea2a2d4818c0fbe561781e902d519b0c588292ee953082c6ebdaa7a07ca3""]"
CIBOULLE,,BS. AS.,ATADO,Hortalizas,ARS,Primera,MEDIANO,,2025-10-01,10928.57142857143,kg,detail,2025-10,mean_of_daily_means_observed_days,21,21,mcba,566e87ebc31d14b72ae6d93e04a662fd77de25d83748bea61ea5114f521f9889,,https://ssma.magyp.gob.ar/frutas.precios.aspx,,observed_days_aggregate_not_official_monthly,"[""a6f40999ccbb46b8d305464736fe7e5883a1d9e7d8aeb68b8c434ca94bf0ef3a"", ""9f61910588ac251b0eb80e338d66091d3de84ede24a5e46ea6b2b00ea79bc933"", ""a0842c9d62b1147b93de3abd62d1d91515e617d3d1a1cbbf69bb4ddcd328f443"", ""2b73fabb35919b00c8777c3502f95a0b691dd2684d2333ad2e95f6f5a5230c1e"", ""f7b2f397c277fe19bc6dea92bfda553f3e2277f8d76efa97df5a4c8de4e61f27"", ""34bd1a2c11a50e7a9bd8cbe8894353eb456a816f0cd545c0486226fb4b08af50"", ""2ad590a67e82a04f83423f95de804dc1b54643654e3b65cb496c3438c2e2c1de"", ""9ba3be93cb70f649847ff9420c277bf8abda11bb0efffe961948b6bb56e05abf"", ""b16a379d27f769e3c803a398b4def19dcef0f03259dcab3b71f79dc3fd4c70f9"", ""1615e68596008daad48444667c3e87fd72ec315ed4574b7d945e11f4b946ef7e"", ""01c04c28c85954d46165f316635518f205812b1e43205c3c5f099b567118478c"", ""9aa49bdf0a9f29526bdc5d9663afe5a6914484715799624359ea58644671dc00"", ""13b30fb07c58660c3f277226773bd92b2919f1309d0bed12e0c9664f578ded86"", ""c0696f1107ac2cd5bc51ccd5268af1e0cf589732e0a9f9f305a5859df8288858"", ""ec3dbcd7c907ff2199a3a66872bb0561618dac2dc15a8ac6b38ffca96a40aa07"", ""4bc5e2ee93437d2e9810b178df950d121c2ca6bc7583a3c0f9d907f0964adef3"", ""bd8b188c49ba92b680f35081e392878c31354a939e2017a09318ebbc6ec431a2"", ""e9f3769b83941b43cd14de16044ea89124604988bdb98feddf02c96e34469573"", ""8132f29c849f7ae3d12e55a9f04fed2c633ab6c5e01e8628eaeeffb324916b87"", ""5f3516bdf50f9a9ea3782d48899719cecb22a1bd03c2b2d1f18dbc8dec53b758"", ""5f6e14593d566d049f7ea576c5bf4b197f0273aefbfe5f44b49745e6da490bcb""]"
CILANDRO,,BS. AS.,ATADO,Hortalizas,ARS,Primera,MEDIANO,,2025-10-01,9414.285714285714,kg,detail,2025-10,mean_of_daily_means_observed_days,21,21,mcba,8baf2181707fec9d77911d0148a61f05cae9fe398b561cc79e0ecaadbbad4b41,,https://ssma.magyp.gob.ar/frutas.precios.aspx,,observed_days_aggregate_not_official_monthly,"[""5995b50bfede563581061b151556ad2f6a863144b626aa7921396ce140818f09"", ""1eb6facf60229312d99072ad112b6e8c93d365955dd0ce347e0b8544ad714efb"", ""c04ab4baa1cc3535fcc99d3981e85dc0d2588ebb40e76b2195a044a6c7d0be34"", ""5d773a778442bd59132099dee07df52e9d78906b33e85723a0f91339b472340b"", ""3bdb20a86207ba531b6bcd2f6c95ba34d742637168a1bb59b6c990bd7375b61b"", ""1ae54ac030fe581a4810b093cf94966e08728e02f458bd3631ff83afa947291a"", ""e69304f97bde1dbcf936677a8da359a5d2d26e6e485fd145ab7a272693e980a4"", ""c440abfcec7ca97cc3b53c729f7c9976853d39a0a2be9cbe763b061b09318661"", ""176ff9a79ead3a4e5c4bd71ae44064a0a2908efe8c6130e754403258072e17dd"", ""02d9f9d75eca87507b9a03ac113606724f8bff4b5484c45da20a9b19402afddc"", ""664d404a64fabdb7f79941bacc77b38d23842d7931b91c399a5a8f6a0eb96050"", ""7991af7c0b0931e18dd39b4756f451f8a6b24680c60d2365a2ed17683e25b815"", ""061120b7019214bb1381a8c41c3b3b458fb4110681b277523b3beff83b595d0b"", ""3c0b11b83cd9a81d1be7c707b5906bbe10d88795211d5678a9550f7c1dc35a69"", ""9fbd4bbea0039ba8840c4087bb19c6f77745fda0fe36db1bfa6f97b2e47cbbce"", ""f7dd940537ac513fc9ca41f75d1e29743c559095940007062ea784e7a69a9a82"", ""d3a1b9f3a1d772c4fd97c16a62b5b323d662caa580f35a93bd6b07b517c91a0c"", ""c76a81af63dca0169a7b7d623aab679a540a6df9aeb0dcc1526a566cad7ef076"", ""dad6070ed9090db25b14a224d50ea919e5b49971665e8fe4d852b18fd3f7267a"", ""ccc8bbaeade2ee840afd26ea6ae5f6688018547a7d4b3b98900d44c439b4fb7c"", ""0deea73a9a28dc7a83ea52c1b168ece9a02d9b42e87c195fc739bda287784b62""]"
CIRUELA,BLACKSPLEN,ESPA¥A,CAJA,Frutas,ARS,Elegido,GRANEL,,2025-10-01,4534.392857142857,kg,detail,2025-10,mean_of_daily_means_observed_days,21,21,mcba,0ccdec587d4d9acba4d5d5d5ddf61a3aa7ac9bda5407caed657c5646b536e70e,,https://ssma.magyp.gob.ar/frutas.precios.aspx,,observed_days_aggregate_not_official_monthly,"[""513042da36d91a55c4f88e79395217000326168f30998e7fd00d181be9f74e70"", ""b3000c68d2d3183c6444048eeaf8851acf2a840248d7373f7eb552c8a6d783e6"", ""48f3764c90012dff107c77529a0867756cb9ea5d1985153cd58f4ca13e49ea40"", ""61ec102539237a332fd5ad25a9a9e4dfbd0410ecd1e135d6227147d84e3e08aa"", ""430fdc70786b542015b72a4920b8d18518e40d5a6a539190fab3bfe70278a472"", ""41b6cb2da1b519f89aa1f5df4264bf545992cf6aea515b6abe7dd4a2f652b6f9"", ""ad4f1fe3e7e2d6bd783d765b57f7a30ac63a678ca789dd08701e9ae7dac98049"", ""f1770fc158d7c8491e4a4667f60e0e8d6a3330d54b577a6461fba61cd19dcd79"", ""c9d6824ecb635f0e589f8f75c31bdee3bc9cce9ce7352bafa7b8b4036521235c"", ""ac8e2cf2096569fc797ab7937a5f76ebd886b4821b49a6851df9589e4d95ad21"", ""d747f15874c731761fc091133cc2578ab14d70f5082eba1f34b3074b5b115995"", ""849ddf6777ce8df7d3301bae6fed9561c69e3629674fa8a7e6e183210ce90435"", ""5ce3095961dc7d0336a1f2e1b92b7b065233e31d07543d83ee95f8f1408fb7c5"", ""a0c8788f9eabd0ba1e5732ac7d4da33f8804496fa797f489cbd3413a85b86c2e"", ""dd84996ae1c741fba8da113f3d5ea3d024898ef01b698426aa49cbe4ebcc53b3"", ""fdee72a18ba56deed8be87049f3451ca6a279a0d3ed2b177ca2da659ee82c5d3"", ""33d6ca7ae0c02dc0579ffd3e9f57b4a4cd79631d68a491cb2df9950da6075040"", ""eaf88ef78da5e8fbd943dc760580ad19a5655f3ec63472680d29874b68942909"", ""d1a81957b88e5064c5408c5305e61c98e069ca845be749238a30ffd46f097bb6"", ""8fb2eb12604a1bbac9edcf13e4fddac7f4f34c2fecf70a788c643765252d28b1"", ""13ac945a926fb0738391df50520a2c8bb2711e5162e9ddaa58d7fa9ef53d73ab""]"
CIRUELA,GOLDEN GLO,ESPA¥A,CAJA,Frutas,ARS,Elegido,GRANEL,,2025-10-01,4688.89,kg,detail,2025-10,mean_of_daily_means_observed_days,15,15,mcba,66f6ad17aeadaa9ce778c53c84b4bd822e1f70c7911339f73a408e40376281eb,,https://ssma.magyp.gob.ar/frutas.precios.aspx,,observed_days_aggregate_not_official_monthly,"[""00bd937ed4778bbb2d1b555e58ced7cc4dbea63887c56d1045d9c5cc590cdbc4"", ""8e2b5420f262651b373c9844c2498bc042a8a2b25c6e282b9c7e688a7374c70e"", ""67636ed869977dc559d3d38233524b10746b58cc7a209793de4e770235708b8f"", ""aabb96ba70b7d7f0f671c81ca988ff86fc4b1d1da25f4b3f5b8d57b65aa73f5d"", ""e95eccfbcf77d370603d52814a908e90f93958e9f6e94cde82c25c98f2e75332"", ""dc02acaf8c346d7c94c0f4895e10e199b6306ef3b22aa4e0a386995ab86fe214"", ""9727cf0812a80cd873fe0f9b07a429305a4dc67f148d95c2ce0db27eedbd5c9e"", ""5590c708b5ec66110b3f8cc8cf8ad6090db0dfe43957a56f21577ae27fa72a1b"", ""9c8e77594119111d2f7c5fa63a0908d6218314bf4352566d3a0c8c7bf6e22292"", ""371766c23425c4e844c8532ef554f7056223e66d40e45fc639c880e008a5c8ea"", ""907a1135fd45374f25d5ee1427d29d095f8af8bac5a94697c72ab0a5a41bb47c"", ""4dbcb21d5897381cec5f813b360be5647af528da4df2f1355b677f36a9b64770"", ""a6cb9ce257dbf430b192f5ae7abbb560d12c0a7b5d6dfe11848c7dabd925fe5d"", ""817198d7119a0f7bf57b28a6eaa35a854a7f85167d1bb4300325482b436153e7"", ""79a9d5214128bd3cd651f1c907932a127ace9791fa622f591ae5768e72ca70fb""]"
CIRUELA,RED BEAUTY,JUJUY,CAJA,Frutas,ARS,Elegido,MEDIANO,,2025-10-01,2575.7566666666667,kg,detail,2025-10,mean_of_daily_means_observed_days,6,6,mcba,c6a5d57ae366d31dbe3d1f9fc588861fdd661e0aa48261cf8346025725df4760,,https://ssma.magyp.gob.ar/frutas.precios.aspx,,observed_days_aggregate_not_official_monthly,"[""d6a5bdff54cecd13aae0dd3150c1af1711c131a79430763b0d7b646d1ac8cd00"", ""2963b41c944669a98a02f9f78a8280e7430b8a1e5f571ffa339787b1c0f0d9df"", ""f7a802112146c72258337d9aefc89afa9c559c866fba119bbb4753c38c42ab43"", ""486bb0db18ad3aad0d6ebb608b989ff2e9998e01e1321fe9e3a634e5e32e9206"", ""4048a7444bda61264993df55387ccf1a633d2b9db305753a4b1b460f72ac5ce1"", ""baf3bfd50707f21c417f1676fb974561974c4b51d69b8927cc429e508db35370""]"
COLIFLOR,,BS. AS.,JAULA,Hortalizas,ARS,Primera,MEDIANO,,2025-10-01,685.0785714285714,kg,detail,2025-10,mean_of_daily_means_observed_days,21,21,mcba,5b29296587d31b5a87b85ea76936d19bd7f117e2b626c3c704bdebcfaeeb3d4f,,https://ssma.magyp.gob.ar/frutas.precios.aspx,,observed_days_aggregate_not_official_monthly,"[""a2c9ad230fecb9f18212d727028b353032fcf7164d537e852d133be2c7a07d7b"", ""a2f8ada132f1a50e6cc80496ceb252c52c99a47b8c98b7257816f3312a19dc1e"", ""d5fc90b85931a9c0e3ce86ee6b4718d38212a3f08aa6d0112807d6fadedc0437"", ""980d7f78d7b5a813b6197eedbc6046dcfd661cb739c6d4b38a3846432a329341"", ""765167c8334d35046f639c5f0782fc9433a4531ac7e4afaf1a606f4cdff0c963"", ""017871ee07d7e92ab419dc405470316d09f1738daaf6f9113e46b0182da4f78a"", ""558832fcf9170ed43cc6da527b82a369a15e269be1bf02ceea8f1eda259e5b0c"", ""772e1142b14eb67e40e5d9792eccd7d3b41470d7237ff8b9f1233e8d72ee7268"", ""9db65e347a7b84414f3b49d180b9fa85fe9d1ccc95aacedd583db887aac6812d"", ""0ffdf9ca2752f90a52ec9f750aba46fc0972d20a94bf75205d7b35b7aa6617a6"", ""c8d3c562673b689309ded1522530695e0a5f0994b8e09fd7fab04770f75003fb"", ""114854b540383a8be0195b5d612127c2dd8784b2eefe4693ef8bb513d34bb613"", ""730f1cee55019b9a26d143ccf6e4beadf0aa5e601782cabc6cdaa9a083aa5231"", ""a86afd46e2548e1fa82f1c4573b9b26f1d39600743d629adf42f9b6fdb44ce00"", ""a9c2f53873fcd2d8715afaac8558a1862b3ad358994e53e70c54ec22210b6a25"", ""60eae3c5b39c6a1c340478970b0d2ab912f5da3a50bd276cdd40aa94e20d6c18"", ""a1c44abe7437d20dfa4be4a0405d40c550f0c090647f5da082bcc7b131ac7ab4"", ""262f592b1e5e2189868704f249dbe677f48c5032062fc4dcd457610e50b0cc0b"", ""d3e0118345e2f89d449f364ef55134d1a7699b3f160f7782b95a59eabea52185"", ""b0002346d8ff7d0c93de984be44d68958cce8794631179fca07f0ba0ac2bb5c3"", ""e0ca47cc1178f842bf1fa02bbecc90320ca4cf024041635e792bf3fceae736d6""]"
COLIFLOR,,MENDOZA,PERDIDO,Hortalizas,ARS,Primera,MEDIANO,,2025-10-01,833.3309090909091,kg,detail,2025-10,mean_of_daily_means_observed_days,11,11,mcba,03207945cee676169a888c353b5152e0c99600cf3fd62d410353ae0620d7152e,,https://ssma.magyp.gob.ar/frutas.precios.aspx,,observed_days_aggregate_not_official_monthly,"[""0d620b5faf49d4cec217c819c698b53221ca1c9ae391b1de9c8f9dcfc1c21992"", ""d7d0fed7bec0a35d8d97222aa451cfdebed32fc5c90882d45ea284db891753c2"", ""1327764bf800d73f83e7d95f18bbc4ede56dc95cee9cdaf3ad712151e9dfc35f"", ""60f1384a479330d9b5679d51dc165bcef1020ab721734056fbda22751c8bab6b"", ""5da75cf6de4d5c4e214da511202b02d991ea89d8e825164a2fb6ec0305f1ebc9"", ""d37db181c2fa0081b8b4fb3b056cece0e2020ef7264cfd0daa45c1f75541e6a8"", ""eae666f5a0c9fcb180c695b8299039502281a18f188b037f83ca57cca1bdf180"", ""e6292eadf1cb409748e998637cc52890519e5a5dc0441d313c46c8d9da1b38a7"", ""19fdf2ea04ce9f853265990185479594695548f4912d06942099e66945296b7b"", ""03ab53350bb982b2a3125ece6e04e7f71acd20013c1ef449cd1a8c7f0d75a51c"", ""6198496b588a8d8db303b6885ae65c6d89acb877db0407787811804ddc3d53b9""]"
CURCUMA,SIN VARIED,BRASIL,CAJA,Hortalizas,ARS,Primera,MEDIANO,,2025-10-01,5490.476190476191,kg,detail,2025-10,mean_of_daily_means_observed_days,21,21,mcba,aa9cbf5493ff412b9c99a2b050bf176674a1f1fd7590d50c8cf74d003aaf6105,,https://ssma.magyp.gob.ar/frutas.precios.aspx,,observed_days_aggregate_not_official_monthly,"[""3c9e9293546f729ca03441887b54116974d16ff9904a6285586114218910493b"", ""67d55c38047a46face520ab19fb3901b508bf0981a937367d4d1bcf6e6f3b606"", ""a59d9199f7ae1012d94cddd9b2bdf35253d242d9727358b4b389e50bab51b8fe"", ""0e4a215a28ad47b3925cf81cbb71a7f3df88b9e5c432aaf5d5488a09af57cf60"", ""60279f8ff445678a115b241ab72f28e112779d3fe24e6fdb22ba2862e048573e"", ""35df66a2f7732e5a13531cfed3d309cc0562bb20fd201ce66241579453585829"", ""b2d0c592159461675fe9b554472c0d328b21b1b25445ed46bc87c55a0058ade3"", ""aab75f9e6570f9de80d9e1f53a565040986d6e196bea394afb8c7b681d7b0a91"", ""3a55c2a24684c11c39660359801e9ab513ee12341b81facc7dc0f9ba2c505e91"", ""8de40a7ed521498a84a96cd80a84032832065474da6dd5b8eb4ffb90d696415d"", ""c2364e19a2c194acbb0bb9bd3ba59db6e786a844c6c264ddcfb0353c528e4fca"", ""04e5adb844e922c3f74ae67ae4e84b765683f9ad4b6f6929735c66ab6a68cdc6"", ""932d2193cef07509b5b60411342063cbd745c2c7a0ed1ef2c3551b29a0d26ad1"", ""b10e2cb8dbc7487f5c4c7ba7e4899c56b768ad5161fa9dc96abf8601fb6f4085"", ""e9654740861e651e2b928c8c9848a0600e9676b93c900a42b3e83256ba666032"", ""9bdcb358b15ba6b192d578963676e06e4e7a6583bb1aee9c875b0737facd68a9"", ""36b42affdcd6b9229f8fedd451696e6bbe4dcdd2aae07cf08a2a6289ad850786"", ""6403ea76d8b676d589c3c3d9d431326731726b314f769eb25bea3c156f366061"", ""14c607be8eba834db7ca93afc78fa74fc4f7f3ebdd50c0666cd17a68535ae411"", ""d134b0402997d2ab47ae6bfb961b1d5a658ee1522a1f9f5fe0a2d70d2907a605"", ""5db522655fc3fc76ad94862ea8d55d306b1f4097b45ef3a495756cba5540ee33""]"
CURCUMA,,MISIONES,PERDIDO,Hortalizas,ARS,Primera,SIN TAM,,2025-10-01,4571.428571428572,kg,detail,2025-10,mean_of_daily_means_observed_days,21,21,mcba,432f0b6159c1a0b5aec9e877e91b0d3e87aa1c31ad2b0ab61bf7139a0495f6a3,,https://ssma.magyp.gob.ar/frutas.precios.aspx,,observed_days_aggregate_not_official_monthly,"[""066fea715cf5e6548de41f435869c1aa59849af05b73761e732c460265e9109d"", ""fc91610da10ff2f5f9e50b947db2e0f17e8a7dff9a619232ea6203d5e9f3d435"", ""f4dc6dbe96d5580516f4efed4ef73b20afb35c4a72a53016ad9379adc987025a"", ""f93c602ffb358c2b1748f5e7ce4997766ed3064a3ed0e545e4e812f378bbc0c6"", ""f00dfc9ba33ef3394a321fbcf0accbe1cc832888a9c1782d588ca50fa2058d96"", ""74ae5b631ae52e4a416861acc863990958759fa396559e692c5ab1dcfe47f92f"", ""461b10759f867217d36d144e0ee0f8979ea553496a93c62c0754d843a57aac24"", ""04449d11fd1cde1eee85a96556c43ef30c4eea7e0e20e81ad8e078755bf8f357"", ""67bc5b809f454734449f306aec584791bc0257b6c45d131f93d6521051d0482b"", ""1cb4d7e57cf9217e64e1f551569830929c846854bff67147c907fb5a4875b421"", ""4470f00bb766ecfe89f7caf6840d52604c0fa6c57b499edb343998ba8ecf0298"", ""90d28ed5449a4d0ffd81da09e7e3712e9ce72a2203f053db960be3a6adc1f695"", ""9d5bc7e8a326d2fb4d3b1b991744d94504b72ef4d84a7a2cd87bf003da1ac470"", ""060d37c39572e3ee67038ae4e4c32e92a2b208f2b02359289b07db3307e7ceae"", ""a43404ab9875e37709404f093e4e8c519f7f5be613c69adda69577d50af41ed6"", ""f814183d1a85115f124f2fe6b7ab27a7e1c51847aadb95fbeb5f8d1af6de773b"", ""e49c4fa6d3f3f8aa973949472276555b617b81cf320307b3e9be5d27f27f6b7d"", ""22a01284aba87ddf5b55ff6780765077f48e2ebac6f951a474d1d0f12fce861d"", ""b99ba2960a97287d6eb1b4001cc1996d2f7bcc471d37e0b65a61ece0b4e0748d"", ""8953b745449c22669d8459de44670ff7533bf60d1a01384ca1dff36bf3cce3f9"", ""e3db163d37f006610118f514ffa21039cb3201f7a7cb431a1d6a922fd7c10407""]"
DAMASCO,AMAL,SAN JUAN,BANDEJA,Frutas,ARS,Elegido,MEDIANO,,2025-10-01,2866.6666666666665,kg,detail,2025-10,mean_of_daily_means_observed_days,3,3,mcba,3856d102ff7b27118572e430a90b0e8c83b75806f743e902268f783a53face6d,,https://ssma.magyp.gob.ar/frutas.precios.aspx,,observed_days_aggregate_not_official_monthly,"[""1838eb0dcbd8639a865e4e1cab658b10e040fe1b0bc177799bac07eca1934949"", ""b1f6f008c2a9e864ad6aa6e928b0dc961890706df46b8403c39619156451a187"", ""0e910607112fa637d5b517d2104aa58a7d980c397b9adf41c3f01b5515661495""]"
DAMASCO,OUARDY,SAN JUAN,BANDEJA,Frutas,ARS,Elegido,MEDIANO,,2025-10-01,2983.3333333333335,kg,detail,2025-10,mean_of_daily_means_observed_days,6,6,mcba,e7ce581804e40a81c871b531ff208adcf36b268dfbc270982976d922a812e937,,https://ssma.magyp.gob.ar/frutas.precios.aspx,,observed_days_aggregate_not_official_monthly,"[""60a8129889a62e5707ddabcb17c16cd2789094cdd04dc83f568680d5472893b1"", ""f2be6c3610943d7269b938ca769122e9dc59214bce0f3cfaf0a3e28c1b0124a3"", ""bcd818e47b998f28242aca8995410ce2f476a544ab5206b54a21610dac38860a"", ""cea438f10151b250bd488b5dfa5f99285f4221fd320e69baa9eda0790de5ec2a"", ""2fe0d24b4b81bca66a9e9d2b107c34a738a1ba825b7323b488002c12deed4834"", ""2f5949055a3fc6da83fd8f183dc7b44e76e921aa6cf8c993cf9cfc0f93386d7c""]"
DAMASCO,,SAN JUAN,BANDEJA,Frutas,ARS,Elegido,MEDIANO,,2025-10-01,2800.0,kg,detail,2025-10,mean_of_daily_means_observed_days,2,2,mcba,25621ad3c52a5c11e899a4ae38fb5552d0ca10ff93619938c115b91e6ad14ca1,,https://ssma.magyp.gob.ar/frutas.precios.aspx,,observed_days_aggregate_not_official_monthly,"[""62a0d69b3efa1fe4a657dbf5513f797ab7b09589eb61fe4a5e8b3a56f3c6dee2"", ""ac81452cc53d8300fc6907c67333c25ddf511c3e0b96a6ef9f21adfb88feeae3""]"
DURAZNO,FLORDAKING,JUJUY,BANDEJA,Frutas,ARS,Elegido,GRANDE,,2025-10-01,4875.0,kg,detail,2025-10,mean_of_daily_means_observed_days,1,1,mcba,316b2de456bd0743a62d55d63cd2b5472fde4350ef879eb99ce9c6a202329d17,,https://ssma.magyp.gob.ar/frutas.precios.aspx,,observed_days_aggregate_not_official_monthly,"[""ea08c688510a5e2dbf6efb16170978df11616ea941c0830bda6e621d778e90b4""]"
DURAZNO,FLORDAKING,JUJUY,BANDEJA,Frutas,ARS,Elegido,GRANEL,,2025-10-01,2800.0,kg,detail,2025-10,mean_of_daily_means_observed_days,1,1,mcba,231cd63c77b14d790ad0b1d29ca7995af939bc3100677c1526094979ddc3580a,,https://ssma.magyp.gob.ar/frutas.precios.aspx,,observed_days_aggregate_not_official_monthly,"[""114aa07c673df31a3540cefadb1eea8978a243bc7e7d501c80ef0a4445ba04de""]"
DURAZNO,FLORDAKING,JUJUY,BANDEJA,Frutas,ARS,Elegido,MEDIANO,,2025-10-01,4583.333333333333,kg,detail,2025-10,mean_of_daily_means_observed_days,6,6,mcba,f4611fe314967cf8ac0921bb5aea8fcc558d5de65507341b7654d45ae8e487bf,,https://ssma.magyp.gob.ar/frutas.precios.aspx,,observed_days_aggregate_not_official_monthly,"[""c91c07c9bf4662d0c7a8720a957bddf66eb6e9066655ad2d49a9ca331af9cf99"", ""3adf2d68b472c16a6b26eb338fcf7a69952b53df25e16ad1da9710be62f67c5c"", ""cada644e711a86b82c3a387d143602c091b8cb20d5943175ddc49b7da434d5bb"", ""56b42a45d47a31315b9de4c7dd2f6d3d71cca946b784aceac99f22518b7ed6e1"", ""a2a19c66edbe0b7cbab6a284ccbe9659f66be53ac961413872054ae72e48b2fc"", ""bf9e62715db903657b4797e183961ac37aa2b3d86d63707f7014a738880256a4""]"
DURAZNO,FLORDAKING,JUJUY,CAJA,Frutas,ARS,Elegido,CHICO,,2025-10-01,2125.0,kg,detail,2025-10,mean_of_daily_means_observed_days,1,1,mcba,7ee0f4990209ff5d4585b0cf86814950fd5d706b2d71962afbb16b0e3c78c9d8,,https://ssma.magyp.gob.ar/frutas.precios.aspx,,observed_days_aggregate_not_official_monthly,"[""377695d14d342a4348607b8a4d25c3090024522be8ea8380612612a695110afa""]"
DURAZNO,OPEDEPE,JUJUY,BANDEJA,Frutas,ARS,Elegido,MEDIANO,,2025-10-01,5350.0,kg,detail,2025-10,mean_of_daily_means_observed_days,20,20,mcba,ac116ea7e88fb64095b954212d167728509912716374c212fe23bd33bf01716c,,https://ssma.magyp.gob.ar/frutas.precios.aspx,,observed_days_aggregate_not_official_monthly,"[""03001e001559865a5fa40d51b2d7d74349b6ada0fa33658b189b139f04e2f63f"", ""76620d5c46c31fda1a2ac490f4049b9050b8e84aef75198fe17002fd142e981c"", ""889e0d4e94d93a58f18047503a673a40be9f9787fa82855366c6f75fe62af882"", ""4c0a104ef0ee5ccf51b8ad1d95b937b2c46cf2b569e4256b784c4b6335edf500"", ""246d4d7aefa90b7ba20e20f326e5749ae81d85e682dd4c594a78c3cad26b4de7"", ""edd66120c741a029b6ef933d0769fecd0524ba192e8b2c0f07af52957df47626"", ""97bad6eb9ef3a58c73a57305aaf14201775c3ef0f48fffccf00563bdec0a9b8d"", ""47660e68f17d5faed4f808eec170e67073fc6e98b28e1523a839ce81d2eedb32"", ""33c616c0855a8202c98195539ec3e4a0861e132861cbce9eddcf338f237feecf"", ""8ee9e37613fbf76ea1ddf633e46e1c99d32a3521615b85a8a03677c0151e64b7"", ""430601d01916e75384fa145f35995494876c04818052f8a5fdd8d0646461e3ee"", ""b83f409bcfca6841dc38f1fcc304eee9d2bef1f0a4fa7a145f9974e7df47b644"", ""f554c14a03af25e6ea30a9ded0b4ce87a0b7756844c54b15d06d912662b20e05"", ""b561d4e4252fffb63c41e75f1c1df526089836b99add6dfd2504c949c6c2203c"", ""0531b04b5f9b7a4727a2465f0f9f4fe255aceadbd3c7e7072bcf8e8eacf6e9cb"", ""871f154919e67856c05ac4cecea859000c80f07dbd4d044058e82091a09dcaf3"", ""a93d81426fab86242a6b630ac528ecc2a139e0d552b7abc80be86ef67e7b9937"", ""2f61e4de69beb854184ba3ab0c41457d208e24276481d5a8242e4ea85a013aa7"", ""b94335446c4b8b763ea05e6c1a9cae45b4de549e7a3eaff10aef2f0bd8908732"", ""7d0a3118d5be4320a5ecffc75d88f3434c4f077b067865b183daa41e765586da""]"
DURAZNO,OPEDEPE,JUJUY,CAJA,Frutas,ARS,Elegido,CHICO,,2025-10-01,3071.4285714285716,kg,detail,2025-10,mean_of_daily_means_observed_days,21,21,mcba,f5539e4d837c18a89fff173ede3f0312f82048168a5f63705fea8f97761bf1ac,,https://ssma.magyp.gob.ar/frutas.precios.aspx,,observed_days_aggregate_not_official_monthly,"[""48ffe5d898d4fe38293f554ddf0e1c60ed72c6b34e1057622f6a929ad8218088"", ""89821c0728e13ea8dcc8338b3ddb7db80d2c15df910e6b2c82edb9057e1b4dd9"", ""f3599459e0c56ccdeadcc055d0c36397bad1c99989d80c220859573b055a4760"", ""55820f5e7cfae87d2906660e195b73d3ebe0df2797c9db0a6f0bf082d2b79c56"", ""4b43dd389fabc70b59527bf083adb60ead256bc3d0c2909c943623910f812468"", ""87a0f25ad9ae2aeda998b18bfe83b8d4e29cc10a7196c123b98918aaf623f665"", ""30cd8542d5c8bde32d61ee7696b9e732db9b458039a8fb20f1a80d83767fea99"", ""ba392ea2be30ff4a434a2e05bda5942ba90184ec894cb9d817c89f5fba916617"", ""41161d861b322e972061bcabfba642d3352905814e3d98dc8fdf1dfad04ff605"", ""7d8b1593cda232d6d61de6b1e5fc069a817bcb1f2b56e7d843cef281fb546a7b"", ""cbd3eb03e59ff3696903edef4026d0b0225f7ff139eaf6144ff3ffd0325a46c8"", ""6e26f07657c0978e9c92e2a04efbb8353c6348d64ea5b5f1475b235e16bddba2"", ""098e8024a9d150356fcf25dfe7bc40ab9059483f8c9494f118bb2762854b8418"", ""e5b027d947319ad7857f6ba5c25d66aa8d35e87c8d27dc99425ed031a7225d01"", ""c1e9f3ddb37fd7b2075350431812fe0fda04dbf06de1ef97b5f7c997f15e3e86"", ""5285f5df6507888e7c6564815e5a3cf2157bfb327d33a7f00092272ce81a3856"", ""ae7840456f7cdc752cbb3a9a36774b58266abedc6fb76f395c8f132355d84526"", ""fe7aab7d218c9d16b8b1ccb8d6c2d504bf986bac3a8218ac7090efb48d06682f"", ""9b181bfe1cec94d9d646274d9af0c3ad82e4458e0da869c8a57daa2b0a0cf393"", ""7e237dc5c46a4f25f7b2b0c8e6774e5a2dd262a521e59c3134a324291f68d536"", ""17cd7885997c7604d7368bce884557c7caf84200dfe5b06df77e1cf788900201""]"
DURAZNO,OPEDEPE,JUJUY,CAJA,Frutas,ARS,Elegido,GRANDE,,2025-10-01,6619.048571428571,kg,detail,2025-10,mean_of_daily_means_observed_days,21,21,mcba,3263b93fcbc974b4acc53968e8d2e0cf603989d4be1ea9cb1ec0412ffee6d923,,https://ssma.magyp.gob.ar/frutas.precios.aspx,,observed_days_aggregate_not_official_monthly,"[""a449002da34da1c08dab5ad0f65a4308318e5c37812dd7770c1b763288da39e7"", ""51b14de9b7a61adc9e6f4e8b3bc9b38db3f4f7bc69f2080fa6dcc0a29703098f"", ""1abab28bed3deeda3194cbd80cac5b794ab335433fa3c27defca0388c3ddb91f"", ""fdb0ff65fd75b6aa2f60ddf577439a75e9bdf81bae3965981417b099cb778c01"", ""1db26d09cc4d5bef9524833b53272b782f0763496a272b9cc54a9fd9089dad53"", ""79f14a6f82ac9ae70791f1ff7cd852ed22d455a58c2857090b2ba8a91322b8eb"", ""1d95a096438979ac91f27af72a5733e0f85fd2e0d94381e52a33fd0efe79bdf4"", ""0f430abced19acba7e03635bc98d5f54cdec45eeb0a7d5ae4db18a03d2bd41b6"", ""e0103ad8752e91dd74b5800023b6662e4f1c1e19801f344272a3a32d336246a9"", ""1061b4d977a1ecc8d06c2395721f6ed3b5f698d57f80608b642ade2ddb8e5f4e"", ""9bf72c5467bc8e8303914f9ca893c62f70282efd3cb16ab43109acf15b9c7db4"", ""40b0d2d66970e6ffe8ba4a3562ba611c931b3739b6210bad3506b8609918d42d"", ""d17de28e201b8c544edc32b71d6f68a4fd7ebb9df7de481572fc3f5359cb0250"", ""0d2fe9e5ea1ce23c74dcd1b1e82bf56b4a6276096f509f2d141ef08172f2bca3"", ""492da22d2f38f9bba63159045abe26b5d034568eab024c43a0dd9310ef63b9de"", ""457d133840de74b4b85d85c1e0e358f625d0a4e11aa52c8b32b0eabe7f7ee600"", ""2bd70d7b55188aea4cd6adcaf353b11b205aaf5b83ce70177f63d72790889c73"", ""345114e652edab79ced34b2e3d4f2de4e95f12c9648c1854e36d6135fa7c5721"", ""e42daa27003a8a60f5fc2f2faa72a64c73eddeb38526f940ffe8974e73137f8c"", ""48b3bf5849112d580b6b69782f2eab2df1d29131c6eab73edf96720a11e13677"", ""e1275c197003dd5ec8f54994665e3230c9f652193476f588eb84e4c1d0fe24bf""]"
DURAZNO,ROJITO,JUJUY,CAJA,Frutas,ARS,Elegido,MEDIANO,,2025-10-01,4347.22125,kg,detail,2025-10,mean_of_daily_means_observed_days,8,8,mcba,b428ecffde7025829da638766dc083c884102bf654da1a4463a8a3314ebac42c,,https://ssma.magyp.gob.ar/frutas.precios.aspx,,observed_days_aggregate_not_official_monthly,"[""15460da70a59f6544858a7fc8b7ee95c2a34219b5185b52129cbd8fb3aad0864"", ""2060061315a516c9b163646441e15ae20d227f79ca462469e1aef178fe9ec5bc"", ""577ae98d6472ac7807f4f7100bd869c8a19b22edf429b405efd5077b48e538c0"", ""9847cf716f91bb777f8f96f25c25b52cee81b7bbc123c0fa5b31a25092481b8e"", ""bcce536880978a0878347e5a330a4fdfe6c72155037c9d62cff2c8db6e621d2a"", ""2e4436ada8fc08b8c20b51c8fab02665ad24bc277ea72d7278458c45ca594a70"", ""1647473878b77f37c60c27843aa7466d9a50867fbbd1d266d7a192a0531fcfbe"", ""4c4ce38e355b5efb9663ebe61f978e2060db3d092f7257e3fad0e931aa1c704d""]"
DURAZNO,ROJITO,JUJUY,,Frutas,ARS,Elegido,MEDIANO,,2025-10-01,4683.760769230769,kg,detail,2025-10,mean_of_daily_means_observed_days,13,13,mcba,a8a052547a0c0a39e1ee399c69d06d7c8e3a65da40cf2672be7d8f7ab5b9a211,,https://ssma.magyp.gob.ar/frutas.precios.aspx,,observed_days_aggregate_not_official_monthly,"[""382e424a9f8fb99c10849c66489a84dddd00b075e7c6d74ec68b172979052842"", ""7dba2e32835a2c405f93795030cccf7c266e409bb211864f4d4044d9fdb031b3"", ""9b3753d0b358a24a087531e2ccfa7dc4d2d7946037a6a677f656b3b5575c9a6d"", ""b69fe179a94ae076ac57a246475b86880e7caeeeda2873b4bf2b0783e57dc21b"", ""7f7edb9e643bc03419588365a25c8e40a4800db2bd20594425b2277d4c840084"", ""c51110e9c06ef8b2f46909988c23d9b0d467d1fd4c4d039f89cbb62fc95f68f5"", ""503d9360a86d5b2d55cf79beeb1f9691ffd7ebddef25045113bb8f5e222ba5ab"", ""997b100c2ba1845ba55e950c96421cf0aa797648bd84321189daf74292956b3b"", ""156ca4268a83eb4e96800d6288ecff741198b73f66a452bce959eaaf6c4727f6"", ""49579bcedb5fbd8723bb4bb6b830a6e5fe1302e757c73ca80b54ba55cad4b322"", ""ad57bb31c768eaec733831065d0c6053893df49a6a69056cc2fa8393ad1027c3"", ""470f33e8f187f6fb868cfdebcd1d14f29ae579eba7c202c19437ec88fb13d365"", ""fec00783446bf3540d1d2bc8e4cb13a2572d47dd47baf0ef8ff3ffcd191e8ab6""]"
DURAZNO,ROJO UNO,BS. AS.,BANDEJA,Frutas,ARS,Elegido,CHICO,,2025-10-01,2838.383333333333,kg,detail,2025-10,mean_of_daily_means_observed_days,9,9,mcba,a58c6376c5b2d12909883dd455bd74ef0fff007993155af6756b2130c9e76b9c,,https://ssma.magyp.gob.ar/frutas.precios.aspx,,observed_days_aggregate_not_official_monthly,"[""5d152ea97254f66a5ac7304bebf8c0abb3caf7bd8d5bafaeabd17427a8ea85c0"", ""82fc965805eb96cc42ab72e0a331475538350fb6cc92fbe3a8a53edd65da4e0e"", ""e67c8342451a5d8b98345345baba5c732827997cbf40b1bc67cfdb2d57ca4653"", ""764c0098187a5a21eab80a470ed850c9db997aadd80e6f49260c70228a897bb2"", ""d88ac2181e8939e6892053cfffc0532fe8004ade3246250b67889dcaa228c004"", ""7dcef1f915a87bf9c25704c10eb98c72a88be383dcad903d3acc793da1743867"", ""f0f79dba13fa81cc2d13b5fc12dfac107b8e097bbddeb4af93b1486e1f50e7c6"", ""a3a614291dc2851e874d6f99b09db9e958f3744cc8316f675d228f13cff6940b"", ""2908c49abbef1c6d54e2365692703a31e5bdfef95a01ae1cf1623660019e3a90""]"
DURAZNO,ROJO UNO,BS. AS.,BANDEJA,Frutas,ARS,Elegido,GRANDE,,2025-10-01,5288.888888888889,kg,detail,2025-10,mean_of_daily_means_observed_days,9,9,mcba,ae7e670148f21b5100baea786eab67ec59c33ae9b1af1216c859dc3d66f8b855,,https://ssma.magyp.gob.ar/frutas.precios.aspx,,observed_days_aggregate_not_official_monthly,"[""ce5c25dd7a5a9bff8a78a546a4caf6cb832d0783c47efad910af7e9ecc597302"", ""9e40d41eaf3708c61cc2b90b62e242909e7e2dc495d43b3b069fdf63d1aa1c75"", ""66b4479e5dff198dbfe51ce4063bf63e9b271144ee491b8d778a7cc409541160"", ""42f6c538f87ef4789258654dd415cf3862f305709a832402dfc8189606dfc80d"", ""72f49b68d625eff1eea567f82a701f8c375cd4d6747ac04ae61194813d32231b"", ""fb7289b402ab4475196613a14deeba9832e69fd0f64fb98d0e7e771c3ab3c15a"", ""453ecf35fa05148fd7314d6ae85d527eded169d69156c2574cdd99a57dbc4127"", ""8a6261b882c10c57bfa403c756e07f9b5bc19ed23f44345fe8afc8f894e68621"", ""55633d4d168001ab71575b06c058666ccbc3b7cfda764505216251b2fe35eb01""]"
DURAZNO,ROJO UNO,BS. AS.,BANDEJA,Frutas,ARS,Elegido,MEDIANO,,2025-10-01,4577.777777777777,kg,detail,2025-10,mean_of_daily_means_observed_days,9,9,mcba,d437e48362c682195d1a9bae3561f130f67d308eb63e63ec0a56e2576948f4ea,,https://ssma.magyp.gob.ar/frutas.precios.aspx,,observed_days_aggregate_not_official_monthly,"[""70dd9fb5563334e491dcfe618f31d120e1ea86e6752a8205cd6dafccd02fdfd0"", ""ce0c99ac678ee8c8bc7d7c0a4c3fc121ce32dd360f60c642007ee527ec880992"", ""313fcd0665d8f12dfa117fd868326ad0cce48845e6c3a22ca727629393b978d4"", ""7cb743b46d0c58ee2db70478468fab95129bcf5820a79f742d638b7a2af170a6"", ""eb7d193e6860eba8810cf689b0f7b5d4f818122266d51a38822093149137f74d"", ""feee407bd13c74fa62da70c5a266495f452ceb652c69c172327ec17cd6883e3c"", ""62b76e9c863b2c37ee216e37758395739134e1c22d100ae8c4ca689162399950"", ""276ae5a65338d2ebfd7ee6c97e4e98d80b5ffbe1d4dbcbd7fb6b36c3a84cfcc9"", ""b2aad09a639e0f7ec243bb2dd2fb70f2db71ff02109052dd2819f4ca580a72db""]"
ENDIBIA,,BS. AS.,BANDEJA,Hortalizas,ARS,Primera,MEDIANO,,2025-10-01,8480.952380952382,kg,detail,2025-10,mean_of_daily_means_observed_days,21,21,mcba,a2ae6c70b2f287e6b2ddf2ac4a2c40ca1d0cd459f274ca61a8752e9983111b90,,https://ssma.magyp.gob.ar/frutas.precios.aspx,,observed_days_aggregate_not_official_monthly,"[""c55bd935fcaaa4bfa4a3a13c510336ec2bfb967d097d4dea9d22d5bd90a21b6d"", ""998ead5d1246b4407a7d8a33df3f8158c09ab95b284011b2144d80b5803e4e8b"", ""77b7b07dbcffd7f71682b5681a378640068cda09a24b05ffdfc4246ae1dc19d4"", ""d3c45a3062845108d654584a283f761eb29d8cd44050bbc32a2a4513f6c0ee88"", ""78a08e72feb1461b5875947d40b0fe0a89425119b36b425bd1bc575c0f3893b1"", ""ab01d4ac9e0f6ac8994a4e36785f728efdc6babb080300687ab8156af7a17611"", ""7f1a00f5530e15a9b32d6e3e9bc03667adf33b77ac7e1b67412e4d09f9d7d23f"", ""921b93f32a6174ed2161470de2f0615085c90904bf135addb15348813046b08f"", ""3d385c45352a96dfa04f167a7323ed3865e6d2e4f030d8bc05dd7378657e76ad"", ""1f9dc57ea790fd85cb9766b113701390254e7045c83daef1af9f3195815cdf6a"", ""685b76a4f1021e2318d53744a8b07d7748c70f2e3570dcbe1d67aca8a8b6f550"", ""ce88f8f287520472718d20cf81a43c6cc5112804028e95681fd8532de65615fd"", ""ee18d3b3b5d0f278fa719fbe36156efc079d30e231b5a142137a7193118ffe29"", ""16a0e84b8a555b82517265af53b5981861ac351bfa2d6a61c7604a7435ca7c10"", ""08bcd4a7e6b515fd86efb900a1f6cc9ea4a7a8fa1933974ae59592a27771fc2d"", ""c6611a5e2a40591b5b6bd6a557b627d960ea6352bf9168e7b807f0ddb5602444"", ""d76ce50db374feab65242f6a17e4f3f1467bf6a696e29a2fde943233d6d9a915"", ""3f312430283786c6336b26b95cfcf8525a152aca547fd8da5db438c8086f7bdf"", ""26de3a3310d70735f31db2e0260fa92c17a5aa88aefe50eea49344661cd48a3b"", ""18423cdae36d4bd4da774429289058746e6208352f0364e13db0a4b70b9af338"", ""d4226f0e98781282dd92fc0a3c660655072fb25a7a93ccc5e75471c30a52a27e""]"
ESCAROLA,HOJA ANCHA,BS. AS.,TORITO,Hortalizas,ARS,Primera,,,2025-10-01,911.4285714285714,kg,detail,2025-10,mean_of_daily_means_observed_days,21,21,mcba,3da4775d2e9d802679497d5ad0a4a36c4ffe9e0dff9cdcb7c33c0008a1b41ec9,,https://ssma.magyp.gob.ar/frutas.precios.aspx,,observed_days_aggregate_not_official_monthly,"[""dee9027a88b14138c121eeae7f2b32fbdf42f11144b93c7c0aa85f3e614783d4"", ""40520f7ea70234ef93f7d7a50d5c8a380c9d13a89c7995c44d048bed2ec0b970"", ""a824a8fc66dcd13210c394e017195371947530d5df497f0f13da462a0fbea699"", ""49a0c6caded06b450ce2b088993be68fc275efa8855772409cc3059bda2d7417"", ""9225a90a561b4295778f6ec85d493199554030855787ea64f9acfc4368ff6a95"", ""759a03b4b23b42a9bad19e603306d8af605a1888703a38fbd79f2ce918eece4c"", ""99b1b78a7eb707d329600dd8358e7ded6c2cd224083897e8149ff202a3436476"", ""4659ac9f1d1e0c011aaabfaf6695800fbec5cd856542253da8533ac83a554c44"", ""8db233715926fb4ce35473260a008fbfdeb040dc333ea69f4fd6a5bb27c7ba11"", ""809ee44a0185fae56ba515f65e071d318826db74195e4ba2c964b1060293440f"", ""ba7d01511b3dd55b9b1af92d1174cf8f6d1c56c78c24017f04c4663214df6202"", ""478f9038344b9792227dc1e3045cf6c13e8efd8a02359e7aa9656dd173326c84"", ""a64bedc2dbbca156f7822bbf2e0cabab7acf07d25ebdc8fe75aa4097a9504678"", ""8e669d98e9c74ea065e39c057decc483464faf679d0c4dff056bc15ac8fc8135"", ""662bd1f02202c62b157a75ae5dfdfaaa5550d235beb3e586bdbe9461b59649e3"", ""fa36a4688d3a488261f4de7f2cd8f80a7f199d0061f7e5e2f343b7ef23954494"", ""9edce650ede55a7a14486f4a5110c3f7dd03a820830e76ff1a2ef4d1726b6e09"", ""7792bae709a297b5b80510ed02c62e2e28872eebfc2e796d22753d02c759a6c0"", ""4eec13e56e304c12396e11134973a7a86506a4581bf8aac529610e1648d14753"", ""51bcb597296c3b297aa220fd6600cedb3ea9deb5eccb11926b52f39e47185893"", ""2fba2fdacd9e224e4c9c940d4b8a6faa76bdfcb5414efbdc6e62712fc255a05a""]"
ESCAROLA,HOJA FINA,BS. AS.,TORITO,Hortalizas,ARS,Primera,,,2025-10-01,1077.142857142857,kg,detail,2025-10,mean_of_daily_means_observed_days,21,21,mcba,4e357319a7cc2bd276e04d6383cb158eea235a81d8f2d2932395d92c1c815faf,,https://ssma.magyp.gob.ar/frutas.precios.aspx,,observed_days_aggregate_not_official_monthly,"[""19007b1f15762703bcfee96f9a34571d8b4452ffe04b14e290111263be47eaad"", ""799eddd7a12f8e42a49cec8f2983691b19742a49976a9e6eec325bfe5e1f1f19"", ""5d0b22afd104f76e3ce44bb0da9c9ef79e71e6ef841ba076b980d63e61892c2b"", ""67e51d635b21769dba941b974b88ecdfd422b6148bcab1d85333d16ff5089621"", ""4c3b5cd236b02ae6c6704fa133d93a1f3602b6d66d251e14c2cbd05da0bb3d1e"", ""18c8cec0a016a5cfe0f860788b1e8d73b2ef5b024ff286ae35f0c996be34e6d2"", ""16fecfc3d5e2861784fb8c4fd4a71191bcfaff361108b2ae60c7e2e686856ced"", ""e17b642e9b0dbf9f0c5469a24925915c68d63c0d6f8717c8a94e3f0e9e7c7ab8"", ""b91956c7e92c8615dee0fdba0efb71af2eb76cef6feaef394e9395d6f88e87fa"", ""4fd60e28d74af3ebb55439a6eb17d2e6a440d38cf737f14576312d643bdb022a"", ""3793c92459c46d5256e89a005854feb30944530975623db74b92b50aa2e72d36"", ""54b258b3c4311463588cd7f5aa729ad79d06ae5e22d6bbf08e82231affc18c46"", ""e0c782363bf129a8e89c7b850f26a1b27490e5d51a6b1460b369944d8d2b0a2c"", ""b0f9bf639ab584d742cfd54cc8284c2b271020c5e16b987f3a532b1ee8b7a25f"", ""8a6f5bbb172b45441ab9f626b19ab45d226e04453b43df52de32c620026048f5"", ""ad56a4686f2891b0ce149f547ca6adfe48f6a41d22effc541b17e49344b1a258"", ""d60cb7ee018954ec296219c377a36e3b4125744d44038150788160babc4f3e48"", ""abdd7652d174500ccecb4584ce07f50fbde949c423d7b609b7083fec0b7a44d3"", ""3feac087b1cc7aa67e665d83f85ba53a2cb858bd4348bc48169b16378c0fc0dd"", ""45ceb3baab0104ce0afb82844000afbb8a564a2d584ad44398b0634ca0941b7b"", ""460a014467627acc44e60e320f4c4b9214b73dfe73acc6911ecbace4b2374a28""]"
ESPARRAGO,VERDE,M.D.PLAT,ATADO,Hortalizas,ARS,Primera,MEDIANO,,2025-10-01,3712.5,kg,detail,2025-10,mean_of_daily_means_observed_days,8,8,mcba,8eacf8807ffd2e7c62d456dab8be7d42c3153c957ce28015b976a5699d5c4481,,https://ssma.magyp.gob.ar/frutas.precios.aspx,,observed_days_aggregate_not_official_monthly,"[""15125c1360699744f161a6dd4efb16b5be26c003a91920e83f33d59c799ebffb"", ""0d90e46458a6ff4e96d455b724a572a5b889c802ca4ae4108ca5dfcdc6f402ea"", ""717629bb1d0ef07fedfc558ac3b4b5edecd26fcfa9b8fdfd0d38c9e34d369c3b"", ""12ea7fc9052be2380c5190e3f41ecf1ce63413f9da3b2bfffabd96ef4b24ea8a"", ""558835522dff51a5e6ca23a136af422fff4e87b0cae79a00186d4d188cab6ae0"", ""72aa044689d026052da31984d6590bf73d50cd26aa7d579bd10b039e7ef6f00d"", ""5c5a63eb850ef3df93646f2b0fede8c5c15ca90fa3492013b031d20f21fe0fdf"", ""9a9a830615eb8bd455ac3fffef1866143784c9bb92cdafb446e93ff784fcf46f""]"
ESPARRAGO,VERDE,SAN JUAN,ATADO,Hortalizas,ARS,Primera,GRANDE,,2025-10-01,3230.769230769231,kg,detail,2025-10,mean_of_daily_means_observed_days,13,13,mcba,121291aab84bcdbc14bed6cdd89b0659a8554d72dea54b5ee10a3b60bed7ca36,,https://ssma.magyp.gob.ar/frutas.precios.aspx,,observed_days_aggregate_not_official_monthly,"[""d966a656ca8b22d2398525e73a904a9d7927a3c6ba5ecf0511788c9d1de65839"", ""08dd67b7f237f1f3cc6cfc5424c41cd0c3e56b854f3d3d0537e3d75b916027b5"", ""829b0e38064790ee299db849ed0c48a564c32f54ccb1bbc727257676199bdaf7"", ""4197186e9a32a395b4b2c544d5ecc888bf2a09c246fbad74fbb4660050cd4531"", ""697493dbf14e4be4ad8d550369b104c270aca6a66a60d25de6faa31ede28bec5"", ""6bc3ba9ebadbed4b5e5f51d4c7d719450e406d0065a302d1cdce073f78d4dfde"", ""e506c39e4f2a51dc41952a73f90023a189f508b01f5bce9d3b51e6ee092810a4"", ""89b9da74b41cecb6eded33fc1dadb6636ff2505dc14c2ba8fec6b8277c79f963"", ""223a5aeda3fb3d27264abaa97df1f8cc7aa15100bbc22d58adcc63e9f6b3b643"", ""1d5dc1de7dfa63e62bba329993148cc027798c8c09a3b1f045a473bf52a7a20a"", ""14153950ec3f1801706ee90c8d6d6e1a3b96aa8356eca520879dbf07c74b4d5c"", ""98eab34f9592f0feee30f02ba698ddcbfcef48f9af6fbfc7d6307951d7653edb"", ""9b2cd5bfef8b6985c14f69180c016633a62ca3773374e5f6419d2921addad73b""]"
ESPARRAGO,VERDE,SAN JUAN,ATADO,Hortalizas,ARS,Primera,MEDIANO,,2025-10-01,2673.3333333333335,kg,detail,2025-10,mean_of_daily_means_observed_days,21,21,mcba,9077c0800c308b25eacf537a2546a28e3186d59091791c712cd481b8cef0e7c2,,https://ssma.magyp.gob.ar/frutas.precios.aspx,,observed_days_aggregate_not_official_monthly,"[""a91c20f25877db8c13edfdb4bd0647de62c123d94eb5c4955423ff38dc038412"", ""70c8709bfdd435fed500ca0d2c97ecf21d0b75c32009c143273940baa41ced97"", ""39488fa5de9b61c059dfbe94e3e591315c0a2a8914fbf7266b67161057060900"", ""4e690ff8fc042c0196e1c5b9c43cbef443eb1424cc3c180eb77802319aca44de"", ""172958a84a930b81240a085e8dc0aaa9a5f561aa389ef899e63e5e928a75f439"", ""1907d3b0c1bcd6ab1f25cabf85c5f8a4cb823402a17895f4d063357e94a71955"", ""f78dad549da1a3a3ce6a75e6adcbcb4c06dd9ff318f3244e26b3b23ba438fe9b"", ""7f2e5fb7e9f41ade11d4357b29420f2798f5e283225592fb0b649abe6b39b11a"", ""4457c96e987939065ee7980901abf0ad2bc656362a28156f38eaf561697f42d4"", ""7cbf9836870455abdfa0d9536efc4479ece81d8ef1b8704e2b008b961cb42919"", ""49305751faea82b9630836cd148aeded78c332382d2e36f74c68b248bad44f20"", ""6d8d71f1700acef6120cecacbafe30eddaa184a3568a1d828a5bb49ef77b9881"", ""299b1b85d8c499046c40c8d9b1517ef921b4f04fe4c96db285e4ea0106e6bda3"", ""84937869c336c98b43a3a8157b2135c78a0df03c457f6225876c36c4fcd15482"", ""e8c971ee285c99fc9c6373e6651eb3ffd7a2c988e7989f723a798f7bd1fc0157"", ""8892732e412c07b8b5c7efc12c89ec1732521078c0769c824e47737c9735195a"", ""f860edbe566ddc0abc791fd1d925f6d7dfee278c43ec837901cab7cc423e7354"", ""b2fa17307d508d1a1a2b346a4b4f431005e5d97ecaf06771deedfdc20821b78d"", ""84a3b3dc3a172504d62aa0aacb3cc0658a43c6a0130b0afc8715b7164bceda54"", ""b3b02cb045a22c677108a935b7ecf260051f614613f57e4fe1c3d7c3b17d1718"", ""f9dd8718924ae05c543ea29a573c008cc3ab370ae1371e8938f39d2db1d9de6f""]"
ESPINACA,,BS. AS.,JAULA,Hortalizas,ARS,Primera,,INVERNAC,2025-10-01,977.1428571428571,kg,detail,2025-10,mean_of_daily_means_observed_days,21,21,mcba,3d19944b0f52599adddde04f7e450f26dac826f7065522646f6718e66cababc6,,https://ssma.magyp.gob.ar/frutas.precios.aspx,,observed_days_aggregate_not_official_monthly,"[""b88f6d69b34a5dabb5bcf6151e979aa6150fc22dd76894a1ed64d604c2f1987a"", ""9275de48d322fed66d329bb97d373141322e537078a4653d4471e6903b65f255"", ""6b186e38e08d43bc35d93468d2d1cb7d2719f9984df630fc5b27138f800dc553"", ""f1744da3b5d0a5468c514839b243fc167211de33329a9abfffe19814cd5d5d11"", ""41cffc7cb25fff80b5a028d7c7c9a33a252668cf19b0fbd4e43c690ab3f37067"", ""208714db19629cfb97f603f34fed2ee29f458e2b4b56669f1fc47812855598c7"", ""90aa70beee960a3a5c5bc83ebf24ec157df13614fe0c02b49407b42aea304a69"", ""157cc81ea487c979c4450966af8d1ef5c4e8d5d50c05e39c1b013fa21134785c"", ""ab23a94555af21d76324b2682142f3d20c3c56e7de5965aa74112aee9ad323fd"", ""314a0b19cf7feec7bc30431295cefecfc6b401f78fdf775aca38244828a9bdf6"", ""c6e0a173422912a4b9c7c5d582fb2c0321c1467ca078bcf9af09c488ce5b4e5b"", ""a689545b073c9a35ae5991bbc156ba7a089fff66aa7f4865b72178d4f4eaf377"", ""7f241dcfb169ca742ab730025725d8511d80b313bba05f2768c66d3eed12c737"", ""99896d883783626e293f97d72f458b1299f9678d49e2b77ce0ed03d86105dfb3"", ""3aeed5f1c6e640e2cfc26fea0768fa8f0e3b5e302179126d859dd1a4324bc8cb"", ""04ca78a9915c052cd27c99ec113367a35746a9c3e0ea26cb3dc159096fb2f0da"", ""76acae92f3856e124fe3bff6a11771f8e8caa066f6402089d177e5c6b262af77"", ""4331f8594b8facf67a0ee042de95482900d8798676c86655537c82fe90fe2f93"", ""9117847248135f29c2b4e367e80562b0a33d04aaa81f11f744ecdeeec7d5024b"", ""8cc662781347f4ba255f898c02eed1ed3c0bef0bed2689a5cfcd7d78f6c35163"", ""1e9cf5a60c4ee5765d82d5304c2dbd53b68694219e22885b44206e5938cbc98e""]"
FRUTILLA,,BS. AS.,BANDEJA,Frutas,ARS,Comercial,GRANEL,,2025-10-01,2542.8571428571427,kg,detail,2025-10,mean_of_daily_means_observed_days,21,21,mcba,5ee6421ce6c05a1e0a19f32ec47e3ff0937870aaa70b5a809372dfd6f9b04839,,https://ssma.magyp.gob.ar/frutas.precios.aspx,,observed_days_aggregate_not_official_monthly,"[""88f45055f18b050f0c281db70a32462277fbee647ce2aeb02758dd4fd0690201"", ""6d5bcf49cd0662c4b3ccedd24665a008720db05198955d55c2debae228e35f63"", ""5b12b48a1404c86038a4b4518442e825afb0bb8472fa7fe1c3b53aa999b4a509"", ""890693f8729c5258ab51825d7e26425cb4d14218a91615dcdde220b9e60a52bb"", ""92dc33401a5eac60401a1972e74c215d74f5e3ec6baa5bfcde3249e162fa7a8a"", ""9060789df61e9cad9f564464d88659f843a374f3626209e8ae5b3076f5f807de"", ""8ee1bd2d974b2061859f1a5057057388a713757c0fcb6e8abbc16656bc069d01"", ""f18ca9ca80b5579bbd487606cbec03293637af8f9cc60599de4269d0756f182b"", ""5fe006b3689e16e65afbb7c11adc679ed33d5b7a2aa63a93c6bf88ac9577e3e0"", ""c8a2cd38c1a58572c54466c4179b7d5708ab132ef509cbb38084adfad15e4391"", ""e642c33e9111c7c4121032deb975453be1092970a010b4f93ad55fc3f0c527ec"", ""67ed89688cbd5e3a0853af373333641889efd89323870b031c302adb2578dcbc"", ""c24387b90827b0f2678e772f1574e5681b351b80514770ff98924aa6d8b7a130"", ""30bbd9b0bdf64bd3fbb6063c860a8fa9305c4c6b181009910aede3571d140c28"", ""65bfd9704774014ccb8ac41c925abb39d982c2edb8c66647302a1d1bea19ed2b"", ""015e6d6bfafb2b5bbf9ac460a81bbee89139a1b408be1276e6922bcf1e6b7e12"", ""77f6b55f9014ea385cee51a832b97350bf41a0633440b441db56a59d82445bc9"", ""cb02786fb06406f3eff3abc9e03fc911a03c143db1a8c10a4139516ecdfca970"", ""d3f871cb7936a3b51daaf5b662982e3379e78b7630eefac381a1da7f5d377956"", ""8902cb14359d792031705fec2a3f157568638b98636b8034314a9715f18eb643"", ""e8651dc262f7cb2cca8502e26253e6c0d3842cb31b280e8438adb7ab9e6131fd""]"
FRUTILLA,,BS. AS.,BANDEJA,Frutas,ARS,Elegido,GRANEL,,2025-10-01,3571.4285714285716,kg,detail,2025-10,mean_of_daily_means_observed_days,21,21,mcba,caff32aa606d5ee927783b7eca76d9fabcafd3b08f1ccd204777932edb76a258,,https://ssma.magyp.gob.ar/frutas.precios.aspx,,observed_days_aggregate_not_official_monthly,"[""de573eec1c3757bf992560e295007fafd2ac26d24d59bed4c5c8c1cf29262d63"", ""a780054b5cc52d51edbd4e775d5a7ad744cfbdf7fa10c5492e40eb5624694a56"", ""6ef8cf1bb7a6d0d46e1e2c3f63f4e51168fad73d5b6c1aada13700823ac17069"", ""1a128fc9618b077854753d7b4c8483270e6a9d8a174462238bfc35850475438b"", ""790906d93e2d67b54b5c4cba7ac2be4da026e07deb70824a785699dd56345dfc"", ""7aa581b88c3d091711202966db0d1165dbeee5b03f0603e8e7cf0b4a3b879524"", ""5d0595d4bdff74bedbc9ccef9caee79afbc9aebe5e90c09afe07afca2f438077"", ""352e1f5901035d674218b43888ac39855c867cbcf11984774acc25c4ac76f164"", ""803bf9fe046ef7da8296107d076b2b2663aebb64253af4bb6f427172bedb1a4f"", ""0e583fb199bea1e397b44fbb37b7175eca130bb0d99e5b3211b3c2c071a687aa"", ""383b1f5f819300d727be5d9aee343bd82609917a08fd05a69d3229b6447c833b"", ""437e20035898c9482852223c1d5d699f4f3bd9646dbb1774d7d19eda56770779"", ""dc19e7ba5a326f87d6d97193b39c86e83c1d3261e9751268d39515ae90c7026e"", ""b64bf9b287b100131df51798934132783e458e526aad224148f3657ad0914a3a"", ""33ac4d9e52b0a196854aadb2deaf27bf8df73f81a0ac79e57dd189c5777874cf"", ""de7be1aeca7ac0993eaf3d0d473e8c9def2b7e8cda57691905d304ca659b072c"", ""598f56fdfa0d77b4e314f383fa0f04d8c31125e69205b0c96c28c11a5390d045"", ""46e6d1fcac7d9ecb079cc1978da4282833ae94dfebd9090589785f290effa849"", ""bdd4ccc8d73141f4cef18859d03a2f34f2398557eedeea10e70fb4a3c85d8284"", ""84c20bc7a07ed1e3004ef881b3e84e791cc62016fd3c8ac7149070eea98437ac"", ""0ef49a1f5d1b3a96dddc8fa83312d173a353147effbb76232b359a3af8a6ad68""]"
FRUTILLA,,CTES.,BANDEJA,Frutas,ARS,Elegido,GRANEL,,2025-10-01,3500.0,kg,detail,2025-10,mean_of_daily_means_observed_days,3,3,mcba,fca3e915cae41ccb0c6d71abff98aafdd649b432b8c8953bf2e103745fc478a0,,https://ssma.magyp.gob.ar/frutas.precios.aspx,,observed_days_aggregate_not_official_monthly,"[""344b692269e33e5cb698d7e810e180d36ec232c2e0e0a53165cbdf0601d7ce2a"", ""02ae56e6b63db1bb8a3c92d5a1486115881f68e42b2a2746871fa0eb627a2f00"", ""0503fca3b99eab3f8c465de64b2c717e349424a2834fec8f4a26e1af62d943fe""]"
FRUTILLA,,CTES.,CAJA,Frutas,ARS,Elegido,MEDIANO,,2025-10-01,3666.6666666666665,kg,detail,2025-10,mean_of_daily_means_observed_days,3,3,mcba,1be72a009896435aec3c5c0306d5567d49467961bfdd0c958086ccafbd819aaa,,https://ssma.magyp.gob.ar/frutas.precios.aspx,,observed_days_aggregate_not_official_monthly,"[""debde0e9b1e944b61df7c483f353022d7b05fc8329e11d46de4ef8d305969036"", ""86295d5c1878c676a780d2d5b74cca34a890b45ef0bb5439bf774a4e5a5172ab"", ""ce824ba9ec64416425297d44ad09b7ac4b0a181183ea375a7df4c62061604619""]"
FRUTILLA,,M.D.PLAT,CAJA,Frutas,ARS,Elegido,MEDIANO,,2025-10-01,5066.666666666667,kg,detail,2025-10,mean_of_daily_means_observed_days,3,3,mcba,9b4679dd8ebffdebca739a392ad405c1c18729fc53d92270b178bbeb4794d116,,https://ssma.magyp.gob.ar/frutas.precios.aspx,,observed_days_aggregate_not_official_monthly,"[""582c42f2fd7c023881239f98a382e2e4fce431f7c9720681f855fbe479bf94da"", ""6f8195e6141dd32955cf2325865aede944cad7c7e57adfa2c708711adda34607"", ""47937ee13bb61c3862becee56c14cb42d7ed07f40ca03337577574c0b8219be5""]"
FRUTILLA,,SANTA FE,BANDEJA,Frutas,ARS,Elegido,GRANEL,,2025-10-01,3933.3333333333335,kg,detail,2025-10,mean_of_daily_means_observed_days,3,3,mcba,49038f26f8ed61a8729081aadcc908ebb9cbf7d076bf931f63c50567416bd156,,https://ssma.magyp.gob.ar/frutas.precios.aspx,,observed_days_aggregate_not_official_monthly,"[""821fd22fc07f421bb15eb899f9fef690af091cc32dd0544c00fab2b68c5bf56b"", ""649b385843b437faa688d21e2027786490de4ba057f707f3d5a5afecb5f04bad"", ""8edb33162ccda430498ab4d2cb619a5a4a53a18af8e65aae02e33911f8e80d4b""]"
FRUTILLA,,SANTA FE,CAJA,Frutas,ARS,Elegido,GRANEL,,2025-10-01,3444.4444444444443,kg,detail,2025-10,mean_of_daily_means_observed_days,9,9,mcba,4422148713d5f3a396aa7dcc0a34e65f94e7c03c9cb58e9f2855fcd154fec94b,,https://ssma.magyp.gob.ar/frutas.precios.aspx,,observed_days_aggregate_not_official_monthly,"[""66524cceef32b2b17b58b0e7ebddbadfaa3cb10354e44f57735402e183580b09"", ""8ba0a467282c9f401f7ff0c5c5d84e1b71ee8f26ff5f90487b99892239176668"", ""6f13442936830a1176d18878f93c2b3bed7ffc4310a2586abc3dfce58c937176"", ""e8f67c92df488f113c076fb8c3f5f541fdf09c5448537b9babe3bb6b50741f99"", ""0bd0089e72172b457cc3c538f2dc2a4e0977e2b0647fce8678a8af8ec777670d"", ""1b129f274a53a391db033e983a3b122de28f015f40b14e0b035a260c88b9e96f"", ""6e1974d1ba17b843276eaa1e7f53d3a34119fa4fe2480aa0d7b91cdf17b80777"", ""12e0301b57f56c5d53507ffdea92784f29da63fb4c1e6329c15b2488c95eb808"", ""2449ed7ab6de50e9113a72af470e4648473ec433acf89f95e55589f7dd4e8176""]"
FRUTILLA,,TUCUMAN,CAJA,Frutas,ARS,Elegido,GRANEL,,2025-10-01,3266.6666666666665,kg,detail,2025-10,mean_of_daily_means_observed_days,3,3,mcba,30a62af0e007cde80b74a1d1f57e3dc635239815758a6a8fbe4c0210f13cac9a,,https://ssma.magyp.gob.ar/frutas.precios.aspx,,observed_days_aggregate_not_official_monthly,"[""f5d3d5657047559d96c4434a36c985e15683ac30e32aedc265f784ffa44f38d7"", ""2dae2cd5f0a45fcc57d5f95a49ae104bf9e02f2dd95a17241caa8878a75120f8"", ""4cd283e46504bb360b1ed47d9150789584c3b7fde66938adcde04386eb3341da""]"
GUAYABA,,BRASIL,CAJA,Frutas,ARS,Elegido,GRANEL,,2025-10-01,6595.238095238095,kg,detail,2025-10,mean_of_daily_means_observed_days,21,21,mcba,d4ffccf0632d2855da6192fbd29baf76a916d8dd6b90e49aa442c18097586130,,https://ssma.magyp.gob.ar/frutas.precios.aspx,,observed_days_aggregate_not_official_monthly,"[""37ae3dd32d28c2f6a7fcd210966b96f9df4dadd6a65e8f59fea16d2bd1dc878b"", ""7de3622f03f677aa54876ba8334cb60ee73b2746d586f2c8afc9267edd4035e3"", ""51967c05bc2f4f328f2c6c29a10d5db03c07f9c00a0898735066f17701afe9bf"", ""f16df3ab6a2ee228b17a8752b3db0bbf5f9dbebf4a4b9876e08973966b80431c"", ""7075e8df86015800ee5724652ec664e6cda5cc4814d92b9b8b0be127757f917c"", ""20f4a1fcde82254ae9022aa69bdbe2849b8d546b3ab219425b30dec0b19d9bbf"", ""44840d04ed68e6c322e4ec58bc2c2a2ae9ec384b9e162732f2cf38bb68b650d6"", ""3deeaed19c17ce4caf3cd33ea3bece0e8973c439df2b41b95bf4a7dfacc5e494"", ""56c70918cdac4d7874d8cff0e6cdecccf039e5d01dd9e64ae269cdbe14c7d70b"", ""99e8772a9b209ba7fef70137d7210ea6e7e760a3141128a896288fd109386f7c"", ""9802b2cdeb5f951e063cde6bf031ebc55ec90aa817c9769e0e84f837cfd715d0"", ""44024db77eb0c34831a8946e6a2218bba440784ebc89f9271c298356835e4c25"", ""488b811c752670da0cdfcef54a8b960fb79dc433230cedf051af28ccbc8292ab"", ""7ae4dff564aa65d7cb23c1611dcc3520899a094c3a4123d4a86a6604cc721112"", ""810ebf5d1adb672be6cd5ba3e45ecf6a9de0b59203b8be1a73e1659810c08674"", ""668534c8d527999cd16d380c9e5f7092516d84c4b75925dcb201c856dfd4f663"", ""b3e8843d0d1327ed4df7f781fb10a6d9f1978fdc88cb1a9ec960e5064c9f685a"", ""5c3950a39da18d41ce882b7f849fe8be7cac1b2db2aa1751fb221748b7694bdc"", ""ac23a213b6a076e68a5db6a7a04b7d01e81aa90bdc609e529c8cb59918fcf4a6"", ""e79fd031f28953a75c591bbf05b0b7d3b048eda6ee5eb885a4e04f82dab7b58a"", ""03a2b310a50a025281aacecb077a53f7f5b9878b106995cf1b158f7116d59e9a""]"
HABA,,BS. AS.,TORITO,Hortalizas,ARS,Primera,,,2025-10-01,871.4285714285714,kg,detail,2025-10,mean_of_daily_means_observed_days,7,7,mcba,50ad4ef0aca8d1b073733a890deba1e80f6ffb8a4ef1ac0142eb157ff3f58b63,,https://ssma.magyp.gob.ar/frutas.precios.aspx,,observed_days_aggregate_not_official_monthly,"[""994e22bb93c6e6b6c2d7941912ea9c4b4660836e8f2259d07c85fe2722679d9d"", ""a02f6165f03087e628b57b3fca60bd4947020c13d92b5de19e52a225bfb8f9f9"", ""a2eb5733ef124df1b7f134e5a6dbecac9151b658c7761c10c03d4e96e94f5001"", ""f13537f66161b39f4a34f5b4b08d1938bca670d4a13d8335a8a8b54ac64ad1ef"", ""1dd7468f912ae1d06a1ceff19714b4d47f58b8e486f7fb277f15a99ca607706c"", ""694219377fa97ff83d6fcc9223dcbfdbec31f533341fb2a378222e9e67c33c09"", ""0c73856d980adb4b754bc71b2ee4c68b478b0158544a5fa0e66522c168168f5b""]"
HINOJO,,BS. AS.,JAULA,Hortalizas,ARS,Primera,MEDIANO,,2025-10-01,976.8257142857143,kg,detail,2025-10,mean_of_daily_means_observed_days,21,21,mcba,f5dfeb774a46ba3303b4cc32017b49c5174bed2efd63b5a65e41f4f76bc42fd2,,https://ssma.magyp.gob.ar/frutas.precios.aspx,,observed_days_aggregate_not_official_monthly,"[""5cfc2770f1052f12a7c20362725da46e061e302a962c817082588c606e10750b"", ""d79543e3bbffc7bdb77b9f6ca4335560d6c6202b1a7b71b1d850b0cde638b068"", ""b94e5835f62d129fb460d254782d4b23b5248fe5264169f90adc7b67c16b8bdc"", ""29aab552c56ea629bc5ca869409df42c16410c9df37d94529f9915d69774901c"", ""b2a12e32e2ca108df9f51b33b5b40e02ab7c0e77223453077a48ac1219f4ec9a"", ""43cd87062fa214c5c5a9d21e0c134d54751c784208628c7c720434a71209d329"", ""1991bfdbfc6257d8d98c5a6382980192181b4bcf92e3f1366dcfb20e1717d473"", ""9116d3dafc260f8400a237a87e8ced652a9495314678d6d1ef2a102ab1f0a2f9"", ""7680f4cea79342b454ec35ae57bb5c443aa7a2e0f923f98f0ee144ff37edc875"", ""e8ae229bb8113c5beafaed6b15b5a575a85983e72b35383fba1c995f47d3503e"", ""9203c424240f0fa6eea0877365a10ef855d6142392c466a17a9321e3453dbc66"", ""354bee2d5c9eef16e4b43ad5c058b0510e074233f7cd4eb9c48af5bf55db0c3e"", ""a06d8d99a929e5f79a7b711ee92e474269de0db5cd0059c4f65202618bc9a74f"", ""2001bcdf7937db082d723503baaacb15b9930a0613746f10f49e7e09d5a54cf4"", ""2961900390bccb5108fb1aa5406c78b0f11d312e08a16a64013313599c5ac964"", ""e10d379386ee7ce161a558bd55ee145348e6f78280808a7577bbcedb0517cebe"", ""fbd9c7b32fbaff17e0e70f49ebff96f551928f3fca344ead832ab631c751979b"", ""6129420041e8742ec48578b37ceb2afe89873c9c3bff2e6da4c4a9871d25a21f"", ""4ecabf7f0f368b233a6cac60dca1d2740f248b6f06b3da1c2826e30b6f72623a"", ""c9b4a3d879bd254d6f72e0d20e9514acabbc2e0bd8e0c8758865913ee62181e6"", ""85a259dec37acd977df00dff8f42c42d3b3dd4cc3e9daae066d110afcf15cc81""]"
HONGOS,AGARICUS,BS. AS.,BOLSA,Hortalizas,ARS,Primera,,,2025-10-01,13823.809523809523,kg,detail,2025-10,mean_of_daily_means_observed_days,21,21,mcba,c3e3886878d3e2cf5b19674398127b2321f5c3020f13ef20f4996bc718b6228c,,https://ssma.magyp.gob.ar/frutas.precios.aspx,,observed_days_aggregate_not_official_monthly,"[""dcff52356c5c2dd12872fa0aa58646b5f1102ea126aa6f04c24dec0aa81adc81"", ""c141333152b95aba5b5614d31d4c56ac769afaaf3b10dd95ae8d135ed0b6925d"", ""c9101814b5e32d7f3e5ab63c7762e3aceabf4112cdc5cfaadc323766450d021d"", ""8ee6d3e9236f533810628ea5e20f5a859870423e8beb5c904fd2fb34db29996f"", ""3fa264ae5e88ec8cba7a67a61733c1a7ceccd2a6c744fa852be8dab4f50dedc0"", ""ab72d1744c83c0b2735f7b710fb5f71cd284a1187221f17e78434af65201b4f8"", ""47fdfead36e2da6e61de4e292093a6b74ee91d561a8c415aa5b71b652939dc8a"", ""ddb5583cc2496efa7aea9c475f259b2e8fae249c5f9d7407c3f474f6dce5cadc"", ""150407f2f8d92b2225bb1c3521132c1a18cc9a98ea50edf006a71ea47320b67d"", ""fa42eb554cb109612589e40348b2e5bbf2a1fb3eabad07f0324f84b16e3d29ba"", ""0a1ff535f328bf0366985995f2fafc53536168755cd258953598b6801c0dbaef"", ""9602f7be28f8b4296aefb2dbb20d4aa8d0df9965f90de983888accbec776051a"", ""99d9604f1f2b4fe302d34e3b6e5c63a17033a383ed628abe1b30273a5bc71f66"", ""1491ce36d69b30bcd6f7ef751606e41fb3040f611bc172f4d6efb8d486de2945"", ""7abf6c9f0e1cb1f17036a4dbdafa0e52c9127896034f93fdf991a9f9e191c746"", ""8d035c49ca64a391c3fa184a120e8304264c66b57e5b832e11fe2ddc425b33db"", ""ce16afa8d9729dd4d354495a53968c7a8b7a32b66046de4c0f4aae4a25100a6e"", ""f799fb67ea9e88016b60098ec5e8ce01d16ac95553135114d25e36f6868d6f6d"", ""d9f2c00d5af9f26af438d43c4a155d881493db58e6adcb12b9afdb5f592689f5"", ""eba9322598560896ad88542f1ee13bb0458a057b5b4ec9855019b42781a77f97"", ""6dd00f95a0bc851579c24b06e183ffc2d019b4f3bc805ee6e822d42663052c27""]"
HONGOS,OYSTER,BS. AS.,BANDEJA,Hortalizas,ARS,Primera,,,2025-10-01,15047.619047619048,kg,detail,2025-10,mean_of_daily_means_observed_days,21,21,mcba,820b51d882823614dbf2638240e477d0658156ea055f0e1cf5f5bc05b2ef6073,,https://ssma.magyp.gob.ar/frutas.precios.aspx,,observed_days_aggregate_not_official_monthly,"[""ccf9c4ce0b198306755102cccb5bd0f4cae5ed76f19ee527254147bba8cb5095"", ""9e9fcc199f224e9b580148006c568e80a1e913c989eb41e09f7ef16d68cdca21"", ""ba1c67ef66ec3b7317a061d0b48bdb3334f9b91315db2b96cfa3b6cee7a3423a"", ""cb9c394bde0f220135b85d94294c6cf92e64c176f8a5b7db051e96eb2e638798"", ""b4a576f684d08bb3053ed220f580358c0f69b387922ed68d426ab13be6786117"", ""2269a920b818ff036299b690a7f2c7cb97f608c3f8169dca87ed0f7da0b9b959"", ""287aeba7fa68b65da5cb0e7b91c32a993b698b2908618b4e590df70bd253c650"", ""ecc0c12457f3aa21cddb0bc3e8406f35b9344cb30efcf01ebd5f0db2e92b2760"", ""d0cb3e63c940851b523fbc79b92fcbf0147cc9ba5098aef067b4e19675de000b"", ""96cd9a0e64a69b347881bb1ba56fedba8f0a708d2ae1ac28e5044aa47808933a"", ""df7d25aa45056a752570f82aee29f6f734b35e548ce92725feff70a079ea76f6"", ""9d916490c1698c5bebcbf060b01533047f66587d0a7f660a8ae5e84fe676c978"", ""347383c265321c3ec6124295943f9ce87b554b6e02425c73f3a6b2bc9529d3ff"", ""98b14a69a1b7113ae18b53cb4d529037a1dd215b541e7a4bb094b77f757431f8"", ""fb78cc58ab09fb47f2f6ab262ac49ee64cd8ff222ff80f3c8d208f75394bd4f8"", ""231df8e16abb6b2eda55ad874a46ad3d215ad41b1510966129f83eed9b359a1e"", ""5adaaaa85ccd14aba8f0086f1f683d20ad7a8e454b884e810ddca3f583a08c3d"", ""88920b70bc5d2a6682177a68ad4719e040590cd371963185131b3dbe784dfa2c"", ""bc01bd45c8bfcc2c7ed8d54948b8ffe77ad2bfc9f082dfa0d34df186e69f0cf7"", ""85d02e560d0d2734744b3e90b600d8aa3a57b8d8170e48924b3c26cb77ec9932"", ""5fe5b3c0a92c4bb9378deaa745ece6516a67936a1744d18343a1669f7a6b6635""]"
HONGOS,PORTOBELO,BS. AS.,BOLSA,Hortalizas,ARS,Primera,,,2025-10-01,15247.619047619048,kg,detail,2025-10,mean_of_daily_means_observed_days,21,21,mcba,6ea117bb09f652828f9b7659d00547bd77ddf76f07bd76678eff14d099d89b2d,,https://ssma.magyp.gob.ar/frutas.precios.aspx,,observed_days_aggregate_not_official_monthly,"[""3154f5104aa1de80a8e6b0cf5b3b17be70f3d630932bf816edb339f60a8ca334"", ""057a4630650fba893ce29027c6db14400ffe4e130661e14cf75526f7b0be536f"", ""a6a75df7c5d7133db59e4eb40dc9dfea523d442c2c6d6de39ee2ed404ab92eec"", ""9627ed23e5cdf8e373dc6b59c1f673f31fbca8dd1f2452e863e6cde6c9c4b36f"", ""0728901a42b8a248ed3e2a265e6e10683a11ae7146566beb2021eef4621a937d"", ""052f68b3f2d3705e3fcfc6b05d9728b74d0913ff414f4a39950017d305914327"", ""3c4858303ad6d190855fd415673c08d2390de1013da7473c61b7de54bf374842"", ""2341b58bee88cf97c6b51edca365789aa86bd25fc68523e8fd52ac1d2eb69779"", ""07cc9ede18a639eccf9ed8371d7e866c63d2d4a9fbb0804835062e715cf27fcd"", ""2d7367af6e13e595900b25e9e3e8495b546c1d343e33445348ffafcbe0094a9f"", ""29a5e231f586e78e045f8387bbb47f6dd3bec80c23632d84886e922e68642748"", ""8829eb58e627009af20bfc8e9c1244bd308337acc75914327bd0726e2e237821"", ""3410c50f8b9d5b17d744c97e42cfe5126b701718e5c37ba7a0b244bb61239ee0"", ""44b4fb6c2d425981adad80f95376f346e1141a5060190c8f7f2d1bae79a81ec0"", ""366b44dd0b84405095560363435c096699c247fb3db8b6f0e63a735b9cb7a78f"", ""2bdbd1c716fb95e5064c8fa244a46c9e5a95bf0df6f5cf7feeb7bb16c4ba4f11"", ""0bfaaacee260955076a74e5a2d2870b6c70349d317a31ec1512466b2a68bf2cd"", ""f68c07c72c9c364dae354a545d9507c52d0bf8b35a879200230702e1867624df"", ""4c133d1316932d4c1d482ae622149c5303e2bd925f3f6835abad2eee76b34347"", ""3bdb867407c3a6a302400c8a6b1aece568b7ae27b0349117ba7e363a5d9727ad"", ""7ec25ac392c5353f0293a0ea803953ee840f220e3e9b9f1af3c1b02e2cad6a0e""]"
HONGOS,SHIITAKE,BS. AS.,BANDEJA,Hortalizas,ARS,Primera,,,2025-10-01,15190.47619047619,kg,detail,2025-10,mean_of_daily_means_observed_days,21,21,mcba,555d3cfb01b45931f1ddf5c84efe32a080969715173145c0a30a19b1a5402570,,https://ssma.magyp.gob.ar/frutas.precios.aspx,,observed_days_aggregate_not_official_monthly,"[""c3be68990ff251d39e4237c3d9bdae83a6b085f117272151c71b31142031da00"", ""fbfb146cfbd1140c828bd8a25b5f57ce1934ed07446ea21a876c75cdef05fa90"", ""2e24b8665cc24f4d93de5895d65941736e4805219da63f38061c0276aa22ce6d"", ""4b702a77b57e7f3aaf742160baf167abc1cda4449dcb25bedd5d2e716369076a"", ""5fb5813d5e46a233e3a087308157bbbeff6f9c97152c82200b7ee50fa4b6efcf"", ""3d651891c25580f24ec6b7cec479f2b0c0930489974bb59a95a99f454a6bc068"", ""08ebd34253e9def627a8ead98a1c131c02c75790c864465bef0c9d142aadaa49"", ""4927d6a2d7a0d25c9061811955d6752b2c331875e7765db885804586d0a844e3"", ""6c59e1cf924414159f58d66767570d21be550287d541098ee9962c616c2857fd"", ""a8e2dee89c34a6cdb224c4bbc53609d562b2ba9db84f1397bf9dec51c8806a90"", ""366e19e653a1689b143235187edaaf1cf1d55cbf66e6bc9c12db5ae3909da993"", ""ca1b4d0d2aec282be389671184b242fc736d9de824f6cc6f9af5bff7f3ea1660"", ""9626c6cd6ea0f688a07d83641da97c81d228fbc1b0ac649dd2d3756049987597"", ""abb91d11f65c41c4c36be6e07fac94606f5b44479a8b64d8641c5c443a014fda"", ""a256d522775b9af1aa9b7203501225a0a80ba24bfae09ce3f0a92f0e0b94531c"", ""019185f469bd69ba2a075c904adf4e4505c134f6a8416533c5d95dde2ac1f9dd"", ""48abd9ffebffab9926184bc98decff5390f4a9e6278551b8084872843daa33f6"", ""ba24746dea751c5fcf00a0530ca55e3b4e3a3d09831b7b3722c114223077059f"", ""def6233bbf80f5d847bdef0c036531e7a8e81eca23ca3704d941253f29c14088"", ""4d961d44e73e8bbb9aae2476a83c4084a1a1c6cbdefa14ec6a2cb6e54a8f3e56"", ""3296acec836b7f9aa28fb26ab3d5ab036d6cfb4cb7d6b2ff2cde0bfaf73de96a""]"
JENGIBRE,,BRASIL,BOLSA,Hortalizas,ARS,Primera,MEDIANO,,2025-10-01,4366.666666666667,kg,detail,2025-10,mean_of_daily_means_observed_days,21,21,mcba,ee275f8a61164e0b4b0a34ab6c2ea1e42d2dee6384d3d2e8433ab78c2f215dab,,https://ssma.magyp.gob.ar/frutas.precios.aspx,,observed_days_aggregate_not_official_monthly,"[""1f92227d652cf4b71f37f315eee3d6dd7f036ae9b38a47c3eba7abae2779b59b"", ""037d130190249566da8f94d760538e0c0e42b768d8499c848caa13105b9ee099"", ""6a06ab2ecbdce57a3f08467c525225b315a934961ff0dbebe5df121d693f5866"", ""fc749fd390676a44f469e0f2b90067df52a74262fad2bb9431a86c7adbcded66"", ""fa99b05fa74732aaba39ca706b69239be40c1ddf38fd1b194714fbbc8cd3d7be"", ""6f7b3e6362b16efbd8b974a8b78e640c3a2a1adaccedbb644ebc79c3afb39491"", ""f8698eb31fd3191c38b09f6e19345f3523990850995921a5b5ee1b5f5b7a32a3"", ""9e59d7ba3afbbec201dec76ea2db962931032171f0f3c03edeedb861a5992473"", ""2fd627363db959c43678487ce53b56270c5f369ba56fb67be05ee36ce4ef2077"", ""368c6365b07892b2f8ba7055ab5baf9d58566dce6f96bf66bffd568d05a29556"", ""89467d17ba9e4c967b7fc2335635b40cdbfa89c821be8d45c341846dc9771d9c"", ""d84f53d2f1428d4b85828130cd0b58493d52ed2ed30fe1d89a6504d1e1cb7cea"", ""0e8751483ca1be275314e3c2f9dada8b91f040591503c852ea82975c335f6c3f"", ""5dc56ad3a856134cbbfba2b094414b329df15ad4854cd0a4fd57a2f65b7e5b74"", ""5df88b7bbebe4846a5f7bae5d4076381c5f1e52332ec79ccf776902539cee5d2"", ""ce28f8b04001db501375756b04d3a80fbfa27bbc7c7257523429ae8f2db36858"", ""062e09a900dea8d638f93211f4c13cbe8a810b4f0e86f24b57ca6a7d9325e583"", ""5889798f7906e5e9574b67aa7031a621ca5e993327564b278f3d473926573d25"", ""02320ae87fdd942d382d45a04d9c420637b6fb78124e57895f1d36cad6623285"", ""95990efa61d195da63f032116a9cb4f471d42b3657de60c7292d2707a1ba5f39"", ""3673a0a1e9cfe89bb1f8833e2613a38bc913114c79cbbd6e9876b70bafe7aae1""]"
KALE,CRESPO,BS. AS.,ATADO,Hortalizas,ARS,Primera,SIN TAM,VERDE,2025-10-01,736.1904761904761,kg,detail,2025-10,mean_of_daily_means_observed_days,21,21,mcba,ae3cfa427095c629fcbe371f6a2ace0dbd98e2ce4317d4c9e7476ccde5403a2d,,https://ssma.magyp.gob.ar/frutas.precios.aspx,,observed_days_aggregate_not_official_monthly,"[""f9220de7e1b36801d443f60019524e2ee2d9c8264a05847e02ef8808daddfb3d"", ""611d511c00d4bb5354e62ce10a538c6f5f3c922b927f97829fb260624d3b593f"", ""ce4c7fb0e4d783e851a8ef7ad08af6c900368352cc7af3e11a367c80151151aa"", ""f14d3dac03070f6732ed133c0e554df0861b8db2ed8558d86f1469d96ca83c52"", ""c2dc04cd2f2889d58ff8fc30edc96a7178b5522ad5b9cc835809f05de9c982bc"", ""ea156dc2aa2422f0eb7b9966f1ca6a840c81d4004e495d2d95eddd90a10dfa7c"", ""c5b3abf9c7f6ac6a6e59b172156a3241eaeae634820b68e825985ec61f207c29"", ""7607435e6c65dd59930b2aa4e147522daed92a3ceeacd10645ddb6ddb557c67e"", ""c6ddf35beef0af36481f70f7d122b967715399ef852f6ea65f3c3ca4d45d8810"", ""fa87e57f0d675eb629aa65e5ca07d765a165ef035c541d4f0083e138330f9c99"", ""26650da8a75d866c026a4dd431fd48997189622e82fe29cda58325b29414f8ba"", ""66c53d832c9dd4b7158e282dcc94c3f322888ab1cf3087775604ec692f52799e"", ""d396ef4efe0fbc3f0e81b305b35d375e485957154fcc7d7f625d1aa35b95b0db"", ""7490c306dbc3d4e472561bb3d80d1c560904fccbcfa39611482d98988881b4c0"", ""aa9f088fd16f11e7130d87685c634be3214190cf3586e8f6ad55a1ab84ed9216"", ""848a9f9d7312cc767302e097e87cdcd0ac2b1723324632719db68e93ab6592b3"", ""3565f35e0187c9f8359078d3a9cdf444275ee284f42714b7932d0aa1296ebcad"", ""5af61773e5608ee7a7b674ffd5d3ed1002d08e66033fcca27d5395e927aabdb7"", ""35893d8154e0a403cd651a860e65729edf602fc64b65572743eba3473d4ddbd1"", ""de4e92da7643350a0143d909b08c7c12f0e9256b0f80feaa2ca87b8fcbc91a78"", ""f7d2663117b93aca976bec6029caafd9dca570b281c5dd1d076c34eff06f98ff""]"
KIWI,,BS. AS.,CAJA,Frutas,ARS,Elegido,GRANDE,,2025-10-01,5519.047619047619,kg,detail,2025-10,mean_of_daily_means_observed_days,21,21,mcba,c6cd7ad111e03c5e21161d99929a702c4a07e121e5867ca8b17ccf1dd6f70e4a,,https://ssma.magyp.gob.ar/frutas.precios.aspx,,observed_days_aggregate_not_official_monthly,"[""4f90ad98a872dca405c3a83ee50080ee79dbd90b77a708b3d2797fe0316ce664"", ""92e8935a63b461cc1025431ae148305421aa40cd34c0e82620e53383003ea986"", ""d02fe7819650239dda6140c2afb0dde37d668505cb318b26fcfaa0e90b422d5c"", ""ecea36797bd5569b889698e7464430d99fd2732cc23b649528e3b3684c411fa6"", ""8fb5fe95992dedd4f6a4f38a7e4f15c239e2ccde6385a444f3f325f400e18b11"", ""e9cfac8849d105bb598cd2f16d73fab1f01bd1a37ef4574b622e432973796d34"", ""840628a73cdccd3ff59a6dd54ffafca5f70fb72091b174a8f754a3572209d252"", ""6f8f5aa6e2301a431804eb869645bdadcc492df4f0e85e91ecaeb34aa8d31443"", ""c2e710fea3973f120e345cef27fba89cb571bde3e550acebf5abe86247a9d33c"", ""336d73c6b8d3dbc7acf3fb1e18e6885018ecef91993501a659913d1e41de461c"", ""f514d19885d8f15efd5f2d92148aff13b6a629565ae342ed732d14734a55d0dd"", ""575511274bfa9c84f06d949b7f5c85e3314d6ce3e508231013ef159490bb0f5f"", ""7bc80770874cb93d6ad90a724c63aa59ca4c22b585e02bdebba0bc8ada4dfebc"", ""9ed5d89f30471f923bf8d605e8e39e955d68c6628763f9a96803f806ce5a7d12"", ""e5d25204a545f2395ee596159dcab4b56aba55e46cf2449c511fa7c795efcbf0"", ""0e88b6193ee7688df4b01a3f488df466d3c0f313802c91000712da89b84edd1a"", ""de1948bd55794eec1e6d66215f6603ad11414b0701ca4f7360c82665646c7af1"", ""2744371b97e5562ab6df68c40e9a13e22068072439f134e1c4015e716fde19e9"", ""0b42b4aef5dd12e2cd1b5dcb3441379336aadf5e98c165fba9eb5213178b6ca0"", ""2eb6305b421fadf4dec135c43873b0436e7f413996d1dc848472c207c74b3f0d"", ""60639b864473f9947054ad7b34af518878f3f3cafaecf7431ed7f6f0d24eab0d""]"
KIWI,,BS. AS.,CAJA,Frutas,ARS,Elegido,MEDIANO,,2025-10-01,4676.190476190476,kg,detail,2025-10,mean_of_daily_means_observed_days,21,21,mcba,680e799f6f02fd6df71b88950da50e41c2659371d984a75b5b7c2d6016c8eeac,,https://ssma.magyp.gob.ar/frutas.precios.aspx,,observed_days_aggregate_not_official_monthly,"[""bdaac79a32352b5960c642d9773e68f79d1d9491a1c1f8bb760da96ccfe56c98"", ""7645da81f14bb01aeabfc9bb0f0c2757225536eacb11f5464b961eb7206cdb21"", ""65046b75525e9b1d80e1bdc1f444ced23f6df9ecfcf89c94bce663bab27d9aa9"", ""aec5958ebcd199aca6a7b265a837591d2900a18d72fdcf1578d234b7d28d7eba"", ""b562df343222c64bc3a72985d3de3813e21dea0b3b8a3381a9936b68d4e2944f"", ""f23a325eb93e3f3d63d3efd1978db25169ec2841d6447477d34d096b0b239579"", ""6f995991f544fd49d5305128a824e10cc9c0f2885e7df442a594095a880c40c9"", ""a0808c788256b84ac0dbbf0a3ecda9822d46cc14dfbb5772db1f61e79bd1c584"", ""c5ed5b837481039c120bb2c29c753265cefba35c492984efa0e7c39589f4d558"", ""94e792e08c4446294b075d47ecd7c54378c9404bab3f8c743891d6bc005a222a"", ""aa3c8c34b312e2536ea8cf77ed500ad9a64c6946ab8ad2394913b19b6bb15e92"", ""cad677f50890ab6ac5c6a5f6c3f0c67993328489588a3ae7bc40ac07597b0746"", ""b0ae2e9c99f1b45c09bb47995f85896035169c5f121da9ec272ac8d7673f5b02"", ""a276e5a681aaedd69e41e87491ebb265871a96ddfd54815cbb081a2a26c83d44"", ""1c64b862413ea74cbfd1a63d033c662ca97ba9fcbb1a7dc446b60cf6919a79b2"", ""024ed4aef5cb6b3aa952eed1a1ec37b72350c2e1ee928839c5a6daa2413f15a0"", ""3c1ba4d309998c1625ae82774975a4be31587a31e7dfa84dad9c36d6b765fa33"", ""99e84cbbbd505ff72825b7577a03bc0edd8f9b9a94991005b49e95e82f3f3685"", ""f9b59e911822c7cedb5c6a2f8de3ffb2e8a81d7fb2a3c35760535400db6493a6"", ""c0ad0877077eb5a0cb733f362079474a3bd56f79b5729240cc7edbe42b790f1a"", ""53892fa5f6e4a7d8afbefe58c7543901701f73738c3f5def316913f1f5798afc""]"
KIWI,,CHILE,CAJA,Frutas,ARS,Elegido,GRANDE,,2025-10-01,5628.571428571428,kg,detail,2025-10,mean_of_daily_means_observed_days,21,21,mcba,e8b43aa71770d518ea051a5255bbda4592e1afae08f042b44251696b97ae586a,,https://ssma.magyp.gob.ar/frutas.precios.aspx,,observed_days_aggregate_not_official_monthly,"[""086f2cc26c73d27b6040ceef7a1a90e992260f1e6fdc72f588d95e2032330a6f"", ""9952ed5974478f7b5ce8ac71736290d3cc0cd6601e38aba7722d58349cde2b3f"", ""00bf0609db43f7bef8ca10b8187335d079fbac41154e63fad453d5a61f37e6a7"", ""9b3ce16c793e08dab762adbdf18d256eb40206cc8d5c72e7c19385c7be386cea"", ""c335a33de4652b4abb87a25a3ba92475072f90257dfe3f456dc170f84ce5eb56"", ""a4335115abb1ddef5c7e778c2c2860bae60d80e21badc08814aad2949c798094"", ""0ee6799c483d051906bfe9e9a3b6e2e4f7697cb4af97fb9fd5a86c53762d1db4"", ""b01262f4517d511d1262383e895dfe4c4d257c5b19b7a6ffec165cee489830c8"", ""79f8b1f48fa55272ef4b1e019d2df0819cc98b9ccd1cebcb2b704a06d2c96e90"", ""da7653ebdf136bf9a7bde57983dbf2abf024f576dafca1fac2aa28b3e8b3e80a"", ""0ed846859427ada032ec7cfbec263a27bad17ae44e7e219b8a228a7f2a1bb676"", ""8b367aa6eb5afbfd702f3a4936a7cfc38870c3596a85709d36109570e9cb269f"", ""b9957e2aa8a7445a4453f47ff3578dca2a7dc1ed2f2bac1d79b8d98c0942c1c7"", ""19f8765dce6b52f624f916e1f96f3dd5533b5d5a0c3a90f027c79e6759f41e08"", ""66dd2d5231c10ff1b622ce1a525523905b900cb6785a1c0ffaa8aea11632ae8f"", ""a585dd947eeab949b2063b6e938cbf1899afe70087a211bc16c66934d36adb64"", ""a273ea97e6293ae184fc8a5efec858c105b80ffcdcaec5907b2a6c89a9269d0c"", ""39c4bab8d2a11bdf190b7ff358826dac6607bcd7b4c0a249f8e3b5da5bea47b1"", ""7c846b0f0d096444fdb7186a2278bfcb7f0783174d6023591620fbbd6a66faae"", ""3ff97266a30633a509f187dfbcefaced8cf4794d5686be6b368295902cbfb31b"", ""3ed595da0b2b393eae05a2d7b73ede0e9db928edb4f5db1c4ea9b93b65eba0de""]"
KIWI,,CHILE,CAJA,Frutas,ARS,Elegido,MEDIANO,,2025-10-01,5133.333333333333,kg,detail,2025-10,mean_of_daily_means_observed_days,21,21,mcba,c9c8ec267fd94a561c54fc7aef5cfbffd1c8ed8686ca29ab48773cae401c2b1f,,https://ssma.magyp.gob.ar/frutas.precios.aspx,,observed_days_aggregate_not_official_monthly,"[""a647df590f1342c04a0caf432195b1edf62048c65cab2a73ea158a38e4358530"", ""207fb51e53a48e8e01199114a1a721c0346abbf062480e79cdafdb2a5abcbfc0"", ""a1922e47ebf956d25320984092bce09f500cff4c8cfe84cc0158eaa8353e2b8e"", ""31807f98fb1930b4b8cae56854197b92f5cfe737b9dcb044cd87d9860d43cd63"", ""5d5244bc81251fc2d7737bd17ffe0a90cb41c84b923105244b4526b7c2123461"", ""a773a0a12aff640f83c475b812b86965e5ce4d378be40c8f2e5442f69cc4d8cf"", ""33329d45320db5b79b4fda6dbd64701de52e3d371fc0b746a9945b84dc554e33"", ""f7c9868a84929595f2f1265942024214848d1e60f11b610ba0cb634c89192428"", ""4783c28c1525660b4e5fb8a6f1c8001104003cc804dae3af3d183301eb306046"", ""2ed98fe7f6ec769e8fb91eda045b6f764e07a1cd30632e05a4871e0882d74366"", ""80bfd83a99971dd4d3140d0b6039176517e42104553c06513584d41c2791f1f1"", ""46aa393f98139acba667777643f3e344441c8c669d217123eaeb2b47e60c2d49"", ""3dd62b924b6687c34c4af5c3084bd5f75df483ff381e63ae7d02ac98241422bc"", ""12b33ff0a5bf5b4b5afe78d257d72faa02f80e82e4abc7e55bc0d7ece9c9b79d"", ""203be43e6e32da4b63e1125ff45da97cb0cd8d6b2395296cca2fcf6bdf14c3e1"", ""c461fbcc79295193f9513df2f260c6d760df6756276db5d2cabdc2df0529e0ba"", ""66b9f7ffe64330f468b737206caa8ef44321fa53658e75be89ab9fa1c30346a4"", ""11a46fa2794c21692070613c40e2abd06bb4eb660546efa0578a32727d1fe29b"", ""0e3ccf0b1da6d45cbfed5a799a1ef3d2e24f4f44a956e8513ad61e64f6970ba0"", ""3d097aa7bbf5e99fed08eb7a15ee35792758ac9f9205c3a6c638d772078ebf1d"", ""6804c79c550158931be69f327c9a9c30491d273721e227cee749b3e931996007""]"
KUMQUAT,,E. RIOS,BOLSA,Frutas,ARS,Elegido,GRANEL,,2025-10-01,2000.0,kg,detail,2025-10,mean_of_daily_means_observed_days,3,3,mcba,88caf66e07894147a8d9d7a5d2a063b908d58122f47995305635ecbbc3c42641,,https://ssma.magyp.gob.ar/frutas.precios.aspx,,observed_days_aggregate_not_official_monthly,"[""e02cb84128faeedcd02a4992333bdd192351b7cfc7fe9f3c026a1cca1aef22f1"", ""b4d1a8874ab7eb66df41260350676b4f9074ffcc451c3e9086c7bdc647b503ea"", ""675b74355d0f0036c06e877a6aadad1d60d7a8932bdcafebf95456f229b9d98e""]"
LECHUGA,CAPUCHINA,BS. AS.,JAULA,Hortalizas,ARS,Primera,MEDIANO,,2025-10-01,818.2533333333333,kg,detail,2025-10,mean_of_daily_means_observed_days,21,21,mcba,38bf97427adc6dcded7c42c95f613b4d8ff48a7c092a82d8b44f8f913e59164f,,https://ssma.magyp.gob.ar/frutas.precios.aspx,,observed_days_aggregate_not_official_monthly,"[""0868e2344c1473e2c17ec6909aae2a4f4728f54638d4cd47926fb21902fd7416"", ""f18c8affbfa8d1454c3c00b9a50e9943a19aa72ace0fa521b1d61dd4d62c6264"", ""49b4162677754b25754c8086c322265cc19db797d8cb4d828f2ef9bb59dc9a0a"", ""36500d8a51494dcf966f9f75a67f241bf900b3374d669dbe4337e0286f609934"", ""ae9ea3149c96f9a1f8181c7c6be8010296fb20b504ef5f123e3ff4a406005c1d"", ""bb715b9a3ee2e960cd8130554822647ea4c5bb68653e60bc9f6d941aeb50de02"", ""079a45948e725d959b9475a2bea2d7087830ba43b550ff8d5f699d9607bd90bd"", ""53d34307f57322a49d5299aa37f513ef6e6751d2393b9ab7b9e1bd67781eab97"", ""93007b52ec8b3c608d5fc693d94b154559245837cc1dc40e7e74858d3693bb18"", ""925cc0a580e5c2a82e3aac2b3995bb9e90eb17eb101f478bc29f8dcca37a4eb5"", ""59949892b5a7cb62aafa7b1bed5e2ca6f5c5ec3512325735d3dbccd935196984"", ""79ddacb9e2e2ca7d3b9138dae1588f6ba3bfcff072f64fa7ec8fbe0a5d70fb85"", ""1e29ae113f514b0cb0603626598505ab796a73c79ee59e238ab02ceb2276f09b"", ""0a5400507c035dda75d4bf4a07e15d180d691dfc3043c09d9f3e199a2560ca11"", ""fa38d6c67528662dbc2da0859bb9152adcbe07315c2b749cce25421ddd5a8b62"", ""798a48a58cb912a37a5115785ebd00ea1fcc7b1d42ee6474db9dfcc7c1b9453d"", ""f5849867cb1714a430603000eab3a66d43f5ca4ae27c7fdc9d103e6f80ad7ec2"", ""a817ce47ead510baa4e1dfc44adf50ebfac315bfd61275e44e2cca0f4b98ae99"", ""2a7c30d078af54e9e026f91a53b753dd528e150333f06ac60f75db9c1dfdfe86"", ""9337101a077ad2fb745079e0d15ae55de02424faaa9ff6a11739725d72ac2978"", ""570fdcc8ff747433191bdba97fb94dde71c9b6c6559ed64c333dddfa6dff960c""]"
LECHUGA,CAPUCHINA,MENDOZA,PERDIDO,Hortalizas,ARS,Primera,MEDIANO,,2025-10-01,918.6519047619048,kg,detail,2025-10,mean_of_daily_means_observed_days,21,21,mcba,6eedd86c5146e0119b772a36c8af7a36ce8638e7e550211a053bdfc72384a97f,,https://ssma.magyp.gob.ar/frutas.precios.aspx,,observed_days_aggregate_not_official_monthly,"[""2c4fe49a1959d85cd25e744706aeec5e4b286ffbb42b70f12b96046dd42e0ea3"", ""ce8a5a15dca717402a83274fe1a280808afd2d409ab3b07ee9829fdfc0a1c81f"", ""78b962ebe9b0285946a96f711d4fca4a265c19cc65fffc16a77baeb00e2799df"", ""a14f6fbacb5b9650538f6dc1f4433853bfbb17c8f9f92bcba3a52d760d6b6371"", ""35deaf5940cbeb8e0a0338d698a6b1bd03643742003786b4e1d4b16e33867488"", ""05097541f709e38b646f0812b22426115b1aec37cf45b9c652122f03a2066896"", ""fd8967e17e4497ffc43e218b39ad93c54e72e80eb8f404765601507ebe45b23d"", ""d539f77f779dbb0c2c7c02cf0211d3e596b240de02c655c02f122e77c1cb21c7"", ""29b9ebda408bf83617373a8aa87d43d61a1359f60ff948313ee1ebf44186f45d"", ""fc495e284b58d5ab7a592c66ad8596b96c9a6561b79a21e618758cc7fb2c7251"", ""243fd3ed08adc73ae50691698af8262cb53380ad51aa59f9dc5f9dfe45cf586e"", ""7829dd398671cde99b4e1c1fa7e17ec164f8bbbc4c3d84a82c18f7af62762187"", ""acdae58343d1523b9d2bf5f84e507c42d359644f7159328f4ef212bfb989e467"", ""35a7f74804068d0ec6bfc91d301311b3924d5866cadcbade214657b447abb103"", ""a4368f7fb0dff9a98202213352f43b073a0af7d7e024f36c4e8e968588e7df2f"", ""ad1b9852a7ed8e76bdf94f956614b65c0663ce8fa7ddcaae6e24d737bc98c81b"", ""5f8c27bcc498fb422e32a1a3595b7152aa71299f1d845194da178905aa88728c"", ""b091d08ea28fbd4f8df2bbbc1bba6dc525061e372ef071215d4a41018139f49f"", ""fb4f5f1aacc5acbf2a28f671bc46e622dca6c303f56cd545a95281d4b2af352e"", ""5567471e0b3a55861dc151b533e870db4e3a40eb2f8ee0ac0a9a9fcf69aa6677"", ""61f9d07dabf16078a8c2e2484fa5a5ea93c7b1bea238b316784a10de0b0decf1""]"
LECHUGA,CAPUCHINA,SANTA FE,JAULA,Hortalizas,ARS,Primera,MEDIANO,,2025-10-01,852.5623076923077,kg,detail,2025-10,mean_of_daily_means_observed_days,13,13,mcba,50a4519fb42fc9271e31a7c425876c6a3c0bfec057e886726120fa8bda1d6df0,,https://ssma.magyp.gob.ar/frutas.precios.aspx,,observed_days_aggregate_not_official_monthly,"[""c274f324dc6b16bdbf7750e0bfa6d938277eccc2594518e88f7c2a8398455b06"", ""eb85b0cea48ceaef8a3607d078206b1f0a2463248a3693ef2670decd9d5fc3c1"", ""8d46afb994ba32daaa55a621707781285b75809864515e687cda3238ff7e8c5f"", ""8e053ed813b5b2915540019b8f1d14910f162a7cba73b7b670ec34c772d0eb95"", ""d932bb88d3824d32a837aa432b97998a3a143c3e5f7aafeeb924faae7cf1bdfd"", ""1dcfbced166ea70949b7ba71ddf8af0a69ee1dae58fe12e594d6f7dd63f072cc"", ""7f5ca504678f82d60ef5fa9f257c307b89b6d8f47f934f4f364771226fc3e99b"", ""c3e4a7518ea669f164395e62e1b3019f4cc7ea96fe88ad5b1ca766da961bd2e7"", ""b93a56f58ad2d9d68d60b408541811ed258c9bb6d004884dec7775b3bcb15bad"", ""43633f6dc20af9b410d1b64776b889f1d1af051807a871e89ce58f281d879773"", ""e3919d7fa9f881b4f8f60fe78c8e8bcfe4a84750cbd5116b9f4e7472d4a1317c"", ""505c7c3cfed518e15d031d35347d4cdf2d37dede0d31ba88421b7cbb28b90baa"", ""830d98d4e3ba09ac5dea4223d62b863b4c145b6a34c41cbf70107425373d7a48""]"
LECHUGA,CRIOLLA,BS. AS.,JAULA,Hortalizas,ARS,Primera,GRANDE,INVERNAC,2025-10-01,936.9047619047619,kg,detail,2025-10,mean_of_daily_means_observed_days,21,21,mcba,4d3bf54f8d9c2a503c982921eb750cbbf09b62c70afabb686f0ac6f7eae02896,,https://ssma.magyp.gob.ar/frutas.precios.aspx,,observed_days_aggregate_not_official_monthly,"[""5dce9455e694df8116c9e5f21bdf6024574b27fc2efefdc86aec617597cde39e"", ""0e6f2c13a4c22e70e1184d4cbf74c7774397c9da559cd65878d225a0e7cd5867"", ""f0fdeb2818bd8b67345967c7a70cf4953d2b9daf109bc525a0d44cf4b000a69f"", ""02a547b6b7216a1173ff2b196445d3fe9319f84e4bfbb09c0fd15de7244f1f16"", ""2d84e0f9e25de772898b0f0a437ba709a294168b78551b1bcb7339d3551213c9"", ""ffaed3d2e25af7125ab78bb32af83c889a02bf01d047fe7e9630bc77ab0a75e9"", ""16df24ad80fc9a8b9d3e5835683757c20404222de885251ec82a20822b96abc0"", ""f8c370b9526fc88c7d67a45156d1dc3b577df7c06d247bbf2e863cac6838574d"", ""995eeced8f317e3763bdff0e50a097be67f1776f0f458e810c99e606fc4c6132"", ""05a94bc0995a00596d0f127c1efe6ecc86bac1bc3804fc602078006a9c2eda88"", ""6325ff7a0517a5580dd37ae7e142404d0ba58e9003bdf901bc768c2acbecdbe2"", ""742f2f0b6d664bbc2a3c7ca36156ed4a9ff1237b7f9009e449c00e8084b448cf"", ""f28c34cdcafb91076c1d0a17bcfa3b6a3c5cb8189d12d9203f9bc86cf766cac4"", ""b6ccfb0f896d77c055a584a58d2e316a6870d41e5b0c03b26f6e690415228093"", ""850c1cf46826f483d9a2e78aa706de03913c79a3d1dfe25816513381562a7002"", ""cd0edf9b8e9d0063924ba5ac3bd3e44fdd9647daaa8e0bd695917229e07cd62e"", ""add8a3556c2d5802873c9932386ee00a445542f03bffb72fc592d425d72bb5b3"", ""51778290cd43d0fba0e3ba706ac3aefb5a12815d60ae0b457cd6db248ad78404"", ""4c455a0748c3a9039f5badcaf1f1479c2c66914400746ac99c470ea21cd19b69"", ""0e5ed14c35f784c526a51017cdc76a86e58e44c2c04458d290219e173fe78cce"", ""506d1ad47cb2f318b40ef8cf12a9e22f84cf462d9723ed14fa6ac4ab745cc51e""]"
LECHUGA,CRIOLLA,BS. AS.,JAULA,Hortalizas,ARS,Primera,MEDIANO,INVERNAC,2025-10-01,764.8809523809524,kg,detail,2025-10,mean_of_daily_means_observed_days,21,21,mcba,697e09668ac43b50c140221ee7593b0838dc2766224a4822036f1eb749e05355,,https://ssma.magyp.gob.ar/frutas.precios.aspx,,observed_days_aggregate_not_official_monthly,"[""0753f0803ceb42ce121685d1febe62b373b3840cd9c652946190714d241ad57d"", ""7b9e60f66e45ea6ffabf1fb35c507171de5a7c462af792834b73e33a2af944fa"", ""b829e6f075b69c8cd8e549f051467255a263dbfa292628d12b5ede408534e954"", ""62793ee1db3da2bf7b560ddc909073610bfba66ca4bfa2ad80b9dbea1fa4d7b8"", ""eec24c6641ef5d691617eddc7560989c4f9fecbc710041e7813be508d8d5d1b2"", ""9086cde10804cd754e054580031a66c8691fe014dc978f83721cd9831b574964"", ""5178e18a1952fe6e71f2feaaf4e0717670b1c95f937aaab4cdbc5ee1e178f055"", ""706c5d6d5f9dca6fc588adb0dad28d286cf8711ea9d39448e882f74bb1e0c100"", ""c688f17b930134583496ded1297227896ab8d95543f331d0276933c6b2aacecd"", ""d0fd8fae2116c091aa52ac011c817f1bc7e589c8e3251cf530a562bc481f0d1e"", ""ca6ab0c186cca2e1d9409796b53e783c70f2e1cb74425d5225b2fd615eb1d55b"", ""ace3f2b44c866e580c4473a0868579c491c9e23ed2fce6a615ad273ba0644e71"", ""ab631ad0a46075327f3333d1df479d1e26b0bd4db71c1e88f8dcc3214207abdd"", ""44e402a82d02bbbdc62de6d0f06ae88abe5b10cac49bac15b9e98ba89385825e"", ""2ad5bf298241e89590d083fec1aa6bc0de300021f18bea467dad60974aa1ce30"", ""1a703eb632b0fc1dde4abb018bd5458cc10a1d374e9b46337f37df0f6ccc168b"", ""2bd453b028b24d0e3d4f5e8268f4e7d9d3cd20df271461fb95c47383fc48f059"", ""7f41c65b959861afc4219087faba94b932ab85231f8aa8e11d36bd376892e84e"", ""3cefbab515000e96d18e697d0b13d3811dca2f4a62ef85348bc2ef4ed356c7ca"", ""5df48cb02e614c0c4dea72b08606f1eb596b5230529f0e74538061701460a103"", ""e6995546b2f6ac6d8bbb85a2f86b79d3bcb977ff2e45fc3f22163d93a639a62f""]"
LECHUGA,CRIOLLA,BS. AS.,JAULA,Hortalizas,ARS,Primera,MEDIANO,,2025-10-01,672.6190476190476,kg,detail,2025-10,mean_of_daily_means_observed_days,21,21,mcba,cfacfc4385d5b564c06edfc00b94e362311be25dea90fe568b281efd75aa47d0,,https://ssma.magyp.gob.ar/frutas.precios.aspx,,observed_days_aggregate_not_official_monthly,"[""e2987d908f31153a3fde9268a919f678f0f1a5bc8d48de7f1222607d2c840d02"", ""dbaf05068c5ca9db927a219749777ba8886b55a9a3eb2beb189598b997029ab7"", ""d4bc1dac34610b3809a350be61d42ccbeea5ee4373c14fec2e8218dcd86b897b"", ""e3c6d4d78f532935f4cf25478c6277b4f989956f805d50d279ed5378346de379"", ""72b000eda448f02a6929300bf0fac53f332355d9139eb105ff954ab1f5de1ab2"", ""300aafb3caeff5ebaa1d4a6bffa9b88a018c7e9bd4eb833c63f5e8d4e22f2e39"", ""84c286964201176579ed8d41259b3d5b7e20ec81ae17c4ef2eaf5ad79ff99ede"", ""0cd4aa7c17ef6d00a58b284eb6d43f9dd8133409db6f4f1d5700e02d2337941d"", ""34397097974b4370cb9415c2d7e174d18f3008191466db1523c5737c0caa90fa"", ""4ece2945f866207df261e2e91cd54470db8eae48847e3862ae5d33c00831614d"", ""f83744dd17b8b7094e3a41647af1e61425a9cb4008e61e22c7667ff11d9c460e"", ""e429f84a3ab3c2976f04a985774ece22bb5c8c35c45af228c64ad2734a6350c2"", ""82881ffc8706d89727776ef033b497ff7f7771dc0939a88b3c602bf364526eba"", ""7f3d3e65c66aca5248fecbb9da6946544375ef4655038d1b1951624712a0d0db"", ""00fc0023ad72c139029bbbd3561c5265861bb9b7d42293546af7fab128ce90ed"", ""c1d29edb700dcda30ec0e00e52f1d9cfb3241bf315bcb2dcff1ba040b0f56ea0"", ""4121b612b9f35ca283eca4796af94a39038845f015e204982c154429373b2511"", ""fd59daa0bd29710e0b5c1264827c05efeb5853b9af24356ae10da9f99c5395c2"", ""8ef2da859adfa9028275bfeef801d96d32b72b9d7bd9bcd286dbb1fcf38e31ba"", ""b2832ab7f233aa11b93284a18846cd8bef102eb1e6380e8bce4a3dc57f58c113"", ""e79f6e8f3c7805e86afc5d0e96cee48b4a4d8f92dc24bc265bcd63c3a06be782""]"
LECHUGA,FRANCESA,BS. AS.,JAULA,Hortalizas,ARS,Primera,MEDIANO,,2025-10-01,582.7380952380952,kg,detail,2025-10,mean_of_daily_means_observed_days,21,21,mcba,b4ec9e554b0a401bbaa5168e7b77ed052dec1b3f23278d1e3dc66b2ce82e88ef,,https://ssma.magyp.gob.ar/frutas.precios.aspx,,observed_days_aggregate_not_official_monthly,"[""ae1cfd80a1cfdb3e194e2579f2c5ef292ef121bfece750efd6a14f7d0b517b46"", ""26e6ccdc642c9e647eb096e58e46c7e8a7c3965706df1ac163aa18bdd7fdc605"", ""4acf6eb01a45b43dfc497792e808c7781db2bc8b9769095357e2a4f5208f7cb6"", ""63780c6934ee3aa1a3693e4c4067f5f5b8455f5bbeab58dd8bf22115aeb3887f"", ""e01e9d307284f0350a93909a1b30aababd10fea4f7bcc9e09410562141e2618e"", ""fa7e0439d317cf2188cfd25629509640d3296e0e045258bb7f1c09debdffb2ed"", ""82a75308f49f0ce1ddf1c56448f1e0fa09e854b60774e3b286b762441da9bf2b"", ""df32a17f80b51c2d3c1b015183c1224f9c7339f5e78a8bafbaf402d0c818a0ea"", ""015021ab04a86fb0036ed9b5ae73dfd94546c7b88645e68c77c6c5d8c4260516"", ""2e36f4f482c488d337d79bed4f9860bc0b39ef0a2c88ade5369a1d96d08ec722"", ""c4cf925317d19d52ce0b685d85ea4e0935e377077d44241fc317de6c255464f4"", ""41879755f53c85cdc082494b096b64af7510e6425433b5d5b4505727e25eb3ed"", ""cf30a31e57a8f0e67b5594afb5c9b49c538a37eda71df8966770f46306a8e94d"", ""aacf76f4d5729cc5c61aaf49abcfbd1bd77917e7226155902cc974c0220a2bb6"", ""0b13cc1dc7b737256a87683059fbeaaf2f1e577f6184c7b223705207ee98948f"", ""c94b3fda5283a28635e4a1be9ee4e4d4bb97e6920fa99b8496a630c258daa42a"", ""69ebf0e145cf2ca2280705073f8565a3c8f5d519e74170a08e0ef6aef1ed59be"", ""ab5e627c7df3da25d9eaf41386d52fdee5afbc2ddef7a56fe9f91c101803c479"", ""9e1dfa29479d6dfc44b777e0ac11ef87e6db9ca55eda4bde72eade2bff4a2ac4"", ""0f162a8c6c421362335d0def776455c3cf6bb70c30e889535a3915967b769662"", ""ca75a91e3ff470222357ce8e9824f66e78e8543d841dec124664f7ecc2bf2fca""]"
LECHUGA,MANTECOSA,BS. AS.,JAULA,Hortalizas,ARS,Primera,GRANDE,INVERNAC,2025-10-01,1766.6666666666667,kg,detail,2025-10,mean_of_daily_means_observed_days,3,3,mcba,c55e3ee3f8ca956a4fde65d493d3fc41ad77bccbf5a9e2d47f680c6a23f382b3,,https://ssma.magyp.gob.ar/frutas.precios.aspx,,observed_days_aggregate_not_official_monthly,"[""a2ba42c10c9bf8d552230a7973089d6d08403ce8cdea9536a65fa01298ee0bb3"", ""7b561ee532ff381f8d9a7f5f7fe6d309890a5d82eafbc98906f098c494c95a0e"", ""d8eff04210c42e5b5268f4bf8a58613c7650e5f7a4936a5568d861ba2652a908""]"
LECHUGA,MANTECOSA,BS. AS.,JAULA,Hortalizas,ARS,Primera,MEDIANO,INVERNAC,2025-10-01,1352.3809523809523,kg,detail,2025-10,mean_of_daily_means_observed_days,21,21,mcba,952247d3fae3652f7bf867bdbcafb4b8a9c3ee4ab4e97819e44d001ba9fd1da8,,https://ssma.magyp.gob.ar/frutas.precios.aspx,,observed_days_aggregate_not_official_monthly,"[""461cef70319274f428874214b2bb11c845119eb6f06e7439a50721c1aa24ebc4"", ""bd6c6745c09e18df800ed661deb86daec66004be67676ef70547dd0c7b6915ad"", ""b294ab38ab02caf5c12a3610032eba4a252500768752f39ba96e9f1c9a83dc63"", ""1ab0e1809492656323c3b347fe032e88fb2eb9b28a7215d7feb08f7a2b524965"", ""9d078ba3541e668becd5d6279265286d03bee6a5881a508d37e329e9e30e0810"", ""6ad14a8fc801f675fb52a113e778c58adba6dd95df06bda85c26460719b4feea"", ""588bb1dc21d46e4a039c2f4b24a7ed78ffbd5404ffaaececce87817ae7f81523"", ""023e379dc2c12f1192d2c7175c647af4b845f055b95b264acb1d3639d4f76e58"", ""4772f5f54da2100317440a8cf5f993f36d411ef2659acc0a8544571219d04c69"", ""069ef59b2d60a70e9447dda39f3d576760e51ccf1eced0ab16b4f0edfe317869"", ""acb6cefa5a2100c8a4abcc240101a27a6936164ca4a99503733be185a58ef739"", ""f7138854015be25f4dc3dec609ad847d14f99c6db2b52485d3f0a8e5b3052239"", ""1fd4b4ae3aff5ec93f80d93bb787199e8512502fe023a8314f43bfe9a8796833"", ""4fa6a3243793c013d635ba16b84fae1bf5cf85e78a845d9d1a2fd3254692aca0"", ""bdeb4ebaff8b24010f8e01f440ed5d2208c6910c4ad5db53fd986e7cac72aa83"", ""44da64454e2cd3670375888de9af3ba31a3a01d45a478e14a13cbb57d2ee5047"", ""b11749e72231bc297c40ce6218a779dd17e38771bea724e6cf528ab3876b6e9c"", ""906d0050b443c0d8e8329be9c05e12e8511377696d5182e4a3ae5671b11295c4"", ""b13baa129229173191fb9f8c2d02097da716c8b9c50246161a24c898223a86c8"", ""cd2fc746a3380176312612f01eb4e16d1675c48925845cb660473bf2a536605e"", ""405a9dfba99b1d6c862c8f5a1ef2d8b57cd018d31cff056591e1242abd9917e1""]"
LECHUGA,MANTECOSA,BS. AS.,JAULA,Hortalizas,ARS,Primera,MEDIANO,,2025-10-01,1078.095238095238,kg,detail,2025-10,mean_of_daily_means_observed_days,21,21,mcba,010cfb40aa731c7c252b0f929e1b261d60beb8b10bd7c7f87b5f2fc26815e830,,https://ssma.magyp.gob.ar/frutas.precios.aspx,,observed_days_aggregate_not_official_monthly,"[""df2df4747b902a301af6e959eaf156a46f676afb899154d24709e4eef0077530"", ""3606d5e472afa7eb1911e74e6a33f81bef61565a01447f47f2c2f7546658567c"", ""978507c40932c31aa621b4059fed4d20961c26022495b5185cf87d539a575845"", ""9caa657d2fafa88fb6d945e8519fe5c856af672a3cbcf1c575d4169f3cd56cf1"", ""c9b9c5dbdd6602b33ea05981bcbb447ba32fc11399a7fb0ef5da1449b2f04bad"", ""e9af3dca8ad43c8ab2e1d8af7b9b678b2e5e450c72230e554e7563d1744d387d"", ""aed9f1b12f0c7a3d7d99d42406166402ccdc4749767df51c7c96b8bf3fc4e64c"", ""50dbd0f7af975e770ac257669c31b06b6e992a123206c25e532adb3e241f5d62"", ""058c07a676c71f05cb224c2e73b914f75f6dd8e152892ec16908bbb9507bf9a5"", ""14d1d5ce4baab970347fbc55e96966e5bb0ebb724b9b5e876036c8b9f619300d"", ""af2eac638624831c8f4a9d5cf6a850fe3449d85a4bf3561fcf4c56ed45b00b38"", ""6e928b0a7078c29f4ec200f242b9552d4d7e2915e63d6cfe78013fe1cb285dbb"", ""88a20db2979285c3d90dd5d43cca27fd45b4a6b82313e102b2bb0542cf86d885"", ""b181cbea6e2969395ec88eb9c5ea8b4a65292acd53f80e5841ddb18451303fc6"", ""08a17eca84c23a39e8f2c130c0dcbcf2265bbf262b5511af132eae095c3a5afb"", ""18b8140de86979a77179ae6a6cc095d642cd0a17f3899279d43027c1a81c79ed"", ""c66885b04576b77f805f4c8f95567bc81c98dfdb5249f397eb07f1f91b725dbb"", ""3528104605b6d1309069ff351d0dfca7c5f17e21115e7771d2032a4caf7ef4e8"", ""60b7fb87c0352ef5876f332ae58663cf8f19aaa20640a164e039d23fbba07ade"", ""f25a083fae31e65704ee60578ed7328eb924c7d9c721973da412ecfbfb143309"", ""ab15305be787b41ff24196e7340de226d58250765bd925d1d824697882d734d2""]"
LIMA,TAHITI,BRASIL,BANDEJA,Frutas,ARS,Elegido,MEDIANO,,2025-10-01,1738.095238095238,kg,detail,2025-10,mean_of_daily_means_observed_days,21,21,mcba,4e1762a3b6084130758572c748bd7ef2e233cfbb8dc603587affcdcf38ad7cd1,,https://ssma.magyp.gob.ar/frutas.precios.aspx,,observed_days_aggregate_not_official_monthly,"[""4bc4628331b4baf4aff7b28b512391c2a2b9ebcdf58e12076e3c88a2e11bdc04"", ""63e94f5d40eae5dfa403f43ab67b741f126d7a434336512c97f9b110f41bdb4e"", ""96d9b46e03a89012b6538139869bd97e0a594ba09649dced24c851c4eb33a8eb"", ""ff9c4097a6c2366f40aac4db583ab5b444cb2a3c722f9cd488680f64045c9870"", ""b439515fe34764ea5c339ce70f379c325a028c997621e9b61be8656cfed031e4"", ""325f249061a14b23a77d98fce659407cca412d5642dee1465a584d7364d4a958"", ""f3179ec55c08e09bb31d0d8a3ac34fa8329b64ba9c79fadf9875d95506aeaf12"", ""65066a1dea2eba909dd734adcedd5e28f373836fbcf26bdc88d6ad1886474af9"", ""f951a58e02b5be4eb5fc4ca4c22ea98265b4f934305ea41b2ebe53651026cf25"", ""de7a647777343f85f867dc3e563b1cbb90fcedf0a83b2593b54ad58d633aeba3"", ""89e6867c7e1281dea40e7acba7e75fedb25f1d752d8c8ccd3436fe05ce4958ad"", ""30ff6689b88c1c38c78f892cfac7724bde92dd993304ec9b8bb145cb11450b1a"", ""459e6e7265d3a5cbdd81ecadf5d0ce3d75dae9cad8d6098cd570a0caa2f995cd"", ""d95cff47f8ba2dc24b51e8a94aefb1216058ce457775410e2a47e1421d8a67ee"", ""8d0b38b2e95bb712a62be09995d7e23eb9645ce9e6dffb739320e04f0041831d"", ""9e32b54e71c247a0d8ea700a21503d0e86c418a4cb87ea246a901485cf4f58a8"", ""34029bdca659e1f5b77da156226d3674ffa8b2e195a77f3ac094c3fb56847ef6"", ""0e27de8efc76fd0d18da78a7969170c209754e9326aaa91fe8bc842806f6e231"", ""6beb5f7d598278c7d66d3ef5dcda2f61f436a725c77702c153ba96469f92d662"", ""e6c09911aef0f59175b9d4ca2b6b02672c1c5f8d85ee6f9b1f8dafaf8436879f"", ""e9351894e2a3cd23bdb991cc1715170c60f892c1b5e04c5c70ebc088b28bb51d""]"
LIMON,EUREKA,BRASIL,CAJA,Frutas,ARS,Elegido,090/110,,2025-10-01,2133.33,kg,detail,2025-10,mean_of_daily_means_observed_days,1,1,mcba,035e403dd84e035ff863078d136d761864d1e3b58b8a121a88b86d938417aad1,,https://ssma.magyp.gob.ar/frutas.precios.aspx,,observed_days_aggregate_not_official_monthly,"[""d075516db1a989acebf363cbfad8f6c91c0095dbd6a1734b151d08481ce85822""]"
LIMON,EUREKA,CHILE,BANDEJA,Frutas,ARS,Elegido,GRANEL,,2025-10-01,2105.8811764705883,kg,detail,2025-10,mean_of_daily_means_observed_days,17,17,mcba,dc98b21b91e8e9c9d41d9a77661cc09fd05838453a23b3a08ec8e45860a7feaf,,https://ssma.magyp.gob.ar/frutas.precios.aspx,,observed_days_aggregate_not_official_monthly,"[""4a3ba6e826f8783ebd082e8d36b9741b3fae32d31f41a069caaf0ca4831cca7b"", ""4d9d2e7a0b591bf74cb0e942149a3ea3bf1cd185a1245f2b05c9abd366e2a234"", ""5c0ddd0b67c5ce07f2b8f494220e4565c5abe694edaa2c4e7ebdd0c5113d4b79"", ""b06c311bdfcbee482377da4c8ff57120034162df3de2b4fb756dfcfc9998aba3"", ""e6285bdde92565bf86fc0d50d95132a413048eb90c38f3e51a6508362f00fdfd"", ""31399e0465080bc3d334b824f806f28d2614a8e0acadb65787520cf7f92298bb"", ""c3025b593ab9f1c248cb8d5970aee0c82619cd665afbdd71232a957ed00f5f12"", ""e15bcfe3ac05f010089ae07e18888d452de24bb2560562b833f101e00d363926"", ""0e79aa95e3f9b7a25512ed80d54d656247b7df630c60b50e0de4ae60d14aa040"", ""734693784dab94edb2133319b7b1c978b73af94a1ba51f9df9764577157273cb"", ""9842c7529f0a2ec32e883332ad640bb8978522cf887bc7416ed27acfe7ec6591"", ""aacf3ef91b605715b06a27149929d1abc89ddac56b488c18eb087c2957ccd1df"", ""2d53c8a789152ef297586530154752dbb1ec08cf07958d183705c089fc04b98b"", ""90e4b616ca79fcde63d70b1fe36d66559e02ffe38dc4d109fef09ff8b68ebc90"", ""5fba882d5e9cd0f2177c19bafff203054845ba6780845a920abd94d6e5c0d4a5"", ""b4b2b32fe077e63bcacf0601d4172153d43316403119418b5d001e65d7b04d85"", ""f2cf5be49126ae9d8bbe12744fa1cb7d0019e8242459e0deab9b03f77c0d49e5""]"
LIMON,EUREKA,CHILE,CAJA,Frutas,ARS,Elegido,110/125,,2025-10-01,1823.53,kg,detail,2025-10,mean_of_daily_means_observed_days,1,1,mcba,07aeaa298841e6c7059fe34181a861fa5ed09f3ba3065e8c5c760f268d98410d,,https://ssma.magyp.gob.ar/frutas.precios.aspx,,observed_days_aggregate_not_official_monthly,"[""a04e4e6a1b25a60c1789d176a73ec41a89fde23b0d1ef238ca3ca4abda0a5780""]"
LIMON,EUREKA,CTES.,TORO,Frutas,ARS,Elegido,090/120,,2025-10-01,1333.33,kg,detail,2025-10,mean_of_daily_means_observed_days,1,1,mcba,acde142622635262e7c3a865c0ca35c40c19ad4270f9cc3a55c3b6dcdcfe12b5,,https://ssma.magyp.gob.ar/frutas.precios.aspx,,observed_days_aggregate_not_official_monthly,"[""333499d930dd8b0e345462a07ffba677d8ea6c8e1e24cbeb1aef0912a2ea5c21""]"
LIMON,EUREKA,SALTA,CAJA,Frutas,ARS,Elegido,090/125,,2025-10-01,1772.4852380952382,kg,detail,2025-10,mean_of_daily_means_observed_days,21,21,mcba,36f21f3ca6be5c7a180d1775c0ee6db91c04292df91d41ce1b31cbddd499cb3c,,https://ssma.magyp.gob.ar/frutas.precios.aspx,,observed_days_aggregate_not_official_monthly,"[""99677dfd3e143174d60f149e7359e7d8b220355f6e9d5097e4b74ecbe42c9250"", ""707d1bba9fd0d0d763f02a863f31fc8aafc3045988df9b99e69a999cf153f482"", ""d214a2efa34526447d69cdb490c98a6c2ba338e64862b0a9501dafbcb8134638"", ""2ff95b0057e768e5e857aa2b835b3ccb2f51b7ccb24c5795d0ddd8f351cbd523"", ""9d493107bd369429c14c53b63f314346af27784a95b759f09b82b64240b44844"", ""c342030f90b782151406f538f1cde76bedbde2dddc4aa2479cdbc6af97eb4976"", ""06e61c9fbb8dd0bfa37dc010a1626022803c4db4be452f75f4c645e11394398b"", ""a9fda88a788226fdb47a98b21ec6b3d8969d4ebdc7a18bea3fac03a27431bc0d"", ""bbb687dcf415f290dbb7497d14c97278a9c04816a60d26db7a8960e07187a61f"", ""68a0d610686813c23f92e56172e216e176ac074c9bdb06e1af56309d7ec3ad6e"", ""0f790243610ce19ac532c26a18b71e449221e9bccb57e83ed283f626fc7292e5"", ""39b9fe0e91110befb1893791a2cb0d8f001af4d8918d2d51769b7b7b42adefa9"", ""5d9a394fc045b7b3380740d09e71d90ced69db47fa616d3b7328752c0d1138fb"", ""bf8f6c489d7d2a23d2e812ba1fae2731942b209d28307a8f16ade416a12a09c7"", ""29ced88d093000d76f8eaaa996130505bb91baa73dbe4757a36a2a5289fcd500"", ""56ba6c847a4e0606d4fc0295e7f217a6c42d32cbb3319da4be95e246566be447"", ""913cd482343f27b80015a1bbedb07557f7f1aa770344242c0e7c61d4a5c43b25"", ""36a087e084528517261ad9d7f68bb2347f841e01a31b58ad436c36851ab911e1"", ""812cd426d8782f46fcc1405c7fc79640c098fd473e3f36bd4a5252f6cfe4ce0a"", ""6c3fcc2deba03100649b609b86cf93cda64421b32d582beb93d160f335a7e8f3"", ""d80d1974f8dfe03a68a30c289f743e9b6cc68fd680d7aa23f3ae416b049e9699""]"
LIMON,EUREKA,TUCUMAN,BOLSA,Frutas,ARS,Comercial,GRANEL,,2025-10-01,1091.8333333333333,kg,detail,2025-10,mean_of_daily_means_observed_days,21,21,mcba,b8ed95607c4f331e69d3a0f61efdbac6898ceb43dd4fbbc9a2a3d1a434ca9a30,,https://ssma.magyp.gob.ar/frutas.precios.aspx,,observed_days_aggregate_not_official_monthly,"[""ac98c1ecdf9ea100954d79065482db33e4f1c39071e619649ada70008b5fbe3e"", ""a0ce9daa2dfee3589745ab7f6146888602f6c85e62fe780993bf1fc55acaaad5"", ""0ad01881e5b643a4eb5a8d75ef0268eff88dd17626a2ad2e0e4f5e6299b01acb"", ""190bcdd9eb62d418f949640c78798f58870bf4aa7a1e37c1874965040ac7a0b7"", ""bab4577965d0ba15dd01cda30c92ef781ea942e55ac80a8350dbde12a31c395e"", ""57b182b3ba24ebe9111b773b2bed9907585e757f83f6105981f5cf753373f30c"", ""a8f013c648e4c35e6a13cbbb29e62b8cf715f11ed3fca95851593d4c5383d711"", ""86ea537f4432d960844f30c7a1d0ec482501635194b7a64304bac91540a69ad7"", ""541bf323139b7ac610db9184e15b52083ca2297cf32841ac12df1eae76ad724f"", ""f1e75b77b738d294bc1f6cb3f65de8873e6f7932e028aa83d5a6fc4d72a19df3"", ""594b9d251294055a8cc6cd5c26f778bc323990a48a6c2f5ce9bf7f9b9c9f7a77"", ""9df1252fa4281799e5ac166e9d3f753062da3db223ab6a507548fee0805893cb"", ""d19e3de93449d78b74ffdd95b11d0162182269cb68cdd8788983b3af5b62128a"", ""5102798b57c861cef3d99613e6f5f76921ef61bed75f59191f1bbc2754fac1f6"", ""9bef04c86bd46316de934a7fc4111dacbcfaefa21b0f5def71c84c620e13f082"", ""5d1313f3e9bac3c268aa7a05ef331f6e979a7e8a4318b53517c0385fe76b832d"", ""4c38f48bf8337da3a5a62fdf9960ac13b33d592a2a3399c4613c34d3a7d56be9"", ""4593bbe5ad42c14e8bc9fbe4e0a335d1331b23f539e890dea2f10bf0620373b9"", ""26b5797fddb2a058001eb505b941da4f2dcb35d4defac0bbd7c88975134fa692"", ""12f24ac948bc0a5839275036b8ba7dcf4a0ad5a0a365bf02d55a9e9c31d4e194"", ""10582e9eb9a32bf3413f1a5d47939e28922e1afd015171224fb8189732696ea6""]"
LIMON,EUREKA,TUCUMAN,CAJA,Frutas,ARS,Elegido,113/138,,2025-10-01,1677.2480952380952,kg,detail,2025-10,mean_of_daily_means_observed_days,21,21,mcba,cef0c342b31519c13c3ae097da97371ba5194889de1ebfff8885e9680df3ced1,,https://ssma.magyp.gob.ar/frutas.precios.aspx,,observed_days_aggregate_not_official_monthly,"[""8012eecd42a3dc328c1b890eee7178c17dbc9883efb6a94a2f573b2ed8ef38c9"", ""7524d801dadd83ad50c145a2107596290a39ac5abaec5f897f154247eb04b326"", ""0849c7ca7edad9c6326a0ab4c464874426145f1772693b7977340aeedbdc1bec"", ""78c89cb954f2d6b6c51eeac3fd5f0b20390cac3dae851b8d707175751b650d24"", ""54b0dd4376607ac806884cd68c8c593fa897c83fce364bad42700ab528661afb"", ""07fe82bdc6ed7ff4a3dd6ed8cffde172ad21072e53f2c9ec417aef42820ae3aa"", ""5e15a15622a7083bd7a8972ce3aeae3e8fe8bb137f41aa9ecd5a4fdf96434a42"", ""0808bae6ae30b6a677b4134c7774ab803903e6395dada6d0c9ff356944eb0da1"", ""06a2e0b4460d9959d6b85752e984402e1c6832bfa61fd2f4afb68a22d7d78800"", ""1c826821a4d81dbbea14084209bb628b167feba6cf2cb56c18432ffae9fa3fdc"", ""a4ab7d0e2a12fa9da6932f4e0bf10fe53c0ace9a654467855e1ff0fbbf04aa69"", ""ee3448ab4fa3024a31675bc752326e81c499550441d50519c158605a39d5471c"", ""0ca9e102080600f2eda46760b43097e28bd0df5df496cb9d91eb2a8c59002f6f"", ""210c2c5e0194d50df7bc8cc65be228d43715f37a8a4b41fc330eb3d643d51bbb"", ""bcdb2380156e971466bd0a8afaa3e358efd2c0cf422b275107fbf779abfa454f"", ""387b92a3a036561304f5655359a7b19c3c60d38c88ae64e9a168b8ef69015526"", ""b0e69cf905480bc79460a8677c2a66b104f0d713a6dfbba1292150b6cc164b3f"", ""44b134cd41b1c753b87450c8ff3e2c478c9548078548ca72eb222444755b5f8b"", ""1aba9680233b9339071e6390e3d4329604231b4d6254e5efe1f4a1bc4986542b"", ""f0e75c05ca82dd58205c70bc2dbdfbd207007048fb1e3cce4d227ef7edec96e3"", ""f775b5d5e6010e42335bae7bd13f19655ad314ecdb261c72944ea4e0b9980ca6""]"
LIMON,EUREKA,TUCUMAN,CAJA,Frutas,ARS,Elegido,125/138,,2025-10-01,1544.9728571428573,kg,detail,2025-10,mean_of_daily_means_observed_days,21,21,mcba,8800d8b9aac5976ef1a35b6ff3b1baf738b5bb4f73f43e0d0b8c4efb488e0b52,,https://ssma.magyp.gob.ar/frutas.precios.aspx,,observed_days_aggregate_not_official_monthly,"[""24cf88ae9fcb3dd470f1ec047f8794772afb133eb5faf3ea9ecbf85f81c0b36d"", ""47caec72a0d42dd2c4ebf3deb37d5f4bca9a2c33283f9eba44182cae1b9abd97"", ""7d9954383ec13ad00e5beda91bf915317dce643f0399db8d0a5848d947ef8c2a"", ""8d19b6aa31506251d915dd0380121e57948faad4c63c4796b2da64b2aee89c75"", ""3c4504472bc515881136f831c53cf282ad55b708663ef81c0159154f20d163e5"", ""f1a2c6d0f9877d5ae203d09f3ed41ae41a15c5aa18728e848a06994d8ad6ae05"", ""2e37d39ecaf691115d8c8699b6629efa305746bdeb3f512e43f682a81e9f39a7"", ""c623819ffd8633760953640e8ce116eb4ab93d747cc8a6ef89550fb2e3b3cb51"", ""fa6f9277f77b16ff503da60f62f5535d0502cae55997aba9e67195274c7d4ae2"", ""e787aaf13b55bef8471663a10fac9e99652b0de55c26027d13bb4da8f7b00869"", ""b72523466bc1e634d773f876da6f0b16723d1b8def9a7357b02716938b923969"", ""65935be5eceb1a2345d3ae27c177c7599f4ca730a6b4096b4989ccaf1f097696"", ""ceccddb949639a8a8a2816bfaad741f4a65caa3d91ab4af00bc2eb2797085ca3"", ""bd61c19a04792b613e26024646aa58338981a91b05964af269b1ad88088c3e96"", ""7632e52fa7d840d4d5a19780b46494b5d37b4f6ebd8de8af29668702ba49e04e"", ""3b81cdbc5ac4d71ca7bc44cf3c4eae574b9bf78d4f56bea9c9f3e00849672770"", ""8df7442d5628306f520c831b6d42cea3f1a5bb1b3907b4a7c8901e46abda3fdf"", ""a8fdaab3e5b906cea82032dbc03b21978af02be49f6ac3cb4fcf9abafe4dbd23"", ""a5af3ab0ae12cd3b5e22ee380f64f4a40f77d56110cc47111bb2a8c37a186826"", ""2e710abcbd2eba5f6fcf3c47bf5801ec7840e3e7e7115befa218ec648ec90906"", ""e24168d66e48b49f4c13e57a64116cabcf424b1530080459b9f0ce869c62f2a5""]"
LIMON,EUREKA,TUCUMAN,TORO,Frutas,ARS,Elegido,100/140,PINTON,2025-10-01,1417.9880952380952,kg,detail,2025-10,mean_of_daily_means_observed_days,21,21,mcba,5d9618d17cb70037f5287fd89cad33300773f45aa9dea892854638f28d76308e,,https://ssma.magyp.gob.ar/frutas.precios.aspx,,observed_days_aggregate_not_official_monthly,"[""4e220d8727982c97997e338b092b4220407d9db11afde3127b9c996fcf61dfec"", ""cf35264c2212da3f771521e56c101b6ea18a95670dd4c462c0a082698c0eb8ea"", ""cdcec9f9c5fea1a53a3ccbdac5a9c560018db22dba9e72f2fe0b23197dd7a827"", ""e357880935917978a88becc89a05e56b4f08c16a63aed01b54fceed416885d6d"", ""950e81d78c9e23f0dd6e4d0ff13c3596a50e07c620d0892218a5930b4adedd1c"", ""c16bfffe3e0a26f1ac926f86766deb3bb7da778db08c9cfcd770d3b5158de8cb"", ""1807b5e828342b14279f837f05fbc9cb4c38aeafb458471ecc22c9309adbf9cc"", ""d0ef9ed4e60b9744acbb12b51e989f848ae71be610a7f61ed8fdf652a7f092cf"", ""0a17f47f1350808df7fa7062901df42b08cdc70777e2281439a3a7b187998d62"", ""3d0333024065c3755251c3b282e4e6988f9efee344468c4f4b2e513a86549131"", ""7c5fe865e4d69dfe7f7e6440e849d0adf76a0940b631788153f10c1f3cc3c485"", ""70b1ffa85c4ab2227d5995439949db482f87a5c9cd264b3ffbb9bc8019a57d94"", ""7bf94f8cd060030a77fc435a569621ef93c13a797022f30fa6de4f83377cdf04"", ""e8fd68d81cccdd9168ac5981e5d541127a13be8170d87cb6e8592c461522df6e"", ""77aa3010400384f145e32f2ee563ccaf5917cb69a76eea5da8bc749f0c56960e"", ""fd785f7fbabe19cae9985ade36c77e2a306c4d5d4355d891ae64c59ae47a4f0f"", ""d9d8f9c4db2c158170365635252bd383bbc7a812ef1f456e80a0a4ce9e81310e"", ""2e7086f83aa6cdb4fbbafebabdcc2316e6d73ca8c98545b6449b5089ef65d411"", ""151023c85d4160ca1c82cf9953747b8b6c1a5b7df39c8bdbd04e535366aa7329"", ""53ee20a1b2374b6b6a585cecea731f0e97b4e61c17d79158c8ec5391124e840b"", ""1832037bf5cee1620968f4bf873d08010e89e0d381abfad77b45e21471722a07""]"
LIMON,GENOVA,CTES.,PERDIDO,Frutas,ARS,Elegido,090/110,,2025-10-01,2092.5933333333332,kg,detail,2025-10,mean_of_daily_means_observed_days,3,3,mcba,60d1b99de37ca9111419edfd6f70370e7017d2b1aed61091214b08dd6e3c0523,,https://ssma.magyp.gob.ar/frutas.precios.aspx,,observed_days_aggregate_not_official_monthly,"[""e33c56b5f81b9d1312bf210bfd6294f8eaa66e14a8cf92cefc4c30625344f8d2"", ""029f94b57f2b754853a3e9debd086d3bcc2ec3eb400ab011f9c6398fd3385bca"", ""191f827f71dc7385da59a4f0e83fb34a7c3d04cc881850322791af44eb790c6e""]"
LIMON,GENOVA,CTES.,PERDIDO,Frutas,ARS,Elegido,120/140,,2025-10-01,1428.5723809523809,kg,detail,2025-10,mean_of_daily_means_observed_days,21,21,mcba,d0f9250836e15f8f3f2219b9ae7dfeb741e9a8d44cc342c40aa89c8520ff80d5,,https://ssma.magyp.gob.ar/frutas.precios.aspx,,observed_days_aggregate_not_official_monthly,"[""9f41875c923493385c1d081d580be0d3130101db5d47cbf357d236c532aef803"", ""38dfeaa201e0691f03996ded438951045fb4c8eb9545f5d4126a4f94d8d029bb"", ""19ee3905b53130d4880fa601db3d6fb60a89ad469680b88dc4debfc098f6a7a9"", ""2fb394443d77113a3e7d5134d38307555d096b2e00717361d54757004f9fbdc8"", ""bf822e6095e6f34f7499fbfd6c4768b07d70795152f70b10f5362ad1f71d100a"", ""0b0fe956f45ebaffa1c7089d79fae1cb2a2689770ffa80167c03ae800754ce65"", ""7d5996dd212986dfd4df29bcbc6098c88a9fadcc87cc6bec1fb2da14983ed4ca"", ""3c88910735b0813a530502cd125726ef23bcede701f06828e4b25d91a03dbd58"", ""caae23b9959b6a64aed9c42dcb38d5baad1614bd1b795c6a2b57db1272de11c7"", ""2ac17457b2deb4df606fd500759e4ea4efee293b77ffe66f74f548effc3ab408"", ""87f3d71230d727bd93f7f253bc2343d2c3e28015e44a0219d91598f68bb3d250"", ""63ea25ca036f7a445f0c3b7b70f9e0cbc441236e4525a6c5a05cb38f1148cedf"", ""88a4e937189499712914ca64ac408dc3b42e8984876e5fd8dbfd0cd880779d17"", ""f59c279324ba317a54db2c617b6dbd90c195a740feab1f17052fd911ea222123"", ""29b81e3e756cf80e74352c7e40c6b533d1fe41d80604f2b306601212ed814fb9"", ""ebecd427718b4537d416ac4a244c0c82da12642fb31473f34fccdf60f13e2310"", ""6f79807429f3e551d8665b1eb3a4539431bf19e12e7927a1299871f9405cc6d8"", ""b52dc8e74413eb035a5a78c8c28188e197a79ddf1d781cd76dab5c17f58ddf98"", ""026da03cf7598e78f79adc3f44329819038425b1f38d707243c4aa603df09c9a"", ""e5ef0aed4c6d4f299275646de72aa392d1eeea0edf01d1748e76019e763b6666"", ""69421b385ed8986168f0703b4b42359700d9fc0e432275ad0e9d4c77b6fd8faa""]"
LIMON,GENOVA,E. RIOS,TORO,Frutas,ARS,Elegido,100/140,,2025-10-01,1476.1895238095237,kg,detail,2025-10,mean_of_daily_means_observed_days,21,21,mcba,c2976f0619261775e1d48a6d12c8eb20d106864dc95300b2a3aacc9cc83d9741,,https://ssma.magyp.gob.ar/frutas.precios.aspx,,observed_days_aggregate_not_official_monthly,"[""4a8d0bb39ec18cef000e3a8950d085ce069b65499a78e6d9bbfc0829a8043843"", ""dc792d61085cb2bbcfa3bb891a4b0548f181c2e67d3aeb964622afacb2dcb2b7"", ""1a07db87c31e47a505d90f17ef885959a4c2a45203330c3d179a59c7284ab829"", ""fac1859f9e3b1f96bea10fef0c5aeae38c7d90e86453fb188d39c251c8c1f9b3"", ""affcd2d06e0a596a35d6eac4d9772a47e6472f65a88ab82a3e786a4afa07373e"", ""5ede07f2f0880d7c13dc4900c2c4d4abe777a03cb2fe7c0b94f60ab9a63a6c58"", ""52ecb79b6d3c11319584378a01502fb2f2528a331e3aaade74eadca91210edde"", ""81ae63a437992f2329956dafc95ba6b02a4dccc984b89b3ad6bcdbb540c2fb52"", ""af55fb1ecf312777b99c7fa971a85310fc869423c6f11097187265ca98c930a0"", ""0275778f4dfb1ad4f190334fbefe1efea1d5d658239e774c02a243fbd7996020"", ""a647173ba2b23dfb4a8a5ae66b7792b6188ca5e132f0ffa6e45e1c9aee7b2cd2"", ""c28578aa58327a518037167057208f970abc3302fdb11d784b62641a39fbe396"", ""7250476bdddc43a4fa0380fab33c4a811a32bd1b7128e76fed278bbec665f205"", ""25a19579ecf3fca8b2d472241a0d7556164d8fc9c96bc46d3674e6eb267c48e3"", ""50997e170f32e4bccff69aab4a9e058988a67bb983b27d0b120781b317f6ec33"", ""35df15071c8314e6ca5553dd9b8ff287da75dd0e20314aaa38faed3598c7d292"", ""ba078a636a4b44183b3d771bcf0d2dacb454d5d8ba936fe2f8758d518b2e55fb"", ""f749829c3c2e7f7b77ca33ca1ac4513d007aeee61f468a253d21698f9c5ebe83"", ""35bda0e564f828184ee31b9954d6bae6cd51ce5aadc265a84db600dde93eb5fd"", ""e840f84cb067d0d82ff8d2f79cabbee1a8386eb838bd98a3f748b6c54a47e9a3"", ""39cc6c106616bde558621d6d984afc2a00608990d702ed3806a894d9745bf610""]"
LIMON,SICILIANO,BRASIL,CAJA,Frutas,ARS,Elegido,070/090,,2025-10-01,2020.8333333333333,kg,detail,2025-10,mean_of_daily_means_observed_days,9,9,mcba,44413e667233dd43a7d3a81b008bd573045c194805e0fd98dd62c55d4e2fefe9,,https://ssma.magyp.gob.ar/frutas.precios.aspx,,observed_days_aggregate_not_official_monthly,"[""1937c2c3a5496b44b539bf88ec712dfd03809530ffa5d619450bdebfd5e27a3b"", ""003f58e5eeb51677361a26fa62621678940bf8dd3b281aa15f680bdb0128fbef"", ""30e9c9789cc34ad510c16331eee14b626da5832bc9fafce95ef43fe0bdf9995b"", ""aa70301971bcf021fa6a2071a13643bdc735c3eec5f2c56b1d8e789186b9c9ae"", ""62ff23f29ca975cf60ba43ac352ba4b9663db67affb5df5df77aa2f4b38154a7"", ""ef8081889ee43b7d6f7987f58ed8b5da13528cd31b5f286ea05f7092b404e9e2"", ""c6dcc02bb20511768d355a9b6ecace7cf9299b4756e8ce829278f72c1c7c1346"", ""3bf4e51222444d246ee29f8d068d2f588dc63c3f06fb5cafa6764d0a2bc49435"", ""4e8f83179f65a6f294f10a26fada69db2877436710615d7a8d7b4a1643e19171""]"
LIMON,,CHILE,CAJA,Frutas,ARS,Elegido,110/140,,2025-10-01,2027.1476923076925,kg,detail,2025-10,mean_of_daily_means_observed_days,13,13,mcba,60605466c964a33bb19e0e539cafcfedf8ec7f15fe594b6a1a335afd5a958438,,https://ssma.magyp.gob.ar/frutas.precios.aspx,,observed_days_aggregate_not_official_monthly,"[""2fd1e60ac85dc7bdfd13d4a7e20f9c6184e1224763c56b2986d61e4e0cbc08e7"", ""556c96e78da1abed48f7406f8b2bd1bb922ab114efb112af062a678e578d7f50"", ""a377c0b9c0fa1de223aa831bc471c9806a903081dc404efd1bab6646df5a92e7"", ""9020bd8769d4d9ad67f25d73da9d1e19dc2f46e0cd798bdec2e4b9617a25efd4"", ""2090d87c2e43da9148e5bac77a6cd018bf002b95615764102588367d77fe8f12"", ""b0ae645d7269f3d25357062da8a7b7fcbc55104dc39c843e2edb692e0389681d"", ""6c9edee5b804fd276d2d91a8e2511125237b9247b84e9284147c402e440a61fb"", ""edd3c12d16ec4969157aa95bb3788d1823b068b61051a61d897cc8703114bec4"", ""100890b9685c8e5299fde97f139a0d7999fe0648a77d5d566aa4dca118e3513f"", ""6248ad3aa75c5d4fd444f3a414e82dcc1c8c860ed08f6bf4f4da4f29e5a2213c"", ""5a21c473beb8047557e4a4274f992cff8cdc41bb9ee07299d9f3217156726ffe"", ""c2c4bad81671fc2678aa0a7e5b2992c587366bb2d81309ed0d28f6a8faf91f45"", ""c1f0fd7d601e4c864080ac1f25a5cbd2cf9d1362fee83c2370c9a1a50ed18923""]"
MAMON,,BRASIL,CAJA,Frutas,ARS,Elegido,GRANDE,,2025-10-01,2552.3809523809523,kg,detail,2025-10,mean_of_daily_means_observed_days,21,21,mcba,1f721b6661c3dc3e4a645f7360a760a8702f32b0b115b3b649e9379790d182b8,,https://ssma.magyp.gob.ar/frutas.precios.aspx,,observed_days_aggregate_not_official_monthly,"[""4a633bf545b3393b66534ce74815c6dd4934fa0d66730bbd66fb91c369d8aa5e"", ""d655ec364aaf2bac7bcef15b343a50930ef5330a3ff01c0c23ea05f03b29c29a"", ""d5b5fcc97d4b3506e8b9f0d82b8303ae8a2d349d49acd64e5b0d74b21d8c2f1a"", ""5f345ffd2e9cfb997e6fc41cc4394b95f91d9c0137f1d7c37be1bb7036106ab8"", ""29766807144d654f629b20c7d2f6f4f9cc8ac358a88afbcea4193700c80d8bca"", ""6f4b197b1c3b2f73aa13a201b604861d3d02ef8a25af6f4fcefcbc6085b99134"", ""27285f150c73b3885f0afbfb076b930309f59ac8f2fe39ef3d90de447e175cc5"", ""c5aa78c7d20b15838e5937ecaf015c4caf4fc0990efa52ba289b22cb98cf8fff"", ""3a3ad7998c8e1e670bc0cadf1fcf70af6f059ec99796899ba69c846a4d8733af"", ""2b870314bd154fd46d62232546ab77d69e1692cf70f907cc4e6f5c4311b028bb"", ""d6293e558c5c0bc8832604b8031fbfa44ae3c6a22544feb4305ab0a4104b7800"", ""5627d81209d3018f9b207c5a9f6e0f98518597d017af904889b8f85003beb86c"", ""e247759921ab92a50a1c446bde817c9c067b5553bfe65c2c76fd14438ce87f2b"", ""9083c14a3fbeeb45296cdfabc53dcd0ea4b3fc189163965bfbb1153c9909bf4a"", ""38bdb1c71e795102a1ee87ca683f2571a2543f112c94659d2b6d6d9461218804"", ""1b7b4dbc172eee2b8ec4d7365eeafd82c2b4012bd2ada470d76a9ca8550cf263"", ""053ee4c25aa6dd410b34dd1a3d4ecd6efad1b016ff8df773c7d8f36ddf476b7a"", ""279f7c5fdea7b1361d1e601f4b8366091b2f1c4985835fa4e0caf74f33a8f95c"", ""e3f731ece4cb3992adb2e3a9ffd858c6dd564d4a65fb2824e6a82575df82f984"", ""5887f9033d2ae48c6b3c52a819b719a0c34d60044f7c055e08869c70cb0e8c36"", ""49b239e4dd8a4624bcdc06e21fb5c02703b656d3ebe44a336fa2b4a9d1da799c""]"
MAMON,,JUJUY,BANDEJA,Frutas,ARS,Elegido,GRANEL,,2025-10-01,2202.3809523809523,kg,detail,2025-10,mean_of_daily_means_observed_days,21,21,mcba,e11bb35c46b78f764a300b7a63a680853f54cee1b12b141d193b7d8dc405dbbe,,https://ssma.magyp.gob.ar/frutas.precios.aspx,,observed_days_aggregate_not_official_monthly,"[""5670b8c2c69167697e6cb853be6e4f69e00536de99449b22d7dcfc3b2be5d722"", ""f86d9de733639cd37ccbcd9dbeb716cbfc9d7735e28bd2c48337cd8f2405139f"", ""70d50da6f9211bdc6cba51062a0361d769a4c3da8555f0eb03d6c7ba3f07f470"", ""6f0c9d43549a9fb04561628beeffd3115821a9723cf08063236012a8f9d9e4dc"", ""26aeeec36d379e1b3b6274923dbcf587726909508dd29447e6260db44d14a30f"", ""9c9946e6c9fe8749474a01aeb763e0f882c6a1dfcad13fd4af58ea414759753d"", ""e4e0b65b26b72c09ee4367c31bfc1c91dad308cf8c1609a872a4a2224efb23ba"", ""e163cc7112225d088a8757be422a04fe1b7ed30711d621d560ccd11c6e35114e"", ""3cd74d0b7b4c88822aaab1cd4604cd651c61e8bcbf2f59723c476660e75e8782"", ""e1b9aca256ac4d2ab2031554e9c2aa86a1aeb663d3f747c66228a4dee08bb881"", ""d63f72446c21dcb3b1b5db64b3a57c517ca901454beb69dfc1899d30e63eb9e2"", ""ec94c6011fe347b2a2c005ee38f25052b50bdb673a115f56bc58e3e9b004e99f"", ""0ded9fd0a06fca3c260ab15fa9909a43a79aee50eeda6bd51e951cd49b89b3e6"", ""2a3835576afaead9a4603fa44b07d111287a2fb67363730b6c50e5efd7b3f243"", ""fc6f45d7b201a4c33e534b4ba037404f15de22d708f8dcb5c66e72f58fce7bd7"", ""6b9a990d2aab3c558cf2e6fd5260e50b36b59c07ce38250b04c9f09262d94fa1"", ""f74c6eab8c13d5e7b5b88d77a61dd5bb96b0ced76684e93a91715dc6934c1db5"", ""1a7e896115be0af4fe9cc54efd67946718ca3146dcfae479e30e7cfe6adcf52e"", ""403ef836591344c682f27e282c2b769c4ab0c0fff4882743535540cf288d6467"", ""8fd80c7960ce8e2dd5c6698c943428469774ba08eafcf88b6a6dbc55d4ccc28f"", ""1885cf3ce17a36746a9f030aeaefbf60684d8cc0f23a682b8385eb3dfa07c3b6""]"
MANDARINA,ENCORE,E. RIOS,JAULA,Frutas,ARS,Elegido,MEDIANO,,2025-10-01,738.0942857142858,kg,detail,2025-10,mean_of_daily_means_observed_days,21,21,mcba,bca2ec85254918f11a2a0d432fef2e1dfd071560d31c365877a7b3c7369e8eb2,,https://ssma.magyp.gob.ar/frutas.precios.aspx,,observed_days_aggregate_not_official_monthly,"[""de9aa8b9cc97a27b00d833f4b776ab1c9dfbc7659f565b2cbf7f17602cb87b64"", ""ed00668afbce09bcac1d4013f0b04116a590d43ea4a57753137a0cc4d6a46343"", ""c1778d19107b14d4dc8ce0090f47ef05ee65f11115aac43761a6868bfe1af3be"", ""7bfa6b09a6af63156c529101f90d62557c4757b75068454b77100da43795042f"", ""a6a52f6aa28995949d040126aae4cc791e7c3b99e87f9f4c7c0c2166ad2a0e1b"", ""6e2c832c828b65c6657020e15a1257d866f33606e717980f5a115c403ddac8ae"", ""6851644a8e2a7011a8a0e032062309252a34d558178c9e7cb7262f160d50e53c"", ""b15ff945558f71fc981fb1a98c01b1aa8b21c5620b7ba575135ba4f12fb37a90"", ""c683c0f96640cda8e967b9f23022d0cc51dca413a1983c29ba79bc6090fd3bdc"", ""5d50fc7265c66df340d48c176fb1153a5e8a7cc80747eefbc90467dd20d8b4d2"", ""4fe0a6b295574b6b1a66f679c92e579a64294280f4eb93ccfb00ba1b41115192"", ""f90e3f7706bd0ac120d463dce7bf27bd33c54743c453cb7cdfc5db962941a30c"", ""67816a2d9e421adb26d11c8980bf81d731f88230a63eb77b8bf3fd6b2122eab5"", ""886c7223b041373f41524f581dda8a7bfdffbe2f8bfb3dfa6849465cd70a2032"", ""b628034ef64b24e76e8661846a1caf93022b3016c15d298cd74c835e5b88c77e"", ""44668e09a75f18bcf19f05f50851f796e74c8e2401fc87685aad2a8496bc7b36"", ""ed0ff117e4626413e42279aa25c116ee2f3164358d794250a85781574ffd6984"", ""44c1d65492a7ec94f2db2aec14d33f26b70b46bd18e12a9372b3555d99c026a7"", ""26314223d3f7887d778cc917f26cd2b52f8726488018283a9d3be03bfcd99325"", ""039194a0e8e360d5937cbc9f16bdd7673c2421942e80c4d6f16914df1780364f"", ""f3ea5c9dd088a97dae1a1dd49ad3160e263849330f7cbc3c4c93806fbf5aa235""]"
MANDARINA,ENCORE,E. RIOS,PERDIDO,Frutas,ARS,Elegido,GRANDE,,2025-10-01,1358.333,kg,detail,2025-10,mean_of_daily_means_observed_days,20,20,mcba,8f172bdc7ecafac1756f93c6aad58913fc08c1a194dc2f43e654082ee2608ab4,,https://ssma.magyp.gob.ar/frutas.precios.aspx,,observed_days_aggregate_not_official_monthly,"[""51d80df8564d3b4faa4bf2345eb5f0ad87196436b2d857e833507794499e6622"", ""156f226734d1d1fe5baedb9923bf77606e60c5399f051b3eaf7ab41c8127e09a"", ""28d32b17da8127cc99e90b780db79719c0d8f81eb432005a68f2a05817730ca8"", ""c93adb16bdab7f5fbd22021dd530edd7d107ee1bf97792df2ad3be6e18bceed9"", ""8942e0cd34262e6794ad1b62476f599285134c05fa8bfa751727e654f0d10d74"", ""7c1c1f15009f9b2f102db2a18dffd12122615ecd2a60b31be54f87cf2b98f589"", ""90788e2b24d4916ba061b6adc85ac3028a68f8513f951c06cbdedb937cc9174e"", ""d22b991b4550961c360fccd975a0a493539d7181e0a837d58b0986ecfdbc8410"", ""aa6beca664643763a3821d228f8c735fff22aa09dab0ea59222fd4ff81e21ec9"", ""f52863e317b64692cc2f33e8a3a38355aaf89cd574e0bd97fb94da1614ea9129"", ""e620f8df2f20144215e44523633ebcbe3a7ccfc55b00b7eb3ee236f8431060bf"", ""364124857365fca3fd8134165eb84b7a86ab6ba93b05266cd8be0e1b7a189e73"", ""3c73af66733f9ad197951dfa402fc196f5e2d571336e0de5496005ee24d911f9"", ""8dcd03d96dd5a6807c328984570bc871197a683cef8d700b88c178a9ff581536"", ""7b175d07ebe28aae5f0a874f348a7fcf8d95b1ef13619301770075c2504d9cc3"", ""dc7c445313e14d204f13a99fc6bea8f06e6ce1518312b81a8dcaf14c8b8a5a62"", ""d8a5f5ab9ceeb453f67c93316b89ff3698fdcf49b56b54195b31ba95f781bb03"", ""98fd2708ddca3b98ea62d6d015295b3956b93ecb358fc84be3e4a1014f69f409"", ""6104f9074095c662ec82d7f19f25e8a8880e7d0e7e84ab8b7bc96f722a2b7620"", ""cbf90e0ddcd6161f2c6a7b5daec49703f55494017586ea3262b4a6a06bb8147c""]"
MANDARINA,HAVANA,E. RIOS,PERDIDO,Frutas,ARS,Elegido,MEDIANO,,2025-10-01,688.889,kg,detail,2025-10,mean_of_daily_means_observed_days,10,10,mcba,dd79df906b633240deb58c3a51669318a002617981e25ad8269a2df7010aa22d,,https://ssma.magyp.gob.ar/frutas.precios.aspx,,observed_days_aggregate_not_official_monthly,"[""3260c108eb831241a7d968c40e528da6982f3fa33dc01a6dceefe522753291ff"", ""4de5b841a80c8efe7726fd4c8a1bc3060b6f9e0f36626cc2f56e5fe79d71d298"", ""4effab4ef55d0db931f47de0856a6ac56d1a87a8c87d336446c0082bf3741d3a"", ""e3c7149dc5d85352d1a2ff2d5ca10d0228f6e8c2891fa7607b2a658299658c67"", ""b9e4fffefcf516cc1e055e14bc9afa0b7c0d2955185e0e5499f59417a266aec0"", ""aefd51bf4417d52054f74f6ae656099426ba21ec7e076028d74053ba59bc9c91"", ""18f2bcafc4a9a922ea83e63cecbfa1cc6d94e55d6c4f4d06aad95968d0357119"", ""b3a9f2c462402151b1a41433b286b067958c215930a746cb93ed6d410658d3c2"", ""04fb5ff7787111aa05347aaae2aa24ac9712aa9589c845f81aadf4d79a350172"", ""8408ccdf49cd95a60eb7bf79b3eb0138f8470203c8563640e134cd8d4b9f959e""]"
MANDARINA,MURCOT,CTES.,PERDIDO,Frutas,ARS,Elegido,MEDIANO,,2025-10-01,666.67,kg,detail,2025-10,mean_of_daily_means_observed_days,4,4,mcba,7cbcf64c17e2b8104dd068155a443271d8888daea79bf219bd2e7087422b882a,,https://ssma.magyp.gob.ar/frutas.precios.aspx,,observed_days_aggregate_not_official_monthly,"[""1b0d43b957088f5a7f68e5d7749273b1cc2df4149ef9ce62781c26a51f2727a2"", ""c9f9d830861c880c3dfccf5ab213cef3a365f610e013570c9cf7922e11815549"", ""a7882f4908dfcd79f83bc909a58f06659bf130f08120249f8d1c77bd9f8c1449"", ""920087c3d2ed2c9cf4e3c6386e3a7b402ed37a09ff33e6be181cb3aa1ad184d1""]"
MANDARINA,MURCOT,E. RIOS,PERDIDO,Frutas,ARS,Elegido,GRANDE,,2025-10-01,1357.1433333333334,kg,detail,2025-10,mean_of_daily_means_observed_days,21,21,mcba,d9743f047a30b710729f529bbaf5f9a60cf481f3c17c5f9beb296b167d8fd0b3,,https://ssma.magyp.gob.ar/frutas.precios.aspx,,observed_days_aggregate_not_official_monthly,"[""d0ed026e64f65058e6df714b2dd1ef4215f58ff0ca162008b98966ebdce9625b"", ""552503caaa4770ba89b4a71029c1ec18654b7901dd19ed6d7e18561e67756cb0"", ""927fac4ddaa67f58c371b9b50dcb9104b4185062a78d70fa9439229965746e96"", ""208d80a10b9b69f20afa1a78697cba46547fcaecb5f67bb04542e8f4184391b7"", ""57230597c83dd758699d856aaccab600dca19a1a399b3c837bcb43cb86b27063"", ""bc7511ab25c1d81b04f3292a5d3387e97314386cdc8d6d0d62eab27e2398b069"", ""7fc1844e7ef3f18f556039a0589d1087e16b6060a8a0f1e0b2a962d4e796e241"", ""89b53ddc77ac8f5ff3947876957dfa8d9e6bef4bfa42cc27e7c72a19a7f7548c"", ""dd9cad3231c96eb0a3ce652185ac8f18d14dbfca1264c8b2cc193c52dd3d7062"", ""97946f313d4a5bbb7c095c4831df9eaec3319cf0b506714a3756e94611f431ee"", ""58fcba829b668c075e3d22fcd817c999e0108f2bb34978f543de7b1c091dffcc"", ""a5bd8ec0371a305c9bf8d8f8791eb4f30559f50f8a715a16f38e607308b3f92b"", ""c2839018766560fe4745317abe76010d6d67f26b4b86c159557370b4564b8c7e"", ""eb84b9c6e5b815120c1843770b075ef333a0ddc73ff868cad926256b80434036"", ""72d98a6b022ed86f02caadc1abedd5663939904f7a06a58e6980ffed95f83e0a"", ""a318cdc5ce949b43a11644d9b63e635b2ba3b770a50d4315523a5cfacce4cb55"", ""cb87f9200236250ea714bc148a65bb01362fedadfd777eb124cea5acd6c4be3a"", ""4ee41a68eaec47c085ad0f7fdaee25148d7fd34dc2aa877771d89ef3a1afae68"", ""d39b72dc41fa438938509b33196666cd3a14c0f29741824163f6809b0fdc35f3"", ""445fd89f4f26103098d33823c24aedcbfd5a60eacef33b2b05ccc4cb64620b22"", ""8c5db36f9030a7198161526538bcd78ab1bf8c90a9528c21dae50ef8f6dfce49""]"
MANDARINA,MURCOT,E. RIOS,PERDIDO,Frutas,ARS,Elegido,MEDIANO,,2025-10-01,828.0419047619048,kg,detail,2025-10,mean_of_daily_means_observed_days,21,21,mcba,c99fcd2891ace74a33d2eb14987e3fda4649312ef58d5561bbc836f6ad25f16e,,https://ssma.magyp.gob.ar/frutas.precios.aspx,,observed_days_aggregate_not_official_monthly,"[""af0dbfc272020c6196bde4c637c4871703490d3479d73b0bdefe770ed54112ed"", ""83b387e4fb08794bc9612d6add213d81fa4d1351b010fe69759e2276ebeffa89"", ""fc021bb735c2f838e6ac7d837fd3c87a1601e97396e24239436e8d0e8b0c56d2"", ""475b14c6f07005fd8b546e86d2f488430eee9461af293a1396ea4ce6ae9167ef"", ""236faca65c7b09a790cdcfb97290003bba17a098cc4e3ae92c9600e7340ce4c5"", ""f82648d616af4683581f568109c8bce051368fc5b4f84cbb14c37f92538ff21e"", ""c559238462e41ff2bf8629d11df2aab9f89226550a5e64ffab486771529a3e37"", ""70c8140b1f8785f2115ea49b4af53f84c83d8870199f3026018e1fc047fc5f51"", ""6ef6fb3a7d61bfe41d926e06a2ed84b408a35e5896ef8c8a0ac21a79205bd32a"", ""f774992aa654c8bf4cc3cc7e1844f5ace3557949fea85c44940f731058f59edb"", ""f07faebd00db3e6f688cefae8d719c7b35ca3046ced75518b62d6c4173013a1d"", ""85dc2a2101f14063303dea2c6d4dcdce14916cd0ee78c41a18a7053e6893c72d"", ""88fcd42594e6a1e4b51a748433ec8bbf1104043b8c59a682529e82fbddc9abee"", ""96886e6b175f89370a47863fd3554e7bb60e564c6aa48864d68f33ea40e18fbd"", ""4c2a118f5dfdb4725ea6f26845a2e11f0ea68e6f6a8fbe5178c47c2bbfaa08a7"", ""c815ee2768a555ad21384e9df26b1616667b010696bdbb8d77e7bb5fcce08ca4"", ""3826e61cb21167d1f4d83feadf5052fd1abe5459f8c1403555e6d8a2cfc6584d"", ""c99acee5107d9e6fb524d6e3768e744a98fabc4086d369c319394be51ef0d358"", ""5295c342fadbd3912f63fcb5d57b19cf0396760acd412c69673330b5e96d5204"", ""840239363bccf1f2b82d3d7b312bc3230eaf656149ea3771051e471dcb31824b"", ""68271019800d1dd1a9564cb70c8cbe2dc5568aab9e993544f85b1be4029acd42""]"
MANDIOCA,,MISIONES,BOLSA,Hortalizas,ARS,Primera,GRANDE,,2025-10-01,308.3333333333333,kg,detail,2025-10,mean_of_daily_means_observed_days,21,21,mcba,eae2a24a6d871e601dc8df70dc4174919391bba4b445f8cfe09fa7741420244f,,https://ssma.magyp.gob.ar/frutas.precios.aspx,,observed_days_aggregate_not_official_monthly,"[""c2b2719168643ce45dfd82ea92603f99863b9dc46194cbb83f9119be5cecb480"", ""6df0f4f1c81ad3690adeda07dd0fe35fc7105ae924ccba7b5d84cf4d1879e7a5"", ""a62ba15e2d39f40fb2e3da8b3dc6f60108cad4d7e974bd8e4825d315a6610d3e"", ""9635cdde9d419d94b2fcabdacf62f25629aad2586159e8a0fcedb131e8583848"", ""22ed39a6e729adcb751c40b1fd3fdf56f73f10d9711537c014c78d1143574835"", ""7fe6c5e997e0a56e92e2f763923417eb06bfd444d47706c417b874c1674e26ad"", ""bf1ce589ee1b485846dc995c95fa7481f895218e89f75d01a7619598bc984429"", ""b8023dd5e1e29e98b35ca68a578a4818c42210d2c29088cb040bad493487b7f1"", ""0c11eb683b7fb929de545ef0edee662ccf842c4aef79346099e362f916d6d5f1"", ""f957085bf330c01e7580e025338819203c52d2ee569603a7da22e44788be9438"", ""f40b6abf500fe271796ec1ccf0e06c357de5b60a704881300b86e44e72d18a22"", ""67be6841a9d2160524f9f137ef4a57db3533c4301211c53139e1898f1554270d"", ""767b93327ce1b69c8804cc6e9387d9415d9fa20e07777d3c244329eb1a63f8d5"", ""a567c4f9beaa1e9f295317dae60920477e33b7b5b67257569e0169a157335cd9"", ""36b114ec1ee83953f17e9f7576409370112c982febe701a07cf7d3434820a037"", ""0957ee1dea2c8aa83f431ca0651371ec856b1e454472ee77f580781b27ca05ba"", ""66e826046b166942e7551cb1f1885c7883b607a70280f2e06e30d3e0cd0dedd2"", ""423001bbe467f07c27979e6bedf40df528cd6c33d919b3758aade9dc91aecf29"", ""fb5f1cdec21900221536f1889c90f6a0b478e248423d7f9ae3a3a6227828a793"", ""1c69cff7f9ffb827bc2d1c0267a5e1fbe6da9f658729fcfc8cc4b1571e34ffac"", ""009d8bfebbd8c58b16156a4b14528ee0b9a51f77cde279faff71ab70f75ae6a9""]"
MANGO,,BRASIL,CAJA,Frutas,ARS,Elegido,GRANDE,,2025-10-01,2542.3314285714287,kg,detail,2025-10,mean_of_daily_means_observed_days,21,21,mcba,9fd89c582c24473b69cbed9ab447387a95bbb0a21fd5344607c0ad07a4c0cc08,,https://ssma.magyp.gob.ar/frutas.precios.aspx,,observed_days_aggregate_not_official_monthly,"[""2e54d183e527494e02a364ef935e3a67657e48f119e2b33cd14b477fa8af0cb7"", ""488367e69bc28f5f28f89a461eefae767926adac86ea4b3f2c48046c8671a816"", ""26d87bed98fc25bacd9a69c37046fda09e30696a0d9e20fd64ee29cab3499720"", ""3265ad84abefeb673e4a9f612ef503187f498006d299dd129cf5d3f556c33b67"", ""b74eabe1f0868a40a4aa10f099c02154a815a223d988dace108ef4b74ec5a424"", ""d4cd54d8c6d9bcc8b9b2068d19056ddc4637420f73c4d03a46621c3f1f5c7712"", ""4eaa8311188d65c3153fc2dc5ccc43d00b608d89f029d028cbcb0b432f2d49a1"", ""331ab836b767144e7d8d2aa236630f26361b26c7bb9afe88ac837d9b4200e3c1"", ""0b45a5fa20f72a0b9f07cb30a6dc6e5620541d629e688dd311922e9cd2433a64"", ""e842c6ef259f6d04c5d7f0a6963d7d5720f57b317011b6d7108cdd93694e6afb"", ""22fdefc575b5146c4f30f2f4788ad02ab29a6773c9f950f501d3143a02798b32"", ""627511fa2a65324d08d906e30d14c411834d65b3f0c5386eaa7bd6a66c16b6f2"", ""ffe55bbf70aa47b406173ed6da3849909b3e0f01b38845d21c1d3c26bfbd901d"", ""943950f67e249f033e03eb79db5e5995ddea051b22a46904c26fafc2351c3846"", ""53594f158523748894ac7eec36d6380d7dd11272fb1840ad4be8ce0e1377a9fe"", ""1af353b56fac36082d4183eecc2643340a4ed7b113abc5ae669314e311383bc6"", ""e6eb4944aefd10d38697cce9cdd268127210479ea2ce1fd530f089865f3ec5b1"", ""c34784362b4c3516ae8c8af845d7929414a744723641ea02d509efdbc7403359"", ""d1d595612f65d8bc71310fa65393fc897a810942f9b8c2615e3c2cccbbd8a2c8"", ""e77009f693a0486e875258ec0f16ba56a1d87c0d8b9b22907c31ea9e28667b91"", ""ec3ffdec5f7e5a65f3f99e506eefa62eaf4e2d183e9e37efc4482fb852d5cff5""]"
MANGO,,BRASIL,CAJA,Frutas,ARS,Elegido,MEDIANO,,2025-10-01,2880.9523809523807,kg,detail,2025-10,mean_of_daily_means_observed_days,21,21,mcba,9a9e1523e5100b8c73bc9f630b9999d4eeabe12a0868593f4de6637a657a9357,,https://ssma.magyp.gob.ar/frutas.precios.aspx,,observed_days_aggregate_not_official_monthly,"[""3116f8f94a5793f2c204b6e286390ff074c8a64e86d487c4763f1ff690ad5f6a"", ""84f1274182529bfd1e1c11c1e6e24577a02b643acf9ec8a38dd6f34526a2be54"", ""dfe6322f4dc11eabffa9ce5d073250d308ccd78b0b56822dbb1fa905e3330d5f"", ""ff5d8b30b3d2e7daa54aab53be65b113bd318def2ef9b321163075589d52e339"", ""e264678c037f6862e1d097058f05dc201b364c92ae5f13f1f6d35052d8b98b24"", ""0c737928ed370945382bde4b56b0a96d0cf5b644d4a00f9ad83e9217a60818b3"", ""61106ccff973bf8c7f58a3dc22407cb5f472c201d4bc812d9db42e17fd59bcf5"", ""31435c0329efd18057e94ed692efc8e0bb1cc4dd3620665d5ebdfce93cb57217"", ""c66b4ed64b239f36a058e49e6a8f0722c5ec0c7d824858052dbf426f2b6961ea"", ""42d1db2cb820009504de4ebcfe7fa2ad983d6f72e100041f268f83103d3ec7aa"", ""0eb26f7dcbe387babc74051d5822413fb326bd0a575c54131b1b7f964cf4a4cc"", ""8c0be48d0157b8d259a028417cbd0a8b229b42e615f1090e98632faaf85737dc"", ""63a03be6ce6955aec3eb30ff278dcd65ab39433fcb4c4c3b7c8744388942cf07"", ""3fac9299e3b958d90c41e2af7e25fbcd822b218bed4e4e320ff2d3e3bd510d5f"", ""27879f68365c16911ae30fa4a15163537cabda544b502e1de9d1339dd806555a"", ""669528be372d1165e31d7b481e5b4023d3ec909a3306d5b02831e5b1d747b5f4"", ""6ad58de0eed22dbf47d1403264d9428590127f6cb7f9bbcb26cb2f7da5d38b08"", ""0bc25110dec13677314521424e2a07ccecd692ca0a1ddd99ea51cb93ab03980f"", ""28d808f73e5d005a21ceede39c737c16a42a9f8b80b00908be5b955e9a7669aa"", ""69d26ee52e38ecc61cb11ce2b588a6b471f03236891eec88ad20e3113d034e60"", ""45709d1b324f7470494d8c37cfc4fe8ce0f71b107537bb2fc2b8b226cc5b8325""]"
MANI,,SALTA,BOLSA,Frutas,ARS,Elegido,GRANEL,,2025-10-01,3523.809523809524,kg,detail,2025-10,mean_of_daily_means_observed_days,21,21,mcba,8469503b5c79283565abe3d9585389ea3ba777302de404d3cff7b6f27ddb27e0,,https://ssma.magyp.gob.ar/frutas.precios.aspx,,observed_days_aggregate_not_official_monthly,"[""940a402ae98938e8a3b8ef1b97f7dcef73599ac715213873c90dd86bbc8f3a3c"", ""55dc4785bad920b19f2021f4ef3dce682ed3d06f9de6331d2f76adc005977058"", ""988a8ce8332b2b060278f74f50e43b2cdf3447b6b89c69be760eebe18151bc29"", ""371bcde7553e83683b3cece92d99f4f6cd680c9683df1467c05e2a3843876595"", ""3f774164fdba1094f1b314eda3bd306b3c54f738073ae984e29b649893efee4d"", ""044d1f8239dc58ccfd38e8b097bf71467d85d167b66d7c897733619a68148905"", ""f18dd299b1d0090e83967a4880b5600c2eb57c8dad42955ddad52624b53f006f"", ""64dc0b7220efefd37e556e81c49543629b667c3bc04d268cfa5c2abe343a6eec"", ""e7664fdf68dce14fc12e412b42ef7f7e296a086544d9652664d4b3a6db660a7f"", ""f006bbaf31ea40814fe8f913026c0af2d520607c25d9df1e95550b8bfeda7623"", ""b94a65ea0bf4704d4f006b48904b88563b93a0075885e75764a594e2894a0bb0"", ""7db3ac7c656061c569f8f8f7d59462d0ed1173be79daace5bb74e78ecd181bac"", ""158126de937c2087b81833fd7b1e4fcf2a4ddd450a6e14d2a0916274c694b5cf"", ""c04b8a0a6d6e6aeb6236e601c5ad91549525a90eacf9bc18e03204ba9adb93db"", ""767b85f56083ca3dd56be7ac8df2b8245d42c300d3c2aefb8f375fbcb4ab3150"", ""654e1db87674de1ebf3aea40c49fb6dc4810d51ff72e44da8feb06877ff96f54"", ""47b217513898e68907bef585cb6e66ba9bf20790cc459ce10ee22710810e8aca"", ""21ddc15c7720fbd8278509149af910d915ec1637be8835599714bfccd450f0bf"", ""d2ea6e14a41b556a5a4177818eb99238ece115f3ea8a0506f2b0a1fc88614b8b"", ""07f15e39fc6c37caa37ecec6dbd2186d6c6e8f4db29088cefe4128d64ce939ce"", ""cf13eb3e3d2d15c028ed7dc8bf95f52d9710699223a5c15ef34fd9d0ab71fb7d""]"
MANZANA,CRIPPS PIN,R. NEGRO,CAJA,Frutas,ARS,Elegido,113/125,,2025-10-01,1380.114210526316,kg,detail,2025-10,mean_of_daily_means_observed_days,19,19,mcba,04fbac84b3eea8e40ab500ede1e4ce277457b0abed2f2ff7b2074d18cf9b9dd0,,https://ssma.magyp.gob.ar/frutas.precios.aspx,,observed_days_aggregate_not_official_monthly,"[""a2792d7f35d43b1dbe0447fb15c5d8af8ddc6edad398377f76c90321353e3846"", ""a47d1e0148f17f3620e2c95a2a9a540897f53db2dffe047a2bd974a7c42fcf8d"", ""14e4b44927c99d19f44ca41458e6d829a1dee528fdefdd4cc5908af95ef06e47"", ""e3ddff90222dfa294dab4c2d956a495473a4a9b70867a07f9b8231823efec009"", ""7ac538e874d3e73f69de1f1d08755c04d1a72926aebae7e9a9d17510cd8d53cf"", ""2e41697e4aeda78ef032268b67c6e0b1ed46d915a10ebc6e6c28e4704267043d"", ""f4c593deee0c34f99015ece2a309596c38cc838fa090395fc0bc6ce91575d4b5"", ""258854b1594fd2d03b8f23230e0e54749a4c4e9e18fd36901917f392b5eae16d"", ""75588a39f046c2ab70a9d2a828a6fcc3466dfef13fedbec4bcea0169358aa400"", ""6524370915eb087e40072e707110dff12f6379da9a7219a62d8b47a0b2fd57dd"", ""3667044f60c50bceaa58700d5ee0d711749241243f326f9db35e32b5f46e98a4"", ""09c2607a24b95842578a1ec5ac9dd190ba67476861eb753d7694fcede4131d8c"", ""2a94c9d4fc56a638125807e7fc630662da8dbacf898e5a59df1725cd33338b52"", ""dd0daccf81c137f46bc3a8a391c44c2602d56b00320ae6fd2694d0d92ce9dea7"", ""e999469a09c0006217fa14199439b32f8e2fcd096e1566dc7e0500e83ec4ea84"", ""ba7a70ee11ca677b25ba43f743a4bf3e7b3e8ff974b80adec7c80f47dd1f930c"", ""df6e77bdd059b0030f3b3093cc25b571c0705080b7c48efbc78468c438fb3900"", ""2ba4b02878136fa3cee773e9ed248d6397fd6afbaae8e6b489306d9a7c8c5006"", ""7a5205a075bf0dedca7b581a7602604bc26cfce58df170af593a561d5b9a3fb9""]"
MANZANA,FUJI,R. NEGRO,CAJA,Frutas,ARS,Elegido,040/060,,2025-10-01,2000.0,kg,detail,2025-10,mean_of_daily_means_observed_days,3,3,mcba,39dffc4fd593514b02c6fd8ecd7a743e5e389a8a4aa19a315dbbbee4649ba0fd,,https://ssma.magyp.gob.ar/frutas.precios.aspx,,observed_days_aggregate_not_official_monthly,"[""4b510de9e2cd0f4254d1eb2a2c2a359d077463dab1874a819524c8cb6f2eb061"", ""8828c493e819552881fec54d477478154d4ba363948033d91bb1227276a16be0"", ""53f9f14a696f591bd2ba41cd745826890a5e862ed977cce9ed6a1c8121d325f6""]"
MANZANA,GOLDEN DEL,R. NEGRO,CAJA,Frutas,ARS,Elegido,088/113,,2025-10-01,1374.9991666666667,kg,detail,2025-10,mean_of_daily_means_observed_days,12,12,mcba,54234962d11fc15a719eddc476126814dac5ba5ff6603e367700fde4af0e614d,,https://ssma.magyp.gob.ar/frutas.precios.aspx,,observed_days_aggregate_not_official_monthly,"[""569b7f9296b9cf6a791f3e16fb3cfeda65bd982a9bb269a87c729b5e44208563"", ""98b13e0d32b3414cf3e80152c34b84068b676488d25e53842f85b7c85c1b9ede"", ""5dbc85c2c24be3f396f418378424e5af766d1ceb8a9c77600904b80a548a5162"", ""98b5c5cf0920096702a6611f547388d7049d41804e29b49b41bff74edbe5efe1"", ""954f6cd90e19f46594544c0905cba21562e6962c2b3593494542fc55f35dd630"", ""c31708420a4f9bad06a96ea01723428e862221c30e3be6f09ab48b6706b9ceb5"", ""ca0f2878d9b60ee7b49c38996905c97283add9bba753d51d1866d471e6b6e670"", ""76f65470f48e87752ae41d55823c1eaafcecc58f2625aede88f84dffd28437ee"", ""d3a664d637bb4a5410d20a6647b1c04c7c6a0da301c1904552c6f97ab47b0a73"", ""0e3e5311a51ad01ae695ad94770ba51cc4532b0b5dd84bb0d6ec8d733a038a87"", ""cc4c469c60d7cadfd66a91b6120c19ebba3a5c48387ec91a788c985f064126ab"", ""3d1f0de50e7d1d743698b22d10662240cdd68ba5f81726b7fc0f0cc225442782""]"
MANZANA,GRANNY SMI,R. NEGRO,CAJA,Frutas,ARS,Elegido,036/044,,2025-10-01,2204.7619047619046,kg,detail,2025-10,mean_of_daily_means_observed_days,21,21,mcba,7156a8d4d7e6baf957a7d7d98d22c2d299f41add0eaa79cdb306da4f6b32ec62,,https://ssma.magyp.gob.ar/frutas.precios.aspx,,observed_days_aggregate_not_official_monthly,"[""8e828c972f9a4f11d4e1b94c933c858c8a81f361059296470441e60233c9a6e4"", ""71dc84031d9cb77d852104f57a893a49d7b44dfca480849f4498861cbb3a83f5"", ""32208cf82548af746fc27dc0026664e9bc689093efc7e4f0a67fdc43704022eb"", ""4f301e2e517b16ecae34a43338cec3c82c7e4ef0f96206257e0dcc4a3d44de9b"", ""387fac809d91b3a52a785a72834b3b5ad6d6ad6dc53936a24880296f7e46e6ee"", ""99c80f7a6bee33dbc8e28715f5291181777264327ea0ea2161d65653f3f74011"", ""2f19d756cc32bb7ad435a0e1359d8393a681c11210a428a04cbdb7cd7d0c540a"", ""c8517bb9445530ff6b960d3c766bfc78ef7c284a980834b919a4ff7cb0d55366"", ""25bad6390af5165f337c153ee2b73d0ba7450681b30bb3f34f5fc079edf79202"", ""02ce6af1662c5665ec6efd65a224490a6c9914e88ce29c93e258a02083126ff9"", ""231ed944ecf24378f882fe7962e15cd46698d78d2142e0955fc57b38797b51cd"", ""e1528b5761731007921ae6dabbd8531d82cfac0881348ade85b184086a6134da"", ""0973eb47dad9e4c51a66a9619a45b7ed4c15059268eb1de709a337c8143c92a4"", ""e49a020d57d32d649ab9425e3f41f086c13f994e7804f1e864901fa51fc61e9c"", ""88671a26208aa767a9e77a96f3e664d3320eba20785a3cc60b336b8451fc5298"", ""f732dbef70101aa534e9594d1ab2d5e499bfe3d985b9bdd4f84ca1ec470df170"", ""3111400ff16cafa9b28dd0bc5ea50378abfca78f66e90374f7b46fea8c814537"", ""ca0705204f9fcb87706fcf8ac98539fe0747d621552f2b36e744b37dc9528aa0"", ""475de2b94c0e64544ec515103309ae468b22541eb6bdb52f432366146dfc851f"", ""c7ced0948ed1d5fcb1cc66881e491b2d1c830494b84a49c2abedc81b9e74f943"", ""eaa31d19a984bb67f34d3429522bb5fe540493d2852aabbd20404848b921af96""]"
MANZANA,GRANNY SMI,R. NEGRO,CAJA,Frutas,ARS,Elegido,072/080,,2025-10-01,1883.3333333333333,kg,detail,2025-10,mean_of_daily_means_observed_days,21,21,mcba,4d2551ef5262d6204736bbf699af011d3c81a519537a96f1739805a2e390e671,,https://ssma.magyp.gob.ar/frutas.precios.aspx,,observed_days_aggregate_not_official_monthly,"[""f456684f2c61d0d5fdb794af9db5ea3852e775d4954b63d8a69071b8bbe91e8a"", ""0928aa3a7784b623fac98e0121894664be7887272466931ade5d3a1e5a262a66"", ""1d47c0fc67e56195d4c8fb0bc3534b9ef93a8af893f57afaa4014fd233130b10"", ""789dacda649d8597a9eb3a75b85754f6754f53da58c785e7b99c21929bfb6855"", ""ceefdb1a697b631231c7c06d64d1cbdfd9fb635e8de7789ee2e44c25b232f4ea"", ""d897a094a4e338360a4d9eefd675bc72b67b0e0cea6f79067e30d5355fa2627b"", ""69438df86f07505e782b1a74916e66172088cbfe2f1008dcb31568d6f219b9e6"", ""a32007f47617d91764a6aa15221ec0807203618e7727024290d18fef9c16d109"", ""64ebb8c7660b8ffa67d39e27e105570a9cb28b6964399d2f4c0a13c7e4260f55"", ""d40e9654b088fdb78fa874e459eadc1b976d2d54d16dbbbeea90eee6a6b48e7f"", ""82869042c19a94307cfc9454f9a1fc2c71885b7c94ce571b1fac7aa8dc82aaf5"", ""9f6800a952019e90e6e750eabe98cbe6cc2803003d2fd2e54bac5b9cda91985c"", ""b6df3644f973842e648aa7452a88d3abf548c2f66bdb4a1dd7475aa2bb1e671b"", ""f447c59d79b68cee359e897431555121ae359d909bbe99e2fc93de0972c4eeed"", ""00ecf49b3492b6347ec23b2dffac29c36ed0367de673af5d1e756ac8794f70bf"", ""d50ff9982221cd289c1a3d8d250c991d03187a0b07db496dd97aad04f0d6d5ae"", ""014e85a5bf7379054ce1bd5bbf328f72bfa4e06f1c72ef477ecdb81d4925ac64"", ""c859c3122d5aa5046a5618ec7b39004aa71661c7eed6c6fed45b4a621ea6881c"", ""dae3d7c4d61ea233e420ae49787df4eff71ba5f5738fb873ea51a26994cd5b21"", ""c4c038db3c66a7b3e3fee082cf5bb95c66d81e738f2d8c09091a76a5c675610b"", ""27482d70a34bf505f725e59aff291546f82d7412656a4ee3d069dac43df85833""]"
MANZANA,GRANNY SMI,R. NEGRO,CAJA,Frutas,ARS,Elegido,090/100,,2025-10-01,2242.8571428571427,kg,detail,2025-10,mean_of_daily_means_observed_days,7,7,mcba,3acf7386e3b65f2927cdfdf3df9a43299a7cf7285b75cc1bc42d1f11003febf8,,https://ssma.magyp.gob.ar/frutas.precios.aspx,,observed_days_aggregate_not_official_monthly,"[""e43cb248e5b5381f30d9c9c594759fa2b77e28afc121464aac87d68b2b568d41"", ""4d46e7517d82586d6c64a079c5731bc56efa312b9ba1d248a976bf1ac64dbecf"", ""d7f035c8756b1536c71916a1de9053a34314ee9bc5ae38ab34c4e7cca5341eb5"", ""8ed3a0008b00f1886498ec7a3479aceb83b32f99b9dea66122bed5a2e32e72fe"", ""038644915b4e23c0a38d459f3de9888f036a6c3c90a11d824ec39959da90dab0"", ""6562309df667173e5ee6f8c6d88673e4f7106e3ca8ef887a99e22f857ade07b7"", ""126506b5d6bc49f5eacdf0b224585e91f5c5a033b99d59e577b3cad22b6df6b7""]"
MANZANA,GRANNY SMI,R. NEGRO,CAJA,Frutas,ARS,Elegido,100/113,,2025-10-01,1624.3380952380953,kg,detail,2025-10,mean_of_daily_means_observed_days,21,21,mcba,b874a54380dfa9344c6a1f33c1119ac6601b266d693463bad09ec1a96ceab56a,,https://ssma.magyp.gob.ar/frutas.precios.aspx,,observed_days_aggregate_not_official_monthly,"[""3530900284b26c707cd36276d44c1abfe50dce4046b19e697fcae65a1d9f5d35"", ""e4765753af9105e91c3480fb3bd58947677315bf96e8f42bd6c244e75718f713"", ""3b124424012b0fc7ec5d2f9ddc7bfdb0e3485b32c35ba318bfe889de97fd8a2c"", ""2e2884b8cc50245d509c05c88da8011fad2e514d53cd85e690111b37f4646f07"", ""6c76eaf349a705f5303c3af0b006c33db25ad46c8cf70409b87fa2e9200ea91e"", ""2a825950de635bc474f144cc0cd1c899faceb761e7277d9ec5c541ad7643582f"", ""54c6eafdec04061a9b30b22ac10d086ee1946ef0e6c0898ce10e2173f6916dcd"", ""507ea3d9c03522ff823253379432d6e00d12b86172aa40235923bae10af4f7ae"", ""4f6897283fd1e4cd59f2082078562c99a5c9cda2202942d6aabcc07718a7820d"", ""d3214858b3079d240af343a8e2b0398326a55244e0d8260c17aadf0ac7711141"", ""42a2b1fd68f0faf755b9514555026367536e423eb992ac787e3e76ac4aad81ea"", ""7387e5262bf0486efda80e5a9722d76b3e6dcc063b02eda888405f020b29a8fb"", ""d2902d59f1a63e74a124f8591c524157f8c1eb57c50d8fde39f1e82c0bcfc9a4"", ""c8143fd052fb40725911a2a8f8bf5fae001a7575cb1fb5889d142206fa046dcd"", ""9711164efd010b042687415bdd4ee708780f5ff1e72e50b0cd131ee38bbba981"", ""4667a72b65468aa89dc7efc84f07d7027a0b46071ecea06db03fa53435ac2659"", ""ca7796ace7b4056cba478c01e324bd1b4e6d350e4a1603e01d140ba91781c526"", ""cbb441113b32945d808410f845dca44a3c1c0f40d5e74884bd0cafe63f1f37d6"", ""afdc9fe78b5d233817d7157cec6a636ed73336ca18b415c81a8da6b9268a1eb6"", ""c83f6d1446342cf02ff0a5ee6799c470fb067be2a1d5b374f64545f661ac6f67"", ""644f96c073f278ee234a87632a407e54d41e1b7d5348ad738b4cdddbdf573918""]"
MANZANA,GRANNY SMI,R. NEGRO,CAJA,Frutas,ARS,Elegido,113/125,,2025-10-01,1484.1271428571429,kg,detail,2025-10,mean_of_daily_means_observed_days,21,21,mcba,ace8545363bf75c151b31aa83b5a44f261987ac694e559a5ca876c17e4410855,,https://ssma.magyp.gob.ar/frutas.precios.aspx,,observed_days_aggregate_not_official_monthly,"[""149f01471653676c7f6a2775b1cf0f441aeae3be167bc7489847c2deed130310"", ""e3b7385bd239d018f749459808a42503fa8b441c2a8a3f2c7065610b5e838f0f"", ""b40a83b95f6e338d3190f4a5b41abab3be7cee0bcf9b308bc15c9c47b76cc0ad"", ""868370e0972cc385ae62948a0647d43695bfc7408555d7352d273417f1dcb326"", ""637cc933cc60c9fa9d4905451369bbf1280a0b66e6038d7c1e9ad31093a17ee4"", ""dfa41da817d2771b0324cc328fef2e8702eb34a48f5e4cfc45783097d52a5adc"", ""ce9bf636b2ad31d74b52156a6b13784e1099de5dfb811cd278e53931fa85fbb2"", ""5444428077aa265a565b9d74ca4ff55a316e3d7466d43f6b94ef839ad8d655f1"", ""b4cebca45286c88979db8177cabf7a8532a5b73c58683c907c45ad0b775c930d"", ""48346325a20f6cb3ed38753fb0232fdba0965baa84e584cc1ee9432c82346290"", ""4801ef5ede1e2f5ede3b2e48a6404d706dcb95527803a02fd4c44262ac729153"", ""ac63e77e3341781d9fe73bab3cde3d2251fdf5709e3035e8ea84cd91f45e61fc"", ""4730e93fbf45df60c599debed2955772a7dcd938c3b7f52ae412b40652793f99"", ""609e7c2e9960816fdca5bc8ccd4f74277018f16d2d0579d65b427f1aaadb34e2"", ""10ea22a2c16454814c181143836255079817e538225449c62083d4f2954262e1"", ""26ff0dbc305f99fe47e1cdab0778796446d13a92e76c65feb6ba6c3e59b6c815"", ""818bcdfaa178b483af6e5c8974c7daddee3852cc943e249fa7687416402e7032"", ""ccc968a31a7e10ebf99710264abfa5c70010a79a24a60f448b5b26cc6602a338"", ""a36eadc395081e355b864653e861d25b8ae74a59b048ef829c19db30ad8ded39"", ""9fd6f25d1570f9c58ca81021fa8da1ec510bbeb682977e424a2fe341d85d4684"", ""9266f9bcb7618431c5454123f3f3a1fd17348cb3932e4307b0b58018615cc77c""]"
MANZANA,GRANNY SMI,R. NEGRO,JAULA,Frutas,ARS,Comercial,GRANEL,,2025-10-01,1059.5238095238096,kg,detail,2025-10,mean_of_daily_means_observed_days,21,21,mcba,34aee1bf43a66a3dbd22abb315348c91eda2cf899d00d8393d6b0037817d1ed1,,https://ssma.magyp.gob.ar/frutas.precios.aspx,,observed_days_aggregate_not_official_monthly,"[""cbfc8242fb77d6e3c4011de1b66b872cf5b35055a70c119cdd776867768baa4f"", ""f5607fb19ddcf8a69d21d7050f44c818385ad321a59eb198a4325abb78c7a168"", ""471ed4af9de4e60c76cc950837b80733a96cce60f7c9c526af97e38143400c81"", ""c733f903f863c335e23212bef792e5182eccf03ba9bd370716aa9e9f81093362"", ""903d8e7a43e04154d54a1f52c658981a2799bc7f665d9744fe9084d0e9391de5"", ""35546b5b10c590db3e0cf834fee14587de3dd7d454250c9cc4cc85b06caf4715"", ""bd7be5d134e7274fab8290bd6a93c518d6f01f99d26a8ac8616e3058573165b8"", ""7890d194a6336421c22a58ed647b02a24d5ddf5aee949651371a70e23da76d42"", ""6a6caee4d7a510b58717297204e52fe9d738ea8653a2d686fb36ef03380874d7"", ""e73f38c5b83c5e9a75bb9d51cd3d77811b2afc0a16815b71aa4d00d27152805a"", ""ff4774d3f164f9b946fa85a5ebb238266c08a80d167a846690f9cf40671d2d7c"", ""868362e3902fedc614cae014577296893a933621f662957f5b3dda4c5e835469"", ""8c7f42af6b6f897f7fe454db5229166b92e302035a19f5784b8db2ca81b30523"", ""a958c99304643d5d4999a560a404d584ad371e8d3cb2cc7ebdee54b4659696b0"", ""6fc2c5e5ba66687d96e857ad997e3c5fd55089593e2ba1c58b6e4fb236819ffc"", ""0f1221ccec852000566f650f98e43e55402ac042024607eb26368862b3442670"", ""071b534c901b84a3d2dfbc297db0d60dd74e2718b99b860b18b70d21a9ffd68d"", ""755ecbb03266301752cb5369ba8101b6bd47d70f9b16ad638b5d8cc299460e5f"", ""d5e08853060e3c2166dab5fe663a5a426f85e54779c20c2a80a2df999324f7b5"", ""2dfe2911d227ae23f061256940da0ffa72aa51437ea9f4c93ab925e7df4a9698"", ""28c89cc8d7dbfef9c4d0881db1c62e632190e4f0106e54df0115fe1e78a11185""]"
MANZANA,GRANNY SMI,R. NEGRO,JAULA,Frutas,ARS,Elegido,110/130,,2025-10-01,1343.9157142857143,kg,detail,2025-10,mean_of_daily_means_observed_days,21,21,mcba,a53fbfe41f079a97084b7ef7d8b4be47d319f6cdf79ac90a14876d8faf991f0e,,https://ssma.magyp.gob.ar/frutas.precios.aspx,,observed_days_aggregate_not_official_monthly,"[""74a0cdb6632426011ab2012cc3bc30d5e1431e244f829074d4bbb7c9e66a8407"", ""ea9be89741d389591bc8840305c6c941cb975d998abc05fdbf7ec07e5adeec15"", ""540a30d47c4ea64c306d7450fac63fac1c34dd206ad631d6169e8f2a0868d084"", ""52cc5d0e782f7bb2afd54884e7a9e326c560e4979e7728721625dc59df170de0"", ""94b3f7691b3be25a52865b587d24f810e532c94dad6a1a8404f47cbcb82a0e7a"", ""22b0b615504b8fb0c23ede3710d3433f3a611b8e8410954e74ac844405f220e0"", ""f1c56c5357ac380e5068195cf9e59f1f8a78999247d5e8e1ca0e0ba575b9fa3a"", ""1bf3138d259d5b0dd4acfdd997af4e95d793d7efeeef6b9decd8c6ea9dbba2e8"", ""7c6dd8307f8ad5eef74cc4573dbced1ff2f1ccd20fde2d6ae508c72e3bcd3d25"", ""3781e9a79566e7c40d519671dd66dcf2b9ee7e3ae0f8b89ff866cb96ec6988db"", ""d3606a8fcaa95c9db66bad3bb87b8a2b6ffe3e4f7c65b65f8db746ffe8b4e42b"", ""3bacafe8463554314cfb573418ddb61c89f196b3a0090258599f2f3ef331e10b"", ""fc98f6b05f4ab86b9665768619e21db93d10a88adb045e94e005b674811d72c3"", ""0fa6b07803786dc824f1090d05e95ef5e170aa73a96e3552bd9d5d4b0b43c4fe"", ""363ed28a8f81549452e918d6916db8186799126415382530bb31d6fd22148ca6"", ""16b971dfedef7ee58dafa493ad03dff127f4f5afc56889b41e6384e19e6aaf04"", ""dc22fca69261f93c0d8cbf2bf0dd972989cc6a00dbe5e69f4c1e7db06921b9bd"", ""2e4d12168dae2067ca849e0e4fb920d5648f6bbf8ce31345744f294d31a1c235"", ""27f00a0100d81a3a3a056d83d6ac51cf7633fc00be1517932d650a99e1ea1bdb"", ""7781643eaf5f644c7afb5024bfa262c1b2c35cb620be86b4e017579870e7b931"", ""526ed307fa054f936c7b77b3e026f8683aa2380129875aedc46d425122fe1608""]"
MANZANA,RED CHAÑAR,R. NEGRO,CAJA,Frutas,ARS,Elegido,110/130,,2025-10-01,1435.1833333333334,kg,detail,2025-10,mean_of_daily_means_observed_days,6,6,mcba,fd92943299d8bd821754a00b6fd656b07b8c101fccfe865e3f5956ad0fe86d2e,,https://ssma.magyp.gob.ar/frutas.precios.aspx,,observed_days_aggregate_not_official_monthly,"[""ba5976a333d319e9ac8b2904f6745dd3ba6a9855a6d82cffc7d688f3411351b1"", ""bf10fa18a36410e2ff3b354d230148f6202ae0681b79ca884c9a09668cc4be53"", ""0e700021bb475bf6f9b459587071368e85a0d1ff982648a8dfc79ac3c4360829"", ""1b37437697b54da42c288dce4447fb0fea0b16c8075a24bd1bea7f739a70f8d5"", ""3a349f2976725007b6a69bc734ded638d31c0b8848e6c2ea3207883b4925546a"", ""97ab6d594636cb54aff96df73587bf364d1ab930cec9f1e4acbd980a5b4c3187""]"
MANZANA,RED DELICI,CHILE,CAJA,Frutas,ARS,Elegido,080/100,,2025-10-01,2833.3328571428574,kg,detail,2025-10,mean_of_daily_means_observed_days,21,21,mcba,324c1bfe8018440b56f3c7a25157f3beaa70a3a1d311b2014177b0e2e773f9fb,,https://ssma.magyp.gob.ar/frutas.precios.aspx,,observed_days_aggregate_not_official_monthly,"[""b570b65f2d6cdef663c5bbec108c281daf002c92de49bd6f152d0f107858053c"", ""4812995c5b2a388c0064f03f906914beee0b8a2442e75a2e11b19fc5b9e981e7"", ""4d46736d9331d4d555b27bb63b6ca773dc6878168d826854e940311f9cc2ac26"", ""52d05f138c8edd5814e933e6fac1f4b59d577f7614e62f6009bb09fb20486385"", ""3646fc3a5d08585a152fcb4f9974d401ded1ad24360ad251cabb30d9d54398eb"", ""123158a3ecd477dd92f882261bd871c0dc37ba9df683d64687c05cd3b5c09890"", ""1351551f0f5ece3da40988bb92b6dba3aeaf4d3aea10d952e52c16f4c754d6a0"", ""37809c0f9b5e72b4b5a63c78c8f0eb069383dc26f2e8a7cd69c19680b39bfa04"", ""0f8a00611ecef5c78d62527e17fbe86af3fd51738b0253462691320f53acdb02"", ""1d255868d6059d258d55374136d1505d83c5fd9397331917b31c0bb2cdf25b56"", ""0dc56e7481c7df9483cffdae8d6070e777ccbfd9fbe423d36688c38110f7b24e"", ""39b88360d6108cc24fbd630bdc2771533e5f55e13fd8850586aa71e7a66fc2c7"", ""5db345b396fca271d269384a8f0aae13928da167dc27cf7a5d561278295c988a"", ""d6ea9b90403fb4a37b4f1a014a9c46153891dec0b126a9ed986ac6bc194efff2"", ""063c52ee90564c2ed05897423d34ff74ec6eb28775ed7e08f6d695b6a2a8ea6c"", ""71d0cb520cc70c590deb54391e07d90864cef97c658ef1f6d59803e412e3ae52"", ""2dd1718b193c4c52b6ddea25fac85128ace9e20c4b428f70261ed919af357ef4"", ""419471e9694fef8362222da140ece3ed884f2615278c7f11b15bfbd8e054e553"", ""b1c117b0fd9abffacdad7f767bf163e6625e5cc418bcda1327f7a71b3e4c98e7"", ""a758c9014812acdb7a24585cdc480988aca8da38a0f05dabe2fba964e62ec208"", ""7e167a1c020aa9419cdffba41e013ea98ff5d410d34c32484bbf5073f6670c34""]"
MANZANA,RED DELICI,R. NEGRO,CAJA,Frutas,ARS,Comercial,125/138,,2025-10-01,1462.5,kg,detail,2025-10,mean_of_daily_means_observed_days,4,4,mcba,b92d3433149948f5480bd3631ba92b07715e9fdbe80ac759a2d56297129ceab5,,https://ssma.magyp.gob.ar/frutas.precios.aspx,,observed_days_aggregate_not_official_monthly,"[""5fc6f1af8f97855cd246c288e409d61662f5b57bb2b5782989a66f890003a212"", ""68e7d0637447ebbb01082151226b9a37e8afd4a64e006452ca8a93273eb6b4c2"", ""2af0b6390b888f20b4fbf4f72a9b4c472ccfe95c483969341cc9a55c29d479d3"", ""bc9fdb406d03daddedceefa7976e8e2a9729e04a4129a0a5395ea518fc23943c""]"
MANZANA,RED DELICI,R. NEGRO,CAJA,Frutas,ARS,Elegido,044/056,,2025-10-01,2280.9523809523807,kg,detail,2025-10,mean_of_daily_means_observed_days,21,21,mcba,63a8397364b42a92caa3cd9e1256fe66069c008f2e31d5b528cca244de66cddd,,https://ssma.magyp.gob.ar/frutas.precios.aspx,,observed_days_aggregate_not_official_monthly,"[""6b50331d97cf6aa4f091e13637a022429110a47dc56b571fe297a62bc52cc6a3"", ""154da75aaf2a633325d48fb619f9559fca96d79ba3efbdee65aceb5e4b4ac2b2"", ""4e934d284fab9de29dedee337ed7cad6c336bafd806530629a30ac52239c575b"", ""0315f96285b0786247713971e770cc7c3b3db581f52f642c6f545ab621f1f2c8"", ""2759ff40285702d2f20633a3a59942dd125c8c63c14866162ce352c8020f6fd9"", ""944435836ee3f4036c61713fd3ad78d97dfedd79bd87bc5bc8b3624daca49697"", ""cd7c6e2f2e54abcd0ab397c3cd031a3b6ebc3638c3b1171b2bbcef3c5d132cc1"", ""f69559a350cc1ec592951a610f37ab11f5fc44063d51fc8fbd704bc1169c2d52"", ""4422d4b1dd502c12bbb5a8ab9b539b5486351781ee12b51ccbd0a7854df6d7e4"", ""7c71a3e6fe9a42e6edfba79b504030f376a053d0b48c073e82f083b53f5715bb"", ""97479c10a69972e3032729d72349e9ed68de11974bcbd60dbdc4126d706e1427"", ""bbcb8dd4d417e4b64d6ba42ca62cde26dbd23a60e81f42305c7c39ee199cad9c"", ""567fe74b69ef8de4f29bbff865126f0dd73cc5522f896efc696ae105cdb0dbf6"", ""85a4c837363b70a8fec36968631856b8e2ad5ab6ddf1e1422eada826a50342e1"", ""8a55a4500d64eb67fddef4bbb93df44ed9632edcc7787a8f172f217be5e74a79"", ""fc4c592772d85d5645bdf247c461477036f0055329b52c5d045a1f2c9223aceb"", ""5ec7d613bf0f181855f6ed1aa65719534a8a59579de76369d20abd19c0209583"", ""c0ef8b9b62615b294f95331a9183ec5a66e991e0809d24a84017fe549d9c998f"", ""7fea94713f18e59e2aaa2a20b610402ecd82197e28eb08ffc6c4e0a37f35f008"", ""206b632224944b22d51abaee227a3894af33574b7b1132dbfbd9f8da24fa1a47"", ""6e5bd5ba6d3591a42b78afafc50c8dfc0c0a27b80f357ab892589a0d355eb7c3""]"
MANZANA,RED DELICI,R. NEGRO,CAJA,Frutas,ARS,Elegido,070/080,AT.CONTR,2025-10-01,2222.22,kg,detail,2025-10,mean_of_daily_means_observed_days,1,1,mcba,0f96d0f921135a07309c1038b184b012450e63924fe30eee5d3789a2bf73bd74,,https://ssma.magyp.gob.ar/frutas.precios.aspx,,observed_days_aggregate_not_official_monthly,"[""f34f1a3a859875056d5c5fd3c106a6194412da62332429e5e0fa2b52024f6a64""]"
MANZANA,RED DELICI,R. NEGRO,CAJA,Frutas,ARS,Elegido,072/088,,2025-10-01,1549.9995000000001,kg,detail,2025-10,mean_of_daily_means_observed_days,20,20,mcba,da199eb8d0c7f705923cf5421f357ff2a681d2a8135ae09ba99e7597033e875e,,https://ssma.magyp.gob.ar/frutas.precios.aspx,,observed_days_aggregate_not_official_monthly,"[""ddc3e10d4c9b7c25225c7865753b4b4bd885cb2afaea7df278af0cb507943bda"", ""cb10c80fad656e00bd0dc34be91f296e24721e6cd3d9e9e61f3bdbed522dd753"", ""a1edfa46de5a7518014d917c9a426fc417d0b356452f38d269d5963c1d666f92"", ""4f4d8a7ccafb7ea5df9a3fb307594199c47466914191f48eb05ccbc1c09b180e"", ""92d19c4577433f31d43990d9ca7971c787c0ad9e555789a23fb42dce7fe71f07"", ""57e2f0fc6e6d7d30c3fba53e6c8d1f7ef3e30be1625e3c7981beef5b87687eb7"", ""7fdcc7e031a0286e4c8556097e4c914194e8cf3299190603fed02421b2ab3bc8"", ""14d6c56214d43599cd4b3a8c610c1ea8c25cc85a7751288fd3fb430eacf2ed61"", ""fa764056579debc0c93a901729c965ea1bf30c458b92e313f86a85a20040a902"", ""5a155e68f9f9e2b03f5485e0e15f480e5b3e855a2b2c0f11933cda72a8e48150"", ""b06ac1b7ab58a1fa4d927e9ded998752088f7d4ef2ef6044ee7716cfa30267e8"", ""19670cd79cb5886aeba35d741568ed9c7d09ce3e734b4df3a534aa9455fff9b9"", ""b4eed70e8bbd3b6ea75baa10f964cdc4473e8a7a726c4e5fac49a208c37adfcd"", ""a6b2284b6f6823f15eef17bbb6d421613a9224f93ebffada9d9dd9e231edfce3"", ""f3a4479f255fc289e03c7591f49ef29a30998cc0d1400bb0d0c61d386e4f1dff"", ""05fa99492afcb03ed9abe8e217c3d415d8623bff2d81d3bd87849eb44223f2e0"", ""a5054f87cde30a77c60d6b312d8a3e318c68a39e632ee75499ab229909dba3a3"", ""283a0a0290009ae1d1746a803add5b64fa844821122a590f4c3f8627dd9f99df"", ""ca00d37eb4bbc814c32e3ac862fcaaaecd250ce64f5c39c505024b6abd83d362"", ""0e68974ea19c51bc4afb0c16148d03fe710ca33d8e206862db5fc348806b8047""]"
MANZANA,RED DELICI,R. NEGRO,CAJA,Frutas,ARS,Elegido,080/100,AT.CONTR,2025-10-01,2537.04,kg,detail,2025-10,mean_of_daily_means_observed_days,3,3,mcba,adbf3c5f808b03bbc49d1921f7be42b87a73d58169818b4ee35bc1dd48a07b23,,https://ssma.magyp.gob.ar/frutas.precios.aspx,,observed_days_aggregate_not_official_monthly,"[""7a4049830f3f1efc94611c14a62af672861ad7c0b45ba6b7a43f6fd7313eaf29"", ""6f2aaf7b9894bcb50e0986ed2850f0f1b5c755ed88eceb69d0742cdfc597e351"", ""1d03ac456171ca15802acf4c1401e4285cb558cf3691eef6f3de1b229b7986a8""]"
MANZANA,RED DELICI,R. NEGRO,CAJA,Frutas,ARS,Elegido,088/113,AT.CONTR,2025-10-01,2555.56,kg,detail,2025-10,mean_of_daily_means_observed_days,1,1,mcba,c340ae4660044cd06e0e5e64dc41382b18f65dc520129d3bfeb1f2fff62f7d7f,,https://ssma.magyp.gob.ar/frutas.precios.aspx,,observed_days_aggregate_not_official_monthly,"[""c3b80b795d03094f361308fc0733a097cbdfaa373152b9205326edf0790bd2f8""]"
MANZANA,RED DELICI,R. NEGRO,CAJA,Frutas,ARS,Elegido,088/113,,2025-10-01,2133.332,kg,detail,2025-10,mean_of_daily_means_observed_days,20,20,mcba,c886deab4eda73d4c7d413372c7d536181a7d420106ed50ae4704af0c245f553,,https://ssma.magyp.gob.ar/frutas.precios.aspx,,observed_days_aggregate_not_official_monthly,"[""b574ce4f6ff0fc815bbb97fe71a06630a15dea44561a069888f8c15a3b069b25"", ""b3aeb56022c09dccf6e02e92bf812da3c8389f968edbbb22c79c7acd1cb78833"", ""664388842534f962297ff10c1e9be07351cb33d63ca7e88936e7337574118a57"", ""7f67ab8125b8df7be98077274127b614553bc5460b957d3405638f5a2dc5a2d5"", ""cd79e89a4dfa83c1f4cf509cb7dc3357b18ec77d75d32f2297073529548032bb"", ""abc87b2ab09b1207be50359ac5fe1fbb0691b6a421eb669241ace453c0626d4d"", ""ffb8194cec4888667c1735521435b1efa61b43c320ceadb08a0f62c0f31c7184"", ""e2b8ebccd055bd71b4df79e0bb8f712cf1db22ba0ddc42e864def501828643ae"", ""eaf2519f195813762b196c6d542e8d58d3a6f133894931a755f969c8f89a6dc0"", ""661dd1488756a0a990e8e381ef44f2a4efff34cb01e350bf83cb9348fa6a142f"", ""d4846f486153d03f6a868cd5db61c3bbf33e4333a341f83a49e7087417c092d8"", ""e753b48811fa972fe832b3bcec2073f9ea7623a2d5ab3718053a87c33b847544"", ""33eabe17e62dab73bc50939c64b88ee8813ffc64e5ad74170f5747b15b3438fe"", ""1dd808479e1c18494d880a0881df31b33504d490e97d65ffeb0d55c7c7a733a0"", ""665ee6f18aca6d8427822f23282e04587415ccf372fa26d60888898bf10c7247"", ""1c54ad23e0eaefd36a978d4ec42b9a0d3edb04a7bcf2e8c4e48f3de4088670b5"", ""aa126295ba410f6a6fdfd851341d22ac0802e1a069d178ad8cdc374be672c836"", ""671a883b833ed7e28e81c69a7c6c7a535ac5969119ffdb5b444a3074cda052b8"", ""53b365d35ed0646e3ddefd6f5b2db5bc16b41e41a24507ea50c76b3abb64979c"", ""a446b5cf0fbe6a6d96591145a9a911a6948b22483e66d0abceb23298fdae5f6e""]"
MANZANA,RED DELICI,R. NEGRO,CAJA,Frutas,ARS,Elegido,113/125,,2025-10-01,1690.4766666666667,kg,detail,2025-10,mean_of_daily_means_observed_days,21,21,mcba,5fbe331047bcb5925261ebb5a9c4fe6fb79ae1f1fd8bd92a8fe4864326e6ace0,,https://ssma.magyp.gob.ar/frutas.precios.aspx,,observed_days_aggregate_not_official_monthly,"[""d890e487bb20bf01bc588fad90be8f313d34d9720de57bfa4216b647c16a2735"", ""4882e81a4e74438a26a83e67984489630e083743f1ca8da2b237974dfa68950e"", ""059bf597563b05e59453cbbde94ac58f0bb9e946816570a7d596a687169c9c09"", ""01dcfe288c6ac50b75d99b7262efeca7c9148841df6aa2281640d317d6815f79"", ""4903d40831278fd27812e8692e6a4003ffa01b76e580da9427d2db2711e6a049"", ""efa53e3c7d9206c9d5c05c630461a88fd25258e9c90faa5f774ba0f026f2c50f"", ""afbf2f74007959136cbbcae783b10f632d0b5cffd640c4047af76a97205365cd"", ""71371d1b31816b0d97bcd4ff0afe391cbeef47027ffbf431a757f2eb049fe0e1"", ""42fa3dd44114d50578a269290c9f40d39b26b40aab45c924d02942dddfc7b129"", ""32bac482ad4a98607767dcd95cafe5fdc8082759f7cec50d7ba17a59e8e0f902"", ""2634ca19a9c8db38a67115fb647a63ffcca54d37f12b38340e71a7516627b4fb"", ""8d220a8fa592e0593ae5d00a8b6b08f70a2d3f36ccff808c33005830692dc3cd"", ""c6386f03175cbc252dd7974ed2e336c8322eeabafa0ec710fd0997cede247d0b"", ""3fa3d91d49b0d16ae40ddef1b58c5295d00c5fb57a78db3d04cdf26a85e5d2db"", ""d6ee040072f53129304e32d95f213498f53a98c32e32e5164f5f0bd812c7963b"", ""c58e956be1f57cf2395c533cd4881f75868f50cf43f3355c40bff5ef715d06f4"", ""81b0f49849543bd5a31b915a1f925b899b609735e2396c61190c98363c8da275"", ""d61ee79a0f047b33c21a287f184f2329dcffaf6becebab5f11c21ace36455896"", ""2e7201af5e882810013510d140254519ef4693c4b9b200e7243ba9fe3a4e35d2"", ""8b4b431140b33ef90f5255058f35eb92f4ae40006d7299d7d53553d22209a1a3"", ""6eabfc54edbbccdee1603b6c83bb14d5cd483c4a1807ee3cd94b9a6f3a60c58b""]"
MANZANA,RED DELICI,R. NEGRO,CAJA,Frutas,ARS,Elegido,125/138,,2025-10-01,1521.162857142857,kg,detail,2025-10,mean_of_daily_means_observed_days,21,21,mcba,925733c8498d4e582d95cf32c94963e5ac8f6b7a4fca1289e01a933a60ad94dd,,https://ssma.magyp.gob.ar/frutas.precios.aspx,,observed_days_aggregate_not_official_monthly,"[""3ea978e1d787bc36e77d2690621828356f0cb85c4c9dd5ec7e1ed36d0ceb2695"", ""7e25e169d9eafc02a99b1524b32bd0cabcb805b4579c67daddbbfc1dbd9f5d30"", ""b09ca7b15afee210a519e58bca096ef25d1d062899b06ab36e1b2f521d44ec1b"", ""278aef0e9350d19f2eeddf6d1bc0ae19cb63439abebd6652fc41c1548816e77a"", ""9dd567ffe2d7bc5a7643cf4932f925af3dbc38999a69a0e4d3b13c9a70352f53"", ""041021dc845d563f3cfe02a6341c611db79287c650f0dd20bb3d6e470e3e34d8"", ""34b885d00087593e4d9943a1f8b93de6bf7cac5cb4fa926a14a16a8aa1243f4f"", ""bd5f8a4895e40a1479efadedf7707bf4de6ffb74c906680da50dd9cea730daaf"", ""f7a702f04c08c4678bf224f6a9fb41a4b03e3f91bbe913f0689504559d4b39e6"", ""5ed2e7df3d74ae671dd234c3f1d208166676bbbd1fb1824be16caafd4377fe67"", ""59b718760ddf1e3d0447945a1cb4ea305fb2acb24520c5ee823bbdc956969523"", ""7ced9cd1f1d54e27ec0b53639d02a71d316c93efd7e9a53ab5a7f9d06b0e8949"", ""27972ed67bdc9b34952f3f27ee73c223897b3b437f98d6b9c7a9ab7f05f8e1c2"", ""5340b3c8e85d9f3fcf75911a7e23c849263abcf36e1b4860cd1c6895b0d2293f"", ""093a1b086dedda6a4e9c4d2de95aff02a82ae2faf99e40cfa293c3bc169dd014"", ""0ba9f1c9063a79932e1dafa316f274982c05dde8858fc57028b26b1b9e3d2bdc"", ""f148e21fffc2e3911c37ae1da88ddb9defb54ee6dec4f12c57176c25510118b7"", ""c538a6c3f63af26fb45a8b16b39a107c9103844425f59b24addc0eceb0582262"", ""35b5a56ed1c6c8759b8220690520fcbf9507c5dbebe73a452e7de008842e6981"", ""e304342c7d10a946edabf29f355e06458b54567b67239ed4b587bea377e6b467"", ""a76359c5571a1d2a90dc957ee91f08db984b90332525c23aee66bb165826d420""]"
MANZANA,RED DELICI,R. NEGRO,CAJA,Frutas,ARS,Superior,088/113,,2025-10-01,2855.554,kg,detail,2025-10,mean_of_daily_means_observed_days,5,5,mcba,a999fccef95e2d0a5078cda2cb03a771de17391d3f0af574f6732a78fc705be7,,https://ssma.magyp.gob.ar/frutas.precios.aspx,,observed_days_aggregate_not_official_monthly,"[""f97a7744bbb143a4610acae4a280747b3ef82ad44bad9fc6fc2533d10d8020a2"", ""cade00d76cc98deb31508d19e266cdc0894f243de7834254295b587c72ac83c0"", ""b22d1aeb2f87de8c6852adbaa9c05f14676f037d4bd301f18f8d6897f39f8493"", ""deba861cacbbe7896492af689a84d3dbea8725578c1d0ba31619042681224e43"", ""22baee83b09ca269512ed559198e45e9011cf3cc05f05aa9ef4199d12b7c3e24""]"
MANZANA,RED DELICI,R. NEGRO,JAULA,Frutas,ARS,Comercial,125/138,,2025-10-01,1484.1257142857144,kg,detail,2025-10,mean_of_daily_means_observed_days,7,7,mcba,0b726589da5fb3dd8d7584f3e506ef68b4d9830c77f6b7fb76e96e9e112d0af7,,https://ssma.magyp.gob.ar/frutas.precios.aspx,,observed_days_aggregate_not_official_monthly,"[""38a94ce347c7b12cf562b4e757b7ef4603bcd491d03d0105ee38edfd492ff617"", ""ae89980f10f60a287f3b6ed06305365f86fcb43d27e8940eaf6ffbb075751e2e"", ""1c92ffd211f7a1583edfe4ffd1dbd084a0970a2a9f99dee4bc0f1510d0965665"", ""5fcbca62ea65f33efb9726d8e5d3d5fa94a7bc15145420d660ab898a43438d8a"", ""da0c266179929dc26e1bb40b18ac76d4aaac765c6c814eedc1c418f84b5aabbf"", ""352b1b9fa4e561ae374dfad42770f648f0adaff5099118d8936fa49afcdeb7c9"", ""21c45177995a16bf7ade64026a690b6d8d4638c11f7d5cb0ec3585cd36a87896""]"
MANZANA,RED DELICI,R. NEGRO,JAULA,Frutas,ARS,Elegido,080/100,,2025-10-01,1462.9638095238095,kg,detail,2025-10,mean_of_daily_means_observed_days,21,21,mcba,66e46a3903ae5c868e76cc449b58666aec179047a46c77a0b6ca029e3d32155a,,https://ssma.magyp.gob.ar/frutas.precios.aspx,,observed_days_aggregate_not_official_monthly,"[""3edf08afeb30fa2fd6d2827f1bc47ea2153ca1365c341c7a1524658a42fa218a"", ""5d2a0f1d18c2a6e1ae05914156ada28fe29a0a3029e376c3c06204e522b46464"", ""8d1e142f9d05f7803bd256fd9fd3d97d672879bce104466d3892c9b30b896632"", ""928e1bcf031c80a7d881ef91664f883d0fb044625d38d3da6d70e32515ba5d50"", ""b19c6d2252552f8d357acea33b452ecceefa69c8124ae0d45a20a15232922279"", ""9bdeff90671b995d892e215741d495e0a422b71c581fff6cfe64f271cdf390a4"", ""552659c2f673d05f8062bea145075450d7d14fc73fcd7cdf47bb8c6afd27f21a"", ""8b16d3acb9244519cca5bf6c45d065178f831b8bdee9b4418f41eab8225bd0df"", ""74b44612ada73a500d37990e313eebd1458a2db9c79a63ed9ed3bf0112b593e4"", ""ed35569cb4db4f954822a90f0ede50a0e832ec897db0f1d3a69d1a9cd01f9664"", ""52c7304eaae9da8370f48398e02090eaff11fded9b380d8449bafa4e9a004442"", ""1c3b81d5e89e43f7c9362ad49bd40305ee798c54414c8019465742a84930a8e5"", ""a72675396506783ef951a8f7ea54c145ac00025b6f6fd17c1f5394317d53ef33"", ""69cba356105c6521554ee7caacb456f617facaa6d2d3ed336825f26bd65fe97b"", ""ab6c08c60e144fb8936d4595c3ba964dce6c000a9404fc21066a110af853224a"", ""db1634f4ff7a2dd5dc5e23aaaf6c1df53e41d727def1b41b2d5c46246d3dea79"", ""43d0880ff6e08b5e93383a3f21e82c8b97a8fd98c75da083db6217c301ecb59b"", ""3fa947131eefb7ba5d2112c8dbbc23f4721b260baadf962af5cd1aa3b100d913"", ""1ebc8e097407c1ea149344da72ae8617cc78e92461d51a6fa78e9229344ab8c9"", ""d33918bdee0db6960ac9cd835ae5c8d0a02143b9c9b8ca54b83aed89ab7d699f"", ""06662336482a3982c22508ccff6e03b633b16ff79a92842c718d43877a05c770""]"
MANZANA,RED DELICI,R. NEGRO,JAULA,Frutas,ARS,Elegido,113/125,,2025-10-01,1484.1266666666666,kg,detail,2025-10,mean_of_daily_means_observed_days,21,21,mcba,5f9c5eda5536334d33bf2d50cfeabd0f997b478e805a63d36f501192b2f754b7,,https://ssma.magyp.gob.ar/frutas.precios.aspx,,observed_days_aggregate_not_official_monthly,"[""35968ec55ab0c28dd84ccd710a46efddadc2973530557b56df06e2944e50b4e5"", ""ec4f79555de1199e3202998b517478eb524e4fc5845bad9220fea33ced0162e7"", ""bda68e9d6ef0dfcc9ee14cecc92a340cc700d5cd008bc378189b027e0d508e3a"", ""9464934d7996473e1791bf4038313d0e87088acfe28bbaac1cee8e066ad1b4ac"", ""8262b106cc8e9fbc6710e49c1ea6cf0c39710c9fbdf6e44a6c3fc24439321cab"", ""2f0d282a5bad58091b4820af19d4089e64da03bd5a73e6ece26415709ac240fc"", ""f71289219ee9b1a7826b5697b43dcc94c7e190f33b53e3bd342c24edea5ee55e"", ""d35d061db00f946c017418d139503f2ee7697c7fb50711768282e849115cdc4e"", ""15f5ef09f49de8dc0d01e7a8a023cfc7564e6a6968244cc88ec4691691941ae1"", ""4670529fe835d196aacb20639cdec620b46a6a75746392a358b00eb80f9fe336"", ""c81a44d818d588569233aef530a3bd6bd6b4404d8acdd46a03549aeb098d3374"", ""878988ed21e94c70ad0586918d45aa5404e5aee8dd6501b7d825e218a109e2c2"", ""ff5db33b245408496f65a65a29d67b3f974ae2adb7c087b893de34264b009a40"", ""8d991b50071e873dfb890a35e83f969f0e6426d99ddb34ce3299132e4d81903b"", ""db74bb0c08a13448af3390c7434d1ceded4c3018ba02a5ae912b7eb5166b9b9a"", ""93fba99aee60d7b67dcdd80e7a6d66b60a4dff0c5bd0683d82007c20df041f9a"", ""d62df6275f3c9b03fa273d9f006e961b5684ae82ba153a78b2085af056dda23a"", ""25ecec5647e435114a047c1aa07c42b067618fb2613cc80db4c2ee0ee625ce64"", ""a43e2b5d462a6a4be6aa8c0d8c058f0f3559589a9978abd4a69163bfa20d9bca"", ""2365c35abb6a03ae681ad89f8e8b3d8e07273d7d5a037f298fc139e6a0f6b296"", ""b9339f65d9d5f547751c050284b2b20b42dcf2413a1820beeeffdc653a3eb681""]"
MANZANA,RED DELICI,R. NEGRO,JAULA,Frutas,ARS,Elegido,125/138,,2025-10-01,1234.1264285714285,kg,detail,2025-10,mean_of_daily_means_observed_days,14,14,mcba,095b12d9ac5c675a2ab2bbf41beb8532cabd58930c8f6ce66ab4fa57ce34e1c9,,https://ssma.magyp.gob.ar/frutas.precios.aspx,,observed_days_aggregate_not_official_monthly,"[""e34ce0f140853f2e3cb89177d6a8388ff34735e91577dd65120e0a7a43e210e9"", ""4e255e0b7754c6b84da93ae5d08a0437990cff72f662b93c5da765b906432a36"", ""466126cc2e4984d0e88b6a8bd69fd428b84f0a1dc1a733dda6852bd5714d29b4"", ""f1bc4fcda3c15d1074c9ce3713c07f0df79a44a1e19f740331fa0338e916a227"", ""2e7220a4e2d53c5e3b57ccd47560419dc3fdac058bd6617e6a734474a728aaee"", ""e1fc68a7b6bb390988d6fccf7902b326edaa194a0e258a676f765ef01fa22b6a"", ""245057257facf774f525536916367be7f9b6a4455775c86561b77bdaee64b354"", ""9e10a9169d48643619c7b9c3b9af16866e0d2eef600c0f0926736ee28852ceb0"", ""fb6685bd20ba14af2e4f09e8a7ef7b450c153cedb4af5726e6094540dd092375"", ""22b711359a599015dc402d13166ca64e0b6eb53f05be3b0e8d0ce9a6d31e3f16"", ""e463dca7bdf905e66d4f588c12915f1aa1895aa71bd560bcff8bdabb8b16653b"", ""d702ce516333f2d546c055b3a66f0a83128d564c0a72e9e3a5f0acf90d1c5069"", ""bf9446481e5cf7e2c667238a1a34494ed14302ef18cf2a825007e8a269675eda"", ""cd4be056a1239a86fda2febf1ea8b752b69af48d49200232d88a13fcac21b689""]"
MANZANA,RED DELICI,R. NEGRO,JAULA,Frutas,ARS,Elegido,GRANEL,,2025-10-01,1046.4285714285713,kg,detail,2025-10,mean_of_daily_means_observed_days,21,21,mcba,55a9b4437e6531d6e287df20a15325b25b8c1c7b0f6e3f0e73141b1cde6115f3,,https://ssma.magyp.gob.ar/frutas.precios.aspx,,observed_days_aggregate_not_official_monthly,"[""a41df0f28e708553f4eda70be131d08cd40e1bd1244d5840218186de32a7f0a7"", ""50d6298be87da6bb86672379fd08693c8891dc5353eed5b5d85625f3ae2d7ca9"", ""d1b0861e893a57eb9d5f0b0d6e4f6f9036daf3d307e486f0d4be2b435b47db4c"", ""7113be0b51675f29eb0fdee6d679752667ba3b32fdd312ba0bccc586c0b1ea20"", ""7a9ad54b63b5e0e542002b583fd6ac33bb60f614eb14569fadeef1cfad6d3fc5"", ""8a8f39d94b6d3f2d6ac8898ba9a1cd4bc266764c5eae36ac6979689d4c75f5f0"", ""f01d7de5c6d1421fcad1fdc5d29e56292a85851b8937cb5feea6243bacb80747"", ""67906fe0328c9cc8582b386a22c7584df376d17257b9d1588b35cd56f2eb0d8c"", ""400afc2a3f30a736e66a9f2fdfa3784f006fc8468516a46407dcec54227a5982"", ""2e93a95b7d07f4d875f8853fd3e47dce7d9f011fe64d555802081e6c8ea98426"", ""ba1e82332e597c1df3a6329215cba006734b0034b5e01c90c3652d04561a4f15"", ""6151889d12b07acf1652ebfdfe9d41b553bda37300e6cfbf1c949a71a2406ebf"", ""7a0c7bb1fd5e462b5111d1bf0aa3d55d661857d5f2ad1554391f41ad683e439a"", ""791bb5814f0f44f4fc768e4b7030d4597fefaed5122d20a4027b60a0d17275cc"", ""c8544a999568e1259e05d8a34c198f96ca6b2fcfcefb584151ce85ff9012d3eb"", ""083d621c504a57dd7cf6e2edbe03f49fb3529f5305eb16d817f1c820be080c1e"", ""6b55495c9a905eda890d8fe160878ba92c6248eb6a0a5bcc62506d98f6a8f72b"", ""7a843bfc7f680d0f8e975a2a0e20f8f0a4dab66ed8a6a6a53c5eb10624f39608"", ""5a653e907e44a6dc90025fbfbd5748f301ecb6406920c903317b779742eb5452"", ""2e3574a5e6fc00abc831b1f41a7ad3c73f2771dfbc0c462038392975190ecb11"", ""b3993d2213bba6184f066272ab0f4120faf81639219c1f86753f0a5241baee12""]"
MANZANA,ROME BEAUT,R. NEGRO,CAJA,Frutas,ARS,Elegido,113/125,,2025-10-01,1492.857142857143,kg,detail,2025-10,mean_of_daily_means_observed_days,21,21,mcba,92564848cd38603d6e168b47b699edd2f426f9051de9d54b71de911faaa6b322,,https://ssma.magyp.gob.ar/frutas.precios.aspx,,observed_days_aggregate_not_official_monthly,"[""c1f9509bd188e1c3be8502965d4412dc93bf6e9d94a120081421541e00040161"", ""3f282aa7a658a52109dd8220a4c345e620245bf7a1ed8d417b600203eda4b456"", ""5abf9e190beac655893b6f1b5806f1367067cb682ae7b5e245b2d0627d9f78a7"", ""8489f6c239ab9c00c3de4a64598ea6aff0b7b1c9fd51d03be0f1214024d53012"", ""c12ce534ed076833f70b69018765bbc2aa06a9d956df58608c73f83b876c132c"", ""2f41d779444029d2445d4547ad795395722fc89fc1fd4adb56d8b2b71828e51b"", ""5ddcb602633f8202595b410e83ad18b37ac422c4ad65ea3a155ae7522c9522ac"", ""c5eb916760cb118f993eff20cae65d436b91d4605913c38bea05548203a23ed4"", ""74226eb0b5586a3cb856e20fd7c44697c11c3385c269281d059afa12d15a5da5"", ""630f73e1df90b46a7fc4b8fb21712ffa47466eedad54158d3c85567548ec42e1"", ""f24bce4d45b432b0908ef6ba988e68a60e1369b5e19e73230191a53a50acd655"", ""321eef0d2209e4a90420722d7dd03e24133b15b152b08ff54d8ffc8f9cc73fec"", ""56bae31a10c71ac2a9757bad0293d70e8ce7716e89b67026bc329b856c28547e"", ""eab844823892db0dd6df08c6a844d548895c84a507572118d364e8ad580215ae"", ""7838ec05229944344f4a59f4220962603ed3bfc7c4611644bf7265c3568d92e5"", ""7f5983d9e9ca82a48069ce406e13c38b32e8318b8799e8c211d963d373b46a01"", ""c3090a6af71cee65c0f4b62c2f7cc91dd3e08ef8180c50b8c9973acfd49102c0"", ""493e5e962542523df25c412cb269a7a04889bcc4f3bb55bef0b665d6c3e3f2b3"", ""00fe44609a95acc990b06880a1c2b2e53795f39e078e7b3f6676d8ca789e84de"", ""6b5f7907c3eadffd0bdde45932d4e060e732c62df26090ffc4d14414984dc791"", ""ffe04459dd343f8fb35d767298f8bf7e77b9792d48cbf1549947683a1c444b71""]"
MBURUCUYA,,MISIONES,PERDIDO,Frutas,ARS,Elegido,GRANEL,,2025-10-01,2741.178,kg,detail,2025-10,mean_of_daily_means_observed_days,20,20,mcba,da27f48286bcf08cf6e4b1ec1ed853cdb45c927a84240447733befb322f4473c,,https://ssma.magyp.gob.ar/frutas.precios.aspx,,observed_days_aggregate_not_official_monthly,"[""0b92479799bae6222b7441387de85e16b112e3f26aa06c9940650ff1908c8b6f"", ""a1864c04686153b3df16a9d4aa9b80067c874b987217c406b46e5b958f078e22"", ""8d8dbb5a0cd0fffd018fc66a5094987048798dbf0b8e9840f72883e110568b51"", ""e2abacda0cd33452c83a3c727196397d810bdbcebadb2e77007aacae64aca67b"", ""d3f93661167cee528fa673b3485ad83de24cd70ca8ef89ef756ba6abd1b4f5b5"", ""977ecff1e43fbb0b5de6d01a3b00bb5cf7efa2b958518f6b98bed6cecefa3d51"", ""99dbdedd4b582599b4bc07587405cabe9f021a8b6fc2cb2ceae78d84b98636f0"", ""c96a2ae4ce4869c48950042744871a329040abe79aa424695e1ba5bdc137bff6"", ""eb115e226dcc55a901f9b63cd29467ef4a7f7835ccc758b4f208f8270555a415"", ""c435b617e4855cb899da34a40abadd8a3922123fe8c683f44b9ad39bbe5cb51d"", ""14770c8c11c684505d56b4be5d0d2271d54ef9508dafd8547bee6744f17f319a"", ""a334111cb0a06a48dc5bfa99d22cff9fb11d8548277d4cd17870b408162e771e"", ""f206ae0b8fb2f7180c9fba193228960a0e0baec09b2d962a9e5d08e29054de04"", ""178340350eafb8e05239b6f825d190bddfdfdfc7ce65bcf4e164c0226f447ba2"", ""29feba5473c9451fdb8ef20214b0ee34030c2bb249f64284accba854c9a6a607"", ""7f5792624e4dd527bf028fe415fc4b62185409a1da5f221712ecc15fd1c775bb"", ""02758d4d3512f9e49b1c54ce1f857e30c42792336cc560f075d89cf51845aa64"", ""6995ee97bbcead5534eac5aa53c0960d054d33178c955785c964df1ae50f1dc8"", ""17f61259a3b26eb68539eb70290da6bd5f604aa7c0fa2c3872c13753e49623ae"", ""b8563f85f40a7c209bffb903017136f774f30f93e0adfeced6f85ac0216a3dc3""]"
MELON,ESCRITO,E. RIOS,CAJA,Frutas,ARS,Elegido,MEDIANO,,2025-10-01,3200.0,kg,detail,2025-10,mean_of_daily_means_observed_days,1,1,mcba,ff75eb2569e4cadaf6ce2d27618d32a01f16f8317d98850ec9c4956131542cd7,,https://ssma.magyp.gob.ar/frutas.precios.aspx,,observed_days_aggregate_not_official_monthly,"[""0af4b7bb335d89eef52c255453f1a20b0f958e7e0c0f6d5951d42c817c48a6a1""]"
MELON,GALIA,BRASIL,CAJA,Frutas,ARS,Elegido,MEDIANO,,2025-10-01,2494.7368421052633,kg,detail,2025-10,mean_of_daily_means_observed_days,19,19,mcba,969698bbd3d01f2c2e9a12fb2e355bae1a2d39ecc2df1a6ff0178845bb70946d,,https://ssma.magyp.gob.ar/frutas.precios.aspx,,observed_days_aggregate_not_official_monthly,"[""3b3d2931e7d0aa5ece275c55d275b28e1420f25ade42887caab85ccdeb29e2e4"", ""54a65e9cf2ee1c21949260c0ddd2b0a207a81e0b7e1e48d697fa61da74ad7ae0"", ""8d96699878c06050942329ce0c7055fb794e060168a49689fcebddbb363323a6"", ""d684b3f48a91a465af2c8cc600a85f803729033e9a5131fcc9cbe8bf9ca1de3e"", ""a00f7a8eb574507ef77679481dc2168b7a882be1bf7c7964d0eb88fcb69a1e3a"", ""b716c7a5ad31dcb271c9530e4b35fa9cd782c391f15d2ff2f710929062d3e615"", ""1c5ef7e8c0565ff516332fe3de7704e1391a771b9e523b153a017f25944be559"", ""51f1c5dd55ed74dcf0dca7d2fe72f4b8c247254edaa7aee1fc676ccf3fdd1a15"", ""2fc61d706aeebda666d685adab4234a65da1a7d1cc10dd09b2c5f876b96df0a0"", ""9fde90888d5c8b350c4507053e51b5b6b66e5d49734bf64e71351e6fe1589b52"", ""bf67a8a09539510f01a33a9dfb0697b639a6f3b01171f4c3656e573162b94db4"", ""409ebb2bc6646b546e49b177b534728eedb6dabdcaacb955147b352d9c06b38a"", ""5a9a35a008de8ffa2be19a7926a4383b74858d4ba765d55bffd3247a81e77e50"", ""7c2b6eac520073c16b9baeb74c05e6728b989e2d2722ed90c7bf2e9cdd637eae"", ""f73042e225654e8e758e4dd36a0476a3ebe7e780a35419d6be6d490fc15745af"", ""0ace978d9303ab2201a005abc55999fdb319604a390ad88eed88302e8521f0da"", ""9aef3fb245597ee8b59f869779a70596f4d9073d9d3b916fda00d25c032a4fb5"", ""2972230a9b7fc4209e418104f9549c5fb4e069585bd3d57004750e077208a819"", ""580880e7455ee483c0637217e221f55e3f72403c7c49586aac481890a3823b81""]"
MELON,ROCIO MIEL,SALTA,PERDIDO,Frutas,ARS,Elegido,MEDIANO,INVERNAC,2025-10-01,2595.2380952380954,kg,detail,2025-10,mean_of_daily_means_observed_days,21,21,mcba,57a43da10701b7a6b9c3e9f349fecdd99ca9fde37fa90dfc7ee00491e74ad8e7,,https://ssma.magyp.gob.ar/frutas.precios.aspx,,observed_days_aggregate_not_official_monthly,"[""075304d3e5a795c4097523574d6d987f9ca11b95dcc04d4366311d572cba8c99"", ""c90f9c342a50a899b42c63d58d73f8b541afc0b2cdb837f7187a8859787a0b49"", ""111c0383fcc91436d9f9216aad47c8efadf2f55fef6def65c1066ba8c3e260e4"", ""40fe8250bcbd99377f7ec25e59d3854a4304d412b6edb869c8484b1df361601b"", ""90a92ae80bdd1f5e6af47b48b0c3ad4f56b23914b458a5d3dad3739380ff5f53"", ""7cd111b41a1312e88f0cb995abf794454b7a70959cf5ab0da4a34737ce1d1ec8"", ""56cf4af218ccad958879ab9d7274a9b27b2a2a2e297eb36900684aae96624364"", ""91c23cabc5af3f4d52f4b25a7aa214df97c9c92cd5d2228063c931d3d08bb32f"", ""6317a4b62e650ac1ebac680c735058b59c25fa49b92f37905a02531da31ffeb8"", ""e0940cf98e4a18cb001adcb47eae992f481af5eb36e3cfca72bdaa5e7911dd03"", ""cfc596af9591854c3d22c526fb951cfe9f1227162c466b3a30bf613110cda4ea"", ""5121cf014a27624bd5d4eef02276e2d4806a00e8ee1f54273c453e7f9a4f0c0a"", ""080215e924343b1f0abe1362ebb784e52288a4bacd64663bfe2924b7c7af8789"", ""7a0b192ceec373b594ce22b15e5638d68bfceeff8434fd353e032120c9b33c51"", ""ca59fb1f5aa5ebcc65e0994e31cf8de5c3f57f98147414f55a47cc9b37719768"", ""a801076834c9be5fa7f8ac2bd0e3cc76d8d64223a58db23f10f46659bc83bcdc"", ""5692df1b40c3cc79a8252650f552887ceb2116fe86c1e06463ae2e304e0f61bf"", ""623f593f9ed027f62d55611f176a62db6bc972fdb3e9e4fa7731ddb6f1ed60a3"", ""e8d8e0b0d4dcd3c874d1f7feaae3f7340d584f1592078a7f59b4534a2a5cc250"", ""bef2cb4e2007b345e2cfeaded4a78808f849cbf655680aa48047fadf7b7dce68"", ""70ba9b4e42b43299d2fadf75b7db6bf20993bb19157c7848e5582096312df023""]"
MELON,ROCIO MIEL,SGO.EST.,BANDEJA,Frutas,ARS,Elegido,MEDIANO,,2025-10-01,2100.769230769231,kg,detail,2025-10,mean_of_daily_means_observed_days,13,13,mcba,4e1d7bc4f63f33ea0c9994d5cb75ccea4e5735fe1b4a00a3df6d8bc45348ce6f,,https://ssma.magyp.gob.ar/frutas.precios.aspx,,observed_days_aggregate_not_official_monthly,"[""5c8ffc6d761df299174331c3804b8ddbe3bb483a74c53e18148906cfb0629099"", ""42d6b804d02e0c28c3c191dd153665504a62f2cb16ff432c8300c05fb835d00b"", ""646aa01a6332a149e4b927e6c49b6cd96cba7fdf117c818945951249a0dabd47"", ""2378a82741cd8a4196d85583ec6255b47e408dc021440b61627960c468695af3"", ""acaae7e7819037903a6f32d485166184a5c6447b0c91fbea18982771a3939189"", ""a463392aac43259f1c8ee593e2511953eec636b9de17960447e9deb643a72e2e"", ""419bb798f67d38bea0ab12f8aa145575ea86726c1fc8b892ae30f945dec03a13"", ""2f334d09c5165b9b7d7e0aecbd61dbff2632d5da1ab3aa45f1826249a7bcb797"", ""bea4ae049572c2445a7442756a149a732fb3fbae95ba78b71648950f9160fbc6"", ""c0beeaa3efd50f8c4d802a8e9b89c38d3ec0330dee39e184594de386af39acb1"", ""6aa732a2ecec547aaab3822e2a9938d9898ac3532f67f11ed0afc6165916c591"", ""68d596f1e87c8598627cd06720b6a6c116c6b875894f0c45863cb5c29de52772"", ""237043704b937fbb1664a9df4b0aeac4c23f386fb392b4ce5aa859e91eb12c54""]"
MELON,SUN DEW,BRASIL,CAJA,Frutas,ARS,Elegido,MEDIANO,,2025-10-01,2520.0,kg,detail,2025-10,mean_of_daily_means_observed_days,10,10,mcba,a1b81cce0855ea13ff2cdb462dca8ec6f3c6b070350e8f2bc682fa60325761b7,,https://ssma.magyp.gob.ar/frutas.precios.aspx,,observed_days_aggregate_not_official_monthly,"[""c9e4f861067fc29aec6577e1edbeb460ea62ac576c3323615fb3167948d75e9b"", ""a79de93b3f89fd5659cecda72c89aa02f1952b479c842eb08445d40bbbbc7f80"", ""b29ba3b30fe483e16897ffb5a54af5214b2187b77ab090fea1ed3cff7085f924"", ""63a36f3e557f06a56b11e907cf33cceabecae40599a65c84e689085162b49744"", ""3eaec40ed3727ce81d3a5a33155e94c7b4ba9c01a07ece944fdd6f66b8921eb7"", ""8b21f3ceb84a7c58b807fb9a20aa81d9166e86e1953648bc54be054c7279cea2"", ""aec9c46361b611eea03093ed3a05b4e47343f557c071f6b67553a1f2a48cbfca"", ""4a0a41ca71558ae1c559caca58903466474e19f691977f3830d6fd9fa5551cd4"", ""08bd39d2aa79fdba874e69779e3a13df8ad5c1e095dc623235bd7ab6ce984dac"", ""4c69fd63fd5be5fd0cb83bf3c23ec05e9e33797cc73466230c111bc9df71329c""]"
MENTA,,BS. AS.,ATADO,Hortalizas,ARS,Primera,MEDIANO,,2025-10-01,9509.52380952381,kg,detail,2025-10,mean_of_daily_means_observed_days,21,21,mcba,5852fdbdb9abaaa96cf990fcb8fae74969046e5a6ac2e5af07d8ec0625f8b0a1,,https://ssma.magyp.gob.ar/frutas.precios.aspx,,observed_days_aggregate_not_official_monthly,"[""cf4cc1028a489a08680789db635d54890bb59086a2cea4685d10c33083fb1924"", ""7e26729d41b0d649539d75d4d5b2e20a589612f48a5c31bfd2568d1f932f95c8"", ""5f9581c23f65473537291fa59c81ddc03b5fc42d8d8ecd2b7cd3bc07f2d5a103"", ""0737ebcc88ec375ad6e363fb7ef9441f53b22d25df7814a39411be510513ad72"", ""9cbf29aa2d4a3ace8fde9fae3f90c8ed151d62e9b26f6c288a8e32d8f211115a"", ""a3c889ee64e8006f9311022c93f5331c1709a95c82baaddd7528ff49248bcf94"", ""d01f60939f720424bbd7ecf77334e0ecab5326cf75ffbdb63a21102b68f82ecc"", ""1e1df3943392821629530987cb576bfbc73e6ab3515e8b1ac99c103f53d5ed93"", ""5b99daae6e5972a436287606845fe3bd77313a83ee56894a22c52d3a4d81c2b1"", ""141ff95d9f70faceb5370c82653954483ab92cf83078eeb3afa870c23d933d31"", ""96ed61b28a27d50d105cbdb6aa3caf8eaf1693f28cfe0ddf91585dd00bf67c6e"", ""881df1b87caf4a2e8b1b9c32239f7f92ddb7517ad11259ddfec8449d4b0b1068"", ""f9c58c7388aec5ae4dba5670538b564aeab3074b52af36901750cee2fc06c317"", ""d39ab3477d34f7758090ed22e9879a5cae90af751ec2cdb1f3d6a24ad2144ade"", ""9ff54f3defe6aad9128219d04f1e7dc8cb1584cc5bc0ac62183b1d387ed345ff"", ""cfd9a116789001b4db5fc46dada54aba9b1930277125cfebb45e647cdd4e3669"", ""a13a06f1cf01a6b0b73192afdbd1957e22a41955b4ad911658309b2d39daac90"", ""ce4a20e14c19f9acc4a5540fa9e43e12b31685925ade58e7e9d1c1df8fdf91b3"", ""02fd41f5eac5ba3c15eaaeb08a55c070f9b12286c8ac483e7c941a67ced56e03"", ""b7ea19a84c35086be49181cfed8585a3b9c144dc9673b16126d0d723a1eb7497"", ""fdb4e4d8da2af6208d4b826ee57a92e8382ed7867457c9ca444a4785b571790c""]"
NARANJA,LANE LATE,BS. AS.,PERDIDO,Frutas,ARS,Elegido,070/090,,2025-10-01,701.390625,kg,detail,2025-10,mean_of_daily_means_observed_days,16,16,mcba,2e784c84a9d7496229fe59b3a6adf018f28a93be7823f5506b12ff917b175a89,,https://ssma.magyp.gob.ar/frutas.precios.aspx,,observed_days_aggregate_not_official_monthly,"[""1211b6a889fefc3deead708c2f0dba97609bb3488bf9aee6f05dcb1d1dec90eb"", ""59172e1257a86c99ed1eeac1dfe7b22de06a2060fa48e3714923d865500c2cc0"", ""706bce30d17bdc1b2a997ffea5be7a47fc68f6a1cf0f7d1cf9c5441378d47458"", ""70d43e0d57c4c85c80efbd42533b9718138838f30c4e2e5474ee9bf31b8d1a8c"", ""26fe81e18220dee492c2885205d52b3d1867e34460d41ff852028ee328bb46d3"", ""5108c07617dc26fefb8d40be76cd55571a0275b0c5c64c564d6b8971414153f3"", ""5879dfa75824eeebce45574df19dacf325c40758437bb3007c0421dc7c753170"", ""bad0d1df22b7fc483199eb4a29f1bffae0fba1a1bf33cbf062f57cf5a8c12122"", ""7459658bf07fb2626db5da5c6f56346fa9723ee8c17c0a5ea5f1975cff0e5cad"", ""afb65ee2a465a883dadb3052526f5737239ecddd5f9da07c0292a29288cd8d33"", ""7f76aa50f56165cfbfdc0001e04eb2bfcd65d3634622294f039713a83c469df4"", ""49fe9e871b0b3ea8c89cf7602c522b8d6ccec540defb7cfc0dad5539e426eb16"", ""acc878be7358384ac6b27a47e1912cee7806be897e2867993072361552a957a9"", ""ea5233417cb200d61c3a50448b3f556fa06894492f8c00c9c2bab10fc5378af2"", ""3f56a501987a4cd611b0290a26362d1114f532f66530f7f33fd7d9e7fdb3c8aa"", ""81611bb7276839155eaaef005ee6cd2b035c71fc344b5a0b4b782b2b1fc2c4f8""]"
NARANJA,LANE LATE,E. RIOS,PERDIDO,Frutas,ARS,Elegido,090/110,,2025-10-01,767.1947619047619,kg,detail,2025-10,mean_of_daily_means_observed_days,21,21,mcba,7fb008dc53001441defdd43606fde180303a0626452b15b8f8028ac67ce0354e,,https://ssma.magyp.gob.ar/frutas.precios.aspx,,observed_days_aggregate_not_official_monthly,"[""243e72fbdf8d970d4f5590f4b1b7e33f13ed9c1bae8e3ad5b68dbbfd6da67de4"", ""fa4557787780b5059f443bb91632fcd5e80643c02563c05cbff3af245eef451c"", ""7991ee7e68de092c8b3247e80b75fd9bf80bc8f69c7aa9c0c81b540d41c0c6d7"", ""6377e3a0eb1f95194f75b922a6615d4ec0ae738c86aecdca3ec62d1d84c8b1c3"", ""f0a00345f3f5ee825677c2c6abaac5828be8a520b5ea7cd30f5760296f291181"", ""0a8fa1bc27f7606859fe1955e512b852a99a94fc0004a0a624e419b73eda495a"", ""93c822219b870c1f36404d5945929984a42a4624e214b59b9c7cc460e505f10d"", ""20b2e7c565f55fe9aa6db55296388cee77c411a9d75681af7cee2a78c4a755ce"", ""2ac6cedcb822d5fd74bef5414f155173120f45cfa29c63d46bbcfcbbacf54b70"", ""ab610cc36a1242ff0b142ccb62486b3fa9e72116b20a25fa81eb6f81871f3990"", ""979661fb89f346548670cf841e6cda0435f0d8fedea84a9a6f90826d9860b177"", ""1ef438d2005a10737026a70f8ca3a23656ed26e742c0523d8369538c5979bbb2"", ""57950a9598d96c6db7bdb98a09f58981a040ee3672fb8a67cd4a039ad6d8ddae"", ""819c9bf05e81e06d574b9a972b99055d474c770deb9c79911232761ff8546d5e"", ""465ca3d2b8f8c5322bfc184166e60d4b8963a3db2fba4c7714cdc72ab3898510"", ""12dc5b9fd7cb4686dde7e568cf60b1a365691d79c17c858b3dc3b2bcc7b895bb"", ""389fd7c5796422937842498d19ea5379aa9b384dadd0902af8e55ada378f960e"", ""4f73c43b588a612156e192d473ae5c7bf4651a24cb01cc6431a1bb2611346a96"", ""1567d77154b05e5b18c4bc6a860d367bfb1ba2863e22113259dfb37a652cf8f8"", ""aee5c4541fe7ec2c870488d4d8b21676fc5ed5a84f16f8e236177a2714d84465"", ""8d66f7e46070e62b91eb90949ae1137f6e30d680c4c14c5270d01323cbf74455""]"
NARANJA,VAL.SEEDLE,E. RIOS,PERDIDO,Frutas,ARS,Elegido,090/110,,2025-10-01,686.5092857142857,kg,detail,2025-10,mean_of_daily_means_observed_days,14,14,mcba,e0a7d8fab19e58ac629513b7806a2e18e4e64832b2b2008162fe2ea70888e581,,https://ssma.magyp.gob.ar/frutas.precios.aspx,,observed_days_aggregate_not_official_monthly,"[""e6f64a0a0d9235658cb73f3a04d6902d15a1f0f6279363a99f1c9ff708600152"", ""d6b43f025fa093d8c2c32d08a61a61908bbf9d9f948b89c9b04cf80a39aa646e"", ""4cc4b4dee21fcd1d3f540603aa42845b1678456af0b7cf6540ca93466807ed30"", ""7c0ef808f6360cb875772212128b5c3a47332231b517e0bae329812d873caa02"", ""69f44f8f167e7acf13a00b31c3e3e6b5b465b41b0abd23b8b9ac12bc3b9fe6f6"", ""9026d448fcf4ff1b3c411b98097f160a8ceac834f02c01ed76496c4b31614597"", ""3ded9a251a5b6e9f45d71bb603feed575c4870dac2013ff12fd7238630ed7807"", ""f8bc644756f274e63cc5180bb2c3876e216ac626665d48713b07aab74504af64"", ""31fc8477785f6baa239366c69b2c3650457c5fcb0c6b570646cc868fac520270"", ""14c9e2401f0a792ba33ff202567a9ffd646eb405470b7dfdcc5adbb19de7b2f5"", ""a4654b034bdcdfe81ba0ccadf709f269dad2d837ad4fdc080fbf07c6c7b14bdf"", ""90e8f338f4e02fabff241701d3484a983c1a1e0e418a08ce58c8d8afcf88b646"", ""409e30d54908ee3ee76c5d6f41f34e3f8836b3b367f64230eba822ffce7b62d3"", ""9094dcc08f067c3981c7a7b8cd6cd2bc440ae6a7a210877f586c3d687ced8781""]"
NARANJA,VAL.SEEDLE,E. RIOS,PERDIDO,Frutas,ARS,Elegido,110/130,,2025-10-01,619.0485714285714,kg,detail,2025-10,mean_of_daily_means_observed_days,21,21,mcba,658242e162a579468585578d6858c9d6777467eec29ddf6fb1ddca28c304fa2c,,https://ssma.magyp.gob.ar/frutas.precios.aspx,,observed_days_aggregate_not_official_monthly,"[""3121740fa779070a64f4bea9fe91751b6c0646cadb01c78ede95014c96312a64"", ""0cf4ca3a6b3d706700145e5a32f1e3b57f8262b0b0979ecf287fc5c7b9aa51c4"", ""14552b6db97940447747aa53de763394a589158b5aba7e21068a77ca57813f49"", ""85ec642fa566724afd9b8fa52bb7c4236550cf3bb4a59c367ecbc621b5ba6be4"", ""d6835494b58083245c440e36004c70d04f4faa291ce1a9cfbadd678ea7e0d417"", ""278f0fa54806cff806f522c3d57380ed4ca59eefda80a6f9441a73cd2880da35"", ""291fa211a2d5ec20343b3c5f30cf3fe525be18a5b4613921f2010f6eadcec4be"", ""1748fcf3949e3285c5bd3a57ad5f75b6347d7a57c5bfb8ecbf5c058cc373b079"", ""52f0c1269ea8cf301c47d134458edad28f8ac4e1ae7adee967202dbbac8fd263"", ""e5af6b72ca7305a5d36a53f5cc57b471b63912cc2176f0fecc4c9a620c6c6698"", ""d8af2d12cfb27920e03764381c5d21d6e5f7b5d7601509ee7899a403ef2d9e85"", ""938cd16c9f85f076a1252fd3fa59f69a4e5a100aa269c09b23bab486695dbbe2"", ""c0e6bbc81372dd4ab31107aa52ed89724b39d447f0aa458712d08638baf1bdf5"", ""ec05d43db8d5badb4b9779b755a95c0973ed6fe6647a8bc30c3c493748c62177"", ""19b5a05fe9da8e44c6453617fb82577d74d1f1fee5072c016e447e67ea38c304"", ""18ec7424a2d37b7cce274a73359e81bf3621a42d7017cdf05dab5bab64f83c6b"", ""ca6da50732a13061047886544706adb4cb64c4891ecb147bdb559d517a3b619d"", ""665e7e5aff19f106d6df6b2ac90678b950ddc79d4fd867630e5fd2cd1ef2e6cd"", ""bf8981f375cbf634cd7f2be876563bbc40172633cb75a088293f6c19c7d297bf"", ""8e9a06b82417f815baf0b9b6e8512e0f71c86a9a39716baa0553f95a4123cc1d"", ""577b2c67946e2d147b3c3d88f606c8e780a4a27dd3bd9e8c533f4b7d9b3edff9""]"
NARANJA,VALEN.LATE,CTES.,PERDIDO,Frutas,ARS,Elegido,110/130,,2025-10-01,568.7861904761904,kg,detail,2025-10,mean_of_daily_means_observed_days,21,21,mcba,1dc371ab4382a68a758131049c52dc054b34ec21875afbf41462d38b6eaae7f4,,https://ssma.magyp.gob.ar/frutas.precios.aspx,,observed_days_aggregate_not_official_monthly,"[""c23ecf38acba50e7df92aa57e29d93312a7fe2501663a7bde07b467290fe6bd3"", ""a501446fb8da64c11de0fa726e9621a76d4bc0f1a70185e2874b785d60c59f62"", ""2d6a50d84fef4288c97059f44506963304e8bdc7159c85b7b61006737dd3296e"", ""d49968dd28008f9c8fc03357a6ce95f7af80b494a3c5748775e0081dab640e60"", ""c80fcff3e6bfc590e1fb386349301604b5a3a4b63fffae2eeb34dde7863757b9"", ""ff11856202480cd58de0d550194b4a5cfdaf18e10c30c42867074858a783a39f"", ""54b90cac95a8ee81cf9f069df0d100c098ccab0dbccbf90ba87472a0a1cfbeae"", ""982ef84be5e0c8045c3a3ab6c65b7fc001fd1cfdb130d3159b4997287aa88ac1"", ""021eb1c255d43765e8f50754a88e6a510cc35d88935e589def5f7eaa93b388d6"", ""f65a6c07a61b99a508fd3a0d2c44682a433714693f68d6d52303b45d076ba6cd"", ""5dab1a124a57cb0e49d65feca1d180628cb5a31c7929807fa302ebfe0924a7ef"", ""2303b7af7bcbcbedff028673a26e647ee7aaf553366f03786614305106b723e8"", ""500587850556563fde06ce955f3bf74d8bcbaafebe71287cf13c17a37cadeec6"", ""4ecf6629c9686b029ae95aaceb23fba154b4583456737af1ba40a6cd0ea5db9a"", ""41d35e21307f0484a726a92327d6571b50778570c91093083653eaa2f21fd743"", ""52e82a82d5bb319dfdd30bbd3584a459f05219b540eda9036a180cbe5933dbc2"", ""90d00d2f524b7d1411bfb2062035e87ecc25ba5838f8da90c8d102c0d28ba868"", ""b35787a63674c3d6914f464fb0b05195ae3b1f58ecfca90469167441b0e4d89b"", ""b7649c54f63c63ba1f75e50b81959f339eeea10ff64b0ff7b9c12f4670f51c74"", ""e772b838d0814cc50b28bb6f41115f06758eeaedaac623042dd1a48884475fb9"", ""ed69bfff5bae3bd475ad56691ce604550ec383cf9576a986bc619ddb79a9a0a3""]"
NARANJA,VALEN.LATE,E. RIOS,PERDIDO,Frutas,ARS,Elegido,090/110,,2025-10-01,608.4652380952381,kg,detail,2025-10,mean_of_daily_means_observed_days,21,21,mcba,f60b22f0bb5399382d4b9d42ecee99b91790cf08cd038187e8e800d122755d96,,https://ssma.magyp.gob.ar/frutas.precios.aspx,,observed_days_aggregate_not_official_monthly,"[""459334c739dd66d5ef439fc7771a6f2b3768de6b0d12d7ffabe3afde738ae9b6"", ""c863159771be709a30c1c0d0c6178315d27c3a14e59a6d66db0627d7fff5d6f3"", ""99d25656ba2bdac34f453af1ee4272cda7fbdff60ee361975044db45bd770203"", ""677339893e508203f97118d52c07b7cbe9c9d847560b82721581eaa74b8fc972"", ""3775b90de36b603b147bc007bfb80cc6ebf4253b55414ef69c146be09fae3410"", ""0d77c384e79c021cfe9402fdda1a80a6a337464f4b04307028d387b2a6a39e5a"", ""c496dd51f85e08888ebce9e5daf27e755ed48676bd97a1a1d14ff298ce40b28a"", ""932fd7f550dda38cad16dd555dbb42b4e5aa04d2e09a2c1bac13679307b85093"", ""f734beb49d68893d3130d74c02ab77a3acbac7f0d41ed8bea8d81e19a565114b"", ""7e30fd18c084bd102730bfa6be88804ecdd9f055cae34b2557e420e5172bd61a"", ""95fc876d2be0294f8c04712ade3f37d934b1e06083cfd4fbd246e8b23e35be50"", ""83107097e0925239781dbfa3a700f2a31614e81941b2f051a6b5d8dc5e213604"", ""82ae9f3f53b74f965db46fca3ab604ea86e410484eb14d8f1a385f036f7192d3"", ""8bc64c9230a20da24a6a9057f79885f46cb1173378b16aeab5f962ff98ff4d06"", ""8da4328bf8420a15abc92fb4e99f3c499c2e95a6fa57821112b12d00f80974e9"", ""a7f6bdd52838d8ab15cb0321054796cc9ce50481e2eecf2b29f8ce007ed598f5"", ""523120b28e0ea3ece2a583309b31b99719c378087ef5c920f77a26b8fffcc129"", ""5a03c42602b6bd8b9f1209932e54573cf2e6367d83500062bf561b803f18c5be"", ""66881b1bbc3004253f2d4d44a48f327ecaf869a6f04e1adca3aa8f3e560e6a58"", ""34d27ef6803c17c8cac045b5dc73407ec4d6f4420d82803d97b0c5a5472e617e"", ""8139516545255183a8dc3d1dd207d97f0b4daf8eb695985f0d558843736d89c2""]"
NARANJA,VALEN.LATE,E. RIOS,PERDIDO,Frutas,ARS,Elegido,120/140,,2025-10-01,500.0,kg,detail,2025-10,mean_of_daily_means_observed_days,12,12,mcba,93d96c970b72dc9b84d7849c5eedc973710742e85e01689960b26207c2179ebf,,https://ssma.magyp.gob.ar/frutas.precios.aspx,,observed_days_aggregate_not_official_monthly,"[""b323a6f7bfbd1ff6d71da6e43fea2f09a3ee73ecdb0ec22051d1ba147e79f5bd"", ""987c633ed094dfca9dddca5841604fab38aebd9d28b83016128552fbc2c4e69a"", ""5df37c4928f54097d9e2b356e46534075beab48e9bf39fc14fb8798ac9eb871d"", ""e3341fab628ab71bb8ffd6006bdabde21644df582d88e84c5ce097769a1d60cd"", ""2f3d98aa2c4211dca066a5a5f60baccd7ca3987f2d2569ba37c62556be74dd56"", ""970db63dbbe853bc04e097ee0b1d7b00e8ed4408939680251298763ea1e6a8f8"", ""d4225621f8aaecb201c55c631d85c62f1e692e9e3f52deef013aebd59530050b"", ""ba9e29ebc2e8393799d985440473a819fe0a072127b31ab8b8c3fd2c38c030e1"", ""4fd5a1b16cf1e82e09a7764df3cdaeb04e3767b69731172887e9dc63e5c3249c"", ""15144e553132034fc76014b0699049bc27247a290c5dc85ec96492e546a0aed4"", ""4ffe4c3e9d9332501918d996ec2ecc39a697d0f828514da97870cbfd2a3b4347"", ""cd48de1515787b5921b9f615256bc5433a91515dfd2e77d67cb1e237372ea254""]"
NARANJA,W.NAVEL,BS. AS.,PERDIDO,Frutas,ARS,Elegido,070/090,,2025-10-01,761.902380952381,kg,detail,2025-10,mean_of_daily_means_observed_days,21,21,mcba,c3149b718fdc44366fb42628e73a489fd7f7d918e4ec88078163caae7495709a,,https://ssma.magyp.gob.ar/frutas.precios.aspx,,observed_days_aggregate_not_official_monthly,"[""f268cde008f2a17cd27572a21c2bd8b389bc354e586f0b69e380615cfdd7490a"", ""3f0e18277fbdd8a6f3f02e64ef651ff987d3cd95fa5a09393d22b03b1df3b8db"", ""254bb620fb79598a9120d31f5b053a940106bcdd9227ea45ecec248216e548f3"", ""4d4792078a15f2b8f2ae2a2fb7a96cc9edb8e8e08824b6f2d9b05dcd0c274a5d"", ""0c5adb528c60722fa569647a78c3144302aacf5b87153cd79f61b80e5679ae7f"", ""7911f078ee05f2ecda1e12d9d2440460a0c8beff9e6f2b58b3bc5c32d17ff2f5"", ""42521ed5c1ebb552d832ab80143e4622097612dd13050e1928ec4cb85bd6ae63"", ""432f24bbaa88d171d9678f43f07da896e7742de555dbb637226bf6853bc7d024"", ""2be36b533952bcbff3412fd022642e694a5c87fe0ca803831cae8f7fbaea9dc6"", ""7e21188e8da5f905d204a349a504f35746b9ef0e77ad7612bf7ef9f0aa35af66"", ""bfb59f157aec01cb757537ff53ac43e876a8825ec703ebd4d19ad76d1ec8dac1"", ""dfe1ee38a74ebc41567209623ca1c2e9e59e057665c78b9f3a8ad12a493e1eef"", ""0b9573819b73926518064216a23dedbab7355c45916b2abc4144b85a024aec26"", ""d6f533196da7a4de66b7772bf0794e6781ba6e0f3ea03e7a8c19e9aa9328d41c"", ""be405d10b3b473ba5680406535587fecc1be18733f1347d5ff9a79c827a4c389"", ""e9ad94427091e1fad787288c402d23ff7a0679faa0f9249b5098e000f57394f2"", ""beef1683b318c5d25f16150dcc74bc18b17719d332195613bfed7f6c061b5dd1"", ""40e856bbd99aff14e5fa4187e5471f52c03ee3e5ff6d3f65b6e80205f539fd9e"", ""4fab0c844968221a442748a8d00b6b13e2607a9a63eb671d5fe2a8e0cf5fa116"", ""0b213bd2dd3d90154a2becb3386ca4873e40fd4e9fedbdefc76cff335fcb1f68"", ""9b9398a6ba70ff789e8eb63e29f4eeb45285ac1c7ba500c6e2c4a080b865829d""]"
NARANJA,W.NAVEL,CTES.,PERDIDO,Frutas,ARS,Elegido,070/090,,2025-10-01,703.7061904761905,kg,detail,2025-10,mean_of_daily_means_observed_days,21,21,mcba,d870ed5f9b9b36f71cd0f114e24e0ade4704de0c1947225439553743532b825e,,https://ssma.magyp.gob.ar/frutas.precios.aspx,,observed_days_aggregate_not_official_monthly,"[""c01008cd02e4d571436d4f1adc80cfb39b5cadbd8f0fe48e0c241058316d0103"", ""0391eb13a180094388d4975bd9fdaa4a76e081455da49bedf2a4cdba769386b2"", ""db9aec9a6a405c9b159bfe0b538522e5448fb8d4d0ae202dad9349eb963cf58a"", ""a4f4cc3f2c7bc62f68d9dba8c1af928dd1e55df8196cc0a0b9f869430f1dd9d4"", ""ab6ed17b4518f60c0a2aa49b5ecda855f46a8e1be4bbcecdc1acf5f6afd80f79"", ""8d0abd726dd765c863d13268d8d41b2ce63dc139206c964fb30a4068ede8e1f9"", ""6630923f7fcd28d950895f36903470ff176d551904ddf0265f311c2b6f4d62c9"", ""5976fdde284fd9685c335cd21f1a3f8ad35c96b45da588dafd3f2e668ae85e01"", ""2a26de47387ae8aea9f1194e4b1348aa4967189b008245af0f8892304460cbd3"", ""7f98e17a2254947b81b31852dad80804b7f94879a47af85b3d527c4879e283a6"", ""58e9c2e4cbf079f848d08cac3022b4479a6b180eb5d675048e3d022d60d293fb"", ""74a0f213d997d6471ce649045e5c2edc63fb5d3d2b8aa6e98b71819472c72490"", ""305466c75788b422a7a14f3cda3d71ec67c67a6e0e0090380243b1626ffe5c24"", ""b8bedc9f41082962c0426455b5896faba916715199a7addc126779b6dac3c7a6"", ""e55e92a615e16837260a649f11a4a7191d573a972be355fd46526f3798665bd6"", ""5021fb73b39861dd506a5a4018916f2657dc360855e60356fc7b98407875157d"", ""137cdbfeee3cc755d28956ab456ec5f61ef87da4deaaa9a2b43e81efa469a3a5"", ""0abd6aeab804308264264edee15cb8e8bdb63a3aebbdfe64f973000a30a0a120"", ""3db2dc58ccfa06a39123b72e6315f04fc7833a3317fe308ca5acade71079f1e4"", ""3961c15b689a183124abb78de10248732978d5e14618e316bb556d23a2a6ecd8"", ""cad29ceac438f6f54f9d948891d15628af7148d628352f7a7d8120c06caeb45b""]"
NUEZ,,MENDOZA,BOLSA,Frutas,ARS,Elegido,GRANEL,,2025-10-01,6657.142857142857,kg,detail,2025-10,mean_of_daily_means_observed_days,21,21,mcba,bf8ced6c2a208b4d8d725f25ab0986543829d9223a1d92cb2b04f726aecad25c,,https://ssma.magyp.gob.ar/frutas.precios.aspx,,observed_days_aggregate_not_official_monthly,"[""11866964173e10f0d87e4a2c0f7e8192c5b2da27385566078b5bf6801aaac0bb"", ""c0ba418095ebfab7cf677589099083818d5c9437091461e416e28536e4b9be3c"", ""36f05919b7563458353c849f0e4a23748ec07428c2fe3259d92c2fac3760ed30"", ""3bba667bfa192c005c226c1ed7fda909a70925aa79b61011dc42a2c87d12563f"", ""a4e079a0df6bea5f1402bc1476893b839497006e0b19ae98dc7abbb5ddaee7ae"", ""18b92acdb2e8d43bcbe54a95401db29185fbe7c7f80d41a03aaf139f11d1952b"", ""48bf8fe1276defa9d72715f166df0a9dfce9e878a1f80fd95c509666ea3317e5"", ""ba2f98640b2a762aeb6f3ae1ef11d553f5f7ef3bb0ff56a5496b37128e047674"", ""21b1417d86662cece48cd1118e7d0bf687404196c9d48856eb2a357b084b24eb"", ""2bf7df9ba6a7580e57cff0e519495cc7f98461a656872226c2faead07597336b"", ""4e2a12caccf2fca2419322f4b43dd383c6c057db81b63a96d7d414df5f4d6bed"", ""f3e4634f500227e93edb78a2d0cee26c1485a4eb31ba6cb7cea1a92e035a3bed"", ""2ce7264addb708fbc8cf2ecc1d1d18183042c7fbb2941fac2b466fa2f91d210c"", ""86dde74f1a6c9bd2d0ae388fce65d8a7dd917f58f8e1421a39b3b48eda62dc4d"", ""ae59814bea028f633fcffe6df2028019d9a8fdc0b4f9c76af59149071302f205"", ""37e494b28dfdc4d951a357a662bf35089a7a1cb1fea0a5955d5642ee44c8bab9"", ""fff0a22221889121fa28d7cbabd06096a4f43e372710f5387ab2a1fc8fe78e64"", ""2461c1672789642d24e2e0b2ed31064322e04739ff03a13b4d0366acd919b18b"", ""984b3f201295d2418ed1779e7728794fa6b25ca2455c9375507b44baa1111ef6"", ""468d4423add5b738957ddd3ed0f894ce7b9404c18baef695969d2a6e33b9af12"", ""cc3137219522a2edcdc968ea445f9d14e5fa6745fdb2364c86100fcb961bb767""]"
OREGANO,,BS. AS.,ATADO,Hortalizas,ARS,Primera,MEDIANO,,2025-10-01,9195.238095238095,kg,detail,2025-10,mean_of_daily_means_observed_days,21,21,mcba,2f735ce63f5001bac3d4ee9e5b57bbda4b18d535cd787a3be0fecddec8a45365,,https://ssma.magyp.gob.ar/frutas.precios.aspx,,observed_days_aggregate_not_official_monthly,"[""9b57df8fa55c22e4177ba726fcf8f06ec4e8de68dec6bacf1a31d63f58a0de72"", ""3fce6cdd65a5885402814522d9f5d462fd7b4daecb0c9c072aad13d1353b4cb5"", ""e884099e3ef8b19d2b5fba8c16f8ab6670fd4f4af80ec6803017ec8608677699"", ""e60135ed8cafcca105b3d7a7195db5c4a63f20c65f5967b7deb320de4a55a905"", ""60d96dd068a3985d3b787081afcb992346f6bad256e14b43b95e3c9f1a099d38"", ""8580f4c6b7c7d4b52f3f30ae00a8836d4ef46d09a8b475cf37ce492a845c14ae"", ""40431db233d8c39f62a398b27612fadf5035c3f8d077c1bd1e6af1a90ec4115e"", ""537ee22b484f1e057026101bac0b7b085ab1a65ad63a498a9b9727f6a7531cab"", ""d7d79f25d54ae18361474d96c53e2850c05d02370cb3779c27403d5991f20436"", ""4a4a0b31aa8d93b13f6ae428dfcf0ce65a656e04603d1447b75fb023712b654a"", ""585a9b4b6ad1ba1788e0451bff66784e9e3663965249c0b0c476bd3f666cd0fd"", ""8f5a82e3120a8560b251d924f9f9ddbd77a919284305b7f18a85fb8dfcc3a1c9"", ""37236ee3ef0efcabb7c33aa95f390c3788bf121683b6c23007f5979b1a374e5e"", ""bf141d22eb3bb278cebc62a210f7281f3b42f630a965d5a0fcd1273ddd5ab2ae"", ""eaba17cdbbcaa6731b27f965e114b254b3d915f3ae2be4eec7d3f2c4d29413e8"", ""b79661065bf1f92a2d4126ce67f844f40a151fad91dc1ab8a7aba163c37b8d52"", ""47140cec036967872eec258380457901df1413cff4f99e1baa8fadb9a24f6818"", ""2bb1ea211ea11c66388a8c8fb2e472f6cd8f49a14346e1e6b31e52356b50dcf7"", ""d6afd3762ecdf690e3928f8d9452fe897ea4d31ca04edea8c8295b1d89d00fcb"", ""c9291c65aceb91e5d911f66ca4df38e87bfa9e729ad86a73b0e34fe45f51aa81"", ""58f05a27ea0f72d17693f2f4055f0fa781f8f8fb54755ea66ad497163ac97985""]"
PACK CHOY,,BS. AS.,BANDEJA,Hortalizas,ARS,Primera,MEDIANO,,2025-10-01,2317.645294117647,kg,detail,2025-10,mean_of_daily_means_observed_days,17,17,mcba,1f59b6ec7d3f49db3f2458d58585aae650867e93f3c8ec90dc97685bf8102cf9,,https://ssma.magyp.gob.ar/frutas.precios.aspx,,observed_days_aggregate_not_official_monthly,"[""c6d6feb5d9ba35f1ad6e14739522780d977eeaf58081e1ef2d9623c9237262b4"", ""4f5ff6b7f97b8fb6779bdb07a8a86bd335014ea269f9d3755edb7bd94f8624a9"", ""3df5c783d6694cc8f4604444cb3b84726fb40da4f8b591bba467e0aedf5da2fb"", ""ba277a7c7c01e876b0c3ca22f459c3bc94d5ecfc54e2e95a0de85e6cb265cb0b"", ""e037aa69f7b6f5b059be9d8ccc1e978c584ac54890bde671e4ab7c071fce22bf"", ""9640e86cfebf77819dfa6ac7e87f833df35fb84720b54c5494e659cab17c06e6"", ""d142f426b1785a85c78371ea2aa098279dde0e92781e9748e80264eb6b6a3801"", ""51ec9e3ab996a67bdeb1d52a0c4e61f72bd2581d3fb8e8010d92763af51de71a"", ""753c13d5bbd54490e70d2c16773514d5a988d7edfb9da6b0dbfc68638588b9fd"", ""d4457b8febefee7dac1e612eaa09872bd6b3cf5d6c2a5b5cacd9aa4bb1d48a04"", ""07fce97fb8f347a0ca4fb382d3d7bc97273d5a2c1d14461c7aa0081585ad25a0"", ""e1d5cffa4681d3563ebb6f2138b07e21c69032c18f603b6dac6574221349f38e"", ""9d200507c10c34c8afee36860774cfefd22add404c30e5c991936a021fb15c12"", ""06510a140e188a76558207674155e566a6fb4ab23f85d0b4e5d909d1ae1204e0"", ""390227cb2b921a7c44515907fe94e39929241abf84e24f2d409577f58c592b44"", ""73dbab52225731041299fd87514521ff8ffdb250a89e1a04f584cdff1738a152"", ""ce2ad7895e030a4dab33ecf1aaf20f020b934dd932defea2c92096a6be64c9e3""]"
PACK CHOY,,BS. AS.,BANDEJA,Hortalizas,ARS,Primera,,,2025-10-01,2333.33,kg,detail,2025-10,mean_of_daily_means_observed_days,4,4,mcba,7459f87ad429826afbda54024ce3ab85d2db5d52118688645c13150cc29ef0b9,,https://ssma.magyp.gob.ar/frutas.precios.aspx,,observed_days_aggregate_not_official_monthly,"[""5b56dd17a942ef402b977f65500ec2b6ad494edffcc4881e72e8cc701cd2fea6"", ""49986bbb4b6cb34e25340c60dd753450dbf4ec34996bc3a2e131199e66a05995"", ""bcbad9c77a852badff6272f16f2af3ca646bf702c546dcbedeb62915fb625772"", ""4cfb78cbbc536c3b763eb78def674ade95fda0568e83b4c8f5ca9b0d8e001e9d""]"
PALTA,HASS,BRASIL,BANDEJA,Frutas,ARS,Elegido,GRANDE,,2025-10-01,5380.952380952381,kg,detail,2025-10,mean_of_daily_means_observed_days,21,21,mcba,16e2299bd6d6b398737155d85e7c5540f904bb83b17fe411216b6e3bc3370570,,https://ssma.magyp.gob.ar/frutas.precios.aspx,,observed_days_aggregate_not_official_monthly,"[""8e37e7f47dd7ad8a4a677ae2921c5330c2dfd1cd9b152f78728daaca2948027c"", ""c6e8809c587eee48c6d7caeb8c47fbc1cb1bed299b2cdc6c91ceeef4abc9d150"", ""b5c6bd9f68c9ee4d279a8ba5f74b95a1144a8191e730deeda53df41c06d54bc1"", ""6614a4d3510c16932fe085863278ee457138a83b6f0374146bdadb9469fa91ab"", ""5326ee6a09aad333f50c0d50584e44cb757d31f57b3fbfb6219068a272151e99"", ""be862e737187a9b95f83897bdb2c5aa4452502a7cbb3223e7cec4015a8a2be7b"", ""ad1c2246c28719a76c4311fc7538de31e648e520791790ab614fd7507f3eda68"", ""25d494f350513eefe90a7576e34265a697173dc3c796982dfbc38f06ee867b5e"", ""60b3f4799489237e10f900476dc59aad3908134292ce5b9c55feef5d398aa9d2"", ""6781142a33fea7240e4865a52f5eb602e268a682aa7e3eeeeacc241b3ee3d9e5"", ""85d5590a6943dca7624b0ccdb2a3c900e323c6850763d36a7ac360fc4318d8ef"", ""84473cb4abb89bb3ea6a7839d169235cc0ae2fa35b3d48069e9b59453c3de143"", ""2bf91762d31fe94da0f749512f55e28723a5ecde3bdb2e7e314f5aca0674d90f"", ""57ce69cc67d4766ffc29c5ea301989f71d559360dfd38c57cfb0384393ca7a84"", ""116885fca190522b64e4ee86969aee4fd2f7a1ea7ec193220f89fe8100dc1240"", ""97637f906aff23dae0df60132348e7cc18f5c150e838b51306cd40ef9e111466"", ""55cc02197f8ce00756102c0119997c331316476b37ce6f90c3e6ef0e39f27c2d"", ""81f3109043e1fe2585cf3928bf4e238d64712e2afde9c1c232560b78e1254fde"", ""67e60f1071b0df9496c6c298265d694927d0b387b4c4fa8f7e73b57eddbe7d56"", ""3f206c97d077ecd801764f7e77959314f59ff94710f6f2ebbd5c81712f04b7d1"", ""f6694bbaca433363f0575f246dc655113cda70e9209e2e71a6ee18ab68073248""]"
PALTA,HASS,BRASIL,BANDEJA,Frutas,ARS,Elegido,MEDIANO,,2025-10-01,4595.238095238095,kg,detail,2025-10,mean_of_daily_means_observed_days,21,21,mcba,0e09ff0f0f7cb0a122624facef17e8232db4b98739307cfb4ec61991bffe95f8,,https://ssma.magyp.gob.ar/frutas.precios.aspx,,observed_days_aggregate_not_official_monthly,"[""6780464e7d1b2c8ace44f873de8eeb2a350fa2759a65700d8de98501433dc86a"", ""8bb3ba78f20120cbf7c9137fa6d1d8bf35ea72efaec20c65ed5ae38ce113c040"", ""d14f7cd2954d8bff64375dec63fb6cd0e9b0673ee1b4976e983af24a414e6c48"", ""62c60fd51f6b52697c7c25017b0cf47252d5da12da8e004f6960dcf8cd546802"", ""c34ef2f2cd5675b4614b31348dd3c209c2990d7a4902dae71b3bc574fb7e30eb"", ""e1563e5d46f152bf043ef0def28272f69ec2296bf314e785dde36ffa3a2f9441"", ""1927e6a778b6f54c3a91988afda56b172c24deade9eda93cf56a83470ac76a03"", ""1836f91a2ca07004506fda757c6eab7192c475d44b1e6ab40f90395e1feee969"", ""16d595f9f17d9df4a82d8dc8f9d1874da4bbb0b61bfc3ea578667329301994ea"", ""9196e6b1343e962f51ecf80fc1665c9ec43cd2bb986ebff260ef75ed80568abb"", ""09313b8abc8d442371a9dc95dfb3d5c783a7e0e8ad8037d467609dde5287cb45"", ""f1509becbe6529a31a5fbf3d9809141e8af4472b148306f536d01388a8d91533"", ""709425d60aa9ff3e57e79bb0bba5183e7ba18c585223d4f534cd94ca49fe9eec"", ""35ddd951dd191ec720b264f40c3170cfd6f381d24239bf8021a9bff89d7bf4f3"", ""b27770c8f4ff05d89eab4bff1229d010623a3546ba6d6b325bdd4fd5111b1210"", ""d1acda8fefa5a6e2363ecdfeab864d379409ef0e690dbe02fd4306bb214a3355"", ""c8b538d2e108ec0563720bcacb2241141f723350f0ee5574869c5b167e217598"", ""d01a067a4168dc25c3d28b2eccece6d5b7e2d2601c40be5b43d149ba9c8ed21b"", ""7f166ce19cafa4cd1df9f69263f2850e261867dfc855160463d3b67131552a98"", ""409ba02113c61388258c0c9bb138723b39a8d65da60423006ad99f428eeac663"", ""f76ef5b2ca0083503afc95a8db64b53783191c6b329b009a18aa8b6d03c67726""]"
PALTA,HASS,CHILE,CAJA,Frutas,ARS,Elegido,GRANDE,,2025-10-01,6566.666666666667,kg,detail,2025-10,mean_of_daily_means_observed_days,21,21,mcba,29738f7ab9b541eef2be3dde82e2c3d1d8b91e5c757c60ebc7d749298823f2b5,,https://ssma.magyp.gob.ar/frutas.precios.aspx,,observed_days_aggregate_not_official_monthly,"[""83f5675d6a7e82f07287cc83ffc54bdb878f060a151073d6e291e74b267fc60c"", ""daeed0c9d661932831f71c14e55dd1cd468a2a401f0a80d4d9ad1ef07816ef83"", ""b61093ee2f97ca027085a2c0c6c9c7c6635b844f42119f6ae3314f7e7ca26352"", ""c54f715b8e8db72c52b6bd345e1151ed80e2923ef8069af50a9cd78f0614d675"", ""8bea99a73dac133bb5813bada4001c874050a812e0b774bf47683fbabc241cb0"", ""aa141cedd6a718e58f663628f02c6c959d93304cc0e5663d3572d1ed3a92c2c8"", ""e6fd97546ba9466a65269fd23288fd9fe50e09bc5a8116e3b024fd243b085ff6"", ""cdd25102e3302353628fed5bda82f3ae1bb1767beda930542c4403aed0a5c30a"", ""80443ce6dbfc40e15055170bf6a9516c87bbc8f95c57214e2297871d40bb83ab"", ""395ff81a84262cd27208eb64c48cd879ad3ddd92f851fee7b2c84c206882b14a"", ""8838305729ec8a8b25e84ec55c24dd882837c26f227b6ab6f1e4e85c9f4eac98"", ""d0f502b51a5abe9d7239bc831d8b23063c2d3635c2410cf10c13ca4ffcd93885"", ""b6cac8d3e707a914b88a8ab3741b096370ae923477b7c168907f2269092b615d"", ""ac8c08023b1d56895d39e9384dc548e69d4ff94059f2d77147b7600d8de832cf"", ""038613d686fab50db1c973c7494b7e428b0edcc41b22e03e06d45596195ef0e5"", ""fd722afb5685412ec9f0b58df7c50ff0d0fd5642de0abc18a2050ded068981f3"", ""05c086aaf70d30afb82396f8a226275111a6bc4c835390bc518a997a82e6b416"", ""4c871014596a0b3a1fb875517b85a926038372d30412e85040d9189c8ec2b76c"", ""07bacb9790cdb6e5004d171d50b6ff84a768dd9aa98c4f22d5f9f5cbd3586e66"", ""0412db257e7854f6f53b4012aa53f5f1162a7962dbd51f15a28a081f3715f32f"", ""f37b970833f693dfe8508076cc9442faac1125f974d979a34c1b2d1892ab96ca""]"
PALTA,HASS,CHILE,CAJA,Frutas,ARS,Elegido,MEDIANO,,2025-10-01,6028.571428571428,kg,detail,2025-10,mean_of_daily_means_observed_days,21,21,mcba,afb3ab74404405cfbc89cfc1678d5372c0a386e45f660ef728ccb64ea7d7a79e,,https://ssma.magyp.gob.ar/frutas.precios.aspx,,observed_days_aggregate_not_official_monthly,"[""e5e1f20043a7a02a60871aeb854478cc3706706fd6bdf913d9625b1ef23e26fb"", ""2c97cf5142d739026303caf6d6a3183956e7c7ab527cae6faca3ed13b1dee579"", ""ba58cc6e591d720dfd1634040455c0b5a6932700e31058de4a4aa336e6621c8d"", ""81fa09cd5b949f26afd7b01bf704df019bdbeea6fe45b144de6bcfd3dd446071"", ""b51d8378026f6e67d7bd989fd31730ff115aca68cfbb37446fc7536139e7c441"", ""afdc04c31e621d5622ea1f14ca8ccdfd9dd2b8a8bfed783d92009a72b4217a23"", ""876c3f4530b949b283f2038d3ceeae07669db5b0a2297775bb7b7d39fe05f2c2"", ""40de344fbab2f88ab18c37bdc3f2bd431330dab7c391ca189230272e0dbe3224"", ""6bcbacc54c4c3609bc8b040058ae80a640b52e80574ca4c19c28a14c58580d51"", ""9e69e7abf2a4e8e3787d15ecce944299b17f85edcd10c840033c008d6c85aab4"", ""b856a4d18896d072c542b7b94fc2da06a3213ef27ca2b0911533638e77c85ba4"", ""99b59421052176b94084d6362563e0859005fec087d66f844000649237aa4e50"", ""a3881029ff028efb5bec59ea204938b4e7988d59bc62e64902dc448d86d24b23"", ""1a91b1f62a36201503d9d22b9d862a75845a70f77e3e03be55c9b927463d7b7c"", ""afb5b0e6132f3ac8f4e2394f370168761fce78ab151d0bca07dc38a349ebd7fe"", ""d01ce274b02c2546a794b045633fee4b6ce2d5ad3f419dcfe3cef93bc4d799b9"", ""6a7796fe2f9e7c042f434d5e237465e8ec0c4a47a2ff3ad9b5ad9fe7c986d0e9"", ""6d732c4c2a39a6056b4cd9218e5a43dba008edb185543967f5621ec0d61bd292"", ""2e96b9afbbedad83c2b58843c20a8634d2c2f322330a5bacc5264337d31c4639"", ""b0022726566cd18b94ea660693ac11c7ec0016eb653bba4770dc07c6c462cf8a"", ""998d9361d5f862261b43327a1114e1b6415311fa37ae2e60bb121983b2a24f29""]"
PALTA,HASS,CTES.,CAJA,Frutas,ARS,Elegido,MEDIANO,,2025-10-01,3586.6666666666665,kg,detail,2025-10,mean_of_daily_means_observed_days,15,15,mcba,bd7bba0398d612b2a1e3702bb1b53b96d3a07f0b7cc9ee1af15fb7e3f2fe0096,,https://ssma.magyp.gob.ar/frutas.precios.aspx,,observed_days_aggregate_not_official_monthly,"[""226a6d58fd81b8294bc96d21ad6b748a50c3418650fe45e4508c155d7192b362"", ""8810e352ec3f8097a9e148449c2c5cf77e043f5768c9dd28abb00835c3775d82"", ""083094b4ec95a0488943e4e206b13eb35194462fd3555515ce5cb71cfdfdd09e"", ""4d424bd30f53b8518b4521e35034e98b16b9c26517fb64fbfc3caa9611cf5f80"", ""4c33b2f27c44d5e684d8fbda7ccfc72e5190a8e6f3bbf0f76fb0d372bf4ce592"", ""c7c22866dc2dc1a1517d8f067de208b3881b4bb465e95fd6f2b2db39c905f9bb"", ""f32e1562919bda4196eefbc67b3d982758d30c5d78e432650b98f0680c1dea5f"", ""a8f875afe5de7cbdb72fcd378615cddef28181a1ad2fda529068f0b14f6e193c"", ""690718392396ef2d0da39893be89eff4d0d5bbe4347f0d0b3ba4ab84ba05ff71"", ""6e62af8efc10310c0f11835373a57e64972331fc942abeb9e735139a7424919e"", ""f432a6f0afefab099f154350f78b6e84b24b119074b4f4796a011a0765020748"", ""c4f3e7ab97235f0e1010edd198aede648cc610b51eb99b940facf73660ab76bf"", ""f060e0dfe741182eeceeb8a12cd51f8f1d3c02019397c00ae9f17ec480fbf262"", ""6a66eaac657e0e7248a96346feb4ea81b68969fa99fa62e435f3aebaf0062329"", ""2cec030ff26da19da7b82816364dd4eced44381d07d181bbd83c4fe37868f416""]"
PALTA,HASS,JUJUY,CAJA,Frutas,ARS,Elegido,GRANEL,,2025-10-01,3400.0,kg,detail,2025-10,mean_of_daily_means_observed_days,20,20,mcba,a2f8ccf85addc5d9b9292f2c101d960a6e7adb6a5b4953d95d441351211ad5d5,,https://ssma.magyp.gob.ar/frutas.precios.aspx,,observed_days_aggregate_not_official_monthly,"[""0ecf4c89c040388520967f4c7f0541f67a2d08ed6cc4921b3c3b3975a4a5a587"", ""76d1d904b4c05443990c39f132d54a71c3ebe698b5571d597cb1aa1f6bb78223"", ""adb9eb108720df65b5a9632ff7876f98117e295c5dd271265e6fbd3a309d9046"", ""e245163581317bd75d71e3408b1e38e5c5936e09c4d5ae924fc164cf4bbcc461"", ""177894a0b157f1ec68838028f35d35c718e7906f3741363f17a637bae2ec2ae0"", ""e6a20adc2905a9a29147527c95f8017d399fea69b4e3f6e0acbd2068a3d28b24"", ""373d606ad4648195f820cfa479ecf179f704efb81f36af5057e24acade32f9e6"", ""6c25f4e1fd644be5d855ba835003132796b9df619ad80197934697d43fdf2a48"", ""05e3e5e0189bea215fcd9bf4789668c1406e02096168fc646bd838292bab35cc"", ""85633e027ad1778c210116fc9f3baca12993aaabceda91cfacde757e21935684"", ""07605be3cbf5898874335d539500464ba06b04739eefd5c2ec8614f71ea31ef1"", ""3ca8acf150d96b4a72943846c1436781b60efb44e6cb9bdd8c59c830a92f05c6"", ""efe08794711a162a647617b0fcf9a2cd0568bea6a5137bc02469a02ace865431"", ""b10d4da61b3a9f35f7c606b16e418dbb5187eb3239673df97dc6b2162dfb02ca"", ""374781e68462643ec3c7884b2dad635618d99888a1ef29f0947ec51428d156a3"", ""6268cd9dff4da4dc677b69eec4b97ea4782dcb6f1f4eb77b4379c9096e9547b4"", ""6901edee43ea255f9178e41b3213ea58390a65ca4a3538e1801bb5d053ef722e"", ""fb14e2339dcb56d557d50a0a5b485bfef00a0a635b140277b0bc01ea9e70d998"", ""e3d49471e0ea3a56c71abf7d70f47837db426d22d49c21265dfafc2f253cd202"", ""dd9e7912b00ab2aba489debb47da43efd3e658a474af6308ba6731edd52bcd80""]"
PALTA,HASS,PERU,BANDEJA,Frutas,ARS,Elegido,GRANDE,,2025-10-01,5700.0,kg,detail,2025-10,mean_of_daily_means_observed_days,10,10,mcba,0dcd0b45bed4744f2b071fb068add8ed0428ce277c7dee8573df8a9bf22f9ea5,,https://ssma.magyp.gob.ar/frutas.precios.aspx,,observed_days_aggregate_not_official_monthly,"[""2b4d155db6beab6eb9f977281c0e1d99c61063c3244b4306e758bd3cc22f849d"", ""60f5824fa50f528dcc7f0b71ae4e0a77a0cedb67cf6b0d6b1c0d2ca1650de14b"", ""2bbb71117cc187a0e1159be334a444547b5afe1412b4841559c5e73d18994657"", ""c547a9557ce5b76312f9c4feb02220f7ce7edb828f952ec57f1aef26731cb1a1"", ""cfc1febf0b3682846b41f17999653606628efdb2b9307fd6f5f6a72eb7c9fd12"", ""e8d8e685bb04d3553f7197536b3854c509af822ea1b0bd7f73d8facd4f942370"", ""d5dc725792d3a6ec7ad6441abb3d70c6070fceadedeea57491358fca0c7446f3"", ""ec72ffbdfc78b2d25bd9021d47b9e50d96bd6fcce5dd9c73ecae9292b6c8ef77"", ""efc9e63d9faabb091083f3c8edca1a9607c1e747db00904406379783d0a93ff4"", ""d93d8ba258e7c07a8abbd464cf71349166f3b9983b10cfe72963edaafd6ec7e8""]"
PALTA,HASS,PERU,CAJA,Frutas,ARS,Elegido,MEDIANO,,2025-10-01,5100.0,kg,detail,2025-10,mean_of_daily_means_observed_days,19,19,mcba,e9a9633df45e7aace0f3ae250dd37a190543e6dbbbf2b53b131f82e03b01ae05,,https://ssma.magyp.gob.ar/frutas.precios.aspx,,observed_days_aggregate_not_official_monthly,"[""4ba3c1b6e356d7f3eeee01140725794bcba10589dfb8d5704680f2458a4177c5"", ""73536350cd6955c2792adbc573323809cc6e757f7f042d3d94c6fc1fb88407a6"", ""0a2819ced2e4ad1770dd586b901427c05a99170b64984c2f3adc093ea2e75037"", ""119b93564753018c9f8aee4d60aa1bb97fff7464371d98576fbd68d7547faf7f"", ""96a84db01f03b0fc6793f270af19943cdb31dcfc05e113056f41a500397e4fb3"", ""56b43f2a89ef7724278106202f77541084f51206a7f35e2a9004bec160860515"", ""f0ba8d27ae54fbde2d0060ff1812049945c8b703ac7a9d86e67ef443cfee1fcf"", ""7e3ed6d787a266f3c2bbd8315274e116fb7d29a94bd46bdd30a5bb5026a722bc"", ""bdedddfc2f7a9152f982ece9cff5c9db8020ae196854f58b4ff52921b1d17fb3"", ""21f64b6104513ede8567aa8425d27b68d27e697bd088e2190a1a7baae446db58"", ""eae1bb8db2d3c6b7a2982d5cfdc34043d5cccc2416fe8d9e2a49e3a35b32af42"", ""50701ee81c8b7a5bf9779ae5c15842bb7459b5b969968433b334ee4199cbbe3e"", ""7903162d188a4fe78154d15213d815a31e836f66800f9b0af6a29c2c0166df91"", ""296323fdebc91a9178b617f422470647e3a77a7ca5986a9aec5aee78a4e33c3f"", ""c9ebe88dd8320f9bcf7a351069c6c322d31876ac1429551eb3d660ee22b6fef1"", ""8927db04b46ca7db0ed118f4faea3cd94cec96f82a9d431ddf5abab2e9380b57"", ""49702a6023ecd87c47822c9a91687d1d552ad09f506900430551636d139315ff"", ""c2d6e9ec551b53407ea83e300c0a224768af711883ce29527f769375b40d1d54"", ""9b123613d40751ede098c2a531ff31eadde71ab8efd64bc438ae009c43e657ac""]"
PAPA,AGATA,BRASIL,BOLSA,Hortalizas,ARS,Primera,MEDIANO,LAVADA,2025-10-01,781.1428571428571,kg,detail,2025-10,mean_of_daily_means_observed_days,21,21,mcba,855bc35901c1e19cf8ad5541f6566b8e1a9fa5f2871136ffd2d6dd294711215b,,https://ssma.magyp.gob.ar/frutas.precios.aspx,,observed_days_aggregate_not_official_monthly,"[""de698e9255743de7fa8a8cf8a94da2b5c5aa0f70457cafebc10680e8720de293"", ""9c8083af010496d948415915b33a3e341edf511077344bbc65088a14aa98d763"", ""8d82b20bdc35ffff7e3bd79ff71555828f738344f11c1517c34a8d9fa8f2ab82"", ""5a8a37f7b392d7457319325fadd9755b60bba77d2f09eeaec2ce4f39ab6d6f80"", ""dede9dba5b45313722f42bc3a70d2c0330f0e3f433f9625c0a6921f1f42b06ba"", ""166d8d82ac56b0fab0c81e35392e800f2050787141a896bea868c624a043989c"", ""984cd3e487450ff5a14a50aa3b538ea1a199f48471c22ddf41968fd3491ddba6"", ""b7cfd72b0d4e110b54147cdd2015dbe3ba3d021a61ce089bbe031cd17a8e73f8"", ""96cdc02d0dac68e6df935895c60a37cc9048e21cd37f923e488625e509ddf28e"", ""87eb3ae040fb228c1c1befef67ec674a3f87ca3d0afba9780363010d87e922a3"", ""ce75be5d998c313e90513930423ff4bc2a46748de14955852161167444e3ef3f"", ""c27c910c6d96db72f16c44229fa80efd88125e1cdd329d84d8792fd867603fff"", ""d885d313472849d11495eb6854140e2afb03dcdb80cf4fd55e7f21f2ce585076"", ""b381b55a80be28bec9b11bc1bd1ff08293d6b23ac42e0a93060d274aece3c0de"", ""8a93269d56a56bb24cd7ccae83c7181bb4ff7c0cfaff8366ecd8957b57936023"", ""2bc132ed235db407eb46c565dfe54e9a64d6bebead330752310448f64926439b"", ""82971d6eb99f5aab86d869bbd5ddfed0f7217071f82d4ef49fc8a02d625a73c9"", ""ef488d3fcf1e34340705f7163987aacb11ba913c43acb5070565de690f26c56f"", ""139ad0c216ef84203be240a8f373b05aa1e67f8a54abffb151f45261916d1bc8"", ""6bcde86cf861d8b5dbeed024091a2868070dcd77cb2fbc6896a401c01911f96b"", ""9d2b4d940a93202b9b5fa3be43384955fdf94659a8adc2b5d8f26ed7960efd9e""]"
PAPA,ASTERIX,BRASIL,BOLSA,Hortalizas,ARS,Primera,MEDIANO,LAVADA,2025-10-01,742.7692307692307,kg,detail,2025-10,mean_of_daily_means_observed_days,13,13,mcba,b196fc0623fedd4f2f40848f7ec6f2fe6bfec4362a12321cb5b91f08e98183ad,,https://ssma.magyp.gob.ar/frutas.precios.aspx,,observed_days_aggregate_not_official_monthly,"[""eb786639978a1fc64cb92ea7bf29458a6e775b72ca940b315f165db0c0eaaf04"", ""3349547c9abbedc8a26b71dd14d8082e2753053969303bb3e8d00e7e828c1fb6"", ""4f884d7c6a241d8d1e0fa0431855a720d92e408a56b948823532defd1cb6ce31"", ""548b6a5ec4439132c9512c0d3c84fbeea69511668a64c6b3b5435a1a8e757290"", ""e352401845f1fa194f2b507d84df3aa84e6786092ce667a6d29fd2db5ee8ec10"", ""1b3f83d0ab2883780888d1ce68d7af23497a6e6789856a55f815075d73619c33"", ""2be99c69a897d4595d5d7efddfe280942be352a84243f2565484a469c4737b3c"", ""8109d6b2925eeaed9b3f64eb5acb539e0e5080a4c0fd22a91d2528c9cb22b8ea"", ""2c07d8a43de8f2320dff3ad8868c5a2d60bebb990de7b87c1a1816ba690191e2"", ""459db5866ddd70b508b2a1cd170823fc6df27ced06140afa1d028b82df116845"", ""4f9fc38b6d4b9849ebd0293f73b70baa56369f74da96fdecf3dabe70ea00b607"", ""7eb12866af94daf0b97dfc810f19af1ead39cc389e415080c3714ba27035ca89"", ""eeed4367d38ea653f9320424a1881e1fc3f1c80fe0bcd4d6a4d80141407a01b7""]"
PAPA,DAIFLA,SAN LUIS,BOLSA,Hortalizas,ARS,Primera,MEDIANO,LAVADA,2025-10-01,517.3809523809524,kg,detail,2025-10,mean_of_daily_means_observed_days,21,21,mcba,7f8b6b367ef8d1c911552eb0774ed133d2c99d382b5fa88de6587d63fa4fa366,,https://ssma.magyp.gob.ar/frutas.precios.aspx,,observed_days_aggregate_not_official_monthly,"[""f11b6385c6af6434cfed7345b08ee485cdb53c1bc6f2b7fbf6d0c56aed3a5e6f"", ""38ce45d2d9c8ca90795c4c648668e5406b744be3d08e0aa691843d3bf6dacd1f"", ""f269c077556c82f06f033d56800da2a7920c138091b6b1d90bb60ebcf16d4bf6"", ""48e250a8018fda28b2d52330b345a8403f2a4014ab46a90a32acfb796501090b"", ""1863a2bf325724f8f563682c84bcc9075406dbe6a156da245b6782f86435f6f5"", ""90457a1dc46daf44746e7f1d6617c5f9fb6037555d83764452aec8ecd20aaec7"", ""04946393e653c6c38d95e76a3ca4189968461df2fdb2a1003361a69711d7fe85"", ""0db5b27e7b7948c0956bfcd28c3d483325e83874fd0af7b5b36898e2d5642842"", ""778fe28ddfabfbb761f9a9b4699d24e43c05974bb8d6b12a89bf0ddaa438016e"", ""35915ef3bfc084b84c2c7539ed936f743f0c383a94ec21ca521c641a24acc205"", ""3cd4524759fc2d8aafc7153b062d9368c1c8922e50b9fcb8690b8335d81da60d"", ""2aed93e8d28cb4b58f42f105cfcc8b5b848256bfa405d0c17c58b84937078505"", ""dba706858d2d9da633a7bdf5934a99bf93ae456bfe760afbd9d2ddb4fcd0aec0"", ""fea1449c81955b7f5c7ce58d5f27f3269d3970d5987301e3de3c3b7d98c38095"", ""5f1253f15128774b16f2dc49c04a9807b1e9f355ccef585f2c2eb08fabedea0c"", ""3bb9920ce3c30b9534c6c85edc68d75095db8984409c0f69206de3018744cb48"", ""b396df3abb98982035530980fd240285f1c54f892f5686c92b5d082086d57bf0"", ""f2d358f7d03042b3b8892d865ac59d86ff462262a16b26144423a70ac114e181"", ""954ee9d5422a7cff639cc352500b720e7afaebf2076a596b0d0ce89c270653e7"", ""2a5cf8a7f396aa33cc3877222659ce994c4b4af761188df61d6a6d5db8dd4fea"", ""cbcecb4d2e093e881512875d6922eb8ba448f567d1820ce7d288d3261de1ad18""]"
PAPA,SAGITTA,SAN LUIS,BOLSA,Hortalizas,ARS,Primera,MEDIANO,LAVADA,2025-10-01,512.3809523809524,kg,detail,2025-10,mean_of_daily_means_observed_days,21,21,mcba,34cc247c7ef245c392df0f0c60a9c8ecc61b3a6db2d5660724e8ebff8dc5308d,,https://ssma.magyp.gob.ar/frutas.precios.aspx,,observed_days_aggregate_not_official_monthly,"[""4ab71092c97ae98b91a01058216141219e4ac082b1c53f869e15616df3702851"", ""223216ef85fc3f19eda1d92f735385ffc3eedbf288314ef5bd00ed85a4b5221c"", ""c23dc129802a0f36d7de22e9f0fc32b5f36117a153803b3ecadf8b815b852bf5"", ""41a824b0e1765851216a0bf48831cbc5630a350e42651088d69f9f929b85ca13"", ""2088836ffaf6215326b6e51b078591c74bc5fe8c2b4d721417162c257db6cd75"", ""964c2660592712b0a7e4cd1bc2dd018bd11ea394eb81dd90c5ae0540c784a99c"", ""836308b7975c589c13ecfc10736fae364086061203e374bedd03b21f0a59896f"", ""37cd78d6e7cf32fc6fb14a55f9764772d620505b00d224225343a89df5ea006d"", ""7dfdb03151cb83a566910906537def43b2ee9ccaa0b43568c1ff1f1d75a88314"", ""83ba8b7205e75887dc8e9f17cb20c15192f607ffb391f2e30c07d0d1f2eb23ae"", ""3e8f58095170e8c1d445259bd0b6f2c4c57b227cf3ed5622c7bba1dd99ca721d"", ""17622fff1e915aeda621d6a74fc6a7176739e6d4f7151c291d08fb8fb8f80537"", ""924c71318a8a23d458ed29aafbfe888a5a03db0b2b51402288a8fe169782fde0"", ""28b14c861ba8ceb30b15a305f18e251f397fb3266c60e2549e2fb18d6ae34a0f"", ""48893746df072c67175f3348e2b95a181502cf7a3d8744e582c3246e8b40ae37"", ""04cc9a11d9fbb3aa50df87834ae8872ff32f739f437a44db6b4aacafa399e48e"", ""32789a3d33597ec54471eb6264e3c265794c70fdd52b3c282ac396f612ae9fd2"", ""361269ff2247aa33870ec75215c94a0bea8b0f375a1d03545db507acb5fa84ef"", ""2aabacefa10990657eba032c31805adfc9be01796fedb753046150eb3d32e582"", ""de6730830c7ff9afe8efea121d63a37d0b2bce577ed1c48b5aac30f39575a94d"", ""b0d09656563be6c78ab86a8be83ffd6736b6b55f22ae48d4485753295c443856""]"
PAPA,SAGITTA,SE BS.AS,BOLSA,Hortalizas,ARS,Primera,MEDIANO,LAVADA,2025-10-01,463.6842105263158,kg,detail,2025-10,mean_of_daily_means_observed_days,19,19,mcba,3886f60a9c26e2ef78664d4aa359b90c0d101bc826e82149ac958a860ab98703,,https://ssma.magyp.gob.ar/frutas.precios.aspx,,observed_days_aggregate_not_official_monthly,"[""f55145cd6efa4df68b224319883991785b0825d1e07212afeeeb65c9a4144bca"", ""8e7cbb8c49c9787d794da77edbc4cb7bcfe85d3f7da6a3142dc9e6ab16bfada8"", ""fc8db6bc24ad6d565c9bfd0852b09717ba73573ee32de1222d65e71b9de0a94b"", ""dc8417694eac73af9b90db124f039829ea0014bb70689bdae4d8bd6af492112c"", ""9ee96d305666dbb4d1877740d32e2abbf22dc9bb59f5d4aaf3e5466f243c7105"", ""71a73c05eccf30cc052829835dcff387639f387f72a7539fcae0eaf09b839b51"", ""c3f6df63110a3c61249e84d48b4cdd6895cc901db0a16a8ef6c42479bac6735d"", ""c4cd93b58ef79a959b0e0d6d0476288a0c73b790ee8386eb1d87aa7353c2824b"", ""6a72c29df0eb34dc962e384435b36cd627248e2d0456039b15fd39a160bf3390"", ""fa2c7a32e9ac0302fe0de1ec8e58de3ea74586d6de0dcd6f47be8c94273b4178"", ""5432a013516b4462c3571f4467e618c9e7f03ec7878061274a98673444ce7513"", ""b8f9d9b3a51c3c4fba355dc9d0bf2170199dc7ea844b90f2fce50cb7e251d1f7"", ""7b3c78df10006a436ce7096f8de14333d2c7ab0bd498fe70a19eb6211b0dfc82"", ""334191addf34f9268a0ba5524a4f1ee058a9cc0d14adceba719649336b904c2c"", ""b6793656cd6831db8b1fea14f6b82975c6b04c0643f53318714051163a66b5fa"", ""672b53a3bd17ef1fd15b91bda9db60a3e87e2ad45dc68d8be84584f71f3dff3a"", ""a33b2dabf0b4c0a7cdc0241b03986f525cb6030134686926dcac41c8dfdfd5e1"", ""098cd4d20cbfecf10fc675394936ef88bd6045db5d928c832d1a7d7afb879066"", ""339bec30314651882bf52246abba0f3bf4f5ff05cc0c6ae0c08f53a6e5b01de2""]"
PAPA,SPUNTA,CORDOBA,BOLSA,Hortalizas,ARS,Segunda,MEDIANO,,2025-10-01,272.4985,kg,detail,2025-10,mean_of_daily_means_observed_days,20,20,mcba,5f05d4e66c305906ca0b5c513b5fff502e87288d803e1a46c64fc9a36a2cf57f,,https://ssma.magyp.gob.ar/frutas.precios.aspx,,observed_days_aggregate_not_official_monthly,"[""9c1cdc14d47e9eaf811216c07384708457f6dfd6f9f8cf30f826056020698908"", ""d83ab46b7397a20e87c3e63a18b38b6152002346af3817d71f2d55bf20cd9573"", ""becf51a668b82b8444e231a8a310704f9829a4daba11b54a859477902ef985af"", ""26d69709ba91c06580c807d05286878d9fb9d247adcb4fe5ae30fb05838a21e5"", ""a9c074f293a919ba91efd45477ef65e9ef1563d5483bf84958922c22d36daeb6"", ""980d0c6b933a8d6bf53782aa3dc0203673291c4858f115196a8a7be7f677148b"", ""50f30b80a143fad91d52e7bcd6d37d516e803ff7f5d0b3a211987dd60ea52575"", ""fa9c7778a9949b7d7a691982ebddfa339ca0fb0e3070f21b119dc9918f1402da"", ""3607eb05a63990619f9fb11da788be6d1aa68ff576be78ebccc94b63d7de5c56"", ""ac129bc7582311618dedee240c5747ccd9cf0e59f8a259d1eb91ecdb0241c637"", ""6626cc8e330d9f42f4877ce0b3749b92a4bfd7eb2078bfaf4a5ae1a0b272807b"", ""1554ddd300e23bcaf5876bff77c84a751663a05f7b404e5fc901d27d551b4d56"", ""c4ef0ebe5b77eb516892e65451f712752596f924313c38ef74ab2458a3ff1d4d"", ""f6b241f6f4e4bbbc66b5a66bbe0ac2bf2b5e669a96c71a14bf6ea6cab0af416f"", ""d7f1eee7720ab117a057c668306d1aea45d960d57c7820b0fa762b859d839ffa"", ""afbddce02f672b7a759cebd1770ff292ecc4a8669cb8fb1972ae4b42915ae3a9"", ""a265116736caf64a4b4e8e1b243ac8d41089cd122f6229c163496263baa7cea5"", ""11b86eb1f07407a8277137ae706fc47e829af7124771c0f6c7e3aa2e87a6859d"", ""b024e95d4b16e6b9e3cedeb4427527815294bb381152ef6312925e4ce7e2e9fc"", ""705b5c716b1280c834fa383d0334a8dbf1b212ed8e75e69f8c67601c748a9538""]"
PAPA,SPUNTA,JUJUY,BOLSA,Hortalizas,ARS,Segunda,MEDIANO,,2025-10-01,318.8023076923077,kg,detail,2025-10,mean_of_daily_means_observed_days,13,13,mcba,b3501fb54f01bed7079338005165675b8ebf684d3728ef9471cc204127ea35df,,https://ssma.magyp.gob.ar/frutas.precios.aspx,,observed_days_aggregate_not_official_monthly,"[""b0a43e1741cba5f0fe6b40dac46bd22116bc4ff9210bd9d45713eb6059878641"", ""6e6fb7b518ea372de90ed8b68560d9bee2b6ab787e0d8abd64ee422d08ffdebd"", ""8f7a2bfde1c861eee39c87241239a713cd7ea93f81941403217f6081f3764fed"", ""6fe7bed5484ce98940cd0f92eff2487b5be9214a7850151bbf48fc050f89f029"", ""a6370fc62633a45912466c59c84c099791e1ce2801b94550818996fe469a585e"", ""54657c2c89197db92f0ec0ef95040885a4f80ee34e6275b178cc4534cad1b07d"", ""6577eb567f4d77e15660299181898ba3abaa38bb972c0f1f9b705c2801c7e97a"", ""afc64784e2d1ef3a05e3b73fc84e145105d141f45205c6f8dd26d9806ec69af9"", ""8ae501fcfed1400c1f05446e8abb09550324130b4d9add0ce2884c2714960974"", ""05eab4b655c5994eee5beca703372988059c3785222959f36d9cbdc388a856d8"", ""cc50528d4936200364aa086359849888b990c91e6559e0743e1beb98eeaecfa1"", ""e0cab5987da310dd2f411babdc577787351bf84cfca83c2912b24b4633927634"", ""b2723834df1ed3e9eb7df5a52a70f135f5bdee54efba4fbdabea91d0e9d16350""]"
PAPA,SPUNTA,SE BS.AS,BOLSA,Hortalizas,ARS,Primera,MEDIANO,LAVADA,2025-10-01,485.45,kg,detail,2025-10,mean_of_daily_means_observed_days,21,21,mcba,510ef5322be883add608e5b93c0e679aa4926f65ae511a036d5e175b7efac257,,https://ssma.magyp.gob.ar/frutas.precios.aspx,,observed_days_aggregate_not_official_monthly,"[""dba5487e53a0cc2b771d22e28565d16ac63f04a5be7ffe1044953a65bd372cab"", ""d42c15deaeae2490c0eb4f18c046395767d821545cdfbb34040263b3f4affa22"", ""5d251e4d3c56463a02c1a71fe816c352057e8ecd5611c18b1bdcbd50d49615fc"", ""c4be3959392d0ac789e481ae2e62610a81439f8e9152b6c4257a57f2f63bcb1f"", ""70b6eb2cdad98c9fab5865d9613709f7f0e52edd997c180deed53984882e8ccb"", ""002312abe06161bb5fc15cd9f4e8405340fa0d835547431232111b2cf2e1bdcd"", ""bb374e913f7bb7b2b7342ff7a6e2726f47346a249b16cf256093964a3ffb1095"", ""1b8e798bbfd9df61360734d010556e331467848a0f2aed31d47d3e21ae0104fb"", ""14cfea67f8025c8972e5e3653a3e519427bc49f9b4347cf9622c15ce4f6094b8"", ""eabbbc54ca6f006b964b1091139eab5cf9b830794c4873f0b7dc15d27711a306"", ""cd61762814add101725fcc294baa4400eba55dbd67731340a65f852216f54da0"", ""f83f37d0051e00da1e89b6c8a87ac8a0a1b7769de04a7aad3f9108488aeffe50"", ""71d56f55a0e9623a3496a8a9247290ff914eff6ec5ccb23f56fb2262efa71863"", ""4bae6400a4c77ef4cc4fc405a77c975d8c00a9c1d719d00dcd219d00fb4bae57"", ""33ed9a8bce8d10ca6d6c58122e68d2e47772cbcd19910b762aed9675a7459506"", ""a8efa5efaf79dd2acf206e656e0132ed414c9c36505c220553e4ebbfd0f7a3d1"", ""aacb7ed4362dba67b9791178f61fa363e1d96361d628b89961dc5c97fd437dfc"", ""85e6b4cfd1e7e5b326ca7eb98580e77779fc267c96c86188dc025e00f11039a3"", ""563b3c50b0d1d782c567646833cc88e9d803a1a1610e2b9acda34a71c9668c9e"", ""f5767e14e37e334544b0acc8565981d8c5763464fd018919700826d427c77b59"", ""51f527f59ffa6e7ec8afce92cc1c2e2677bdf53340c994173275e2cfdbe08f54""]"
PAPA,SPUNTA,SE BS.AS,BOLSA,Hortalizas,ARS,Segunda,MEDIANO,CEPILLAD,2025-10-01,193.6495238095238,kg,detail,2025-10,mean_of_daily_means_observed_days,21,21,mcba,e1ec3d2e4137875442c11ef334c6f381c7a9fff7647eed1a526961eb4338e386,,https://ssma.magyp.gob.ar/frutas.precios.aspx,,observed_days_aggregate_not_official_monthly,"[""fa197dbc043be1dfae300f21b227506d3364a14e718390938692d8a1a4c819ca"", ""f8293e86c7da925bb7f11858ed6b2793887acca23ff00b3851c77abe86480345"", ""53ac58da80adb3ce7624ce4e6e2c359200594f2ac2a099f492153a292dd987de"", ""a21fb8bd4917705e085aea014010b24fd55dcf9d364839fed9851a01143c0fa2"", ""f8ff4904dc208a856c1ba085c002bffa70c02759cfe1d746f5f27a30727ee373"", ""ee24095ad75abaaca4adb9caf6d7534f11de28fb6de0fbcde628cecebededf8a"", ""4190f65ec52394a5eb82ca164a36d5a4bb845091112606965e1427c62b0c3f98"", ""97db33a6ef3721ae0c3281a19df36a668cc912b7950fb752c8c78d673c2d455a"", ""1e8dbe999e16b6ede313e75e30e530ffa798ea04cb4c5aea41b1d5dff82cfd91"", ""045a11b671203ea4522f0f2e576aff2210f7677db841677708b977c294e9b19b"", ""fad8e9347a3965c23881347ad7a67a9fc836673056cace8224ccf3de5299f847"", ""787f4e861148877c2532d1de1fc55602bffd6db18fe634274feb71cbcff3cf0f"", ""6a303be708547ea679a11eb7b44385c79ef9619913adb7a8cdd5f83b770daab9"", ""30a47155e87a4b9ce2fb6c41dce095def7b80c4d8289a6e88f66fc7cdae23826"", ""be6f1bef0ab3c0e99c43292313198bc57e91e79305721596f10e92ab6f13aab7"", ""1dc81a883e98e38584e42d70cb70215a6095ce53076752710e259f99abee22e8"", ""4527d2310eaa7e1784920271d0c2eea1a37a2d4d110000464c133a17bc656a12"", ""c377a3b7501207ac175e729b9da53e6961ea9ec4ce551b3108c7df513afacff6"", ""360a5e2d52b93e3ec47450cce9030f617672cdae2bd4861e17b87a69fa2f7aa2"", ""94174b3b7b00fc2867ee04c935ddca50f6665d6a35f63c192a19f75d00058449"", ""390d5bd18ca4f8ac948ee67a481f316aa72623db4f7d7d1fc2849c5c264b5cf3""]"
PAPA,SPUNTA,SE BS.AS,BOLSA,Hortalizas,ARS,Segunda,MEDIANO,,2025-10-01,126.7195238095238,kg,detail,2025-10,mean_of_daily_means_observed_days,21,21,mcba,ee3341527be38ddb422e9cb76da2b9071bff23265239cc7a4c965cc212198b4c,,https://ssma.magyp.gob.ar/frutas.precios.aspx,,observed_days_aggregate_not_official_monthly,"[""8262ce082dc1c2971b94babcdfc22296de1f62b0210a1015ef24fe0db53a3886"", ""cebbf81f6f759ab0f8f9bf6cbf41c5d59496742d3c5d216a1c9d54dfad1ee8b7"", ""cf4a0a57e43028e13286bb60acd1f76a2b11020af556f9442e285c30115bc01e"", ""2bebb7c4bd5c8cbfa0afcd80025e850561fac00d4e632dad9cd55107a5536048"", ""8cfccda4467c5e22cf6787e015ba37e159a970012d181fa0fcb163c721c27643"", ""f53829367f5e19cdaadeba8acaa03f933fc73f9bd184530e79ca42c0aad33ade"", ""66d0bcbcecd9062b23b693dc2e54e8ad20057669401d00bdb1ab7c34247f99c2"", ""ec3ecd5ba697d3133628707ea927c6d3a9f55e1507fdf6ba596393e21e8465de"", ""daa6f70df621a1baf076680128291e37cc22764254d9bed1d839562fa6410f77"", ""6ee7bc2eacfbbbe1df947604ddf8506d9718c53bab33e5a4a12a4387556354c7"", ""b21d458c7e9500961ad27653cb8e4cd056f468beabaa075c3b5545809ad76744"", ""c54f21efd1295dcd909a7842874afc6e0064a3d976035763801b7fffb37576d0"", ""05d5f5ace605ae25a079581781e4ebb53dc419a6eedb192fb08f750b8d7471f5"", ""329b127968c28b97cf77c8e25d2ba2e2752975cdcce8608d2dcdf8805deb4f22"", ""37a994f9d172e16530fb887a005c414e646f893296d5c79a434ea2265671e498"", ""b757f099e2927680abdca9c83ec7d19427aa3b54b3bfbbd50e81c8e126073904"", ""4ebd0ebebc2d5d2d472b7ba6751cde53b8e2e08f7a0f45710bb6ae7f0156802f"", ""119b851d0c43a2cf1931f247b6d311f0b6a4b21c31dae3eab5ef546171a2ed48"", ""f0e4f46a51efaa1b09b55698b041b5d3584e122fbd02593e688fcb26f6b0914f"", ""3f0fb8de1a41a8f6be0f90b301784b2a0a3b91d4a4bca8b469924023af94a810"", ""9a179e122c0f668581c54a34276a51c8599d385ee7310c6889d9850aebbdf9bb""]"
PAPA,SPUNTA,TUCUMAN,BOLSA,Hortalizas,ARS,Segunda,MED/CHI,,2025-10-01,261.115,kg,detail,2025-10,mean_of_daily_means_observed_days,2,2,mcba,b0c11c6e5fea9a2d7b7b9826ebb9feb30050c81cd4d02e8f8f40436174d4d0ac,,https://ssma.magyp.gob.ar/frutas.precios.aspx,,observed_days_aggregate_not_official_monthly,"[""7ccdddc0eb13f01be828fcde26f8cb170e7977b31ef499012f9edb30efd7270d"", ""2f76fcd8f3ff021f2c3ebe759e274e9f69aa4d4fdc6903f69089f8a5f88bcf80""]"
PAPA,SPUNTA,TUCUMAN,BOLSA,Hortalizas,ARS,Segunda,MEDIANO,,2025-10-01,280.7021052631579,kg,detail,2025-10,mean_of_daily_means_observed_days,19,19,mcba,b9110cba85c51507c80314ff0a42dfcb052d15506ad86973c6ba5e3b1e2a54a8,,https://ssma.magyp.gob.ar/frutas.precios.aspx,,observed_days_aggregate_not_official_monthly,"[""8a8ce6d942742404ab301920d25a3700a9005b3637c42c25dae3bc2140cc460d"", ""4e18490683a403abd21229a336e8b4216bc08676b7026b212464d8105bbc47c0"", ""fc6db4de64ec8caa8814c6df4bda7f776b5a219c730f8677c662ffd98aa0d88e"", ""e0e628b3e43493a1c9505e6e8558440f234edf20572aaafeb0208f938c104951"", ""909ccb14b4f0b4006f54aaf3805a6bf5b041ddf178c3d98872058b061258cfb3"", ""2ada9bb16dbdba06befac93b56ec1028098bf11bb57bf4202d268cf704f7c6eb"", ""1bc1825f727712eb366e5dbc167b6ba55f8fdf64a074856bdb5b8bc01d653e5f"", ""c24625cf93038f6cc89fa0fa01df616ba276b4142d257fa6f8f2bb25eff712cb"", ""b8bb5100254a845e43783cbc966deba901509a3e3262507fd99757f1f7118005"", ""c673021fb27b5e0c9272c4f03ef8e7ae29ae7b78f7c0775f0ac2430af0acb6a4"", ""f2b2a3e5fc1f3ddb48ca928805a65b2e851d7c3b97dc3b3ea2205dd6cc9d417f"", ""cf37e7268657be9286dcd9622b54ea35222e1df3b058e8fca0b95c97fb9fcf7f"", ""1f8ae024b63db2eaafba887a992c60990832909f0b2b04f4e38ccbe287312800"", ""c8d6485c6a8435172a8d532cbe3864351ad4c191cbe29e581ad4685fcc6e56b3"", ""0ff02e22a9cd36412c6aae14ee939fd430a33a8ecb8ba161ed9b2f3a4c1587b3"", ""605902325ddf3f0483b0765559a6b9dcb63b3fb12ab40d35357dfb6429d494e5"", ""dc70d180c72efcf0722a96f18f2f2fa3f00d9e64c354a0fd8e150d4f80b42745"", ""b7d326b92fe404addac1322ddadc23f580a83e935c81ac0df96a2ad83b54734d"", ""905c328da35bb700e2cee9218168e932e292ad6baa2f657bb4ab810c5f1f64f5""]"
PAPA,SPUNTA,V.DOLOR.,BOLSA,Hortalizas,ARS,Segunda,MEDIANO,,2025-10-01,268.056,kg,detail,2025-10,mean_of_daily_means_observed_days,20,20,mcba,e9f5ddf5ea2f100880428de8dac9be320ebcedb7a8df58d987d787cf457b58fc,,https://ssma.magyp.gob.ar/frutas.precios.aspx,,observed_days_aggregate_not_official_monthly,"[""6b5cb0b237d3234846fc3109749f0becf928b6baef40d2f0c263ede7038ca39c"", ""b93d5e0b512e1bb9a2f14010849ff2415468516a533dfad68c108a22a8c28d77"", ""231a4b87bb792a194bff9f2de9418d870ca9bf6bcd26251a00cc7fc9b5f2c9ef"", ""8dd169384bd32aff90a559929757c8f22bfdb57066c06b682f38dcd702d520c7"", ""c0f2cb241059ef118fd31e083b43d3fe32383684cef1b96d616f8cc08f7733bf"", ""38b6edf9c307f91c81d45bee089b83fd1ba59cdafd38a2683b36a79386ba0c8f"", ""b543695a7cda7f8dec0343753c5a600e1d31bbb4111d9c08d4db0e35a5979625"", ""082fb73cc5f9814ea880c007e97059e5f352bff496a9c90fb24accfee4825a7e"", ""a4355d48bcf249bd0684ee1ccf2781e7a6734bff265512bfa453558a4d6817ec"", ""001bf5ac253a306abc1aedb6dc773ef6167d0ab64b96f69856152816bfc33628"", ""95f0d7964f509299b4575aee2ad19013590d2245c640ca4604781ad578a2f558"", ""ff97ad86a52da7e57476dbffa5a6ca100f7dc2d65c68f72994134b7f3d625b1a"", ""a696ab910d9c7abd6a9734b5152305687f8fa2009d980d0ab742c92f6d6169b8"", ""88ea9533e1ddb8a789d939b9a4633bb665824c50810199d279915a9053ca1a92"", ""9534d7c3078320352a126040cfa863f14b4eb1a1abb2f56fb5344b8293346914"", ""9ff89052704be50b2721b20387adf87d6ac98a319cf99cec2f83c612a0dc9d33"", ""e723d90109d74277b40a906b616689de906848cdf6c5d41627e38495618e61f7"", ""471bfee51492200bc47d574d930d4f679113e5577ef3b4581711608b6547fde7"", ""c2922a1c46e1ddfa66ebd1c3ba21a2655703d52cd5135e827da349b69a2bcb3e"", ""6c1d4326b31e4b96d8713e65a1d5c988c9607c26dba5ee1f478761ab883a8e7e""]"
PELON,,JUJUY,BANDEJA,Frutas,ARS,Elegido,MEDIANO,,2025-10-01,5255.952380952381,kg,detail,2025-10,mean_of_daily_means_observed_days,21,21,mcba,2d86c15eb38b80d71e189af928c8e79966a5813ddb25ab05dd8c57e1e5cdc4b7,,https://ssma.magyp.gob.ar/frutas.precios.aspx,,observed_days_aggregate_not_official_monthly,"[""bc2f9729cf190237066a707d576e4cd4f47b3381cb54cd4ce11be9ee030a18b4"", ""052c9a7f3b3f52d086946d1e193ccfb1ff46435140f1b11b48a6399102048970"", ""78395610759881957896ca0df934232e886ad094112f08e2094d5b44b832cbf5"", ""3bc48cae64070364824a097e82aa5ed6352cbfd39e1b8418d565526d9d6c96ea"", ""b98cf4ce765edec9fe387fa1adaf9f1f7b90237c2d102b2306f31c0af7d992cb"", ""44a666e83d36870147922580d1dd052b2f86b31b71561815d3207ce1c9e9c8d3"", ""cefa5a55b8ad26ed62bc4500b4dc5346be9e2624bf1cef6f023504d44efa3ed2"", ""4407477ef87ac4de00f8680cd83f345a13d58aa5167ea5707250a132050831a8"", ""9b08926846797fd8830fcd9518c324f02dcde3ae11bc620764b1d91fe8ab53a8"", ""e28dd9554df0fcc2393de05f62bcbed80e659b2a3addc14c3aab3bf652150a6f"", ""468e9bac043ad7266e2ca287e3798ea0d031d7557ae877f6ad53c4500b93d924"", ""d698e14006f5ef3ea2d4e7ea32bd080fee2f71422728d886be91081a15408d9d"", ""a26af3364c0e01a8a18cba4ad2f731e8f59037c69000ccb7918df9c132f7da3f"", ""0d3ee35e155d955fb481c2ded221fd4e45f7b7eb27467648a0f35ede31e0ac89"", ""9dd276cacb1b791d3a788571479e6b546518338b114241afb0bfc75563c86e21"", ""b6dd68854a24114af0feb38cfeee1f48cbce2ebe2463a598a947a2c7036b77da"", ""46b95b69401985acbfaf7ff213d19403a621df06a9a1ea76f2b772afc283d21d"", ""a54306bc6d4d835fed01e7602722962018e4b021b5f5e32ae7592a62a41267f3"", ""aec6d4d7dd34b6ca9025d3e7daa9934526c155c3d237bba4b47ceff4aed81d22"", ""6e8b1edb7970bf9890a11a91ba2c095835cbeca2b243a119241df27814ecdce8"", ""3c2b5cc6f06a1c03767d2f283705c2f9e12fd9c88f6400c01fb2ce855b965149""]"
PELON,,JUJUY,CAJA,Frutas,ARS,Elegido,GRANDE,,2025-10-01,6166.666666666667,kg,detail,2025-10,mean_of_daily_means_observed_days,3,3,mcba,efde18ec3a8c4e7e941de5a1c981d1d52475cd78e50c9fcbc6f4e99909b723d0,,https://ssma.magyp.gob.ar/frutas.precios.aspx,,observed_days_aggregate_not_official_monthly,"[""bdb9d45ee2c090e344ed0f1ca2880eaa610217e43e28a5a7ce061f5fc2d386dd"", ""35f3159c4ddc29fdf6f9fd7384db63ca3b37f0a178288dffbe48b005ecf6f00b"", ""061ee08782995cd375485f60c76dfdd54a397c7620214086165201f8ba9cb21a""]"
PEPINO,,BS. AS.,TORITO,Hortalizas,ARS,Primera,MEDIANO,,2025-10-01,1333.33,kg,detail,2025-10,mean_of_daily_means_observed_days,1,1,mcba,989d559cd6044b72dc46e4fc1f603d07e3f71c72c2666cbfa5215969d1f6b30c,,https://ssma.magyp.gob.ar/frutas.precios.aspx,,observed_days_aggregate_not_official_monthly,"[""c5bd29e1a6e36ff5888f3341491802335359c5731f8d7ddd23563f006215097a""]"
PEPINO,,BS. AS.,TORO,Hortalizas,ARS,Primera,MEDIANO,INVERNAC,2025-10-01,1019.4876923076923,kg,detail,2025-10,mean_of_daily_means_observed_days,13,13,mcba,4e085ab4225872d7c320be1e787c67e906cfcede119af6137a50a3c364bbfc45,,https://ssma.magyp.gob.ar/frutas.precios.aspx,,observed_days_aggregate_not_official_monthly,"[""b952b91c1f4cc388f362d3ebfaa3746c0ca53f46799489fe84fe8dfbded5c4c2"", ""d3960e059c2e12d97b27f16428d987119a7defba2b4da4e17685545ddc154af9"", ""751ce15390e835d7f1fe77b691baf548d3e25707b17d8d827e1cb0e89c5e7490"", ""25e0a6dbd09c312a196c6d4201a58fecf15a31ea10884d23b7b52c85595e8339"", ""9284520e8bba2625a146fb28745794afecfaadd9512007e25e66a4f22aa2a544"", ""570c801f83e8be36795b50d2f921d072fcbb24d30bedb001b50f56da6a10f97e"", ""436e6d2cdf0cc0392d06447c627c5fb963127d478e16a1d2728ecdc0904c5bec"", ""ff3ae2b44199ec448657186258da16937eb841910ca0f6103599d19755e0c214"", ""fb7807557705f6b58a84e112e5c5a9aca3961f8f7a583c8b7a131e240e14fb09"", ""aaa0ff1944dad283d8d8a89f6ec0978cb73b0a072683f08f043f1077e4307f72"", ""300f67ba31bfeb0c6a67990e3d84bbe7962eac9fb0150e826c7b35369b041063"", ""339852aa32ee2331a5c26df8466a46eb8ea31cd9946b659101818a7673693ec0"", ""60999956140261b9aaab8c02eecd1d83dbd4f77101b41b1644bc651542544398""]"
PEPINO,,CTES.,PERDIDO,Hortalizas,ARS,Primera,MEDIANO,,2025-10-01,619.365238095238,kg,detail,2025-10,mean_of_daily_means_observed_days,21,21,mcba,19712da6ca78baf3e7bc31090482267ce2f3c0213768d8a02a85bb93d4cf2371,,https://ssma.magyp.gob.ar/frutas.precios.aspx,,observed_days_aggregate_not_official_monthly,"[""67ba0524ac8a1d47d347ce7741133a39e5e0fa7aa193ff910dad99ffd9e83bc4"", ""7f7aa45305549b26e724f421ccc20bfd2b9f4f4f3ffb25f800f5c1512aefd25b"", ""d945e0f0ba929c17d5527b3256dfd1df67dfd6ab162a84afd820750c05c8604b"", ""32d80fbe60ec1047867fe6ed95181bb154f42ec61cf745e641e9378e906ec61c"", ""01fd11df901a46012126e93c88047125344a274f9947dbd0f1e8691202fa9943"", ""62122a5a9804bc8a3584b8bbc2015ea37360be87f6bea53d06fda8ac8b95cf35"", ""5f10e19b4b7fafdbc372c8909ddb80b5cedc5a5c53b3ce7aed1341a8cec74fac"", ""8471990bd540e4ffd960a1d3e9e9a51201758d8b58bffd5c84e4e8d8b80ed129"", ""87e42d638c901f173f845189b46fe8221f2c3eadb66d8ca5a2c52cad05df3f49"", ""e1d2aa582ae7b473906fa853f0bedb119e03971325c9a527322d7f622a671413"", ""7d05ab449c10e6948aadadbdc97153c71da13465b28d3503b24caad260e364e9"", ""2c3d5b0c8cd968916198afafa7535126cdcef834588e289424100f793e56934a"", ""1704130bfeb94c6685552fbdee36ffd7f3f484fcee895f4e6587f790d2d498db"", ""e0d84853e008d1a263da875c773961f253fab211643b1e4f53be25e48f5e8a43"", ""c513db01170c33f6f5b921c8867faf01f3d48cfde64eee3f39b191b6498b82b7"", ""76925f24f71daef8669b31407a4ddba24a3845236b6e0036f85d2f1d833b21ac"", ""16f9788ca452595bc206220547014d895b7ff3ee7a9cf525345cdee536c6d2fe"", ""fc20aee5016096f0b954435891f8997efeb6a6c9098cd6f11acd3f33201b0c28"", ""d5a0183beba527ef76e024498c19eef9f50a180d3f7e972b300877496dfd334a"", ""fc728dd8c30b4d563443f9c9fb70003decbf16a91a4c04c7018d5b95203b1348"", ""d6507ee79d6b9b559a881c58d42490582323ce09bd4c391810360fe814877faa""]"
PEPINO,,SALTA,PERDIDO,Hortalizas,ARS,Primera,MEDIANO,,2025-10-01,763.4909523809524,kg,detail,2025-10,mean_of_daily_means_observed_days,21,21,mcba,6cb20fd42a8ced713dda60c35d593e142e2cdf27d3207f75ee16861fe09fc900,,https://ssma.magyp.gob.ar/frutas.precios.aspx,,observed_days_aggregate_not_official_monthly,"[""eecd6646543903afec4370ac9864b9c48a75d45209d9f42226cd6d4b14ef5ee6"", ""0aafd032fc5817dacaddef78ef6fedc8a84f2f07588d1ba711426c82cef0b2a4"", ""8d17855ed6432b23ceeff00682782f1401880e096444abba8ad0acf109efa71f"", ""65c623c70cfda24bdc0d98f1d8358a04587444d572d336c037a69f5ae9105c15"", ""a2edbbf52c8f60cc511fff9ea1675c7b55d61c909ee1b78c7543defe155e4cc9"", ""4ce4bbacf5a93861ccf008b30946f48a49808295ecbe130611e17578e081df12"", ""6e71151e9d82a125dd7960e5be3a3aac702a41cbd27ff2e09f3da1462262710d"", ""12ca59c7e9346e5795545c7d3001eba12c2de8162b4f95eb1fb5fb6811e85d05"", ""831b20ecff35e59c4dbb2697ec92b9acc6bd7df8d4cbcb6b77514104429721f1"", ""2c18f2bdc1d14a79c76a83acfea75b4507735e95be8346fa0fda2012bf48ec70"", ""78c5fbe6d1a4b0baae38dfc2394f6cf76249e79fa53f7f792de914eb560a8a5e"", ""d7169c42a86321fcc266b481834910dd31bdbd1d2ea2c7c556e9fea410769e9a"", ""5b8681c7f4e9e3de1095ea29382e6bbe227c4104c83c066c6b7be8c5e0b81c09"", ""996424764d1ca89746238fa475c957d3c28c4fd93c97905ba1d16c9602e97c93"", ""7531f3eb160ec6880873e483da10cfb566681ae7bdabad9243a13cd93a0762c5"", ""65b7f1e4299960c81ba58836493877c7ef9d1c8236ebfedfb7c31b5a8fea3843"", ""b90692018fe37dfc05d977e466732491b9ce55fcc63bd1dbf6878e469eec202b"", ""0003913d267c56f9d38547af1b40f867e7f4e2054e85ee7e7cfd6c180b766963"", ""7f3b4260368df18206b455a2270ae8713e36b614e3ad832bee3a23cd79979005"", ""8ce4788b9075c7b41a79bf7e9408dd608daf6613a849cd1680081028c486c9d1"", ""6595fcb4412ff6c41748ef09dfee3a151452978ab74df4552c9e7306234311ad""]"
PERA,PACKHAM'S,R. NEGRO,CAJA,Frutas,ARS,Elegido,036/040,,2025-10-01,2042.857142857143,kg,detail,2025-10,mean_of_daily_means_observed_days,21,21,mcba,ea61a69a10d38b1c982583c409839d63add49225820b3210121959dd70cd11c1,,https://ssma.magyp.gob.ar/frutas.precios.aspx,,observed_days_aggregate_not_official_monthly,"[""a4a4b4e0f495d6b3b763b5e3e7870239eb5065f486d4f43528ba9cf88c87fc4d"", ""df0e60dcb5ad9004ef964becea2e03e57a4abfe97a9b1b5ae542d7890ffbb964"", ""0b249a02d3c1ab4a6d376104435d4d8595dd9f89a0f6e2239babfe3409ebdfd7"", ""b72b0d57e9c47a4b8fb759fa6a2177cc916624c2e64c5402fcb27cdb23924bdc"", ""5de157ec3eaec179d8773846f20c6cee42d897d3f6510a4232cb58c2497e803b"", ""fc548a43876b4b1d5262bbf0aa20e49b9d6559bbe1bc7cee79cf8a5e2a107a82"", ""0c4c54d2f4618eb1b9fcdd1f4764da28367eed21dc6d2c4cbe4e510a8a55b955"", ""1750b8cb6d87401be35f707565744e5d89a041c7c76c0f233881fcd3c40096d0"", ""be224015e01d431ee87b73896b61970b1e455ed968c8f5f9199884c5707686b8"", ""21bb7495ff7e2ccde2ade1fc77771c46e616bdb385359d64b4588710e61f438f"", ""43996fde217ac4e774dbec6dc4bc4fc624b68f6116e7659058428e9fee7291a9"", ""fd4aa2830db39c763e774cf8bb333bfe9141451ea4f2427e980d5df7198e6f45"", ""c6091a461aadd094270d6065f250136e3a2bd28811829b608ad2aafee9bd4a2a"", ""5b05767d9665cc88876e2d9b80ae25c1056251a8d39b05fe7c4076c611a3cf67"", ""15b6f60890ef4bdd9348b84a19ac64702f72bfe9a293696d51abedd765bd4320"", ""ea959c7581c5a50c206955841881dbca69e822bf3b0c932f838d43a12f1a9857"", ""63fb3011438e16a1df5137b623f0e919dcde55682e7afef1066f3c2a708f3a19"", ""472ff72f03dc1ef26d6e4f821bac9e90431d7701334e2a2574392e6c6b442d11"", ""abd3db320d3b88082c1ac8944f974b94ddfc0be2c222f866f7bb1b96da432b2b"", ""a9478b86d86166295db27f733997d587695ec92fea85ff8db938f707f107218f"", ""90afb8eb438492ae582c35f081ec404bb5236e362e5728d16ff40c35b02cf327""]"
PERA,PACKHAM'S,R. NEGRO,CAJA,Frutas,ARS,Elegido,070/090,,2025-10-01,1796.2966666666666,kg,detail,2025-10,mean_of_daily_means_observed_days,21,21,mcba,4133abaa81f925d7e4a4dd46d67308beb4ba3562bf4a895e397da85c2a1fa0d6,,https://ssma.magyp.gob.ar/frutas.precios.aspx,,observed_days_aggregate_not_official_monthly,"[""0d8a553b5746e509831cbdc5050c3a9b5e8956c61d9e25eed0289d2bd8b3980c"", ""44ef71728ac188037b26904eb597342befde970a6407ab45fd83bf5b59f76a35"", ""49b3f599d39ddc2d0a94ad8cf77aa650c14a29cc78d00432a127908d43a6cb17"", ""0ef6a544b2c5b6fe9a3c82151d86a296b6a9dfe37c1f295db47ecfa15db6e0dc"", ""cbd31ccfe702d74efe70bfda81182a85ad2dd4957d4c271b991b0de8705408c8"", ""14e5a597bfb4a539d028af9b669507b683c1a2f745d1b30971a339097075404f"", ""f3a934105b2e452df7a275523bc5d8e0e47fe32c0ef02bcb3cb94074c35f4786"", ""6be56bb21943f265fd0848e16e1a4bcae41febf19623518dd902d59c546a1182"", ""35fe99360bb9edf052892bc89142182c617f75e6e0946025c590c1ac5ca5bf83"", ""e8f586fdfbf41d4aae8ccd7f4ac38f7dd68bb86b63b4d07fcb7beb17bb54f0c6"", ""435e5015f52ec160434ea9f86c47c6ac68339b2fa86b339545668d6d0aff2f05"", ""a53b01354198b3667c5e869680b2e29a5aecdfc5f2217da4dff8d75b84998cc4"", ""d4b83a99cf76764234d71467b94af5bd5e264af979274a2d3ef22d1f1b3d9c61"", ""8febf81006dba9c9ed7b03f2364b32496fc8d8e1d87cb091d2cd340328cc54ec"", ""b95b94d701f1287cf067a858613d1216e70aa0341edc7d45e68bd51bb95f8478"", ""a927313c66d163c1cd75b934806fbfd244fde08f884ba475c53202b6a3b2f986"", ""15428a3981af96db8109f2dd9be18be754d33f79d6debaffe640a236b078014f"", ""ec4bcd14f598d906468572405115983afa7ed619934745ce34406f06acd1355d"", ""e483f9a6f2448e53be43e80467ca01f7c93c5ce481b7ab722f846c28b47b489b"", ""6a40f530d410a8629b5f645ddd85a8a98b8f0cb9ccfb3e0e5f703bf3362657a5"", ""37e794dbdedce56fa74a3821203f65d2ee7debdfc2409b2798efd3dbced316cc""]"
PERA,PACKHAM'S,R. NEGRO,CAJA,Frutas,ARS,Elegido,110/130,,2025-10-01,1544.9714285714285,kg,detail,2025-10,mean_of_daily_means_observed_days,21,21,mcba,f09268db5141eaf9ea16b83bdd4dc8eeed269da7ac88e1a1f8efbf43481af4ea,,https://ssma.magyp.gob.ar/frutas.precios.aspx,,observed_days_aggregate_not_official_monthly,"[""71f4109786120163b5fe1a77f5b9b594c8db5e9c9cc340753139c68ef511e2b0"", ""4636fe543c16c48ca56cafaf9a06bb4665fcae60f78ac53393e9b24480939700"", ""db7aad5e1f2950003d6cc939dec280e42e71167df6a54722c225b03feaaf4b20"", ""57822ed4b72b28c857c35ddab65b0ba26052ecc4efeb934acd26f5a12395cdaa"", ""4287206a2233c88b8435c48911383ac2d34674fe19030d5f9c4b7ea5f11993a6"", ""e00a1317fa16c3b1f33352f6cfd87424d0d14d75bf93fd71b1227c3ad74b8132"", ""e7a3d9c3bb14c4b3b6fcc10fdd0d66d0e11a1ef3450500b52798bd5ac7b4b3b7"", ""42a36551850e5ffc7dd4fad21bd8b425bb4aa0b94ee75644a4b66387aa4a6a46"", ""894c1b95381ee19d09e9949cebe2072abfd44e72adf7791c1f7bb4f48fd044e9"", ""ce7284b009746c334a58db87de5df3e76d14ed17231a0b1b31d203f5ee430f38"", ""35fc475d62ec49625dc2063e9786d8d99682745530847dabd849759d916a8a5d"", ""9c30f47f6c2064cff2fb2c3cf9e6ccde54a1882422838a54b5451f8afa2af3e1"", ""6b451055e9253b82f0a2c8ae1140b21f9b18ce32e9f3791d580d319acebd7a02"", ""1fb6ba4b79cdd2df889424c6339b6ac7f42d428bb3613ff911fb4ad5dab7529c"", ""2730894cf250dc42d865745e335c45ab9af625cdae695c657c5e240ecbcd52b8"", ""446c28bacf771bbc3f6e0fcafa30b819656c1009e7193b9d51e99e62e1cb31cc"", ""f6da364dff2cda14f72fad8757b0e96cf92f4631e57a3efbc1fa4b9adb745409"", ""5fe9ba410000f8a7c96ac0048af7c8f906387f126f6a49c8fc82f66ea330e9f8"", ""b6a1a7e13ff32c3be416b2507116fc2d2dabb2cc0d98fb570f38c32697b5e241"", ""4265c43bbd0d2675adc375c2dbf5b37e95467ed85f89c6cf7c3000b1a3005caa"", ""11ab092793373393fe92f3b2783feb67aadf48fd073b150cf78faebd90ee72dd""]"
PERA,PACKHAM'S,R. NEGRO,JAULA,Frutas,ARS,Comercial,110/130,,2025-10-01,1444.44,kg,detail,2025-10,mean_of_daily_means_observed_days,4,4,mcba,66ca056842c1de06b8e5e505fc064394fb9817300f73e376de9a6979910b0ec5,,https://ssma.magyp.gob.ar/frutas.precios.aspx,,observed_days_aggregate_not_official_monthly,"[""c23ebd35157287df1fe8caf7bbbda507bc759d44807d10215dcd7cbea0b54ae9"", ""39d187e52497e9d1147d2be21227a668decda3b3b9e2090eea556bc24c620f98"", ""17bc348393426a28bff12df27094700aff2f32068deb2ff72fedea3f5bf3f284"", ""86f693d5954d68cb55da083af602f10c86e6a7a42b4d7ea2d1c4a98d93a62cb5""]"
PERA,PACKHAM'S,R. NEGRO,JAULA,Frutas,ARS,Elegido,090/11O,,2025-10-01,1391.5357142857142,kg,detail,2025-10,mean_of_daily_means_observed_days,21,21,mcba,87185d416951f9b9366eec83d0c1351c15108882c37d3cc5f3fbfe485f04f226,,https://ssma.magyp.gob.ar/frutas.precios.aspx,,observed_days_aggregate_not_official_monthly,"[""a97ab799d9f6eb9a5019a6c004fe9c86c87f855d9d068a98829887668436e8e9"", ""a7a5b38c162b3ec63d2fb6ce48c3ed67cfaee58a3553870e4c4d26cb691268d4"", ""0a86a0b7ed4d5ae8105e096728ca29872f0d7a7c51c1c4a4670a467ce37b59a8"", ""cd102a56c8c2d7067931a7daeeefa38ccbc1a3b48c0d19c1b26de77f1ce11881"", ""a1c7908735fe6879cf8d35477bb8674d81cf7ad81bd5a366753cf7ac490ef675"", ""d0a879334a29b264a44ce6b51f1e757978616ab57bde50858f922cfb63ff7038"", ""4d3c742b8359e49fff7953fb3694685482d9add8cf5467505f8dfd9676303161"", ""0ecdf113af9e9f73726bf6581e69ea9400ad63e908e31638ec5a42b3185c180c"", ""2ca05d488738702462df3e6676f72258382b875c1814d2b38efb3f402e1bca5a"", ""be5535c67aa4b6e627baa1f5f97cf7ee1d20edb1d1498d4b7db992839624b5c2"", ""82cf60debe97191182c107546363d940ec49f4d491bd4e8db27070dcf9aac291"", ""4eae47753200754508aaa916c0eca8ad108d40b4094e03174667b4e0d047fc74"", ""6915f35c0b2fc9d650ff394222b6fc615bf03247ac5a0eeab361b56e553a669a"", ""ea0f03d4623ac3ad9d521ef6e312d5bfa322a993d479329418624b0966634d9f"", ""d928f7c671e9a2f4e5145422ebbc24981d229ec6baea8b271b80d0b5130ee252"", ""6aa9255ca2082fd26e18eefb9c1cc484b890a6700e2d64dde0820e1c6ba2ef55"", ""a173755ea9b6132ee61df7f68c597190514e43ade50c81382092229b34c156a1"", ""78406822f3933bd2aa731a2845a6ce004b5d400e59223f12f363d7d8a6058fe4"", ""7817e6d2d7faea44f11d25ed452b0b3b565ce9f3acc79d64e1a3c58550f98632"", ""0939d14dc93a64bef6706e6367122a47a9d7b9bb373b4ef4bee67a2edbc287d2"", ""a98b630a42e22a0d0257cc9cf46be1ec38ed0cdd5e226e1526c449b52b2e8896""]"
PERA,PACKHAM'S,R. NEGRO,JAULA,Frutas,ARS,Elegido,120/140,,2025-10-01,1177.2480952380952,kg,detail,2025-10,mean_of_daily_means_observed_days,21,21,mcba,be0e271c581e0a8780f1e5978b656bc490b0af6dcf39bf5166850a19b9bf3f04,,https://ssma.magyp.gob.ar/frutas.precios.aspx,,observed_days_aggregate_not_official_monthly,"[""feb9c7c1258a336e1a7206ee8547402a98ed2480e01ff398efb889dad945bd26"", ""6c567079dfc4c64324f530fb8015c83894102998388b1c7cb8e38b3705015a98"", ""2ce85ff52dfd0630926b1d341a5ded62f6a9a42cc0058366f326811f26ade021"", ""0405ef462804f628b102d8fe33b47fd8c5497b7e45e350584d6cb748054ba09e"", ""e7094b2e7109a57de48c239ca27cb2c72fae3cb084c383cade29b31836fef49a"", ""b54aa6f2a7b5d10939c6073b4cc1f53eebe6bd8c2a1a9dc61437b064ae568283"", ""b37a5e84462fac33317dd99838c5564d4184e838d270333d538570d39f245ccc"", ""baef0dc5f9e8aa03e331041c014de618d8da3810914089824f02a25d1df9b14c"", ""0d60bcdc34890f0be72df503494c4912671858e761579da6f5e10e9212e1e376"", ""dc7d265d7e349eb4bd605404d72ce9bbc925ff3243641bfdbe38590bbfd3d1a1"", ""708f1f812dd4c7f8c722dc5f6c4516a01fd0634679df9ac8ee3d05ec55384aac"", ""31b6f46079095f9fd32e725242596baa74672223c58fcc2ec8eee294d4d76ac1"", ""4f654af8e31884bd4ed25e02b1c5a4e1addda775e613dd9d49fd2b9216f64b61"", ""6378cada6513d833f093ec3f373023176e3e56e6bf523009f8a8e576fd19dedf"", ""67f856d52edc03616292c25a578e1daee201ce34a1c020b53199538f14cad449"", ""dae6f167a569d3f2c7f47ef74acbef0865281c42f386b874c5d75d3db97f1e68"", ""4cedd59e95346a74999966976abaa1dfbab88ba7ac7cd8e1807b3e8a300c1511"", ""8e4361b7993490d2cffe08d5ff2a14bbd62e9ed5981816ea1d6243d5d01d175c"", ""057a614242910e0f78fa3e03f305ffe395b3f6bfd719a5e4d2237337cd68f6d3"", ""528711e0dbfe2bdb8362156d54c4631d47d359e8f524468757b22c470e7db5e9"", ""e8cf2089f4c861409104d99648dbc5c30daf29c37f53d85b0e11b01548f5b1f3""]"
PEREJIL,,BS. AS.,JAULA,Hortalizas,ARS,Primera,GRANDE,,2025-10-01,1242.857142857143,kg,detail,2025-10,mean_of_daily_means_observed_days,21,21,mcba,24ae1367b5968adb7dd6fafea1a4037fcafdf93327c649c89e6fb6a5605c3372,,https://ssma.magyp.gob.ar/frutas.precios.aspx,,observed_days_aggregate_not_official_monthly,"[""3a6ccdac7fa77809e44cd564b3fbb18ba14e483558e65c9d8b2cc6de894b0fc1"", ""c28ea3fb5d5f18a0766930cc9c04909d3597e422d80301f40930926eb8c920ef"", ""1f68149fdfddb7ac55875be126b2e95e8090804bff2f0e28e48a59e28b70df46"", ""5d5d63e138a4bfd874b99457f23d0ff546d5a3f3809886bb8a97bd3dde65ae1d"", ""1c85d79d88414178c1de236a23e696d410f338bc4375189a0c4d6fa90f3d23ba"", ""07a9e30ccb2729dc2da4b4d5c2d1e3752a86fa6f935573b9ae52dc010cb76b4c"", ""67dd4c7a9a44f4144e420cf4b593062b654905b9561dc2ba395af1040d5cc901"", ""2a82fffecee5fbd809d59a9670dc37ec540a417ef6e8b8874c6a45759272b98f"", ""632a5620967fb5cc352639f6cc35a059e4325a6aec91c1e05f31621e9145a637"", ""9e90c2224a5085280a383e77efa9f3c053690a578ee22202cd1fa812b4e28e11"", ""f0b813422ce8b94f7e337223a295ac7dabd7d6496b11fb8e98b1a546c1b60988"", ""a5bf04888f4d71fb3803345ce69a9197997e474a653bc1ce04d0308193b7998f"", ""75c00a3db0d83c5479887eccd2d0ba7a84b54921c5063d4d98c9bf1af588c7da"", ""c18e18ab4e6c5081b22e13c517b94afea9530059aeab690d0b172c80c88f1d0a"", ""a64391cf8ebdd3b2def387d2a06108344d7182bad2d96dffeb53e1ed12c1b563"", ""edfa108ceb9543d5984dd480d205f9d70be0a275068a79a7ca095e2cf2e8dbb1"", ""bae3f2a0f3d46b86f6a06661c11c32f11a1d2c6927cb7ba76e6a4599abbaab53"", ""49130df6009183e977dcd1a721a63f93f55d58335b54fb0bd48746208ce569c4"", ""125147730a0ff63fd7d5470bd87479a813357f08151d6be80364a17edf053552"", ""d64d8db0918bf9f6df2bc8ed6aabab1398398154e47a2e6180d0800508aed990"", ""bb6c6ed357c436288c43a4287b263321358c2dabefdeabf817fc652eb33de19c""]"
PEREJIL,,BS. AS.,JAULA,Hortalizas,ARS,Primera,MEDIANO,,2025-10-01,930.4761904761905,kg,detail,2025-10,mean_of_daily_means_observed_days,21,21,mcba,2f9a744a3e1d35db0f2aa1b3de26577ba4eebc4950b43ea442a643654c9c4caf,,https://ssma.magyp.gob.ar/frutas.precios.aspx,,observed_days_aggregate_not_official_monthly,"[""9ea5ebd63c2f753d0296cbc01faf879109b35fde0dec60862eecf877beb13596"", ""c3697f98200780a08f94e0a5fdf61fe70ed63b43d0f6b67683128d69d74fdb90"", ""91156b4009c2de535b954a7fc62da6ef7b7dbf2711d5ce707f1e456998e368e5"", ""9a61eca13f3292ebbbd66de1af3ef9f61e2580d8ca26bb542ccf0d9cb3e0405b"", ""03f52cd443ada4c48761c51ef1051f8fa5b12a0162fe57028644cb2eaa02426c"", ""c2137c764edffd62e2c158b0e2957f1efc8abf4c668f0eb0de83f8be4876e4aa"", ""a47d2c3c8294b55e5420b00f299ae2790e9f0ee19ac701baa25d7c5a39137fcf"", ""c5b8fffd859233b5fd409ff3aabee83be712952e8801db0308933111bb9ad42b"", ""86cdd9a349712f3f5ccc40531fbfc2bdbd97de5548ec5ac9c78a1f8773950ee3"", ""31d30c93e100cb7f21710ecda7649a7331eeacd71383edb733a6e99dc9cd50e1"", ""6cd711621378392c5e522650d4e4a453824b1f93d49a37d50e31bab09d6082cc"", ""ab6d1a600f76688012531def1adc60aedd199e0c3b041a893b6aba45e8efd09d"", ""e4c1a58c89056a97d99f5a179c5cbe691974786d5d204bd893744cc1aa234dd4"", ""4ce409680a5159442adb08afc675a04daf5ec62eccd618f7526754ef43e031a7"", ""9e88a3d44d569977f4f857373eadafe2d4e232147866fcc1858b0eceaa4a347a"", ""e767415fb2ef17cc9a7ac8d1bb4e150b1bfa9de2a6f453fc3466d075745532e7"", ""6bd20265d461e035d39586e411e9a3883446492a8de4402b0e094684e7c09a17"", ""301f3ffbada337f19b1f9f10f6cd9fc6a50058d035123e0ae913c2be8859674b"", ""6380ec6b6ca1b4d6f66747f3b412558a067d2919f2b1b3a0ffdcdbe5c218a070"", ""dea5f4c0bd153d0b991e003edd2fd33537e04bd9c3182546bf16e7bf3e1efb61"", ""0ddef7c5699091b14591ffa4c29e6e90d8ba3201cd3baf628e2cb8871b0f51c8""]"
PEREJIL,,SGO.EST.,ATADO,Hortalizas,ARS,Primera,,,2025-10-01,1011.1111111111111,kg,detail,2025-10,mean_of_daily_means_observed_days,9,9,mcba,41afed604c416e163de55275990d508dce7f6af226dae429510ea70d054445c0,,https://ssma.magyp.gob.ar/frutas.precios.aspx,,observed_days_aggregate_not_official_monthly,"[""d807f4b17983201a0770c4115f896f9ebffdf4eb4310c026fba392d56fdcbede"", ""81dad33cc5fdbb981acbadd0fc9eb56052230e0dd16ec1e6f2d95db97940f6f8"", ""9cf9aab7961046703d269cbb2f487f3d3e656772e588c88d461659a88e2624e9"", ""6302c36825f6d212926f38b2087537ee3cbb312dbbac2536ea214fb42d8024fb"", ""c4382926f5c24b2f3063d78d8fe128afc42498fdba73b76bb9e3ee0021984398"", ""ee247bdb4cab10b0a2e16f9413ae8fb2717b7ec1ba29f278c23546088fdc89d3"", ""5815130be0a3dc7296eac1fe5a594ae188d3472c4ddbd576515568ff66a93360"", ""a705d32e5fe5de76343c18d5f7f42b5d12cd37a439e9d1b8e85c4f5e5186e7c3"", ""3d6e4780ca5911b57f39f0d9a8a13309e514986ea5aee353bab8b0c8a6a86648""]"
PIMIENTO,BLOCKY,SALTA,PERDIDO,Hortalizas,ARS,Primera,MEDIANO,ROJO/INV,2025-10-01,5000.0,kg,detail,2025-10,mean_of_daily_means_observed_days,2,2,mcba,1bcda708e2097180297bdb4eee884502dba4190f1df897eb44149f58525f2a32,,https://ssma.magyp.gob.ar/frutas.precios.aspx,,observed_days_aggregate_not_official_monthly,"[""d6cf80294401a6a5081d7574fb13315d6e998ef529ad3650e71e73f82d76744d"", ""759f09b78b030ee314e48a7e30b842901fd0c96e837c02349dcf4a8195977318""]"
PIMIENTO,JALAPE¥O,CTES.,BANDEJA,Hortalizas,ARS,Primera,MEDIANO,ROJO/INV,2025-10-01,1926.1904761904761,kg,detail,2025-10,mean_of_daily_means_observed_days,21,21,mcba,9f639cefc2d6ded3e49a01515e3de26ae0edd34a43369dc9e1b75fb518cbeaac,,https://ssma.magyp.gob.ar/frutas.precios.aspx,,observed_days_aggregate_not_official_monthly,"[""af9d2011b4242db34a048d9a9d56d25b52049d5964e73b010b4ae3fb026da179"", ""f8a7662f56988758bd27e80576726847189b311e5072a368f0ac295c7e20ac99"", ""a5cd44e6ec6211146edc72a25823af4c28af90c221a45d1c6dd5eb6af733575a"", ""82d460df3d62bbfb82830447501ee27713ffef474578961e82c9d21ec095c991"", ""d79317ec08f05a9839ec793c9ceef5ffc3d169a281ffc58decf8934b584d4eff"", ""9898a421924465535a4f450707f2b8347042c9c22424283f53f96b03ff17796e"", ""5b3b426e0fb0e85cff9d9a699dd4342863cb849b6d2c7796b1e16a5ce4db75a9"", ""da8780502894d9c4ad57a034ffafb2debb6a1b8d04c08e4143c25301504c3195"", ""069c8c27237a411b2bc30189d55bcca9dd18b3bea7b6530527fd8f43e2654737"", ""be62461889551ae205a072ee7b45e176e3f811cd119385d0274349b3333e34ef"", ""2690a70dbca87855633960c737a6e0e91ee4d64b9a369f2fadfb573ead8e1aa7"", ""3d2a33551d907426443527fa4255a64aab21994338e6d8cc338149891cba5c36"", ""30e3c131fbaf5fc108dea05b94202e2da54ae5766b26fff29c93ddc4bae8443a"", ""fc671865153f09a3403fd7463d0d0ef1dc0dbc18b1b743055ffce3fa104f9b8f"", ""394f9623508277d7538aa9e32020f40472438f887c3b10ff85ac09e3d4393c95"", ""fd6070e326ee9c97e40c9630d43e2054f2b695d8808b5c5c581149d167a77287"", ""3ccfab3754a5b0c79aa6f04e5407060de84d7f2390f85083edfe1f37a196b2b0"", ""90bd4ae85e79504162deb78b8d1a21516c4df10ba01c201cee8c85d5e9d75006"", ""c493f0e7bee85d41bbd7647b612d9dfce6ebedea7773fa71619f9ff140830991"", ""d6d604333f309aed5320f999de96a42f480c56f328d2374b00c5844abf6014d8"", ""3204ee78a3c63ff0d0d0a5785d81dd7239b7ae2d856737f517ca06bdd26dac82""]"
PIMIENTO,JALAPEÑO,CTES.,BANDEJA,Hortalizas,ARS,Primera,GRANDE,VDE/INV,2025-10-01,1703.5714285714287,kg,detail,2025-10,mean_of_daily_means_observed_days,21,21,mcba,2d9a84253a054b47434008a635e9928eb7d30f6f65b4601e6dcd4bcb93bbf115,,https://ssma.magyp.gob.ar/frutas.precios.aspx,,observed_days_aggregate_not_official_monthly,"[""89b543a88e1283c66b03ec4262bd5a6e55c9e166c14541592c506e0e62631c23"", ""db432d757e886e53525132c5dad8b1d2a9ad94fc1277a8ca1dcd0e4166993d76"", ""addba98c6853d20977bea14d40317b08b00e19bd1b65e7cdeb8c858fd97873ba"", ""5c8158399096fd7d02d316c67640aa43b4b04a711a66c32361879bb42f8424e9"", ""0f4935bcf15b56af5bd1c5c61c509e15aa965ffc0eb09f39a51425fd195b2a59"", ""efc8b64b9685c204e2a8081f1712e578eb21c67e08bf024e1880b33f9c949e59"", ""79ae5af4e4d1efbc9a0d933768c1f86272c9a8ce3cb7bc39013ae838cc46424b"", ""28bdf4bb981e7165c978318427c672372ebc8f36e07f76002e1b0bfe8c0b0b16"", ""f6b3f8c4442b7df9aa9eecc8e3ef205e8d99f91461c4b0fcea94d1307312d66f"", ""58f48dfc88042b5af8f556684129d80baf818f69e04d74fb615947fa85e400c4"", ""d0198d1c1f99cdfb1795277a27683c6b2f7a7def93eec30dbe4e4d7241a9c24f"", ""16683a82a6d7bd7e26ab7d30898c3a1860c2d5b86ef37f846014c289b3cebdd5"", ""a449771d5fb22e82e4a65854621e7d45c43798614c9d5caafbcf8ceb2d37f837"", ""2b39e9cef58109c38fa71932446e8d958dbcefe197b8f4795221130559f02911"", ""3aecf30947054eb606ebc45deca7fd9fa9bb9330f0a330a0d480ea9b5d43aa15"", ""aa864487c89b06e7699ac634e8424992add2fbb6a3508356e815ed4b8a3a521f"", ""aa5ee0deaa5586dfc4802a89994a48dea0c85010d8b78a982c553bbce4a1964b"", ""6966e02b5450d6da84d4a0a9a4448e523702aa1560006fe7c76b4c31c74c0036"", ""2eab2bf1201760ca844de190a256493586bd20be52ff0ddd7885f459d21a6fb5"", ""2340b017c288a74d101d5ae9e31b998ecc440174ba33e0c0abf2da68b7c12d41"", ""e34fd0ea1fe00f218e97a19afcbb56a92b2ad1eb4f172ff9293bd41e35e88dac""]"
PIMIENTO,MORRON,BS. AS.,TORO,Hortalizas,ARS,Primera,MEDIANO,VDE/INV,2025-10-01,2708.3333333333335,kg,detail,2025-10,mean_of_daily_means_observed_days,3,3,mcba,99976479d1a6425a10630d081f84e7d13d537b80e2ebb5bea58b133782331e79,,https://ssma.magyp.gob.ar/frutas.precios.aspx,,observed_days_aggregate_not_official_monthly,"[""5d8cc0da204deae3fa9da76299b1bc69a912a54845cb626bac746bcda1d15d51"", ""a7b6992e4821829c13ca0bc51cee0f20a3f041f5bb4d1b51a5d43045be63f9f3"", ""e3334928cb40766914f83dc777334af8a4026f7ad5fa4556198b0358ea34da4d""]"
PIMIENTO,MORRON,CTES.,PERDIDO,Hortalizas,ARS,Primera,GRANDE,ROJO/INV,2025-10-01,3610.1190476190477,kg,detail,2025-10,mean_of_daily_means_observed_days,21,21,mcba,1e91b080fe570ff853fa09c92bb8c7614bd6b8db6f2346196f0d7fda9fefc32c,,https://ssma.magyp.gob.ar/frutas.precios.aspx,,observed_days_aggregate_not_official_monthly,"[""5bd53fcb699a5e565a2a61d8404acb81dd563bd8890944dab314ba8df7f8bffa"", ""c3d2201bdd5549a7b92511393a6d7b4410c983546b60aa40f67b5c4204e47921"", ""9d943a73bc8755aef39a519ee72572a0f49b5604a1f06b1c8ccf71aa756b09c2"", ""59df4185cb17e69959b26381ddb923dc99596e08d277f9eb78f7af422b886e47"", ""7ce6f5ce65e75ec96dcdc04441292cf2947a9c8a649360596351ef04a0a86797"", ""f069203e0438f76ac1833bc2e0211638a39444733d3b71d2294ec584d6d1381d"", ""4ad3fd7df03a4fdadeb267a9a96f718860c874aa70b6b947c40a91474bc82706"", ""0f2ad5e92c3cb39213a1db859a2722da8c49590f877dbc914ac8f417753f6878"", ""6899d9b84c31e9bf83a2b685c982452a590c2ae5e146488ce34ca039a3227c44"", ""8f0988821018f11848c23c71c8b677da967e548f1649f28cbd027ea0a716c55a"", ""bd83f48c509c01ccef22eb03414dc7459e773f33e58b456f030a5ebf37fd7e48"", ""0f29639e94942956ddc0e7b832f1675e2bc82b337bbf74e81bb7a7d7cc68084b"", ""ad1c234588d05e32cf63a7a3cd655569b2a6947380850e3fc5862575ad4d7dc4"", ""bd261370dc570b8622561bd015e931d76df4fca2f5121f1c01b5a896988659a4"", ""2c72cba2b06018a052df4319a1c651b1d8946ee92e1870641f3a2be6072cd502"", ""c50d1e695f31c75756a195b954f84ed2111ddd9a96c59f5e9aaeaf0409f3c3c2"", ""f63eb9b5349f99c5c7ecd2e0474f0d2ad81dd9dcc594a443ce126951b9da8283"", ""08be29a7fe0d9749666cd616b8438722e2aed347f8b0f1cd76b24e865da33fb2"", ""3a235e008fd4863fef8ddadc8499844bea5bf842b0a65e591b6f7d28d82682ab"", ""0093e3bbefc113bae2f8331065b2e3eedda4747ac1af0e346d7b71457a43a26a"", ""5a0184ad0de6c11912e7d6aa88f54f93ccf1e8c60df7453f4e1b09a2a90babfd""]"
PIMIENTO,MORRON,CTES.,PERDIDO,Hortalizas,ARS,Primera,GRANDE,VDE/INV,2025-10-01,1895.8333333333333,kg,detail,2025-10,mean_of_daily_means_observed_days,21,21,mcba,5e9e1da9a39820b5485653b64363e4ce09f65d2b2d08b3bf6964ab60a89ae3c1,,https://ssma.magyp.gob.ar/frutas.precios.aspx,,observed_days_aggregate_not_official_monthly,"[""e56cabcfa141419470aa09968c9dc948838cf0d08a81c92cdb136a2a62cd738e"", ""bbf5b2bc0dd38b7ddd90a2e708efe1b5362d379412445b70d3900bccd1b3e9cc"", ""d5a7e123147d22a6134e4ef33f556f0d9ce6e8ed9036b0b12aab73763c21f484"", ""278d8c85d2dff64e46977c60701be0986b40f51f92f4d51a94ea99c9d3bb6e18"", ""8b915e63dc56cd47a21d8c0199753328d8811324ba701e01610abb5b11fa3c2a"", ""09e2b861f83966735c79c0ec0425a33ce60282ceec000d8901a89df85bd4f4bd"", ""eba436c985f3536fa3660076de7ed20e05de3c834ab307d8b27e9a66aa3fabfd"", ""e54faee26e30601e3c26193b2ddddbb75fff0e333d0cbe719e630ea03e4c983d"", ""f81eca41ea321f80a97d8bb70f69ce6e7f9c22c29b2384d0f4b25b959af584de"", ""b2b8557424ec6d210eaaf02d0e30c8ee014a6d6d53f000e74f909ff7f63f3b26"", ""559eea113b8d0c870837c543c2bc624dae3fd1c8422594497cb9a7ca123213bc"", ""7f120407365080b1c6757abf42ee5248f3e2a6793b49b5e7f98470371154e455"", ""3e1b40b5398815bde689f1fd52aa295878d1c6218538e8581810836ddd5c321f"", ""989149eaa5bba3e5eba7a681d7e94199ae398cd37de0b5a56471b4cdac98874e"", ""5eaa59d275d265e1a7413ff30663b8684b2fcc5b06b7241b2dcdc49ab544379f"", ""09c590158d082f9e7fbd60b8e8a4ad84706cdd3d5f65267730a91a4535d6002d"", ""da4a155eb24578fa79d08784f76565314fa1939abc4b26a30fc306aa3ea63bf0"", ""3a898671ce8b7ca6e34754ea0b6902cf4d097b53391213bc0a6f781598323861"", ""59939df4486416e985b3eba59a7712bdc0058d123bc72e5a262a8b0abefd71e1"", ""9b876792ad3999c96c1508f6edf4ab94239e6cc5fefa19285c96f5db7aae88b6"", ""d63fc1379ff635aa3e014e8a7072f729b7e07bb453ca8169c30156d003d3424e""]"
PIMIENTO,MORRON,CTES.,PERDIDO,Hortalizas,ARS,Primera,MEDIANO,ROJO/INV,2025-10-01,3077.3809523809523,kg,detail,2025-10,mean_of_daily_means_observed_days,21,21,mcba,0c7e212ea350a4fe39f3af9e9d357336119435194db8a77617da955ea2669e51,,https://ssma.magyp.gob.ar/frutas.precios.aspx,,observed_days_aggregate_not_official_monthly,"[""f6bf3ce38c578ad73d3283e13010e203ed011c97aa2e6eee80c48c191184dc5d"", ""b5dfa4ab15f8058b16ec9f82a111634ef8e642cb158393ca398dcc61bcd21dc4"", ""b5dd57e737e8a13f0fbaae8bd1b24acb5bffa84f008a31bea27e52ef8c3b1386"", ""5050915b5985161a4553413e4635c86fffc381009bbd3414250842588fd57cf9"", ""276ada648741bd3c6d958b023b1bfe6757c63b67dddbec4744aaad2a95b2f47a"", ""5e9fa6786f8b1c40a90d66025cef0676c5aec271309e74e3e33bd58c08258ea0"", ""5fa27a9a91754564049bd985c02a30d2e4ea9703dbf884ae036678812e19b534"", ""f0d4b7aa12b4824afd01b5d2311df4f4818d8246b052b34acea8d00fcb566964"", ""9cb0847d12c68446bde37a6597af409525f2ad9e4e7ec70e40bced83831e7b16"", ""a13c7cd3693c010ac9d96b4619e4c6cf8936dfdb6f35b41892f7559025b3e4fe"", ""75984aebcbb92472024c8a6eff0f71bb235c31d781eae794caacb5c8be8409ce"", ""ba3d6ec714f975eb6de8bb18bf25c788565966dd355698ecb06fcb9969a09574"", ""199384a0cd34f4d4ae9ef8db2eef7659b93bbd4af7d3a5c04dd15db93d5bad10"", ""a3b923b48ca4deaeb791197bd361fb6171ec44616c7f611f32e2aa176a483099"", ""4394887df016a8af82cb2bc50f880d220354e65222bc34cdf138b73d74235cde"", ""5b604e4b50bcc389f31a125ba4119438ecb1a02f4d004548ad068506e8698ff8"", ""6bf27f73d9992bfeb9877338a83e718cd9cae619dad6c34ac32a6951dc46674e"", ""986b972afe42755ea3cf7ffd8e9b2934bce41e03e737e5bdf864d962253b276a"", ""341b2ad2f36d3c3f0e360c0e0f90db14b293daa6060d6e2a7dce7c85da8a6714"", ""54e2303fccb65b47ea863f9633326219544b57f3a570a9c78083e7cb1ca02c38"", ""d16aba2b5119d66ba3a6bf6b419ec0bf5bc2fb86127c9a805f762221ca0e7a05""]"
PIMIENTO,MORRON,CTES.,PERDIDO,Hortalizas,ARS,Primera,MEDIANO,VDE/INV,2025-10-01,1560.1190476190477,kg,detail,2025-10,mean_of_daily_means_observed_days,21,21,mcba,1ae074e473551f30ae0eedde9b89957d7054dc9585a9275b7388168e827b3913,,https://ssma.magyp.gob.ar/frutas.precios.aspx,,observed_days_aggregate_not_official_monthly,"[""6313029b071cd7197f644319c23b0de2fd6ab20775d002e34f5abad1a034443e"", ""cc4676375b87a90da7d24fefc411ccd376563e116304e6a061ac7b24df93c37b"", ""8cc0efaa190acb59964620a9f20c842a1e2b8c6d1104643416cff37a1489243a"", ""450eb45cc387f3bbc4b8cea3ece705f93c3d167ce38a67401ef5c29993204290"", ""6c66c99fc62ab33214714a8bbb3071c9c70e2684699fcbc5894c9de75c4c394b"", ""942d877166e78e903403fe87016b132e729d6bccc555cebc925c25b02b9ffdc0"", ""6ae853b5e2b83376b3344aeeca19f6dfa5b6a19fefa152c5d4ddf5e5fcc7a7b1"", ""2d5c623ddad22613d227104957487617406640bb76b76e527c03641edbccfb3b"", ""4fbcf4dfa89cca6839c8db14d836f7aa9d8d1163152c8b68d477a0313f34805d"", ""d1bc8a0f67b059220931fb978d3bb5de6045128b542a082ba852a1777cd8defa"", ""e09ed6e13cbb536821618a02956e0b01dc4e0905fced86b2595a6db184cb3977"", ""711cab1220ac9b7fac49558859262feea7c33ce100f67e11dd7de8d89b26211f"", ""7e1f97101bf904677633dfdda70284098de2e88722dfd24f0aa2db08e482055e"", ""c6e87711b3d7d025eae43d81e57d846c7ca04f204f6f64db4a8198ae9ec37fc1"", ""394c4c9630039620b9d0cbe5ea900291a547540ab318eb8afcf0614e610c2391"", ""110862c92c3069e5c7fa383d9739c05ea417befb0c8949cedea95bd8d63bad7f"", ""06859a8f04436d0f717b38dcac754ec204817b95b290506730cdf031d6ddc968"", ""da60abeefc8643273629f0b608d5b71c5ee418f74022024ea566ef61d5216ca0"", ""353eb42d864cba638f73d7429d40a9706c41a507b519a3e9c0aa1b3ede600f40"", ""764e29058300a4f0b05afbd15aebb404c79cc9b3e59b3ef392e0a7a90d914385"", ""b00858bd8993ea1f6d1059fb13fd2f0acdbb43d49cd02101d0b2d7758db448c5""]"
PIMIENTO,MORRON,CTES.,TORO,Hortalizas,ARS,Primera,MEDIANO,ROJO/INV,2025-10-01,2416.6666666666665,kg,detail,2025-10,mean_of_daily_means_observed_days,3,3,mcba,c0bc40d6722535e63275cf9d284d4a38657dd64bf76fe90d0c206c5ba7480348,,https://ssma.magyp.gob.ar/frutas.precios.aspx,,observed_days_aggregate_not_official_monthly,"[""41fafd5643e44fb7d2f0736f11bb118efcef140cfa42a4c4d05129d3844aa958"", ""ee1b7d22d9f0a7cae415b3affe57b565ef2064e6be2ad82facfe7a6178a33f57"", ""a7bc70ba3f895a5faece8d3c43910f2db077327cfdb460708d202bcc84da025a""]"
PIMIENTO,MORRON,SALTA,PERDIDO,Hortalizas,ARS,Primera,CHICO,ROJO/INV,2025-10-01,1683.3333333333333,kg,detail,2025-10,mean_of_daily_means_observed_days,3,3,mcba,880e2e7825cc27edda36150c347c236c9aee408faf18373f1bb7da919ddb49d6,,https://ssma.magyp.gob.ar/frutas.precios.aspx,,observed_days_aggregate_not_official_monthly,"[""6c5071e96273980067ac07e60a3d058e873a78ae21699af1d2faf2ef9dbb5b8a"", ""daaaa0dd6894186659c5b7afffe63a76c27e4f408dba1e5fee123425a93860ed"", ""78268c40ed47624021d1bb2a7dbf5772efe6b1353918b2e74c1f374025552334""]"
PIMIENTO,MORRON,SALTA,PERDIDO,Hortalizas,ARS,Primera,GRANDE,ROJO/INV,2025-10-01,4883.333333333333,kg,detail,2025-10,mean_of_daily_means_observed_days,21,21,mcba,04ca4012937a0eb9fa77476c13cd464e7b45dbe440dd73b6ee0015090e7f2bcf,,https://ssma.magyp.gob.ar/frutas.precios.aspx,,observed_days_aggregate_not_official_monthly,"[""938cd37d7dd7697c4520133bed7982e6890e35b89ddf165087e1987e621ab4c0"", ""d1ca16a63d8e1a71efd1dfe292ef814a7652207247ee994d90257a1875b2208d"", ""2913c3d2c62ae7ffaef32103872fb48b0a43c08f988304f38e87eb9796514822"", ""74f856c78acfa57791d383421747b4dc3719b9844b885aaeaa2c89b2eb4d2533"", ""a5b2dc33e201dfbd23e7622471b46b02f095b4b6186ed22d1911fd8b92bc6ad8"", ""9d3b25e32344abed3bddbe1c328c6a0453c7cea1ba74473b74fbaa99ca61222b"", ""485a8d598f511062890c9b4047df8013bab7ff2ce7dee71ed0a089075b5180b2"", ""46e9a1eba61a2c64928bd65cdc664dd13bb59bd1ca45d305c1ddbf3504061114"", ""f575f672b06554960001d57e3ddaf1c9548cc3c44181b3f677362a33e74fcb77"", ""4b984ecc4bee64c0f503734e08d52bd676dee27e3ac0e66accdd968b3fe00802"", ""122aab9743262c96ad4fb575edd35b683337fbd07da1034ee4526c42fa009cf5"", ""d9d322557220f50f18c07aac95525c8f94cd40d8f7c7a11371b3eb3aa6b341e9"", ""c29493dcc86c6139b41ff8477de811f461a847ad987a6ea8de972957bbccf2fb"", ""4ef2ad86e17d721e786679a37dae11a50604b8ec30625aaef7da97ef7375f0cc"", ""b2818f8e61a3739d36336d6aac425ba13b2eaa0950d893345a8fa596fcf15a8e"", ""ee6a38c0415bd84d72ae6915103852cedcf4d3db652bda0b500a3eadc499c0da"", ""26d08030af652e8b77f46be52bd566dee9d634e3ca58bda45de0258bb813118d"", ""0d9c8d171a9ae47a0472c69fffa5f3b0c2e45e169183ad29ee2eed2b65c265f0"", ""ac6baaf1a1d04351147791c7edfb38d924637174bd2f681f6f393ccc2a74b02c"", ""7d19c33a2124ca0ca49dc9fe4484855b562115432c23284e72d18b26238bbe32"", ""2748fd3cf4a64a1ba09dba883dde337bca18e74aab89f187cde0e30e11f94627""]"
PIMIENTO,MORRON,SALTA,PERDIDO,Hortalizas,ARS,Primera,GRANDE,VDE/INV,2025-10-01,2230.9523809523807,kg,detail,2025-10,mean_of_daily_means_observed_days,21,21,mcba,3f9373e69431f6aec5864adce0a16526638719710babaffcbd50dd21cf5321a6,,https://ssma.magyp.gob.ar/frutas.precios.aspx,,observed_days_aggregate_not_official_monthly,"[""b448661ccbc0b992b102ba2a404201c590090c28ac9d046b6e07585f3f039480"", ""1f2a8d70d4184e45f87f8555a5218062c88a1faeb6c53e516c5ca3e1c92845eb"", ""fbe6b9cdd2f7c9eb2d0aba182d48153852a2def2b3daa2b60cf9f12d23d870a2"", ""9b2b28d2fd7d92d32dd3100932b43537b0cb61b5be11cf4526c1ecc0bff37168"", ""d99b3ef23e4cd00690a212aae058add64fb154960a04e9ddd3cb17bb6d847d4c"", ""9f4a74882ac5ecf43df3a1f8e050cc7ad1bd9165b247c11c58599d4287cb7f32"", ""857d8b638aac02ecae4ecf3b88b259ee7fc2c087b04a9d2f99bab44fab8d723a"", ""b461c1a237be09ea9d318786923329097bbec04023a58a923d11a3e43d44cd52"", ""8a8794e17612d502e867baa12ab52d89ef65e48aa416276ac3bb98d0c6a003d0"", ""98bde1d2a5c934dd57827cde3da46bdec3e30fb80821053faa7781f10958ee23"", ""0db192bc1adc00c961acde486770cc97831e9cc3b2c9860ab2d8ff85d513d8a3"", ""9538d1ae8b5fd86eea84219ec4349540a65a7056dc483e1f1a941c8fb3864fad"", ""c3d203fe6209b76fb2d37c2bdf43263359460516f54908fabaea55c9c114978e"", ""395c1d861c873d1570d89ce70901fc0f33881b5ac82ca7c6e3a754ab9e533588"", ""4a60e35f00c502fc365d382748e39fc5081f90be5bc2bc62eba2bf098c665692"", ""674ea25842fa5b3569fa75fb88a1969169243864cec39d345db5cd14a78f1d07"", ""864f960b1256f1ea567047082830c798b9fbde8bf654aaa0610888243a6fe895"", ""2770cb4b5f48391d6dfe0e6b54913e5a97e72b80afa2080086f1e9968d8c2abf"", ""f962c7f641c566ea01c387e3f91e9dfe701054ac1cd02d8e69fab23025d06a77"", ""dd25c1b8581f538fe1da2002016f3de742f6fe5868eb3076bb4f31941d91b038"", ""fad1ed4265a2f9c354804cf698bcd7e86e4819439982122398ae80279f4028b5""]"
PIMIENTO,MORRON,SALTA,PERDIDO,Hortalizas,ARS,Primera,MEDIANO,ROJO/INV,2025-10-01,4252.380952380952,kg,detail,2025-10,mean_of_daily_means_observed_days,21,21,mcba,cca43ecc9dd43001863e24b3fbeaa9a3dbd213d83a2584f4dce55226653a8f66,,https://ssma.magyp.gob.ar/frutas.precios.aspx,,observed_days_aggregate_not_official_monthly,"[""4af9f30583952e3bb6fece90ecf1c2e9fdc34b028d70f6f8a696db3480018230"", ""4cd04c2394f2e9f279329a99a6bc7f3bdccc67e8089af2500a62b39d375ae76f"", ""01300d3fc738e05dd0527c0bb6bfcdd16461ab5fcb6ddec5095aba2ff37be608"", ""b58812027cb6c04f26ec7cc716e909fdd1f0fb850025ada43aa748f79e9e3031"", ""cc60eaa998ee69f83311c62b58a633294441aab0870869b86ab97f107b4cb44c"", ""1dfa2c06485ecab143e0f0ff01f36aef8196b1cf20511f8ef9149036c12f8a02"", ""5229050d4f0de0e499f0361eef915b0b38726e4478e249b43b60acdd7c1a0756"", ""6ecdc4550621408db3d32591e910ef48a68fe999aa30b63cc6d64a2de1f18536"", ""84f2f9d8d7dfec7b28def42eb4ad15072891f5edee4dcb17d9459b1db975c171"", ""5256cb0f575d0e75bd9f7b001770a24219df1a9a9f5071cbe206f9a17b37ba9a"", ""f82b9b717489548dc1a557d24abac67d1323e5ce47c05fa6ea3438f9a7ddb005"", ""d1198ab76b2d503f4ec2fe03d323768a32fdbc471267809eaa026fd1f1c7fa19"", ""0b0bfd3aec3ee9a3e445e65be64c790ba2240bea18cda6a71442068958b273f4"", ""e4c6e4a0e4f65f41d8329ae9685a5007b9a15091717354e2df7e0a12f4812d48"", ""414f5d55bca62acd41568c1fca38cf5d9c730472f2fed8bc610ba5913c905ce1"", ""3a9e626c9413d18e170a20d8e6f96db372117dc16e1b4ec980987c754b9a6958"", ""e95cb17996ff28843fb6e3436e82b5254d1b7df313d705d92aad0f3fcb0f35dd"", ""5fffb89e63ba870eb595c6c214971420dbe30913f97276d7f4a366162dc973b0"", ""1af0d09b8f71faed8571e80be768c2be44910f2413e33a0261db3147b227231c"", ""a0ffdcfbf5e1254dd89fb0cd295547313849c4cc6fa26ed722274b107c4fd5cb"", ""5ff13f934cd99fb5b7a9e2ba61af4c8f4e8c4d676dbdb10d84618b3f1336f95b""]"
PIMIENTO,MORRON,SALTA,PERDIDO,Hortalizas,ARS,Primera,MEDIANO,VDE/INV,2025-10-01,1713.3333333333333,kg,detail,2025-10,mean_of_daily_means_observed_days,21,21,mcba,f99c7499e97a4d56139ae38856351432871c7ee7ef2666c7b0a0ab16c0e64ec1,,https://ssma.magyp.gob.ar/frutas.precios.aspx,,observed_days_aggregate_not_official_monthly,"[""d2da5cf2f16db888d17d566afd6e1ce546bbd7efeac530e229d090bb9eb12761"", ""1933d8b45221b491675b65a809213f99d8c57f0c743ceb489d1a7d2829938ea9"", ""689267e7da41759f7f6c6a290af7e7ea427772b1cd8ed4c1baacb19e59ffe755"", ""ed2d80a96933f075c26e191f2af591255105c6ac93e4564e40afd6d4e842a584"", ""b5818c9dcc0a913046e87acc2104c8aeadd33eeeba2e5564df2c2c5aa3f22325"", ""f55615da3321741bac53eadeb14ad9c0f85a234a1d099e68a2b25ece9f242ba5"", ""210532eecbd15914c41601fa7329b620d20baefc809d02b8b15cb54bad748f3f"", ""2e3f9dcca1e324cca3a69f94c61cddbed570fc0dec2be417b6a1bdd6c93bebbc"", ""6609bac4a4fa96028c2eeecfbe0ffad0db6b2a10f75d8aed5414f851324fbc56"", ""d546bdeeb52bbdc2c9d79235d387780ac2557a539fd61db666d295235b852c48"", ""11590309d659f05450f42b1f0b46f12a580e5122f387f67a922a11e6887c9a32"", ""072434fe1f79649a8efdfa7d49a472afd93c32b4233dc22220477c49b2192b86"", ""f19772f3d97373f8411385e4f94a0b7d8419b037e2f403acc49a53068a32f4e7"", ""8eb1f3c89ac578d04e5257474c6cdf7ee284c90228f049b6c8b6b98d055355e3"", ""8c8f375f7e27b8838a542f599123572b07ed95f6cc8c9f1ac63a73cadd593296"", ""e040b4c70288e859b182f8283a26860cc367181512ea3d67cd9086d09a8ae9e3"", ""a2e93574ec2369ba013d31a8b2f02aea648d70e7aafc89efb095b296c813289e"", ""5704e06b499377f3d2e4c042453870effc8de31705b80f984da4052f85ccbec7"", ""fa1c9590b2c54ff9d9f335c9b54a9f67c6d1426c456087dad648ebbf1a9f2b7b"", ""885b1bee81e9cc0e25af519d5d519be5c6e86377f00b63fb7c52583a86b683c1"", ""d0261b9d687e9e8c1654aa5b9633687496f72dcb8ae9474cd85684bb85f0258a""]"
PIMIENTO,VINAGRE,CTES.,TORO,Hortalizas,ARS,Primera,MEDIANO,VDE/INV,2025-10-01,2024.21875,kg,detail,2025-10,mean_of_daily_means_observed_days,16,16,mcba,b032a2010f4452b0332bc1bef8a85aed406e09417048e5d8cfc3fc13ce1ee9bf,,https://ssma.magyp.gob.ar/frutas.precios.aspx,,observed_days_aggregate_not_official_monthly,"[""2112269e75c9ec3b925594f4b6dd8f50387ff24824ddda91d45206682a5b4a51"", ""2e71ec54c4f5ba1aa30473af00efa06ede94d5dd365b1fb9d1958b3f15d6dd7a"", ""3edf63a5bb5f30a01e95b4267933cddd8e42917a80e88fb9751f224308ba16de"", ""5d37b0e84e499fca7d1e586ca9a3537b5478dabde92387b1040ce5219a902b05"", ""9e3bfcc4d82ea96f47ed6fe88a09404313f1f01c877887864d3c01c0e3dc3edf"", ""f703a8f72ad72bffaf36a71361cdbd107ce625207854ef37df34784a5542934c"", ""14f102ecfd447ad054d9e0b3252c31015584500aa6a5fc047d905ae43d921c83"", ""955bee2c6a4540961fdffd2a3263198e4cbeff34a1949dc992311ddfea72f9eb"", ""b36c96a3d9adfde662759e1300c0967fc56e5b12b7912566cee6229adf908db9"", ""43f7879f1c689f43060335681c9663fe4382615430a41a7587bbfef2f627872e"", ""0f7418cf5b75c7260caf66065c5b62ebad53d95328d6536cb554439f9e2d219a"", ""ba49d54cd96f89c82f8236e97155ded4e4c9e990f760ce2190b6c893e4c66c23"", ""eedb129768b0277e8a2d71d2b9d98ba5a880caa1374248d54a97bc1747aaf537"", ""898e27c0e3543f698debf90bd7b4ceff7f2142800becf0dcfa4b2057a1e36883"", ""8db3908fe7dfb3ba8d3c03809eac814c2368fecfb357110f51456e355efe469b"", ""b96e772ac6501dce35570fa5ef47232ea9253deb03db1049f62ec4cbfc61cec8""]"
PITAHAYA,,ECUADOR,CAJA,Frutas,ARS,Elegido,GRANEL,,2025-10-01,15200.0,kg,detail,2025-10,mean_of_daily_means_observed_days,21,21,mcba,777b0a5afb74d7b4ae81de3ed436eba89075166ee06d3fee4cf5b291a28f98fa,,https://ssma.magyp.gob.ar/frutas.precios.aspx,,observed_days_aggregate_not_official_monthly,"[""d234a7bcee97de4bb7d6a13d46d8e8b5beeb0e065da338ea7edf601bc267d63e"", ""6fbfc1c365038a44bd8b649434ffe749e7a671cecc1647436d61a6f9e03ffe48"", ""769f020f45d9f7212b8a42c9a03da87198289a84bee3bf6404a428713dbbc13f"", ""2d06ebfce02edf16330b672396f4fc7165c9a64c0441786f8decbb510827240a"", ""46bd11c405bfdfcdfe0d02c71865c142f0d979dc7457f29955d9fa7dd90bfa4a"", ""5e5abd514285d036dcd175465fb820705d7ce90b3a01112fa53251f9a0ed7c25"", ""bcccca3e0a3c343253530d38b142cee59c5ba3c58c13371df451a5efde1d9668"", ""e73434dfae299af83533e999a1424bd1a711bcde6af79dc4f3392af475e841f1"", ""9e25bb705bc9f4d07e617d050047a76891a073d73977142bccd28367aa418a12"", ""57cf3c2e0c573b87090e576e2d686f793fddbe101e4c4c1e8b594d6133cccb2b"", ""fe5bcdac76f535c08bf18558c5cb4b6a0aa7e0cbc25af92fc2533c6ec94327f5"", ""9df48f36498998488cb5bc74c6b4cebbd2804d9ab16c82e701d3bf324c0d606d"", ""4ea372b151380e549e8d7c2865717a296fa144fb078b71c7d78e5397b9caadf8"", ""9f28c003bbb3260bcc6c9905f0b54c4ae34a73a65962026e7921ec7759269761"", ""055276d1577ccd61bb5cb2654f7e5fb701a00af0f5c67af95b9afbaa33572070"", ""316354b175f8c1d79281900cfe14883de333835ac7f8b28031f4444775489ce7"", ""1172bdc4b0a22329205a10b40315fac193b98bfe986364a535afa27f4a15903b"", ""1b64709ea42aacce31e61606d8614c5dbf196d91cd7aa04463569cf15fe9bd77"", ""676503edf6274262a8d66f7e89acf19dbe51239527f3cccdfaa722116988325e"", ""54deff400bf12dc71534d96af8114547778332b242ff5db43f4c437983ad22e9"", ""1a21f58af1d06f79bf583cb4c82454f060d43c6a1947b6c498f83c1806f0930e""]"
PLATANO,,ECUADOR,CAJA,Frutas,ARS,Elegido,GRANDE,,2025-10-01,2846.560476190476,kg,detail,2025-10,mean_of_daily_means_observed_days,21,21,mcba,780550325f52daf3401ec862e2ae99fc3177734a26d3562e02bf69d3499b79e2,,https://ssma.magyp.gob.ar/frutas.precios.aspx,,observed_days_aggregate_not_official_monthly,"[""437808bac49951bf0d7ad64d4fe23fd8fd02666d4656663fc33e1d62e1086a40"", ""99480e1907605b5617972b7167b21168765472fcd07a014b586b59ddf6e043c4"", ""67ab7ada198b593c64cc9a2076cff23e5e32d43b02211dfd246db1e9c7d1640f"", ""9f9445799816e5e5cab5fefc542f0bc9760d95801bce2474c97ffa481c05bfe0"", ""a60aa1d7ce5cc6f861cdac4bdee831946661ee0d05a00ba49c06eee1da3dcbbd"", ""f54d037d4cad38e10412ba01433f954e640d1cd92e4751f36a499ecc673281d7"", ""e97b231b7e1520d4e11cd596af2ea4418ce2aa517e4640c4be70d7b24de6a6a7"", ""d8893171f86763716d54e9faa6cd3292d9f9245ae76d216b991c949a015e87c0"", ""4e53d3ca575f3e38efefe28961780bae10b75a354641ef74897e9580ebd99259"", ""df16d333a1108e6271f3d64fc019c881290341b72e3ae75d84a37368596872c6"", ""676964fa7738d41d79514baaa5528e5a4e40500b9bf50096905bfd332b456b76"", ""fe8e1b7392f773327445906fda338a4be45a5c22d8477483173687e2c1a3049d"", ""4a902a4a82beb41b577827e36ad32c0a7622d78fe0e8197ceaf295bae4132b93"", ""0ab0ab500afffa98832bfc68733f0c8557aea4f01ed744279a6cce0b77faaf1a"", ""5ca1c4921e0571dde83c8e31fa90718792e330c40ce186dc8e993195ca86f903"", ""441e555ab74d363fa440cfbf32f18543214c4b7ea70142ada09224f8d947da0c"", ""8f444ed06c51a6d706baba1142926aa96f9908938d3965c805e6e9cdefa3a069"", ""cf0a74c8dc16a3e670e1ea172db55c250912fd23e8ef5038530a7fc7866c669e"", ""e302ede949ffbb5a42ea7479d0d6e58ca5e0e69a7736ff7132a5aaf328539256"", ""56f89865a860c3e691e800700acca3cf0e26f6c9fff55fa53ff040026f86bf67"", ""315f736c77fff1b57ef006f7e3a54b86c60b20a87f4d4ff154295a1faaf1e5a8""]"
POMELO,MARSH.SEED,E. RIOS,PERDIDO,Frutas,ARS,Elegido,048/066,,2025-10-01,670.3726666666666,kg,detail,2025-10,mean_of_daily_means_observed_days,15,15,mcba,6d0a03b3734d91ddde294fdb7b6ca2ddf4d823f7cbc9c0272ef8ab3789755cca,,https://ssma.magyp.gob.ar/frutas.precios.aspx,,observed_days_aggregate_not_official_monthly,"[""a364b7c42606393bc0e95e6a7966cc96e8af503f49a7687c781c63d1cb30cd07"", ""883509ccaa44bbae711e230d3b9d1d623be7032c7cd6299b1dbf559f1871311c"", ""354ab72e9978062882afb3a6562e5e57a2af450eb28e836a3ff7fe920bc538f7"", ""5b6ebd0ce8c5f5ac28924a1f7f6d58268d77b7d05e4876c10f4659362b5b8e82"", ""72085705cd049637e7cdcf140d200c9376726ce58d1e8bb51a0d0bcce50ba037"", ""cec0e68ae05b8ae78a0f2833a41d3780be69f0277838e607633ec93f974d3b26"", ""eee33c1bb9e222fb3d05698e7b62fc3c16abef19e707bada3613285be921f559"", ""e7535dde59fd7e87633b17ddaf1d58a3aacb01f99689dcd5464ff270688285fc"", ""429e72a19439dfabea25e15117e7adfc91ea577221cf544e46d37bf513a882ec"", ""2866aa9a04af1ef3c061c48d515c1047199dbf9f47b3dffa26279311cac86948"", ""53c0af1601fd7bd159a9a6db20b3e06928f1794f146226557f7fe2f040742740"", ""493e753a96550ce782dca43b48ed1fb07773260554973793c95b6426d42475ea"", ""7af140969e7024ab4593c53b26c4e2ae40c8f344b3e1a63d67a5f95d9f206c0f"", ""f8b2ce8ff5e623c8223a5f149f9a799147bf5694ac7760574bb3998bd465ad1b"", ""9c6e0c307e2daee070ef186654e0d2cd0d504e7808310b6f9f67c254a4b25eb0""]"
POMELO,RUBY RED,E. RIOS,PERDIDO,Frutas,ARS,Elegido,070/090,,2025-10-01,777.7780952380953,kg,detail,2025-10,mean_of_daily_means_observed_days,21,21,mcba,105cda21d40c5831b6de40621867c0d8fd0c408d990a5e7c390cfcb2a88f26b8,,https://ssma.magyp.gob.ar/frutas.precios.aspx,,observed_days_aggregate_not_official_monthly,"[""0da79b37d0e9e8429996ab25494821cdc1f38aa1e05880b801984ba88ef824a7"", ""fb4052ddf3a6103e5bd59806e4785182ea45fed4789dc16bfcbdd0753328b395"", ""c64cdf61748571123f4f73708efc729f325de5e7dccf4b079f87c4f279fcbcc0"", ""8814172bcb69bc20e395274a7cd1d30dc3541c795adf6bf3df810dc839ada6c5"", ""40997265de29b433452b0ad21a270f3d596d6751c4d87a2a48509152023048a3"", ""9fcca7d8e54f3d48c55edf1485a0931845f73582b459f96c23650f5285a351d7"", ""14a5e17e795302690c05d60d0cdc156130f5159a5920b46ffb659c4e4c5e802a"", ""27cddce57a905c8cfe2924ad4a2524fc9dad1b64df649688319fb08e356af2fa"", ""3a8eea73da91b036dbf3a5bdf72aa80c4c474e7bb47d31762d915f69a25665dc"", ""77d21217153137a07a91ffb2f964256f11291ec2f4c40964e90c2ccc8afe7dad"", ""4d7e9020354a5e068673d1d9b9ce71ee0b1f4d7166c4ddd60a7e9be47e904df5"", ""b6f3548326a6ed785246e0015e4fcde6bdc90374fb9b627d10619bd6f3f5228b"", ""83fc9c7c55fbb09708af856c189695e712d1d7b7f13b613d0512f79cb1f1508a"", ""31888d1e1731f856cf4ba46f2c04a98d93a4d762aa32999062d9d023979e939c"", ""e0cb745831af6a0e86187698259f0f7bf3d7e130ceb91b056c3297f57ccef7e5"", ""5cf7ff12bd23ce897eb70a22e670e34997ec0fdfd8048ccdfca4cc40e2acd911"", ""df6d1e6a4acc89734ff33f02e82d6f246a5e7f710878ac22673860a5d7cb1992"", ""5676b36d813e98dd7de346271e80dfe8ccee289f4ba075a80d8dce17fe13e291"", ""0141baddc65070a9f0e2c3d9816140d169f5f98ec524fc01ed7a984260a6d75e"", ""ce862dbb60e3a67c9240cb4883fc564505295cdcf77864ca8e69d7ed2a3e92df"", ""45586184a7b9e316f33ddbb4ebcd8c2901b331913efe655a343fb35d6c11953b""]"
POMELO,STAR RUBY,E. RIOS,PERDIDO,Frutas,ARS,Elegido,050/070,,2025-10-01,849.2066666666667,kg,detail,2025-10,mean_of_daily_means_observed_days,21,21,mcba,3bf587529db8e9d9696612dd0dfad8159ffbabf50e621639a6e7c39c3529b475,,https://ssma.magyp.gob.ar/frutas.precios.aspx,,observed_days_aggregate_not_official_monthly,"[""80201547cb9db64d3aadfb4316a88432edc8cdcd070293f116404f37db01ea34"", ""cd9eb01d3d79575767839faa2d47c6c0c0ae3f3731f1e6fef670c95a1a961c4f"", ""d707b2f616b6f0385288e2e876a754a25366764c65c896dcd8bd142071882ade"", ""dee7fa5455f29ddf71fdda7bf686d138aa9833edcfd987b0086f105ddbe2a45c"", ""fe2199438488f34c127473d20358b37b5bab0c67448993457b55b9281802cd08"", ""67870bbb3834cea41cd1c0a98ef2874731fe69aaf05af3ae4eebd9888a53277a"", ""0e7492286363eb1d0ac2e6e8478e80011679ed1cb34cdff8ff232ed666d757de"", ""1d36930f0afd1c9534922f94830ae89ce8a4128c30ef06b459b3e2ddd62627eb"", ""7eae684f7a038e64db5b35e09c9bb899f72886dd03476859c9c9e7cd8b236415"", ""3b7845e097fa189b7f26c8ee88d66ffdb6bb3d5c8531fe8ee545a61dff96fd65"", ""9784f8612c3a47eebf0e1cb88bc9cbd927469240d141e64e1ad6c8c88633151d"", ""e28f1eae8f3cb4e42ccd88409153937d0e75aaac2a49072b785cef69cf5bca3f"", ""e774844ba94dff83b7c17e8a2317dc65a3855a701c6a053d9d08bcc792f5abb8"", ""b3a513252ec58ccc386fc01aee8307ecca04b407c9e1cb281bf437d3d488a3b3"", ""458138c9ac47462cec20520283f7ca230ef6a2cb0ac9d5ae04410d713a52ddaf"", ""e77c39d123014b063991f0962faaf458edb607f01e29d2ba65616b71f02f4ddb"", ""975290f23085b7947800017215a9cc7b697b19f0e492a79b615cacd96cef5152"", ""67db538b48e19403e28beeae16599a3144f8dc8f14e23ebe453894d29d36df8a"", ""6ee6dda9a801216226e9e8e540ca6d603f3386dd2ad465ab67ed3d4a5cb02a76"", ""15755593beb0be40ee314873ae26bc1bd4a2273cbf879ca6521685f624b1a747"", ""4dabb22578fe44e7daee6e62b0d3edf925f3a62c821b07d4ac5389fafc803808""]"
POMELO,STAR RUBY,SALTA,PERDIDO,Frutas,ARS,Elegido,056/070,,2025-10-01,997.3542857142858,kg,detail,2025-10,mean_of_daily_means_observed_days,21,21,mcba,2659b83ae5d17b23bee13da15c419ef659f85885f97b29f17cbf500dd51db6d6,,https://ssma.magyp.gob.ar/frutas.precios.aspx,,observed_days_aggregate_not_official_monthly,"[""35c793ab93171d2253ba4b1b0fcdd0102dea477f676971fc9097b6f2607eca8d"", ""d905b892021e8fcade53c5d9a2704305ebd2e0d3622d548770ab151213b46785"", ""295bccc2c42e24e752a8af22c8d2a901462ac7a225353d9ccf1006e76ae13d9f"", ""35d5f1ed44c65f17a13a17b472df860a018faf71238a8c66e950ba554231bc58"", ""c4ac279e1a5b3981c22c79db9d9edb7f8137ff22f2c3a6f1448d8cdfe834f446"", ""22f08ed4d44ab3b4365a400c954f80f446fa2c03c0f361e62413e68e194096b5"", ""d037dab7b771e2e5f246e776ca07243d4f33a1bd75fab38dbb240a588326287b"", ""8b641b78d1d73830467178082b22428b8f7803d3f8d4eff3939545d31a3fa65f"", ""3e0ca35c4f87e9b8c54260f07737fc9130c7f29b0f8c7ac4dffeeb2a45e53126"", ""01d063b9562a2e1386531f6309f8bb75149438c6f4d9a352e216a07ae04e9e11"", ""e6b3ba64ddc6f22727e248dadfc7880075f2e5238c8798783e0ae0a3ad6413e9"", ""5ff9c3c017386a954a72d163a03c5a7121e28751e8c2d1cfacf8a468a6f01aeb"", ""8aa73eac07559ee636f9ac1038677d86c7cc46e13f2d4053ece15b9de6b1c673"", ""238728f3e4925031ae492296751edd1cf20d6c04b4b389809159938159052bc6"", ""1725f20d1647f427400a28455eb560a90c7b755feb4df245659045e1296b6608"", ""46c1f328a219ff19d3f37d2949a68fd4c953d87556912a78e901ea21ea7356ff"", ""aea3f74e36dc9da748e6693329c7c116fd8ba931c3aac988203910a90613b11d"", ""48c817b476e9245e8a2e23e8ba5cec49e3322c83ae7ebd39a767bddab0372535"", ""e72667bb77ca990304b447ea154dc06c20016861d5af46962fa3fc31a6cdf1e7"", ""a20414d3bea63a7b843b83792f79c0ddff2095ca7c7d39334b638276b1528160"", ""2489f9f6bb2e39b60696a2a4a1f4c6e67bfb42c992aa53619ddacbbd0bab4939""]"
POMELO,STAR RUBY,TUCUMAN,CAJA,Frutas,ARS,Elegido,050/070,,2025-10-01,1079.3642857142856,kg,detail,2025-10,mean_of_daily_means_observed_days,21,21,mcba,74f57c0420361e1c50a8ac83c73dd63ecc7c7fcd065de908f02dd45021a29b26,,https://ssma.magyp.gob.ar/frutas.precios.aspx,,observed_days_aggregate_not_official_monthly,"[""fe54b31a64cef24d3d16fd9288e7d10057d510e4382bfdf93537624008797de9"", ""ec3a772f0e2e42139794a0d4fb1c5406027d901115358d24b14b5b1b13528566"", ""68c4af503a979dbfc762251ff2b101d1f3451ec437e54568e7a65b5b37f3b99f"", ""8c935399069d4bcc6aa2588cfdd2b70558a8537b25a1aead41ef4873240832ea"", ""f9e4188eb40b0eac4a28dfb1aaab97c58d29181ec87bb50258a747199baceaa3"", ""35babdfbb2f7379272011576462d58b60844e0a2503660f8d9e3073cc7f9fc48"", ""5c46d0415eec3589284a41abc4cea264620344f5c9d1a6cd8b837643a9dc435b"", ""7ba158dfa5843d598cf1f43ee864239626dcdb3cdf08e437e77fc757aef9f3b9"", ""bb8195c130c3689a2defd7d911e23a92f1170d704ba37c46471c9ddd7fde4c46"", ""dc2f87e85aee30b2db12588ce2ec81da37f1d77faa07d799729d98721d73af9f"", ""3c33953f7c7194fd538800e26535fdbcc7bff22da712aff83fee48f3d67cb0ac"", ""6c0fe5a7102fcfc38c40e443ee486e0b05b8a26fb30433d86dd58d0b171a6404"", ""7926c109bbe0e10708f0b109c38e8d6206971b23494743d95b739f837387cdd6"", ""84fcaa668cf4a18df01321fddd9ea3367eeecf81cd490c2eebb4fd7a78882252"", ""a538dcfbb92c14f4906065d1662f385d46bbabc71da377f9583470aa70751270"", ""65190954cf1a544335a8609903319b26f5b066f3fd5db9dcf413a8b504a7b551"", ""f867a5b7cd09391b8fd0be6c9a3d21b30d280d4be4e70af1c4e7e39a65890832"", ""599a02337459a9e8770f6fdb4a3a19199611871816a583fc8f04d183bde35d5c"", ""9ccf20839eca0a02e8ce9f5237dbab2871275ec32ebcc885021fa70e8f02728b"", ""1f1a8ccd1f8d76cf1265dfc8c29a35571fffa76182802a4f4fcfd40c2c40a0e5"", ""e200c7be8982889494856349eb7f0a0c59f1d2e9c82e3a743c07978852bcc68a""]"
PUERRO,,BS. AS.,ATADO,Hortalizas,ARS,Primera,MEDIANO,,2025-10-01,1500.0,kg,detail,2025-10,mean_of_daily_means_observed_days,21,21,mcba,9ecc8dc03aa115e1c434387ed60fa1fe7325adc380d0d164922232f6f383a790,,https://ssma.magyp.gob.ar/frutas.precios.aspx,,observed_days_aggregate_not_official_monthly,"[""2ba34d9bebdcb59065a3575ad0a74aaa7804d2a21a1484d0453dba3d200fc5a9"", ""6d622abf7d3e5f72e6a0fbdf27d5290354ffeb397cf4edd88b47b3a028eb18ac"", ""1896494d2b1a3c01224cd4fc66de75930f51b2cb93d544f161ebc69b4a437cb0"", ""0e03fdbf332cbce44cf397093c7d697586679e27aa5d5a3fa46e7d0dfb667157"", ""db6fb3701111fb0f2fc6598dc9b313ec2c4aa3cdd2ed445772eb2213e90e128c"", ""19b03558c5e2eab1699a4ce789ce4d123bc6a071c2d5e311c5da1739a4db4092"", ""3b998c94fd31be7be0210a5a938ae76e121d7d2bde957a6cac08eb9b70912439"", ""2527fa2a49cc01db57187d9b0f27b44af71c10b2aa09f55ec952df5d0fee436b"", ""c93d6561c3abb3cb0afc17271de163d42d2a01d19f97a07c0a0558883b18793f"", ""4938cb42090ae5806a08cc049da3173bf93ee8dc7f7e90278953923b65825d0d"", ""52c5ea69b9aaf1723d25d2b2e08a68edc51251520047a3d5822df2b31d7b8f26"", ""4fc778ee24dbc16a90dc6e14a0943c4f7597bf169765e5dc8e45b6de3353f578"", ""4ddebcbaf30baa04a10bd2440d5cfa97cd25c0498253ce67f6a0167b66d6d570"", ""b6f74a1fc40e22e91599beb65ae38bd7ccdaa998231f3ed1d3ed17c248e513df"", ""e7e7577e844f53360cf518a16804136bb96b5322f131be357e85a44327d5bb38"", ""360ed64bdd4673d578ef7b44a1941ae8fa9fb7a70805ed0f44ea43263d1bdc68"", ""f8d77fe1ed5c43a2666e6d25a3926af9c3988c94cb1011f0bace6efeb7130042"", ""6f4a047cc382f990f0f1895dc2f912ebe4fd08cf4b65502cf400eed555b42120"", ""dcf9a6769eeeb339afc40d3991ab06ff84b88bc793fa1fcba11c097af58e74da"", ""400f49bab09cec9feab467e0fdc7daf3b17c3a7071bb331d488b1565f9b30cc6"", ""fe6b9e0e7a111e8f5913095c3937f24372241846152cabc37721a2ad566b25da""]"
PUERRO,,BS. AS.,JAULA,Hortalizas,ARS,Primera,MEDIANO,,2025-10-01,1211.904761904762,kg,detail,2025-10,mean_of_daily_means_observed_days,21,21,mcba,bb35d72cadab8831fca9618ae464f397d21898933d47b228df2d17f2e9b23be0,,https://ssma.magyp.gob.ar/frutas.precios.aspx,,observed_days_aggregate_not_official_monthly,"[""7334ee773c168ec030768eb7f304ccb31dba32b28cf392d8dea638c6d59d185f"", ""d400d87a3ca1ebfa6f7d79999e3324fcda21ed4bfa5027de4a1760b27498cf5b"", ""b14271c9a1c1c792e9625594e290261fa7d30d7aca0dd32990f27455bd44694d"", ""616746b27e5a518b60bc8f341d86b7dbc2c1873b9e4889fdf0d33bfc0c201d93"", ""9370c66475c53ee09074ea40dceea8b3cef6747d04b4041855fa6fa976af0e7a"", ""1d6968c29fbfeaade19150270fc5d34692008fa6b73d4126b1e24ddbc905e6b0"", ""fa3491ac7b7e4f61b529d23a50ccff48d3d55ca82c6a2a10459ff5e847a7eb34"", ""fd95c8dddce56ef7e56a6a8445e25cd72c1f45dc449b160a1b0c14c9599d8301"", ""632d2ffbc4e92d96a99e4bec8ff2178faa661b7c14cb4574b9189abe34ce02f3"", ""e7060a5651a96a4573c17767a35dd1fba88a5ddb52de4212a6a95023a6659f4c"", ""ce1cf298d6ce5d8dcfdd8bd959f2d412f03c318080618bec7f2c22afba881e8d"", ""2907237dd76490f17604f9f46358a8e1fddd4961d9869be42237afa833deb43c"", ""d9d231f01b4959d7fbeac15fa0055de82a23500e9bdf4d5c14c53318711bb50b"", ""06a73c6a0bc29272cc17603b3a7d0dd1fe9d5c158d77fcbd6dcc31c34e25d45c"", ""98a7582c3f7c5c9e4d20d394daaa9ce9a81346e860a9ffe51815eaf81d1077b5"", ""4ce11cfbf077836d71278864087d9d761648f670120175911fea364a1dc09330"", ""67b172adeaa2dafb7cacccd6be062dedd85017ef30eefa0c0c48b5ec9f83a054"", ""c09c87dde54d8af538f4f6483486dc7be96f59219538b07cf77dbc4646596818"", ""93efedaa06641a0d64309bdbc50f10fc39881f3eccea9be63f4df043d5e79cc0"", ""2b147f3d4ca6c940a45894a853bc71e14320038fab154fb0506f664661f030b7"", ""f4262983563a27d8db353cd0c2c7ca15cd2a4c636fd0e9dab09f1d9c13224648""]"
RABANITO,,BS. AS.,TORITO,Hortalizas,ARS,Primera,,,2025-10-01,1564.7619047619048,kg,detail,2025-10,mean_of_daily_means_observed_days,21,21,mcba,a5c69af799ddd809425f62ec467c4ec83a9bab81429391fe85fa3f350294aca3,,https://ssma.magyp.gob.ar/frutas.precios.aspx,,observed_days_aggregate_not_official_monthly,"[""951cf5100147bb805bbea4a94afa8f93d1ebe9348303aa83f199dc762b899f49"", ""453755ccb6cb1c7d9f4e172256aa0b83cd83e25b381bad05c72da791161513aa"", ""843fad3b8f420234875fa718e29a4b84ee2fcf9609970c9e61e59419a463fdfb"", ""ef242ec2d8e5384e5037de0381c27d734f9d75486315dee66e10a1582a2a9ffe"", ""a2ca5f1cffacb216857366da5455739c4a204920e8eb855a445d517b2dce3984"", ""594d38ed857fd01e9441822ac4379d9d7f48bcd701dca3851d997362f41bd22a"", ""c1df06fff1807e798200c2d55c99be775a86f3ae4aaa10257d944d38315d49a5"", ""fb10f6ce07e73371ebd00a2d7165ae08f191cc76468fff263c756d1d49f1d69f"", ""909fc619960acefab16fe5ced05286795a971694c4d0ae38cc501869b655a25a"", ""870d8b0b7c8e9ce11f016d7a719a8ecddca6966eb781cddf24adc65a66031a42"", ""ac08e1f6fcc8af8511a4a4b21fa71911e0b06217501451a639098794ca4e6f29"", ""0cef9bde309ef5283910161598485d8743b8917a3a2ae20bcf080c260c08a587"", ""4fcb799de871575ee31c76f2e6c8b48f3efb7d630f2c3009c61c5e6ba7c1cd58"", ""ef38bd25211589ef8699707be50a4a13b8ece99f72baf75a880114dcabd3e150"", ""34cc94428741665a2fbb13907dbf73b1cb06b5a59b466bc21d635a58dfbc05e5"", ""926fc2c0726cbb6f974b09eef74e05b1ea83a083a19c3eb4ced9f302b525ea67"", ""546509c01f120b5bf44337333f8fc2434bd259caffa35edc5493f8e4fce24147"", ""0554a24a726bceb3316d17bb9479df4976ee64891756e47b50bc461816b03d92"", ""81df804394c7d625f30132b19842e4ed9771ee041b03866aea1ecc9ea2224a23"", ""8079002945d1b2bf7595e5236e30b3bafc6cf798f5e9e6be54a0ae76361d0be3"", ""0bc9f10e4950c9a1c1493f0dffc747747af012483f4b920ddfc54eda9730d56a""]"
RADICCHIO,,BS. AS.,BANDEJA,Hortalizas,ARS,Primera,MEDIANO,,2025-10-01,7161.9047619047615,kg,detail,2025-10,mean_of_daily_means_observed_days,21,21,mcba,131efb6d172860424f7239772707b2e461d5ba958df2aad10a71bfcc78661843,,https://ssma.magyp.gob.ar/frutas.precios.aspx,,observed_days_aggregate_not_official_monthly,"[""341f4d9f003bf23486f78dbbd55e65348c852c4f8dd0aa1a70f1c54af539f171"", ""60bf485feaccff40299f88014d0b66d5865b023c660a629915f6ce96132c2072"", ""e69a741d45ecdac6d5cc68703da8fdd8196a86fe8b4ec4c5eb5d17f800e78f9c"", ""17c941e752bd76a9a374aba960c36cd07580fbe3fb86e6e913310d392e05dab1"", ""58a049c170a8bf57f0b098b94ec5443742b500ce37b3e3654e2f56ff16c6cce2"", ""438780f856a56edbb0b7d731f092c694143c8a960206a541331923107ee7a9d5"", ""a072948e6ae586565b3ce6f734e358919f12144d76e90683dd370ba3956b0c04"", ""8e2f2e9b590ec6a385c8ddde9c0ce4d8c57cd97a25a8a59acb3e34c04915002d"", ""c453b2636afe1506dae27650fb1b88f2e1c6b1093719a2e3a3dfb25b71f50eb9"", ""128098fa0e958548cbc8a939e8d2d0c73cfef6a85aad81ed2cfdaa14e5748066"", ""0758051df3a4e946ceb37470d5319c872d447a8d77868fac4a5d8e33acb0ab8b"", ""d1f3adcee9469279c95cd1f048e41b2902eb5c98d87383858d1145f38a6c1890"", ""96242e47115b9cc0a923724ce998c6aa7b3ac02c57d7b1830575042eff74eb45"", ""63642d432df0a6f6fd12621676a0f8e690b62df4a376e7167d8d6c957e8429d3"", ""6a0dafb750ee67283b44af86ba8ee72052a9ffce0c576f6b994abc3748d7c695"", ""9e61438e168863e784517b70e1921cf41d12f02ccaab22e2d83f993eae38703c"", ""3d8bb25a8af85523596eb2aaa1eb6e7454fdcf1e15461ee6e13cd8dc00dc3027"", ""b17c8ea1abec7f2a56a143246615434d8f0e9bf86f9965eb7907da74f3dc2127"", ""1b2709b032485268745cf49090f99b3aa1765ed2647684b5e158c9443dc37a27"", ""a259afa209ba89bd001c7ddcd702bb03495bf6be85601c041ec947a9ed8d5b07"", ""29ec92d304834f084de5f19185a39c9c0a9f568694ea63eeea9cefe8d9ec86a3""]"
RADICHETA,1ER.CORTE,BS. AS.,BANDEJA,Hortalizas,ARS,Primera,,,2025-10-01,1514.2857142857142,kg,detail,2025-10,mean_of_daily_means_observed_days,21,21,mcba,0b194509a02dd4cc435ead69a960f4f8000d1cbfcde9abbe8a72f63a1dd58edf,,https://ssma.magyp.gob.ar/frutas.precios.aspx,,observed_days_aggregate_not_official_monthly,"[""a014515726ecdd2bdb699f7314705ba10327df64098643362ffb6ae51306daf2"", ""0ed807a5cd4ba3fe588a8e6287e8958335318db763ea7e821cc5c78b3938bda9"", ""3f61b481b8c654af26e9366146c238812b2fe0c15dcb7ac8bfd8b1134a8efaa9"", ""7df1edf0c38f0a885b03d807d94cacd81e39337672a5952ecdc1df2292ad3271"", ""3db3d07641f11d6daf797694082c6a6c60bd63b827c8f8e816d1eedb327d973e"", ""b4e1c1a013ab66e23ffe01b349a43c92e27e41ac173c8abc6d8e84db466d632d"", ""7375bd57d724b0edde60453ffdaf13ce9c442e001c6afb910880c46c5ea378af"", ""26ee9b5adaa4b06ca3ec9ea6d309117e9694370ddb4fb72a9ab4930ed94aef57"", ""5d1bc3bdba7b83498cfd74e9d2ba8afc92bcd2eb334ebb7500ea1f09ee43a683"", ""c8670986f658bf16706d01fc7295189114f548b8529495502659a06ba683739a"", ""d2d466c75a8c2d5574d565cfb101c84895b993f80b2d24e66bc5f5068e297376"", ""2a71f81e1b296c8bcf02f8813734b41b47ce94486c781ea6d61b88ad93eb250c"", ""956a6b8ddab0f61ea930db39de518a40a68e904c38e2ba908ad12f84318326b0"", ""2d8828c1ff7b6a049141895618b81b1e85d43b0b0b0aee9a970e0a0a6551185e"", ""7529bb143b0492e36c1d9232247a57a74681df89fe8f7024199a7d0c92bc7958"", ""14d4bf915c8f1751f6f49aafcea264b4f9c376d4292e872ee802f7091ea6af02"", ""63b02c77e1232159be6b6d8fea8dd8895db323a12d87f550f8b6c595d471687a"", ""a7b6582309b4948b3aed097ae45762248fef9f8534683a1e8b441c7948f302f6"", ""00f03ad1a9c4ffacb938495fd1da06e34f65c05900c3736569da3fce6813629c"", ""8e64a1e8792eaea050eed90d7f66033a283938f6ea002e154fe2183bdcad5263"", ""3e9315546b8f6f0eea6c3a9962a22bdd39d1728a87cc779b49864811b742467e""]"
RADICHETA,2DO.CORTE,BS. AS.,BANDEJA,Hortalizas,ARS,Primera,,,2025-10-01,906.3490476190476,kg,detail,2025-10,mean_of_daily_means_observed_days,21,21,mcba,8aa0a4cf31951bdc262d7faeab52ee4f839d9383fde66c97493da91d34533b18,,https://ssma.magyp.gob.ar/frutas.precios.aspx,,observed_days_aggregate_not_official_monthly,"[""40deb07855f9114436f32c8c1f18d2886e60d53adfefefc48418ada662003024"", ""fe1784b796c59a5308be621d80cf2c1575b05f771b3dac625745d61e54c34319"", ""bcd564cc7a8f5b85919bb4891cf36e40a0848a9a4d681f8a5616fbdeede9333f"", ""76f37599fc2b69b71d8e7fe95ab19c8e137e1c3d3e0f9c925a7eff17f7d6406c"", ""b391fc3bb70874bdcb24613260587037fd103f2c99cfceaf3d89b15e3d0440e1"", ""3db04e1d48ad6440e4eba08681cabc2a62d984733f1f56301921c530ce088a14"", ""bec4fce94b28586618e8b66bdd7e6fcda51cd756d76c0032cfa658bc2e9eb1ae"", ""836c4aa5b40a03e6c8e707cd8a5cc97663a2cbb878577b1459a6ea2613cb2530"", ""19794955ce568927bfebd9b7d1a0ceeaa617e2b4183c15a57e997ab7c2547ee8"", ""29053cbde28cd6bef64b6b9082e61290992db827ccf48ffc800372794e558461"", ""064222431cd0319c9774c385f835f75fa1fd18a437bda43816e701e47f2078b9"", ""38a2125a521bc55c989708573eec518572c61caaffe4a3c683ff2c3f95396493"", ""9c130e65a42286083df4557cf1982cde034e474981a6ba78cac06285db7334e3"", ""1d0f7f87f978af693f8885e1054d2aa5eca9a815db8af256954f471857f5bb25"", ""0158892c1ea2bae13dd1d7fc44dbbde6c4305b20d642152d9a66e9c6dd0c7b8e"", ""a424611e4610775fd8582839156547395d0c0c2ce9bac3d940e77729f6ad22da"", ""6dfd03fa8d9016e30cb07c914added3d8005267c0be8dfb00839cc4d4c89395f"", ""f67120c22fdbc9fa5aaadfc82f0061df8e117895f383081f6f6c00381ddebfad"", ""b4ad61d3baf5a1368b65a3c08239f0552379275a2946559d103ea9d343c09973"", ""c9e04aaad24d11f1387ce675b537b8ff2be727dc208de710076db29cd6a27c95"", ""f7f6ed064495bc567c54fa024409413edb7bbecd747cd1f324c80467474ab370""]"
REMOLACHA,,BS. AS.,BOLSA,Hortalizas,ARS,Primera,MEDIANO,,2025-10-01,718.0952380952381,kg,detail,2025-10,mean_of_daily_means_observed_days,21,21,mcba,9a5727150eef74449b926141c3591dfe121842b6b93356e70a38b5e1e46ab837,,https://ssma.magyp.gob.ar/frutas.precios.aspx,,observed_days_aggregate_not_official_monthly,"[""5424154748a1ddb383877312777b6d150557b38451911eaff6c39bd6e30589e3"", ""ecbf7a59a5a875e21926d6249ccc78e17fa7e175a7750f30d4ee99316a7a0b0f"", ""b53c8048e64bdac0a61d1b83e19184f24119d1634b5437440153352c7aa5ffa4"", ""27b651c887f5804f8f03151a39467034537ace427d695ad31dfb10fa4eee1868"", ""696220bbc44e3d8f41bd4c1e386f7dfb10e0c1ccf8686f62cae3b0484cb914d2"", ""19542fcfc8b2b107a8f73162e9a75cbbfa4052939568c7135525f38bb004d66a"", ""c8ec566bfd904554a85a4397fffab08921bf62eea69b0e9b33f0c68eaa331d5a"", ""b69240aca4d920a6cfea7cb67f5ee639c2d652eee6fb0e812c3bd73901c0bcee"", ""e7a46ecd491c4942ddef68b17bdad70469ef2c99edfe6b95c4a15114cb84fc98"", ""de4b6faf2ebd5ab4b7bd36a1857334379e115a11cfcc566d65a6c5c743ad752e"", ""7653275b28fd7553e406880615934eed8fbf9a51f3dd5dca62cb1551e6c21d60"", ""2aced253b215075b1607e540d464269f37e36b75fd0de97a8840454cc29575a9"", ""803883c2f06b803b0e45729de8a39f67d8427a490489307d908b90252433ae9b"", ""f527336cd18ae466a5904c5158fb73af3a3d852854e1ce2d8bbde62f0b7a294c"", ""c2cee5331b2faab0ed02143785ca595f94ec41718d08d66dd7badddf0a9d4823"", ""ae4085e28bea89ac6388d3dc69d5666bdd2db5d34a43945ae0260b334d158122"", ""46a272d427a1d938bc89cd900a09ee49b055f27f22e87a5ca3a78f6c15885da9"", ""22469589fd64cfb29b97df0f9beeabea7eec97fb72dbd0f90141922bb576468f"", ""d4b012930913ba606442ea576499c153811a3f0280d30f0050473d7b89a8d5bf"", ""502213150131ad39f1e31c0f1257dbe3021ff7e23e31754bba35a962e57f8880"", ""57134fd56e1fbd99127b0c3de161b667f5f3c57775126009753b728aa1ff3a16""]"
REMOLACHA,,BS. AS.,JAULA,Hortalizas,ARS,Primera,MEDIANO,,2025-10-01,739.682380952381,kg,detail,2025-10,mean_of_daily_means_observed_days,21,21,mcba,d7726c4b6a8b27b995868a19719f9914bfb45b5841a3d2b61667f6fe9992080b,,https://ssma.magyp.gob.ar/frutas.precios.aspx,,observed_days_aggregate_not_official_monthly,"[""9364d601e094a2f95f469ca0d2e7dc4aa99e4e69757812ddfc21deb3c9db6dd2"", ""1274a0869052a60530209640d77e02bd9a366d80ddddb13057d8c7a1c2710919"", ""c70dd31561f91b4b2299f3a8767474aa0e50a6f97b7c93e3b91b26cbb5c2a9c6"", ""4a70547cffe6a7ce16ea23398475fcbc3c606a00a5b3ead7d043c43ecbe80c88"", ""db5c109150898d08fcab8056c88f462155933f12d188406268776502c240c9ec"", ""12b8de24c4831253e2f8a704ff20f1aaad3e80ee5fc76d464f40c71d90c39def"", ""846415aa2ffa9b09e9b1b4940d451acb02d86c7b2b83477fd54580ec369105db"", ""90c8d20cce49dcb7d2f5e56f45df343977df83c528071e7c56c34ec4f17bdaaa"", ""8b3776b6038ea95f3d9161236e12a3bb6c47cfe52cc5a3c2210e67ab206c8866"", ""edf3bc368a188fb4ffd6fdac7091754b085ded87ec7e87bc36d3d08d91a092c1"", ""a858beb44e12f65b31875089ceed3d0f99bfd2ea29533899e69be2140fe096ba"", ""0bb2d831046716aa6af3a2ea8fa52461e81d1dbf0804b5bbef74910b1afa2281"", ""2488bf64fd674d927bd37326a4c9969a39a5be163058618b75245bd6ead191da"", ""1a23f8220eb86e3d1cbfbc53644bfd65b15a94c9f98f9e2d3bbc610bc905a32f"", ""52935d6ee429b6b6d296cce6a150e602c4ede172902be89dc4989eba9024564f"", ""ad52f06106e2778cd929c78a95252ddbbab036ff4ac8dadfaa3ec61f9411b0a5"", ""7f55cc3fbb1a4c651a60f2d28209154f53bfe50cc88f5d9f2f3e6bc826ac14ac"", ""1f9503dcd336790c87de3e80723b84f224d9645008af9df6a106ef7c532bfbe7"", ""943d565b9b982d611524c38823c7153c556aa4e3e096fe946eddeaa07facb121"", ""8ae5ed314b2c53bf243372dae736a9ca1aca6158131d4470a79910c1f8533033"", ""f37676c8fb664206ac025bcde8fac2fd3abe649b0c0870350ce6ebc6d1c667a7""]"
REMOLACHA,,SANTA FE,BOLSA,Hortalizas,ARS,Primera,MEDIANO,,2025-10-01,671.8181818181819,kg,detail,2025-10,mean_of_daily_means_observed_days,11,11,mcba,ec879e51eee025ad058effe4907f623a92934fa8381028bfab3697c102a92f96,,https://ssma.magyp.gob.ar/frutas.precios.aspx,,observed_days_aggregate_not_official_monthly,"[""94edd5dd4d0394d61fbac2a32c40db091fed14bb5a6e3beb094ab3cae49fd2c9"", ""c649668413296f31d4594b0cea1f04ebd5b99b752acc491ab006f68e245ae0c1"", ""e2a124e0aab97ee5ea3fbee285e84a45af7b982de5a65b2d62a4c4b04db07235"", ""6c4e58c37473a27c3784b34c3a6023f3b6122e9683deb11540889b870f362ab2"", ""1bffa2ebcbce177500c1f214e877a54328881546a34133dfd7b811277bf49e60"", ""2bb6c18024a17d88688cb94d6d447b52c51b9c9062e84a4159c58993d5ebb777"", ""e29784724f34c2c936b5187058c19193ca7aee1b5d1cb82c2ff9d23a99175c10"", ""dd8f46460a9d150bef1739e1f2a26924e185c8efb18ba2d9b26566773de15cbd"", ""6ac98b8efa71f2e00fc8709955593e9b53a90cacdf6038fec0e69ced66516ed5"", ""9e80812b19ad9010468bfefecd7f6b3bea1a945c96787b71a629053ca2ba4fbe"", ""02014b4a92a789e88dc99851552b2f18e0dd28bccc3a15bf77ce0367a7ce2972""]"
REMOLACHA,,SGO.EST.,BOLSA,Hortalizas,ARS,Primera,MEDIANO,,2025-10-01,580.0,kg,detail,2025-10,mean_of_daily_means_observed_days,1,1,mcba,f9ec26357225e92745ce50c33917438e23443b5b56020e552ac103ece4322bce,,https://ssma.magyp.gob.ar/frutas.precios.aspx,,observed_days_aggregate_not_official_monthly,"[""36734c0f56749468ad9b91c668da2e0cae4dc91e7579d469fc31a232c926f8cc""]"
REPOLLO,BLANCO,BS. AS.,JAULA,Hortalizas,ARS,Primera,GRANDE,,2025-10-01,591.1128571428571,kg,detail,2025-10,mean_of_daily_means_observed_days,21,21,mcba,e08fd09093e782237f7971fd1093e47372fe6aa22e79dc2983ab8310c9e81071,,https://ssma.magyp.gob.ar/frutas.precios.aspx,,observed_days_aggregate_not_official_monthly,"[""7fff13c64b524fb85fc79b06d133610cfce1364722b4fc1117bdc7825aa7f41f"", ""359a2acd5a5f613feec64d4ba05fd5856ca40945a2ce5d3a861529add2a0ad18"", ""27f0f56708dba49757f04d356793b51faff7b7f0fec9aec73a79680e55959d37"", ""eaf68bb2cd599a288f654be27a7069eebddaea46c26d5f7609186016735d12ef"", ""132c83d407678878fab93f9cc751c0ba891b69cc1adac07d49574d8bb6a6e1ed"", ""5ce20edb8813b144ffa6dbacc0411967b4def1c42f9b5a74240712434a4ff7a8"", ""7be80a2e73f62093c378061cd6031af68977883d42f25b54a6c9fd0eabdd1092"", ""7ed1df08a76060bcced216d8d4dbf3e8d58de328996ea89b270dc4458b38505a"", ""352eed7077be9f4a04142374665550e71b39fb9d27df665c4f3b169eb00ca844"", ""314f3be0d41a7e032d1595861cfc26462fbe6011ad05cbde684ff7459fe01ca2"", ""99a2eae2a11f05200ba07a5e700b1b486d0d3e742f5ba10f858ea3e24b3ae956"", ""abf6e382c12498181f367b637f17c75c3f6d2426d4c01084fd95441c46ff9f9b"", ""a5e1dca2b02ca16733b900fe54a2f841cd66088c2311ed2612078b781f3500aa"", ""c6139ea9db2eed5da4b7f4c48ff6a665edf3d651a62ccbfd61dcd405477a5375"", ""c4980926d1f629f96ea5a9d3c8e1bf038e2fba4e7819df8c20786d0fb33dfbbe"", ""3f861edda5f3c671f8bca79d53476dca9df0d9b01ffb3b43cc1d234ad297106a"", ""2b60474e0b177125e52250134d9d23a960e5fc9d32fdc5f112a8aacef01bdf31"", ""41456888ea4d80e897b5147fc60a50a200d36a658f2278e402ffb89f947947b8"", ""4864c368c20bb4916afed882d056073cfbc06eb2eb5e841bf2fa44fe4e9bc35c"", ""a8c4132229d87e94ebae5160d49309317ccc7fbb3d27e3c78f6a3d29085b60e8"", ""2b7ed91a4b2ebcb3998a5244fdba2303dc960c7c17739be096ce26305443d646""]"
REPOLLO,BLANCO,BS. AS.,JAULA,Hortalizas,ARS,Primera,MEDIANO,,2025-10-01,483.1742857142857,kg,detail,2025-10,mean_of_daily_means_observed_days,21,21,mcba,20efe73b6c21cb024b43d49f1ec9c0b5e9779fc5eec0eec2a25ca5040e6af3ef,,https://ssma.magyp.gob.ar/frutas.precios.aspx,,observed_days_aggregate_not_official_monthly,"[""f57f2abcc870f7aed7cde8c66e6bd2770c79a0664829d9da8a873f8b45430f28"", ""a5cd5fc1e87a8ac1fe9b0819ef5713393771ffca4e44dd04d33d9178ac801d5c"", ""e6f1dada956c309b1be1b3013dafab156323f1ac9e784b6066891bd5908eecd8"", ""0e0050549d8495a0e89c11da541a5aca2bf2527559a3e704cd4ae15d0e151058"", ""fefea4ed437b0492ebc012b9c2b4f42d4d1bde8656d4153a266fb98354aaa727"", ""78cba69973aa9b2cf0db94d740ac43f80d279dc290d13d84b715f6dbfad25ba4"", ""3d18b289f1148ea3383f8ece7754f99da83186dfcbe3c92e5659cb5798385db0"", ""cb077e322dc18718217966e6dad6c64f6a8e4f940e8c17ffd8d6bddedcca7ccc"", ""df00d34942a3fd86d5930ebe3a557647a8c26769b65a880fe851b8d5cba34720"", ""cd3d2c8d80597bc3e313bc73d699cc763f3258edf50a51a7547e0bd406b720aa"", ""18e1af79a9bd4657a63bcac718947d20f5bf289f4f2c0fdef5c1042b7237e2b4"", ""81b796bc621715b0bd0325c7bc497f9d769cf3bbc465d8e7396af37c4f87da29"", ""7f8bfe9136d756c753dbfe7d0b8a4bce9065ab0597506a2e209173f540ee60ca"", ""06666b52eac306e74dc7be66b6530a54bbebe765f799a21a400929bf5b4db559"", ""69af5abdcda00a1feacaec281542170308bb9b012f3fbf2e7fd429f12a72dd9a"", ""1f09725ea7aa2231bdc08c54ac6fd6cd2cb74291ed5ba8110c7a11be1291bbca"", ""d4d2fdcc5bd1c56b9b26abccde38346b940a31fc9e3521adb27552a9581be01e"", ""1367c2056d4bc3a092efb36668ef72d1c6268375143ac491e528f697894a71a6"", ""4b362628fb4c80547de9e56a470fed81f100320b2a988b4a8649897e3e7350bc"", ""fe9bd4d3a08e505b01b57cc7b42c5453fdbab61595b826375f39240af9438c69"", ""1c69b01dba32b766f612f739e73cbf0029e02dee535207c32777d80600b1ea28""]"
REPOLLO,BLANCO,MENDOZA,BOLSA,Hortalizas,ARS,Primera,MEDIANO,,2025-10-01,631.875,kg,detail,2025-10,mean_of_daily_means_observed_days,16,16,mcba,b6a0bd9d7f7ac21cb895b393d35c1a36d3db6e329b1c28b34a0a41030d04ad69,,https://ssma.magyp.gob.ar/frutas.precios.aspx,,observed_days_aggregate_not_official_monthly,"[""29925204a042b079936c87ca648670e8a25a279a498e9025c89b9b7b2b6da085"", ""e52374cde8e650feda0be444943d368220b0042cad67d0f77ebf68b5d96e54c9"", ""656a02e70849b018cff18e5c5be9186a023d0d84c9f42fe847e921611862a68b"", ""fa3900c7453775a808bc5fdd315304a2879cfd0e57eef6afccc88cbea556c0e7"", ""a3a18873908d21b7c4b5a0dc26c3f573cf8d10dbbde733c9fd7aab05f087ac04"", ""c598d5743bf264739e149c58474a865d234d124de3d130fd2a982e56bad5a38c"", ""f0c7427117cf0dae47756f2ab25bb750594c6d02cc7925d1814fbea204d2c5db"", ""fee88ba114f586b2ded7ce5bfb144cd72a35bf0aab106421610f2e04061fdc49"", ""1ca9043824b212b47c4d57a92204a57d0197e5392ea899bee96dd15b94a24fc4"", ""a685a72ce5c901988d4a580fcb53ab9012d92a99832a836edf5adad629b7f025"", ""360b83ada457c616fea6428dfa8838d3e82cae8e3435e5fcc9d9a03586334116"", ""0b48fc0cfd92e5ad0fd89323c786000d3581f3a571aa97b9e5bcd5754521c3e9"", ""052e4afabc61801dddee833bbb7cd71acfdc0d174cdd4dc4101d59f4f626d262"", ""d40934efc563c356e94d627d9507df7fb0fdff8b073a01c1cb501d4676e1ace4"", ""1645ca5e5a8b539f8d1159b3cbcce3acc8259a51b067de6f70597587a033acb3"", ""b815837f1dbd3e99440d4a9db463c72e1cc997ee26758ae0d36486e73cbc62e1""]"
REPOLLO,BLANCO,SANTA FE,BOLSA,Hortalizas,ARS,Primera,GRANDE,,2025-10-01,502.53761904761905,kg,detail,2025-10,mean_of_daily_means_observed_days,21,21,mcba,0322097c304a3fe0c3627cea0246dcb043531897adf8d4f8dde693f6719bd931,,https://ssma.magyp.gob.ar/frutas.precios.aspx,,observed_days_aggregate_not_official_monthly,"[""3ac5b2ff8171221cd4d2f53f2c95ed8977e3d175cfe36dc415ed91ca186c20d9"", ""92c1e514b65ddb146676f325ddd15aa41e1a76f739fd608ced0e0086e36610be"", ""e8a8b9cd712a2bd3f2097639c594e5a8afe388dfab355cea45573fa4cf090518"", ""6f1082040c18d711d3db10dcb6f84376e3c9f65048d08db9416fd46ff3f4d794"", ""93582980c1c4d15e73b7b140cd75e7417dd66e7573687bdd0c84bb743d4295de"", ""67a058d74bb5f59f64089dec7b1c635428eb459636e082e05299ca3ba4871d50"", ""36d97b36a888ca442aa69fadcedbd443537fe30ddbf3f69dfd2c1ab1b7a412ef"", ""cac88130ca2f2e08e7f919abb24b8aef58a8adbb15042561195e1b9e14957fde"", ""87b1178b6b2b725f6d7c93f440afa6e6c1d7669f84c5ce1792e60802c6490f1b"", ""66398bf1e2888d0757e9fd9ceb24ac7ef3da783bf47b8dc45f6fc85e155bf9e3"", ""cbf2ae1ca0b6d2f40dc6ac94552e156d9c0881f43326959323750e5f9c2eda00"", ""fa445fb8d1f870656139249243fdf4306fa406d422b6d09b140022676981071c"", ""6bd5ffef80b904e3889331dd70281e28ce8786094db0f6fc7ae45922ee992761"", ""944f2afaa4a3e35384ba67854675f17073ce1e5e8fc95ae90206cbfd0b39924e"", ""23dae57a02f964a35b351c200904d78c6590e30fb674420b9ac3949e57a490f0"", ""ae7ec6313c18ea852803f532cc9e1189d93104f87347feeb171b395e95a4eebf"", ""99ee29dc56900a10d7036f1806963edc9a18d699ca14de1fa77486e0d7b8c955"", ""c78c606906da0a6edb3dd2475c4aa6f321820c59b22ec8a8c20f7f1080e73c15"", ""97f75c0cb5fec7ad63f9beff1824ba25ad112c23d2982680fd9f11d674feffcc"", ""ddb7abdeb55dd7c2fa979bcc7f565870b9ed1794773f2f574fe23112ceeb72df"", ""bba71747b9483676c32e01423cbd6fe2d0361a97d39aa3c41716fcec724faf19""]"
REPOLLO,COLORADO,BS. AS.,JAULA,Hortalizas,ARS,Primera,GRANDE,,2025-10-01,701.587619047619,kg,detail,2025-10,mean_of_daily_means_observed_days,21,21,mcba,6f03e5693ec6afd52ff7915bd655f11c0c937da8f5a286e9dfd77fad666d1e06,,https://ssma.magyp.gob.ar/frutas.precios.aspx,,observed_days_aggregate_not_official_monthly,"[""bc500aa85fd24b29b35a57914f3e1d3fe3d812a97cc2f2cbae901685419c3c13"", ""5f790869e3470866893c7c28d45e85b698557d77295fc93491cc942c9110e354"", ""d1d1c9fa9db367c7de022113526a0b710597e6cb250968df9cb755569a7d58d6"", ""cac280fcc807c924cd162815e2f8bed1ed4fb4737da93b2bd64748fd02497780"", ""d88e9b6822a7e5879981a953c930f6e84f218911e65e61f9d71d9b1f016edc44"", ""b7f67ff789f32fbe3b02e204fa6d9b361dde3ed5526c2e432edb2e83c4bd3e9c"", ""4dd8efc458809eef84ebe8fab59761cfe8649be042a02c1f40a7ab4d53048073"", ""fcf1f2d3e9d5ba02482e246523237dd8f80ada97245a8df42bab8d7f984d2dfa"", ""fc9faa4901262a2b6a9e037e246d3a04c123ef974f6af2e20dbc0dc23784f4bd"", ""aac622ad1c244b6d1970a59b180161fdd550ae951093f3cacb98808cbf50f6de"", ""1dca2f766b23e9d37ca274e97330fe1dfe7dd522d0b7387b7bd621ecfd09545e"", ""679505be555ac71aff6b464487ca1388f82c2d7a27dee95f52bbad891a8dca06"", ""11f2807db4c7aa742ca87091f1168b67bf70b93e3497962f2a5d9d2bf52884b1"", ""b8ff02786386a2fd55ade9c544d619c6f03b922de86b656d8b738da6669d341f"", ""704311c9e97eb880db539bca6b74cf3aea7f78a3a567caaf1dc3ce32677300bf"", ""56909629aef3e526151e7bd47123392ca2d4b53633569ca3fc087b699f473d60"", ""6c25234512b46291404e2e09ddf3ad9e75cea722f312d06a97e20c897befbfcf"", ""2a8620eeee227bf26cb4f0e4a0729b1bf8fddf846a2500acbd7e77cbb1105875"", ""4ace1c5250339ce20200baa1b703a1e7e350bf87df4c730338fdf5a8588849ab"", ""15ff1c62c2938f2ff65ac53262957eb6dffbd2e821a9754dde2a79624ca0f536"", ""011d3774172d65e2482260e66c699f384b5f19a1601521b40b0700797c79199c""]"
REPOLLO,COLORADO,BS. AS.,JAULA,Hortalizas,ARS,Primera,MEDIANO,,2025-10-01,578.7285714285714,kg,detail,2025-10,mean_of_daily_means_observed_days,21,21,mcba,bbb3c3ee3ee17c06a22ca9295275e2c8082c07ac54e66b2335306fe962563567,,https://ssma.magyp.gob.ar/frutas.precios.aspx,,observed_days_aggregate_not_official_monthly,"[""48a38e9e63e77c7bd0598630be52edd14230d5f6551b9bf48b339f81fcb68088"", ""f9c7c34c0372cd258fc9762b9b7631a529281e95996e269530a406a96c5feb96"", ""6655e7b5089b4d5252a71fb9ba212233386a1adc7f0ea087ddd2c6dec4e157b8"", ""c63bc292cd381f4a078370b8c3c764c8d765749b37f5cc4062d27e8c8e0926b2"", ""0983eaa3d861e4e452302940f718a4cfcf03ac72fb3d1098907d8f77bf51ce95"", ""49fe79da7a64c6c6912f4586a6c629be955f9ca27b8420a44f88844dcf82047e"", ""c57cb0bda93f15f52a0805a22bf69ffe86b66f7135cc5be0374f4a7d48c89962"", ""27b63d09e73aae67b68af0877820784264f9237f32fc33299cef6d29dff4e9c0"", ""43525683516f2e9fb1f277321acf3b810f686945df083d5d5a769372c8955f3e"", ""918680656c32b1b5a448f29cf5ec9f30b634fb6091ea4b37ca989ec70203a220"", ""2e6587edadbb884ea20c4e6e9af433e4dfac97b2c94c73be45a4b4c2c0119a2f"", ""939952833bd97dd22fb082fad2842d7f471d4df6439c4696f12b4d6ba6a5967d"", ""46457981db5ef7584c8c4f055b97fc292481c009c4de2e366cc68c973559fd80"", ""42b73f1afba405d3d34889fd00d552c9dfe7639db7d2d12d510a96cc80a20df4"", ""b2af7072640cc8dd01e06751e2482d6d93d658ffee456c0e9159b09b66e50b72"", ""1056999e4c170813b49a53d3dfa8901d021a49a327e7a08dedb9a5b125a6c48e"", ""d8cb59c63058ecc28a4ddbcd3132feef7728870e5cabe3ff90ae528c96917d20"", ""cd327c86176c3ecf14f0ca91812917fd4a6b0e357242fb398b65ed87f6e81b61"", ""6ba4c6357c3681471f88066d9f3ab6477bac1c982cba431f5983b33266f9463b"", ""59aff6b05c685a60e8f30e981c088a310aff0a73ab26831aa5b3cf54c1c07f76"", ""3c8ab10a4fc2396834d422c51db73783d2c1f2f6d71ca30950db4727a0bf37c7""]"
REPOLLO,COLORADO,MENDOZA,BOLSA,Hortalizas,ARS,Primera,MEDIANO,,2025-10-01,778.8888888888889,kg,detail,2025-10,mean_of_daily_means_observed_days,18,18,mcba,00d393081e0be63da9303565ecc5b6818dacf814bfb770d7e2ea8766b01683e6,,https://ssma.magyp.gob.ar/frutas.precios.aspx,,observed_days_aggregate_not_official_monthly,"[""a9a3ab9271ec69dc640571f10ebdac1681b912569f8dbc90edfcf339fa82b6f5"", ""1edcc561e2f1bda7aecbf43e75082359bca7ddc756ddf306239799f212f68a84"", ""fbc360a2e4ce54c7c18fbe32ff0685a779cd56dbad5bb56ce43a129ffc308879"", ""26c30c79d2c0e91320cc226fe27846947b9d9c9e95dcbdaeba8039960e260034"", ""4a7609392f2f4aba99f41c471f8703d88b5e878edca77a85fb24b9dc858980b1"", ""7aab4a5e98e783c00f54d15216d1342b709fa70a2fe8a3f578c4e25230f1f8ea"", ""82d29e9ffb9f143c3f3a9474bfbf609830a16ed55523983e55a463b5478ef190"", ""a3c5af33f952f72381a1f0779d0c68c102e54d7e9ccd2473b0ac7cfb6643bf42"", ""aefa1932c424afc176882f26babeb395fd67e38e6f75d0cd65ed5c90539f7e60"", ""8419b7440c15210cf701319fedfd57cfc1f1b02d435e2fd3662636b2fe3cc1a0"", ""07f8b577fffadc0157c64344802b5957fb7ebf377bfcd218cba63569c26a1e52"", ""42e5fb523a697260f87fbdd7cc38681768bcb562372fe152f41abb814a9f3f76"", ""83fe6f31cb44912c9c087157a5c9891e63a585147db4e86be8ec49c45c16ad39"", ""b15d2747f375f40f09a767dffc22f9267a75b3e1f029fc9a16c11244c9fd3c3a"", ""510927a94adbea4d7f2bea8559c0fa0a9abd17519db84957a110ffb6b0b5310f"", ""32ebb738690db56c2909322f094aaa0504d803dc58eab6262a1d59b3cd0e5473"", ""19ea34e049258dd84838c0cda276b2a952c4d8d07d4bfc75fbfdc9d0a2a8a6bc"", ""b011273a67f463101072b15f9e44f3a9d8dd771798c2de1221ab8d63a06b72f2""]"
REPOLLO,COLORADO,SANTA FE,BOLSA,Hortalizas,ARS,Primera,MEDIANO,,2025-10-01,481.17823529411766,kg,detail,2025-10,mean_of_daily_means_observed_days,17,17,mcba,5df5baa4f77e02ab12c703d531d48b24c881bc22e55ba27b1d022ace78ef9a3a,,https://ssma.magyp.gob.ar/frutas.precios.aspx,,observed_days_aggregate_not_official_monthly,"[""5c04b1c2ef03ffe41430ba889ca4c538e415f008875576f34da50be07f8e2ce1"", ""7143ca0088369a148837d9c7176930154f246a42f60e060bb05dcc057792f2b6"", ""bab4efbdfddb05b76b5a5d8bed7138df326e1505a2cfdc3eea11e8534fb01ef3"", ""36881c1558637ad196fe29c4076e1b11f0ac533ba9ef024da733bf0e97f95735"", ""d79538069e8f36afbb8028aba49f94b660953eb77023bb1d3a3b23060cd48e26"", ""c77444a953728eee0fc7caa9d3080dd51561125fb5bf262e6b05409be7617538"", ""7bd7ccf4c3ecf5b5e3bbbd1289163101cb8feb4376321f0304a4cd9497548ce2"", ""12eb4d1cea4ad06d5012d415b64efd5c74368ca668fcfb70d0ed8d6425fc49d5"", ""45f7b56e5bc08dc55481f0dc74516cdc05710f287b529c1314036e1ce3bd3e9f"", ""72edef667b5dcba464be4c710228415cf510bc6957d174c1a81634af070fb742"", ""86abab61a9b229a59a220f22a87a19e0f28ab859c7b4a03bc49f36491e0bfe03"", ""b36144b3643d3d6b458dcbd5c874b79a2c0f6520dced98e0bcffa2b22a6d5e8f"", ""84f0e82c743f72ca2800e3d99e07f36be11a75c73d13601c5ea3ba82c147574e"", ""6ae3ea8d9d322dfd73e05fb67c4ba38d41257d6712ab2cbb448e5ba29b2d5341"", ""2e51c19d27567728b3ca036cfad2cb13e1d24ccf814b3d3830035a0a3cd353d7"", ""186125ae9cf32c0df3ea2334b34d890d210b8419b3dff5ec2f9cfad4f5bceeb7"", ""d1bd8d7a6b10bfafab47860611736ea42bcd787ff33e79f3d8b2d6e2d685f78c""]"
ROMERO,,BS. AS.,ATADO,Hortalizas,ARS,Primera,MEDIANO,,2025-10-01,8419.047619047618,kg,detail,2025-10,mean_of_daily_means_observed_days,21,21,mcba,d054c1ba0af10f4900daa6f48d2f0ac7c427fbbab2a709069c8b308655c21f09,,https://ssma.magyp.gob.ar/frutas.precios.aspx,,observed_days_aggregate_not_official_monthly,"[""43a0589c224f1a0e437734937e98164bd083c9ab26ec998e0e181f0f3788cae4"", ""8e937684265e68a899c8019e1a21299b95dba5e31935cd2afe42537f8edb2a5d"", ""d45d1664f776ebb59a272b627d4a4c175df55ae5638e0dc8d9e59cdf5d43f865"", ""2131696a2c1dfc4d3c8312772dc0e602754a6a87ef21ff993c02f4cf1c68456c"", ""45b40c56ab8d2fc7cb878af09df3422b74cc6e3b284f97cf2cd091256d891f77"", ""13a023942230511e0d25d14432af7027ca1d2d63068b9feffc037e91c85562c8"", ""d3c0da5d7fee2611b5e4d811d6d92f5c81db9885168df7fb569a268e28fe321c"", ""f2143d8d6ef44a5bce827e7712d0f93698dca2acd0533d7ea588b0bf8759b0dc"", ""cf06a8f345f7342ade1479aaadbc952fbe74be49c7522372344e9d7a329db79f"", ""980fbb972792fb66abe1383255b01e17a54b0e035b46348a4e65d7940f4a43bc"", ""aad688a08d3b714b043c92efd3bfcc23920ac6c9601e9b7323747b338feb1fda"", ""a22df7faecdd5ebfbe7b69f969a09c1a86f88572451167d8990786fd73ce36a0"", ""70014a9e5d10e0bc8900650f0577c1d9249067dbd6c24dd79d075182061bfacb"", ""8656a88ec99cd3ec515bc9221c03b9c76f5546d55eff168e8247cdeadefb216e"", ""53130acb57435329f2c3428500195f55ddf3fcb8d852c3bcf43b9ace55a89f53"", ""c412580af82f89a3f412d2425ef097f8bfaa1645c95b2d29fc4986cac067bb6d"", ""d05fac02545c18df7a08b562a4defdf1f68d981e97e342f385e32ab82581c098"", ""d9a106b8cfa7484ccd0a514c0e1559904a2572d51f8bd3cbccf419a468b853c4"", ""e830c98c1c163da22b9c7458c1b836d5b6ff78d2724c60efada112b664c3489b"", ""c605fac0f400ffd75f371016e0a67cb38fb8111872dd888213463110a4115a1a"", ""0d34149178131bfbd8dd9bb9fdffceea8d1cee2870273e56af5edce695ee48a4""]"
RUCULA,,BS. AS.,BANDEJA,Hortalizas,ARS,Primera,SIN TAM,,2025-10-01,1252.3795238095238,kg,detail,2025-10,mean_of_daily_means_observed_days,21,21,mcba,5e3b8f1a4bc3b6fa4ae162252ada9209c98762b7cb7c46b6c33d922bac85c9ec,,https://ssma.magyp.gob.ar/frutas.precios.aspx,,observed_days_aggregate_not_official_monthly,"[""1e30700aace53846c4993c8e87c074378258ccec36fabb2db6e70b00f8eee99e"", ""14c8c489764ac85b6aaa9add7518ab4d32084439ae1a67c0f404b342059d6fd0"", ""e1b67aabb4aff855eaaeb7d095bb4040ca5177a8368d2c6c5809608071d8214d"", ""269655da6a7b3da9d2107d606699ec6a98ff45efde9290353429971256c27098"", ""9fc2ce72d31e5fe5e1b78659aaccca721196275614564c57d0ecb8f8531345c0"", ""a099258b7becbfc77b149a027b6eacf26c113760bcb1b78d41fb4f253af14b9e"", ""b2d1daa7a59dad8ebf86f65684486620d7b0e487e0a97394016acf7071cfb557"", ""9c61d41ada8810c7517e499fba6cbc08a3551aedeafb595e4eb9542862186a73"", ""9beec5f5d4b5a6f41f728d344ff73a6060ee80c1251702d40a58c940bdb8a48b"", ""e3cd7de96b0eaddf0bae50933e23cb841c51d1f15e3ff378dfc3d2614eaf0af6"", ""8e3cdcd3f43a5ec6ccc2824eb55edd1f6edad58d8bc6fa3595f6e8599d185181"", ""81c0d791d6e362c60c76cd937fddd9f141bb8b96ed590b6696edb5c09ca91bf7"", ""20a2d2cc797141efb5409652bb87dab8ee69e8f55393525c03c3ba0c0dfdae5a"", ""98c20592eb073c7d8300baceba80ed66fecdc68d06a0507f5d088eb60ff5348f"", ""f083c019e636d33c0d65685e9aa262066d5d34ba08fad8a08fd86457b7a10ce9"", ""2cca18f0efe6b9e451f783160f92235cbe70ee96d4a83ccd5d18a0df804c6cfe"", ""7b2dd9d45737188714b2ec8099ad724354a7e09304a7692a245614951a6dee8f"", ""7312344a790bde4445b6052385e4f326b907b93e8134c96535f4f500342255df"", ""c553e3357fac8f59953e3190ffb242ba2e06ed275ff0ebd34ef2fe39fa5beb86"", ""90ce52ce143ed5c98f9ad805483bda4da6b96e7dde914d35d5545320fc14babc"", ""bb1234249e54846a785970dd035b286af79058c1ef69f8df6be7911103801dff""]"
SALVIA,,BS. AS.,BOLSA,Hortalizas,ARS,Primera,,,2025-10-01,8485.714285714286,kg,detail,2025-10,mean_of_daily_means_observed_days,21,21,mcba,668c1d16beaf8b288f1b06e459e4cbdd5c31352b894ead7786177f7bcf176a95,,https://ssma.magyp.gob.ar/frutas.precios.aspx,,observed_days_aggregate_not_official_monthly,"[""59d79490b14501eb360d6313e64dfabce9b49dcf7c701b8d9c4b6216e51e7191"", ""b6940298ea505f5a05bee1a36f3a07e5a0122e242d03b79076cfbce2c7c38a74"", ""6105fc1ff0d5f0d4ba90d2510a4266d8d592682d7ea62f09eae2358938fd0da7"", ""f800d121e795f05c8ff8bec49d3f247907dd93139f25d62fdb427e3089597ad6"", ""fa39df6e44098cacd04d83df4da53d998f68e79866a8ea87c82b69b7b6efa120"", ""064c82724e32b57c999e3ec3536324d66fd45ad3e6c2efde99da8672fae557fb"", ""cd3156a0016578e9d3ba49dc9e8e7e3c0ce162f115169b4f5540c1cadb6a4dc5"", ""34f2d4b9188750f87aab8b4e9f3f9fadfb51e34bd54370f289b24e0f881e575a"", ""4bfc4e513212ef1773b14a4acbf52094787adbc99858a63d768c5df7772c07b4"", ""dbfe6c65c75382c07a2dd6a8b78b8ce90f00c260d49bb0108d939d6a03a09d88"", ""85c09cff0474047331a74a61c5a5914863997c6dd70f98efb337cd8ba33f527a"", ""89c932f030f752d8ed555331d0773bbd1ecebe3ef9a7ca302c642f21ec76ce32"", ""cbf464843b4a1c163f4eb074bb385eee30e2093210fadb2b57fbe9c70124b5aa"", ""967f6d2ccdc6ec21842a57f1a7cd01067acebf2562dd193c72ea56805b6996ad"", ""3b2e160f415cf5442ef22d0b68f498af9a51183fbdacdef6a0ce603d4950336f"", ""59069c106792a61cfcb3a58444654c237dee4e45aa44254beb6bfae16bee5726"", ""b0e41a941fd0e2baced7f839a4ec3330a1e384693b46d4732db0dab3e3d5119c"", ""f5edce55c5c07c74465ffbac0df543c4524e5e71f5bba7d89f3653b7ebaf8d02"", ""d20f8ce91711fd8dd0df8c08bbdb1b6448ab65c641d8d05124bf093b54bd9f56"", ""761a04714ebb20c344a09071038126adce903d28a4f3be8d34761a944454517f"", ""1e6fc9c379378978bc48fb4c33a721bc360dd2d77921301eee0422e2df1ecc85""]"
SANDIA,SUGAR BABY,BRASIL,CAJA,Frutas,ARS,Elegido,007/009,,2025-10-01,1996.0319047619048,kg,detail,2025-10,mean_of_daily_means_observed_days,21,21,mcba,6ccc63a59107f7aefdc7b4078f17ec856ee02003e9f39b76eb4d02bb4a333d39,,https://ssma.magyp.gob.ar/frutas.precios.aspx,,observed_days_aggregate_not_official_monthly,"[""0667241a8f88500abe7415012f507b4f84e865c72bff7b73783f9cb31ed7062a"", ""32722989c41b9caf5cbe2d951268acb7171bfec0a71697a13e2ff4328898558f"", ""7850771d4a5be03e91f0bc6c8fc7ebc1dbd744c6ea452b1ac73a96ddbca07fa2"", ""b57cf6e4b6536acc0a8ff72d0f2f209b82069583305fc95b5c65f4f6a923e28f"", ""95d79cb3c766cd1ec8c7e08915ca06c530747de3b2787b69b80faf0dfa6d801d"", ""496a1af33e24d08d7bf9e1f6902cf0cd23dbc13e99d437289bb8542a79250b75"", ""b486ed08e9c4464a8ee6d090e991e586576225a4f2d36842c32e0270bf916421"", ""aeba9c6b5269887beaa9c219aeb664a97559f60ee8c5e3ec7cc8c88d38e2912a"", ""338f41f68d96f07da27f74b266844c04f201fec2e1d4e0f996b7520bedc60b7c"", ""c4c9c0b6c39ae2cc5e20a5eea5858a473268f2053077065acbcb392fc67234b0"", ""019bfe8073588169b326e3378c9d24d97ce69a18603c616d826c1c14fc2f6518"", ""9b863c2cebcffccca2c0d1297d3b886b106829638293c36e6ae5bc1ddbfe43e2"", ""fc082b2e64b189033885e4bd90d9518ad95422015bf8812d0b9f8eac982b5c11"", ""2fbeadf219729b6d148319e261e14ed95464e18c51f98316cc45c2de2fd7a839"", ""8963ebdb77a89eb0c59c8a8f2e17e2de6053a0a4b886325933964e623d807281"", ""8123b390330b2a9507485005080d3376d0422bc6a623bb4af12eb4b87ef31ed1"", ""3da52120aac22346eac9954581713c0034728926120a02ae5381032070d15ea6"", ""9625ae622723533852741388c70b318d998de7f0b4d72b7a6c306c3b52bf414f"", ""dcba5487e718318470fd89f46d3ff65bb3b33b63e613f6278265b11e243f9068"", ""25cc6ff5ae2dcfff5a6f29530477ad47269d531f9654404a982acc00ab1bcfeb"", ""62902547997af7c2906f03025d3326cc9f38a6cd2d5b03d5f5cf7e98c0efdf98""]"
SANDIA,,BRASIL,GRANEL,Frutas,ARS,Comercial,GRANEL,,2025-10-01,1085.7142857142858,kg,detail,2025-10,mean_of_daily_means_observed_days,21,21,mcba,b7217f108f43d8f0d5e67d5416e7a550de83d65a36b11ff38cac73df55408176,,https://ssma.magyp.gob.ar/frutas.precios.aspx,,observed_days_aggregate_not_official_monthly,"[""4f4a885a36743c4a9c74b727062722a0ebf2567d95ce7c7e03966944b0d8b478"", ""459874022c3f79dd26bc5717859d72803c6036f7a58486c3cfbd00c7f9fe60d4"", ""74470b848976df6779d2a35f830f56c34c39fed8ee1d70f1a27070615d72ed1b"", ""96c56717b93daa6a979bfb29a46180d8e88f04aa6406f31b1438c8b10e64029d"", ""d8830a414985c700526683e8b5b3cf5e2482bb3d523d644bb126783898135356"", ""6ea05de4da2031be321d16782d3509364f9ead9badb5fef0e396a76717f16030"", ""c454a6f15e1666259f8a12c383934eb6c2c39dac17a8789d0fe915785f21bdea"", ""597f22823cd15aaf3c120de4383d9b07ae5616e1f2ca21780c75eaeb11de1231"", ""7e1361101eb543026ac50b614aadd34f63b2174b16eee6d3927d65ee71bc956f"", ""aa289bea2d64bfa27c856b181b160e7f474c1e6efc4d2ed488c8a5d8e1263f18"", ""5bd5f6d5600daf0608ffd3a71ffd726f415ec8e5c5a672bd6ddc39f2906fd7ff"", ""71ae42c179e5671e19074ef7a8a7ea9d72c300606823077ec0683db7d4b6c751"", ""662f481b102d4662664200751ff61f54b811007195f1b73ec22dd813d2cbf6de"", ""0eeca4d5ad6cada7a4ca21db1ede83b3cbe27c942eb78ae1a10c659e680cefa3"", ""275f0be656f3ad976f2d6b715b5bbb17f00ec7fbe521722f2c36e4253f6e762b"", ""ec249ee3d818bde2f5034ff4d27d44331b6fd286f9021dac03419f526c6fadd6"", ""adbe50265d0d0ed3fc3070aff563b33bb8b3d6d6526a8b43eafa3782e9539157"", ""a374d229d5f83b08ab3a9bc2f93cfd0785fa126d77ba009efedafde26c3dcf59"", ""36d3287f81088e858300320a4805d358ef713a4058b10fc9382568b2ec95dd32"", ""00ff7098aae9c824ec040e4038de807038f3c5af7126bd29bd711cfb420e75e1"", ""4555c1adb429716b68eb5f749c3349c2918dadfa635f8639ffbca421c2102230""]"
SANDIA,,FORMOSA,GRANEL,Frutas,ARS,Comercial,GRANEL,,2025-10-01,1018.75,kg,detail,2025-10,mean_of_daily_means_observed_days,16,16,mcba,cd0bb5b7aec3e7cb2cdc682c70575390eecdd3990c154a01489fcb92392464b2,,https://ssma.magyp.gob.ar/frutas.precios.aspx,,observed_days_aggregate_not_official_monthly,"[""b1379bf3057eff4e333e9d492cfae98270aafabb2e721de53b427bc7d0bc7348"", ""1ca5c703d90fefd2fd62d9488b81bbbfebd55e202cb79fd84b17857795c44c12"", ""3f9ac4463cd2217b00329c1cb77e98b92baa7e4910ead878beb845506038127e"", ""0e90bf3f378d9ea43ddd83d9718428910291a409ac0519b385237436cc811ae3"", ""8aaeb1bcf81a11de4b120b86526081511ef01ce047ea06cc67f19b12c832dd40"", ""607dbfa1a2f09f9e24c47dd1ad77740b440c07258c18a01f1810cf1b351117ac"", ""b7cf0788835d585171f9b63ab0cf29357248d7473141eda8ad1604ede7ead686"", ""175c33ca952310499ddfa2d9c95c4b06f1b8d503dc0ba5bfde14a75fe1450541"", ""28152ebd245d8c651cf48c8a74e2b3c1a1d37db1b12094d7e292b259ad79b2d2"", ""5d500d2a12e35be4dcb9008c2b357a90b0e1c464a45a5d9796f83c0044a233e9"", ""a6afe665bdfbc02c11ef94932dbca36e262891a187989f6319d1c12fdb30ee74"", ""e217a78e229c2ad52ca58b1b8602ca85e6d406f939f20eb9eeeb8aae10210165"", ""daf0efb50d5ce9d1c0ee8ab075b153d4b9b73c15fc8e28786f20e0f749ee8c76"", ""268d99fca0c690d439bc45bac55db5cefa12a74537fb62043fc4f12b73453871"", ""966f3388f18665c10f6aaea1d6b71eed0c96f3b96e5d0db113c5ad5d315a5f7a"", ""bc4a7bbbf52a05646cbb8c1f93a026b67353909971436b9dec83fc7b6990d461""]"
SANDIA,,SALTA,GRANEL,Frutas,ARS,Comercial,GRANEL,,2025-10-01,915.625,kg,detail,2025-10,mean_of_daily_means_observed_days,16,16,mcba,556ee747bb6e8dbae5c0799947c7c2649602efb38e5f5e87129996acdbcf9750,,https://ssma.magyp.gob.ar/frutas.precios.aspx,,observed_days_aggregate_not_official_monthly,"[""aaaf7d8ba7932afa5ba14ba6a92d1719cf26d6cfd353894613429723b70088d4"", ""bedcb945a43cfa0949653f9920f7cffd47f97a346bbb1038179905f090605f5f"", ""bd8e4b382e38ac6c414b92ed234ee6414874b3ca8cda1c06eefd3415712d2fc1"", ""1855979f636d4466e5d2dcb2b36ecd5bc24a16d10627c442552d877de37b3d9c"", ""6d0490c34116306c82ff0b5ad948000a318c058936d4176861a963862c834efa"", ""e5a102f7ac30284bc522b366105c8568c62322b852f90419d525f6df4cd8dc01"", ""c7b6f7c07bc633b07ea8231b1bc999268ed82ee77d0a1f76245f1b7f6c9a8972"", ""a1ad08f4df9de264871e67bffca9b8309c5413689400f4c4e642103350d4a953"", ""36be40781498ff0d55e98944b1174b3ea66ec8ef4df4a7fae1d48141dd85f258"", ""57eb4bfcdc52f29377653055e6406cfec5098d734d917ab322fc376a7d6698b4"", ""85e013de407b96969646c34e4d9ae0338ea3e3169722cda00870fb877d27ab3d"", ""e0f2a01f6334302c48ff7d47dbe9990228952b0e24a6844da78bffb005d821ae"", ""919eb638f6b8879948708e715595300fd8a531f0be274040327bb01ad9720609"", ""3026e5e340057f373375ff22d7466e60f7e5929bda540058330c3aa0400c2c7c"", ""9d2b8d931c01bb0259a01203bc277c4820bfa4b4b57db65ffad1d39b61ec45e0"", ""fda854e1e44aba5ba5031c73f28796492a0a21b3d2ded6b444b133f8486c83e9""]"
TOMATE,CHERRY,CTES.,CAJA,Hortalizas,ARS,Primera,GRANDE,PTN/INV,2025-10-01,2451.4285714285716,kg,detail,2025-10,mean_of_daily_means_observed_days,21,21,mcba,4a46b5eb346ba5df5ad1c842d802d9df81a684db80758d714e9577c7c98c0dc4,,https://ssma.magyp.gob.ar/frutas.precios.aspx,,observed_days_aggregate_not_official_monthly,"[""09d499835b2ac9d02d9f1967522f07df75a3bf34e844453934e8147d361bf8ac"", ""6d89c74b90bb667970de2220896900fefe518fc9cac632fdccc08d9495b23c76"", ""6e96fd978460aea48a6c6b339895a14e607c8545bda871e489889b1ec1fffb0a"", ""d5f618540a33fdf58c23c6b64ceee8ddb1d8b5b166c5b68423d528cbb12c5725"", ""cf88d79b0546b9b609f93463c116995fa265c5c902abf583b0fd4e9216b51155"", ""515de11a294a6d0573882dd7df42872eb3fa00a9d72cff26abf3099b9c748c61"", ""f742eeed57bf643a54e9fe63df1bc491017c25713a9d4f7bdb66513f3e9762b8"", ""193671646ea0e3ae22a43123c2fe14cf1e917590cf62786aa5158f8d26ee2861"", ""b8053a1fe7e19cbd0e292889e0cc2903388efac42c4508b8a59b46aea3e9bc07"", ""11a0d127bd23fd874b396c1a179a520694edb71d70ea16089f1a2b47ee937b6b"", ""f40bb20ec2040a2fd28b87bb254ad3c142421a4ece7c54684b89f099d481ecfb"", ""acaa9710aae6df06a9f84f5e7af40e1431b848419b28e1a3645347f73240e12d"", ""353087e821823ad00c7be8ae1d0ab7ff1e61f3f4650a548fb1ba6c067a4eee56"", ""844b4bf7cb728cd2c79212e4cd12c503843589a1a5d4cefddc22a2ec235ddaa7"", ""993f147bbbe2eccc07f8fe052a933bcc3845b0836a575969a3da8dadc7ec2fe6"", ""8aa30c6ed0fbdb99aab60dff92180b0fad94203ab1a01d46660b638671e170e9"", ""12677cf5f00384c970fed13469a19dbd6ec497fdb158c048a3f6f026bbc0b81a"", ""54d286e8617761b5676be7abe6a08f2e05e3cf6600a9276ba2c0a2531e3e9e89"", ""23712439446573a2b16a89780a8f31863b62e25146bd1791c72edc13a9005b61"", ""a8e541abe2283fb44baed0a0ec86c60350738762e4db908a365572f7f024da8b"", ""737d1243d4505e11ee6a7a19a5bb48929a96e134b497e87b75f0508c2509c639""]"
TOMATE,CHERRY,CTES.,CAJA,Hortalizas,ARS,Primera,MEDIANO,PTN/INV,2025-10-01,1740.0,kg,detail,2025-10,mean_of_daily_means_observed_days,21,21,mcba,f3261c75d7c7842c34ac932caa31d1ac99d7009c2fc2cd560d415ad24c91b256,,https://ssma.magyp.gob.ar/frutas.precios.aspx,,observed_days_aggregate_not_official_monthly,"[""1a5d4c55c9610856a0d0790f57f87cbb71ee56f01ec48e72b9a6d7bc86186a37"", ""8c2051dea47eb2eb82902443484ae782c16e7c395539843e0e60fde0faa94d55"", ""6f00d5e86465f849251cba1aa9bb25b50f06c048292d244a3825cfa58abb4f25"", ""a9cd79e408ca0b2cf86cbed43a89781cdc236b51f4e7bd7bbc53c49959d4650f"", ""17caca5e03fd37d3edb66a1980cb01bbd15b5c89fb3f04ea31cdc2ab736191fa"", ""e2d1c52059ebfbd7d4c0481db0e371a971c5094049a2b4480bdf7681d9c49d03"", ""37e0116c8069c4c5728d550b1f63e3f0ba82ebd0875755bcc2355a930e75a75a"", ""07baeba9d6196e551dce64e6cf36473530f89b4ac1cf6b6410ac2e296b0151ee"", ""8132b1df5329053ee149e5dbcc659fec00786dbf0c95f988b0b4f6b815800764"", ""fae2e80e519d145aec59c8e4cc76444e88dfeedbd2d0f0cfff994bb4a82b2216"", ""3ca09532a16240849f6f604828adfc8f3de0f770a2064b20c2e3e4ec473d6b89"", ""dafdfb7f5339fe20276ad7026ad16c54f7b3102a5d611342e3bb0fa34767c0b2"", ""cf527f6c706d0f427e4856ca96580bf7d24ff2da85f9b65fe66e7ec9749776ca"", ""8bb5ce6b84c0cb9a9001c38ad0423ebd16aa9f1e30895cd2787456ca69f77c3b"", ""e12af4d7ee050ac4e27b62b7149694604ef31fa3bcbd049d0c5fd2c472dd2908"", ""56a188be1680b0c6fe4bea3f858e827c19e12b2af1451f21d3498f68204f3af6"", ""0398233321823ecf5c61798d900ab84b7f0f0ca3fa4666dd903f3a846bd1a8b3"", ""6fc753e6acf782bdca1b97aef070d2132b0719f027b17f9ff1ade6906bc5f735"", ""504271e5c4c08036e031606d0e9ac738e0483181671b12d51ba93d5a4e1ec061"", ""6d5bfa000e404a900261f45cbe7e6e549bb58f6b9219be264d59d93b58c53a76"", ""8875e46e6c63ed3be81b45fb7951ab234796b43bce599108fb2750425b0d84b3""]"
TOMATE,CHERRY,SALTA,CAJA,Hortalizas,ARS,Primera,CHICO,ROJO/INV,2025-10-01,1218.095238095238,kg,detail,2025-10,mean_of_daily_means_observed_days,21,21,mcba,4feda58cabb64b53e677cdb8101b0d33c89ce3f07c8e313e1392a7ef163f21b1,,https://ssma.magyp.gob.ar/frutas.precios.aspx,,observed_days_aggregate_not_official_monthly,"[""140d98e55f874980cb6dfe0c73185d25f586bd2a97b12d32dce319c12a418509"", ""f7757d789c0f112c617ddbdf0814ed05d7c88640ff5e011a96b36edb87416b49"", ""24b03f274af05e1def28e08dd2bb67697c35dcd35bad032a1ae3fe1156dc51a0"", ""9c3faec155258bab0adeb02ba5bd58a8454ddb37da082db8195d10c85cf67545"", ""fd913fc1d5f723946c7fa3973b37c81e27608256524711955c85128cab56044d"", ""6d27e33eb3d07fc96d4b0a2470c5d5609d36f2e3c6bdca2e846db4407f943dd2"", ""2767dbe0a35411c59b8002ad280a04a1967e590d111bfba75b1f4df9046ee028"", ""63a4b791f0d56679e33f68072ccfb719df6ad1dd584972e07d7139e6e60b2bc7"", ""444053d02d6289571dc109b6753ed404877d3e4fa00b5e70501ca883126f514f"", ""6fc1b53f79f5b9b294b716643d129b5c9ec67acd88558235dd4e9291bfd816d5"", ""09a4c671a79f35b784f64079457d74760afab43b525c70b17ded6519e02ed8dd"", ""7d58c704f0c3163157429b65d28b86428c556f840165eea4b5fad4b8fd2136d3"", ""b5dc97cc04f71e11a662629949377f7cf106f8e0c469039f3b491402795e0ed2"", ""5c68f5f7bb361ddeb568eeec09b0cedfefd70cec4a9028e3b87f1e88d4d83fde"", ""5ff6100c8067fbc25382f161bfadcc3ea8692e1f6d5d555b02d9bcce82463282"", ""20371edc13463595ed9a9843261ebf951568f76181066716be7631039c1016c0"", ""8b50afaefcdf19d956f84cee641a1fb7487020ad845a514d45079647b4d390aa"", ""523130538f852a0c74327d6392f0abe36be37868768c8b2dea745610299305a0"", ""12b7cae2ee610c22bff50b1dfd0f9c1aeaacc0293fcd682bd8dace2c73a4deff"", ""f0963dfc03d3481450648d920297e479c420ad2290b0fe429113240113b5a9bc"", ""5ce20e62644aa9d490bc6146a0dad30a691842ef3dad7589df03fe83d7b82388""]"
TOMATE,CHERRY,SALTA,CAJA,Hortalizas,ARS,Primera,GRANDE,PTN/INV,2025-10-01,2721.904761904762,kg,detail,2025-10,mean_of_daily_means_observed_days,21,21,mcba,73bf457a237aff7625eb521c0426849548b5c6a461ed772b676f80886b5d65e5,,https://ssma.magyp.gob.ar/frutas.precios.aspx,,observed_days_aggregate_not_official_monthly,"[""a16658c6a270058b487fe60a4a22324447804873fc90b6eb313529194bf5d0cc"", ""55b4a3d16ee3dc27237cbdece0ee21a64701e72e73345d6460b7f355a1ec400d"", ""325582224a44b5096e9d1f7bce90e29c2f59de34b9eb312f10a1507c6a614132"", ""e23f4cafadccd1ea54c24be08b24fda9250e681f15f88c43cae007eb8f02e5fa"", ""532e024aac3fef16ad149781cbcb135d071f444a57632fa06015b2b5a69f688d"", ""13b42d323128705fd8acc764ca2f3b6af9b247c8b376ccff0a6cd97bbcc99f24"", ""3b9fa9ed68b8f0fd9a2e977f2106dc298f377219a13200bdc529076500c5aa16"", ""d70081116e039018acb7c795f61ec1f29d6590221b245ca0f7540be73a594559"", ""07fa76bf39eeeb437589c022af2ec9a4b9548c7133c828b4ed9f470ed499a4ce"", ""bf19d7caf894e13ae4d57ad8be9443f6340f2972523c8dd9a5ebf2d5920fb5c7"", ""290d05f0f3b648f702258db01c0332d9c862a2674475bae0a90246d252d5db82"", ""851e99d7d48753f227392f39f5a2c65854177f98d049cee6872d6a18677ad9bb"", ""0ef3e18428f3e409e57254c73fd8d62089f2b784a0d7a93c2fd24d04ec4d9a0f"", ""c8c360f74b663f2e590e9ce1dd4945dc9947c9b392f52f1c50f024396347106c"", ""c350ee3cfe9754b7333a4a14efb01bf545e3adb606d1977dfa746876537bb994"", ""a2ea481336bcf2bd62aa45ef28b705f2e57d47187915f86f943516b5fc2cbb48"", ""8057ceef056cbe11d724ace6ed69f3ba054ca65e353f5d47afc1998284f97d1a"", ""c1fd123d89d8a2b40e221feb4790931baef823cbc2ce6e08b8c29e40bd863112"", ""2c44622851adb54adbe7e12b39db3fc4177e8278844c7cae1e3d9c485dbc5242"", ""abe40afc837b852ff8eba5688a4c2288558177ff9afcd277b2fd2c0aec7e33d2"", ""15c3eaeef581872d6a051c3513de07525b0bc4ad6c308ae1f1d26fe078f6d47d""]"
TOMATE,CHERRY,SALTA,CAJA,Hortalizas,ARS,Primera,MEDIANO,PTN/INV,2025-10-01,1956.1904761904761,kg,detail,2025-10,mean_of_daily_means_observed_days,21,21,mcba,78276a58201a379e4ba95953e2b25346044053b3ecd02c636ce8c0994a24d825,,https://ssma.magyp.gob.ar/frutas.precios.aspx,,observed_days_aggregate_not_official_monthly,"[""67cdeecc5a5c208a452d35f52097d10a485adccfd8fcf96d9a40cd3a94ea8589"", ""4e07f8eefd910ef2c13661ab7282c2fd8e1bd4e06a9f805bd6fcd8eea89aa1b9"", ""bfd763f92620608045e5aff66a779e1596f03a1045bedbf005981f58a2fb2ce2"", ""3f666fa6972c1acc1c5257b0356437b160535e917db873a9a50b1e467ea1a85b"", ""62e69584fcd0bf5f496281fa93ce1d30191377f050b9505fa9a987ccf9c04935"", ""b644f7dc9c35abe1b3c0dda95e9bead49e6fd98a94412e732080aa06a011cfb0"", ""ac49772ecd36ca79c875f119413f8f6e8228f2d3c68e3b5bda6344517e6c2ade"", ""398251b18ed1cebb93dc3eedea78eee8fda1865524269e0c25dcd880ab856052"", ""05e7c1eb971c98a391b659d6e9ee56c88083370ee72721bc34e1c1dfb68bf203"", ""6f62fb8c33d9b6f2c93635b1ec9d0a433e06c62e2192f509c35f9d6c248cf6ef"", ""fcc3fd5fc47afb57a46ea1ed4dd13d1af81b8467d39e7098355209e75a7f9fdc"", ""815eb31b2185dac668ac92bfd145cdd5e391227d5205f9d8933439c4faf19b8a"", ""a7823384b7b107f9140ef9564b8bcd56043a5b7a3842ad0ebaae03a0571ee9cb"", ""62c5ecd81deaad4242f635733e2986d9a96ba95e47f3c8ecdd623a0337580d33"", ""4d4edfd6c9cf6e4c89cc17aea9a0735bcccef62fc5797cf3e71cb85352626d45"", ""80f7f5dab3e697089476485b264ed605dcf54bde9239d2dfa7a2b6814cd94d16"", ""dd890d8699ae9975cf4566d579eed00a35f33802275a298eb4a83dc9f7a27fda"", ""4349b91f9bc8a3e97fd43b45b4102b0d4639336c9b1be637354f53d48b674dc4"", ""a3819b95676f0b3306f844617d32d867e0c03bc6325a46571beb25537cdd811e"", ""6c92fef49d220bd8a0f9c4a38a13ebf8024d7774603933f1677fa76e4351117d"", ""6bfd99733fb32c22922346179f8a0bcc1b5b69a025970d130c89a7449dc9122a""]"
TOMATE,PERITA,CTES.,TORO,Hortalizas,ARS,Primera,MEDIANO,PTN/INV,2025-10-01,1986.11,kg,detail,2025-10,mean_of_daily_means_observed_days,8,8,mcba,40b54e7ae110b9a66f35a904cc8e59823b09299b9e165ad261116df9759c6368,,https://ssma.magyp.gob.ar/frutas.precios.aspx,,observed_days_aggregate_not_official_monthly,"[""4bf12018c8e24f8c7ce8808794aa60b6c2895eb649bd659d5a9cdd69caa786b8"", ""d77c044fd23e25594cf295d8278ed0a80aaaa247226b0b2ad7f0cf3a8ef9cce5"", ""0b2cf46ebd664283d0066ff1e7ddabd4d0160f0837074743cdab24a5bf371b58"", ""0d890cc0a2cc1e7cf88cf490ef90f10dc3167383ba62184a1e9775df61c55586"", ""5b78df13a933ad3bde7ba6d108b7436ed736758e5802e69e029a36083e93d894"", ""bff22202e19309b347d2c7c8df8728a2684618b812c9c42aa423b8d4c11ac2e9"", ""32cbbea6017dba32bfe4bf93a3ea7282a083f5aa51ec35d705cf3fe8834407d6"", ""8657ceba1ab4f9dd3e54ec19f33e0dabfb2b00b75657480677b02e3e224e698a""]"
TOMATE,PERITA,SALTA,PERDIDO,Hortalizas,ARS,Primera,GRANDE,PTN/INV,2025-10-01,2248.6766666666667,kg,detail,2025-10,mean_of_daily_means_observed_days,21,21,mcba,06715b3aba89b81aeeec50f3986504337dbb23beac0d3428b81a4fccf70a1a95,,https://ssma.magyp.gob.ar/frutas.precios.aspx,,observed_days_aggregate_not_official_monthly,"[""72c8ee670ac0c87b7f01cd4627d0e8fd628fd083c47dcd451d80475259d8ad38"", ""acd65989fd7755587afd9e6f708493017ea19dd371e4ca5221295f3fd6ae05f6"", ""3cd34f339867e2e57d772602c12959bb0d3b0672ecd07834aa37d10b02698d46"", ""d73a706e8b42480db027bdb1217ceb80db3d6a53d81608907536174249ea86b8"", ""db7c4d9de485721e3c193f008db7610991e3d4af012bd1103261a6003c928161"", ""d897d4934adf814e6b679bee6606d923cec50913354b7576b74214ab7d94e3ab"", ""4df1269b51e3ceacfd9f1937307cc3350c7ef2b4022c8023abadd0ebf8fe359f"", ""dbfce910d802bbf780c365853fa77b585f6ddab4fdc0e0f80ea0f9bd46a5598e"", ""606dfc1afc21801d83a57e8fee8d18ed0a38b74ee46a00184221c70875c6319b"", ""726c9d29a2a1f62fb2104ecb3943b1cebac58d2644cf84bc400eabc396f5385a"", ""9390b05cc859e526c7458b81105ae76d037dcec7ba8d0fea9aa7f3c591311121"", ""4ceab46425905b3d547c0d8fceeaa11274dcacf881e2bb7682bd9e054e804502"", ""c7e6b157e2817080653d195cbdf386d39e76cf0ffea8b8e21de600f260123919"", ""0f57a1f210d170fa4e0cfaa8914f2bee09d127091108e930fb0229cf2bc6ca7d"", ""6b86894416dc8f613b1f42bcea629d060b309d46c5c4b93d20720f2c7d82d3af"", ""b013d073532d2654872bb5cd7187eb7fc1975ed33ba978387259ee995c57b172"", ""a8564350601b35ca1e9cc383b3fc3813da5ebccd1367147b3fbae518a2abbf9c"", ""c24e0e9bebff70dbcbf8c979f5995eb260a985583e603c284b7f6be2e16b39d5"", ""4b26f43d2b0662cabb06028e4e6c25c26f0ee34cdfa98038dc711dac842e18ff"", ""0c8692c9f0e85ab3116a38f8f9131ae6c723a93bcaf1d926dd3dc1ef67ea47e1"", ""baeb4402aff0557cb49fcc270d2d9400763a43534855befacf19af9776c62fee""]"
TOMATE,PERITA,SALTA,PERDIDO,Hortalizas,ARS,Primera,MEDIANO,PTN/INV,2025-10-01,1923.2809523809524,kg,detail,2025-10,mean_of_daily_means_observed_days,21,21,mcba,65e01fa101a3fd4aaffd2362fcec6462ba2d4ec69a7934a3b6faf246cab30edd,,https://ssma.magyp.gob.ar/frutas.precios.aspx,,observed_days_aggregate_not_official_monthly,"[""1b254cfa57f9877bec5a8c95d49f9cf38c00ea089af17ed6b22c69007259607a"", ""c871bffa04c86aa6b90270f9aca7e970b73f7de41cf6b856095b4d9bea8576f6"", ""2e88b5f2b29982782669e770a0a5676b064b5bc33de9615619f206f77943f950"", ""d3f8124ccbf3d1db87e7fa7e88c8e63fa583ff93c322da9dc2a143715cfe8a14"", ""2de0215aff42ea37d4c5caac91788a29c875e455b8430b3b44741424a110d844"", ""3645a4fd5318f67f21e0aab461a91f6e7d869574fcfce7d6a50463ac46a5c8f8"", ""d2e548e29a5bd19e654ae10351f05623737054701ba254eaa158e5a2c3b64eec"", ""eeafa7bec7b855965a499c7588ec6a5eb2cdb3645fb92979967f18b7eb237abf"", ""6841ceaed90bb1b74a64975a742b834bd35b5492a86a51ef2973f994296887ae"", ""db1807fb6d466b3a1aa406294ce577cf8feb85148686975e1d7f1b01cc248aee"", ""2ed71785b1f379d9453dae5e3092a2fe34f186e1e3727a4f6a2e4da0567025d6"", ""374e64bfcdc5ae04fa6acb59147d4734cb9cc554747b73a28d7675c79c30dffe"", ""38fc8b15e03726bc0169f1923fffce1da21f1fe17a1d169ab0ba00e1d9a29f9b"", ""cdadb22e72afd948bbae57449a3b31e42dfb43efa6682e3e5f1280fcac7b052d"", ""4a859eb5f4e2b46f25c7b77fab71d292823b9fb1abbf212059a5cdc21ef3f0d2"", ""678a529c7f0afcbd4d2455ae28e95260d472391dc7b50302c0feb57934f67cba"", ""bbaba516daeb69531fbbcfd64864ab52917b0e3ff631573e9e05fe437fd9fd6e"", ""8f67c7e1d1ee7ed9f19516c2fe38f6a9298610695e2f4a9a710ee3f41e101bbf"", ""fad1bf395b4b462414939c766e34dd57a5f896daad42b906baf3ee090110a536"", ""33739b4389b9a6380456a4da2c3a7fdda8e0ed0b0bc0e476b7546229199f8f84"", ""b7a9bc6eb4661d5e55d9b058988dd562dbec1d9d3b16f3c390a9e3686e9ffcdb""]"
TOMATE,PERITA,SALTA,PERDIDO,Hortalizas,ARS,Segunda,MEDIANO,PINTON,2025-10-01,920.1052380952381,kg,detail,2025-10,mean_of_daily_means_observed_days,21,21,mcba,2364ae1437f122bc5ca8632a987e9d7bb556c3fb9326185e3d7acfcc5b7eef1c,,https://ssma.magyp.gob.ar/frutas.precios.aspx,,observed_days_aggregate_not_official_monthly,"[""5581038af65dc0a6b8123b8a8a540438bc853ee0ae0435b9111a65f7c3d581e0"", ""0ed61aef3e1e1d00219849b3ebdbe90b4cf730646619f5349bb5e42a01da33e9"", ""57f184edf3b5111d3a5135a95017b0e672438b4ac6cecc620cf8ce614fc07e89"", ""d23e6c4d26d4ff722683102e5919aab7bde2e728edc735440a09144613ce304b"", ""73a7b04d60a997962c2455447b187bfff54f8f1831a3265ab6c423ae8a1e6627"", ""056e88885bbbe056a7c7df5f9d444b6fb9eee3af2e102f7334085bccd7d3bab0"", ""576c231a3672f4e425487f74078b67e3ba3b21448bc4bf91ee7b476240986560"", ""d9000212010e5f3ecb4aa6f0064256be4bb2e1bcb07bdb1f08a9693125541fdc"", ""9122e89a7b26e14737ca02b9f20e0a3bab8752eb8165fec5a9fb1d17e070274b"", ""88e31d4192d73904f821009d9f23a6f0df4235d866d08d7ba88f31675183acaa"", ""5007a38f432e4c5e0576bb248fe4467c170370f5d8a0bf4f31534618f63f32ed"", ""d85238bf6891d065abf2c9df41f614defcb973a8d34b0fc514d455d77ca730a6"", ""6a27844aab0ce5e268e345d95370e7cece0dc2c3425ddb51eb993498ca57558a"", ""e83ee248c8269376045b0825a71475eb38187772ee0f91214194408fc82e2d2e"", ""167bf52e9080e8e20a8732f4908f97e7b5433b08b041dd1d4f3ae0f7f904b7e1"", ""7c9d50effeb53a117221f54d1f07a37acb1e6846dc57a882c7a73c53d1d5e16d"", ""a4dc2386c6a27c80a4b37aaffb9212666611a1e56bb7f0f5fd32fc626be4543e"", ""890b8c73f8c8efc68f8bc8d1c42eb0f3664265dc0d9daf2954e99814bee8c807"", ""2f08dbe2b60d045803621790049693e70bd0fedd5c9b73ba4e48331142e366d1"", ""458386996c36d0013124129fd88f5035980123347d38ae6d055490f25e44c9e3"", ""f0dc531522dc066897f5714194c0f694031351b17620c43cf479d9bdd544e610""]"
TOMATE,PERITA,SALTA,PERDIDO,Hortalizas,ARS,Segunda,MEDIANO,ROJO,2025-10-01,807.6907692307692,kg,detail,2025-10,mean_of_daily_means_observed_days,13,13,mcba,ed53169645a36cfad6518826f4974dda477a4acd4826e03722244950972917f8,,https://ssma.magyp.gob.ar/frutas.precios.aspx,,observed_days_aggregate_not_official_monthly,"[""0f979e41970017811cf1df213ab905c42124b8027e1660e5d9a03c5901466cc5"", ""1049edec9df8497425a82f0a090cb717b5c6cb3e30bc9656fd26d7405d0787f0"", ""83a8da535767f71767cc6ae3accdee14c8dc2ba8dbb220ae70b0ea884d731854"", ""6c20c44662772915157890a95d140e25b263de667e0074ed91c4f963405dd944"", ""3b5841fd51bac062add1cb35ffa085edaef8c44a900f7aa65a02e8a9dbecfe55"", ""40ba685b16d30c3dfda5d0fe5e4f0400e5e7d89331f5e47d0bcbeb60729c02fd"", ""981ba40bb8860b32039601032cef3c7432e76e0c8bce341af794c3e2ee716d1d"", ""e644702e5d25dbdadaa51bc1f36c77ed37d05f1c858ab2d1c0b80fc0defdd3ac"", ""fea5711ca11e0b8ee31ea21ccdd3531610b99cc0eb219b47344a616b3f687284"", ""3efa27edb4bc656314d1f4e7844315f2ca0f38355b31876b43ba45a0b953e17d"", ""e3e1edf743de5ba35e60d8d5b5383d2d0c9c3b6ff0ef61f5729d25408a60d126"", ""b98e6f1b50bfd5a03a323f9f97c826e3fefd15b7c6840701064880440a801e75"", ""2b51a75305e92b9552df995d36ff5c796c9e97ffde7b1c5828e7156eaaa7d773""]"
TOMATE,PERITA,SALTA,TORO,Hortalizas,ARS,Primera,GRANDE,PINTON,2025-10-01,1500.001,kg,detail,2025-10,mean_of_daily_means_observed_days,20,20,mcba,35c5848f2e057b736849c7df26c6dd19f347830ab7ebf988c4062c6c4847823e,,https://ssma.magyp.gob.ar/frutas.precios.aspx,,observed_days_aggregate_not_official_monthly,"[""3f2bda28ac5f5b6f04570c5dd3b249c013f5780a33880e1d52d4a37361f0606f"", ""1a3351ceb281a58f8f6039ab56a084ba14a62814ed946769a9b4852faf0a4596"", ""6c570cbe3a6353059c62c497f902f66dcd26db101ea75e66b59f0479b5ea6526"", ""4301c86aa2ed2f8889ff0675a532a183616707556b3e3b3db59fb2e7277f4a6a"", ""0c14160c0699a5bb41232d32a37c1ecc66c133a9de789d16689d2d82b5aed7e1"", ""41fd2ee06d067b129b3e2e7c66851599d50a85ce680612b2a5c84b2ba1a11b45"", ""d57377139294f428d445184f7a06cfbebf9eb09c38c4295ea2638f88283b5378"", ""91535a956088f01a218d10387f81bcb16c8a487ba85545909dcfd37d8f5e45d7"", ""c75742c69d97ba230b09c5ca9b9b760c03f230a70843893b2c65456da86ec3bf"", ""87da80f901f4ddd687161469454a0cf749bdb5a5743384e4597cc365dd02a53d"", ""599acd75e570b51af249278a711101c5f81d47b7231d56a39d810e51b15d3bf4"", ""866fd27c9a1aac1c60b1b96538ee16302ae239a354692f1dfef9b63f3197ae7c"", ""85ac2496fbc57230abe74b2d12ffbec01e2a9f2883979a2874c55a1182f5eac4"", ""aec7a2748bb68c6a73c7975b73817b132d46c6aa49f31a8630edbd2c60afd4e5"", ""fdf48b5e83869cd20e5f2f83bcbe1ae23fecee14ee1cde2a8d66bb8c5749105c"", ""84d00f4eccaffa1b119b40e0684ae1249f5ca894cf2a8ad98f1d9eeb4327ccff"", ""68275298d47ee7eeeb89a21d2cc55b94450ee64be48cc1f07ef0b8aa3bf046d3"", ""d87fe26f47146c4a3124eb8f9e0a497f89875776beebc18a243c91116222d712"", ""002e35494cb9b74733fdbc8e07d57cb6b283b9ecde2b7c9ecba909b6bfec042e"", ""06f47b85f2888a3d0230acaa21f5cf2219c66ea582b2d5c56ebad89a1088e93e""]"
TOMATE,PERITA,SALTA,TORO,Hortalizas,ARS,Primera,MEDIANO,PINTON,2025-10-01,1224.8690476190477,kg,detail,2025-10,mean_of_daily_means_observed_days,21,21,mcba,43a4787ee7083d60d526e1ed2ced630a91b70c081f5e918c85ed6a9f83d9f5e3,,https://ssma.magyp.gob.ar/frutas.precios.aspx,,observed_days_aggregate_not_official_monthly,"[""abdb0a1dc186f871517bef96ee65deddcf979300a57b0d2f7020a50176a89a28"", ""d61a5d37dc06cc30cf1f56edc66c585dc5b219ab621c3cfb81f9b6d9b1c1c50e"", ""de5d9f9c5b0b594a567567ce658e5f3b8c7458c134098abcc628ddeaeaf55241"", ""ed07e2d5bdf9ac3b3a60c49b3a6a5cd568b778dc6f31759d5ad40ade04db630e"", ""fbe6b7de8a140e83d345a4b2ef9b7c30da854b8c60abb93681d7a21abcd5a3f2"", ""9d7a71bfd21a1948ecc07059014a199f4b967f61901172df953dafe0810e9614"", ""783caf21aeb07ccd1b5faf5bf18d60568ec3fb9a50fb0b6ba0aff41c02e26251"", ""690e8a6c325191808b444b37ef8e9982d7debc796d40fe8a8e7875257ac43475"", ""58eb1cc90db1b51dba61f4c935878ed7a09232c950eb09e7be0efa087f49429b"", ""bc754ffaf6113fbcceeed4c4676e340574efbf4438acd213dd4384f8d3f7749b"", ""3d0dd8cf2e6be8b1ba2e5b0e2649769901a085d853bb9e6e80971f692a6ba0c3"", ""35e21775731660a700340bd1b299db6e7c9880a94f20c442292efbe1f8fd6bb0"", ""cb73b386dbf503812f8287080d1729001eef1b2f251486b030a63aecfe33665a"", ""07ade0f92ea9a896e25b8464c6cc625e9a764b533f97c30beea1ad89e1ddb1d5"", ""598aa1d1da3c135d49b0120e7a798750a3c6a1a2a2ad92625a7189d52a7d9431"", ""53f01cacf3152eba9b89e0014a958c4abe4b75c986a2634428cec4f43a808bee"", ""193776d4d11cb35bedef3b082cc3d0190818d51ae808d6e7e65333a6acc5c727"", ""fe26282aed793397608db53f9d20fe1ede18486429005f52262c9626428b2cdf"", ""11a8967f019adb21cded0360b03b196c5a088d979e62c32f26335c9e36585e38"", ""b68ea8b843c9cbc223dfd39ad39b0536e60840f12c5a85825b5e8268b0823ce2"", ""57ae1b5019daea06eaff078ef9177e4866674b0641ef1d8bd2622d5daa77c4e1""]"
TOMATE,REDONDO,BS. AS.,TORO,Hortalizas,ARS,Primera,CHICO,PTN/INV,2025-10-01,592.223,kg,detail,2025-10,mean_of_daily_means_observed_days,10,10,mcba,aabdd7b63e0f1cec7926d4a38e8756983a03a1afd30ab0c75819bea185c7259e,,https://ssma.magyp.gob.ar/frutas.precios.aspx,,observed_days_aggregate_not_official_monthly,"[""df9853679756ca058e8ef2aeb72f3f30270c0b530b928ac4893fc49cf49c4f65"", ""38edb8d4bccba44f340f12046f7fbd2056f6e43ea037e02d0398b755fb8ba3fe"", ""0122820759eae98c7aa2439f49fdf8e833c67c1c2480183f146c8c9f1bf0e2fb"", ""0db0b41b3c41fb5acd469c4728afeacab73ceec4d622b987c7968e5e46f5c2b6"", ""6f0aae403227cc160e131b7d85190d5643a4b66bee32d9b73c7b3e0c09fdf78c"", ""d29a8e28171618cbc37f0ea81defff15c05d2d024a21e9a8128d22c1161c417f"", ""f441e363c8237177c0a4f3c9b863e56b806f9abfaa9243e5d3639a09295a3a7f"", ""a8a2a030079f107c7226a3d26983fc50587642c7bd10d1140611151ff93bab18"", ""67c7c8b68c4c20fb0c60b07828e99097dadf31ad24b172abb7bbeae2487b1697"", ""4fe34a2a6be1cceb198d4ff283177ee02d34f294ad84bb553f6a97d11ff2bec2""]"
TOMATE,REDONDO,BS. AS.,TORO,Hortalizas,ARS,Primera,GRANDE,PTN/INV,2025-10-01,1613.8890000000001,kg,detail,2025-10,mean_of_daily_means_observed_days,10,10,mcba,60b13060e0ad2bc3bde8bc33181e6768b62c52cee0c6b9ed935b5c136397ae5a,,https://ssma.magyp.gob.ar/frutas.precios.aspx,,observed_days_aggregate_not_official_monthly,"[""6b2c448bfc891de29d416457c2f71ded806df140f499f7877dfc36e15c57bd7a"", ""9677a186e6b0666344706780f73cc1e9f1db9565c494ec1ca089aaf93c01a22b"", ""fe2adb7ee776c57e4e15cf61e72cb6a8f2bcbced3f4b4ee1fabd120d1527a895"", ""6c68d5456d6ca93bbf4dfc0b47387fb41a667a1c75a7283554dd85f804daf423"", ""1d39379843824ef1b8dd23d85b815b8efd051bbe0537909a28b85adfa237061a"", ""2829fa9423d3fdf551fe9a222e1105be44bd3d0a3580b165403735577bc31ada"", ""d3e08049eec59ec7fda09bda996977726de1850c9b001f6c8ebe96908fec96a1"", ""f67d68fcdb3d07d0c97265862a7bcfc63c1a8b99ca2ce365fac140ddba843a1d"", ""b76baa2ff698ce7e3baf8820b52f36894dd0ea3d326e68f5ed6608a6ed09aa4a"", ""1dbf2284b92ade8f125ad13c2ee83ac2e183556800439c02014f896645e86d8c""]"
TOMATE,REDONDO,BS. AS.,TORO,Hortalizas,ARS,Primera,MEDIANO,PTN/INV,2025-10-01,1494.1531578947368,kg,detail,2025-10,mean_of_daily_means_observed_days,19,19,mcba,5624eb75af5a646b0eb32314faabbc21b62785d1cc02c8d3dba2a58861d04bcb,,https://ssma.magyp.gob.ar/frutas.precios.aspx,,observed_days_aggregate_not_official_monthly,"[""b21bac72a799443bc10c25a4f80ada7eee1eb2d33a5b9259e98a04bb21760614"", ""3c118b4cdcf1efd4566d5cbba2870c2c7aa5beebf49730a5e5521b486a5ae783"", ""1e84a52b4b998bdea1b5c35d58b9ad2ef1d891d7b079f4e5f71726b0f5b26b0d"", ""52bb2627df47fcc56ae8880e6c0bc8c44650c753df2d95d8d77965678cc4295d"", ""04e9fdef72e318456540d4a5871ee63d255b0468c647975cbc4620a7cf86bc28"", ""efdcf2e8539102b27602c2518309d65f76ec9860592341a2cd3ff8fb319e56d0"", ""8d20df1568e4f6f513bc23853ee7c618d4957d1a98c0fc38f9d39f572325c35a"", ""b58da2e53c85d1b03bac2aff1345edcb32e2d1795da187861176732da0753ed9"", ""e80df410927c01845eb258a8753ceb51102a6ebec5bb6051e6597e6c0a303047"", ""24caeddb226f829c57ece7f2c29557f2d1142f43a3da2ceb80152d67b7bf08b6"", ""daa528da51dc03df6ec1de052962e7f9ab03f5b7cbbbc57efdacd0359b63479b"", ""174c08aea6a4926a08d8843ab5e2219212493ad9861ef61d030d539cc0695009"", ""cc9571a4f8c1ffc9c8f440f5d68cd11a8444ed746e5227dcac36eddacf974c57"", ""d8ddda675daf9dc0c612ed67b6c6e28ea63bffdfec1c7ad7fa60873f74c50afe"", ""8ef6021e6aee26945d187ba1b3a267c0294f46a040a9d226d29963850810c429"", ""90d7e02f7c75ea0ceece18b42bc8dac674ee2e6cd52b3fe5dd4dfc7f23731405"", ""9fe9b5c5c3a6f9ebed8b735a4ae72cde8493afe5f7504a7ea83c727b2e8db85a"", ""1d7c2421185bba5cad05f4405b891a7a6800db666e347c3f66d187221c4f1cb2"", ""57c3a3a6087f3826de47f9d7e9981eed0a2c780098d67cf0290b686e40e88fb7""]"
TOMATE,REDONDO,CHILE,PERDIDO,Hortalizas,ARS,Primera,GRANDE,ROJO/INV,2025-10-01,2262.6254545454544,kg,detail,2025-10,mean_of_daily_means_observed_days,11,11,mcba,b0d8447bec9db0738ffef1aff4b215835cf824ac1554cd60c72f66e6d14bfc01,,https://ssma.magyp.gob.ar/frutas.precios.aspx,,observed_days_aggregate_not_official_monthly,"[""89005b77197b7788bae99a026e8e8ca4df28a58aa435a3b39b5c5459356677da"", ""277dcf8b441c66d6cfd828c86488e5490f3cf435dade94fc5ffdd71cb63a2a8a"", ""95d7e5cdb86b7b7c47996acfb0546441e09d8c833348f758cf62270116cec07d"", ""2235ba9141b873addd932ff62f32d2bdf178abe21f8e6e6827a21c8c5298387e"", ""5e0523fb1b126fa91c44f71015f4a893cfcbf09a522b01f37aeb8ccc7faaa749"", ""c05e029ade2614e5e8bfdb0f7df5ebe348622e142aa7baeb3c26bc403d821835"", ""e3c2de2ce657920c45d4cf78bb4ce89451327dc5ae9a1ea7a1512d6c0f746898"", ""329f351d3f8dd1eb61c9226927302b3d9955b03637a60aeb9e75c89af83859cc"", ""523546db543a30dc3abf84120329e2decd693ba99757e96db2fc692d46ac1716"", ""28c9fc61654b7c42e47fe2f6a0420e4cfd5be5d7884083f78e7fdb4c3a6c300e"", ""a96ee5fa9e7937811dfb279db567ec47f08c1f7599595e9fad7653e6505390fc""]"
TOMATE,REDONDO,CHILE,PERDIDO,Hortalizas,ARS,Segunda,GRANDE,ROJO/INV,2025-10-01,1555.56,kg,detail,2025-10,mean_of_daily_means_observed_days,2,2,mcba,bb9fd4567b44c55564ebe4a8aee59da16113e276acae72c33964f9f2632ddfb1,,https://ssma.magyp.gob.ar/frutas.precios.aspx,,observed_days_aggregate_not_official_monthly,"[""36ff998152f21760c870a6ef01ac6040e43f1b460d9e208566b126379dda3ec5"", ""b6ab7fe9395d72d55d36a2f74166b79dc0d30f8c9875343bd6539f37dc0ef046""]"
TOMATE,REDONDO,CTES.,PERDIDO,Hortalizas,ARS,Primera,GRANDE,PTN/INV,2025-10-01,1675.595238095238,kg,detail,2025-10,mean_of_daily_means_observed_days,21,21,mcba,b30355ed4688badb3136f0397fc2ce5a17a96dca69b099eda38dcf437b89b304,,https://ssma.magyp.gob.ar/frutas.precios.aspx,,observed_days_aggregate_not_official_monthly,"[""eb7b4f28cc87f018595f61601955bc844a2866b1e630e816274efa36b9fb1bf0"", ""7f11d9aea5d1496bdc1c9df3951432c3f52367fe5eb5d0739c22260663688090"", ""e43d15fb5c120fc7782ead5136ae1c78c3ba1ab9a6c08bae2791da06fd31d1b7"", ""6107957a5c765b75701928e885f93674bfa6bde8aab69415c1c14c3e02a30242"", ""44fe02c86fedb6013c655f5f97a09ab4bacf3e749e8317b76952c76ae399d32b"", ""5b774574b0c767a8ec8f053785feaa5ac3d4ab23d5902f29c5d187f59cd7f75f"", ""bc26b023aa215ec17726e64551dc13a76de9d39484179ccfca449947010689c5"", ""3b12b641d162d57a421d1d63d258b3d6903dd67ed6fd40a159ce5c14670215e2"", ""563f6e9098c4fd4ac154d3884304e3a700615aac10b3a9a8d3e339a2353c2525"", ""1d60395f215d41d504fdb99798655d4d48e855e5e7c49b75533a46a0533abcd4"", ""67649d685b0906c65c0c3a373a57afeb701b84da339f52747fb5ccef3ce38dfe"", ""4aa57314d362017af3b217a35c21e3a57f92167a66990dc8fe68ae9250d79722"", ""a6be3ea91f7439eba95e264075bda2ebcdd60bb45f500a942674e93df068288a"", ""3a83a48e254b3bbc6162cafc57f8b8ba3fb7ba844559a3dd0f893e4c15345fa2"", ""1810d9f17a0e99ac6560918295b5bb4ce0e215ee86540b6750d562b2fd1b1f93"", ""cbf1400f7418c7d0bca5e5d77fdef74a6533d9f7912c492b3f3c2bea225880fa"", ""3fa2f9cc32cfd30d363ed0d36e557c4198c3d0b2a0fc852fd7e08fdd60382665"", ""d28012b39ea39397196e7cc0fa844728304d4796d95975c53c6575af60859ef6"", ""2416713ae52398c12a9c3c47e8705b504f8c27456512b58a94c5861c610dec91"", ""8b951effbd3bd9c1741bb9f235459eeabbc3704fdedcd3e00592f3dde0192a7d"", ""e19ea712d7936a75b9dff1a69e683164d62bbd086511766d0ba7042981b9a482""]"
TOMATE,REDONDO,CTES.,PERDIDO,Hortalizas,ARS,Primera,MEDIANO,PTN/INV,2025-10-01,1364.5833333333333,kg,detail,2025-10,mean_of_daily_means_observed_days,21,21,mcba,a103c558d079ae60672e6f16395ece4d0474a61f1f6fdf6c93be334b49df0f05,,https://ssma.magyp.gob.ar/frutas.precios.aspx,,observed_days_aggregate_not_official_monthly,"[""77630ed1d64e9287c0666307e9e0bb44f37fa0048f1ff933c6914b98c5e050c0"", ""9ce56456ad7cbf036bf7ed01d2e79bce127b9c47e063558d78732211bb4538f9"", ""05f010a67f603febaebe7cb5b2884bbc54be58145b6972a16ac05b69e2ec9e2a"", ""7bb46f7af2e7df0c490d1b294bd47215261537203ea5a09b42d4dc74f93bdcf8"", ""e680c295b4ab0d1724c18233d5f664598a19d55094fcdad3ecd6cfcdc1262740"", ""affde6a5234ebc80b9335951f89a15b55f0359e569f3de92b3e4a53a6cc460f9"", ""b2a809649146f1cd5cdceb17f6ea06afdd1608b795bef0c4312503102f64c2fe"", ""bcfd83ef43024c3d6fb29f5f4151245be8780d82cafcc5748b5cc8b4b5333d3e"", ""35b461d60308600545527f93e113dccc6965a82d5f58acc4d87ff521cdbf14f5"", ""c87486a5ebb67ae82e9146461e025c7e7cab218fcff23d773bcf17ea63bf68cd"", ""770aea306abec202ab1b67202c1f0f7e3c1fa975488349332206b1e1e6031f93"", ""c30426f443ccb3a991d4f52ae3bb02c6d0153143dc11daddc0dcf54fb767f820"", ""57ae2cdbca88cdc216426759d41ffd1e3c546974d394080f23515747ede3ecef"", ""2a0fde23aa8d511a76f6d9b92c93bbd1b5560d7dd3359d01664c57693ce53eaa"", ""c1ecbc0242b7ef78ea89a1710471e9310b5417460ecf94393e53479b048cdeb4"", ""37c91785d27023171f161020cfce68e445bd1a1b35cbca29952d2b71dfbb101a"", ""2411e79699645f79d0b4e776d4f3e26e690a27c648252b7bdc6e20b7704ce1c7"", ""8a6779857ea7bd526e14fea290ed606913bf968a1da7319705b4d11f964d4ac6"", ""2c9025f36b9015d09139ecc036a8a115695fee2457efb2ca55173875e43c536c"", ""6644e6802fe3207f89bcecbeada8edc0c8aa353dd439dc643b9d96ec0d7d0e85"", ""d5c47940ef7778c916bd28c461864fd7973ac8635e2a47f8710eded0ec647e29""]"
TOMATE,REDONDO,CTES.,PERDIDO,Hortalizas,ARS,Primera,MEDIANO,ROJO/INV,2025-10-01,1193.452380952381,kg,detail,2025-10,mean_of_daily_means_observed_days,21,21,mcba,3d6bf23909a31eb87a4e697637118a3cb7d0c47f2ba5d3728bfa8bc948c3087a,,https://ssma.magyp.gob.ar/frutas.precios.aspx,,observed_days_aggregate_not_official_monthly,"[""36c8f87412ea161cd90ce81d020377ff0d60d4164e74728db09fdadb12ddc531"", ""8553e2a99bc8d58ddd1d9fff561368f4e19e454759c4bfae5eac5958efd73d5f"", ""2bc3fd25b1d5b088450e859aad671ec2bacaa91912c82a023f7ef43f1a5370bb"", ""54a26cf05ce12a2295d442344e7faa81f3737f6457bbc47fe916492951d523aa"", ""fe7d915a5a54b8e91d879de51636fe10b2490e347a01d947baecfb5879076d31"", ""503fb00d6069712f5497be2862eaf8bbbff1bc9f78a48162a55998a77bbaf61c"", ""139d86a3aa0ed5a4337fc6017ae3f8248b2f5e628fc93a61f895a7e18d000177"", ""4bb69c722ead9b846eae5a106d4e578cae4a4b07182892769710cb45fdb975e8"", ""9e1ac5a525418471bba365194aadcea097c5f4e025652952523b233ff20ee1c6"", ""976940f435ebdffb47b552bd1af732d8716a116b310172272db37d7a97979b74"", ""c7c753ed512300f5adec307a0f96acfe1a463db58fd43ed7b47f916f0a7fcb2b"", ""e3deba0d4381bfc53285570d916238d317d0a466f69eeae21a100ef6f350ea63"", ""e2bb09d453c778c57e12ba0a6b611268d0270e1a3693acb345c08f50ce3f352e"", ""0b63160534e92b59e076973aa70f3d99199441a2a5eda010c8cc0d1d7549a123"", ""154359eaea670b8625194f36f4040359a6a7bba14c6d4ecfc417058fd18cc50a"", ""dff6467b6497d4714b4d5dcc620ce211ca910d4d99f98f70337ae3f4b0668e16"", ""193b99170b254582694efda428ca5eaace1093e5a954893fa9a2278c73685860"", ""33020c969c06497cc00226953c47755bee7253fb82ec5db295ed7fcc9cce98a6"", ""bc325e6918c4ec1c298e9c96da8af3e69f417539676f237434bb18ce5a83e7e2"", ""77e79535cace4608832a878f1317de5f7be3976f6b5d53c8345421d5cef424e7"", ""4cb046042eb90d3974cd721c54ce6c513bb26b9441f919699b9ed377abe0cf85""]"
TOMATE,REDONDO,CTES.,PERDIDO,Hortalizas,ARS,Segunda,CHICO,PTN/INV,2025-10-01,595.4545454545455,kg,detail,2025-10,mean_of_daily_means_observed_days,11,11,mcba,b48d0a187d515aed072e2a4cdfa3deb4f6d753dac30eea16a0e68af0cf949aa1,,https://ssma.magyp.gob.ar/frutas.precios.aspx,,observed_days_aggregate_not_official_monthly,"[""5aebee82210d5a7d2870454a7e5a04c5179b53a37502e03137f74f9ffd932e27"", ""9c78a04ddd143fd1d036b2ad9928b3fee4d58385b9a9bc80825a4d11fb781761"", ""75d3d951b7fa31a5dc25ea537424c7473e8dde422de3cfd84e02dd3ababd584c"", ""1f409a3200503af0b49ad57c92d6d23264f8e5197a3bf8e33306f77901f743b4"", ""d9b7a8b571817b7278757f7ad49851541d44f43bb2c2c0ed811575ac6bf01f62"", ""726dc24c09acacd1ffabe777789639e70ad49693e1cb96190053abcfbb2c5af7"", ""e84c208574591d951f56364fa46dda0aeabee30a640dca31813545d1e059926f"", ""d318084f9b978aad7f1e42426bccb88e5d0c4c8bb37b375be47c5cb2f9c7d3ec"", ""25b723217ae8536e9d943f301977541eb28d100e1ee7b234d19acb1d77ea7bfc"", ""ccc7d3bfe155081688b456c2791dbea3b221b6bd5223fa5f6c86c958792c13fd"", ""9f616a7663edfc9b939e2c310ae6ef4e8f6af99c28863f50317fd4f22c100cd1""]"
TOMATE,REDONDO,CTES.,PERDIDO,Hortalizas,ARS,Segunda,GRANDE,PTN/INV,2025-10-01,1200.0,kg,detail,2025-10,mean_of_daily_means_observed_days,20,20,mcba,5fcafd00f258b24cf87271c09a893a3dfd3131e45ea1062b023617d0bfe44933,,https://ssma.magyp.gob.ar/frutas.precios.aspx,,observed_days_aggregate_not_official_monthly,"[""666561387002f5486afc160a2162e84aaa68205b25656163fcfda554f81edc6b"", ""618e3c443b01f4f9e78fe37651f841ce8ae451efc6afee1162d6ae9072053c6d"", ""a1c088f3ed28332a2c1db33eb77cab321e16f5e61c049ba2ad6278dbda35065b"", ""1490f37ba93d430b1123f551229425b28ab923fc43c64fad0d4101865d7df119"", ""407315a023b96cb180aede2c4e13d344297b046cedbc11d059564679a67bf1e7"", ""23c35e9665934cd5b691cc97171d104bed8f19f9a886b68259eeed0316597049"", ""226c0ca9baf40169fa21c62f21e6ecd0ca66e224d8315022a08bf395fcf05c9f"", ""08745ea8bd7d1e3bd165f3a102a8391967dea698e6b066cdd0736c88c1cc4c56"", ""4b037ae65c934898e6fbdad0a8dfbb0ede934796d7c38da1be5f2de8f10537db"", ""911de034cbfddda5b3e69a1d4edec86071c9e339a1cca19678aad82adf274454"", ""a86eee32ed1b287ce5cb0450cf39aa7de03f8b1d9ca7d1afa99a27e32560ba0b"", ""6881d21baf74634b2c55a488b49dbf96e815d53bf7a2ba1152c0a6246513963f"", ""2e55c431d59a03ae806e1764c7c72cedaf0d03cf2a9c6f9f9aead68a17de6882"", ""df22397eb2cbf37a42d37f71c13df5bea5cc1e1e01f1bb970eeadd498fe98608"", ""9038b86126b7856a1c0c3e7ecbc2d4973f0c2f86307004c15c2780c1edeb5a5d"", ""1bac661f3d9a91142eeb41025163432418d32f02cbde1c823ae9b85883916507"", ""b90da0706a08db9783ae36194fc577798eed18dcf843670cf4fe81dff4b7608b"", ""07e42ba100ad507c67f121b5fcded70aa6dc0d9990df4f4dc755519e6d80aae1"", ""8dee819fdc252cb399444624a1a2d71ea128587cea7e997c7bde25fb0c48f1d9"", ""96366af9bb6d55b0942beea82e2f58e729d5b4ef4f50e8f1bb19145d5bbb3c08""]"
TOMATE,REDONDO,CTES.,PERDIDO,Hortalizas,ARS,Segunda,MEDIANO,PTN/INV,2025-10-01,934.5238095238095,kg,detail,2025-10,mean_of_daily_means_observed_days,21,21,mcba,7575c9ead0640d80402982c07ea8897a7131d7aaf3c069c11d08415fad8658ad,,https://ssma.magyp.gob.ar/frutas.precios.aspx,,observed_days_aggregate_not_official_monthly,"[""c5dd7448ad88a574db139407010a482d7a151e75d35a116b72167ded2271843a"", ""c282708795c31277b469c7a07bbbcb3822af598693e827a3a4b834cead8cb77c"", ""adbb11feb9776745320ed7c3d69a0cec7e39f850b6babd74aa30c6ef6a9699bb"", ""2df7ca5a34a42add4881ca34b3c50179d18efb04cbb97e415cba1473e7056231"", ""e9806df1f31b0aaab89e4a2cf3b1806d5578464fe97fb6621877e5a9ca6f202f"", ""385dc3de301b47bddf0d399e8f556b7e2ad32377e8f6c8bc91debff9dca1c132"", ""766b0e7cb93b4321a8086e2ccf7182d95d341f05deb8806204f9ab4f5142d6c1"", ""d563aa932f0749ccf6784b44eb5e08fa050dc8f353ae7346b42bca38c0ebf16e"", ""9e43e96756ba996658a518ab5f7ba2b25723a6a59b078832afa24b9ccd503b0c"", ""a6870b342adce09fc1089349c38efdbea01fe3c8c35537f99878ea3696272698"", ""cf76bdc547d63e65cd011d4e3017f0f169644b9696a26e5179d63d9620e11ce7"", ""17d6dab71826e16a5897c34ea58c80911a013aa2e32114168863251abbca3baa"", ""45a3af92c2bdac4016f90002a3a06690bb126df597e44ef22c1cdce1ff579b93"", ""4b2f847cf3ff1eb41f83cf233087cac5c386b35b1b06f56f90ce2a99b1b1731a"", ""90873205d9fd11be44de4e274b1b79e7270c315b0bd81f904718e6f090ca6db2"", ""49bc0e1db55452d2d13b4c58ceea207cb60d1c6dbbd0da4a28833d93434998de"", ""a85e920ae5e77c44fcb931075bd5d8210f01d309f39b304bd160d429e42a526c"", ""8ab5382d0a41f2ac6bb42293749a5995d8db209dd50cf1797f52f2a48ee25dda"", ""eb60018008d524066fef7adefc94677576f4c72862f994459352b8201befe711"", ""b7c8bd053eccee804ca9f1c4db8781d6e4107bc67fa8bb444ec3807689ed7ac5"", ""e027a677f5ea617702b0a8d0bae9992a199217c7191cc3a8a7ce5c3457a53528""]"
TOMATE,REDONDO,CTES.,PERDIDO,Hortalizas,ARS,Segunda,MEDIANO,ROJO,2025-10-01,1625.0,kg,detail,2025-10,mean_of_daily_means_observed_days,1,1,mcba,cf9d765553b960f9c1a8c2f6de775477f5c3f077e30688bf3bbea01d252b6606,,https://ssma.magyp.gob.ar/frutas.precios.aspx,,observed_days_aggregate_not_official_monthly,"[""970c5acf907a5ead279bd148f3f3729e3a7babc2f6ad6515ab77079bb2d6e084""]"
TOMATE,REDONDO,CTES.,PERDIDO,Hortalizas,ARS,Segunda,MEDIANO,ROJO/INV,2025-10-01,1183.5526315789473,kg,detail,2025-10,mean_of_daily_means_observed_days,19,19,mcba,011eb05cab98311041ac08992d843530088a8da443f2ae2b73a52a73b801ea65,,https://ssma.magyp.gob.ar/frutas.precios.aspx,,observed_days_aggregate_not_official_monthly,"[""9839cf5c513b041db20bf60c45cdfd1db8bbf5632a139ad43900798569cd9424"", ""b95a69002a3f01dd5c835ff824a16fe48c9d2fcfd40940f22e2b67048b713442"", ""fd14aec5b74d1a271fd572c7f45255a5b391f4d4089b27b3551e9679d155c7d8"", ""c55ae7daec71ed214e3c8a9bc0f9f32ebed46c15a0f6aa22e4523a9592b68536"", ""33b1140ddb8f508bb029fe9755bd8b93487432b80da00a0556dbc4c01e6033f3"", ""1a6ea757a05da0a3ce8b6180a8ff1819889e812cb5923b5c3cddf484dc4bc4a4"", ""4d75daf38b1529bf1df2fbf8ff76e7015fa8dfd28df33809b0dcbdd48671fe88"", ""dfe54187a05e29189625aed11977bbf3e095807bfb61b31d7367878e79e0c6ab"", ""b599a97a8977d3c2188201d3a603a6cfd40ed0516f419c8afd71f5e4c435407d"", ""b6c6c8ace57dc0e5bffd93305857413cf1ddbe24e1c99a9dd5b9c51201f172cd"", ""41c6c4996ee917800db64c8ece67e308f697dd001eb68d702dbbc9f8e11121d9"", ""3e44c75466d30cde78e1a1a4b7773d606ac717b61d0cccef30cc4a38daa9b607"", ""64558465f79ad6ac91b7727b60628120679b4b4a684891c5bd030483a291b1ea"", ""21d87882a530fe6c7eb80ba1277ba4352e375a6c5d6a2208207123aabe579ff3"", ""1b62658af88225ffa865ef01b011fb8f6484501c8bb7128b0631d93d943564f4"", ""f43df147f1783dfa2b00fe307d79fcfedb23053476f7605e02601f9d70e7e1d8"", ""ceda647194f88d95c0a977e69173216f586ddb5f67383b33c748645e6f95c88f"", ""b60c70ef82bdb747bb8fed5eb3d37901445cc58d86230a4873098a47703d5b39"", ""000590cbab65990de43b1f240786852151dbf31cf6bccfa4dfc770a74e79262f""]"
TOMATE,REDONDO,SALTA,PERDIDO,Hortalizas,ARS,Primera,GRANDE,PINTON,2025-10-01,1225.1452631578948,kg,detail,2025-10,mean_of_daily_means_observed_days,19,19,mcba,1dab6b75620365c1412fe18a338f0aa0c0e6881810b438cfd651d671f2dddafe,,https://ssma.magyp.gob.ar/frutas.precios.aspx,,observed_days_aggregate_not_official_monthly,"[""05951da1f08539cb3c2f0cbd835a428ef798dd6841ce714a442ec1f746f5d04e"", ""ed0f34225277fd411aac5cf0b4c23e5672567e786bbc15b35b1ef07c27d85e82"", ""3ad6bd9076ea147bcce3715bab477a48e71465b1227e2a246a40688a5266dd5d"", ""b8e2c19b68ce8e5fd3b10904166a5744daf35a47c3ee6d2b7224489ea5b64527"", ""bbdf056020d46d93b45da4768a1e51899c6ac22c5e5437de4d1710c5f7660bdc"", ""3c0801ba6312b4a6eea589b44b1efe63e52451cc4965b62b2c90f6bc7052b389"", ""230c6abdd548a5c044c220bcf046a9be0b29ef37e290a040773bf15acdf005ac"", ""4deed132ac07187f32e14dd381743c1c64a79f0675c6c56ca799fe56e29ec2b8"", ""867efa48f7e585bde4992e2a54d189307bbbcca1c04509376a2194ae729e137f"", ""8ef7c5e336c52b3244213970715094d00b8eeacf13e29a182ec5821ceeb5cd50"", ""7bb669484f135c5b860456be5680dfe9ab9f50e3a2224ba4c8bc5ccaee44c04e"", ""0243f38d7cf8bdbc51b3e01d06d8b52bcda5c25dc60f79e1969a2f70cb52cd90"", ""710f9c417a7251ee40f43cada526a4c5d2659aba49fa55d4f69107103e31bfa0"", ""62c60b7ea1e31fdbb9f4e5056745094a50de64fe4b1561e5de0d2014b63fcbe5"", ""41a70496d4e4cf0db6ced588ab07ef4fd466295f0d27edffd8578e68163e2a4f"", ""8b08dae1e0f0bdf32bd5ae3d29afa04ffa9a2162296ffb386b62041530649b18"", ""5fa05bbed293807e7c9bb2f03cfc73f119f1c3adba7d480861a5105f085dadaf"", ""225d288d64995ea3a37df10344febab08c14f577aac0a196ed7f4c48745e1a06"", ""4256839efbe8dcc0b5650a08e83f386a0438e9096f84de6de2eb765beff4a59e""]"
TOMATE,REDONDO,SALTA,PERDIDO,Hortalizas,ARS,Primera,GRANDE,PTN/INV,2025-10-01,1888.8885714285714,kg,detail,2025-10,mean_of_daily_means_observed_days,21,21,mcba,a0d2934787a51c81d4bd79fd6c89c08ca98df6de034d132d14a5c56fef8f37ec,,https://ssma.magyp.gob.ar/frutas.precios.aspx,,observed_days_aggregate_not_official_monthly,"[""715a7216dd432181307061ee73b37d4654d46952625a81b7ef8de2fed9a2e657"", ""61de7d31f8bc077c8ce7a7814477fd389039193b186c4986f2bd992901003804"", ""5e823eeeef9fbc5d5572a6f0b7d6fb5bd9565cea7d51f6308bf61edcf897cdef"", ""bacf198d7f038e948944d0727b41dd897c28fce87ef07a3ba18b7e575af10820"", ""583824fb54b08ffdf8a946a1281a177d25db84ebcd49e58775634bc205c30151"", ""4135eed88e7aa717669acce0e3e8cd7b54b5c1af80e298018511d22c339654ac"", ""e2c4fb6f01206c377892683af44d38d383165a0e6f55ebb2f167579d6ffa0f32"", ""6639e0143f26c47a7a1277b2d559b786b87359275d6428ea4fc3e872b9b5b49a"", ""e85a01f7b9df619a86403d19bc18ac9fefc9622917d234f260f9f18db3ada130"", ""bf00c8be38fe8dc35908a5e8c42dd036569f4a92f8823b36249439884fb6644d"", ""52768f47270f517caf613dfc28ed4f207f1b286caf990511f6b56c6326a743f9"", ""1156a90b7da2823d8beacb53db39f3faada9a39801c884c90ef40dca45974440"", ""f0471b6f7365d65aded59883a5d866861a6ede49bcfe963cbf82a9afdc7d0fba"", ""42fa4e0be8a326cd63f231743a89deaaa6cde4d3b6b9ebf3306aa83549fc8193"", ""49e5d696da0fe9ce3f8adda9968ceb2ff591ad0095bb576f4c137fbec1139f32"", ""ce1f63fa71ab29c28ce952a4feaeb9fea5959584f9816550efdc443c91f3dfd8"", ""186afde9ffe7387f7e8adbbf299c4cec389fcd12c0f73c16bf531645f2321c13"", ""5e490a82ff83e9b27609cb4d8dd2b977b07e406207f477d28a43ac748d50eff7"", ""b957fa1260a5df1a5f29f7eb38d4fc5c68d9c4dd0f448069de1b26981dd065cb"", ""3730e73d931699053c3844a8f0811fe15644493bc963b8cdd9d2c6589f81b9dd"", ""fe32c4ff128d8778118eedfb53396667e2fc4d1a7acf51684a0637ea79fe7d43""]"
TOMATE,REDONDO,SALTA,PERDIDO,Hortalizas,ARS,Primera,MEDIANO,PINTON,2025-10-01,1045.32,kg,detail,2025-10,mean_of_daily_means_observed_days,19,19,mcba,9cff799a905c00c94045a53424f6809ab5ed53ddecfb95ce0f3556dfece9c899,,https://ssma.magyp.gob.ar/frutas.precios.aspx,,observed_days_aggregate_not_official_monthly,"[""3f964095d874820296827f5c8fa223e15ae0e1d2bacc069819d6341cd745cf0b"", ""b546c2564598d8c0044bfa1e3bcaf19f930d7aba0a0e824fc4adea9d1b05c669"", ""c9a5062fe2d24809e1f7547f29fbe47d1ee2d8abcd5227d1be2a2f69ec3271b6"", ""9fefbf5531dab075303cb249c2df97234f7afa6af0dec836d0b13a7a7a15cc93"", ""8b097a7f8b306f8bdba41128ea886013c41d64905e6079e244faef7641a0adec"", ""3347802a88792553759c7df95a6efd1f550173caaec8735f16a9de7b439e4718"", ""6362c9c0c5e0066837a148f9c7e8d2247654be6852f55e5dd38722e9e725d917"", ""0dc1d45b2ac575fe90babd73b89552b18448a5a36ebcf3774a2c1962896eb647"", ""7c4a249c2752945dcfc1a6a174a9d871c595c1b25f888a35bad8bd903d44012e"", ""1040641b896bb286d3bc26ef7ca607a3dd26ddd583646fae589a07ad3afa7aaa"", ""66262d99f2778c690304bff2bf7c5844b6ab370ae662afe2c627bb4e8059ab91"", ""740c7f1b658971a841a1b101881703c220e1476773e93b4ebec7ea5f80470820"", ""fda7369e396873a1b86204a2331d0a94276ab1d3e86d1ea2384a5d7070404069"", ""c74e4bfc406eb13e78f0c82151dc3968c51a83a62e0c135089ce13621d1b8b7d"", ""17064ed1979cdde7e33692bd2cdc450bf9d0ff4a84484eeca7af3123bf6a7fe9"", ""be7de9e1e5991e856e3d3db8a7b447ff32e290fdc706b28ae1ca23ccdb10b860"", ""b71bfd946f4173f235f867a7f3998242bfb0cc62b28dac74f8d8bfcea097db34"", ""e8088800b2e2b3eb1a857dd827282f97a4a09621d76b1c998ea8e10a355e76ed"", ""8e2d933cfba60c23549eab9872544c694691dad077de6f61571562bb8b6fdbd4""]"
TOMATE,REDONDO,SALTA,PERDIDO,Hortalizas,ARS,Primera,MEDIANO,PTN/INV,2025-10-01,1600.5290476190476,kg,detail,2025-10,mean_of_daily_means_observed_days,21,21,mcba,d66e7d783c2ca0c228f011605dda53b21f33c73b999fcb24e6d15930af3894d8,,https://ssma.magyp.gob.ar/frutas.precios.aspx,,observed_days_aggregate_not_official_monthly,"[""4d66d4b9b1c739d4f3f2c33846c4f4d58207859b5d35db6f3835748bc8167139"", ""7c9734fb0b3954811a565cda264dce40f8e32cb7831f4c5e6889faef7c1e027b"", ""a5c7ca475df5afb83fd63a1035bd07c632fe9ad3a89480b45ae4fd31d9e4425f"", ""e61de8c41d49705e148e3e24468b569be6cc1d62f720d5cb8733fc3ff97154eb"", ""cfb89c9f1f2b68cedb5cc826309cc43d06275d5d219fbb573906ec96f08fc2f4"", ""0166fc84361d536966d3f9368ee90fc0fea69198fbed910ea86b738e9d415f01"", ""3301109a4d57c298cc3c98fd87f7817ef7139ed752093d081529830a652f92d0"", ""c83a431b9f6498c24b14a20b4c543e4699491788a008f37417d9a85f895bdcab"", ""884b52c006a0c795122c1b5ec5e455c463a19a93b8f47040a5e9f76a9b8c81df"", ""36e0ea9a40492d9917a3ba3c287064585f429d89b4153182c7582025d4296365"", ""a92c4f4f53dcbff8b544c3c50e56b30da5c557413fd69d24b9394bdd2286d045"", ""569844cddf514676966cb92b038731df941164a44a2ce5a936fc29b01cbd8644"", ""0b2cae7b75473301084860654bc9a2825689268b3de6013a0a2eeb50539e578f"", ""00fc61b880e6bd3b103b27ccdaea7a8a53c62e9c4ae3d23c45b8683335c00745"", ""9f27c9443d44dcfd16722f755fd1536f705643995a9bff3d7c62491c2f464562"", ""0b63b186355a15604795b08cf28c1e2cf14ee3449f70f35f8293437d32ee7b35"", ""79c0ff7afa595a009036a64857444a554c73fc3f943c84ff1484c9af82299899"", ""92e46571600270924f899d7269bb611a3754fdc30a5f5387d7dfa08cc70a8ea5"", ""c2e5b0a8da0061ff8dcf6f11a6f4ce21fd9c6a697b462113347df801c1171f88"", ""4e677f81b002d0aabd2d2e378d3596201f66856afcd85639acd0b623c1361a12"", ""51a6ff087c680ee7f11acd1e45a004abe445ba8688abc8e74adc92fbd5a79756""]"
TOMATE,REDONDO,SALTA,PERDIDO,Hortalizas,ARS,Segunda,MEDIANO,PINTON,2025-10-01,777.7771428571428,kg,detail,2025-10,mean_of_daily_means_observed_days,21,21,mcba,a966419048aaec6c002cd73b85e5970c285c2bff86045d249bdefef4f68fda10,,https://ssma.magyp.gob.ar/frutas.precios.aspx,,observed_days_aggregate_not_official_monthly,"[""bd158b3766963e0cb109a70d758c8d52e90554e75fe6f366ca967290c40cabe2"", ""ee6863fdeebef2edfb757230154fdffb17a86c02144b0855f5a8c97bbf0133e7"", ""eb4dad01be457ad63b717b2b9e4c7bd581ad7c48dd120238863cd61755f5a682"", ""74bdf653cba77bd9c5a82ecc3ee87afd555f7e6a490618cf98cbfc3d303385ea"", ""2d45406fff5661c49bff50b43c9fa1ab520e0df53c1d1d499a8c6400f39a93f9"", ""2cee8646bd974e0862a6b67a1e28aabc16f60b1e6126d7650b465838e988d844"", ""3266a27d073fb5f87a8cb86fd82dfbb082ee161af68bbe70f59487ef42f7aeea"", ""2645bfeed47a3048a5927249bd3b1e7fd16d159afc1e77df9d63f78c4f731150"", ""068ff8287c3b344479f8f2fcaebcd251e0b1e0c8da4aab64bb26ef05af8feccf"", ""a8f0410df01c193de3ca7f43f0dfde8f9fe3398b7dc0f9a8463aeb4ce6b14253"", ""f6bda66576670b238455743279cd33d037f85406a90b41228bd422953588a5df"", ""80b67c11ed57846f47c67d5acdefa62a0ebe94056e335198f7ebdc1a1486b916"", ""e9bfd15d8116a8c8f1145a40bccd67f4fbdd295938d61ad6798d6d74303d4d92"", ""f7e9e969912d52e02c98cc7582df1c99fc3c3dd36d5a57eedf2d2ae56484c3dd"", ""26d332a1cb138688ad102b1eb014cfaddb8316fdffae95a45e9f015e57d81eb8"", ""5797f664055f309ff4398bd4c588136583b52dc65a4daff197e7345e573d9ceb"", ""b9027a8ef0eafacbadc2fc649ac7c280218bdee0c75c124ff6aa4b39f4203282"", ""c11aca8ef408e793252581f193130362f6a7d3decd075aa08967364d68e51847"", ""1cb8815f96a083c22cd6faf428e880bc88d237ea3011be8895ce18fd9431cd67"", ""3ad36bb39a141aa76867b0f5f8588b4ac5ef0c4877110441a4c17e9baf5232af"", ""a111a174a6abd660222ed4ec24016ed449546758eef3bae2adcee66587143fb8""]"
TOMATE,REDONDO,SALTA,PERDIDO,Hortalizas,ARS,Segunda,MEDIANO,ROJO,2025-10-01,665.3442857142857,kg,detail,2025-10,mean_of_daily_means_observed_days,21,21,mcba,ed05604dc51e83e28b7dd4b9b0b9f1becce40147edbdcb7d2124e8e2390c4304,,https://ssma.magyp.gob.ar/frutas.precios.aspx,,observed_days_aggregate_not_official_monthly,"[""98b14e7578601f8ba0dd6df904ca400a68144edc9dfd8f4cf0a906be3c0f4499"", ""2e72471bc0733aad53526286074aacd64beaf112560271e7a41b3b5745b24603"", ""bd296d51bb656710b1ef365ac6e72b029ce4ba3d38c351411bcfc17953a11bd9"", ""ffb8eb305dc8a4eadb0e0a83e265a346e7acf4f8b915b90497bca3947bf8b883"", ""153eb3ff854365acf15c3db4ed83bccf23d4d51820c97dfe97122f13202f88fd"", ""cf50a9f9641763f87252f225588bc82ee7475f4d1d67b553f97ea278eb8fabc4"", ""2078549238b718fa56d1fdd5455266e32b5558b7f6a313b66c59a6cf34919dcf"", ""7aa2664fa070147b31ba924d3c2c17ab1f5eddf738256993374c9ffbece44b1a"", ""b9fb265e5056fda06cd1316b6d22e75291c4f050e8f07a6bf015068de2295d9d"", ""8f95827d997a8244d23bd1429f8c408f92f0df2613ce6b6ad271d0f617ec3842"", ""9d95723037cd36abc351acdc4c6b496f33f861aa9cefa3649a4cecdcfd8f32f8"", ""8a8fbfdcaebb97f2726df3d7df2389f312db3b42b45c69df24e654d17ec091d3"", ""06c1138563224b3f2f562c7968f440177439a3b4dbeb3a2c69757a532c084d88"", ""c46b7da7353a4d57b7e3dfd956cd1c84c2b74f14af305efd10aa4d1959065de6"", ""3c82ecf86680645807d03cd933915320730f438898878cb6f47130ff761c54d5"", ""1027ad499d3b1cd83aae4b8f92d6770d2b7412847f78decde19e2a0fa42daad8"", ""4db73889c92a42af8df9ea29255b4a6cd2f7d515e1838cc7fac0bd68e48bff74"", ""aad5ef56edf95820c9e8cea3937cecb4e66e8e9d7bc71046d12ed01e1b124938"", ""28f1832aecd6aaf957d3dae9c0a058d5fbbfd2a22c5f12bce5932f4ebea0c43d"", ""bdfd88b13132930393be6b358c0d86f34aba2ce595e9577b3b2ac43525e18243"", ""0ba773a4b1c2487497bda2c8ef5e682216d1044b0b2ec743442474aef2f72299""]"
TOMILLO,,BS. AS.,ATADO,Hortalizas,ARS,,MEDIANO,,2025-10-01,9404.761904761905,kg,detail,2025-10,mean_of_daily_means_observed_days,21,21,mcba,57be68b2ed66a70c909766ffa322f49856887e53c63d30781c4a96b8e6b76d24,,https://ssma.magyp.gob.ar/frutas.precios.aspx,,observed_days_aggregate_not_official_monthly,"[""efb272c4f539b09ea0419c91669ed2236830cd25925dfc782d3ca5c05a1cb444"", ""1bcc13df65edac1252a4802769aee8b1f4de99bf9c20501402bcaa63920efba3"", ""b357e85fb949e8f7926ea3d1143f2dad15d70a1c853ea463deaf9aef2fde6de0"", ""3c256d10962aadd5363be5482d59defb5305ec49f33c65673b02b4cbdfbf8c7c"", ""ce48b7c943a2884105cb310dca6c746f3efefda4a5529869eec177aec265ceda"", ""17fbef67e9578967f25f84528139ce5577cf887fb117f6415d86593328d8d504"", ""d3a6e641025bba08e699c22f8668c57665289130e692eab86104935e8d94746b"", ""1c766a78e3717dbebd332808aaa7d48471113a02d0e14b6588958cf1c2c334fc"", ""0c031e26e5933e821c8400a770fec67f05673bca81a02a8d0d4b0ba3579f3c44"", ""6abf9fdd70bcf8830e11b9c3d2c34381f17250ca667443cbc6c75bf4e66e3989"", ""29686c0549ea80993961abf75a9d4a040ddacf92f4621d00abde1df89ebec11a"", ""fcbc35b2240920242ecb9339cbf5978361d42c1582921b1f5307a76637c0c85f"", ""987e2c883a83d416d8a9c630cbe9ee548adf5770bc031135f159e564e3c24f30"", ""3ce74272214e110a282e9edf04e0c7527b5d0219e3e27bc49c2bace904f9f763"", ""144c71d985db99ba5dd1c238d19903027a83ed0d41c95d485e81241a8db507a8"", ""b7d22858bce4c6ae986f548f0c15a504b4e2b0646edbac0d8e7d84bab825ceed"", ""36836b499889bd4c0d8aad38406b25c68ed8ca69da59467ca6e78417750041a4"", ""dde4ca3c229bd831160301d2bc469be9331c78c898e09e9cf8c45fb4a804384d"", ""91ea560c1dc8d5c7f91a9abf520421872a10c820d5ba01fc7c006cab1d3dfea1"", ""c587b2f929df38eac9759b375eff4ca1c0519b8cd79443d3118448fca120e1c3"", ""933353cee092ef747f8858958bdcc0845570b2abe40d98fee8659c31b8139c66""]"
UVA,AUTUMN CRI,BRASIL,CAJA,Frutas,ARS,Elegido,GRANDE,,2025-10-01,6529.761904761905,kg,detail,2025-10,mean_of_daily_means_observed_days,21,21,mcba,a6c4db500199efa84269ebb7056dacb9a1e8cf48b5197298a4e854574a060fc6,,https://ssma.magyp.gob.ar/frutas.precios.aspx,,observed_days_aggregate_not_official_monthly,"[""3d15d5a34388ab281aee8d406d6884fc6cf7921d04b478fb9cabfc505f48197e"", ""3c8b171b1bca61587c22d13ecc6716852a65b6fbdf63add85e2975569e2152ba"", ""963152a2fad0e4df847aee41c104421cb48ce56faffae2f72ea8a3dcefe8b279"", ""cb794113bdd76b77aa081dee5b9f6629392e3a1872aeec7479d3b911843830b4"", ""e263c7853e0ca959a6a6a08d0fc972ad41ea1c7ba825cc9444166425e51aacd9"", ""3d4112fc39c809309cabcdcf11c5a9de2d86c3b1c2a6134bcc4ebb92a156f6d0"", ""737b2923c01e83503ffc880b0078bca7738c87748fc25fa43f6baa829bfc8347"", ""6b8b5cd4a903f8247baaad69fce46117e2bd998b49e734468ab9cf9850288567"", ""8d63ed230308d4728d63c2dc6411f00638f4b814badc4144aaed7a5e57e0a5df"", ""14da8dc7ea6101dd5316786c92751ea698be0325c14c72cb14fa72f5747bddb2"", ""c0d4c374b62320f191877ad2a953447d4d25d119979008edfa073b207fd21275"", ""a17cf1ea84f02883c364f97d4f21cad59300617dd55df4e9543a0fbb6d735943"", ""236d37971a9e243b732cd3455092433136bf6fe2fba989e724f3b8fd15ff8834"", ""33ba6e46724aa2f2ebdcd746b780579b1f8bb57f59f3c4ea6cbb8e85b780582f"", ""337ddc3f24c067976faef4c374099f4df24b539a69a6559833dfd4b58cfe952b"", ""740a271e7864aecaf91c1d323499ad24feb6aff4b94f5e99fa1646b8419ddc27"", ""657c319dd7a4ed9d1f3bfc7786971e8f52ac0b09863f8a8207ff11ffd8689d2c"", ""00addda0a3362112b0e17016e8fe6c9bbc020cb3d44abcd6f756f36734e197cb"", ""e0c61777e305688827a198b514909b88c43a2fb917fa02bdb79d24cf4964388f"", ""2cec06cad1dfc1f71c9bdea2ca868823a8da986a2e724e599b1e3c01651d74e9"", ""04b39edbd4c24d647b72335af0caa7cc54da9951452d5134a815c6784dc0d3c7""]"
UVA,NUBIA,BRASIL,CAJA,Frutas,ARS,Elegido,GRANEL,,2025-10-01,6339.285714285715,kg,detail,2025-10,mean_of_daily_means_observed_days,21,21,mcba,be5340cf32cf22cd8204ff57b0f95e5d9a86bb1337ae54567723836ba23a4895,,https://ssma.magyp.gob.ar/frutas.precios.aspx,,observed_days_aggregate_not_official_monthly,"[""afc8bbc9993ed628e134a742fb6eee10a5078b9099093d71fe387b88617fe909"", ""332f966b7a9215e2c20253a8822ca080e2ad57c42fb6ce4131efc57e6afa0b51"", ""bca1201a61943e7b22c1dd0844f516b8b0c0608ef16c62fcd94b33f932593e47"", ""3be3dc528b60ae6f2f271757a5f4c5b47a9fca409a2561be47bacaf8692ead64"", ""9ad8994a84cac2678adb166b032482c76c344f7b7879cd1d88bd64f0060ca3d6"", ""0504efef3b791efafc7aea1cf2b757b3fd846aade1ca2fe70f3960aa6d21a9d8"", ""8a561ddca5fa0ef83f30c10601e73ee336c8649f2f02ce2c0822d5f4ba1f65b8"", ""252a4ebd2abc4c47db9ce0393431a6c31c3c367b917e959b715e20dd15495813"", ""d185f2100f8aace649fc7744e5bb0e59c19d70098aa9fd0a69e0440783571284"", ""d6ce5bce1ba41a1412ff96b4a598509dc00e7ea8874a94d14923bc53a5b76c48"", ""e62e00a3f83df502d6070f4ade16265815be7229fc8cea1c8169eac89ecbde42"", ""2796d96a9458679f2e9b0565a2e819350ab23eaa96b7d849cdf3b65c739c80f9"", ""14bd64baff516ab220e58712ed2d6566dc1d56c42c5f9c7e38094a5936946abd"", ""aac69aa12dc91724cc008ecaa199c95615e2763b5f45f8c6f0ca528507c7e372"", ""f2b39a29216df9274236fd526c06c4bf5c60a463e32981b806651e6966c3869e"", ""21d8367df889a99a732a3e9fdc69aadb5a3789b0b9c2de8bbf125f3c2021d7a4"", ""90328c7b9017b96e2d247fc59a7b5b08fdcfa52c15770b083ca5d428305b73da"", ""383d0a53229e51bf0a5864157c26e3df8dee59e995a45388c989d31c8990cbf5"", ""604f07b9c37e5f7c362deb703785531602e29d854dc2f269739fe1ebfe11fe43"", ""8d6935cf2fab123b23ca41ce72c4a53763da192bc9bafd6cd196c43e3899fdda"", ""e08d5a7253604ed3ba78e9dabb7d44c5907a3332d94655ccfc02a42a48db8951""]"
UVA,RED GLOBE,BRASIL,CAJA,Frutas,ARS,Elegido,GRANEL,,2025-10-01,6321.428571428572,kg,detail,2025-10,mean_of_daily_means_observed_days,21,21,mcba,d2e5a487e99d846db5fa2ba8ea715bcee6802946f37db48b34678ca6d592414d,,https://ssma.magyp.gob.ar/frutas.precios.aspx,,observed_days_aggregate_not_official_monthly,"[""4e46ca88d6606bbdf90f26d9bfda6cd0a330ac858ebdfcecb127c331cf35d659"", ""eb3763ce0164ae3fa607759d8c9195c2d459e0fe883d51203fd8fabe20ef5f2b"", ""8a24976cabb607493920f12a46d9bba1ed01facd77e6874a0504be27c8774bab"", ""11e0fca192d5d20bffb3bf682a3c7204f58c9c0cd348ff6c180ca183ce542b85"", ""c85982fad0a387af99db693a713daa3879724acf42b785c48b97b360ca704161"", ""3fd1552995f8c32da9010d29cfd35fbf7cf665990c09e2527f82186b04ac4523"", ""c7cc320d42115ca07fce65205074e1e0fbbb45fd7de73812c5219c614c16a8c4"", ""cb76ca5b9898576d6f9d564406c804d3540e12c108e41302970f501c085ea547"", ""45c99c4e10f2fb888e7b4683e02a1dddd7c1b4065b85a6edb75c2c0d439da1c4"", ""6c75b5c9dd2c57ccf5bd8289cf95310aca39fadde17d834484dbcf87c408f0b6"", ""55930586b124a14c612b6bd0422be4661ea4297a08582e67a4dd0554a1824988"", ""24368e79a1cb9b0f7eef9a8714dc4d71b360cf23efc9386fa4e84c9e36231162"", ""ef793479230a7ea1d80b5e038d9146389892c380d04831e271de5a508df58acc"", ""9cce65c13d8f4868666966fbe42b2b773d9069d9eb328448d60638720c715f3b"", ""649503a587360176a64177afd3f9ce0aa9d27c0ff9c2990140d73f4e1e3d97c3"", ""c12d34082f1e22d9b93531656653ee46885fb07ecf13d3dd7cfcc326ba18b80b"", ""34df811685f1327566d86de5cc888e21374c8e0fd9bc96b85ed8fc30edf38b90"", ""c35ac157124af57044c19be215e2a5da299587ecb26070c95ef9e0e1ecd590e4"", ""70ab0427c9430632b8cafd8d56b3798ffb82120337776e68b62d52659869207e"", ""54fb47e04a61b2a6746816aa8feaac367897953678daf4dce8ac7a87e5126cc2"", ""5da2e8fe559762dbe256bb5b982d2b9592efbb4e773911716f90bb3cb3ec530b""]"
UVA,SWEET JUBI,BRASIL,CAJA,Frutas,ARS,Elegido,GRANEL,,2025-10-01,6416.666666666667,kg,detail,2025-10,mean_of_daily_means_observed_days,21,21,mcba,a1d05aa269b1086b07c0cec679c7f327337d15e5c295787a3d77dea352912c93,,https://ssma.magyp.gob.ar/frutas.precios.aspx,,observed_days_aggregate_not_official_monthly,"[""20e725322b6d74279aea603a7add25efa0950e835c0ba5de4db98b6078b84e0a"", ""21038d0a054faed67ddf2db0879516ee387d292398d4072c814c7678db170e46"", ""bd629cc92747f7a69e30b8d749b22296ffa0fb413531ceccafb014200e66c852"", ""136fae7890161a453845d006d10f6f789aad958423afa46277a52edff9c04233"", ""af047c426143a53cb02a40a7dd121bc999a3f8b8db0862e4d67a9e7afbc994f2"", ""8f149521c4d9c2110d99ae2d6c2f595bd0e78d60fee079c254898b1f47ea405c"", ""d46883e928d02e10df8f9e0d94bc7b17662f3535241b1c983d5b7630d4daba02"", ""3e340b9c935f843287f99f80110b67ffda21e7f382a0e2a8c4a6e65c5bbf8643"", ""60628e716f528a95c1d1533146c70251b23f6b507d1d670ded84d00e5b59de2e"", ""f758d572b3a9aa49c8bc97667fcc8606d205441585b751e144ddb6987ee3eed5"", ""58ee6159245ad3f67c38bfe6da30cd740c25b01c8d2d38629890fe7325f7cba1"", ""e8f73a265aa1aa52e9395e05eb3aa583f4f7c90b85d93e69a4a9d6473d90f1d0"", ""5ca3549a59ab62a98ea07f764563dba160bef63e0d5645a00b1e1c524527dace"", ""f8bf3968c11bc553e0e9bb6942a2ef2b78f56b7f9a7aa9d2b9543789956df61d"", ""8e17be4a14fc863a45a382eff116437a57776f039dd3ddd88cdc95e2c4330959"", ""4ce51572b88b787c605e474c7bf8b8b16cee89f07596978870dd5923f7eae2b9"", ""764194a0ed963df276dbac2d7f6fe10690da7e3346dff2e7c5d6aeabacfbde7b"", ""b1f2184287ad7787f2a8de197eacb9310744d78bb8dd7314455945bde68d5985"", ""5ff4efa6a98590f589ace0d4754a80c045e7c0a42bf25f0c61418f5e66f761d6"", ""7654d0c624020792bee36bc825a3eac9215f9f94b6b8d12818f75e65bdde4351"", ""2585771ad3295f0bb7c41c03a905457bf1a6279d52ee216b225ed878a6bf23d2""]"
UVA,T.SEEDLESS,BRASIL,CAJA,Frutas,ARS,Elegido,GRANEL,,2025-10-01,6255.952380952381,kg,detail,2025-10,mean_of_daily_means_observed_days,21,21,mcba,c548259bf866299be5df986760fb15921206ea8f4691242a93dd72b554f88d76,,https://ssma.magyp.gob.ar/frutas.precios.aspx,,observed_days_aggregate_not_official_monthly,"[""49aff22925f8eb73cc565c37c5a8a772545ea35f55a9647459651969d7f608bc"", ""aa105ad0f5b5b65d5ad23b6de966f1a0bbc985050b6f8127704ed87bbb5c8a4e"", ""74c193e318b86b872537f794902f9f5721c13fe1053530ee868377db628602af"", ""f0aedd4e24157cfb0e466489ad0ae3322cd5c301586315c22d9a279886b7fa5b"", ""bd4d5d76f98969c67e9d32f7b209107e69b199325a2dbadfbdb32921e8674384"", ""4daf90f85f122ec43cd84174337d3adeda51a251cd2083c2e7ff5d51f68edea1"", ""ca4f8a001127470c50353d2255ab9af956cc0b3ee4e9370db5aff08e63dc26b2"", ""8c3dfc4aa475aa80dc4f749d227e6e1243048a562b5f22d0f9914f156aed4159"", ""d74bde9d47edbbc799d6bd5627ba13d16f03fb4f9d81082109f4df5159c8a832"", ""be05a8dc72c2169629a77cc6c304c706cd684a18690cb6ec84a571c66342ce04"", ""2b328dc96e4016fde7f91ce4a0378f8b16554219e462f10a26f8c2b850d85e61"", ""9fcde71c427d2f269b2b9ee44ef7e3856975f5626dee9ad20a8bfd0ebb5ab91c"", ""6a6db846b9eeaf0327d81cb9a05fa19b6abfdc19b04b640d29db934786c146c0"", ""190ee76284d4e67698b04dc77f31e60b2493f89610ade622db23872f682e7df5"", ""f05bab87860f36e0dbbfc9bf3dccd0604f21d67588149854500ae5697cf7af9b"", ""fae4816c0b12f9604b99fba8562ebb1d4585dff3f495fe83678401e35fd15b29"", ""f63aa3093bf4849d03f9e785436ba08fa914d072d80a604cf89d796de791f3d4"", ""8bd185184df04a3a24e91031698513b5e5556c8197724342414d460524967424"", ""4e0f5d9064776f869cc29f45c89b814796f94fec162e306bf9eb633c5c68ad7e"", ""64f6252314efbeb46156275719762dc4e74680158250f7cc93b3c7d481220967"", ""5b2901f56661716aa3d4777926f6758c2ba8a4f916250352bc910431605bc087""]"
ZANAHORIA,CHANTENAY,MENDOZA,BOLSA,Hortalizas,ARS,Primera,MEDIANO,,2025-10-01,431.42857142857144,kg,detail,2025-10,mean_of_daily_means_observed_days,21,21,mcba,c70e148e0167a7aca70704ba17437b5f50dc0c94c8c519dd2fa5d2ce180be666,,https://ssma.magyp.gob.ar/frutas.precios.aspx,,observed_days_aggregate_not_official_monthly,"[""fa04bb510100ed0ee0123dc97fdaa7473925fb457daa9c92cf14e880dc0db245"", ""2b4ba932d459860b41656605d6372b9068b1a3f75fcae51bd44f8ddba1b8a011"", ""54edd28a01201ff042c6be7dda826ee1ccb9ca5c3b6c0c4edc0c5f41f9a6a6fb"", ""792b13305cae940cd6e5ef8f31f0b3ad01d5cac51162a53500ec64cbbbde67c3"", ""5ce17fc2d1f6e3cfcc91531ffb8d825b9cc75dd56e03ae0ec43595ea67b71952"", ""6db4b801b96a1d4674bf7b52a76b45f89ff7b48759fc95e913abc6baee4af548"", ""2c637873348118eb1b029e50cf4602459b44df68f1e15bce3b0739c71d0fd1b2"", ""18980abcf5fdad010a6065bfa01931c9c207296838f05ac7e0a58039a33e923e"", ""ee9716f168ac4e30551e89e5e15e16368dc40048df53263da474900893b61038"", ""c083b3a22d9abac8911f4df9e3fc8b5f73e13b7535e8ec672d4c4e97dd94194d"", ""ded7eb8deabea6bfea52ad4677fb93aea753e5a1d562a3f2a3a78217ae86e6e6"", ""171c6807fb171c2ac6973232df5ede564a506164cc8c9141d2948784d570473d"", ""310d0a7bbb9ae6c889904abbaad7f098bc89ff09eeba8d6df58a4a6c212be5fd"", ""51417eadfca6ef3ae33b343247a9cdeb57f294ade1ab74b589e9ac2ee5f45b81"", ""f144cc71e2a29b583fda7283d62c1a5ecd969390440243a37c5fa9d5d1618d1d"", ""081814ea352919051d2e671151b256e6e085d0938bfd7ceab349ecd901c53f37"", ""4022bfa2b0dbb5bf6c842a77f49ea02c3b055cfb67df5fc6442c9cadbf95c424"", ""01d493b5817c9626ff4f198a4a1baea905f8b7475553496b313e4f64bcc29c1c"", ""948c69a1d8f9dc2dff594b4afd9c5283cc228d910eccffd707841a4b872b7a21"", ""8c0f160577f3877ff068e362c741812592676e788b9912c9e70656a274a1804d"", ""842a281e90aa9f9481588aa84c039b8986ab73c5b51e5561bf0437db329ad6dd""]"
ZANAHORIA,CHANTENAY,SANTA FE,BOLSA,Hortalizas,ARS,Primera,MEDIANO,,2025-10-01,348.0952380952381,kg,detail,2025-10,mean_of_daily_means_observed_days,21,21,mcba,2d380b90d321418c5125f47b11f9045beee566b400cb4ee5cbe954bd6431d063,,https://ssma.magyp.gob.ar/frutas.precios.aspx,,observed_days_aggregate_not_official_monthly,"[""dc1a5827f291a27e4b61c8a5167dc048922c81c26069194761153b906fe3fdab"", ""3c60075e982be52d5983012ce3a179205178a029bc2deedfd3d5b6d56e7335c1"", ""92250d254ed35da2ee037604d27b406ca175e19ae15a73a9963b73ec09388dc2"", ""0fb2e5d7a41c64753f6083dc7cb549e6059eab331479a693ec4fdc20a550e525"", ""99c1e7bfdeb399d1b3b0c7b8d53acb674132d66bd7a0097be8a006c3116c3e3b"", ""76d94aa3e6e7ebae5c2cc5815659622a6d1ed1f827727962d7bf101dc3c2c33f"", ""79440363b01af5e26a3b93916717c55f0287d9340e989791644df43fa2c38c1e"", ""8043a0ce0f204d6364d94a95591689a12b25dd47208d11ad59d162157554b331"", ""16d91c24cec19fabff81c28f3bfe666fdc8ae60e939a334abf20e7b2eaa64519"", ""31a28a2c5259d09177238060911eb866af065eaa2e6764be72e2f65e4fb63fa7"", ""0067ae56b5c2a8ce7a5217ea24d293d8708073b088dc9085312ae66b6267429f"", ""b84de62def5194d838385329df8f3b313be8a0ed4ca6c344b778a317fd583cc1"", ""4045261dd63a6607dc17df0d40ec4561a675cdafd9050554aad2b154fe90da25"", ""95bfc5a51433dc8d7f87480664c6623098284881e66b812625cb5a59aef2f9bc"", ""61a495455404a88eca4afaa14fd4c436192ef4b18591a2b0e54debf943695916"", ""8c75cf365f2fcfa81cac501703dbeed262967eaf5cfd30f67bfa41fd82ddeffc"", ""99e61c3097fe9c0a4a12f3c72931dd0c7cffaf96254d0a284abf0477d1d02e76"", ""acedb78ee83a81992485c01451b7fc14f102cb607a9b57bbd572a5630855de87"", ""59f13ccfaee90264dfecb9cf232822b764e9774e8790f1637c320b7f703027e1"", ""d56117857c458dba6ead85372d09815fcef0ca1cf9b62a8f09997b463b85b2a3"", ""f8c8a8fbbe4d0d43d499e2cc1095e287abe5dd339321da5389e77f702502d284""]"
ZANAHORIA,CHANTENAY,SGO.EST.,BOLSA,Hortalizas,ARS,Primera,MEDIANO,,2025-10-01,415.08190476190475,kg,detail,2025-10,mean_of_daily_means_observed_days,21,21,mcba,818ffa9ccc113891a9c2abd8cfc90986f704da819bfb9f9011dc20f4f7b45106,,https://ssma.magyp.gob.ar/frutas.precios.aspx,,observed_days_aggregate_not_official_monthly,"[""d0f3ababf425dd67c82bc44bcb2ebe5145d2f2e32c22072cb0945c98430c4bcd"", ""9fda0bf66dd55868f8210569b9ef3d03e0383fa42dbcc9b785e21f29f0298bd3"", ""3c0b808a6b938724979d3b1e3a30ac1c345ba0687fc75aad0b41ab310c7663d4"", ""c332e6d0431c66c103de88c994d71f58dad579ee7960f98de5a819bcccecc9bd"", ""9d38a61d2e491c3cba32ac65316e8f8b9e8630717230f8e8a43cac26b3263590"", ""02d76dbc4d2a33cd0d99ff94e5f2761bad13e9b3847f472e404e4689ebcbd4ce"", ""f8dba6c3bf0c7d2954b35d856f6f458c2e092e89b627589c5fcec6be60507406"", ""7076ef629692ec24f6ac7d3c312ff5d7bbecc5568d7afc2d1a3d9cab14a06d39"", ""599896a06259fdac53d2097546e819edf857f1c0662946a0044ea295e05ac470"", ""18dfab6b00bd8311395ff07310fdd7fcdff29cd0ed1dbfaf92d570b641396920"", ""2678eef0629bb68a79c968fbcaa7eba5c25e5cf1457fa161f7e14de919d38c05"", ""061b6c3d28986d46a74c5adc4382c13ac527141b2d266b931a3f665694dea5fa"", ""e51b91687e1e8d94c2f3cd5923c8608d6058d6ec8c6260e24163234779fc075e"", ""5dadad3ac2c42ebc9af3a0e33432e3725c6e03db4b2ceb4d2d12b091204e6816"", ""1e4b016f335c510d75793a41887b262ae54522413b70787f7cb0933f65dbeedb"", ""b83b1362390348ece82939acca21ec19d17b896daf44f216442bd63985c1118e"", ""341f45f7014a4e9129ad0429e751ceb16d006add5e7e10a7e1bec6c3cad08c9e"", ""8e0ec55906b5748f279affae6ac53969b2dcc24436f212ff5667aabe1d4df5b1"", ""346d517fdb136539d18084c521e7b73dc2cf8dc6d92c3cb294e76bb2d4669f42"", ""1adfae965167ca883db4483ac4b8561002e51db7c127f46381a3f72ad20eccbb"", ""c2b0883cf17e8d687d9893d3059e3235b69f971e9141dac4070a958cfbb3d326""]"
ZAPALLITO,LARGO,BS. AS.,TORO,Hortalizas,ARS,Primera,MEDIANO,INVERNAC,2025-10-01,1050.157619047619,kg,detail,2025-10,mean_of_daily_means_observed_days,21,21,mcba,c31d47f4beb900bd104c6832f3570832224ec5d8e527331bf6d4232723d057ea,,https://ssma.magyp.gob.ar/frutas.precios.aspx,,observed_days_aggregate_not_official_monthly,"[""314b75840cf76a08060a3280a5b7ca927173c0b0c596dd60f71f201119ba81ea"", ""07c20cb9a8c05416af4bf18bd77ef99c5ac1d6b84b23479999b5c5a1f9da05b6"", ""46f05705054c0a44d2cbeac6e4641d407477795b0b1c433052fee4b1d9432514"", ""ff86a9e1a7b8bc0bdc2d3a42159973684e9595cd2747880a6ed2611882a642b1"", ""3db6f31ef212a660e82cd1a2928be2ab2164cd2bcf5e9603dcc28e0e8fd4c04b"", ""4955e2897e5a03dd9ff86ad1ea0e59bbc5c997287d5ddec89bdc2c5fdc08074f"", ""a10931b69e5416785e016f3ee0deb6278dddb067e0b8792acacf1f050fb94f6a"", ""eaf5a4e6cefc503e51f62ba858671fcedf2b0c1a8dd33e21fae65e6cd141edbc"", ""ab68479dc7511ca0548bc37886092333ec1a91d078f7e8a78cb2b404b9cbf380"", ""c859eb736ffc61fe88313390825d281aea71e97b042e61c690968862fc38e8dc"", ""76397024dcc32d6b6a3896bbee5be54aff4d96793eb70dabc1f3e2e4d8441bc9"", ""f6ddde2099e4d617977ee902abcc0456fdb224bd786527bd96c646a735a8ba1d"", ""2c72b24fcfa06a6ec6ad86f6d9d7dd3965c6297cbc6bbb06180bf6252138befb"", ""de86c38e62be8ad780d9f2810296e68ae81e36a45c6cf077585d6a3822af8a9c"", ""d6bf265fafe5546ea901bab3f74a621800c315046a91a540286d42d1ff81ff01"", ""34445b347653e651df8ef1eb705f795060e8dcd02adcc5c89cfd5917dc7f430a"", ""30d22b859dd79dd53b63432903e8855774b1ffcf97cc8f8e9efe4bf5bf967305"", ""7134f16c72cfc142a0475c1490df21fbca5a8b682e2d4c421f618286d7bf29e0"", ""f1c88ff44839319cb66a8aca554329d10afba1d6806de3ebe9079cb5c22a94a7"", ""99de28456ca374dd728cc4c7558f8f2d663a380877e6d77c757efb2acc4305ad"", ""0028e142068c9354cd95749ed0fe3aa4c52ae6f3dfb81edca1e93105304ed96c""]"
ZAPALLITO,LARGO,SALTA,TORO,Hortalizas,ARS,Primera,MEDIANO,,2025-10-01,674.6033333333334,kg,detail,2025-10,mean_of_daily_means_observed_days,21,21,mcba,74a980a1ec73dd9b19e0298584b49dc7a8f785230ae57eb051a1defc7c1df31e,,https://ssma.magyp.gob.ar/frutas.precios.aspx,,observed_days_aggregate_not_official_monthly,"[""52ce5e424e2a5f7fb8074bd35bf6e71aa30d7022ff6bba5b5b7ccb316059dcd2"", ""10a2142302a8c5fa1467d2b0d0ea5f4dc83943820b7f96b2a309b091b6e7551d"", ""fb894776491c6d5b01a7fdc321340a982b6ddf7fdc8981837bd238a42f8be217"", ""c4f3fe00a3d22e122d3af20ed328d6833233f6a1385a3a059fae7efdd818322d"", ""f429b4e1179215fe8aa15483902b42da2326fc0ce7f97457506eacb367d4fb6c"", ""14fc59a802e73d9ebd576c5d322fd59c22d249ca745e834a3a937e93ad75fdbc"", ""e60ee66fbf48c0fd899163b33b13296fe925066e558119efb034a20835646227"", ""9f81a47c802b997ba5e4c624ab5d784d40ab387b468d2cc3de14cd85732b1180"", ""32d19d5b234661e104b8197947051a156cc84e57c9719788cb17030ec57d2c53"", ""9f60287de2331d66ba369884abfdb47db972b44884201eaaa4b676e04cd0abf6"", ""aec3bcfded0f969b4f30bd17da1466506a091534ff3e096776aff944af9b4042"", ""fd0573c59a635c8d30080b29c35b9a2606c9235e0eb1bf30f40878a70a1e03a5"", ""e43aa57170b4ff555175d0b3ea10845ef045abff9e35f132bbc8ec3fb56235f4"", ""25332c7bce69e9bf72e254b3ac0b1f9f10d91c7928fee741d1ec2f95a57663f9"", ""78106b247725d4930062edb6be5fa16f6e2a50c4bea7011ffd610e8642b80a81"", ""bcb9a8fc780ab726da7a77aa624a06d54c90ef7281f5db8d917c755e2ad7a06b"", ""1a6138b76853960641b13fd6f5f9fd446f6404b410925dec5925baba1ef288a9"", ""18472145cd2f09f8c0fc769039de29755d8bdbb07d6970b4231e3ba0619112d9"", ""c76e8d3903712db9c94346a239dbe7cb0eebd860954cfb75a66a8673fc1a694d"", ""71bda5fbd594fb9bb3bbc6a4e10e945ba2a11df5cf419a02da62d020ed2025a0"", ""e434a238ef4d3e7964a6aff74afc44afcdb28438ce7ae9b307ebf4a14e1ed2d2""]"
ZAPALLITO,LARGO,SALTA,TORO,Hortalizas,ARS,Segunda,MEDIANO,,2025-10-01,391.00380952380954,kg,detail,2025-10,mean_of_daily_means_observed_days,21,21,mcba,9f44287960cb82318717201a3f0dbb224d10465c9747487f1e2d9d4c931555f0,,https://ssma.magyp.gob.ar/frutas.precios.aspx,,observed_days_aggregate_not_official_monthly,"[""a661c02ead527f010e7a398fb1c093b810a2a44436dff1fb0adcf49f6dfdc036"", ""d414550c67e4dbebdd5f706e16abd2c6f6a08a449e307149fe1b50eb1ad422b1"", ""f43048fc515857f23d2b6309cd2ed5bb2953450d1ef8ecb336721c8051a480c3"", ""c530b02b7025b6e8f54541ec17d1493e99e06c45179d3f7d15b39f792c1b920f"", ""0c43d93f444d7a984417cc942df905520c62ae44f6f4c98b2c4579c6a885fac3"", ""7f66acc4dd1e5b4ff1e1fef77a235e8c50fda8b283086a2154811df44c81ef2c"", ""1449df5086ffae039adada679681661c393601464a07a6731219544147fb746f"", ""0afc0680041228c875d8af49c199fd358844c58bd4545cbf7815bd105a175084"", ""f51d0862fbec08d88070d3072e0b6a58a758220ed882fb8b24c254845124be50"", ""136019f61787c195187f361acf8778b2b5fcb9b44f2a35c5a64fffe45d339071"", ""05da444c843c5f3f08f24b16de407d9d6c0a56df94035dda259efd6561a01694"", ""990dff94487f462224f2172d145cf8cfb3e1c01b244a480d970484f1876fc008"", ""fffe5d69945bc5f4ed2bfb9015db96ed2468e262a5d2b5ba7c12df9393be946a"", ""2ab990e5caa01d698d34dea245c612895ebe242fe8e9f3d364e03b36673a0a9d"", ""4022be2174da224faab18b85337ce2e348d12a7d5aa9ce6e9dcc716e826d534c"", ""93d6805c7434b6d51f400d1bd7f76efa2b0ffe78de9eea9f728148f9052ea4a9"", ""62818f3d0a814e5ce52a2c504fe279bc4c9e8b43896d920c6d5afc4dda7e5923"", ""abf2640415c22860cf667a2f4008803a53e8b6538858d8459e157ab15bf7717c"", ""22791cc3aa319a9593007bfecc1e668d4376e139de271683e1477f6af46cd45c"", ""e18dbec3f699159e870acaff09b5c37d8e65a9379614db8719b6db5c57010793"", ""22eac1283834ba74c5eac87e2a82d80b516e417e1bb7959e0f20539b14277175""]"
ZAPALLITO,REDONDO,BS. AS.,TORO,Hortalizas,ARS,Primera,MEDIANO,INVERNAC,2025-10-01,822.5390476190477,kg,detail,2025-10,mean_of_daily_means_observed_days,21,21,mcba,3f978fb5c5754d78f3c2e410bc77860a5eaab37316365ba476200d8b8a8fc1df,,https://ssma.magyp.gob.ar/frutas.precios.aspx,,observed_days_aggregate_not_official_monthly,"[""bd74a49349c95f769fe3d598369ad4b2cc3a2d943fcca6e4344a3ed445b14df9"", ""46bf1c59e9d1f894925be0b1e78c3719262c9ecb5b7977c2dfc67035e0d209aa"", ""724d8516d8e2b094d0794a12a4a3ad1b5984a320192167bfea78336af0bafdfb"", ""90339b2dab69bb9b595d61353d48b94eff50fa509221ede86cea4eaaca46bc01"", ""7766c1ea1d54e0672c3a2e6c098a9b04a209efe57a743bdd4ebb308a623fcc1a"", ""105cf8474cc9055d12865aed4f04a3584cec03da8e14ee6000746d0295c9496a"", ""8432352737c15b1b5f4f62a2633c0111151c0343520c0d5a06c2e1cb40240e3b"", ""d9530b7310d873274261d2dba1eb32b4e853d9d0f2069e9c4a6722633dc01b54"", ""38e9413637bc9d23cf0a8c31dbad3bbcedc77901134819637b08b5f2c15b458f"", ""07d645254d000bb9803eda51b0047a40958df624aab10128b691571522260229"", ""b9bee4b9a506afee1efaf7f6652299aba15ad064d93c37e65593e6ea3010d276"", ""d7c7db3dac31a87ffe78c8142ac76aacb05d7e673f3034e02e493a5b28140c30"", ""73d6498322de267c9b8b457870874d157b7bc0e654135769b4d2d17b926894c2"", ""ee004d245bee9006177d2076d33fb79d2d0f41a2aa97f8d2d8ad267ed046ac38"", ""391246ebc00f016d0d767f54f51b0f65ca2039419997f39f9bc8b57a1814f458"", ""4f274ccdd82506877038f3e92e536ade70d1513c37a120058cbe24ffc41302e4"", ""317dd53cb336ad09c8db2d7d679e81a339b5d1e649f8445d176cced954da8ddc"", ""06a4754caf6096505446aa20adac936eab8e82f4d1364c17e594f97b92d84550"", ""759a7905b4d3917bb92fb2fe0264ac5c24160076d71e28edbd073a14102b3310"", ""979841724e2d0504d752a7a939917d662aca60cb23d5243ff6711b84fb4aec48"", ""8b35cc3866c57d3e17f6ef5243d762deaec6d74bda082ee0746aa564cab8fe87""]"
ZAPALLITO,REDONDO,CTES.,TORO,Hortalizas,ARS,Primera,MEDIANO,,2025-10-01,472.22,kg,detail,2025-10,mean_of_daily_means_observed_days,2,2,mcba,c7c724c549831385ce5f25d2ecab2345ab1c8aa4c621a658dd04cdf89bb2db4d,,https://ssma.magyp.gob.ar/frutas.precios.aspx,,observed_days_aggregate_not_official_monthly,"[""3cb4f65b307d5827b7ea5b524a33d4eadfb21662a52f0a8318c47cb7eb68c5e3"", ""ff3a118451ca78d8368d605e9c334bbfd8d18925da50ea4fb6cad783fb26973a""]"
ZAPALLITO,REDONDO,SALTA,TORO,Hortalizas,ARS,Primera,MEDIANO,INVERNAC,2025-10-01,584.5036842105263,kg,detail,2025-10,mean_of_daily_means_observed_days,19,19,mcba,44932d197bb73c212d8c9d7b1e3e4d246a4d7f25469e2562a0c6f214c8d2ca17,,https://ssma.magyp.gob.ar/frutas.precios.aspx,,observed_days_aggregate_not_official_monthly,"[""3eb646e0287c5e3594218b69cdb276a4687e2b1795546b77d3d35fdce958e8f3"", ""bcf8a591b43cf160f5a77157941f22b07d4542d966ea8856fae26cff08429737"", ""6e02717d1f2dfb2e9af3532b3e92bbaddffd72cd085ce51c7e74d2ea320f5e8d"", ""afa328203b77a8e2f7413d547a27aa24e4ac0a9097047631b6a043a543723b85"", ""f5739a82e0ea3401be39755056bd32b97824c1aa5a313f1e5603f9357be7c482"", ""e33573625e7c34f88d4be6ba89a256677c358a519437b9c0d57a8bf8bc7c8e83"", ""5de6b02ed605ef1cb3294a7edc5791f975765dc659cf66093304fcd64621a598"", ""d2a051a00a0abdaa2b92898936973c2ded31f67cf890b34d20020a72ed6aa9c3"", ""f441db5eb77447687d2d4e1d16998c023cc6c5370d5f3d30c172828c2dada2e9"", ""dbc81411020665f1d44d72c1611a35ee950b6f758912c0e8b95e1817362b48a9"", ""cf1edd91917c15d0dd9a40cf1e872cf976c36f9b3502ff3a92aa943303cccf48"", ""9887823801edee30d4fd03e6727fa2f4c199da5f4e5a5250dff20abad1d3cd78"", ""b86160c1babcad8fef1ac8fe43678f25158ad2ecce61e35435a8eda0e599fb7c"", ""c9c9673c2c1669a524ecf4882a7a3d8cd2ab58cb4eda3061136fd249c63c90f2"", ""7a7924d26f3a635f9f7a900afd51863f90dd49a74d223b6f289e9b735c6d628c"", ""7acfeec49c1a2f095a77bb726c5df3f8be4815274bbe388f4cad817cb01bafb8"", ""7d98ec428dceb2491d12814e56f63d7c2b2736ea6898d73105035ffdfa15db70"", ""b8e700dce1981a55f0d99eb2d85c77074f77833097a1b49df6cea6ecb8e7f896"", ""2279af17ba4c22ff3012bfe52e8b055ef3e6c2563f814fe321e7e09bd344633c""]"
ZAPALLITO,REDONDO,SALTA,TORO,Hortalizas,ARS,Primera,MEDIANO,,2025-10-01,454.09473684210525,kg,detail,2025-10,mean_of_daily_means_observed_days,19,19,mcba,ddd37537e680c4127478d39c21c0e77ec5ef2be0c000145db65b8eab65bccf69,,https://ssma.magyp.gob.ar/frutas.precios.aspx,,observed_days_aggregate_not_official_monthly,"[""8a418a955e461f774f01534810823ac4d66e230f9843317feb2d34cbc57511ca"", ""a275ad7869752fc020c466c403e2808bd2556ef6891a239cf83162a36f090a93"", ""fc51c2a80b405908418ca370db86552d688714749c5d9d1851919ed2cd486bb4"", ""5ee9e0f3340391409d263d39293fabf096f35cc6195b5523ff3908be5e327891"", ""6643269503ca2cd6410fd0b67779f801c755350766f8e48071a7cdcea8977d85"", ""13a68dcbb85203c343d519bdccf3b80d49d622a1ff937453c069b871a1b1c47a"", ""46a6e373637a21428a66fd7018964313794e45d2d9adde4c7a193aca8f36a0d6"", ""3a0517535f19acb59c08b5c8fd7fb9aa53f06af651d26222421d53cea07cab55"", ""11e9ee83d4e3c67ce166a576f894cf95ffc106adadf33cc905db4845d2ba8dcf"", ""c56a82d5881b2fea47b8c8e906c6304bd9bff202d6866e6b0d7ea9424cc6f98a"", ""e608430eff4eb6b1aeec8b55022f91a004702aea3d702863e883afc3ee0de080"", ""80eb0f973798f322e8836fad9568eb7938402a9ae8d20eb893ec4632b3a4b407"", ""bef13f65d74058575297b9ba6edcb9f52eab8d427c9978f45e579ea4013631c3"", ""dfb24ff97c9f7a83d154172f00b7e8265ccd7d7f516bb2e67672acc68e7c609d"", ""49bb827328e048c806cc40e2104d2857d9a6f0d904337500cea9f2b0a914f9bc"", ""c05c2af1c0df999a5686d83b6b7617611543aebb434258b60ed292345b8a6785"", ""51569c37dcea183d10baae7aceb75fcfd1e5c9aac5adc017c878341140db0b97"", ""bcfa833aa90570530a1d7cfebfcd5d9a0227c379e8c310d197135f6ad2da3edb"", ""7573f9a11cd6782dd87942c0f332fa82537e1cba06304eb469fdb4e44d104eb4""]"
ZAPALLITO,REDONDO,SALTA,TORO,Hortalizas,ARS,Segunda,MEDIANO,,2025-10-01,336.50857142857143,kg,detail,2025-10,mean_of_daily_means_observed_days,21,21,mcba,383301d9a041f993f2527c37ecd776b129d10c3033d6025017bcdf337c1bccb6,,https://ssma.magyp.gob.ar/frutas.precios.aspx,,observed_days_aggregate_not_official_monthly,"[""b6ba86a63744d85c52b78d831806d067c956fdf02cab78145d8c3fba827ca783"", ""02e4c9f49bce1eb20cefa96b309486943ca212d4df383f90cb50cc92fe602dd8"", ""3c64f5a5fbd44cca23a46519642d0968b3e70dbfebe086801265997046d8a93c"", ""62f783e042d18a8b5e37b306d8d2986007d289dac8eff86bde09e2b0b2d76647"", ""8062572163b659ea466b0584e3367eb9f78ba7447ca66a3083065ef97f219531"", ""2cae5017e4684a6a31e7482edea7022272bfbe934902d0e6d911499af6564e2f"", ""441a24cfa496a6d394293f5541c445fd5e49e00f8f4bbe2f53fcbdc3f89ed45c"", ""61b234a36d198db0cb9c286bcaf1632c7b7f2a4f38b12399403049bcc844009f"", ""53b93a3e3d7d7331744e2d7640aaa162e21c9447d67c29f640664cf91d8f72a9"", ""c452baeb6c6aef080a1a4ef83413382d274e7ac63ca3230aedc59d57ea653cbe"", ""77cb13e31bbc9e15fe40346e2ab0ee9e13b5f72f671c9db0913faef2c4a07ed7"", ""10532fd621570c48c248bd566de69f5580643cc8e54f1f28edbe22481a4a7ddc"", ""bd3c260acc489fae9e4ed13473cfa06b179a24776ebaea9f435d50daf9aba53a"", ""8137abd3f2b1d159af0fe19d441c2eb3946ce535afd8da2bc58df36274e8268e"", ""08beff5e55827a65d800d20c59e1d626e3273dd933bd1d76280c17cb4de09307"", ""8b156e9137d4131c6a898713f48d27e215cdac3300946e3e2a1317e99cc13dec"", ""8ac21653e8997778bd02234cdfcfc530c9bbff89d8db9502ba35de316f68d8ab"", ""bbf3462fb51a64172f83d7ebc260460187ef301bbaeef7865c180ae905590d53"", ""6d36aff2c2a655ce30551fa1b3ddc5c83c00fde857b302c7b63cc29ec583db6f"", ""9c87e6f83fd612e76dd49b0e3cfb47fd114fba480f9e62c3f95b3b938185d522"", ""dbb5bdb62aad52f58ad9a4098f5a7aa16360d96eac6ee737e7c1289b61f6a3d8""]"
ZAPALLITO,REDONDO,SANTA FE,TORO,Hortalizas,ARS,Primera,MEDIANO,,2025-10-01,537.0380952380953,kg,detail,2025-10,mean_of_daily_means_observed_days,21,21,mcba,3a17142fd602580deedb22f2e2f3f878f5ab5ac2c11eab34c087d3f9a0603e7f,,https://ssma.magyp.gob.ar/frutas.precios.aspx,,observed_days_aggregate_not_official_monthly,"[""7eade94ad3a7ddc68d4c621d534ff32c5dcffb7afb980378b70fe3dd465e283e"", ""e8abe171f132c96626e86e07ca0ff4a7abfdf1d20797417ecb81b9bef26ba954"", ""44ea4e5ccf7ff2142134b7cb5da81a9cc5862f62ff40fd56842fbfa36c6bb9f7"", ""3df7b3f813bee77160ccb9361ef36a4cfb9efc1811bd369cc0373ab9584637cb"", ""8814460f04d00aadc06c1bb7bc9b6f6280dbda3f0a7b1be8b69f83788231fc4b"", ""663c6fbe14a29074c9c26fe5df68933bf26db311a2c100488a875442175110da"", ""458a7923626b1adef1563145fc6fc6da5ef5c4ac16a18e5d70244609bbb38d5b"", ""e957413e4c1e9690e07d8b72aac74b45c106903d3ac9344a20e46b243e68bc02"", ""82cc81cd010fa4692f93f6e888dc2c47d1dd348c9bbf44c7701a85d2cc583fe9"", ""6e77fc460a1997d7e2398aba82673fa28336fca4985eb37ba2b837ff07760f69"", ""0a4d9c518828452a75030eb2ac0e49f0dcbf2fd0db60e03ba6e19f515268d06a"", ""95cc0b4438a5472da7b294a51a6ac931cc74895b64bcd9edd300ae01ddef649b"", ""1a13ae46124f6747dcb72b4667aae8272976130aa945d7570e24b7e2d2d2e0e9"", ""5a1fe26bc0fbce5ca8551114e3ba2741fb286c831ff8c607adf4c3217f5e06ff"", ""c4334ed92e92c212ae7bc636619054e9361acaa83df2a004897995179d96708f"", ""3ab22a40de6899d1e702740553eea4d45872f0a2b4c375da77ba1e12de5bf90e"", ""7e6d453b1ce695f0bd7d73461b90991ce64e29e33b900869bce9ef0bbd531c70"", ""24c6b7032b164456ddf684dc08c92f26b326dee37693ba40641f1aac15946f86"", ""928141a0b71f94d7394f5c1b3985c4962b141eba6be8d0d160a3a1714d88ecd4"", ""986cea9bda0d69af0b729897a13306f3d5a55f3e2e17213814b640737ca5e66a"", ""26dc9244da5bceabb8890acee4c746cccc1686e1b9fc01179d377ba820d8593a""]"
ZAPALLITO,REDONDO,SGO.EST.,TORO,Hortalizas,ARS,Primera,MEDIANO,,2025-10-01,468.5166666666667,kg,detail,2025-10,mean_of_daily_means_observed_days,9,9,mcba,73125db149be19d445a7a4a8f964af2132922fc2a0f75e1836de1154b44d5207,,https://ssma.magyp.gob.ar/frutas.precios.aspx,,observed_days_aggregate_not_official_monthly,"[""5b4918836a9c5ae0fabb7d5c2c84fa554142e63106c3417940a27fcf076cd2ce"", ""cc920917f4773a99321db3cd50216eba9102f4106dacea034317bb12e67c3757"", ""9461c44c5165c570b465427ae619c03f9cadc5bbdaeb9dfebca5c83295723eb3"", ""3e2ef76142e7d26264757731cf6a83184b7de57ec958dfb915d7632cb08daf98"", ""d1b62bc78fbd0e0e8bb2e188378b622373d5cfb79d7703d09a38746ca8a54acd"", ""9624cd171a4c0e004749f826396a62e50ea10de106c5edfdb7e8e884ae4fc75d"", ""def02de91c8c1a9714cf0fefb060f0f274f0223867ee26cba07ab1bb7a564679"", ""b28deca7456b3e4dc293dab5bde04664bcfee2360e7c9429bd70f235baffe0e6"", ""9c8cab466b916f9061b83e9171b72512f040041a46e1bfb0ad095d43c0eb7987""]"
ZAPALLO,ANC.COKENA,FORMOSA,BOLSA,Hortalizas,ARS,Primera,MEDIANO,,2025-10-01,800.0,kg,detail,2025-10,mean_of_daily_means_observed_days,3,3,mcba,1dce04f5fc2308a0460748ec3d321ee153c2c61d6a05fa44f0699a75e9bd6a41,,https://ssma.magyp.gob.ar/frutas.precios.aspx,,observed_days_aggregate_not_official_monthly,"[""6b316ab06d56c83f7d45e92538b622e7658b7ad894da582acd140e3561155b1f"", ""848734f211abd2ab586f2dc07d46d0b84622b1d7f1940b56f7adec44570de662"", ""8daadf3a5ec21c91b88320fa830e09175a0663db3ee57a120474e25e081c7e67""]"
ZAPALLO,ANC.COKENA,MENDOZA,BOLSA,Hortalizas,ARS,Primera,MEDIANO,,2025-10-01,559.0490476190477,kg,detail,2025-10,mean_of_daily_means_observed_days,21,21,mcba,7157e976254d1d34a756899d11663fdddfc8ca17b05cfcf38b3c6b24bd6de911,,https://ssma.magyp.gob.ar/frutas.precios.aspx,,observed_days_aggregate_not_official_monthly,"[""00c18862735d40e70827dd03fbb85cb23b50527845d75d6cf48b657030a8d9a5"", ""d88a3b17f8bea9f44f2dee5f542c540b7158c3bddb04fb6b7a6e00c711186fde"", ""fff17dc89b10fddb40667eff9515c97c553115c832b11ee7d2851dd02b2040e0"", ""752f15c2dbc10ee9075cf55fe85a4d53332b990853172eb0272fcd2858ff3263"", ""3cbf39209d15299e4e505a5081add77cce1a979d615ed0bdab197c1b4af97e40"", ""8e7ccf0e48d5e7c60b5f0e0cf0378152715d68c507ab37cf204d2fd12fc470f4"", ""f0e35e98ee57c1183e6a5339da8c115bfdd75f5497cc306fabaae31bac25a9fd"", ""ade2d54c3415baa1e27367dbdc63dcfeed1624a801cfe6c2f9a991a8735336d7"", ""0e3e1245f1a57fff1fda2fcf8ea533be6851de04e22f88940613d6bb590f7bfb"", ""718aa1825df0b982898a1e585c31be3c1c748faafb1bebf7c154e9620e58ac14"", ""34b9df7b86f35d45e6489c7354a95a9217b17c8fd2e1b1c2743243cd0cb40efc"", ""1b17e02be0133c36e1dedbd93ad5ca83144610aeec14169a4984d9eb5df70615"", ""c3188c44dea1bfb6c4bbfde9904be2f90e4f95473dabcfccdead104c19f6de13"", ""5d286b7ea6ab49bcf03a0783189eb841293c16cbf35b72fe7eb9cb83d58c4c26"", ""8e53c648132fb13958e5cdade4f8a54de83b581c7be293782aa8011a17920cff"", ""7f922579d564273e1746267e17e029e9f0fcc4513bf06785fc419910816fb688"", ""2da10cea2215870a4718d60b6d74807ae7e32f54663adea554a0aac8242b9b40"", ""62e4faf32c71a1b874a0d17c27a87b8108c689ba18ce590ef01339e3775a3610"", ""8f9fc7e5e4c83567a1db72fa8cd8fa0d317c8eb4146ab4c9d68e79ad308b299f"", ""02916ea9a79bc4663e21c56887e675c257f2de2c811121c7c52f36cc9e79df64"", ""236c806f4e9eb3769f96ceb49dab7268e9dfb3921ec908e0566746d0d8947191""]"
ZAPALLO,ANC.COKENA,S.BS.AS.,BOLSA,Hortalizas,ARS,Primera,MEDIANO,,2025-10-01,499.9995238095238,kg,detail,2025-10,mean_of_daily_means_observed_days,21,21,mcba,323995d4e5563c7373597afabc90f65d421bc093475d8a0b1f5e74cd96a6ff25,,https://ssma.magyp.gob.ar/frutas.precios.aspx,,observed_days_aggregate_not_official_monthly,"[""f06727be9d805af022642ad85e8b27aaeca9541c6ea71a92923efc9ea39e1a7b"", ""8eece0f366ccf401251b0d998b052ab99c1f31b8c83f1524b8776434f8e5bc99"", ""48b06505ed489883115466880cc24844b234a075d1d310c457453a004dfbfecd"", ""d0a61930b2afa7f37130afe0ee9fbeb14aa8fd4f0ec8af82a69ccbd7b86b63fb"", ""13a78af0f2a9ed2c5032c88bb36275b729507ff958c80239109c9b7213e6c79a"", ""2265cc45cabc63981a5c2ce8b39b5adc02253c4224cd708b5ce5709ed5fbd698"", ""73f07f19f8b61203a9f4581ae885fa2c572084429eb912c33662a60a050be1a6"", ""c2a208381b4a7eafa368c7357ceaff8a07e011d8f4bfbc0b8ba9481915b5ede1"", ""4e2155953b8529717c823b2fefe0efe1352627efc63192f937e859ac14382384"", ""b1d511df4ea367597f15228c1d3d336c6fed4b53fdf4fe3bccbc7b881af837bb"", ""8185b16327a75ce31d50cff4afceba7e4074db2c7758a249189f0929c8e2d517"", ""e677ff61ebbc5d0df295852ea5e5249fb75276933724e426e700113fcc6dd605"", ""d79deec8c4fe5f094271b696768e505bec9ed69c0190e6d383b29bcd300434a4"", ""729b5fcb727c23c276ce88685e1212806db6bca4b2e8706589ee789cd5051fed"", ""507cd1fe361315061f8c1bcb4bb670e0c244784225a7456cbb3a07eabe2027ba"", ""d5269fd885f86727ce46e5b082d839b319b0a414c9204cba12c6ad6422836b64"", ""09cd838b302817909066488e0f8774c02e1eca8d2fb20385575426c7be278802"", ""3b2cf921f3f2019792ab8b9aa384f0ce4fb251b7ef415a51a86cc5c7a7b9e44a"", ""666005e9b675ee044021a50978d0d0b19ba867d9800be764be5a18e3c366c6a7"", ""a72749dfa002e03c28028cc6cfa3464d5817fbde732ad2393c16fbd77f34adde"", ""21e0cd4d0ce672c3e6e9117c21bc259ef5ccd5836d0fca18cefbe563221d4044""]"
ZAPALLO,ANC.COKENA,SALTA,BOLSA,Hortalizas,ARS,Primera,MEDIANO,,2025-10-01,764.8161904761905,kg,detail,2025-10,mean_of_daily_means_observed_days,21,21,mcba,ac46a33666a57f96e3e188d8304c5c9fa3d5cc4abcffa31cbb2d344d19f025b1,,https://ssma.magyp.gob.ar/frutas.precios.aspx,,observed_days_aggregate_not_official_monthly,"[""3608cacce8a90c88f8094d1f8b0cc3d446145fcfb488ca8ba428e3f714e3e456"", ""8ac7df2b90cc0dc4aa571ca86f327d20abdb8f17a246c507ba41e16e05edfea6"", ""f55ba5b4983d2b683d71d94ce9b2c09f0525fb30968fc9f2c185329fb4c3396e"", ""98d93924f167eea9b79d01471246ce8291bf8e224f22eb49dbcb5d7b385cd3d5"", ""042dfdb1ee3c4abd5f1879bf5489ef62754347df0ffab2812ab27f394d6598e0"", ""6bbe5db8b7e5ef79b0ccc508e393955ab6411f30502e74effb35a7bae0e7749a"", ""0661bfce02c727c5e39fac9d7cc33dfc7468115ac63a932589f2b937ed0e0ed6"", ""8a305c9c3e749d4b58b5c0581c2f4d2b22f577edfb71bde233ee6398cadd1b0a"", ""c8eab3b04d1af0b824d9076c4ac9059a769731075e28dbd16090f043611d5ccd"", ""734849d0afc8d0af5ae40368a859931a0b08ef84fedf71750d60536ed402ab20"", ""83e671e9fe1aad336538345de73ae390a869f146370f83349380c24612eb941c"", ""5d64b3bf8f9750d5ac253ad23db97424715cd2b09d0e7a4c48edbe9b908ed616"", ""a61a83b123e59a635447296f5fefbb193047f0e7bdc6e3477c9b043f5ca85f35"", ""ade4947337ee93437ddcca7d54f84540b427bd518fe5b6f90648c453044868dd"", ""72dc04279ee2123f6fc8baf26320df539e7bc3bf9ffe0ac2ac17b2b5ba599550"", ""75605552a19ed48a9674fab6d89b9cc487c2dd23bb93bf3dfeced1c7e58b5b12"", ""891f24ba4c678028b7725c7dba079e8efc24a975c3609037a576beeb7a602001"", ""386699fb680b2e111fdfa69a5d7fcd8b1ad2c9a6e73d3105a28b1b857da37f63"", ""f0d63d6a5baa00d229db18f353b3b1fc6aae1de95da576830f8ed983cfe9fe01"", ""c4df0d060da50a618f7dde7edcf6e14cf546407b2fbed5b6d8f826d5d52d65e6"", ""3ff1e019d5f2a6f2645e92c3c842c6cc6cebdbbf9dfc19fcd3581d2a224a8b40""]"
ZAPALLO,ANQUITO,MENDOZA,BOLSA,Hortalizas,ARS,Primera,MEDIANO,,2025-10-01,301.26952380952383,kg,detail,2025-10,mean_of_daily_means_observed_days,21,21,mcba,9fc3b56cbc67ac7f2a77e65153c62955e3485dbf7b5037f00cb2b282bc0fead6,,https://ssma.magyp.gob.ar/frutas.precios.aspx,,observed_days_aggregate_not_official_monthly,"[""b946a2ad4fd25baf1b355f78454b0fee5cba87f0093768febd18ca0f03912c88"", ""b80e20e4a0c86fb56d448f5fb70a94609e304eb33d7e3c0422fbe521d1cb0795"", ""34e0ae4fe7635a9ecda16f4252fcf17c9d9f62658de2e5af0a0cfbf64c741d87"", ""ab55a906eb351debcc6b4915bdef3ad2e52a95e8d1c19dbcbe9b632055896547"", ""badad656819f5af105865c61f869382aab67970882877b5e91127b45308d42c1"", ""6d4de8bec177eb1f8df1709cb06ee71eb47a235cbeea885cee993de4ba87409e"", ""953bc1368b19237495cbaf66bf2f8afe5aa240ba98889c2acd783aad6d51ecc0"", ""a45fcf48e2e0b442265d07fb26f546fa8fcb0fd51ab39030a173b244165942bb"", ""e32277da88b4ceac4a08a46582247a6d741f1f8a2c1bfa501d2093a6a57b85e5"", ""04560aa5107b388f0cfdd954ef8d747f1109a2f53ceb1b5888daab501a97e01e"", ""716ab2d58bac4d96de107a078e7797a604c4115ed1f734f3864238601f717c88"", ""cfe0fdc7ab83a179e7fa0a041de676c38794ebc189757caf0e5f54b6570fda53"", ""77672ffba5b0513184b3c4ca63f854068772ecf2900d2adee758ea891a90b16a"", ""ebc4c510aa80d7ddbdc9dc4bd9b62b50a80715296aeb1b6b1482f62a3f222e34"", ""1251e14b0799749455046f17eecff8c8b464e55ab9830744582e12b0ff4c013c"", ""8275f4a07935502b4c4375a9dacf6f119dad4e25f04d6b21ab5c6c9a8c762648"", ""e93fe3b073de3aed1f3052da5d7dbf6d201bb1bd579e2878dd3a67545365d791"", ""57f8a60ca7738d00238d2409a05ed0059c1f2195b6507143ea45e0503b8e4dff"", ""1d7c0353eb4560264f0ebd44f8b764ff11fb7ecb51f35dc348b39e3145d574b2"", ""8bfc8969d7193e17ab9596cd6110d7db0df2d6272c074aa6df3ebf73da8129c1"", ""9a28f45fe4dd79d47f47bb775099f0dbbca1d67eef8de88c9a1f8a701f751d93""]"
ZAPALLO,PLOMO,SANTA FE,GRANEL,Hortalizas,ARS,Primera,GRANEL,,2025-10-01,910.0,kg,detail,2025-10,mean_of_daily_means_observed_days,5,5,mcba,b34e0a74844f89ab3e17077cc5065daf9dba037388497e992a9cda1444211788,,https://ssma.magyp.gob.ar/frutas.precios.aspx,,observed_days_aggregate_not_official_monthly,"[""1cbf13b41a37ffa66ce6df659ba5eba470cd9b6397d0a1ce7a23bc5f19cf1709"", ""916fb215c76a30e63c325f716d79b6b051a4d6381a53b022fe25f501094176e8"", ""fe4c2daf9865c9283ee60ba6dc8c0755b579f85130f3f9d4a8ebe2f28c65368b"", ""1ec1ffac741666a444e8fda3756d3bd1325f129e48c233c2dd64eda46ea14345"", ""9cf53732e821a8cdc2b38ba34159df443eb6684c8f2020de7316ef9849914f1b""]"
ZAPALLO,TETSUKAB.,MENDOZA,BOLSA,Hortalizas,ARS,Primera,MEDIANO,,2025-10-01,474.0728571428572,kg,detail,2025-10,mean_of_daily_means_observed_days,21,21,mcba,4089d95ec7ac825bbc1f2102c6da9553e01cd6d0db75f8b0997d997356ef6d08,,https://ssma.magyp.gob.ar/frutas.precios.aspx,,observed_days_aggregate_not_official_monthly,"[""82119686d5076fac5203f978caee68348892b169cd32c4a5ee94c602ca137471"", ""36c3860395470e4fbf53a89a93e86a1090fe1fc2ce083738a93f89d6e0891298"", ""197865edcd210670009f041045a69357d426c7134313b3b69e26c52c99af45f4"", ""1007b8db165f6208de45246671a200231645ac5efee44d5abfef51e0b9042641"", ""8e1cfe2ea08eaeec6ea2f87a2be584b31141857f1ac5ecaf1f1e61f91940d521"", ""5f4e065a9bce4c8cde0d47b9f15cf920f9c228f0e75c2e1df4394cf629636288"", ""2804cdbb12139e2403951177d98feeddde85e9d04cb0bc1b51322db97fc89595"", ""9b75bcfafdae14c6a61e535bad292328cd492aeaf6f366a47cc8f4ccf742a690"", ""74a152964080bd05835a0a7b5f809dfbed50655b51e2ae9edcaed71cb94f2d76"", ""66e4f487cd680639063a8b0bcd79aa96a4a927bc9cda688b9f15779c04c42f8f"", ""dee0e102fa829195db2e6c6c12cf3cf25c2c905514337d406e05aa08b68810b0"", ""68a00be00f63809efa78d5c1d9105dfa62360b56e02f8bb9e29c95af8267ef97"", ""93cd5329b0efb26fc3086b5230467dd653e0634035455ea1c8263881962693d3"", ""de3313caba52f687038f84d68639f403fe9c4cf00489105e1b152a3d2c51abc4"", ""0b837bb9d31d65aa3764616e5433d9eab566a181ef5060b75527544a7888c55b"", ""398a0b029917d3a9b4c64b406c68e5da217bb5443552b8c7e901e0808a80f84a"", ""3bb1d055437fbad1c4016a182406c76d649275f543944ab836a72016b9835106"", ""bf9584979f415fb1b0a3018167266dde7e784d077db1caac6e1376976efe8e01"", ""7d3ee20f339a9922f99ae106f609062492cc591878be73ca348e8c2fd2e3ce31"", ""99b298abbc680187dbdfb079e663f09f4d0ea6428411ac79e59cdd868e685d60"", ""62799eb563fe9618cde6c91e8594c419a0b1c9a6131d62fe64e00a20c7cdd62a""]"
ZAPALLO,TETSUKAB.,S.BS.AS.,BOLSA,Hortalizas,ARS,Primera,MEDIANO,,2025-10-01,439.0466666666667,kg,detail,2025-10,mean_of_daily_means_observed_days,21,21,mcba,8da23994f8c00b06b9236d63dd905a4320d63e2881c8dd3dcaa071cd15976bce,,https://ssma.magyp.gob.ar/frutas.precios.aspx,,observed_days_aggregate_not_official_monthly,"[""89951d0ac78ddd2ef642dd64576a29ced04d4ffb26643134f04803678695adf7"", ""8d7e024d10ea92c863727d3f02104b815c30a5917440851ee1e0ba5dda0c9fc9"", ""fc213d20e87e8e3594e4821fb5b37f1af6a5790b1f4480e32b8d431184e7043d"", ""fa58d2c57131a9b05724c0db26b9e4248cba6e74d0a4eb165599c647a198294f"", ""649cd1aeb2654c412560eeab3d353f085e86655182d5e113274ab02977659983"", ""ff24bdaa8660c6bbf180037a5587ae54cdf3e1a23ecc6b24de4a84a77704875e"", ""809d1c9175827de17fb4b26a0adc51d96d0cad0ca479a97fe7577a78c9977552"", ""763c6539f4eb4742e2b82e8050c0db802ace979e19a66b621faefdf0bc2ce38f"", ""44fa2ba31cd79b71c0a20e1b6605e0e7265f2e496f8ac16bcae0326eb0df744e"", ""8d72d063e11f33199e145f8346af090435ae8a187ea8ae65a6f951883b3186ae"", ""058687c1f244e4ccfda4337c2ce16e41c81b3f4822bc1ae13bdace6e6b0d6630"", ""5cfbc9b9c8f7cbe61375497ec3316a74ae0e92ca391717caee91a3d4340551a1"", ""bcce1d29486813d807961eddd66f2a6bb3324b5594d24939b25162a3fe136d65"", ""30774714aa34077d5b1a5991e1f2f81ebe452360e240844f06c4ca52a97e211d"", ""dae7194e61eab234e52bfeaea40b6ebc60005b7c170cbeaa6fa442f1176f911b"", ""1323884fb2bc354d1a577ba69cebea11315374efc704df35da6ea92a93666203"", ""1a05486e08285cf2582866cd52e29d1a2cae736445ad5f94fe27bcc820e7d6a6"", ""2468a2b63ef7c9c3bc75c71b493d168a8332b3fe1304ab56907ef4b1ebba831f"", ""37d8c19ccfc88b1c03cca8a2e57b5cce5822759ad9c188880f4546a82ca6482f"", ""e72355182759649fcd180219510942f5cd5d683ea32804f01a3b0a8ee9420c2c"", ""56f31b9c9f5d8b1e3b607ad9eb588c53de3a15ae4f23313206ef67bf4c61b181""]"
ZAPALLO,TETSUKAB.,SALTA,BOLSA,Hortalizas,ARS,Primera,GRANDE,,2025-10-01,736.2428571428571,kg,detail,2025-10,mean_of_daily_means_observed_days,21,21,mcba,2ba5ac7d9580683af2a9ac37a26e1bfdd3067b0c787863769dd87faab44e9730,,https://ssma.magyp.gob.ar/frutas.precios.aspx,,observed_days_aggregate_not_official_monthly,"[""a1e5b492dde9666d82182f23bcf1d19196ece181fa61b34ea081d32e5c68ff86"", ""9720302b28bb76447c87ed70e6fe69a9459c91d185072308f5e50d4ca2cb5bde"", ""a900f7d471c18ad614de8beef9ef48898ac9460b3f08ecaede98407a1ceeff1b"", ""1157d67cc1b0e8faf06a51adc7ae1855c5359b920e68e1f701254eb1defb7dc4"", ""63ecdd43eb61dc3872ebe1b6fd2d65378ef2e8855ec5451c8f7d4f54178bdbdd"", ""280f0c6153b48fb8daa72997676721a83dc6ebeed901a7220abdfc69ea8fcfde"", ""061348ee6f7ec5090ed6d06f004ee09ddebceab8c72f93a03762ad1e1b5e5c28"", ""96d77c64dcc0f6932eae20d32c57cd7df5f468d4b703016d593edcd9c1af80dc"", ""c74d73a18c7966a3f79f2a21e51fe7753499430dbc6e4ed8cf7bbb9f39bbb48c"", ""a9a1a8d83d102e59d992244166fa9914eeb86cb6b1b595ff34dffe1fd2b80921"", ""ebcb0b052a62cb31838d7a2673ded4ed8369a4125dc58c2f8bcd2d64d46d8350"", ""17355470e0a01efe54610b7bef9f1a204367b21ebb96dcf59a1342e4cdfc96f1"", ""76aa417410aa9799c4429cf2db4447386f753f499d9bb1df25758be0769577f5"", ""69c80f078a293a09864da8102473283a7d397f01c05e5727e3dfb811e7cdf91e"", ""b5dc02a5a389848f0880906d12bab28d1b492d17012b654ad3ab4d9d1c9ba928"", ""e19eabadc4295ff73ef21aea88ab218e65e0d26fea278eab5ffb0c30facf5dba"", ""f0435ba15c1fe0a84a4ba54ebb2f465cb3e6977b34092d4afe675977fd5af919"", ""e598ae0f65570a10256d2fc6f571db55f613ab404d646bfbd0e6fbf33a4bfb31"", ""e4d8d8d02ed5d53c001adb66c9ee53c04b44291e9f983303cef4d0e145ffcbea"", ""9a72a7eb5b8a8c52b7e8f6e02ce5ff77a2da35959cd3739a332bc6b501361c2e"", ""af78d40fea4da3f0427a5e7c3fdbc75f63891fcabfe164ea370edcc497bc2ad8""]"
ZAPALLO,TETSUKAB.,SALTA,BOLSA,Hortalizas,ARS,Primera,MEDIANO,,2025-10-01,640.2128571428572,kg,detail,2025-10,mean_of_daily_means_observed_days,21,21,mcba,cda4080da9a6f8c9d320f19dfe5403777f8fc22f8ca6c281eb8cd747b983e47b,,https://ssma.magyp.gob.ar/frutas.precios.aspx,,observed_days_aggregate_not_official_monthly,"[""49006ae262704e6a5efa1598efe26975f65ece1c40e766c8b81da2aef45184a5"", ""f4d59689a270d8b9993a7a17138fe58befc7d177eac3fba3c3979835092c840d"", ""53b7977086514226e9078dc5c8bf570bb9a086916d59f2dc4250e97ba2d4108f"", ""a8336e7bd0157f601b407b8607c169e683c0168970608bb24886566026c5e7d0"", ""3c272418315420c3d6b0614f56a238bb6a80451f5bc06591c321ac52043108e4"", ""0067f3efba216c944463c86b5094d6ac6c153cc0f8d9a5a5e31b87c5d3ad4e69"", ""2ea5e6e5518b1b31dd8753647b343dd5216e279efc44ea40bde488705ba19aa8"", ""2f52fb012140500eb46d719eeb128185e5bf57d0c61280854ce38277d9a4f78f"", ""713d91e24a1fdb0ec698c45a62602bbc1e2c91ce26dd8cddd7d7e1ddd72e5388"", ""4a0de08b5a0efaf189299b0688f199baa4aba6062ea5e7f0d64fa14f8b487368"", ""8c1f07bb4ecb29af9ce2cfb088eb29a899f75401d2f8cdf99a0b4f7ecb9c0ea7"", ""664fac43292fef9279ea04a3cb622adfd3180591d8e8e0181b2601473bfdcb46"", ""6983030ca20d6faeba8613af5aae790cb86b407881acd37348b51d3510721118"", ""10debe0301c1af3df20f4a1ce9fb4dde321e5daec2de9f6a417ece4027c14a7f"", ""b8aa8ed22e0bb45352c2862681d8af7e3da0433b91c70af3fd0b656a2a61a80d"", ""2b15c14ad2c783945e751a06c928385fe59d480887ca411176392b878e62b2c7"", ""f34e0e158b96cf9f9ac0a2d52cc04389ba7a706fab961924c5acc32e984681f9"", ""69fd203ed3135c211465b85d994ed990aa0ca1df2d3fcfddbf7ceebfef5f7de7"", ""d17b9a5e40b2b6fc14be102599c95d4c9b3b57a5252f34bbe4a431ca9a2e0a8f"", ""7badc3fade3d8071820c8e2f95f94de7562cfce3dd0254a48df71115f8505d31"", ""a153ced58459f7911e396cfc3a0fdc27837573e7621b254c858da5593c2ec546""]"
