match_status,date_magyp,date_current,date_precision_current,period,market,type_magyp,type_current,product_magyp,product_current,variety_magyp,variety_current,origin_magyp,origin_current,package_magyp,package_current,quality_magyp,size_magyp,grade_magyp,extra_dimensions_current,price_magyp,price_current,price_difference,unit_magyp,unit_current,currency_magyp,currency_current,name_difference,candidate_count,observation_id,capture_id,raw_sha256,current_row,current_file,source_url,comparison_kind,matching_rule,absolute_price_difference,relative_price_difference,candidate_references,aliases_used
probable,2025-10-01,2025-10-01,month,2025-10,MCBA,Hortalizas,Hortalizas,AJO,Ajo,MDO. CHINO,Mdo. Chino,MENDOZA,Mendoza,RISTRA 100,Rt,Segunda,10,,Moneda interpretada como ARS por tratarse de lista local MCBA. Atributos fuente: CAL=2A; TAM=10.,4550.0,4550.0,0.0,kg,$/kg,ARS,ARS,True,1,30acc047f7c491e5db894c3ac6a40f26ed1605994fcab12ceaab1af5b7dbfeec,,,112692,PHOR25_K.xlsx#hoja=PHOR25_K;fila=39;C=2701;columna=K_OCTU,https://ssma.magyp.gob.ar/frutas.precios.aspx,C_historical_monthly_formula_unverified,probable:dimensions_price_tolerance_0.011,0.0,0.0,[112692],"[{""canonical_current"": ""RISTRA 100"", ""canonical_magyp"": ""RISTRA 100"", ""current"": ""Rt"", ""dimension"": ""package"", ""magyp"": ""RISTRA 100""}]"
probable,2025-10-01,2025-10-01,month,2025-10,MCBA,Hortalizas,Hortalizas,AJO,Ajo,MDO. CHINO,Mdo. Chino,SAN JUAN,San Juan,RISTRA 100,Rt,Primera,10,,Moneda interpretada como ARS por tratarse de lista local MCBA. Atributos fuente: CAL=1A; TAM=10.,5730.0,5730.0,0.0,kg,$/kg,ARS,ARS,True,1,330e53e17a1ab34bdc4edf0bcfe3b23e8369b9860f08d9ed688a950a4d2dd749,,,112702,PHOR25_K.xlsx#hoja=PHOR25_K;fila=44;C=4182;columna=K_OCTU,https://ssma.magyp.gob.ar/frutas.precios.aspx,C_historical_monthly_formula_unverified,probable:dimensions_price_tolerance_0.011,0.0,0.0,[112702],"[{""canonical_current"": ""RISTRA 100"", ""canonical_magyp"": ""RISTRA 100"", ""current"": ""Rt"", ""dimension"": ""package"", ""magyp"": ""RISTRA 100""}]"
probable,2025-10-01,2025-10-01,month,2025-10,MCBA,Hortalizas,Hortalizas,AJO,Ajo,MDO. CHINO,Mdo. Chino,SAN JUAN,San Juan,RISTRA 100,Rt,Segunda,10,,Moneda interpretada como ARS por tratarse de lista local MCBA. Atributos fuente: CAL=2A; TAM=10.,1873.0,1873.0,0.0,kg,$/kg,ARS,ARS,True,1,f94b7e1d3fb30da25126a5ad5dab6d3e7df76e759215775e24bcdb269fa7ec08,,,112698,PHOR25_K.xlsx#hoja=PHOR25_K;fila=42;C=2699;columna=K_OCTU,https://ssma.magyp.gob.ar/frutas.precios.aspx,C_historical_monthly_formula_unverified,probable:dimensions_price_tolerance_0.011,0.0,0.0,[112698],"[{""canonical_current"": ""RISTRA 100"", ""canonical_magyp"": ""RISTRA 100"", ""current"": ""Rt"", ""dimension"": ""package"", ""magyp"": ""RISTRA 100""}]"
probable,2025-10-01,2025-10-01,month,2025-10,MCBA,Hortalizas,Hortalizas,AJO,Ajo,MDO. CHINO,Mdo. Chino,SAN JUAN,San Juan,RISTRA 100,Rt,Segunda,3,,Moneda interpretada como ARS por tratarse de lista local MCBA. Atributos fuente: CAL=2A; TAM=3.,1900.0,1900.0,0.0,kg,$/kg,ARS,ARS,True,1,f41791796f51f472255bcfca3ae7635bc0008475a0c4a085b4a9e1fe4d77f081,,,112706,PHOR25_K.xlsx#hoja=PHOR25_K;fila=46;C=4550;columna=K_OCTU,https://ssma.magyp.gob.ar/frutas.precios.aspx,C_historical_monthly_formula_unverified,probable:dimensions_price_tolerance_0.011,0.0,0.0,[112706],"[{""canonical_current"": ""RISTRA 100"", ""canonical_magyp"": ""RISTRA 100"", ""current"": ""Rt"", ""dimension"": ""package"", ""magyp"": ""RISTRA 100""}]"
probable,2025-10-01,2025-10-01,month,2025-10,MCBA,Hortalizas,Hortalizas,ARVEJA,Arveja,,,JUJUY,Jujuy,BOLSA,Bo,Primera,MEDIANO,,Moneda interpretada como ARS por tratarse de lista local MCBA. Atributos fuente: CAL=1A; TAM=MEDIANO.,2750.0,2750.0,0.0,kg,$/kg,ARS,ARS,True,1,15e32632686f201947597312ab06d57a20bb8665a1a92c1d1115796c905ac7de,,,112777,PHOR25_K.xlsx#hoja=PHOR25_K;fila=64;C=4303;columna=K_OCTU,https://ssma.magyp.gob.ar/frutas.precios.aspx,C_historical_monthly_formula_unverified,probable:dimensions_price_tolerance_0.011,0.0,0.0,[112777],"[{""canonical_current"": ""BOLSA"", ""canonical_magyp"": ""BOLSA"", ""current"": ""Bo"", ""dimension"": ""package"", ""magyp"": ""BOLSA""}]"
probable,2025-10-01,2025-10-01,month,2025-10,MCBA,Hortalizas,Hortalizas,ARVEJA,Arveja,,,M.D.PLAT,M.D.Plat,TORO,To,Primera,MEDIANO,INVERNAC,Moneda interpretada como ARS por tratarse de lista local MCBA. Atributos fuente: CAL=1A; TAM=MEDIANO; GRADO=INV.,3175.0,3175.0,0.0,kg,$/kg,ARS,ARS,True,1,6ac78ef63f8e7a99d605ceeaad25bff94ccdd164ad47368cae7d8fb83aa071e2,,,112778,PHOR25_K.xlsx#hoja=PHOR25_K;fila=65;C=4556;columna=K_OCTU,https://ssma.magyp.gob.ar/frutas.precios.aspx,C_historical_monthly_formula_unverified,probable:dimensions_price_tolerance_0.011,0.0,0.0,[112778],"[{""canonical_current"": ""TORO"", ""canonical_magyp"": ""TORO"", ""current"": ""To"", ""dimension"": ""package"", ""magyp"": ""TORO""}]"
probable,2025-10-01,2025-10-01,month,2025-10,MCBA,Hortalizas,Hortalizas,ARVEJA,Arveja,,,MENDOZA,Mendoza,BOLSA,Bo,Primera,MEDIANO,,Moneda interpretada como ARS por tratarse de lista local MCBA. Atributos fuente: CAL=1A; TAM=MEDIANO.,1800.0,1800.0,0.0,kg,$/kg,ARS,ARS,True,1,ef7dd8cc31030c0a478daa2055f28dab9f2ff52a10519ca0fac33e2e4a1edf7d,,,112785,PHOR25_K.xlsx#hoja=PHOR25_K;fila=66;C=3185;columna=K_OCTU,https://ssma.magyp.gob.ar/frutas.precios.aspx,C_historical_monthly_formula_unverified,probable:dimensions_price_tolerance_0.011,0.0,0.0,[112785],"[{""canonical_current"": ""BOLSA"", ""canonical_magyp"": ""BOLSA"", ""current"": ""Bo"", ""dimension"": ""package"", ""magyp"": ""BOLSA""}]"
probable,2025-10-01,2025-10-01,month,2025-10,MCBA,Hortalizas,Hortalizas,BROCOLI,Brocoli,,,MENDOZA,Mendoza,PERDIDO,Pe,,MEDIANO,,Moneda interpretada como ARS por tratarse de lista local MCBA. Atributos fuente: TAM=MEDIANO.,1475.0,1475.0,0.0,kg,$/kg,ARS,ARS,True,1,daad454d37b3bc8cd80813b5a557be6c6184feb25e6916a2ad70dae0093b8a61,,,112952,PHOR25_K.xlsx#hoja=PHOR25_K;fila=100;C=4286;columna=K_OCTU,https://ssma.magyp.gob.ar/frutas.precios.aspx,C_historical_monthly_formula_unverified,probable:dimensions_price_tolerance_0.011,0.0,0.0,[112952],"[{""canonical_current"": ""PERDIDO"", ""canonical_magyp"": ""PERDIDO"", ""current"": ""Pe"", ""dimension"": ""package"", ""magyp"": ""PERDIDO""}]"
probable,2025-10-01,2025-10-01,month,2025-10,MCBA,Hortalizas,Hortalizas,CEBOLLA,Cebolla,VALENCIANI,Valenciani,JUJUY,Jujuy,BOLSA,Bo,Segunda,MEDIANO,,Moneda interpretada como ARS por tratarse de lista local MCBA. Atributos fuente: CAL=2A; TAM=MEDIANO.,355.0,355.0,0.0,kg,$/kg,ARS,ARS,True,1,d70213815b82c2e89f13a7b656b995dd0d77ec7511c4a16ea5fee720fc681e05,,,113103,PHOR25_K.xlsx#hoja=PHOR25_K;fila=131;C=4341;columna=K_OCTU,https://ssma.magyp.gob.ar/frutas.precios.aspx,C_historical_monthly_formula_unverified,probable:dimensions_price_tolerance_0.011,0.0,0.0,[113103],"[{""canonical_current"": ""BOLSA"", ""canonical_magyp"": ""BOLSA"", ""current"": ""Bo"", ""dimension"": ""package"", ""magyp"": ""BOLSA""}]"
probable,2025-10-01,2025-10-01,month,2025-10,MCBA,Frutas,Frutas,CEREZA,Cereza,NIMBA,Nimba,MENDOZA,Mendoza,CAJA,Ca,Elegido,GRANDE,,Moneda interpretada como ARS por tratarse de lista local MCBA. Atributos fuente: CAL=EL; TAM=GRANDE.,27600.0,27600.0,0.0,kg,$/kg,ARS,ARS,True,1,e5fdacdde1c838a99b07394d8f9b0dff68d5b8c126dfab0e1ed065a32220ace1,,,115156,PFRU25_K.xlsx#hoja=PFRU25_K;fila=70;C=6524;columna=K_OCTU,https://ssma.magyp.gob.ar/frutas.precios.aspx,C_historical_monthly_formula_unverified,probable:dimensions_price_tolerance_0.011,0.0,0.0,[115156],"[{""canonical_current"": ""CAJA"", ""canonical_magyp"": ""CAJA"", ""current"": ""Ca"", ""dimension"": ""package"", ""magyp"": ""CAJA""}]"
probable,2025-10-01,2025-10-01,month,2025-10,MCBA,Frutas,Frutas,DURAZNO,Durazno,FLORDAKING,Flordaking,JUJUY,Jujuy,BANDEJA,Ba,Elegido,GRANDE,,Moneda interpretada como ARS por tratarse de lista local MCBA. Atributos fuente: CAL=EL; TAM=GRANDE.,4875.0,4875.0,0.0,kg,$/kg,ARS,ARS,True,1,316b2de456bd0743a62d55d63cd2b5472fde4350ef879eb99ce9c6a202329d17,,,115339,PFRU25_K.xlsx#hoja=PFRU25_K;fila=183;C=2555;columna=K_OCTU,https://ssma.magyp.gob.ar/frutas.precios.aspx,C_historical_monthly_formula_unverified,probable:dimensions_price_tolerance_0.011,0.0,0.0,[115339],"[{""canonical_current"": ""BANDEJA"", ""canonical_magyp"": ""BANDEJA"", ""current"": ""Ba"", ""dimension"": ""package"", ""magyp"": ""BANDEJA""}]"
probable,2025-10-01,2025-10-01,month,2025-10,MCBA,Frutas,Frutas,DURAZNO,Durazno,FLORDAKING,Flordaking,JUJUY,Jujuy,BANDEJA,Ba,Elegido,GRANEL,,Moneda interpretada como ARS por tratarse de lista local MCBA. Atributos fuente: CAL=EL; TAM=GRANEL.,2800.0,2800.0,0.0,kg,$/kg,ARS,ARS,True,1,231cd63c77b14d790ad0b1d29ca7995af939bc3100677c1526094979ddc3580a,,,115340,PFRU25_K.xlsx#hoja=PFRU25_K;fila=184;C=6058;columna=K_OCTU,https://ssma.magyp.gob.ar/frutas.precios.aspx,C_historical_monthly_formula_unverified,probable:dimensions_price_tolerance_0.011,0.0,0.0,[115340],"[{""canonical_current"": ""BANDEJA"", ""canonical_magyp"": ""BANDEJA"", ""current"": ""Ba"", ""dimension"": ""package"", ""magyp"": ""BANDEJA""}]"
probable,2025-10-01,2025-10-01,month,2025-10,MCBA,Frutas,Frutas,DURAZNO,Durazno,FLORDAKING,Flordaking,JUJUY,Jujuy,CAJA,Ca,Elegido,CHICO,,Moneda interpretada como ARS por tratarse de lista local MCBA. Atributos fuente: CAL=EL; TAM=CHICO.,2125.0,2125.0,0.0,kg,$/kg,ARS,ARS,True,1,7ee0f4990209ff5d4585b0cf86814950fd5d706b2d71962afbb16b0e3c78c9d8,,,115341,PFRU25_K.xlsx#hoja=PFRU25_K;fila=185;C=6525;columna=K_OCTU,https://ssma.magyp.gob.ar/frutas.precios.aspx,C_historical_monthly_formula_unverified,probable:dimensions_price_tolerance_0.011,0.0,0.0,[115341],"[{""canonical_current"": ""CAJA"", ""canonical_magyp"": ""CAJA"", ""current"": ""Ca"", ""dimension"": ""package"", ""magyp"": ""CAJA""}]"
probable,2025-10-01,2025-10-01,month,2025-10,MCBA,Frutas,Frutas,FRUTILLA,Frutilla,,,CTES.,Ctes.,BANDEJA,Ba,Elegido,GRANEL,,Moneda interpretada como ARS por tratarse de lista local MCBA. Atributos fuente: CAL=EL; TAM=GRANEL.,3500.0,3500.0,0.0,kg,$/kg,ARS,ARS,True,1,fca3e915cae41ccb0c6d71abff98aafdd649b432b8c8953bf2e103745fc478a0,,,115486,PFRU25_K.xlsx#hoja=PFRU25_K;fila=264;C=4827;columna=K_OCTU,https://ssma.magyp.gob.ar/frutas.precios.aspx,C_historical_monthly_formula_unverified,probable:dimensions_price_tolerance_0.011,0.0,0.0,[115486],"[{""canonical_current"": ""BANDEJA"", ""canonical_magyp"": ""BANDEJA"", ""current"": ""Ba"", ""dimension"": ""package"", ""magyp"": ""BANDEJA""}]"
probable,2025-10-01,2025-10-01,month,2025-10,MCBA,Frutas,Frutas,KUMQUAT,Kumquat,,,E. RIOS,E. Rios,BOLSA,Bo,Elegido,GRANEL,,Moneda interpretada como ARS por tratarse de lista local MCBA. Atributos fuente: CAL=EL; TAM=GRANEL.,2000.0,2000.0,0.0,kg,$/kg,ARS,ARS,True,1,88caf66e07894147a8d9d7a5d2a063b908d58122f47995305635ecbbc3c42641,,,115647,PFRU25_K.xlsx#hoja=PFRU25_K;fila=316;C=5112;columna=K_OCTU,https://ssma.magyp.gob.ar/frutas.precios.aspx,C_historical_monthly_formula_unverified,probable:dimensions_price_tolerance_0.011,0.0,0.0,[115647],"[{""canonical_current"": ""BOLSA"", ""canonical_magyp"": ""BOLSA"", ""current"": ""Bo"", ""dimension"": ""package"", ""magyp"": ""BOLSA""}]"
probable,2025-10-01,2025-10-01,month,2025-10,MCBA,Frutas,Frutas,MANZANA,Manzana,FUJI,Fuji,R. NEGRO,R. Negro,CAJA,Ca,Elegido,040/060,,Moneda interpretada como ARS por tratarse de lista local MCBA. Atributos fuente: CAL=EL; TAM=040/060.,2000.0,2000.0,0.0,kg,$/kg,ARS,ARS,True,1,39dffc4fd593514b02c6fd8ecd7a743e5e389a8a4aa19a315dbbbee4649ba0fd,,,115958,PFRU25_K.xlsx#hoja=PFRU25_K;fila=409;C=6522;columna=K_OCTU,https://ssma.magyp.gob.ar/frutas.precios.aspx,C_historical_monthly_formula_unverified,probable:dimensions_price_tolerance_0.011,0.0,0.0,[115958],"[{""canonical_current"": ""CAJA"", ""canonical_magyp"": ""CAJA"", ""current"": ""Ca"", ""dimension"": ""package"", ""magyp"": ""CAJA""}]"
probable,2025-10-01,2025-10-01,month,2025-10,MCBA,Frutas,Frutas,MELON,Melon,ESCRITO,Escrito,E. RIOS,E. Rios,CAJA,Ca,Elegido,MEDIANO,,Moneda interpretada como ARS por tratarse de lista local MCBA. Atributos fuente: CAL=EL; TAM=MEDIANO.,3200.0,3200.0,0.0,kg,$/kg,ARS,ARS,True,1,ff75eb2569e4cadaf6ce2d27618d32a01f16f8317d98850ec9c4956131542cd7,,,116287,PFRU25_K.xlsx#hoja=PFRU25_K;fila=512;C=5145;columna=K_OCTU,https://ssma.magyp.gob.ar/frutas.precios.aspx,C_historical_monthly_formula_unverified,probable:dimensions_price_tolerance_0.011,0.0,0.0,[116287],"[{""canonical_current"": ""CAJA"", ""canonical_magyp"": ""CAJA"", ""current"": ""Ca"", ""dimension"": ""package"", ""magyp"": ""CAJA""}]"
probable,2025-10-01,2025-10-01,month,2025-10,MCBA,Frutas,Frutas,NARANJA,Naranja,VALEN.LATE,Valen.Late,E. RIOS,E. Rios,PERDIDO,Pe,Elegido,120/140,,Moneda interpretada como ARS por tratarse de lista local MCBA. Atributos fuente: CAL=EL; TAM=120/140.,500.0,500.0,0.0,kg,$/kg,ARS,ARS,True,1,93d96c970b72dc9b84d7849c5eedc973710742e85e01689960b26207c2179ebf,,,116445,PFRU25_K.xlsx#hoja=PFRU25_K;fila=582;C=3258;columna=K_OCTU,https://ssma.magyp.gob.ar/frutas.precios.aspx,C_historical_monthly_formula_unverified,probable:dimensions_price_tolerance_0.011,0.0,0.0,[116445],"[{""canonical_current"": ""PERDIDO"", ""canonical_magyp"": ""PERDIDO"", ""current"": ""Pe"", ""dimension"": ""package"", ""magyp"": ""PERDIDO""}]"
probable,2025-10-01,2025-10-01,month,2025-10,MCBA,Frutas,Frutas,PALTA,Palta,HASS,Hass,JUJUY,Jujuy,CAJA,Ca,Elegido,GRANEL,,Moneda interpretada como ARS por tratarse de lista local MCBA. Atributos fuente: CAL=EL; TAM=GRANEL.,3400.0,3400.0,0.0,kg,$/kg,ARS,ARS,True,1,a2f8ccf85addc5d9b9292f2c101d960a6e7adb6a5b4953d95d441351211ad5d5,,,116566,PFRU25_K.xlsx#hoja=PFRU25_K;fila=612;C=6225;columna=K_OCTU,https://ssma.magyp.gob.ar/frutas.precios.aspx,C_historical_monthly_formula_unverified,probable:dimensions_price_tolerance_0.011,0.0,0.0,[116566],"[{""canonical_current"": ""CAJA"", ""canonical_magyp"": ""CAJA"", ""current"": ""Ca"", ""dimension"": ""package"", ""magyp"": ""CAJA""}]"
probable,2025-10-01,2025-10-01,month,2025-10,MCBA,Frutas,Frutas,PALTA,Palta,HASS,Hass,PERU,Peru,BANDEJA,Ba,Elegido,GRANDE,,Moneda interpretada como ARS por tratarse de lista local MCBA. Atributos fuente: CAL=EL; TAM=GRANDE.,5700.0,5700.0,0.0,kg,$/kg,ARS,ARS,True,1,0dcd0b45bed4744f2b071fb068add8ed0428ce277c7dee8573df8a9bf22f9ea5,,,116582,PFRU25_K.xlsx#hoja=PFRU25_K;fila=617;C=6001;columna=K_OCTU,https://ssma.magyp.gob.ar/frutas.precios.aspx,C_historical_monthly_formula_unverified,probable:dimensions_price_tolerance_0.011,0.0,0.0,[116582],"[{""canonical_current"": ""BANDEJA"", ""canonical_magyp"": ""BANDEJA"", ""current"": ""Ba"", ""dimension"": ""package"", ""magyp"": ""BANDEJA""}]"
probable,2025-10-01,2025-10-01,month,2025-10,MCBA,Hortalizas,Hortalizas,PIMIENTO,Pimiento,BLOCKY,Blocky,SALTA,Salta,PERDIDO,Pe,Primera,MEDIANO,ROJO/INV,Moneda interpretada como ARS por tratarse de lista local MCBA. Atributos fuente: CAL=1A; TAM=MEDIANO; GRADO=R/I.,5000.0,5000.0,0.0,kg,$/kg,ARS,ARS,True,1,1bcda708e2097180297bdb4eee884502dba4190f1df897eb44149f58525f2a32,,,113859,PHOR25_K.xlsx#hoja=PHOR25_K;fila=310;C=4534;columna=K_OCTU,https://ssma.magyp.gob.ar/frutas.precios.aspx,C_historical_monthly_formula_unverified,probable:dimensions_price_tolerance_0.011,0.0,0.0,[113859],"[{""canonical_current"": ""PERDIDO"", ""canonical_magyp"": ""PERDIDO"", ""current"": ""Pe"", ""dimension"": ""package"", ""magyp"": ""PERDIDO""}]"
probable,2025-10-01,2025-10-01,month,2025-10,MCBA,Frutas,Frutas,PITAHAYA,Pitahaya,,,ECUADOR,Ecuador,CAJA,Ca,Elegido,GRANEL,,Moneda interpretada como ARS por tratarse de lista local MCBA. Atributos fuente: CAL=EL; TAM=GRANEL.,15200.0,15200.0,0.0,kg,$/kg,ARS,ARS,True,1,777b0a5afb74d7b4ae81de3ed436eba89075166ee06d3fee4cf5b291a28f98fa,,,116780,PFRU25_K.xlsx#hoja=PFRU25_K;fila=704;C=6492;columna=K_OCTU,https://ssma.magyp.gob.ar/frutas.precios.aspx,C_historical_monthly_formula_unverified,probable:dimensions_price_tolerance_0.011,0.0,0.0,[116780],"[{""canonical_current"": ""CAJA"", ""canonical_magyp"": ""CAJA"", ""current"": ""Ca"", ""dimension"": ""package"", ""magyp"": ""CAJA""}]"
probable,2025-10-01,2025-10-01,month,2025-10,MCBA,Hortalizas,Hortalizas,REMOLACHA,Remolacha,,,SGO.EST.,Sgo.Est.,BOLSA,Bo,Primera,MEDIANO,,Moneda interpretada como ARS por tratarse de lista local MCBA. Atributos fuente: CAL=1A; TAM=MEDIANO.,580.0,580.0,0.0,kg,$/kg,ARS,ARS,True,1,f9ec26357225e92745ce50c33917438e23443b5b56020e552ac103ece4322bce,,,114133,PHOR25_K.xlsx#hoja=PHOR25_K;fila=371;C=2643;columna=K_OCTU,https://ssma.magyp.gob.ar/frutas.precios.aspx,C_historical_monthly_formula_unverified,probable:dimensions_price_tolerance_0.011,0.0,0.0,[114133],"[{""canonical_current"": ""BOLSA"", ""canonical_magyp"": ""BOLSA"", ""current"": ""Bo"", ""dimension"": ""package"", ""magyp"": ""BOLSA""}]"
probable,2025-10-01,2025-10-01,month,2025-10,MCBA,Hortalizas,Hortalizas,ZAPALLO,Zapallo,ANC.COKENA,Anc.Cokena,FORMOSA,Formosa,BOLSA,Bo,Primera,MEDIANO,,Moneda interpretada como ARS por tratarse de lista local MCBA. Atributos fuente: CAL=1A; TAM=MEDIANO.,800.0,800.0,0.0,kg,$/kg,ARS,ARS,True,1,1dce04f5fc2308a0460748ec3d321ee153c2c61d6a05fa44f0699a75e9bd6a41,,,114824,PHOR25_K.xlsx#hoja=PHOR25_K;fila=551;C=3942;columna=K_OCTU,https://ssma.magyp.gob.ar/frutas.precios.aspx,C_historical_monthly_formula_unverified,probable:dimensions_price_tolerance_0.011,0.0,0.0,[114824],"[{""canonical_current"": ""BOLSA"", ""canonical_magyp"": ""BOLSA"", ""current"": ""Bo"", ""dimension"": ""package"", ""magyp"": ""BOLSA""}]"
ambiguous,2025-10-01,,,2025-10,MCBA,Hortalizas,,ACELGA,,,,BS. AS.,,JAULA,,Primera,SIN TAM,,,621.4285714285714,,,kg,,ARS,,False,3,a3ddb7a189a9428e4dc66527b5559855343c4da2325f0c53bc41f74b9f3ee781,,,,,https://ssma.magyp.gob.ar/frutas.precios.aspx,C_historical_monthly_formula_unverified,probable:multiple_candidates,,,"[112509, 112521, 112533]",[]
ambiguous,2025-10-01,,,2025-10,MCBA,Hortalizas,,ACELGA,,,,BS. AS.,,JAULA,,Primera,,INVERNAC,,766.6666666666666,,,kg,,ARS,,False,3,5b1872a9b0fa9613154e903a3bbf12da17e211ce5bc83da2b872520c49d491f4,,,,,https://ssma.magyp.gob.ar/frutas.precios.aspx,C_historical_monthly_formula_unverified,probable:multiple_candidates,,,"[112509, 112521, 112533]",[]
ambiguous,2025-10-01,,,2025-10,MCBA,Hortalizas,,ACELGA,,,,BS. AS.,,JAULA,,Segunda,SIN TAM,,,485.7142857142857,,,kg,,ARS,,False,3,db12327806f0952dc19c033f225d6402b957b6688450a0c2542e8ef21fcaf25a,,,,,https://ssma.magyp.gob.ar/frutas.precios.aspx,C_historical_monthly_formula_unverified,probable:multiple_candidates,,,"[112509, 112521, 112533]",[]
ambiguous,2025-10-01,,,2025-10,MCBA,Hortalizas,,AJO,,COLORADO,,MENDOZA,,RISTRA 100,,Primera,11,,,4151.516666666666,,,kg,,ARS,,False,5,4e3f0657fcafbbd8cf3920d041e0552c6be0567f4a9a7880269dd7ebbb639b17,,,,,https://ssma.magyp.gob.ar/frutas.precios.aspx,C_historical_monthly_formula_unverified,probable:multiple_candidates,,,"[112573, 112579, 112590, 112596, 112605]",[]
ambiguous,2025-10-01,,,2025-10,MCBA,Hortalizas,,AJO,,COLORADO,,MENDOZA,,RISTRA 100,,Primera,4,,,854.1666666666666,,,kg,,ARS,,False,5,e007e3928f42296326eb8e0d616658bce78c6c8af930ca1631533e77ee83ac7f,,,,,https://ssma.magyp.gob.ar/frutas.precios.aspx,C_historical_monthly_formula_unverified,probable:multiple_candidates,,,"[112573, 112579, 112590, 112596, 112605]",[]
ambiguous,2025-10-01,,,2025-10,MCBA,Hortalizas,,AJO,,COLORADO,,MENDOZA,,RISTRA 100,,Primera,7,,,1161.1133333333332,,,kg,,ARS,,False,5,f48c657acfbe0bc521a274878bf46c179fe67a459e5ab2b4d57570fe86510920,,,,,https://ssma.magyp.gob.ar/frutas.precios.aspx,C_historical_monthly_formula_unverified,probable:multiple_candidates,,,"[112573, 112579, 112590, 112596, 112605]",[]
ambiguous,2025-10-01,,,2025-10,MCBA,Hortalizas,,AJO,,COLORADO,,MENDOZA,,RISTRA 100,,Primera,8,,,1963.9705882352941,,,kg,,ARS,,False,5,4d78b8fbb8b8766530149cfb8045d6273820be3faadd533e089cc86b77d3d8f8,,,,,https://ssma.magyp.gob.ar/frutas.precios.aspx,C_historical_monthly_formula_unverified,probable:multiple_candidates,,,"[112573, 112579, 112590, 112596, 112605]",[]
ambiguous,2025-10-01,,,2025-10,MCBA,Hortalizas,,AJO,,COLORADO,,MENDOZA,,RISTRA 100,,Primera,9,,,3288.19375,,,kg,,ARS,,False,5,fcd874c40b46cf268025d5bef11a4134126fb1fc90a1449825e39760ef0c5adf,,,,,https://ssma.magyp.gob.ar/frutas.precios.aspx,C_historical_monthly_formula_unverified,probable:multiple_candidates,,,"[112573, 112579, 112590, 112596, 112605]",[]
ambiguous,2025-10-01,,,2025-10,MCBA,Hortalizas,,AJO,,MDO. CHINO,,MENDOZA,,RISTRA 100,,Primera,10,,,5663.636363636364,,,kg,,ARS,,False,5,8a2a5fe95c8adae6111f71c0eb75e4302a461c4ff1f2f03240795feb65086606,,,,,https://ssma.magyp.gob.ar/frutas.precios.aspx,C_historical_monthly_formula_unverified,probable:multiple_candidates,,,"[112646, 112656, 112664, 112673, 112688]",[]
ambiguous,2025-10-01,,,2025-10,MCBA,Hortalizas,,AJO,,MDO. CHINO,,MENDOZA,,RISTRA 100,,Primera,4,,,2058.3333333333335,,,kg,,ARS,,False,5,e28f046d11767952af19414c8dba2d79ef13cffd1b950ba33031f05493406d52,,,,,https://ssma.magyp.gob.ar/frutas.precios.aspx,C_historical_monthly_formula_unverified,probable:multiple_candidates,,,"[112646, 112656, 112664, 112673, 112688]",[]
ambiguous,2025-10-01,,,2025-10,MCBA,Hortalizas,,AJO,,MDO. CHINO,,MENDOZA,,RISTRA 100,,Primera,7,,,2194.556666666667,,,kg,,ARS,,False,5,c37690a45caf500ebb07770a03c2080544e516b8792d261c80dbc90fd1681e39,,,,,https://ssma.magyp.gob.ar/frutas.precios.aspx,C_historical_monthly_formula_unverified,probable:multiple_candidates,,,"[112646, 112656, 112664, 112673, 112688]",[]
ambiguous,2025-10-01,,,2025-10,MCBA,Hortalizas,,AJO,,MDO. CHINO,,MENDOZA,,RISTRA 100,,Primera,9,,,3634.9238095238097,,,kg,,ARS,,False,5,355227a89d74662b5c17cf6d499f1584195ed517c9e5510731e2ffe7002c63da,,,,,https://ssma.magyp.gob.ar/frutas.precios.aspx,C_historical_monthly_formula_unverified,probable:multiple_candidates,,,"[112646, 112656, 112664, 112673, 112688]",[]
ambiguous,2025-10-01,,,2025-10,MCBA,Hortalizas,,AJO,,MDO. CHINO,,MENDOZA,,RISTRA 100,,Segunda,11,,,6419.911904761905,,,kg,,ARS,,False,5,b645e8d3a7ee9547704a78dd4baf9edbcd94d5a91e37a7b923bb1a31765ae74c,,,,,https://ssma.magyp.gob.ar/frutas.precios.aspx,C_historical_monthly_formula_unverified,probable:multiple_candidates,,,"[112646, 112656, 112664, 112673, 112688]",[]
ambiguous,2025-10-01,,,2025-10,MCBA,Hortalizas,,AJO,,MDO. CHINO,,SAN JUAN,,RISTRA 100,,Primera,1,,,6540.0,,,kg,,ARS,,False,4,a3ae863bbac7205dccd1fbe83a3ef7f459fffaf90c68c0997c7a273c3c052aab,,,,,https://ssma.magyp.gob.ar/frutas.precios.aspx,C_historical_monthly_formula_unverified,probable:multiple_candidates,,,"[112696, 112700, 112704, 112707]",[]
ambiguous,2025-10-01,,,2025-10,MCBA,Hortalizas,,AJO,,MDO. CHINO,,SAN JUAN,,RISTRA 100,,Primera,11,,,6121.213333333333,,,kg,,ARS,,False,4,cc4bb1d7981675500e78a02ff6119dd8dcbddafe41207a321e67ba5f09750c83,,,,,https://ssma.magyp.gob.ar/frutas.precios.aspx,C_historical_monthly_formula_unverified,probable:multiple_candidates,,,"[112696, 112700, 112704, 112707]",[]
ambiguous,2025-10-01,,,2025-10,MCBA,Hortalizas,,AJO,,MDO. CHINO,,SAN JUAN,,RISTRA 100,,Segunda,6,,,1855.5539999999999,,,kg,,ARS,,False,4,101011fd0c2ac238869ef04ae345bb6c42973bfcd734f23c7dad53cb17665e9c,,,,,https://ssma.magyp.gob.ar/frutas.precios.aspx,C_historical_monthly_formula_unverified,probable:multiple_candidates,,,"[112696, 112700, 112704, 112707]",[]
ambiguous,2025-10-01,,,2025-10,MCBA,Hortalizas,,AJO,,MDO. CHINO,,SAN JUAN,,RISTRA 100,,Segunda,7,,,1851.4260000000002,,,kg,,ARS,,False,4,39bda0c5fad0b89add1075a2c4d569d31da12d841028ba1b42d4164c8d549da9,,,,,https://ssma.magyp.gob.ar/frutas.precios.aspx,C_historical_monthly_formula_unverified,probable:multiple_candidates,,,"[112696, 112700, 112704, 112707]",[]
ambiguous,2025-10-01,,,2025-10,MCBA,Hortalizas,,APIO,,,,BS. AS.,,TORO,,Primera,GRANDE,INVERNAC,,1067.645882352941,,,kg,,ARS,,False,2,c2acb1168a8c7da05bf7ee5c4b6326534a7835616b1f869b112704d7fa41254d,,,,,https://ssma.magyp.gob.ar/frutas.precios.aspx,C_historical_monthly_formula_unverified,probable:multiple_candidates,,,"[112754, 112766]",[]
ambiguous,2025-10-01,,,2025-10,MCBA,Hortalizas,,APIO,,,,BS. AS.,,TORO,,Primera,MEDIANO,INVERNAC,,897.0594117647058,,,kg,,ARS,,False,2,3dc0931226bb80c602512a6b0763448f2dcafc599b66d3d8a516da1fc0c49146,,,,,https://ssma.magyp.gob.ar/frutas.precios.aspx,C_historical_monthly_formula_unverified,probable:multiple_candidates,,,"[112754, 112766]",[]
ambiguous,2025-10-01,,,2025-10,MCBA,Frutas,,BANANA,,CAVENDISH,,ECUADOR,,CAJA,,Elegido,GRANDE,,,2009.5238095238096,,,kg,,ARS,,False,2,f5730cf9da0b88d84a31f9d486c7cd38ec4926e2c8233aa061b756b25c52816d,,,,,https://ssma.magyp.gob.ar/frutas.precios.aspx,C_historical_monthly_formula_unverified,probable:multiple_candidates,,,"[115046, 115058]",[]
ambiguous,2025-10-01,,,2025-10,MCBA,Frutas,,BANANA,,CAVENDISH,,ECUADOR,,CAJA,,Elegido,MEDIANO,,,1771.4285714285713,,,kg,,ARS,,False,2,b4c6978f104879eb29bec967d5b373593089ecbeffcc1057be13d08b14ef744d,,,,,https://ssma.magyp.gob.ar/frutas.precios.aspx,C_historical_monthly_formula_unverified,probable:multiple_candidates,,,"[115046, 115058]",[]
ambiguous,2025-10-01,,,2025-10,MCBA,Frutas,,BANANA,,NANIKA,,SALTA,,CAJA,,Elegido,GRANDE,,,1581.25,,,kg,,ARS,,False,2,76b61ecd3f1fb0d27f0feaa2746d7e5281c09c27b116e758e42cbbe520cd443f,,,,,https://ssma.magyp.gob.ar/frutas.precios.aspx,C_historical_monthly_formula_unverified,probable:multiple_candidates,,,"[115107, 115110]",[]
ambiguous,2025-10-01,,,2025-10,MCBA,Frutas,,BANANA,,NANIKA,,SALTA,,CAJA,,Elegido,MEDIANO,,,1307.142857142857,,,kg,,ARS,,False,2,889243c8bae7d9a49829660cfa88edc9e8bf0c20f2f6f1962743f976b0745b13,,,,,https://ssma.magyp.gob.ar/frutas.precios.aspx,C_historical_monthly_formula_unverified,probable:multiple_candidates,,,"[115107, 115110]",[]
ambiguous,2025-10-01,,,2025-10,MCBA,Hortalizas,,BERENJENA,,VTA.MED.LA,,CTES.,,TORO,,Primera,MEDIANO,,,997.2228571428572,,,kg,,ARS,,False,2,8267f98bd2104be2c3e7b74fad6176550a3f87071c9a5cd56557faa9aa247035,,,,,https://ssma.magyp.gob.ar/frutas.precios.aspx,C_historical_monthly_formula_unverified,probable:multiple_candidates,,,"[112877, 112884]",[]
ambiguous,2025-10-01,,,2025-10,MCBA,Hortalizas,,BERENJENA,,VTA.MED.LA,,CTES.,,TORO,,Segunda,MEDIANO,,,698.81,,,kg,,ARS,,False,2,d5f818a58496a8eb6058b60370184bacf362fec451aeeeeaabf8ca8ae4c0b9ad,,,,,https://ssma.magyp.gob.ar/frutas.precios.aspx,C_historical_monthly_formula_unverified,probable:multiple_candidates,,,"[112877, 112884]",[]
ambiguous,2025-10-01,,,2025-10,MCBA,Hortalizas,,BROCOLI,,,,BS. AS.,,JAULA,,Primera,MEDIANO,INVERNAC,,1545.8333333333333,,,kg,,ARS,,False,2,c9c83a77d510aded7abc6487a8fa0f4be337322c759b756f49b3c7d578a76b67,,,,,https://ssma.magyp.gob.ar/frutas.precios.aspx,C_historical_monthly_formula_unverified,probable:multiple_candidates,,,"[112931, 112943]",[]
ambiguous,2025-10-01,,,2025-10,MCBA,Hortalizas,,BROCOLI,,,,BS. AS.,,JAULA,,Primera,MEDIANO,,,1007.1428571428571,,,kg,,ARS,,False,2,1c92935f89d4205ad393eca5f6dc644f4a206864d6e8bddcfd6bf2700700470d,,,,,https://ssma.magyp.gob.ar/frutas.precios.aspx,C_historical_monthly_formula_unverified,probable:multiple_candidates,,,"[112931, 112943]",[]
ambiguous,2025-10-01,,,2025-10,MCBA,Hortalizas,,CEB.VERDEO,,COLORADA,,BS. AS.,,JAULA,,Primera,CHICO,,,1101.904761904762,,,kg,,ARS,,False,2,f0c31a79be1fafc1c12f6666287964040665013c282c7bac7485e67825987a87,,,,,https://ssma.magyp.gob.ar/frutas.precios.aspx,C_historical_monthly_formula_unverified,probable:multiple_candidates,,,"[112991, 113003]",[]
ambiguous,2025-10-01,,,2025-10,MCBA,Hortalizas,,CEB.VERDEO,,COLORADA,,BS. AS.,,JAULA,,Primera,MEDIANO,,,1538.095238095238,,,kg,,ARS,,False,2,c11b18b95ae2eedf8db85b13228733fb03725bd1ca4c70d3fc5dea09d6eadac4,,,,,https://ssma.magyp.gob.ar/frutas.precios.aspx,C_historical_monthly_formula_unverified,probable:multiple_candidates,,,"[112991, 113003]",[]
ambiguous,2025-10-01,,,2025-10,MCBA,Hortalizas,,CEBOLLA,,VALENCIANA,,S.BS.AS.,,BOLSA,,Primera,MEDIANO,,,326.3636363636364,,,kg,,ARS,,False,2,0234795266c5822091bc2b09e1f1bd26112b7986afb57820aec40673b9f4bbaf,,,,,https://ssma.magyp.gob.ar/frutas.precios.aspx,C_historical_monthly_formula_unverified,probable:multiple_candidates,,,"[113091, 113100]",[]
ambiguous,2025-10-01,,,2025-10,MCBA,Hortalizas,,CEBOLLA,,VALENCIANA,,S.BS.AS.,,BOLSA,,Segunda,MEDIANO,,,245.0,,,kg,,ARS,,False,2,62ba77f88fa22617356461fb76490d375f53f75e01ea4828ddf1a9b5e8a93d07,,,,,https://ssma.magyp.gob.ar/frutas.precios.aspx,C_historical_monthly_formula_unverified,probable:multiple_candidates,,,"[113091, 113100]",[]
ambiguous,2025-10-01,,,2025-10,MCBA,Hortalizas,,CEBOLLA,,VALENCIANI,,SGO.EST.,,BOLSA,,Primera,MEDIANO,HIBRIDO,,425.23809523809524,,,kg,,ARS,,False,2,59ad9049d587d0f515c67ab7bffe72f9d1105acfc59f715687e29be556fc4b9d,,,,,https://ssma.magyp.gob.ar/frutas.precios.aspx,C_historical_monthly_formula_unverified,probable:multiple_candidates,,,"[113115, 113118]",[]
ambiguous,2025-10-01,,,2025-10,MCBA,Hortalizas,,CEBOLLA,,VALENCIANI,,SGO.EST.,,BOLSA,,Segunda,MEDIANO,,,363.8095238095238,,,kg,,ARS,,False,2,d1971787c667450aa0d5d0fb9341ab069b40eed05a39a4c0bbf3bf8e6bc33f92,,,,,https://ssma.magyp.gob.ar/frutas.precios.aspx,C_historical_monthly_formula_unverified,probable:multiple_candidates,,,"[113115, 113118]",[]
ambiguous,2025-10-01,,,2025-10,MCBA,Hortalizas,,CHAUCHA,,ROLLIZA,,SALTA,,TORO,,Primera,MEDIANO,,,1809.5233333333333,,,kg,,ARS,,False,2,8b3590c02cf77e767f78acedaf6b19c138a022b42bf2aa6b7b06eb7308dfa25f,,,,,https://ssma.magyp.gob.ar/frutas.precios.aspx,C_historical_monthly_formula_unverified,probable:multiple_candidates,,,"[113166, 113170]",[]
ambiguous,2025-10-01,,,2025-10,MCBA,Hortalizas,,CHAUCHA,,ROLLIZA,,SALTA,,TORO,,Segunda,MEDIANO,,,1309.5228571428572,,,kg,,ARS,,False,2,b66f98863c1025f54f98c42e375e75239f0ca53adac1b159db3409604402b822,,,,,https://ssma.magyp.gob.ar/frutas.precios.aspx,C_historical_monthly_formula_unverified,probable:multiple_candidates,,,"[113166, 113170]",[]
ambiguous,2025-10-01,,,2025-10,MCBA,Hortalizas,,CHOCLO,,AMARILLO,,SALTA,,PERDIDO,,Primera,MEDIANO,PRE-ENFR,,1540.6342857142856,,,kg,,ARS,,False,3,556977be6f4aec3526d200fd9491ce020a6f9eff8e1c67dceee2ad3719859800,,,,,https://ssma.magyp.gob.ar/frutas.precios.aspx,C_historical_monthly_formula_unverified,probable:multiple_candidates,,,"[113200, 113207, 113208]",[]
ambiguous,2025-10-01,,,2025-10,MCBA,Hortalizas,,CHOCLO,,AMARILLO,,SALTA,,PERDIDO,,Segunda,MEDIANO,PRE-ENFR,,1140.5558333333333,,,kg,,ARS,,False,3,6146f2255683f3de7c53fae8de3dab5ff5ba6001a92b761d90237dc3f9beccab,,,,,https://ssma.magyp.gob.ar/frutas.precios.aspx,C_historical_monthly_formula_unverified,probable:multiple_candidates,,,"[113200, 113207, 113208]",[]
ambiguous,2025-10-01,,,2025-10,MCBA,Hortalizas,,CHOCLO,,AMARILLO,,SALTA,,PERDIDO,,Segunda,,PRE-ENFR,,1111.1133333333335,,,kg,,ARS,,False,3,c0781ebd1aeedbce30263913992349f945a9beadc634b32650e8b37091a683bc,,,,,https://ssma.magyp.gob.ar/frutas.precios.aspx,C_historical_monthly_formula_unverified,probable:multiple_candidates,,,"[113200, 113207, 113208]",[]
ambiguous,2025-10-01,,,2025-10,MCBA,Frutas,,DURAZNO,,OPEDEPE,,JUJUY,,CAJA,,Elegido,CHICO,,,3071.4285714285716,,,kg,,ARS,,False,2,f5539e4d837c18a89fff173ede3f0312f82048168a5f63705fea8f97761bf1ac,,,,,https://ssma.magyp.gob.ar/frutas.precios.aspx,C_historical_monthly_formula_unverified,probable:multiple_candidates,,,"[115382, 115388]",[]
ambiguous,2025-10-01,,,2025-10,MCBA,Frutas,,DURAZNO,,OPEDEPE,,JUJUY,,CAJA,,Elegido,GRANDE,,,6619.048571428571,,,kg,,ARS,,False,2,3263b93fcbc974b4acc53968e8d2e0cf603989d4be1ea9cb1ec0412ffee6d923,,,,,https://ssma.magyp.gob.ar/frutas.precios.aspx,C_historical_monthly_formula_unverified,probable:multiple_candidates,,,"[115382, 115388]",[]
ambiguous,2025-10-01,,,2025-10,MCBA,Frutas,,DURAZNO,,ROJO UNO,,BS. AS.,,BANDEJA,,Elegido,CHICO,,,2838.383333333333,,,kg,,ARS,,False,3,a58c6376c5b2d12909883dd455bd74ef0fff007993155af6756b2130c9e76b9c,,,,,https://ssma.magyp.gob.ar/frutas.precios.aspx,C_historical_monthly_formula_unverified,probable:multiple_candidates,,,"[115406, 115408, 115410]",[]
ambiguous,2025-10-01,,,2025-10,MCBA,Frutas,,DURAZNO,,ROJO UNO,,BS. AS.,,BANDEJA,,Elegido,GRANDE,,,5288.888888888889,,,kg,,ARS,,False,3,ae7e670148f21b5100baea786eab67ec59c33ae9b1af1216c859dc3d66f8b855,,,,,https://ssma.magyp.gob.ar/frutas.precios.aspx,C_historical_monthly_formula_unverified,probable:multiple_candidates,,,"[115406, 115408, 115410]",[]
ambiguous,2025-10-01,,,2025-10,MCBA,Frutas,,DURAZNO,,ROJO UNO,,BS. AS.,,BANDEJA,,Elegido,MEDIANO,,,4577.777777777777,,,kg,,ARS,,False,3,d437e48362c682195d1a9bae3561f130f67d308eb63e63ec0a56e2576948f4ea,,,,,https://ssma.magyp.gob.ar/frutas.precios.aspx,C_historical_monthly_formula_unverified,probable:multiple_candidates,,,"[115406, 115408, 115410]",[]
ambiguous,2025-10-01,,,2025-10,MCBA,Hortalizas,,ESPARRAGO,,VERDE,,SAN JUAN,,ATADO,,Primera,GRANDE,,,3230.769230769231,,,kg,,ARS,,False,2,121291aab84bcdbc14bed6cdd89b0659a8554d72dea54b5ee10a3b60bed7ca36,,,,,https://ssma.magyp.gob.ar/frutas.precios.aspx,C_historical_monthly_formula_unverified,probable:multiple_candidates,,,"[113352, 113355]",[]
ambiguous,2025-10-01,,,2025-10,MCBA,Hortalizas,,ESPARRAGO,,VERDE,,SAN JUAN,,ATADO,,Primera,MEDIANO,,,2673.3333333333335,,,kg,,ARS,,False,2,9077c0800c308b25eacf537a2546a28e3186d59091791c712cd481b8cef0e7c2,,,,,https://ssma.magyp.gob.ar/frutas.precios.aspx,C_historical_monthly_formula_unverified,probable:multiple_candidates,,,"[113352, 113355]",[]
ambiguous,2025-10-01,,,2025-10,MCBA,Frutas,,FRUTILLA,,,,BS. AS.,,BANDEJA,,Comercial,GRANEL,,,2542.8571428571427,,,kg,,ARS,,False,2,5ee6421ce6c05a1e0a19f32ec47e3ff0937870aaa70b5a809372dfd6f9b04839,,,,,https://ssma.magyp.gob.ar/frutas.precios.aspx,C_historical_monthly_formula_unverified,probable:multiple_candidates,,,"[115474, 115478]",[]
ambiguous,2025-10-01,,,2025-10,MCBA,Frutas,,FRUTILLA,,,,BS. AS.,,BANDEJA,,Elegido,GRANEL,,,3571.4285714285716,,,kg,,ARS,,False,2,caff32aa606d5ee927783b7eca76d9fabcafd3b08f1ccd204777932edb76a258,,,,,https://ssma.magyp.gob.ar/frutas.precios.aspx,C_historical_monthly_formula_unverified,probable:multiple_candidates,,,"[115474, 115478]",[]
ambiguous,2025-10-01,,,2025-10,MCBA,Frutas,,KIWI,,,,BS. AS.,,CAJA,,Elegido,GRANDE,,,5519.047619047619,,,kg,,ARS,,False,2,c6cd7ad111e03c5e21161d99929a702c4a07e121e5867ca8b17ccf1dd6f70e4a,,,,,https://ssma.magyp.gob.ar/frutas.precios.aspx,C_historical_monthly_formula_unverified,probable:multiple_candidates,,,"[115581, 115593]",[]
ambiguous,2025-10-01,,,2025-10,MCBA,Frutas,,KIWI,,,,BS. AS.,,CAJA,,Elegido,MEDIANO,,,4676.190476190476,,,kg,,ARS,,False,2,680e799f6f02fd6df71b88950da50e41c2659371d984a75b5b7c2d6016c8eeac,,,,,https://ssma.magyp.gob.ar/frutas.precios.aspx,C_historical_monthly_formula_unverified,probable:multiple_candidates,,,"[115581, 115593]",[]
ambiguous,2025-10-01,,,2025-10,MCBA,Frutas,,KIWI,,,,CHILE,,CAJA,,Elegido,GRANDE,,,5628.571428571428,,,kg,,ARS,,False,2,e8b43aa71770d518ea051a5255bbda4592e1afae08f042b44251696b97ae586a,,,,,https://ssma.magyp.gob.ar/frutas.precios.aspx,C_historical_monthly_formula_unverified,probable:multiple_candidates,,,"[115605, 115614]",[]
ambiguous,2025-10-01,,,2025-10,MCBA,Frutas,,KIWI,,,,CHILE,,CAJA,,Elegido,MEDIANO,,,5133.333333333333,,,kg,,ARS,,False,2,c9c8ec267fd94a561c54fc7aef5cfbffd1c8ed8686ca29ab48773cae401c2b1f,,,,,https://ssma.magyp.gob.ar/frutas.precios.aspx,C_historical_monthly_formula_unverified,probable:multiple_candidates,,,"[115605, 115614]",[]
ambiguous,2025-10-01,,,2025-10,MCBA,Hortalizas,,LECHUGA,,CRIOLLA,,BS. AS.,,JAULA,,Primera,GRANDE,INVERNAC,,936.9047619047619,,,kg,,ARS,,False,3,4d3bf54f8d9c2a503c982921eb750cbbf09b62c70afabb686f0ac6f7eae02896,,,,,https://ssma.magyp.gob.ar/frutas.precios.aspx,C_historical_monthly_formula_unverified,probable:multiple_candidates,,,"[113517, 113529, 113540]",[]
ambiguous,2025-10-01,,,2025-10,MCBA,Hortalizas,,LECHUGA,,CRIOLLA,,BS. AS.,,JAULA,,Primera,MEDIANO,INVERNAC,,764.8809523809524,,,kg,,ARS,,False,3,697e09668ac43b50c140221ee7593b0838dc2766224a4822036f1eb749e05355,,,,,https://ssma.magyp.gob.ar/frutas.precios.aspx,C_historical_monthly_formula_unverified,probable:multiple_candidates,,,"[113517, 113529, 113540]",[]
ambiguous,2025-10-01,,,2025-10,MCBA,Hortalizas,,LECHUGA,,CRIOLLA,,BS. AS.,,JAULA,,Primera,MEDIANO,,,672.6190476190476,,,kg,,ARS,,False,3,cfacfc4385d5b564c06edfc00b94e362311be25dea90fe568b281efd75aa47d0,,,,,https://ssma.magyp.gob.ar/frutas.precios.aspx,C_historical_monthly_formula_unverified,probable:multiple_candidates,,,"[113517, 113529, 113540]",[]
ambiguous,2025-10-01,,,2025-10,MCBA,Hortalizas,,LECHUGA,,MANTECOSA,,BS. AS.,,JAULA,,Primera,GRANDE,INVERNAC,,1766.6666666666667,,,kg,,ARS,,False,3,c55e3ee3f8ca956a4fde65d493d3fc41ad77bccbf5a9e2d47f680c6a23f382b3,,,,,https://ssma.magyp.gob.ar/frutas.precios.aspx,C_historical_monthly_formula_unverified,probable:multiple_candidates,,,"[113574, 113585, 113588]",[]
ambiguous,2025-10-01,,,2025-10,MCBA,Hortalizas,,LECHUGA,,MANTECOSA,,BS. AS.,,JAULA,,Primera,MEDIANO,INVERNAC,,1352.3809523809523,,,kg,,ARS,,False,3,952247d3fae3652f7bf867bdbcafb4b8a9c3ee4ab4e97819e44d001ba9fd1da8,,,,,https://ssma.magyp.gob.ar/frutas.precios.aspx,C_historical_monthly_formula_unverified,probable:multiple_candidates,,,"[113574, 113585, 113588]",[]
ambiguous,2025-10-01,,,2025-10,MCBA,Hortalizas,,LECHUGA,,MANTECOSA,,BS. AS.,,JAULA,,Primera,MEDIANO,,,1078.095238095238,,,kg,,ARS,,False,3,010cfb40aa731c7c252b0f929e1b261d60beb8b10bd7c7f87b5f2fc26815e830,,,,,https://ssma.magyp.gob.ar/frutas.precios.aspx,C_historical_monthly_formula_unverified,probable:multiple_candidates,,,"[113574, 113585, 113588]",[]
ambiguous,2025-10-01,,,2025-10,MCBA,Frutas,,LIMON,,EUREKA,,TUCUMAN,,CAJA,,Elegido,113/138,,,1677.2480952380952,,,kg,,ARS,,False,2,cef0c342b31519c13c3ae097da97371ba5194889de1ebfff8885e9680df3ced1,,,,,https://ssma.magyp.gob.ar/frutas.precios.aspx,C_historical_monthly_formula_unverified,probable:multiple_candidates,,,"[115745, 115755]",[]
ambiguous,2025-10-01,,,2025-10,MCBA,Frutas,,LIMON,,EUREKA,,TUCUMAN,,CAJA,,Elegido,125/138,,,1544.9728571428573,,,kg,,ARS,,False,2,8800d8b9aac5976ef1a35b6ff3b1baf738b5bb4f73f43e0d0b8c4efb488e0b52,,,,,https://ssma.magyp.gob.ar/frutas.precios.aspx,C_historical_monthly_formula_unverified,probable:multiple_candidates,,,"[115745, 115755]",[]
ambiguous,2025-10-01,,,2025-10,MCBA,Frutas,,LIMON,,GENOVA,,CTES.,,PERDIDO,,Elegido,090/110,,,2092.5933333333332,,,kg,,ARS,,False,2,60d1b99de37ca9111419edfd6f70370e7017d2b1aed61091214b08dd6e3c0523,,,,,https://ssma.magyp.gob.ar/frutas.precios.aspx,C_historical_monthly_formula_unverified,probable:multiple_candidates,,,"[115773, 115778]",[]
ambiguous,2025-10-01,,,2025-10,MCBA,Frutas,,LIMON,,GENOVA,,CTES.,,PERDIDO,,Elegido,120/140,,,1428.5723809523809,,,kg,,ARS,,False,2,d0f9250836e15f8f3f2219b9ae7dfeb741e9a8d44cc342c40aa89c8520ff80d5,,,,,https://ssma.magyp.gob.ar/frutas.precios.aspx,C_historical_monthly_formula_unverified,probable:multiple_candidates,,,"[115773, 115778]",[]
ambiguous,2025-10-01,,,2025-10,MCBA,Frutas,,MANDARINA,,MURCOT,,E. RIOS,,PERDIDO,,Elegido,GRANDE,,,1357.1433333333334,,,kg,,ARS,,False,2,d9743f047a30b710729f529bbaf5f9a60cf481f3c17c5f9beb296b167d8fd0b3,,,,,https://ssma.magyp.gob.ar/frutas.precios.aspx,C_historical_monthly_formula_unverified,probable:multiple_candidates,,,"[115869, 115874]",[]
ambiguous,2025-10-01,,,2025-10,MCBA,Frutas,,MANDARINA,,MURCOT,,E. RIOS,,PERDIDO,,Elegido,MEDIANO,,,828.0419047619048,,,kg,,ARS,,False,2,c99fcd2891ace74a33d2eb14987e3fda4649312ef58d5561bbc836f6ad25f16e,,,,,https://ssma.magyp.gob.ar/frutas.precios.aspx,C_historical_monthly_formula_unverified,probable:multiple_candidates,,,"[115869, 115874]",[]
ambiguous,2025-10-01,,,2025-10,MCBA,Frutas,,MANGO,,,,BRASIL,,CAJA,,Elegido,GRANDE,,,2542.3314285714287,,,kg,,ARS,,False,2,9fd89c582c24473b69cbed9ab447387a95bbb0a21fd5344607c0ad07a4c0cc08,,,,,https://ssma.magyp.gob.ar/frutas.precios.aspx,C_historical_monthly_formula_unverified,probable:multiple_candidates,,,"[115911, 115920]",[]
ambiguous,2025-10-01,,,2025-10,MCBA,Frutas,,MANGO,,,,BRASIL,,CAJA,,Elegido,MEDIANO,,,2880.9523809523807,,,kg,,ARS,,False,2,9a9e1523e5100b8c73bc9f630b9999d4eeabe12a0868593f4de6637a657a9357,,,,,https://ssma.magyp.gob.ar/frutas.precios.aspx,C_historical_monthly_formula_unverified,probable:multiple_candidates,,,"[115911, 115920]",[]
ambiguous,2025-10-01,,,2025-10,MCBA,Frutas,,MANZANA,,GRANNY SMI,,R. NEGRO,,CAJA,,Elegido,036/044,,,2204.7619047619046,,,kg,,ARS,,False,5,7156a8d4d7e6baf957a7d7d98d22c2d299f41add0eaa79cdb306da4f6b32ec62,,,,,https://ssma.magyp.gob.ar/frutas.precios.aspx,C_historical_monthly_formula_unverified,probable:multiple_candidates,,,"[116032, 116041, 116050, 116072, 116074]",[]
ambiguous,2025-10-01,,,2025-10,MCBA,Frutas,,MANZANA,,GRANNY SMI,,R. NEGRO,,CAJA,,Elegido,072/080,,,1883.3333333333333,,,kg,,ARS,,False,5,4d2551ef5262d6204736bbf699af011d3c81a519537a96f1739805a2e390e671,,,,,https://ssma.magyp.gob.ar/frutas.precios.aspx,C_historical_monthly_formula_unverified,probable:multiple_candidates,,,"[116032, 116041, 116050, 116072, 116074]",[]
ambiguous,2025-10-01,,,2025-10,MCBA,Frutas,,MANZANA,,GRANNY SMI,,R. NEGRO,,CAJA,,Elegido,090/100,,,2242.8571428571427,,,kg,,ARS,,False,5,3acf7386e3b65f2927cdfdf3df9a43299a7cf7285b75cc1bc42d1f11003febf8,,,,,https://ssma.magyp.gob.ar/frutas.precios.aspx,C_historical_monthly_formula_unverified,probable:multiple_candidates,,,"[116032, 116041, 116050, 116072, 116074]",[]
ambiguous,2025-10-01,,,2025-10,MCBA,Frutas,,MANZANA,,GRANNY SMI,,R. NEGRO,,CAJA,,Elegido,100/113,,,1624.3380952380953,,,kg,,ARS,,False,5,b874a54380dfa9344c6a1f33c1119ac6601b266d693463bad09ec1a96ceab56a,,,,,https://ssma.magyp.gob.ar/frutas.precios.aspx,C_historical_monthly_formula_unverified,probable:multiple_candidates,,,"[116032, 116041, 116050, 116072, 116074]",[]
ambiguous,2025-10-01,,,2025-10,MCBA,Frutas,,MANZANA,,GRANNY SMI,,R. NEGRO,,CAJA,,Elegido,113/125,,,1484.1271428571429,,,kg,,ARS,,False,5,ace8545363bf75c151b31aa83b5a44f261987ac694e559a5ca876c17e4410855,,,,,https://ssma.magyp.gob.ar/frutas.precios.aspx,C_historical_monthly_formula_unverified,probable:multiple_candidates,,,"[116032, 116041, 116050, 116072, 116074]",[]
ambiguous,2025-10-01,,,2025-10,MCBA,Frutas,,MANZANA,,GRANNY SMI,,R. NEGRO,,JAULA,,Comercial,GRANEL,,,1059.5238095238096,,,kg,,ARS,,False,2,34aee1bf43a66a3dbd22abb315348c91eda2cf899d00d8393d6b0037817d1ed1,,,,,https://ssma.magyp.gob.ar/frutas.precios.aspx,C_historical_monthly_formula_unverified,probable:multiple_candidates,,,"[116015, 116065]",[]
ambiguous,2025-10-01,,,2025-10,MCBA,Frutas,,MANZANA,,GRANNY SMI,,R. NEGRO,,JAULA,,Elegido,110/130,,,1343.9157142857143,,,kg,,ARS,,False,2,a53fbfe41f079a97084b7ef7d8b4be47d319f6cdf79ac90a14876d8faf991f0e,,,,,https://ssma.magyp.gob.ar/frutas.precios.aspx,C_historical_monthly_formula_unverified,probable:multiple_candidates,,,"[116015, 116065]",[]
ambiguous,2025-10-01,,,2025-10,MCBA,Frutas,,MANZANA,,RED DELICI,,R. NEGRO,,CAJA,,Comercial,125/138,,,1462.5,,,kg,,ARS,,False,10,b92d3433149948f5480bd3631ba92b07715e9fdbe80ac759a2d56297129ceab5,,,,,https://ssma.magyp.gob.ar/frutas.precios.aspx,C_historical_monthly_formula_unverified,probable:multiple_candidates,,,"[116121, 116157, 116165, 116193, 116201, 116207, 116209, 116214, 116217, 116218]",[]
ambiguous,2025-10-01,,,2025-10,MCBA,Frutas,,MANZANA,,RED DELICI,,R. NEGRO,,CAJA,,Elegido,044/056,,,2280.9523809523807,,,kg,,ARS,,False,10,63a8397364b42a92caa3cd9e1256fe66069c008f2e31d5b528cca244de66cddd,,,,,https://ssma.magyp.gob.ar/frutas.precios.aspx,C_historical_monthly_formula_unverified,probable:multiple_candidates,,,"[116121, 116157, 116165, 116193, 116201, 116207, 116209, 116214, 116217, 116218]",[]
ambiguous,2025-10-01,,,2025-10,MCBA,Frutas,,MANZANA,,RED DELICI,,R. NEGRO,,CAJA,,Elegido,070/080,AT.CONTR,,2222.22,,,kg,,ARS,,False,10,0f96d0f921135a07309c1038b184b012450e63924fe30eee5d3789a2bf73bd74,,,,,https://ssma.magyp.gob.ar/frutas.precios.aspx,C_historical_monthly_formula_unverified,probable:multiple_candidates,,,"[116121, 116157, 116165, 116193, 116201, 116207, 116209, 116214, 116217, 116218]",[]
ambiguous,2025-10-01,,,2025-10,MCBA,Frutas,,MANZANA,,RED DELICI,,R. NEGRO,,CAJA,,Elegido,072/088,,,1549.9995000000001,,,kg,,ARS,,False,10,da199eb8d0c7f705923cf5421f357ff2a681d2a8135ae09ba99e7597033e875e,,,,,https://ssma.magyp.gob.ar/frutas.precios.aspx,C_historical_monthly_formula_unverified,probable:multiple_candidates,,,"[116121, 116157, 116165, 116193, 116201, 116207, 116209, 116214, 116217, 116218]",[]
ambiguous,2025-10-01,,,2025-10,MCBA,Frutas,,MANZANA,,RED DELICI,,R. NEGRO,,CAJA,,Elegido,080/100,AT.CONTR,,2537.04,,,kg,,ARS,,False,10,adbf3c5f808b03bbc49d1921f7be42b87a73d58169818b4ee35bc1dd48a07b23,,,,,https://ssma.magyp.gob.ar/frutas.precios.aspx,C_historical_monthly_formula_unverified,probable:multiple_candidates,,,"[116121, 116157, 116165, 116193, 116201, 116207, 116209, 116214, 116217, 116218]",[]
ambiguous,2025-10-01,,,2025-10,MCBA,Frutas,,MANZANA,,RED DELICI,,R. NEGRO,,CAJA,,Elegido,088/113,AT.CONTR,,2555.56,,,kg,,ARS,,False,10,c340ae4660044cd06e0e5e64dc41382b18f65dc520129d3bfeb1f2fff62f7d7f,,,,,https://ssma.magyp.gob.ar/frutas.precios.aspx,C_historical_monthly_formula_unverified,probable:multiple_candidates,,,"[116121, 116157, 116165, 116193, 116201, 116207, 116209, 116214, 116217, 116218]",[]
ambiguous,2025-10-01,,,2025-10,MCBA,Frutas,,MANZANA,,RED DELICI,,R. NEGRO,,CAJA,,Elegido,088/113,,,2133.332,,,kg,,ARS,,False,10,c886deab4eda73d4c7d413372c7d536181a7d420106ed50ae4704af0c245f553,,,,,https://ssma.magyp.gob.ar/frutas.precios.aspx,C_historical_monthly_formula_unverified,probable:multiple_candidates,,,"[116121, 116157, 116165, 116193, 116201, 116207, 116209, 116214, 116217, 116218]",[]
ambiguous,2025-10-01,,,2025-10,MCBA,Frutas,,MANZANA,,RED DELICI,,R. NEGRO,,CAJA,,Elegido,113/125,,,1690.4766666666667,,,kg,,ARS,,False,10,5fbe331047bcb5925261ebb5a9c4fe6fb79ae1f1fd8bd92a8fe4864326e6ace0,,,,,https://ssma.magyp.gob.ar/frutas.precios.aspx,C_historical_monthly_formula_unverified,probable:multiple_candidates,,,"[116121, 116157, 116165, 116193, 116201, 116207, 116209, 116214, 116217, 116218]",[]
ambiguous,2025-10-01,,,2025-10,MCBA,Frutas,,MANZANA,,RED DELICI,,R. NEGRO,,CAJA,,Elegido,125/138,,,1521.162857142857,,,kg,,ARS,,False,10,925733c8498d4e582d95cf32c94963e5ac8f6b7a4fca1289e01a933a60ad94dd,,,,,https://ssma.magyp.gob.ar/frutas.precios.aspx,C_historical_monthly_formula_unverified,probable:multiple_candidates,,,"[116121, 116157, 116165, 116193, 116201, 116207, 116209, 116214, 116217, 116218]",[]
ambiguous,2025-10-01,,,2025-10,MCBA,Frutas,,MANZANA,,RED DELICI,,R. NEGRO,,CAJA,,Superior,088/113,,,2855.554,,,kg,,ARS,,False,10,a999fccef95e2d0a5078cda2cb03a771de17391d3f0af574f6732a78fc705be7,,,,,https://ssma.magyp.gob.ar/frutas.precios.aspx,C_historical_monthly_formula_unverified,probable:multiple_candidates,,,"[116121, 116157, 116165, 116193, 116201, 116207, 116209, 116214, 116217, 116218]",[]
ambiguous,2025-10-01,,,2025-10,MCBA,Frutas,,MANZANA,,RED DELICI,,R. NEGRO,,JAULA,,Comercial,125/138,,,1484.1257142857144,,,kg,,ARS,,False,5,0b726589da5fb3dd8d7584f3e506ef68b4d9830c77f6b7fb76e96e9e112d0af7,,,,,https://ssma.magyp.gob.ar/frutas.precios.aspx,C_historical_monthly_formula_unverified,probable:multiple_candidates,,,"[116134, 116143, 116174, 116183, 116211]",[]
ambiguous,2025-10-01,,,2025-10,MCBA,Frutas,,MANZANA,,RED DELICI,,R. NEGRO,,JAULA,,Elegido,080/100,,,1462.9638095238095,,,kg,,ARS,,False,5,66e46a3903ae5c868e76cc449b58666aec179047a46c77a0b6ca029e3d32155a,,,,,https://ssma.magyp.gob.ar/frutas.precios.aspx,C_historical_monthly_formula_unverified,probable:multiple_candidates,,,"[116134, 116143, 116174, 116183, 116211]",[]
ambiguous,2025-10-01,,,2025-10,MCBA,Frutas,,MANZANA,,RED DELICI,,R. NEGRO,,JAULA,,Elegido,113/125,,,1484.1266666666666,,,kg,,ARS,,False,5,5f9c5eda5536334d33bf2d50cfeabd0f997b478e805a63d36f501192b2f754b7,,,,,https://ssma.magyp.gob.ar/frutas.precios.aspx,C_historical_monthly_formula_unverified,probable:multiple_candidates,,,"[116134, 116143, 116174, 116183, 116211]",[]
ambiguous,2025-10-01,,,2025-10,MCBA,Frutas,,MANZANA,,RED DELICI,,R. NEGRO,,JAULA,,Elegido,125/138,,,1234.1264285714285,,,kg,,ARS,,False,5,095b12d9ac5c675a2ab2bbf41beb8532cabd58930c8f6ce66ab4fa57ce34e1c9,,,,,https://ssma.magyp.gob.ar/frutas.precios.aspx,C_historical_monthly_formula_unverified,probable:multiple_candidates,,,"[116134, 116143, 116174, 116183, 116211]",[]
ambiguous,2025-10-01,,,2025-10,MCBA,Frutas,,MANZANA,,RED DELICI,,R. NEGRO,,JAULA,,Elegido,GRANEL,,,1046.4285714285713,,,kg,,ARS,,False,5,55a9b4437e6531d6e287df20a15325b25b8c1c7b0f6e3f0e73141b1cde6115f3,,,,,https://ssma.magyp.gob.ar/frutas.precios.aspx,C_historical_monthly_formula_unverified,probable:multiple_candidates,,,"[116134, 116143, 116174, 116183, 116211]",[]
ambiguous,2025-10-01,,,2025-10,MCBA,Frutas,,NARANJA,,VAL.SEEDLE,,E. RIOS,,PERDIDO,,Elegido,090/110,,,686.5092857142857,,,kg,,ARS,,False,2,e0a7d8fab19e58ac629513b7806a2e18e4e64832b2b2008162fe2ea70888e581,,,,,https://ssma.magyp.gob.ar/frutas.precios.aspx,C_historical_monthly_formula_unverified,probable:multiple_candidates,,,"[116431, 116434]",[]
ambiguous,2025-10-01,,,2025-10,MCBA,Frutas,,NARANJA,,VAL.SEEDLE,,E. RIOS,,PERDIDO,,Elegido,110/130,,,619.0485714285714,,,kg,,ARS,,False,2,658242e162a579468585578d6858c9d6777467eec29ddf6fb1ddca28c304fa2c,,,,,https://ssma.magyp.gob.ar/frutas.precios.aspx,C_historical_monthly_formula_unverified,probable:multiple_candidates,,,"[116431, 116434]",[]
ambiguous,2025-10-01,,,2025-10,MCBA,Hortalizas,,PACK CHOY,,,,BS. AS.,,BANDEJA,,Primera,MEDIANO,,,2317.645294117647,,,kg,,ARS,,False,1,1f59b6ec7d3f49db3f2458d58585aae650867e93f3c8ec90dc97685bf8102cf9,,,,,https://ssma.magyp.gob.ar/frutas.precios.aspx,C_historical_monthly_formula_unverified,probable:multiple_candidates,,,[113648],[]
ambiguous,2025-10-01,,,2025-10,MCBA,Hortalizas,,PACK CHOY,,,,BS. AS.,,BANDEJA,,Primera,,,,2333.33,,,kg,,ARS,,False,1,7459f87ad429826afbda54024ce3ab85d2db5d52118688645c13150cc29ef0b9,,,,,https://ssma.magyp.gob.ar/frutas.precios.aspx,C_historical_monthly_formula_unverified,probable:multiple_candidates,,,[113648],[]
ambiguous,2025-10-01,,,2025-10,MCBA,Frutas,,PALTA,,HASS,,BRASIL,,BANDEJA,,Elegido,GRANDE,,,5380.952380952381,,,kg,,ARS,,False,2,16e2299bd6d6b398737155d85e7c5540f904bb83b17fe411216b6e3bc3370570,,,,,https://ssma.magyp.gob.ar/frutas.precios.aspx,C_historical_monthly_formula_unverified,probable:multiple_candidates,,,"[116518, 116526]",[]
ambiguous,2025-10-01,,,2025-10,MCBA,Frutas,,PALTA,,HASS,,BRASIL,,BANDEJA,,Elegido,MEDIANO,,,4595.238095238095,,,kg,,ARS,,False,2,0e09ff0f0f7cb0a122624facef17e8232db4b98739307cfb4ec61991bffe95f8,,,,,https://ssma.magyp.gob.ar/frutas.precios.aspx,C_historical_monthly_formula_unverified,probable:multiple_candidates,,,"[116518, 116526]",[]
ambiguous,2025-10-01,,,2025-10,MCBA,Frutas,,PALTA,,HASS,,CHILE,,CAJA,,Elegido,GRANDE,,,6566.666666666667,,,kg,,ARS,,False,2,29738f7ab9b541eef2be3dde82e2c3d1d8b91e5c757c60ebc7d749298823f2b5,,,,,https://ssma.magyp.gob.ar/frutas.precios.aspx,C_historical_monthly_formula_unverified,probable:multiple_candidates,,,"[116539, 116553]",[]
ambiguous,2025-10-01,,,2025-10,MCBA,Frutas,,PALTA,,HASS,,CHILE,,CAJA,,Elegido,MEDIANO,,,6028.571428571428,,,kg,,ARS,,False,2,afb3ab74404405cfbc89cfc1678d5372c0a386e45f660ef728ccb64ea7d7a79e,,,,,https://ssma.magyp.gob.ar/frutas.precios.aspx,C_historical_monthly_formula_unverified,probable:multiple_candidates,,,"[116539, 116553]",[]
ambiguous,2025-10-01,,,2025-10,MCBA,Hortalizas,,PAPA,,SPUNTA,,SE BS.AS,,BOLSA,,Primera,MEDIANO,LAVADA,,485.45,,,kg,,ARS,,False,3,510ef5322be883add608e5b93c0e679aa4926f65ae511a036d5e175b7efac257,,,,,https://ssma.magyp.gob.ar/frutas.precios.aspx,C_historical_monthly_formula_unverified,probable:multiple_candidates,,,"[113752, 113767, 113773]",[]
ambiguous,2025-10-01,,,2025-10,MCBA,Hortalizas,,PAPA,,SPUNTA,,SE BS.AS,,BOLSA,,Segunda,MEDIANO,CEPILLAD,,193.6495238095238,,,kg,,ARS,,False,3,e1ec3d2e4137875442c11ef334c6f381c7a9fff7647eed1a526961eb4338e386,,,,,https://ssma.magyp.gob.ar/frutas.precios.aspx,C_historical_monthly_formula_unverified,probable:multiple_candidates,,,"[113752, 113767, 113773]",[]
ambiguous,2025-10-01,,,2025-10,MCBA,Hortalizas,,PAPA,,SPUNTA,,SE BS.AS,,BOLSA,,Segunda,MEDIANO,,,126.7195238095238,,,kg,,ARS,,False,3,ee3341527be38ddb422e9cb76da2b9071bff23265239cc7a4c965cc212198b4c,,,,,https://ssma.magyp.gob.ar/frutas.precios.aspx,C_historical_monthly_formula_unverified,probable:multiple_candidates,,,"[113752, 113767, 113773]",[]
ambiguous,2025-10-01,,,2025-10,MCBA,Hortalizas,,PAPA,,SPUNTA,,TUCUMAN,,BOLSA,,Segunda,MED/CHI,,,261.115,,,kg,,ARS,,False,2,b0c11c6e5fea9a2d7b7b9826ebb9feb30050c81cd4d02e8f8f40436174d4d0ac,,,,,https://ssma.magyp.gob.ar/frutas.precios.aspx,C_historical_monthly_formula_unverified,probable:multiple_candidates,,,"[113777, 113778]",[]
ambiguous,2025-10-01,,,2025-10,MCBA,Hortalizas,,PAPA,,SPUNTA,,TUCUMAN,,BOLSA,,Segunda,MEDIANO,,,280.7021052631579,,,kg,,ARS,,False,2,b9110cba85c51507c80314ff0a42dfcb052d15506ad86973c6ba5e3b1e2a54a8,,,,,https://ssma.magyp.gob.ar/frutas.precios.aspx,C_historical_monthly_formula_unverified,probable:multiple_candidates,,,"[113777, 113778]",[]
ambiguous,2025-10-01,,,2025-10,MCBA,Frutas,,PERA,,PACKHAM'S,,R. NEGRO,,CAJA,,Elegido,036/040,,,2042.857142857143,,,kg,,ARS,,False,3,ea61a69a10d38b1c982583c409839d63add49225820b3210121959dd70cd11c1,,,,,https://ssma.magyp.gob.ar/frutas.precios.aspx,C_historical_monthly_formula_unverified,probable:multiple_candidates,,,"[116690, 116715, 116722]",[]
ambiguous,2025-10-01,,,2025-10,MCBA,Frutas,,PERA,,PACKHAM'S,,R. NEGRO,,CAJA,,Elegido,070/090,,,1796.2966666666666,,,kg,,ARS,,False,3,4133abaa81f925d7e4a4dd46d67308beb4ba3562bf4a895e397da85c2a1fa0d6,,,,,https://ssma.magyp.gob.ar/frutas.precios.aspx,C_historical_monthly_formula_unverified,probable:multiple_candidates,,,"[116690, 116715, 116722]",[]
ambiguous,2025-10-01,,,2025-10,MCBA,Frutas,,PERA,,PACKHAM'S,,R. NEGRO,,CAJA,,Elegido,110/130,,,1544.9714285714285,,,kg,,ARS,,False,3,f09268db5141eaf9ea16b83bdd4dc8eeed269da7ac88e1a1f8efbf43481af4ea,,,,,https://ssma.magyp.gob.ar/frutas.precios.aspx,C_historical_monthly_formula_unverified,probable:multiple_candidates,,,"[116690, 116715, 116722]",[]
ambiguous,2025-10-01,,,2025-10,MCBA,Frutas,,PERA,,PACKHAM'S,,R. NEGRO,,JAULA,,Comercial,110/130,,,1444.44,,,kg,,ARS,,False,3,66ca056842c1de06b8e5e505fc064394fb9817300f73e376de9a6979910b0ec5,,,,,https://ssma.magyp.gob.ar/frutas.precios.aspx,C_historical_monthly_formula_unverified,probable:multiple_candidates,,,"[116699, 116707, 116725]",[]
ambiguous,2025-10-01,,,2025-10,MCBA,Frutas,,PERA,,PACKHAM'S,,R. NEGRO,,JAULA,,Elegido,090/11O,,,1391.5357142857142,,,kg,,ARS,,False,3,87185d416951f9b9366eec83d0c1351c15108882c37d3cc5f3fbfe485f04f226,,,,,https://ssma.magyp.gob.ar/frutas.precios.aspx,C_historical_monthly_formula_unverified,probable:multiple_candidates,,,"[116699, 116707, 116725]",[]
ambiguous,2025-10-01,,,2025-10,MCBA,Frutas,,PERA,,PACKHAM'S,,R. NEGRO,,JAULA,,Elegido,120/140,,,1177.2480952380952,,,kg,,ARS,,False,3,be0e271c581e0a8780f1e5978b656bc490b0af6dcf39bf5166850a19b9bf3f04,,,,,https://ssma.magyp.gob.ar/frutas.precios.aspx,C_historical_monthly_formula_unverified,probable:multiple_candidates,,,"[116699, 116707, 116725]",[]
ambiguous,2025-10-01,,,2025-10,MCBA,Hortalizas,,PEREJIL,,,,BS. AS.,,JAULA,,Primera,GRANDE,,,1242.857142857143,,,kg,,ARS,,False,2,24ae1367b5968adb7dd6fafea1a4037fcafdf93327c649c89e6fb6a5605c3372,,,,,https://ssma.magyp.gob.ar/frutas.precios.aspx,C_historical_monthly_formula_unverified,probable:multiple_candidates,,,"[113837, 113849]",[]
ambiguous,2025-10-01,,,2025-10,MCBA,Hortalizas,,PEREJIL,,,,BS. AS.,,JAULA,,Primera,MEDIANO,,,930.4761904761905,,,kg,,ARS,,False,2,2f9a744a3e1d35db0f2aa1b3de26577ba4eebc4950b43ea442a643654c9c4caf,,,,,https://ssma.magyp.gob.ar/frutas.precios.aspx,C_historical_monthly_formula_unverified,probable:multiple_candidates,,,"[113837, 113849]",[]
ambiguous,2025-10-01,,,2025-10,MCBA,Hortalizas,,PIMIENTO,,MORRON,,CTES.,,PERDIDO,,Primera,GRANDE,ROJO/INV,,3610.1190476190477,,,kg,,ARS,,False,4,1e91b080fe570ff853fa09c92bb8c7614bd6b8db6f2346196f0d7fda9fefc32c,,,,,https://ssma.magyp.gob.ar/frutas.precios.aspx,C_historical_monthly_formula_unverified,probable:multiple_candidates,,,"[113941, 113948, 113956, 113964]",[]
ambiguous,2025-10-01,,,2025-10,MCBA,Hortalizas,,PIMIENTO,,MORRON,,CTES.,,PERDIDO,,Primera,GRANDE,VDE/INV,,1895.8333333333333,,,kg,,ARS,,False,4,5e9e1da9a39820b5485653b64363e4ce09f65d2b2d08b3bf6964ab60a89ae3c1,,,,,https://ssma.magyp.gob.ar/frutas.precios.aspx,C_historical_monthly_formula_unverified,probable:multiple_candidates,,,"[113941, 113948, 113956, 113964]",[]
ambiguous,2025-10-01,,,2025-10,MCBA,Hortalizas,,PIMIENTO,,MORRON,,CTES.,,PERDIDO,,Primera,MEDIANO,ROJO/INV,,3077.3809523809523,,,kg,,ARS,,False,4,0c7e212ea350a4fe39f3af9e9d357336119435194db8a77617da955ea2669e51,,,,,https://ssma.magyp.gob.ar/frutas.precios.aspx,C_historical_monthly_formula_unverified,probable:multiple_candidates,,,"[113941, 113948, 113956, 113964]",[]
ambiguous,2025-10-01,,,2025-10,MCBA,Hortalizas,,PIMIENTO,,MORRON,,CTES.,,PERDIDO,,Primera,MEDIANO,VDE/INV,,1560.1190476190477,,,kg,,ARS,,False,4,1ae074e473551f30ae0eedde9b89957d7054dc9585a9275b7388168e827b3913,,,,,https://ssma.magyp.gob.ar/frutas.precios.aspx,C_historical_monthly_formula_unverified,probable:multiple_candidates,,,"[113941, 113948, 113956, 113964]",[]
ambiguous,2025-10-01,,,2025-10,MCBA,Hortalizas,,PIMIENTO,,MORRON,,SALTA,,PERDIDO,,Primera,CHICO,ROJO/INV,,1683.3333333333333,,,kg,,ARS,,False,5,880e2e7825cc27edda36150c347c236c9aee408faf18373f1bb7da919ddb49d6,,,,,https://ssma.magyp.gob.ar/frutas.precios.aspx,C_historical_monthly_formula_unverified,probable:multiple_candidates,,,"[113980, 113987, 113995, 114003, 114006]",[]
ambiguous,2025-10-01,,,2025-10,MCBA,Hortalizas,,PIMIENTO,,MORRON,,SALTA,,PERDIDO,,Primera,GRANDE,ROJO/INV,,4883.333333333333,,,kg,,ARS,,False,5,04ca4012937a0eb9fa77476c13cd464e7b45dbe440dd73b6ee0015090e7f2bcf,,,,,https://ssma.magyp.gob.ar/frutas.precios.aspx,C_historical_monthly_formula_unverified,probable:multiple_candidates,,,"[113980, 113987, 113995, 114003, 114006]",[]
ambiguous,2025-10-01,,,2025-10,MCBA,Hortalizas,,PIMIENTO,,MORRON,,SALTA,,PERDIDO,,Primera,GRANDE,VDE/INV,,2230.9523809523807,,,kg,,ARS,,False,5,3f9373e69431f6aec5864adce0a16526638719710babaffcbd50dd21cf5321a6,,,,,https://ssma.magyp.gob.ar/frutas.precios.aspx,C_historical_monthly_formula_unverified,probable:multiple_candidates,,,"[113980, 113987, 113995, 114003, 114006]",[]
ambiguous,2025-10-01,,,2025-10,MCBA,Hortalizas,,PIMIENTO,,MORRON,,SALTA,,PERDIDO,,Primera,MEDIANO,ROJO/INV,,4252.380952380952,,,kg,,ARS,,False,5,cca43ecc9dd43001863e24b3fbeaa9a3dbd213d83a2584f4dce55226653a8f66,,,,,https://ssma.magyp.gob.ar/frutas.precios.aspx,C_historical_monthly_formula_unverified,probable:multiple_candidates,,,"[113980, 113987, 113995, 114003, 114006]",[]
ambiguous,2025-10-01,,,2025-10,MCBA,Hortalizas,,PIMIENTO,,MORRON,,SALTA,,PERDIDO,,Primera,MEDIANO,VDE/INV,,1713.3333333333333,,,kg,,ARS,,False,5,f99c7499e97a4d56139ae38856351432871c7ee7ef2666c7b0a0ab16c0e64ec1,,,,,https://ssma.magyp.gob.ar/frutas.precios.aspx,C_historical_monthly_formula_unverified,probable:multiple_candidates,,,"[113980, 113987, 113995, 114003, 114006]",[]
ambiguous,2025-10-01,,,2025-10,MCBA,Hortalizas,,REPOLLO,,BLANCO,,BS. AS.,,JAULA,,Primera,GRANDE,,,591.1128571428571,,,kg,,ARS,,False,2,e08fd09093e782237f7971fd1093e47372fe6aa22e79dc2983ab8310c9e81071,,,,,https://ssma.magyp.gob.ar/frutas.precios.aspx,C_historical_monthly_formula_unverified,probable:multiple_candidates,,,"[114153, 114165]",[]
ambiguous,2025-10-01,,,2025-10,MCBA,Hortalizas,,REPOLLO,,BLANCO,,BS. AS.,,JAULA,,Primera,MEDIANO,,,483.1742857142857,,,kg,,ARS,,False,2,20efe73b6c21cb024b43d49f1ec9c0b5e9779fc5eec0eec2a25ca5040e6af3ef,,,,,https://ssma.magyp.gob.ar/frutas.precios.aspx,C_historical_monthly_formula_unverified,probable:multiple_candidates,,,"[114153, 114165]",[]
ambiguous,2025-10-01,,,2025-10,MCBA,Hortalizas,,REPOLLO,,COLORADO,,BS. AS.,,JAULA,,Primera,GRANDE,,,701.587619047619,,,kg,,ARS,,False,2,6f03e5693ec6afd52ff7915bd655f11c0c937da8f5a286e9dfd77fad666d1e06,,,,,https://ssma.magyp.gob.ar/frutas.precios.aspx,C_historical_monthly_formula_unverified,probable:multiple_candidates,,,"[114189, 114201]",[]
ambiguous,2025-10-01,,,2025-10,MCBA,Hortalizas,,REPOLLO,,COLORADO,,BS. AS.,,JAULA,,Primera,MEDIANO,,,578.7285714285714,,,kg,,ARS,,False,2,bbb3c3ee3ee17c06a22ca9295275e2c8082c07ac54e66b2335306fe962563567,,,,,https://ssma.magyp.gob.ar/frutas.precios.aspx,C_historical_monthly_formula_unverified,probable:multiple_candidates,,,"[114189, 114201]",[]
ambiguous,2025-10-01,,,2025-10,MCBA,Hortalizas,,TOMATE,,CHERRY,,CTES.,,CAJA,,Primera,GRANDE,PTN/INV,,2451.4285714285716,,,kg,,ARS,,False,2,4a46b5eb346ba5df5ad1c842d802d9df81a684db80758d714e9577c7c98c0dc4,,,,,https://ssma.magyp.gob.ar/frutas.precios.aspx,C_historical_monthly_formula_unverified,probable:multiple_candidates,,,"[114281, 114289]",[]
ambiguous,2025-10-01,,,2025-10,MCBA,Hortalizas,,TOMATE,,CHERRY,,CTES.,,CAJA,,Primera,MEDIANO,PTN/INV,,1740.0,,,kg,,ARS,,False,2,f3261c75d7c7842c34ac932caa31d1ac99d7009c2fc2cd560d415ad24c91b256,,,,,https://ssma.magyp.gob.ar/frutas.precios.aspx,C_historical_monthly_formula_unverified,probable:multiple_candidates,,,"[114281, 114289]",[]
ambiguous,2025-10-01,,,2025-10,MCBA,Hortalizas,,TOMATE,,CHERRY,,SALTA,,CAJA,,Primera,CHICO,ROJO/INV,,1218.095238095238,,,kg,,ARS,,False,3,4feda58cabb64b53e677cdb8101b0d33c89ce3f07c8e313e1392a7ef163f21b1,,,,,https://ssma.magyp.gob.ar/frutas.precios.aspx,C_historical_monthly_formula_unverified,probable:multiple_candidates,,,"[114312, 114318, 114319]",[]
ambiguous,2025-10-01,,,2025-10,MCBA,Hortalizas,,TOMATE,,CHERRY,,SALTA,,CAJA,,Primera,GRANDE,PTN/INV,,2721.904761904762,,,kg,,ARS,,False,3,73bf457a237aff7625eb521c0426849548b5c6a461ed772b676f80886b5d65e5,,,,,https://ssma.magyp.gob.ar/frutas.precios.aspx,C_historical_monthly_formula_unverified,probable:multiple_candidates,,,"[114312, 114318, 114319]",[]
ambiguous,2025-10-01,,,2025-10,MCBA,Hortalizas,,TOMATE,,CHERRY,,SALTA,,CAJA,,Primera,MEDIANO,PTN/INV,,1956.1904761904761,,,kg,,ARS,,False,3,78276a58201a379e4ba95953e2b25346044053b3ecd02c636ce8c0994a24d825,,,,,https://ssma.magyp.gob.ar/frutas.precios.aspx,C_historical_monthly_formula_unverified,probable:multiple_candidates,,,"[114312, 114318, 114319]",[]
ambiguous,2025-10-01,,,2025-10,MCBA,Hortalizas,,TOMATE,,PERITA,,SALTA,,PERDIDO,,Primera,GRANDE,PTN/INV,,2248.6766666666667,,,kg,,ARS,,False,4,06715b3aba89b81aeeec50f3986504337dbb23beac0d3428b81a4fccf70a1a95,,,,,https://ssma.magyp.gob.ar/frutas.precios.aspx,C_historical_monthly_formula_unverified,probable:multiple_candidates,,,"[114411, 114417, 114424, 114431]",[]
ambiguous,2025-10-01,,,2025-10,MCBA,Hortalizas,,TOMATE,,PERITA,,SALTA,,PERDIDO,,Primera,MEDIANO,PTN/INV,,1923.2809523809524,,,kg,,ARS,,False,4,65e01fa101a3fd4aaffd2362fcec6462ba2d4ec69a7934a3b6faf246cab30edd,,,,,https://ssma.magyp.gob.ar/frutas.precios.aspx,C_historical_monthly_formula_unverified,probable:multiple_candidates,,,"[114411, 114417, 114424, 114431]",[]
ambiguous,2025-10-01,,,2025-10,MCBA,Hortalizas,,TOMATE,,PERITA,,SALTA,,PERDIDO,,Segunda,MEDIANO,PINTON,,920.1052380952381,,,kg,,ARS,,False,4,2364ae1437f122bc5ca8632a987e9d7bb556c3fb9326185e3d7acfcc5b7eef1c,,,,,https://ssma.magyp.gob.ar/frutas.precios.aspx,C_historical_monthly_formula_unverified,probable:multiple_candidates,,,"[114411, 114417, 114424, 114431]",[]
ambiguous,2025-10-01,,,2025-10,MCBA,Hortalizas,,TOMATE,,PERITA,,SALTA,,PERDIDO,,Segunda,MEDIANO,ROJO,,807.6907692307692,,,kg,,ARS,,False,4,ed53169645a36cfad6518826f4974dda477a4acd4826e03722244950972917f8,,,,,https://ssma.magyp.gob.ar/frutas.precios.aspx,C_historical_monthly_formula_unverified,probable:multiple_candidates,,,"[114411, 114417, 114424, 114431]",[]
ambiguous,2025-10-01,,,2025-10,MCBA,Hortalizas,,TOMATE,,PERITA,,SALTA,,TORO,,Primera,GRANDE,PINTON,,1500.001,,,kg,,ARS,,False,2,35c5848f2e057b736849c7df26c6dd19f347830ab7ebf988c4062c6c4847823e,,,,,https://ssma.magyp.gob.ar/frutas.precios.aspx,C_historical_monthly_formula_unverified,probable:multiple_candidates,,,"[114427, 114435]",[]
ambiguous,2025-10-01,,,2025-10,MCBA,Hortalizas,,TOMATE,,PERITA,,SALTA,,TORO,,Primera,MEDIANO,PINTON,,1224.8690476190477,,,kg,,ARS,,False,2,43a4787ee7083d60d526e1ed2ced630a91b70c081f5e918c85ed6a9f83d9f5e3,,,,,https://ssma.magyp.gob.ar/frutas.precios.aspx,C_historical_monthly_formula_unverified,probable:multiple_candidates,,,"[114427, 114435]",[]
ambiguous,2025-10-01,,,2025-10,MCBA,Hortalizas,,TOMATE,,REDONDO,,BS. AS.,,TORO,,Primera,CHICO,PTN/INV,,592.223,,,kg,,ARS,,False,3,aabdd7b63e0f1cec7926d4a38e8756983a03a1afd30ab0c75819bea185c7259e,,,,,https://ssma.magyp.gob.ar/frutas.precios.aspx,C_historical_monthly_formula_unverified,probable:multiple_candidates,,,"[114447, 114456, 114462]",[]
ambiguous,2025-10-01,,,2025-10,MCBA,Hortalizas,,TOMATE,,REDONDO,,BS. AS.,,TORO,,Primera,GRANDE,PTN/INV,,1613.8890000000001,,,kg,,ARS,,False,3,60b13060e0ad2bc3bde8bc33181e6768b62c52cee0c6b9ed935b5c136397ae5a,,,,,https://ssma.magyp.gob.ar/frutas.precios.aspx,C_historical_monthly_formula_unverified,probable:multiple_candidates,,,"[114447, 114456, 114462]",[]
ambiguous,2025-10-01,,,2025-10,MCBA,Hortalizas,,TOMATE,,REDONDO,,BS. AS.,,TORO,,Primera,MEDIANO,PTN/INV,,1494.1531578947368,,,kg,,ARS,,False,3,5624eb75af5a646b0eb32314faabbc21b62785d1cc02c8d3dba2a58861d04bcb,,,,,https://ssma.magyp.gob.ar/frutas.precios.aspx,C_historical_monthly_formula_unverified,probable:multiple_candidates,,,"[114447, 114456, 114462]",[]
ambiguous,2025-10-01,,,2025-10,MCBA,Hortalizas,,TOMATE,,REDONDO,,CHILE,,PERDIDO,,Primera,GRANDE,ROJO/INV,,2262.6254545454544,,,kg,,ARS,,False,2,b0d8447bec9db0738ffef1aff4b215835cf824ac1554cd60c72f66e6d14bfc01,,,,,https://ssma.magyp.gob.ar/frutas.precios.aspx,C_historical_monthly_formula_unverified,probable:multiple_candidates,,,"[114489, 114494]",[]
ambiguous,2025-10-01,,,2025-10,MCBA,Hortalizas,,TOMATE,,REDONDO,,CHILE,,PERDIDO,,Segunda,GRANDE,ROJO/INV,,1555.56,,,kg,,ARS,,False,2,bb9fd4567b44c55564ebe4a8aee59da16113e276acae72c33964f9f2632ddfb1,,,,,https://ssma.magyp.gob.ar/frutas.precios.aspx,C_historical_monthly_formula_unverified,probable:multiple_candidates,,,"[114489, 114494]",[]
ambiguous,2025-10-01,,,2025-10,MCBA,Hortalizas,,TOMATE,,REDONDO,,CTES.,,PERDIDO,,Primera,GRANDE,PTN/INV,,1675.595238095238,,,kg,,ARS,,False,7,b30355ed4688badb3136f0397fc2ce5a17a96dca69b099eda38dcf437b89b304,,,,,https://ssma.magyp.gob.ar/frutas.precios.aspx,C_historical_monthly_formula_unverified,probable:multiple_candidates,,,"[114518, 114523, 114528, 114532, 114534, 114536, 114539]",[]
ambiguous,2025-10-01,,,2025-10,MCBA,Hortalizas,,TOMATE,,REDONDO,,CTES.,,PERDIDO,,Primera,MEDIANO,PTN/INV,,1364.5833333333333,,,kg,,ARS,,False,7,a103c558d079ae60672e6f16395ece4d0474a61f1f6fdf6c93be334b49df0f05,,,,,https://ssma.magyp.gob.ar/frutas.precios.aspx,C_historical_monthly_formula_unverified,probable:multiple_candidates,,,"[114518, 114523, 114528, 114532, 114534, 114536, 114539]",[]
ambiguous,2025-10-01,,,2025-10,MCBA,Hortalizas,,TOMATE,,REDONDO,,CTES.,,PERDIDO,,Primera,MEDIANO,ROJO/INV,,1193.452380952381,,,kg,,ARS,,False,7,3d6bf23909a31eb87a4e697637118a3cb7d0c47f2ba5d3728bfa8bc948c3087a,,,,,https://ssma.magyp.gob.ar/frutas.precios.aspx,C_historical_monthly_formula_unverified,probable:multiple_candidates,,,"[114518, 114523, 114528, 114532, 114534, 114536, 114539]",[]
ambiguous,2025-10-01,,,2025-10,MCBA,Hortalizas,,TOMATE,,REDONDO,,CTES.,,PERDIDO,,Segunda,CHICO,PTN/INV,,595.4545454545455,,,kg,,ARS,,False,7,b48d0a187d515aed072e2a4cdfa3deb4f6d753dac30eea16a0e68af0cf949aa1,,,,,https://ssma.magyp.gob.ar/frutas.precios.aspx,C_historical_monthly_formula_unverified,probable:multiple_candidates,,,"[114518, 114523, 114528, 114532, 114534, 114536, 114539]",[]
ambiguous,2025-10-01,,,2025-10,MCBA,Hortalizas,,TOMATE,,REDONDO,,CTES.,,PERDIDO,,Segunda,GRANDE,PTN/INV,,1200.0,,,kg,,ARS,,False,7,5fcafd00f258b24cf87271c09a893a3dfd3131e45ea1062b023617d0bfe44933,,,,,https://ssma.magyp.gob.ar/frutas.precios.aspx,C_historical_monthly_formula_unverified,probable:multiple_candidates,,,"[114518, 114523, 114528, 114532, 114534, 114536, 114539]",[]
ambiguous,2025-10-01,,,2025-10,MCBA,Hortalizas,,TOMATE,,REDONDO,,CTES.,,PERDIDO,,Segunda,MEDIANO,PTN/INV,,934.5238095238095,,,kg,,ARS,,False,7,7575c9ead0640d80402982c07ea8897a7131d7aaf3c069c11d08415fad8658ad,,,,,https://ssma.magyp.gob.ar/frutas.precios.aspx,C_historical_monthly_formula_unverified,probable:multiple_candidates,,,"[114518, 114523, 114528, 114532, 114534, 114536, 114539]",[]
ambiguous,2025-10-01,,,2025-10,MCBA,Hortalizas,,TOMATE,,REDONDO,,CTES.,,PERDIDO,,Segunda,MEDIANO,ROJO,,1625.0,,,kg,,ARS,,False,7,cf9d765553b960f9c1a8c2f6de775477f5c3f077e30688bf3bbea01d252b6606,,,,,https://ssma.magyp.gob.ar/frutas.precios.aspx,C_historical_monthly_formula_unverified,probable:multiple_candidates,,,"[114518, 114523, 114528, 114532, 114534, 114536, 114539]",[]
ambiguous,2025-10-01,,,2025-10,MCBA,Hortalizas,,TOMATE,,REDONDO,,CTES.,,PERDIDO,,Segunda,MEDIANO,ROJO/INV,,1183.5526315789473,,,kg,,ARS,,False,7,011eb05cab98311041ac08992d843530088a8da443f2ae2b73a52a73b801ea65,,,,,https://ssma.magyp.gob.ar/frutas.precios.aspx,C_historical_monthly_formula_unverified,probable:multiple_candidates,,,"[114518, 114523, 114528, 114532, 114534, 114536, 114539]",[]
ambiguous,2025-10-01,,,2025-10,MCBA,Hortalizas,,TOMATE,,REDONDO,,SALTA,,PERDIDO,,Primera,GRANDE,PINTON,,1225.1452631578948,,,kg,,ARS,,False,6,1dab6b75620365c1412fe18a338f0aa0c0e6881810b438cfd651d671f2dddafe,,,,,https://ssma.magyp.gob.ar/frutas.precios.aspx,C_historical_monthly_formula_unverified,probable:multiple_candidates,,,"[114602, 114608, 114613, 114617, 114621, 114623]",[]
ambiguous,2025-10-01,,,2025-10,MCBA,Hortalizas,,TOMATE,,REDONDO,,SALTA,,PERDIDO,,Primera,GRANDE,PTN/INV,,1888.8885714285714,,,kg,,ARS,,False,6,a0d2934787a51c81d4bd79fd6c89c08ca98df6de034d132d14a5c56fef8f37ec,,,,,https://ssma.magyp.gob.ar/frutas.precios.aspx,C_historical_monthly_formula_unverified,probable:multiple_candidates,,,"[114602, 114608, 114613, 114617, 114621, 114623]",[]
ambiguous,2025-10-01,,,2025-10,MCBA,Hortalizas,,TOMATE,,REDONDO,,SALTA,,PERDIDO,,Primera,MEDIANO,PINTON,,1045.32,,,kg,,ARS,,False,6,9cff799a905c00c94045a53424f6809ab5ed53ddecfb95ce0f3556dfece9c899,,,,,https://ssma.magyp.gob.ar/frutas.precios.aspx,C_historical_monthly_formula_unverified,probable:multiple_candidates,,,"[114602, 114608, 114613, 114617, 114621, 114623]",[]
ambiguous,2025-10-01,,,2025-10,MCBA,Hortalizas,,TOMATE,,REDONDO,,SALTA,,PERDIDO,,Primera,MEDIANO,PTN/INV,,1600.5290476190476,,,kg,,ARS,,False,6,d66e7d783c2ca0c228f011605dda53b21f33c73b999fcb24e6d15930af3894d8,,,,,https://ssma.magyp.gob.ar/frutas.precios.aspx,C_historical_monthly_formula_unverified,probable:multiple_candidates,,,"[114602, 114608, 114613, 114617, 114621, 114623]",[]
ambiguous,2025-10-01,,,2025-10,MCBA,Hortalizas,,TOMATE,,REDONDO,,SALTA,,PERDIDO,,Segunda,MEDIANO,PINTON,,777.7771428571428,,,kg,,ARS,,False,6,a966419048aaec6c002cd73b85e5970c285c2bff86045d249bdefef4f68fda10,,,,,https://ssma.magyp.gob.ar/frutas.precios.aspx,C_historical_monthly_formula_unverified,probable:multiple_candidates,,,"[114602, 114608, 114613, 114617, 114621, 114623]",[]
ambiguous,2025-10-01,,,2025-10,MCBA,Hortalizas,,TOMATE,,REDONDO,,SALTA,,PERDIDO,,Segunda,MEDIANO,ROJO,,665.3442857142857,,,kg,,ARS,,False,6,ed05604dc51e83e28b7dd4b9b0b9f1becce40147edbdcb7d2124e8e2390c4304,,,,,https://ssma.magyp.gob.ar/frutas.precios.aspx,C_historical_monthly_formula_unverified,probable:multiple_candidates,,,"[114602, 114608, 114613, 114617, 114621, 114623]",[]
ambiguous,2025-10-01,,,2025-10,MCBA,Hortalizas,,ZANAHORIA,,CHANTENAY,,MENDOZA,,BOLSA,,Primera,MEDIANO,,,431.42857142857144,,,kg,,ARS,,False,2,c70e148e0167a7aca70704ba17437b5f50dc0c94c8c519dd2fa5d2ce180be666,,,,,https://ssma.magyp.gob.ar/frutas.precios.aspx,C_historical_monthly_formula_unverified,probable:multiple_candidates,,,"[114670, 114682]",[]
ambiguous,2025-10-01,,,2025-10,MCBA,Hortalizas,,ZAPALLITO,,LARGO,,SALTA,,TORO,,Primera,MEDIANO,,,674.6033333333334,,,kg,,ARS,,False,2,74a980a1ec73dd9b19e0298584b49dc7a8f785230ae57eb051a1defc7c1df31e,,,,,https://ssma.magyp.gob.ar/frutas.precios.aspx,C_historical_monthly_formula_unverified,probable:multiple_candidates,,,"[114735, 114738]",[]
ambiguous,2025-10-01,,,2025-10,MCBA,Hortalizas,,ZAPALLITO,,LARGO,,SALTA,,TORO,,Segunda,MEDIANO,,,391.00380952380954,,,kg,,ARS,,False,2,9f44287960cb82318717201a3f0dbb224d10465c9747487f1e2d9d4c931555f0,,,,,https://ssma.magyp.gob.ar/frutas.precios.aspx,C_historical_monthly_formula_unverified,probable:multiple_candidates,,,"[114735, 114738]",[]
ambiguous,2025-10-01,,,2025-10,MCBA,Hortalizas,,ZAPALLITO,,REDONDO,,SALTA,,TORO,,Primera,MEDIANO,INVERNAC,,584.5036842105263,,,kg,,ARS,,False,3,44932d197bb73c212d8c9d7b1e3e4d246a4d7f25469e2562a0c6f214c8d2ca17,,,,,https://ssma.magyp.gob.ar/frutas.precios.aspx,C_historical_monthly_formula_unverified,probable:multiple_candidates,,,"[114793, 114800, 114804]",[]
ambiguous,2025-10-01,,,2025-10,MCBA,Hortalizas,,ZAPALLITO,,REDONDO,,SALTA,,TORO,,Primera,MEDIANO,,,454.09473684210525,,,kg,,ARS,,False,3,ddd37537e680c4127478d39c21c0e77ec5ef2be0c000145db65b8eab65bccf69,,,,,https://ssma.magyp.gob.ar/frutas.precios.aspx,C_historical_monthly_formula_unverified,probable:multiple_candidates,,,"[114793, 114800, 114804]",[]
ambiguous,2025-10-01,,,2025-10,MCBA,Hortalizas,,ZAPALLITO,,REDONDO,,SALTA,,TORO,,Segunda,MEDIANO,,,336.50857142857143,,,kg,,ARS,,False,3,383301d9a041f993f2527c37ecd776b129d10c3033d6025017bcdf337c1bccb6,,,,,https://ssma.magyp.gob.ar/frutas.precios.aspx,C_historical_monthly_formula_unverified,probable:multiple_candidates,,,"[114793, 114800, 114804]",[]
ambiguous,2025-10-01,,,2025-10,MCBA,Hortalizas,,ZAPALLO,,TETSUKAB.,,SALTA,,BOLSA,,Primera,GRANDE,,,736.2428571428571,,,kg,,ARS,,False,2,2ba5ac7d9580683af2a9ac37a26e1bfdd3067b0c787863769dd87faab44e9730,,,,,https://ssma.magyp.gob.ar/frutas.precios.aspx,C_historical_monthly_formula_unverified,probable:multiple_candidates,,,"[114939, 114943]",[]
ambiguous,2025-10-01,,,2025-10,MCBA,Hortalizas,,ZAPALLO,,TETSUKAB.,,SALTA,,BOLSA,,Primera,MEDIANO,,,640.2128571428572,,,kg,,ARS,,False,2,cda4080da9a6f8c9d320f19dfe5403777f8fc22f8ca6c281eb8cd747b983e47b,,,,,https://ssma.magyp.gob.ar/frutas.precios.aspx,C_historical_monthly_formula_unverified,probable:multiple_candidates,,,"[114939, 114943]",[]
ambiguous,,2025-10-01,month,2025-10,MCBA,,Hortalizas,,Acelga,,,,Bs. As.,,Ja,,,,Moneda interpretada como ARS por tratarse de lista local MCBA. Atributos fuente: CAL=1A; GRADO=INV.,,748.3,,,$/kg,,ARS,False,3,,,,112509,PHOR25_K.xlsx#hoja=PHOR25_K;fila=2;C=2339;columna=K_OCTU,,C_historical_monthly_formula_unverified,probable:multiple_candidates,,,"[""a3ddb7a189a9428e4dc66527b5559855343c4da2325f0c53bc41f74b9f3ee781"", ""5b1872a9b0fa9613154e903a3bbf12da17e211ce5bc83da2b872520c49d491f4"", ""db12327806f0952dc19c033f225d6402b957b6688450a0c2542e8ef21fcaf25a""]",[]
ambiguous,,2025-10-01,month,2025-10,MCBA,,Hortalizas,,Acelga,,,,Bs. As.,,Ja,,,,Moneda interpretada como ARS por tratarse de lista local MCBA. Atributos fuente: CAL=1A; TAM=SIN TAM.,,604.4,,,$/kg,,ARS,False,3,,,,112521,PHOR25_K.xlsx#hoja=PHOR25_K;fila=3;C=4149;columna=K_OCTU,,C_historical_monthly_formula_unverified,probable:multiple_candidates,,,"[""a3ddb7a189a9428e4dc66527b5559855343c4da2325f0c53bc41f74b9f3ee781"", ""5b1872a9b0fa9613154e903a3bbf12da17e211ce5bc83da2b872520c49d491f4"", ""db12327806f0952dc19c033f225d6402b957b6688450a0c2542e8ef21fcaf25a""]",[]
ambiguous,,2025-10-01,month,2025-10,MCBA,,Hortalizas,,Acelga,,,,Bs. As.,,Ja,,,,Moneda interpretada como ARS por tratarse de lista local MCBA. Atributos fuente: CAL=2A; TAM=SIN TAM.,,469.8,,,$/kg,,ARS,False,3,,,,112533,PHOR25_K.xlsx#hoja=PHOR25_K;fila=4;C=4150;columna=K_OCTU,,C_historical_monthly_formula_unverified,probable:multiple_candidates,,,"[""a3ddb7a189a9428e4dc66527b5559855343c4da2325f0c53bc41f74b9f3ee781"", ""5b1872a9b0fa9613154e903a3bbf12da17e211ce5bc83da2b872520c49d491f4"", ""db12327806f0952dc19c033f225d6402b957b6688450a0c2542e8ef21fcaf25a""]",[]
ambiguous,,2025-10-01,month,2025-10,MCBA,,Hortalizas,,Ajo,,Colorado,,Mendoza,,Rt,,,,Moneda interpretada como ARS por tratarse de lista local MCBA. Atributos fuente: CAL=1A; TAM=7.,,1171.0,,,$/kg,,ARS,False,5,,,,112573,PHOR25_K.xlsx#hoja=PHOR25_K;fila=15;C=3488;columna=K_OCTU,,C_historical_monthly_formula_unverified,probable:multiple_candidates,,,"[""4e3f0657fcafbbd8cf3920d041e0552c6be0567f4a9a7880269dd7ebbb639b17"", ""e007e3928f42296326eb8e0d616658bce78c6c8af930ca1631533e77ee83ac7f"", ""f48c657acfbe0bc521a274878bf46c179fe67a459e5ab2b4d57570fe86510920"", ""4d78b8fbb8b8766530149cfb8045d6273820be3faadd533e089cc86b77d3d8f8"", ""fcd874c40b46cf268025d5bef11a4134126fb1fc90a1449825e39760ef0c5adf""]",[]
ambiguous,,2025-10-01,month,2025-10,MCBA,,Hortalizas,,Ajo,,Colorado,,Mendoza,,Rt,,,,Moneda interpretada como ARS por tratarse de lista local MCBA. Atributos fuente: CAL=1A; TAM=9.,,3326.0,,,$/kg,,ARS,False,5,,,,112579,PHOR25_K.xlsx#hoja=PHOR25_K;fila=16;C=3489;columna=K_OCTU,,C_historical_monthly_formula_unverified,probable:multiple_candidates,,,"[""4e3f0657fcafbbd8cf3920d041e0552c6be0567f4a9a7880269dd7ebbb639b17"", ""e007e3928f42296326eb8e0d616658bce78c6c8af930ca1631533e77ee83ac7f"", ""f48c657acfbe0bc521a274878bf46c179fe67a459e5ab2b4d57570fe86510920"", ""4d78b8fbb8b8766530149cfb8045d6273820be3faadd533e089cc86b77d3d8f8"", ""fcd874c40b46cf268025d5bef11a4134126fb1fc90a1449825e39760ef0c5adf""]",[]
ambiguous,,2025-10-01,month,2025-10,MCBA,,Hortalizas,,Ajo,,Colorado,,Mendoza,,Rt,,,,Moneda interpretada como ARS por tratarse de lista local MCBA. Atributos fuente: CAL=1A; TAM=8.,,1989.0,,,$/kg,,ARS,False,5,,,,112590,PHOR25_K.xlsx#hoja=PHOR25_K;fila=18;C=4015;columna=K_OCTU,,C_historical_monthly_formula_unverified,probable:multiple_candidates,,,"[""4e3f0657fcafbbd8cf3920d041e0552c6be0567f4a9a7880269dd7ebbb639b17"", ""e007e3928f42296326eb8e0d616658bce78c6c8af930ca1631533e77ee83ac7f"", ""f48c657acfbe0bc521a274878bf46c179fe67a459e5ab2b4d57570fe86510920"", ""4d78b8fbb8b8766530149cfb8045d6273820be3faadd533e089cc86b77d3d8f8"", ""fcd874c40b46cf268025d5bef11a4134126fb1fc90a1449825e39760ef0c5adf""]",[]
ambiguous,,2025-10-01,month,2025-10,MCBA,,Hortalizas,,Ajo,,Colorado,,Mendoza,,Rt,,,,Moneda interpretada como ARS por tratarse de lista local MCBA. Atributos fuente: CAL=1A; TAM=4.,,853.3,,,$/kg,,ARS,False,5,,,,112596,PHOR25_K.xlsx#hoja=PHOR25_K;fila=19;C=4076;columna=K_OCTU,,C_historical_monthly_formula_unverified,probable:multiple_candidates,,,"[""4e3f0657fcafbbd8cf3920d041e0552c6be0567f4a9a7880269dd7ebbb639b17"", ""e007e3928f42296326eb8e0d616658bce78c6c8af930ca1631533e77ee83ac7f"", ""f48c657acfbe0bc521a274878bf46c179fe67a459e5ab2b4d57570fe86510920"", ""4d78b8fbb8b8766530149cfb8045d6273820be3faadd533e089cc86b77d3d8f8"", ""fcd874c40b46cf268025d5bef11a4134126fb1fc90a1449825e39760ef0c5adf""]",[]
ambiguous,,2025-10-01,month,2025-10,MCBA,,Hortalizas,,Ajo,,Colorado,,Mendoza,,Rt,,,,Moneda interpretada como ARS por tratarse de lista local MCBA. Atributos fuente: CAL=1A; TAM=11.,,4152.0,,,$/kg,,ARS,False,5,,,,112605,PHOR25_K.xlsx#hoja=PHOR25_K;fila=21;C=4456;columna=K_OCTU,,C_historical_monthly_formula_unverified,probable:multiple_candidates,,,"[""4e3f0657fcafbbd8cf3920d041e0552c6be0567f4a9a7880269dd7ebbb639b17"", ""e007e3928f42296326eb8e0d616658bce78c6c8af930ca1631533e77ee83ac7f"", ""f48c657acfbe0bc521a274878bf46c179fe67a459e5ab2b4d57570fe86510920"", ""4d78b8fbb8b8766530149cfb8045d6273820be3faadd533e089cc86b77d3d8f8"", ""fcd874c40b46cf268025d5bef11a4134126fb1fc90a1449825e39760ef0c5adf""]",[]
ambiguous,,2025-10-01,month,2025-10,MCBA,,Hortalizas,,Ajo,,Mdo. Chino,,Mendoza,,Rt,,,,Moneda interpretada como ARS por tratarse de lista local MCBA. Atributos fuente: CAL=1A; TAM=7.,,2217.0,,,$/kg,,ARS,False,5,,,,112646,PHOR25_K.xlsx#hoja=PHOR25_K;fila=31;C=3564;columna=K_OCTU,,C_historical_monthly_formula_unverified,probable:multiple_candidates,,,"[""8a2a5fe95c8adae6111f71c0eb75e4302a461c4ff1f2f03240795feb65086606"", ""e28f046d11767952af19414c8dba2d79ef13cffd1b950ba33031f05493406d52"", ""c37690a45caf500ebb07770a03c2080544e516b8792d261c80dbc90fd1681e39"", ""355227a89d74662b5c17cf6d499f1584195ed517c9e5510731e2ffe7002c63da"", ""b645e8d3a7ee9547704a78dd4baf9edbcd94d5a91e37a7b923bb1a31765ae74c""]",[]
ambiguous,,2025-10-01,month,2025-10,MCBA,,Hortalizas,,Ajo,,Mdo. Chino,,Mendoza,,Rt,,,,Moneda interpretada como ARS por tratarse de lista local MCBA. Atributos fuente: CAL=2A; TAM=11.,,6494.0,,,$/kg,,ARS,False,5,,,,112656,PHOR25_K.xlsx#hoja=PHOR25_K;fila=32;C=3829;columna=K_OCTU,,C_historical_monthly_formula_unverified,probable:multiple_candidates,,,"[""8a2a5fe95c8adae6111f71c0eb75e4302a461c4ff1f2f03240795feb65086606"", ""e28f046d11767952af19414c8dba2d79ef13cffd1b950ba33031f05493406d52"", ""c37690a45caf500ebb07770a03c2080544e516b8792d261c80dbc90fd1681e39"", ""355227a89d74662b5c17cf6d499f1584195ed517c9e5510731e2ffe7002c63da"", ""b645e8d3a7ee9547704a78dd4baf9edbcd94d5a91e37a7b923bb1a31765ae74c""]",[]
ambiguous,,2025-10-01,month,2025-10,MCBA,,Hortalizas,,Ajo,,Mdo. Chino,,Mendoza,,Rt,,,,Moneda interpretada como ARS por tratarse de lista local MCBA. Atributos fuente: CAL=1A; TAM=9.,,3637.0,,,$/kg,,ARS,False,5,,,,112664,PHOR25_K.xlsx#hoja=PHOR25_K;fila=33;C=3974;columna=K_OCTU,,C_historical_monthly_formula_unverified,probable:multiple_candidates,,,"[""8a2a5fe95c8adae6111f71c0eb75e4302a461c4ff1f2f03240795feb65086606"", ""e28f046d11767952af19414c8dba2d79ef13cffd1b950ba33031f05493406d52"", ""c37690a45caf500ebb07770a03c2080544e516b8792d261c80dbc90fd1681e39"", ""355227a89d74662b5c17cf6d499f1584195ed517c9e5510731e2ffe7002c63da"", ""b645e8d3a7ee9547704a78dd4baf9edbcd94d5a91e37a7b923bb1a31765ae74c""]",[]
ambiguous,,2025-10-01,month,2025-10,MCBA,,Hortalizas,,Ajo,,Mdo. Chino,,Mendoza,,Rt,,,,Moneda interpretada como ARS por tratarse de lista local MCBA. Atributos fuente: CAL=1A; TAM=4.,,2069.0,,,$/kg,,ARS,False,5,,,,112673,PHOR25_K.xlsx#hoja=PHOR25_K;fila=34;C=4199;columna=K_OCTU,,C_historical_monthly_formula_unverified,probable:multiple_candidates,,,"[""8a2a5fe95c8adae6111f71c0eb75e4302a461c4ff1f2f03240795feb65086606"", ""e28f046d11767952af19414c8dba2d79ef13cffd1b950ba33031f05493406d52"", ""c37690a45caf500ebb07770a03c2080544e516b8792d261c80dbc90fd1681e39"", ""355227a89d74662b5c17cf6d499f1584195ed517c9e5510731e2ffe7002c63da"", ""b645e8d3a7ee9547704a78dd4baf9edbcd94d5a91e37a7b923bb1a31765ae74c""]",[]
ambiguous,,2025-10-01,month,2025-10,MCBA,,Hortalizas,,Ajo,,Mdo. Chino,,Mendoza,,Rt,,,,Moneda interpretada como ARS por tratarse de lista local MCBA. Atributos fuente: CAL=1A; TAM=10.,,5664.0,,,$/kg,,ARS,False,5,,,,112688,PHOR25_K.xlsx#hoja=PHOR25_K;fila=37;C=3563;columna=K_OCTU,,C_historical_monthly_formula_unverified,probable:multiple_candidates,,,"[""8a2a5fe95c8adae6111f71c0eb75e4302a461c4ff1f2f03240795feb65086606"", ""e28f046d11767952af19414c8dba2d79ef13cffd1b950ba33031f05493406d52"", ""c37690a45caf500ebb07770a03c2080544e516b8792d261c80dbc90fd1681e39"", ""355227a89d74662b5c17cf6d499f1584195ed517c9e5510731e2ffe7002c63da"", ""b645e8d3a7ee9547704a78dd4baf9edbcd94d5a91e37a7b923bb1a31765ae74c""]",[]
ambiguous,,2025-10-01,month,2025-10,MCBA,,Hortalizas,,Ajo,,Mdo. Chino,,San Juan,,Rt,,,,Moneda interpretada como ARS por tratarse de lista local MCBA. Atributos fuente: CAL=2A; TAM=6.,,1850.0,,,$/kg,,ARS,False,4,,,,112696,PHOR25_K.xlsx#hoja=PHOR25_K;fila=41;C=2679;columna=K_OCTU,,C_historical_monthly_formula_unverified,probable:multiple_candidates,,,"[""a3ae863bbac7205dccd1fbe83a3ef7f459fffaf90c68c0997c7a273c3c052aab"", ""cc4bb1d7981675500e78a02ff6119dd8dcbddafe41207a321e67ba5f09750c83"", ""101011fd0c2ac238869ef04ae345bb6c42973bfcd734f23c7dad53cb17665e9c"", ""39bda0c5fad0b89add1075a2c4d569d31da12d841028ba1b42d4164c8d549da9""]",[]
ambiguous,,2025-10-01,month,2025-10,MCBA,,Hortalizas,,Ajo,,Mdo. Chino,,San Juan,,Rt,,,,Moneda interpretada como ARS por tratarse de lista local MCBA. Atributos fuente: CAL=2A; TAM=7.,,1853.0,,,$/kg,,ARS,False,4,,,,112700,PHOR25_K.xlsx#hoja=PHOR25_K;fila=43;C=3332;columna=K_OCTU,,C_historical_monthly_formula_unverified,probable:multiple_candidates,,,"[""a3ae863bbac7205dccd1fbe83a3ef7f459fffaf90c68c0997c7a273c3c052aab"", ""cc4bb1d7981675500e78a02ff6119dd8dcbddafe41207a321e67ba5f09750c83"", ""101011fd0c2ac238869ef04ae345bb6c42973bfcd734f23c7dad53cb17665e9c"", ""39bda0c5fad0b89add1075a2c4d569d31da12d841028ba1b42d4164c8d549da9""]",[]
ambiguous,,2025-10-01,month,2025-10,MCBA,,Hortalizas,,Ajo,,Mdo. Chino,,San Juan,,Rt,,,,Moneda interpretada como ARS por tratarse de lista local MCBA. Atributos fuente: CAL=1A; TAM=11.,,6127.0,,,$/kg,,ARS,False,4,,,,112704,PHOR25_K.xlsx#hoja=PHOR25_K;fila=45;C=4462;columna=K_OCTU,,C_historical_monthly_formula_unverified,probable:multiple_candidates,,,"[""a3ae863bbac7205dccd1fbe83a3ef7f459fffaf90c68c0997c7a273c3c052aab"", ""cc4bb1d7981675500e78a02ff6119dd8dcbddafe41207a321e67ba5f09750c83"", ""101011fd0c2ac238869ef04ae345bb6c42973bfcd734f23c7dad53cb17665e9c"", ""39bda0c5fad0b89add1075a2c4d569d31da12d841028ba1b42d4164c8d549da9""]",[]
ambiguous,,2025-10-01,month,2025-10,MCBA,,Hortalizas,,Ajo,,Mdo. Chino,,San Juan,,Rt,,,,Moneda interpretada como ARS por tratarse de lista local MCBA. Atributos fuente: CAL=1A; TAM=1.,,6563.0,,,$/kg,,ARS,False,4,,,,112707,PHOR25_K.xlsx#hoja=PHOR25_K;fila=47;C=4551;columna=K_OCTU,,C_historical_monthly_formula_unverified,probable:multiple_candidates,,,"[""a3ae863bbac7205dccd1fbe83a3ef7f459fffaf90c68c0997c7a273c3c052aab"", ""cc4bb1d7981675500e78a02ff6119dd8dcbddafe41207a321e67ba5f09750c83"", ""101011fd0c2ac238869ef04ae345bb6c42973bfcd734f23c7dad53cb17665e9c"", ""39bda0c5fad0b89add1075a2c4d569d31da12d841028ba1b42d4164c8d549da9""]",[]
ambiguous,,2025-10-01,month,2025-10,MCBA,,Hortalizas,,Apio,,,,Bs. As.,,To,,,,Moneda interpretada como ARS por tratarse de lista local MCBA. Atributos fuente: CAL=1A; TAM=MEDIANO; GRADO=INV.,,896.6,,,$/kg,,ARS,False,2,,,,112754,PHOR25_K.xlsx#hoja=PHOR25_K;fila=59;C=2790;columna=K_OCTU,,C_historical_monthly_formula_unverified,probable:multiple_candidates,,,"[""c2acb1168a8c7da05bf7ee5c4b6326534a7835616b1f869b112704d7fa41254d"", ""3dc0931226bb80c602512a6b0763448f2dcafc599b66d3d8a516da1fc0c49146""]",[]
ambiguous,,2025-10-01,month,2025-10,MCBA,,Hortalizas,,Apio,,,,Bs. As.,,To,,,,Moneda interpretada como ARS por tratarse de lista local MCBA. Atributos fuente: CAL=1A; TAM=GRANDE; GRADO=INV.,,1067.0,,,$/kg,,ARS,False,2,,,,112766,PHOR25_K.xlsx#hoja=PHOR25_K;fila=60;C=3426;columna=K_OCTU,,C_historical_monthly_formula_unverified,probable:multiple_candidates,,,"[""c2acb1168a8c7da05bf7ee5c4b6326534a7835616b1f869b112704d7fa41254d"", ""3dc0931226bb80c602512a6b0763448f2dcafc599b66d3d8a516da1fc0c49146""]",[]
ambiguous,,2025-10-01,month,2025-10,MCBA,,Hortalizas,,Berenjena,,Vta.Med.La,,Ctes.,,To,,,,Moneda interpretada como ARS por tratarse de lista local MCBA. Atributos fuente: CAL=1A; TAM=MEDIANO.,,984.3,,,$/kg,,ARS,False,2,,,,112877,PHOR25_K.xlsx#hoja=PHOR25_K;fila=87;C=2308;columna=K_OCTU,,C_historical_monthly_formula_unverified,probable:multiple_candidates,,,"[""8267f98bd2104be2c3e7b74fad6176550a3f87071c9a5cd56557faa9aa247035"", ""d5f818a58496a8eb6058b60370184bacf362fec451aeeeeaabf8ca8ae4c0b9ad""]",[]
ambiguous,,2025-10-01,month,2025-10,MCBA,,Hortalizas,,Berenjena,,Vta.Med.La,,Ctes.,,To,,,,Moneda interpretada como ARS por tratarse de lista local MCBA. Atributos fuente: CAL=2A; TAM=MEDIANO.,,694.2,,,$/kg,,ARS,False,2,,,,112884,PHOR25_K.xlsx#hoja=PHOR25_K;fila=88;C=4186;columna=K_OCTU,,C_historical_monthly_formula_unverified,probable:multiple_candidates,,,"[""8267f98bd2104be2c3e7b74fad6176550a3f87071c9a5cd56557faa9aa247035"", ""d5f818a58496a8eb6058b60370184bacf362fec451aeeeeaabf8ca8ae4c0b9ad""]",[]
ambiguous,,2025-10-01,month,2025-10,MCBA,,Hortalizas,,Brocoli,,,,Bs. As.,,Ja,,,,Moneda interpretada como ARS por tratarse de lista local MCBA. Atributos fuente: CAL=1A; TAM=MEDIANO.,,1008.0,,,$/kg,,ARS,False,2,,,,112931,PHOR25_K.xlsx#hoja=PHOR25_K;fila=98;C=4174;columna=K_OCTU,,C_historical_monthly_formula_unverified,probable:multiple_candidates,,,"[""c9c83a77d510aded7abc6487a8fa0f4be337322c759b756f49b3c7d578a76b67"", ""1c92935f89d4205ad393eca5f6dc644f4a206864d6e8bddcfd6bf2700700470d""]",[]
ambiguous,,2025-10-01,month,2025-10,MCBA,,Hortalizas,,Brocoli,,,,Bs. As.,,Ja,,,,Moneda interpretada como ARS por tratarse de lista local MCBA. Atributos fuente: CAL=1A; TAM=MEDIANO; GRADO=INV.,,1555.0,,,$/kg,,ARS,False,2,,,,112943,PHOR25_K.xlsx#hoja=PHOR25_K;fila=99;C=4216;columna=K_OCTU,,C_historical_monthly_formula_unverified,probable:multiple_candidates,,,"[""c9c83a77d510aded7abc6487a8fa0f4be337322c759b756f49b3c7d578a76b67"", ""1c92935f89d4205ad393eca5f6dc644f4a206864d6e8bddcfd6bf2700700470d""]",[]
ambiguous,,2025-10-01,month,2025-10,MCBA,,Hortalizas,,Ceb.Verdeo,,Colorada,,Bs. As.,,Ja,,,,Moneda interpretada como ARS por tratarse de lista local MCBA. Atributos fuente: CAL=1A; TAM=MEDIANO.,,1504.0,,,$/kg,,ARS,False,2,,,,112991,PHOR25_K.xlsx#hoja=PHOR25_K;fila=110;C=2515;columna=K_OCTU,,C_historical_monthly_formula_unverified,probable:multiple_candidates,,,"[""f0c31a79be1fafc1c12f6666287964040665013c282c7bac7485e67825987a87"", ""c11b18b95ae2eedf8db85b13228733fb03725bd1ca4c70d3fc5dea09d6eadac4""]",[]
ambiguous,,2025-10-01,month,2025-10,MCBA,,Hortalizas,,Ceb.Verdeo,,Colorada,,Bs. As.,,Ja,,,,Moneda interpretada como ARS por tratarse de lista local MCBA. Atributos fuente: CAL=1A; TAM=CHICO.,,1074.0,,,$/kg,,ARS,False,2,,,,113003,PHOR25_K.xlsx#hoja=PHOR25_K;fila=111;C=2560;columna=K_OCTU,,C_historical_monthly_formula_unverified,probable:multiple_candidates,,,"[""f0c31a79be1fafc1c12f6666287964040665013c282c7bac7485e67825987a87"", ""c11b18b95ae2eedf8db85b13228733fb03725bd1ca4c70d3fc5dea09d6eadac4""]",[]
ambiguous,,2025-10-01,month,2025-10,MCBA,,Hortalizas,,Cebolla,,Valenciana,,S.Bs.As.,,Bo,,,,Moneda interpretada como ARS por tratarse de lista local MCBA. Atributos fuente: CAL=1A; TAM=MEDIANO.,,327.2,,,$/kg,,ARS,False,2,,,,113091,PHOR25_K.xlsx#hoja=PHOR25_K;fila=128;C=3780;columna=K_OCTU,,C_historical_monthly_formula_unverified,probable:multiple_candidates,,,"[""0234795266c5822091bc2b09e1f1bd26112b7986afb57820aec40673b9f4bbaf"", ""62ba77f88fa22617356461fb76490d375f53f75e01ea4828ddf1a9b5e8a93d07""]",[]
ambiguous,,2025-10-01,month,2025-10,MCBA,,Hortalizas,,Cebolla,,Valenciana,,S.Bs.As.,,Bo,,,,Moneda interpretada como ARS por tratarse de lista local MCBA. Atributos fuente: CAL=2A; TAM=MEDIANO.,,247.7,,,$/kg,,ARS,False,2,,,,113100,PHOR25_K.xlsx#hoja=PHOR25_K;fila=129;C=4119;columna=K_OCTU,,C_historical_monthly_formula_unverified,probable:multiple_candidates,,,"[""0234795266c5822091bc2b09e1f1bd26112b7986afb57820aec40673b9f4bbaf"", ""62ba77f88fa22617356461fb76490d375f53f75e01ea4828ddf1a9b5e8a93d07""]",[]
ambiguous,,2025-10-01,month,2025-10,MCBA,,Hortalizas,,Cebolla,,Valenciani,,Sgo.Est.,,Bo,,,,Moneda interpretada como ARS por tratarse de lista local MCBA. Atributos fuente: CAL=2A; TAM=MEDIANO.,,365.9,,,$/kg,,ARS,False,2,,,,113115,PHOR25_K.xlsx#hoja=PHOR25_K;fila=137;C=3801;columna=K_OCTU,,C_historical_monthly_formula_unverified,probable:multiple_candidates,,,"[""59ad9049d587d0f515c67ab7bffe72f9d1105acfc59f715687e29be556fc4b9d"", ""d1971787c667450aa0d5d0fb9341ab069b40eed05a39a4c0bbf3bf8e6bc33f92""]",[]
ambiguous,,2025-10-01,month,2025-10,MCBA,,Hortalizas,,Cebolla,,Valenciani,,Sgo.Est.,,Bo,,,,Moneda interpretada como ARS por tratarse de lista local MCBA. Atributos fuente: CAL=1A; TAM=MEDIANO; GRADO=HIB.,,427.5,,,$/kg,,ARS,False,2,,,,113118,PHOR25_K.xlsx#hoja=PHOR25_K;fila=138;C=4542;columna=K_OCTU,,C_historical_monthly_formula_unverified,probable:multiple_candidates,,,"[""59ad9049d587d0f515c67ab7bffe72f9d1105acfc59f715687e29be556fc4b9d"", ""d1971787c667450aa0d5d0fb9341ab069b40eed05a39a4c0bbf3bf8e6bc33f92""]",[]
ambiguous,,2025-10-01,month,2025-10,MCBA,,Hortalizas,,Chaucha,,Rolliza,,Salta,,To,,,,Moneda interpretada como ARS por tratarse de lista local MCBA. Atributos fuente: CAL=1A; TAM=MEDIANO.,,1859.0,,,$/kg,,ARS,False,2,,,,113166,PHOR25_K.xlsx#hoja=PHOR25_K;fila=151;C=1063;columna=K_OCTU,,C_historical_monthly_formula_unverified,probable:multiple_candidates,,,"[""8b3590c02cf77e767f78acedaf6b19c138a022b42bf2aa6b7b06eb7308dfa25f"", ""b66f98863c1025f54f98c42e375e75239f0ca53adac1b159db3409604402b822""]",[]
ambiguous,,2025-10-01,month,2025-10,MCBA,,Hortalizas,,Chaucha,,Rolliza,,Salta,,To,,,,Moneda interpretada como ARS por tratarse de lista local MCBA. Atributos fuente: CAL=2A; TAM=MEDIANO.,,1346.0,,,$/kg,,ARS,False,2,,,,113170,PHOR25_K.xlsx#hoja=PHOR25_K;fila=152;C=170014;columna=K_OCTU,,C_historical_monthly_formula_unverified,probable:multiple_candidates,,,"[""8b3590c02cf77e767f78acedaf6b19c138a022b42bf2aa6b7b06eb7308dfa25f"", ""b66f98863c1025f54f98c42e375e75239f0ca53adac1b159db3409604402b822""]",[]
ambiguous,,2025-10-01,month,2025-10,MCBA,,Hortalizas,,Choclo,,Amarillo,,Salta,,Pe,,,,Moneda interpretada como ARS por tratarse de lista local MCBA. Atributos fuente: CAL=1A; TAM=MEDIANO; GRADO=PRE.,,1557.0,,,$/kg,,ARS,False,3,,,,113200,PHOR25_K.xlsx#hoja=PHOR25_K;fila=161;C=3278;columna=K_OCTU,,C_historical_monthly_formula_unverified,probable:multiple_candidates,,,"[""556977be6f4aec3526d200fd9491ce020a6f9eff8e1c67dceee2ad3719859800"", ""6146f2255683f3de7c53fae8de3dab5ff5ba6001a92b761d90237dc3f9beccab"", ""c0781ebd1aeedbce30263913992349f945a9beadc634b32650e8b37091a683bc""]",[]
ambiguous,,2025-10-01,month,2025-10,MCBA,,Hortalizas,,Choclo,,Amarillo,,Salta,,Pe,,,,Moneda interpretada como ARS por tratarse de lista local MCBA. Atributos fuente: CAL=2A; GRADO=PRE.,,1111.0,,,$/kg,,ARS,False,3,,,,113207,PHOR25_K.xlsx#hoja=PHOR25_K;fila=163;C=2371;columna=K_OCTU,,C_historical_monthly_formula_unverified,probable:multiple_candidates,,,"[""556977be6f4aec3526d200fd9491ce020a6f9eff8e1c67dceee2ad3719859800"", ""6146f2255683f3de7c53fae8de3dab5ff5ba6001a92b761d90237dc3f9beccab"", ""c0781ebd1aeedbce30263913992349f945a9beadc634b32650e8b37091a683bc""]",[]
ambiguous,,2025-10-01,month,2025-10,MCBA,,Hortalizas,,Choclo,,Amarillo,,Salta,,Pe,,,,Moneda interpretada como ARS por tratarse de lista local MCBA. Atributos fuente: CAL=2A; TAM=MEDIANO; GRADO=PRE.,,1129.0,,,$/kg,,ARS,False,3,,,,113208,PHOR25_K.xlsx#hoja=PHOR25_K;fila=164;C=2911;columna=K_OCTU,,C_historical_monthly_formula_unverified,probable:multiple_candidates,,,"[""556977be6f4aec3526d200fd9491ce020a6f9eff8e1c67dceee2ad3719859800"", ""6146f2255683f3de7c53fae8de3dab5ff5ba6001a92b761d90237dc3f9beccab"", ""c0781ebd1aeedbce30263913992349f945a9beadc634b32650e8b37091a683bc""]",[]
ambiguous,,2025-10-01,month,2025-10,MCBA,,Hortalizas,,Esparrago,,Verde,,San Juan,,At,,,,Moneda interpretada como ARS por tratarse de lista local MCBA. Atributos fuente: CAL=1A; TAM=MEDIANO.,,2617.0,,,$/kg,,ARS,False,2,,,,113352,PHOR25_K.xlsx#hoja=PHOR25_K;fila=198;C=4533;columna=K_OCTU,,C_historical_monthly_formula_unverified,probable:multiple_candidates,,,"[""121291aab84bcdbc14bed6cdd89b0659a8554d72dea54b5ee10a3b60bed7ca36"", ""9077c0800c308b25eacf537a2546a28e3186d59091791c712cd481b8cef0e7c2""]",[]
ambiguous,,2025-10-01,month,2025-10,MCBA,,Hortalizas,,Esparrago,,Verde,,San Juan,,At,,,,Moneda interpretada como ARS por tratarse de lista local MCBA. Atributos fuente: CAL=1A; TAM=GRANDE.,,3440.0,,,$/kg,,ARS,False,2,,,,113355,PHOR25_K.xlsx#hoja=PHOR25_K;fila=199;C=4555;columna=K_OCTU,,C_historical_monthly_formula_unverified,probable:multiple_candidates,,,"[""121291aab84bcdbc14bed6cdd89b0659a8554d72dea54b5ee10a3b60bed7ca36"", ""9077c0800c308b25eacf537a2546a28e3186d59091791c712cd481b8cef0e7c2""]",[]
ambiguous,,2025-10-01,month,2025-10,MCBA,,Hortalizas,,Lechuga,,Criolla,,Bs. As.,,Ja,,,,Moneda interpretada como ARS por tratarse de lista local MCBA. Atributos fuente: CAL=1A; TAM=GRANDE; GRADO=INV.,,921.0,,,$/kg,,ARS,False,3,,,,113517,PHOR25_K.xlsx#hoja=PHOR25_K;fila=229;C=3477;columna=K_OCTU,,C_historical_monthly_formula_unverified,probable:multiple_candidates,,,"[""4d3bf54f8d9c2a503c982921eb750cbbf09b62c70afabb686f0ac6f7eae02896"", ""697e09668ac43b50c140221ee7593b0838dc2766224a4822036f1eb749e05355"", ""cfacfc4385d5b564c06edfc00b94e362311be25dea90fe568b281efd75aa47d0""]",[]
ambiguous,,2025-10-01,month,2025-10,MCBA,,Hortalizas,,Lechuga,,Criolla,,Bs. As.,,Ja,,,,Moneda interpretada como ARS por tratarse de lista local MCBA. Atributos fuente: CAL=1A; TAM=MEDIANO; GRADO=INV.,,753.3,,,$/kg,,ARS,False,3,,,,113529,PHOR25_K.xlsx#hoja=PHOR25_K;fila=230;C=3478;columna=K_OCTU,,C_historical_monthly_formula_unverified,probable:multiple_candidates,,,"[""4d3bf54f8d9c2a503c982921eb750cbbf09b62c70afabb686f0ac6f7eae02896"", ""697e09668ac43b50c140221ee7593b0838dc2766224a4822036f1eb749e05355"", ""cfacfc4385d5b564c06edfc00b94e362311be25dea90fe568b281efd75aa47d0""]",[]
ambiguous,,2025-10-01,month,2025-10,MCBA,,Hortalizas,,Lechuga,,Criolla,,Bs. As.,,Ja,,,,Moneda interpretada como ARS por tratarse de lista local MCBA. Atributos fuente: CAL=1A; TAM=MEDIANO.,,655.8,,,$/kg,,ARS,False,3,,,,113540,PHOR25_K.xlsx#hoja=PHOR25_K;fila=231;C=3668;columna=K_OCTU,,C_historical_monthly_formula_unverified,probable:multiple_candidates,,,"[""4d3bf54f8d9c2a503c982921eb750cbbf09b62c70afabb686f0ac6f7eae02896"", ""697e09668ac43b50c140221ee7593b0838dc2766224a4822036f1eb749e05355"", ""cfacfc4385d5b564c06edfc00b94e362311be25dea90fe568b281efd75aa47d0""]",[]
ambiguous,,2025-10-01,month,2025-10,MCBA,,Hortalizas,,Lechuga,,Mantecosa,,Bs. As.,,Ja,,,,Moneda interpretada como ARS por tratarse de lista local MCBA. Atributos fuente: CAL=1A; TAM=MEDIANO; GRADO=INV.,,1312.0,,,$/kg,,ARS,False,3,,,,113574,PHOR25_K.xlsx#hoja=PHOR25_K;fila=239;C=2002;columna=K_OCTU,,C_historical_monthly_formula_unverified,probable:multiple_candidates,,,"[""c55e3ee3f8ca956a4fde65d493d3fc41ad77bccbf5a9e2d47f680c6a23f382b3"", ""952247d3fae3652f7bf867bdbcafb4b8a9c3ee4ab4e97819e44d001ba9fd1da8"", ""010cfb40aa731c7c252b0f929e1b261d60beb8b10bd7c7f87b5f2fc26815e830""]",[]
ambiguous,,2025-10-01,month,2025-10,MCBA,,Hortalizas,,Lechuga,,Mantecosa,,Bs. As.,,Ja,,,,Moneda interpretada como ARS por tratarse de lista local MCBA. Atributos fuente: CAL=1A; TAM=MEDIANO.,,1048.0,,,$/kg,,ARS,False,3,,,,113585,PHOR25_K.xlsx#hoja=PHOR25_K;fila=240;C=2194;columna=K_OCTU,,C_historical_monthly_formula_unverified,probable:multiple_candidates,,,"[""c55e3ee3f8ca956a4fde65d493d3fc41ad77bccbf5a9e2d47f680c6a23f382b3"", ""952247d3fae3652f7bf867bdbcafb4b8a9c3ee4ab4e97819e44d001ba9fd1da8"", ""010cfb40aa731c7c252b0f929e1b261d60beb8b10bd7c7f87b5f2fc26815e830""]",[]
ambiguous,,2025-10-01,month,2025-10,MCBA,,Hortalizas,,Lechuga,,Mantecosa,,Bs. As.,,Ja,,,,Moneda interpretada como ARS por tratarse de lista local MCBA. Atributos fuente: CAL=1A; TAM=GRANDE; GRADO=INV.,,1767.0,,,$/kg,,ARS,False,3,,,,113588,PHOR25_K.xlsx#hoja=PHOR25_K;fila=241;C=3046;columna=K_OCTU,,C_historical_monthly_formula_unverified,probable:multiple_candidates,,,"[""c55e3ee3f8ca956a4fde65d493d3fc41ad77bccbf5a9e2d47f680c6a23f382b3"", ""952247d3fae3652f7bf867bdbcafb4b8a9c3ee4ab4e97819e44d001ba9fd1da8"", ""010cfb40aa731c7c252b0f929e1b261d60beb8b10bd7c7f87b5f2fc26815e830""]",[]
ambiguous,,2025-10-01,month,2025-10,MCBA,,Hortalizas,,Pack Choy,,,,Bs. As.,,Ba,,,,Moneda interpretada como ARS por tratarse de lista local MCBA. Atributos fuente: CAL=1A; TAM=MEDIANO.,,2320.0,,,$/kg,,ARS,False,2,,,,113648,PHOR25_K.xlsx#hoja=PHOR25_K;fila=258;C=4549;columna=K_OCTU,,C_historical_monthly_formula_unverified,probable:multiple_candidates,,,"[""1f59b6ec7d3f49db3f2458d58585aae650867e93f3c8ec90dc97685bf8102cf9"", ""7459f87ad429826afbda54024ce3ab85d2db5d52118688645c13150cc29ef0b9""]",[]
ambiguous,,2025-10-01,month,2025-10,MCBA,,Hortalizas,,Papa,,Spunta,,Se Bs.As,,Bo,,,,Moneda interpretada como ARS por tratarse de lista local MCBA. Atributos fuente: CAL=2A; TAM=MEDIANO.,,126.2,,,$/kg,,ARS,False,3,,,,113752,PHOR25_K.xlsx#hoja=PHOR25_K;fila=287;C=4249;columna=K_OCTU,,C_historical_monthly_formula_unverified,probable:multiple_candidates,,,"[""510ef5322be883add608e5b93c0e679aa4926f65ae511a036d5e175b7efac257"", ""e1ec3d2e4137875442c11ef334c6f381c7a9fff7647eed1a526961eb4338e386"", ""ee3341527be38ddb422e9cb76da2b9071bff23265239cc7a4c965cc212198b4c""]",[]
ambiguous,,2025-10-01,month,2025-10,MCBA,,Hortalizas,,Papa,,Spunta,,Se Bs.As,,Bo,,,,Moneda interpretada como ARS por tratarse de lista local MCBA. Atributos fuente: CAL=2A; TAM=MEDIANO; GRADO=CEP.,,193.5,,,$/kg,,ARS,False,3,,,,113767,PHOR25_K.xlsx#hoja=PHOR25_K;fila=289;C=4381;columna=K_OCTU,,C_historical_monthly_formula_unverified,probable:multiple_candidates,,,"[""510ef5322be883add608e5b93c0e679aa4926f65ae511a036d5e175b7efac257"", ""e1ec3d2e4137875442c11ef334c6f381c7a9fff7647eed1a526961eb4338e386"", ""ee3341527be38ddb422e9cb76da2b9071bff23265239cc7a4c965cc212198b4c""]",[]
ambiguous,,2025-10-01,month,2025-10,MCBA,,Hortalizas,,Papa,,Spunta,,Se Bs.As,,Bo,,,,Moneda interpretada como ARS por tratarse de lista local MCBA. Atributos fuente: CAL=1A; TAM=MEDIANO; GRADO=LAV.,,487.1,,,$/kg,,ARS,False,3,,,,113773,PHOR25_K.xlsx#hoja=PHOR25_K;fila=290;C=4377;columna=K_OCTU,,C_historical_monthly_formula_unverified,probable:multiple_candidates,,,"[""510ef5322be883add608e5b93c0e679aa4926f65ae511a036d5e175b7efac257"", ""e1ec3d2e4137875442c11ef334c6f381c7a9fff7647eed1a526961eb4338e386"", ""ee3341527be38ddb422e9cb76da2b9071bff23265239cc7a4c965cc212198b4c""]",[]
ambiguous,,2025-10-01,month,2025-10,MCBA,,Hortalizas,,Papa,,Spunta,,Tucuman,,Bo,,,,Moneda interpretada como ARS por tratarse de lista local MCBA. Atributos fuente: CAL=2A; TAM=MED/CHI.,,261.1,,,$/kg,,ARS,False,2,,,,113777,PHOR25_K.xlsx#hoja=PHOR25_K;fila=292;C=4541;columna=K_OCTU,,C_historical_monthly_formula_unverified,probable:multiple_candidates,,,"[""b0c11c6e5fea9a2d7b7b9826ebb9feb30050c81cd4d02e8f8f40436174d4d0ac"", ""b9110cba85c51507c80314ff0a42dfcb052d15506ad86973c6ba5e3b1e2a54a8""]",[]
ambiguous,,2025-10-01,month,2025-10,MCBA,,Hortalizas,,Papa,,Spunta,,Tucuman,,Bo,,,,Moneda interpretada como ARS por tratarse de lista local MCBA. Atributos fuente: CAL=2A; TAM=MEDIANO.,,275.2,,,$/kg,,ARS,False,2,,,,113778,PHOR25_K.xlsx#hoja=PHOR25_K;fila=293;C=4238;columna=K_OCTU,,C_historical_monthly_formula_unverified,probable:multiple_candidates,,,"[""b0c11c6e5fea9a2d7b7b9826ebb9feb30050c81cd4d02e8f8f40436174d4d0ac"", ""b9110cba85c51507c80314ff0a42dfcb052d15506ad86973c6ba5e3b1e2a54a8""]",[]
ambiguous,,2025-10-01,month,2025-10,MCBA,,Hortalizas,,Perejil,,,,Bs. As.,,Ja,,,,Moneda interpretada como ARS por tratarse de lista local MCBA. Atributos fuente: CAL=1A; TAM=MEDIANO.,,926.9,,,$/kg,,ARS,False,2,,,,113837,PHOR25_K.xlsx#hoja=PHOR25_K;fila=305;C=2989;columna=K_OCTU,,C_historical_monthly_formula_unverified,probable:multiple_candidates,,,"[""24ae1367b5968adb7dd6fafea1a4037fcafdf93327c649c89e6fb6a5605c3372"", ""2f9a744a3e1d35db0f2aa1b3de26577ba4eebc4950b43ea442a643654c9c4caf""]",[]
ambiguous,,2025-10-01,month,2025-10,MCBA,,Hortalizas,,Perejil,,,,Bs. As.,,Ja,,,,Moneda interpretada como ARS por tratarse de lista local MCBA. Atributos fuente: CAL=1A; TAM=GRANDE.,,1236.0,,,$/kg,,ARS,False,2,,,,113849,PHOR25_K.xlsx#hoja=PHOR25_K;fila=306;C=2990;columna=K_OCTU,,C_historical_monthly_formula_unverified,probable:multiple_candidates,,,"[""24ae1367b5968adb7dd6fafea1a4037fcafdf93327c649c89e6fb6a5605c3372"", ""2f9a744a3e1d35db0f2aa1b3de26577ba4eebc4950b43ea442a643654c9c4caf""]",[]
ambiguous,,2025-10-01,month,2025-10,MCBA,,Hortalizas,,Pimiento,,Morron,,Ctes.,,Pe,,,,Moneda interpretada como ARS por tratarse de lista local MCBA. Atributos fuente: CAL=1A; TAM=GRANDE; GRADO=V/I.,,1902.0,,,$/kg,,ARS,False,4,,,,113941,PHOR25_K.xlsx#hoja=PHOR25_K;fila=333;C=3480;columna=K_OCTU,,C_historical_monthly_formula_unverified,probable:multiple_candidates,,,"[""1e91b080fe570ff853fa09c92bb8c7614bd6b8db6f2346196f0d7fda9fefc32c"", ""5e9e1da9a39820b5485653b64363e4ce09f65d2b2d08b3bf6964ab60a89ae3c1"", ""0c7e212ea350a4fe39f3af9e9d357336119435194db8a77617da955ea2669e51"", ""1ae074e473551f30ae0eedde9b89957d7054dc9585a9275b7388168e827b3913""]",[]
ambiguous,,2025-10-01,month,2025-10,MCBA,,Hortalizas,,Pimiento,,Morron,,Ctes.,,Pe,,,,Moneda interpretada como ARS por tratarse de lista local MCBA. Atributos fuente: CAL=1A; TAM=GRANDE; GRADO=R/I.,,3507.0,,,$/kg,,ARS,False,4,,,,113948,PHOR25_K.xlsx#hoja=PHOR25_K;fila=334;C=4401;columna=K_OCTU,,C_historical_monthly_formula_unverified,probable:multiple_candidates,,,"[""1e91b080fe570ff853fa09c92bb8c7614bd6b8db6f2346196f0d7fda9fefc32c"", ""5e9e1da9a39820b5485653b64363e4ce09f65d2b2d08b3bf6964ab60a89ae3c1"", ""0c7e212ea350a4fe39f3af9e9d357336119435194db8a77617da955ea2669e51"", ""1ae074e473551f30ae0eedde9b89957d7054dc9585a9275b7388168e827b3913""]",[]
ambiguous,,2025-10-01,month,2025-10,MCBA,,Hortalizas,,Pimiento,,Morron,,Ctes.,,Pe,,,,Moneda interpretada como ARS por tratarse de lista local MCBA. Atributos fuente: CAL=1A; TAM=MEDIANO; GRADO=V/I.,,1559.0,,,$/kg,,ARS,False,4,,,,113956,PHOR25_K.xlsx#hoja=PHOR25_K;fila=335;C=4411;columna=K_OCTU,,C_historical_monthly_formula_unverified,probable:multiple_candidates,,,"[""1e91b080fe570ff853fa09c92bb8c7614bd6b8db6f2346196f0d7fda9fefc32c"", ""5e9e1da9a39820b5485653b64363e4ce09f65d2b2d08b3bf6964ab60a89ae3c1"", ""0c7e212ea350a4fe39f3af9e9d357336119435194db8a77617da955ea2669e51"", ""1ae074e473551f30ae0eedde9b89957d7054dc9585a9275b7388168e827b3913""]",[]
ambiguous,,2025-10-01,month,2025-10,MCBA,,Hortalizas,,Pimiento,,Morron,,Ctes.,,Pe,,,,Moneda interpretada como ARS por tratarse de lista local MCBA. Atributos fuente: CAL=1A; TAM=MEDIANO; GRADO=R/I.,,2896.0,,,$/kg,,ARS,False,4,,,,113964,PHOR25_K.xlsx#hoja=PHOR25_K;fila=336;C=4420;columna=K_OCTU,,C_historical_monthly_formula_unverified,probable:multiple_candidates,,,"[""1e91b080fe570ff853fa09c92bb8c7614bd6b8db6f2346196f0d7fda9fefc32c"", ""5e9e1da9a39820b5485653b64363e4ce09f65d2b2d08b3bf6964ab60a89ae3c1"", ""0c7e212ea350a4fe39f3af9e9d357336119435194db8a77617da955ea2669e51"", ""1ae074e473551f30ae0eedde9b89957d7054dc9585a9275b7388168e827b3913""]",[]
ambiguous,,2025-10-01,month,2025-10,MCBA,,Hortalizas,,Pimiento,,Morron,,Salta,,Pe,,,,Moneda interpretada como ARS por tratarse de lista local MCBA. Atributos fuente: CAL=1A; TAM=GRANDE; GRADO=V/I.,,2232.0,,,$/kg,,ARS,False,5,,,,113980,PHOR25_K.xlsx#hoja=PHOR25_K;fila=340;C=1410;columna=K_OCTU,,C_historical_monthly_formula_unverified,probable:multiple_candidates,,,"[""880e2e7825cc27edda36150c347c236c9aee408faf18373f1bb7da919ddb49d6"", ""04ca4012937a0eb9fa77476c13cd464e7b45dbe440dd73b6ee0015090e7f2bcf"", ""3f9373e69431f6aec5864adce0a16526638719710babaffcbd50dd21cf5321a6"", ""cca43ecc9dd43001863e24b3fbeaa9a3dbd213d83a2584f4dce55226653a8f66"", ""f99c7499e97a4d56139ae38856351432871c7ee7ef2666c7b0a0ab16c0e64ec1""]",[]
ambiguous,,2025-10-01,month,2025-10,MCBA,,Hortalizas,,Pimiento,,Morron,,Salta,,Pe,,,,Moneda interpretada como ARS por tratarse de lista local MCBA. Atributos fuente: CAL=1A; TAM=GRANDE; GRADO=R/I.,,4777.0,,,$/kg,,ARS,False,5,,,,113987,PHOR25_K.xlsx#hoja=PHOR25_K;fila=341;C=1667;columna=K_OCTU,,C_historical_monthly_formula_unverified,probable:multiple_candidates,,,"[""880e2e7825cc27edda36150c347c236c9aee408faf18373f1bb7da919ddb49d6"", ""04ca4012937a0eb9fa77476c13cd464e7b45dbe440dd73b6ee0015090e7f2bcf"", ""3f9373e69431f6aec5864adce0a16526638719710babaffcbd50dd21cf5321a6"", ""cca43ecc9dd43001863e24b3fbeaa9a3dbd213d83a2584f4dce55226653a8f66"", ""f99c7499e97a4d56139ae38856351432871c7ee7ef2666c7b0a0ab16c0e64ec1""]",[]
ambiguous,,2025-10-01,month,2025-10,MCBA,,Hortalizas,,Pimiento,,Morron,,Salta,,Pe,,,,Moneda interpretada como ARS por tratarse de lista local MCBA. Atributos fuente: CAL=1A; TAM=MEDIANO; GRADO=R/I.,,4154.0,,,$/kg,,ARS,False,5,,,,113995,PHOR25_K.xlsx#hoja=PHOR25_K;fila=344;C=1681;columna=K_OCTU,,C_historical_monthly_formula_unverified,probable:multiple_candidates,,,"[""880e2e7825cc27edda36150c347c236c9aee408faf18373f1bb7da919ddb49d6"", ""04ca4012937a0eb9fa77476c13cd464e7b45dbe440dd73b6ee0015090e7f2bcf"", ""3f9373e69431f6aec5864adce0a16526638719710babaffcbd50dd21cf5321a6"", ""cca43ecc9dd43001863e24b3fbeaa9a3dbd213d83a2584f4dce55226653a8f66"", ""f99c7499e97a4d56139ae38856351432871c7ee7ef2666c7b0a0ab16c0e64ec1""]",[]
ambiguous,,2025-10-01,month,2025-10,MCBA,,Hortalizas,,Pimiento,,Morron,,Salta,,Pe,,,,Moneda interpretada como ARS por tratarse de lista local MCBA. Atributos fuente: CAL=1A; TAM=MEDIANO; GRADO=V/I.,,1702.0,,,$/kg,,ARS,False,5,,,,114003,PHOR25_K.xlsx#hoja=PHOR25_K;fila=347;C=2963;columna=K_OCTU,,C_historical_monthly_formula_unverified,probable:multiple_candidates,,,"[""880e2e7825cc27edda36150c347c236c9aee408faf18373f1bb7da919ddb49d6"", ""04ca4012937a0eb9fa77476c13cd464e7b45dbe440dd73b6ee0015090e7f2bcf"", ""3f9373e69431f6aec5864adce0a16526638719710babaffcbd50dd21cf5321a6"", ""cca43ecc9dd43001863e24b3fbeaa9a3dbd213d83a2584f4dce55226653a8f66"", ""f99c7499e97a4d56139ae38856351432871c7ee7ef2666c7b0a0ab16c0e64ec1""]",[]
ambiguous,,2025-10-01,month,2025-10,MCBA,,Hortalizas,,Pimiento,,Morron,,Salta,,Pe,,,,Moneda interpretada como ARS por tratarse de lista local MCBA. Atributos fuente: CAL=1A; TAM=CHICO; GRADO=R/I.,,1683.0,,,$/kg,,ARS,False,5,,,,114006,PHOR25_K.xlsx#hoja=PHOR25_K;fila=348;C=2651;columna=K_OCTU,,C_historical_monthly_formula_unverified,probable:multiple_candidates,,,"[""880e2e7825cc27edda36150c347c236c9aee408faf18373f1bb7da919ddb49d6"", ""04ca4012937a0eb9fa77476c13cd464e7b45dbe440dd73b6ee0015090e7f2bcf"", ""3f9373e69431f6aec5864adce0a16526638719710babaffcbd50dd21cf5321a6"", ""cca43ecc9dd43001863e24b3fbeaa9a3dbd213d83a2584f4dce55226653a8f66"", ""f99c7499e97a4d56139ae38856351432871c7ee7ef2666c7b0a0ab16c0e64ec1""]",[]
ambiguous,,2025-10-01,month,2025-10,MCBA,,Hortalizas,,Repollo,,Blanco,,Bs. As.,,Ja,,,,Moneda interpretada como ARS por tratarse de lista local MCBA. Atributos fuente: CAL=1A; TAM=GRANDE.,,579.0,,,$/kg,,ARS,False,2,,,,114153,PHOR25_K.xlsx#hoja=PHOR25_K;fila=378;C=3192;columna=K_OCTU,,C_historical_monthly_formula_unverified,probable:multiple_candidates,,,"[""e08fd09093e782237f7971fd1093e47372fe6aa22e79dc2983ab8310c9e81071"", ""20efe73b6c21cb024b43d49f1ec9c0b5e9779fc5eec0eec2a25ca5040e6af3ef""]",[]
ambiguous,,2025-10-01,month,2025-10,MCBA,,Hortalizas,,Repollo,,Blanco,,Bs. As.,,Ja,,,,Moneda interpretada como ARS por tratarse de lista local MCBA. Atributos fuente: CAL=1A; TAM=MEDIANO.,,472.9,,,$/kg,,ARS,False,2,,,,114165,PHOR25_K.xlsx#hoja=PHOR25_K;fila=379;C=460001;columna=K_OCTU,,C_historical_monthly_formula_unverified,probable:multiple_candidates,,,"[""e08fd09093e782237f7971fd1093e47372fe6aa22e79dc2983ab8310c9e81071"", ""20efe73b6c21cb024b43d49f1ec9c0b5e9779fc5eec0eec2a25ca5040e6af3ef""]",[]
ambiguous,,2025-10-01,month,2025-10,MCBA,,Hortalizas,,Repollo,,Colorado,,Bs. As.,,Ja,,,,Moneda interpretada como ARS por tratarse de lista local MCBA. Atributos fuente: CAL=1A; TAM=MEDIANO.,,560.3,,,$/kg,,ARS,False,2,,,,114189,PHOR25_K.xlsx#hoja=PHOR25_K;fila=384;C=2447;columna=K_OCTU,,C_historical_monthly_formula_unverified,probable:multiple_candidates,,,"[""6f03e5693ec6afd52ff7915bd655f11c0c937da8f5a286e9dfd77fad666d1e06"", ""bbb3c3ee3ee17c06a22ca9295275e2c8082c07ac54e66b2335306fe962563567""]",[]
ambiguous,,2025-10-01,month,2025-10,MCBA,,Hortalizas,,Repollo,,Colorado,,Bs. As.,,Ja,,,,Moneda interpretada como ARS por tratarse de lista local MCBA. Atributos fuente: CAL=1A; TAM=GRANDE.,,676.5,,,$/kg,,ARS,False,2,,,,114201,PHOR25_K.xlsx#hoja=PHOR25_K;fila=385;C=3168;columna=K_OCTU,,C_historical_monthly_formula_unverified,probable:multiple_candidates,,,"[""6f03e5693ec6afd52ff7915bd655f11c0c937da8f5a286e9dfd77fad666d1e06"", ""bbb3c3ee3ee17c06a22ca9295275e2c8082c07ac54e66b2335306fe962563567""]",[]
ambiguous,,2025-10-01,month,2025-10,MCBA,,Hortalizas,,Tomate,,Cherry,,Ctes.,,Ca,,,,Moneda interpretada como ARS por tratarse de lista local MCBA. Atributos fuente: CAL=1A; TAM=MEDIANO; GRADO=P/I.,,1758.0,,,$/kg,,ARS,False,2,,,,114281,PHOR25_K.xlsx#hoja=PHOR25_K;fila=404;C=3813;columna=K_OCTU,,C_historical_monthly_formula_unverified,probable:multiple_candidates,,,"[""4a46b5eb346ba5df5ad1c842d802d9df81a684db80758d714e9577c7c98c0dc4"", ""f3261c75d7c7842c34ac932caa31d1ac99d7009c2fc2cd560d415ad24c91b256""]",[]
ambiguous,,2025-10-01,month,2025-10,MCBA,,Hortalizas,,Tomate,,Cherry,,Ctes.,,Ca,,,,Moneda interpretada como ARS por tratarse de lista local MCBA. Atributos fuente: CAL=1A; TAM=GRANDE; GRADO=P/I.,,2456.0,,,$/kg,,ARS,False,2,,,,114289,PHOR25_K.xlsx#hoja=PHOR25_K;fila=406;C=2767;columna=K_OCTU,,C_historical_monthly_formula_unverified,probable:multiple_candidates,,,"[""4a46b5eb346ba5df5ad1c842d802d9df81a684db80758d714e9577c7c98c0dc4"", ""f3261c75d7c7842c34ac932caa31d1ac99d7009c2fc2cd560d415ad24c91b256""]",[]
ambiguous,,2025-10-01,month,2025-10,MCBA,,Hortalizas,,Tomate,,Cherry,,Salta,,Ca,,,,Moneda interpretada como ARS por tratarse de lista local MCBA. Atributos fuente: CAL=1A; TAM=MEDIANO; GRADO=P/I.,,1969.0,,,$/kg,,ARS,False,3,,,,114312,PHOR25_K.xlsx#hoja=PHOR25_K;fila=412;C=2611;columna=K_OCTU,,C_historical_monthly_formula_unverified,probable:multiple_candidates,,,"[""4feda58cabb64b53e677cdb8101b0d33c89ce3f07c8e313e1392a7ef163f21b1"", ""73bf457a237aff7625eb521c0426849548b5c6a461ed772b676f80886b5d65e5"", ""78276a58201a379e4ba95953e2b25346044053b3ecd02c636ce8c0994a24d825""]",[]
ambiguous,,2025-10-01,month,2025-10,MCBA,,Hortalizas,,Tomate,,Cherry,,Salta,,Ca,,,,Moneda interpretada como ARS por tratarse de lista local MCBA. Atributos fuente: CAL=1A; TAM=GRANDE; GRADO=P/I.,,2761.0,,,$/kg,,ARS,False,3,,,,114318,PHOR25_K.xlsx#hoja=PHOR25_K;fila=413;C=3762;columna=K_OCTU,,C_historical_monthly_formula_unverified,probable:multiple_candidates,,,"[""4feda58cabb64b53e677cdb8101b0d33c89ce3f07c8e313e1392a7ef163f21b1"", ""73bf457a237aff7625eb521c0426849548b5c6a461ed772b676f80886b5d65e5"", ""78276a58201a379e4ba95953e2b25346044053b3ecd02c636ce8c0994a24d825""]",[]
ambiguous,,2025-10-01,month,2025-10,MCBA,,Hortalizas,,Tomate,,Cherry,,Salta,,Ca,,,,Moneda interpretada como ARS por tratarse de lista local MCBA. Atributos fuente: CAL=1A; TAM=CHICO; GRADO=R/I.,,1215.0,,,$/kg,,ARS,False,3,,,,114319,PHOR25_K.xlsx#hoja=PHOR25_K;fila=414;C=2746;columna=K_OCTU,,C_historical_monthly_formula_unverified,probable:multiple_candidates,,,"[""4feda58cabb64b53e677cdb8101b0d33c89ce3f07c8e313e1392a7ef163f21b1"", ""73bf457a237aff7625eb521c0426849548b5c6a461ed772b676f80886b5d65e5"", ""78276a58201a379e4ba95953e2b25346044053b3ecd02c636ce8c0994a24d825""]",[]
ambiguous,,2025-10-01,month,2025-10,MCBA,,Hortalizas,,Tomate,,Perita,,Salta,,Pe,,,,Moneda interpretada como ARS por tratarse de lista local MCBA. Atributos fuente: CAL=1A; TAM=MEDIANO; GRADO=P/I.,,1898.0,,,$/kg,,ARS,False,4,,,,114411,PHOR25_K.xlsx#hoja=PHOR25_K;fila=439;C=1687;columna=K_OCTU,,C_historical_monthly_formula_unverified,probable:multiple_candidates,,,"[""06715b3aba89b81aeeec50f3986504337dbb23beac0d3428b81a4fccf70a1a95"", ""65e01fa101a3fd4aaffd2362fcec6462ba2d4ec69a7934a3b6faf246cab30edd"", ""2364ae1437f122bc5ca8632a987e9d7bb556c3fb9326185e3d7acfcc5b7eef1c"", ""ed53169645a36cfad6518826f4974dda477a4acd4826e03722244950972917f8""]",[]
ambiguous,,2025-10-01,month,2025-10,MCBA,,Hortalizas,,Tomate,,Perita,,Salta,,Pe,,,,Moneda interpretada como ARS por tratarse de lista local MCBA. Atributos fuente: CAL=1A; TAM=GRANDE; GRADO=P/I.,,2217.0,,,$/kg,,ARS,False,4,,,,114417,PHOR25_K.xlsx#hoja=PHOR25_K;fila=440;C=1686;columna=K_OCTU,,C_historical_monthly_formula_unverified,probable:multiple_candidates,,,"[""06715b3aba89b81aeeec50f3986504337dbb23beac0d3428b81a4fccf70a1a95"", ""65e01fa101a3fd4aaffd2362fcec6462ba2d4ec69a7934a3b6faf246cab30edd"", ""2364ae1437f122bc5ca8632a987e9d7bb556c3fb9326185e3d7acfcc5b7eef1c"", ""ed53169645a36cfad6518826f4974dda477a4acd4826e03722244950972917f8""]",[]
ambiguous,,2025-10-01,month,2025-10,MCBA,,Hortalizas,,Tomate,,Perita,,Salta,,Pe,,,,Moneda interpretada como ARS por tratarse de lista local MCBA. Atributos fuente: CAL=2A; TAM=MEDIANO; GRADO=ROJ.,,816.0,,,$/kg,,ARS,False,4,,,,114424,PHOR25_K.xlsx#hoja=PHOR25_K;fila=443;C=3579;columna=K_OCTU,,C_historical_monthly_formula_unverified,probable:multiple_candidates,,,"[""06715b3aba89b81aeeec50f3986504337dbb23beac0d3428b81a4fccf70a1a95"", ""65e01fa101a3fd4aaffd2362fcec6462ba2d4ec69a7934a3b6faf246cab30edd"", ""2364ae1437f122bc5ca8632a987e9d7bb556c3fb9326185e3d7acfcc5b7eef1c"", ""ed53169645a36cfad6518826f4974dda477a4acd4826e03722244950972917f8""]",[]
ambiguous,,2025-10-01,month,2025-10,MCBA,,Hortalizas,,Tomate,,Perita,,Salta,,To,,,,Moneda interpretada como ARS por tratarse de lista local MCBA. Atributos fuente: CAL=1A; TAM=GRANDE; GRADO=PIN.,,1499.0,,,$/kg,,ARS,False,2,,,,114427,PHOR25_K.xlsx#hoja=PHOR25_K;fila=444;C=3763;columna=K_OCTU,,C_historical_monthly_formula_unverified,probable:multiple_candidates,,,"[""35c5848f2e057b736849c7df26c6dd19f347830ab7ebf988c4062c6c4847823e"", ""43a4787ee7083d60d526e1ed2ced630a91b70c081f5e918c85ed6a9f83d9f5e3""]",[]
ambiguous,,2025-10-01,month,2025-10,MCBA,,Hortalizas,,Tomate,,Perita,,Salta,,Pe,,,,Moneda interpretada como ARS por tratarse de lista local MCBA. Atributos fuente: CAL=2A; TAM=MEDIANO; GRADO=PIN.,,916.0,,,$/kg,,ARS,False,4,,,,114431,PHOR25_K.xlsx#hoja=PHOR25_K;fila=445;C=3828;columna=K_OCTU,,C_historical_monthly_formula_unverified,probable:multiple_candidates,,,"[""06715b3aba89b81aeeec50f3986504337dbb23beac0d3428b81a4fccf70a1a95"", ""65e01fa101a3fd4aaffd2362fcec6462ba2d4ec69a7934a3b6faf246cab30edd"", ""2364ae1437f122bc5ca8632a987e9d7bb556c3fb9326185e3d7acfcc5b7eef1c"", ""ed53169645a36cfad6518826f4974dda477a4acd4826e03722244950972917f8""]",[]
ambiguous,,2025-10-01,month,2025-10,MCBA,,Hortalizas,,Tomate,,Perita,,Salta,,To,,,,Moneda interpretada como ARS por tratarse de lista local MCBA. Atributos fuente: CAL=1A; TAM=MEDIANO; GRADO=PIN.,,1205.0,,,$/kg,,ARS,False,2,,,,114435,PHOR25_K.xlsx#hoja=PHOR25_K;fila=446;C=4002;columna=K_OCTU,,C_historical_monthly_formula_unverified,probable:multiple_candidates,,,"[""35c5848f2e057b736849c7df26c6dd19f347830ab7ebf988c4062c6c4847823e"", ""43a4787ee7083d60d526e1ed2ced630a91b70c081f5e918c85ed6a9f83d9f5e3""]",[]
ambiguous,,2025-10-01,month,2025-10,MCBA,,Hortalizas,,Tomate,,Redondo,,Bs. As.,,To,,,,Moneda interpretada como ARS por tratarse de lista local MCBA. Atributos fuente: CAL=1A; TAM=GRANDE; GRADO=P/I.,,1614.0,,,$/kg,,ARS,False,3,,,,114447,PHOR25_K.xlsx#hoja=PHOR25_K;fila=451;C=2273;columna=K_OCTU,,C_historical_monthly_formula_unverified,probable:multiple_candidates,,,"[""aabdd7b63e0f1cec7926d4a38e8756983a03a1afd30ab0c75819bea185c7259e"", ""60b13060e0ad2bc3bde8bc33181e6768b62c52cee0c6b9ed935b5c136397ae5a"", ""5624eb75af5a646b0eb32314faabbc21b62785d1cc02c8d3dba2a58861d04bcb""]",[]
ambiguous,,2025-10-01,month,2025-10,MCBA,,Hortalizas,,Tomate,,Redondo,,Bs. As.,,To,,,,Moneda interpretada como ARS por tratarse de lista local MCBA. Atributos fuente: CAL=1A; TAM=MEDIANO; GRADO=P/I.,,1516.0,,,$/kg,,ARS,False,3,,,,114456,PHOR25_K.xlsx#hoja=PHOR25_K;fila=452;C=2274;columna=K_OCTU,,C_historical_monthly_formula_unverified,probable:multiple_candidates,,,"[""aabdd7b63e0f1cec7926d4a38e8756983a03a1afd30ab0c75819bea185c7259e"", ""60b13060e0ad2bc3bde8bc33181e6768b62c52cee0c6b9ed935b5c136397ae5a"", ""5624eb75af5a646b0eb32314faabbc21b62785d1cc02c8d3dba2a58861d04bcb""]",[]
ambiguous,,2025-10-01,month,2025-10,MCBA,,Hortalizas,,Tomate,,Redondo,,Bs. As.,,To,,,,Moneda interpretada como ARS por tratarse de lista local MCBA. Atributos fuente: CAL=1A; TAM=CHICO; GRADO=P/I.,,592.2,,,$/kg,,ARS,False,3,,,,114462,PHOR25_K.xlsx#hoja=PHOR25_K;fila=453;C=2276;columna=K_OCTU,,C_historical_monthly_formula_unverified,probable:multiple_candidates,,,"[""aabdd7b63e0f1cec7926d4a38e8756983a03a1afd30ab0c75819bea185c7259e"", ""60b13060e0ad2bc3bde8bc33181e6768b62c52cee0c6b9ed935b5c136397ae5a"", ""5624eb75af5a646b0eb32314faabbc21b62785d1cc02c8d3dba2a58861d04bcb""]",[]
ambiguous,,2025-10-01,month,2025-10,MCBA,,Hortalizas,,Tomate,,Redondo,,Chile,,Pe,,,,Moneda interpretada como ARS por tratarse de lista local MCBA. Atributos fuente: CAL=1A; TAM=GRANDE; GRADO=R/I.,,2269.0,,,$/kg,,ARS,False,2,,,,114489,PHOR25_K.xlsx#hoja=PHOR25_K;fila=458;C=4416;columna=K_OCTU,,C_historical_monthly_formula_unverified,probable:multiple_candidates,,,"[""b0d8447bec9db0738ffef1aff4b215835cf824ac1554cd60c72f66e6d14bfc01"", ""bb9fd4567b44c55564ebe4a8aee59da16113e276acae72c33964f9f2632ddfb1""]",[]
ambiguous,,2025-10-01,month,2025-10,MCBA,,Hortalizas,,Tomate,,Redondo,,Chile,,Pe,,,,Moneda interpretada como ARS por tratarse de lista local MCBA. Atributos fuente: CAL=2A; TAM=GRANDE; GRADO=R/I.,,1556.0,,,$/kg,,ARS,False,2,,,,114494,PHOR25_K.xlsx#hoja=PHOR25_K;fila=460;C=4552;columna=K_OCTU,,C_historical_monthly_formula_unverified,probable:multiple_candidates,,,"[""b0d8447bec9db0738ffef1aff4b215835cf824ac1554cd60c72f66e6d14bfc01"", ""bb9fd4567b44c55564ebe4a8aee59da16113e276acae72c33964f9f2632ddfb1""]",[]
ambiguous,,2025-10-01,month,2025-10,MCBA,,Hortalizas,,Tomate,,Redondo,,Ctes.,,Pe,,,,Moneda interpretada como ARS por tratarse de lista local MCBA. Atributos fuente: CAL=1A; TAM=GRANDE; GRADO=P/I.,,1676.0,,,$/kg,,ARS,False,8,,,,114518,PHOR25_K.xlsx#hoja=PHOR25_K;fila=469;C=4530;columna=K_OCTU,,C_historical_monthly_formula_unverified,probable:multiple_candidates,,,"[""b30355ed4688badb3136f0397fc2ce5a17a96dca69b099eda38dcf437b89b304"", ""a103c558d079ae60672e6f16395ece4d0474a61f1f6fdf6c93be334b49df0f05"", ""3d6bf23909a31eb87a4e697637118a3cb7d0c47f2ba5d3728bfa8bc948c3087a"", ""b48d0a187d515aed072e2a4cdfa3deb4f6d753dac30eea16a0e68af0cf949aa1"", ""5fcafd00f258b24cf87271c09a893a3dfd3131e45ea1062b023617d0bfe44933"", ""7575c9ead0640d80402982c07ea8897a7131d7aaf3c069c11d08415fad8658ad"", ""cf9d765553b960f9c1a8c2f6de775477f5c3f077e30688bf3bbea01d252b6606"", ""011eb05cab98311041ac08992d843530088a8da443f2ae2b73a52a73b801ea65""]",[]
ambiguous,,2025-10-01,month,2025-10,MCBA,,Hortalizas,,Tomate,,Redondo,,Ctes.,,Pe,,,,Moneda interpretada como ARS por tratarse de lista local MCBA. Atributos fuente: CAL=1A; TAM=MEDIANO; GRADO=P/I.,,1361.0,,,$/kg,,ARS,False,8,,,,114523,PHOR25_K.xlsx#hoja=PHOR25_K;fila=470;C=4531;columna=K_OCTU,,C_historical_monthly_formula_unverified,probable:multiple_candidates,,,"[""b30355ed4688badb3136f0397fc2ce5a17a96dca69b099eda38dcf437b89b304"", ""a103c558d079ae60672e6f16395ece4d0474a61f1f6fdf6c93be334b49df0f05"", ""3d6bf23909a31eb87a4e697637118a3cb7d0c47f2ba5d3728bfa8bc948c3087a"", ""b48d0a187d515aed072e2a4cdfa3deb4f6d753dac30eea16a0e68af0cf949aa1"", ""5fcafd00f258b24cf87271c09a893a3dfd3131e45ea1062b023617d0bfe44933"", ""7575c9ead0640d80402982c07ea8897a7131d7aaf3c069c11d08415fad8658ad"", ""cf9d765553b960f9c1a8c2f6de775477f5c3f077e30688bf3bbea01d252b6606"", ""011eb05cab98311041ac08992d843530088a8da443f2ae2b73a52a73b801ea65""]",[]
ambiguous,,2025-10-01,month,2025-10,MCBA,,Hortalizas,,Tomate,,Redondo,,Ctes.,,Pe,,,,Moneda interpretada como ARS por tratarse de lista local MCBA. Atributos fuente: CAL=2A; TAM=MEDIANO; GRADO=P/I.,,935.0,,,$/kg,,ARS,False,8,,,,114528,PHOR25_K.xlsx#hoja=PHOR25_K;fila=471;C=4532;columna=K_OCTU,,C_historical_monthly_formula_unverified,probable:multiple_candidates,,,"[""b30355ed4688badb3136f0397fc2ce5a17a96dca69b099eda38dcf437b89b304"", ""a103c558d079ae60672e6f16395ece4d0474a61f1f6fdf6c93be334b49df0f05"", ""3d6bf23909a31eb87a4e697637118a3cb7d0c47f2ba5d3728bfa8bc948c3087a"", ""b48d0a187d515aed072e2a4cdfa3deb4f6d753dac30eea16a0e68af0cf949aa1"", ""5fcafd00f258b24cf87271c09a893a3dfd3131e45ea1062b023617d0bfe44933"", ""7575c9ead0640d80402982c07ea8897a7131d7aaf3c069c11d08415fad8658ad"", ""cf9d765553b960f9c1a8c2f6de775477f5c3f077e30688bf3bbea01d252b6606"", ""011eb05cab98311041ac08992d843530088a8da443f2ae2b73a52a73b801ea65""]",[]
ambiguous,,2025-10-01,month,2025-10,MCBA,,Hortalizas,,Tomate,,Redondo,,Ctes.,,Pe,,,,Moneda interpretada como ARS por tratarse de lista local MCBA. Atributos fuente: CAL=2A; TAM=GRANDE; GRADO=P/I.,,1187.0,,,$/kg,,ARS,False,8,,,,114532,PHOR25_K.xlsx#hoja=PHOR25_K;fila=472;C=4536;columna=K_OCTU,,C_historical_monthly_formula_unverified,probable:multiple_candidates,,,"[""b30355ed4688badb3136f0397fc2ce5a17a96dca69b099eda38dcf437b89b304"", ""a103c558d079ae60672e6f16395ece4d0474a61f1f6fdf6c93be334b49df0f05"", ""3d6bf23909a31eb87a4e697637118a3cb7d0c47f2ba5d3728bfa8bc948c3087a"", ""b48d0a187d515aed072e2a4cdfa3deb4f6d753dac30eea16a0e68af0cf949aa1"", ""5fcafd00f258b24cf87271c09a893a3dfd3131e45ea1062b023617d0bfe44933"", ""7575c9ead0640d80402982c07ea8897a7131d7aaf3c069c11d08415fad8658ad"", ""cf9d765553b960f9c1a8c2f6de775477f5c3f077e30688bf3bbea01d252b6606"", ""011eb05cab98311041ac08992d843530088a8da443f2ae2b73a52a73b801ea65""]",[]
ambiguous,,2025-10-01,month,2025-10,MCBA,,Hortalizas,,Tomate,,Redondo,,Ctes.,,Pe,,,,Moneda interpretada como ARS por tratarse de lista local MCBA. Atributos fuente: CAL=1A; TAM=MEDIANO; GRADO=R/I.,,1192.0,,,$/kg,,ARS,False,8,,,,114534,PHOR25_K.xlsx#hoja=PHOR25_K;fila=473;C=4543;columna=K_OCTU,,C_historical_monthly_formula_unverified,probable:multiple_candidates,,,"[""b30355ed4688badb3136f0397fc2ce5a17a96dca69b099eda38dcf437b89b304"", ""a103c558d079ae60672e6f16395ece4d0474a61f1f6fdf6c93be334b49df0f05"", ""3d6bf23909a31eb87a4e697637118a3cb7d0c47f2ba5d3728bfa8bc948c3087a"", ""b48d0a187d515aed072e2a4cdfa3deb4f6d753dac30eea16a0e68af0cf949aa1"", ""5fcafd00f258b24cf87271c09a893a3dfd3131e45ea1062b023617d0bfe44933"", ""7575c9ead0640d80402982c07ea8897a7131d7aaf3c069c11d08415fad8658ad"", ""cf9d765553b960f9c1a8c2f6de775477f5c3f077e30688bf3bbea01d252b6606"", ""011eb05cab98311041ac08992d843530088a8da443f2ae2b73a52a73b801ea65""]",[]
ambiguous,,2025-10-01,month,2025-10,MCBA,,Hortalizas,,Tomate,,Redondo,,Ctes.,,Pe,,,,Moneda interpretada como ARS por tratarse de lista local MCBA. Atributos fuente: CAL=2A; TAM=MEDIANO; GRADO=R/I.,,767.0,,,$/kg,,ARS,False,8,,,,114536,PHOR25_K.xlsx#hoja=PHOR25_K;fila=474;C=4548;columna=K_OCTU,,C_historical_monthly_formula_unverified,probable:multiple_candidates,,,"[""b30355ed4688badb3136f0397fc2ce5a17a96dca69b099eda38dcf437b89b304"", ""a103c558d079ae60672e6f16395ece4d0474a61f1f6fdf6c93be334b49df0f05"", ""3d6bf23909a31eb87a4e697637118a3cb7d0c47f2ba5d3728bfa8bc948c3087a"", ""b48d0a187d515aed072e2a4cdfa3deb4f6d753dac30eea16a0e68af0cf949aa1"", ""5fcafd00f258b24cf87271c09a893a3dfd3131e45ea1062b023617d0bfe44933"", ""7575c9ead0640d80402982c07ea8897a7131d7aaf3c069c11d08415fad8658ad"", ""cf9d765553b960f9c1a8c2f6de775477f5c3f077e30688bf3bbea01d252b6606"", ""011eb05cab98311041ac08992d843530088a8da443f2ae2b73a52a73b801ea65""]",[]
ambiguous,,2025-10-01,month,2025-10,MCBA,,Hortalizas,,Tomate,,Redondo,,Ctes.,,Pe,,,,Moneda interpretada como ARS por tratarse de lista local MCBA. Atributos fuente: CAL=2A; TAM=CHICO; GRADO=P/I.,,653.3,,,$/kg,,ARS,False,8,,,,114539,PHOR25_K.xlsx#hoja=PHOR25_K;fila=475;C=4553;columna=K_OCTU,,C_historical_monthly_formula_unverified,probable:multiple_candidates,,,"[""b30355ed4688badb3136f0397fc2ce5a17a96dca69b099eda38dcf437b89b304"", ""a103c558d079ae60672e6f16395ece4d0474a61f1f6fdf6c93be334b49df0f05"", ""3d6bf23909a31eb87a4e697637118a3cb7d0c47f2ba5d3728bfa8bc948c3087a"", ""b48d0a187d515aed072e2a4cdfa3deb4f6d753dac30eea16a0e68af0cf949aa1"", ""5fcafd00f258b24cf87271c09a893a3dfd3131e45ea1062b023617d0bfe44933"", ""7575c9ead0640d80402982c07ea8897a7131d7aaf3c069c11d08415fad8658ad"", ""cf9d765553b960f9c1a8c2f6de775477f5c3f077e30688bf3bbea01d252b6606"", ""011eb05cab98311041ac08992d843530088a8da443f2ae2b73a52a73b801ea65""]",[]
ambiguous,,2025-10-01,month,2025-10,MCBA,,Hortalizas,,Tomate,,Redondo,,Salta,,Pe,,,,Moneda interpretada como ARS por tratarse de lista local MCBA. Atributos fuente: CAL=1A; TAM=MEDIANO; GRADO=P/I.,,1587.0,,,$/kg,,ARS,False,6,,,,114602,PHOR25_K.xlsx#hoja=PHOR25_K;fila=494;C=2025;columna=K_OCTU,,C_historical_monthly_formula_unverified,probable:multiple_candidates,,,"[""1dab6b75620365c1412fe18a338f0aa0c0e6881810b438cfd651d671f2dddafe"", ""a0d2934787a51c81d4bd79fd6c89c08ca98df6de034d132d14a5c56fef8f37ec"", ""9cff799a905c00c94045a53424f6809ab5ed53ddecfb95ce0f3556dfece9c899"", ""d66e7d783c2ca0c228f011605dda53b21f33c73b999fcb24e6d15930af3894d8"", ""a966419048aaec6c002cd73b85e5970c285c2bff86045d249bdefef4f68fda10"", ""ed05604dc51e83e28b7dd4b9b0b9f1becce40147edbdcb7d2124e8e2390c4304""]",[]
ambiguous,,2025-10-01,month,2025-10,MCBA,,Hortalizas,,Tomate,,Redondo,,Salta,,Pe,,,,Moneda interpretada como ARS por tratarse de lista local MCBA. Atributos fuente: CAL=1A; TAM=GRANDE; GRADO=P/I.,,1872.0,,,$/kg,,ARS,False,6,,,,114608,PHOR25_K.xlsx#hoja=PHOR25_K;fila=495;C=2024;columna=K_OCTU,,C_historical_monthly_formula_unverified,probable:multiple_candidates,,,"[""1dab6b75620365c1412fe18a338f0aa0c0e6881810b438cfd651d671f2dddafe"", ""a0d2934787a51c81d4bd79fd6c89c08ca98df6de034d132d14a5c56fef8f37ec"", ""9cff799a905c00c94045a53424f6809ab5ed53ddecfb95ce0f3556dfece9c899"", ""d66e7d783c2ca0c228f011605dda53b21f33c73b999fcb24e6d15930af3894d8"", ""a966419048aaec6c002cd73b85e5970c285c2bff86045d249bdefef4f68fda10"", ""ed05604dc51e83e28b7dd4b9b0b9f1becce40147edbdcb7d2124e8e2390c4304""]",[]
ambiguous,,2025-10-01,month,2025-10,MCBA,,Hortalizas,,Tomate,,Redondo,,Salta,,Pe,,,,Moneda interpretada como ARS por tratarse de lista local MCBA. Atributos fuente: CAL=1A; TAM=GRANDE; GRADO=PIN.,,1202.0,,,$/kg,,ARS,False,6,,,,114613,PHOR25_K.xlsx#hoja=PHOR25_K;fila=496;C=2197;columna=K_OCTU,,C_historical_monthly_formula_unverified,probable:multiple_candidates,,,"[""1dab6b75620365c1412fe18a338f0aa0c0e6881810b438cfd651d671f2dddafe"", ""a0d2934787a51c81d4bd79fd6c89c08ca98df6de034d132d14a5c56fef8f37ec"", ""9cff799a905c00c94045a53424f6809ab5ed53ddecfb95ce0f3556dfece9c899"", ""d66e7d783c2ca0c228f011605dda53b21f33c73b999fcb24e6d15930af3894d8"", ""a966419048aaec6c002cd73b85e5970c285c2bff86045d249bdefef4f68fda10"", ""ed05604dc51e83e28b7dd4b9b0b9f1becce40147edbdcb7d2124e8e2390c4304""]",[]
ambiguous,,2025-10-01,month,2025-10,MCBA,,Hortalizas,,Tomate,,Redondo,,Salta,,Pe,,,,Moneda interpretada como ARS por tratarse de lista local MCBA. Atributos fuente: CAL=1A; TAM=MEDIANO; GRADO=PIN.,,1015.0,,,$/kg,,ARS,False,6,,,,114617,PHOR25_K.xlsx#hoja=PHOR25_K;fila=497;C=2198;columna=K_OCTU,,C_historical_monthly_formula_unverified,probable:multiple_candidates,,,"[""1dab6b75620365c1412fe18a338f0aa0c0e6881810b438cfd651d671f2dddafe"", ""a0d2934787a51c81d4bd79fd6c89c08ca98df6de034d132d14a5c56fef8f37ec"", ""9cff799a905c00c94045a53424f6809ab5ed53ddecfb95ce0f3556dfece9c899"", ""d66e7d783c2ca0c228f011605dda53b21f33c73b999fcb24e6d15930af3894d8"", ""a966419048aaec6c002cd73b85e5970c285c2bff86045d249bdefef4f68fda10"", ""ed05604dc51e83e28b7dd4b9b0b9f1becce40147edbdcb7d2124e8e2390c4304""]",[]
ambiguous,,2025-10-01,month,2025-10,MCBA,,Hortalizas,,Tomate,,Redondo,,Salta,,Pe,,,,Moneda interpretada como ARS por tratarse de lista local MCBA. Atributos fuente: CAL=2A; TAM=MEDIANO; GRADO=ROJ.,,655.4,,,$/kg,,ARS,False,6,,,,114621,PHOR25_K.xlsx#hoja=PHOR25_K;fila=498;C=2303;columna=K_OCTU,,C_historical_monthly_formula_unverified,probable:multiple_candidates,,,"[""1dab6b75620365c1412fe18a338f0aa0c0e6881810b438cfd651d671f2dddafe"", ""a0d2934787a51c81d4bd79fd6c89c08ca98df6de034d132d14a5c56fef8f37ec"", ""9cff799a905c00c94045a53424f6809ab5ed53ddecfb95ce0f3556dfece9c899"", ""d66e7d783c2ca0c228f011605dda53b21f33c73b999fcb24e6d15930af3894d8"", ""a966419048aaec6c002cd73b85e5970c285c2bff86045d249bdefef4f68fda10"", ""ed05604dc51e83e28b7dd4b9b0b9f1becce40147edbdcb7d2124e8e2390c4304""]",[]
ambiguous,,2025-10-01,month,2025-10,MCBA,,Hortalizas,,Tomate,,Redondo,,Salta,,Pe,,,,Moneda interpretada como ARS por tratarse de lista local MCBA. Atributos fuente: CAL=2A; TAM=MEDIANO; GRADO=PIN.,,769.8,,,$/kg,,ARS,False,6,,,,114623,PHOR25_K.xlsx#hoja=PHOR25_K;fila=499;C=2241;columna=K_OCTU,,C_historical_monthly_formula_unverified,probable:multiple_candidates,,,"[""1dab6b75620365c1412fe18a338f0aa0c0e6881810b438cfd651d671f2dddafe"", ""a0d2934787a51c81d4bd79fd6c89c08ca98df6de034d132d14a5c56fef8f37ec"", ""9cff799a905c00c94045a53424f6809ab5ed53ddecfb95ce0f3556dfece9c899"", ""d66e7d783c2ca0c228f011605dda53b21f33c73b999fcb24e6d15930af3894d8"", ""a966419048aaec6c002cd73b85e5970c285c2bff86045d249bdefef4f68fda10"", ""ed05604dc51e83e28b7dd4b9b0b9f1becce40147edbdcb7d2124e8e2390c4304""]",[]
ambiguous,,2025-10-01,month,2025-10,MCBA,,Hortalizas,,Zanahoria,,Chantenay,,Mendoza,,Bo,,,,Moneda interpretada como ARS por tratarse de lista local MCBA. Atributos fuente: CAL=1A; TAM=MEDIANO.,,425.6,,,$/kg,,ARS,False,1,,,,114670,PHOR25_K.xlsx#hoja=PHOR25_K;fila=510;C=1455;columna=K_OCTU,,C_historical_monthly_formula_unverified,probable:multiple_candidates,,,"[""c70e148e0167a7aca70704ba17437b5f50dc0c94c8c519dd2fa5d2ce180be666""]",[]
ambiguous,,2025-10-01,month,2025-10,MCBA,,Hortalizas,,Zanahoria,,Chantenay,,Mendoza,,Bo,,,,Moneda interpretada como ARS por tratarse de lista local MCBA. Atributos fuente: CAL=1A; TAM=MEDIANO.,,492.2,,,$/kg,,ARS,False,1,,,,114682,PHOR25_K.xlsx#hoja=PHOR25_K;fila=511;C=2476;columna=K_OCTU,,C_historical_monthly_formula_unverified,probable:multiple_candidates,,,"[""c70e148e0167a7aca70704ba17437b5f50dc0c94c8c519dd2fa5d2ce180be666""]",[]
ambiguous,,2025-10-01,month,2025-10,MCBA,,Hortalizas,,Zapallito,,Largo,,Salta,,To,,,,Moneda interpretada como ARS por tratarse de lista local MCBA. Atributos fuente: CAL=1A; TAM=MEDIANO.,,673.2,,,$/kg,,ARS,False,2,,,,114735,PHOR25_K.xlsx#hoja=PHOR25_K;fila=525;C=1100;columna=K_OCTU,,C_historical_monthly_formula_unverified,probable:multiple_candidates,,,"[""74a980a1ec73dd9b19e0298584b49dc7a8f785230ae57eb051a1defc7c1df31e"", ""9f44287960cb82318717201a3f0dbb224d10465c9747487f1e2d9d4c931555f0""]",[]
ambiguous,,2025-10-01,month,2025-10,MCBA,,Hortalizas,,Zapallito,,Largo,,Salta,,To,,,,Moneda interpretada como ARS por tratarse de lista local MCBA. Atributos fuente: CAL=2A; TAM=MEDIANO.,,395.5,,,$/kg,,ARS,False,2,,,,114738,PHOR25_K.xlsx#hoja=PHOR25_K;fila=526;C=1753;columna=K_OCTU,,C_historical_monthly_formula_unverified,probable:multiple_candidates,,,"[""74a980a1ec73dd9b19e0298584b49dc7a8f785230ae57eb051a1defc7c1df31e"", ""9f44287960cb82318717201a3f0dbb224d10465c9747487f1e2d9d4c931555f0""]",[]
ambiguous,,2025-10-01,month,2025-10,MCBA,,Hortalizas,,Zapallito,,Redondo,,Salta,,To,,,,Moneda interpretada como ARS por tratarse de lista local MCBA. Atributos fuente: CAL=1A; TAM=MEDIANO; GRADO=INV.,,584.2,,,$/kg,,ARS,False,3,,,,114793,PHOR25_K.xlsx#hoja=PHOR25_K;fila=539;C=3913;columna=K_OCTU,,C_historical_monthly_formula_unverified,probable:multiple_candidates,,,"[""44932d197bb73c212d8c9d7b1e3e4d246a4d7f25469e2562a0c6f214c8d2ca17"", ""ddd37537e680c4127478d39c21c0e77ec5ef2be0c000145db65b8eab65bccf69"", ""383301d9a041f993f2527c37ecd776b129d10c3033d6025017bcdf337c1bccb6""]",[]
ambiguous,,2025-10-01,month,2025-10,MCBA,,Hortalizas,,Zapallito,,Redondo,,Salta,,To,,,,Moneda interpretada como ARS por tratarse de lista local MCBA. Atributos fuente: CAL=1A; TAM=MEDIANO.,,455.7,,,$/kg,,ARS,False,3,,,,114800,PHOR25_K.xlsx#hoja=PHOR25_K;fila=540;C=580002;columna=K_OCTU,,C_historical_monthly_formula_unverified,probable:multiple_candidates,,,"[""44932d197bb73c212d8c9d7b1e3e4d246a4d7f25469e2562a0c6f214c8d2ca17"", ""ddd37537e680c4127478d39c21c0e77ec5ef2be0c000145db65b8eab65bccf69"", ""383301d9a041f993f2527c37ecd776b129d10c3033d6025017bcdf337c1bccb6""]",[]
ambiguous,,2025-10-01,month,2025-10,MCBA,,Hortalizas,,Zapallito,,Redondo,,Salta,,To,,,,Moneda interpretada como ARS por tratarse de lista local MCBA. Atributos fuente: CAL=2A; TAM=MEDIANO.,,341.2,,,$/kg,,ARS,False,3,,,,114804,PHOR25_K.xlsx#hoja=PHOR25_K;fila=541;C=1149;columna=K_OCTU,,C_historical_monthly_formula_unverified,probable:multiple_candidates,,,"[""44932d197bb73c212d8c9d7b1e3e4d246a4d7f25469e2562a0c6f214c8d2ca17"", ""ddd37537e680c4127478d39c21c0e77ec5ef2be0c000145db65b8eab65bccf69"", ""383301d9a041f993f2527c37ecd776b129d10c3033d6025017bcdf337c1bccb6""]",[]
ambiguous,,2025-10-01,month,2025-10,MCBA,,Hortalizas,,Zapallo,,Tetsukab.,,Salta,,Bo,,,,Moneda interpretada como ARS por tratarse de lista local MCBA. Atributos fuente: CAL=1A; TAM=GRANDE.,,732.5,,,$/kg,,ARS,False,2,,,,114939,PHOR25_K.xlsx#hoja=PHOR25_K;fila=577;C=2719;columna=K_OCTU,,C_historical_monthly_formula_unverified,probable:multiple_candidates,,,"[""2ba5ac7d9580683af2a9ac37a26e1bfdd3067b0c787863769dd87faab44e9730"", ""cda4080da9a6f8c9d320f19dfe5403777f8fc22f8ca6c281eb8cd747b983e47b""]",[]
ambiguous,,2025-10-01,month,2025-10,MCBA,,Hortalizas,,Zapallo,,Tetsukab.,,Salta,,Bo,,,,Moneda interpretada como ARS por tratarse de lista local MCBA. Atributos fuente: CAL=1A; TAM=MEDIANO.,,639.2,,,$/kg,,ARS,False,2,,,,114943,PHOR25_K.xlsx#hoja=PHOR25_K;fila=578;C=4469;columna=K_OCTU,,C_historical_monthly_formula_unverified,probable:multiple_candidates,,,"[""2ba5ac7d9580683af2a9ac37a26e1bfdd3067b0c787863769dd87faab44e9730"", ""cda4080da9a6f8c9d320f19dfe5403777f8fc22f8ca6c281eb8cd747b983e47b""]",[]
ambiguous,,2025-10-01,month,2025-10,MCBA,,Frutas,,Banana,,Cavendish,,Ecuador,,Ca,,,,Moneda interpretada como ARS por tratarse de lista local MCBA. Atributos fuente: CAL=EL; TAM=GRANDE.,,2001.0,,,$/kg,,ARS,False,2,,,,115046,PFRU25_K.xlsx#hoja=PFRU25_K;fila=24;C=30053;columna=K_OCTU,,C_historical_monthly_formula_unverified,probable:multiple_candidates,,,"[""f5730cf9da0b88d84a31f9d486c7cd38ec4926e2c8233aa061b756b25c52816d"", ""b4c6978f104879eb29bec967d5b373593089ecbeffcc1057be13d08b14ef744d""]",[]
ambiguous,,2025-10-01,month,2025-10,MCBA,,Frutas,,Banana,,Cavendish,,Ecuador,,Ca,,,,Moneda interpretada como ARS por tratarse de lista local MCBA. Atributos fuente: CAL=EL; TAM=MEDIANO.,,1766.0,,,$/kg,,ARS,False,2,,,,115058,PFRU25_K.xlsx#hoja=PFRU25_K;fila=25;C=5934;columna=K_OCTU,,C_historical_monthly_formula_unverified,probable:multiple_candidates,,,"[""f5730cf9da0b88d84a31f9d486c7cd38ec4926e2c8233aa061b756b25c52816d"", ""b4c6978f104879eb29bec967d5b373593089ecbeffcc1057be13d08b14ef744d""]",[]
ambiguous,,2025-10-01,month,2025-10,MCBA,,Frutas,,Banana,,Nanika,,Salta,,Ca,,,,Moneda interpretada como ARS por tratarse de lista local MCBA. Atributos fuente: CAL=EL; TAM=MEDIANO.,,1292.0,,,$/kg,,ARS,False,2,,,,115107,PFRU25_K.xlsx#hoja=PFRU25_K;fila=38;C=6455;columna=K_OCTU,,C_historical_monthly_formula_unverified,probable:multiple_candidates,,,"[""76b61ecd3f1fb0d27f0feaa2746d7e5281c09c27b116e758e42cbbe520cd443f"", ""889243c8bae7d9a49829660cfa88edc9e8bf0c20f2f6f1962743f976b0745b13""]",[]
ambiguous,,2025-10-01,month,2025-10,MCBA,,Frutas,,Banana,,Nanika,,Salta,,Ca,,,,Moneda interpretada como ARS por tratarse de lista local MCBA. Atributos fuente: CAL=EL; TAM=GRANDE.,,1612.0,,,$/kg,,ARS,False,2,,,,115110,PFRU25_K.xlsx#hoja=PFRU25_K;fila=39;C=6517;columna=K_OCTU,,C_historical_monthly_formula_unverified,probable:multiple_candidates,,,"[""76b61ecd3f1fb0d27f0feaa2746d7e5281c09c27b116e758e42cbbe520cd443f"", ""889243c8bae7d9a49829660cfa88edc9e8bf0c20f2f6f1962743f976b0745b13""]",[]
ambiguous,,2025-10-01,month,2025-10,MCBA,,Frutas,,Durazno,,Opedepe,,Jujuy,,Ca,,,,Moneda interpretada como ARS por tratarse de lista local MCBA. Atributos fuente: CAL=EL; TAM=GRANDE.,,6651.0,,,$/kg,,ARS,False,2,,,,115382,PFRU25_K.xlsx#hoja=PFRU25_K;fila=210;C=5165;columna=K_OCTU,,C_historical_monthly_formula_unverified,probable:multiple_candidates,,,"[""f5539e4d837c18a89fff173ede3f0312f82048168a5f63705fea8f97761bf1ac"", ""3263b93fcbc974b4acc53968e8d2e0cf603989d4be1ea9cb1ec0412ffee6d923""]",[]
ambiguous,,2025-10-01,month,2025-10,MCBA,,Frutas,,Durazno,,Opedepe,,Jujuy,,Ca,,,,Moneda interpretada como ARS por tratarse de lista local MCBA. Atributos fuente: CAL=EL; TAM=CHICO.,,3113.0,,,$/kg,,ARS,False,2,,,,115388,PFRU25_K.xlsx#hoja=PFRU25_K;fila=212;C=6508;columna=K_OCTU,,C_historical_monthly_formula_unverified,probable:multiple_candidates,,,"[""f5539e4d837c18a89fff173ede3f0312f82048168a5f63705fea8f97761bf1ac"", ""3263b93fcbc974b4acc53968e8d2e0cf603989d4be1ea9cb1ec0412ffee6d923""]",[]
ambiguous,,2025-10-01,month,2025-10,MCBA,,Frutas,,Durazno,,Rojo Uno,,Bs. As.,,Ba,,,,Moneda interpretada como ARS por tratarse de lista local MCBA. Atributos fuente: CAL=EL; TAM=MEDIANO.,,4633.0,,,$/kg,,ARS,False,3,,,,115406,PFRU25_K.xlsx#hoja=PFRU25_K;fila=225;C=5124;columna=K_OCTU,,C_historical_monthly_formula_unverified,probable:multiple_candidates,,,"[""a58c6376c5b2d12909883dd455bd74ef0fff007993155af6756b2130c9e76b9c"", ""ae7e670148f21b5100baea786eab67ec59c33ae9b1af1216c859dc3d66f8b855"", ""d437e48362c682195d1a9bae3561f130f67d308eb63e63ec0a56e2576948f4ea""]",[]
ambiguous,,2025-10-01,month,2025-10,MCBA,,Frutas,,Durazno,,Rojo Uno,,Bs. As.,,Ba,,,,Moneda interpretada como ARS por tratarse de lista local MCBA. Atributos fuente: CAL=EL; TAM=GRANDE.,,5370.0,,,$/kg,,ARS,False,3,,,,115408,PFRU25_K.xlsx#hoja=PFRU25_K;fila=226;C=5364;columna=K_OCTU,,C_historical_monthly_formula_unverified,probable:multiple_candidates,,,"[""a58c6376c5b2d12909883dd455bd74ef0fff007993155af6756b2130c9e76b9c"", ""ae7e670148f21b5100baea786eab67ec59c33ae9b1af1216c859dc3d66f8b855"", ""d437e48362c682195d1a9bae3561f130f67d308eb63e63ec0a56e2576948f4ea""]",[]
ambiguous,,2025-10-01,month,2025-10,MCBA,,Frutas,,Durazno,,Rojo Uno,,Bs. As.,,Ba,,,,Moneda interpretada como ARS por tratarse de lista local MCBA. Atributos fuente: CAL=EL; TAM=CHICO.,,2866.0,,,$/kg,,ARS,False,3,,,,115410,PFRU25_K.xlsx#hoja=PFRU25_K;fila=227;C=6514;columna=K_OCTU,,C_historical_monthly_formula_unverified,probable:multiple_candidates,,,"[""a58c6376c5b2d12909883dd455bd74ef0fff007993155af6756b2130c9e76b9c"", ""ae7e670148f21b5100baea786eab67ec59c33ae9b1af1216c859dc3d66f8b855"", ""d437e48362c682195d1a9bae3561f130f67d308eb63e63ec0a56e2576948f4ea""]",[]
ambiguous,,2025-10-01,month,2025-10,MCBA,,Frutas,,Frutilla,,,,Bs. As.,,Ba,,,,Moneda interpretada como ARS por tratarse de lista local MCBA. Atributos fuente: CAL=EL; TAM=GRANEL.,,3620.0,,,$/kg,,ARS,False,2,,,,115474,PFRU25_K.xlsx#hoja=PFRU25_K;fila=262;C=4856;columna=K_OCTU,,C_historical_monthly_formula_unverified,probable:multiple_candidates,,,"[""5ee6421ce6c05a1e0a19f32ec47e3ff0937870aaa70b5a809372dfd6f9b04839"", ""caff32aa606d5ee927783b7eca76d9fabcafd3b08f1ccd204777932edb76a258""]",[]
ambiguous,,2025-10-01,month,2025-10,MCBA,,Frutas,,Frutilla,,,,Bs. As.,,Ba,,,,Moneda interpretada como ARS por tratarse de lista local MCBA. Atributos fuente: CAL=CL; TAM=GRANEL.,,2602.0,,,$/kg,,ARS,False,2,,,,115478,PFRU25_K.xlsx#hoja=PFRU25_K;fila=263;C=4857;columna=K_OCTU,,C_historical_monthly_formula_unverified,probable:multiple_candidates,,,"[""5ee6421ce6c05a1e0a19f32ec47e3ff0937870aaa70b5a809372dfd6f9b04839"", ""caff32aa606d5ee927783b7eca76d9fabcafd3b08f1ccd204777932edb76a258""]",[]
ambiguous,,2025-10-01,month,2025-10,MCBA,,Frutas,,Kiwi,,,,Bs. As.,,Ca,,,,Moneda interpretada como ARS por tratarse de lista local MCBA. Atributos fuente: CAL=EL; TAM=GRANDE.,,5486.0,,,$/kg,,ARS,False,2,,,,115581,PFRU25_K.xlsx#hoja=PFRU25_K;fila=299;C=1985;columna=K_OCTU,,C_historical_monthly_formula_unverified,probable:multiple_candidates,,,"[""c6cd7ad111e03c5e21161d99929a702c4a07e121e5867ca8b17ccf1dd6f70e4a"", ""680e799f6f02fd6df71b88950da50e41c2659371d984a75b5b7c2d6016c8eeac""]",[]
ambiguous,,2025-10-01,month,2025-10,MCBA,,Frutas,,Kiwi,,,,Bs. As.,,Ca,,,,Moneda interpretada como ARS por tratarse de lista local MCBA. Atributos fuente: CAL=EL; TAM=MEDIANO.,,4646.0,,,$/kg,,ARS,False,2,,,,115593,PFRU25_K.xlsx#hoja=PFRU25_K;fila=300;C=1986;columna=K_OCTU,,C_historical_monthly_formula_unverified,probable:multiple_candidates,,,"[""c6cd7ad111e03c5e21161d99929a702c4a07e121e5867ca8b17ccf1dd6f70e4a"", ""680e799f6f02fd6df71b88950da50e41c2659371d984a75b5b7c2d6016c8eeac""]",[]
ambiguous,,2025-10-01,month,2025-10,MCBA,,Frutas,,Kiwi,,,,Chile,,Ca,,,,Moneda interpretada como ARS por tratarse de lista local MCBA. Atributos fuente: CAL=EL; TAM=GRANDE.,,5650.0,,,$/kg,,ARS,False,2,,,,115605,PFRU25_K.xlsx#hoja=PFRU25_K;fila=302;C=230024;columna=K_OCTU,,C_historical_monthly_formula_unverified,probable:multiple_candidates,,,"[""e8b43aa71770d518ea051a5255bbda4592e1afae08f042b44251696b97ae586a"", ""c9c8ec267fd94a561c54fc7aef5cfbffd1c8ed8686ca29ab48773cae401c2b1f""]",[]
ambiguous,,2025-10-01,month,2025-10,MCBA,,Frutas,,Kiwi,,,,Chile,,Ca,,,,Moneda interpretada como ARS por tratarse de lista local MCBA. Atributos fuente: CAL=EL; TAM=MEDIANO.,,5109.0,,,$/kg,,ARS,False,2,,,,115614,PFRU25_K.xlsx#hoja=PFRU25_K;fila=303;C=230031;columna=K_OCTU,,C_historical_monthly_formula_unverified,probable:multiple_candidates,,,"[""e8b43aa71770d518ea051a5255bbda4592e1afae08f042b44251696b97ae586a"", ""c9c8ec267fd94a561c54fc7aef5cfbffd1c8ed8686ca29ab48773cae401c2b1f""]",[]
ambiguous,,2025-10-01,month,2025-10,MCBA,,Frutas,,Limon,,Eureka,,Tucuman,,Ca,,,,Moneda interpretada como ARS por tratarse de lista local MCBA. Atributos fuente: CAL=EL; TAM=125/138.,,1503.0,,,$/kg,,ARS,False,2,,,,115745,PFRU25_K.xlsx#hoja=PFRU25_K;fila=341;C=1063;columna=K_OCTU,,C_historical_monthly_formula_unverified,probable:multiple_candidates,,,"[""cef0c342b31519c13c3ae097da97371ba5194889de1ebfff8885e9680df3ced1"", ""8800d8b9aac5976ef1a35b6ff3b1baf738b5bb4f73f43e0d0b8c4efb488e0b52""]",[]
ambiguous,,2025-10-01,month,2025-10,MCBA,,Frutas,,Limon,,Eureka,,Tucuman,,Ca,,,,Moneda interpretada como ARS por tratarse de lista local MCBA. Atributos fuente: CAL=EL; TAM=113/138.,,1636.0,,,$/kg,,ARS,False,2,,,,115755,PFRU25_K.xlsx#hoja=PFRU25_K;fila=342;C=3621;columna=K_OCTU,,C_historical_monthly_formula_unverified,probable:multiple_candidates,,,"[""cef0c342b31519c13c3ae097da97371ba5194889de1ebfff8885e9680df3ced1"", ""8800d8b9aac5976ef1a35b6ff3b1baf738b5bb4f73f43e0d0b8c4efb488e0b52""]",[]
ambiguous,,2025-10-01,month,2025-10,MCBA,,Frutas,,Limon,,Genova,,Ctes.,,Pe,,,,Moneda interpretada como ARS por tratarse de lista local MCBA. Atributos fuente: CAL=EL; TAM=120/140.,,1387.0,,,$/kg,,ARS,False,2,,,,115773,PFRU25_K.xlsx#hoja=PFRU25_K;fila=346;C=2079;columna=K_OCTU,,C_historical_monthly_formula_unverified,probable:multiple_candidates,,,"[""60d1b99de37ca9111419edfd6f70370e7017d2b1aed61091214b08dd6e3c0523"", ""d0f9250836e15f8f3f2219b9ae7dfeb741e9a8d44cc342c40aa89c8520ff80d5""]",[]
ambiguous,,2025-10-01,month,2025-10,MCBA,,Frutas,,Limon,,Genova,,Ctes.,,Pe,,,,Moneda interpretada como ARS por tratarse de lista local MCBA. Atributos fuente: CAL=EL; TAM=090/110.,,2093.0,,,$/kg,,ARS,False,2,,,,115778,PFRU25_K.xlsx#hoja=PFRU25_K;fila=348;C=2078;columna=K_OCTU,,C_historical_monthly_formula_unverified,probable:multiple_candidates,,,"[""60d1b99de37ca9111419edfd6f70370e7017d2b1aed61091214b08dd6e3c0523"", ""d0f9250836e15f8f3f2219b9ae7dfeb741e9a8d44cc342c40aa89c8520ff80d5""]",[]
ambiguous,,2025-10-01,month,2025-10,MCBA,,Frutas,,Mandarina,,Murcot,,E. Rios,,Pe,,,,Moneda interpretada como ARS por tratarse de lista local MCBA. Atributos fuente: CAL=EL; TAM=GRANDE.,,1350.0,,,$/kg,,ARS,False,2,,,,115869,PFRU25_K.xlsx#hoja=PFRU25_K;fila=379;C=3225;columna=K_OCTU,,C_historical_monthly_formula_unverified,probable:multiple_candidates,,,"[""d9743f047a30b710729f529bbaf5f9a60cf481f3c17c5f9beb296b167d8fd0b3"", ""c99fcd2891ace74a33d2eb14987e3fda4649312ef58d5561bbc836f6ad25f16e""]",[]
ambiguous,,2025-10-01,month,2025-10,MCBA,,Frutas,,Mandarina,,Murcot,,E. Rios,,Pe,,,,Moneda interpretada como ARS por tratarse de lista local MCBA. Atributos fuente: CAL=EL; TAM=MEDIANO.,,819.5,,,$/kg,,ARS,False,2,,,,115874,PFRU25_K.xlsx#hoja=PFRU25_K;fila=380;C=3226;columna=K_OCTU,,C_historical_monthly_formula_unverified,probable:multiple_candidates,,,"[""d9743f047a30b710729f529bbaf5f9a60cf481f3c17c5f9beb296b167d8fd0b3"", ""c99fcd2891ace74a33d2eb14987e3fda4649312ef58d5561bbc836f6ad25f16e""]",[]
ambiguous,,2025-10-01,month,2025-10,MCBA,,Frutas,,Mango,,,,Brasil,,Ca,,,,Moneda interpretada como ARS por tratarse de lista local MCBA. Atributos fuente: CAL=EL; TAM=MEDIANO.,,2887.0,,,$/kg,,ARS,False,2,,,,115911,PFRU25_K.xlsx#hoja=PFRU25_K;fila=395;C=3493;columna=K_OCTU,,C_historical_monthly_formula_unverified,probable:multiple_candidates,,,"[""9fd89c582c24473b69cbed9ab447387a95bbb0a21fd5344607c0ad07a4c0cc08"", ""9a9e1523e5100b8c73bc9f630b9999d4eeabe12a0868593f4de6637a657a9357""]",[]
ambiguous,,2025-10-01,month,2025-10,MCBA,,Frutas,,Mango,,,,Brasil,,Ca,,,,Moneda interpretada como ARS por tratarse de lista local MCBA. Atributos fuente: CAL=EL; TAM=GRANDE.,,2545.0,,,$/kg,,ARS,False,2,,,,115920,PFRU25_K.xlsx#hoja=PFRU25_K;fila=396;C=5736;columna=K_OCTU,,C_historical_monthly_formula_unverified,probable:multiple_candidates,,,"[""9fd89c582c24473b69cbed9ab447387a95bbb0a21fd5344607c0ad07a4c0cc08"", ""9a9e1523e5100b8c73bc9f630b9999d4eeabe12a0868593f4de6637a657a9357""]",[]
ambiguous,,2025-10-01,month,2025-10,MCBA,,Frutas,,Manzana,,Granny Smi,,R. Negro,,Ja,,,,Moneda interpretada como ARS por tratarse de lista local MCBA. Atributos fuente: CAL=CL; TAM=GRANEL.,,1044.0,,,$/kg,,ARS,False,2,,,,116015,PFRU25_K.xlsx#hoja=PFRU25_K;fila=434;C=3825;columna=K_OCTU,,C_historical_monthly_formula_unverified,probable:multiple_candidates,,,"[""34aee1bf43a66a3dbd22abb315348c91eda2cf899d00d8393d6b0037817d1ed1"", ""a53fbfe41f079a97084b7ef7d8b4be47d319f6cdf79ac90a14876d8faf991f0e""]",[]
ambiguous,,2025-10-01,month,2025-10,MCBA,,Frutas,,Manzana,,Granny Smi,,R. Negro,,Ca,,,,Moneda interpretada como ARS por tratarse de lista local MCBA. Atributos fuente: CAL=EL; TAM=100/113.,,1602.0,,,$/kg,,ARS,False,5,,,,116032,PFRU25_K.xlsx#hoja=PFRU25_K;fila=439;C=5950;columna=K_OCTU,,C_historical_monthly_formula_unverified,probable:multiple_candidates,,,"[""7156a8d4d7e6baf957a7d7d98d22c2d299f41add0eaa79cdb306da4f6b32ec62"", ""4d2551ef5262d6204736bbf699af011d3c81a519537a96f1739805a2e390e671"", ""3acf7386e3b65f2927cdfdf3df9a43299a7cf7285b75cc1bc42d1f11003febf8"", ""b874a54380dfa9344c6a1f33c1119ac6601b266d693463bad09ec1a96ceab56a"", ""ace8545363bf75c151b31aa83b5a44f261987ac694e559a5ca876c17e4410855""]",[]
ambiguous,,2025-10-01,month,2025-10,MCBA,,Frutas,,Manzana,,Granny Smi,,R. Negro,,Ca,,,,Moneda interpretada como ARS por tratarse de lista local MCBA. Atributos fuente: CAL=EL; TAM=036/044.,,2174.0,,,$/kg,,ARS,False,5,,,,116041,PFRU25_K.xlsx#hoja=PFRU25_K;fila=440;C=6231;columna=K_OCTU,,C_historical_monthly_formula_unverified,probable:multiple_candidates,,,"[""7156a8d4d7e6baf957a7d7d98d22c2d299f41add0eaa79cdb306da4f6b32ec62"", ""4d2551ef5262d6204736bbf699af011d3c81a519537a96f1739805a2e390e671"", ""3acf7386e3b65f2927cdfdf3df9a43299a7cf7285b75cc1bc42d1f11003febf8"", ""b874a54380dfa9344c6a1f33c1119ac6601b266d693463bad09ec1a96ceab56a"", ""ace8545363bf75c151b31aa83b5a44f261987ac694e559a5ca876c17e4410855""]",[]
ambiguous,,2025-10-01,month,2025-10,MCBA,,Frutas,,Manzana,,Granny Smi,,R. Negro,,Ca,,,,Moneda interpretada como ARS por tratarse de lista local MCBA. Atributos fuente: CAL=EL; TAM=072/080.,,1852.0,,,$/kg,,ARS,False,5,,,,116050,PFRU25_K.xlsx#hoja=PFRU25_K;fila=443;C=6421;columna=K_OCTU,,C_historical_monthly_formula_unverified,probable:multiple_candidates,,,"[""7156a8d4d7e6baf957a7d7d98d22c2d299f41add0eaa79cdb306da4f6b32ec62"", ""4d2551ef5262d6204736bbf699af011d3c81a519537a96f1739805a2e390e671"", ""3acf7386e3b65f2927cdfdf3df9a43299a7cf7285b75cc1bc42d1f11003febf8"", ""b874a54380dfa9344c6a1f33c1119ac6601b266d693463bad09ec1a96ceab56a"", ""ace8545363bf75c151b31aa83b5a44f261987ac694e559a5ca876c17e4410855""]",[]
ambiguous,,2025-10-01,month,2025-10,MCBA,,Frutas,,Manzana,,Granny Smi,,R. Negro,,Ja,,,,Moneda interpretada como ARS por tratarse de lista local MCBA. Atributos fuente: CAL=EL; TAM=110/130.,,1325.0,,,$/kg,,ARS,False,2,,,,116065,PFRU25_K.xlsx#hoja=PFRU25_K;fila=446;C=6452;columna=K_OCTU,,C_historical_monthly_formula_unverified,probable:multiple_candidates,,,"[""34aee1bf43a66a3dbd22abb315348c91eda2cf899d00d8393d6b0037817d1ed1"", ""a53fbfe41f079a97084b7ef7d8b4be47d319f6cdf79ac90a14876d8faf991f0e""]",[]
ambiguous,,2025-10-01,month,2025-10,MCBA,,Frutas,,Manzana,,Granny Smi,,R. Negro,,Ca,,,,Moneda interpretada como ARS por tratarse de lista local MCBA. Atributos fuente: CAL=EL; TAM=113/125.,,1470.0,,,$/kg,,ARS,False,5,,,,116072,PFRU25_K.xlsx#hoja=PFRU25_K;fila=447;C=5441;columna=K_OCTU,,C_historical_monthly_formula_unverified,probable:multiple_candidates,,,"[""7156a8d4d7e6baf957a7d7d98d22c2d299f41add0eaa79cdb306da4f6b32ec62"", ""4d2551ef5262d6204736bbf699af011d3c81a519537a96f1739805a2e390e671"", ""3acf7386e3b65f2927cdfdf3df9a43299a7cf7285b75cc1bc42d1f11003febf8"", ""b874a54380dfa9344c6a1f33c1119ac6601b266d693463bad09ec1a96ceab56a"", ""ace8545363bf75c151b31aa83b5a44f261987ac694e559a5ca876c17e4410855""]",[]
ambiguous,,2025-10-01,month,2025-10,MCBA,,Frutas,,Manzana,,Granny Smi,,R. Negro,,Ca,,,,Moneda interpretada como ARS por tratarse de lista local MCBA. Atributos fuente: CAL=EL; TAM=090/100.,,2268.0,,,$/kg,,ARS,False,5,,,,116074,PFRU25_K.xlsx#hoja=PFRU25_K;fila=448;C=6519;columna=K_OCTU,,C_historical_monthly_formula_unverified,probable:multiple_candidates,,,"[""7156a8d4d7e6baf957a7d7d98d22c2d299f41add0eaa79cdb306da4f6b32ec62"", ""4d2551ef5262d6204736bbf699af011d3c81a519537a96f1739805a2e390e671"", ""3acf7386e3b65f2927cdfdf3df9a43299a7cf7285b75cc1bc42d1f11003febf8"", ""b874a54380dfa9344c6a1f33c1119ac6601b266d693463bad09ec1a96ceab56a"", ""ace8545363bf75c151b31aa83b5a44f261987ac694e559a5ca876c17e4410855""]",[]
ambiguous,,2025-10-01,month,2025-10,MCBA,,Frutas,,Manzana,,Red Delici,,R. Negro,,Ca,,,,Moneda interpretada como ARS por tratarse de lista local MCBA. Atributos fuente: CAL=EL; TAM=088/113; GRADO=ATM.,,2556.0,,,$/kg,,ARS,False,10,,,,116121,PFRU25_K.xlsx#hoja=PFRU25_K;fila=464;C=6254;columna=K_OCTU,,C_historical_monthly_formula_unverified,probable:multiple_candidates,,,"[""b92d3433149948f5480bd3631ba92b07715e9fdbe80ac759a2d56297129ceab5"", ""63a8397364b42a92caa3cd9e1256fe66069c008f2e31d5b528cca244de66cddd"", ""0f96d0f921135a07309c1038b184b012450e63924fe30eee5d3789a2bf73bd74"", ""da199eb8d0c7f705923cf5421f357ff2a681d2a8135ae09ba99e7597033e875e"", ""adbf3c5f808b03bbc49d1921f7be42b87a73d58169818b4ee35bc1dd48a07b23"", ""c340ae4660044cd06e0e5e64dc41382b18f65dc520129d3bfeb1f2fff62f7d7f"", ""c886deab4eda73d4c7d413372c7d536181a7d420106ed50ae4704af0c245f553"", ""5fbe331047bcb5925261ebb5a9c4fe6fb79ae1f1fd8bd92a8fe4864326e6ace0"", ""925733c8498d4e582d95cf32c94963e5ac8f6b7a4fca1289e01a933a60ad94dd"", ""a999fccef95e2d0a5078cda2cb03a771de17391d3f0af574f6732a78fc705be7""]",[]
ambiguous,,2025-10-01,month,2025-10,MCBA,,Frutas,,Manzana,,Red Delici,,R. Negro,,Ja,,,,Moneda interpretada como ARS por tratarse de lista local MCBA. Atributos fuente: CAL=EL; TAM=125/138.,,1235.0,,,$/kg,,ARS,False,5,,,,116134,PFRU25_K.xlsx#hoja=PFRU25_K;fila=466;C=1994;columna=K_OCTU,,C_historical_monthly_formula_unverified,probable:multiple_candidates,,,"[""0b726589da5fb3dd8d7584f3e506ef68b4d9830c77f6b7fb76e96e9e112d0af7"", ""66e46a3903ae5c868e76cc449b58666aec179047a46c77a0b6ca029e3d32155a"", ""5f9c5eda5536334d33bf2d50cfeabd0f997b478e805a63d36f501192b2f754b7"", ""095b12d9ac5c675a2ab2bbf41beb8532cabd58930c8f6ce66ab4fa57ce34e1c9"", ""55a9b4437e6531d6e287df20a15325b25b8c1c7b0f6e3f0e73141b1cde6115f3""]",[]
ambiguous,,2025-10-01,month,2025-10,MCBA,,Frutas,,Manzana,,Red Delici,,R. Negro,,Ja,,,,Moneda interpretada como ARS por tratarse de lista local MCBA. Atributos fuente: CAL=EL; TAM=GRANEL.,,1031.0,,,$/kg,,ARS,False,5,,,,116143,PFRU25_K.xlsx#hoja=PFRU25_K;fila=468;C=4452;columna=K_OCTU,,C_historical_monthly_formula_unverified,probable:multiple_candidates,,,"[""0b726589da5fb3dd8d7584f3e506ef68b4d9830c77f6b7fb76e96e9e112d0af7"", ""66e46a3903ae5c868e76cc449b58666aec179047a46c77a0b6ca029e3d32155a"", ""5f9c5eda5536334d33bf2d50cfeabd0f997b478e805a63d36f501192b2f754b7"", ""095b12d9ac5c675a2ab2bbf41beb8532cabd58930c8f6ce66ab4fa57ce34e1c9"", ""55a9b4437e6531d6e287df20a15325b25b8c1c7b0f6e3f0e73141b1cde6115f3""]",[]
ambiguous,,2025-10-01,month,2025-10,MCBA,,Frutas,,Manzana,,Red Delici,,R. Negro,,Ca,,,,Moneda interpretada como ARS por tratarse de lista local MCBA. Atributos fuente: CAL=EL; TAM=044/056.,,2254.0,,,$/kg,,ARS,False,10,,,,116157,PFRU25_K.xlsx#hoja=PFRU25_K;fila=473;C=5745;columna=K_OCTU,,C_historical_monthly_formula_unverified,probable:multiple_candidates,,,"[""b92d3433149948f5480bd3631ba92b07715e9fdbe80ac759a2d56297129ceab5"", ""63a8397364b42a92caa3cd9e1256fe66069c008f2e31d5b528cca244de66cddd"", ""0f96d0f921135a07309c1038b184b012450e63924fe30eee5d3789a2bf73bd74"", ""da199eb8d0c7f705923cf5421f357ff2a681d2a8135ae09ba99e7597033e875e"", ""adbf3c5f808b03bbc49d1921f7be42b87a73d58169818b4ee35bc1dd48a07b23"", ""c340ae4660044cd06e0e5e64dc41382b18f65dc520129d3bfeb1f2fff62f7d7f"", ""c886deab4eda73d4c7d413372c7d536181a7d420106ed50ae4704af0c245f553"", ""5fbe331047bcb5925261ebb5a9c4fe6fb79ae1f1fd8bd92a8fe4864326e6ace0"", ""925733c8498d4e582d95cf32c94963e5ac8f6b7a4fca1289e01a933a60ad94dd"", ""a999fccef95e2d0a5078cda2cb03a771de17391d3f0af574f6732a78fc705be7""]",[]
ambiguous,,2025-10-01,month,2025-10,MCBA,,Frutas,,Manzana,,Red Delici,,R. Negro,,Ca,,,,Moneda interpretada como ARS por tratarse de lista local MCBA. Atributos fuente: CAL=EL; TAM=072/088.,,1540.0,,,$/kg,,ARS,False,10,,,,116165,PFRU25_K.xlsx#hoja=PFRU25_K;fila=474;C=6387;columna=K_OCTU,,C_historical_monthly_formula_unverified,probable:multiple_candidates,,,"[""b92d3433149948f5480bd3631ba92b07715e9fdbe80ac759a2d56297129ceab5"", ""63a8397364b42a92caa3cd9e1256fe66069c008f2e31d5b528cca244de66cddd"", ""0f96d0f921135a07309c1038b184b012450e63924fe30eee5d3789a2bf73bd74"", ""da199eb8d0c7f705923cf5421f357ff2a681d2a8135ae09ba99e7597033e875e"", ""adbf3c5f808b03bbc49d1921f7be42b87a73d58169818b4ee35bc1dd48a07b23"", ""c340ae4660044cd06e0e5e64dc41382b18f65dc520129d3bfeb1f2fff62f7d7f"", ""c886deab4eda73d4c7d413372c7d536181a7d420106ed50ae4704af0c245f553"", ""5fbe331047bcb5925261ebb5a9c4fe6fb79ae1f1fd8bd92a8fe4864326e6ace0"", ""925733c8498d4e582d95cf32c94963e5ac8f6b7a4fca1289e01a933a60ad94dd"", ""a999fccef95e2d0a5078cda2cb03a771de17391d3f0af574f6732a78fc705be7""]",[]
ambiguous,,2025-10-01,month,2025-10,MCBA,,Frutas,,Manzana,,Red Delici,,R. Negro,,Ja,,,,Moneda interpretada como ARS por tratarse de lista local MCBA. Atributos fuente: CAL=EL; TAM=080/100.,,1433.0,,,$/kg,,ARS,False,5,,,,116174,PFRU25_K.xlsx#hoja=PFRU25_K;fila=476;C=6414;columna=K_OCTU,,C_historical_monthly_formula_unverified,probable:multiple_candidates,,,"[""0b726589da5fb3dd8d7584f3e506ef68b4d9830c77f6b7fb76e96e9e112d0af7"", ""66e46a3903ae5c868e76cc449b58666aec179047a46c77a0b6ca029e3d32155a"", ""5f9c5eda5536334d33bf2d50cfeabd0f997b478e805a63d36f501192b2f754b7"", ""095b12d9ac5c675a2ab2bbf41beb8532cabd58930c8f6ce66ab4fa57ce34e1c9"", ""55a9b4437e6531d6e287df20a15325b25b8c1c7b0f6e3f0e73141b1cde6115f3""]",[]
ambiguous,,2025-10-01,month,2025-10,MCBA,,Frutas,,Manzana,,Red Delici,,R. Negro,,Ja,,,,Moneda interpretada como ARS por tratarse de lista local MCBA. Atributos fuente: CAL=EL; TAM=113/125.,,1458.0,,,$/kg,,ARS,False,5,,,,116183,PFRU25_K.xlsx#hoja=PFRU25_K;fila=477;C=6415;columna=K_OCTU,,C_historical_monthly_formula_unverified,probable:multiple_candidates,,,"[""0b726589da5fb3dd8d7584f3e506ef68b4d9830c77f6b7fb76e96e9e112d0af7"", ""66e46a3903ae5c868e76cc449b58666aec179047a46c77a0b6ca029e3d32155a"", ""5f9c5eda5536334d33bf2d50cfeabd0f997b478e805a63d36f501192b2f754b7"", ""095b12d9ac5c675a2ab2bbf41beb8532cabd58930c8f6ce66ab4fa57ce34e1c9"", ""55a9b4437e6531d6e287df20a15325b25b8c1c7b0f6e3f0e73141b1cde6115f3""]",[]
ambiguous,,2025-10-01,month,2025-10,MCBA,,Frutas,,Manzana,,Red Delici,,R. Negro,,Ca,,,,Moneda interpretada como ARS por tratarse de lista local MCBA. Atributos fuente: CAL=EL; TAM=113/125.,,1656.0,,,$/kg,,ARS,False,10,,,,116193,PFRU25_K.xlsx#hoja=PFRU25_K;fila=478;C=6416;columna=K_OCTU,,C_historical_monthly_formula_unverified,probable:multiple_candidates,,,"[""b92d3433149948f5480bd3631ba92b07715e9fdbe80ac759a2d56297129ceab5"", ""63a8397364b42a92caa3cd9e1256fe66069c008f2e31d5b528cca244de66cddd"", ""0f96d0f921135a07309c1038b184b012450e63924fe30eee5d3789a2bf73bd74"", ""da199eb8d0c7f705923cf5421f357ff2a681d2a8135ae09ba99e7597033e875e"", ""adbf3c5f808b03bbc49d1921f7be42b87a73d58169818b4ee35bc1dd48a07b23"", ""c340ae4660044cd06e0e5e64dc41382b18f65dc520129d3bfeb1f2fff62f7d7f"", ""c886deab4eda73d4c7d413372c7d536181a7d420106ed50ae4704af0c245f553"", ""5fbe331047bcb5925261ebb5a9c4fe6fb79ae1f1fd8bd92a8fe4864326e6ace0"", ""925733c8498d4e582d95cf32c94963e5ac8f6b7a4fca1289e01a933a60ad94dd"", ""a999fccef95e2d0a5078cda2cb03a771de17391d3f0af574f6732a78fc705be7""]",[]
ambiguous,,2025-10-01,month,2025-10,MCBA,,Frutas,,Manzana,,Red Delici,,R. Negro,,Ca,,,,Moneda interpretada como ARS por tratarse de lista local MCBA. Atributos fuente: CAL=EL; TAM=088/113.,,2114.0,,,$/kg,,ARS,False,10,,,,116201,PFRU25_K.xlsx#hoja=PFRU25_K;fila=479;C=6424;columna=K_OCTU,,C_historical_monthly_formula_unverified,probable:multiple_candidates,,,"[""b92d3433149948f5480bd3631ba92b07715e9fdbe80ac759a2d56297129ceab5"", ""63a8397364b42a92caa3cd9e1256fe66069c008f2e31d5b528cca244de66cddd"", ""0f96d0f921135a07309c1038b184b012450e63924fe30eee5d3789a2bf73bd74"", ""da199eb8d0c7f705923cf5421f357ff2a681d2a8135ae09ba99e7597033e875e"", ""adbf3c5f808b03bbc49d1921f7be42b87a73d58169818b4ee35bc1dd48a07b23"", ""c340ae4660044cd06e0e5e64dc41382b18f65dc520129d3bfeb1f2fff62f7d7f"", ""c886deab4eda73d4c7d413372c7d536181a7d420106ed50ae4704af0c245f553"", ""5fbe331047bcb5925261ebb5a9c4fe6fb79ae1f1fd8bd92a8fe4864326e6ace0"", ""925733c8498d4e582d95cf32c94963e5ac8f6b7a4fca1289e01a933a60ad94dd"", ""a999fccef95e2d0a5078cda2cb03a771de17391d3f0af574f6732a78fc705be7""]",[]
ambiguous,,2025-10-01,month,2025-10,MCBA,,Frutas,,Manzana,,Red Delici,,R. Negro,,Ca,,,,Moneda interpretada como ARS por tratarse de lista local MCBA. Atributos fuente: CAL=EL; TAM=125/138.,,1500.0,,,$/kg,,ARS,False,10,,,,116207,PFRU25_K.xlsx#hoja=PFRU25_K;fila=480;C=6439;columna=K_OCTU,,C_historical_monthly_formula_unverified,probable:multiple_candidates,,,"[""b92d3433149948f5480bd3631ba92b07715e9fdbe80ac759a2d56297129ceab5"", ""63a8397364b42a92caa3cd9e1256fe66069c008f2e31d5b528cca244de66cddd"", ""0f96d0f921135a07309c1038b184b012450e63924fe30eee5d3789a2bf73bd74"", ""da199eb8d0c7f705923cf5421f357ff2a681d2a8135ae09ba99e7597033e875e"", ""adbf3c5f808b03bbc49d1921f7be42b87a73d58169818b4ee35bc1dd48a07b23"", ""c340ae4660044cd06e0e5e64dc41382b18f65dc520129d3bfeb1f2fff62f7d7f"", ""c886deab4eda73d4c7d413372c7d536181a7d420106ed50ae4704af0c245f553"", ""5fbe331047bcb5925261ebb5a9c4fe6fb79ae1f1fd8bd92a8fe4864326e6ace0"", ""925733c8498d4e582d95cf32c94963e5ac8f6b7a4fca1289e01a933a60ad94dd"", ""a999fccef95e2d0a5078cda2cb03a771de17391d3f0af574f6732a78fc705be7""]",[]
ambiguous,,2025-10-01,month,2025-10,MCBA,,Frutas,,Manzana,,Red Delici,,R. Negro,,Ca,,,,Moneda interpretada como ARS por tratarse de lista local MCBA. Atributos fuente: CAL=CL; TAM=125/138.,,1463.0,,,$/kg,,ARS,False,10,,,,116209,PFRU25_K.xlsx#hoja=PFRU25_K;fila=481;C=3938;columna=K_OCTU,,C_historical_monthly_formula_unverified,probable:multiple_candidates,,,"[""b92d3433149948f5480bd3631ba92b07715e9fdbe80ac759a2d56297129ceab5"", ""63a8397364b42a92caa3cd9e1256fe66069c008f2e31d5b528cca244de66cddd"", ""0f96d0f921135a07309c1038b184b012450e63924fe30eee5d3789a2bf73bd74"", ""da199eb8d0c7f705923cf5421f357ff2a681d2a8135ae09ba99e7597033e875e"", ""adbf3c5f808b03bbc49d1921f7be42b87a73d58169818b4ee35bc1dd48a07b23"", ""c340ae4660044cd06e0e5e64dc41382b18f65dc520129d3bfeb1f2fff62f7d7f"", ""c886deab4eda73d4c7d413372c7d536181a7d420106ed50ae4704af0c245f553"", ""5fbe331047bcb5925261ebb5a9c4fe6fb79ae1f1fd8bd92a8fe4864326e6ace0"", ""925733c8498d4e582d95cf32c94963e5ac8f6b7a4fca1289e01a933a60ad94dd"", ""a999fccef95e2d0a5078cda2cb03a771de17391d3f0af574f6732a78fc705be7""]",[]
ambiguous,,2025-10-01,month,2025-10,MCBA,,Frutas,,Manzana,,Red Delici,,R. Negro,,Ja,,,,Moneda interpretada como ARS por tratarse de lista local MCBA. Atributos fuente: CAL=CL; TAM=125/138.,,1472.0,,,$/kg,,ARS,False,5,,,,116211,PFRU25_K.xlsx#hoja=PFRU25_K;fila=482;C=280027;columna=K_OCTU,,C_historical_monthly_formula_unverified,probable:multiple_candidates,,,"[""0b726589da5fb3dd8d7584f3e506ef68b4d9830c77f6b7fb76e96e9e112d0af7"", ""66e46a3903ae5c868e76cc449b58666aec179047a46c77a0b6ca029e3d32155a"", ""5f9c5eda5536334d33bf2d50cfeabd0f997b478e805a63d36f501192b2f754b7"", ""095b12d9ac5c675a2ab2bbf41beb8532cabd58930c8f6ce66ab4fa57ce34e1c9"", ""55a9b4437e6531d6e287df20a15325b25b8c1c7b0f6e3f0e73141b1cde6115f3""]",[]
ambiguous,,2025-10-01,month,2025-10,MCBA,,Frutas,,Manzana,,Red Delici,,R. Negro,,Ca,,,,Moneda interpretada como ARS por tratarse de lista local MCBA. Atributos fuente: CAL=EL; TAM=080/100; GRADO=ATM.,,2537.0,,,$/kg,,ARS,False,10,,,,116214,PFRU25_K.xlsx#hoja=PFRU25_K;fila=483;C=290064;columna=K_OCTU,,C_historical_monthly_formula_unverified,probable:multiple_candidates,,,"[""b92d3433149948f5480bd3631ba92b07715e9fdbe80ac759a2d56297129ceab5"", ""63a8397364b42a92caa3cd9e1256fe66069c008f2e31d5b528cca244de66cddd"", ""0f96d0f921135a07309c1038b184b012450e63924fe30eee5d3789a2bf73bd74"", ""da199eb8d0c7f705923cf5421f357ff2a681d2a8135ae09ba99e7597033e875e"", ""adbf3c5f808b03bbc49d1921f7be42b87a73d58169818b4ee35bc1dd48a07b23"", ""c340ae4660044cd06e0e5e64dc41382b18f65dc520129d3bfeb1f2fff62f7d7f"", ""c886deab4eda73d4c7d413372c7d536181a7d420106ed50ae4704af0c245f553"", ""5fbe331047bcb5925261ebb5a9c4fe6fb79ae1f1fd8bd92a8fe4864326e6ace0"", ""925733c8498d4e582d95cf32c94963e5ac8f6b7a4fca1289e01a933a60ad94dd"", ""a999fccef95e2d0a5078cda2cb03a771de17391d3f0af574f6732a78fc705be7""]",[]
ambiguous,,2025-10-01,month,2025-10,MCBA,,Frutas,,Manzana,,Red Delici,,R. Negro,,Ca,,,,Moneda interpretada como ARS por tratarse de lista local MCBA. Atributos fuente: CAL=SP; TAM=088/113.,,2856.0,,,$/kg,,ARS,False,10,,,,116217,PFRU25_K.xlsx#hoja=PFRU25_K;fila=484;C=6520;columna=K_OCTU,,C_historical_monthly_formula_unverified,probable:multiple_candidates,,,"[""b92d3433149948f5480bd3631ba92b07715e9fdbe80ac759a2d56297129ceab5"", ""63a8397364b42a92caa3cd9e1256fe66069c008f2e31d5b528cca244de66cddd"", ""0f96d0f921135a07309c1038b184b012450e63924fe30eee5d3789a2bf73bd74"", ""da199eb8d0c7f705923cf5421f357ff2a681d2a8135ae09ba99e7597033e875e"", ""adbf3c5f808b03bbc49d1921f7be42b87a73d58169818b4ee35bc1dd48a07b23"", ""c340ae4660044cd06e0e5e64dc41382b18f65dc520129d3bfeb1f2fff62f7d7f"", ""c886deab4eda73d4c7d413372c7d536181a7d420106ed50ae4704af0c245f553"", ""5fbe331047bcb5925261ebb5a9c4fe6fb79ae1f1fd8bd92a8fe4864326e6ace0"", ""925733c8498d4e582d95cf32c94963e5ac8f6b7a4fca1289e01a933a60ad94dd"", ""a999fccef95e2d0a5078cda2cb03a771de17391d3f0af574f6732a78fc705be7""]",[]
ambiguous,,2025-10-01,month,2025-10,MCBA,,Frutas,,Manzana,,Red Delici,,R. Negro,,Ca,,,,Moneda interpretada como ARS por tratarse de lista local MCBA. Atributos fuente: CAL=EL; TAM=070/080; GRADO=ATM.,,2222.0,,,$/kg,,ARS,False,10,,,,116218,PFRU25_K.xlsx#hoja=PFRU25_K;fila=485;C=6526;columna=K_OCTU,,C_historical_monthly_formula_unverified,probable:multiple_candidates,,,"[""b92d3433149948f5480bd3631ba92b07715e9fdbe80ac759a2d56297129ceab5"", ""63a8397364b42a92caa3cd9e1256fe66069c008f2e31d5b528cca244de66cddd"", ""0f96d0f921135a07309c1038b184b012450e63924fe30eee5d3789a2bf73bd74"", ""da199eb8d0c7f705923cf5421f357ff2a681d2a8135ae09ba99e7597033e875e"", ""adbf3c5f808b03bbc49d1921f7be42b87a73d58169818b4ee35bc1dd48a07b23"", ""c340ae4660044cd06e0e5e64dc41382b18f65dc520129d3bfeb1f2fff62f7d7f"", ""c886deab4eda73d4c7d413372c7d536181a7d420106ed50ae4704af0c245f553"", ""5fbe331047bcb5925261ebb5a9c4fe6fb79ae1f1fd8bd92a8fe4864326e6ace0"", ""925733c8498d4e582d95cf32c94963e5ac8f6b7a4fca1289e01a933a60ad94dd"", ""a999fccef95e2d0a5078cda2cb03a771de17391d3f0af574f6732a78fc705be7""]",[]
ambiguous,,2025-10-01,month,2025-10,MCBA,,Frutas,,Naranja,,Val.Seedle,,E. Rios,,Pe,,,,Moneda interpretada como ARS por tratarse de lista local MCBA. Atributos fuente: CAL=EL; TAM=090/110.,,687.5,,,$/kg,,ARS,False,2,,,,116431,PFRU25_K.xlsx#hoja=PFRU25_K;fila=576;C=5797;columna=K_OCTU,,C_historical_monthly_formula_unverified,probable:multiple_candidates,,,"[""e0a7d8fab19e58ac629513b7806a2e18e4e64832b2b2008162fe2ea70888e581"", ""658242e162a579468585578d6858c9d6777467eec29ddf6fb1ddca28c304fa2c""]",[]
ambiguous,,2025-10-01,month,2025-10,MCBA,,Frutas,,Naranja,,Val.Seedle,,E. Rios,,Pe,,,,Moneda interpretada como ARS por tratarse de lista local MCBA. Atributos fuente: CAL=EL; TAM=110/130.,,613.3,,,$/kg,,ARS,False,2,,,,116434,PFRU25_K.xlsx#hoja=PFRU25_K;fila=577;C=6497;columna=K_OCTU,,C_historical_monthly_formula_unverified,probable:multiple_candidates,,,"[""e0a7d8fab19e58ac629513b7806a2e18e4e64832b2b2008162fe2ea70888e581"", ""658242e162a579468585578d6858c9d6777467eec29ddf6fb1ddca28c304fa2c""]",[]
ambiguous,,2025-10-01,month,2025-10,MCBA,,Frutas,,Palta,,Hass,,Brasil,,Ba,,,,Moneda interpretada como ARS por tratarse de lista local MCBA. Atributos fuente: CAL=EL; TAM=GRANDE.,,5350.0,,,$/kg,,ARS,False,2,,,,116518,PFRU25_K.xlsx#hoja=PFRU25_K;fila=604;C=5422;columna=K_OCTU,,C_historical_monthly_formula_unverified,probable:multiple_candidates,,,"[""16e2299bd6d6b398737155d85e7c5540f904bb83b17fe411216b6e3bc3370570"", ""0e09ff0f0f7cb0a122624facef17e8232db4b98739307cfb4ec61991bffe95f8""]",[]
ambiguous,,2025-10-01,month,2025-10,MCBA,,Frutas,,Palta,,Hass,,Brasil,,Ba,,,,Moneda interpretada como ARS por tratarse de lista local MCBA. Atributos fuente: CAL=EL; TAM=MEDIANO.,,4577.0,,,$/kg,,ARS,False,2,,,,116526,PFRU25_K.xlsx#hoja=PFRU25_K;fila=605;C=5423;columna=K_OCTU,,C_historical_monthly_formula_unverified,probable:multiple_candidates,,,"[""16e2299bd6d6b398737155d85e7c5540f904bb83b17fe411216b6e3bc3370570"", ""0e09ff0f0f7cb0a122624facef17e8232db4b98739307cfb4ec61991bffe95f8""]",[]
ambiguous,,2025-10-01,month,2025-10,MCBA,,Frutas,,Palta,,Hass,,Chile,,Ca,,,,Moneda interpretada como ARS por tratarse de lista local MCBA. Atributos fuente: CAL=EL; TAM=GRANDE.,,6597.0,,,$/kg,,ARS,False,2,,,,116539,PFRU25_K.xlsx#hoja=PFRU25_K;fila=608;C=2923;columna=K_OCTU,,C_historical_monthly_formula_unverified,probable:multiple_candidates,,,"[""29738f7ab9b541eef2be3dde82e2c3d1d8b91e5c757c60ebc7d749298823f2b5"", ""afb3ab74404405cfbc89cfc1678d5372c0a386e45f660ef728ccb64ea7d7a79e""]",[]
ambiguous,,2025-10-01,month,2025-10,MCBA,,Frutas,,Palta,,Hass,,Chile,,Ca,,,,Moneda interpretada como ARS por tratarse de lista local MCBA. Atributos fuente: CAL=EL; TAM=MEDIANO.,,6047.0,,,$/kg,,ARS,False,2,,,,116553,PFRU25_K.xlsx#hoja=PFRU25_K;fila=610;C=6221;columna=K_OCTU,,C_historical_monthly_formula_unverified,probable:multiple_candidates,,,"[""29738f7ab9b541eef2be3dde82e2c3d1d8b91e5c757c60ebc7d749298823f2b5"", ""afb3ab74404405cfbc89cfc1678d5372c0a386e45f660ef728ccb64ea7d7a79e""]",[]
ambiguous,,2025-10-01,month,2025-10,MCBA,,Frutas,,Pera,,Packham'S,,R. Negro,,Ca,,,,Moneda interpretada como ARS por tratarse de lista local MCBA. Atributos fuente: CAL=EL; TAM=070/090.,,1742.0,,,$/kg,,ARS,False,3,,,,116690,PFRU25_K.xlsx#hoja=PFRU25_K;fila=677;C=6427;columna=K_OCTU,,C_historical_monthly_formula_unverified,probable:multiple_candidates,,,"[""ea61a69a10d38b1c982583c409839d63add49225820b3210121959dd70cd11c1"", ""4133abaa81f925d7e4a4dd46d67308beb4ba3562bf4a895e397da85c2a1fa0d6"", ""f09268db5141eaf9ea16b83bdd4dc8eeed269da7ac88e1a1f8efbf43481af4ea""]",[]
ambiguous,,2025-10-01,month,2025-10,MCBA,,Frutas,,Pera,,Packham'S,,R. Negro,,Ja,,,,Moneda interpretada como ARS por tratarse de lista local MCBA. Atributos fuente: CAL=EL; TAM=090/11O.,,1339.0,,,$/kg,,ARS,False,3,,,,116699,PFRU25_K.xlsx#hoja=PFRU25_K;fila=678;C=6428;columna=K_OCTU,,C_historical_monthly_formula_unverified,probable:multiple_candidates,,,"[""66ca056842c1de06b8e5e505fc064394fb9817300f73e376de9a6979910b0ec5"", ""87185d416951f9b9366eec83d0c1351c15108882c37d3cc5f3fbfe485f04f226"", ""be0e271c581e0a8780f1e5978b656bc490b0af6dcf39bf5166850a19b9bf3f04""]",[]
ambiguous,,2025-10-01,month,2025-10,MCBA,,Frutas,,Pera,,Packham'S,,R. Negro,,Ja,,,,Moneda interpretada como ARS por tratarse de lista local MCBA. Atributos fuente: CAL=EL; TAM=120/140.,,1142.0,,,$/kg,,ARS,False,3,,,,116707,PFRU25_K.xlsx#hoja=PFRU25_K;fila=679;C=6030;columna=K_OCTU,,C_historical_monthly_formula_unverified,probable:multiple_candidates,,,"[""66ca056842c1de06b8e5e505fc064394fb9817300f73e376de9a6979910b0ec5"", ""87185d416951f9b9366eec83d0c1351c15108882c37d3cc5f3fbfe485f04f226"", ""be0e271c581e0a8780f1e5978b656bc490b0af6dcf39bf5166850a19b9bf3f04""]",[]
ambiguous,,2025-10-01,month,2025-10,MCBA,,Frutas,,Pera,,Packham'S,,R. Negro,,Ca,,,,Moneda interpretada como ARS por tratarse de lista local MCBA. Atributos fuente: CAL=EL; TAM=036/040.,,2009.0,,,$/kg,,ARS,False,3,,,,116715,PFRU25_K.xlsx#hoja=PFRU25_K;fila=680;C=6445;columna=K_OCTU,,C_historical_monthly_formula_unverified,probable:multiple_candidates,,,"[""ea61a69a10d38b1c982583c409839d63add49225820b3210121959dd70cd11c1"", ""4133abaa81f925d7e4a4dd46d67308beb4ba3562bf4a895e397da85c2a1fa0d6"", ""f09268db5141eaf9ea16b83bdd4dc8eeed269da7ac88e1a1f8efbf43481af4ea""]",[]
ambiguous,,2025-10-01,month,2025-10,MCBA,,Frutas,,Pera,,Packham'S,,R. Negro,,Ca,,,,Moneda interpretada como ARS por tratarse de lista local MCBA. Atributos fuente: CAL=EL; TAM=110/130.,,1500.0,,,$/kg,,ARS,False,3,,,,116722,PFRU25_K.xlsx#hoja=PFRU25_K;fila=681;C=6474;columna=K_OCTU,,C_historical_monthly_formula_unverified,probable:multiple_candidates,,,"[""ea61a69a10d38b1c982583c409839d63add49225820b3210121959dd70cd11c1"", ""4133abaa81f925d7e4a4dd46d67308beb4ba3562bf4a895e397da85c2a1fa0d6"", ""f09268db5141eaf9ea16b83bdd4dc8eeed269da7ac88e1a1f8efbf43481af4ea""]",[]
ambiguous,,2025-10-01,month,2025-10,MCBA,,Frutas,,Pera,,Packham'S,,R. Negro,,Ja,,,,Moneda interpretada como ARS por tratarse de lista local MCBA. Atributos fuente: CAL=CL; TAM=110/130.,,1444.0,,,$/kg,,ARS,False,3,,,,116725,PFRU25_K.xlsx#hoja=PFRU25_K;fila=682;C=5995;columna=K_OCTU,,C_historical_monthly_formula_unverified,probable:multiple_candidates,,,"[""66ca056842c1de06b8e5e505fc064394fb9817300f73e376de9a6979910b0ec5"", ""87185d416951f9b9366eec83d0c1351c15108882c37d3cc5f3fbfe485f04f226"", ""be0e271c581e0a8780f1e5978b656bc490b0af6dcf39bf5166850a19b9bf3f04""]",[]
probable,2025-10-01,2025-10-01,month,2025-10,MCBA,Hortalizas,Hortalizas,ACHICORIA,Achicoria,,,BS. AS.,Bs. As.,ATADO,At,,MEDIANO,,Moneda interpretada como ARS por tratarse de lista local MCBA. Atributos fuente: TAM=MEDIANO.,366.42857142857144,364.8,1.6285714285714334,kg,$/kg,ARS,ARS,True,1,cfdafc8df7e3f931a66fce6160a883a180ef0dfdd104bbaae9f04e10d4f9c9c7,,,112550,PHOR25_K.xlsx#hoja=PHOR25_K;fila=9;C=4505;columna=K_OCTU,https://ssma.magyp.gob.ar/frutas.precios.aspx,C_historical_monthly_formula_unverified,probable:unique_dimensions_price_difference,1.6285714285714334,0.004464285714285728,[112550],"[{""canonical_current"": ""ATADO"", ""canonical_magyp"": ""ATADO"", ""current"": ""At"", ""dimension"": ""package"", ""magyp"": ""ATADO""}]"
probable,2025-10-01,2025-10-01,month,2025-10,MCBA,Hortalizas,Hortalizas,ACUSAY,Acusay,,,BS. AS.,Bs. As.,JAULA,Ja,Primera,GRANDE,,Moneda interpretada como ARS por tratarse de lista local MCBA. Atributos fuente: CAL=1A; TAM=GRANDE.,773.3333333333334,775.2,-1.8666666666666742,kg,$/kg,ARS,ARS,True,1,3d4d25bdd8fa3353beeaeb6824f4d49c2f54a03af804744c4153f736b89e6c4b,,,112565,PHOR25_K.xlsx#hoja=PHOR25_K;fila=13;C=3306;columna=K_OCTU,https://ssma.magyp.gob.ar/frutas.precios.aspx,C_historical_monthly_formula_unverified,probable:unique_dimensions_price_difference,1.8666666666666742,-0.0024079807361541204,[112565],"[{""canonical_current"": ""JAULA"", ""canonical_magyp"": ""JAULA"", ""current"": ""Ja"", ""dimension"": ""package"", ""magyp"": ""JAULA""}]"
probable,2025-10-01,2025-10-01,month,2025-10,MCBA,Hortalizas,Hortalizas,ALBAHACA,Albahaca,,,BS. AS.,Bs. As.,ATADO,At,Primera,,INVERNAC,Moneda interpretada como ARS por tratarse de lista local MCBA. Atributos fuente: CAL=1A; GRADO=INV.,450.4761904761905,458.1,-7.623809523809541,kg,$/kg,ARS,ARS,True,1,611372a5717739cdadf46062ff2ece20e6e743a31facaca324b23f8aafff616d,,,112717,PHOR25_K.xlsx#hoja=PHOR25_K;fila=49;C=1201;columna=K_OCTU,https://ssma.magyp.gob.ar/frutas.precios.aspx,C_historical_monthly_formula_unverified,probable:unique_dimensions_price_difference,7.623809523809541,-0.016642238646167956,[112717],"[{""canonical_current"": ""ATADO"", ""canonical_magyp"": ""ATADO"", ""current"": ""At"", ""dimension"": ""package"", ""magyp"": ""ATADO""}]"
probable,2025-10-01,2025-10-01,month,2025-10,MCBA,Hortalizas,Hortalizas,ALBAHACA,Albahaca,,,CTES.,Ctes.,ATADO,At,Primera,,INVERNAC,Moneda interpretada como ARS por tratarse de lista local MCBA. Atributos fuente: CAL=1A; GRADO=INV.,415.55555555555554,409.1,6.45555555555552,kg,$/kg,ARS,ARS,True,1,7e246959c833b249f4e3541d974480737dcc84e046c9fb68d368fbfd7667e971,,,112726,PHOR25_K.xlsx#hoja=PHOR25_K;fila=50;C=1367;columna=K_OCTU,https://ssma.magyp.gob.ar/frutas.precios.aspx,C_historical_monthly_formula_unverified,probable:unique_dimensions_price_difference,6.45555555555552,0.015779896249219067,[112726],"[{""canonical_current"": ""ATADO"", ""canonical_magyp"": ""ATADO"", ""current"": ""At"", ""dimension"": ""package"", ""magyp"": ""ATADO""}]"
probable,2025-10-01,2025-10-01,month,2025-10,MCBA,Hortalizas,Hortalizas,ALCAUCIL,Alcaucil,BLANCO,Blanco,BS. AS.,Bs. As.,TORO,To,Primera,MEDIANO,,Moneda interpretada como ARS por tratarse de lista local MCBA. Atributos fuente: CAL=1A; TAM=MEDIANO.,2720.8325,2721.0,-0.1675000000000182,kg,$/kg,ARS,ARS,True,1,55a18c40ad0b330452704bd2ea596d9517e1caeec105d0aa53bb84df8ff69ce5,,,112727,PHOR25_K.xlsx#hoja=PHOR25_K;fila=52;C=2045;columna=K_OCTU,https://ssma.magyp.gob.ar/frutas.precios.aspx,C_historical_monthly_formula_unverified,probable:unique_dimensions_price_difference,0.1675000000000182,-6.155825064315259e-05,[112727],"[{""canonical_current"": ""TORO"", ""canonical_magyp"": ""TORO"", ""current"": ""To"", ""dimension"": ""package"", ""magyp"": ""TORO""}]"
probable,2025-10-01,2025-10-01,month,2025-10,MCBA,Hortalizas,Hortalizas,ALCAUCIL,Alcaucil,BLANCO,Blanco,SAN JUAN,San Juan,PERDIDO,Pe,Primera,MEDIANO,,Moneda interpretada como ARS por tratarse de lista local MCBA. Atributos fuente: CAL=1A; TAM=MEDIANO.,2562.5,2563.0,-0.5,kg,$/kg,ARS,ARS,True,1,433026f1daa7d19d116d40c2fb541da72ae278ffef82adcddb3c6ca6d1da9922,,,112730,PHOR25_K.xlsx#hoja=PHOR25_K;fila=54;C=4023;columna=K_OCTU,https://ssma.magyp.gob.ar/frutas.precios.aspx,C_historical_monthly_formula_unverified,probable:unique_dimensions_price_difference,0.5,-0.00019508388607101054,[112730],"[{""canonical_current"": ""PERDIDO"", ""canonical_magyp"": ""PERDIDO"", ""current"": ""Pe"", ""dimension"": ""package"", ""magyp"": ""PERDIDO""}]"
probable,2025-10-01,2025-10-01,month,2025-10,MCBA,Frutas,Frutas,ANANA,Anana,,,BRASIL,Brasil,CAJA,Ca,Elegido,012/014,,Moneda interpretada como ARS por tratarse de lista local MCBA. Atributos fuente: CAL=EL; TAM=012/014.,2169.3119047619048,2163.0,6.311904761904771,kg,$/kg,ARS,ARS,True,1,b732db2ccb554bacacd4e7e02263b59cddb51673143957feb827aeb2e0c43560,,,114959,PFRU25_K.xlsx#hoja=PFRU25_K;fila=6;C=5744;columna=K_OCTU,https://ssma.magyp.gob.ar/frutas.precios.aspx,C_historical_monthly_formula_unverified,probable:unique_dimensions_price_difference,6.311904761904771,0.0029181251788741426,[114959],"[{""canonical_current"": ""CAJA"", ""canonical_magyp"": ""CAJA"", ""current"": ""Ca"", ""dimension"": ""package"", ""magyp"": ""CAJA""}]"
probable,2025-10-01,2025-10-01,month,2025-10,MCBA,Frutas,Frutas,ANANA,Anana,,,ECUADOR,Ecuador,CAJA,Ca,Elegido,010/012,,Moneda interpretada como ARS por tratarse de lista local MCBA. Atributos fuente: CAL=EL; TAM=010/012.,2399.470476190476,2398.0,1.4704761904758925,kg,$/kg,ARS,ARS,True,1,1ed3a02245a3a8ac97056da6e2d0897677cf692d482bf16789c3feead2aea097,,,114972,PFRU25_K.xlsx#hoja=PFRU25_K;fila=8;C=6099;columna=K_OCTU,https://ssma.magyp.gob.ar/frutas.precios.aspx,C_historical_monthly_formula_unverified,probable:unique_dimensions_price_difference,1.4704761904758925,0.0006132094205487459,[114972],"[{""canonical_current"": ""CAJA"", ""canonical_magyp"": ""CAJA"", ""current"": ""Ca"", ""dimension"": ""package"", ""magyp"": ""CAJA""}]"
probable,2025-10-01,2025-10-01,month,2025-10,MCBA,Frutas,Frutas,ARANDANO,Arandano,,,BS. AS.,Bs. As.,CAJA,Ca,Elegido,GRANEL,,Moneda interpretada como ARS por tratarse de lista local MCBA. Atributos fuente: CAL=EL; TAM=GRANEL.,8650.797142857144,9136.0,-485.2028571428564,kg,$/kg,ARS,ARS,True,1,466814becbf40cea95bd8adf787420409113dee4c3cc41f069fb1c73723e465a,,,114983,PFRU25_K.xlsx#hoja=PFRU25_K;fila=15;C=5758;columna=K_OCTU,https://ssma.magyp.gob.ar/frutas.precios.aspx,C_historical_monthly_formula_unverified,probable:unique_dimensions_price_difference,485.2028571428564,-0.053108894170627884,[114983],"[{""canonical_current"": ""CAJA"", ""canonical_magyp"": ""CAJA"", ""current"": ""Ca"", ""dimension"": ""package"", ""magyp"": ""CAJA""}]"
probable,2025-10-01,2025-10-01,month,2025-10,MCBA,Frutas,Frutas,ARANDANO,Arandano,,,CTES.,Ctes.,CAJA,Ca,Elegido,GRANEL,,Moneda interpretada como ARS por tratarse de lista local MCBA. Atributos fuente: CAL=EL; TAM=GRANEL.,7968.25380952381,8456.0,-487.74619047619035,kg,$/kg,ARS,ARS,True,1,6cf6f75ee0bfc1211c3f648a4b1a52d22821353c61120d8770e2cc81f585bfce,,,114997,PFRU25_K.xlsx#hoja=PFRU25_K;fila=17;C=5730;columna=K_OCTU,https://ssma.magyp.gob.ar/frutas.precios.aspx,C_historical_monthly_formula_unverified,probable:unique_dimensions_price_difference,487.74619047619035,-0.057680486101725444,[114997],"[{""canonical_current"": ""CAJA"", ""canonical_magyp"": ""CAJA"", ""current"": ""Ca"", ""dimension"": ""package"", ""magyp"": ""CAJA""}]"
probable,2025-10-01,2025-10-01,month,2025-10,MCBA,Frutas,Frutas,ARANDANO,Arandano,,,E. RIOS,E. Rios,CAJA,Ca,Elegido,GRANEL,,Moneda interpretada como ARS por tratarse de lista local MCBA. Atributos fuente: CAL=EL; TAM=GRANEL.,6736.8421052631575,7767.0,-1030.1578947368425,kg,$/kg,ARS,ARS,True,1,9b29f602dcf01ec058150731fd0716c300ea0f7a8dee62cf9264c388344ad175,,,115004,PFRU25_K.xlsx#hoja=PFRU25_K;fila=18;C=5732;columna=K_OCTU,https://ssma.magyp.gob.ar/frutas.precios.aspx,C_historical_monthly_formula_unverified,probable:unique_dimensions_price_difference,1030.1578947368425,-0.13263266315653954,[115004],"[{""canonical_current"": ""CAJA"", ""canonical_magyp"": ""CAJA"", ""current"": ""Ca"", ""dimension"": ""package"", ""magyp"": ""CAJA""}]"
probable,2025-10-01,2025-10-01,month,2025-10,MCBA,Frutas,Frutas,ARANDANO,Arandano,,,TUCUMAN,Tucuman,CAJA,Ca,Elegido,GRANEL,,Moneda interpretada como ARS por tratarse de lista local MCBA. Atributos fuente: CAL=EL; TAM=GRANEL.,11888.878333333334,11889.0,-0.12166666666598758,kg,$/kg,ARS,ARS,True,1,419b0412a1ad38044c54374c5489c45cc68bdd051eea0ce3e6fe12c453ac901e,,,115012,PFRU25_K.xlsx#hoja=PFRU25_K;fila=20;C=5731;columna=K_OCTU,https://ssma.magyp.gob.ar/frutas.precios.aspx,C_historical_monthly_formula_unverified,probable:unique_dimensions_price_difference,0.12166666666598758,-1.0233549219109057e-05,[115012],"[{""canonical_current"": ""CAJA"", ""canonical_magyp"": ""CAJA"", ""current"": ""Ca"", ""dimension"": ""package"", ""magyp"": ""CAJA""}]"
probable,2025-10-01,2025-10-01,month,2025-10,MCBA,Hortalizas,Hortalizas,ARVEJA,Arveja,,,BS. AS.,Bs. As.,TORO,To,Primera,MEDIANO,INVERNAC,Moneda interpretada como ARS por tratarse de lista local MCBA. Atributos fuente: CAL=1A; TAM=MEDIANO; GRADO=INV.,3004.6052631578946,3040.0,-35.39473684210543,kg,$/kg,ARS,ARS,True,1,5f55fb0d1368636a5d8b6f319b72e56bde8bfa10ab217b89d76aae9e685aa26d,,,112770,PHOR25_K.xlsx#hoja=PHOR25_K;fila=63;C=3106;columna=K_OCTU,https://ssma.magyp.gob.ar/frutas.precios.aspx,C_historical_monthly_formula_unverified,probable:unique_dimensions_price_difference,35.39473684210543,-0.01164300554016626,[112770],"[{""canonical_current"": ""TORO"", ""canonical_magyp"": ""TORO"", ""current"": ""To"", ""dimension"": ""package"", ""magyp"": ""TORO""}]"
probable,2025-10-01,2025-10-01,month,2025-10,MCBA,Frutas,Frutas,BANANA,Banana,CAVENDISH,Cavendish,BOLIVIA,Bolivia,CAJA,Ca,Elegido,MEDIANO,,Moneda interpretada como ARS por tratarse de lista local MCBA. Atributos fuente: CAL=EL; TAM=MEDIANO.,1604.7619047619048,1581.0,23.761904761904816,kg,$/kg,ARS,ARS,True,1,8e8375ffc1c03b99e9ff4b83a86b8773bf6478978ef8e97df50b8e48600d4815,,,115022,PFRU25_K.xlsx#hoja=PFRU25_K;fila=22;C=4289;columna=K_OCTU,https://ssma.magyp.gob.ar/frutas.precios.aspx,C_historical_monthly_formula_unverified,probable:unique_dimensions_price_difference,23.761904761904816,0.015029667781090965,[115022],"[{""canonical_current"": ""CAJA"", ""canonical_magyp"": ""CAJA"", ""current"": ""Ca"", ""dimension"": ""package"", ""magyp"": ""CAJA""}]"
probable,2025-10-01,2025-10-01,month,2025-10,MCBA,Frutas,Frutas,BANANA,Banana,CAVENDISH,Cavendish,COLOMBIA,Colombia,CAJA,Ca,Elegido,MEDIANO,,Moneda interpretada como ARS por tratarse de lista local MCBA. Atributos fuente: CAL=EL; TAM=MEDIANO.,1778.5714285714287,1763.0,15.571428571428669,kg,$/kg,ARS,ARS,True,1,5ef28db875550631acec0013b8b4cae9886f6481b8a81a85a13f093e2f8eba10,,,115034,PFRU25_K.xlsx#hoja=PFRU25_K;fila=23;C=5393;columna=K_OCTU,https://ssma.magyp.gob.ar/frutas.precios.aspx,C_historical_monthly_formula_unverified,probable:unique_dimensions_price_difference,15.571428571428669,0.008832347459687277,[115034],"[{""canonical_current"": ""CAJA"", ""canonical_magyp"": ""CAJA"", ""current"": ""Ca"", ""dimension"": ""package"", ""magyp"": ""CAJA""}]"
probable,2025-10-01,2025-10-01,month,2025-10,MCBA,Frutas,Frutas,BANANA,Banana,NANIKA,Nanika,BRASIL,Brasil,PERDIDO,Pe,Elegido,MEDIANO,,Moneda interpretada como ARS por tratarse de lista local MCBA. Atributos fuente: CAL=EL; TAM=MEDIANO.,1511.904761904762,1492.0,19.904761904761926,kg,$/kg,ARS,ARS,True,1,ca3eeb8f9ced4655c684e6d08785091c8b08027945055516b5bb4aa87d8f48c6,,,115070,PFRU25_K.xlsx#hoja=PFRU25_K;fila=27;C=5435;columna=K_OCTU,https://ssma.magyp.gob.ar/frutas.precios.aspx,C_historical_monthly_formula_unverified,probable:unique_dimensions_price_difference,19.904761904761926,0.013340993233754643,[115070],"[{""canonical_current"": ""PERDIDO"", ""canonical_magyp"": ""PERDIDO"", ""current"": ""Pe"", ""dimension"": ""package"", ""magyp"": ""PERDIDO""}]"
probable,2025-10-01,2025-10-01,month,2025-10,MCBA,Frutas,Frutas,BANANA,Banana,NANIKA,Nanika,FORMOSA,Formosa,PERDIDO,Pe,Elegido,MEDIANO,,Moneda interpretada como ARS por tratarse de lista local MCBA. Atributos fuente: CAL=EL; TAM=MEDIANO.,905.8471428571428,909.1,-3.2528571428572377,kg,$/kg,ARS,ARS,True,1,18f7ea5cd6c7acec5b8863e07f13d827f8b593d989eb7a2c853c7329f608ec6a,,,115077,PFRU25_K.xlsx#hoja=PFRU25_K;fila=30;C=4286;columna=K_OCTU,https://ssma.magyp.gob.ar/frutas.precios.aspx,C_historical_monthly_formula_unverified,probable:unique_dimensions_price_difference,3.2528571428572377,-0.0035781070760722007,[115077],"[{""canonical_current"": ""PERDIDO"", ""canonical_magyp"": ""PERDIDO"", ""current"": ""Pe"", ""dimension"": ""package"", ""magyp"": ""PERDIDO""}]"
probable,2025-10-01,2025-10-01,month,2025-10,MCBA,Frutas,Frutas,BANANA,Banana,NANIKA,Nanika,PARAGUAY,Paraguay,PERDIDO,Pe,Elegido,MEDIANO,,Moneda interpretada como ARS por tratarse de lista local MCBA. Atributos fuente: CAL=EL; TAM=MEDIANO.,1359.0925,1348.0,11.092499999999973,kg,$/kg,ARS,ARS,True,1,716cd119e1f501e3007b746da1dcc0594490d94c53bcdd5ea3536c8b6d0f1f30,,,115088,PFRU25_K.xlsx#hoja=PFRU25_K;fila=31;C=4784;columna=K_OCTU,https://ssma.magyp.gob.ar/frutas.precios.aspx,C_historical_monthly_formula_unverified,probable:unique_dimensions_price_difference,11.092499999999973,0.008228857566765559,[115088],"[{""canonical_current"": ""PERDIDO"", ""canonical_magyp"": ""PERDIDO"", ""current"": ""Pe"", ""dimension"": ""package"", ""magyp"": ""PERDIDO""}]"
probable,2025-10-01,2025-10-01,month,2025-10,MCBA,Hortalizas,Hortalizas,BATATA,Batata,ARAPEY,Arapey,BRASIL,Brasil,BOLSA,Bo,Primera,MEDIANO,,Moneda interpretada como ARS por tratarse de lista local MCBA. Atributos fuente: CAL=1A; TAM=MEDIANO.,955.0,945.9,9.100000000000023,kg,$/kg,ARS,ARS,True,1,2b85f650cd7601df5e667b68f7a730963d98f5824e2bc583f5d7927cfc705314,,,112803,PHOR25_K.xlsx#hoja=PHOR25_K;fila=70;C=3808;columna=K_OCTU,https://ssma.magyp.gob.ar/frutas.precios.aspx,C_historical_monthly_formula_unverified,probable:unique_dimensions_price_difference,9.100000000000023,0.009620467279839331,[112803],"[{""canonical_current"": ""BOLSA"", ""canonical_magyp"": ""BOLSA"", ""current"": ""Bo"", ""dimension"": ""package"", ""magyp"": ""BOLSA""}]"
probable,2025-10-01,2025-10-01,month,2025-10,MCBA,Hortalizas,Hortalizas,BATATA,Batata,ARAPEY,Arapey,CORDOBA,Cordoba,BOLSA,Bo,Primera,MEDIANO,,Moneda interpretada como ARS por tratarse de lista local MCBA. Atributos fuente: CAL=1A; TAM=MEDIANO.,655.3138095238095,655.4,-0.08619047619049525,kg,$/kg,ARS,ARS,True,1,69ef6cf9b5ed8eb8ed33f252fd6927b169222249d2d2cb61993d02f4a32d1d08,,,112818,PHOR25_K.xlsx#hoja=PHOR25_K;fila=72;C=4319;columna=K_OCTU,https://ssma.magyp.gob.ar/frutas.precios.aspx,C_historical_monthly_formula_unverified,probable:unique_dimensions_price_difference,0.08619047619049525,-0.00013150820291500648,[112818],"[{""canonical_current"": ""BOLSA"", ""canonical_magyp"": ""BOLSA"", ""current"": ""Bo"", ""dimension"": ""package"", ""magyp"": ""BOLSA""}]"
probable,2025-10-01,2025-10-01,month,2025-10,MCBA,Hortalizas,Hortalizas,BATATA,Batata,BEAUREGARD,Beauregard,CORDOBA,Cordoba,BOLSA,Bo,Primera,MEDIANO,,Moneda interpretada como ARS por tratarse de lista local MCBA. Atributos fuente: CAL=1A; TAM=MEDIANO.,1552.0619047619048,1557.0,-4.938095238095229,kg,$/kg,ARS,ARS,True,1,ec612fe7588a806f7e56762632a7c4ee293ff99956835c4ed0a01eb4fc224977,,,112828,PHOR25_K.xlsx#hoja=PHOR25_K;fila=75;C=4219;columna=K_OCTU,https://ssma.magyp.gob.ar/frutas.precios.aspx,C_historical_monthly_formula_unverified,probable:unique_dimensions_price_difference,4.938095238095229,-0.0031715447900418944,[112828],"[{""canonical_current"": ""BOLSA"", ""canonical_magyp"": ""BOLSA"", ""current"": ""Bo"", ""dimension"": ""package"", ""magyp"": ""BOLSA""}]"
probable,2025-10-01,2025-10-01,month,2025-10,MCBA,Hortalizas,Hortalizas,BATATA,Batata,BEAUREGARD,Beauregard,FORMOSA,Formosa,BOLSA,Bo,Primera,MEDIANO,,Moneda interpretada como ARS por tratarse de lista local MCBA. Atributos fuente: CAL=1A; TAM=MEDIANO.,1705.1295238095238,1701.0,4.129523809523789,kg,$/kg,ARS,ARS,True,1,494fbaa86cab5b8a8d247d0ec86efdb09a2ec89b5b3751cfaf2497ad89c47db2,,,112832,PHOR25_K.xlsx#hoja=PHOR25_K;fila=76;C=4340;columna=K_OCTU,https://ssma.magyp.gob.ar/frutas.precios.aspx,C_historical_monthly_formula_unverified,probable:unique_dimensions_price_difference,4.129523809523789,0.0024277035917247437,[112832],"[{""canonical_current"": ""BOLSA"", ""canonical_magyp"": ""BOLSA"", ""current"": ""Bo"", ""dimension"": ""package"", ""magyp"": ""BOLSA""}]"
probable,2025-10-01,2025-10-01,month,2025-10,MCBA,Hortalizas,Hortalizas,BATATA,Batata,BEAUREGARD,Beauregard,S. PEDRO,S. Pedro,CAJA,Ca,Primera,MEDIANO,,Moneda interpretada como ARS por tratarse de lista local MCBA. Atributos fuente: CAL=1A; TAM=MEDIANO.,1824.5395238095239,1828.0,-3.460476190476129,kg,$/kg,ARS,ARS,True,1,d4704794d94195bc2b958f3408d04516332010271cae79c8d720547b63e86ea9,,,112844,PHOR25_K.xlsx#hoja=PHOR25_K;fila=78;C=4546;columna=K_OCTU,https://ssma.magyp.gob.ar/frutas.precios.aspx,C_historical_monthly_formula_unverified,probable:unique_dimensions_price_difference,3.460476190476129,-0.0018930394915077293,[112844],"[{""canonical_current"": ""CAJA"", ""canonical_magyp"": ""CAJA"", ""current"": ""Ca"", ""dimension"": ""package"", ""magyp"": ""CAJA""}]"
probable,2025-10-01,2025-10-01,month,2025-10,MCBA,Hortalizas,Hortalizas,BATATA,Batata,VIOLETA,Violeta,BRASIL,Brasil,BOLSA,Bo,Primera,MEDIANO,,Moneda interpretada como ARS por tratarse de lista local MCBA. Atributos fuente: CAL=1A; TAM=MEDIANO.,1307.1052631578948,1306.0,1.1052631578947967,kg,$/kg,ARS,ARS,True,1,5842ce99c5a5c07485d3213dfc75fa844aae3ae8ce10f5c47bfda996a1644e10,,,112850,PHOR25_K.xlsx#hoja=PHOR25_K;fila=80;C=4547;columna=K_OCTU,https://ssma.magyp.gob.ar/frutas.precios.aspx,C_historical_monthly_formula_unverified,probable:unique_dimensions_price_difference,1.1052631578947967,0.0008462964455549745,[112850],"[{""canonical_current"": ""BOLSA"", ""canonical_magyp"": ""BOLSA"", ""current"": ""Bo"", ""dimension"": ""package"", ""magyp"": ""BOLSA""}]"
probable,2025-10-01,2025-10-01,month,2025-10,MCBA,Hortalizas,Hortalizas,BERENJENA,Berenjena,VTA.MED.LA,Vta.Med.La,BS. AS.,Bs. As.,TORO,To,Primera,MEDIANO,,Moneda interpretada como ARS por tratarse de lista local MCBA. Atributos fuente: CAL=1A; TAM=MEDIANO.,1086.904761904762,1072.0,14.904761904761926,kg,$/kg,ARS,ARS,True,1,1cd468cbd6bfef8250179ef38a094d6b098d773dcd36912583c1cd41865e522f,,,112866,PHOR25_K.xlsx#hoja=PHOR25_K;fila=85;C=3843;columna=K_OCTU,https://ssma.magyp.gob.ar/frutas.precios.aspx,C_historical_monthly_formula_unverified,probable:unique_dimensions_price_difference,14.904761904761926,0.013903695806680902,[112866],"[{""canonical_current"": ""TORO"", ""canonical_magyp"": ""TORO"", ""current"": ""To"", ""dimension"": ""package"", ""magyp"": ""TORO""}]"
probable,2025-10-01,2025-10-01,month,2025-10,MCBA,Hortalizas,Hortalizas,BERENJENA,Berenjena,VTA.MED.LA,Vta.Med.La,SALTA,Salta,PERDIDO,Pe,Primera,MEDIANO,INVERNAC,Moneda interpretada como ARS por tratarse de lista local MCBA. Atributos fuente: CAL=1A; TAM=MEDIANO; GRADO=INV.,1428.5728571428572,1413.0,15.572857142857174,kg,$/kg,ARS,ARS,True,1,38632f7ab21280c18ea3f0d989e32bdd5e525a44fe7fb3d410118d1519f780a1,,,112902,PHOR25_K.xlsx#hoja=PHOR25_K;fila=91;C=2322;columna=K_OCTU,https://ssma.magyp.gob.ar/frutas.precios.aspx,C_historical_monthly_formula_unverified,probable:unique_dimensions_price_difference,15.572857142857174,0.0110211303204934,[112902],"[{""canonical_current"": ""PERDIDO"", ""canonical_magyp"": ""PERDIDO"", ""current"": ""Pe"", ""dimension"": ""package"", ""magyp"": ""PERDIDO""}]"
probable,2025-10-01,2025-10-01,month,2025-10,MCBA,Hortalizas,Hortalizas,BERENJENA,Berenjena,VTA.MED.LA,Vta.Med.La,SALTA,Salta,TORO,To,Primera,MEDIANO,,Moneda interpretada como ARS por tratarse de lista local MCBA. Atributos fuente: CAL=1A; TAM=MEDIANO.,974.6028571428571,960.9,13.70285714285717,kg,$/kg,ARS,ARS,True,1,f381cb20da60b5086d6d3194468ee0dca96328f521f298a8342a9f3e3fef71dc,,,112894,PHOR25_K.xlsx#hoja=PHOR25_K;fila=90;C=1499;columna=K_OCTU,https://ssma.magyp.gob.ar/frutas.precios.aspx,C_historical_monthly_formula_unverified,probable:unique_dimensions_price_difference,13.70285714285717,0.014260440360971141,[112894],"[{""canonical_current"": ""TORO"", ""canonical_magyp"": ""TORO"", ""current"": ""To"", ""dimension"": ""package"", ""magyp"": ""TORO""}]"
probable,2025-10-01,2025-10-01,month,2025-10,MCBA,Hortalizas,Hortalizas,BERENJENA,Berenjena,VTA.MED.LA,Vta.Med.La,TUCUMAN,Tucuman,PERDIDO,Pe,Primera,MEDIANO,,Moneda interpretada como ARS por tratarse de lista local MCBA. Atributos fuente: CAL=1A; TAM=MEDIANO.,1083.3319999999999,1083.0,0.33199999999987995,kg,$/kg,ARS,ARS,True,1,93e813204a06e53f4d0d69ed2c4518f497223c37b92815fde12dcc6abb9d3563,,,112907,PHOR25_K.xlsx#hoja=PHOR25_K;fila=93;C=4391;columna=K_OCTU,https://ssma.magyp.gob.ar/frutas.precios.aspx,C_historical_monthly_formula_unverified,probable:unique_dimensions_price_difference,0.33199999999987995,0.0003065558633424561,[112907],"[{""canonical_current"": ""PERDIDO"", ""canonical_magyp"": ""PERDIDO"", ""current"": ""Pe"", ""dimension"": ""package"", ""magyp"": ""PERDIDO""}]"
probable,2025-10-01,2025-10-01,month,2025-10,MCBA,Hortalizas,Hortalizas,BERRO,Berro,,,BS. AS.,Bs. As.,ATADO,At,Primera,SIN TAM,,Moneda interpretada como ARS por tratarse de lista local MCBA. Atributos fuente: CAL=1A; TAM=SIN TAM.,2157.1428571428573,2134.0,23.142857142857338,kg,$/kg,ARS,ARS,True,1,c62b59f960844a6a943277b1743da38372c6177c6293d7592f5c5a6d228adce8,,,112919,PHOR25_K.xlsx#hoja=PHOR25_K;fila=96;C=4509;columna=K_OCTU,https://ssma.magyp.gob.ar/frutas.precios.aspx,C_historical_monthly_formula_unverified,probable:unique_dimensions_price_difference,23.142857142857338,0.01084482527781506,[112919],"[{""canonical_current"": ""ATADO"", ""canonical_magyp"": ""ATADO"", ""current"": ""At"", ""dimension"": ""package"", ""magyp"": ""ATADO""}]"
probable,2025-10-01,2025-10-01,month,2025-10,MCBA,Hortalizas,Hortalizas,BROTE ALFA,Brote Alfa,,,BS. AS.,Bs. As.,BOLSA,Bo,Primera,MEDIANO,,Moneda interpretada como ARS por tratarse de lista local MCBA. Atributos fuente: CAL=1A; TAM=MEDIANO.,7761.9047619047615,7794.0,-32.09523809523853,kg,$/kg,ARS,ARS,True,1,f4ddf1f6a3d9444407fdd1d2a2a8a1aa8a0e3484fbd58d5ed18dd89a84d3a371,,,112962,PHOR25_K.xlsx#hoja=PHOR25_K;fila=103;C=3696;columna=K_OCTU,https://ssma.magyp.gob.ar/frutas.precios.aspx,C_historical_monthly_formula_unverified,probable:unique_dimensions_price_difference,32.09523809523853,-0.004117941762283619,[112962],"[{""canonical_current"": ""BOLSA"", ""canonical_magyp"": ""BOLSA"", ""current"": ""Bo"", ""dimension"": ""package"", ""magyp"": ""BOLSA""}]"
probable,2025-10-01,2025-10-01,month,2025-10,MCBA,Hortalizas,Hortalizas,BROTE SOJA,Brote Soja,,,BS. AS.,Bs. As.,BOLSA,Bo,Primera,,,Moneda interpretada como ARS por tratarse de lista local MCBA. Atributos fuente: CAL=1A.,5142.857142857143,5135.0,7.857142857143117,kg,$/kg,ARS,ARS,True,1,512996023b9da58b86d0793d0c3725587a4bc141f55feec8d8c43b1467278805,,,112974,PHOR25_K.xlsx#hoja=PHOR25_K;fila=105;C=1048;columna=K_OCTU,https://ssma.magyp.gob.ar/frutas.precios.aspx,C_historical_monthly_formula_unverified,probable:unique_dimensions_price_difference,7.857142857143117,0.0015301154541661377,[112974],"[{""canonical_current"": ""BOLSA"", ""canonical_magyp"": ""BOLSA"", ""current"": ""Bo"", ""dimension"": ""package"", ""magyp"": ""BOLSA""}]"
probable,2025-10-01,2025-10-01,month,2025-10,MCBA,Hortalizas,Hortalizas,CARDO,Cardo,,,BS. AS.,Bs. As.,ATADO,At,Primera,MEDIANO,,Moneda interpretada como ARS por tratarse de lista local MCBA. Atributos fuente: CAL=1A; TAM=MEDIANO.,811.1111111111111,791.7,19.41111111111104,kg,$/kg,ARS,ARS,True,1,30f8ad514de002cef91a26df1b0e2a7f0f35a8de4d6f7fe2515036a79ab8a35c,,,112980,PHOR25_K.xlsx#hoja=PHOR25_K;fila=107;C=2613;columna=K_OCTU,https://ssma.magyp.gob.ar/frutas.precios.aspx,C_historical_monthly_formula_unverified,probable:unique_dimensions_price_difference,19.41111111111104,0.024518265897576153,[112980],"[{""canonical_current"": ""ATADO"", ""canonical_magyp"": ""ATADO"", ""current"": ""At"", ""dimension"": ""package"", ""magyp"": ""ATADO""}]"
probable,2025-10-01,2025-10-01,month,2025-10,MCBA,Hortalizas,Hortalizas,CEB.VERDEO,Ceb.Verdeo,COLORADA,Colorada,BS. AS.,Bs. As.,ATADO,At,Primera,MEDIANO,,Moneda interpretada como ARS por tratarse de lista local MCBA. Atributos fuente: CAL=1A; TAM=MEDIANO.,3483.3333333333335,3314.0,169.33333333333348,kg,$/kg,ARS,ARS,True,1,ff711b7ad75a6356e4dba52a0b268fc998157687f576f68be0bb082e5a116c8c,,,113015,PHOR25_K.xlsx#hoja=PHOR25_K;fila=112;C=160017;columna=K_OCTU,https://ssma.magyp.gob.ar/frutas.precios.aspx,C_historical_monthly_formula_unverified,probable:unique_dimensions_price_difference,169.33333333333348,0.05109635888151282,[113015],"[{""canonical_current"": ""ATADO"", ""canonical_magyp"": ""ATADO"", ""current"": ""At"", ""dimension"": ""package"", ""magyp"": ""ATADO""}]"
probable,2025-10-01,2025-10-01,month,2025-10,MCBA,Hortalizas,Hortalizas,CEBOLLA,Cebolla,BLANCA,Blanca,SGO.EST.,Sgo.Est.,BOLSA,Bo,Primera,MEDIANO,,Moneda interpretada como ARS por tratarse de lista local MCBA. Atributos fuente: CAL=1A; TAM=MEDIANO.,706.4285714285714,717.7,-11.2714285714286,kg,$/kg,ARS,ARS,True,1,a3b12061aef27fd072ce2ca191191f4adec22d3e532644352195e426e6f74381,,,113030,PHOR25_K.xlsx#hoja=PHOR25_K;fila=117;C=4545;columna=K_OCTU,https://ssma.magyp.gob.ar/frutas.precios.aspx,C_historical_monthly_formula_unverified,probable:unique_dimensions_price_difference,11.2714285714286,-0.015704930432532533,[113030],"[{""canonical_current"": ""BOLSA"", ""canonical_magyp"": ""BOLSA"", ""current"": ""Bo"", ""dimension"": ""package"", ""magyp"": ""BOLSA""}]"
probable,2025-10-01,2025-10-01,month,2025-10,MCBA,Hortalizas,Hortalizas,CEBOLLA,Cebolla,COLORADA,Colorada,BRASIL,Brasil,BOLSA,Bo,Primera,MEDIANO,,Moneda interpretada como ARS por tratarse de lista local MCBA. Atributos fuente: CAL=1A; TAM=MEDIANO.,1005.952380952381,1015.0,-9.047619047619037,kg,$/kg,ARS,ARS,True,1,ccfce13358e52a0b13aa0b30ec661cd0d6f3013c68868e6991ab30e618713dec,,,113038,PHOR25_K.xlsx#hoja=PHOR25_K;fila=119;C=3591;columna=K_OCTU,https://ssma.magyp.gob.ar/frutas.precios.aspx,C_historical_monthly_formula_unverified,probable:unique_dimensions_price_difference,9.047619047619037,-0.008913910391742894,[113038],"[{""canonical_current"": ""BOLSA"", ""canonical_magyp"": ""BOLSA"", ""current"": ""Bo"", ""dimension"": ""package"", ""magyp"": ""BOLSA""}]"
probable,2025-10-01,2025-10-01,month,2025-10,MCBA,Hortalizas,Hortalizas,CEBOLLA,Cebolla,COLORADA,Colorada,S.BS.AS.,S.Bs.As.,BOLSA,Bo,Primera,MEDIANO,,Moneda interpretada como ARS por tratarse de lista local MCBA. Atributos fuente: CAL=1A; TAM=MEDIANO.,609.047619047619,618.1,-9.052380952380986,kg,$/kg,ARS,ARS,True,1,5aa73c03d44c93a075105fbfcb49b76fe33bc1cddabab91690fd5ebe60fb010b,,,113057,PHOR25_K.xlsx#hoja=PHOR25_K;fila=123;C=3754;columna=K_OCTU,https://ssma.magyp.gob.ar/frutas.precios.aspx,C_historical_monthly_formula_unverified,probable:unique_dimensions_price_difference,9.052380952380986,-0.014645495797413017,[113057],"[{""canonical_current"": ""BOLSA"", ""canonical_magyp"": ""BOLSA"", ""current"": ""Bo"", ""dimension"": ""package"", ""magyp"": ""BOLSA""}]"
probable,2025-10-01,2025-10-01,month,2025-10,MCBA,Hortalizas,Hortalizas,CEBOLLA,Cebolla,OPTIMA,Optima,BRASIL,Brasil,BOLSA,Bo,Primera,MEDIANO,,Moneda interpretada como ARS por tratarse de lista local MCBA. Atributos fuente: CAL=1A; TAM=MEDIANO.,558.0952380952381,560.3,-2.204761904761881,kg,$/kg,ARS,ARS,True,1,b3ae5d42f02d71c0ffd26a354b753c04f7b428b5c6beddeaa211824f0e51364f,,,113061,PHOR25_K.xlsx#hoja=PHOR25_K;fila=124;C=3845;columna=K_OCTU,https://ssma.magyp.gob.ar/frutas.precios.aspx,C_historical_monthly_formula_unverified,probable:unique_dimensions_price_difference,2.204761904761881,-0.003934966811996932,[113061],"[{""canonical_current"": ""BOLSA"", ""canonical_magyp"": ""BOLSA"", ""current"": ""Bo"", ""dimension"": ""package"", ""magyp"": ""BOLSA""}]"
probable,2025-10-01,2025-10-01,month,2025-10,MCBA,Hortalizas,Hortalizas,CEBOLLA,Cebolla,VALENCIANA,Valenciana,R. NEGRO,R. Negro,BOLSA,Bo,Segunda,MEDIANO,,Moneda interpretada como ARS por tratarse de lista local MCBA. Atributos fuente: CAL=2A; TAM=MEDIANO.,260.90909090909093,263.3,-2.3909090909090764,kg,$/kg,ARS,ARS,True,1,e39f9b398f4f0f96c8b7ab657a87eed94fa2d46e86dc4ceb197f15f41dcfc2c8,,,113075,PHOR25_K.xlsx#hoja=PHOR25_K;fila=126;C=3728;columna=K_OCTU,https://ssma.magyp.gob.ar/frutas.precios.aspx,C_historical_monthly_formula_unverified,probable:unique_dimensions_price_difference,2.3909090909090764,-0.00908055104788863,[113075],"[{""canonical_current"": ""BOLSA"", ""canonical_magyp"": ""BOLSA"", ""current"": ""Bo"", ""dimension"": ""package"", ""magyp"": ""BOLSA""}]"
probable,2025-10-01,2025-10-01,month,2025-10,MCBA,Hortalizas,Hortalizas,CEBOLLA,Cebolla,VALENCIANI,Valenciani,SAN JUAN,San Juan,BOLSA,Bo,Primera,MEDIANO,,Moneda interpretada como ARS por tratarse de lista local MCBA. Atributos fuente: CAL=1A; TAM=MEDIANO.,457.14285714285717,453.5,3.642857142857167,kg,$/kg,ARS,ARS,True,1,91a84d1cf50a10fe0855b726fe9d64a144e69306bd22a70666beb07760b37940,,,113111,PHOR25_K.xlsx#hoja=PHOR25_K;fila=136;C=3824;columna=K_OCTU,https://ssma.magyp.gob.ar/frutas.precios.aspx,C_historical_monthly_formula_unverified,probable:unique_dimensions_price_difference,3.642857142857167,0.008032761064734658,[113111],"[{""canonical_current"": ""BOLSA"", ""canonical_magyp"": ""BOLSA"", ""current"": ""Bo"", ""dimension"": ""package"", ""magyp"": ""BOLSA""}]"
probable,2025-10-01,2025-10-01,month,2025-10,MCBA,Frutas,Frutas,CEREZA,Cereza,NIMBA,Nimba,MENDOZA,Mendoza,CAJA,Ca,Elegido,MEDIANO,,Moneda interpretada como ARS por tratarse de lista local MCBA. Atributos fuente: CAL=EL; TAM=MEDIANO.,26666.666666666668,26667.0,-0.3333333333321207,kg,$/kg,ARS,ARS,True,1,da84cd8959a324ca5f7bb7db91ce398a2a9dc75ac17ae0f2c8ee21fa9240dba3,,,115154,PFRU25_K.xlsx#hoja=PFRU25_K;fila=69;C=6521;columna=K_OCTU,https://ssma.magyp.gob.ar/frutas.precios.aspx,C_historical_monthly_formula_unverified,probable:unique_dimensions_price_difference,0.3333333333321207,-1.2499843751907626e-05,[115154],"[{""canonical_current"": ""CAJA"", ""canonical_magyp"": ""CAJA"", ""current"": ""Ca"", ""dimension"": ""package"", ""magyp"": ""CAJA""}]"
probable,2025-10-01,2025-10-01,month,2025-10,MCBA,Hortalizas,Hortalizas,CHAUCHA,Chaucha,KRONOS,Kronos,CTES.,Ctes.,PERDIDO,Pe,Primera,MEDIANO,INVERNAC,Moneda interpretada como ARS por tratarse de lista local MCBA. Atributos fuente: CAL=1A; TAM=MEDIANO; GRADO=INV.,2175.595238095238,2244.0,-68.40476190476193,kg,$/kg,ARS,ARS,True,1,5807457c4c18ed50883659a68ebf1f2ed211c5908a2a94c9288571a56e5965d8,,,113137,PHOR25_K.xlsx#hoja=PHOR25_K;fila=143;C=3886;columna=K_OCTU,https://ssma.magyp.gob.ar/frutas.precios.aspx,C_historical_monthly_formula_unverified,probable:unique_dimensions_price_difference,68.40476190476193,-0.030483405483405494,[113137],"[{""canonical_current"": ""PERDIDO"", ""canonical_magyp"": ""PERDIDO"", ""current"": ""Pe"", ""dimension"": ""package"", ""magyp"": ""PERDIDO""}]"
probable,2025-10-01,2025-10-01,month,2025-10,MCBA,Hortalizas,Hortalizas,CHAUCHA,Chaucha,ROLLIZA,Rolliza,BS. AS.,Bs. As.,TORO,To,Primera,MEDIANO,INVERNAC,Moneda interpretada como ARS por tratarse de lista local MCBA. Atributos fuente: CAL=1A; TAM=MEDIANO; GRADO=INV.,1765.0,1867.0,-102.0,kg,$/kg,ARS,ARS,True,1,614ba125d3410784c9c61b52394633c8b2d7374cf6bca2cb947df7aa16534f5f,,,113156,PHOR25_K.xlsx#hoja=PHOR25_K;fila=149;C=4557;columna=K_OCTU,https://ssma.magyp.gob.ar/frutas.precios.aspx,C_historical_monthly_formula_unverified,probable:unique_dimensions_price_difference,102.0,-0.05463310123192287,[113156],"[{""canonical_current"": ""TORO"", ""canonical_magyp"": ""TORO"", ""current"": ""To"", ""dimension"": ""package"", ""magyp"": ""TORO""}]"
probable,2025-10-01,2025-10-01,month,2025-10,MCBA,Hortalizas,Hortalizas,CHOCLO,Choclo,AMARILLO,Amarillo,SANTA FE,Santa Fe,TORO,To,Primera,MEDIANO,,Moneda interpretada como ARS por tratarse de lista local MCBA. Atributos fuente: CAL=1A; TAM=MEDIANO.,1755.5566666666666,1756.0,-0.44333333333338487,kg,$/kg,ARS,ARS,True,1,f54d6e98a9d4d7b5dc962d19a1cfb4e5dd7c34af8adfb635aae02e0dba122c50,,,113214,PHOR25_K.xlsx#hoja=PHOR25_K;fila=165;C=4242;columna=K_OCTU,https://ssma.magyp.gob.ar/frutas.precios.aspx,C_historical_monthly_formula_unverified,probable:unique_dimensions_price_difference,0.44333333333338487,-0.00025246772968871573,[113214],"[{""canonical_current"": ""TORO"", ""canonical_magyp"": ""TORO"", ""current"": ""To"", ""dimension"": ""package"", ""magyp"": ""TORO""}]"
probable,2025-10-01,2025-10-01,month,2025-10,MCBA,Hortalizas,Hortalizas,CIBOULLE,Ciboulle,,,BS. AS.,Bs. As.,ATADO,At,Primera,MEDIANO,,Moneda interpretada como ARS por tratarse de lista local MCBA. Atributos fuente: CAL=1A; TAM=MEDIANO.,10928.57142857143,10980.0,-51.42857142857065,kg,$/kg,ARS,ARS,True,1,566e87ebc31d14b72ae6d93e04a662fd77de25d83748bea61ea5114f521f9889,,,113230,PHOR25_K.xlsx#hoja=PHOR25_K;fila=169;C=3965;columna=K_OCTU,https://ssma.magyp.gob.ar/frutas.precios.aspx,C_historical_monthly_formula_unverified,probable:unique_dimensions_price_difference,51.42857142857065,-0.004683840749414449,[113230],"[{""canonical_current"": ""ATADO"", ""canonical_magyp"": ""ATADO"", ""current"": ""At"", ""dimension"": ""package"", ""magyp"": ""ATADO""}]"
probable,2025-10-01,2025-10-01,month,2025-10,MCBA,Hortalizas,Hortalizas,CILANDRO,Cilandro,,,BS. AS.,Bs. As.,ATADO,At,Primera,MEDIANO,,Moneda interpretada como ARS por tratarse de lista local MCBA. Atributos fuente: CAL=1A; TAM=MEDIANO.,9414.285714285714,9425.0,-10.714285714286234,kg,$/kg,ARS,ARS,True,1,8baf2181707fec9d77911d0148a61f05cae9fe398b561cc79e0ecaadbbad4b41,,,113242,PHOR25_K.xlsx#hoja=PHOR25_K;fila=171;C=4467;columna=K_OCTU,https://ssma.magyp.gob.ar/frutas.precios.aspx,C_historical_monthly_formula_unverified,probable:unique_dimensions_price_difference,10.714285714286234,-0.0011367942402425713,[113242],"[{""canonical_current"": ""ATADO"", ""canonical_magyp"": ""ATADO"", ""current"": ""At"", ""dimension"": ""package"", ""magyp"": ""ATADO""}]"
probable,2025-10-01,2025-10-01,month,2025-10,MCBA,Frutas,Frutas,CIRUELA,Ciruela,RED BEAUTY,Red Beauty,JUJUY,Jujuy,CAJA,Ca,Elegido,MEDIANO,,Moneda interpretada como ARS por tratarse de lista local MCBA. Atributos fuente: CAL=EL; TAM=MEDIANO.,2575.7566666666667,2546.0,29.75666666666666,kg,$/kg,ARS,ARS,True,1,c6a5d57ae366d31dbe3d1f9fc588861fdd661e0aa48261cf8346025725df4760,,,115233,PFRU25_K.xlsx#hoja=PFRU25_K;fila=114;C=6516;columna=K_OCTU,https://ssma.magyp.gob.ar/frutas.precios.aspx,C_historical_monthly_formula_unverified,probable:unique_dimensions_price_difference,29.75666666666666,0.01168761455878502,[115233],"[{""canonical_current"": ""CAJA"", ""canonical_magyp"": ""CAJA"", ""current"": ""Ca"", ""dimension"": ""package"", ""magyp"": ""CAJA""}]"
probable,2025-10-01,2025-10-01,month,2025-10,MCBA,Hortalizas,Hortalizas,COLIFLOR,Coliflor,,,BS. AS.,Bs. As.,JAULA,Ja,Primera,MEDIANO,,Moneda interpretada como ARS por tratarse de lista local MCBA. Atributos fuente: CAL=1A; TAM=MEDIANO.,685.0785714285714,673.1,11.9785714285714,kg,$/kg,ARS,ARS,True,1,5b29296587d31b5a87b85ea76936d19bd7f117e2b626c3c704bdebcfaeeb3d4f,,,113254,PHOR25_K.xlsx#hoja=PHOR25_K;fila=173;C=2454;columna=K_OCTU,https://ssma.magyp.gob.ar/frutas.precios.aspx,C_historical_monthly_formula_unverified,probable:unique_dimensions_price_difference,11.9785714285714,0.0177961245410361,[113254],"[{""canonical_current"": ""JAULA"", ""canonical_magyp"": ""JAULA"", ""current"": ""Ja"", ""dimension"": ""package"", ""magyp"": ""JAULA""}]"
probable,2025-10-01,2025-10-01,month,2025-10,MCBA,Hortalizas,Hortalizas,COLIFLOR,Coliflor,,,MENDOZA,Mendoza,PERDIDO,Pe,Primera,MEDIANO,,Moneda interpretada como ARS por tratarse de lista local MCBA. Atributos fuente: CAL=1A; TAM=MEDIANO.,833.3309090909091,866.7,-33.369090909090914,kg,$/kg,ARS,ARS,True,1,03207945cee676169a888c353b5152e0c99600cf3fd62d410353ae0620d7152e,,,113260,PHOR25_K.xlsx#hoja=PHOR25_K;fila=175;C=4422;columna=K_OCTU,https://ssma.magyp.gob.ar/frutas.precios.aspx,C_historical_monthly_formula_unverified,probable:unique_dimensions_price_difference,33.369090909090914,-0.03850131638293632,[113260],"[{""canonical_current"": ""PERDIDO"", ""canonical_magyp"": ""PERDIDO"", ""current"": ""Pe"", ""dimension"": ""package"", ""magyp"": ""PERDIDO""}]"
probable,2025-10-01,2025-10-01,month,2025-10,MCBA,Hortalizas,Hortalizas,CURCUMA,Curcuma,SIN VARIED,Sin Varied,BRASIL,Brasil,CAJA,Ca,Primera,MEDIANO,,Moneda interpretada como ARS por tratarse de lista local MCBA. Atributos fuente: CAL=1A; TAM=MEDIANO.,5490.476190476191,5491.0,-0.5238095238091773,kg,$/kg,ARS,ARS,True,1,aa9cbf5493ff412b9c99a2b050bf176674a1f1fd7590d50c8cf74d003aaf6105,,,113286,PHOR25_K.xlsx#hoja=PHOR25_K;fila=180;C=4175;columna=K_OCTU,https://ssma.magyp.gob.ar/frutas.precios.aspx,C_historical_monthly_formula_unverified,probable:unique_dimensions_price_difference,0.5238095238091773,-9.539419482957155e-05,[113286],"[{""canonical_current"": ""CAJA"", ""canonical_magyp"": ""CAJA"", ""current"": ""Ca"", ""dimension"": ""package"", ""magyp"": ""CAJA""}]"
probable,2025-10-01,2025-10-01,month,2025-10,MCBA,Hortalizas,Hortalizas,CURCUMA,Curcuma,,,MISIONES,Misiones,PERDIDO,Pe,Primera,SIN TAM,,Moneda interpretada como ARS por tratarse de lista local MCBA. Atributos fuente: CAL=1A; TAM=SIN TAM.,4571.428571428572,4613.0,-41.57142857142844,kg,$/kg,ARS,ARS,True,1,432f0b6159c1a0b5aec9e877e91b0d3e87aa1c31ad2b0ab61bf7139a0495f6a3,,,113275,PHOR25_K.xlsx#hoja=PHOR25_K;fila=179;C=3796;columna=K_OCTU,https://ssma.magyp.gob.ar/frutas.precios.aspx,C_historical_monthly_formula_unverified,probable:unique_dimensions_price_difference,41.57142857142844,-0.009011798953268684,[113275],"[{""canonical_current"": ""PERDIDO"", ""canonical_magyp"": ""PERDIDO"", ""current"": ""Pe"", ""dimension"": ""package"", ""magyp"": ""PERDIDO""}]"
probable,2025-10-01,2025-10-01,month,2025-10,MCBA,Frutas,Frutas,DAMASCO,Damasco,AMAL,Amal,SAN JUAN,San Juan,BANDEJA,Ba,Elegido,MEDIANO,,Moneda interpretada como ARS por tratarse de lista local MCBA. Atributos fuente: CAL=EL; TAM=MEDIANO.,2866.6666666666665,2867.0,-0.3333333333334849,kg,$/kg,ARS,ARS,True,1,3856d102ff7b27118572e430a90b0e8c83b75806f743e902268f783a53face6d,,,115265,PFRU25_K.xlsx#hoja=PFRU25_K;fila=135;C=5769;columna=K_OCTU,https://ssma.magyp.gob.ar/frutas.precios.aspx,C_historical_monthly_formula_unverified,probable:unique_dimensions_price_difference,0.3333333333334849,-0.00011626555051743458,[115265],"[{""canonical_current"": ""BANDEJA"", ""canonical_magyp"": ""BANDEJA"", ""current"": ""Ba"", ""dimension"": ""package"", ""magyp"": ""BANDEJA""}]"
probable,2025-10-01,2025-10-01,month,2025-10,MCBA,Frutas,Frutas,DAMASCO,Damasco,OUARDY,Ouardy,SAN JUAN,San Juan,BANDEJA,Ba,Elegido,MEDIANO,,Moneda interpretada como ARS por tratarse de lista local MCBA. Atributos fuente: CAL=EL; TAM=MEDIANO.,2983.3333333333335,3030.0,-46.666666666666515,kg,$/kg,ARS,ARS,True,1,e7ce581804e40a81c871b531ff208adcf36b268dfbc270982976d922a812e937,,,115281,PFRU25_K.xlsx#hoja=PFRU25_K;fila=145;C=2194;columna=K_OCTU,https://ssma.magyp.gob.ar/frutas.precios.aspx,C_historical_monthly_formula_unverified,probable:unique_dimensions_price_difference,46.666666666666515,-0.01540154015401535,[115281],"[{""canonical_current"": ""BANDEJA"", ""canonical_magyp"": ""BANDEJA"", ""current"": ""Ba"", ""dimension"": ""package"", ""magyp"": ""BANDEJA""}]"
probable,2025-10-01,2025-10-01,month,2025-10,MCBA,Frutas,Frutas,DURAZNO,Durazno,FLORDAKING,Flordaking,JUJUY,Jujuy,BANDEJA,Ba,Elegido,MEDIANO,,Moneda interpretada como ARS por tratarse de lista local MCBA. Atributos fuente: CAL=EL; TAM=MEDIANO.,4583.333333333333,4583.0,0.33333333333303017,kg,$/kg,ARS,ARS,True,1,f4611fe314967cf8ac0921bb5aea8fcc558d5de65507341b7654d45ae8e487bf,,,115338,PFRU25_K.xlsx#hoja=PFRU25_K;fila=182;C=4892;columna=K_OCTU,https://ssma.magyp.gob.ar/frutas.precios.aspx,C_historical_monthly_formula_unverified,probable:unique_dimensions_price_difference,0.33333333333303017,7.273256236810608e-05,[115338],"[{""canonical_current"": ""BANDEJA"", ""canonical_magyp"": ""BANDEJA"", ""current"": ""Ba"", ""dimension"": ""package"", ""magyp"": ""BANDEJA""}]"
probable,2025-10-01,2025-10-01,month,2025-10,MCBA,Frutas,Frutas,DURAZNO,Durazno,OPEDEPE,Opedepe,JUJUY,Jujuy,BANDEJA,Ba,Elegido,MEDIANO,,Moneda interpretada como ARS por tratarse de lista local MCBA. Atributos fuente: CAL=EL; TAM=MEDIANO.,5350.0,5406.0,-56.0,kg,$/kg,ARS,ARS,True,1,ac116ea7e88fb64095b954212d167728509912716374c212fe23bd33bf01716c,,,115385,PFRU25_K.xlsx#hoja=PFRU25_K;fila=211;C=5221;columna=K_OCTU,https://ssma.magyp.gob.ar/frutas.precios.aspx,C_historical_monthly_formula_unverified,probable:unique_dimensions_price_difference,56.0,-0.010358860525342212,[115385],"[{""canonical_current"": ""BANDEJA"", ""canonical_magyp"": ""BANDEJA"", ""current"": ""Ba"", ""dimension"": ""package"", ""magyp"": ""BANDEJA""}]"
probable,2025-10-01,2025-10-01,month,2025-10,MCBA,Frutas,Frutas,DURAZNO,Durazno,ROJITO,Rojito,JUJUY,Jujuy,CAJA,Ca,Elegido,MEDIANO,,Moneda interpretada como ARS por tratarse de lista local MCBA. Atributos fuente: CAL=EL; TAM=MEDIANO.,4347.22125,4374.0,-26.7787500000004,kg,$/kg,ARS,ARS,True,1,b428ecffde7025829da638766dc083c884102bf654da1a4463a8a3314ebac42c,,,115403,PFRU25_K.xlsx#hoja=PFRU25_K;fila=223;C=6518;columna=K_OCTU,https://ssma.magyp.gob.ar/frutas.precios.aspx,C_historical_monthly_formula_unverified,probable:unique_dimensions_price_difference,26.7787500000004,-0.006122256515775126,[115403],"[{""canonical_current"": ""CAJA"", ""canonical_magyp"": ""CAJA"", ""current"": ""Ca"", ""dimension"": ""package"", ""magyp"": ""CAJA""}]"
probable,2025-10-01,2025-10-01,month,2025-10,MCBA,Hortalizas,Hortalizas,ENDIBIA,Endibia,,,BS. AS.,Bs. As.,BANDEJA,Ba,Primera,MEDIANO,,Moneda interpretada como ARS por tratarse de lista local MCBA. Atributos fuente: CAL=1A; TAM=MEDIANO.,8480.952380952382,8639.0,-158.04761904761835,kg,$/kg,ARS,ARS,True,1,a2ae6c70b2f287e6b2ddf2ac4a2c40ca1d0cd459f274ca61a8752e9983111b90,,,113299,PHOR25_K.xlsx#hoja=PHOR25_K;fila=184;C=3533;columna=K_OCTU,https://ssma.magyp.gob.ar/frutas.precios.aspx,C_historical_monthly_formula_unverified,probable:unique_dimensions_price_difference,158.04761904761835,-0.018294665939069147,[113299],"[{""canonical_current"": ""BANDEJA"", ""canonical_magyp"": ""BANDEJA"", ""current"": ""Ba"", ""dimension"": ""package"", ""magyp"": ""BANDEJA""}]"
probable,2025-10-01,2025-10-01,month,2025-10,MCBA,Hortalizas,Hortalizas,ESCAROLA,Escarola,HOJA ANCHA,Hoja Ancha,BS. AS.,Bs. As.,TORITO,Tt,Primera,,,Moneda interpretada como ARS por tratarse de lista local MCBA. Atributos fuente: CAL=1A.,911.4285714285714,909.7,1.7285714285713993,kg,$/kg,ARS,ARS,True,1,3da4775d2e9d802679497d5ad0a4a36c4ffe9e0dff9cdcb7c33c0008a1b41ec9,,,113311,PHOR25_K.xlsx#hoja=PHOR25_K;fila=186;C=3169;columna=K_OCTU,https://ssma.magyp.gob.ar/frutas.precios.aspx,C_historical_monthly_formula_unverified,probable:unique_dimensions_price_difference,1.7285714285713993,0.0019001554672654713,[113311],"[{""canonical_current"": ""TORITO"", ""canonical_magyp"": ""TORITO"", ""current"": ""Tt"", ""dimension"": ""package"", ""magyp"": ""TORITO""}]"
probable,2025-10-01,2025-10-01,month,2025-10,MCBA,Hortalizas,Hortalizas,ESCAROLA,Escarola,HOJA FINA,Hoja Fina,BS. AS.,Bs. As.,TORITO,Tt,Primera,,,Moneda interpretada como ARS por tratarse de lista local MCBA. Atributos fuente: CAL=1A.,1077.142857142857,1073.0,4.14285714285711,kg,$/kg,ARS,ARS,True,1,4e357319a7cc2bd276e04d6383cb158eea235a81d8f2d2932395d92c1c815faf,,,113323,PHOR25_K.xlsx#hoja=PHOR25_K;fila=187;C=3170;columna=K_OCTU,https://ssma.magyp.gob.ar/frutas.precios.aspx,C_historical_monthly_formula_unverified,probable:unique_dimensions_price_difference,4.14285714285711,0.0038610038610038307,[113323],"[{""canonical_current"": ""TORITO"", ""canonical_magyp"": ""TORITO"", ""current"": ""Tt"", ""dimension"": ""package"", ""magyp"": ""TORITO""}]"
probable,2025-10-01,2025-10-01,month,2025-10,MCBA,Hortalizas,Hortalizas,ESPARRAGO,Esparrago,VERDE,Verde,M.D.PLAT,M.D.Plat,ATADO,At,Primera,MEDIANO,,Moneda interpretada como ARS por tratarse de lista local MCBA. Atributos fuente: CAL=1A; TAM=MEDIANO.,3712.5,3697.0,15.5,kg,$/kg,ARS,ARS,True,1,8eacf8807ffd2e7c62d456dab8be7d42c3153c957ce28015b976a5699d5c4481,,,113332,PHOR25_K.xlsx#hoja=PHOR25_K;fila=192;C=4558;columna=K_OCTU,https://ssma.magyp.gob.ar/frutas.precios.aspx,C_historical_monthly_formula_unverified,probable:unique_dimensions_price_difference,15.5,0.004192588585339464,[113332],"[{""canonical_current"": ""ATADO"", ""canonical_magyp"": ""ATADO"", ""current"": ""At"", ""dimension"": ""package"", ""magyp"": ""ATADO""}]"
probable,2025-10-01,2025-10-01,month,2025-10,MCBA,Hortalizas,Hortalizas,ESPINACA,Espinaca,,,BS. AS.,Bs. As.,JAULA,Ja,Primera,,INVERNAC,Moneda interpretada como ARS por tratarse de lista local MCBA. Atributos fuente: CAL=1A; GRADO=INV.,977.1428571428571,960.7,16.442857142857065,kg,$/kg,ARS,ARS,True,1,3d19944b0f52599adddde04f7e450f26dac826f7065522646f6718e66cababc6,,,113373,PHOR25_K.xlsx#hoja=PHOR25_K;fila=202;C=2584;columna=K_OCTU,https://ssma.magyp.gob.ar/frutas.precios.aspx,C_historical_monthly_formula_unverified,probable:unique_dimensions_price_difference,16.442857142857065,0.017115496141206478,[113373],"[{""canonical_current"": ""JAULA"", ""canonical_magyp"": ""JAULA"", ""current"": ""Ja"", ""dimension"": ""package"", ""magyp"": ""JAULA""}]"
probable,2025-10-01,2025-10-01,month,2025-10,MCBA,Frutas,Frutas,FRUTILLA,Frutilla,,,CTES.,Ctes.,CAJA,Ca,Elegido,MEDIANO,,Moneda interpretada como ARS por tratarse de lista local MCBA. Atributos fuente: CAL=EL; TAM=MEDIANO.,3666.6666666666665,3667.0,-0.3333333333334849,kg,$/kg,ARS,ARS,True,1,1be72a009896435aec3c5c0306d5567d49467961bfdd0c958086ccafbd819aaa,,,115493,PFRU25_K.xlsx#hoja=PFRU25_K;fila=266;C=4053;columna=K_OCTU,https://ssma.magyp.gob.ar/frutas.precios.aspx,C_historical_monthly_formula_unverified,probable:unique_dimensions_price_difference,0.3333333333334849,-9.090082719756884e-05,[115493],"[{""canonical_current"": ""CAJA"", ""canonical_magyp"": ""CAJA"", ""current"": ""Ca"", ""dimension"": ""package"", ""magyp"": ""CAJA""}]"
probable,2025-10-01,2025-10-01,month,2025-10,MCBA,Frutas,Frutas,FRUTILLA,Frutilla,,,M.D.PLAT,M.D.Plat,CAJA,Ca,Elegido,MEDIANO,,Moneda interpretada como ARS por tratarse de lista local MCBA. Atributos fuente: CAL=EL; TAM=MEDIANO.,5066.666666666667,5067.0,-0.33333333333303017,kg,$/kg,ARS,ARS,True,1,9b4679dd8ebffdebca739a392ad405c1c18729fc53d92270b178bbeb4794d116,,,115503,PFRU25_K.xlsx#hoja=PFRU25_K;fila=270;C=2910;columna=K_OCTU,https://ssma.magyp.gob.ar/frutas.precios.aspx,C_historical_monthly_formula_unverified,probable:unique_dimensions_price_difference,0.33333333333303017,-6.578514571403793e-05,[115503],"[{""canonical_current"": ""CAJA"", ""canonical_magyp"": ""CAJA"", ""current"": ""Ca"", ""dimension"": ""package"", ""magyp"": ""CAJA""}]"
probable,2025-10-01,2025-10-01,month,2025-10,MCBA,Frutas,Frutas,FRUTILLA,Frutilla,,,SANTA FE,Santa Fe,BANDEJA,Ba,Elegido,GRANEL,,Moneda interpretada como ARS por tratarse de lista local MCBA. Atributos fuente: CAL=EL; TAM=GRANEL.,3933.3333333333335,3933.0,0.3333333333334849,kg,$/kg,ARS,ARS,True,1,49038f26f8ed61a8729081aadcc908ebb9cbf7d076bf931f63c50567416bd156,,,115520,PFRU25_K.xlsx#hoja=PFRU25_K;fila=276;C=6478;columna=K_OCTU,https://ssma.magyp.gob.ar/frutas.precios.aspx,C_historical_monthly_formula_unverified,probable:unique_dimensions_price_difference,0.3333333333334849,8.475294516488302e-05,[115520],"[{""canonical_current"": ""BANDEJA"", ""canonical_magyp"": ""BANDEJA"", ""current"": ""Ba"", ""dimension"": ""package"", ""magyp"": ""BANDEJA""}]"
probable,2025-10-01,2025-10-01,month,2025-10,MCBA,Frutas,Frutas,FRUTILLA,Frutilla,,,SANTA FE,Santa Fe,CAJA,Ca,Elegido,GRANEL,,Moneda interpretada como ARS por tratarse de lista local MCBA. Atributos fuente: CAL=EL; TAM=GRANEL.,3444.4444444444443,3395.0,49.44444444444434,kg,$/kg,ARS,ARS,True,1,4422148713d5f3a396aa7dcc0a34e65f94e7c03c9cb58e9f2855fcd154fec94b,,,115516,PFRU25_K.xlsx#hoja=PFRU25_K;fila=275;C=2479;columna=K_OCTU,https://ssma.magyp.gob.ar/frutas.precios.aspx,C_historical_monthly_formula_unverified,probable:unique_dimensions_price_difference,49.44444444444434,0.014563901161839277,[115516],"[{""canonical_current"": ""CAJA"", ""canonical_magyp"": ""CAJA"", ""current"": ""Ca"", ""dimension"": ""package"", ""magyp"": ""CAJA""}]"
probable,2025-10-01,2025-10-01,month,2025-10,MCBA,Frutas,Frutas,FRUTILLA,Frutilla,,,TUCUMAN,Tucuman,CAJA,Ca,Elegido,GRANEL,,Moneda interpretada como ARS por tratarse de lista local MCBA. Atributos fuente: CAL=EL; TAM=GRANEL.,3266.6666666666665,3267.0,-0.3333333333334849,kg,$/kg,ARS,ARS,True,1,30a62af0e007cde80b74a1d1f57e3dc635239815758a6a8fbe4c0210f13cac9a,,,115528,PFRU25_K.xlsx#hoja=PFRU25_K;fila=278;C=6477;columna=K_OCTU,https://ssma.magyp.gob.ar/frutas.precios.aspx,C_historical_monthly_formula_unverified,probable:unique_dimensions_price_difference,0.3333333333334849,-0.0001020304050607545,[115528],"[{""canonical_current"": ""CAJA"", ""canonical_magyp"": ""CAJA"", ""current"": ""Ca"", ""dimension"": ""package"", ""magyp"": ""CAJA""}]"
probable,2025-10-01,2025-10-01,month,2025-10,MCBA,Frutas,Frutas,GUAYABA,Guayaba,,,BRASIL,Brasil,CAJA,Ca,Elegido,GRANEL,,Moneda interpretada como ARS por tratarse de lista local MCBA. Atributos fuente: CAL=EL; TAM=GRANEL.,6595.238095238095,6580.0,15.238095238095411,kg,$/kg,ARS,ARS,True,1,d4ffccf0632d2855da6192fbd29baf76a916d8dd6b90e49aa442c18097586130,,,115542,PFRU25_K.xlsx#hoja=PFRU25_K;fila=285;C=6489;columna=K_OCTU,https://ssma.magyp.gob.ar/frutas.precios.aspx,C_historical_monthly_formula_unverified,probable:unique_dimensions_price_difference,15.238095238095411,0.0023158199449993025,[115542],"[{""canonical_current"": ""CAJA"", ""canonical_magyp"": ""CAJA"", ""current"": ""Ca"", ""dimension"": ""package"", ""magyp"": ""CAJA""}]"
probable,2025-10-01,2025-10-01,month,2025-10,MCBA,Hortalizas,Hortalizas,HABA,Haba,,,BS. AS.,Bs. As.,TORITO,Tt,Primera,,,Moneda interpretada como ARS por tratarse de lista local MCBA. Atributos fuente: CAL=1A.,871.4285714285714,880.0,-8.571428571428555,kg,$/kg,ARS,ARS,True,1,50ad4ef0aca8d1b073733a890deba1e80f6ffb8a4ef1ac0142eb157ff3f58b63,,,113381,PHOR25_K.xlsx#hoja=PHOR25_K;fila=206;C=300003;columna=K_OCTU,https://ssma.magyp.gob.ar/frutas.precios.aspx,C_historical_monthly_formula_unverified,probable:unique_dimensions_price_difference,8.571428571428555,-0.009740259740259721,[113381],"[{""canonical_current"": ""TORITO"", ""canonical_magyp"": ""TORITO"", ""current"": ""Tt"", ""dimension"": ""package"", ""magyp"": ""TORITO""}]"
probable,2025-10-01,2025-10-01,month,2025-10,MCBA,Hortalizas,Hortalizas,HINOJO,Hinojo,,,BS. AS.,Bs. As.,JAULA,Ja,Primera,MEDIANO,,Moneda interpretada como ARS por tratarse de lista local MCBA. Atributos fuente: CAL=1A; TAM=MEDIANO.,976.8257142857143,973.4,3.425714285714321,kg,$/kg,ARS,ARS,True,1,f5dfeb774a46ba3303b4cc32017b49c5174bed2efd63b5a65e41f4f76bc42fd2,,,113398,PHOR25_K.xlsx#hoja=PHOR25_K;fila=210;C=1043;columna=K_OCTU,https://ssma.magyp.gob.ar/frutas.precios.aspx,C_historical_monthly_formula_unverified,probable:unique_dimensions_price_difference,3.425714285714321,0.003519328421732403,[113398],"[{""canonical_current"": ""JAULA"", ""canonical_magyp"": ""JAULA"", ""current"": ""Ja"", ""dimension"": ""package"", ""magyp"": ""JAULA""}]"
probable,2025-10-01,2025-10-01,month,2025-10,MCBA,Hortalizas,Hortalizas,HONGOS,Hongos,AGARICUS,Agaricus,BS. AS.,Bs. As.,BOLSA,Bo,Primera,,,Moneda interpretada como ARS por tratarse de lista local MCBA. Atributos fuente: CAL=1A.,13823.809523809523,13850.0,-26.190476190477057,kg,$/kg,ARS,ARS,True,1,c3e3886878d3e2cf5b19674398127b2321f5c3020f13ef20f4996bc718b6228c,,,113410,PHOR25_K.xlsx#hoja=PHOR25_K;fila=212;C=2234;columna=K_OCTU,https://ssma.magyp.gob.ar/frutas.precios.aspx,C_historical_monthly_formula_unverified,probable:unique_dimensions_price_difference,26.190476190477057,-0.0018910091112257802,[113410],"[{""canonical_current"": ""BOLSA"", ""canonical_magyp"": ""BOLSA"", ""current"": ""Bo"", ""dimension"": ""package"", ""magyp"": ""BOLSA""}]"
probable,2025-10-01,2025-10-01,month,2025-10,MCBA,Hortalizas,Hortalizas,HONGOS,Hongos,OYSTER,Oyster,BS. AS.,Bs. As.,BANDEJA,Ba,Primera,,,Moneda interpretada como ARS por tratarse de lista local MCBA. Atributos fuente: CAL=1A.,15047.619047619048,15067.0,-19.380952380952294,kg,$/kg,ARS,ARS,True,1,820b51d882823614dbf2638240e477d0658156ea055f0e1cf5f5bc05b2ef6073,,,113423,PHOR25_K.xlsx#hoja=PHOR25_K;fila=214;C=2236;columna=K_OCTU,https://ssma.magyp.gob.ar/frutas.precios.aspx,C_historical_monthly_formula_unverified,probable:unique_dimensions_price_difference,19.380952380952294,-0.0012863179386043866,[113423],"[{""canonical_current"": ""BANDEJA"", ""canonical_magyp"": ""BANDEJA"", ""current"": ""Ba"", ""dimension"": ""package"", ""magyp"": ""BANDEJA""}]"
probable,2025-10-01,2025-10-01,month,2025-10,MCBA,Hortalizas,Hortalizas,HONGOS,Hongos,PORTOBELO,Portobelo,BS. AS.,Bs. As.,BOLSA,Bo,Primera,,,Moneda interpretada como ARS por tratarse de lista local MCBA. Atributos fuente: CAL=1A.,15247.619047619048,15288.0,-40.380952380952294,kg,$/kg,ARS,ARS,True,1,6ea117bb09f652828f9b7659d00547bd77ddf76f07bd76678eff14d099d89b2d,,,113435,PHOR25_K.xlsx#hoja=PHOR25_K;fila=215;C=2237;columna=K_OCTU,https://ssma.magyp.gob.ar/frutas.precios.aspx,C_historical_monthly_formula_unverified,probable:unique_dimensions_price_difference,40.380952380952294,-0.0026413495801250846,[113435],"[{""canonical_current"": ""BOLSA"", ""canonical_magyp"": ""BOLSA"", ""current"": ""Bo"", ""dimension"": ""package"", ""magyp"": ""BOLSA""}]"
probable,2025-10-01,2025-10-01,month,2025-10,MCBA,Hortalizas,Hortalizas,HONGOS,Hongos,SHIITAKE,Shiitake,BS. AS.,Bs. As.,BANDEJA,Ba,Primera,,,Moneda interpretada como ARS por tratarse de lista local MCBA. Atributos fuente: CAL=1A.,15190.47619047619,15190.0,0.47619047619082266,kg,$/kg,ARS,ARS,True,1,555d3cfb01b45931f1ddf5c84efe32a080969715173145c0a30a19b1a5402570,,,113447,PHOR25_K.xlsx#hoja=PHOR25_K;fila=216;C=2235;columna=K_OCTU,https://ssma.magyp.gob.ar/frutas.precios.aspx,C_historical_monthly_formula_unverified,probable:unique_dimensions_price_difference,0.47619047619082266,3.134894510801993e-05,[113447],"[{""canonical_current"": ""BANDEJA"", ""canonical_magyp"": ""BANDEJA"", ""current"": ""Ba"", ""dimension"": ""package"", ""magyp"": ""BANDEJA""}]"
probable,2025-10-01,2025-10-01,month,2025-10,MCBA,Hortalizas,Hortalizas,JENGIBRE,Jengibre,,,BRASIL,Brasil,BOLSA,Bo,Primera,MEDIANO,,Moneda interpretada como ARS por tratarse de lista local MCBA. Atributos fuente: CAL=1A; TAM=MEDIANO.,4366.666666666667,4399.0,-32.33333333333303,kg,$/kg,ARS,ARS,True,1,ee275f8a61164e0b4b0a34ab6c2ea1e42d2dee6384d3d2e8433ab78c2f215dab,,,113459,PHOR25_K.xlsx#hoja=PHOR25_K;fila=218;C=3951;columna=K_OCTU,https://ssma.magyp.gob.ar/frutas.precios.aspx,C_historical_monthly_formula_unverified,probable:unique_dimensions_price_difference,32.33333333333303,-0.007350155338334401,[113459],"[{""canonical_current"": ""BOLSA"", ""canonical_magyp"": ""BOLSA"", ""current"": ""Bo"", ""dimension"": ""package"", ""magyp"": ""BOLSA""}]"
probable,2025-10-01,2025-10-01,month,2025-10,MCBA,Hortalizas,Hortalizas,KALE,Kale,CRESPO,Crespo,BS. AS.,Bs. As.,ATADO,At,Primera,SIN TAM,VERDE,Moneda interpretada como ARS por tratarse de lista local MCBA. Atributos fuente: CAL=1A; TAM=SIN TAM; GRADO=VER.,736.1904761904761,737.7,-1.5095238095238983,kg,$/kg,ARS,ARS,True,1,ae3cfa427095c629fcbe371f6a2ace0dbd98e2ce4317d4c9e7476ccde5403a2d,,,113471,PHOR25_K.xlsx#hoja=PHOR25_K;fila=220;C=3924;columna=K_OCTU,https://ssma.magyp.gob.ar/frutas.precios.aspx,C_historical_monthly_formula_unverified,probable:unique_dimensions_price_difference,1.5095238095238983,-0.002046257027957026,[113471],"[{""canonical_current"": ""ATADO"", ""canonical_magyp"": ""ATADO"", ""current"": ""At"", ""dimension"": ""package"", ""magyp"": ""ATADO""}]"
probable,2025-10-01,2025-10-01,month,2025-10,MCBA,Hortalizas,Hortalizas,LECHUGA,Lechuga,CAPUCHINA,Capuchina,BS. AS.,Bs. As.,JAULA,Ja,Primera,MEDIANO,,Moneda interpretada como ARS por tratarse de lista local MCBA. Atributos fuente: CAL=1A; TAM=MEDIANO.,818.2533333333333,819.4,-1.146666666666647,kg,$/kg,ARS,ARS,True,1,38bf97427adc6dcded7c42c95f613b4d8ff48a7c092a82d8b44f8f913e59164f,,,113484,PHOR25_K.xlsx#hoja=PHOR25_K;fila=224;C=320012;columna=K_OCTU,https://ssma.magyp.gob.ar/frutas.precios.aspx,C_historical_monthly_formula_unverified,probable:unique_dimensions_price_difference,1.146666666666647,-0.0013993979334472138,[113484],"[{""canonical_current"": ""JAULA"", ""canonical_magyp"": ""JAULA"", ""current"": ""Ja"", ""dimension"": ""package"", ""magyp"": ""JAULA""}]"
probable,2025-10-01,2025-10-01,month,2025-10,MCBA,Hortalizas,Hortalizas,LECHUGA,Lechuga,CAPUCHINA,Capuchina,MENDOZA,Mendoza,PERDIDO,Pe,Primera,MEDIANO,,Moneda interpretada como ARS por tratarse de lista local MCBA. Atributos fuente: CAL=1A; TAM=MEDIANO.,918.6519047619048,917.2,1.451904761904757,kg,$/kg,ARS,ARS,True,1,6eedd86c5146e0119b772a36c8af7a36ce8638e7e550211a053bdfc72384a97f,,,113496,PHOR25_K.xlsx#hoja=PHOR25_K;fila=226;C=1476;columna=K_OCTU,https://ssma.magyp.gob.ar/frutas.precios.aspx,C_historical_monthly_formula_unverified,probable:unique_dimensions_price_difference,1.451904761904757,0.0015829751002014358,[113496],"[{""canonical_current"": ""PERDIDO"", ""canonical_magyp"": ""PERDIDO"", ""current"": ""Pe"", ""dimension"": ""package"", ""magyp"": ""PERDIDO""}]"
probable,2025-10-01,2025-10-01,month,2025-10,MCBA,Hortalizas,Hortalizas,LECHUGA,Lechuga,CAPUCHINA,Capuchina,SANTA FE,Santa Fe,JAULA,Ja,Primera,MEDIANO,,Moneda interpretada como ARS por tratarse de lista local MCBA. Atributos fuente: CAL=1A; TAM=MEDIANO.,852.5623076923077,857.7,-5.137692307692305,kg,$/kg,ARS,ARS,True,1,50a4519fb42fc9271e31a7c425876c6a3c0bfec057e886726120fa8bda1d6df0,,,113504,PHOR25_K.xlsx#hoja=PHOR25_K;fila=227;C=1542;columna=K_OCTU,https://ssma.magyp.gob.ar/frutas.precios.aspx,C_historical_monthly_formula_unverified,probable:unique_dimensions_price_difference,5.137692307692305,-0.005990080806450163,[113504],"[{""canonical_current"": ""JAULA"", ""canonical_magyp"": ""JAULA"", ""current"": ""Ja"", ""dimension"": ""package"", ""magyp"": ""JAULA""}]"
probable,2025-10-01,2025-10-01,month,2025-10,MCBA,Hortalizas,Hortalizas,LECHUGA,Lechuga,FRANCESA,Francesa,BS. AS.,Bs. As.,JAULA,Ja,Primera,MEDIANO,,Moneda interpretada como ARS por tratarse de lista local MCBA. Atributos fuente: CAL=1A; TAM=MEDIANO.,582.7380952380952,569.2,13.538095238095138,kg,$/kg,ARS,ARS,True,1,b4ec9e554b0a401bbaa5168e7b77ed052dec1b3f23278d1e3dc66b2ce82e88ef,,,113557,PHOR25_K.xlsx#hoja=PHOR25_K;fila=234;C=3744;columna=K_OCTU,https://ssma.magyp.gob.ar/frutas.precios.aspx,C_historical_monthly_formula_unverified,probable:unique_dimensions_price_difference,13.538095238095138,0.02378442592778485,[113557],"[{""canonical_current"": ""JAULA"", ""canonical_magyp"": ""JAULA"", ""current"": ""Ja"", ""dimension"": ""package"", ""magyp"": ""JAULA""}]"
probable,2025-10-01,2025-10-01,month,2025-10,MCBA,Frutas,Frutas,LIMA,Lima,TAHITI,Tahiti,BRASIL,Brasil,BANDEJA,Ba,Elegido,MEDIANO,,Moneda interpretada como ARS por tratarse de lista local MCBA. Atributos fuente: CAL=EL; TAM=MEDIANO.,1738.095238095238,1732.0,6.095238095238074,kg,$/kg,ARS,ARS,True,1,4e1762a3b6084130758572c748bd7ef2e233cfbb8dc603587affcdcf38ad7cd1,,,115667,PFRU25_K.xlsx#hoja=PFRU25_K;fila=322;C=6320;columna=K_OCTU,https://ssma.magyp.gob.ar/frutas.precios.aspx,C_historical_monthly_formula_unverified,probable:unique_dimensions_price_difference,6.095238095238074,0.0035191905861651695,[115667],"[{""canonical_current"": ""BANDEJA"", ""canonical_magyp"": ""BANDEJA"", ""current"": ""Ba"", ""dimension"": ""package"", ""magyp"": ""BANDEJA""}]"
probable,2025-10-01,2025-10-01,month,2025-10,MCBA,Frutas,Frutas,LIMON,Limon,EUREKA,Eureka,BRASIL,Brasil,CAJA,Ca,Elegido,090/110,,Moneda interpretada como ARS por tratarse de lista local MCBA. Atributos fuente: CAL=EL; TAM=090/110.,2133.33,2133.0,0.32999999999992724,kg,$/kg,ARS,ARS,True,1,035e403dd84e035ff863078d136d761864d1e3b58b8a121a88b86d938417aad1,,,115678,PFRU25_K.xlsx#hoja=PFRU25_K;fila=328;C=6513;columna=K_OCTU,https://ssma.magyp.gob.ar/frutas.precios.aspx,C_historical_monthly_formula_unverified,probable:unique_dimensions_price_difference,0.32999999999992724,0.00015471167369898137,[115678],"[{""canonical_current"": ""CAJA"", ""canonical_magyp"": ""CAJA"", ""current"": ""Ca"", ""dimension"": ""package"", ""magyp"": ""CAJA""}]"
probable,2025-10-01,2025-10-01,month,2025-10,MCBA,Frutas,Frutas,LIMON,Limon,EUREKA,Eureka,CHILE,Chile,BANDEJA,Ba,Elegido,GRANEL,,Moneda interpretada como ARS por tratarse de lista local MCBA. Atributos fuente: CAL=EL; TAM=GRANEL.,2105.8811764705883,2099.0,6.881176470588343,kg,$/kg,ARS,ARS,True,1,dc98b21b91e8e9c9d41d9a77661cc09fd05838453a23b3a08ec8e45860a7feaf,,,115685,PFRU25_K.xlsx#hoja=PFRU25_K;fila=332;C=6509;columna=K_OCTU,https://ssma.magyp.gob.ar/frutas.precios.aspx,C_historical_monthly_formula_unverified,probable:unique_dimensions_price_difference,6.881176470588343,0.0032783118011378482,[115685],"[{""canonical_current"": ""BANDEJA"", ""canonical_magyp"": ""BANDEJA"", ""current"": ""Ba"", ""dimension"": ""package"", ""magyp"": ""BANDEJA""}]"
probable,2025-10-01,2025-10-01,month,2025-10,MCBA,Frutas,Frutas,LIMON,Limon,EUREKA,Eureka,CHILE,Chile,CAJA,Ca,Elegido,110/125,,Moneda interpretada como ARS por tratarse de lista local MCBA. Atributos fuente: CAL=EL; TAM=110/125.,1823.53,1824.0,-0.4700000000000273,kg,$/kg,ARS,ARS,True,1,07aeaa298841e6c7059fe34181a861fa5ed09f3ba3065e8c5c760f268d98410d,,,115684,PFRU25_K.xlsx#hoja=PFRU25_K;fila=331;C=5564;columna=K_OCTU,https://ssma.magyp.gob.ar/frutas.precios.aspx,C_historical_monthly_formula_unverified,probable:unique_dimensions_price_difference,0.4700000000000273,-0.0002576754385965062,[115684],"[{""canonical_current"": ""CAJA"", ""canonical_magyp"": ""CAJA"", ""current"": ""Ca"", ""dimension"": ""package"", ""magyp"": ""CAJA""}]"
probable,2025-10-01,2025-10-01,month,2025-10,MCBA,Frutas,Frutas,LIMON,Limon,EUREKA,Eureka,CTES.,Ctes.,TORO,To,Elegido,090/120,,Moneda interpretada como ARS por tratarse de lista local MCBA. Atributos fuente: CAL=EL; TAM=090/120.,1333.33,1333.0,0.32999999999992724,kg,$/kg,ARS,ARS,True,1,acde142622635262e7c3a865c0ca35c40c19ad4270f9cc3a55c3b6dcdcfe12b5,,,115696,PFRU25_K.xlsx#hoja=PFRU25_K;fila=334;C=6448;columna=K_OCTU,https://ssma.magyp.gob.ar/frutas.precios.aspx,C_historical_monthly_formula_unverified,probable:unique_dimensions_price_difference,0.32999999999992724,0.00024756189047256356,[115696],"[{""canonical_current"": ""TORO"", ""canonical_magyp"": ""TORO"", ""current"": ""To"", ""dimension"": ""package"", ""magyp"": ""TORO""}]"
probable,2025-10-01,2025-10-01,month,2025-10,MCBA,Frutas,Frutas,LIMON,Limon,EUREKA,Eureka,SALTA,Salta,CAJA,Ca,Elegido,090/125,,Moneda interpretada como ARS por tratarse de lista local MCBA. Atributos fuente: CAL=EL; TAM=090/125.,1772.4852380952382,1737.0,35.485238095238174,kg,$/kg,ARS,ARS,True,1,36f21f3ca6be5c7a180d1775c0ee6db91c04292df91d41ce1b31cbddd499cb3c,,,115719,PFRU25_K.xlsx#hoja=PFRU25_K;fila=337;C=4450;columna=K_OCTU,https://ssma.magyp.gob.ar/frutas.precios.aspx,C_historical_monthly_formula_unverified,probable:unique_dimensions_price_difference,35.485238095238174,0.020429037475669647,[115719],"[{""canonical_current"": ""CAJA"", ""canonical_magyp"": ""CAJA"", ""current"": ""Ca"", ""dimension"": ""package"", ""magyp"": ""CAJA""}]"
probable,2025-10-01,2025-10-01,month,2025-10,MCBA,Frutas,Frutas,LIMON,Limon,EUREKA,Eureka,TUCUMAN,Tucuman,BOLSA,Bo,Comercial,GRANEL,,Moneda interpretada como ARS por tratarse de lista local MCBA. Atributos fuente: CAL=CL; TAM=GRANEL.,1091.8333333333333,1056.0,35.83333333333326,kg,$/kg,ARS,ARS,True,1,b8ed95607c4f331e69d3a0f61efdbac6898ceb43dd4fbbc9a2a3d1a434ca9a30,,,115731,PFRU25_K.xlsx#hoja=PFRU25_K;fila=338;C=5634;columna=K_OCTU,https://ssma.magyp.gob.ar/frutas.precios.aspx,C_historical_monthly_formula_unverified,probable:unique_dimensions_price_difference,35.83333333333326,0.03393308080808074,[115731],"[{""canonical_current"": ""BOLSA"", ""canonical_magyp"": ""BOLSA"", ""current"": ""Bo"", ""dimension"": ""package"", ""magyp"": ""BOLSA""}]"
probable,2025-10-01,2025-10-01,month,2025-10,MCBA,Frutas,Frutas,LIMON,Limon,EUREKA,Eureka,TUCUMAN,Tucuman,TORO,To,Elegido,100/140,PINTON,Moneda interpretada como ARS por tratarse de lista local MCBA. Atributos fuente: CAL=EL; TAM=100/140; GRADO=PIN.,1417.9880952380952,1375.0,42.988095238095184,kg,$/kg,ARS,ARS,True,1,5d9618d17cb70037f5287fd89cad33300773f45aa9dea892854638f28d76308e,,,115765,PFRU25_K.xlsx#hoja=PFRU25_K;fila=343;C=250008;columna=K_OCTU,https://ssma.magyp.gob.ar/frutas.precios.aspx,C_historical_monthly_formula_unverified,probable:unique_dimensions_price_difference,42.988095238095184,0.03126406926406922,[115765],"[{""canonical_current"": ""TORO"", ""canonical_magyp"": ""TORO"", ""current"": ""To"", ""dimension"": ""package"", ""magyp"": ""TORO""}]"
probable,2025-10-01,2025-10-01,month,2025-10,MCBA,Frutas,Frutas,LIMON,Limon,GENOVA,Genova,E. RIOS,E. Rios,TORO,To,Elegido,100/140,,Moneda interpretada como ARS por tratarse de lista local MCBA. Atributos fuente: CAL=EL; TAM=100/140.,1476.1895238095237,1423.0,53.189523809523735,kg,$/kg,ARS,ARS,True,1,c2976f0619261775e1d48a6d12c8eb20d106864dc95300b2a3aacc9cc83d9741,,,115782,PFRU25_K.xlsx#hoja=PFRU25_K;fila=350;C=250015;columna=K_OCTU,https://ssma.magyp.gob.ar/frutas.precios.aspx,C_historical_monthly_formula_unverified,probable:unique_dimensions_price_difference,53.189523809523735,0.03737844259277845,[115782],"[{""canonical_current"": ""TORO"", ""canonical_magyp"": ""TORO"", ""current"": ""To"", ""dimension"": ""package"", ""magyp"": ""TORO""}]"
probable,2025-10-01,2025-10-01,month,2025-10,MCBA,Frutas,Frutas,LIMON,Limon,SICILIANO,Siciliano,BRASIL,Brasil,CAJA,Ca,Elegido,070/090,,Moneda interpretada como ARS por tratarse de lista local MCBA. Atributos fuente: CAL=EL; TAM=070/090.,2020.8333333333333,2022.0,-1.1666666666667425,kg,$/kg,ARS,ARS,True,1,44413e667233dd43a7d3a81b008bd573045c194805e0fd98dd62c55d4e2fefe9,,,115786,PFRU25_K.xlsx#hoja=PFRU25_K;fila=352;C=6515;columna=K_OCTU,https://ssma.magyp.gob.ar/frutas.precios.aspx,C_historical_monthly_formula_unverified,probable:unique_dimensions_price_difference,1.1666666666667425,-0.0005769864820310299,[115786],"[{""canonical_current"": ""CAJA"", ""canonical_magyp"": ""CAJA"", ""current"": ""Ca"", ""dimension"": ""package"", ""magyp"": ""CAJA""}]"
probable,2025-10-01,2025-10-01,month,2025-10,MCBA,Frutas,Frutas,LIMON,Limon,,,CHILE,Chile,CAJA,Ca,Elegido,110/140,,Moneda interpretada como ARS por tratarse de lista local MCBA. Atributos fuente: CAL=EL; TAM=110/140.,2027.1476923076925,2010.0,17.147692307692523,kg,$/kg,ARS,ARS,True,1,60605466c964a33bb19e0e539cafcfedf8ec7f15fe594b6a1a335afd5a958438,,,115670,PFRU25_K.xlsx#hoja=PFRU25_K;fila=324;C=6512;columna=K_OCTU,https://ssma.magyp.gob.ar/frutas.precios.aspx,C_historical_monthly_formula_unverified,probable:unique_dimensions_price_difference,17.147692307692523,0.008531190202832101,[115670],"[{""canonical_current"": ""CAJA"", ""canonical_magyp"": ""CAJA"", ""current"": ""Ca"", ""dimension"": ""package"", ""magyp"": ""CAJA""}]"
probable,2025-10-01,2025-10-01,month,2025-10,MCBA,Frutas,Frutas,MAMON,Mamon,,,BRASIL,Brasil,CAJA,Ca,Elegido,GRANDE,,Moneda interpretada como ARS por tratarse de lista local MCBA. Atributos fuente: CAL=EL; TAM=GRANDE.,2552.3809523809523,2560.0,-7.619047619047706,kg,$/kg,ARS,ARS,True,1,1f721b6661c3dc3e4a645f7360a760a8702f32b0b115b3b649e9379790d182b8,,,115798,PFRU25_K.xlsx#hoja=PFRU25_K;fila=355;C=5896;columna=K_OCTU,https://ssma.magyp.gob.ar/frutas.precios.aspx,C_historical_monthly_formula_unverified,probable:unique_dimensions_price_difference,7.619047619047706,-0.00297619047619051,[115798],"[{""canonical_current"": ""CAJA"", ""canonical_magyp"": ""CAJA"", ""current"": ""Ca"", ""dimension"": ""package"", ""magyp"": ""CAJA""}]"
probable,2025-10-01,2025-10-01,month,2025-10,MCBA,Frutas,Frutas,MAMON,Mamon,,,JUJUY,Jujuy,BANDEJA,Ba,Elegido,GRANEL,,Moneda interpretada como ARS por tratarse de lista local MCBA. Atributos fuente: CAL=EL; TAM=GRANEL.,2202.3809523809523,2170.0,32.380952380952294,kg,$/kg,ARS,ARS,True,1,e11bb35c46b78f764a300b7a63a680853f54cee1b12b141d193b7d8dc405dbbe,,,115809,PFRU25_K.xlsx#hoja=PFRU25_K;fila=356;C=6372;columna=K_OCTU,https://ssma.magyp.gob.ar/frutas.precios.aspx,C_historical_monthly_formula_unverified,probable:unique_dimensions_price_difference,32.380952380952294,0.014922097871406588,[115809],"[{""canonical_current"": ""BANDEJA"", ""canonical_magyp"": ""BANDEJA"", ""current"": ""Ba"", ""dimension"": ""package"", ""magyp"": ""BANDEJA""}]"
probable,2025-10-01,2025-10-01,month,2025-10,MCBA,Frutas,Frutas,MANDARINA,Mandarina,ENCORE,Encore,E. RIOS,E. Rios,JAULA,Ja,Elegido,MEDIANO,,Moneda interpretada como ARS por tratarse de lista local MCBA. Atributos fuente: CAL=EL; TAM=MEDIANO.,738.0942857142858,741.1,-3.005714285714248,kg,$/kg,ARS,ARS,True,1,bca2ec85254918f11a2a0d432fef2e1dfd071560d31c365877a7b3c7369e8eb2,,,115854,PFRU25_K.xlsx#hoja=PFRU25_K;fila=372;C=2511;columna=K_OCTU,https://ssma.magyp.gob.ar/frutas.precios.aspx,C_historical_monthly_formula_unverified,probable:unique_dimensions_price_difference,3.005714285714248,-0.00405574724829881,[115854],"[{""canonical_current"": ""JAULA"", ""canonical_magyp"": ""JAULA"", ""current"": ""Ja"", ""dimension"": ""package"", ""magyp"": ""JAULA""}]"
probable,2025-10-01,2025-10-01,month,2025-10,MCBA,Frutas,Frutas,MANDARINA,Mandarina,ENCORE,Encore,E. RIOS,E. Rios,PERDIDO,Pe,Elegido,GRANDE,,Moneda interpretada como ARS por tratarse de lista local MCBA. Atributos fuente: CAL=EL; TAM=GRANDE.,1358.333,1351.0,7.333000000000084,kg,$/kg,ARS,ARS,True,1,8f172bdc7ecafac1756f93c6aad58913fc08c1a194dc2f43e654082ee2608ab4,,,115849,PFRU25_K.xlsx#hoja=PFRU25_K;fila=371;C=1377;columna=K_OCTU,https://ssma.magyp.gob.ar/frutas.precios.aspx,C_historical_monthly_formula_unverified,probable:unique_dimensions_price_difference,7.333000000000084,0.005427831236121453,[115849],"[{""canonical_current"": ""PERDIDO"", ""canonical_magyp"": ""PERDIDO"", ""current"": ""Pe"", ""dimension"": ""package"", ""magyp"": ""PERDIDO""}]"
probable,2025-10-01,2025-10-01,month,2025-10,MCBA,Frutas,Frutas,MANDARINA,Mandarina,HAVANA,Havana,E. RIOS,E. Rios,PERDIDO,Pe,Elegido,MEDIANO,,Moneda interpretada como ARS por tratarse de lista local MCBA. Atributos fuente: CAL=EL; TAM=MEDIANO.,688.889,629.6,59.28899999999999,kg,$/kg,ARS,ARS,True,1,dd79df906b633240deb58c3a51669318a002617981e25ad8269a2df7010aa22d,,,115858,PFRU25_K.xlsx#hoja=PFRU25_K;fila=373;C=6490;columna=K_OCTU,https://ssma.magyp.gob.ar/frutas.precios.aspx,C_historical_monthly_formula_unverified,probable:unique_dimensions_price_difference,59.28899999999999,0.09416931385006351,[115858],"[{""canonical_current"": ""PERDIDO"", ""canonical_magyp"": ""PERDIDO"", ""current"": ""Pe"", ""dimension"": ""package"", ""magyp"": ""PERDIDO""}]"
probable,2025-10-01,2025-10-01,month,2025-10,MCBA,Frutas,Frutas,MANDARINA,Mandarina,MURCOT,Murcot,CTES.,Ctes.,PERDIDO,Pe,Elegido,MEDIANO,,Moneda interpretada como ARS por tratarse de lista local MCBA. Atributos fuente: CAL=EL; TAM=MEDIANO.,666.67,666.7,-0.030000000000086402,kg,$/kg,ARS,ARS,True,1,7cbcf64c17e2b8104dd068155a443271d8888daea79bf219bd2e7087422b882a,,,115866,PFRU25_K.xlsx#hoja=PFRU25_K;fila=378;C=4033;columna=K_OCTU,https://ssma.magyp.gob.ar/frutas.precios.aspx,C_historical_monthly_formula_unverified,probable:unique_dimensions_price_difference,0.030000000000086402,-4.499775011262397e-05,[115866],"[{""canonical_current"": ""PERDIDO"", ""canonical_magyp"": ""PERDIDO"", ""current"": ""Pe"", ""dimension"": ""package"", ""magyp"": ""PERDIDO""}]"
probable,2025-10-01,2025-10-01,month,2025-10,MCBA,Hortalizas,Hortalizas,MANDIOCA,Mandioca,,,MISIONES,Misiones,BOLSA,Bo,Primera,GRANDE,,Moneda interpretada como ARS por tratarse de lista local MCBA. Atributos fuente: CAL=1A; TAM=GRANDE.,308.3333333333333,310.0,-1.6666666666666856,kg,$/kg,ARS,ARS,True,1,eae2a24a6d871e601dc8df70dc4174919391bba4b445f8cfe09fa7741420244f,,,113611,PHOR25_K.xlsx#hoja=PHOR25_K;fila=249;C=2103;columna=K_OCTU,https://ssma.magyp.gob.ar/frutas.precios.aspx,C_historical_monthly_formula_unverified,probable:unique_dimensions_price_difference,1.6666666666666856,-0.0053763440860215665,[113611],"[{""canonical_current"": ""BOLSA"", ""canonical_magyp"": ""BOLSA"", ""current"": ""Bo"", ""dimension"": ""package"", ""magyp"": ""BOLSA""}]"
probable,2025-10-01,2025-10-01,month,2025-10,MCBA,Frutas,Frutas,MANI,Mani,,,SALTA,Salta,BOLSA,Bo,Elegido,GRANEL,,Moneda interpretada como ARS por tratarse de lista local MCBA. Atributos fuente: CAL=EL; TAM=GRANEL.,3523.809523809524,3536.0,-12.190476190476147,kg,$/kg,ARS,ARS,True,1,8469503b5c79283565abe3d9585389ea3ba777302de404d3cff7b6f27ddb27e0,,,115944,PFRU25_K.xlsx#hoja=PFRU25_K;fila=404;C=2497;columna=K_OCTU,https://ssma.magyp.gob.ar/frutas.precios.aspx,C_historical_monthly_formula_unverified,probable:unique_dimensions_price_difference,12.190476190476147,-0.003447532859297553,[115944],"[{""canonical_current"": ""BOLSA"", ""canonical_magyp"": ""BOLSA"", ""current"": ""Bo"", ""dimension"": ""package"", ""magyp"": ""BOLSA""}]"
probable,2025-10-01,2025-10-01,month,2025-10,MCBA,Frutas,Frutas,MANZANA,Manzana,CRIPPS PIN,Cripps Pin,R. NEGRO,R. Negro,CAJA,Ca,Elegido,113/125,,Moneda interpretada como ARS por tratarse de lista local MCBA. Atributos fuente: CAL=EL; TAM=113/125.,1380.114210526316,1393.0,-12.885789473684099,kg,$/kg,ARS,ARS,True,1,04fbac84b3eea8e40ab500ede1e4ce277457b0abed2f2ff7b2074d18cf9b9dd0,,,115952,PFRU25_K.xlsx#hoja=PFRU25_K;fila=406;C=6449;columna=K_OCTU,https://ssma.magyp.gob.ar/frutas.precios.aspx,C_historical_monthly_formula_unverified,probable:unique_dimensions_price_difference,12.885789473684099,-0.009250387274719381,[115952],"[{""canonical_current"": ""CAJA"", ""canonical_magyp"": ""CAJA"", ""current"": ""Ca"", ""dimension"": ""package"", ""magyp"": ""CAJA""}]"
probable,2025-10-01,2025-10-01,month,2025-10,MCBA,Frutas,Frutas,MANZANA,Manzana,GOLDEN DEL,Golden Del,R. NEGRO,R. Negro,CAJA,Ca,Elegido,088/113,,Moneda interpretada como ARS por tratarse de lista local MCBA. Atributos fuente: CAL=EL; TAM=088/113.,1374.9991666666667,1383.0,-8.000833333333276,kg,$/kg,ARS,ARS,True,1,54234962d11fc15a719eddc476126814dac5ba5ff6603e367700fde4af0e614d,,,115976,PFRU25_K.xlsx#hoja=PFRU25_K;fila=417;C=6436;columna=K_OCTU,https://ssma.magyp.gob.ar/frutas.precios.aspx,C_historical_monthly_formula_unverified,probable:unique_dimensions_price_difference,8.000833333333276,-0.005785128946734111,[115976],"[{""canonical_current"": ""CAJA"", ""canonical_magyp"": ""CAJA"", ""current"": ""Ca"", ""dimension"": ""package"", ""magyp"": ""CAJA""}]"
probable,2025-10-01,2025-10-01,month,2025-10,MCBA,Frutas,Frutas,MANZANA,Manzana,RED DELICI,Red Delici,CHILE,Chile,CAJA,Ca,Elegido,080/100,,Moneda interpretada como ARS por tratarse de lista local MCBA. Atributos fuente: CAL=EL; TAM=080/100.,2833.3328571428574,2821.0,12.332857142857392,kg,$/kg,ARS,ARS,True,1,324c1bfe8018440b56f3c7a25157f3beaa70a3a1d311b2014177b0e2e773f9fb,,,116097,PFRU25_K.xlsx#hoja=PFRU25_K;fila=457;C=6170;columna=K_OCTU,https://ssma.magyp.gob.ar/frutas.precios.aspx,C_historical_monthly_formula_unverified,probable:unique_dimensions_price_difference,12.332857142857392,0.004371803311895566,[116097],"[{""canonical_current"": ""CAJA"", ""canonical_magyp"": ""CAJA"", ""current"": ""Ca"", ""dimension"": ""package"", ""magyp"": ""CAJA""}]"
probable,2025-10-01,2025-10-01,month,2025-10,MCBA,Frutas,Frutas,MANZANA,Manzana,ROME BEAUT,Rome Beaut,R. NEGRO,R. Negro,CAJA,Ca,Elegido,113/125,,Moneda interpretada como ARS por tratarse de lista local MCBA. Atributos fuente: CAL=EL; TAM=113/125.,1492.857142857143,1479.0,13.85714285714289,kg,$/kg,ARS,ARS,True,1,92564848cd38603d6e168b47b699edd2f426f9051de9d54b71de911faaa6b322,,,116234,PFRU25_K.xlsx#hoja=PFRU25_K;fila=490;C=5763;columna=K_OCTU,https://ssma.magyp.gob.ar/frutas.precios.aspx,C_historical_monthly_formula_unverified,probable:unique_dimensions_price_difference,13.85714285714289,0.009369264947358276,[116234],"[{""canonical_current"": ""CAJA"", ""canonical_magyp"": ""CAJA"", ""current"": ""Ca"", ""dimension"": ""package"", ""magyp"": ""CAJA""}]"
probable,2025-10-01,2025-10-01,month,2025-10,MCBA,Frutas,Frutas,MBURUCUYA,Mburucuya,,,MISIONES,Misiones,PERDIDO,Pe,Elegido,GRANEL,,Moneda interpretada como ARS por tratarse de lista local MCBA. Atributos fuente: CAL=EL; TAM=GRANEL.,2741.178,2746.0,-4.822000000000116,kg,$/kg,ARS,ARS,True,1,da27f48286bcf08cf6e4b1ec1ed853cdb45c927a84240447733befb322f4473c,,,116258,PFRU25_K.xlsx#hoja=PFRU25_K;fila=500;C=6487;columna=K_OCTU,https://ssma.magyp.gob.ar/frutas.precios.aspx,C_historical_monthly_formula_unverified,probable:unique_dimensions_price_difference,4.822000000000116,-0.0017560087399854758,[116258],"[{""canonical_current"": ""PERDIDO"", ""canonical_magyp"": ""PERDIDO"", ""current"": ""Pe"", ""dimension"": ""package"", ""magyp"": ""PERDIDO""}]"
probable,2025-10-01,2025-10-01,month,2025-10,MCBA,Frutas,Frutas,MELON,Melon,GALIA,Galia,BRASIL,Brasil,CAJA,Ca,Elegido,MEDIANO,,Moneda interpretada como ARS por tratarse de lista local MCBA. Atributos fuente: CAL=EL; TAM=MEDIANO.,2494.7368421052633,2504.0,-9.26315789473665,kg,$/kg,ARS,ARS,True,1,969698bbd3d01f2c2e9a12fb2e355bae1a2d39ecc2df1a6ff0178845bb70946d,,,116292,PFRU25_K.xlsx#hoja=PFRU25_K;fila=514;C=5335;columna=K_OCTU,https://ssma.magyp.gob.ar/frutas.precios.aspx,C_historical_monthly_formula_unverified,probable:unique_dimensions_price_difference,9.26315789473665,-0.003699344207163199,[116292],"[{""canonical_current"": ""CAJA"", ""canonical_magyp"": ""CAJA"", ""current"": ""Ca"", ""dimension"": ""package"", ""magyp"": ""CAJA""}]"
probable,2025-10-01,2025-10-01,month,2025-10,MCBA,Frutas,Frutas,MELON,Melon,ROCIO MIEL,Rocio Miel,SALTA,Salta,PERDIDO,Pe,Elegido,MEDIANO,INVERNAC,Moneda interpretada como ARS por tratarse de lista local MCBA. Atributos fuente: CAL=EL; TAM=MEDIANO; GRADO=INV.,2595.2380952380954,2607.0,-11.761904761904589,kg,$/kg,ARS,ARS,True,1,57a43da10701b7a6b9c3e9f349fecdd99ca9fde37fa90dfc7ee00491e74ad8e7,,,116323,PFRU25_K.xlsx#hoja=PFRU25_K;fila=528;C=6171;columna=K_OCTU,https://ssma.magyp.gob.ar/frutas.precios.aspx,C_historical_monthly_formula_unverified,probable:unique_dimensions_price_difference,11.761904761904589,-0.004511662739510774,[116323],"[{""canonical_current"": ""PERDIDO"", ""canonical_magyp"": ""PERDIDO"", ""current"": ""Pe"", ""dimension"": ""package"", ""magyp"": ""PERDIDO""}]"
probable,2025-10-01,2025-10-01,month,2025-10,MCBA,Frutas,Frutas,MELON,Melon,ROCIO MIEL,Rocio Miel,SGO.EST.,Sgo.Est.,BANDEJA,Ba,Elegido,MEDIANO,,Moneda interpretada como ARS por tratarse de lista local MCBA. Atributos fuente: CAL=EL; TAM=MEDIANO.,2100.769230769231,2101.0,-0.23076923076905587,kg,$/kg,ARS,ARS,True,1,4e1d7bc4f63f33ea0c9994d5cb75ccea4e5735fe1b4a00a3df6d8bc45348ce6f,,,116333,PFRU25_K.xlsx#hoja=PFRU25_K;fila=534;C=5472;columna=K_OCTU,https://ssma.magyp.gob.ar/frutas.precios.aspx,C_historical_monthly_formula_unverified,probable:unique_dimensions_price_difference,0.23076923076905587,-0.00010983780617280146,[116333],"[{""canonical_current"": ""BANDEJA"", ""canonical_magyp"": ""BANDEJA"", ""current"": ""Ba"", ""dimension"": ""package"", ""magyp"": ""BANDEJA""}]"
probable,2025-10-01,2025-10-01,month,2025-10,MCBA,Frutas,Frutas,MELON,Melon,SUN DEW,Sun Dew,BRASIL,Brasil,CAJA,Ca,Elegido,MEDIANO,,Moneda interpretada como ARS por tratarse de lista local MCBA. Atributos fuente: CAL=EL; TAM=MEDIANO.,2520.0,2500.0,20.0,kg,$/kg,ARS,ARS,True,1,a1b81cce0855ea13ff2cdb462dca8ec6f3c6b070350e8f2bc682fa60325761b7,,,116341,PFRU25_K.xlsx#hoja=PFRU25_K;fila=537;C=6496;columna=K_OCTU,https://ssma.magyp.gob.ar/frutas.precios.aspx,C_historical_monthly_formula_unverified,probable:unique_dimensions_price_difference,20.0,0.008,[116341],"[{""canonical_current"": ""CAJA"", ""canonical_magyp"": ""CAJA"", ""current"": ""Ca"", ""dimension"": ""package"", ""magyp"": ""CAJA""}]"
probable,2025-10-01,2025-10-01,month,2025-10,MCBA,Hortalizas,Hortalizas,MENTA,Menta,,,BS. AS.,Bs. As.,ATADO,At,Primera,MEDIANO,,Moneda interpretada como ARS por tratarse de lista local MCBA. Atributos fuente: CAL=1A; TAM=MEDIANO.,9509.52380952381,9513.0,-3.4761904761908227,kg,$/kg,ARS,ARS,True,1,5852fdbdb9abaaa96cf990fcb8fae74969046e5a6ac2e5af07d8ec0625f8b0a1,,,113623,PHOR25_K.xlsx#hoja=PHOR25_K;fila=251;C=4368;columna=K_OCTU,https://ssma.magyp.gob.ar/frutas.precios.aspx,C_historical_monthly_formula_unverified,probable:unique_dimensions_price_difference,3.4761904761908227,-0.00036541474573644725,[113623],"[{""canonical_current"": ""ATADO"", ""canonical_magyp"": ""ATADO"", ""current"": ""At"", ""dimension"": ""package"", ""magyp"": ""ATADO""}]"
probable,2025-10-01,2025-10-01,month,2025-10,MCBA,Frutas,Frutas,NARANJA,Naranja,LANE LATE,Lane Late,BS. AS.,Bs. As.,PERDIDO,Pe,Elegido,070/090,,Moneda interpretada como ARS por tratarse de lista local MCBA. Atributos fuente: CAL=EL; TAM=070/090.,701.390625,684.7,16.690624999999955,kg,$/kg,ARS,ARS,True,1,2e784c84a9d7496229fe59b3a6adf018f28a93be7823f5506b12ff917b175a89,,,116371,PFRU25_K.xlsx#hoja=PFRU25_K;fila=553;C=6510;columna=K_OCTU,https://ssma.magyp.gob.ar/frutas.precios.aspx,C_historical_monthly_formula_unverified,probable:unique_dimensions_price_difference,16.690624999999955,0.024376551774499714,[116371],"[{""canonical_current"": ""PERDIDO"", ""canonical_magyp"": ""PERDIDO"", ""current"": ""Pe"", ""dimension"": ""package"", ""magyp"": ""PERDIDO""}]"
probable,2025-10-01,2025-10-01,month,2025-10,MCBA,Frutas,Frutas,NARANJA,Naranja,LANE LATE,Lane Late,E. RIOS,E. Rios,PERDIDO,Pe,Elegido,090/110,,Moneda interpretada como ARS por tratarse de lista local MCBA. Atributos fuente: CAL=EL; TAM=090/110.,767.1947619047619,752.0,15.19476190476189,kg,$/kg,ARS,ARS,True,1,7fb008dc53001441defdd43606fde180303a0626452b15b8f8028ac67ce0354e,,,116374,PFRU25_K.xlsx#hoja=PFRU25_K;fila=554;C=5035;columna=K_OCTU,https://ssma.magyp.gob.ar/frutas.precios.aspx,C_historical_monthly_formula_unverified,probable:unique_dimensions_price_difference,15.19476190476189,0.02020580040526847,[116374],"[{""canonical_current"": ""PERDIDO"", ""canonical_magyp"": ""PERDIDO"", ""current"": ""Pe"", ""dimension"": ""package"", ""magyp"": ""PERDIDO""}]"
probable,2025-10-01,2025-10-01,month,2025-10,MCBA,Frutas,Frutas,NARANJA,Naranja,VALEN.LATE,Valen.Late,CTES.,Ctes.,PERDIDO,Pe,Elegido,110/130,,Moneda interpretada como ARS por tratarse de lista local MCBA. Atributos fuente: CAL=EL; TAM=110/130.,568.7861904761904,566.7,2.0861904761903816,kg,$/kg,ARS,ARS,True,1,1dc371ab4382a68a758131049c52dc054b34ec21875afbf41462d38b6eaae7f4,,,116437,PFRU25_K.xlsx#hoja=PFRU25_K;fila=578;C=2193;columna=K_OCTU,https://ssma.magyp.gob.ar/frutas.precios.aspx,C_historical_monthly_formula_unverified,probable:unique_dimensions_price_difference,2.0861904761903816,0.0036812960582148957,[116437],"[{""canonical_current"": ""PERDIDO"", ""canonical_magyp"": ""PERDIDO"", ""current"": ""Pe"", ""dimension"": ""package"", ""magyp"": ""PERDIDO""}]"
probable,2025-10-01,2025-10-01,month,2025-10,MCBA,Frutas,Frutas,NARANJA,Naranja,VALEN.LATE,Valen.Late,E. RIOS,E. Rios,PERDIDO,Pe,Elegido,090/110,,Moneda interpretada como ARS por tratarse de lista local MCBA. Atributos fuente: CAL=EL; TAM=090/110.,608.4652380952381,605.9,2.565238095238101,kg,$/kg,ARS,ARS,True,1,f60b22f0bb5399382d4b9d42ecee99b91790cf08cd038187e8e800d122755d96,,,116442,PFRU25_K.xlsx#hoja=PFRU25_K;fila=581;C=6032;columna=K_OCTU,https://ssma.magyp.gob.ar/frutas.precios.aspx,C_historical_monthly_formula_unverified,probable:unique_dimensions_price_difference,2.565238095238101,0.004233764804816143,[116442],"[{""canonical_current"": ""PERDIDO"", ""canonical_magyp"": ""PERDIDO"", ""current"": ""Pe"", ""dimension"": ""package"", ""magyp"": ""PERDIDO""}]"
probable,2025-10-01,2025-10-01,month,2025-10,MCBA,Frutas,Frutas,NARANJA,Naranja,W.NAVEL,W.Navel,BS. AS.,Bs. As.,PERDIDO,Pe,Elegido,070/090,,Moneda interpretada como ARS por tratarse de lista local MCBA. Atributos fuente: CAL=EL; TAM=070/090.,761.902380952381,755.6,6.302380952380986,kg,$/kg,ARS,ARS,True,1,c3149b718fdc44366fb42628e73a489fd7f7d918e4ec88078163caae7495709a,,,116471,PFRU25_K.xlsx#hoja=PFRU25_K;fila=591;C=6504;columna=K_OCTU,https://ssma.magyp.gob.ar/frutas.precios.aspx,C_historical_monthly_formula_unverified,probable:unique_dimensions_price_difference,6.302380952380986,0.008340895913685793,[116471],"[{""canonical_current"": ""PERDIDO"", ""canonical_magyp"": ""PERDIDO"", ""current"": ""Pe"", ""dimension"": ""package"", ""magyp"": ""PERDIDO""}]"
probable,2025-10-01,2025-10-01,month,2025-10,MCBA,Frutas,Frutas,NARANJA,Naranja,W.NAVEL,W.Navel,CTES.,Ctes.,PERDIDO,Pe,Elegido,070/090,,Moneda interpretada como ARS por tratarse de lista local MCBA. Atributos fuente: CAL=EL; TAM=070/090.,703.7061904761905,697.8,5.906190476190545,kg,$/kg,ARS,ARS,True,1,d870ed5f9b9b36f71cd0f114e24e0ade4704de0c1947225439553743532b825e,,,116478,PFRU25_K.xlsx#hoja=PFRU25_K;fila=593;C=6447;columna=K_OCTU,https://ssma.magyp.gob.ar/frutas.precios.aspx,C_historical_monthly_formula_unverified,probable:unique_dimensions_price_difference,5.906190476190545,0.00846401615963105,[116478],"[{""canonical_current"": ""PERDIDO"", ""canonical_magyp"": ""PERDIDO"", ""current"": ""Pe"", ""dimension"": ""package"", ""magyp"": ""PERDIDO""}]"
probable,2025-10-01,2025-10-01,month,2025-10,MCBA,Frutas,Frutas,NUEZ,Nuez,,,MENDOZA,Mendoza,BOLSA,Bo,Elegido,GRANEL,,Moneda interpretada como ARS por tratarse de lista local MCBA. Atributos fuente: CAL=EL; TAM=GRANEL.,6657.142857142857,6652.0,5.142857142856883,kg,$/kg,ARS,ARS,True,1,bf8ced6c2a208b4d8d725f25ab0986543829d9223a1d92cb2b04f726aecad25c,,,116500,PFRU25_K.xlsx#hoja=PFRU25_K;fila=599;C=5054;columna=K_OCTU,https://ssma.magyp.gob.ar/frutas.precios.aspx,C_historical_monthly_formula_unverified,probable:unique_dimensions_price_difference,5.142857142856883,0.0007731294562322434,[116500],"[{""canonical_current"": ""BOLSA"", ""canonical_magyp"": ""BOLSA"", ""current"": ""Bo"", ""dimension"": ""package"", ""magyp"": ""BOLSA""}]"
probable,2025-10-01,2025-10-01,month,2025-10,MCBA,Hortalizas,Hortalizas,OREGANO,Oregano,,,BS. AS.,Bs. As.,ATADO,At,Primera,MEDIANO,,Moneda interpretada como ARS por tratarse de lista local MCBA. Atributos fuente: CAL=1A; TAM=MEDIANO.,9195.238095238095,9230.0,-34.76190476190459,kg,$/kg,ARS,ARS,True,1,2f735ce63f5001bac3d4ee9e5b57bbda4b18d535cd787a3be0fecddec8a45365,,,113636,PHOR25_K.xlsx#hoja=PHOR25_K;fila=255;C=4369;columna=K_OCTU,https://ssma.magyp.gob.ar/frutas.precios.aspx,C_historical_monthly_formula_unverified,probable:unique_dimensions_price_difference,34.76190476190459,-0.0037661868647783955,[113636],"[{""canonical_current"": ""ATADO"", ""canonical_magyp"": ""ATADO"", ""current"": ""At"", ""dimension"": ""package"", ""magyp"": ""ATADO""}]"
probable,2025-10-01,2025-10-01,month,2025-10,MCBA,Frutas,Frutas,PALTA,Palta,HASS,Hass,CTES.,Ctes.,CAJA,Ca,Elegido,MEDIANO,,Moneda interpretada como ARS por tratarse de lista local MCBA. Atributos fuente: CAL=EL; TAM=MEDIANO.,3586.6666666666665,3583.0,3.666666666666515,kg,$/kg,ARS,ARS,True,1,bd7bba0398d612b2a1e3702bb1b53b96d3a07f0b7cc9ee1af15fb7e3f2fe0096,,,116559,PFRU25_K.xlsx#hoja=PFRU25_K;fila=611;C=6488;columna=K_OCTU,https://ssma.magyp.gob.ar/frutas.precios.aspx,C_historical_monthly_formula_unverified,probable:unique_dimensions_price_difference,3.666666666666515,0.0010233510093961807,[116559],"[{""canonical_current"": ""CAJA"", ""canonical_magyp"": ""CAJA"", ""current"": ""Ca"", ""dimension"": ""package"", ""magyp"": ""CAJA""}]"
probable,2025-10-01,2025-10-01,month,2025-10,MCBA,Frutas,Frutas,PALTA,Palta,HASS,Hass,PERU,Peru,CAJA,Ca,Elegido,MEDIANO,,Moneda interpretada como ARS por tratarse de lista local MCBA. Atributos fuente: CAL=EL; TAM=MEDIANO.,5100.0,5108.0,-8.0,kg,$/kg,ARS,ARS,True,1,e9a9633df45e7aace0f3ae250dd37a190543e6dbbbf2b53b131f82e03b01ae05,,,116585,PFRU25_K.xlsx#hoja=PFRU25_K;fila=618;C=6491;columna=K_OCTU,https://ssma.magyp.gob.ar/frutas.precios.aspx,C_historical_monthly_formula_unverified,probable:unique_dimensions_price_difference,8.0,-0.0015661707126076742,[116585],"[{""canonical_current"": ""CAJA"", ""canonical_magyp"": ""CAJA"", ""current"": ""Ca"", ""dimension"": ""package"", ""magyp"": ""CAJA""}]"
probable,2025-10-01,2025-10-01,month,2025-10,MCBA,Hortalizas,Hortalizas,PAPA,Papa,AGATA,Agata,BRASIL,Brasil,BOLSA,Bo,Primera,MEDIANO,LAVADA,Moneda interpretada como ARS por tratarse de lista local MCBA. Atributos fuente: CAL=1A; TAM=MEDIANO; GRADO=LAV.,781.1428571428571,771.3,9.842857142857156,kg,$/kg,ARS,ARS,True,1,855bc35901c1e19cf8ad5541f6566b8e1a9fa5f2871136ffd2d6dd294711215b,,,113660,PHOR25_K.xlsx#hoja=PHOR25_K;fila=260;C=3862;columna=K_OCTU,https://ssma.magyp.gob.ar/frutas.precios.aspx,C_historical_monthly_formula_unverified,probable:unique_dimensions_price_difference,9.842857142857156,0.012761386156952102,[113660],"[{""canonical_current"": ""BOLSA"", ""canonical_magyp"": ""BOLSA"", ""current"": ""Bo"", ""dimension"": ""package"", ""magyp"": ""BOLSA""}]"
probable,2025-10-01,2025-10-01,month,2025-10,MCBA,Hortalizas,Hortalizas,PAPA,Papa,ASTERIX,Asterix,BRASIL,Brasil,BOLSA,Bo,Primera,MEDIANO,LAVADA,Moneda interpretada como ARS por tratarse de lista local MCBA. Atributos fuente: CAL=1A; TAM=MEDIANO; GRADO=LAV.,742.7692307692307,741.2,1.5692307692306713,kg,$/kg,ARS,ARS,True,1,b196fc0623fedd4f2f40848f7ec6f2fe6bfec4362a12321cb5b91f08e98183ad,,,113673,PHOR25_K.xlsx#hoja=PHOR25_K;fila=262;C=3970;columna=K_OCTU,https://ssma.magyp.gob.ar/frutas.precios.aspx,C_historical_monthly_formula_unverified,probable:unique_dimensions_price_difference,1.5692307692306713,0.0021171489061395997,[113673],"[{""canonical_current"": ""BOLSA"", ""canonical_magyp"": ""BOLSA"", ""current"": ""Bo"", ""dimension"": ""package"", ""magyp"": ""BOLSA""}]"
probable,2025-10-01,2025-10-01,month,2025-10,MCBA,Hortalizas,Hortalizas,PAPA,Papa,DAIFLA,Daifla,SAN LUIS,San Luis,BOLSA,Bo,Primera,MEDIANO,LAVADA,Moneda interpretada como ARS por tratarse de lista local MCBA. Atributos fuente: CAL=1A; TAM=MEDIANO; GRADO=LAV.,517.3809523809524,510.7,6.680952380952419,kg,$/kg,ARS,ARS,True,1,7f8b6b367ef8d1c911552eb0774ed133d2c99d382b5fa88de6587d63fa4fa366,,,113680,PHOR25_K.xlsx#hoja=PHOR25_K;fila=264;C=4314;columna=K_OCTU,https://ssma.magyp.gob.ar/frutas.precios.aspx,C_historical_monthly_formula_unverified,probable:unique_dimensions_price_difference,6.680952380952419,0.013081951010284745,[113680],"[{""canonical_current"": ""BOLSA"", ""canonical_magyp"": ""BOLSA"", ""current"": ""Bo"", ""dimension"": ""package"", ""magyp"": ""BOLSA""}]"
probable,2025-10-01,2025-10-01,month,2025-10,MCBA,Hortalizas,Hortalizas,PAPA,Papa,SAGITTA,Sagitta,SAN LUIS,San Luis,BOLSA,Bo,Primera,MEDIANO,LAVADA,Moneda interpretada como ARS por tratarse de lista local MCBA. Atributos fuente: CAL=1A; TAM=MEDIANO; GRADO=LAV.,512.3809523809524,505.7,6.680952380952419,kg,$/kg,ARS,ARS,True,1,34cc247c7ef245c392df0f0c60a9c8ecc61b3a6db2d5660724e8ebff8dc5308d,,,113698,PHOR25_K.xlsx#hoja=PHOR25_K;fila=274;C=4324;columna=K_OCTU,https://ssma.magyp.gob.ar/frutas.precios.aspx,C_historical_monthly_formula_unverified,probable:unique_dimensions_price_difference,6.680952380952419,0.013211295987645678,[113698],"[{""canonical_current"": ""BOLSA"", ""canonical_magyp"": ""BOLSA"", ""current"": ""Bo"", ""dimension"": ""package"", ""magyp"": ""BOLSA""}]"
probable,2025-10-01,2025-10-01,month,2025-10,MCBA,Hortalizas,Hortalizas,PAPA,Papa,SAGITTA,Sagitta,SE BS.AS,Se Bs.As,BOLSA,Bo,Primera,MEDIANO,LAVADA,Moneda interpretada como ARS por tratarse de lista local MCBA. Atributos fuente: CAL=1A; TAM=MEDIANO; GRADO=LAV.,463.6842105263158,462.7,0.9842105263157919,kg,$/kg,ARS,ARS,True,1,3886f60a9c26e2ef78664d4aa359b90c0d101bc826e82149ac958a860ab98703,,,113710,PHOR25_K.xlsx#hoja=PHOR25_K;fila=276;C=4122;columna=K_OCTU,https://ssma.magyp.gob.ar/frutas.precios.aspx,C_historical_monthly_formula_unverified,probable:unique_dimensions_price_difference,0.9842105263157919,0.0021271029313070927,[113710],"[{""canonical_current"": ""BOLSA"", ""canonical_magyp"": ""BOLSA"", ""current"": ""Bo"", ""dimension"": ""package"", ""magyp"": ""BOLSA""}]"
probable,2025-10-01,2025-10-01,month,2025-10,MCBA,Hortalizas,Hortalizas,PAPA,Papa,SPUNTA,Spunta,CORDOBA,Cordoba,BOLSA,Bo,Segunda,MEDIANO,,Moneda interpretada como ARS por tratarse de lista local MCBA. Atributos fuente: CAL=2A; TAM=MEDIANO.,272.4985,268.2,4.29849999999999,kg,$/kg,ARS,ARS,True,1,5f05d4e66c305906ca0b5c513b5fff502e87288d803e1a46c64fc9a36a2cf57f,,,113723,PHOR25_K.xlsx#hoja=PHOR25_K;fila=279;C=4250;columna=K_OCTU,https://ssma.magyp.gob.ar/frutas.precios.aspx,C_historical_monthly_formula_unverified,probable:unique_dimensions_price_difference,4.29849999999999,0.01602721849366141,[113723],"[{""canonical_current"": ""BOLSA"", ""canonical_magyp"": ""BOLSA"", ""current"": ""Bo"", ""dimension"": ""package"", ""magyp"": ""BOLSA""}]"
probable,2025-10-01,2025-10-01,month,2025-10,MCBA,Hortalizas,Hortalizas,PAPA,Papa,SPUNTA,Spunta,JUJUY,Jujuy,BOLSA,Bo,Segunda,MEDIANO,,Moneda interpretada como ARS por tratarse de lista local MCBA. Atributos fuente: CAL=2A; TAM=MEDIANO.,318.8023076923077,309.1,9.70230769230767,kg,$/kg,ARS,ARS,True,1,b3501fb54f01bed7079338005165675b8ebf684d3728ef9471cc204127ea35df,,,113727,PHOR25_K.xlsx#hoja=PHOR25_K;fila=281;C=4235;columna=K_OCTU,https://ssma.magyp.gob.ar/frutas.precios.aspx,C_historical_monthly_formula_unverified,probable:unique_dimensions_price_difference,9.70230769230767,0.03138889580170712,[113727],"[{""canonical_current"": ""BOLSA"", ""canonical_magyp"": ""BOLSA"", ""current"": ""Bo"", ""dimension"": ""package"", ""magyp"": ""BOLSA""}]"
probable,2025-10-01,2025-10-01,month,2025-10,MCBA,Hortalizas,Hortalizas,PAPA,Papa,SPUNTA,Spunta,V.DOLOR.,V.Dolor.,BOLSA,Bo,Segunda,MEDIANO,,Moneda interpretada como ARS por tratarse de lista local MCBA. Atributos fuente: CAL=2A; TAM=MEDIANO.,268.056,264.6,3.4559999999999604,kg,$/kg,ARS,ARS,True,1,e9f5ddf5ea2f100880428de8dac9be320ebcedb7a8df58d987d787cf457b58fc,,,113788,PHOR25_K.xlsx#hoja=PHOR25_K;fila=294;C=4243;columna=K_OCTU,https://ssma.magyp.gob.ar/frutas.precios.aspx,C_historical_monthly_formula_unverified,probable:unique_dimensions_price_difference,3.4559999999999604,0.013061224489795768,[113788],"[{""canonical_current"": ""BOLSA"", ""canonical_magyp"": ""BOLSA"", ""current"": ""Bo"", ""dimension"": ""package"", ""magyp"": ""BOLSA""}]"
probable,2025-10-01,2025-10-01,month,2025-10,MCBA,Frutas,Frutas,PELON,Pelon,,,JUJUY,Jujuy,BANDEJA,Ba,Elegido,MEDIANO,,Moneda interpretada como ARS por tratarse de lista local MCBA. Atributos fuente: CAL=EL; TAM=MEDIANO.,5255.952380952381,5294.0,-38.047619047619264,kg,$/kg,ARS,ARS,True,1,2d86c15eb38b80d71e189af928c8e79966a5813ddb25ab05dd8c57e1e5cdc4b7,,,116601,PFRU25_K.xlsx#hoja=PFRU25_K;fila=627;C=5285;columna=K_OCTU,https://ssma.magyp.gob.ar/frutas.precios.aspx,C_historical_monthly_formula_unverified,probable:unique_dimensions_price_difference,38.047619047619264,-0.007186932196376891,[116601],"[{""canonical_current"": ""BANDEJA"", ""canonical_magyp"": ""BANDEJA"", ""current"": ""Ba"", ""dimension"": ""package"", ""magyp"": ""BANDEJA""}]"
probable,2025-10-01,2025-10-01,month,2025-10,MCBA,Frutas,Frutas,PELON,Pelon,,,JUJUY,Jujuy,CAJA,Ca,Elegido,GRANDE,,Moneda interpretada como ARS por tratarse de lista local MCBA. Atributos fuente: CAL=EL; TAM=GRANDE.,6166.666666666667,6167.0,-0.33333333333303017,kg,$/kg,ARS,ARS,True,1,efde18ec3a8c4e7e941de5a1c981d1d52475cd78e50c9fcbc6f4e99909b723d0,,,116604,PFRU25_K.xlsx#hoja=PFRU25_K;fila=629;C=6511;columna=K_OCTU,https://ssma.magyp.gob.ar/frutas.precios.aspx,C_historical_monthly_formula_unverified,probable:unique_dimensions_price_difference,0.33333333333303017,-5.405113237117402e-05,[116604],"[{""canonical_current"": ""CAJA"", ""canonical_magyp"": ""CAJA"", ""current"": ""Ca"", ""dimension"": ""package"", ""magyp"": ""CAJA""}]"
probable,2025-10-01,2025-10-01,month,2025-10,MCBA,Hortalizas,Hortalizas,PEPINO,Pepino,,,BS. AS.,Bs. As.,TORITO,Tt,Primera,MEDIANO,,Moneda interpretada como ARS por tratarse de lista local MCBA. Atributos fuente: CAL=1A; TAM=MEDIANO.,1333.33,1333.0,0.32999999999992724,kg,$/kg,ARS,ARS,True,1,989d559cd6044b72dc46e4fc1f603d07e3f71c72c2666cbfa5215969d1f6b30c,,,113806,PHOR25_K.xlsx#hoja=PHOR25_K;fila=299;C=370004;columna=K_OCTU,https://ssma.magyp.gob.ar/frutas.precios.aspx,C_historical_monthly_formula_unverified,probable:unique_dimensions_price_difference,0.32999999999992724,0.00024756189047256356,[113806],"[{""canonical_current"": ""TORITO"", ""canonical_magyp"": ""TORITO"", ""current"": ""Tt"", ""dimension"": ""package"", ""magyp"": ""TORITO""}]"
probable,2025-10-01,2025-10-01,month,2025-10,MCBA,Hortalizas,Hortalizas,PEPINO,Pepino,,,BS. AS.,Bs. As.,TORO,To,Primera,MEDIANO,INVERNAC,Moneda interpretada como ARS por tratarse de lista local MCBA. Atributos fuente: CAL=1A; TAM=MEDIANO; GRADO=INV.,1019.4876923076923,1026.0,-6.512307692307672,kg,$/kg,ARS,ARS,True,1,4e085ab4225872d7c320be1e787c67e906cfcede119af6137a50a3c364bbfc45,,,113807,PHOR25_K.xlsx#hoja=PHOR25_K;fila=300;C=3607;columna=K_OCTU,https://ssma.magyp.gob.ar/frutas.precios.aspx,C_historical_monthly_formula_unverified,probable:unique_dimensions_price_difference,6.512307692307672,-0.006347278452541591,[113807],"[{""canonical_current"": ""TORO"", ""canonical_magyp"": ""TORO"", ""current"": ""To"", ""dimension"": ""package"", ""magyp"": ""TORO""}]"
probable,2025-10-01,2025-10-01,month,2025-10,MCBA,Hortalizas,Hortalizas,PEPINO,Pepino,,,CTES.,Ctes.,PERDIDO,Pe,Primera,MEDIANO,,Moneda interpretada como ARS por tratarse de lista local MCBA. Atributos fuente: CAL=1A; TAM=MEDIANO.,619.365238095238,621.6,-2.2347619047619673,kg,$/kg,ARS,ARS,True,1,19712da6ca78baf3e7bc31090482267ce2f3c0213768d8a02a85bb93d4cf2371,,,113817,PHOR25_K.xlsx#hoja=PHOR25_K;fila=301;C=4409;columna=K_OCTU,https://ssma.magyp.gob.ar/frutas.precios.aspx,C_historical_monthly_formula_unverified,probable:unique_dimensions_price_difference,2.2347619047619673,-0.0035951768094626244,[113817],"[{""canonical_current"": ""PERDIDO"", ""canonical_magyp"": ""PERDIDO"", ""current"": ""Pe"", ""dimension"": ""package"", ""magyp"": ""PERDIDO""}]"
probable,2025-10-01,2025-10-01,month,2025-10,MCBA,Hortalizas,Hortalizas,PEPINO,Pepino,,,SALTA,Salta,PERDIDO,Pe,Primera,MEDIANO,,Moneda interpretada como ARS por tratarse de lista local MCBA. Atributos fuente: CAL=1A; TAM=MEDIANO.,763.4909523809524,761.9,1.5909523809524444,kg,$/kg,ARS,ARS,True,1,6cb20fd42a8ced713dda60c35d593e142e2cdf27d3207f75ee16861fe09fc900,,,113826,PHOR25_K.xlsx#hoja=PHOR25_K;fila=303;C=370013;columna=K_OCTU,https://ssma.magyp.gob.ar/frutas.precios.aspx,C_historical_monthly_formula_unverified,probable:unique_dimensions_price_difference,1.5909523809524444,0.0020881380508629014,[113826],"[{""canonical_current"": ""PERDIDO"", ""canonical_magyp"": ""PERDIDO"", ""current"": ""Pe"", ""dimension"": ""package"", ""magyp"": ""PERDIDO""}]"
probable,2025-10-01,2025-10-01,month,2025-10,MCBA,Hortalizas,Hortalizas,PEREJIL,Perejil,,,SGO.EST.,Sgo.Est.,ATADO,At,Primera,,,Moneda interpretada como ARS por tratarse de lista local MCBA. Atributos fuente: CAL=1A.,1011.1111111111111,1033.0,-21.888888888888914,kg,$/kg,ARS,ARS,True,1,41afed604c416e163de55275990d508dce7f6af226dae429510ea70d054445c0,,,113856,PHOR25_K.xlsx#hoja=PHOR25_K;fila=308;C=390006;columna=K_OCTU,https://ssma.magyp.gob.ar/frutas.precios.aspx,C_historical_monthly_formula_unverified,probable:unique_dimensions_price_difference,21.888888888888914,-0.02118963106378404,[113856],"[{""canonical_current"": ""ATADO"", ""canonical_magyp"": ""ATADO"", ""current"": ""At"", ""dimension"": ""package"", ""magyp"": ""ATADO""}]"
probable,2025-10-01,2025-10-01,month,2025-10,MCBA,Hortalizas,Hortalizas,PIMIENTO,Pimiento,JALAPEÑO,Jalapeño,CTES.,Ctes.,BANDEJA,Ba,Primera,GRANDE,VDE/INV,Moneda interpretada como ARS por tratarse de lista local MCBA. Atributos fuente: CAL=1A; TAM=MEDIANO; GRADO=R/I.,1703.5714285714287,1920.0,-216.42857142857133,kg,$/kg,ARS,ARS,True,1,2d9a84253a054b47434008a635e9928eb7d30f6f65b4601e6dcd4bcb93bbf115,,,113877,PHOR25_K.xlsx#hoja=PHOR25_K;fila=317;C=4125;columna=K_OCTU,https://ssma.magyp.gob.ar/frutas.precios.aspx,C_historical_monthly_formula_unverified,probable:unique_dimensions_price_difference,216.42857142857133,-0.11272321428571423,[113877],"[{""canonical_current"": ""BANDEJA"", ""canonical_magyp"": ""BANDEJA"", ""current"": ""Ba"", ""dimension"": ""package"", ""magyp"": ""BANDEJA""}]"
probable,2025-10-01,2025-10-01,month,2025-10,MCBA,Hortalizas,Hortalizas,PIMIENTO,Pimiento,MORRON,Morron,BS. AS.,Bs. As.,TORO,To,Primera,MEDIANO,VDE/INV,Moneda interpretada como ARS por tratarse de lista local MCBA. Atributos fuente: CAL=1A; TAM=MEDIANO; GRADO=V/I.,2708.3333333333335,2708.0,0.3333333333334849,kg,$/kg,ARS,ARS,True,1,99976479d1a6425a10630d081f84e7d13d537b80e2ebb5bea58b133782331e79,,,113900,PHOR25_K.xlsx#hoja=PHOR25_K;fila=322;C=3823;columna=K_OCTU,https://ssma.magyp.gob.ar/frutas.precios.aspx,C_historical_monthly_formula_unverified,probable:unique_dimensions_price_difference,0.3333333333334849,0.00012309207287056312,[113900],"[{""canonical_current"": ""TORO"", ""canonical_magyp"": ""TORO"", ""current"": ""To"", ""dimension"": ""package"", ""magyp"": ""TORO""}]"
probable,2025-10-01,2025-10-01,month,2025-10,MCBA,Hortalizas,Hortalizas,PIMIENTO,Pimiento,VINAGRE,Vinagre,CTES.,Ctes.,TORO,To,Primera,MEDIANO,VDE/INV,Moneda interpretada como ARS por tratarse de lista local MCBA. Atributos fuente: CAL=1A; TAM=MEDIANO; GRADO=V/I.,2024.21875,2017.0,7.21875,kg,$/kg,ARS,ARS,True,1,b032a2010f4452b0332bc1bef8a85aed406e09417048e5d8cfc3fc13ce1ee9bf,,,114021,PHOR25_K.xlsx#hoja=PHOR25_K;fila=351;C=4230;columna=K_OCTU,https://ssma.magyp.gob.ar/frutas.precios.aspx,C_historical_monthly_formula_unverified,probable:unique_dimensions_price_difference,7.21875,0.003578953891918691,[114021],"[{""canonical_current"": ""TORO"", ""canonical_magyp"": ""TORO"", ""current"": ""To"", ""dimension"": ""package"", ""magyp"": ""TORO""}]"
probable,2025-10-01,2025-10-01,month,2025-10,MCBA,Frutas,Frutas,PLATANO,Platano,,,ECUADOR,Ecuador,CAJA,Ca,Elegido,GRANDE,,Moneda interpretada como ARS por tratarse de lista local MCBA. Atributos fuente: CAL=EL; TAM=GRANDE.,2846.560476190476,2839.0,7.560476190476038,kg,$/kg,ARS,ARS,True,1,780550325f52daf3401ec862e2ae99fc3177734a26d3562e02bf69d3499b79e2,,,116796,PFRU25_K.xlsx#hoja=PFRU25_K;fila=708;C=6019;columna=K_OCTU,https://ssma.magyp.gob.ar/frutas.precios.aspx,C_historical_monthly_formula_unverified,probable:unique_dimensions_price_difference,7.560476190476038,0.0026630772069306226,[116796],"[{""canonical_current"": ""CAJA"", ""canonical_magyp"": ""CAJA"", ""current"": ""Ca"", ""dimension"": ""package"", ""magyp"": ""CAJA""}]"
probable,2025-10-01,2025-10-01,month,2025-10,MCBA,Frutas,Frutas,POMELO,Pomelo,MARSH.SEED,Marsh.Seed,E. RIOS,E. Rios,PERDIDO,Pe,Elegido,048/066,,Moneda interpretada como ARS por tratarse de lista local MCBA. Atributos fuente: CAL=EL; TAM=048/066.,670.3726666666666,676.3,-5.9273333333333085,kg,$/kg,ARS,ARS,True,1,6d0a03b3734d91ddde294fdb7b6ca2ddf4d823f7cbc9c0272ef8ab3789755cca,,,116808,PFRU25_K.xlsx#hoja=PFRU25_K;fila=713;C=2158;columna=K_OCTU,https://ssma.magyp.gob.ar/frutas.precios.aspx,C_historical_monthly_formula_unverified,probable:unique_dimensions_price_difference,5.9273333333333085,-0.00876435506924931,[116808],"[{""canonical_current"": ""PERDIDO"", ""canonical_magyp"": ""PERDIDO"", ""current"": ""Pe"", ""dimension"": ""package"", ""magyp"": ""PERDIDO""}]"
probable,2025-10-01,2025-10-01,month,2025-10,MCBA,Frutas,Frutas,POMELO,Pomelo,RUBY RED,Ruby Red,E. RIOS,E. Rios,PERDIDO,Pe,Elegido,070/090,,Moneda interpretada como ARS por tratarse de lista local MCBA. Atributos fuente: CAL=EL; TAM=070/090.,777.7780952380953,763.9,13.878095238095284,kg,$/kg,ARS,ARS,True,1,105cda21d40c5831b6de40621867c0d8fd0c408d990a5e7c390cfcb2a88f26b8,,,116822,PFRU25_K.xlsx#hoja=PFRU25_K;fila=717;C=6419;columna=K_OCTU,https://ssma.magyp.gob.ar/frutas.precios.aspx,C_historical_monthly_formula_unverified,probable:unique_dimensions_price_difference,13.878095238095284,0.018167424058247526,[116822],"[{""canonical_current"": ""PERDIDO"", ""canonical_magyp"": ""PERDIDO"", ""current"": ""Pe"", ""dimension"": ""package"", ""magyp"": ""PERDIDO""}]"
probable,2025-10-01,2025-10-01,month,2025-10,MCBA,Frutas,Frutas,POMELO,Pomelo,STAR RUBY,Star Ruby,E. RIOS,E. Rios,PERDIDO,Pe,Elegido,050/070,,Moneda interpretada como ARS por tratarse de lista local MCBA. Atributos fuente: CAL=EL; TAM=050/070.,849.2066666666667,839.4,9.806666666666729,kg,$/kg,ARS,ARS,True,1,3bf587529db8e9d9696612dd0dfad8159ffbabf50e621639a6e7c39c3529b475,,,116838,PFRU25_K.xlsx#hoja=PFRU25_K;fila=720;C=3317;columna=K_OCTU,https://ssma.magyp.gob.ar/frutas.precios.aspx,C_historical_monthly_formula_unverified,probable:unique_dimensions_price_difference,9.806666666666729,0.011682948137558649,[116838],"[{""canonical_current"": ""PERDIDO"", ""canonical_magyp"": ""PERDIDO"", ""current"": ""Pe"", ""dimension"": ""package"", ""magyp"": ""PERDIDO""}]"
probable,2025-10-01,2025-10-01,month,2025-10,MCBA,Frutas,Frutas,POMELO,Pomelo,STAR RUBY,Star Ruby,SALTA,Salta,PERDIDO,Pe,Elegido,056/070,,Moneda interpretada como ARS por tratarse de lista local MCBA. Atributos fuente: CAL=EL; TAM=056/070.,997.3542857142858,996.3,1.054285714285811,kg,$/kg,ARS,ARS,True,1,2659b83ae5d17b23bee13da15c419ef659f85885f97b29f17cbf500dd51db6d6,,,116855,PFRU25_K.xlsx#hoja=PFRU25_K;fila=724;C=2728;columna=K_OCTU,https://ssma.magyp.gob.ar/frutas.precios.aspx,C_historical_monthly_formula_unverified,probable:unique_dimensions_price_difference,1.054285714285811,0.0010582010582011554,[116855],"[{""canonical_current"": ""PERDIDO"", ""canonical_magyp"": ""PERDIDO"", ""current"": ""Pe"", ""dimension"": ""package"", ""magyp"": ""PERDIDO""}]"
probable,2025-10-01,2025-10-01,month,2025-10,MCBA,Frutas,Frutas,POMELO,Pomelo,STAR RUBY,Star Ruby,TUCUMAN,Tucuman,CAJA,Ca,Elegido,050/070,,Moneda interpretada como ARS por tratarse de lista local MCBA. Atributos fuente: CAL=EL; TAM=050/070.,1079.3642857142856,1067.0,12.364285714285643,kg,$/kg,ARS,ARS,True,1,74f57c0420361e1c50a8ac83c73dd63ecc7c7fcd065de908f02dd45021a29b26,,,116872,PFRU25_K.xlsx#hoja=PFRU25_K;fila=729;C=6500;columna=K_OCTU,https://ssma.magyp.gob.ar/frutas.precios.aspx,C_historical_monthly_formula_unverified,probable:unique_dimensions_price_difference,12.364285714285643,0.011587896639442964,[116872],"[{""canonical_current"": ""CAJA"", ""canonical_magyp"": ""CAJA"", ""current"": ""Ca"", ""dimension"": ""package"", ""magyp"": ""CAJA""}]"
probable,2025-10-01,2025-10-01,month,2025-10,MCBA,Hortalizas,Hortalizas,PUERRO,Puerro,,,BS. AS.,Bs. As.,ATADO,At,Primera,MEDIANO,,Moneda interpretada como ARS por tratarse de lista local MCBA. Atributos fuente: CAL=1A; TAM=MEDIANO.,1500.0,1497.0,3.0,kg,$/kg,ARS,ARS,True,1,9ecc8dc03aa115e1c434387ed60fa1fe7325adc380d0d164922232f6f383a790,,,114044,PHOR25_K.xlsx#hoja=PHOR25_K;fila=355;C=4133;columna=K_OCTU,https://ssma.magyp.gob.ar/frutas.precios.aspx,C_historical_monthly_formula_unverified,probable:unique_dimensions_price_difference,3.0,0.002004008016032064,[114044],"[{""canonical_current"": ""ATADO"", ""canonical_magyp"": ""ATADO"", ""current"": ""At"", ""dimension"": ""package"", ""magyp"": ""ATADO""}]"
probable,2025-10-01,2025-10-01,month,2025-10,MCBA,Hortalizas,Hortalizas,PUERRO,Puerro,,,BS. AS.,Bs. As.,JAULA,Ja,Primera,MEDIANO,,Moneda interpretada como ARS por tratarse de lista local MCBA. Atributos fuente: CAL=1A; TAM=MEDIANO.,1211.904761904762,1204.0,7.904761904761926,kg,$/kg,ARS,ARS,True,1,bb35d72cadab8831fca9618ae464f397d21898933d47b228df2d17f2e9b23be0,,,114032,PHOR25_K.xlsx#hoja=PHOR25_K;fila=354;C=420001;columna=K_OCTU,https://ssma.magyp.gob.ar/frutas.precios.aspx,C_historical_monthly_formula_unverified,probable:unique_dimensions_price_difference,7.904761904761926,0.006565416864420205,[114032],"[{""canonical_current"": ""JAULA"", ""canonical_magyp"": ""JAULA"", ""current"": ""Ja"", ""dimension"": ""package"", ""magyp"": ""JAULA""}]"
probable,2025-10-01,2025-10-01,month,2025-10,MCBA,Hortalizas,Hortalizas,RABANITO,Rabanito,,,BS. AS.,Bs. As.,TORITO,Tt,Primera,,,Moneda interpretada como ARS por tratarse de lista local MCBA. Atributos fuente: CAL=1A.,1564.7619047619048,1569.0,-4.238095238095184,kg,$/kg,ARS,ARS,True,1,a5c69af799ddd809425f62ec467c4ec83a9bab81429391fe85fa3f350294aca3,,,114056,PHOR25_K.xlsx#hoja=PHOR25_K;fila=357;C=490001;columna=K_OCTU,https://ssma.magyp.gob.ar/frutas.precios.aspx,C_historical_monthly_formula_unverified,probable:unique_dimensions_price_difference,4.238095238095184,-0.0027011441925399514,[114056],"[{""canonical_current"": ""TORITO"", ""canonical_magyp"": ""TORITO"", ""current"": ""Tt"", ""dimension"": ""package"", ""magyp"": ""TORITO""}]"
probable,2025-10-01,2025-10-01,month,2025-10,MCBA,Hortalizas,Hortalizas,RADICCHIO,Radicchio,,,BS. AS.,Bs. As.,BANDEJA,Ba,Primera,MEDIANO,,Moneda interpretada como ARS por tratarse de lista local MCBA. Atributos fuente: CAL=1A; TAM=MEDIANO.,7161.9047619047615,7109.0,52.90476190476147,kg,$/kg,ARS,ARS,True,1,131efb6d172860424f7239772707b2e461d5ba958df2aad10a71bfcc78661843,,,114068,PHOR25_K.xlsx#hoja=PHOR25_K;fila=359;C=1993;columna=K_OCTU,https://ssma.magyp.gob.ar/frutas.precios.aspx,C_historical_monthly_formula_unverified,probable:unique_dimensions_price_difference,52.90476190476147,0.00744194146923076,[114068],"[{""canonical_current"": ""BANDEJA"", ""canonical_magyp"": ""BANDEJA"", ""current"": ""Ba"", ""dimension"": ""package"", ""magyp"": ""BANDEJA""}]"
probable,2025-10-01,2025-10-01,month,2025-10,MCBA,Hortalizas,Hortalizas,RADICHETA,Radicheta,1ER.CORTE,1Er.Corte,BS. AS.,Bs. As.,BANDEJA,Ba,Primera,,,Moneda interpretada como ARS por tratarse de lista local MCBA. Atributos fuente: CAL=1A.,1514.2857142857142,1517.0,-2.7142857142857792,kg,$/kg,ARS,ARS,True,1,0b194509a02dd4cc435ead69a960f4f8000d1cbfcde9abbe8a72f63a1dd58edf,,,114080,PHOR25_K.xlsx#hoja=PHOR25_K;fila=361;C=480001;columna=K_OCTU,https://ssma.magyp.gob.ar/frutas.precios.aspx,C_historical_monthly_formula_unverified,probable:unique_dimensions_price_difference,2.7142857142857792,-0.0017892456916847588,[114080],"[{""canonical_current"": ""BANDEJA"", ""canonical_magyp"": ""BANDEJA"", ""current"": ""Ba"", ""dimension"": ""package"", ""magyp"": ""BANDEJA""}]"
probable,2025-10-01,2025-10-01,month,2025-10,MCBA,Hortalizas,Hortalizas,RADICHETA,Radicheta,2DO.CORTE,2Do.Corte,BS. AS.,Bs. As.,BANDEJA,Ba,Primera,,,Moneda interpretada como ARS por tratarse de lista local MCBA. Atributos fuente: CAL=1A.,906.3490476190476,898.1,8.249047619047587,kg,$/kg,ARS,ARS,True,1,8aa0a4cf31951bdc262d7faeab52ee4f839d9383fde66c97493da91d34533b18,,,114092,PHOR25_K.xlsx#hoja=PHOR25_K;fila=362;C=480002;columna=K_OCTU,https://ssma.magyp.gob.ar/frutas.precios.aspx,C_historical_monthly_formula_unverified,probable:unique_dimensions_price_difference,8.249047619047587,0.009184999019093183,[114092],"[{""canonical_current"": ""BANDEJA"", ""canonical_magyp"": ""BANDEJA"", ""current"": ""Ba"", ""dimension"": ""package"", ""magyp"": ""BANDEJA""}]"
probable,2025-10-01,2025-10-01,month,2025-10,MCBA,Hortalizas,Hortalizas,REMOLACHA,Remolacha,,,BS. AS.,Bs. As.,BOLSA,Bo,Primera,MEDIANO,,Moneda interpretada como ARS por tratarse de lista local MCBA. Atributos fuente: CAL=1A; TAM=MEDIANO.,718.0952380952381,704.5,13.595238095238074,kg,$/kg,ARS,ARS,True,1,9a5727150eef74449b926141c3591dfe121842b6b93356e70a38b5e1e46ab837,,,114116,PHOR25_K.xlsx#hoja=PHOR25_K;fila=366;C=1403;columna=K_OCTU,https://ssma.magyp.gob.ar/frutas.precios.aspx,C_historical_monthly_formula_unverified,probable:unique_dimensions_price_difference,13.595238095238074,0.019297711987562916,[114116],"[{""canonical_current"": ""BOLSA"", ""canonical_magyp"": ""BOLSA"", ""current"": ""Bo"", ""dimension"": ""package"", ""magyp"": ""BOLSA""}]"
probable,2025-10-01,2025-10-01,month,2025-10,MCBA,Hortalizas,Hortalizas,REMOLACHA,Remolacha,,,BS. AS.,Bs. As.,JAULA,Ja,Primera,MEDIANO,,Moneda interpretada como ARS por tratarse de lista local MCBA. Atributos fuente: CAL=1A; TAM=MEDIANO.,739.682380952381,740.4,-0.7176190476189959,kg,$/kg,ARS,ARS,True,1,d7726c4b6a8b27b995868a19719f9914bfb45b5841a3d2b61667f6fe9992080b,,,114105,PHOR25_K.xlsx#hoja=PHOR25_K;fila=365;C=450019;columna=K_OCTU,https://ssma.magyp.gob.ar/frutas.precios.aspx,C_historical_monthly_formula_unverified,probable:unique_dimensions_price_difference,0.7176190476189959,-0.0009692315608036141,[114105],"[{""canonical_current"": ""JAULA"", ""canonical_magyp"": ""JAULA"", ""current"": ""Ja"", ""dimension"": ""package"", ""magyp"": ""JAULA""}]"
probable,2025-10-01,2025-10-01,month,2025-10,MCBA,Hortalizas,Hortalizas,REMOLACHA,Remolacha,,,SANTA FE,Santa Fe,BOLSA,Bo,Primera,MEDIANO,,Moneda interpretada como ARS por tratarse de lista local MCBA. Atributos fuente: CAL=1A; TAM=MEDIANO.,671.8181818181819,668.6,3.218181818181847,kg,$/kg,ARS,ARS,True,1,ec879e51eee025ad058effe4907f623a92934fa8381028bfab3697c102a92f96,,,114128,PHOR25_K.xlsx#hoja=PHOR25_K;fila=370;C=2393;columna=K_OCTU,https://ssma.magyp.gob.ar/frutas.precios.aspx,C_historical_monthly_formula_unverified,probable:unique_dimensions_price_difference,3.218181818181847,0.004813314116335398,[114128],"[{""canonical_current"": ""BOLSA"", ""canonical_magyp"": ""BOLSA"", ""current"": ""Bo"", ""dimension"": ""package"", ""magyp"": ""BOLSA""}]"
probable,2025-10-01,2025-10-01,month,2025-10,MCBA,Hortalizas,Hortalizas,REPOLLO,Repollo,BLANCO,Blanco,MENDOZA,Mendoza,BOLSA,Bo,Primera,MEDIANO,,Moneda interpretada como ARS por tratarse de lista local MCBA. Atributos fuente: CAL=1A; TAM=MEDIANO.,631.875,630.4,1.4750000000000227,kg,$/kg,ARS,ARS,True,1,b6a0bd9d7f7ac21cb895b393d35c1a36d3db6e329b1c28b34a0a41030d04ad69,,,114173,PHOR25_K.xlsx#hoja=PHOR25_K;fila=381;C=4513;columna=K_OCTU,https://ssma.magyp.gob.ar/frutas.precios.aspx,C_historical_monthly_formula_unverified,probable:unique_dimensions_price_difference,1.4750000000000227,0.002339784263959427,[114173],"[{""canonical_current"": ""BOLSA"", ""canonical_magyp"": ""BOLSA"", ""current"": ""Bo"", ""dimension"": ""package"", ""magyp"": ""BOLSA""}]"
probable,2025-10-01,2025-10-01,month,2025-10,MCBA,Hortalizas,Hortalizas,REPOLLO,Repollo,BLANCO,Blanco,SANTA FE,Santa Fe,BOLSA,Bo,Primera,GRANDE,,Moneda interpretada como ARS por tratarse de lista local MCBA. Atributos fuente: CAL=1A; TAM=GRANDE.,502.53761904761905,491.5,11.037619047619046,kg,$/kg,ARS,ARS,True,1,0322097c304a3fe0c3627cea0246dcb043531897adf8d4f8dde693f6719bd931,,,114179,PHOR25_K.xlsx#hoja=PHOR25_K;fila=383;C=4519;columna=K_OCTU,https://ssma.magyp.gob.ar/frutas.precios.aspx,C_historical_monthly_formula_unverified,probable:unique_dimensions_price_difference,11.037619047619046,0.022457007217943126,[114179],"[{""canonical_current"": ""BOLSA"", ""canonical_magyp"": ""BOLSA"", ""current"": ""Bo"", ""dimension"": ""package"", ""magyp"": ""BOLSA""}]"
probable,2025-10-01,2025-10-01,month,2025-10,MCBA,Hortalizas,Hortalizas,REPOLLO,Repollo,COLORADO,Colorado,MENDOZA,Mendoza,BOLSA,Bo,Primera,MEDIANO,,Moneda interpretada como ARS por tratarse de lista local MCBA. Atributos fuente: CAL=1A; TAM=MEDIANO.,778.8888888888889,779.8,-0.9111111111110404,kg,$/kg,ARS,ARS,True,1,00d393081e0be63da9303565ecc5b6818dacf814bfb770d7e2ea8766b01683e6,,,114209,PHOR25_K.xlsx#hoja=PHOR25_K;fila=387;C=2185;columna=K_OCTU,https://ssma.magyp.gob.ar/frutas.precios.aspx,C_historical_monthly_formula_unverified,probable:unique_dimensions_price_difference,0.9111111111110404,-0.0011683907554642734,[114209],"[{""canonical_current"": ""BOLSA"", ""canonical_magyp"": ""BOLSA"", ""current"": ""Bo"", ""dimension"": ""package"", ""magyp"": ""BOLSA""}]"
probable,2025-10-01,2025-10-01,month,2025-10,MCBA,Hortalizas,Hortalizas,REPOLLO,Repollo,COLORADO,Colorado,SANTA FE,Santa Fe,BOLSA,Bo,Primera,MEDIANO,,Moneda interpretada como ARS por tratarse de lista local MCBA. Atributos fuente: CAL=1A; TAM=MEDIANO.,481.17823529411766,478.0,3.1782352941176555,kg,$/kg,ARS,ARS,True,1,5df5baa4f77e02ab12c703d531d48b24c881bc22e55ba27b1d022ace78ef9a3a,,,114213,PHOR25_K.xlsx#hoja=PHOR25_K;fila=389;C=4335;columna=K_OCTU,https://ssma.magyp.gob.ar/frutas.precios.aspx,C_historical_monthly_formula_unverified,probable:unique_dimensions_price_difference,3.1782352941176555,0.006649027811961622,[114213],"[{""canonical_current"": ""BOLSA"", ""canonical_magyp"": ""BOLSA"", ""current"": ""Bo"", ""dimension"": ""package"", ""magyp"": ""BOLSA""}]"
probable,2025-10-01,2025-10-01,month,2025-10,MCBA,Hortalizas,Hortalizas,ROMERO,Romero,,,BS. AS.,Bs. As.,ATADO,At,Primera,MEDIANO,,Moneda interpretada como ARS por tratarse de lista local MCBA. Atributos fuente: CAL=1A; TAM=MEDIANO.,8419.047619047618,8428.0,-8.952380952381645,kg,$/kg,ARS,ARS,True,1,d054c1ba0af10f4900daa6f48d2f0ac7c427fbbab2a709069c8b308655c21f09,,,114223,PHOR25_K.xlsx#hoja=PHOR25_K;fila=391;C=4367;columna=K_OCTU,https://ssma.magyp.gob.ar/frutas.precios.aspx,C_historical_monthly_formula_unverified,probable:unique_dimensions_price_difference,8.952380952381645,-0.0010622189074966358,[114223],"[{""canonical_current"": ""ATADO"", ""canonical_magyp"": ""ATADO"", ""current"": ""At"", ""dimension"": ""package"", ""magyp"": ""ATADO""}]"
probable,2025-10-01,2025-10-01,month,2025-10,MCBA,Hortalizas,Hortalizas,RUCULA,Rucula,,,BS. AS.,Bs. As.,BANDEJA,Ba,Primera,SIN TAM,,Moneda interpretada como ARS por tratarse de lista local MCBA. Atributos fuente: CAL=1A; TAM=SIN TAM.,1252.3795238095238,1262.0,-9.62047619047621,kg,$/kg,ARS,ARS,True,1,5e3b8f1a4bc3b6fa4ae162252ada9209c98762b7cb7c46b6c33d922bac85c9ec,,,114235,PHOR25_K.xlsx#hoja=PHOR25_K;fila=394;C=4517;columna=K_OCTU,https://ssma.magyp.gob.ar/frutas.precios.aspx,C_historical_monthly_formula_unverified,probable:unique_dimensions_price_difference,9.62047619047621,-0.007623198249188757,[114235],"[{""canonical_current"": ""BANDEJA"", ""canonical_magyp"": ""BANDEJA"", ""current"": ""Ba"", ""dimension"": ""package"", ""magyp"": ""BANDEJA""}]"
probable,2025-10-01,2025-10-01,month,2025-10,MCBA,Hortalizas,Hortalizas,SALVIA,Salvia,,,BS. AS.,Bs. As.,BOLSA,Bo,Primera,,,Moneda interpretada como ARS por tratarse de lista local MCBA. Atributos fuente: CAL=1A.,8485.714285714286,8488.0,-2.285714285713766,kg,$/kg,ARS,ARS,True,1,668c1d16beaf8b288f1b06e459e4cbdd5c31352b894ead7786177f7bcf176a95,,,114248,PHOR25_K.xlsx#hoja=PHOR25_K;fila=397;C=1658;columna=K_OCTU,https://ssma.magyp.gob.ar/frutas.precios.aspx,C_historical_monthly_formula_unverified,probable:unique_dimensions_price_difference,2.285714285713766,-0.00026928773394365764,[114248],"[{""canonical_current"": ""BOLSA"", ""canonical_magyp"": ""BOLSA"", ""current"": ""Bo"", ""dimension"": ""package"", ""magyp"": ""BOLSA""}]"
probable,2025-10-01,2025-10-01,month,2025-10,MCBA,Frutas,Frutas,SANDIA,Sandia,SUGAR BABY,Sugar Baby,BRASIL,Brasil,CAJA,Ca,Elegido,007/009,,Moneda interpretada como ARS por tratarse de lista local MCBA. Atributos fuente: CAL=EL; TAM=007/009.,1996.0319047619048,1997.0,-0.9680952380952021,kg,$/kg,ARS,ARS,True,1,6ccc63a59107f7aefdc7b4078f17ec856ee02003e9f39b76eb4d02bb4a333d39,,,116912,PFRU25_K.xlsx#hoja=PFRU25_K;fila=741;C=6495;columna=K_OCTU,https://ssma.magyp.gob.ar/frutas.precios.aspx,C_historical_monthly_formula_unverified,probable:unique_dimensions_price_difference,0.9680952380952021,-0.00048477478121943023,[116912],"[{""canonical_current"": ""CAJA"", ""canonical_magyp"": ""CAJA"", ""current"": ""Ca"", ""dimension"": ""package"", ""magyp"": ""CAJA""}]"
probable,2025-10-01,2025-10-01,month,2025-10,MCBA,Frutas,Frutas,SANDIA,Sandia,,,BRASIL,Brasil,GRANEL,Gr,Comercial,GRANEL,,Moneda interpretada como ARS por tratarse de lista local MCBA. Atributos fuente: CAL=CL; TAM=GRANEL.,1085.7142857142858,1082.0,3.7142857142857792,kg,$/kg,ARS,ARS,True,1,b7217f108f43d8f0d5e67d5416e7a550de83d65a36b11ff38cac73df55408176,,,116882,PFRU25_K.xlsx#hoja=PFRU25_K;fila=731;C=2785;columna=K_OCTU,https://ssma.magyp.gob.ar/frutas.precios.aspx,C_historical_monthly_formula_unverified,probable:unique_dimensions_price_difference,3.7142857142857792,0.003432796408766894,[116882],"[{""canonical_current"": ""GRANEL"", ""canonical_magyp"": ""GRANEL"", ""current"": ""Gr"", ""dimension"": ""package"", ""magyp"": ""GRANEL""}]"
probable,2025-10-01,2025-10-01,month,2025-10,MCBA,Frutas,Frutas,SANDIA,Sandia,,,FORMOSA,Formosa,GRANEL,Gr,Comercial,GRANEL,,Moneda interpretada como ARS por tratarse de lista local MCBA. Atributos fuente: CAL=CL; TAM=GRANEL.,1018.75,1016.0,2.75,kg,$/kg,ARS,ARS,True,1,cd0bb5b7aec3e7cb2cdc682c70575390eecdd3990c154a01489fcb92392464b2,,,116894,PFRU25_K.xlsx#hoja=PFRU25_K;fila=735;C=1409;columna=K_OCTU,https://ssma.magyp.gob.ar/frutas.precios.aspx,C_historical_monthly_formula_unverified,probable:unique_dimensions_price_difference,2.75,0.0027066929133858267,[116894],"[{""canonical_current"": ""GRANEL"", ""canonical_magyp"": ""GRANEL"", ""current"": ""Gr"", ""dimension"": ""package"", ""magyp"": ""GRANEL""}]"
probable,2025-10-01,2025-10-01,month,2025-10,MCBA,Frutas,Frutas,SANDIA,Sandia,,,SALTA,Salta,GRANEL,Gr,Comercial,GRANEL,,Moneda interpretada como ARS por tratarse de lista local MCBA. Atributos fuente: CAL=CL; TAM=GRANEL.,915.625,907.5,8.125,kg,$/kg,ARS,ARS,True,1,556ee747bb6e8dbae5c0799947c7c2649602efb38e5f5e87129996acdbcf9750,,,116904,PFRU25_K.xlsx#hoja=PFRU25_K;fila=738;C=4966;columna=K_OCTU,https://ssma.magyp.gob.ar/frutas.precios.aspx,C_historical_monthly_formula_unverified,probable:unique_dimensions_price_difference,8.125,0.008953168044077135,[116904],"[{""canonical_current"": ""GRANEL"", ""canonical_magyp"": ""GRANEL"", ""current"": ""Gr"", ""dimension"": ""package"", ""magyp"": ""GRANEL""}]"
probable,2025-10-01,2025-10-01,month,2025-10,MCBA,Hortalizas,Hortalizas,TOMATE,Tomate,PERITA,Perita,CTES.,Ctes.,TORO,To,Primera,MEDIANO,PTN/INV,Moneda interpretada como ARS por tratarse de lista local MCBA. Atributos fuente: CAL=1A; TAM=MEDIANO; GRADO=P/I.,1986.11,2111.0,-124.8900000000001,kg,$/kg,ARS,ARS,True,1,40b54e7ae110b9a66f35a904cc8e59823b09299b9e165ad261116df9759c6368,,,114344,PHOR25_K.xlsx#hoja=PHOR25_K;fila=422;C=3099;columna=K_OCTU,https://ssma.magyp.gob.ar/frutas.precios.aspx,C_historical_monthly_formula_unverified,probable:unique_dimensions_price_difference,124.8900000000001,-0.05916153481762203,[114344],"[{""canonical_current"": ""TORO"", ""canonical_magyp"": ""TORO"", ""current"": ""To"", ""dimension"": ""package"", ""magyp"": ""TORO""}]"
probable,2025-10-01,2025-10-01,month,2025-10,MCBA,Hortalizas,Hortalizas,TOMILLO,Tomillo,,,BS. AS.,Bs. As.,ATADO,At,,MEDIANO,,Moneda interpretada como ARS por tratarse de lista local MCBA. Atributos fuente: TAM=MEDIANO.,9404.761904761905,9380.0,24.76190476190459,kg,$/kg,ARS,ARS,True,1,57be68b2ed66a70c909766ffa322f49856887e53c63d30781c4a96b8e6b76d24,,,114633,PHOR25_K.xlsx#hoja=PHOR25_K;fila=501;C=4366;columna=K_OCTU,https://ssma.magyp.gob.ar/frutas.precios.aspx,C_historical_monthly_formula_unverified,probable:unique_dimensions_price_difference,24.76190476190459,0.002639861914915201,[114633],"[{""canonical_current"": ""ATADO"", ""canonical_magyp"": ""ATADO"", ""current"": ""At"", ""dimension"": ""package"", ""magyp"": ""ATADO""}]"
probable,2025-10-01,2025-10-01,month,2025-10,MCBA,Frutas,Frutas,UVA,Uva,AUTUMN CRI,Autumn Cri,BRASIL,Brasil,CAJA,Ca,Elegido,GRANDE,,Moneda interpretada como ARS por tratarse de lista local MCBA. Atributos fuente: CAL=EL; TAM=GRANDE.,6529.761904761905,6562.0,-32.23809523809541,kg,$/kg,ARS,ARS,True,1,a6c4db500199efa84269ebb7056dacb9a1e8cf48b5197298a4e854574a060fc6,,,116936,PFRU25_K.xlsx#hoja=PFRU25_K;fila=751;C=6503;columna=K_OCTU,https://ssma.magyp.gob.ar/frutas.precios.aspx,C_historical_monthly_formula_unverified,probable:unique_dimensions_price_difference,32.23809523809541,-0.004912845967402531,[116936],"[{""canonical_current"": ""CAJA"", ""canonical_magyp"": ""CAJA"", ""current"": ""Ca"", ""dimension"": ""package"", ""magyp"": ""CAJA""}]"
probable,2025-10-01,2025-10-01,month,2025-10,MCBA,Frutas,Frutas,UVA,Uva,NUBIA,Nubia,BRASIL,Brasil,CAJA,Ca,Elegido,GRANEL,,Moneda interpretada como ARS por tratarse de lista local MCBA. Atributos fuente: CAL=EL; TAM=GRANEL.,6339.285714285715,6349.0,-9.714285714285325,kg,$/kg,ARS,ARS,True,1,be5340cf32cf22cd8204ff57b0f95e5d9a86bb1337ae54567723836ba23a4895,,,116969,PFRU25_K.xlsx#hoja=PFRU25_K;fila=764;C=6461;columna=K_OCTU,https://ssma.magyp.gob.ar/frutas.precios.aspx,C_historical_monthly_formula_unverified,probable:unique_dimensions_price_difference,9.714285714285325,-0.0015300497266160537,[116969],"[{""canonical_current"": ""CAJA"", ""canonical_magyp"": ""CAJA"", ""current"": ""Ca"", ""dimension"": ""package"", ""magyp"": ""CAJA""}]"
probable,2025-10-01,2025-10-01,month,2025-10,MCBA,Frutas,Frutas,UVA,Uva,RED GLOBE,Red Globe,BRASIL,Brasil,CAJA,Ca,Elegido,GRANEL,,Moneda interpretada como ARS por tratarse de lista local MCBA. Atributos fuente: CAL=EL; TAM=GRANEL.,6321.428571428572,6311.0,10.428571428571558,kg,$/kg,ARS,ARS,True,1,d2e5a487e99d846db5fa2ba8ea715bcee6802946f37db48b34678ca6d592414d,,,116977,PFRU25_K.xlsx#hoja=PFRU25_K;fila=766;C=6464;columna=K_OCTU,https://ssma.magyp.gob.ar/frutas.precios.aspx,C_historical_monthly_formula_unverified,probable:unique_dimensions_price_difference,10.428571428571558,0.0016524435792380856,[116977],"[{""canonical_current"": ""CAJA"", ""canonical_magyp"": ""CAJA"", ""current"": ""Ca"", ""dimension"": ""package"", ""magyp"": ""CAJA""}]"
probable,2025-10-01,2025-10-01,month,2025-10,MCBA,Frutas,Frutas,UVA,Uva,SWEET JUBI,Sweet Jubi,BRASIL,Brasil,CAJA,Ca,Elegido,GRANEL,,Moneda interpretada como ARS por tratarse de lista local MCBA. Atributos fuente: CAL=EL; TAM=GRANEL.,6416.666666666667,6407.0,9.66666666666697,kg,$/kg,ARS,ARS,True,1,a1d05aa269b1086b07c0cec679c7f327337d15e5c295787a3d77dea352912c93,,,117024,PFRU25_K.xlsx#hoja=PFRU25_K;fila=782;C=5344;columna=K_OCTU,https://ssma.magyp.gob.ar/frutas.precios.aspx,C_historical_monthly_formula_unverified,probable:unique_dimensions_price_difference,9.66666666666697,0.0015087664533583534,[117024],"[{""canonical_current"": ""CAJA"", ""canonical_magyp"": ""CAJA"", ""current"": ""Ca"", ""dimension"": ""package"", ""magyp"": ""CAJA""}]"
probable,2025-10-01,2025-10-01,month,2025-10,MCBA,Frutas,Frutas,UVA,Uva,T.SEEDLESS,T.Seedless,BRASIL,Brasil,CAJA,Ca,Elegido,GRANEL,,Moneda interpretada como ARS por tratarse de lista local MCBA. Atributos fuente: CAL=EL; TAM=GRANEL.,6255.952380952381,6253.0,2.952380952380736,kg,$/kg,ARS,ARS,True,1,c548259bf866299be5df986760fb15921206ea8f4691242a93dd72b554f88d76,,,117030,PFRU25_K.xlsx#hoja=PFRU25_K;fila=783;C=6476;columna=K_OCTU,https://ssma.magyp.gob.ar/frutas.precios.aspx,C_historical_monthly_formula_unverified,probable:unique_dimensions_price_difference,2.952380952380736,0.0004721543183081298,[117030],"[{""canonical_current"": ""CAJA"", ""canonical_magyp"": ""CAJA"", ""current"": ""Ca"", ""dimension"": ""package"", ""magyp"": ""CAJA""}]"
probable,2025-10-01,2025-10-01,month,2025-10,MCBA,Hortalizas,Hortalizas,ZANAHORIA,Zanahoria,CHANTENAY,Chantenay,SANTA FE,Santa Fe,BOLSA,Bo,Primera,MEDIANO,,Moneda interpretada como ARS por tratarse de lista local MCBA. Atributos fuente: CAL=1A; TAM=MEDIANO.,348.0952380952381,345.4,2.6952380952380963,kg,$/kg,ARS,ARS,True,1,2d380b90d321418c5125f47b11f9045beee566b400cb4ee5cbe954bd6431d063,,,114693,PHOR25_K.xlsx#hoja=PHOR25_K;fila=513;C=2052;columna=K_OCTU,https://ssma.magyp.gob.ar/frutas.precios.aspx,C_historical_monthly_formula_unverified,probable:unique_dimensions_price_difference,2.6952380952380963,0.007803237102600164,[114693],"[{""canonical_current"": ""BOLSA"", ""canonical_magyp"": ""BOLSA"", ""current"": ""Bo"", ""dimension"": ""package"", ""magyp"": ""BOLSA""}]"
probable,2025-10-01,2025-10-01,month,2025-10,MCBA,Hortalizas,Hortalizas,ZANAHORIA,Zanahoria,CHANTENAY,Chantenay,SGO.EST.,Sgo.Est.,BOLSA,Bo,Primera,MEDIANO,,Moneda interpretada como ARS por tratarse de lista local MCBA. Atributos fuente: CAL=1A; TAM=MEDIANO.,415.08190476190475,414.6,0.48190476190472964,kg,$/kg,ARS,ARS,True,1,818ffa9ccc113891a9c2abd8cfc90986f704da819bfb9f9011dc20f4f7b45106,,,114700,PHOR25_K.xlsx#hoja=PHOR25_K;fila=514;C=3783;columna=K_OCTU,https://ssma.magyp.gob.ar/frutas.precios.aspx,C_historical_monthly_formula_unverified,probable:unique_dimensions_price_difference,0.48190476190472964,0.0011623366181976113,[114700],"[{""canonical_current"": ""BOLSA"", ""canonical_magyp"": ""BOLSA"", ""current"": ""Bo"", ""dimension"": ""package"", ""magyp"": ""BOLSA""}]"
probable,2025-10-01,2025-10-01,month,2025-10,MCBA,Hortalizas,Hortalizas,ZAPALLITO,Zapallito,LARGO,Largo,BS. AS.,Bs. As.,TORO,To,Primera,MEDIANO,INVERNAC,Moneda interpretada como ARS por tratarse de lista local MCBA. Atributos fuente: CAL=1A; TAM=MEDIANO; GRADO=INV.,1050.157619047619,1059.0,-8.842380952381063,kg,$/kg,ARS,ARS,True,1,c31d47f4beb900bd104c6832f3570832224ec5d8e527331bf6d4232723d057ea,,,114713,PHOR25_K.xlsx#hoja=PHOR25_K;fila=518;C=4544;columna=K_OCTU,https://ssma.magyp.gob.ar/frutas.precios.aspx,C_historical_monthly_formula_unverified,probable:unique_dimensions_price_difference,8.842380952381063,-0.008349745941814035,[114713],"[{""canonical_current"": ""TORO"", ""canonical_magyp"": ""TORO"", ""current"": ""To"", ""dimension"": ""package"", ""magyp"": ""TORO""}]"
probable,2025-10-01,2025-10-01,month,2025-10,MCBA,Hortalizas,Hortalizas,ZAPALLITO,Zapallito,REDONDO,Redondo,BS. AS.,Bs. As.,TORO,To,Primera,MEDIANO,INVERNAC,Moneda interpretada como ARS por tratarse de lista local MCBA. Atributos fuente: CAL=1A; TAM=MEDIANO; GRADO=INV.,822.5390476190477,841.8,-19.26095238095229,kg,$/kg,ARS,ARS,True,1,3f978fb5c5754d78f3c2e410bc77860a5eaab37316365ba476200d8b8a8fc1df,,,114753,PHOR25_K.xlsx#hoja=PHOR25_K;fila=530;C=4468;columna=K_OCTU,https://ssma.magyp.gob.ar/frutas.precios.aspx,C_historical_monthly_formula_unverified,probable:unique_dimensions_price_difference,19.26095238095229,-0.022880675197139808,[114753],"[{""canonical_current"": ""TORO"", ""canonical_magyp"": ""TORO"", ""current"": ""To"", ""dimension"": ""package"", ""magyp"": ""TORO""}]"
probable,2025-10-01,2025-10-01,month,2025-10,MCBA,Hortalizas,Hortalizas,ZAPALLITO,Zapallito,REDONDO,Redondo,CTES.,Ctes.,TORO,To,Primera,MEDIANO,,Moneda interpretada como ARS por tratarse de lista local MCBA. Atributos fuente: CAL=1A; TAM=MEDIANO.,472.22,472.2,0.020000000000038654,kg,$/kg,ARS,ARS,True,1,c7c724c549831385ce5f25d2ecab2345ab1c8aa4c621a658dd04cdf89bb2db4d,,,114766,PHOR25_K.xlsx#hoja=PHOR25_K;fila=532;C=580011;columna=K_OCTU,https://ssma.magyp.gob.ar/frutas.precios.aspx,C_historical_monthly_formula_unverified,probable:unique_dimensions_price_difference,0.020000000000038654,4.235493434993362e-05,[114766],"[{""canonical_current"": ""TORO"", ""canonical_magyp"": ""TORO"", ""current"": ""To"", ""dimension"": ""package"", ""magyp"": ""TORO""}]"
probable,2025-10-01,2025-10-01,month,2025-10,MCBA,Hortalizas,Hortalizas,ZAPALLITO,Zapallito,REDONDO,Redondo,SANTA FE,Santa Fe,TORO,To,Primera,MEDIANO,,Moneda interpretada como ARS por tratarse de lista local MCBA. Atributos fuente: CAL=1A; TAM=MEDIANO.,537.0380952380953,550.4,-13.361904761904725,kg,$/kg,ARS,ARS,True,1,3a17142fd602580deedb22f2e2f3f878f5ab5ac2c11eab34c087d3f9a0603e7f,,,114812,PHOR25_K.xlsx#hoja=PHOR25_K;fila=545;C=580010;columna=K_OCTU,https://ssma.magyp.gob.ar/frutas.precios.aspx,C_historical_monthly_formula_unverified,probable:unique_dimensions_price_difference,13.361904761904725,-0.024276716500553644,[114812],"[{""canonical_current"": ""TORO"", ""canonical_magyp"": ""TORO"", ""current"": ""To"", ""dimension"": ""package"", ""magyp"": ""TORO""}]"
probable,2025-10-01,2025-10-01,month,2025-10,MCBA,Hortalizas,Hortalizas,ZAPALLITO,Zapallito,REDONDO,Redondo,SGO.EST.,Sgo.Est.,TORO,To,Primera,MEDIANO,,Moneda interpretada como ARS por tratarse de lista local MCBA. Atributos fuente: CAL=1A; TAM=MEDIANO.,468.5166666666667,461.1,7.416666666666686,kg,$/kg,ARS,ARS,True,1,73125db149be19d445a7a4a8f964af2132922fc2a0f75e1836de1154b44d5207,,,114816,PHOR25_K.xlsx#hoja=PHOR25_K;fila=546;C=580004;columna=K_OCTU,https://ssma.magyp.gob.ar/frutas.precios.aspx,C_historical_monthly_formula_unverified,probable:unique_dimensions_price_difference,7.416666666666686,0.01608472493313096,[114816],"[{""canonical_current"": ""TORO"", ""canonical_magyp"": ""TORO"", ""current"": ""To"", ""dimension"": ""package"", ""magyp"": ""TORO""}]"
probable,2025-10-01,2025-10-01,month,2025-10,MCBA,Hortalizas,Hortalizas,ZAPALLO,Zapallo,ANC.COKENA,Anc.Cokena,MENDOZA,Mendoza,BOLSA,Bo,Primera,MEDIANO,,Moneda interpretada como ARS por tratarse de lista local MCBA. Atributos fuente: CAL=1A; TAM=MEDIANO.,559.0490476190477,556.6,2.449047619047633,kg,$/kg,ARS,ARS,True,1,7157e976254d1d34a756899d11663fdddfc8ca17b05cfcf38b3c6b24bd6de911,,,114836,PHOR25_K.xlsx#hoja=PHOR25_K;fila=552;C=3574;columna=K_OCTU,https://ssma.magyp.gob.ar/frutas.precios.aspx,C_historical_monthly_formula_unverified,probable:unique_dimensions_price_difference,2.449047619047633,0.004400013688551262,[114836],"[{""canonical_current"": ""BOLSA"", ""canonical_magyp"": ""BOLSA"", ""current"": ""Bo"", ""dimension"": ""package"", ""magyp"": ""BOLSA""}]"
probable,2025-10-01,2025-10-01,month,2025-10,MCBA,Hortalizas,Hortalizas,ZAPALLO,Zapallo,ANC.COKENA,Anc.Cokena,S.BS.AS.,S.Bs.As.,BOLSA,Bo,Primera,MEDIANO,,Moneda interpretada como ARS por tratarse de lista local MCBA. Atributos fuente: CAL=1A; TAM=MEDIANO.,499.9995238095238,498.8,1.1995238095237823,kg,$/kg,ARS,ARS,True,1,323995d4e5563c7373597afabc90f65d421bc093475d8a0b1f5e74cd96a6ff25,,,114843,PHOR25_K.xlsx#hoja=PHOR25_K;fila=553;C=4501;columna=K_OCTU,https://ssma.magyp.gob.ar/frutas.precios.aspx,C_historical_monthly_formula_unverified,probable:unique_dimensions_price_difference,1.1995238095237823,0.002404819185091785,[114843],"[{""canonical_current"": ""BOLSA"", ""canonical_magyp"": ""BOLSA"", ""current"": ""Bo"", ""dimension"": ""package"", ""magyp"": ""BOLSA""}]"
probable,2025-10-01,2025-10-01,month,2025-10,MCBA,Hortalizas,Hortalizas,ZAPALLO,Zapallo,ANC.COKENA,Anc.Cokena,SALTA,Salta,BOLSA,Bo,Primera,MEDIANO,,Moneda interpretada como ARS por tratarse de lista local MCBA. Atributos fuente: CAL=1A; TAM=MEDIANO.,764.8161904761905,765.4,-0.5838095238094638,kg,$/kg,ARS,ARS,True,1,ac46a33666a57f96e3e188d8304c5c9fa3d5cc4abcffa31cbb2d344d19f025b1,,,114845,PHOR25_K.xlsx#hoja=PHOR25_K;fila=554;C=4540;columna=K_OCTU,https://ssma.magyp.gob.ar/frutas.precios.aspx,C_historical_monthly_formula_unverified,probable:unique_dimensions_price_difference,0.5838095238094638,-0.0007627508803363782,[114845],"[{""canonical_current"": ""BOLSA"", ""canonical_magyp"": ""BOLSA"", ""current"": ""Bo"", ""dimension"": ""package"", ""magyp"": ""BOLSA""}]"
probable,2025-10-01,2025-10-01,month,2025-10,MCBA,Hortalizas,Hortalizas,ZAPALLO,Zapallo,ANQUITO,Anquito,MENDOZA,Mendoza,BOLSA,Bo,Primera,MEDIANO,,Moneda interpretada como ARS por tratarse de lista local MCBA. Atributos fuente: CAL=1A; TAM=MEDIANO.,301.26952380952383,299.9,1.369523809523855,kg,$/kg,ARS,ARS,True,1,9fc3b56cbc67ac7f2a77e65153c62955e3485dbf7b5037f00cb2b282bc0fead6,,,114871,PHOR25_K.xlsx#hoja=PHOR25_K;fila=560;C=3135;columna=K_OCTU,https://ssma.magyp.gob.ar/frutas.precios.aspx,C_historical_monthly_formula_unverified,probable:unique_dimensions_price_difference,1.369523809523855,0.004566601565601384,[114871],"[{""canonical_current"": ""BOLSA"", ""canonical_magyp"": ""BOLSA"", ""current"": ""Bo"", ""dimension"": ""package"", ""magyp"": ""BOLSA""}]"
probable,2025-10-01,2025-10-01,month,2025-10,MCBA,Hortalizas,Hortalizas,ZAPALLO,Zapallo,PLOMO,Plomo,SANTA FE,Santa Fe,GRANEL,Gr,Primera,GRANEL,,Moneda interpretada como ARS por tratarse de lista local MCBA. Atributos fuente: CAL=1A; TAM=GRANEL.,910.0,908.3,1.7000000000000455,kg,$/kg,ARS,ARS,True,1,b34e0a74844f89ab3e17077cc5065daf9dba037388497e992a9cda1444211788,,,114900,PHOR25_K.xlsx#hoja=PHOR25_K;fila=569;C=3741;columna=K_OCTU,https://ssma.magyp.gob.ar/frutas.precios.aspx,C_historical_monthly_formula_unverified,probable:unique_dimensions_price_difference,1.7000000000000455,0.001871628316635523,[114900],"[{""canonical_current"": ""GRANEL"", ""canonical_magyp"": ""GRANEL"", ""current"": ""Gr"", ""dimension"": ""package"", ""magyp"": ""GRANEL""}]"
probable,2025-10-01,2025-10-01,month,2025-10,MCBA,Hortalizas,Hortalizas,ZAPALLO,Zapallo,TETSUKAB.,Tetsukab.,MENDOZA,Mendoza,BOLSA,Bo,Primera,MEDIANO,,Moneda interpretada como ARS por tratarse de lista local MCBA. Atributos fuente: CAL=1A; TAM=MEDIANO.,474.0728571428572,473.0,1.072857142857174,kg,$/kg,ARS,ARS,True,1,4089d95ec7ac825bbc1f2102c6da9553e01cd6d0db75f8b0997d997356ef6d08,,,114919,PHOR25_K.xlsx#hoja=PHOR25_K;fila=573;C=4383;columna=K_OCTU,https://ssma.magyp.gob.ar/frutas.precios.aspx,C_historical_monthly_formula_unverified,probable:unique_dimensions_price_difference,1.072857142857174,0.002268196919359776,[114919],"[{""canonical_current"": ""BOLSA"", ""canonical_magyp"": ""BOLSA"", ""current"": ""Bo"", ""dimension"": ""package"", ""magyp"": ""BOLSA""}]"
probable,2025-10-01,2025-10-01,month,2025-10,MCBA,Hortalizas,Hortalizas,ZAPALLO,Zapallo,TETSUKAB.,Tetsukab.,S.BS.AS.,S.Bs.As.,BOLSA,Bo,Primera,MEDIANO,,Moneda interpretada como ARS por tratarse de lista local MCBA. Atributos fuente: CAL=1A; TAM=MEDIANO.,439.0466666666667,438.4,0.6466666666667038,kg,$/kg,ARS,ARS,True,1,8da23994f8c00b06b9236d63dd905a4320d63e2881c8dd3dcaa071cd15976bce,,,114936,PHOR25_K.xlsx#hoja=PHOR25_K;fila=576;C=3271;columna=K_OCTU,https://ssma.magyp.gob.ar/frutas.precios.aspx,C_historical_monthly_formula_unverified,probable:unique_dimensions_price_difference,0.6466666666667038,0.0014750608272506931,[114936],"[{""canonical_current"": ""BOLSA"", ""canonical_magyp"": ""BOLSA"", ""current"": ""Bo"", ""dimension"": ""package"", ""magyp"": ""BOLSA""}]"
magyp_only,2025-10-01,,,2025-10,MCBA,Hortalizas,,ALCAUCIL,,¥. FRANCES,,BS. AS.,,TORO,,Primera,GRANDE,,,2331.25,,,kg,,ARS,,False,0,d16250027930e6df1658a1bce9f26d3e78540ef3e31191f7e8ff8c316f52ff20,,,,,https://ssma.magyp.gob.ar/frutas.precios.aspx,C_historical_monthly_formula_unverified,no_candidate,,,[],[]
magyp_only,2025-10-01,,,2025-10,MCBA,Hortalizas,,ALCAUCIL,,¥. FRANCES,,BS. AS.,,TORO,,Primera,MEDIANO,,,1710.1855555555555,,,kg,,ARS,,False,0,ea39cd0aa72cf8c91db53ff6cee1b8cff256e91d7b1f38e64757711e3ab00bed,,,,,https://ssma.magyp.gob.ar/frutas.precios.aspx,C_historical_monthly_formula_unverified,no_candidate,,,[],[]
magyp_only,2025-10-01,,,2025-10,MCBA,Hortalizas,,CHAUCHA,,ESPA¥OLA,,BS. AS.,,TORO,,Primera,MEDIANO,,,1300.0,,,kg,,ARS,,False,0,82ed55caf3715387fd3e6f6423532f8315bd43e1c267f880ed1a7343eccc792a,,,,,https://ssma.magyp.gob.ar/frutas.precios.aspx,C_historical_monthly_formula_unverified,no_candidate,,,[],[]
magyp_only,2025-10-01,,,2025-10,MCBA,Hortalizas,,CHAUCHA,,ESPA¥OLA,,SALTA,,TORO,,Primera,MEDIANO,,,1703.508947368421,,,kg,,ARS,,False,0,f2304351fff82017798cd5fa80e228c3f27318625bad010befc16fd553fdea8e,,,,,https://ssma.magyp.gob.ar/frutas.precios.aspx,C_historical_monthly_formula_unverified,no_candidate,,,[],[]
magyp_only,2025-10-01,,,2025-10,MCBA,Frutas,,CIRUELA,,BLACKSPLEN,,ESPA¥A,,CAJA,,Elegido,GRANEL,,,4534.392857142857,,,kg,,ARS,,False,0,0ccdec587d4d9acba4d5d5d5ddf61a3aa7ac9bda5407caed657c5646b536e70e,,,,,https://ssma.magyp.gob.ar/frutas.precios.aspx,C_historical_monthly_formula_unverified,no_candidate,,,[],[]
magyp_only,2025-10-01,,,2025-10,MCBA,Frutas,,CIRUELA,,GOLDEN GLO,,ESPA¥A,,CAJA,,Elegido,GRANEL,,,4688.89,,,kg,,ARS,,False,0,66f6ad17aeadaa9ce778c53c84b4bd822e1f70c7911339f73a408e40376281eb,,,,,https://ssma.magyp.gob.ar/frutas.precios.aspx,C_historical_monthly_formula_unverified,no_candidate,,,[],[]
magyp_only,2025-10-01,,,2025-10,MCBA,Frutas,,DAMASCO,,,,SAN JUAN,,BANDEJA,,Elegido,MEDIANO,,,2800.0,,,kg,,ARS,,False,0,25621ad3c52a5c11e899a4ae38fb5552d0ca10ff93619938c115b91e6ad14ca1,,,,,https://ssma.magyp.gob.ar/frutas.precios.aspx,C_historical_monthly_formula_unverified,no_candidate,,,[],[]
magyp_only,2025-10-01,,,2025-10,MCBA,Frutas,,DURAZNO,,ROJITO,,JUJUY,,,,Elegido,MEDIANO,,,4683.760769230769,,,kg,,ARS,,False,0,a8a052547a0c0a39e1ee399c69d06d7c8e3a65da40cf2672be7d8f7ab5b9a211,,,,,https://ssma.magyp.gob.ar/frutas.precios.aspx,C_historical_monthly_formula_unverified,no_candidate,,,[],[]
magyp_only,2025-10-01,,,2025-10,MCBA,Frutas,,MANZANA,,RED CHAÑAR,,R. NEGRO,,CAJA,,Elegido,110/130,,,1435.1833333333334,,,kg,,ARS,,False,0,fd92943299d8bd821754a00b6fd656b07b8c101fccfe865e3f5956ad0fe86d2e,,,,,https://ssma.magyp.gob.ar/frutas.precios.aspx,C_historical_monthly_formula_unverified,no_candidate,,,[],[]
magyp_only,2025-10-01,,,2025-10,MCBA,Hortalizas,,PIMIENTO,,JALAPE¥O,,CTES.,,BANDEJA,,Primera,MEDIANO,ROJO/INV,,1926.1904761904761,,,kg,,ARS,,False,0,9f639cefc2d6ded3e49a01515e3de26ae0edd34a43369dc9e1b75fb518cbeaac,,,,,https://ssma.magyp.gob.ar/frutas.precios.aspx,C_historical_monthly_formula_unverified,no_candidate,,,[],[]
magyp_only,2025-10-01,,,2025-10,MCBA,Hortalizas,,PIMIENTO,,MORRON,,CTES.,,TORO,,Primera,MEDIANO,ROJO/INV,,2416.6666666666665,,,kg,,ARS,,False,0,c0bc40d6722535e63275cf9d284d4a38657dd64bf76fe90d0c206c5ba7480348,,,,,https://ssma.magyp.gob.ar/frutas.precios.aspx,C_historical_monthly_formula_unverified,no_candidate,,,[],[]
current_only,,2025-10-01,month,2025-10,MCBA,,Hortalizas,,Alcaucil,,Ñ. Frances,,Bs. As.,,To,,,,Moneda interpretada como ARS por tratarse de lista local MCBA. Atributos fuente: CAL=1A; TAM=MEDIANO.,,1704.0,,,$/kg,,ARS,False,0,,,,112741,PHOR25_K.xlsx#hoja=PHOR25_K;fila=57;C=1144;columna=K_OCTU,,C_historical_monthly_formula_unverified,no_candidate,,,[],[]
current_only,,2025-10-01,month,2025-10,MCBA,,Hortalizas,,Alcaucil,,Ñ. Frances,,Bs. As.,,To,,,,Moneda interpretada como ARS por tratarse de lista local MCBA. Atributos fuente: CAL=1A; TAM=GRANDE.,,2392.0,,,$/kg,,ARS,False,0,,,,112744,PHOR25_K.xlsx#hoja=PHOR25_K;fila=58;C=1759;columna=K_OCTU,,C_historical_monthly_formula_unverified,no_candidate,,,[],[]
current_only,,2025-10-01,month,2025-10,MCBA,,Hortalizas,,Chaucha,,Española,,Bs. As.,,To,,,,Moneda interpretada como ARS por tratarse de lista local MCBA. Atributos fuente: CAL=1A; TAM=MEDIANO.,,1300.0,,,$/kg,,ARS,False,0,,,,113123,PHOR25_K.xlsx#hoja=PHOR25_K;fila=141;C=2048;columna=K_OCTU,,C_historical_monthly_formula_unverified,no_candidate,,,[],[]
current_only,,2025-10-01,month,2025-10,MCBA,,Hortalizas,,Chaucha,,Española,,Salta,,To,,,,Moneda interpretada como ARS por tratarse de lista local MCBA. Atributos fuente: CAL=1A; TAM=MEDIANO.,,1684.0,,,$/kg,,ARS,False,0,,,,113130,PHOR25_K.xlsx#hoja=PHOR25_K;fila=142;C=1563;columna=K_OCTU,,C_historical_monthly_formula_unverified,no_candidate,,,[],[]
current_only,,2025-10-01,month,2025-10,MCBA,,Hortalizas,,Pimiento,,Jalape±O,,Ctes.,,Ba,,,,Moneda interpretada como ARS por tratarse de lista local MCBA. Atributos fuente: CAL=1A; TAM=GRANDE; GRADO=V/I.,,1696.0,,,$/kg,,ARS,False,0,,,,113892,PHOR25_K.xlsx#hoja=PHOR25_K;fila=321;C=4512;columna=K_OCTU,,C_historical_monthly_formula_unverified,no_candidate,,,[],[]
current_only,,2025-10-01,month,2025-10,MCBA,,Frutas,,Ciruela,,Blacksplen,,España,,Ca,,,,Moneda interpretada como ARS por tratarse de lista local MCBA. Atributos fuente: CAL=EL; TAM=GRANEL.,,4542.0,,,$/kg,,ARS,False,0,,,,115200,PFRU25_K.xlsx#hoja=PFRU25_K;fila=98;C=6220;columna=K_OCTU,,C_historical_monthly_formula_unverified,no_candidate,,,[],[]
current_only,,2025-10-01,month,2025-10,MCBA,,Frutas,,Ciruela,,Golden Glo,,España,,Ca,,,,Moneda interpretada como ARS por tratarse de lista local MCBA. Atributos fuente: CAL=EL; TAM=GRANEL.,,4701.0,,,$/kg,,ARS,False,0,,,,115212,PFRU25_K.xlsx#hoja=PFRU25_K;fila=104;C=6505;columna=K_OCTU,,C_historical_monthly_formula_unverified,no_candidate,,,[],[]
current_only,,2025-10-01,month,2025-10,MCBA,,Frutas,,Manzana,,Red Cha±Ar,,R. Negro,,Ca,,,,Moneda interpretada como ARS por tratarse de lista local MCBA. Atributos fuente: CAL=EL; TAM=110/130.,,1435.0,,,$/kg,,ARS,False,0,,,,116087,PFRU25_K.xlsx#hoja=PFRU25_K;fila=454;C=6494;columna=K_OCTU,,C_historical_monthly_formula_unverified,no_candidate,,,[],[]
