fila_csv;especie_original;variedad_original;producto_normalizado;tipo_caso;origen;destino_original;destino_normalizado;peso;fecha
47;TOMATE PERITA;TOMATE PERITA;Tomate Perita;tomate_especifico;Buenos Aires;CORRIENTES;Corrientes;1,800;02/01/2025
48;TOMATE PERITA;TOMATE PERITA;Tomate Perita;tomate_especifico;Mendoza;CORRIENTES;Corrientes;1,152;02/01/2025
49;TOMATE REDONDO;TOMATE REDONDO;Tomate Redondo;tomate_especifico;Buenos Aires;CORRIENTES;Corrientes;1,800;02/01/2025
50;TOMATE REDONDO;TOMATE REDONDO;Tomate Redondo;tomate_especifico;Mendoza;CORRIENTES;Corrientes;1,152;02/01/2025
159;TOMATE CHERRY;TOMATE CHERRY;Tomate Cherry;tomate_especifico;Mendoza;CORRIENTES;Corrientes;0,125;06/01/2025
160;TOMATE CHERRY;TOMATE CHERRY;Tomate Cherry;tomate_especifico;Chaco;CORRIENTES;Corrientes;0,200;06/01/2025
161;TOMATE CHERRY;TOMATE CHERRY;Tomate Cherry;tomate_especifico;Jujuy;CORRIENTES;Corrientes;0,310;06/01/2025
162;TOMATE PERITA;TOMATE PERITA;Tomate Perita;tomate_especifico;Corrientes;CORRIENTES;Corrientes;0,300;06/01/2025
163;TOMATE PERITA;TOMATE PERITA;Tomate Perita;tomate_especifico;Mendoza;CORRIENTES;Corrientes;3,200;06/01/2025
164;TOMATE PERITA;TOMATE PERITA;Tomate Perita;tomate_especifico;Chaco;CORRIENTES;Corrientes;0,120;06/01/2025
165;TOMATE PERITA;TOMATE PERITA;Tomate Perita;tomate_especifico;Mendoza;CORRIENTES;Corrientes;3,000;06/01/2025
166;TOMATE PERITA;TOMATE PERITA;Tomate Perita;tomate_especifico;Jujuy;CORRIENTES;Corrientes;2,000;06/01/2025
167;TOMATE PERITA;TOMATE PERITA;Tomate Perita;tomate_especifico;Corrientes;CORRIENTES;Corrientes;0,648;06/01/2025
168;TOMATE REDONDO;TOMATE REDONDO;Tomate Redondo;tomate_especifico;Corrientes;CORRIENTES;Corrientes;0,300;06/01/2025
169;TOMATE REDONDO;TOMATE REDONDO;Tomate Redondo;tomate_especifico;Buenos Aires;CORRIENTES;Corrientes;2,250;06/01/2025
170;TOMATE REDONDO;TOMATE REDONDO;Tomate Redondo;tomate_especifico;Mendoza;CORRIENTES;Corrientes;2,000;06/01/2025
171;TOMATE REDONDO;TOMATE REDONDO;Tomate Redondo;tomate_especifico;Jujuy;CORRIENTES;Corrientes;0,620;06/01/2025
172;TOMATE REDONDO;TOMATE REDONDO;Tomate Redondo;tomate_especifico;Corrientes;CORRIENTES;Corrientes;0,648;06/01/2025
279;TOMATE CHERRY;TOMATE CHERRY;Tomate Cherry;tomate_especifico;Mendoza;CORRIENTES;Corrientes;0,500;09/01/2025
280;TOMATE PERITA;TOMATE PERITA;Tomate Perita;tomate_especifico;Jujuy;CORRIENTES;Corrientes;2,000;09/01/2025
281;TOMATE PERITA;TOMATE PERITA;Tomate Perita;tomate_especifico;Buenos Aires;CORRIENTES;Corrientes;1,500;09/01/2025
282;TOMATE PERITA;TOMATE PERITA;Tomate Perita;tomate_especifico;Mendoza;CORRIENTES;Corrientes;5,000;09/01/2025
283;TOMATE PERITA;TOMATE PERITA;Tomate Perita;tomate_especifico;Mendoza;CORRIENTES;Corrientes;6,000;09/01/2025
284;TOMATE PERITA;TOMATE PERITA;Tomate Perita;tomate_especifico;Mendoza;CORRIENTES;Corrientes;1,008;09/01/2025
285;TOMATE REDONDO;TOMATE REDONDO;Tomate Redondo;tomate_especifico;Jujuy;CORRIENTES;Corrientes;1,400;09/01/2025
286;TOMATE REDONDO;TOMATE REDONDO;Tomate Redondo;tomate_especifico;Corrientes;CORRIENTES;Corrientes;0,220;09/01/2025
287;TOMATE REDONDO;TOMATE REDONDO;Tomate Redondo;tomate_especifico;Buenos Aires;CORRIENTES;Corrientes;1,500;09/01/2025
288;TOMATE REDONDO;TOMATE REDONDO;Tomate Redondo;tomate_especifico;Mendoza;CORRIENTES;Corrientes;2,000;09/01/2025
289;TOMATE REDONDO;TOMATE REDONDO;Tomate Redondo;tomate_especifico;Mendoza;CORRIENTES;Corrientes;0,960;09/01/2025
290;TOMATE REDONDO;TOMATE REDONDO;Tomate Redondo;tomate_especifico;Mendoza;CORRIENTES;Corrientes;1,008;09/01/2025
389;TOMATE CHERRY;TOMATE CHERRY;Tomate Cherry;tomate_especifico;Buenos Aires;CORRIENTES;Corrientes;0,200;13/01/2025
390;TOMATE PERITA;TOMATE PERITA;Tomate Perita;tomate_especifico;Jujuy;CORRIENTES;Corrientes;0,800;13/01/2025
391;TOMATE PERITA;TOMATE PERITA;Tomate Perita;tomate_especifico;Santa Fe;CORRIENTES;Corrientes;1,000;13/01/2025
392;TOMATE PERITA;TOMATE PERITA;Tomate Perita;tomate_especifico;Mendoza;CORRIENTES;Corrientes;3,000;13/01/2025
393;TOMATE PERITA;TOMATE PERITA;Tomate Perita;tomate_especifico;Corrientes;CORRIENTES;Corrientes;2,000;13/01/2025
394;TOMATE PERITA;TOMATE PERITA;Tomate Perita;tomate_especifico;Buenos Aires;CORRIENTES;Corrientes;1,000;13/01/2025
395;TOMATE REDONDO;TOMATE REDONDO;Tomate Redondo;tomate_especifico;Corrientes;CORRIENTES;Corrientes;2,000;13/01/2025
396;TOMATE REDONDO;TOMATE REDONDO;Tomate Redondo;tomate_especifico;Buenos Aires;CORRIENTES;Corrientes;0,200;13/01/2025
463;TOMATE CHERRY;TOMATE CHERRY;Tomate Cherry;tomate_especifico;Corrientes;CORRIENTES;Corrientes;0,020;16/01/2025
464;TOMATE PERITA;TOMATE PERITA;Tomate Perita;tomate_especifico;Buenos Aires;CORRIENTES;Corrientes;0,100;16/01/2025
465;TOMATE PERITA;TOMATE PERITA;Tomate Perita;tomate_especifico;Jujuy;CORRIENTES;Corrientes;1,200;16/01/2025
466;TOMATE PERITA;TOMATE PERITA;Tomate Perita;tomate_especifico;Mendoza;CORRIENTES;Corrientes;1,280;16/01/2025
467;TOMATE PERITA;TOMATE PERITA;Tomate Perita;tomate_especifico;Mendoza;CORRIENTES;Corrientes;2,240;16/01/2025
468;TOMATE PERITA;TOMATE PERITA;Tomate Perita;tomate_especifico;Mendoza;CORRIENTES;Corrientes;3,400;16/01/2025
469;TOMATE PERITA;TOMATE PERITA;Tomate Perita;tomate_especifico;Mendoza;CORRIENTES;Corrientes;6,000;16/01/2025
470;TOMATE PERITA;TOMATE PERITA;Tomate Perita;tomate_especifico;Corrientes;CORRIENTES;Corrientes;2,400;16/01/2025
471;TOMATE REDONDO;TOMATE REDONDO;Tomate Redondo;tomate_especifico;Buenos Aires;CORRIENTES;Corrientes;0,300;16/01/2025
472;TOMATE REDONDO;TOMATE REDONDO;Tomate Redondo;tomate_especifico;Jujuy;CORRIENTES;Corrientes;2,400;16/01/2025
474;TOMATE REDONDO;TOMATE REDONDO;Tomate Redondo;tomate_especifico;Mendoza;CORRIENTES;Corrientes;2,240;16/01/2025
475;TOMATE REDONDO;TOMATE REDONDO;Tomate Redondo;tomate_especifico;Mendoza;CORRIENTES;Corrientes;3,400;16/01/2025
555;TOMATE CHERRY;TOMATE CHERRY;Tomate Cherry;tomate_especifico;Buenos Aires;CORRIENTES;Corrientes;0,100;20/01/2025
556;TOMATE CHERRY;TOMATE CHERRY;Tomate Cherry;tomate_especifico;Mendoza;CORRIENTES;Corrientes;0,780;20/01/2025
557;TOMATE PERITA;TOMATE PERITA;Tomate Perita;tomate_especifico;Jujuy;CORRIENTES;Corrientes;2,160;20/01/2025
558;TOMATE PERITA;TOMATE PERITA;Tomate Perita;tomate_especifico;Mendoza;CORRIENTES;Corrientes;2,700;20/01/2025
559;TOMATE PERITA;TOMATE PERITA;Tomate Perita;tomate_especifico;Corrientes;CORRIENTES;Corrientes;5,400;20/01/2025
560;TOMATE PERITA;TOMATE PERITA;Tomate Perita;tomate_especifico;Mendoza;CORRIENTES;Corrientes;6,000;20/01/2025
561;TOMATE PERITA;TOMATE PERITA;Tomate Perita;tomate_especifico;Mendoza;CORRIENTES;Corrientes;4,000;20/01/2025
562;TOMATE REDONDO;TOMATE REDONDO;Tomate Redondo;tomate_especifico;Jujuy;CORRIENTES;Corrientes;2,160;20/01/2025
563;TOMATE REDONDO;TOMATE REDONDO;Tomate Redondo;tomate_especifico;Buenos Aires;CORRIENTES;Corrientes;2,000;20/01/2025
564;TOMATE REDONDO;TOMATE REDONDO;Tomate Redondo;tomate_especifico;Corrientes;CORRIENTES;Corrientes;3,600;20/01/2025
565;TOMATE REDONDO;TOMATE REDONDO;Tomate Redondo;tomate_especifico;Mendoza;CORRIENTES;Corrientes;0,900;20/01/2025
566;TOMATE REDONDO;TOMATE REDONDO;Tomate Redondo;tomate_especifico;Mendoza;CORRIENTES;Corrientes;3,000;20/01/2025
648;TOMATE PERITA;TOMATE PERITA;Tomate Perita;tomate_especifico;Buenos Aires;CORRIENTES;Corrientes;14,080;27/01/2025
649;TOMATE PERITA;TOMATE PERITA;Tomate Perita;tomate_especifico;Jujuy;CORRIENTES;Corrientes;2,400;27/01/2025
650;TOMATE PERITA;TOMATE PERITA;Tomate Perita;tomate_especifico;Santa Fe;CORRIENTES;Corrientes;1,000;27/01/2025
651;TOMATE PERITA;TOMATE PERITA;Tomate Perita;tomate_especifico;Mendoza;CORRIENTES;Corrientes;3,000;27/01/2025
652;TOMATE REDONDO;TOMATE REDONDO;Tomate Redondo;tomate_especifico;Jujuy;CORRIENTES;Corrientes;3,000;27/01/2025
653;TOMATE REDONDO;TOMATE REDONDO;Tomate Redondo;tomate_especifico;Mendoza;CORRIENTES;Corrientes;1,000;27/01/2025
699;TOMATE PERITA;TOMATE PERITA;Tomate Perita;tomate_especifico;Mendoza;CORRIENTES;Corrientes;0,900;30/01/2025
700;TOMATE PERITA;TOMATE PERITA;Tomate Perita;tomate_especifico;Buenos Aires;CORRIENTES;Corrientes;14,080;30/01/2025
701;TOMATE PERITA;TOMATE PERITA;Tomate Perita;tomate_especifico;Mendoza;CORRIENTES;Corrientes;3,000;30/01/2025
702;TOMATE PERITA;TOMATE PERITA;Tomate Perita;tomate_especifico;Jujuy;CORRIENTES;Corrientes;2,400;30/01/2025
703;TOMATE REDONDO;TOMATE REDONDO;Tomate Redondo;tomate_especifico;Mendoza;CORRIENTES;Corrientes;0,810;30/01/2025
704;TOMATE REDONDO;TOMATE REDONDO;Tomate Redondo;tomate_especifico;Mendoza;CORRIENTES;Corrientes;1,000;30/01/2025
705;TOMATE REDONDO;TOMATE REDONDO;Tomate Redondo;tomate_especifico;Jujuy;CORRIENTES;Corrientes;3,000;30/01/2025
778;TOMATE CHERRY;TOMATE CHERRY;Tomate Cherry;tomate_especifico;Buenos Aires;CORRIENTES;Corrientes;0,200;03/02/2025
779;TOMATE PERITA;TOMATE PERITA;Tomate Perita;tomate_especifico;Buenos Aires;CORRIENTES;Corrientes;2,000;03/02/2025
780;TOMATE PERITA;TOMATE PERITA;Tomate Perita;tomate_especifico;Jujuy;CORRIENTES;Corrientes;2,400;03/02/2025
781;TOMATE REDONDO;TOMATE REDONDO;Tomate Redondo;tomate_especifico;Buenos Aires;CORRIENTES;Corrientes;2,000;03/02/2025
782;TOMATE REDONDO;TOMATE REDONDO;Tomate Redondo;tomate_especifico;Jujuy;CORRIENTES;Corrientes;3,000;03/02/2025
858;TOMATE PERITA;TOMATE PERITA;Tomate Perita;tomate_especifico;Mendoza;CORRIENTES;Corrientes;8,000;06/02/2025
859;TOMATE PERITA;TOMATE PERITA;Tomate Perita;tomate_especifico;Mendoza;CORRIENTES;Corrientes;0,900;06/02/2025
860;TOMATE PERITA;TOMATE PERITA;Tomate Perita;tomate_especifico;Mendoza;CORRIENTES;Corrientes;3,600;06/02/2025
861;TOMATE PERITA;TOMATE PERITA;Tomate Perita;tomate_especifico;Mendoza;CORRIENTES;Corrientes;1,800;06/02/2025
862;TOMATE REDONDO;TOMATE REDONDO;Tomate Redondo;tomate_especifico;Mendoza;CORRIENTES;Corrientes;1,040;06/02/2025
863;TOMATE REDONDO;TOMATE REDONDO;Tomate Redondo;tomate_especifico;Mendoza;CORRIENTES;Corrientes;3,600;06/02/2025
930;TOMATE PERITA;TOMATE PERITA;Tomate Perita;tomate_especifico;Buenos Aires;CORRIENTES;Corrientes;3,000;10/02/2025
931;TOMATE PERITA;TOMATE PERITA;Tomate Perita;tomate_especifico;Mendoza;CORRIENTES;Corrientes;2,250;10/02/2025
932;TOMATE PERITA;TOMATE PERITA;Tomate Perita;tomate_especifico;Jujuy;CORRIENTES;Corrientes;2,250;10/02/2025
933;TOMATE PERITA;TOMATE PERITA;Tomate Perita;tomate_especifico;Mendoza;CORRIENTES;Corrientes;0,960;10/02/2025
934;TOMATE REDONDO;TOMATE REDONDO;Tomate Redondo;tomate_especifico;Buenos Aires;CORRIENTES;Corrientes;3,000;10/02/2025
935;TOMATE REDONDO;TOMATE REDONDO;Tomate Redondo;tomate_especifico;Buenos Aires;CORRIENTES;Corrientes;9,000;10/02/2025
936;TOMATE REDONDO;TOMATE REDONDO;Tomate Redondo;tomate_especifico;Jujuy;CORRIENTES;Corrientes;1,950;10/02/2025
937;TOMATE REDONDO;TOMATE REDONDO;Tomate Redondo;tomate_especifico;Mendoza;CORRIENTES;Corrientes;1,440;10/02/2025
938;TOMATE REDONDO;TOMATE REDONDO;Tomate Redondo;tomate_especifico;Mendoza;CORRIENTES;Corrientes;0,960;10/02/2025
1006;TOMATE PERITA;TOMATE PERITA;Tomate Perita;tomate_especifico;Jujuy;CORRIENTES;Corrientes;3,000;13/02/2025
1007;TOMATE PERITA;TOMATE PERITA;Tomate Perita;tomate_especifico;Mendoza;CORRIENTES;Corrientes;8,000;13/02/2025
1008;TOMATE PERITA;TOMATE PERITA;Tomate Perita;tomate_especifico;Mendoza;CORRIENTES;Corrientes;0,900;13/02/2025
1009;TOMATE REDONDO;TOMATE REDONDO;Tomate Redondo;tomate_especifico;Jujuy;CORRIENTES;Corrientes;3,000;13/02/2025
1010;TOMATE REDONDO;TOMATE REDONDO;Tomate Redondo;tomate_especifico;Mendoza;CORRIENTES;Corrientes;1,040;13/02/2025
1177;TOMATE CHERRY;TOMATE CHERRY;Tomate Cherry;tomate_especifico;Buenos Aires;CORRIENTES;Corrientes;4,000;17/02/2025
1178;TOMATE PERITA;TOMATE PERITA;Tomate Perita;tomate_especifico;Jujuy;CORRIENTES;Corrientes;1,020;17/02/2025
1179;TOMATE PERITA;TOMATE PERITA;Tomate Perita;tomate_especifico;Corrientes;CORRIENTES;Corrientes;0,375;17/02/2025
1180;TOMATE PERITA;TOMATE PERITA;Tomate Perita;tomate_especifico;Corrientes;CORRIENTES;Corrientes;3,366;17/02/2025
1181;TOMATE PERITA;TOMATE PERITA;Tomate Perita;tomate_especifico;Buenos Aires;CORRIENTES;Corrientes;0,400;17/02/2025
1182;TOMATE PERITA;TOMATE PERITA;Tomate Perita;tomate_especifico;Mendoza;CORRIENTES;Corrientes;2,400;17/02/2025
1183;TOMATE REDONDO;TOMATE REDONDO;Tomate Redondo;tomate_especifico;Jujuy;CORRIENTES;Corrientes;4,020;17/02/2025
1184;TOMATE REDONDO;TOMATE REDONDO;Tomate Redondo;tomate_especifico;Buenos Aires;CORRIENTES;Corrientes;0,200;17/02/2025
1185;TOMATE REDONDO;TOMATE REDONDO;Tomate Redondo;tomate_especifico;Mendoza;CORRIENTES;Corrientes;1,280;17/02/2025
1456;TOMATE PERITA;TOMATE PERITA;Tomate Perita;tomate_especifico;Mendoza;CORRIENTES;Corrientes;3,600;20/02/2025
1457;TOMATE PERITA;TOMATE PERITA;Tomate Perita;tomate_especifico;Mendoza;CORRIENTES;Corrientes;1,800;20/02/2025
1458;TOMATE PERITA;TOMATE PERITA;Tomate Perita;tomate_especifico;Buenos Aires;CORRIENTES;Corrientes;3,000;20/02/2025
1459;TOMATE PERITA;TOMATE PERITA;Tomate Perita;tomate_especifico;Mendoza;CORRIENTES;Corrientes;2,250;20/02/2025
1460;TOMATE PERITA;TOMATE PERITA;Tomate Perita;tomate_especifico;Jujuy;CORRIENTES;Corrientes;2,250;20/02/2025
1461;TOMATE PERITA;TOMATE PERITA;Tomate Perita;tomate_especifico;Mendoza;CORRIENTES;Corrientes;0,960;20/02/2025
1462;TOMATE PERITA;TOMATE PERITA;Tomate Perita;tomate_especifico;Jujuy;CORRIENTES;Corrientes;3,000;20/02/2025
1463;TOMATE PERITA;TOMATE PERITA;Tomate Perita;tomate_especifico;Mendoza;CORRIENTES;Corrientes;8,000;20/02/2025
1464;TOMATE PERITA;TOMATE PERITA;Tomate Perita;tomate_especifico;Mendoza;CORRIENTES;Corrientes;0,900;20/02/2025
1465;TOMATE REDONDO;TOMATE REDONDO;Tomate Redondo;tomate_especifico;Mendoza;CORRIENTES;Corrientes;3,600;20/02/2025
1466;TOMATE REDONDO;TOMATE REDONDO;Tomate Redondo;tomate_especifico;Buenos Aires;CORRIENTES;Corrientes;3,000;20/02/2025
1467;TOMATE REDONDO;TOMATE REDONDO;Tomate Redondo;tomate_especifico;Buenos Aires;CORRIENTES;Corrientes;9,000;20/02/2025
1468;TOMATE REDONDO;TOMATE REDONDO;Tomate Redondo;tomate_especifico;Jujuy;CORRIENTES;Corrientes;1,950;20/02/2025
1469;TOMATE REDONDO;TOMATE REDONDO;Tomate Redondo;tomate_especifico;Mendoza;CORRIENTES;Corrientes;1,440;20/02/2025
1470;TOMATE REDONDO;TOMATE REDONDO;Tomate Redondo;tomate_especifico;Mendoza;CORRIENTES;Corrientes;0,960;20/02/2025
1471;TOMATE REDONDO;TOMATE REDONDO;Tomate Redondo;tomate_especifico;Jujuy;CORRIENTES;Corrientes;3,000;20/02/2025
1472;TOMATE REDONDO;TOMATE REDONDO;Tomate Redondo;tomate_especifico;Mendoza;CORRIENTES;Corrientes;1,040;20/02/2025
1638;TOMATE CHERRY;TOMATE CHERRY;Tomate Cherry;tomate_especifico;Ciudad Autónoma de Buenos Aires;CORRIENTES;Corrientes;0,080;24/02/2025
1639;TOMATE PERITA;TOMATE PERITA;Tomate Perita;tomate_especifico;Mendoza;CORRIENTES;Corrientes;3,600;24/02/2025
1640;TOMATE PERITA;TOMATE PERITA;Tomate Perita;tomate_especifico;Mendoza;CORRIENTES;Corrientes;5,400;24/02/2025
1641;TOMATE PERITA;TOMATE PERITA;Tomate Perita;tomate_especifico;Mendoza;CORRIENTES;Corrientes;1,800;24/02/2025
1642;TOMATE PERITA;TOMATE PERITA;Tomate Perita;tomate_especifico;Mendoza;CORRIENTES;Corrientes;0,900;24/02/2025
1643;TOMATE PERITA;TOMATE PERITA;Tomate Perita;tomate_especifico;Mendoza;CORRIENTES;Corrientes;10,000;24/02/2025
1644;TOMATE PERITA;TOMATE PERITA;Tomate Perita;tomate_especifico;Ciudad Autónoma de Buenos Aires;CORRIENTES;Corrientes;1,440;24/02/2025
1645;TOMATE PERITA;TOMATE PERITA;Tomate Perita;tomate_especifico;Ciudad Autónoma de Buenos Aires;CORRIENTES;Corrientes;14,400;24/02/2025
1646;TOMATE PERITA;TOMATE PERITA;Tomate Perita;tomate_especifico;Corrientes;CORRIENTES;Corrientes;0,300;24/02/2025
1647;TOMATE PERITA;TOMATE PERITA;Tomate Perita;tomate_especifico;Corrientes;CORRIENTES;Corrientes;0,225;24/02/2025
1648;TOMATE REDONDO;TOMATE REDONDO;Tomate Redondo;tomate_especifico;Mendoza;CORRIENTES;Corrientes;1,800;24/02/2025
1649;TOMATE REDONDO;TOMATE REDONDO;Tomate Redondo;tomate_especifico;Mendoza;CORRIENTES;Corrientes;3,600;24/02/2025
1650;TOMATE REDONDO;TOMATE REDONDO;Tomate Redondo;tomate_especifico;Mendoza;CORRIENTES;Corrientes;1,800;24/02/2025
1651;TOMATE REDONDO;TOMATE REDONDO;Tomate Redondo;tomate_especifico;Ciudad Autónoma de Buenos Aires;CORRIENTES;Corrientes;5,400;24/02/2025
1785;TOMATE PERITA;TOMATE PERITA;Tomate Perita;tomate_especifico;Mendoza;CORRIENTES;Corrientes;3,600;26/02/2025
1786;TOMATE PERITA;TOMATE PERITA;Tomate Perita;tomate_especifico;Mendoza;CORRIENTES;Corrientes;1,800;26/02/2025
1787;TOMATE PERITA;TOMATE PERITA;Tomate Perita;tomate_especifico;Buenos Aires;CORRIENTES;Corrientes;3,000;26/02/2025
1788;TOMATE REDONDO;TOMATE REDONDO;Tomate Redondo;tomate_especifico;Mendoza;CORRIENTES;Corrientes;3,600;26/02/2025
1789;TOMATE REDONDO;TOMATE REDONDO;Tomate Redondo;tomate_especifico;Buenos Aires;CORRIENTES;Corrientes;3,000;26/02/2025
1790;TOMATE REDONDO;TOMATE REDONDO;Tomate Redondo;tomate_especifico;Buenos Aires;CORRIENTES;Corrientes;9,000;26/02/2025
1948;TOMATE CHERRY;TOMATE CHERRY;Tomate Cherry;tomate_especifico;Jujuy;CORRIENTES;Corrientes;0,918;27/02/2025
1949;TOMATE PERITA;TOMATE PERITA;Tomate Perita;tomate_especifico;Jujuy;CORRIENTES;Corrientes;2,700;27/02/2025
1950;TOMATE PERITA;TOMATE PERITA;Tomate Perita;tomate_especifico;Mendoza;CORRIENTES;Corrientes;1,800;27/02/2025
1951;TOMATE PERITA;TOMATE PERITA;Tomate Perita;tomate_especifico;Mendoza;CORRIENTES;Corrientes;1,800;27/02/2025
1952;TOMATE PERITA;TOMATE PERITA;Tomate Perita;tomate_especifico;Mendoza;CORRIENTES;Corrientes;1,800;27/02/2025
1953;TOMATE PERITA;TOMATE PERITA;Tomate Perita;tomate_especifico;Corrientes;CORRIENTES;Corrientes;0,300;27/02/2025
1954;TOMATE PERITA;TOMATE PERITA;Tomate Perita;tomate_especifico;Mendoza;CORRIENTES;Corrientes;8,800;27/02/2025
1955;TOMATE REDONDO;TOMATE REDONDO;Tomate Redondo;tomate_especifico;Jujuy;CORRIENTES;Corrientes;2,700;27/02/2025
1956;TOMATE REDONDO;TOMATE REDONDO;Tomate Redondo;tomate_especifico;Mendoza;CORRIENTES;Corrientes;0,900;27/02/2025
1957;TOMATE REDONDO;TOMATE REDONDO;Tomate Redondo;tomate_especifico;Mendoza;CORRIENTES;Corrientes;7,680;27/02/2025
2193;TOMATE CHERRY;TOMATE CHERRY;Tomate Cherry;tomate_especifico;Jujuy;CORRIENTES;Corrientes;0,520;03/03/2025
2194;TOMATE PERITA;TOMATE PERITA;Tomate Perita;tomate_especifico;Mendoza;CORRIENTES;Corrientes;1,600;03/03/2025
2195;TOMATE PERITA;TOMATE PERITA;Tomate Perita;tomate_especifico;Mendoza;CORRIENTES;Corrientes;3,600;03/03/2025
2196;TOMATE PERITA;TOMATE PERITA;Tomate Perita;tomate_especifico;Mendoza;CORRIENTES;Corrientes;3,600;03/03/2025
2197;TOMATE PERITA;TOMATE PERITA;Tomate Perita;tomate_especifico;Mendoza;CORRIENTES;Corrientes;1,800;03/03/2025
2198;TOMATE PERITA;TOMATE PERITA;Tomate Perita;tomate_especifico;Mendoza;CORRIENTES;Corrientes;8,000;03/03/2025
2199;TOMATE PERITA;TOMATE PERITA;Tomate Perita;tomate_especifico;Mendoza;CORRIENTES;Corrientes;1,800;03/03/2025
2200;TOMATE PERITA;TOMATE PERITA;Tomate Perita;tomate_especifico;Mendoza;CORRIENTES;Corrientes;2,700;03/03/2025
2201;TOMATE PERITA;TOMATE PERITA;Tomate Perita;tomate_especifico;Buenos Aires;CORRIENTES;Corrientes;1,080;03/03/2025
2202;TOMATE PERITA;TOMATE PERITA;Tomate Perita;tomate_especifico;Jujuy;CORRIENTES;Corrientes;2,700;03/03/2025
2203;TOMATE PERITA;TOMATE PERITA;Tomate Perita;tomate_especifico;Corrientes;CORRIENTES;Corrientes;1,800;03/03/2025
2204;TOMATE REDONDO;TOMATE REDONDO;Tomate Redondo;tomate_especifico;Mendoza;CORRIENTES;Corrientes;1,280;03/03/2025
2205;TOMATE REDONDO;TOMATE REDONDO;Tomate Redondo;tomate_especifico;Mendoza;CORRIENTES;Corrientes;1,800;03/03/2025
2206;TOMATE REDONDO;TOMATE REDONDO;Tomate Redondo;tomate_especifico;Mendoza;CORRIENTES;Corrientes;1,800;03/03/2025
2207;TOMATE REDONDO;TOMATE REDONDO;Tomate Redondo;tomate_especifico;Corrientes;CORRIENTES;Corrientes;0,450;03/03/2025
2208;TOMATE REDONDO;TOMATE REDONDO;Tomate Redondo;tomate_especifico;Jujuy;CORRIENTES;Corrientes;3,600;03/03/2025
2209;TOMATE REDONDO;TOMATE REDONDO;Tomate Redondo;tomate_especifico;Corrientes;CORRIENTES;Corrientes;18,000;03/03/2025
2438;TOMATE PERITA;TOMATE PERITA;Tomate Perita;tomate_especifico;Mendoza;CORRIENTES;Corrientes;4,000;06/03/2025
2439;TOMATE PERITA;TOMATE PERITA;Tomate Perita;tomate_especifico;Mendoza;CORRIENTES;Corrientes;0,900;06/03/2025
2440;TOMATE PERITA;TOMATE PERITA;Tomate Perita;tomate_especifico;Mendoza;CORRIENTES;Corrientes;1,800;06/03/2025
2441;TOMATE PERITA;TOMATE PERITA;Tomate Perita;tomate_especifico;Mendoza;CORRIENTES;Corrientes;8,000;06/03/2025
2442;TOMATE PERITA;TOMATE PERITA;Tomate Perita;tomate_especifico;Mendoza;CORRIENTES;Corrientes;2,700;06/03/2025
2443;TOMATE PERITA;TOMATE PERITA;Tomate Perita;tomate_especifico;Buenos Aires;CORRIENTES;Corrientes;0,900;06/03/2025
2444;TOMATE PERITA;TOMATE PERITA;Tomate Perita;tomate_especifico;Buenos Aires;CORRIENTES;Corrientes;1,800;06/03/2025
2445;TOMATE PERITA;TOMATE PERITA;Tomate Perita;tomate_especifico;Corrientes;CORRIENTES;Corrientes;1,080;06/03/2025
2446;TOMATE PERITA;TOMATE PERITA;Tomate Perita;tomate_especifico;Corrientes;CORRIENTES;Corrientes;0,360;06/03/2025
2447;TOMATE PERITA;TOMATE PERITA;Tomate Perita;tomate_especifico;Buenos Aires;CORRIENTES;Corrientes;6,000;06/03/2025
2448;TOMATE REDONDO;TOMATE REDONDO;Tomate Redondo;tomate_especifico;Mendoza;CORRIENTES;Corrientes;1,800;06/03/2025
2449;TOMATE REDONDO;TOMATE REDONDO;Tomate Redondo;tomate_especifico;Buenos Aires;CORRIENTES;Corrientes;1,800;06/03/2025
2450;TOMATE REDONDO;TOMATE REDONDO;Tomate Redondo;tomate_especifico;Buenos Aires;CORRIENTES;Corrientes;9,000;06/03/2025
2451;TOMATE REDONDO;TOMATE REDONDO;Tomate Redondo;tomate_especifico;Buenos Aires;CORRIENTES;Corrientes;6,000;06/03/2025
2534;TOMATE PERITA;TOMATE PERITA;Tomate Perita;tomate_especifico;Corrientes;CORRIENTES;Corrientes;0,270;07/03/2025
2716;TOMATE CHERRY;TOMATE CHERRY;Tomate Cherry;tomate_especifico;Corrientes;CORRIENTES;Corrientes;0,100;10/03/2025
2717;TOMATE CHERRY;TOMATE CHERRY;Tomate Cherry;tomate_especifico;Corrientes;CORRIENTES;Corrientes;0,100;10/03/2025
2718;TOMATE CHERRY;TOMATE CHERRY;Tomate Cherry;tomate_especifico;Mendoza;CORRIENTES;Corrientes;0,400;10/03/2025
2719;TOMATE PERITA;TOMATE PERITA;Tomate Perita;tomate_especifico;Corrientes;CORRIENTES;Corrientes;1,800;10/03/2025
2720;TOMATE PERITA;TOMATE PERITA;Tomate Perita;tomate_especifico;Mendoza;CORRIENTES;Corrientes;14,080;10/03/2025
2721;TOMATE PERITA;TOMATE PERITA;Tomate Perita;tomate_especifico;Buenos Aires;CORRIENTES;Corrientes;2,700;10/03/2025
2722;TOMATE REDONDO;TOMATE REDONDO;Tomate Redondo;tomate_especifico;Corrientes;CORRIENTES;Corrientes;0,360;10/03/2025
2723;TOMATE REDONDO;TOMATE REDONDO;Tomate Redondo;tomate_especifico;Mendoza;CORRIENTES;Corrientes;6,400;10/03/2025
2724;TOMATE REDONDO;TOMATE REDONDO;Tomate Redondo;tomate_especifico;Buenos Aires;CORRIENTES;Corrientes;1,080;10/03/2025
2927;TOMATE PERITA;TOMATE PERITA;Tomate Perita;tomate_especifico;Mendoza;CORRIENTES;Corrientes;3,000;13/03/2025
2928;TOMATE PERITA;TOMATE PERITA;Tomate Perita;tomate_especifico;Jujuy;CORRIENTES;Corrientes;3,200;13/03/2025
2929;TOMATE PERITA;TOMATE PERITA;Tomate Perita;tomate_especifico;Mendoza;CORRIENTES;Corrientes;2,700;13/03/2025
2930;TOMATE PERITA;TOMATE PERITA;Tomate Perita;tomate_especifico;Mendoza;CORRIENTES;Corrientes;3,360;13/03/2025
2931;TOMATE PERITA;TOMATE PERITA;Tomate Perita;tomate_especifico;Corrientes;CORRIENTES;Corrientes;0,180;13/03/2025
2932;TOMATE REDONDO;TOMATE REDONDO;Tomate Redondo;tomate_especifico;Mendoza;CORRIENTES;Corrientes;2,000;13/03/2025
2933;TOMATE REDONDO;TOMATE REDONDO;Tomate Redondo;tomate_especifico;Jujuy;CORRIENTES;Corrientes;3,200;13/03/2025
2934;TOMATE REDONDO;TOMATE REDONDO;Tomate Redondo;tomate_especifico;Mendoza;CORRIENTES;Corrientes;2,700;13/03/2025
2958;TOMATE PERITA;TOMATE PERITA;Tomate Perita;tomate_especifico;Mendoza;CORRIENTES;Corrientes;8,000;13/03/2025
2961;TOMATE PERITA;TOMATE PERITA;Tomate Perita;tomate_especifico;Mendoza;CORRIENTES;Corrientes;4,000;13/03/2025
2968;TOMATE PERITA;TOMATE PERITA;Tomate Perita;tomate_especifico;Buenos Aires;CORRIENTES;Corrientes;6,300;13/03/2025
2976;TOMATE REDONDO;TOMATE REDONDO;Tomate Redondo;tomate_especifico;Buenos Aires;CORRIENTES;Corrientes;10,000;13/03/2025
2986;TOMATE PERITA;TOMATE PERITA;Tomate Perita;tomate_especifico;Mendoza;CORRIENTES;Corrientes;1,400;13/03/2025
2989;TOMATE REDONDO;TOMATE REDONDO;Tomate Redondo;tomate_especifico;Mendoza;CORRIENTES;Corrientes;1,200;13/03/2025
2990;TOMATE PERITA;TOMATE PERITA;Tomate Perita;tomate_especifico;Mendoza;CORRIENTES;Corrientes;5,000;13/03/2025
3038;TOMATE PERITA;TOMATE PERITA;Tomate Perita;tomate_especifico;Corrientes;CORRIENTES;Corrientes;1,800;13/03/2025
3119;TOMATE REDONDO;TOMATE REDONDO;Tomate Redondo;tomate_especifico;Corrientes;CORRIENTES;Corrientes;0,180;14/03/2025
3241;TOMATE PERITA;TOMATE PERITA;Tomate Perita;tomate_especifico;Mendoza;CORRIENTES;Corrientes;2,160;17/03/2025
3242;TOMATE REDONDO;TOMATE REDONDO;Tomate Redondo;tomate_especifico;Mendoza;CORRIENTES;Corrientes;2,880;17/03/2025
3289;TOMATE CHERRY;TOMATE CHERRY;Tomate Cherry;tomate_especifico;Corrientes;CORRIENTES;Corrientes;0,040;17/03/2025
3292;TOMATE PERITA;TOMATE PERITA;Tomate Perita;tomate_especifico;Corrientes;CORRIENTES;Corrientes;0,720;17/03/2025
3313;TOMATE PERITA;TOMATE PERITA;Tomate Perita;tomate_especifico;Mendoza;CORRIENTES;Corrientes;9,860;17/03/2025
3314;TOMATE REDONDO;TOMATE REDONDO;Tomate Redondo;tomate_especifico;Mendoza;CORRIENTES;Corrientes;3,680;17/03/2025
3353;TOMATE PERITA;TOMATE PERITA;Tomate Perita;tomate_especifico;Corrientes;CORRIENTES;Corrientes;10,000;17/03/2025
3363;TOMATE PERITA;TOMATE PERITA;Tomate Perita;tomate_especifico;Mendoza;CORRIENTES;Corrientes;2,700;17/03/2025
3373;TOMATE PERITA;TOMATE PERITA;Tomate Perita;tomate_especifico;Mendoza;CORRIENTES;Corrientes;0,180;17/03/2025
3520;TOMATE PERITA;TOMATE PERITA;Tomate Perita;tomate_especifico;Corrientes;CORRIENTES;Corrientes;0,198;20/03/2025
3596;TOMATE PERITA;TOMATE PERITA;Tomate Perita;tomate_especifico;Jujuy;CORRIENTES;Corrientes;2,160;20/03/2025
3597;TOMATE REDONDO;TOMATE REDONDO;Tomate Redondo;tomate_especifico;Jujuy;CORRIENTES;Corrientes;1,800;20/03/2025
3623;TOMATE PERITA;TOMATE PERITA;Tomate Perita;tomate_especifico;Corrientes;CORRIENTES;Corrientes;0,072;20/03/2025
3641;TOMATE PERITA;TOMATE PERITA;Tomate Perita;tomate_especifico;Mendoza;CORRIENTES;Corrientes;3,600;24/03/2025
3651;TOMATE PERITA;TOMATE PERITA;Tomate Perita;tomate_especifico;Mendoza;CORRIENTES;Corrientes;3,600;24/03/2025
3655;TOMATE PERITA;TOMATE PERITA;Tomate Perita;tomate_especifico;Mendoza;CORRIENTES;Corrientes;2,016;24/03/2025
3660;TOMATE PERITA;TOMATE PERITA;Tomate Perita;tomate_especifico;Mendoza;CORRIENTES;Corrientes;0,900;24/03/2025
3661;TOMATE REDONDO;TOMATE REDONDO;Tomate Redondo;tomate_especifico;Mendoza;CORRIENTES;Corrientes;0,900;24/03/2025
3664;TOMATE PERITA;TOMATE PERITA;Tomate Perita;tomate_especifico;Mendoza;CORRIENTES;Corrientes;5,000;24/03/2025
3671;TOMATE PERITA;TOMATE PERITA;Tomate Perita;tomate_especifico;Mendoza;CORRIENTES;Corrientes;3,600;24/03/2025
3685;TOMATE REDONDO;TOMATE REDONDO;Tomate Redondo;tomate_especifico;Buenos Aires;CORRIENTES;Corrientes;10,260;24/03/2025
3688;TOMATE REDONDO;TOMATE REDONDO;Tomate Redondo;tomate_especifico;Buenos Aires;CORRIENTES;Corrientes;9,000;24/03/2025
3689;TOMATE PERITA;TOMATE PERITA;Tomate Perita;tomate_especifico;Buenos Aires;CORRIENTES;Corrientes;5,400;24/03/2025
3690;TOMATE CHERRY;TOMATE CHERRY;Tomate Cherry;tomate_especifico;Buenos Aires;CORRIENTES;Corrientes;0,400;24/03/2025
3696;TOMATE PERITA;TOMATE PERITA;Tomate Perita;tomate_especifico;Mendoza;CORRIENTES;Corrientes;4,000;24/03/2025
3697;TOMATE REDONDO;TOMATE REDONDO;Tomate Redondo;tomate_especifico;Mendoza;CORRIENTES;Corrientes;1,600;24/03/2025
3764;TOMATE PERITA;TOMATE PERITA;Tomate Perita;tomate_especifico;Jujuy;CORRIENTES;Corrientes;0,800;24/03/2025
3767;TOMATE REDONDO;TOMATE REDONDO;Tomate Redondo;tomate_especifico;Jujuy;CORRIENTES;Corrientes;0,600;24/03/2025
3866;TOMATE PERITA;TOMATE PERITA;Tomate Perita;tomate_especifico;Mendoza;CORRIENTES;Corrientes;11,200;24/03/2025
3964;TOMATE REDONDO;TOMATE REDONDO;Tomate Redondo;tomate_especifico;Jujuy;CORRIENTES;Corrientes;2,700;27/03/2025
3965;TOMATE PERITA;TOMATE PERITA;Tomate Perita;tomate_especifico;Jujuy;CORRIENTES;Corrientes;0,900;27/03/2025
3991;TOMATE PERITA;TOMATE PERITA;Tomate Perita;tomate_especifico;Corrientes;CORRIENTES;Corrientes;0,180;27/03/2025
4092;TOMATE CHERRY;TOMATE CHERRY;Tomate Cherry;tomate_especifico;Corrientes;CORRIENTES;Corrientes;0,060;27/03/2025
4100;TOMATE REDONDO;TOMATE REDONDO;Tomate Redondo;tomate_especifico;Corrientes;CORRIENTES;Corrientes;0,720;27/03/2025
4107;TOMATE CHERRY;TOMATE CHERRY;Tomate Cherry;tomate_especifico;Corrientes;CORRIENTES;Corrientes;0,200;27/03/2025
4129;TOMATE PERITA;TOMATE PERITA;Tomate Perita;tomate_especifico;Mendoza;CORRIENTES;Corrientes;9,120;27/03/2025
4212;TOMATE PERITA;TOMATE PERITA;Tomate Perita;tomate_especifico;Jujuy;CORRIENTES;Corrientes;3,060;31/03/2025
4213;TOMATE REDONDO;TOMATE REDONDO;Tomate Redondo;tomate_especifico;Jujuy;CORRIENTES;Corrientes;2,700;31/03/2025
4289;TOMATE PERITA;TOMATE PERITA;Tomate Perita;tomate_especifico;Mendoza;CORRIENTES;Corrientes;3,600;31/03/2025
4290;TOMATE REDONDO;TOMATE REDONDO;Tomate Redondo;tomate_especifico;Mendoza;CORRIENTES;Corrientes;1,800;31/03/2025
4293;TOMATE PERITA;TOMATE PERITA;Tomate Perita;tomate_especifico;Mendoza;CORRIENTES;Corrientes;2,700;31/03/2025
4301;TOMATE PERITA;TOMATE PERITA;Tomate Perita;tomate_especifico;Mendoza;CORRIENTES;Corrientes;8,600;31/03/2025
4305;TOMATE REDONDO;TOMATE REDONDO;Tomate Redondo;tomate_especifico;Mendoza;CORRIENTES;Corrientes;0,900;31/03/2025
4318;TOMATE PERITA;TOMATE PERITA;Tomate Perita;tomate_especifico;Mendoza;CORRIENTES;Corrientes;3,600;31/03/2025
4342;TOMATE PERITA;TOMATE PERITA;Tomate Perita;tomate_especifico;Mendoza;CORRIENTES;Corrientes;4,000;31/03/2025
4354;TOMATE REDONDO;TOMATE REDONDO;Tomate Redondo;tomate_especifico;Buenos Aires;CORRIENTES;Corrientes;3,600;31/03/2025
4355;TOMATE PERITA;TOMATE PERITA;Tomate Perita;tomate_especifico;Buenos Aires;CORRIENTES;Corrientes;5,400;31/03/2025
4479;TOMATE REDONDO;TOMATE REDONDO;Tomate Redondo;tomate_especifico;Corrientes;CORRIENTES;Corrientes;0,540;31/03/2025
4484;TOMATE PERITA;TOMATE PERITA;Tomate Perita;tomate_especifico;Corrientes;CORRIENTES;Corrientes;1,440;31/03/2025
4487;TOMATE CHERRY;TOMATE CHERRY;Tomate Cherry;tomate_especifico;Corrientes;CORRIENTES;Corrientes;0,060;31/03/2025
4490;TOMATE REDONDO;TOMATE REDONDO;Tomate Redondo;tomate_especifico;Corrientes;CORRIENTES;Corrientes;0,900;31/03/2025
4491;TOMATE CHERRY;TOMATE CHERRY;Tomate Cherry;tomate_especifico;Corrientes;CORRIENTES;Corrientes;0,400;31/03/2025
4561;TOMATE CHERRY;TOMATE CHERRY;Tomate Cherry;tomate_especifico;Corrientes;CORRIENTES;Corrientes;0,200;01/04/2025
4569;TOMATE PERITA;TOMATE PERITA;Tomate Perita;tomate_especifico;Mendoza;CORRIENTES;Corrientes;11,200;03/04/2025
4605;TOMATE PERITA;TOMATE PERITA;Tomate Perita;tomate_especifico;Mendoza;CORRIENTES;Corrientes;1,540;03/04/2025
4606;TOMATE REDONDO;TOMATE REDONDO;Tomate Redondo;tomate_especifico;Mendoza;CORRIENTES;Corrientes;0,600;03/04/2025
4609;TOMATE PERITA;TOMATE PERITA;Tomate Perita;tomate_especifico;Mendoza;CORRIENTES;Corrientes;1,800;03/04/2025
4614;TOMATE PERITA;TOMATE PERITA;Tomate Perita;tomate_especifico;Mendoza;CORRIENTES;Corrientes;3,200;03/04/2025
4621;TOMATE PERITA;TOMATE PERITA;Tomate Perita;tomate_especifico;Mendoza;CORRIENTES;Corrientes;1,800;03/04/2025
4623;TOMATE REDONDO;TOMATE REDONDO;Tomate Redondo;tomate_especifico;Buenos Aires;CORRIENTES;Corrientes;7,500;03/04/2025
4624;TOMATE PERITA;TOMATE PERITA;Tomate Perita;tomate_especifico;Buenos Aires;CORRIENTES;Corrientes;4,500;03/04/2025
4638;TOMATE PERITA;TOMATE PERITA;Tomate Perita;tomate_especifico;Jujuy;CORRIENTES;Corrientes;2,700;03/04/2025
4639;TOMATE REDONDO;TOMATE REDONDO;Tomate Redondo;tomate_especifico;Jujuy;CORRIENTES;Corrientes;2,700;03/04/2025
4761;TOMATE REDONDO;TOMATE REDONDO;Tomate Redondo;tomate_especifico;Corrientes;CORRIENTES;Corrientes;0,450;03/04/2025
4766;TOMATE REDONDO;TOMATE REDONDO;Tomate Redondo;tomate_especifico;Corrientes;CORRIENTES;Corrientes;0,450;03/04/2025
4771;TOMATE PERITA;TOMATE PERITA;Tomate Perita;tomate_especifico;Corrientes;CORRIENTES;Corrientes;0,750;03/04/2025
4786;TOMATE REDONDO;TOMATE REDONDO;Tomate Redondo;tomate_especifico;Corrientes;CORRIENTES;Corrientes;1,080;04/04/2025
4863;TOMATE PERITA;TOMATE PERITA;Tomate Perita;tomate_especifico;Mendoza;CORRIENTES;Corrientes;1,800;07/04/2025
4870;TOMATE PERITA;TOMATE PERITA;Tomate Perita;tomate_especifico;Mendoza;CORRIENTES;Corrientes;5,000;07/04/2025
4874;TOMATE PERITA;TOMATE PERITA;Tomate Perita;tomate_especifico;Mendoza;CORRIENTES;Corrientes;1,800;07/04/2025
4883;TOMATE PERITA;TOMATE PERITA;Tomate Perita;tomate_especifico;Corrientes;CORRIENTES;Corrientes;6,000;07/04/2025
4894;TOMATE PERITA;TOMATE PERITA;Tomate Perita;tomate_especifico;Mendoza;CORRIENTES;Corrientes;2,160;07/04/2025
4900;TOMATE PERITA;TOMATE PERITA;Tomate Perita;tomate_especifico;Mendoza;CORRIENTES;Corrientes;3,000;07/04/2025
4958;TOMATE REDONDO;TOMATE REDONDO;Tomate Redondo;tomate_especifico;Corrientes;CORRIENTES;Corrientes;0,540;07/04/2025
5035;TOMATE PERITA;TOMATE PERITA;Tomate Perita;tomate_especifico;Jujuy;CORRIENTES;Corrientes;2,400;07/04/2025
5036;TOMATE REDONDO;TOMATE REDONDO;Tomate Redondo;tomate_especifico;Jujuy;CORRIENTES;Corrientes;2,400;07/04/2025
5114;TOMATE PERITA;TOMATE PERITA;Tomate Perita;tomate_especifico;Corrientes;CORRIENTES;Corrientes;0,666;07/04/2025
5124;TOMATE PERITA;TOMATE PERITA;Tomate Perita;tomate_especifico;Mendoza;CORRIENTES;Corrientes;7,560;07/04/2025
5132;TOMATE REDONDO;TOMATE REDONDO;Tomate Redondo;tomate_especifico;Corrientes;CORRIENTES;Corrientes;1,500;07/04/2025
5134;TOMATE PERITA;TOMATE PERITA;Tomate Perita;tomate_especifico;Corrientes;CORRIENTES;Corrientes;0,180;07/04/2025
5139;TOMATE CHERRY;TOMATE CHERRY;Tomate Cherry;tomate_especifico;Corrientes;CORRIENTES;Corrientes;0,140;07/04/2025
5144;TOMATE REDONDO;TOMATE REDONDO;Tomate Redondo;tomate_especifico;Buenos Aires;CORRIENTES;Corrientes;8,000;07/04/2025
5145;TOMATE CHERRY;TOMATE CHERRY;Tomate Cherry;tomate_especifico;Buenos Aires;CORRIENTES;Corrientes;4,000;07/04/2025
5276;TOMATE PERITA;TOMATE PERITA;Tomate Perita;tomate_especifico;Mendoza;CORRIENTES;Corrientes;3,750;10/04/2025
5281;TOMATE PERITA;TOMATE PERITA;Tomate Perita;tomate_especifico;Mendoza;CORRIENTES;Corrientes;2,000;10/04/2025
5287;TOMATE PERITA;TOMATE PERITA;Tomate Perita;tomate_especifico;Mendoza;CORRIENTES;Corrientes;1,000;10/04/2025
5297;TOMATE REDONDO;TOMATE REDONDO;Tomate Redondo;tomate_especifico;Buenos Aires;CORRIENTES;Corrientes;3,600;10/04/2025
5300;TOMATE PERITA;TOMATE PERITA;Tomate Perita;tomate_especifico;Mendoza;CORRIENTES;Corrientes;5,000;10/04/2025
5328;TOMATE REDONDO;TOMATE REDONDO;Tomate Redondo;tomate_especifico;Corrientes;CORRIENTES;Corrientes;0,900;10/04/2025
5459;TOMATE REDONDO;TOMATE REDONDO;Tomate Redondo;tomate_especifico;Jujuy;CORRIENTES;Corrientes;2,700;10/04/2025
5460;TOMATE PERITA;TOMATE PERITA;Tomate Perita;tomate_especifico;Jujuy;CORRIENTES;Corrientes;1,440;10/04/2025
5463;TOMATE CHERRY;TOMATE CHERRY;Tomate Cherry;tomate_especifico;Jujuy;CORRIENTES;Corrientes;0,250;10/04/2025
5503;TOMATE REDONDO;TOMATE REDONDO;Tomate Redondo;tomate_especifico;Corrientes;CORRIENTES;Corrientes;0,270;10/04/2025
5511;TOMATE REDONDO;TOMATE REDONDO;Tomate Redondo;tomate_especifico;Corrientes;CORRIENTES;Corrientes;0,270;10/04/2025
5512;TOMATE CHERRY;TOMATE CHERRY;Tomate Cherry;tomate_especifico;Corrientes;CORRIENTES;Corrientes;0,150;10/04/2025
5526;TOMATE CHERRY;TOMATE CHERRY;Tomate Cherry;tomate_especifico;Corrientes;CORRIENTES;Corrientes;0,040;10/04/2025
5527;TOMATE REDONDO;TOMATE REDONDO;Tomate Redondo;tomate_especifico;Buenos Aires;CORRIENTES;Corrientes;10,000;10/04/2025
5641;TOMATE PERITA;TOMATE PERITA;Tomate Perita;tomate_especifico;Jujuy;CORRIENTES;Corrientes;1,800;14/04/2025
5642;TOMATE REDONDO;TOMATE REDONDO;Tomate Redondo;tomate_especifico;Jujuy;CORRIENTES;Corrientes;2,700;14/04/2025
5682;TOMATE PERITA;TOMATE PERITA;Tomate Perita;tomate_especifico;Mendoza;CORRIENTES;Corrientes;1,680;14/04/2025
5683;TOMATE REDONDO;TOMATE REDONDO;Tomate Redondo;tomate_especifico;Mendoza;CORRIENTES;Corrientes;0,720;14/04/2025
5687;TOMATE PERITA;TOMATE PERITA;Tomate Perita;tomate_especifico;Mendoza;CORRIENTES;Corrientes;1,000;14/04/2025
5692;TOMATE PERITA;TOMATE PERITA;Tomate Perita;tomate_especifico;Mendoza;CORRIENTES;Corrientes;1,800;14/04/2025
5696;TOMATE PERITA;TOMATE PERITA;Tomate Perita;tomate_especifico;Mendoza;CORRIENTES;Corrientes;6,000;14/04/2025
5870;TOMATE REDONDO;TOMATE REDONDO;Tomate Redondo;tomate_especifico;Corrientes;CORRIENTES;Corrientes;0,540;14/04/2025
5874;TOMATE REDONDO;TOMATE REDONDO;Tomate Redondo;tomate_especifico;Corrientes;CORRIENTES;Corrientes;0,270;14/04/2025
5887;TOMATE REDONDO;TOMATE REDONDO;Tomate Redondo;tomate_especifico;Corrientes;CORRIENTES;Corrientes;0,720;14/04/2025
5890;TOMATE CHERRY;TOMATE CHERRY;Tomate Cherry;tomate_especifico;Corrientes;CORRIENTES;Corrientes;0,150;14/04/2025
5904;TOMATE CHERRY;TOMATE CHERRY;Tomate Cherry;tomate_especifico;Corrientes;CORRIENTES;Corrientes;0,200;14/04/2025
5916;TOMATE REDONDO;TOMATE REDONDO;Tomate Redondo;tomate_especifico;Buenos Aires;CORRIENTES;Corrientes;6,000;14/04/2025
5917;TOMATE PERITA;TOMATE PERITA;Tomate Perita;tomate_especifico;Buenos Aires;CORRIENTES;Corrientes;4,000;14/04/2025
6047;TOMATE REDONDO;TOMATE REDONDO;Tomate Redondo;tomate_especifico;Corrientes;CORRIENTES;Corrientes;0,540;16/04/2025
6073;TOMATE REDONDO;TOMATE REDONDO;Tomate Redondo;tomate_especifico;Jujuy;CORRIENTES;Corrientes;3,000;17/04/2025
6222;TOMATE REDONDO;TOMATE REDONDO;Tomate Redondo;tomate_especifico;Corrientes;CORRIENTES;Corrientes;0,810;17/04/2025
6244;TOMATE PERITA;TOMATE PERITA;Tomate Perita;tomate_especifico;Mendoza;CORRIENTES;Corrientes;2,700;21/04/2025
6251;TOMATE PERITA;TOMATE PERITA;Tomate Perita;tomate_especifico;Mendoza;CORRIENTES;Corrientes;1,000;21/04/2025
6263;TOMATE PERITA;TOMATE PERITA;Tomate Perita;tomate_especifico;Mendoza;CORRIENTES;Corrientes;5,400;21/04/2025
6268;TOMATE REDONDO;TOMATE REDONDO;Tomate Redondo;tomate_especifico;Buenos Aires;CORRIENTES;Corrientes;9,000;21/04/2025
6269;TOMATE PERITA;TOMATE PERITA;Tomate Perita;tomate_especifico;Buenos Aires;CORRIENTES;Corrientes;10,800;21/04/2025
6378;TOMATE PERITA;TOMATE PERITA;Tomate Perita;tomate_especifico;Corrientes;CORRIENTES;Corrientes;0,090;21/04/2025
6424;TOMATE PERITA;TOMATE PERITA;Tomate Perita;tomate_especifico;Jujuy;CORRIENTES;Corrientes;1,800;21/04/2025
6425;TOMATE REDONDO;TOMATE REDONDO;Tomate Redondo;tomate_especifico;Jujuy;CORRIENTES;Corrientes;2,700;21/04/2025
6479;TOMATE REDONDO;TOMATE REDONDO;Tomate Redondo;tomate_especifico;Corrientes;CORRIENTES;Corrientes;0,900;21/04/2025
6481;TOMATE REDONDO;TOMATE REDONDO;Tomate Redondo;tomate_especifico;Corrientes;CORRIENTES;Corrientes;0,360;21/04/2025
6491;TOMATE REDONDO;TOMATE REDONDO;Tomate Redondo;tomate_especifico;Corrientes;CORRIENTES;Corrientes;0,540;21/04/2025
6501;TOMATE REDONDO;TOMATE REDONDO;Tomate Redondo;tomate_especifico;Corrientes;CORRIENTES;Corrientes;1,080;21/04/2025
6503;TOMATE CHERRY;TOMATE CHERRY;Tomate Cherry;tomate_especifico;Corrientes;CORRIENTES;Corrientes;0,200;21/04/2025
6523;TOMATE CHERRY;TOMATE CHERRY;Tomate Cherry;tomate_especifico;Corrientes;CORRIENTES;Corrientes;0,040;21/04/2025
6525;TOMATE PERITA;TOMATE PERITA;Tomate Perita;tomate_especifico;Mendoza;CORRIENTES;Corrientes;10,680;21/04/2025
6526;TOMATE REDONDO;TOMATE REDONDO;Tomate Redondo;tomate_especifico;Mendoza;CORRIENTES;Corrientes;2,560;21/04/2025
6541;TOMATE PERITA;TOMATE PERITA;Tomate Perita;tomate_especifico;Buenos Aires;CORRIENTES;Corrientes;4,000;21/04/2025
6542;TOMATE REDONDO;TOMATE REDONDO;Tomate Redondo;tomate_especifico;Buenos Aires;CORRIENTES;Corrientes;6,000;21/04/2025
6678;TOMATE PERITA;TOMATE PERITA;Tomate Perita;tomate_especifico;Mendoza;CORRIENTES;Corrientes;2,700;24/04/2025
6683;TOMATE PERITA;TOMATE PERITA;Tomate Perita;tomate_especifico;Mendoza;CORRIENTES;Corrientes;10,000;24/04/2025
6686;TOMATE PERITA;TOMATE PERITA;Tomate Perita;tomate_especifico;Mendoza;CORRIENTES;Corrientes;2,700;24/04/2025
6689;TOMATE REDONDO;TOMATE REDONDO;Tomate Redondo;tomate_especifico;Buenos Aires;CORRIENTES;Corrientes;2,700;24/04/2025
6690;TOMATE PERITA;TOMATE PERITA;Tomate Perita;tomate_especifico;Buenos Aires;CORRIENTES;Corrientes;2,700;24/04/2025
6721;TOMATE PERITA;TOMATE PERITA;Tomate Perita;tomate_especifico;Jujuy;CORRIENTES;Corrientes;2,000;24/04/2025
6722;TOMATE REDONDO;TOMATE REDONDO;Tomate Redondo;tomate_especifico;Jujuy;CORRIENTES;Corrientes;24,000;24/04/2025
6869;TOMATE REDONDO;TOMATE REDONDO;Tomate Redondo;tomate_especifico;Corrientes;CORRIENTES;Corrientes;0,360;24/04/2025
6875;TOMATE CHERRY;TOMATE CHERRY;Tomate Cherry;tomate_especifico;Corrientes;CORRIENTES;Corrientes;0,600;24/04/2025
6886;TOMATE REDONDO;TOMATE REDONDO;Tomate Redondo;tomate_especifico;Corrientes;CORRIENTES;Corrientes;0,540;24/04/2025
6900;TOMATE REDONDO;TOMATE REDONDO;Tomate Redondo;tomate_especifico;Buenos Aires;CORRIENTES;Corrientes;6,000;24/04/2025
6901;TOMATE PERITA;TOMATE PERITA;Tomate Perita;tomate_especifico;Buenos Aires;CORRIENTES;Corrientes;4,000;24/04/2025
6989;TOMATE REDONDO;TOMATE REDONDO;Tomate Redondo;tomate_especifico;Jujuy;CORRIENTES;Corrientes;18,018;28/04/2025
6990;TOMATE PERITA;TOMATE PERITA;Tomate Perita;tomate_especifico;Jujuy;CORRIENTES;Corrientes;10,818;28/04/2025
7144;TOMATE PERITA;TOMATE PERITA;Tomate Perita;tomate_especifico;Mendoza;CORRIENTES;Corrientes;2,700;28/04/2025
7151;TOMATE PERITA;TOMATE PERITA;Tomate Perita;tomate_especifico;Mendoza;CORRIENTES;Corrientes;6,000;28/04/2025
7156;TOMATE PERITA;TOMATE PERITA;Tomate Perita;tomate_especifico;Mendoza;CORRIENTES;Corrientes;2,700;28/04/2025
7173;TOMATE PERITA;TOMATE PERITA;Tomate Perita;tomate_especifico;Mendoza;CORRIENTES;Corrientes;4,000;28/04/2025
7272;TOMATE CHERRY;TOMATE CHERRY;Tomate Cherry;tomate_especifico;Corrientes;CORRIENTES;Corrientes;0,200;28/04/2025
7282;TOMATE CHERRY;TOMATE CHERRY;Tomate Cherry;tomate_especifico;Corrientes;CORRIENTES;Corrientes;0,400;28/04/2025
7284;TOMATE PERITA;TOMATE PERITA;Tomate Perita;tomate_especifico;Mendoza;CORRIENTES;Corrientes;10,080;28/04/2025
7285;TOMATE REDONDO;TOMATE REDONDO;Tomate Redondo;tomate_especifico;Mendoza;CORRIENTES;Corrientes;1,280;28/04/2025
7290;TOMATE CHERRY;TOMATE CHERRY;Tomate Cherry;tomate_especifico;Corrientes;CORRIENTES;Corrientes;0,200;28/04/2025
7356;TOMATE CHERRY;TOMATE CHERRY;Tomate Cherry;tomate_especifico;Corrientes;CORRIENTES;Corrientes;0,010;30/04/2025
7390;TOMATE REDONDO;TOMATE REDONDO;Tomate Redondo;tomate_especifico;Corrientes;CORRIENTES;Corrientes;0,525;30/04/2025
7426;TOMATE PERITA;TOMATE PERITA;Tomate Perita;tomate_especifico;Mendoza;CORRIENTES;Corrientes;1,520;02/05/2025
7427;TOMATE REDONDO;TOMATE REDONDO;Tomate Redondo;tomate_especifico;Mendoza;CORRIENTES;Corrientes;0,400;02/05/2025
7502;TOMATE REDONDO;TOMATE REDONDO;Tomate Redondo;tomate_especifico;Jujuy;CORRIENTES;Corrientes;6,020;02/05/2025
7523;TOMATE PERITA;TOMATE PERITA;Tomate Perita;tomate_especifico;Mendoza;CORRIENTES;Corrientes;2,700;05/05/2025
7528;TOMATE PERITA;TOMATE PERITA;Tomate Perita;tomate_especifico;Mendoza;CORRIENTES;Corrientes;3,600;05/05/2025
7537;TOMATE PERITA;TOMATE PERITA;Tomate Perita;tomate_especifico;Mendoza;CORRIENTES;Corrientes;3,600;05/05/2025
7544;TOMATE PERITA;TOMATE PERITA;Tomate Perita;tomate_especifico;Mendoza;CORRIENTES;Corrientes;2,000;05/05/2025
7554;TOMATE PERITA;TOMATE PERITA;Tomate Perita;tomate_especifico;Buenos Aires;CORRIENTES;Corrientes;1,500;05/05/2025
7555;TOMATE REDONDO;TOMATE REDONDO;Tomate Redondo;tomate_especifico;Buenos Aires;CORRIENTES;Corrientes;1,500;05/05/2025
7564;TOMATE PERITA;TOMATE PERITA;Tomate Perita;tomate_especifico;Mendoza;CORRIENTES;Corrientes;4,600;05/05/2025
7605;TOMATE CHERRY;TOMATE CHERRY;Tomate Cherry;tomate_especifico;Corrientes;CORRIENTES;Corrientes;0,100;05/05/2025
7620;TOMATE CHERRY;TOMATE CHERRY;Tomate Cherry;tomate_especifico;Corrientes;CORRIENTES;Corrientes;0,100;05/05/2025
7709;TOMATE PERITA;TOMATE PERITA;Tomate Perita;tomate_especifico;Jujuy;CORRIENTES;Corrientes;300,020;05/05/2025
7710;TOMATE REDONDO;TOMATE REDONDO;Tomate Redondo;tomate_especifico;Jujuy;CORRIENTES;Corrientes;300,020;05/05/2025
7808;TOMATE CHERRY;TOMATE CHERRY;Tomate Cherry;tomate_especifico;Corrientes;CORRIENTES;Corrientes;0,600;05/05/2025
7814;TOMATE REDONDO;TOMATE REDONDO;Tomate Redondo;tomate_especifico;Corrientes;CORRIENTES;Corrientes;0,648;05/05/2025
7853;TOMATE CHERRY;TOMATE CHERRY;Tomate Cherry;tomate_especifico;Corrientes;CORRIENTES;Corrientes;0,300;05/05/2025
7855;TOMATE PERITA;TOMATE PERITA;Tomate Perita;tomate_especifico;Mendoza;CORRIENTES;Corrientes;9,756;05/05/2025
7856;TOMATE PERITA;TOMATE PERITA;Tomate Perita;tomate_especifico;Buenos Aires;CORRIENTES;Corrientes;6,000;05/05/2025
7857;TOMATE REDONDO;TOMATE REDONDO;Tomate Redondo;tomate_especifico;Buenos Aires;CORRIENTES;Corrientes;4,000;05/05/2025
8004;TOMATE PERITA;TOMATE PERITA;Tomate Perita;tomate_especifico;Mendoza;CORRIENTES;Corrientes;1,080;08/05/2025
8009;TOMATE PERITA;TOMATE PERITA;Tomate Perita;tomate_especifico;Chaco;CORRIENTES;Corrientes;3,600;08/05/2025
8010;TOMATE REDONDO;TOMATE REDONDO;Tomate Redondo;tomate_especifico;Chaco;CORRIENTES;Corrientes;0,540;08/05/2025
8012;TOMATE CHERRY;TOMATE CHERRY;Tomate Cherry;tomate_especifico;Chaco;CORRIENTES;Corrientes;0,600;08/05/2025
8018;TOMATE PERITA;TOMATE PERITA;Tomate Perita;tomate_especifico;Mendoza;CORRIENTES;Corrientes;4,500;08/05/2025
8021;TOMATE PERITA;TOMATE PERITA;Tomate Perita;tomate_especifico;Mendoza;CORRIENTES;Corrientes;3,000;08/05/2025
8024;TOMATE PERITA;TOMATE PERITA;Tomate Perita;tomate_especifico;Mendoza;CORRIENTES;Corrientes;3,000;08/05/2025
8031;TOMATE PERITA;TOMATE PERITA;Tomate Perita;tomate_especifico;Buenos Aires;CORRIENTES;Corrientes;9,000;08/05/2025
8034;TOMATE CHERRY;TOMATE CHERRY;Tomate Cherry;tomate_especifico;Buenos Aires;CORRIENTES;Corrientes;0,360;08/05/2025
8038;TOMATE REDONDO;TOMATE REDONDO;Tomate Redondo;tomate_especifico;Buenos Aires;CORRIENTES;Corrientes;1,980;08/05/2025
8202;TOMATE REDONDO;TOMATE REDONDO;Tomate Redondo;tomate_especifico;Corrientes;CORRIENTES;Corrientes;2,160;08/05/2025
8203;TOMATE CHERRY;TOMATE CHERRY;Tomate Cherry;tomate_especifico;Corrientes;CORRIENTES;Corrientes;0,100;08/05/2025
8213;TOMATE REDONDO;TOMATE REDONDO;Tomate Redondo;tomate_especifico;Corrientes;CORRIENTES;Corrientes;0,756;08/05/2025
8225;TOMATE REDONDO;TOMATE REDONDO;Tomate Redondo;tomate_especifico;Corrientes;CORRIENTES;Corrientes;1,800;08/05/2025
8231;TOMATE CHERRY;TOMATE CHERRY;Tomate Cherry;tomate_especifico;Corrientes;CORRIENTES;Corrientes;0,300;08/05/2025
8291;TOMATE PERITA;TOMATE PERITA;Tomate Perita;tomate_especifico;Mendoza;CORRIENTES;Corrientes;2,700;12/05/2025
8319;TOMATE REDONDO;TOMATE REDONDO;Tomate Redondo;tomate_especifico;Chaco;CORRIENTES;Corrientes;1,500;12/05/2025
8320;TOMATE PERITA;TOMATE PERITA;Tomate Perita;tomate_especifico;Chaco;CORRIENTES;Corrientes;3,000;12/05/2025
8321;TOMATE CHERRY;TOMATE CHERRY;Tomate Cherry;tomate_especifico;Chaco;CORRIENTES;Corrientes;0,090;12/05/2025
8327;TOMATE PERITA;TOMATE PERITA;Tomate Perita;tomate_especifico;Mendoza;CORRIENTES;Corrientes;3,600;12/05/2025
8329;TOMATE PERITA;TOMATE PERITA;Tomate Perita;tomate_especifico;Mendoza;CORRIENTES;Corrientes;4,500;12/05/2025
8338;TOMATE PERITA;TOMATE PERITA;Tomate Perita;tomate_especifico;Mendoza;CORRIENTES;Corrientes;4,000;12/05/2025
8358;TOMATE PERITA;TOMATE PERITA;Tomate Perita;tomate_especifico;Jujuy;CORRIENTES;Corrientes;9,000;12/05/2025
8361;TOMATE CHERRY;TOMATE CHERRY;Tomate Cherry;tomate_especifico;Jujuy;CORRIENTES;Corrientes;0,180;12/05/2025
8370;TOMATE PERITA;TOMATE PERITA;Tomate Perita;tomate_especifico;Mendoza;CORRIENTES;Corrientes;4,000;12/05/2025
8387;TOMATE REDONDO;TOMATE REDONDO;Tomate Redondo;tomate_especifico;Corrientes;CORRIENTES;Corrientes;1,440;12/05/2025
8404;TOMATE PERITA;TOMATE PERITA;Tomate Perita;tomate_especifico;Corrientes;CORRIENTES;Corrientes;0,750;12/05/2025
8449;TOMATE CHERRY;TOMATE CHERRY;Tomate Cherry;tomate_especifico;Corrientes;CORRIENTES;Corrientes;0,110;12/05/2025
8453;TOMATE REDONDO;TOMATE REDONDO;Tomate Redondo;tomate_especifico;Corrientes;CORRIENTES;Corrientes;0,360;12/05/2025
8486;TOMATE PERITA;TOMATE PERITA;Tomate Perita;tomate_especifico;Corrientes;CORRIENTES;Corrientes;0,270;12/05/2025
8604;TOMATE CHERRY;TOMATE CHERRY;Tomate Cherry;tomate_especifico;Corrientes;CORRIENTES;Corrientes;0,060;12/05/2025
8605;TOMATE REDONDO;TOMATE REDONDO;Tomate Redondo;tomate_especifico;Corrientes;CORRIENTES;Corrientes;0,270;12/05/2025
8620;TOMATE REDONDO;TOMATE REDONDO;Tomate Redondo;tomate_especifico;Corrientes;CORRIENTES;Corrientes;0,180;12/05/2025
8629;TOMATE REDONDO;TOMATE REDONDO;Tomate Redondo;tomate_especifico;Corrientes;CORRIENTES;Corrientes;1,800;12/05/2025
8630;TOMATE CHERRY;TOMATE CHERRY;Tomate Cherry;tomate_especifico;Corrientes;CORRIENTES;Corrientes;0,400;12/05/2025
8637;TOMATE REDONDO;TOMATE REDONDO;Tomate Redondo;tomate_especifico;Corrientes;CORRIENTES;Corrientes;1,980;12/05/2025
8640;TOMATE REDONDO;TOMATE REDONDO;Tomate Redondo;tomate_especifico;Corrientes;CORRIENTES;Corrientes;0,792;12/05/2025
8655;TOMATE PERITA;TOMATE PERITA;Tomate Perita;tomate_especifico;Corrientes;CORRIENTES;Corrientes;0,180;12/05/2025
8656;TOMATE PERITA;TOMATE PERITA;Tomate Perita;tomate_especifico;Mendoza;CORRIENTES;Corrientes;9,120;12/05/2025
8657;TOMATE REDONDO;TOMATE REDONDO;Tomate Redondo;tomate_especifico;Mendoza;CORRIENTES;Corrientes;2,560;12/05/2025
8662;TOMATE REDONDO;TOMATE REDONDO;Tomate Redondo;tomate_especifico;Buenos Aires;CORRIENTES;Corrientes;6,000;12/05/2025
8663;TOMATE PERITA;TOMATE PERITA;Tomate Perita;tomate_especifico;Buenos Aires;CORRIENTES;Corrientes;4,000;12/05/2025
8814;TOMATE PERITA;TOMATE PERITA;Tomate Perita;tomate_especifico;Mendoza;CORRIENTES;Corrientes;2,240;15/05/2025
8815;TOMATE PERITA;TOMATE PERITA;Tomate Perita;tomate_especifico;Mendoza;CORRIENTES;Corrientes;2,700;15/05/2025
8823;TOMATE REDONDO;TOMATE REDONDO;Tomate Redondo;tomate_especifico;Chaco;CORRIENTES;Corrientes;1,600;15/05/2025
8824;TOMATE PERITA;TOMATE PERITA;Tomate Perita;tomate_especifico;Chaco;CORRIENTES;Corrientes;4,000;15/05/2025
8828;TOMATE CHERRY;TOMATE CHERRY;Tomate Cherry;tomate_especifico;Chaco;CORRIENTES;Corrientes;0,100;15/05/2025
8844;TOMATE PERITA;TOMATE PERITA;Tomate Perita;tomate_especifico;Mendoza;CORRIENTES;Corrientes;4,500;15/05/2025
8852;TOMATE PERITA;TOMATE PERITA;Tomate Perita;tomate_especifico;Mendoza;CORRIENTES;Corrientes;4,000;15/05/2025
8875;TOMATE REDONDO;TOMATE REDONDO;Tomate Redondo;tomate_especifico;Corrientes;CORRIENTES;Corrientes;0,900;15/05/2025
8891;TOMATE PERITA;TOMATE PERITA;Tomate Perita;tomate_especifico;Corrientes;CORRIENTES;Corrientes;0,750;15/05/2025
8935;TOMATE CHERRY;TOMATE CHERRY;Tomate Cherry;tomate_especifico;Corrientes;CORRIENTES;Corrientes;0,060;15/05/2025
9047;TOMATE CHERRY;TOMATE CHERRY;Tomate Cherry;tomate_especifico;Corrientes;CORRIENTES;Corrientes;0,050;15/05/2025
9075;TOMATE REDONDO;TOMATE REDONDO;Tomate Redondo;tomate_especifico;Corrientes;CORRIENTES;Corrientes;0,792;15/05/2025
9086;TOMATE CHERRY;TOMATE CHERRY;Tomate Cherry;tomate_especifico;Corrientes;CORRIENTES;Corrientes;0,040;15/05/2025
9090;TOMATE REDONDO;TOMATE REDONDO;Tomate Redondo;tomate_especifico;Corrientes;CORRIENTES;Corrientes;1,800;15/05/2025
9096;TOMATE CHERRY;TOMATE CHERRY;Tomate Cherry;tomate_especifico;Corrientes;CORRIENTES;Corrientes;0,300;15/05/2025
9150;TOMATE PERITA;TOMATE PERITA;Tomate Perita;tomate_especifico;Mendoza;CORRIENTES;Corrientes;1,000;16/05/2025
9164;TOMATE PERITA;TOMATE PERITA;Tomate Perita;tomate_especifico;Mendoza;CORRIENTES;Corrientes;18,000;19/05/2025
9195;TOMATE PERITA;TOMATE PERITA;Tomate Perita;tomate_especifico;Mendoza;CORRIENTES;Corrientes;3,000;19/05/2025
9237;TOMATE PERITA;TOMATE PERITA;Tomate Perita;tomate_especifico;Mendoza;CORRIENTES;Corrientes;1,800;19/05/2025
9242;TOMATE REDONDO;TOMATE REDONDO;Tomate Redondo;tomate_especifico;Chaco;CORRIENTES;Corrientes;40,000;19/05/2025
9245;TOMATE CHERRY;TOMATE CHERRY;Tomate Cherry;tomate_especifico;Chaco;CORRIENTES;Corrientes;0,100;19/05/2025
9264;TOMATE CHERRY;TOMATE CHERRY;Tomate Cherry;tomate_especifico;Corrientes;CORRIENTES;Corrientes;0,020;19/05/2025
9303;TOMATE REDONDO;TOMATE REDONDO;Tomate Redondo;tomate_especifico;Corrientes;CORRIENTES;Corrientes;0,900;19/05/2025
9314;TOMATE PERITA;TOMATE PERITA;Tomate Perita;tomate_especifico;Corrientes;CORRIENTES;Corrientes;0,540;19/05/2025
9392;TOMATE CHERRY;TOMATE CHERRY;Tomate Cherry;tomate_especifico;Corrientes;CORRIENTES;Corrientes;0,020;19/05/2025
9397;TOMATE REDONDO;TOMATE REDONDO;Tomate Redondo;tomate_especifico;Corrientes;CORRIENTES;Corrientes;0,720;19/05/2025
9409;TOMATE CHERRY;TOMATE CHERRY;Tomate Cherry;tomate_especifico;Corrientes;CORRIENTES;Corrientes;0,200;19/05/2025
9411;TOMATE PERITA;TOMATE PERITA;Tomate Perita;tomate_especifico;Corrientes;CORRIENTES;Corrientes;0,360;19/05/2025
9424;TOMATE REDONDO;TOMATE REDONDO;Tomate Redondo;tomate_especifico;Corrientes;CORRIENTES;Corrientes;2,160;19/05/2025
9425;TOMATE CHERRY;TOMATE CHERRY;Tomate Cherry;tomate_especifico;Corrientes;CORRIENTES;Corrientes;0,200;19/05/2025
9434;TOMATE REDONDO;TOMATE REDONDO;Tomate Redondo;tomate_especifico;Corrientes;CORRIENTES;Corrientes;1,800;19/05/2025
9439;TOMATE CHERRY;TOMATE CHERRY;Tomate Cherry;tomate_especifico;Corrientes;CORRIENTES;Corrientes;0,300;19/05/2025
9441;TOMATE PERITA;TOMATE PERITA;Tomate Perita;tomate_especifico;Mendoza;CORRIENTES;Corrientes;1,000;19/05/2025
9451;TOMATE REDONDO;TOMATE REDONDO;Tomate Redondo;tomate_especifico;Buenos Aires;CORRIENTES;Corrientes;6,000;19/05/2025
9452;TOMATE PERITA;TOMATE PERITA;Tomate Perita;tomate_especifico;Buenos Aires;CORRIENTES;Corrientes;4,000;19/05/2025
9467;TOMATE PERITA;TOMATE PERITA;Tomate Perita;tomate_especifico;Jujuy;CORRIENTES;Corrientes;2,400;19/05/2025
9468;TOMATE CHERRY;TOMATE CHERRY;Tomate Cherry;tomate_especifico;Jujuy;CORRIENTES;Corrientes;0,240;19/05/2025
9533;TOMATE PERITA;TOMATE PERITA;Tomate Perita;tomate_especifico;Corrientes;CORRIENTES;Corrientes;1,800;20/05/2025
9534;TOMATE CHERRY;TOMATE CHERRY;Tomate Cherry;tomate_especifico;Corrientes;CORRIENTES;Corrientes;0,100;20/05/2025
9539;TOMATE REDONDO;TOMATE REDONDO;Tomate Redondo;tomate_especifico;Corrientes;CORRIENTES;Corrientes;1,500;20/05/2025
9618;TOMATE CHERRY;TOMATE CHERRY;Tomate Cherry;tomate_especifico;Corrientes;CORRIENTES;Corrientes;0,050;21/05/2025
9625;TOMATE REDONDO;TOMATE REDONDO;Tomate Redondo;tomate_especifico;Corrientes;CORRIENTES;Corrientes;0,450;21/05/2025
9637;TOMATE PERITA;TOMATE PERITA;Tomate Perita;tomate_especifico;Jujuy;CORRIENTES;Corrientes;36,018;22/05/2025
9638;TOMATE REDONDO;TOMATE REDONDO;Tomate Redondo;tomate_especifico;Jujuy;CORRIENTES;Corrientes;9,018;22/05/2025
9640;TOMATE CHERRY;TOMATE CHERRY;Tomate Cherry;tomate_especifico;Jujuy;CORRIENTES;Corrientes;0,510;22/05/2025
9694;TOMATE CHERRY;TOMATE CHERRY;Tomate Cherry;tomate_especifico;Corrientes;CORRIENTES;Corrientes;0,040;22/05/2025
9715;TOMATE PERITA;TOMATE PERITA;Tomate Perita;tomate_especifico;Corrientes;CORRIENTES;Corrientes;0,540;22/05/2025
9818;TOMATE PERITA;TOMATE PERITA;Tomate Perita;tomate_especifico;Mendoza;CORRIENTES;Corrientes;1,080;22/05/2025
9823;TOMATE PERITA;TOMATE PERITA;Tomate Perita;tomate_especifico;Mendoza;CORRIENTES;Corrientes;4,000;22/05/2025
9829;TOMATE PERITA;TOMATE PERITA;Tomate Perita;tomate_especifico;Mendoza;CORRIENTES;Corrientes;2,700;22/05/2025
9842;TOMATE REDONDO;TOMATE REDONDO;Tomate Redondo;tomate_especifico;Jujuy;CORRIENTES;Corrientes;1,500;22/05/2025
9845;TOMATE PERITA;TOMATE PERITA;Tomate Perita;tomate_especifico;Mendoza;CORRIENTES;Corrientes;2,160;22/05/2025
9866;TOMATE REDONDO;TOMATE REDONDO;Tomate Redondo;tomate_especifico;Corrientes;CORRIENTES;Corrientes;0,900;22/05/2025
9877;TOMATE REDONDO;TOMATE REDONDO;Tomate Redondo;tomate_especifico;Corrientes;CORRIENTES;Corrientes;2,700;22/05/2025
9890;TOMATE CHERRY;TOMATE CHERRY;Tomate Cherry;tomate_especifico;Corrientes;CORRIENTES;Corrientes;0,060;22/05/2025
9894;TOMATE REDONDO;TOMATE REDONDO;Tomate Redondo;tomate_especifico;Corrientes;CORRIENTES;Corrientes;1,800;22/05/2025
9899;TOMATE CHERRY;TOMATE CHERRY;Tomate Cherry;tomate_especifico;Corrientes;CORRIENTES;Corrientes;0,300;22/05/2025
9901;TOMATE PERITA;TOMATE PERITA;Tomate Perita;tomate_especifico;Corrientes;CORRIENTES;Corrientes;2,000;22/05/2025
9935;TOMATE PERITA;TOMATE PERITA;Tomate Perita;tomate_especifico;Corrientes;CORRIENTES;Corrientes;0,216;23/05/2025
9937;TOMATE CHERRY;TOMATE CHERRY;Tomate Cherry;tomate_especifico;Corrientes;CORRIENTES;Corrientes;0,050;23/05/2025
9962;TOMATE PERITA;TOMATE PERITA;Tomate Perita;tomate_especifico;Jujuy;CORRIENTES;Corrientes;40,020;26/05/2025
9963;TOMATE REDONDO;TOMATE REDONDO;Tomate Redondo;tomate_especifico;Jujuy;CORRIENTES;Corrientes;8,020;26/05/2025
9965;TOMATE CHERRY;TOMATE CHERRY;Tomate Cherry;tomate_especifico;Jujuy;CORRIENTES;Corrientes;0,510;26/05/2025
9991;TOMATE PERITA;TOMATE PERITA;Tomate Perita;tomate_especifico;Corrientes;CORRIENTES;Corrientes;0,720;26/05/2025
10004;TOMATE PERITA;TOMATE PERITA;Tomate Perita;tomate_especifico;Corrientes;CORRIENTES;Corrientes;0,090;26/05/2025
10053;TOMATE PERITA;TOMATE PERITA;Tomate Perita;tomate_especifico;Corrientes;CORRIENTES;Corrientes;0,180;26/05/2025
10079;TOMATE CHERRY;TOMATE CHERRY;Tomate Cherry;tomate_especifico;Corrientes;CORRIENTES;Corrientes;0,050;26/05/2025
10093;TOMATE CHERRY;TOMATE CHERRY;Tomate Cherry;tomate_especifico;Corrientes;CORRIENTES;Corrientes;0,100;26/05/2025
10102;TOMATE CHERRY;TOMATE CHERRY;Tomate Cherry;tomate_especifico;Corrientes;CORRIENTES;Corrientes;0,500;26/05/2025
10118;TOMATE CHERRY;TOMATE CHERRY;Tomate Cherry;tomate_especifico;Corrientes;CORRIENTES;Corrientes;0,020;26/05/2025
10119;TOMATE REDONDO;TOMATE REDONDO;Tomate Redondo;tomate_especifico;Corrientes;CORRIENTES;Corrientes;1,440;26/05/2025
10124;TOMATE PERITA;TOMATE PERITA;Tomate Perita;tomate_especifico;Corrientes;CORRIENTES;Corrientes;1,620;26/05/2025
10131;TOMATE REDONDO;TOMATE REDONDO;Tomate Redondo;tomate_especifico;Corrientes;CORRIENTES;Corrientes;3,600;26/05/2025
10132;TOMATE CHERRY;TOMATE CHERRY;Tomate Cherry;tomate_especifico;Corrientes;CORRIENTES;Corrientes;0,100;26/05/2025
10156;TOMATE REDONDO;TOMATE REDONDO;Tomate Redondo;tomate_especifico;Corrientes;CORRIENTES;Corrientes;1,800;26/05/2025
10160;TOMATE PERITA;TOMATE PERITA;Tomate Perita;tomate_especifico;Mendoza;CORRIENTES;Corrientes;5,000;26/05/2025
10172;TOMATE REDONDO;TOMATE REDONDO;Tomate Redondo;tomate_especifico;Jujuy;CORRIENTES;Corrientes;4,050;26/05/2025
10175;TOMATE PERITA;TOMATE PERITA;Tomate Perita;tomate_especifico;Jujuy;CORRIENTES;Corrientes;7,200;26/05/2025
10176;TOMATE REDONDO;TOMATE REDONDO;Tomate Redondo;tomate_especifico;Jujuy;CORRIENTES;Corrientes;0,900;26/05/2025
10215;TOMATE PERITA;TOMATE PERITA;Tomate Perita;tomate_especifico;Mendoza;CORRIENTES;Corrientes;3,000;26/05/2025
10255;TOMATE PERITA;TOMATE PERITA;Tomate Perita;tomate_especifico;Mendoza;CORRIENTES;Corrientes;3,600;26/05/2025
10258;TOMATE REDONDO;TOMATE REDONDO;Tomate Redondo;tomate_especifico;Corrientes;CORRIENTES;Corrientes;2,700;26/05/2025
10261;TOMATE CHERRY;TOMATE CHERRY;Tomate Cherry;tomate_especifico;Corrientes;CORRIENTES;Corrientes;0,300;26/05/2025
10271;TOMATE PERITA;TOMATE PERITA;Tomate Perita;tomate_especifico;Corrientes;CORRIENTES;Corrientes;0,270;26/05/2025
10272;TOMATE PERITA;TOMATE PERITA;Tomate Perita;tomate_especifico;Jujuy;CORRIENTES;Corrientes;3,000;26/05/2025
10273;TOMATE REDONDO;TOMATE REDONDO;Tomate Redondo;tomate_especifico;Jujuy;CORRIENTES;Corrientes;3,000;26/05/2025
10374;TOMATE REDONDO;TOMATE REDONDO;Tomate Redondo;tomate_especifico;Corrientes;CORRIENTES;Corrientes;1,620;28/05/2025
10388;TOMATE REDONDO;TOMATE REDONDO;Tomate Redondo;tomate_especifico;Corrientes;CORRIENTES;Corrientes;0,180;29/05/2025
10389;TOMATE CHERRY;TOMATE CHERRY;Tomate Cherry;tomate_especifico;Corrientes;CORRIENTES;Corrientes;0,080;29/05/2025
10471;TOMATE PERITA;TOMATE PERITA;Tomate Perita;tomate_especifico;Corrientes;CORRIENTES;Corrientes;0,288;29/05/2025
10485;TOMATE CHERRY;TOMATE CHERRY;Tomate Cherry;tomate_especifico;Corrientes;CORRIENTES;Corrientes;0,150;29/05/2025
10492;TOMATE CHERRY;TOMATE CHERRY;Tomate Cherry;tomate_especifico;Corrientes;CORRIENTES;Corrientes;0,040;29/05/2025
10507;TOMATE REDONDO;TOMATE REDONDO;Tomate Redondo;tomate_especifico;Corrientes;CORRIENTES;Corrientes;0,360;29/05/2025
10512;TOMATE PERITA;TOMATE PERITA;Tomate Perita;tomate_especifico;Corrientes;CORRIENTES;Corrientes;0,900;29/05/2025
10518;TOMATE PERITA;TOMATE PERITA;Tomate Perita;tomate_especifico;Mendoza;CORRIENTES;Corrientes;1,200;29/05/2025
10522;TOMATE REDONDO;TOMATE REDONDO;Tomate Redondo;tomate_especifico;Corrientes;CORRIENTES;Corrientes;3,240;29/05/2025
10524;TOMATE CHERRY;TOMATE CHERRY;Tomate Cherry;tomate_especifico;Corrientes;CORRIENTES;Corrientes;0,300;29/05/2025
10529;TOMATE PERITA;TOMATE PERITA;Tomate Perita;tomate_especifico;Mendoza;CORRIENTES;Corrientes;2,160;29/05/2025
10543;TOMATE PERITA;TOMATE PERITA;Tomate Perita;tomate_especifico;Mendoza;CORRIENTES;Corrientes;1,400;29/05/2025
10557;TOMATE PERITA;TOMATE PERITA;Tomate Perita;tomate_especifico;Mendoza;CORRIENTES;Corrientes;0,840;29/05/2025
10566;TOMATE PERITA;TOMATE PERITA;Tomate Perita;tomate_especifico;Mendoza;CORRIENTES;Corrientes;12,000;29/05/2025
10571;TOMATE PERITA;TOMATE PERITA;Tomate Perita;tomate_especifico;Jujuy;CORRIENTES;Corrientes;40,020;29/05/2025
10572;TOMATE REDONDO;TOMATE REDONDO;Tomate Redondo;tomate_especifico;Jujuy;CORRIENTES;Corrientes;8,040;29/05/2025
10574;TOMATE CHERRY;TOMATE CHERRY;Tomate Cherry;tomate_especifico;Jujuy;CORRIENTES;Corrientes;1,020;29/05/2025
10678;TOMATE REDONDO;TOMATE REDONDO;Tomate Redondo;tomate_especifico;Corrientes;CORRIENTES;Corrientes;0,360;02/06/2025
10706;TOMATE CHERRY;TOMATE CHERRY;Tomate Cherry;tomate_especifico;Corrientes;CORRIENTES;Corrientes;0,075;02/06/2025
10713;TOMATE PERITA;TOMATE PERITA;Tomate Perita;tomate_especifico;Corrientes;CORRIENTES;Corrientes;0,720;02/06/2025
10729;TOMATE PERITA;TOMATE PERITA;Tomate Perita;tomate_especifico;Corrientes;CORRIENTES;Corrientes;0,396;02/06/2025
10792;TOMATE CHERRY;TOMATE CHERRY;Tomate Cherry;tomate_especifico;Corrientes;CORRIENTES;Corrientes;0,025;02/06/2025
10813;TOMATE PERITA;TOMATE PERITA;Tomate Perita;tomate_especifico;Jujuy;CORRIENTES;Corrientes;6,000;02/06/2025
10816;TOMATE PERITA;TOMATE PERITA;Tomate Perita;tomate_especifico;Mendoza;CORRIENTES;Corrientes;2,016;02/06/2025
10824;TOMATE PERITA;TOMATE PERITA;Tomate Perita;tomate_especifico;Mendoza;CORRIENTES;Corrientes;0,900;02/06/2025
10828;TOMATE PERITA;TOMATE PERITA;Tomate Perita;tomate_especifico;Mendoza;CORRIENTES;Corrientes;1,008;02/06/2025
10849;TOMATE PERITA;TOMATE PERITA;Tomate Perita;tomate_especifico;Jujuy;CORRIENTES;Corrientes;5,400;02/06/2025
10850;TOMATE REDONDO;TOMATE REDONDO;Tomate Redondo;tomate_especifico;Jujuy;CORRIENTES;Corrientes;0,540;02/06/2025
10854;TOMATE PERITA;TOMATE PERITA;Tomate Perita;tomate_especifico;Mendoza;CORRIENTES;Corrientes;4,000;02/06/2025
10890;TOMATE PERITA;TOMATE PERITA;Tomate Perita;tomate_especifico;Corrientes;CORRIENTES;Corrientes;0,180;02/06/2025
10920;TOMATE REDONDO;TOMATE REDONDO;Tomate Redondo;tomate_especifico;Corrientes;CORRIENTES;Corrientes;0,360;02/06/2025
10927;TOMATE REDONDO;TOMATE REDONDO;Tomate Redondo;tomate_especifico;Corrientes;CORRIENTES;Corrientes;1,800;02/06/2025
10928;TOMATE CHERRY;TOMATE CHERRY;Tomate Cherry;tomate_especifico;Corrientes;CORRIENTES;Corrientes;0,250;02/06/2025
10935;TOMATE REDONDO;TOMATE REDONDO;Tomate Redondo;tomate_especifico;Corrientes;CORRIENTES;Corrientes;1,260;02/06/2025
10944;TOMATE CHERRY;TOMATE CHERRY;Tomate Cherry;tomate_especifico;Corrientes;CORRIENTES;Corrientes;0,100;02/06/2025
10945;TOMATE PERITA;TOMATE PERITA;Tomate Perita;tomate_especifico;Corrientes;CORRIENTES;Corrientes;1,440;02/06/2025
10946;TOMATE REDONDO;TOMATE REDONDO;Tomate Redondo;tomate_especifico;Corrientes;CORRIENTES;Corrientes;0,540;02/06/2025
10953;TOMATE REDONDO;TOMATE REDONDO;Tomate Redondo;tomate_especifico;Corrientes;CORRIENTES;Corrientes;0,540;02/06/2025
10954;TOMATE PERITA;TOMATE PERITA;Tomate Perita;tomate_especifico;Corrientes;CORRIENTES;Corrientes;0,360;02/06/2025
10956;TOMATE CHERRY;TOMATE CHERRY;Tomate Cherry;tomate_especifico;Corrientes;CORRIENTES;Corrientes;0,020;02/06/2025
10959;TOMATE REDONDO;TOMATE REDONDO;Tomate Redondo;tomate_especifico;Corrientes;CORRIENTES;Corrientes;2,700;02/06/2025
10964;TOMATE CHERRY;TOMATE CHERRY;Tomate Cherry;tomate_especifico;Corrientes;CORRIENTES;Corrientes;0,300;02/06/2025
10966;TOMATE PERITA;TOMATE PERITA;Tomate Perita;tomate_especifico;Mendoza;CORRIENTES;Corrientes;2,600;02/06/2025
10981;TOMATE PERITA;TOMATE PERITA;Tomate Perita;tomate_especifico;Jujuy;CORRIENTES;Corrientes;3,000;02/06/2025
10982;TOMATE REDONDO;TOMATE REDONDO;Tomate Redondo;tomate_especifico;Jujuy;CORRIENTES;Corrientes;3,000;02/06/2025
10985;TOMATE CHERRY;TOMATE CHERRY;Tomate Cherry;tomate_especifico;Jujuy;CORRIENTES;Corrientes;0,200;02/06/2025
10989;TOMATE PERITA;TOMATE PERITA;Tomate Perita;tomate_especifico;Jujuy;CORRIENTES;Corrientes;40,020;02/06/2025
10990;TOMATE REDONDO;TOMATE REDONDO;Tomate Redondo;tomate_especifico;Jujuy;CORRIENTES;Corrientes;8,040;02/06/2025
10992;TOMATE CHERRY;TOMATE CHERRY;Tomate Cherry;tomate_especifico;Jujuy;CORRIENTES;Corrientes;1,020;02/06/2025
11092;TOMATE REDONDO;TOMATE REDONDO;Tomate Redondo;tomate_especifico;Corrientes;CORRIENTES;Corrientes;1,170;04/06/2025
11122;TOMATE REDONDO;TOMATE REDONDO;Tomate Redondo;tomate_especifico;Corrientes;CORRIENTES;Corrientes;0,090;05/06/2025
11134;TOMATE REDONDO;TOMATE REDONDO;Tomate Redondo;tomate_especifico;Corrientes;CORRIENTES;Corrientes;0,540;05/06/2025
11205;TOMATE PERITA;TOMATE PERITA;Tomate Perita;tomate_especifico;Corrientes;CORRIENTES;Corrientes;0,180;05/06/2025
11243;TOMATE PERITA;TOMATE PERITA;Tomate Perita;tomate_especifico;Jujuy;CORRIENTES;Corrientes;24,020;05/06/2025
11244;TOMATE REDONDO;TOMATE REDONDO;Tomate Redondo;tomate_especifico;Jujuy;CORRIENTES;Corrientes;2,800;05/06/2025
11248;TOMATE CHERRY;TOMATE CHERRY;Tomate Cherry;tomate_especifico;Jujuy;CORRIENTES;Corrientes;0,620;05/06/2025
11266;TOMATE PERITA;TOMATE PERITA;Tomate Perita;tomate_especifico;Mendoza;CORRIENTES;Corrientes;2,000;05/06/2025
11293;TOMATE PERITA;TOMATE PERITA;Tomate Perita;tomate_especifico;Mendoza;CORRIENTES;Corrientes;2,016;05/06/2025
11318;TOMATE REDONDO;TOMATE REDONDO;Tomate Redondo;tomate_especifico;Corrientes;CORRIENTES;Corrientes;0,900;05/06/2025
11322;TOMATE CHERRY;TOMATE CHERRY;Tomate Cherry;tomate_especifico;Corrientes;CORRIENTES;Corrientes;0,150;05/06/2025
11330;TOMATE REDONDO;TOMATE REDONDO;Tomate Redondo;tomate_especifico;Corrientes;CORRIENTES;Corrientes;2,160;05/06/2025
11335;TOMATE CHERRY;TOMATE CHERRY;Tomate Cherry;tomate_especifico;Corrientes;CORRIENTES;Corrientes;0,300;05/06/2025
11340;TOMATE CHERRY;TOMATE CHERRY;Tomate Cherry;tomate_especifico;Corrientes;CORRIENTES;Corrientes;0,040;05/06/2025
11341;TOMATE REDONDO;TOMATE REDONDO;Tomate Redondo;tomate_especifico;Corrientes;CORRIENTES;Corrientes;0,540;05/06/2025
11357;TOMATE PERITA;TOMATE PERITA;Tomate Perita;tomate_especifico;Jujuy;CORRIENTES;Corrientes;7,000;05/06/2025
11418;TOMATE PERITA;TOMATE PERITA;Tomate Perita;tomate_especifico;Corrientes;CORRIENTES;Corrientes;0,180;06/06/2025
11450;TOMATE PERITA;TOMATE PERITA;Tomate Perita;tomate_especifico;Corrientes;CORRIENTES;Corrientes;0,360;09/06/2025
11493;TOMATE PERITA;TOMATE PERITA;Tomate Perita;tomate_especifico;Corrientes;CORRIENTES;Corrientes;0,180;09/06/2025
11583;TOMATE PERITA;TOMATE PERITA;Tomate Perita;tomate_especifico;Corrientes;CORRIENTES;Corrientes;0,270;09/06/2025
11586;TOMATE CHERRY;TOMATE CHERRY;Tomate Cherry;tomate_especifico;Corrientes;CORRIENTES;Corrientes;0,080;09/06/2025
11589;TOMATE PERITA;TOMATE PERITA;Tomate Perita;tomate_especifico;Corrientes;CORRIENTES;Corrientes;0,180;09/06/2025
11593;TOMATE REDONDO;TOMATE REDONDO;Tomate Redondo;tomate_especifico;Corrientes;CORRIENTES;Corrientes;1,116;09/06/2025
11604;TOMATE CHERRY;TOMATE CHERRY;Tomate Cherry;tomate_especifico;Corrientes;CORRIENTES;Corrientes;0,100;09/06/2025
11619;TOMATE REDONDO;TOMATE REDONDO;Tomate Redondo;tomate_especifico;Corrientes;CORRIENTES;Corrientes;0,180;09/06/2025
11631;TOMATE CHERRY;TOMATE CHERRY;Tomate Cherry;tomate_especifico;Corrientes;CORRIENTES;Corrientes;0,050;09/06/2025
11633;TOMATE REDONDO;TOMATE REDONDO;Tomate Redondo;tomate_especifico;Corrientes;CORRIENTES;Corrientes;2,520;09/06/2025
11634;TOMATE CHERRY;TOMATE CHERRY;Tomate Cherry;tomate_especifico;Corrientes;CORRIENTES;Corrientes;0,100;09/06/2025
11649;TOMATE REDONDO;TOMATE REDONDO;Tomate Redondo;tomate_especifico;Corrientes;CORRIENTES;Corrientes;0,504;09/06/2025
11651;TOMATE CHERRY;TOMATE CHERRY;Tomate Cherry;tomate_especifico;Corrientes;CORRIENTES;Corrientes;0,020;09/06/2025
11654;TOMATE REDONDO;TOMATE REDONDO;Tomate Redondo;tomate_especifico;Corrientes;CORRIENTES;Corrientes;2,700;09/06/2025
11658;TOMATE CHERRY;TOMATE CHERRY;Tomate Cherry;tomate_especifico;Corrientes;CORRIENTES;Corrientes;0,300;09/06/2025
11660;TOMATE PERITA;TOMATE PERITA;Tomate Perita;tomate_especifico;Salta;CORRIENTES;Corrientes;2,000;09/06/2025
11679;TOMATE PERITA;TOMATE PERITA;Tomate Perita;tomate_especifico;Jujuy;CORRIENTES;Corrientes;3,000;09/06/2025
11680;TOMATE REDONDO;TOMATE REDONDO;Tomate Redondo;tomate_especifico;Jujuy;CORRIENTES;Corrientes;3,000;09/06/2025
11682;TOMATE PERITA;TOMATE PERITA;Tomate Perita;tomate_especifico;Mendoza;CORRIENTES;Corrientes;2,000;09/06/2025
11755;TOMATE PERITA;TOMATE PERITA;Tomate Perita;tomate_especifico;Mendoza;CORRIENTES;Corrientes;1,008;10/06/2025
11766;TOMATE PERITA;TOMATE PERITA;Tomate Perita;tomate_especifico;Mendoza;CORRIENTES;Corrientes;4,032;10/06/2025
11778;TOMATE REDONDO;TOMATE REDONDO;Tomate Redondo;tomate_especifico;Jujuy;CORRIENTES;Corrientes;5,040;10/06/2025
11792;TOMATE PERITA;TOMATE PERITA;Tomate Perita;tomate_especifico;Mendoza;CORRIENTES;Corrientes;2,000;10/06/2025
11875;TOMATE REDONDO;TOMATE REDONDO;Tomate Redondo;tomate_especifico;Corrientes;CORRIENTES;Corrientes;0,900;11/06/2025
11905;TOMATE PERITA;TOMATE PERITA;Tomate Perita;tomate_especifico;Jujuy;CORRIENTES;Corrientes;0,100;12/06/2025
11906;TOMATE REDONDO;TOMATE REDONDO;Tomate Redondo;tomate_especifico;Jujuy;CORRIENTES;Corrientes;1,000;12/06/2025
11955;TOMATE PERITA;TOMATE PERITA;Tomate Perita;tomate_especifico;Corrientes;CORRIENTES;Corrientes;0,270;12/06/2025
12044;TOMATE PERITA;TOMATE PERITA;Tomate Perita;tomate_especifico;Corrientes;CORRIENTES;Corrientes;0,090;12/06/2025
12059;TOMATE CHERRY;TOMATE CHERRY;Tomate Cherry;tomate_especifico;Corrientes;CORRIENTES;Corrientes;0,060;12/06/2025
12081;TOMATE REDONDO;TOMATE REDONDO;Tomate Redondo;tomate_especifico;Corrientes;CORRIENTES;Corrientes;1,800;12/06/2025
12086;TOMATE REDONDO;TOMATE REDONDO;Tomate Redondo;tomate_especifico;Corrientes;CORRIENTES;Corrientes;0,882;12/06/2025
12089;TOMATE CHERRY;TOMATE CHERRY;Tomate Cherry;tomate_especifico;Corrientes;CORRIENTES;Corrientes;0,050;12/06/2025
12095;TOMATE REDONDO;TOMATE REDONDO;Tomate Redondo;tomate_especifico;Corrientes;CORRIENTES;Corrientes;0,504;12/06/2025
12096;TOMATE PERITA;TOMATE PERITA;Tomate Perita;tomate_especifico;Corrientes;CORRIENTES;Corrientes;0,450;12/06/2025
12097;TOMATE CHERRY;TOMATE CHERRY;Tomate Cherry;tomate_especifico;Corrientes;CORRIENTES;Corrientes;0,040;12/06/2025
12101;TOMATE REDONDO;TOMATE REDONDO;Tomate Redondo;tomate_especifico;Corrientes;CORRIENTES;Corrientes;2,160;12/06/2025
12105;TOMATE CHERRY;TOMATE CHERRY;Tomate Cherry;tomate_especifico;Corrientes;CORRIENTES;Corrientes;0,300;12/06/2025
12107;TOMATE PERITA;TOMATE PERITA;Tomate Perita;tomate_especifico;Salta;CORRIENTES;Corrientes;2,400;12/06/2025
12110;TOMATE PERITA;TOMATE PERITA;Tomate Perita;tomate_especifico;Jujuy;CORRIENTES;Corrientes;4,140;12/06/2025
12111;TOMATE PERITA;TOMATE PERITA;Tomate Perita;tomate_especifico;Mendoza;CORRIENTES;Corrientes;1,080;12/06/2025
12115;TOMATE PERITA;TOMATE PERITA;Tomate Perita;tomate_especifico;Mendoza;CORRIENTES;Corrientes;4,500;12/06/2025
12124;TOMATE PERITA;TOMATE PERITA;Tomate Perita;tomate_especifico;Jujuy;CORRIENTES;Corrientes;8,460;12/06/2025
12125;TOMATE REDONDO;TOMATE REDONDO;Tomate Redondo;tomate_especifico;Jujuy;CORRIENTES;Corrientes;0,540;12/06/2025
12141;TOMATE PERITA;TOMATE PERITA;Tomate Perita;tomate_especifico;Mendoza;CORRIENTES;Corrientes;2,000;12/06/2025
12153;TOMATE PERITA;TOMATE PERITA;Tomate Perita;tomate_especifico;Corrientes;CORRIENTES;Corrientes;0,180;12/06/2025
12179;TOMATE PERITA;TOMATE PERITA;Tomate Perita;tomate_especifico;Jujuy;CORRIENTES;Corrientes;3,000;13/06/2025
12180;TOMATE REDONDO;TOMATE REDONDO;Tomate Redondo;tomate_especifico;Jujuy;CORRIENTES;Corrientes;3,000;13/06/2025
12194;TOMATE PERITA;TOMATE PERITA;Tomate Perita;tomate_especifico;Corrientes;CORRIENTES;Corrientes;0,270;13/06/2025
12234;TOMATE PERITA;TOMATE PERITA;Tomate Perita;tomate_especifico;Corrientes;CORRIENTES;Corrientes;0,468;13/06/2025
12241;TOMATE REDONDO;TOMATE REDONDO;Tomate Redondo;tomate_especifico;Corrientes;CORRIENTES;Corrientes;0,900;13/06/2025
12250;TOMATE PERITA;TOMATE PERITA;Tomate Perita;tomate_especifico;Corrientes;CORRIENTES;Corrientes;0,540;13/06/2025
12263;TOMATE PERITA;TOMATE PERITA;Tomate Perita;tomate_especifico;Jujuy;CORRIENTES;Corrientes;3,600;16/06/2025
12267;TOMATE PERITA;TOMATE PERITA;Tomate Perita;tomate_especifico;Mendoza;CORRIENTES;Corrientes;2,016;16/06/2025
12274;TOMATE PERITA;TOMATE PERITA;Tomate Perita;tomate_especifico;Mendoza;CORRIENTES;Corrientes;3,024;16/06/2025
12284;TOMATE PERITA;TOMATE PERITA;Tomate Perita;tomate_especifico;Jujuy;CORRIENTES;Corrientes;7,380;16/06/2025
12285;TOMATE REDONDO;TOMATE REDONDO;Tomate Redondo;tomate_especifico;Jujuy;CORRIENTES;Corrientes;1,800;16/06/2025
12287;TOMATE CHERRY;TOMATE CHERRY;Tomate Cherry;tomate_especifico;Jujuy;CORRIENTES;Corrientes;0,360;16/06/2025
12309;TOMATE PERITA;TOMATE PERITA;Tomate Perita;tomate_especifico;Mendoza;CORRIENTES;Corrientes;3,600;16/06/2025
12363;TOMATE PERITA;TOMATE PERITA;Tomate Perita;tomate_especifico;Corrientes;CORRIENTES;Corrientes;0,288;16/06/2025
12376;TOMATE PERITA;TOMATE PERITA;Tomate Perita;tomate_especifico;Corrientes;CORRIENTES;Corrientes;0,090;16/06/2025
12382;TOMATE PERITA;TOMATE PERITA;Tomate Perita;tomate_especifico;Jujuy;CORRIENTES;Corrientes;300,020;16/06/2025
12383;TOMATE REDONDO;TOMATE REDONDO;Tomate Redondo;tomate_especifico;Jujuy;CORRIENTES;Corrientes;8,020;16/06/2025
12387;TOMATE CHERRY;TOMATE CHERRY;Tomate Cherry;tomate_especifico;Jujuy;CORRIENTES;Corrientes;7,000;16/06/2025
12390;TOMATE PERITA;TOMATE PERITA;Tomate Perita;tomate_especifico;Corrientes;CORRIENTES;Corrientes;0,720;16/06/2025
12435;TOMATE PERITA;TOMATE PERITA;Tomate Perita;tomate_especifico;Corrientes;CORRIENTES;Corrientes;0,108;16/06/2025
12444;TOMATE CHERRY;TOMATE CHERRY;Tomate Cherry;tomate_especifico;Corrientes;CORRIENTES;Corrientes;0,050;16/06/2025
12473;TOMATE PERITA;TOMATE PERITA;Tomate Perita;tomate_especifico;Corrientes;CORRIENTES;Corrientes;0,720;16/06/2025
12475;TOMATE PERITA;TOMATE PERITA;Tomate Perita;tomate_especifico;Corrientes;CORRIENTES;Corrientes;0,180;16/06/2025
12495;TOMATE CHERRY;TOMATE CHERRY;Tomate Cherry;tomate_especifico;Corrientes;CORRIENTES;Corrientes;0,100;16/06/2025
12499;TOMATE PERITA;TOMATE PERITA;Tomate Perita;tomate_especifico;Corrientes;CORRIENTES;Corrientes;0,180;16/06/2025
12506;TOMATE REDONDO;TOMATE REDONDO;Tomate Redondo;tomate_especifico;Corrientes;CORRIENTES;Corrientes;2,700;16/06/2025
12511;TOMATE CHERRY;TOMATE CHERRY;Tomate Cherry;tomate_especifico;Corrientes;CORRIENTES;Corrientes;0,300;16/06/2025
12512;TOMATE PERITA;TOMATE PERITA;Tomate Perita;tomate_especifico;Salta;CORRIENTES;Corrientes;3,000;16/06/2025
12515;TOMATE PERITA;TOMATE PERITA;Tomate Perita;tomate_especifico;Corrientes;CORRIENTES;Corrientes;0,360;16/06/2025
12516;TOMATE REDONDO;TOMATE REDONDO;Tomate Redondo;tomate_especifico;Corrientes;CORRIENTES;Corrientes;0,360;16/06/2025
12517;TOMATE CHERRY;TOMATE CHERRY;Tomate Cherry;tomate_especifico;Corrientes;CORRIENTES;Corrientes;0,040;16/06/2025
12532;TOMATE PERITA;TOMATE PERITA;Tomate Perita;tomate_especifico;Jujuy;CORRIENTES;Corrientes;3,000;16/06/2025
12533;TOMATE REDONDO;TOMATE REDONDO;Tomate Redondo;tomate_especifico;Jujuy;CORRIENTES;Corrientes;3,000;16/06/2025
12647;TOMATE PERITA;TOMATE PERITA;Tomate Perita;tomate_especifico;Corrientes;CORRIENTES;Corrientes;0,900;18/05/2025
12721;TOMATE PERITA;TOMATE PERITA;Tomate Perita;tomate_especifico;Corrientes;CORRIENTES;Corrientes;0,090;19/06/2025
12725;TOMATE REDONDO;TOMATE REDONDO;Tomate Redondo;tomate_especifico;Corrientes;CORRIENTES;Corrientes;0,126;19/06/2025
12740;TOMATE PERITA;TOMATE PERITA;Tomate Perita;tomate_especifico;Corrientes;CORRIENTES;Corrientes;0,180;19/06/2025
12766;TOMATE REDONDO;TOMATE REDONDO;Tomate Redondo;tomate_especifico;Corrientes;CORRIENTES;Corrientes;0,288;19/06/2025
12777;TOMATE PERITA;TOMATE PERITA;Tomate Perita;tomate_especifico;Corrientes;CORRIENTES;Corrientes;0,540;23/06/2025
12781;TOMATE REDONDO;TOMATE REDONDO;Tomate Redondo;tomate_especifico;Corrientes;CORRIENTES;Corrientes;0,400;23/06/2025
12861;TOMATE PERITA;TOMATE PERITA;Tomate Perita;tomate_especifico;Corrientes;CORRIENTES;Corrientes;0,450;23/06/2025
12881;TOMATE PERITA;TOMATE PERITA;Tomate Perita;tomate_especifico;Corrientes;CORRIENTES;Corrientes;0,036;23/06/2025
12885;TOMATE CHERRY;TOMATE CHERRY;Tomate Cherry;tomate_especifico;Corrientes;CORRIENTES;Corrientes;0,080;23/06/2025
12896;TOMATE CHERRY;TOMATE CHERRY;Tomate Cherry;tomate_especifico;Corrientes;CORRIENTES;Corrientes;0,100;23/06/2025
12897;TOMATE REDONDO;TOMATE REDONDO;Tomate Redondo;tomate_especifico;Corrientes;CORRIENTES;Corrientes;2,700;23/06/2025
12904;TOMATE REDONDO;TOMATE REDONDO;Tomate Redondo;tomate_especifico;Corrientes;CORRIENTES;Corrientes;0,450;23/06/2025
12909;TOMATE CHERRY;TOMATE CHERRY;Tomate Cherry;tomate_especifico;Corrientes;CORRIENTES;Corrientes;0,110;23/06/2025
12910;TOMATE REDONDO;TOMATE REDONDO;Tomate Redondo;tomate_especifico;Corrientes;CORRIENTES;Corrientes;0,072;23/06/2025
12912;TOMATE REDONDO;TOMATE REDONDO;Tomate Redondo;tomate_especifico;Corrientes;CORRIENTES;Corrientes;0,666;23/06/2025
12926;TOMATE PERITA;TOMATE PERITA;Tomate Perita;tomate_especifico;Jujuy;CORRIENTES;Corrientes;0,945;23/06/2025
12927;TOMATE REDONDO;TOMATE REDONDO;Tomate Redondo;tomate_especifico;Jujuy;CORRIENTES;Corrientes;3,630;23/06/2025
12930;TOMATE CHERRY;TOMATE CHERRY;Tomate Cherry;tomate_especifico;Jujuy;CORRIENTES;Corrientes;0,204;23/06/2025
12948;TOMATE PERITA;TOMATE PERITA;Tomate Perita;tomate_especifico;Mendoza;CORRIENTES;Corrientes;0,150;23/06/2025
12961;TOMATE REDONDO;TOMATE REDONDO;Tomate Redondo;tomate_especifico;Corrientes;CORRIENTES;Corrientes;0,324;23/06/2025
12962;TOMATE PERITA;TOMATE PERITA;Tomate Perita;tomate_especifico;Corrientes;CORRIENTES;Corrientes;0,342;23/06/2025
12970;TOMATE PERITA;TOMATE PERITA;Tomate Perita;tomate_especifico;Corrientes;CORRIENTES;Corrientes;0,450;23/06/2025
12988;TOMATE REDONDO;TOMATE REDONDO;Tomate Redondo;tomate_especifico;Corrientes;CORRIENTES;Corrientes;2,700;23/06/2025
12996;TOMATE PERITA;TOMATE PERITA;Tomate Perita;tomate_especifico;Corrientes;CORRIENTES;Corrientes;0,144;23/06/2025
12998;TOMATE REDONDO;TOMATE REDONDO;Tomate Redondo;tomate_especifico;Corrientes;CORRIENTES;Corrientes;1,260;23/06/2025
13012;TOMATE PERITA;TOMATE PERITA;Tomate Perita;tomate_especifico;Corrientes;CORRIENTES;Corrientes;0,108;23/06/2025
13019;TOMATE PERITA;TOMATE PERITA;Tomate Perita;tomate_especifico;Corrientes;CORRIENTES;Corrientes;1,296;23/06/2025
13027;TOMATE CHERRY;TOMATE CHERRY;Tomate Cherry;tomate_especifico;Corrientes;CORRIENTES;Corrientes;0,125;23/06/2025
13031;TOMATE PERITA;TOMATE PERITA;Tomate Perita;tomate_especifico;Salta;CORRIENTES;Corrientes;2,000;23/06/2025
13034;TOMATE REDONDO;TOMATE REDONDO;Tomate Redondo;tomate_especifico;Corrientes;CORRIENTES;Corrientes;2,700;23/06/2025
13037;TOMATE CHERRY;TOMATE CHERRY;Tomate Cherry;tomate_especifico;Corrientes;CORRIENTES;Corrientes;0,300;23/06/2025
13042;TOMATE REDONDO;TOMATE REDONDO;Tomate Redondo;tomate_especifico;Corrientes;CORRIENTES;Corrientes;0,360;23/06/2025
13044;TOMATE CHERRY;TOMATE CHERRY;Tomate Cherry;tomate_especifico;Corrientes;CORRIENTES;Corrientes;0,080;23/06/2025
13058;TOMATE PERITA;TOMATE PERITA;Tomate Perita;tomate_especifico;Jujuy;CORRIENTES;Corrientes;6,000;23/06/2025
13140;TOMATE PERITA;TOMATE PERITA;Tomate Perita;tomate_especifico;Corrientes;CORRIENTES;Corrientes;0,720;25/06/2025
13195;TOMATE PERITA;TOMATE PERITA;Tomate Perita;tomate_especifico;Jujuy;CORRIENTES;Corrientes;8,100;26/06/2025
13196;TOMATE REDONDO;TOMATE REDONDO;Tomate Redondo;tomate_especifico;Jujuy;CORRIENTES;Corrientes;1,440;26/06/2025
13204;TOMATE PERITA;TOMATE PERITA;Tomate Perita;tomate_especifico;Jujuy;CORRIENTES;Corrientes;8,020;26/06/2025
13205;TOMATE REDONDO;TOMATE REDONDO;Tomate Redondo;tomate_especifico;Jujuy;CORRIENTES;Corrientes;10,020;26/06/2025
13208;TOMATE CHERRY;TOMATE CHERRY;Tomate Cherry;tomate_especifico;Jujuy;CORRIENTES;Corrientes;0,765;26/06/2025
13214;TOMATE REDONDO;TOMATE REDONDO;Tomate Redondo;tomate_especifico;Corrientes;CORRIENTES;Corrientes;0,100;26/06/2025
13215;TOMATE PERITA;TOMATE PERITA;Tomate Perita;tomate_especifico;Corrientes;CORRIENTES;Corrientes;1,000;26/06/2025
13262;TOMATE REDONDO;TOMATE REDONDO;Tomate Redondo;tomate_especifico;Corrientes;CORRIENTES;Corrientes;0,090;26/06/2025
13320;TOMATE PERITA;TOMATE PERITA;Tomate Perita;tomate_especifico;Corrientes;CORRIENTES;Corrientes;0,180;26/06/2025
13325;TOMATE PERITA;TOMATE PERITA;Tomate Perita;tomate_especifico;Corrientes;CORRIENTES;Corrientes;0,180;26/06/2025
13327;TOMATE PERITA;TOMATE PERITA;Tomate Perita;tomate_especifico;Corrientes;CORRIENTES;Corrientes;0,270;26/06/2025
13369;TOMATE PERITA;TOMATE PERITA;Tomate Perita;tomate_especifico;Corrientes;CORRIENTES;Corrientes;0,540;26/06/2025
13415;TOMATE REDONDO;TOMATE REDONDO;Tomate Redondo;tomate_especifico;Corrientes;CORRIENTES;Corrientes;0,360;27/06/2025
13416;TOMATE CHERRY;TOMATE CHERRY;Tomate Cherry;tomate_especifico;Corrientes;CORRIENTES;Corrientes;0,080;27/06/2025
13430;TOMATE PERITA;TOMATE PERITA;Tomate Perita;tomate_especifico;Jujuy;CORRIENTES;Corrientes;7,000;27/06/2025
13435;TOMATE PERITA;TOMATE PERITA;Tomate Perita;tomate_especifico;Jujuy;CORRIENTES;Corrientes;9,000;30/06/2025
13514;TOMATE PERITA;TOMATE PERITA;Tomate Perita;tomate_especifico;Jujuy;CORRIENTES;Corrientes;32,020;30/06/2025
13515;TOMATE REDONDO;TOMATE REDONDO;Tomate Redondo;tomate_especifico;Jujuy;CORRIENTES;Corrientes;8,020;30/06/2025
13518;TOMATE CHERRY;TOMATE CHERRY;Tomate Cherry;tomate_especifico;Jujuy;CORRIENTES;Corrientes;1,020;30/06/2025
13535;TOMATE PERITA;TOMATE PERITA;Tomate Perita;tomate_especifico;Corrientes;CORRIENTES;Corrientes;0,900;30/06/2025
13538;TOMATE PERITA;TOMATE PERITA;Tomate Perita;tomate_especifico;Corrientes;CORRIENTES;Corrientes;0,450;30/06/2025
13540;TOMATE PERITA;TOMATE PERITA;Tomate Perita;tomate_especifico;Corrientes;CORRIENTES;Corrientes;0,180;30/06/2025
13548;TOMATE PERITA;TOMATE PERITA;Tomate Perita;tomate_especifico;Corrientes;CORRIENTES;Corrientes;0,540;30/06/2025
13553;TOMATE PERITA;TOMATE PERITA;Tomate Perita;tomate_especifico;Corrientes;CORRIENTES;Corrientes;0,090;30/06/2025
13565;TOMATE REDONDO;TOMATE REDONDO;Tomate Redondo;tomate_especifico;Corrientes;CORRIENTES;Corrientes;0,180;30/06/2025
13592;TOMATE PERITA;TOMATE PERITA;Tomate Perita;tomate_especifico;Corrientes;CORRIENTES;Corrientes;0,360;30/06/2025
13598;TOMATE REDONDO;TOMATE REDONDO;Tomate Redondo;tomate_especifico;Corrientes;CORRIENTES;Corrientes;0,036;30/06/2025
13611;TOMATE PERITA;TOMATE PERITA;Tomate Perita;tomate_especifico;Corrientes;CORRIENTES;Corrientes;0,216;30/06/2025
13612;TOMATE CHERRY;TOMATE CHERRY;Tomate Cherry;tomate_especifico;Corrientes;CORRIENTES;Corrientes;0,110;30/06/2025
13619;TOMATE PERITA;TOMATE PERITA;Tomate Perita;tomate_especifico;Corrientes;CORRIENTES;Corrientes;0,900;30/06/2025
13621;TOMATE REDONDO;TOMATE REDONDO;Tomate Redondo;tomate_especifico;Corrientes;CORRIENTES;Corrientes;0,525;30/06/2025
13622;TOMATE PERITA;TOMATE PERITA;Tomate Perita;tomate_especifico;Corrientes;CORRIENTES;Corrientes;0,375;30/06/2025
13623;TOMATE PERITA;TOMATE PERITA;Tomate Perita;tomate_especifico;Corrientes;CORRIENTES;Corrientes;0,075;30/06/2025
13639;TOMATE REDONDO;TOMATE REDONDO;Tomate Redondo;tomate_especifico;Corrientes;CORRIENTES;Corrientes;0,675;30/06/2025
13641;TOMATE PERITA;TOMATE PERITA;Tomate Perita;tomate_especifico;Corrientes;CORRIENTES;Corrientes;0,600;30/06/2025
13642;TOMATE REDONDO;TOMATE REDONDO;Tomate Redondo;tomate_especifico;Corrientes;CORRIENTES;Corrientes;0,525;30/06/2025
13643;TOMATE REDONDO;TOMATE REDONDO;Tomate Redondo;tomate_especifico;Corrientes;CORRIENTES;Corrientes;0,900;30/06/2025
13645;TOMATE PERITA;TOMATE PERITA;Tomate Perita;tomate_especifico;Corrientes;CORRIENTES;Corrientes;0,225;30/06/2025
13661;TOMATE REDONDO;TOMATE REDONDO;Tomate Redondo;tomate_especifico;Corrientes;CORRIENTES;Corrientes;2,160;30/06/2025
13662;TOMATE CHERRY;TOMATE CHERRY;Tomate Cherry;tomate_especifico;Corrientes;CORRIENTES;Corrientes;0,100;30/06/2025
13670;TOMATE CHERRY;TOMATE CHERRY;Tomate Cherry;tomate_especifico;Corrientes;CORRIENTES;Corrientes;0,080;30/06/2025
13675;TOMATE REDONDO;TOMATE REDONDO;Tomate Redondo;tomate_especifico;Corrientes;CORRIENTES;Corrientes;2,160;30/06/2025
13679;TOMATE CHERRY;TOMATE CHERRY;Tomate Cherry;tomate_especifico;Corrientes;CORRIENTES;Corrientes;0,300;30/06/2025
13680;TOMATE PERITA;TOMATE PERITA;Tomate Perita;tomate_especifico;Salta;CORRIENTES;Corrientes;1,600;30/06/2025
13690;TOMATE PERITA;TOMATE PERITA;Tomate Perita;tomate_especifico;Corrientes;CORRIENTES;Corrientes;0,360;30/06/2025
13740;TOMATE PERITA;TOMATE PERITA;Tomate Perita;tomate_especifico;Corrientes;CORRIENTES;Corrientes;0,090;02/07/2025
13810;TOMATE CHERRY;TOMATE CHERRY;Tomate Cherry;tomate_especifico;Corrientes;CORRIENTES;Corrientes;0,200;03/07/2025
13818;TOMATE REDONDO;TOMATE REDONDO;Tomate Redondo;tomate_especifico;Corrientes;CORRIENTES;Corrientes;0,270;03/07/2025
13823;TOMATE PERITA;TOMATE PERITA;Tomate Perita;tomate_especifico;Corrientes;CORRIENTES;Corrientes;0,720;03/07/2025
13840;TOMATE REDONDO;TOMATE REDONDO;Tomate Redondo;tomate_especifico;Corrientes;CORRIENTES;Corrientes;0,090;03/07/2025
13842;TOMATE REDONDO;TOMATE REDONDO;Tomate Redondo;tomate_especifico;Corrientes;CORRIENTES;Corrientes;1,620;03/07/2025
13853;TOMATE REDONDO;TOMATE REDONDO;Tomate Redondo;tomate_especifico;Corrientes;CORRIENTES;Corrientes;0,090;03/07/2025
13875;TOMATE PERITA;TOMATE PERITA;Tomate Perita;tomate_especifico;Corrientes;CORRIENTES;Corrientes;0,072;03/07/2025
13911;TOMATE PERITA;TOMATE PERITA;Tomate Perita;tomate_especifico;Corrientes;CORRIENTES;Corrientes;0,036;03/07/2025
13921;TOMATE CHERRY;TOMATE CHERRY;Tomate Cherry;tomate_especifico;Corrientes;CORRIENTES;Corrientes;0,050;03/07/2025
13931;TOMATE CHERRY;TOMATE CHERRY;Tomate Cherry;tomate_especifico;Corrientes;CORRIENTES;Corrientes;0,100;03/07/2025
13939;TOMATE REDONDO;TOMATE REDONDO;Tomate Redondo;tomate_especifico;Corrientes;CORRIENTES;Corrientes;1,260;03/07/2025
13950;TOMATE PERITA;TOMATE PERITA;Tomate Perita;tomate_especifico;Salta;CORRIENTES;Corrientes;1,000;03/07/2025
13953;TOMATE REDONDO;TOMATE REDONDO;Tomate Redondo;tomate_especifico;Corrientes;CORRIENTES;Corrientes;2,700;03/07/2025
13958;TOMATE CHERRY;TOMATE CHERRY;Tomate Cherry;tomate_especifico;Corrientes;CORRIENTES;Corrientes;0,300;03/07/2025
13961;TOMATE REDONDO;TOMATE REDONDO;Tomate Redondo;tomate_especifico;Corrientes;CORRIENTES;Corrientes;0,180;03/07/2025
13962;TOMATE CHERRY;TOMATE CHERRY;Tomate Cherry;tomate_especifico;Corrientes;CORRIENTES;Corrientes;0,080;03/07/2025
13980;TOMATE PERITA;TOMATE PERITA;Tomate Perita;tomate_especifico;Jujuy;CORRIENTES;Corrientes;7,000;03/07/2025
13987;TOMATE PERITA;TOMATE PERITA;Tomate Perita;tomate_especifico;Corrientes;CORRIENTES;Corrientes;0,540;04/07/2025
14002;TOMATE REDONDO;TOMATE REDONDO;Tomate Redondo;tomate_especifico;Corrientes;CORRIENTES;Corrientes;0,180;04/07/2025
14003;TOMATE REDONDO;TOMATE REDONDO;Tomate Redondo;tomate_especifico;Corrientes;CORRIENTES;Corrientes;0,180;04/07/2025
14010;TOMATE REDONDO;TOMATE REDONDO;Tomate Redondo;tomate_especifico;Corrientes;CORRIENTES;Corrientes;0,180;04/07/2025
14014;TOMATE PERITA;TOMATE PERITA;Tomate Perita;tomate_especifico;Corrientes;CORRIENTES;Corrientes;0,126;04/07/2025
14016;TOMATE CHERRY;TOMATE CHERRY;Tomate Cherry;tomate_especifico;Corrientes;CORRIENTES;Corrientes;0,020;04/07/2025
14018;TOMATE PERITA;TOMATE PERITA;Tomate Perita;tomate_especifico;Corrientes;CORRIENTES;Corrientes;0,396;04/07/2025
14026;TOMATE REDONDO;TOMATE REDONDO;Tomate Redondo;tomate_especifico;Corrientes;CORRIENTES;Corrientes;0,360;04/07/2025
14027;TOMATE PERITA;TOMATE PERITA;Tomate Perita;tomate_especifico;Corrientes;CORRIENTES;Corrientes;0,630;04/07/2025
14038;TOMATE PERITA;TOMATE PERITA;Tomate Perita;tomate_especifico;Mendoza;CORRIENTES;Corrientes;0,600;07/07/2025
14062;TOMATE REDONDO;TOMATE REDONDO;Tomate Redondo;tomate_especifico;Corrientes;CORRIENTES;Corrientes;1,800;07/07/2025
14064;TOMATE PERITA;TOMATE PERITA;Tomate Perita;tomate_especifico;Corrientes;CORRIENTES;Corrientes;0,450;07/07/2025
14065;TOMATE CHERRY;TOMATE CHERRY;Tomate Cherry;tomate_especifico;Corrientes;CORRIENTES;Corrientes;0,180;07/07/2025
14072;TOMATE PERITA;TOMATE PERITA;Tomate Perita;tomate_especifico;Jujuy;CORRIENTES;Corrientes;4,500;07/07/2025
14087;TOMATE PERITA;TOMATE PERITA;Tomate Perita;tomate_especifico;Jujuy;CORRIENTES;Corrientes;32,020;07/07/2025
14088;TOMATE REDONDO;TOMATE REDONDO;Tomate Redondo;tomate_especifico;Jujuy;CORRIENTES;Corrientes;10,020;07/07/2025
14090;TOMATE CHERRY;TOMATE CHERRY;Tomate Cherry;tomate_especifico;Jujuy;CORRIENTES;Corrientes;0,620;07/07/2025
14107;TOMATE REDONDO;TOMATE REDONDO;Tomate Redondo;tomate_especifico;Corrientes;CORRIENTES;Corrientes;0,900;07/07/2025
14133;TOMATE PERITA;TOMATE PERITA;Tomate Perita;tomate_especifico;Corrientes;CORRIENTES;Corrientes;0,270;07/07/2025
14145;TOMATE REDONDO;TOMATE REDONDO;Tomate Redondo;tomate_especifico;Corrientes;CORRIENTES;Corrientes;0,360;07/07/2025
14167;TOMATE PERITA;TOMATE PERITA;Tomate Perita;tomate_especifico;Corrientes;CORRIENTES;Corrientes;0,720;07/07/2025
14181;TOMATE REDONDO;TOMATE REDONDO;Tomate Redondo;tomate_especifico;Corrientes;CORRIENTES;Corrientes;0,180;07/07/2025
14189;TOMATE PERITA;TOMATE PERITA;Tomate Perita;tomate_especifico;Corrientes;CORRIENTES;Corrientes;0,450;07/07/2025
14195;TOMATE PERITA;TOMATE PERITA;Tomate Perita;tomate_especifico;Corrientes;CORRIENTES;Corrientes;0,270;07/07/2025
14205;TOMATE REDONDO;TOMATE REDONDO;Tomate Redondo;tomate_especifico;Corrientes;CORRIENTES;Corrientes;0,180;07/07/2025
14216;TOMATE PERITA;TOMATE PERITA;Tomate Perita;tomate_especifico;Corrientes;CORRIENTES;Corrientes;0,216;07/07/2025
14230;TOMATE PERITA;TOMATE PERITA;Tomate Perita;tomate_especifico;Corrientes;CORRIENTES;Corrientes;0,360;07/07/2025
14241;TOMATE REDONDO;TOMATE REDONDO;Tomate Redondo;tomate_especifico;Corrientes;CORRIENTES;Corrientes;0,180;07/07/2025
14243;TOMATE CHERRY;TOMATE CHERRY;Tomate Cherry;tomate_especifico;Corrientes;CORRIENTES;Corrientes;0,050;07/07/2025
14267;TOMATE REDONDO;TOMATE REDONDO;Tomate Redondo;tomate_especifico;Corrientes;CORRIENTES;Corrientes;0,540;07/07/2025
14268;TOMATE PERITA;TOMATE PERITA;Tomate Perita;tomate_especifico;Corrientes;CORRIENTES;Corrientes;0,504;07/07/2025
14288;TOMATE REDONDO;TOMATE REDONDO;Tomate Redondo;tomate_especifico;Corrientes;CORRIENTES;Corrientes;0,360;07/07/2025
14289;TOMATE CHERRY;TOMATE CHERRY;Tomate Cherry;tomate_especifico;Corrientes;CORRIENTES;Corrientes;0,200;07/07/2025
14300;TOMATE PERITA;TOMATE PERITA;Tomate Perita;tomate_especifico;Corrientes;CORRIENTES;Corrientes;0,054;07/07/2025
14307;TOMATE REDONDO;TOMATE REDONDO;Tomate Redondo;tomate_especifico;Corrientes;CORRIENTES;Corrientes;0,540;07/07/2025
14308;TOMATE PERITA;TOMATE PERITA;Tomate Perita;tomate_especifico;Corrientes;CORRIENTES;Corrientes;0,360;07/07/2025
14309;TOMATE CHERRY;TOMATE CHERRY;Tomate Cherry;tomate_especifico;Corrientes;CORRIENTES;Corrientes;0,100;07/07/2025
14311;TOMATE PERITA;TOMATE PERITA;Tomate Perita;tomate_especifico;Corrientes;CORRIENTES;Corrientes;0,450;07/07/2025
14316;TOMATE REDONDO;TOMATE REDONDO;Tomate Redondo;tomate_especifico;Corrientes;CORRIENTES;Corrientes;2,700;07/07/2025
14322;TOMATE CHERRY;TOMATE CHERRY;Tomate Cherry;tomate_especifico;Corrientes;CORRIENTES;Corrientes;0,300;07/07/2025
14323;TOMATE PERITA;TOMATE PERITA;Tomate Perita;tomate_especifico;Salta;CORRIENTES;Corrientes;2,000;07/07/2025
14334;TOMATE PERITA;TOMATE PERITA;Tomate Perita;tomate_especifico;Corrientes;CORRIENTES;Corrientes;0,060;08/07/2025
14357;TOMATE REDONDO;TOMATE REDONDO;Tomate Redondo;tomate_especifico;Corrientes;CORRIENTES;Corrientes;0,090;08/07/2025
14363;TOMATE PERITA;TOMATE PERITA;Tomate Perita;tomate_especifico;Corrientes;CORRIENTES;Corrientes;0,100;08/07/2025
14369;TOMATE PERITA;TOMATE PERITA;Tomate Perita;tomate_especifico;Corrientes;CORRIENTES;Corrientes;0,200;08/07/2025
14397;TOMATE PERITA;TOMATE PERITA;Tomate Perita;tomate_especifico;Chaco;CORRIENTES;Corrientes;0,450;10/07/2025
14399;TOMATE PERITA;TOMATE PERITA;Tomate Perita;tomate_especifico;Jujuy;CORRIENTES;Corrientes;12,600;10/07/2025
14401;TOMATE CHERRY;TOMATE CHERRY;Tomate Cherry;tomate_especifico;Jujuy;CORRIENTES;Corrientes;0,180;10/07/2025
14440;TOMATE PERITA;TOMATE PERITA;Tomate Perita;tomate_especifico;Corrientes;CORRIENTES;Corrientes;0,600;10/07/2025
14481;TOMATE PERITA;TOMATE PERITA;Tomate Perita;tomate_especifico;Corrientes;CORRIENTES;Corrientes;0,180;10/07/2025
14498;TOMATE PERITA;TOMATE PERITA;Tomate Perita;tomate_especifico;Corrientes;CORRIENTES;Corrientes;0,216;10/07/2025
14500;TOMATE REDONDO;TOMATE REDONDO;Tomate Redondo;tomate_especifico;Corrientes;CORRIENTES;Corrientes;0,090;10/07/2025
14534;TOMATE PERITA;TOMATE PERITA;Tomate Perita;tomate_especifico;Corrientes;CORRIENTES;Corrientes;0,540;10/07/2025
14542;TOMATE PERITA;TOMATE PERITA;Tomate Perita;tomate_especifico;Jujuy;CORRIENTES;Corrientes;12,040;10/07/2025
14543;TOMATE REDONDO;TOMATE REDONDO;Tomate Redondo;tomate_especifico;Jujuy;CORRIENTES;Corrientes;8,020;10/07/2025
14546;TOMATE CHERRY;TOMATE CHERRY;Tomate Cherry;tomate_especifico;Jujuy;CORRIENTES;Corrientes;0,620;10/07/2025
14562;TOMATE PERITA;TOMATE PERITA;Tomate Perita;tomate_especifico;Corrientes;CORRIENTES;Corrientes;0,090;10/07/2025
14563;TOMATE REDONDO;TOMATE REDONDO;Tomate Redondo;tomate_especifico;Corrientes;CORRIENTES;Corrientes;0,360;10/07/2025
14570;TOMATE PERITA;TOMATE PERITA;Tomate Perita;tomate_especifico;Corrientes;CORRIENTES;Corrientes;0,270;10/07/2025
14575;TOMATE PERITA;TOMATE PERITA;Tomate Perita;tomate_especifico;Corrientes;CORRIENTES;Corrientes;0,180;10/07/2025
14578;TOMATE CHERRY;TOMATE CHERRY;Tomate Cherry;tomate_especifico;Corrientes;CORRIENTES;Corrientes;0,050;10/07/2025
14583;TOMATE REDONDO;TOMATE REDONDO;Tomate Redondo;tomate_especifico;Corrientes;CORRIENTES;Corrientes;0,324;10/07/2025
14584;TOMATE PERITA;TOMATE PERITA;Tomate Perita;tomate_especifico;Corrientes;CORRIENTES;Corrientes;0,360;10/07/2025
14594;TOMATE CHERRY;TOMATE CHERRY;Tomate Cherry;tomate_especifico;Corrientes;CORRIENTES;Corrientes;0,040;10/07/2025
14601;TOMATE REDONDO;TOMATE REDONDO;Tomate Redondo;tomate_especifico;Corrientes;CORRIENTES;Corrientes;1,260;10/07/2025
14622;TOMATE PERITA;TOMATE PERITA;Tomate Perita;tomate_especifico;Corrientes;CORRIENTES;Corrientes;0,720;10/07/2025
14630;TOMATE REDONDO;TOMATE REDONDO;Tomate Redondo;tomate_especifico;Corrientes;CORRIENTES;Corrientes;0,486;10/07/2025
14631;TOMATE CHERRY;TOMATE CHERRY;Tomate Cherry;tomate_especifico;Corrientes;CORRIENTES;Corrientes;0,100;10/07/2025
14635;TOMATE REDONDO;TOMATE REDONDO;Tomate Redondo;tomate_especifico;Corrientes;CORRIENTES;Corrientes;0,270;10/07/2025
14639;TOMATE CHERRY;TOMATE CHERRY;Tomate Cherry;tomate_especifico;Corrientes;CORRIENTES;Corrientes;0,300;10/07/2025
14641;TOMATE PERITA;TOMATE PERITA;Tomate Perita;tomate_especifico;Salta;CORRIENTES;Corrientes;1,600;10/07/2025
14656;TOMATE PERITA;TOMATE PERITA;Tomate Perita;tomate_especifico;Jujuy;CORRIENTES;Corrientes;5,000;10/07/2025
14668;TOMATE PERITA;TOMATE PERITA;Tomate Perita;tomate_especifico;Corrientes;CORRIENTES;Corrientes;0,126;11/07/2025
14690;TOMATE PERITA;TOMATE PERITA;Tomate Perita;tomate_especifico;Corrientes;CORRIENTES;Corrientes;0,900;11/07/2025
14695;TOMATE REDONDO;TOMATE REDONDO;Tomate Redondo;tomate_especifico;Corrientes;CORRIENTES;Corrientes;0,144;11/07/2025
14765;TOMATE REDONDO;TOMATE REDONDO;Tomate Redondo;tomate_especifico;Corrientes;CORRIENTES;Corrientes;0,420;14/07/2025
14766;TOMATE PERITA;TOMATE PERITA;Tomate Perita;tomate_especifico;Corrientes;CORRIENTES;Corrientes;0,375;14/07/2025
14782;TOMATE PERITA;TOMATE PERITA;Tomate Perita;tomate_especifico;Corrientes;CORRIENTES;Corrientes;1,440;14/07/2025
14785;TOMATE PERITA;TOMATE PERITA;Tomate Perita;tomate_especifico;Corrientes;CORRIENTES;Corrientes;0,540;14/07/2025
14790;TOMATE CHERRY;TOMATE CHERRY;Tomate Cherry;tomate_especifico;Corrientes;CORRIENTES;Corrientes;0,040;14/07/2025
14797;TOMATE REDONDO;TOMATE REDONDO;Tomate Redondo;tomate_especifico;Corrientes;CORRIENTES;Corrientes;1,260;14/07/2025
14798;TOMATE CHERRY;TOMATE CHERRY;Tomate Cherry;tomate_especifico;Corrientes;CORRIENTES;Corrientes;0,070;14/07/2025
14810;TOMATE PERITA;TOMATE PERITA;Tomate Perita;tomate_especifico;Corrientes;CORRIENTES;Corrientes;0,090;14/07/2025
14813;TOMATE PERITA;TOMATE PERITA;Tomate Perita;tomate_especifico;Corrientes;CORRIENTES;Corrientes;0,720;14/07/2025
14818;TOMATE PERITA;TOMATE PERITA;Tomate Perita;tomate_especifico;Corrientes;CORRIENTES;Corrientes;0,540;14/07/2025
14826;TOMATE PERITA;TOMATE PERITA;Tomate Perita;tomate_especifico;Corrientes;CORRIENTES;Corrientes;0,270;14/07/2025
14829;TOMATE PERITA;TOMATE PERITA;Tomate Perita;tomate_especifico;Corrientes;CORRIENTES;Corrientes;0,180;14/07/2025
14854;TOMATE REDONDO;TOMATE REDONDO;Tomate Redondo;tomate_especifico;Corrientes;CORRIENTES;Corrientes;0,162;14/07/2025
14855;TOMATE PERITA;TOMATE PERITA;Tomate Perita;tomate_especifico;Corrientes;CORRIENTES;Corrientes;0,108;14/07/2025
14862;TOMATE REDONDO;TOMATE REDONDO;Tomate Redondo;tomate_especifico;Corrientes;CORRIENTES;Corrientes;0,540;14/07/2025
14866;TOMATE REDONDO;TOMATE REDONDO;Tomate Redondo;tomate_especifico;Corrientes;CORRIENTES;Corrientes;0,360;14/07/2025
14881;TOMATE PERITA;TOMATE PERITA;Tomate Perita;tomate_especifico;Corrientes;CORRIENTES;Corrientes;0,360;14/07/2025
14887;TOMATE PERITA;TOMATE PERITA;Tomate Perita;tomate_especifico;Corrientes;CORRIENTES;Corrientes;0,180;14/07/2025
14900;TOMATE REDONDO;TOMATE REDONDO;Tomate Redondo;tomate_especifico;Corrientes;CORRIENTES;Corrientes;0,180;14/07/2025
14901;TOMATE PERITA;TOMATE PERITA;Tomate Perita;tomate_especifico;Corrientes;CORRIENTES;Corrientes;0,072;14/07/2025
14902;TOMATE CHERRY;TOMATE CHERRY;Tomate Cherry;tomate_especifico;Corrientes;CORRIENTES;Corrientes;0,040;14/07/2025
14914;TOMATE PERITA;TOMATE PERITA;Tomate Perita;tomate_especifico;Corrientes;CORRIENTES;Corrientes;0,360;14/07/2025
14915;TOMATE REDONDO;TOMATE REDONDO;Tomate Redondo;tomate_especifico;Corrientes;CORRIENTES;Corrientes;0,090;14/07/2025
14926;TOMATE PERITA;TOMATE PERITA;Tomate Perita;tomate_especifico;Corrientes;CORRIENTES;Corrientes;0,270;14/07/2025
14928;TOMATE REDONDO;TOMATE REDONDO;Tomate Redondo;tomate_especifico;Corrientes;CORRIENTES;Corrientes;0,630;14/07/2025
14931;TOMATE REDONDO;TOMATE REDONDO;Tomate Redondo;tomate_especifico;Corrientes;CORRIENTES;Corrientes;0,720;14/07/2025
14932;TOMATE PERITA;TOMATE PERITA;Tomate Perita;tomate_especifico;Corrientes;CORRIENTES;Corrientes;0,360;14/07/2025
14935;TOMATE PERITA;TOMATE PERITA;Tomate Perita;tomate_especifico;Corrientes;CORRIENTES;Corrientes;0,054;14/07/2025
14949;TOMATE CHERRY;TOMATE CHERRY;Tomate Cherry;tomate_especifico;Corrientes;CORRIENTES;Corrientes;0,025;14/07/2025
14957;TOMATE REDONDO;TOMATE REDONDO;Tomate Redondo;tomate_especifico;Corrientes;CORRIENTES;Corrientes;0,270;14/07/2025
14959;TOMATE PERITA;TOMATE PERITA;Tomate Perita;tomate_especifico;Corrientes;CORRIENTES;Corrientes;0,540;14/07/2025
14962;TOMATE REDONDO;TOMATE REDONDO;Tomate Redondo;tomate_especifico;Corrientes;CORRIENTES;Corrientes;1,620;14/07/2025
14964;TOMATE REDONDO;TOMATE REDONDO;Tomate Redondo;tomate_especifico;Corrientes;CORRIENTES;Corrientes;0,540;14/07/2025
14965;TOMATE PERITA;TOMATE PERITA;Tomate Perita;tomate_especifico;Corrientes;CORRIENTES;Corrientes;0,540;14/07/2025
14966;TOMATE REDONDO;TOMATE REDONDO;Tomate Redondo;tomate_especifico;Corrientes;CORRIENTES;Corrientes;0,090;14/07/2025
14980;TOMATE PERITA;TOMATE PERITA;Tomate Perita;tomate_especifico;Corrientes;CORRIENTES;Corrientes;5,400;14/07/2025
14985;TOMATE CHERRY;TOMATE CHERRY;Tomate Cherry;tomate_especifico;Corrientes;CORRIENTES;Corrientes;0,250;14/07/2025
14989;TOMATE CHERRY;TOMATE CHERRY;Tomate Cherry;tomate_especifico;Corrientes;CORRIENTES;Corrientes;0,030;14/07/2025
14991;TOMATE PERITA;TOMATE PERITA;Tomate Perita;tomate_especifico;Corrientes;CORRIENTES;Corrientes;0,540;14/07/2025
14996;TOMATE REDONDO;TOMATE REDONDO;Tomate Redondo;tomate_especifico;Corrientes;CORRIENTES;Corrientes;0,720;14/07/2025
14997;TOMATE CHERRY;TOMATE CHERRY;Tomate Cherry;tomate_especifico;Corrientes;CORRIENTES;Corrientes;0,060;14/07/2025
15023;TOMATE PERITA;TOMATE PERITA;Tomate Perita;tomate_especifico;Corrientes;CORRIENTES;Corrientes;0,200;15/07/2025
15026;TOMATE REDONDO;TOMATE REDONDO;Tomate Redondo;tomate_especifico;Corrientes;CORRIENTES;Corrientes;0,075;15/07/2025
15036;TOMATE REDONDO;TOMATE REDONDO;Tomate Redondo;tomate_especifico;Corrientes;CORRIENTES;Corrientes;0,300;15/07/2025
15037;TOMATE PERITA;TOMATE PERITA;Tomate Perita;tomate_especifico;Corrientes;CORRIENTES;Corrientes;0,105;15/07/2025
15047;TOMATE CHERRY;TOMATE CHERRY;Tomate Cherry;tomate_especifico;Corrientes;CORRIENTES;Corrientes;0,010;15/07/2025
15066;TOMATE PERITA;TOMATE PERITA;Tomate Perita;tomate_especifico;Jujuy;CORRIENTES;Corrientes;7,200;17/07/2025
15067;TOMATE REDONDO;TOMATE REDONDO;Tomate Redondo;tomate_especifico;Jujuy;CORRIENTES;Corrientes;0,900;17/07/2025
15099;TOMATE PERITA;TOMATE PERITA;Tomate Perita;tomate_especifico;Corrientes;CORRIENTES;Corrientes;0,720;17/07/2025
15103;TOMATE PERITA;TOMATE PERITA;Tomate Perita;tomate_especifico;Corrientes;CORRIENTES;Corrientes;0,540;17/07/2025
15107;TOMATE PERITA;TOMATE PERITA;Tomate Perita;tomate_especifico;Corrientes;CORRIENTES;Corrientes;1,260;17/07/2025
15111;TOMATE PERITA;TOMATE PERITA;Tomate Perita;tomate_especifico;Corrientes;CORRIENTES;Corrientes;0,180;17/07/2025
15119;TOMATE PERITA;TOMATE PERITA;Tomate Perita;tomate_especifico;Corrientes;CORRIENTES;Corrientes;0,216;17/07/2025
15121;TOMATE PERITA;TOMATE PERITA;Tomate Perita;tomate_especifico;Corrientes;CORRIENTES;Corrientes;0,180;17/07/2025
15128;TOMATE REDONDO;TOMATE REDONDO;Tomate Redondo;tomate_especifico;Corrientes;CORRIENTES;Corrientes;0,360;17/07/2025
15137;TOMATE PERITA;TOMATE PERITA;Tomate Perita;tomate_especifico;Corrientes;CORRIENTES;Corrientes;0,180;17/07/2025
15145;TOMATE REDONDO;TOMATE REDONDO;Tomate Redondo;tomate_especifico;Corrientes;CORRIENTES;Corrientes;0,450;17/07/2025
15147;TOMATE PERITA;TOMATE PERITA;Tomate Perita;tomate_especifico;Corrientes;CORRIENTES;Corrientes;1,260;17/07/2025
15159;TOMATE PERITA;TOMATE PERITA;Tomate Perita;tomate_especifico;Corrientes;CORRIENTES;Corrientes;1,260;17/07/2025
15160;TOMATE PERITA;TOMATE PERITA;Tomate Perita;tomate_especifico;Corrientes;CORRIENTES;Corrientes;0,720;17/07/2025
15165;TOMATE PERITA;TOMATE PERITA;Tomate Perita;tomate_especifico;Corrientes;CORRIENTES;Corrientes;0,144;17/07/2025
15169;TOMATE REDONDO;TOMATE REDONDO;Tomate Redondo;tomate_especifico;Corrientes;CORRIENTES;Corrientes;0,180;17/07/2025
15170;TOMATE PERITA;TOMATE PERITA;Tomate Perita;tomate_especifico;Corrientes;CORRIENTES;Corrientes;0,180;17/07/2025
15199;TOMATE PERITA;TOMATE PERITA;Tomate Perita;tomate_especifico;Corrientes;CORRIENTES;Corrientes;0,540;17/07/2025
15203;TOMATE PERITA;TOMATE PERITA;Tomate Perita;tomate_especifico;Corrientes;CORRIENTES;Corrientes;1,890;17/07/2025
15204;TOMATE REDONDO;TOMATE REDONDO;Tomate Redondo;tomate_especifico;Corrientes;CORRIENTES;Corrientes;0,360;17/07/2025
15207;TOMATE REDONDO;TOMATE REDONDO;Tomate Redondo;tomate_especifico;Corrientes;CORRIENTES;Corrientes;0,720;17/07/2025
15226;TOMATE PERITA;TOMATE PERITA;Tomate Perita;tomate_especifico;Corrientes;CORRIENTES;Corrientes;0,306;17/07/2025
15230;TOMATE PERITA;TOMATE PERITA;Tomate Perita;tomate_especifico;Corrientes;CORRIENTES;Corrientes;0,180;17/07/2025
15232;TOMATE PERITA;TOMATE PERITA;Tomate Perita;tomate_especifico;Corrientes;CORRIENTES;Corrientes;0,180;17/07/2025
15235;TOMATE CHERRY;TOMATE CHERRY;Tomate Cherry;tomate_especifico;Corrientes;CORRIENTES;Corrientes;0,080;17/07/2025
15241;TOMATE PERITA;TOMATE PERITA;Tomate Perita;tomate_especifico;Corrientes;CORRIENTES;Corrientes;0,360;17/07/2025
15243;TOMATE REDONDO;TOMATE REDONDO;Tomate Redondo;tomate_especifico;Corrientes;CORRIENTES;Corrientes;0,360;17/07/2025
15255;TOMATE REDONDO;TOMATE REDONDO;Tomate Redondo;tomate_especifico;Corrientes;CORRIENTES;Corrientes;1,260;17/07/2025
15258;TOMATE PERITA;TOMATE PERITA;Tomate Perita;tomate_especifico;Corrientes;CORRIENTES;Corrientes;0,360;17/07/2025
15269;TOMATE PERITA;TOMATE PERITA;Tomate Perita;tomate_especifico;Corrientes;CORRIENTES;Corrientes;1,800;17/07/2025
15271;TOMATE PERITA;TOMATE PERITA;Tomate Perita;tomate_especifico;Corrientes;CORRIENTES;Corrientes;0,180;17/07/2025
15273;TOMATE PERITA;TOMATE PERITA;Tomate Perita;tomate_especifico;Corrientes;CORRIENTES;Corrientes;0,270;17/07/2025
15276;TOMATE PERITA;TOMATE PERITA;Tomate Perita;tomate_especifico;Chaco;CORRIENTES;Corrientes;1,500;17/07/2025
15284;TOMATE REDONDO;TOMATE REDONDO;Tomate Redondo;tomate_especifico;Corrientes;CORRIENTES;Corrientes;0,504;17/07/2025
15285;TOMATE CHERRY;TOMATE CHERRY;Tomate Cherry;tomate_especifico;Corrientes;CORRIENTES;Corrientes;0,072;17/07/2025
15301;TOMATE PERITA;TOMATE PERITA;Tomate Perita;tomate_especifico;Jujuy;CORRIENTES;Corrientes;6,600;17/07/2025
15306;TOMATE PERITA;TOMATE PERITA;Tomate Perita;tomate_especifico;Corrientes;CORRIENTES;Corrientes;0,900;18/07/2025
15309;TOMATE REDONDO;TOMATE REDONDO;Tomate Redondo;tomate_especifico;Corrientes;CORRIENTES;Corrientes;0,324;18/07/2025
15310;TOMATE REDONDO;TOMATE REDONDO;Tomate Redondo;tomate_especifico;Corrientes;CORRIENTES;Corrientes;0,144;18/07/2025
15316;TOMATE REDONDO;TOMATE REDONDO;Tomate Redondo;tomate_especifico;Corrientes;CORRIENTES;Corrientes;0,180;18/07/2025
15355;TOMATE CHERRY;TOMATE CHERRY;Tomate Cherry;tomate_especifico;Corrientes;CORRIENTES;Corrientes;0,020;18/07/2025
15356;TOMATE PERITA;TOMATE PERITA;Tomate Perita;tomate_especifico;Corrientes;CORRIENTES;Corrientes;0,072;18/07/2025
15357;TOMATE REDONDO;TOMATE REDONDO;Tomate Redondo;tomate_especifico;Corrientes;CORRIENTES;Corrientes;0,180;18/07/2025
15370;TOMATE PERITA;TOMATE PERITA;Tomate Perita;tomate_especifico;Jujuy;CORRIENTES;Corrientes;27,015;21/07/2025
15376;TOMATE CHERRY;TOMATE CHERRY;Tomate Cherry;tomate_especifico;Jujuy;CORRIENTES;Corrientes;0,124;21/07/2025
15395;TOMATE REDONDO;TOMATE REDONDO;Tomate Redondo;tomate_especifico;Corrientes;CORRIENTES;Corrientes;3,000;21/07/2025
15427;TOMATE PERITA;TOMATE PERITA;Tomate Perita;tomate_especifico;Corrientes;CORRIENTES;Corrientes;1,440;21/07/2025
15430;TOMATE PERITA;TOMATE PERITA;Tomate Perita;tomate_especifico;Corrientes;CORRIENTES;Corrientes;0,540;21/07/2025
15435;TOMATE CHERRY;TOMATE CHERRY;Tomate Cherry;tomate_especifico;Corrientes;CORRIENTES;Corrientes;0,040;21/07/2025
15442;TOMATE REDONDO;TOMATE REDONDO;Tomate Redondo;tomate_especifico;Corrientes;CORRIENTES;Corrientes;1,260;21/07/2025
15443;TOMATE CHERRY;TOMATE CHERRY;Tomate Cherry;tomate_especifico;Corrientes;CORRIENTES;Corrientes;0,070;21/07/2025
15455;TOMATE PERITA;TOMATE PERITA;Tomate Perita;tomate_especifico;Corrientes;CORRIENTES;Corrientes;0,090;21/07/2025
15458;TOMATE PERITA;TOMATE PERITA;Tomate Perita;tomate_especifico;Corrientes;CORRIENTES;Corrientes;0,720;21/07/2025
15463;TOMATE PERITA;TOMATE PERITA;Tomate Perita;tomate_especifico;Corrientes;CORRIENTES;Corrientes;0,540;21/07/2025
15471;TOMATE PERITA;TOMATE PERITA;Tomate Perita;tomate_especifico;Corrientes;CORRIENTES;Corrientes;0,270;21/07/2025
15474;TOMATE PERITA;TOMATE PERITA;Tomate Perita;tomate_especifico;Corrientes;CORRIENTES;Corrientes;0,180;21/07/2025
15499;TOMATE REDONDO;TOMATE REDONDO;Tomate Redondo;tomate_especifico;Corrientes;CORRIENTES;Corrientes;0,162;21/07/2025
15500;TOMATE PERITA;TOMATE PERITA;Tomate Perita;tomate_especifico;Corrientes;CORRIENTES;Corrientes;0,108;21/07/2025
15507;TOMATE REDONDO;TOMATE REDONDO;Tomate Redondo;tomate_especifico;Corrientes;CORRIENTES;Corrientes;0,540;21/07/2025
15511;TOMATE REDONDO;TOMATE REDONDO;Tomate Redondo;tomate_especifico;Corrientes;CORRIENTES;Corrientes;0,360;21/07/2025
15526;TOMATE PERITA;TOMATE PERITA;Tomate Perita;tomate_especifico;Corrientes;CORRIENTES;Corrientes;0,360;21/07/2025
15532;TOMATE PERITA;TOMATE PERITA;Tomate Perita;tomate_especifico;Corrientes;CORRIENTES;Corrientes;0,180;21/07/2025
15545;TOMATE REDONDO;TOMATE REDONDO;Tomate Redondo;tomate_especifico;Corrientes;CORRIENTES;Corrientes;0,180;21/07/2025
15546;TOMATE PERITA;TOMATE PERITA;Tomate Perita;tomate_especifico;Corrientes;CORRIENTES;Corrientes;0,072;21/07/2025
15547;TOMATE CHERRY;TOMATE CHERRY;Tomate Cherry;tomate_especifico;Corrientes;CORRIENTES;Corrientes;0,040;21/07/2025
15559;TOMATE PERITA;TOMATE PERITA;Tomate Perita;tomate_especifico;Corrientes;CORRIENTES;Corrientes;0,360;21/07/2025
15560;TOMATE REDONDO;TOMATE REDONDO;Tomate Redondo;tomate_especifico;Corrientes;CORRIENTES;Corrientes;0,090;21/07/2025
15571;TOMATE PERITA;TOMATE PERITA;Tomate Perita;tomate_especifico;Corrientes;CORRIENTES;Corrientes;0,270;21/07/2025
15573;TOMATE REDONDO;TOMATE REDONDO;Tomate Redondo;tomate_especifico;Corrientes;CORRIENTES;Corrientes;0,630;21/07/2025
15576;TOMATE REDONDO;TOMATE REDONDO;Tomate Redondo;tomate_especifico;Corrientes;CORRIENTES;Corrientes;0,720;21/07/2025
15577;TOMATE PERITA;TOMATE PERITA;Tomate Perita;tomate_especifico;Corrientes;CORRIENTES;Corrientes;0,360;21/07/2025
15580;TOMATE PERITA;TOMATE PERITA;Tomate Perita;tomate_especifico;Corrientes;CORRIENTES;Corrientes;0,054;21/07/2025
15594;TOMATE CHERRY;TOMATE CHERRY;Tomate Cherry;tomate_especifico;Corrientes;CORRIENTES;Corrientes;0,025;21/07/2025
15602;TOMATE REDONDO;TOMATE REDONDO;Tomate Redondo;tomate_especifico;Corrientes;CORRIENTES;Corrientes;0,270;21/07/2025
15604;TOMATE PERITA;TOMATE PERITA;Tomate Perita;tomate_especifico;Corrientes;CORRIENTES;Corrientes;0,540;21/07/2025
15607;TOMATE REDONDO;TOMATE REDONDO;Tomate Redondo;tomate_especifico;Corrientes;CORRIENTES;Corrientes;1,620;21/07/2025
15609;TOMATE REDONDO;TOMATE REDONDO;Tomate Redondo;tomate_especifico;Corrientes;CORRIENTES;Corrientes;0,540;21/07/2025
15610;TOMATE PERITA;TOMATE PERITA;Tomate Perita;tomate_especifico;Corrientes;CORRIENTES;Corrientes;0,540;21/07/2025
15611;TOMATE REDONDO;TOMATE REDONDO;Tomate Redondo;tomate_especifico;Corrientes;CORRIENTES;Corrientes;0,090;21/07/2025
15625;TOMATE PERITA;TOMATE PERITA;Tomate Perita;tomate_especifico;Corrientes;CORRIENTES;Corrientes;5,400;21/07/2025
15630;TOMATE CHERRY;TOMATE CHERRY;Tomate Cherry;tomate_especifico;Corrientes;CORRIENTES;Corrientes;0,250;21/07/2025
15634;TOMATE CHERRY;TOMATE CHERRY;Tomate Cherry;tomate_especifico;Corrientes;CORRIENTES;Corrientes;0,030;21/07/2025
15636;TOMATE PERITA;TOMATE PERITA;Tomate Perita;tomate_especifico;Corrientes;CORRIENTES;Corrientes;0,540;21/07/2025
15641;TOMATE PERITA;TOMATE PERITA;Tomate Perita;tomate_especifico;Corrientes;CORRIENTES;Corrientes;0,900;22/07/2025
15644;TOMATE REDONDO;TOMATE REDONDO;Tomate Redondo;tomate_especifico;Corrientes;CORRIENTES;Corrientes;0,324;22/07/2025
15645;TOMATE REDONDO;TOMATE REDONDO;Tomate Redondo;tomate_especifico;Corrientes;CORRIENTES;Corrientes;0,144;22/07/2025
15651;TOMATE REDONDO;TOMATE REDONDO;Tomate Redondo;tomate_especifico;Corrientes;CORRIENTES;Corrientes;0,180;22/07/2025
15690;TOMATE CHERRY;TOMATE CHERRY;Tomate Cherry;tomate_especifico;Corrientes;CORRIENTES;Corrientes;0,020;22/07/2025
15691;TOMATE PERITA;TOMATE PERITA;Tomate Perita;tomate_especifico;Corrientes;CORRIENTES;Corrientes;0,072;22/07/2025
15692;TOMATE REDONDO;TOMATE REDONDO;Tomate Redondo;tomate_especifico;Corrientes;CORRIENTES;Corrientes;0,180;22/07/2025
15709;TOMATE PERITA;TOMATE PERITA;Tomate Perita;tomate_especifico;Corrientes;CORRIENTES;Corrientes;0,720;23/07/2025
15713;TOMATE PERITA;TOMATE PERITA;Tomate Perita;tomate_especifico;Corrientes;CORRIENTES;Corrientes;0,540;23/07/2025
15717;TOMATE PERITA;TOMATE PERITA;Tomate Perita;tomate_especifico;Corrientes;CORRIENTES;Corrientes;1,260;23/07/2025
15721;TOMATE PERITA;TOMATE PERITA;Tomate Perita;tomate_especifico;Corrientes;CORRIENTES;Corrientes;0,180;23/07/2025
15741;TOMATE PERITA;TOMATE PERITA;Tomate Perita;tomate_especifico;Corrientes;CORRIENTES;Corrientes;1,440;24/07/2025
15744;TOMATE PERITA;TOMATE PERITA;Tomate Perita;tomate_especifico;Corrientes;CORRIENTES;Corrientes;0,540;24/07/2025
15749;TOMATE CHERRY;TOMATE CHERRY;Tomate Cherry;tomate_especifico;Corrientes;CORRIENTES;Corrientes;0,040;24/07/2025
15756;TOMATE REDONDO;TOMATE REDONDO;Tomate Redondo;tomate_especifico;Corrientes;CORRIENTES;Corrientes;1,260;24/07/2025
15757;TOMATE CHERRY;TOMATE CHERRY;Tomate Cherry;tomate_especifico;Corrientes;CORRIENTES;Corrientes;0,070;24/07/2025
15769;TOMATE PERITA;TOMATE PERITA;Tomate Perita;tomate_especifico;Corrientes;CORRIENTES;Corrientes;0,090;24/07/2025
15772;TOMATE PERITA;TOMATE PERITA;Tomate Perita;tomate_especifico;Corrientes;CORRIENTES;Corrientes;0,720;24/07/2025
15777;TOMATE PERITA;TOMATE PERITA;Tomate Perita;tomate_especifico;Corrientes;CORRIENTES;Corrientes;0,540;24/07/2025
15785;TOMATE PERITA;TOMATE PERITA;Tomate Perita;tomate_especifico;Corrientes;CORRIENTES;Corrientes;0,270;24/07/2025
15788;TOMATE PERITA;TOMATE PERITA;Tomate Perita;tomate_especifico;Corrientes;CORRIENTES;Corrientes;0,180;24/07/2025
15813;TOMATE REDONDO;TOMATE REDONDO;Tomate Redondo;tomate_especifico;Corrientes;CORRIENTES;Corrientes;0,162;24/07/2025
15814;TOMATE PERITA;TOMATE PERITA;Tomate Perita;tomate_especifico;Corrientes;CORRIENTES;Corrientes;0,108;24/07/2025
15821;TOMATE REDONDO;TOMATE REDONDO;Tomate Redondo;tomate_especifico;Corrientes;CORRIENTES;Corrientes;0,540;24/07/2025
15825;TOMATE REDONDO;TOMATE REDONDO;Tomate Redondo;tomate_especifico;Corrientes;CORRIENTES;Corrientes;0,360;24/07/2025
15840;TOMATE PERITA;TOMATE PERITA;Tomate Perita;tomate_especifico;Corrientes;CORRIENTES;Corrientes;0,360;24/07/2025
15846;TOMATE PERITA;TOMATE PERITA;Tomate Perita;tomate_especifico;Corrientes;CORRIENTES;Corrientes;0,180;24/07/2025
15859;TOMATE REDONDO;TOMATE REDONDO;Tomate Redondo;tomate_especifico;Corrientes;CORRIENTES;Corrientes;0,180;24/07/2025
15860;TOMATE PERITA;TOMATE PERITA;Tomate Perita;tomate_especifico;Corrientes;CORRIENTES;Corrientes;0,072;24/07/2025
15861;TOMATE CHERRY;TOMATE CHERRY;Tomate Cherry;tomate_especifico;Corrientes;CORRIENTES;Corrientes;0,040;24/07/2025
15873;TOMATE PERITA;TOMATE PERITA;Tomate Perita;tomate_especifico;Corrientes;CORRIENTES;Corrientes;0,360;24/07/2025
15874;TOMATE REDONDO;TOMATE REDONDO;Tomate Redondo;tomate_especifico;Corrientes;CORRIENTES;Corrientes;0,090;24/07/2025
15885;TOMATE PERITA;TOMATE PERITA;Tomate Perita;tomate_especifico;Corrientes;CORRIENTES;Corrientes;0,270;24/07/2025
15887;TOMATE REDONDO;TOMATE REDONDO;Tomate Redondo;tomate_especifico;Corrientes;CORRIENTES;Corrientes;0,630;24/07/2025
15890;TOMATE REDONDO;TOMATE REDONDO;Tomate Redondo;tomate_especifico;Corrientes;CORRIENTES;Corrientes;0,720;24/07/2025
15891;TOMATE PERITA;TOMATE PERITA;Tomate Perita;tomate_especifico;Corrientes;CORRIENTES;Corrientes;0,360;24/07/2025
15894;TOMATE PERITA;TOMATE PERITA;Tomate Perita;tomate_especifico;Corrientes;CORRIENTES;Corrientes;0,054;24/07/2025
15908;TOMATE CHERRY;TOMATE CHERRY;Tomate Cherry;tomate_especifico;Corrientes;CORRIENTES;Corrientes;0,025;24/07/2025
15916;TOMATE REDONDO;TOMATE REDONDO;Tomate Redondo;tomate_especifico;Corrientes;CORRIENTES;Corrientes;0,270;24/07/2025
15918;TOMATE PERITA;TOMATE PERITA;Tomate Perita;tomate_especifico;Corrientes;CORRIENTES;Corrientes;0,540;24/07/2025
15921;TOMATE REDONDO;TOMATE REDONDO;Tomate Redondo;tomate_especifico;Corrientes;CORRIENTES;Corrientes;1,620;24/07/2025
15923;TOMATE REDONDO;TOMATE REDONDO;Tomate Redondo;tomate_especifico;Corrientes;CORRIENTES;Corrientes;0,540;24/07/2025
15924;TOMATE PERITA;TOMATE PERITA;Tomate Perita;tomate_especifico;Corrientes;CORRIENTES;Corrientes;0,540;24/07/2025
15925;TOMATE REDONDO;TOMATE REDONDO;Tomate Redondo;tomate_especifico;Corrientes;CORRIENTES;Corrientes;0,090;24/07/2025
15939;TOMATE PERITA;TOMATE PERITA;Tomate Perita;tomate_especifico;Corrientes;CORRIENTES;Corrientes;5,400;24/07/2025
15944;TOMATE CHERRY;TOMATE CHERRY;Tomate Cherry;tomate_especifico;Corrientes;CORRIENTES;Corrientes;0,250;24/07/2025
15948;TOMATE CHERRY;TOMATE CHERRY;Tomate Cherry;tomate_especifico;Corrientes;CORRIENTES;Corrientes;0,030;24/07/2025
15950;TOMATE PERITA;TOMATE PERITA;Tomate Perita;tomate_especifico;Corrientes;CORRIENTES;Corrientes;0,540;24/07/2025
15955;TOMATE PERITA;TOMATE PERITA;Tomate Perita;tomate_especifico;Corrientes;CORRIENTES;Corrientes;0,900;24/07/2025
15958;TOMATE REDONDO;TOMATE REDONDO;Tomate Redondo;tomate_especifico;Corrientes;CORRIENTES;Corrientes;0,324;24/07/2025
15959;TOMATE REDONDO;TOMATE REDONDO;Tomate Redondo;tomate_especifico;Corrientes;CORRIENTES;Corrientes;0,144;24/07/2025
15965;TOMATE REDONDO;TOMATE REDONDO;Tomate Redondo;tomate_especifico;Corrientes;CORRIENTES;Corrientes;0,180;24/07/2025
15999;TOMATE REDONDO;TOMATE REDONDO;Tomate Redondo;tomate_especifico;Corrientes;CORRIENTES;Corrientes;3,000;24/07/2025
16023;TOMATE REDONDO;TOMATE REDONDO;Tomate Redondo;tomate_especifico;Corrientes;CORRIENTES;Corrientes;0,100;25/07/2025
16024;TOMATE PERITA;TOMATE PERITA;Tomate Perita;tomate_especifico;Corrientes;CORRIENTES;Corrientes;1,000;25/07/2025
16029;TOMATE REDONDO;TOMATE REDONDO;Tomate Redondo;tomate_especifico;Corrientes;CORRIENTES;Corrientes;0,180;25/07/2025
16037;TOMATE PERITA;TOMATE PERITA;Tomate Perita;tomate_especifico;Corrientes;CORRIENTES;Corrientes;0,450;25/07/2025
16043;TOMATE PERITA;TOMATE PERITA;Tomate Perita;tomate_especifico;Corrientes;CORRIENTES;Corrientes;0,270;25/07/2025
16053;TOMATE REDONDO;TOMATE REDONDO;Tomate Redondo;tomate_especifico;Corrientes;CORRIENTES;Corrientes;0,180;25/07/2025
16064;TOMATE PERITA;TOMATE PERITA;Tomate Perita;tomate_especifico;Corrientes;CORRIENTES;Corrientes;0,216;25/07/2025
16078;TOMATE PERITA;TOMATE PERITA;Tomate Perita;tomate_especifico;Corrientes;CORRIENTES;Corrientes;0,360;25/07/2025
16089;TOMATE REDONDO;TOMATE REDONDO;Tomate Redondo;tomate_especifico;Corrientes;CORRIENTES;Corrientes;0,180;25/07/2025
16091;TOMATE CHERRY;TOMATE CHERRY;Tomate Cherry;tomate_especifico;Corrientes;CORRIENTES;Corrientes;0,050;25/07/2025
16115;TOMATE REDONDO;TOMATE REDONDO;Tomate Redondo;tomate_especifico;Corrientes;CORRIENTES;Corrientes;0,540;25/07/2025
16116;TOMATE PERITA;TOMATE PERITA;Tomate Perita;tomate_especifico;Corrientes;CORRIENTES;Corrientes;0,504;25/07/2025
16136;TOMATE REDONDO;TOMATE REDONDO;Tomate Redondo;tomate_especifico;Corrientes;CORRIENTES;Corrientes;0,360;25/07/2025
16137;TOMATE CHERRY;TOMATE CHERRY;Tomate Cherry;tomate_especifico;Corrientes;CORRIENTES;Corrientes;0,200;25/07/2025
16148;TOMATE PERITA;TOMATE PERITA;Tomate Perita;tomate_especifico;Corrientes;CORRIENTES;Corrientes;0,054;25/07/2025
16157;TOMATE PERITA;TOMATE PERITA;Tomate Perita;tomate_especifico;Jujuy;CORRIENTES;Corrientes;40,020;28/07/2025
16158;TOMATE REDONDO;TOMATE REDONDO;Tomate Redondo;tomate_especifico;Jujuy;CORRIENTES;Corrientes;8,020;28/07/2025
16166;TOMATE PERITA;TOMATE PERITA;Tomate Perita;tomate_especifico;Corrientes;CORRIENTES;Corrientes;1,080;28/07/2025
16177;TOMATE PERITA;TOMATE PERITA;Tomate Perita;tomate_especifico;Corrientes;CORRIENTES;Corrientes;1,080;28/07/2025
16184;TOMATE PERITA;TOMATE PERITA;Tomate Perita;tomate_especifico;Corrientes;CORRIENTES;Corrientes;0,720;28/07/2025
16185;TOMATE REDONDO;TOMATE REDONDO;Tomate Redondo;tomate_especifico;Corrientes;CORRIENTES;Corrientes;0,360;28/07/2025
16206;TOMATE PERITA;TOMATE PERITA;Tomate Perita;tomate_especifico;Corrientes;CORRIENTES;Corrientes;0,540;28/07/2025
16216;TOMATE PERITA;TOMATE PERITA;Tomate Perita;tomate_especifico;Corrientes;CORRIENTES;Corrientes;0,090;28/07/2025
16236;TOMATE PERITA;TOMATE PERITA;Tomate Perita;tomate_especifico;Corrientes;CORRIENTES;Corrientes;0,252;28/07/2025
16240;TOMATE PERITA;TOMATE PERITA;Tomate Perita;tomate_especifico;Corrientes;CORRIENTES;Corrientes;0,252;28/07/2025
16249;TOMATE PERITA;TOMATE PERITA;Tomate Perita;tomate_especifico;Corrientes;CORRIENTES;Corrientes;1,656;28/07/2025
16253;TOMATE REDONDO;TOMATE REDONDO;Tomate Redondo;tomate_especifico;Corrientes;CORRIENTES;Corrientes;0,360;28/07/2025
16260;TOMATE PERITA;TOMATE PERITA;Tomate Perita;tomate_especifico;Corrientes;CORRIENTES;Corrientes;0,270;28/07/2025
16261;TOMATE REDONDO;TOMATE REDONDO;Tomate Redondo;tomate_especifico;Corrientes;CORRIENTES;Corrientes;0,270;28/07/2025
16268;TOMATE REDONDO;TOMATE REDONDO;Tomate Redondo;tomate_especifico;Corrientes;CORRIENTES;Corrientes;0,270;28/07/2025
16271;TOMATE PERITA;TOMATE PERITA;Tomate Perita;tomate_especifico;Corrientes;CORRIENTES;Corrientes;0,270;28/07/2025
16288;TOMATE PERITA;TOMATE PERITA;Tomate Perita;tomate_especifico;Corrientes;CORRIENTES;Corrientes;0,270;28/07/2025
16300;TOMATE PERITA;TOMATE PERITA;Tomate Perita;tomate_especifico;Corrientes;CORRIENTES;Corrientes;0,648;28/07/2025
16301;TOMATE REDONDO;TOMATE REDONDO;Tomate Redondo;tomate_especifico;Corrientes;CORRIENTES;Corrientes;0,450;28/07/2025
16304;TOMATE CHERRY;TOMATE CHERRY;Tomate Cherry;tomate_especifico;Corrientes;CORRIENTES;Corrientes;0,100;28/07/2025
16306;TOMATE PERITA;TOMATE PERITA;Tomate Perita;tomate_especifico;Corrientes;CORRIENTES;Corrientes;0,540;28/07/2025
16312;TOMATE PERITA;TOMATE PERITA;Tomate Perita;tomate_especifico;Corrientes;CORRIENTES;Corrientes;0,180;28/07/2025
16317;TOMATE PERITA;TOMATE PERITA;Tomate Perita;tomate_especifico;Corrientes;CORRIENTES;Corrientes;0,072;28/07/2025
16321;TOMATE PERITA;TOMATE PERITA;Tomate Perita;tomate_especifico;Corrientes;CORRIENTES;Corrientes;0,720;28/07/2025
16323;TOMATE PERITA;TOMATE PERITA;Tomate Perita;tomate_especifico;Corrientes;CORRIENTES;Corrientes;0,522;28/07/2025
16324;TOMATE REDONDO;TOMATE REDONDO;Tomate Redondo;tomate_especifico;Corrientes;CORRIENTES;Corrientes;0,684;28/07/2025
16342;TOMATE REDONDO;TOMATE REDONDO;Tomate Redondo;tomate_especifico;Corrientes;CORRIENTES;Corrientes;0,540;28/07/2025
16354;TOMATE REDONDO;TOMATE REDONDO;Tomate Redondo;tomate_especifico;Corrientes;CORRIENTES;Corrientes;1,764;28/07/2025
16366;TOMATE PERITA;TOMATE PERITA;Tomate Perita;tomate_especifico;Corrientes;CORRIENTES;Corrientes;1,800;28/07/2025
16369;TOMATE PERITA;TOMATE PERITA;Tomate Perita;tomate_especifico;Corrientes;CORRIENTES;Corrientes;0,360;28/07/2025
16382;TOMATE CHERRY;TOMATE CHERRY;Tomate Cherry;tomate_especifico;Corrientes;CORRIENTES;Corrientes;0,100;28/07/2025
16387;TOMATE REDONDO;TOMATE REDONDO;Tomate Redondo;tomate_especifico;Corrientes;CORRIENTES;Corrientes;0,540;28/07/2025
16388;TOMATE PERITA;TOMATE PERITA;Tomate Perita;tomate_especifico;Corrientes;CORRIENTES;Corrientes;1,200;28/07/2025
16389;TOMATE CHERRY;TOMATE CHERRY;Tomate Cherry;tomate_especifico;Corrientes;CORRIENTES;Corrientes;0,120;28/07/2025
16397;TOMATE REDONDO;TOMATE REDONDO;Tomate Redondo;tomate_especifico;Corrientes;CORRIENTES;Corrientes;2,700;28/07/2025
16400;TOMATE CHERRY;TOMATE CHERRY;Tomate Cherry;tomate_especifico;Corrientes;CORRIENTES;Corrientes;0,300;28/07/2025
16402;TOMATE PERITA;TOMATE PERITA;Tomate Perita;tomate_especifico;Corrientes;CORRIENTES;Corrientes;0,180;29/07/2025
16414;TOMATE REDONDO;TOMATE REDONDO;Tomate Redondo;tomate_especifico;Corrientes;CORRIENTES;Corrientes;0,270;29/07/2025
16423;TOMATE PERITA;TOMATE PERITA;Tomate Perita;tomate_especifico;Corrientes;CORRIENTES;Corrientes;0,162;29/07/2025
16434;TOMATE PERITA;TOMATE PERITA;Tomate Perita;tomate_especifico;Corrientes;CORRIENTES;Corrientes;0,216;29/07/2025
16441;TOMATE PERITA;TOMATE PERITA;Tomate Perita;tomate_especifico;Corrientes;CORRIENTES;Corrientes;0,180;29/07/2025
16442;TOMATE REDONDO;TOMATE REDONDO;Tomate Redondo;tomate_especifico;Corrientes;CORRIENTES;Corrientes;0,360;29/07/2025
16447;TOMATE REDONDO;TOMATE REDONDO;Tomate Redondo;tomate_especifico;Corrientes;CORRIENTES;Corrientes;0,234;29/07/2025
16474;TOMATE PERITA;TOMATE PERITA;Tomate Perita;tomate_especifico;Corrientes;CORRIENTES;Corrientes;0,360;30/07/2025
16485;TOMATE REDONDO;TOMATE REDONDO;Tomate Redondo;tomate_especifico;Corrientes;CORRIENTES;Corrientes;0,270;30/07/2025
16486;TOMATE PERITA;TOMATE PERITA;Tomate Perita;tomate_especifico;Corrientes;CORRIENTES;Corrientes;0,180;30/07/2025
16493;TOMATE REDONDO;TOMATE REDONDO;Tomate Redondo;tomate_especifico;Corrientes;CORRIENTES;Corrientes;0,720;30/07/2025
16498;TOMATE PERITA;TOMATE PERITA;Tomate Perita;tomate_especifico;Corrientes;CORRIENTES;Corrientes;0,468;30/07/2025
16524;TOMATE REDONDO;TOMATE REDONDO;Tomate Redondo;tomate_especifico;Corrientes;CORRIENTES;Corrientes;0,270;30/07/2025
16525;TOMATE CHERRY;TOMATE CHERRY;Tomate Cherry;tomate_especifico;Corrientes;CORRIENTES;Corrientes;0,040;30/07/2025
16527;TOMATE PERITA;TOMATE PERITA;Tomate Perita;tomate_especifico;Corrientes;CORRIENTES;Corrientes;0,198;30/07/2025
16528;TOMATE REDONDO;TOMATE REDONDO;Tomate Redondo;tomate_especifico;Corrientes;CORRIENTES;Corrientes;0,396;30/07/2025
16535;TOMATE PERITA;TOMATE PERITA;Tomate Perita;tomate_especifico;Corrientes;CORRIENTES;Corrientes;0,360;30/07/2025
16540;TOMATE PERITA;TOMATE PERITA;Tomate Perita;tomate_especifico;Corrientes;CORRIENTES;Corrientes;0,270;31/07/2025
16541;TOMATE REDONDO;TOMATE REDONDO;Tomate Redondo;tomate_especifico;Corrientes;CORRIENTES;Corrientes;0,270;31/07/2025
16566;TOMATE PERITA;TOMATE PERITA;Tomate Perita;tomate_especifico;Corrientes;CORRIENTES;Corrientes;0,900;31/07/2025
16583;TOMATE REDONDO;TOMATE REDONDO;Tomate Redondo;tomate_especifico;Corrientes;CORRIENTES;Corrientes;0,180;31/07/2025
16593;TOMATE REDONDO;TOMATE REDONDO;Tomate Redondo;tomate_especifico;Corrientes;CORRIENTES;Corrientes;0,360;31/07/2025
16596;TOMATE PERITA;TOMATE PERITA;Tomate Perita;tomate_especifico;Corrientes;CORRIENTES;Corrientes;0,270;31/07/2025
16597;TOMATE REDONDO;TOMATE REDONDO;Tomate Redondo;tomate_especifico;Corrientes;CORRIENTES;Corrientes;0,180;31/07/2025
16598;TOMATE REDONDO;TOMATE REDONDO;Tomate Redondo;tomate_especifico;Corrientes;CORRIENTES;Corrientes;0,324;31/07/2025
16602;TOMATE REDONDO;TOMATE REDONDO;Tomate Redondo;tomate_especifico;Corrientes;CORRIENTES;Corrientes;0,270;31/07/2025
16605;TOMATE PERITA;TOMATE PERITA;Tomate Perita;tomate_especifico;Corrientes;CORRIENTES;Corrientes;0,270;31/07/2025
16614;TOMATE REDONDO;TOMATE REDONDO;Tomate Redondo;tomate_especifico;Corrientes;CORRIENTES;Corrientes;0,450;31/07/2025
16626;TOMATE REDONDO;TOMATE REDONDO;Tomate Redondo;tomate_especifico;Corrientes;CORRIENTES;Corrientes;0,720;31/07/2025
16651;TOMATE PERITA;TOMATE PERITA;Tomate Perita;tomate_especifico;Corrientes;CORRIENTES;Corrientes;0,360;31/07/2025
16661;TOMATE PERITA;TOMATE PERITA;Tomate Perita;tomate_especifico;Corrientes;CORRIENTES;Corrientes;0,090;31/07/2025
16667;TOMATE REDONDO;TOMATE REDONDO;Tomate Redondo;tomate_especifico;Corrientes;CORRIENTES;Corrientes;0,810;31/07/2025
16669;TOMATE REDONDO;TOMATE REDONDO;Tomate Redondo;tomate_especifico;Corrientes;CORRIENTES;Corrientes;0,360;31/07/2025
16670;TOMATE PERITA;TOMATE PERITA;Tomate Perita;tomate_especifico;Corrientes;CORRIENTES;Corrientes;0,774;31/07/2025
16672;TOMATE REDONDO;TOMATE REDONDO;Tomate Redondo;tomate_especifico;Corrientes;CORRIENTES;Corrientes;0,270;31/07/2025
16688;TOMATE CHERRY;TOMATE CHERRY;Tomate Cherry;tomate_especifico;Corrientes;CORRIENTES;Corrientes;0,080;31/07/2025
16689;TOMATE PERITA;TOMATE PERITA;Tomate Perita;tomate_especifico;Corrientes;CORRIENTES;Corrientes;1,260;31/07/2025
16690;TOMATE REDONDO;TOMATE REDONDO;Tomate Redondo;tomate_especifico;Corrientes;CORRIENTES;Corrientes;1,080;31/07/2025
16702;TOMATE CHERRY;TOMATE CHERRY;Tomate Cherry;tomate_especifico;Corrientes;CORRIENTES;Corrientes;0,060;31/07/2025
16703;TOMATE REDONDO;TOMATE REDONDO;Tomate Redondo;tomate_especifico;Corrientes;CORRIENTES;Corrientes;0,360;31/07/2025
16723;TOMATE PERITA;TOMATE PERITA;Tomate Perita;tomate_especifico;Corrientes;CORRIENTES;Corrientes;0,360;31/07/2025
16728;TOMATE REDONDO;TOMATE REDONDO;Tomate Redondo;tomate_especifico;Corrientes;CORRIENTES;Corrientes;2,700;31/07/2025
16729;TOMATE CHERRY;TOMATE CHERRY;Tomate Cherry;tomate_especifico;Corrientes;CORRIENTES;Corrientes;0,100;31/07/2025
16749;TOMATE CHERRY;TOMATE CHERRY;Tomate Cherry;tomate_especifico;Corrientes;CORRIENTES;Corrientes;0,020;31/07/2025
16751;TOMATE REDONDO;TOMATE REDONDO;Tomate Redondo;tomate_especifico;Corrientes;CORRIENTES;Corrientes;0,720;31/07/2025
16757;TOMATE REDONDO;TOMATE REDONDO;Tomate Redondo;tomate_especifico;Corrientes;CORRIENTES;Corrientes;2,700;31/07/2025
16759;TOMATE CHERRY;TOMATE CHERRY;Tomate Cherry;tomate_especifico;Corrientes;CORRIENTES;Corrientes;0,300;31/07/2025
16763;TOMATE REDONDO;TOMATE REDONDO;Tomate Redondo;tomate_especifico;Corrientes;CORRIENTES;Corrientes;0,720;31/07/2025
16764;TOMATE PERITA;TOMATE PERITA;Tomate Perita;tomate_especifico;Corrientes;CORRIENTES;Corrientes;0,540;31/07/2025
16765;TOMATE CHERRY;TOMATE CHERRY;Tomate Cherry;tomate_especifico;Corrientes;CORRIENTES;Corrientes;0,120;31/07/2025
16777;TOMATE PERITA;TOMATE PERITA;Tomate Perita;tomate_especifico;Jujuy;CORRIENTES;Corrientes;2,000;31/07/2025
16778;TOMATE REDONDO;TOMATE REDONDO;Tomate Redondo;tomate_especifico;Jujuy;CORRIENTES;Corrientes;24,000;31/07/2025
16843;TOMATE PERITA;TOMATE PERITA;Tomate Perita;tomate_especifico;Corrientes;CORRIENTES;Corrientes;0,180;01/08/2025
16847;TOMATE REDONDO;TOMATE REDONDO;Tomate Redondo;tomate_especifico;Corrientes;CORRIENTES;Corrientes;0,360;01/08/2025
16861;TOMATE PERITA;TOMATE PERITA;Tomate Perita;tomate_especifico;Corrientes;CORRIENTES;Corrientes;0,630;01/08/2025
16867;TOMATE REDONDO;TOMATE REDONDO;Tomate Redondo;tomate_especifico;Corrientes;CORRIENTES;Corrientes;0,180;01/08/2025
16874;TOMATE PERITA;TOMATE PERITA;Tomate Perita;tomate_especifico;Corrientes;CORRIENTES;Corrientes;0,270;01/08/2025
16881;TOMATE REDONDO;TOMATE REDONDO;Tomate Redondo;tomate_especifico;Corrientes;CORRIENTES;Corrientes;0,900;04/08/2025
16898;TOMATE REDONDO;TOMATE REDONDO;Tomate Redondo;tomate_especifico;Corrientes;CORRIENTES;Corrientes;0,720;04/08/2025
16899;TOMATE PERITA;TOMATE PERITA;Tomate Perita;tomate_especifico;Corrientes;CORRIENTES;Corrientes;1,080;04/08/2025
16923;TOMATE PERITA;TOMATE PERITA;Tomate Perita;tomate_especifico;Corrientes;CORRIENTES;Corrientes;0,540;04/08/2025
16929;TOMATE PERITA;TOMATE PERITA;Tomate Perita;tomate_especifico;Corrientes;CORRIENTES;Corrientes;0,180;04/08/2025
16930;TOMATE REDONDO;TOMATE REDONDO;Tomate Redondo;tomate_especifico;Corrientes;CORRIENTES;Corrientes;0,180;04/08/2025
16932;TOMATE PERITA;TOMATE PERITA;Tomate Perita;tomate_especifico;Corrientes;CORRIENTES;Corrientes;0,306;04/08/2025
16938;TOMATE REDONDO;TOMATE REDONDO;Tomate Redondo;tomate_especifico;Corrientes;CORRIENTES;Corrientes;0,360;04/08/2025
16940;TOMATE PERITA;TOMATE PERITA;Tomate Perita;tomate_especifico;Corrientes;CORRIENTES;Corrientes;0,360;04/08/2025
16953;TOMATE REDONDO;TOMATE REDONDO;Tomate Redondo;tomate_especifico;Corrientes;CORRIENTES;Corrientes;0,378;04/08/2025
16956;TOMATE REDONDO;TOMATE REDONDO;Tomate Redondo;tomate_especifico;Corrientes;CORRIENTES;Corrientes;0,360;04/08/2025
16965;TOMATE REDONDO;TOMATE REDONDO;Tomate Redondo;tomate_especifico;Corrientes;CORRIENTES;Corrientes;0,720;04/08/2025
16968;TOMATE PERITA;TOMATE PERITA;Tomate Perita;tomate_especifico;Corrientes;CORRIENTES;Corrientes;0,540;04/08/2025
16978;TOMATE PERITA;TOMATE PERITA;Tomate Perita;tomate_especifico;Corrientes;CORRIENTES;Corrientes;0,180;04/08/2025
16979;TOMATE REDONDO;TOMATE REDONDO;Tomate Redondo;tomate_especifico;Corrientes;CORRIENTES;Corrientes;0,180;04/08/2025
16981;TOMATE PERITA;TOMATE PERITA;Tomate Perita;tomate_especifico;Corrientes;CORRIENTES;Corrientes;0,630;04/08/2025
16986;TOMATE REDONDO;TOMATE REDONDO;Tomate Redondo;tomate_especifico;Corrientes;CORRIENTES;Corrientes;2,700;04/08/2025
16995;TOMATE PERITA;TOMATE PERITA;Tomate Perita;tomate_especifico;Corrientes;CORRIENTES;Corrientes;0,450;04/08/2025
17001;TOMATE PERITA;TOMATE PERITA;Tomate Perita;tomate_especifico;Corrientes;CORRIENTES;Corrientes;1,620;04/08/2025
17031;TOMATE PERITA;TOMATE PERITA;Tomate Perita;tomate_especifico;Jujuy;CORRIENTES;Corrientes;2,000;04/08/2025
17032;TOMATE REDONDO;TOMATE REDONDO;Tomate Redondo;tomate_especifico;Jujuy;CORRIENTES;Corrientes;24,000;04/08/2025
17052;TOMATE REDONDO;TOMATE REDONDO;Tomate Redondo;tomate_especifico;Corrientes;CORRIENTES;Corrientes;0,270;05/08/2025
17055;TOMATE PERITA;TOMATE PERITA;Tomate Perita;tomate_especifico;Corrientes;CORRIENTES;Corrientes;0,144;05/08/2025
17074;TOMATE REDONDO;TOMATE REDONDO;Tomate Redondo;tomate_especifico;Corrientes;CORRIENTES;Corrientes;0,360;05/08/2025
17075;TOMATE CHERRY;TOMATE CHERRY;Tomate Cherry;tomate_especifico;Corrientes;CORRIENTES;Corrientes;0,040;05/08/2025
17080;TOMATE PERITA;TOMATE PERITA;Tomate Perita;tomate_especifico;Corrientes;CORRIENTES;Corrientes;0,450;05/08/2025
17094;TOMATE REDONDO;TOMATE REDONDO;Tomate Redondo;tomate_especifico;Corrientes;CORRIENTES;Corrientes;0,180;05/08/2025
17108;TOMATE CHERRY;TOMATE CHERRY;Tomate Cherry;tomate_especifico;Corrientes;CORRIENTES;Corrientes;0,050;06/08/2025
17110;TOMATE PERITA;TOMATE PERITA;Tomate Perita;tomate_especifico;Corrientes;CORRIENTES;Corrientes;0,216;06/08/2025
17118;TOMATE REDONDO;TOMATE REDONDO;Tomate Redondo;tomate_especifico;Corrientes;CORRIENTES;Corrientes;0,270;06/08/2025
17133;TOMATE PERITA;TOMATE PERITA;Tomate Perita;tomate_especifico;Corrientes;CORRIENTES;Corrientes;0,324;06/08/2025
17155;TOMATE REDONDO;TOMATE REDONDO;Tomate Redondo;tomate_especifico;Corrientes;CORRIENTES;Corrientes;0,450;06/08/2025
17156;TOMATE PERITA;TOMATE PERITA;Tomate Perita;tomate_especifico;Corrientes;CORRIENTES;Corrientes;0,270;06/08/2025
17158;TOMATE REDONDO;TOMATE REDONDO;Tomate Redondo;tomate_especifico;Corrientes;CORRIENTES;Corrientes;0,810;06/08/2025
17168;TOMATE REDONDO;TOMATE REDONDO;Tomate Redondo;tomate_especifico;Corrientes;CORRIENTES;Corrientes;0,504;06/08/2025
17176;TOMATE PERITA;TOMATE PERITA;Tomate Perita;tomate_especifico;Corrientes;CORRIENTES;Corrientes;0,540;06/08/2025
17187;TOMATE REDONDO;TOMATE REDONDO;Tomate Redondo;tomate_especifico;Corrientes;CORRIENTES;Corrientes;0,360;07/08/2025
17192;TOMATE REDONDO;TOMATE REDONDO;Tomate Redondo;tomate_especifico;Corrientes;CORRIENTES;Corrientes;0,900;07/08/2025
17193;TOMATE PERITA;TOMATE PERITA;Tomate Perita;tomate_especifico;Corrientes;CORRIENTES;Corrientes;0,720;07/08/2025
17201;TOMATE REDONDO;TOMATE REDONDO;Tomate Redondo;tomate_especifico;Corrientes;CORRIENTES;Corrientes;0,360;07/08/2025
17211;TOMATE REDONDO;TOMATE REDONDO;Tomate Redondo;tomate_especifico;Corrientes;CORRIENTES;Corrientes;0,540;07/08/2025
17213;TOMATE CHERRY;TOMATE CHERRY;Tomate Cherry;tomate_especifico;Corrientes;CORRIENTES;Corrientes;0,080;07/08/2025
17214;TOMATE PERITA;TOMATE PERITA;Tomate Perita;tomate_especifico;Corrientes;CORRIENTES;Corrientes;0,360;07/08/2025
17236;TOMATE REDONDO;TOMATE REDONDO;Tomate Redondo;tomate_especifico;Corrientes;CORRIENTES;Corrientes;0,540;07/08/2025
17241;TOMATE REDONDO;TOMATE REDONDO;Tomate Redondo;tomate_especifico;Corrientes;CORRIENTES;Corrientes;0,360;07/08/2025
17256;TOMATE PERITA;TOMATE PERITA;Tomate Perita;tomate_especifico;Corrientes;CORRIENTES;Corrientes;0,360;07/08/2025
17257;TOMATE REDONDO;TOMATE REDONDO;Tomate Redondo;tomate_especifico;Corrientes;CORRIENTES;Corrientes;0,180;07/08/2025
17268;TOMATE REDONDO;TOMATE REDONDO;Tomate Redondo;tomate_especifico;Corrientes;CORRIENTES;Corrientes;0,040;07/08/2025
17275;TOMATE REDONDO;TOMATE REDONDO;Tomate Redondo;tomate_especifico;Corrientes;CORRIENTES;Corrientes;0,270;07/08/2025
17284;TOMATE PERITA;TOMATE PERITA;Tomate Perita;tomate_especifico;Corrientes;CORRIENTES;Corrientes;2,250;07/08/2025
17287;TOMATE REDONDO;TOMATE REDONDO;Tomate Redondo;tomate_especifico;Corrientes;CORRIENTES;Corrientes;1,080;07/08/2025
17288;TOMATE REDONDO;TOMATE REDONDO;Tomate Redondo;tomate_especifico;Corrientes;CORRIENTES;Corrientes;1,170;07/08/2025
17290;TOMATE REDONDO;TOMATE REDONDO;Tomate Redondo;tomate_especifico;Corrientes;CORRIENTES;Corrientes;0,360;07/08/2025
17302;TOMATE REDONDO;TOMATE REDONDO;Tomate Redondo;tomate_especifico;Corrientes;CORRIENTES;Corrientes;0,540;07/08/2025
17304;TOMATE REDONDO;TOMATE REDONDO;Tomate Redondo;tomate_especifico;Corrientes;CORRIENTES;Corrientes;0,180;07/08/2025
17316;TOMATE PERITA;TOMATE PERITA;Tomate Perita;tomate_especifico;Corrientes;CORRIENTES;Corrientes;1,440;07/08/2025
17326;TOMATE REDONDO;TOMATE REDONDO;Tomate Redondo;tomate_especifico;Corrientes;CORRIENTES;Corrientes;0,540;07/08/2025
17332;TOMATE REDONDO;TOMATE REDONDO;Tomate Redondo;tomate_especifico;Corrientes;CORRIENTES;Corrientes;1,800;07/08/2025
17333;TOMATE PERITA;TOMATE PERITA;Tomate Perita;tomate_especifico;Corrientes;CORRIENTES;Corrientes;0,180;07/08/2025
17334;TOMATE CHERRY;TOMATE CHERRY;Tomate Cherry;tomate_especifico;Corrientes;CORRIENTES;Corrientes;0,100;07/08/2025
17339;TOMATE PERITA;TOMATE PERITA;Tomate Perita;tomate_especifico;Corrientes;CORRIENTES;Corrientes;0,360;07/08/2025
17341;TOMATE CHERRY;TOMATE CHERRY;Tomate Cherry;tomate_especifico;Corrientes;CORRIENTES;Corrientes;0,200;07/08/2025
17347;TOMATE CHERRY;TOMATE CHERRY;Tomate Cherry;tomate_especifico;Corrientes;CORRIENTES;Corrientes;0,050;07/08/2025
17350;TOMATE PERITA;TOMATE PERITA;Tomate Perita;tomate_especifico;Corrientes;CORRIENTES;Corrientes;1,530;07/08/2025
17351;TOMATE REDONDO;TOMATE REDONDO;Tomate Redondo;tomate_especifico;Corrientes;CORRIENTES;Corrientes;0,720;07/08/2025
17352;TOMATE CHERRY;TOMATE CHERRY;Tomate Cherry;tomate_especifico;Corrientes;CORRIENTES;Corrientes;0,060;07/08/2025
17356;TOMATE REDONDO;TOMATE REDONDO;Tomate Redondo;tomate_especifico;Corrientes;CORRIENTES;Corrientes;1,800;07/08/2025
17361;TOMATE CHERRY;TOMATE CHERRY;Tomate Cherry;tomate_especifico;Corrientes;CORRIENTES;Corrientes;0,300;07/08/2025
17375;TOMATE PERITA;TOMATE PERITA;Tomate Perita;tomate_especifico;Jujuy;CORRIENTES;Corrientes;5,000;07/08/2025
17381;TOMATE PERITA;TOMATE PERITA;Tomate Perita;tomate_especifico;Corrientes;CORRIENTES;Corrientes;0,270;08/08/2025
17386;TOMATE PERITA;TOMATE PERITA;Tomate Perita;tomate_especifico;Corrientes;CORRIENTES;Corrientes;0,180;08/08/2025
17387;TOMATE REDONDO;TOMATE REDONDO;Tomate Redondo;tomate_especifico;Corrientes;CORRIENTES;Corrientes;0,270;08/08/2025
17434;TOMATE PERITA;TOMATE PERITA;Tomate Perita;tomate_especifico;Salta;CORRIENTES;Corrientes;3,060;11/08/2025
17507;TOMATE REDONDO;TOMATE REDONDO;Tomate Redondo;tomate_especifico;Corrientes;CORRIENTES;Corrientes;1,260;11/08/2025
17514;TOMATE PERITA;TOMATE PERITA;Tomate Perita;tomate_especifico;Corrientes;CORRIENTES;Corrientes;1,980;11/08/2025
17519;TOMATE PERITA;TOMATE PERITA;Tomate Perita;tomate_especifico;Corrientes;CORRIENTES;Corrientes;1,080;11/08/2025
17520;TOMATE REDONDO;TOMATE REDONDO;Tomate Redondo;tomate_especifico;Corrientes;CORRIENTES;Corrientes;0,720;11/08/2025
17521;TOMATE CHERRY;TOMATE CHERRY;Tomate Cherry;tomate_especifico;Corrientes;CORRIENTES;Corrientes;0,045;11/08/2025
17534;TOMATE REDONDO;TOMATE REDONDO;Tomate Redondo;tomate_especifico;Corrientes;CORRIENTES;Corrientes;0,180;11/08/2025
17535;TOMATE REDONDO;TOMATE REDONDO;Tomate Redondo;tomate_especifico;Corrientes;CORRIENTES;Corrientes;0,270;11/08/2025
17539;TOMATE REDONDO;TOMATE REDONDO;Tomate Redondo;tomate_especifico;Corrientes;CORRIENTES;Corrientes;0,180;11/08/2025
17540;TOMATE PERITA;TOMATE PERITA;Tomate Perita;tomate_especifico;Corrientes;CORRIENTES;Corrientes;0,126;11/08/2025
17548;TOMATE PERITA;TOMATE PERITA;Tomate Perita;tomate_especifico;Corrientes;CORRIENTES;Corrientes;0,216;11/08/2025
17555;TOMATE REDONDO;TOMATE REDONDO;Tomate Redondo;tomate_especifico;Corrientes;CORRIENTES;Corrientes;0,360;11/08/2025
17557;TOMATE PERITA;TOMATE PERITA;Tomate Perita;tomate_especifico;Corrientes;CORRIENTES;Corrientes;0,360;11/08/2025
17569;TOMATE PERITA;TOMATE PERITA;Tomate Perita;tomate_especifico;Corrientes;CORRIENTES;Corrientes;0,630;11/08/2025
17572;TOMATE REDONDO;TOMATE REDONDO;Tomate Redondo;tomate_especifico;Corrientes;CORRIENTES;Corrientes;0,108;11/08/2025
17600;TOMATE REDONDO;TOMATE REDONDO;Tomate Redondo;tomate_especifico;Corrientes;CORRIENTES;Corrientes;0,630;11/08/2025
17601;TOMATE PERITA;TOMATE PERITA;Tomate Perita;tomate_especifico;Corrientes;CORRIENTES;Corrientes;0,324;11/08/2025
17602;TOMATE PERITA;TOMATE PERITA;Tomate Perita;tomate_especifico;Corrientes;CORRIENTES;Corrientes;0,216;11/08/2025
17611;TOMATE REDONDO;TOMATE REDONDO;Tomate Redondo;tomate_especifico;Corrientes;CORRIENTES;Corrientes;0,360;11/08/2025
17620;TOMATE PERITA;TOMATE PERITA;Tomate Perita;tomate_especifico;Corrientes;CORRIENTES;Corrientes;0,144;11/08/2025
17624;TOMATE REDONDO;TOMATE REDONDO;Tomate Redondo;tomate_especifico;Corrientes;CORRIENTES;Corrientes;0,540;11/08/2025
17635;TOMATE PERITA;TOMATE PERITA;Tomate Perita;tomate_especifico;Corrientes;CORRIENTES;Corrientes;0,270;11/08/2025
17639;TOMATE REDONDO;TOMATE REDONDO;Tomate Redondo;tomate_especifico;Corrientes;CORRIENTES;Corrientes;0,360;11/08/2025
17646;TOMATE PERITA;TOMATE PERITA;Tomate Perita;tomate_especifico;Corrientes;CORRIENTES;Corrientes;0,900;11/08/2025
17647;TOMATE REDONDO;TOMATE REDONDO;Tomate Redondo;tomate_especifico;Buenos Aires;CORRIENTES;Corrientes;0,450;11/08/2025
17648;TOMATE PERITA;TOMATE PERITA;Tomate Perita;tomate_especifico;Corrientes;CORRIENTES;Corrientes;0,540;11/08/2025
17655;TOMATE PERITA;TOMATE PERITA;Tomate Perita;tomate_especifico;Corrientes;CORRIENTES;Corrientes;0,522;11/08/2025
17664;TOMATE REDONDO;TOMATE REDONDO;Tomate Redondo;tomate_especifico;Corrientes;CORRIENTES;Corrientes;0,500;11/08/2025
17665;TOMATE CHERRY;TOMATE CHERRY;Tomate Cherry;tomate_especifico;Corrientes;CORRIENTES;Corrientes;0,050;11/08/2025
17674;TOMATE REDONDO;TOMATE REDONDO;Tomate Redondo;tomate_especifico;Corrientes;CORRIENTES;Corrientes;0,540;11/08/2025
17680;TOMATE CHERRY;TOMATE CHERRY;Tomate Cherry;tomate_especifico;Corrientes;CORRIENTES;Corrientes;0,050;11/08/2025
17689;TOMATE PERITA;TOMATE PERITA;Tomate Perita;tomate_especifico;Corrientes;CORRIENTES;Corrientes;0,360;11/08/2025
17697;TOMATE REDONDO;TOMATE REDONDO;Tomate Redondo;tomate_especifico;Corrientes;CORRIENTES;Corrientes;2,880;11/08/2025
17700;TOMATE CHERRY;TOMATE CHERRY;Tomate Cherry;tomate_especifico;Corrientes;CORRIENTES;Corrientes;0,200;11/08/2025
17706;TOMATE PERITA;TOMATE PERITA;Tomate Perita;tomate_especifico;Corrientes;CORRIENTES;Corrientes;1,800;11/08/2025
17711;TOMATE PERITA;TOMATE PERITA;Tomate Perita;tomate_especifico;Corrientes;CORRIENTES;Corrientes;0,450;11/08/2025
17712;TOMATE REDONDO;TOMATE REDONDO;Tomate Redondo;tomate_especifico;Corrientes;CORRIENTES;Corrientes;0,504;11/08/2025
17718;TOMATE REDONDO;TOMATE REDONDO;Tomate Redondo;tomate_especifico;Corrientes;CORRIENTES;Corrientes;0,360;11/08/2025
17733;TOMATE PERITA;TOMATE PERITA;Tomate Perita;tomate_especifico;Corrientes;CORRIENTES;Corrientes;0,900;11/08/2025
17734;TOMATE REDONDO;TOMATE REDONDO;Tomate Redondo;tomate_especifico;Corrientes;CORRIENTES;Corrientes;0,540;11/08/2025
17735;TOMATE CHERRY;TOMATE CHERRY;Tomate Cherry;tomate_especifico;Corrientes;CORRIENTES;Corrientes;0,060;11/08/2025
17738;TOMATE REDONDO;TOMATE REDONDO;Tomate Redondo;tomate_especifico;Corrientes;CORRIENTES;Corrientes;0,360;12/08/2025
17765;TOMATE REDONDO;TOMATE REDONDO;Tomate Redondo;tomate_especifico;Corrientes;CORRIENTES;Corrientes;0,360;12/08/2025
17768;TOMATE REDONDO;TOMATE REDONDO;Tomate Redondo;tomate_especifico;Corrientes;CORRIENTES;Corrientes;0,234;12/08/2025
17776;TOMATE PERITA;TOMATE PERITA;Tomate Perita;tomate_especifico;Corrientes;CORRIENTES;Corrientes;0,180;12/08/2025
17781;TOMATE PERITA;TOMATE PERITA;Tomate Perita;tomate_especifico;Corrientes;CORRIENTES;Corrientes;0,324;12/08/2025
17790;TOMATE PERITA;TOMATE PERITA;Tomate Perita;tomate_especifico;Corrientes;CORRIENTES;Corrientes;0,625;12/08/2025
17797;TOMATE PERITA;TOMATE PERITA;Tomate Perita;tomate_especifico;Corrientes;CORRIENTES;Corrientes;0,990;13/08/2025
17801;TOMATE REDONDO;TOMATE REDONDO;Tomate Redondo;tomate_especifico;Corrientes;CORRIENTES;Corrientes;0,630;13/08/2025
17808;TOMATE REDONDO;TOMATE REDONDO;Tomate Redondo;tomate_especifico;Corrientes;CORRIENTES;Corrientes;0,090;13/08/2025
17809;TOMATE REDONDO;TOMATE REDONDO;Tomate Redondo;tomate_especifico;Corrientes;CORRIENTES;Corrientes;0,270;13/08/2025
17850;TOMATE REDONDO;TOMATE REDONDO;Tomate Redondo;tomate_especifico;Corrientes;CORRIENTES;Corrientes;0,360;13/08/2025
17860;TOMATE PERITA;TOMATE PERITA;Tomate Perita;tomate_especifico;Corrientes;CORRIENTES;Corrientes;1,800;13/08/2025
17870;TOMATE REDONDO;TOMATE REDONDO;Tomate Redondo;tomate_especifico;Corrientes;CORRIENTES;Corrientes;0,450;13/08/2025
17871;TOMATE PERITA;TOMATE PERITA;Tomate Perita;tomate_especifico;Corrientes;CORRIENTES;Corrientes;1,206;13/08/2025
17872;TOMATE CHERRY;TOMATE CHERRY;Tomate Cherry;tomate_especifico;Corrientes;CORRIENTES;Corrientes;0,100;13/08/2025
17874;TOMATE PERITA;TOMATE PERITA;Tomate Perita;tomate_especifico;Salta;CORRIENTES;Corrientes;9,000;14/08/2025
17893;TOMATE REDONDO;TOMATE REDONDO;Tomate Redondo;tomate_especifico;Corrientes;CORRIENTES;Corrientes;1,800;14/08/2025
17894;TOMATE PERITA;TOMATE PERITA;Tomate Perita;tomate_especifico;Corrientes;CORRIENTES;Corrientes;1,440;14/08/2025
17916;TOMATE REDONDO;TOMATE REDONDO;Tomate Redondo;tomate_especifico;Corrientes;CORRIENTES;Corrientes;0,756;14/08/2025
17921;TOMATE PERITA;TOMATE PERITA;Tomate Perita;tomate_especifico;Corrientes;CORRIENTES;Corrientes;0,540;14/08/2025
17929;TOMATE PERITA;TOMATE PERITA;Tomate Perita;tomate_especifico;Corrientes;CORRIENTES;Corrientes;0,306;14/08/2025
17939;TOMATE REDONDO;TOMATE REDONDO;Tomate Redondo;tomate_especifico;Corrientes;CORRIENTES;Corrientes;0,360;14/08/2025
17946;TOMATE REDONDO;TOMATE REDONDO;Tomate Redondo;tomate_especifico;Corrientes;CORRIENTES;Corrientes;0,720;14/08/2025
17959;TOMATE REDONDO;TOMATE REDONDO;Tomate Redondo;tomate_especifico;Corrientes;CORRIENTES;Corrientes;0,270;14/08/2025
17968;TOMATE REDONDO;TOMATE REDONDO;Tomate Redondo;tomate_especifico;Corrientes;CORRIENTES;Corrientes;0,360;14/08/2025
17973;TOMATE PERITA;TOMATE PERITA;Tomate Perita;tomate_especifico;Corrientes;CORRIENTES;Corrientes;0,090;14/08/2025
17980;TOMATE PERITA;TOMATE PERITA;Tomate Perita;tomate_especifico;Corrientes;CORRIENTES;Corrientes;0,180;14/08/2025
17981;TOMATE REDONDO;TOMATE REDONDO;Tomate Redondo;tomate_especifico;Corrientes;CORRIENTES;Corrientes;0,180;14/08/2025
17993;TOMATE PERITA;TOMATE PERITA;Tomate Perita;tomate_especifico;Corrientes;CORRIENTES;Corrientes;0,702;18/08/2025
18001;TOMATE REDONDO;TOMATE REDONDO;Tomate Redondo;tomate_especifico;Corrientes;CORRIENTES;Corrientes;0,504;18/08/2025
18010;TOMATE PERITA;TOMATE PERITA;Tomate Perita;tomate_especifico;Corrientes;CORRIENTES;Corrientes;1,440;18/08/2025
18023;TOMATE REDONDO;TOMATE REDONDO;Tomate Redondo;tomate_especifico;Corrientes;CORRIENTES;Corrientes;2,700;18/08/2025
18028;TOMATE CHERRY;TOMATE CHERRY;Tomate Cherry;tomate_especifico;Corrientes;CORRIENTES;Corrientes;0,300;18/08/2025
18031;TOMATE REDONDO;TOMATE REDONDO;Tomate Redondo;tomate_especifico;Corrientes;CORRIENTES;Corrientes;0,540;18/08/2025
18032;TOMATE PERITA;TOMATE PERITA;Tomate Perita;tomate_especifico;Corrientes;CORRIENTES;Corrientes;1,170;18/08/2025
18033;TOMATE CHERRY;TOMATE CHERRY;Tomate Cherry;tomate_especifico;Corrientes;CORRIENTES;Corrientes;0,120;18/08/2025
18040;TOMATE PERITA;TOMATE PERITA;Tomate Perita;tomate_especifico;Corrientes;CORRIENTES;Corrientes;1,800;18/08/2025
18043;TOMATE REDONDO;TOMATE REDONDO;Tomate Redondo;tomate_especifico;Corrientes;CORRIENTES;Corrientes;0,360;18/08/2025
18046;TOMATE PERITA;TOMATE PERITA;Tomate Perita;tomate_especifico;Corrientes;CORRIENTES;Corrientes;0,360;18/08/2025
18057;TOMATE PERITA;TOMATE PERITA;Tomate Perita;tomate_especifico;Corrientes;CORRIENTES;Corrientes;0,630;18/08/2025
18062;TOMATE REDONDO;TOMATE REDONDO;Tomate Redondo;tomate_especifico;Corrientes;CORRIENTES;Corrientes;0,216;18/08/2025
18084;TOMATE REDONDO;TOMATE REDONDO;Tomate Redondo;tomate_especifico;Corrientes;CORRIENTES;Corrientes;0,360;18/08/2025
18088;TOMATE PERITA;TOMATE PERITA;Tomate Perita;tomate_especifico;Corrientes;CORRIENTES;Corrientes;1,080;18/08/2025
18099;TOMATE PERITA;TOMATE PERITA;Tomate Perita;tomate_especifico;Corrientes;CORRIENTES;Corrientes;0,126;18/08/2025
18105;TOMATE PERITA;TOMATE PERITA;Tomate Perita;tomate_especifico;Corrientes;CORRIENTES;Corrientes;0,180;18/08/2025
18106;TOMATE REDONDO;TOMATE REDONDO;Tomate Redondo;tomate_especifico;Corrientes;CORRIENTES;Corrientes;0,180;18/08/2025
18112;TOMATE REDONDO;TOMATE REDONDO;Tomate Redondo;tomate_especifico;Corrientes;CORRIENTES;Corrientes;0,360;18/08/2025
18116;TOMATE PERITA;TOMATE PERITA;Tomate Perita;tomate_especifico;Corrientes;CORRIENTES;Corrientes;0,360;18/08/2025
18123;TOMATE PERITA;TOMATE PERITA;Tomate Perita;tomate_especifico;Corrientes;CORRIENTES;Corrientes;0,360;18/08/2025
18139;TOMATE PERITA;TOMATE PERITA;Tomate Perita;tomate_especifico;Corrientes;CORRIENTES;Corrientes;0,360;18/08/2025
18147;TOMATE REDONDO;TOMATE REDONDO;Tomate Redondo;tomate_especifico;Corrientes;CORRIENTES;Corrientes;0,720;18/08/2025
18152;TOMATE REDONDO;TOMATE REDONDO;Tomate Redondo;tomate_especifico;Corrientes;CORRIENTES;Corrientes;0,360;18/08/2025
18159;TOMATE REDONDO;TOMATE REDONDO;Tomate Redondo;tomate_especifico;Corrientes;CORRIENTES;Corrientes;2,160;18/08/2025
18160;TOMATE PERITA;TOMATE PERITA;Tomate Perita;tomate_especifico;Corrientes;CORRIENTES;Corrientes;0,360;18/08/2025
18162;TOMATE REDONDO;TOMATE REDONDO;Tomate Redondo;tomate_especifico;Corrientes;CORRIENTES;Corrientes;0,270;18/08/2025
18173;TOMATE REDONDO;TOMATE REDONDO;Tomate Redondo;tomate_especifico;Corrientes;CORRIENTES;Corrientes;0,900;18/08/2025
18175;TOMATE PERITA;TOMATE PERITA;Tomate Perita;tomate_especifico;Corrientes;CORRIENTES;Corrientes;0,360;18/08/2025
18177;TOMATE REDONDO;TOMATE REDONDO;Tomate Redondo;tomate_especifico;Corrientes;CORRIENTES;Corrientes;1,602;18/08/2025
18178;TOMATE PERITA;TOMATE PERITA;Tomate Perita;tomate_especifico;Corrientes;CORRIENTES;Corrientes;0,144;18/08/2025
18185;TOMATE REDONDO;TOMATE REDONDO;Tomate Redondo;tomate_especifico;Corrientes;CORRIENTES;Corrientes;0,432;18/08/2025
18188;TOMATE REDONDO;TOMATE REDONDO;Tomate Redondo;tomate_especifico;Corrientes;CORRIENTES;Corrientes;0,792;18/08/2025
18193;TOMATE REDONDO;TOMATE REDONDO;Tomate Redondo;tomate_especifico;Corrientes;CORRIENTES;Corrientes;1,404;18/08/2025
18210;TOMATE CHERRY;TOMATE CHERRY;Tomate Cherry;tomate_especifico;Corrientes;CORRIENTES;Corrientes;0,050;18/08/2025
18212;TOMATE REDONDO;TOMATE REDONDO;Tomate Redondo;tomate_especifico;Corrientes;CORRIENTES;Corrientes;0,720;18/08/2025
18224;TOMATE PERITA;TOMATE PERITA;Tomate Perita;tomate_especifico;Corrientes;CORRIENTES;Corrientes;0,270;18/08/2025
18225;TOMATE REDONDO;TOMATE REDONDO;Tomate Redondo;tomate_especifico;Corrientes;CORRIENTES;Corrientes;0,450;18/08/2025
18228;TOMATE PERITA;TOMATE PERITA;Tomate Perita;tomate_especifico;Corrientes;CORRIENTES;Corrientes;0,360;18/08/2025
18229;TOMATE REDONDO;TOMATE REDONDO;Tomate Redondo;tomate_especifico;Corrientes;CORRIENTES;Corrientes;0,450;18/08/2025
18233;TOMATE REDONDO;TOMATE REDONDO;Tomate Redondo;tomate_especifico;Corrientes;CORRIENTES;Corrientes;0,126;18/08/2025
18235;TOMATE CHERRY;TOMATE CHERRY;Tomate Cherry;tomate_especifico;Corrientes;CORRIENTES;Corrientes;0,040;18/08/2025
18240;TOMATE CHERRY;TOMATE CHERRY;Tomate Cherry;tomate_especifico;Corrientes;CORRIENTES;Corrientes;0,050;18/08/2025
18252;TOMATE PERITA;TOMATE PERITA;Tomate Perita;tomate_especifico;Corrientes;CORRIENTES;Corrientes;0,180;19/08/2025
18255;TOMATE REDONDO;TOMATE REDONDO;Tomate Redondo;tomate_especifico;Corrientes;CORRIENTES;Corrientes;0,360;19/08/2025
18278;TOMATE REDONDO;TOMATE REDONDO;Tomate Redondo;tomate_especifico;Corrientes;CORRIENTES;Corrientes;0,360;19/08/2025
18317;TOMATE REDONDO;TOMATE REDONDO;Tomate Redondo;tomate_especifico;Corrientes;CORRIENTES;Corrientes;0,270;20/08/2025
18335;TOMATE REDONDO;TOMATE REDONDO;Tomate Redondo;tomate_especifico;Corrientes;CORRIENTES;Corrientes;0,900;20/08/2025
18336;TOMATE PERITA;TOMATE PERITA;Tomate Perita;tomate_especifico;Corrientes;CORRIENTES;Corrientes;0,450;20/08/2025
18347;TOMATE PERITA;TOMATE PERITA;Tomate Perita;tomate_especifico;Jujuy;CORRIENTES;Corrientes;1,800;21/08/2025
18348;TOMATE REDONDO;TOMATE REDONDO;Tomate Redondo;tomate_especifico;Jujuy;CORRIENTES;Corrientes;1,800;21/08/2025
18377;TOMATE REDONDO;TOMATE REDONDO;Tomate Redondo;tomate_especifico;Corrientes;CORRIENTES;Corrientes;0,600;21/08/2025
18378;TOMATE PERITA;TOMATE PERITA;Tomate Perita;tomate_especifico;Corrientes;CORRIENTES;Corrientes;0,600;21/08/2025
18388;TOMATE PERITA;TOMATE PERITA;Tomate Perita;tomate_especifico;Corrientes;CORRIENTES;Corrientes;0,630;21/08/2025
18395;TOMATE REDONDO;TOMATE REDONDO;Tomate Redondo;tomate_especifico;Corrientes;CORRIENTES;Corrientes;0,540;21/08/2025
18407;TOMATE REDONDO;TOMATE REDONDO;Tomate Redondo;tomate_especifico;Corrientes;CORRIENTES;Corrientes;0,270;21/08/2025
18415;TOMATE PERITA;TOMATE PERITA;Tomate Perita;tomate_especifico;Corrientes;CORRIENTES;Corrientes;0,180;21/08/2025
18418;TOMATE REDONDO;TOMATE REDONDO;Tomate Redondo;tomate_especifico;Corrientes;CORRIENTES;Corrientes;0,180;21/08/2025
18420;TOMATE REDONDO;TOMATE REDONDO;Tomate Redondo;tomate_especifico;Corrientes;CORRIENTES;Corrientes;0,540;21/08/2025
18428;TOMATE REDONDO;TOMATE REDONDO;Tomate Redondo;tomate_especifico;Corrientes;CORRIENTES;Corrientes;0,360;21/08/2025
18433;TOMATE PERITA;TOMATE PERITA;Tomate Perita;tomate_especifico;Corrientes;CORRIENTES;Corrientes;0,450;21/08/2025
18436;TOMATE PERITA;TOMATE PERITA;Tomate Perita;tomate_especifico;Corrientes;CORRIENTES;Corrientes;0,270;21/08/2025
18440;TOMATE REDONDO;TOMATE REDONDO;Tomate Redondo;tomate_especifico;Corrientes;CORRIENTES;Corrientes;0,108;21/08/2025
18459;TOMATE PERITA;TOMATE PERITA;Tomate Perita;tomate_especifico;Corrientes;CORRIENTES;Corrientes;1,890;21/08/2025
18462;TOMATE REDONDO;TOMATE REDONDO;Tomate Redondo;tomate_especifico;Corrientes;CORRIENTES;Corrientes;0,360;21/08/2025
18474;TOMATE PERITA;TOMATE PERITA;Tomate Perita;tomate_especifico;Corrientes;CORRIENTES;Corrientes;0,450;21/08/2025
18503;TOMATE REDONDO;TOMATE REDONDO;Tomate Redondo;tomate_especifico;Corrientes;CORRIENTES;Corrientes;0,900;21/08/2025
18507;TOMATE REDONDO;TOMATE REDONDO;Tomate Redondo;tomate_especifico;Corrientes;CORRIENTES;Corrientes;0,360;21/08/2025
18519;TOMATE CHERRY;TOMATE CHERRY;Tomate Cherry;tomate_especifico;Corrientes;CORRIENTES;Corrientes;0,060;21/08/2025
18521;TOMATE REDONDO;TOMATE REDONDO;Tomate Redondo;tomate_especifico;Corrientes;CORRIENTES;Corrientes;1,170;21/08/2025
18526;TOMATE REDONDO;TOMATE REDONDO;Tomate Redondo;tomate_especifico;Corrientes;CORRIENTES;Corrientes;0,126;21/08/2025
18531;TOMATE CHERRY;TOMATE CHERRY;Tomate Cherry;tomate_especifico;Corrientes;CORRIENTES;Corrientes;0,100;21/08/2025
18542;TOMATE CHERRY;TOMATE CHERRY;Tomate Cherry;tomate_especifico;Corrientes;CORRIENTES;Corrientes;0,040;21/08/2025
18547;TOMATE REDONDO;TOMATE REDONDO;Tomate Redondo;tomate_especifico;Corrientes;CORRIENTES;Corrientes;1,800;21/08/2025
18549;TOMATE PERITA;TOMATE PERITA;Tomate Perita;tomate_especifico;Jujuy;CORRIENTES;Corrientes;8,020;21/08/2025
18550;TOMATE REDONDO;TOMATE REDONDO;Tomate Redondo;tomate_especifico;Jujuy;CORRIENTES;Corrientes;10,020;21/08/2025
18553;TOMATE CHERRY;TOMATE CHERRY;Tomate Cherry;tomate_especifico;Jujuy;CORRIENTES;Corrientes;0,765;21/08/2025
18559;TOMATE REDONDO;TOMATE REDONDO;Tomate Redondo;tomate_especifico;Corrientes;CORRIENTES;Corrientes;0,100;21/08/2025
18560;TOMATE PERITA;TOMATE PERITA;Tomate Perita;tomate_especifico;Corrientes;CORRIENTES;Corrientes;0,900;21/08/2025
18566;TOMATE REDONDO;TOMATE REDONDO;Tomate Redondo;tomate_especifico;Corrientes;CORRIENTES;Corrientes;2,340;21/08/2025
18573;TOMATE REDONDO;TOMATE REDONDO;Tomate Redondo;tomate_especifico;Corrientes;CORRIENTES;Corrientes;0,450;22/08/2025
18574;TOMATE PERITA;TOMATE PERITA;Tomate Perita;tomate_especifico;Buenos Aires;CORRIENTES;Corrientes;1,170;22/08/2025
18576;TOMATE CHERRY;TOMATE CHERRY;Tomate Cherry;tomate_especifico;Corrientes;CORRIENTES;Corrientes;0,080;22/08/2025
18578;TOMATE PERITA;TOMATE PERITA;Tomate Perita;tomate_especifico;Corrientes;CORRIENTES;Corrientes;0,270;22/08/2025
18582;TOMATE PERITA;TOMATE PERITA;Tomate Perita;tomate_especifico;Corrientes;CORRIENTES;Corrientes;0,900;22/08/2025
18590;TOMATE PERITA;TOMATE PERITA;Tomate Perita;tomate_especifico;Corrientes;CORRIENTES;Corrientes;0,360;22/08/2025
18598;TOMATE PERITA;TOMATE PERITA;Tomate Perita;tomate_especifico;Salta;CORRIENTES;Corrientes;3,600;22/08/2025
18657;TOMATE REDONDO;TOMATE REDONDO;Tomate Redondo;tomate_especifico;Corrientes;CORRIENTES;Corrientes;0,360;25/08/2025
18662;TOMATE REDONDO;TOMATE REDONDO;Tomate Redondo;tomate_especifico;Corrientes;CORRIENTES;Corrientes;0,990;25/08/2025
18669;TOMATE PERITA;TOMATE PERITA;Tomate Perita;tomate_especifico;Corrientes;CORRIENTES;Corrientes;0,450;25/08/2025
18686;TOMATE PERITA;TOMATE PERITA;Tomate Perita;tomate_especifico;Corrientes;CORRIENTES;Corrientes;0,612;25/08/2025
18690;TOMATE PERITA;TOMATE PERITA;Tomate Perita;tomate_especifico;Corrientes;CORRIENTES;Corrientes;0,144;25/08/2025
18695;TOMATE PERITA;TOMATE PERITA;Tomate Perita;tomate_especifico;Corrientes;CORRIENTES;Corrientes;0,450;25/08/2025
18703;TOMATE PERITA;TOMATE PERITA;Tomate Perita;tomate_especifico;Corrientes;CORRIENTES;Corrientes;0,270;25/08/2025
18709;TOMATE REDONDO;TOMATE REDONDO;Tomate Redondo;tomate_especifico;Corrientes;CORRIENTES;Corrientes;0,270;25/08/2025
18711;TOMATE PERITA;TOMATE PERITA;Tomate Perita;tomate_especifico;Corrientes;CORRIENTES;Corrientes;0,540;25/08/2025
18717;TOMATE REDONDO;TOMATE REDONDO;Tomate Redondo;tomate_especifico;Corrientes;CORRIENTES;Corrientes;0,216;25/08/2025
18721;TOMATE REDONDO;TOMATE REDONDO;Tomate Redondo;tomate_especifico;Corrientes;CORRIENTES;Corrientes;0,360;25/08/2025
18724;TOMATE REDONDO;TOMATE REDONDO;Tomate Redondo;tomate_especifico;Corrientes;CORRIENTES;Corrientes;0,450;25/08/2025
18727;TOMATE REDONDO;TOMATE REDONDO;Tomate Redondo;tomate_especifico;Corrientes;CORRIENTES;Corrientes;0,270;25/08/2025
18735;TOMATE PERITA;TOMATE PERITA;Tomate Perita;tomate_especifico;Corrientes;CORRIENTES;Corrientes;0,360;25/08/2025
18740;TOMATE REDONDO;TOMATE REDONDO;Tomate Redondo;tomate_especifico;Corrientes;CORRIENTES;Corrientes;0,360;25/08/2025
18748;TOMATE PERITA;TOMATE PERITA;Tomate Perita;tomate_especifico;Corrientes;CORRIENTES;Corrientes;0,360;25/08/2025
18754;TOMATE REDONDO;TOMATE REDONDO;Tomate Redondo;tomate_especifico;Corrientes;CORRIENTES;Corrientes;0,090;25/08/2025
18758;TOMATE PERITA;TOMATE PERITA;Tomate Perita;tomate_especifico;Corrientes;CORRIENTES;Corrientes;0,360;25/08/2025
18765;TOMATE REDONDO;TOMATE REDONDO;Tomate Redondo;tomate_especifico;Corrientes;CORRIENTES;Corrientes;1,080;25/08/2025
18770;TOMATE CHERRY;TOMATE CHERRY;Tomate Cherry;tomate_especifico;Corrientes;CORRIENTES;Corrientes;0,050;25/08/2025
18775;TOMATE PERITA;TOMATE PERITA;Tomate Perita;tomate_especifico;Corrientes;CORRIENTES;Corrientes;1,350;25/08/2025
18776;TOMATE REDONDO;TOMATE REDONDO;Tomate Redondo;tomate_especifico;Corrientes;CORRIENTES;Corrientes;0,450;25/08/2025
18778;TOMATE CHERRY;TOMATE CHERRY;Tomate Cherry;tomate_especifico;Corrientes;CORRIENTES;Corrientes;0,040;25/08/2025
18793;TOMATE PERITA;TOMATE PERITA;Tomate Perita;tomate_especifico;Corrientes;CORRIENTES;Corrientes;0,180;25/08/2025
18819;TOMATE REDONDO;TOMATE REDONDO;Tomate Redondo;tomate_especifico;Corrientes;CORRIENTES;Corrientes;1,350;25/08/2025
18820;TOMATE PERITA;TOMATE PERITA;Tomate Perita;tomate_especifico;Corrientes;CORRIENTES;Corrientes;0,090;25/08/2025
18822;TOMATE REDONDO;TOMATE REDONDO;Tomate Redondo;tomate_especifico;Corrientes;CORRIENTES;Corrientes;0,180;25/08/2025
18838;TOMATE PERITA;TOMATE PERITA;Tomate Perita;tomate_especifico;Corrientes;CORRIENTES;Corrientes;0,270;25/08/2025
18840;TOMATE REDONDO;TOMATE REDONDO;Tomate Redondo;tomate_especifico;Corrientes;CORRIENTES;Corrientes;1,566;25/08/2025
18845;TOMATE PERITA;TOMATE PERITA;Tomate Perita;tomate_especifico;Corrientes;CORRIENTES;Corrientes;0,252;25/08/2025
18847;TOMATE REDONDO;TOMATE REDONDO;Tomate Redondo;tomate_especifico;Corrientes;CORRIENTES;Corrientes;0,360;25/08/2025
18853;TOMATE REDONDO;TOMATE REDONDO;Tomate Redondo;tomate_especifico;Corrientes;CORRIENTES;Corrientes;0,540;25/08/2025
18857;TOMATE CHERRY;TOMATE CHERRY;Tomate Cherry;tomate_especifico;Corrientes;CORRIENTES;Corrientes;0,100;25/08/2025
18871;TOMATE REDONDO;TOMATE REDONDO;Tomate Redondo;tomate_especifico;Corrientes;CORRIENTES;Corrientes;0,450;25/08/2025
18873;TOMATE REDONDO;TOMATE REDONDO;Tomate Redondo;tomate_especifico;Corrientes;CORRIENTES;Corrientes;0,360;25/08/2025
18874;TOMATE PERITA;TOMATE PERITA;Tomate Perita;tomate_especifico;Corrientes;CORRIENTES;Corrientes;0,234;25/08/2025
18880;TOMATE REDONDO;TOMATE REDONDO;Tomate Redondo;tomate_especifico;Corrientes;CORRIENTES;Corrientes;2,340;25/08/2025
18881;TOMATE CHERRY;TOMATE CHERRY;Tomate Cherry;tomate_especifico;Corrientes;CORRIENTES;Corrientes;0,400;25/08/2025
18892;TOMATE PERITA;TOMATE PERITA;Tomate Perita;tomate_especifico;Corrientes;CORRIENTES;Corrientes;0,270;28/08/2025
18896;TOMATE REDONDO;TOMATE REDONDO;Tomate Redondo;tomate_especifico;Corrientes;CORRIENTES;Corrientes;0,180;28/08/2025
18901;TOMATE REDONDO;TOMATE REDONDO;Tomate Redondo;tomate_especifico;Corrientes;CORRIENTES;Corrientes;0,090;28/08/2025
18910;TOMATE REDONDO;TOMATE REDONDO;Tomate Redondo;tomate_especifico;Corrientes;CORRIENTES;Corrientes;0,360;28/08/2025
18938;TOMATE REDONDO;TOMATE REDONDO;Tomate Redondo;tomate_especifico;Corrientes;CORRIENTES;Corrientes;0,180;28/08/2025
18946;TOMATE REDONDO;TOMATE REDONDO;Tomate Redondo;tomate_especifico;Corrientes;CORRIENTES;Corrientes;0,720;28/08/2025
18950;TOMATE PERITA;TOMATE PERITA;Tomate Perita;tomate_especifico;Corrientes;CORRIENTES;Corrientes;1,800;28/08/2025
18964;TOMATE PERITA;TOMATE PERITA;Tomate Perita;tomate_especifico;Corrientes;CORRIENTES;Corrientes;0,180;28/08/2025
18976;TOMATE REDONDO;TOMATE REDONDO;Tomate Redondo;tomate_especifico;Corrientes;CORRIENTES;Corrientes;0,540;28/08/2025
18990;TOMATE PERITA;TOMATE PERITA;Tomate Perita;tomate_especifico;Corrientes;CORRIENTES;Corrientes;0,630;28/08/2025
19003;TOMATE PERITA;TOMATE PERITA;Tomate Perita;tomate_especifico;Corrientes;CORRIENTES;Corrientes;0,270;28/08/2025
19012;TOMATE REDONDO;TOMATE REDONDO;Tomate Redondo;tomate_especifico;Corrientes;CORRIENTES;Corrientes;0,270;28/08/2025
19018;TOMATE REDONDO;TOMATE REDONDO;Tomate Redondo;tomate_especifico;Corrientes;CORRIENTES;Corrientes;0,306;28/08/2025
19024;TOMATE REDONDO;TOMATE REDONDO;Tomate Redondo;tomate_especifico;Corrientes;CORRIENTES;Corrientes;0,180;28/08/2025
19035;TOMATE REDONDO;TOMATE REDONDO;Tomate Redondo;tomate_especifico;Corrientes;CORRIENTES;Corrientes;0,090;28/08/2025
19037;TOMATE REDONDO;TOMATE REDONDO;Tomate Redondo;tomate_especifico;Corrientes;CORRIENTES;Corrientes;0,216;28/08/2025
19038;TOMATE REDONDO;TOMATE REDONDO;Tomate Redondo;tomate_especifico;Corrientes;CORRIENTES;Corrientes;0,270;28/08/2025
19042;TOMATE PERITA;TOMATE PERITA;Tomate Perita;tomate_especifico;Corrientes;CORRIENTES;Corrientes;0,324;28/08/2025
19045;TOMATE REDONDO;TOMATE REDONDO;Tomate Redondo;tomate_especifico;Corrientes;CORRIENTES;Corrientes;0,270;28/08/2025
19057;TOMATE PERITA;TOMATE PERITA;Tomate Perita;tomate_especifico;Corrientes;CORRIENTES;Corrientes;0,270;28/08/2025
19084;TOMATE PERITA;TOMATE PERITA;Tomate Perita;tomate_especifico;Jujuy;CORRIENTES;Corrientes;3,000;28/08/2025
19085;TOMATE REDONDO;TOMATE REDONDO;Tomate Redondo;tomate_especifico;Jujuy;CORRIENTES;Corrientes;0,300;28/08/2025
19098;TOMATE REDONDO;TOMATE REDONDO;Tomate Redondo;tomate_especifico;Salta;CORRIENTES;Corrientes;7,200;28/08/2025
19116;TOMATE PERITA;TOMATE PERITA;Tomate Perita;tomate_especifico;Jujuy;CORRIENTES;Corrientes;2,700;28/08/2025
19117;TOMATE REDONDO;TOMATE REDONDO;Tomate Redondo;tomate_especifico;Jujuy;CORRIENTES;Corrientes;3,636;28/08/2025
19120;TOMATE CHERRY;TOMATE CHERRY;Tomate Cherry;tomate_especifico;Jujuy;CORRIENTES;Corrientes;0,576;28/08/2025
19156;TOMATE PERITA;TOMATE PERITA;Tomate Perita;tomate_especifico;Corrientes;CORRIENTES;Corrientes;0,360;28/08/2025
19159;TOMATE REDONDO;TOMATE REDONDO;Tomate Redondo;tomate_especifico;Corrientes;CORRIENTES;Corrientes;0,540;28/08/2025
19170;TOMATE REDONDO;TOMATE REDONDO;Tomate Redondo;tomate_especifico;Corrientes;CORRIENTES;Corrientes;0,864;28/08/2025
19171;TOMATE PERITA;TOMATE PERITA;Tomate Perita;tomate_especifico;Corrientes;CORRIENTES;Corrientes;0,522;28/08/2025
19174;TOMATE CHERRY;TOMATE CHERRY;Tomate Cherry;tomate_especifico;Corrientes;CORRIENTES;Corrientes;0,020;28/08/2025
19178;TOMATE PERITA;TOMATE PERITA;Tomate Perita;tomate_especifico;Corrientes;CORRIENTES;Corrientes;0,270;29/08/2025
19185;TOMATE PERITA;TOMATE PERITA;Tomate Perita;tomate_especifico;Corrientes;CORRIENTES;Corrientes;0,360;29/08/2025
19190;TOMATE REDONDO;TOMATE REDONDO;Tomate Redondo;tomate_especifico;Corrientes;CORRIENTES;Corrientes;0,180;29/08/2025
19202;TOMATE PERITA;TOMATE PERITA;Tomate Perita;tomate_especifico;Corrientes;CORRIENTES;Corrientes;0,144;29/08/2025
19207;TOMATE PERITA;TOMATE PERITA;Tomate Perita;tomate_especifico;Corrientes;CORRIENTES;Corrientes;0,270;29/08/2025
19213;TOMATE REDONDO;TOMATE REDONDO;Tomate Redondo;tomate_especifico;Corrientes;CORRIENTES;Corrientes;0,108;29/08/2025
19218;TOMATE PERITA;TOMATE PERITA;Tomate Perita;tomate_especifico;Corrientes;CORRIENTES;Corrientes;0,450;29/08/2025
19228;TOMATE PERITA;TOMATE PERITA;Tomate Perita;tomate_especifico;Corrientes;CORRIENTES;Corrientes;0,162;29/08/2025
19229;TOMATE REDONDO;TOMATE REDONDO;Tomate Redondo;tomate_especifico;Corrientes;CORRIENTES;Corrientes;0,360;29/08/2025
19232;TOMATE PERITA;TOMATE PERITA;Tomate Perita;tomate_especifico;Corrientes;CORRIENTES;Corrientes;0,360;29/08/2025
19233;TOMATE REDONDO;TOMATE REDONDO;Tomate Redondo;tomate_especifico;Corrientes;CORRIENTES;Corrientes;0,108;29/08/2025
19237;TOMATE PERITA;TOMATE PERITA;Tomate Perita;tomate_especifico;Corrientes;CORRIENTES;Corrientes;0,270;29/08/2025
19243;TOMATE PERITA;TOMATE PERITA;Tomate Perita;tomate_especifico;Corrientes;CORRIENTES;Corrientes;0,270;29/08/2025
19246;TOMATE REDONDO;TOMATE REDONDO;Tomate Redondo;tomate_especifico;Corrientes;CORRIENTES;Corrientes;0,144;29/08/2025
19247;TOMATE PERITA;TOMATE PERITA;Tomate Perita;tomate_especifico;Corrientes;CORRIENTES;Corrientes;0,270;29/08/2025
19252;TOMATE PERITA;TOMATE PERITA;Tomate Perita;tomate_especifico;Corrientes;CORRIENTES;Corrientes;1,800;29/08/2025
19260;TOMATE REDONDO;TOMATE REDONDO;Tomate Redondo;tomate_especifico;Corrientes;CORRIENTES;Corrientes;0,270;29/08/2025
19266;TOMATE PERITA;TOMATE PERITA;Tomate Perita;tomate_especifico;Corrientes;CORRIENTES;Corrientes;0,360;01/09/2025
19295;TOMATE PERITA;TOMATE PERITA;Tomate Perita;tomate_especifico;Corrientes;CORRIENTES;Corrientes;0,180;01/09/2025
19301;TOMATE REDONDO;TOMATE REDONDO;Tomate Redondo;tomate_especifico;Corrientes;CORRIENTES;Corrientes;0,144;01/09/2025
19310;TOMATE REDONDO;TOMATE REDONDO;Tomate Redondo;tomate_especifico;Corrientes;CORRIENTES;Corrientes;0,270;01/09/2025
19321;TOMATE PERITA;TOMATE PERITA;Tomate Perita;tomate_especifico;Corrientes;CORRIENTES;Corrientes;0,270;01/09/2025
19323;TOMATE REDONDO;TOMATE REDONDO;Tomate Redondo;tomate_especifico;Corrientes;CORRIENTES;Corrientes;0,216;01/09/2025
19345;TOMATE PERITA;TOMATE PERITA;Tomate Perita;tomate_especifico;Corrientes;CORRIENTES;Corrientes;0,630;01/09/2025
19352;TOMATE PERITA;TOMATE PERITA;Tomate Perita;tomate_especifico;Corrientes;CORRIENTES;Corrientes;0,450;01/09/2025
19357;TOMATE PERITA;TOMATE PERITA;Tomate Perita;tomate_especifico;Corrientes;CORRIENTES;Corrientes;0,270;01/09/2025
19367;TOMATE PERITA;TOMATE PERITA;Tomate Perita;tomate_especifico;Corrientes;CORRIENTES;Corrientes;0,126;01/09/2025
19376;TOMATE PERITA;TOMATE PERITA;Tomate Perita;tomate_especifico;Corrientes;CORRIENTES;Corrientes;0,360;01/09/2025
19379;TOMATE REDONDO;TOMATE REDONDO;Tomate Redondo;tomate_especifico;Corrientes;CORRIENTES;Corrientes;0,270;01/09/2025
19386;TOMATE PERITA;TOMATE PERITA;Tomate Perita;tomate_especifico;Corrientes;CORRIENTES;Corrientes;0,540;01/09/2025
19390;TOMATE REDONDO;TOMATE REDONDO;Tomate Redondo;tomate_especifico;Corrientes;CORRIENTES;Corrientes;0,540;01/09/2025
19394;TOMATE REDONDO;TOMATE REDONDO;Tomate Redondo;tomate_especifico;Corrientes;CORRIENTES;Corrientes;1,710;01/09/2025
19397;TOMATE REDONDO;TOMATE REDONDO;Tomate Redondo;tomate_especifico;Corrientes;CORRIENTES;Corrientes;0,540;01/09/2025
19409;TOMATE REDONDO;TOMATE REDONDO;Tomate Redondo;tomate_especifico;Corrientes;CORRIENTES;Corrientes;0,360;01/09/2025
19414;TOMATE REDONDO;TOMATE REDONDO;Tomate Redondo;tomate_especifico;Corrientes;CORRIENTES;Corrientes;0,090;01/09/2025
19421;TOMATE REDONDO;TOMATE REDONDO;Tomate Redondo;tomate_especifico;Corrientes;CORRIENTES;Corrientes;1,980;01/09/2025
19424;TOMATE REDONDO;TOMATE REDONDO;Tomate Redondo;tomate_especifico;Corrientes;CORRIENTES;Corrientes;0,432;01/09/2025
19437;TOMATE CHERRY;TOMATE CHERRY;Tomate Cherry;tomate_especifico;Corrientes;CORRIENTES;Corrientes;0,060;01/09/2025
19441;TOMATE REDONDO;TOMATE REDONDO;Tomate Redondo;tomate_especifico;Corrientes;CORRIENTES;Corrientes;0,810;01/09/2025
19453;TOMATE REDONDO;TOMATE REDONDO;Tomate Redondo;tomate_especifico;Corrientes;CORRIENTES;Corrientes;0,270;01/09/2025
19462;TOMATE CHERRY;TOMATE CHERRY;Tomate Cherry;tomate_especifico;Corrientes;CORRIENTES;Corrientes;0,100;01/09/2025
19464;TOMATE PERITA;TOMATE PERITA;Tomate Perita;tomate_especifico;Corrientes;CORRIENTES;Corrientes;0,360;01/09/2025
19466;TOMATE PERITA;TOMATE PERITA;Tomate Perita;tomate_especifico;Corrientes;CORRIENTES;Corrientes;2,700;01/09/2025
19467;TOMATE CHERRY;TOMATE CHERRY;Tomate Cherry;tomate_especifico;Corrientes;CORRIENTES;Corrientes;0,100;01/09/2025
19475;TOMATE REDONDO;TOMATE REDONDO;Tomate Redondo;tomate_especifico;Corrientes;CORRIENTES;Corrientes;0,450;01/09/2025
19476;TOMATE CHERRY;TOMATE CHERRY;Tomate Cherry;tomate_especifico;Corrientes;CORRIENTES;Corrientes;0,080;01/09/2025
19492;TOMATE REDONDO;TOMATE REDONDO;Tomate Redondo;tomate_especifico;Jujuy;CORRIENTES;Corrientes;2,000;01/09/2025
19493;TOMATE PERITA;TOMATE PERITA;Tomate Perita;tomate_especifico;Jujuy;CORRIENTES;Corrientes;2,400;01/09/2025
19503;TOMATE REDONDO;TOMATE REDONDO;Tomate Redondo;tomate_especifico;Corrientes;CORRIENTES;Corrientes;0,180;02/09/2025
19504;TOMATE REDONDO;TOMATE REDONDO;Tomate Redondo;tomate_especifico;Corrientes;CORRIENTES;Corrientes;0,180;02/09/2025
19513;TOMATE PERITA;TOMATE PERITA;Tomate Perita;tomate_especifico;Corrientes;CORRIENTES;Corrientes;0,180;02/09/2025
19545;TOMATE PERITA;TOMATE PERITA;Tomate Perita;tomate_especifico;Corrientes;CORRIENTES;Corrientes;0,630;02/09/2025
19551;TOMATE PERITA;TOMATE PERITA;Tomate Perita;tomate_especifico;Corrientes;CORRIENTES;Corrientes;0,900;02/09/2025
19564;TOMATE REDONDO;TOMATE REDONDO;Tomate Redondo;tomate_especifico;Corrientes;CORRIENTES;Corrientes;0,900;03/09/2025
19565;TOMATE PERITA;TOMATE PERITA;Tomate Perita;tomate_especifico;Corrientes;CORRIENTES;Corrientes;0,900;03/09/2025
19568;TOMATE PERITA;TOMATE PERITA;Tomate Perita;tomate_especifico;Corrientes;CORRIENTES;Corrientes;0,360;03/09/2025
19576;TOMATE PERITA;TOMATE PERITA;Tomate Perita;tomate_especifico;Corrientes;CORRIENTES;Corrientes;0,144;03/09/2025
19600;TOMATE PERITA;TOMATE PERITA;Tomate Perita;tomate_especifico;Corrientes;CORRIENTES;Corrientes;0,360;03/09/2025
19605;TOMATE REDONDO;TOMATE REDONDO;Tomate Redondo;tomate_especifico;Corrientes;CORRIENTES;Corrientes;0,360;03/09/2025
19611;TOMATE REDONDO;TOMATE REDONDO;Tomate Redondo;tomate_especifico;Corrientes;CORRIENTES;Corrientes;0,054;03/09/2025
19626;TOMATE PERITA;TOMATE PERITA;Tomate Perita;tomate_especifico;Corrientes;CORRIENTES;Corrientes;0,720;03/09/2025
19628;TOMATE REDONDO;TOMATE REDONDO;Tomate Redondo;tomate_especifico;Corrientes;CORRIENTES;Corrientes;0,360;03/09/2025
19633;TOMATE REDONDO;TOMATE REDONDO;Tomate Redondo;tomate_especifico;Corrientes;CORRIENTES;Corrientes;0,504;03/09/2025
19639;TOMATE CHERRY;TOMATE CHERRY;Tomate Cherry;tomate_especifico;Corrientes;CORRIENTES;Corrientes;0,200;03/09/2025
19651;TOMATE REDONDO;TOMATE REDONDO;Tomate Redondo;tomate_especifico;Corrientes;CORRIENTES;Corrientes;0,540;03/09/2025
19656;TOMATE PERITA;TOMATE PERITA;Tomate Perita;tomate_especifico;Corrientes;CORRIENTES;Corrientes;0,270;04/09/2025
19681;TOMATE REDONDO;TOMATE REDONDO;Tomate Redondo;tomate_especifico;Corrientes;CORRIENTES;Corrientes;0,360;04/09/2025
19685;TOMATE PERITA;TOMATE PERITA;Tomate Perita;tomate_especifico;Corrientes;CORRIENTES;Corrientes;0,720;04/09/2025
19686;TOMATE REDONDO;TOMATE REDONDO;Tomate Redondo;tomate_especifico;Corrientes;CORRIENTES;Corrientes;0,054;04/09/2025
19689;TOMATE PERITA;TOMATE PERITA;Tomate Perita;tomate_especifico;Corrientes;CORRIENTES;Corrientes;0,270;04/09/2025
19699;TOMATE PERITA;TOMATE PERITA;Tomate Perita;tomate_especifico;Corrientes;CORRIENTES;Corrientes;0,180;04/09/2025
19735;TOMATE PERITA;TOMATE PERITA;Tomate Perita;tomate_especifico;Corrientes;CORRIENTES;Corrientes;0,180;04/09/2025
19740;TOMATE PERITA;TOMATE PERITA;Tomate Perita;tomate_especifico;Corrientes;CORRIENTES;Corrientes;1,800;04/09/2025
19750;TOMATE REDONDO;TOMATE REDONDO;Tomate Redondo;tomate_especifico;Corrientes;CORRIENTES;Corrientes;1,890;04/09/2025
19755;TOMATE REDONDO;TOMATE REDONDO;Tomate Redondo;tomate_especifico;Corrientes;CORRIENTES;Corrientes;0,270;04/09/2025
19762;TOMATE REDONDO;TOMATE REDONDO;Tomate Redondo;tomate_especifico;Corrientes;CORRIENTES;Corrientes;1,530;04/09/2025
19763;TOMATE REDONDO;TOMATE REDONDO;Tomate Redondo;tomate_especifico;Corrientes;CORRIENTES;Corrientes;0,450;04/09/2025
19775;TOMATE PERITA;TOMATE PERITA;Tomate Perita;tomate_especifico;Salta;CORRIENTES;Corrientes;3,600;04/09/2025
19803;TOMATE PERITA;TOMATE PERITA;Tomate Perita;tomate_especifico;Jujuy;CORRIENTES;Corrientes;4,000;04/09/2025
19804;TOMATE REDONDO;TOMATE REDONDO;Tomate Redondo;tomate_especifico;Jujuy;CORRIENTES;Corrientes;3,400;04/09/2025
19809;TOMATE PERITA;TOMATE PERITA;Tomate Perita;tomate_especifico;Corrientes;CORRIENTES;Corrientes;0,270;04/09/2025
19817;TOMATE REDONDO;TOMATE REDONDO;Tomate Redondo;tomate_especifico;Corrientes;CORRIENTES;Corrientes;0,540;04/09/2025
19818;TOMATE PERITA;TOMATE PERITA;Tomate Perita;tomate_especifico;Corrientes;CORRIENTES;Corrientes;0,270;04/09/2025
19821;TOMATE PERITA;TOMATE PERITA;Tomate Perita;tomate_especifico;Corrientes;CORRIENTES;Corrientes;0,180;04/09/2025
19825;TOMATE REDONDO;TOMATE REDONDO;Tomate Redondo;tomate_especifico;Corrientes;CORRIENTES;Corrientes;0,360;05/08/2025
19826;TOMATE REDONDO;TOMATE REDONDO;Tomate Redondo;tomate_especifico;Corrientes;CORRIENTES;Corrientes;0,360;05/08/2025
19843;TOMATE REDONDO;TOMATE REDONDO;Tomate Redondo;tomate_especifico;Corrientes;CORRIENTES;Corrientes;0,180;05/08/2025
19844;TOMATE CHERRY;TOMATE CHERRY;Tomate Cherry;tomate_especifico;Corrientes;CORRIENTES;Corrientes;0,040;05/08/2025
19849;TOMATE PERITA;TOMATE PERITA;Tomate Perita;tomate_especifico;Corrientes;CORRIENTES;Corrientes;0,450;05/08/2025
19859;TOMATE PERITA;TOMATE PERITA;Tomate Perita;tomate_especifico;Corrientes;CORRIENTES;Corrientes;0,360;05/08/2025
19864;TOMATE PERITA;TOMATE PERITA;Tomate Perita;tomate_especifico;Corrientes;CORRIENTES;Corrientes;0,360;05/08/2025
19871;TOMATE REDONDO;TOMATE REDONDO;Tomate Redondo;tomate_especifico;Corrientes;CORRIENTES;Corrientes;0,450;05/08/2025
19875;TOMATE REDONDO;TOMATE REDONDO;Tomate Redondo;tomate_especifico;Corrientes;CORRIENTES;Corrientes;0,684;05/08/2025
19883;TOMATE PERITA;TOMATE PERITA;Tomate Perita;tomate_especifico;Corrientes;CORRIENTES;Corrientes;0,270;08/09/2025
19901;TOMATE PERITA;TOMATE PERITA;Tomate Perita;tomate_especifico;Corrientes;CORRIENTES;Corrientes;0,180;08/09/2025
19902;TOMATE REDONDO;TOMATE REDONDO;Tomate Redondo;tomate_especifico;Corrientes;CORRIENTES;Corrientes;0,900;08/09/2025
19910;TOMATE REDONDO;TOMATE REDONDO;Tomate Redondo;tomate_especifico;Corrientes;CORRIENTES;Corrientes;1,260;08/09/2025
19911;TOMATE REDONDO;TOMATE REDONDO;Tomate Redondo;tomate_especifico;Corrientes;CORRIENTES;Corrientes;1,080;08/09/2025
19915;TOMATE REDONDO;TOMATE REDONDO;Tomate Redondo;tomate_especifico;Corrientes;CORRIENTES;Corrientes;0,360;08/09/2025
19916;TOMATE REDONDO;TOMATE REDONDO;Tomate Redondo;tomate_especifico;Corrientes;CORRIENTES;Corrientes;0,270;08/09/2025
19919;TOMATE PERITA;TOMATE PERITA;Tomate Perita;tomate_especifico;Corrientes;CORRIENTES;Corrientes;0,216;08/09/2025
19931;TOMATE CHERRY;TOMATE CHERRY;Tomate Cherry;tomate_especifico;Jujuy;CORRIENTES;Corrientes;0,765;08/09/2025
19937;TOMATE REDONDO;TOMATE REDONDO;Tomate Redondo;tomate_especifico;Corrientes;CORRIENTES;Corrientes;0,100;08/09/2025
19938;TOMATE PERITA;TOMATE PERITA;Tomate Perita;tomate_especifico;Corrientes;CORRIENTES;Corrientes;1,000;08/09/2025
19975;TOMATE PERITA;TOMATE PERITA;Tomate Perita;tomate_especifico;Salta;CORRIENTES;Corrientes;9,000;08/09/2025
19984;TOMATE PERITA;TOMATE PERITA;Tomate Perita;tomate_especifico;Salta;CORRIENTES;Corrientes;1,800;08/09/2025
19994;TOMATE REDONDO;TOMATE REDONDO;Tomate Redondo;tomate_especifico;Corrientes;CORRIENTES;Corrientes;1,100;08/09/2025
19998;TOMATE CHERRY;TOMATE CHERRY;Tomate Cherry;tomate_especifico;Corrientes;CORRIENTES;Corrientes;0,020;08/09/2025
20006;TOMATE REDONDO;TOMATE REDONDO;Tomate Redondo;tomate_especifico;Corrientes;CORRIENTES;Corrientes;0,360;08/09/2025
20020;TOMATE PERITA;TOMATE PERITA;Tomate Perita;tomate_especifico;Corrientes;CORRIENTES;Corrientes;0,720;08/09/2025
20025;TOMATE REDONDO;TOMATE REDONDO;Tomate Redondo;tomate_especifico;Corrientes;CORRIENTES;Corrientes;0,720;08/09/2025
20027;TOMATE REDONDO;TOMATE REDONDO;Tomate Redondo;tomate_especifico;Corrientes;CORRIENTES;Corrientes;0,306;08/09/2025
20033;TOMATE CHERRY;TOMATE CHERRY;Tomate Cherry;tomate_especifico;Corrientes;CORRIENTES;Corrientes;0,050;08/09/2025
20037;TOMATE PERITA;TOMATE PERITA;Tomate Perita;tomate_especifico;Corrientes;CORRIENTES;Corrientes;1,800;08/09/2025
20040;TOMATE REDONDO;TOMATE REDONDO;Tomate Redondo;tomate_especifico;Corrientes;CORRIENTES;Corrientes;2,700;08/09/2025
20041;TOMATE CHERRY;TOMATE CHERRY;Tomate Cherry;tomate_especifico;Corrientes;CORRIENTES;Corrientes;0,200;08/09/2025
20055;TOMATE PERITA;TOMATE PERITA;Tomate Perita;tomate_especifico;Corrientes;CORRIENTES;Corrientes;0,810;08/09/2025
20056;TOMATE CHERRY;TOMATE CHERRY;Tomate Cherry;tomate_especifico;Corrientes;CORRIENTES;Corrientes;0,040;08/09/2025
20073;TOMATE PERITA;TOMATE PERITA;Tomate Perita;tomate_especifico;Jujuy;CORRIENTES;Corrientes;4,000;08/09/2025
20094;TOMATE REDONDO;TOMATE REDONDO;Tomate Redondo;tomate_especifico;Corrientes;CORRIENTES;Corrientes;0,270;09/09/2025
20100;TOMATE REDONDO;TOMATE REDONDO;Tomate Redondo;tomate_especifico;Corrientes;CORRIENTES;Corrientes;0,540;09/09/2025
20111;TOMATE REDONDO;TOMATE REDONDO;Tomate Redondo;tomate_especifico;Corrientes;CORRIENTES;Corrientes;0,270;09/09/2025
20123;TOMATE PERITA;TOMATE PERITA;Tomate Perita;tomate_especifico;Corrientes;CORRIENTES;Corrientes;0,216;10/09/2025
20127;TOMATE REDONDO;TOMATE REDONDO;Tomate Redondo;tomate_especifico;Corrientes;CORRIENTES;Corrientes;0,090;10/09/2025
20128;TOMATE PERITA;TOMATE PERITA;Tomate Perita;tomate_especifico;Corrientes;CORRIENTES;Corrientes;0,180;10/09/2025
20132;TOMATE PERITA;TOMATE PERITA;Tomate Perita;tomate_especifico;Corrientes;CORRIENTES;Corrientes;0,108;10/09/2025
20151;TOMATE PERITA;TOMATE PERITA;Tomate Perita;tomate_especifico;Corrientes;CORRIENTES;Corrientes;0,684;10/09/2025
20152;TOMATE PERITA;TOMATE PERITA;Tomate Perita;tomate_especifico;Corrientes;CORRIENTES;Corrientes;0,360;10/09/2025
20153;TOMATE REDONDO;TOMATE REDONDO;Tomate Redondo;tomate_especifico;Corrientes;CORRIENTES;Corrientes;0,360;10/09/2025
20168;TOMATE PERITA;TOMATE PERITA;Tomate Perita;tomate_especifico;Corrientes;CORRIENTES;Corrientes;0,450;10/09/2025
20171;TOMATE PERITA;TOMATE PERITA;Tomate Perita;tomate_especifico;Corrientes;CORRIENTES;Corrientes;0,540;10/09/2025
20174;TOMATE REDONDO;TOMATE REDONDO;Tomate Redondo;tomate_especifico;Corrientes;CORRIENTES;Corrientes;0,990;10/09/2025
20182;TOMATE REDONDO;TOMATE REDONDO;Tomate Redondo;tomate_especifico;Corrientes;CORRIENTES;Corrientes;0,180;10/09/2025
20186;TOMATE PERITA;TOMATE PERITA;Tomate Perita;tomate_especifico;Corrientes;CORRIENTES;Corrientes;0,360;10/09/2025
20189;TOMATE PERITA;TOMATE PERITA;Tomate Perita;tomate_especifico;Corrientes;CORRIENTES;Corrientes;0,450;10/09/2025
20201;TOMATE REDONDO;TOMATE REDONDO;Tomate Redondo;tomate_especifico;Corrientes;CORRIENTES;Corrientes;0,900;10/09/2025
20202;TOMATE REDONDO;TOMATE REDONDO;Tomate Redondo;tomate_especifico;Corrientes;CORRIENTES;Corrientes;0,540;11/09/2025
20204;TOMATE PERITA;TOMATE PERITA;Tomate Perita;tomate_especifico;Corrientes;CORRIENTES;Corrientes;0,270;11/09/2025
20209;TOMATE PERITA;TOMATE PERITA;Tomate Perita;tomate_especifico;Corrientes;CORRIENTES;Corrientes;0,216;11/09/2025
20249;TOMATE REDONDO;TOMATE REDONDO;Tomate Redondo;tomate_especifico;Corrientes;CORRIENTES;Corrientes;0,720;11/09/2025
20252;TOMATE PERITA;TOMATE PERITA;Tomate Perita;tomate_especifico;Corrientes;CORRIENTES;Corrientes;0,180;11/09/2025
20263;TOMATE PERITA;TOMATE PERITA;Tomate Perita;tomate_especifico;Corrientes;CORRIENTES;Corrientes;0,126;11/09/2025
20267;TOMATE PERITA;TOMATE PERITA;Tomate Perita;tomate_especifico;Corrientes;CORRIENTES;Corrientes;0,720;11/09/2025
20268;TOMATE REDONDO;TOMATE REDONDO;Tomate Redondo;tomate_especifico;Corrientes;CORRIENTES;Corrientes;0,450;11/09/2025
20269;TOMATE REDONDO;TOMATE REDONDO;Tomate Redondo;tomate_especifico;Corrientes;CORRIENTES;Corrientes;1,080;11/09/2025
20270;TOMATE CHERRY;TOMATE CHERRY;Tomate Cherry;tomate_especifico;Corrientes;CORRIENTES;Corrientes;0,100;11/09/2025
20277;TOMATE REDONDO;TOMATE REDONDO;Tomate Redondo;tomate_especifico;Corrientes;CORRIENTES;Corrientes;2,250;11/09/2025
20290;TOMATE REDONDO;TOMATE REDONDO;Tomate Redondo;tomate_especifico;Corrientes;CORRIENTES;Corrientes;0,846;11/09/2025
20300;TOMATE REDONDO;TOMATE REDONDO;Tomate Redondo;tomate_especifico;Corrientes;CORRIENTES;Corrientes;2,700;11/09/2025
20304;TOMATE CHERRY;TOMATE CHERRY;Tomate Cherry;tomate_especifico;Corrientes;CORRIENTES;Corrientes;0,300;11/09/2025
20309;TOMATE REDONDO;TOMATE REDONDO;Tomate Redondo;tomate_especifico;Corrientes;CORRIENTES;Corrientes;0,450;11/09/2025
20310;TOMATE PERITA;TOMATE PERITA;Tomate Perita;tomate_especifico;Corrientes;CORRIENTES;Corrientes;0,666;11/09/2025
20317;TOMATE REDONDO;TOMATE REDONDO;Tomate Redondo;tomate_especifico;Corrientes;CORRIENTES;Corrientes;0,900;11/09/2025
20330;TOMATE PERITA;TOMATE PERITA;Tomate Perita;tomate_especifico;Corrientes;CORRIENTES;Corrientes;0,144;11/09/2025
20354;TOMATE REDONDO;TOMATE REDONDO;Tomate Redondo;tomate_especifico;Corrientes;CORRIENTES;Corrientes;0,270;12/09/2025
20358;TOMATE REDONDO;TOMATE REDONDO;Tomate Redondo;tomate_especifico;Corrientes;CORRIENTES;Corrientes;0,162;12/09/2025
20360;TOMATE PERITA;TOMATE PERITA;Tomate Perita;tomate_especifico;Corrientes;CORRIENTES;Corrientes;0,180;12/09/2025
20367;TOMATE PERITA;TOMATE PERITA;Tomate Perita;tomate_especifico;Corrientes;CORRIENTES;Corrientes;0,180;12/09/2025
20370;TOMATE PERITA;TOMATE PERITA;Tomate Perita;tomate_especifico;Corrientes;CORRIENTES;Corrientes;0,360;12/09/2025
20372;TOMATE PERITA;TOMATE PERITA;Tomate Perita;tomate_especifico;Corrientes;CORRIENTES;Corrientes;0,432;12/09/2025
20376;TOMATE PERITA;TOMATE PERITA;Tomate Perita;tomate_especifico;Corrientes;CORRIENTES;Corrientes;0,072;12/09/2025
20380;TOMATE REDONDO;TOMATE REDONDO;Tomate Redondo;tomate_especifico;Corrientes;CORRIENTES;Corrientes;0,270;12/09/2025
20385;TOMATE REDONDO;TOMATE REDONDO;Tomate Redondo;tomate_especifico;Corrientes;CORRIENTES;Corrientes;0,540;12/09/2025
20393;TOMATE PERITA;TOMATE PERITA;Tomate Perita;tomate_especifico;Corrientes;CORRIENTES;Corrientes;0,270;12/09/2025
20394;TOMATE REDONDO;TOMATE REDONDO;Tomate Redondo;tomate_especifico;Corrientes;CORRIENTES;Corrientes;0,450;12/09/2025
20398;TOMATE PERITA;TOMATE PERITA;Tomate Perita;tomate_especifico;Corrientes;CORRIENTES;Corrientes;5,400;15/09/2025
20406;TOMATE PERITA;TOMATE PERITA;Tomate Perita;tomate_especifico;Salta;CORRIENTES;Corrientes;9,000;15/09/2025
20413;TOMATE PERITA;TOMATE PERITA;Tomate Perita;tomate_especifico;Jujuy;CORRIENTES;Corrientes;1,800;15/09/2025
20430;TOMATE REDONDO;TOMATE REDONDO;Tomate Redondo;tomate_especifico;Corrientes;CORRIENTES;Corrientes;0,900;15/09/2025
20431;TOMATE PERITA;TOMATE PERITA;Tomate Perita;tomate_especifico;Corrientes;CORRIENTES;Corrientes;0,900;15/09/2025
20434;TOMATE CHERRY;TOMATE CHERRY;Tomate Cherry;tomate_especifico;Corrientes;CORRIENTES;Corrientes;0,080;15/09/2025
20463;TOMATE PERITA;TOMATE PERITA;Tomate Perita;tomate_especifico;Corrientes;CORRIENTES;Corrientes;0,360;15/09/2025
20465;TOMATE PERITA;TOMATE PERITA;Tomate Perita;tomate_especifico;Corrientes;CORRIENTES;Corrientes;0,720;15/09/2025
20499;TOMATE PERITA;TOMATE PERITA;Tomate Perita;tomate_especifico;Corrientes;CORRIENTES;Corrientes;0,144;15/09/2025
20518;TOMATE PERITA;TOMATE PERITA;Tomate Perita;tomate_especifico;Corrientes;CORRIENTES;Corrientes;0,270;15/09/2025
20524;TOMATE PERITA;TOMATE PERITA;Tomate Perita;tomate_especifico;Corrientes;CORRIENTES;Corrientes;0,180;15/09/2025
20558;TOMATE REDONDO;TOMATE REDONDO;Tomate Redondo;tomate_especifico;Corrientes;CORRIENTES;Corrientes;2,160;15/09/2025
20559;TOMATE CHERRY;TOMATE CHERRY;Tomate Cherry;tomate_especifico;Corrientes;CORRIENTES;Corrientes;0,100;15/09/2025
20567;TOMATE CHERRY;TOMATE CHERRY;Tomate Cherry;tomate_especifico;Corrientes;CORRIENTES;Corrientes;0,100;15/09/2025
20578;TOMATE REDONDO;TOMATE REDONDO;Tomate Redondo;tomate_especifico;Corrientes;CORRIENTES;Corrientes;0,396;15/09/2025
20586;TOMATE REDONDO;TOMATE REDONDO;Tomate Redondo;tomate_especifico;Corrientes;CORRIENTES;Corrientes;1,080;15/09/2025
20590;TOMATE REDONDO;TOMATE REDONDO;Tomate Redondo;tomate_especifico;Corrientes;CORRIENTES;Corrientes;0,360;15/09/2025
20592;TOMATE REDONDO;TOMATE REDONDO;Tomate Redondo;tomate_especifico;Corrientes;CORRIENTES;Corrientes;0,360;15/09/2025
20593;TOMATE PERITA;TOMATE PERITA;Tomate Perita;tomate_especifico;Corrientes;CORRIENTES;Corrientes;0,360;15/09/2025
20594;TOMATE PERITA;TOMATE PERITA;Tomate Perita;tomate_especifico;Corrientes;CORRIENTES;Corrientes;0,900;15/09/2025
20604;TOMATE REDONDO;TOMATE REDONDO;Tomate Redondo;tomate_especifico;Corrientes;CORRIENTES;Corrientes;0,540;15/09/2025
20609;TOMATE REDONDO;TOMATE REDONDO;Tomate Redondo;tomate_especifico;Corrientes;CORRIENTES;Corrientes;0,108;15/09/2025
20615;TOMATE REDONDO;TOMATE REDONDO;Tomate Redondo;tomate_especifico;Corrientes;CORRIENTES;Corrientes;0,270;15/09/2025
20620;TOMATE REDONDO;TOMATE REDONDO;Tomate Redondo;tomate_especifico;Corrientes;CORRIENTES;Corrientes;0,306;15/09/2025
20630;TOMATE PERITA;TOMATE PERITA;Tomate Perita;tomate_especifico;Corrientes;CORRIENTES;Corrientes;0,450;15/09/2025
20631;TOMATE PERITA;TOMATE PERITA;Tomate Perita;tomate_especifico;Corrientes;CORRIENTES;Corrientes;1,260;15/09/2025
20637;TOMATE REDONDO;TOMATE REDONDO;Tomate Redondo;tomate_especifico;Corrientes;CORRIENTES;Corrientes;0,360;16/09/2025
20645;TOMATE PERITA;TOMATE PERITA;Tomate Perita;tomate_especifico;Corrientes;CORRIENTES;Corrientes;0,090;16/09/2025
20660;TOMATE PERITA;TOMATE PERITA;Tomate Perita;tomate_especifico;Corrientes;CORRIENTES;Corrientes;0,414;16/09/2025
20665;TOMATE REDONDO;TOMATE REDONDO;Tomate Redondo;tomate_especifico;Corrientes;CORRIENTES;Corrientes;0,270;16/09/2025
20671;TOMATE CHERRY;TOMATE CHERRY;Tomate Cherry;tomate_especifico;Corrientes;CORRIENTES;Corrientes;0,060;16/09/2025
20677;TOMATE PERITA;TOMATE PERITA;Tomate Perita;tomate_especifico;Corrientes;CORRIENTES;Corrientes;0,270;16/09/2025
20678;TOMATE REDONDO;TOMATE REDONDO;Tomate Redondo;tomate_especifico;Corrientes;CORRIENTES;Corrientes;0,468;16/09/2025
20707;TOMATE REDONDO;TOMATE REDONDO;Tomate Redondo;tomate_especifico;Corrientes;CORRIENTES;Corrientes;0,900;17/09/2025
20713;TOMATE PERITA;TOMATE PERITA;Tomate Perita;tomate_especifico;Corrientes;CORRIENTES;Corrientes;0,180;17/09/2025
20736;TOMATE PERITA;TOMATE PERITA;Tomate Perita;tomate_especifico;Corrientes;CORRIENTES;Corrientes;0,270;17/09/2025
20752;TOMATE PERITA;TOMATE PERITA;Tomate Perita;tomate_especifico;Corrientes;CORRIENTES;Corrientes;0,270;17/09/2025
20754;TOMATE REDONDO;TOMATE REDONDO;Tomate Redondo;tomate_especifico;Corrientes;CORRIENTES;Corrientes;0,108;17/09/2025
20761;TOMATE REDONDO;TOMATE REDONDO;Tomate Redondo;tomate_especifico;Corrientes;CORRIENTES;Corrientes;0,540;17/09/2025
20768;TOMATE PERITA;TOMATE PERITA;Tomate Perita;tomate_especifico;Corrientes;CORRIENTES;Corrientes;0,990;17/09/2025
20775;TOMATE PERITA;TOMATE PERITA;Tomate Perita;tomate_especifico;Corrientes;CORRIENTES;Corrientes;0,360;17/09/2025
20778;TOMATE REDONDO;TOMATE REDONDO;Tomate Redondo;tomate_especifico;Corrientes;CORRIENTES;Corrientes;0,828;17/09/2025
20782;TOMATE PERITA;TOMATE PERITA;Tomate Perita;tomate_especifico;Corrientes;CORRIENTES;Corrientes;1,800;17/09/2025
20786;TOMATE PERITA;TOMATE PERITA;Tomate Perita;tomate_especifico;Corrientes;CORRIENTES;Corrientes;0,900;17/09/2025
20792;TOMATE REDONDO;TOMATE REDONDO;Tomate Redondo;tomate_especifico;Corrientes;CORRIENTES;Corrientes;0,360;17/09/2025
20802;TOMATE PERITA;TOMATE PERITA;Tomate Perita;tomate_especifico;Corrientes;CORRIENTES;Corrientes;0,900;18/09/2025
20803;TOMATE REDONDO;TOMATE REDONDO;Tomate Redondo;tomate_especifico;Corrientes;CORRIENTES;Corrientes;0,720;18/09/2025
20822;TOMATE REDONDO;TOMATE REDONDO;Tomate Redondo;tomate_especifico;Corrientes;CORRIENTES;Corrientes;0,540;18/09/2025
20823;TOMATE REDONDO;TOMATE REDONDO;Tomate Redondo;tomate_especifico;Corrientes;CORRIENTES;Corrientes;0,360;18/09/2025
20828;TOMATE REDONDO;TOMATE REDONDO;Tomate Redondo;tomate_especifico;Corrientes;CORRIENTES;Corrientes;0,180;18/09/2025
20832;TOMATE PERITA;TOMATE PERITA;Tomate Perita;tomate_especifico;Corrientes;CORRIENTES;Corrientes;0,216;18/09/2025
20842;TOMATE REDONDO;TOMATE REDONDO;Tomate Redondo;tomate_especifico;Corrientes;CORRIENTES;Corrientes;0,450;18/09/2025
20848;TOMATE REDONDO;TOMATE REDONDO;Tomate Redondo;tomate_especifico;Corrientes;CORRIENTES;Corrientes;0,180;18/09/2025
20850;TOMATE REDONDO;TOMATE REDONDO;Tomate Redondo;tomate_especifico;Corrientes;CORRIENTES;Corrientes;0,360;18/09/2025
20859;TOMATE REDONDO;TOMATE REDONDO;Tomate Redondo;tomate_especifico;Corrientes;CORRIENTES;Corrientes;0,306;18/09/2025
20883;TOMATE PERITA;TOMATE PERITA;Tomate Perita;tomate_especifico;Corrientes;CORRIENTES;Corrientes;0,558;18/09/2025
20891;TOMATE PERITA;TOMATE PERITA;Tomate Perita;tomate_especifico;Corrientes;CORRIENTES;Corrientes;0,270;18/09/2025
20893;TOMATE PERITA;TOMATE PERITA;Tomate Perita;tomate_especifico;Corrientes;CORRIENTES;Corrientes;0,900;18/09/2025
20899;TOMATE REDONDO;TOMATE REDONDO;Tomate Redondo;tomate_especifico;Corrientes;CORRIENTES;Corrientes;0,900;18/09/2025
20905;TOMATE REDONDO;TOMATE REDONDO;Tomate Redondo;tomate_especifico;Corrientes;CORRIENTES;Corrientes;1,656;18/09/2025
20911;TOMATE PERITA;TOMATE PERITA;Tomate Perita;tomate_especifico;Corrientes;CORRIENTES;Corrientes;1,260;18/09/2025
20912;TOMATE REDONDO;TOMATE REDONDO;Tomate Redondo;tomate_especifico;Corrientes;CORRIENTES;Corrientes;0,360;18/09/2025
20919;TOMATE PERITA;TOMATE PERITA;Tomate Perita;tomate_especifico;Corrientes;CORRIENTES;Corrientes;0,720;18/09/2025
20924;TOMATE REDONDO;TOMATE REDONDO;Tomate Redondo;tomate_especifico;Corrientes;CORRIENTES;Corrientes;2,700;18/09/2025
20927;TOMATE CHERRY;TOMATE CHERRY;Tomate Cherry;tomate_especifico;Corrientes;CORRIENTES;Corrientes;0,300;18/09/2025
20933;TOMATE CHERRY;TOMATE CHERRY;Tomate Cherry;tomate_especifico;Corrientes;CORRIENTES;Corrientes;0,080;18/09/2025
20934;TOMATE CHERRY;TOMATE CHERRY;Tomate Cherry;tomate_especifico;Corrientes;CORRIENTES;Corrientes;0,720;18/09/2025
20956;TOMATE PERITA;TOMATE PERITA;Tomate Perita;tomate_especifico;Corrientes;CORRIENTES;Corrientes;0,540;22/09/2025
20960;TOMATE REDONDO;TOMATE REDONDO;Tomate Redondo;tomate_especifico;Corrientes;CORRIENTES;Corrientes;0,288;22/09/2025
20962;TOMATE PERITA;TOMATE PERITA;Tomate Perita;tomate_especifico;Corrientes;CORRIENTES;Corrientes;0,360;22/09/2025
20975;TOMATE PERITA;TOMATE PERITA;Tomate Perita;tomate_especifico;Corrientes;CORRIENTES;Corrientes;0,126;22/09/2025
20977;TOMATE CHERRY;TOMATE CHERRY;Tomate Cherry;tomate_especifico;Corrientes;CORRIENTES;Corrientes;0,050;22/09/2025
20983;TOMATE REDONDO;TOMATE REDONDO;Tomate Redondo;tomate_especifico;Corrientes;CORRIENTES;Corrientes;0,900;22/09/2025
20993;TOMATE REDONDO;TOMATE REDONDO;Tomate Redondo;tomate_especifico;Corrientes;CORRIENTES;Corrientes;0,270;22/09/2025
20997;TOMATE REDONDO;TOMATE REDONDO;Tomate Redondo;tomate_especifico;Corrientes;CORRIENTES;Corrientes;0,126;22/09/2025
20999;TOMATE REDONDO;TOMATE REDONDO;Tomate Redondo;tomate_especifico;Corrientes;CORRIENTES;Corrientes;0,180;22/09/2025
21002;TOMATE CHERRY;TOMATE CHERRY;Tomate Cherry;tomate_especifico;Corrientes;CORRIENTES;Corrientes;0,030;22/09/2025
21004;TOMATE PERITA;TOMATE PERITA;Tomate Perita;tomate_especifico;Corrientes;CORRIENTES;Corrientes;0,180;22/09/2025
21016;TOMATE REDONDO;TOMATE REDONDO;Tomate Redondo;tomate_especifico;Corrientes;CORRIENTES;Corrientes;0,180;22/09/2025
21020;TOMATE PERITA;TOMATE PERITA;Tomate Perita;tomate_especifico;Corrientes;CORRIENTES;Corrientes;0,270;22/09/2025
21023;TOMATE REDONDO;TOMATE REDONDO;Tomate Redondo;tomate_especifico;Corrientes;CORRIENTES;Corrientes;0,180;22/09/2025
21043;TOMATE PERITA;TOMATE PERITA;Tomate Perita;tomate_especifico;Salta;CORRIENTES;Corrientes;4,500;22/09/2025
21061;TOMATE PERITA;TOMATE PERITA;Tomate Perita;tomate_especifico;Jujuy;CORRIENTES;Corrientes;1,800;22/09/2025
21065;TOMATE PERITA;TOMATE PERITA;Tomate Perita;tomate_especifico;Corrientes;CORRIENTES;Corrientes;0,720;22/09/2025
21077;TOMATE REDONDO;TOMATE REDONDO;Tomate Redondo;tomate_especifico;Corrientes;CORRIENTES;Corrientes;0,180;22/09/2025
21078;TOMATE CHERRY;TOMATE CHERRY;Tomate Cherry;tomate_especifico;Corrientes;CORRIENTES;Corrientes;0,025;22/09/2025
21085;TOMATE REDONDO;TOMATE REDONDO;Tomate Redondo;tomate_especifico;Corrientes;CORRIENTES;Corrientes;1,260;22/09/2025
21098;TOMATE PERITA;TOMATE PERITA;Tomate Perita;tomate_especifico;Corrientes;CORRIENTES;Corrientes;0,360;22/09/2025
21099;TOMATE REDONDO;TOMATE REDONDO;Tomate Redondo;tomate_especifico;Corrientes;CORRIENTES;Corrientes;0,720;22/09/2025
21106;TOMATE REDONDO;TOMATE REDONDO;Tomate Redondo;tomate_especifico;Corrientes;CORRIENTES;Corrientes;0,144;22/09/2025
21117;TOMATE REDONDO;TOMATE REDONDO;Tomate Redondo;tomate_especifico;Corrientes;CORRIENTES;Corrientes;0,720;22/09/2025
21118;TOMATE PERITA;TOMATE PERITA;Tomate Perita;tomate_especifico;Corrientes;CORRIENTES;Corrientes;0,630;22/09/2025
21119;TOMATE PERITA;TOMATE PERITA;Tomate Perita;tomate_especifico;Corrientes;CORRIENTES;Corrientes;0,225;22/09/2025
21120;TOMATE PERITA;TOMATE PERITA;Tomate Perita;tomate_especifico;Corrientes;CORRIENTES;Corrientes;0,080;22/09/2025
21121;TOMATE REDONDO;TOMATE REDONDO;Tomate Redondo;tomate_especifico;Corrientes;CORRIENTES;Corrientes;0,756;22/09/2025
21122;TOMATE REDONDO;TOMATE REDONDO;Tomate Redondo;tomate_especifico;Corrientes;CORRIENTES;Corrientes;0,540;22/09/2025
21123;TOMATE REDONDO;TOMATE REDONDO;Tomate Redondo;tomate_especifico;Corrientes;CORRIENTES;Corrientes;0,220;22/09/2025
21134;TOMATE PERITA;TOMATE PERITA;Tomate Perita;tomate_especifico;Corrientes;CORRIENTES;Corrientes;0,360;22/09/2025
21140;TOMATE PERITA;TOMATE PERITA;Tomate Perita;tomate_especifico;Corrientes;CORRIENTES;Corrientes;0,324;23/09/2025
21151;TOMATE PERITA;TOMATE PERITA;Tomate Perita;tomate_especifico;Corrientes;CORRIENTES;Corrientes;0,180;23/09/2025
21152;TOMATE REDONDO;TOMATE REDONDO;Tomate Redondo;tomate_especifico;Corrientes;CORRIENTES;Corrientes;0,270;23/09/2025
21156;TOMATE PERITA;TOMATE PERITA;Tomate Perita;tomate_especifico;Corrientes;CORRIENTES;Corrientes;0,180;23/09/2025
21170;TOMATE PERITA;TOMATE PERITA;Tomate Perita;tomate_especifico;Corrientes;CORRIENTES;Corrientes;0,540;23/09/2025
21178;TOMATE REDONDO;TOMATE REDONDO;Tomate Redondo;tomate_especifico;Corrientes;CORRIENTES;Corrientes;0,360;23/09/2025
21185;TOMATE PERITA;TOMATE PERITA;Tomate Perita;tomate_especifico;Corrientes;CORRIENTES;Corrientes;0,360;23/09/2025
21190;TOMATE REDONDO;TOMATE REDONDO;Tomate Redondo;tomate_especifico;Corrientes;CORRIENTES;Corrientes;1,170;23/09/2025
21201;TOMATE PERITA;TOMATE PERITA;Tomate Perita;tomate_especifico;Corrientes;CORRIENTES;Corrientes;0,450;23/09/2025
21202;TOMATE PERITA;TOMATE PERITA;Tomate Perita;tomate_especifico;Corrientes;CORRIENTES;Corrientes;0,180;23/09/2025
21214;TOMATE PERITA;TOMATE PERITA;Tomate Perita;tomate_especifico;Corrientes;CORRIENTES;Corrientes;1,800;23/09/2025
21220;TOMATE REDONDO;TOMATE REDONDO;Tomate Redondo;tomate_especifico;Corrientes;CORRIENTES;Corrientes;0,252;23/09/2025
21224;TOMATE REDONDO;TOMATE REDONDO;Tomate Redondo;tomate_especifico;Corrientes;CORRIENTES;Corrientes;0,540;23/09/2025
21225;TOMATE REDONDO;TOMATE REDONDO;Tomate Redondo;tomate_especifico;Corrientes;CORRIENTES;Corrientes;0,090;23/09/2025
21251;TOMATE REDONDO;TOMATE REDONDO;Tomate Redondo;tomate_especifico;Corrientes;CORRIENTES;Corrientes;0,900;24/09/2025
21252;TOMATE PERITA;TOMATE PERITA;Tomate Perita;tomate_especifico;Corrientes;CORRIENTES;Corrientes;1,800;24/09/2025
21272;TOMATE REDONDO;TOMATE REDONDO;Tomate Redondo;tomate_especifico;Corrientes;CORRIENTES;Corrientes;0,360;24/09/2025
21275;TOMATE PERITA;TOMATE PERITA;Tomate Perita;tomate_especifico;Corrientes;CORRIENTES;Corrientes;0,180;24/09/2025
21280;TOMATE PERITA;TOMATE PERITA;Tomate Perita;tomate_especifico;Corrientes;CORRIENTES;Corrientes;0,144;24/09/2025
21286;TOMATE PERITA;TOMATE PERITA;Tomate Perita;tomate_especifico;Corrientes;CORRIENTES;Corrientes;0,540;24/09/2025
21294;TOMATE REDONDO;TOMATE REDONDO;Tomate Redondo;tomate_especifico;Corrientes;CORRIENTES;Corrientes;0,450;24/09/2025
21296;TOMATE REDONDO;TOMATE REDONDO;Tomate Redondo;tomate_especifico;Corrientes;CORRIENTES;Corrientes;0,252;24/09/2025
21299;TOMATE CHERRY;TOMATE CHERRY;Tomate Cherry;tomate_especifico;Corrientes;CORRIENTES;Corrientes;0,020;24/09/2025
21307;TOMATE REDONDO;TOMATE REDONDO;Tomate Redondo;tomate_especifico;Corrientes;CORRIENTES;Corrientes;0,486;24/09/2025
21308;TOMATE PERITA;TOMATE PERITA;Tomate Perita;tomate_especifico;Corrientes;CORRIENTES;Corrientes;0,216;24/09/2025
21314;TOMATE REDONDO;TOMATE REDONDO;Tomate Redondo;tomate_especifico;Corrientes;CORRIENTES;Corrientes;0,756;24/09/2025
21320;TOMATE PERITA;TOMATE PERITA;Tomate Perita;tomate_especifico;Corrientes;CORRIENTES;Corrientes;0,360;24/09/2025
21321;TOMATE REDONDO;TOMATE REDONDO;Tomate Redondo;tomate_especifico;Corrientes;CORRIENTES;Corrientes;0,594;24/09/2025
21322;TOMATE REDONDO;TOMATE REDONDO;Tomate Redondo;tomate_especifico;Corrientes;CORRIENTES;Corrientes;0,828;24/09/2025
21326;TOMATE REDONDO;TOMATE REDONDO;Tomate Redondo;tomate_especifico;Corrientes;CORRIENTES;Corrientes;0,360;24/09/2025
21334;TOMATE REDONDO;TOMATE REDONDO;Tomate Redondo;tomate_especifico;Corrientes;CORRIENTES;Corrientes;0,900;24/09/2025
21344;TOMATE PERITA;TOMATE PERITA;Tomate Perita;tomate_especifico;Corrientes;CORRIENTES;Corrientes;0,720;25/09/2025
21345;TOMATE CHERRY;TOMATE CHERRY;Tomate Cherry;tomate_especifico;Corrientes;CORRIENTES;Corrientes;0,060;25/09/2025
21350;TOMATE REDONDO;TOMATE REDONDO;Tomate Redondo;tomate_especifico;Corrientes;CORRIENTES;Corrientes;0,360;25/09/2025
21364;TOMATE REDONDO;TOMATE REDONDO;Tomate Redondo;tomate_especifico;Corrientes;CORRIENTES;Corrientes;0,144;25/09/2025
21372;TOMATE PERITA;TOMATE PERITA;Tomate Perita;tomate_especifico;Corrientes;CORRIENTES;Corrientes;1,800;25/09/2025
21373;TOMATE PERITA;TOMATE PERITA;Tomate Perita;tomate_especifico;Corrientes;CORRIENTES;Corrientes;0,702;25/09/2025
21375;TOMATE PERITA;TOMATE PERITA;Tomate Perita;tomate_especifico;Corrientes;CORRIENTES;Corrientes;0,270;25/09/2025
21378;TOMATE REDONDO;TOMATE REDONDO;Tomate Redondo;tomate_especifico;Corrientes;CORRIENTES;Corrientes;0,180;25/09/2025
21389;TOMATE REDONDO;TOMATE REDONDO;Tomate Redondo;tomate_especifico;Corrientes;CORRIENTES;Corrientes;0,540;25/09/2025
21391;TOMATE PERITA;TOMATE PERITA;Tomate Perita;tomate_especifico;Corrientes;CORRIENTES;Corrientes;0,360;25/09/2025
21394;TOMATE PERITA;TOMATE PERITA;Tomate Perita;tomate_especifico;Corrientes;CORRIENTES;Corrientes;1,080;25/09/2025
21398;TOMATE PERITA;TOMATE PERITA;Tomate Perita;tomate_especifico;Corrientes;CORRIENTES;Corrientes;0,540;25/09/2025
21401;TOMATE PERITA;TOMATE PERITA;Tomate Perita;tomate_especifico;Corrientes;CORRIENTES;Corrientes;0,360;25/09/2025
21404;TOMATE PERITA;TOMATE PERITA;Tomate Perita;tomate_especifico;Salta;CORRIENTES;Corrientes;3,600;25/09/2025
21409;TOMATE REDONDO;TOMATE REDONDO;Tomate Redondo;tomate_especifico;Salta;CORRIENTES;Corrientes;6,480;25/09/2025
21435;TOMATE PERITA;TOMATE PERITA;Tomate Perita;tomate_especifico;Corrientes;CORRIENTES;Corrientes;0,360;25/09/2025
21439;TOMATE PERITA;TOMATE PERITA;Tomate Perita;tomate_especifico;Corrientes;CORRIENTES;Corrientes;0,900;25/09/2025
21440;TOMATE PERITA;TOMATE PERITA;Tomate Perita;tomate_especifico;Corrientes;CORRIENTES;Corrientes;0,360;25/09/2025
21450;TOMATE PERITA;TOMATE PERITA;Tomate Perita;tomate_especifico;Corrientes;CORRIENTES;Corrientes;0,270;25/09/2025
21460;TOMATE REDONDO;TOMATE REDONDO;Tomate Redondo;tomate_especifico;Corrientes;CORRIENTES;Corrientes;0,270;25/09/2025
21467;TOMATE PERITA;TOMATE PERITA;Tomate Perita;tomate_especifico;Corrientes;CORRIENTES;Corrientes;0,360;29/09/2025
21512;TOMATE REDONDO;TOMATE REDONDO;Tomate Redondo;tomate_especifico;Corrientes;CORRIENTES;Corrientes;0,270;29/09/2025
21528;TOMATE PERITA;TOMATE PERITA;Tomate Perita;tomate_especifico;Corrientes;CORRIENTES;Corrientes;0,450;29/09/2025
21539;TOMATE PERITA;TOMATE PERITA;Tomate Perita;tomate_especifico;Corrientes;CORRIENTES;Corrientes;0,378;29/09/2025
21540;TOMATE REDONDO;TOMATE REDONDO;Tomate Redondo;tomate_especifico;Corrientes;CORRIENTES;Corrientes;0,360;29/09/2025
21554;TOMATE REDONDO;TOMATE REDONDO;Tomate Redondo;tomate_especifico;Corrientes;CORRIENTES;Corrientes;0,270;29/09/2025
21556;TOMATE CHERRY;TOMATE CHERRY;Tomate Cherry;tomate_especifico;Corrientes;CORRIENTES;Corrientes;0,060;29/09/2025
21569;TOMATE REDONDO;TOMATE REDONDO;Tomate Redondo;tomate_especifico;Corrientes;CORRIENTES;Corrientes;0,540;29/09/2025
21583;TOMATE PERITA;TOMATE PERITA;Tomate Perita;tomate_especifico;Corrientes;CORRIENTES;Corrientes;0,594;29/09/2025
21586;TOMATE PERITA;TOMATE PERITA;Tomate Perita;tomate_especifico;Corrientes;CORRIENTES;Corrientes;0,360;29/09/2025
21592;TOMATE REDONDO;TOMATE REDONDO;Tomate Redondo;tomate_especifico;Corrientes;CORRIENTES;Corrientes;2,700;29/09/2025
21593;TOMATE PERITA;TOMATE PERITA;Tomate Perita;tomate_especifico;Corrientes;CORRIENTES;Corrientes;0,900;29/09/2025
21596;TOMATE CHERRY;TOMATE CHERRY;Tomate Cherry;tomate_especifico;Corrientes;CORRIENTES;Corrientes;0,150;29/09/2025
21603;TOMATE CHERRY;TOMATE CHERRY;Tomate Cherry;tomate_especifico;Corrientes;CORRIENTES;Corrientes;0,100;29/09/2025
21629;TOMATE CHERRY;TOMATE CHERRY;Tomate Cherry;tomate_especifico;Corrientes;CORRIENTES;Corrientes;0,060;29/09/2025
21632;TOMATE PERITA;TOMATE PERITA;Tomate Perita;tomate_especifico;Corrientes;CORRIENTES;Corrientes;0,300;29/09/2025
21635;TOMATE PERITA;TOMATE PERITA;Tomate Perita;tomate_especifico;Corrientes;CORRIENTES;Corrientes;0,360;29/09/2025
21636;TOMATE REDONDO;TOMATE REDONDO;Tomate Redondo;tomate_especifico;Corrientes;CORRIENTES;Corrientes;0,060;29/09/2025
21640;TOMATE REDONDO;TOMATE REDONDO;Tomate Redondo;tomate_especifico;Corrientes;CORRIENTES;Corrientes;0,300;29/09/2025
21645;TOMATE CHERRY;TOMATE CHERRY;Tomate Cherry;tomate_especifico;Corrientes;CORRIENTES;Corrientes;0,015;29/09/2025
21648;TOMATE PERITA;TOMATE PERITA;Tomate Perita;tomate_especifico;Corrientes;CORRIENTES;Corrientes;1,600;29/09/2025
21649;TOMATE REDONDO;TOMATE REDONDO;Tomate Redondo;tomate_especifico;Corrientes;CORRIENTES;Corrientes;0,400;29/09/2025
21650;TOMATE REDONDO;TOMATE REDONDO;Tomate Redondo;tomate_especifico;Corrientes;CORRIENTES;Corrientes;0,150;29/09/2025
21651;TOMATE REDONDO;TOMATE REDONDO;Tomate Redondo;tomate_especifico;Corrientes;CORRIENTES;Corrientes;0,960;29/09/2025
21652;TOMATE PERITA;TOMATE PERITA;Tomate Perita;tomate_especifico;Corrientes;CORRIENTES;Corrientes;0,700;29/09/2025
21653;TOMATE PERITA;TOMATE PERITA;Tomate Perita;tomate_especifico;Corrientes;CORRIENTES;Corrientes;0,450;29/09/2025
21654;TOMATE PERITA;TOMATE PERITA;Tomate Perita;tomate_especifico;Corrientes;CORRIENTES;Corrientes;0,180;29/09/2025
21660;TOMATE REDONDO;TOMATE REDONDO;Tomate Redondo;tomate_especifico;Corrientes;CORRIENTES;Corrientes;0,720;29/09/2025
21661;TOMATE PERITA;TOMATE PERITA;Tomate Perita;tomate_especifico;Corrientes;CORRIENTES;Corrientes;0,520;29/09/2025
21664;TOMATE REDONDO;TOMATE REDONDO;Tomate Redondo;tomate_especifico;Corrientes;CORRIENTES;Corrientes;0,300;29/09/2025
21669;TOMATE PERITA;TOMATE PERITA;Tomate Perita;tomate_especifico;Corrientes;CORRIENTES;Corrientes;1,600;29/09/2025
21675;TOMATE REDONDO;TOMATE REDONDO;Tomate Redondo;tomate_especifico;Corrientes;CORRIENTES;Corrientes;0,200;29/09/2025
21685;TOMATE REDONDO;TOMATE REDONDO;Tomate Redondo;tomate_especifico;Corrientes;CORRIENTES;Corrientes;0,270;30/09/2025
21686;TOMATE REDONDO;TOMATE REDONDO;Tomate Redondo;tomate_especifico;Corrientes;CORRIENTES;Corrientes;0,180;30/09/2025
21688;TOMATE CHERRY;TOMATE CHERRY;Tomate Cherry;tomate_especifico;Corrientes;CORRIENTES;Corrientes;0,080;30/09/2025
21697;TOMATE REDONDO;TOMATE REDONDO;Tomate Redondo;tomate_especifico;Corrientes;CORRIENTES;Corrientes;0,360;30/09/2025
21703;TOMATE REDONDO;TOMATE REDONDO;Tomate Redondo;tomate_especifico;Corrientes;CORRIENTES;Corrientes;0,216;30/09/2025
21708;TOMATE REDONDO;TOMATE REDONDO;Tomate Redondo;tomate_especifico;Corrientes;CORRIENTES;Corrientes;0,450;30/09/2025
21712;TOMATE REDONDO;TOMATE REDONDO;Tomate Redondo;tomate_especifico;Corrientes;CORRIENTES;Corrientes;0,108;30/09/2025
21723;TOMATE REDONDO;TOMATE REDONDO;Tomate Redondo;tomate_especifico;Corrientes;CORRIENTES;Corrientes;0,360;30/09/2025
21730;TOMATE REDONDO;TOMATE REDONDO;Tomate Redondo;tomate_especifico;Corrientes;CORRIENTES;Corrientes;0,540;30/09/2025
21734;TOMATE REDONDO;TOMATE REDONDO;Tomate Redondo;tomate_especifico;Corrientes;CORRIENTES;Corrientes;0,720;30/09/2025
21739;TOMATE PERITA;TOMATE PERITA;Tomate Perita;tomate_especifico;Corrientes;CORRIENTES;Corrientes;0,270;30/09/2025
21742;TOMATE PERITA;TOMATE PERITA;Tomate Perita;tomate_especifico;Corrientes;CORRIENTES;Corrientes;1,800;30/09/2025
21743;TOMATE REDONDO;TOMATE REDONDO;Tomate Redondo;tomate_especifico;Corrientes;CORRIENTES;Corrientes;0,810;30/09/2025
21761;TOMATE PERITA;TOMATE PERITA;Tomate Perita;tomate_especifico;Corrientes;CORRIENTES;Corrientes;0,810;01/10/2025
21766;TOMATE REDONDO;TOMATE REDONDO;Tomate Redondo;tomate_especifico;Corrientes;CORRIENTES;Corrientes;0,180;01/10/2025
21772;TOMATE REDONDO;TOMATE REDONDO;Tomate Redondo;tomate_especifico;Corrientes;CORRIENTES;Corrientes;0,180;01/10/2025
21774;TOMATE CHERRY;TOMATE CHERRY;Tomate Cherry;tomate_especifico;Corrientes;CORRIENTES;Corrientes;0,080;01/10/2025
21776;TOMATE REDONDO;TOMATE REDONDO;Tomate Redondo;tomate_especifico;Corrientes;CORRIENTES;Corrientes;0,270;01/10/2025
21785;TOMATE REDONDO;TOMATE REDONDO;Tomate Redondo;tomate_especifico;Corrientes;CORRIENTES;Corrientes;0,450;01/10/2025
21792;TOMATE REDONDO;TOMATE REDONDO;Tomate Redondo;tomate_especifico;Corrientes;CORRIENTES;Corrientes;0,360;01/10/2025
21793;TOMATE PERITA;TOMATE PERITA;Tomate Perita;tomate_especifico;Corrientes;CORRIENTES;Corrientes;0,270;01/10/2025
21798;TOMATE REDONDO;TOMATE REDONDO;Tomate Redondo;tomate_especifico;Corrientes;CORRIENTES;Corrientes;0,180;01/10/2025
21799;TOMATE PERITA;TOMATE PERITA;Tomate Perita;tomate_especifico;Corrientes;CORRIENTES;Corrientes;0,720;01/10/2025
21800;TOMATE REDONDO;TOMATE REDONDO;Tomate Redondo;tomate_especifico;Corrientes;CORRIENTES;Corrientes;0,756;01/10/2025
21811;TOMATE REDONDO;TOMATE REDONDO;Tomate Redondo;tomate_especifico;Corrientes;CORRIENTES;Corrientes;0,360;01/10/2025
21814;TOMATE REDONDO;TOMATE REDONDO;Tomate Redondo;tomate_especifico;Corrientes;CORRIENTES;Corrientes;0,648;01/10/2025
21815;TOMATE REDONDO;TOMATE REDONDO;Tomate Redondo;tomate_especifico;Corrientes;CORRIENTES;Corrientes;0,684;01/10/2025
21818;TOMATE PERITA;TOMATE PERITA;Tomate Perita;tomate_especifico;Corrientes;CORRIENTES;Corrientes;0,720;02/10/2025
21821;TOMATE CHERRY;TOMATE CHERRY;Tomate Cherry;tomate_especifico;Corrientes;CORRIENTES;Corrientes;0,060;02/10/2025
21826;TOMATE REDONDO;TOMATE REDONDO;Tomate Redondo;tomate_especifico;Corrientes;CORRIENTES;Corrientes;0,360;02/10/2025
21833;TOMATE REDONDO;TOMATE REDONDO;Tomate Redondo;tomate_especifico;Corrientes;CORRIENTES;Corrientes;0,162;02/10/2025
21844;TOMATE PERITA;TOMATE PERITA;Tomate Perita;tomate_especifico;Corrientes;CORRIENTES;Corrientes;0,324;02/10/2025
21848;TOMATE REDONDO;TOMATE REDONDO;Tomate Redondo;tomate_especifico;Corrientes;CORRIENTES;Corrientes;0,270;02/10/2025
21852;TOMATE PERITA;TOMATE PERITA;Tomate Perita;tomate_especifico;Corrientes;CORRIENTES;Corrientes;0,360;02/10/2025
21854;TOMATE PERITA;TOMATE PERITA;Tomate Perita;tomate_especifico;Corrientes;CORRIENTES;Corrientes;0,270;02/10/2025
21858;TOMATE PERITA;TOMATE PERITA;Tomate Perita;tomate_especifico;Corrientes;CORRIENTES;Corrientes;0,306;02/10/2025
21861;TOMATE PERITA;TOMATE PERITA;Tomate Perita;tomate_especifico;Corrientes;CORRIENTES;Corrientes;0,360;02/10/2025
21863;TOMATE REDONDO;TOMATE REDONDO;Tomate Redondo;tomate_especifico;Corrientes;CORRIENTES;Corrientes;0,648;02/10/2025
21869;TOMATE REDONDO;TOMATE REDONDO;Tomate Redondo;tomate_especifico;Corrientes;CORRIENTES;Corrientes;0,324;02/10/2025
21872;TOMATE REDONDO;TOMATE REDONDO;Tomate Redondo;tomate_especifico;Corrientes;CORRIENTES;Corrientes;0,720;02/10/2025
21874;TOMATE REDONDO;TOMATE REDONDO;Tomate Redondo;tomate_especifico;Corrientes;CORRIENTES;Corrientes;0,270;02/10/2025
21885;TOMATE REDONDO;TOMATE REDONDO;Tomate Redondo;tomate_especifico;Corrientes;CORRIENTES;Corrientes;0,360;02/10/2025
21887;TOMATE PERITA;TOMATE PERITA;Tomate Perita;tomate_especifico;Corrientes;CORRIENTES;Corrientes;0,450;02/10/2025
21890;TOMATE PERITA;TOMATE PERITA;Tomate Perita;tomate_especifico;Corrientes;CORRIENTES;Corrientes;0,360;02/10/2025
21893;TOMATE REDONDO;TOMATE REDONDO;Tomate Redondo;tomate_especifico;Corrientes;CORRIENTES;Corrientes;0,540;02/10/2025
21894;TOMATE REDONDO;TOMATE REDONDO;Tomate Redondo;tomate_especifico;Corrientes;CORRIENTES;Corrientes;1,836;02/10/2025
21896;TOMATE REDONDO;TOMATE REDONDO;Tomate Redondo;tomate_especifico;Corrientes;CORRIENTES;Corrientes;1,440;02/10/2025
21899;TOMATE REDONDO;TOMATE REDONDO;Tomate Redondo;tomate_especifico;Corrientes;CORRIENTES;Corrientes;0,180;02/10/2025
21900;TOMATE PERITA;TOMATE PERITA;Tomate Perita;tomate_especifico;Corrientes;CORRIENTES;Corrientes;1,260;02/10/2025
21906;TOMATE REDONDO;TOMATE REDONDO;Tomate Redondo;tomate_especifico;Corrientes;CORRIENTES;Corrientes;1,080;02/10/2025
21910;TOMATE CHERRY;TOMATE CHERRY;Tomate Cherry;tomate_especifico;Corrientes;CORRIENTES;Corrientes;0,050;02/10/2025
21912;TOMATE REDONDO;TOMATE REDONDO;Tomate Redondo;tomate_especifico;Corrientes;CORRIENTES;Corrientes;2,160;02/10/2025
21919;TOMATE REDONDO;TOMATE REDONDO;Tomate Redondo;tomate_especifico;Corrientes;CORRIENTES;Corrientes;0,720;02/10/2025
21920;TOMATE CHERRY;TOMATE CHERRY;Tomate Cherry;tomate_especifico;Corrientes;CORRIENTES;Corrientes;0,140;02/10/2025
21923;TOMATE REDONDO;TOMATE REDONDO;Tomate Redondo;tomate_especifico;Corrientes;CORRIENTES;Corrientes;0,400;02/10/2025
21924;TOMATE PERITA;TOMATE PERITA;Tomate Perita;tomate_especifico;Corrientes;CORRIENTES;Corrientes;0,400;02/10/2025
21941;TOMATE PERITA;TOMATE PERITA;Tomate Perita;tomate_especifico;Salta;CORRIENTES;Corrientes;2,000;02/10/2025
21955;TOMATE PERITA;TOMATE PERITA;Tomate Perita;tomate_especifico;Corrientes;CORRIENTES;Corrientes;0,180;03/10/2025
21959;TOMATE REDONDO;TOMATE REDONDO;Tomate Redondo;tomate_especifico;Corrientes;CORRIENTES;Corrientes;0,270;03/10/2025
21962;TOMATE REDONDO;TOMATE REDONDO;Tomate Redondo;tomate_especifico;Corrientes;CORRIENTES;Corrientes;0,180;03/10/2025
21963;TOMATE PERITA;TOMATE PERITA;Tomate Perita;tomate_especifico;Corrientes;CORRIENTES;Corrientes;0,324;03/10/2025
21965;TOMATE REDONDO;TOMATE REDONDO;Tomate Redondo;tomate_especifico;Corrientes;CORRIENTES;Corrientes;0,270;03/10/2025
21971;TOMATE REDONDO;TOMATE REDONDO;Tomate Redondo;tomate_especifico;Corrientes;CORRIENTES;Corrientes;0,720;03/10/2025
21982;TOMATE PERITA;TOMATE PERITA;Tomate Perita;tomate_especifico;Corrientes;CORRIENTES;Corrientes;0,144;03/10/2025
21983;TOMATE REDONDO;TOMATE REDONDO;Tomate Redondo;tomate_especifico;Corrientes;CORRIENTES;Corrientes;0,630;03/10/2025
21985;TOMATE CHERRY;TOMATE CHERRY;Tomate Cherry;tomate_especifico;Corrientes;CORRIENTES;Corrientes;0,015;03/10/2025
21990;TOMATE REDONDO;TOMATE REDONDO;Tomate Redondo;tomate_especifico;Corrientes;CORRIENTES;Corrientes;0,540;03/10/2025
21993;TOMATE PERITA;TOMATE PERITA;Tomate Perita;tomate_especifico;Corrientes;CORRIENTES;Corrientes;0,468;03/10/2025
21995;TOMATE PERITA;TOMATE PERITA;Tomate Perita;tomate_especifico;Corrientes;CORRIENTES;Corrientes;0,180;03/10/2025
21996;TOMATE REDONDO;TOMATE REDONDO;Tomate Redondo;tomate_especifico;Corrientes;CORRIENTES;Corrientes;0,180;03/10/2025
22001;TOMATE PERITA;TOMATE PERITA;Tomate Perita;tomate_especifico;Corrientes;CORRIENTES;Corrientes;0,360;03/10/2025
22004;TOMATE REDONDO;TOMATE REDONDO;Tomate Redondo;tomate_especifico;Corrientes;CORRIENTES;Corrientes;1,800;03/10/2025
22010;TOMATE PERITA;TOMATE PERITA;Tomate Perita;tomate_especifico;Corrientes;CORRIENTES;Corrientes;0,540;03/10/2025
22015;TOMATE PERITA;TOMATE PERITA;Tomate Perita;tomate_especifico;Corrientes;CORRIENTES;Corrientes;0,558;03/10/2025
22017;TOMATE PERITA;TOMATE PERITA;Tomate Perita;tomate_especifico;Corrientes;CORRIENTES;Corrientes;0,900;03/10/2025
22019;TOMATE PERITA;TOMATE PERITA;Tomate Perita;tomate_especifico;Corrientes;CORRIENTES;Corrientes;0,594;03/10/2025
22036;TOMATE PERITA;TOMATE PERITA;Tomate Perita;tomate_especifico;Jujuy;CORRIENTES;Corrientes;0,400;06/10/2025
22039;TOMATE PERITA;TOMATE PERITA;Tomate Perita;tomate_especifico;Corrientes;CORRIENTES;Corrientes;1,620;06/10/2025
22045;TOMATE REDONDO;TOMATE REDONDO;Tomate Redondo;tomate_especifico;Corrientes;CORRIENTES;Corrientes;0,720;06/10/2025
22053;TOMATE PERITA;TOMATE PERITA;Tomate Perita;tomate_especifico;Corrientes;CORRIENTES;Corrientes;0,252;06/10/2025
22055;TOMATE REDONDO;TOMATE REDONDO;Tomate Redondo;tomate_especifico;Corrientes;CORRIENTES;Corrientes;0,720;06/10/2025
22059;TOMATE PERITA;TOMATE PERITA;Tomate Perita;tomate_especifico;Corrientes;CORRIENTES;Corrientes;0,360;06/10/2025
22064;TOMATE REDONDO;TOMATE REDONDO;Tomate Redondo;tomate_especifico;Corrientes;CORRIENTES;Corrientes;0,090;06/10/2025
22068;TOMATE REDONDO;TOMATE REDONDO;Tomate Redondo;tomate_especifico;Corrientes;CORRIENTES;Corrientes;1,170;06/10/2025
22070;TOMATE PERITA;TOMATE PERITA;Tomate Perita;tomate_especifico;Corrientes;CORRIENTES;Corrientes;1,800;06/10/2025
22071;TOMATE PERITA;TOMATE PERITA;Tomate Perita;tomate_especifico;Corrientes;CORRIENTES;Corrientes;0,720;06/10/2025
22074;TOMATE REDONDO;TOMATE REDONDO;Tomate Redondo;tomate_especifico;Corrientes;CORRIENTES;Corrientes;0,630;06/10/2025
22076;TOMATE REDONDO;TOMATE REDONDO;Tomate Redondo;tomate_especifico;Corrientes;CORRIENTES;Corrientes;2,268;06/10/2025
22094;TOMATE PERITA;TOMATE PERITA;Tomate Perita;tomate_especifico;Corrientes;CORRIENTES;Corrientes;0,540;06/10/2025
22104;TOMATE REDONDO;TOMATE REDONDO;Tomate Redondo;tomate_especifico;Corrientes;CORRIENTES;Corrientes;0,360;06/10/2025
22114;TOMATE PERITA;TOMATE PERITA;Tomate Perita;tomate_especifico;Corrientes;CORRIENTES;Corrientes;1,080;06/10/2025
22115;TOMATE PERITA;TOMATE PERITA;Tomate Perita;tomate_especifico;Corrientes;CORRIENTES;Corrientes;0,342;06/10/2025
22120;TOMATE PERITA;TOMATE PERITA;Tomate Perita;tomate_especifico;Corrientes;CORRIENTES;Corrientes;0,288;06/10/2025
22127;TOMATE PERITA;TOMATE PERITA;Tomate Perita;tomate_especifico;Corrientes;CORRIENTES;Corrientes;0,270;06/10/2025
22135;TOMATE REDONDO;TOMATE REDONDO;Tomate Redondo;tomate_especifico;Corrientes;CORRIENTES;Corrientes;0,270;06/10/2025
22140;TOMATE PERITA;TOMATE PERITA;Tomate Perita;tomate_especifico;Corrientes;CORRIENTES;Corrientes;0,216;06/10/2025
22183;TOMATE PERITA;TOMATE PERITA;Tomate Perita;tomate_especifico;Corrientes;CORRIENTES;Corrientes;0,300;06/10/2025
22186;TOMATE PERITA;TOMATE PERITA;Tomate Perita;tomate_especifico;Corrientes;CORRIENTES;Corrientes;0,360;06/10/2025
22187;TOMATE REDONDO;TOMATE REDONDO;Tomate Redondo;tomate_especifico;Corrientes;CORRIENTES;Corrientes;0,060;06/10/2025
22191;TOMATE REDONDO;TOMATE REDONDO;Tomate Redondo;tomate_especifico;Corrientes;CORRIENTES;Corrientes;0,300;06/10/2025
22196;TOMATE CHERRY;TOMATE CHERRY;Tomate Cherry;tomate_especifico;Corrientes;CORRIENTES;Corrientes;0,015;06/10/2025
22199;TOMATE PERITA;TOMATE PERITA;Tomate Perita;tomate_especifico;Corrientes;CORRIENTES;Corrientes;1,600;06/10/2025
22200;TOMATE REDONDO;TOMATE REDONDO;Tomate Redondo;tomate_especifico;Corrientes;CORRIENTES;Corrientes;0,400;06/10/2025
22201;TOMATE REDONDO;TOMATE REDONDO;Tomate Redondo;tomate_especifico;Corrientes;CORRIENTES;Corrientes;0,150;06/10/2025
22202;TOMATE REDONDO;TOMATE REDONDO;Tomate Redondo;tomate_especifico;Corrientes;CORRIENTES;Corrientes;0,960;06/10/2025
22203;TOMATE PERITA;TOMATE PERITA;Tomate Perita;tomate_especifico;Corrientes;CORRIENTES;Corrientes;0,700;06/10/2025
22204;TOMATE PERITA;TOMATE PERITA;Tomate Perita;tomate_especifico;Corrientes;CORRIENTES;Corrientes;0,450;06/10/2025
22205;TOMATE PERITA;TOMATE PERITA;Tomate Perita;tomate_especifico;Corrientes;CORRIENTES;Corrientes;0,180;06/10/2025
22211;TOMATE REDONDO;TOMATE REDONDO;Tomate Redondo;tomate_especifico;Corrientes;CORRIENTES;Corrientes;0,720;06/10/2025
22212;TOMATE PERITA;TOMATE PERITA;Tomate Perita;tomate_especifico;Corrientes;CORRIENTES;Corrientes;0,520;06/10/2025
22215;TOMATE REDONDO;TOMATE REDONDO;Tomate Redondo;tomate_especifico;Corrientes;CORRIENTES;Corrientes;0,300;06/10/2025
22220;TOMATE PERITA;TOMATE PERITA;Tomate Perita;tomate_especifico;Corrientes;CORRIENTES;Corrientes;1,600;06/10/2025
22226;TOMATE REDONDO;TOMATE REDONDO;Tomate Redondo;tomate_especifico;Corrientes;CORRIENTES;Corrientes;0,200;06/10/2025
22236;TOMATE REDONDO;TOMATE REDONDO;Tomate Redondo;tomate_especifico;Corrientes;CORRIENTES;Corrientes;0,270;06/10/2025
22237;TOMATE REDONDO;TOMATE REDONDO;Tomate Redondo;tomate_especifico;Corrientes;CORRIENTES;Corrientes;0,180;06/10/2025
22239;TOMATE CHERRY;TOMATE CHERRY;Tomate Cherry;tomate_especifico;Corrientes;CORRIENTES;Corrientes;0,080;06/10/2025
22248;TOMATE REDONDO;TOMATE REDONDO;Tomate Redondo;tomate_especifico;Corrientes;CORRIENTES;Corrientes;0,360;06/10/2025
22254;TOMATE REDONDO;TOMATE REDONDO;Tomate Redondo;tomate_especifico;Corrientes;CORRIENTES;Corrientes;0,216;06/10/2025
22259;TOMATE REDONDO;TOMATE REDONDO;Tomate Redondo;tomate_especifico;Corrientes;CORRIENTES;Corrientes;0,450;06/10/2025
22263;TOMATE REDONDO;TOMATE REDONDO;Tomate Redondo;tomate_especifico;Corrientes;CORRIENTES;Corrientes;0,108;06/10/2025
22274;TOMATE REDONDO;TOMATE REDONDO;Tomate Redondo;tomate_especifico;Corrientes;CORRIENTES;Corrientes;0,360;06/10/2025
22281;TOMATE REDONDO;TOMATE REDONDO;Tomate Redondo;tomate_especifico;Corrientes;CORRIENTES;Corrientes;0,540;06/10/2025
22285;TOMATE REDONDO;TOMATE REDONDO;Tomate Redondo;tomate_especifico;Corrientes;CORRIENTES;Corrientes;0,720;06/10/2025
22290;TOMATE PERITA;TOMATE PERITA;Tomate Perita;tomate_especifico;Corrientes;CORRIENTES;Corrientes;0,270;06/10/2025
22293;TOMATE PERITA;TOMATE PERITA;Tomate Perita;tomate_especifico;Corrientes;CORRIENTES;Corrientes;1,800;06/10/2025
22294;TOMATE REDONDO;TOMATE REDONDO;Tomate Redondo;tomate_especifico;Corrientes;CORRIENTES;Corrientes;0,810;06/10/2025
22312;TOMATE PERITA;TOMATE PERITA;Tomate Perita;tomate_especifico;Corrientes;CORRIENTES;Corrientes;0,810;06/10/2025
22317;TOMATE REDONDO;TOMATE REDONDO;Tomate Redondo;tomate_especifico;Corrientes;CORRIENTES;Corrientes;0,180;06/10/2025
22323;TOMATE REDONDO;TOMATE REDONDO;Tomate Redondo;tomate_especifico;Corrientes;CORRIENTES;Corrientes;0,180;06/10/2025
22325;TOMATE CHERRY;TOMATE CHERRY;Tomate Cherry;tomate_especifico;Corrientes;CORRIENTES;Corrientes;0,080;06/10/2025
22327;TOMATE REDONDO;TOMATE REDONDO;Tomate Redondo;tomate_especifico;Corrientes;CORRIENTES;Corrientes;0,270;06/10/2025
22336;TOMATE REDONDO;TOMATE REDONDO;Tomate Redondo;tomate_especifico;Corrientes;CORRIENTES;Corrientes;0,450;06/10/2025
22343;TOMATE REDONDO;TOMATE REDONDO;Tomate Redondo;tomate_especifico;Corrientes;CORRIENTES;Corrientes;0,360;06/10/2025
22344;TOMATE PERITA;TOMATE PERITA;Tomate Perita;tomate_especifico;Corrientes;CORRIENTES;Corrientes;0,270;06/10/2025
22349;TOMATE REDONDO;TOMATE REDONDO;Tomate Redondo;tomate_especifico;Corrientes;CORRIENTES;Corrientes;0,180;06/10/2025
22350;TOMATE PERITA;TOMATE PERITA;Tomate Perita;tomate_especifico;Corrientes;CORRIENTES;Corrientes;0,720;06/10/2025
22351;TOMATE REDONDO;TOMATE REDONDO;Tomate Redondo;tomate_especifico;Corrientes;CORRIENTES;Corrientes;0,756;06/10/2025
22370;TOMATE PERITA;TOMATE PERITA;Tomate Perita;tomate_especifico;Corrientes;CORRIENTES;Corrientes;0,216;07/10/2025
22372;TOMATE PERITA;TOMATE PERITA;Tomate Perita;tomate_especifico;Corrientes;CORRIENTES;Corrientes;0,270;07/10/2025
22379;TOMATE PERITA;TOMATE PERITA;Tomate Perita;tomate_especifico;Corrientes;CORRIENTES;Corrientes;0,180;07/10/2025
22383;TOMATE REDONDO;TOMATE REDONDO;Tomate Redondo;tomate_especifico;Corrientes;CORRIENTES;Corrientes;0,180;07/10/2025
22385;TOMATE REDONDO;TOMATE REDONDO;Tomate Redondo;tomate_especifico;Corrientes;CORRIENTES;Corrientes;0,540;07/10/2025
22387;TOMATE PERITA;TOMATE PERITA;Tomate Perita;tomate_especifico;Corrientes;CORRIENTES;Corrientes;1,530;07/10/2025
22395;TOMATE PERITA;TOMATE PERITA;Tomate Perita;tomate_especifico;Corrientes;CORRIENTES;Corrientes;0,090;07/10/2025
22396;TOMATE REDONDO;TOMATE REDONDO;Tomate Redondo;tomate_especifico;Corrientes;CORRIENTES;Corrientes;0,090;07/10/2025
22400;TOMATE PERITA;TOMATE PERITA;Tomate Perita;tomate_especifico;Corrientes;CORRIENTES;Corrientes;0,540;07/10/2025
22415;TOMATE PERITA;TOMATE PERITA;Tomate Perita;tomate_especifico;Corrientes;CORRIENTES;Corrientes;0,900;07/10/2025
22416;TOMATE PERITA;TOMATE PERITA;Tomate Perita;tomate_especifico;Corrientes;CORRIENTES;Corrientes;0,360;07/10/2025
22420;TOMATE REDONDO;TOMATE REDONDO;Tomate Redondo;tomate_especifico;Corrientes;CORRIENTES;Corrientes;0,270;07/10/2025
22422;TOMATE CHERRY;TOMATE CHERRY;Tomate Cherry;tomate_especifico;Corrientes;CORRIENTES;Corrientes;0,020;07/10/2025
22429;TOMATE PERITA;TOMATE PERITA;Tomate Perita;tomate_especifico;Corrientes;CORRIENTES;Corrientes;0,270;07/10/2025
22430;TOMATE REDONDO;TOMATE REDONDO;Tomate Redondo;tomate_especifico;Corrientes;CORRIENTES;Corrientes;0,540;07/10/2025
22437;TOMATE PERITA;TOMATE PERITA;Tomate Perita;tomate_especifico;Corrientes;CORRIENTES;Corrientes;1,080;07/10/2025
22447;TOMATE PERITA;TOMATE PERITA;Tomate Perita;tomate_especifico;Corrientes;CORRIENTES;Corrientes;1,800;07/10/2025
22448;TOMATE PERITA;TOMATE PERITA;Tomate Perita;tomate_especifico;Corrientes;CORRIENTES;Corrientes;1,080;07/10/2025
22453;TOMATE PERITA;TOMATE PERITA;Tomate Perita;tomate_especifico;Corrientes;CORRIENTES;Corrientes;0,360;07/10/2025
22475;TOMATE PERITA;TOMATE PERITA;Tomate Perita;tomate_especifico;Corrientes;CORRIENTES;Corrientes;0,540;08/10/2025
22493;TOMATE REDONDO;TOMATE REDONDO;Tomate Redondo;tomate_especifico;Corrientes;CORRIENTES;Corrientes;0,720;08/10/2025
22503;TOMATE REDONDO;TOMATE REDONDO;Tomate Redondo;tomate_especifico;Corrientes;CORRIENTES;Corrientes;0,630;08/10/2025
22504;TOMATE PERITA;TOMATE PERITA;Tomate Perita;tomate_especifico;Corrientes;CORRIENTES;Corrientes;0,270;08/10/2025
22510;TOMATE REDONDO;TOMATE REDONDO;Tomate Redondo;tomate_especifico;Corrientes;CORRIENTES;Corrientes;0,540;08/10/2025
22516;TOMATE PERITA;TOMATE PERITA;Tomate Perita;tomate_especifico;Corrientes;CORRIENTES;Corrientes;0,288;08/10/2025
22517;TOMATE REDONDO;TOMATE REDONDO;Tomate Redondo;tomate_especifico;Corrientes;CORRIENTES;Corrientes;0,810;08/10/2025
22519;TOMATE REDONDO;TOMATE REDONDO;Tomate Redondo;tomate_especifico;Corrientes;CORRIENTES;Corrientes;0,126;08/10/2025
22522;TOMATE PERITA;TOMATE PERITA;Tomate Perita;tomate_especifico;Corrientes;CORRIENTES;Corrientes;0,450;08/10/2025
22524;TOMATE REDONDO;TOMATE REDONDO;Tomate Redondo;tomate_especifico;Corrientes;CORRIENTES;Corrientes;0,090;08/10/2025
22525;TOMATE REDONDO;TOMATE REDONDO;Tomate Redondo;tomate_especifico;Corrientes;CORRIENTES;Corrientes;0,900;08/10/2025
22529;TOMATE REDONDO;TOMATE REDONDO;Tomate Redondo;tomate_especifico;Corrientes;CORRIENTES;Corrientes;0,990;08/10/2025
22532;TOMATE REDONDO;TOMATE REDONDO;Tomate Redondo;tomate_especifico;Corrientes;CORRIENTES;Corrientes;3,600;08/10/2025
22537;TOMATE REDONDO;TOMATE REDONDO;Tomate Redondo;tomate_especifico;Corrientes;CORRIENTES;Corrientes;0,180;08/10/2025
22560;TOMATE REDONDO;TOMATE REDONDO;Tomate Redondo;tomate_especifico;Corrientes;CORRIENTES;Corrientes;0,360;09/10/2025
22562;TOMATE PERITA;TOMATE PERITA;Tomate Perita;tomate_especifico;Corrientes;CORRIENTES;Corrientes;0,252;09/10/2025
22574;TOMATE REDONDO;TOMATE REDONDO;Tomate Redondo;tomate_especifico;Corrientes;CORRIENTES;Corrientes;0,900;09/10/2025
22578;TOMATE REDONDO;TOMATE REDONDO;Tomate Redondo;tomate_especifico;Corrientes;CORRIENTES;Corrientes;0,180;09/10/2025
22580;TOMATE REDONDO;TOMATE REDONDO;Tomate Redondo;tomate_especifico;Corrientes;CORRIENTES;Corrientes;0,144;09/10/2025
22588;TOMATE PERITA;TOMATE PERITA;Tomate Perita;tomate_especifico;Corrientes;CORRIENTES;Corrientes;0,450;09/10/2025
22591;TOMATE PERITA;TOMATE PERITA;Tomate Perita;tomate_especifico;Corrientes;CORRIENTES;Corrientes;0,270;09/10/2025
22592;TOMATE REDONDO;TOMATE REDONDO;Tomate Redondo;tomate_especifico;Corrientes;CORRIENTES;Corrientes;0,180;09/10/2025
22593;TOMATE PERITA;TOMATE PERITA;Tomate Perita;tomate_especifico;Corrientes;CORRIENTES;Corrientes;0,180;09/10/2025
22596;TOMATE PERITA;TOMATE PERITA;Tomate Perita;tomate_especifico;Corrientes;CORRIENTES;Corrientes;0,540;09/10/2025
22600;TOMATE REDONDO;TOMATE REDONDO;Tomate Redondo;tomate_especifico;Corrientes;CORRIENTES;Corrientes;0,450;09/10/2025
22601;TOMATE PERITA;TOMATE PERITA;Tomate Perita;tomate_especifico;Corrientes;CORRIENTES;Corrientes;0,270;09/10/2025
22615;TOMATE REDONDO;TOMATE REDONDO;Tomate Redondo;tomate_especifico;Corrientes;CORRIENTES;Corrientes;1,260;09/10/2025
22623;TOMATE PERITA;TOMATE PERITA;Tomate Perita;tomate_especifico;Corrientes;CORRIENTES;Corrientes;0,360;09/10/2025
22631;TOMATE PERITA;TOMATE PERITA;Tomate Perita;tomate_especifico;Corrientes;CORRIENTES;Corrientes;0,936;09/10/2025
22673;TOMATE REDONDO;TOMATE REDONDO;Tomate Redondo;tomate_especifico;Corrientes;CORRIENTES;Corrientes;0,900;13/10/2025
22685;TOMATE REDONDO;TOMATE REDONDO;Tomate Redondo;tomate_especifico;Corrientes;CORRIENTES;Corrientes;0,360;13/10/2025
22691;TOMATE PERITA;TOMATE PERITA;Tomate Perita;tomate_especifico;Corrientes;CORRIENTES;Corrientes;1,080;13/10/2025
22698;TOMATE CHERRY;TOMATE CHERRY;Tomate Cherry;tomate_especifico;Corrientes;CORRIENTES;Corrientes;0,050;13/10/2025
22707;TOMATE CHERRY;TOMATE CHERRY;Tomate Cherry;tomate_especifico;Corrientes;CORRIENTES;Corrientes;0,050;13/10/2025
22728;TOMATE PERITA;TOMATE PERITA;Tomate Perita;tomate_especifico;Corrientes;CORRIENTES;Corrientes;0,270;13/10/2025
22732;TOMATE PERITA;TOMATE PERITA;Tomate Perita;tomate_especifico;Corrientes;CORRIENTES;Corrientes;0,720;13/10/2025
22736;TOMATE PERITA;TOMATE PERITA;Tomate Perita;tomate_especifico;Corrientes;CORRIENTES;Corrientes;0,432;13/10/2025
22737;TOMATE REDONDO;TOMATE REDONDO;Tomate Redondo;tomate_especifico;Corrientes;CORRIENTES;Corrientes;1,440;13/10/2025
22740;TOMATE REDONDO;TOMATE REDONDO;Tomate Redondo;tomate_especifico;Corrientes;CORRIENTES;Corrientes;0,720;13/10/2025
22742;TOMATE CHERRY;TOMATE CHERRY;Tomate Cherry;tomate_especifico;Corrientes;CORRIENTES;Corrientes;0,060;13/10/2025
22743;TOMATE REDONDO;TOMATE REDONDO;Tomate Redondo;tomate_especifico;Corrientes;CORRIENTES;Corrientes;0,540;13/10/2025
22747;TOMATE CHERRY;TOMATE CHERRY;Tomate Cherry;tomate_especifico;Corrientes;CORRIENTES;Corrientes;0,050;13/10/2025
22751;TOMATE PERITA;TOMATE PERITA;Tomate Perita;tomate_especifico;Corrientes;CORRIENTES;Corrientes;0,450;13/10/2025
22758;TOMATE REDONDO;TOMATE REDONDO;Tomate Redondo;tomate_especifico;Corrientes;CORRIENTES;Corrientes;0,180;13/10/2025
22761;TOMATE PERITA;TOMATE PERITA;Tomate Perita;tomate_especifico;Corrientes;CORRIENTES;Corrientes;0,180;13/10/2025
22765;TOMATE PERITA;TOMATE PERITA;Tomate Perita;tomate_especifico;Corrientes;CORRIENTES;Corrientes;0,540;13/10/2025
22766;TOMATE PERITA;TOMATE PERITA;Tomate Perita;tomate_especifico;Corrientes;CORRIENTES;Corrientes;0,720;13/10/2025
22768;TOMATE REDONDO;TOMATE REDONDO;Tomate Redondo;tomate_especifico;Corrientes;CORRIENTES;Corrientes;0,954;13/10/2025
22769;TOMATE PERITA;TOMATE PERITA;Tomate Perita;tomate_especifico;Corrientes;CORRIENTES;Corrientes;0,792;13/10/2025
22773;TOMATE REDONDO;TOMATE REDONDO;Tomate Redondo;tomate_especifico;Corrientes;CORRIENTES;Corrientes;0,666;13/10/2025
22776;TOMATE REDONDO;TOMATE REDONDO;Tomate Redondo;tomate_especifico;Corrientes;CORRIENTES;Corrientes;0,360;13/10/2025
22777;TOMATE CHERRY;TOMATE CHERRY;Tomate Cherry;tomate_especifico;Corrientes;CORRIENTES;Corrientes;0,200;13/10/2025
22778;TOMATE PERITA;TOMATE PERITA;Tomate Perita;tomate_especifico;Corrientes;CORRIENTES;Corrientes;1,800;13/10/2025
22779;TOMATE PERITA;TOMATE PERITA;Tomate Perita;tomate_especifico;Corrientes;CORRIENTES;Corrientes;0,180;13/10/2025
22780;TOMATE REDONDO;TOMATE REDONDO;Tomate Redondo;tomate_especifico;Corrientes;CORRIENTES;Corrientes;0,270;13/10/2025
22782;TOMATE PERITA;TOMATE PERITA;Tomate Perita;tomate_especifico;Corrientes;CORRIENTES;Corrientes;0,900;13/10/2025
22784;TOMATE PERITA;TOMATE PERITA;Tomate Perita;tomate_especifico;Corrientes;CORRIENTES;Corrientes;45,576;13/10/2025
22787;TOMATE PERITA;TOMATE PERITA;Tomate Perita;tomate_especifico;Corrientes;CORRIENTES;Corrientes;1,440;13/10/2025
22788;TOMATE PERITA;TOMATE PERITA;Tomate Perita;tomate_especifico;Corrientes;CORRIENTES;Corrientes;1,908;13/10/2025
22790;TOMATE PERITA;TOMATE PERITA;Tomate Perita;tomate_especifico;Corrientes;CORRIENTES;Corrientes;0,450;13/10/2025
22795;TOMATE REDONDO;TOMATE REDONDO;Tomate Redondo;tomate_especifico;Corrientes;CORRIENTES;Corrientes;0,630;13/10/2025
22796;TOMATE PERITA;TOMATE PERITA;Tomate Perita;tomate_especifico;Corrientes;CORRIENTES;Corrientes;0,216;13/10/2025
22799;TOMATE REDONDO;TOMATE REDONDO;Tomate Redondo;tomate_especifico;Corrientes;CORRIENTES;Corrientes;0,216;13/10/2025
22804;TOMATE REDONDO;TOMATE REDONDO;Tomate Redondo;tomate_especifico;Corrientes;CORRIENTES;Corrientes;1,260;13/10/2025
22805;TOMATE CHERRY;TOMATE CHERRY;Tomate Cherry;tomate_especifico;Corrientes;CORRIENTES;Corrientes;0,080;13/10/2025
22809;TOMATE REDONDO;TOMATE REDONDO;Tomate Redondo;tomate_especifico;Corrientes;CORRIENTES;Corrientes;2,700;13/10/2025
22813;TOMATE CHERRY;TOMATE CHERRY;Tomate Cherry;tomate_especifico;Corrientes;CORRIENTES;Corrientes;0,300;13/10/2025
22820;TOMATE PERITA;TOMATE PERITA;Tomate Perita;tomate_especifico;Corrientes;CORRIENTES;Corrientes;0,540;13/10/2025
22838;TOMATE REDONDO;TOMATE REDONDO;Tomate Redondo;tomate_especifico;Corrientes;CORRIENTES;Corrientes;0,720;13/10/2025
22848;TOMATE REDONDO;TOMATE REDONDO;Tomate Redondo;tomate_especifico;Corrientes;CORRIENTES;Corrientes;0,630;13/10/2025
22849;TOMATE PERITA;TOMATE PERITA;Tomate Perita;tomate_especifico;Corrientes;CORRIENTES;Corrientes;0,270;13/10/2025
22855;TOMATE REDONDO;TOMATE REDONDO;Tomate Redondo;tomate_especifico;Corrientes;CORRIENTES;Corrientes;0,540;13/10/2025
22861;TOMATE PERITA;TOMATE PERITA;Tomate Perita;tomate_especifico;Corrientes;CORRIENTES;Corrientes;0,288;13/10/2025
22862;TOMATE REDONDO;TOMATE REDONDO;Tomate Redondo;tomate_especifico;Corrientes;CORRIENTES;Corrientes;0,810;13/10/2025
22864;TOMATE REDONDO;TOMATE REDONDO;Tomate Redondo;tomate_especifico;Corrientes;CORRIENTES;Corrientes;0,126;13/10/2025
22867;TOMATE PERITA;TOMATE PERITA;Tomate Perita;tomate_especifico;Corrientes;CORRIENTES;Corrientes;0,450;13/10/2025
22869;TOMATE REDONDO;TOMATE REDONDO;Tomate Redondo;tomate_especifico;Corrientes;CORRIENTES;Corrientes;0,090;13/10/2025
22874;TOMATE PERITA;TOMATE PERITA;Tomate Perita;tomate_especifico;Corrientes;CORRIENTES;Corrientes;0,360;14/10/2025
22879;TOMATE PERITA;TOMATE PERITA;Tomate Perita;tomate_especifico;Corrientes;CORRIENTES;Corrientes;0,486;14/10/2025
22881;TOMATE REDONDO;TOMATE REDONDO;Tomate Redondo;tomate_especifico;Corrientes;CORRIENTES;Corrientes;0,270;14/10/2025
22884;TOMATE PERITA;TOMATE PERITA;Tomate Perita;tomate_especifico;Corrientes;CORRIENTES;Corrientes;0,180;14/10/2025
22885;TOMATE REDONDO;TOMATE REDONDO;Tomate Redondo;tomate_especifico;Corrientes;CORRIENTES;Corrientes;0,180;14/10/2025
22887;TOMATE REDONDO;TOMATE REDONDO;Tomate Redondo;tomate_especifico;Corrientes;CORRIENTES;Corrientes;0,360;14/10/2025
22896;TOMATE REDONDO;TOMATE REDONDO;Tomate Redondo;tomate_especifico;Corrientes;CORRIENTES;Corrientes;1,080;14/10/2025
22900;TOMATE REDONDO;TOMATE REDONDO;Tomate Redondo;tomate_especifico;Corrientes;CORRIENTES;Corrientes;0,180;14/10/2025
22903;TOMATE PERITA;TOMATE PERITA;Tomate Perita;tomate_especifico;Corrientes;CORRIENTES;Corrientes;0,324;14/10/2025
22906;TOMATE PERITA;TOMATE PERITA;Tomate Perita;tomate_especifico;Corrientes;CORRIENTES;Corrientes;1,080;14/10/2025
22907;TOMATE REDONDO;TOMATE REDONDO;Tomate Redondo;tomate_especifico;Corrientes;CORRIENTES;Corrientes;0,990;14/10/2025
22910;TOMATE PERITA;TOMATE PERITA;Tomate Perita;tomate_especifico;Corrientes;CORRIENTES;Corrientes;0,360;14/10/2025
22915;TOMATE REDONDO;TOMATE REDONDO;Tomate Redondo;tomate_especifico;Corrientes;CORRIENTES;Corrientes;0,180;14/10/2025
22916;TOMATE CHERRY;TOMATE CHERRY;Tomate Cherry;tomate_especifico;Corrientes;CORRIENTES;Corrientes;0,020;14/10/2025
22920;TOMATE REDONDO;TOMATE REDONDO;Tomate Redondo;tomate_especifico;Corrientes;CORRIENTES;Corrientes;0,720;14/10/2025
22927;TOMATE REDONDO;TOMATE REDONDO;Tomate Redondo;tomate_especifico;Corrientes;CORRIENTES;Corrientes;0,720;14/10/2025
22930;TOMATE PERITA;TOMATE PERITA;Tomate Perita;tomate_especifico;Corrientes;CORRIENTES;Corrientes;0,270;14/10/2025
22931;TOMATE REDONDO;TOMATE REDONDO;Tomate Redondo;tomate_especifico;Corrientes;CORRIENTES;Corrientes;0,180;14/10/2025
22934;TOMATE PERITA;TOMATE PERITA;Tomate Perita;tomate_especifico;Corrientes;CORRIENTES;Corrientes;0,180;14/10/2025
22935;TOMATE REDONDO;TOMATE REDONDO;Tomate Redondo;tomate_especifico;Corrientes;CORRIENTES;Corrientes;0,144;14/10/2025
22937;TOMATE PERITA;TOMATE PERITA;Tomate Perita;tomate_especifico;Corrientes;CORRIENTES;Corrientes;0,360;14/10/2025
22940;TOMATE PERITA;TOMATE PERITA;Tomate Perita;tomate_especifico;Corrientes;CORRIENTES;Corrientes;1,800;14/10/2025
22941;TOMATE PERITA;TOMATE PERITA;Tomate Perita;tomate_especifico;Corrientes;CORRIENTES;Corrientes;0,540;14/10/2025
22943;TOMATE PERITA;TOMATE PERITA;Tomate Perita;tomate_especifico;Corrientes;CORRIENTES;Corrientes;0,810;14/10/2025
22950;TOMATE REDONDO;TOMATE REDONDO;Tomate Redondo;tomate_especifico;Corrientes;CORRIENTES;Corrientes;0,810;15/10/2025
22954;TOMATE REDONDO;TOMATE REDONDO;Tomate Redondo;tomate_especifico;Corrientes;CORRIENTES;Corrientes;0,396;15/10/2025
22956;TOMATE PERITA;TOMATE PERITA;Tomate Perita;tomate_especifico;Corrientes;CORRIENTES;Corrientes;0,900;15/10/2025
22958;TOMATE REDONDO;TOMATE REDONDO;Tomate Redondo;tomate_especifico;Corrientes;CORRIENTES;Corrientes;1,800;15/10/2025
22959;TOMATE REDONDO;TOMATE REDONDO;Tomate Redondo;tomate_especifico;Corrientes;CORRIENTES;Corrientes;0,900;15/10/2025
22966;TOMATE PERITA;TOMATE PERITA;Tomate Perita;tomate_especifico;Corrientes;CORRIENTES;Corrientes;0,540;15/10/2025
22969;TOMATE REDONDO;TOMATE REDONDO;Tomate Redondo;tomate_especifico;Corrientes;CORRIENTES;Corrientes;0,720;15/10/2025
22974;TOMATE REDONDO;TOMATE REDONDO;Tomate Redondo;tomate_especifico;Corrientes;CORRIENTES;Corrientes;0,900;15/10/2025
22987;TOMATE REDONDO;TOMATE REDONDO;Tomate Redondo;tomate_especifico;Corrientes;CORRIENTES;Corrientes;0,432;16/10/2025
22988;TOMATE PERITA;TOMATE PERITA;Tomate Perita;tomate_especifico;Corrientes;CORRIENTES;Corrientes;0,252;16/10/2025
22990;TOMATE REDONDO;TOMATE REDONDO;Tomate Redondo;tomate_especifico;Corrientes;CORRIENTES;Corrientes;1,800;16/10/2025
22991;TOMATE PERITA;TOMATE PERITA;Tomate Perita;tomate_especifico;Corrientes;CORRIENTES;Corrientes;0,630;16/10/2025
22994;TOMATE PERITA;TOMATE PERITA;Tomate Perita;tomate_especifico;Corrientes;CORRIENTES;Corrientes;1,620;16/10/2025
23000;TOMATE PERITA;TOMATE PERITA;Tomate Perita;tomate_especifico;Corrientes;CORRIENTES;Corrientes;1,206;16/10/2025
23004;TOMATE REDONDO;TOMATE REDONDO;Tomate Redondo;tomate_especifico;Corrientes;CORRIENTES;Corrientes;0,180;16/10/2025
23011;TOMATE PERITA;TOMATE PERITA;Tomate Perita;tomate_especifico;Corrientes;CORRIENTES;Corrientes;0,360;16/10/2025
23023;TOMATE PERITA;TOMATE PERITA;Tomate Perita;tomate_especifico;Corrientes;CORRIENTES;Corrientes;0,270;16/10/2025
23025;TOMATE REDONDO;TOMATE REDONDO;Tomate Redondo;tomate_especifico;Corrientes;CORRIENTES;Corrientes;0,540;16/10/2025
23028;TOMATE REDONDO;TOMATE REDONDO;Tomate Redondo;tomate_especifico;Corrientes;CORRIENTES;Corrientes;0,450;16/10/2025
23030;TOMATE REDONDO;TOMATE REDONDO;Tomate Redondo;tomate_especifico;Corrientes;CORRIENTES;Corrientes;0,270;16/10/2025
23031;TOMATE PERITA;TOMATE PERITA;Tomate Perita;tomate_especifico;Corrientes;CORRIENTES;Corrientes;0,216;16/10/2025
23035;TOMATE REDONDO;TOMATE REDONDO;Tomate Redondo;tomate_especifico;Corrientes;CORRIENTES;Corrientes;0,486;16/10/2025
23036;TOMATE PERITA;TOMATE PERITA;Tomate Perita;tomate_especifico;Corrientes;CORRIENTES;Corrientes;0,450;16/10/2025
23042;TOMATE PERITA;TOMATE PERITA;Tomate Perita;tomate_especifico;Corrientes;CORRIENTES;Corrientes;0,360;16/10/2025
23046;TOMATE REDONDO;TOMATE REDONDO;Tomate Redondo;tomate_especifico;Corrientes;CORRIENTES;Corrientes;0,540;16/10/2025
23051;TOMATE REDONDO;TOMATE REDONDO;Tomate Redondo;tomate_especifico;Corrientes;CORRIENTES;Corrientes;0,720;16/10/2025
23057;TOMATE REDONDO;TOMATE REDONDO;Tomate Redondo;tomate_especifico;Corrientes;CORRIENTES;Corrientes;1,350;16/10/2025
23061;TOMATE PERITA;TOMATE PERITA;Tomate Perita;tomate_especifico;Corrientes;CORRIENTES;Corrientes;0,300;16/10/2025
23064;TOMATE PERITA;TOMATE PERITA;Tomate Perita;tomate_especifico;Corrientes;CORRIENTES;Corrientes;0,300;16/10/2025
23082;TOMATE REDONDO;TOMATE REDONDO;Tomate Redondo;tomate_especifico;Corrientes;CORRIENTES;Corrientes;0,360;16/10/2025
23087;TOMATE PERITA;TOMATE PERITA;Tomate Perita;tomate_especifico;Corrientes;CORRIENTES;Corrientes;0,450;16/10/2025
23091;TOMATE CHERRY;TOMATE CHERRY;Tomate Cherry;tomate_especifico;Corrientes;CORRIENTES;Corrientes;0,030;16/10/2025
23096;TOMATE PERITA;TOMATE PERITA;Tomate Perita;tomate_especifico;Corrientes;CORRIENTES;Corrientes;0,450;16/10/2025
23098;TOMATE PERITA;TOMATE PERITA;Tomate Perita;tomate_especifico;Corrientes;CORRIENTES;Corrientes;1,800;16/10/2025
23101;TOMATE REDONDO;TOMATE REDONDO;Tomate Redondo;tomate_especifico;Corrientes;CORRIENTES;Corrientes;0,720;16/10/2025
23104;TOMATE PERITA;TOMATE PERITA;Tomate Perita;tomate_especifico;Corrientes;CORRIENTES;Corrientes;0,468;16/10/2025
23106;TOMATE CHERRY;TOMATE CHERRY;Tomate Cherry;tomate_especifico;Corrientes;CORRIENTES;Corrientes;0,120;16/10/2025
23120;TOMATE REDONDO;TOMATE REDONDO;Tomate Redondo;tomate_especifico;Corrientes;CORRIENTES;Corrientes;0,270;17/10/2025
23122;TOMATE REDONDO;TOMATE REDONDO;Tomate Redondo;tomate_especifico;Corrientes;CORRIENTES;Corrientes;0,180;17/10/2025
23138;TOMATE PERITA;TOMATE PERITA;Tomate Perita;tomate_especifico;Corrientes;CORRIENTES;Corrientes;0,900;17/10/2025
23139;TOMATE REDONDO;TOMATE REDONDO;Tomate Redondo;tomate_especifico;Corrientes;CORRIENTES;Corrientes;0,720;17/10/2025
23140;TOMATE PERITA;TOMATE PERITA;Tomate Perita;tomate_especifico;Corrientes;CORRIENTES;Corrientes;0,360;17/10/2025
23142;TOMATE PERITA;TOMATE PERITA;Tomate Perita;tomate_especifico;Corrientes;CORRIENTES;Corrientes;0,396;17/10/2025
23147;TOMATE PERITA;TOMATE PERITA;Tomate Perita;tomate_especifico;Corrientes;CORRIENTES;Corrientes;0,450;17/10/2025
23149;TOMATE REDONDO;TOMATE REDONDO;Tomate Redondo;tomate_especifico;Corrientes;CORRIENTES;Corrientes;0,180;17/10/2025
23151;TOMATE PERITA;TOMATE PERITA;Tomate Perita;tomate_especifico;Corrientes;CORRIENTES;Corrientes;0,180;17/10/2025
23153;TOMATE PERITA;TOMATE PERITA;Tomate Perita;tomate_especifico;Corrientes;CORRIENTES;Corrientes;0,360;17/10/2025
23155;TOMATE PERITA;TOMATE PERITA;Tomate Perita;tomate_especifico;Corrientes;CORRIENTES;Corrientes;0,720;17/10/2025
23157;TOMATE PERITA;TOMATE PERITA;Tomate Perita;tomate_especifico;Corrientes;CORRIENTES;Corrientes;1,800;17/10/2025
23161;TOMATE PERITA;TOMATE PERITA;Tomate Perita;tomate_especifico;Corrientes;CORRIENTES;Corrientes;0,450;17/10/2025
23164;TOMATE PERITA;TOMATE PERITA;Tomate Perita;tomate_especifico;Corrientes;CORRIENTES;Corrientes;0,540;17/10/2025
23169;TOMATE REDONDO;TOMATE REDONDO;Tomate Redondo;tomate_especifico;Corrientes;CORRIENTES;Corrientes;0,180;17/10/2025
23171;TOMATE CHERRY;TOMATE CHERRY;Tomate Cherry;tomate_especifico;Corrientes;CORRIENTES;Corrientes;0,010;17/10/2025
23216;TOMATE REDONDO;TOMATE REDONDO;Tomate Redondo;tomate_especifico;Corrientes;CORRIENTES;Corrientes;0,360;20/10/2025
23217;TOMATE REDONDO;TOMATE REDONDO;Tomate Redondo;tomate_especifico;Corrientes;CORRIENTES;Corrientes;0,270;20/10/2025
23220;TOMATE PERITA;TOMATE PERITA;Tomate Perita;tomate_especifico;Corrientes;CORRIENTES;Corrientes;0,270;20/10/2025
23224;TOMATE PERITA;TOMATE PERITA;Tomate Perita;tomate_especifico;Corrientes;CORRIENTES;Corrientes;0,360;20/10/2025
23230;TOMATE REDONDO;TOMATE REDONDO;Tomate Redondo;tomate_especifico;Corrientes;CORRIENTES;Corrientes;0,270;20/10/2025
23234;TOMATE REDONDO;TOMATE REDONDO;Tomate Redondo;tomate_especifico;Corrientes;CORRIENTES;Corrientes;0,270;20/10/2025
23237;TOMATE REDONDO;TOMATE REDONDO;Tomate Redondo;tomate_especifico;Corrientes;CORRIENTES;Corrientes;0,180;20/10/2025
23238;TOMATE REDONDO;TOMATE REDONDO;Tomate Redondo;tomate_especifico;Corrientes;CORRIENTES;Corrientes;1,440;20/10/2025
23239;TOMATE PERITA;TOMATE PERITA;Tomate Perita;tomate_especifico;Corrientes;CORRIENTES;Corrientes;0,270;20/10/2025
23240;TOMATE PERITA;TOMATE PERITA;Tomate Perita;tomate_especifico;Corrientes;CORRIENTES;Corrientes;0,720;20/10/2025
23244;TOMATE PERITA;TOMATE PERITA;Tomate Perita;tomate_especifico;Corrientes;CORRIENTES;Corrientes;0,306;20/10/2025
23247;TOMATE PERITA;TOMATE PERITA;Tomate Perita;tomate_especifico;Corrientes;CORRIENTES;Corrientes;0,540;20/10/2025
23250;TOMATE PERITA;TOMATE PERITA;Tomate Perita;tomate_especifico;Corrientes;CORRIENTES;Corrientes;0,216;20/10/2025
23255;TOMATE PERITA;TOMATE PERITA;Tomate Perita;tomate_especifico;Corrientes;CORRIENTES;Corrientes;0,180;20/10/2025
23258;TOMATE REDONDO;TOMATE REDONDO;Tomate Redondo;tomate_especifico;Corrientes;CORRIENTES;Corrientes;0,540;20/10/2025
23260;TOMATE REDONDO;TOMATE REDONDO;Tomate Redondo;tomate_especifico;Corrientes;CORRIENTES;Corrientes;0,180;20/10/2025
23270;TOMATE PERITA;TOMATE PERITA;Tomate Perita;tomate_especifico;Corrientes;CORRIENTES;Corrientes;0,360;20/10/2025
23271;TOMATE PERITA;TOMATE PERITA;Tomate Perita;tomate_especifico;Corrientes;CORRIENTES;Corrientes;0,306;20/10/2025
23274;TOMATE PERITA;TOMATE PERITA;Tomate Perita;tomate_especifico;Corrientes;CORRIENTES;Corrientes;0,540;20/10/2025
23279;TOMATE REDONDO;TOMATE REDONDO;Tomate Redondo;tomate_especifico;Corrientes;CORRIENTES;Corrientes;0,270;20/10/2025
23280;TOMATE PERITA;TOMATE PERITA;Tomate Perita;tomate_especifico;Corrientes;CORRIENTES;Corrientes;0,270;20/10/2025
23281;TOMATE REDONDO;TOMATE REDONDO;Tomate Redondo;tomate_especifico;Corrientes;CORRIENTES;Corrientes;0,252;20/10/2025
23284;TOMATE PERITA;TOMATE PERITA;Tomate Perita;tomate_especifico;Corrientes;CORRIENTES;Corrientes;1,260;20/10/2025
23287;TOMATE PERITA;TOMATE PERITA;Tomate Perita;tomate_especifico;Corrientes;CORRIENTES;Corrientes;0,630;20/10/2025
23291;TOMATE REDONDO;TOMATE REDONDO;Tomate Redondo;tomate_especifico;Corrientes;CORRIENTES;Corrientes;0,900;20/10/2025
23299;TOMATE CHERRY;TOMATE CHERRY;Tomate Cherry;tomate_especifico;Corrientes;CORRIENTES;Corrientes;0,030;20/10/2025
23304;TOMATE PERITA;TOMATE PERITA;Tomate Perita;tomate_especifico;Corrientes;CORRIENTES;Corrientes;0,540;20/10/2025
23307;TOMATE PERITA;TOMATE PERITA;Tomate Perita;tomate_especifico;Corrientes;CORRIENTES;Corrientes;0,630;20/10/2025
23308;TOMATE PERITA;TOMATE PERITA;Tomate Perita;tomate_especifico;Corrientes;CORRIENTES;Corrientes;3,600;20/10/2025
23312;TOMATE PERITA;TOMATE PERITA;Tomate Perita;tomate_especifico;Corrientes;CORRIENTES;Corrientes;1,890;20/10/2025
23313;TOMATE CHERRY;TOMATE CHERRY;Tomate Cherry;tomate_especifico;Corrientes;CORRIENTES;Corrientes;0,200;20/10/2025
23321;TOMATE CHERRY;TOMATE CHERRY;Tomate Cherry;tomate_especifico;Corrientes;CORRIENTES;Corrientes;1,000;20/10/2025
23323;TOMATE PERITA;TOMATE PERITA;Tomate Perita;tomate_especifico;Corrientes;CORRIENTES;Corrientes;0,540;20/10/2025
23327;TOMATE REDONDO;TOMATE REDONDO;Tomate Redondo;tomate_especifico;Corrientes;CORRIENTES;Corrientes;0,360;20/10/2025
23336;TOMATE REDONDO;TOMATE REDONDO;Tomate Redondo;tomate_especifico;Corrientes;CORRIENTES;Corrientes;1,440;20/10/2025
23353;TOMATE REDONDO;TOMATE REDONDO;Tomate Redondo;tomate_especifico;Corrientes;CORRIENTES;Corrientes;0,360;20/10/2025
23359;TOMATE REDONDO;TOMATE REDONDO;Tomate Redondo;tomate_especifico;Corrientes;CORRIENTES;Corrientes;2,700;20/10/2025
23364;TOMATE CHERRY;TOMATE CHERRY;Tomate Cherry;tomate_especifico;Corrientes;CORRIENTES;Corrientes;0,300;20/10/2025
23369;TOMATE PERITA;TOMATE PERITA;Tomate Perita;tomate_especifico;Corrientes;CORRIENTES;Corrientes;0,540;20/10/2025
23370;TOMATE CHERRY;TOMATE CHERRY;Tomate Cherry;tomate_especifico;Corrientes;CORRIENTES;Corrientes;0,060;20/10/2025
23375;TOMATE REDONDO;TOMATE REDONDO;Tomate Redondo;tomate_especifico;Corrientes;CORRIENTES;Corrientes;0,360;21/10/2025
23379;TOMATE REDONDO;TOMATE REDONDO;Tomate Redondo;tomate_especifico;Corrientes;CORRIENTES;Corrientes;0,540;21/10/2025
23385;TOMATE PERITA;TOMATE PERITA;Tomate Perita;tomate_especifico;Corrientes;CORRIENTES;Corrientes;0,360;21/10/2025
23388;TOMATE REDONDO;TOMATE REDONDO;Tomate Redondo;tomate_especifico;Corrientes;CORRIENTES;Corrientes;0,360;21/10/2025
23394;TOMATE PERITA;TOMATE PERITA;Tomate Perita;tomate_especifico;Corrientes;CORRIENTES;Corrientes;0,360;21/10/2025
23397;TOMATE PERITA;TOMATE PERITA;Tomate Perita;tomate_especifico;Corrientes;CORRIENTES;Corrientes;0,954;21/10/2025
23403;TOMATE PERITA;TOMATE PERITA;Tomate Perita;tomate_especifico;Corrientes;CORRIENTES;Corrientes;0,360;21/10/2025
23407;TOMATE REDONDO;TOMATE REDONDO;Tomate Redondo;tomate_especifico;Corrientes;CORRIENTES;Corrientes;0,684;21/10/2025
23409;TOMATE CHERRY;TOMATE CHERRY;Tomate Cherry;tomate_especifico;Corrientes;CORRIENTES;Corrientes;0,050;21/10/2025
23413;TOMATE PERITA;TOMATE PERITA;Tomate Perita;tomate_especifico;Corrientes;CORRIENTES;Corrientes;0,126;21/10/2025
23416;TOMATE REDONDO;TOMATE REDONDO;Tomate Redondo;tomate_especifico;Corrientes;CORRIENTES;Corrientes;0,360;21/10/2025
23419;TOMATE REDONDO;TOMATE REDONDO;Tomate Redondo;tomate_especifico;Corrientes;CORRIENTES;Corrientes;0,504;21/10/2025
23425;TOMATE PERITA;TOMATE PERITA;Tomate Perita;tomate_especifico;Corrientes;CORRIENTES;Corrientes;0,180;21/10/2025
23426;TOMATE REDONDO;TOMATE REDONDO;Tomate Redondo;tomate_especifico;Corrientes;CORRIENTES;Corrientes;0,180;21/10/2025
23430;TOMATE PERITA;TOMATE PERITA;Tomate Perita;tomate_especifico;Corrientes;CORRIENTES;Corrientes;1,062;21/10/2025
23433;TOMATE PERITA;TOMATE PERITA;Tomate Perita;tomate_especifico;Corrientes;CORRIENTES;Corrientes;1,080;21/10/2025
23447;TOMATE REDONDO;TOMATE REDONDO;Tomate Redondo;tomate_especifico;Corrientes;CORRIENTES;Corrientes;0,162;22/10/2025
23452;TOMATE PERITA;TOMATE PERITA;Tomate Perita;tomate_especifico;Corrientes;CORRIENTES;Corrientes;0,270;22/10/2025
23455;TOMATE PERITA;TOMATE PERITA;Tomate Perita;tomate_especifico;Corrientes;CORRIENTES;Corrientes;0,144;22/10/2025
23465;TOMATE REDONDO;TOMATE REDONDO;Tomate Redondo;tomate_especifico;Corrientes;CORRIENTES;Corrientes;0,270;22/10/2025
23479;TOMATE PERITA;TOMATE PERITA;Tomate Perita;tomate_especifico;Corrientes;CORRIENTES;Corrientes;0,720;22/10/2025
23480;TOMATE PERITA;TOMATE PERITA;Tomate Perita;tomate_especifico;Corrientes;CORRIENTES;Corrientes;0,270;22/10/2025
23486;TOMATE REDONDO;TOMATE REDONDO;Tomate Redondo;tomate_especifico;Corrientes;CORRIENTES;Corrientes;0,540;22/10/2025
23487;TOMATE PERITA;TOMATE PERITA;Tomate Perita;tomate_especifico;Corrientes;CORRIENTES;Corrientes;0,450;22/10/2025
23489;TOMATE REDONDO;TOMATE REDONDO;Tomate Redondo;tomate_especifico;Corrientes;CORRIENTES;Corrientes;0,630;22/10/2025
23496;TOMATE PERITA;TOMATE PERITA;Tomate Perita;tomate_especifico;Corrientes;CORRIENTES;Corrientes;0,648;22/10/2025
23505;TOMATE CHERRY;TOMATE CHERRY;Tomate Cherry;tomate_especifico;Corrientes;CORRIENTES;Corrientes;0,100;22/10/2025
23508;TOMATE PERITA;TOMATE PERITA;Tomate Perita;tomate_especifico;Corrientes;CORRIENTES;Corrientes;0,270;22/10/2025
23513;TOMATE PERITA;TOMATE PERITA;Tomate Perita;tomate_especifico;Corrientes;CORRIENTES;Corrientes;1,800;22/10/2025
23514;TOMATE REDONDO;TOMATE REDONDO;Tomate Redondo;tomate_especifico;Corrientes;CORRIENTES;Corrientes;0,288;22/10/2025
23526;TOMATE PERITA;TOMATE PERITA;Tomate Perita;tomate_especifico;Corrientes;CORRIENTES;Corrientes;0,090;23/10/2025
23528;TOMATE CHERRY;TOMATE CHERRY;Tomate Cherry;tomate_especifico;Corrientes;CORRIENTES;Corrientes;0,120;23/10/2025
23541;TOMATE REDONDO;TOMATE REDONDO;Tomate Redondo;tomate_especifico;Corrientes;CORRIENTES;Corrientes;0,396;23/10/2025
23548;TOMATE REDONDO;TOMATE REDONDO;Tomate Redondo;tomate_especifico;Corrientes;CORRIENTES;Corrientes;0,630;23/10/2025
23549;TOMATE REDONDO;TOMATE REDONDO;Tomate Redondo;tomate_especifico;Corrientes;CORRIENTES;Corrientes;0,450;23/10/2025
23554;TOMATE PERITA;TOMATE PERITA;Tomate Perita;tomate_especifico;Corrientes;CORRIENTES;Corrientes;0,216;23/10/2025
23561;TOMATE PERITA;TOMATE PERITA;Tomate Perita;tomate_especifico;Corrientes;CORRIENTES;Corrientes;0,180;23/10/2025
23563;TOMATE REDONDO;TOMATE REDONDO;Tomate Redondo;tomate_especifico;Corrientes;CORRIENTES;Corrientes;0,180;23/10/2025
23571;TOMATE PERITA;TOMATE PERITA;Tomate Perita;tomate_especifico;Corrientes;CORRIENTES;Corrientes;0,180;23/10/2025
23576;TOMATE REDONDO;TOMATE REDONDO;Tomate Redondo;tomate_especifico;Corrientes;CORRIENTES;Corrientes;0,500;23/10/2025
23578;TOMATE PERITA;TOMATE PERITA;Tomate Perita;tomate_especifico;Corrientes;CORRIENTES;Corrientes;0,540;23/10/2025
23580;TOMATE REDONDO;TOMATE REDONDO;Tomate Redondo;tomate_especifico;Corrientes;CORRIENTES;Corrientes;0,720;23/10/2025
23589;TOMATE REDONDO;TOMATE REDONDO;Tomate Redondo;tomate_especifico;Corrientes;CORRIENTES;Corrientes;0,360;23/10/2025
23600;TOMATE REDONDO;TOMATE REDONDO;Tomate Redondo;tomate_especifico;Corrientes;CORRIENTES;Corrientes;0,360;23/10/2025
23609;TOMATE PERITA;TOMATE PERITA;Tomate Perita;tomate_especifico;Corrientes;CORRIENTES;Corrientes;1,440;23/10/2025
23611;TOMATE PERITA;TOMATE PERITA;Tomate Perita;tomate_especifico;Corrientes;CORRIENTES;Corrientes;0,360;23/10/2025
23617;TOMATE PERITA;TOMATE PERITA;Tomate Perita;tomate_especifico;Corrientes;CORRIENTES;Corrientes;0,396;23/10/2025
23619;TOMATE REDONDO;TOMATE REDONDO;Tomate Redondo;tomate_especifico;Corrientes;CORRIENTES;Corrientes;0,450;23/10/2025
23622;TOMATE REDONDO;TOMATE REDONDO;Tomate Redondo;tomate_especifico;Corrientes;CORRIENTES;Corrientes;0,324;23/10/2025
23627;TOMATE PERITA;TOMATE PERITA;Tomate Perita;tomate_especifico;Corrientes;CORRIENTES;Corrientes;0,900;23/10/2025
23629;TOMATE REDONDO;TOMATE REDONDO;Tomate Redondo;tomate_especifico;Corrientes;CORRIENTES;Corrientes;0,540;23/10/2025
23631;TOMATE PERITA;TOMATE PERITA;Tomate Perita;tomate_especifico;Corrientes;CORRIENTES;Corrientes;0,360;23/10/2025
23635;TOMATE REDONDO;TOMATE REDONDO;Tomate Redondo;tomate_especifico;Corrientes;CORRIENTES;Corrientes;0,270;23/10/2025
23637;TOMATE PERITA;TOMATE PERITA;Tomate Perita;tomate_especifico;Corrientes;CORRIENTES;Corrientes;0,360;24/10/2025
23642;TOMATE CHERRY;TOMATE CHERRY;Tomate Cherry;tomate_especifico;Corrientes;CORRIENTES;Corrientes;0,030;24/10/2025
23653;TOMATE PERITA;TOMATE PERITA;Tomate Perita;tomate_especifico;Corrientes;CORRIENTES;Corrientes;0,540;24/10/2025
23654;TOMATE PERITA;TOMATE PERITA;Tomate Perita;tomate_especifico;Corrientes;CORRIENTES;Corrientes;0,612;24/10/2025
23656;TOMATE REDONDO;TOMATE REDONDO;Tomate Redondo;tomate_especifico;Corrientes;CORRIENTES;Corrientes;0,180;24/10/2025
23658;TOMATE REDONDO;TOMATE REDONDO;Tomate Redondo;tomate_especifico;Corrientes;CORRIENTES;Corrientes;0,162;24/10/2025
23659;TOMATE CHERRY;TOMATE CHERRY;Tomate Cherry;tomate_especifico;Corrientes;CORRIENTES;Corrientes;0,060;24/10/2025
23666;TOMATE PERITA;TOMATE PERITA;Tomate Perita;tomate_especifico;Corrientes;CORRIENTES;Corrientes;0,324;24/10/2025
23667;TOMATE PERITA;TOMATE PERITA;Tomate Perita;tomate_especifico;Corrientes;CORRIENTES;Corrientes;0,540;24/10/2025
23668;TOMATE REDONDO;TOMATE REDONDO;Tomate Redondo;tomate_especifico;Corrientes;CORRIENTES;Corrientes;0,180;24/10/2025
23673;TOMATE PERITA;TOMATE PERITA;Tomate Perita;tomate_especifico;Corrientes;CORRIENTES;Corrientes;0,450;24/10/2025
23677;TOMATE REDONDO;TOMATE REDONDO;Tomate Redondo;tomate_especifico;Corrientes;CORRIENTES;Corrientes;0,540;24/10/2025
23685;TOMATE REDONDO;TOMATE REDONDO;Tomate Redondo;tomate_especifico;Corrientes;CORRIENTES;Corrientes;0,540;24/10/2025
23689;TOMATE REDONDO;TOMATE REDONDO;Tomate Redondo;tomate_especifico;Corrientes;CORRIENTES;Corrientes;0,324;24/10/2025
23692;TOMATE CHERRY;TOMATE CHERRY;Tomate Cherry;tomate_especifico;Corrientes;CORRIENTES;Corrientes;0,010;24/10/2025
23697;TOMATE PERITA;TOMATE PERITA;Tomate Perita;tomate_especifico;Corrientes;CORRIENTES;Corrientes;0,450;24/10/2025
23700;TOMATE REDONDO;TOMATE REDONDO;Tomate Redondo;tomate_especifico;Corrientes;CORRIENTES;Corrientes;0,540;24/10/2025
23701;TOMATE PERITA;TOMATE PERITA;Tomate Perita;tomate_especifico;Corrientes;CORRIENTES;Corrientes;0,180;24/10/2025
23704;TOMATE REDONDO;TOMATE REDONDO;Tomate Redondo;tomate_especifico;Corrientes;CORRIENTES;Corrientes;0,252;24/10/2025
23710;TOMATE PERITA;TOMATE PERITA;Tomate Perita;tomate_especifico;Corrientes;CORRIENTES;Corrientes;1,800;24/10/2025
23714;TOMATE PERITA;TOMATE PERITA;Tomate Perita;tomate_especifico;Corrientes;CORRIENTES;Corrientes;0,360;24/10/2025
23723;TOMATE PERITA;TOMATE PERITA;Tomate Perita;tomate_especifico;Corrientes;CORRIENTES;Corrientes;1,170;27/10/2025
23724;TOMATE REDONDO;TOMATE REDONDO;Tomate Redondo;tomate_especifico;Corrientes;CORRIENTES;Corrientes;1,818;27/10/2025
23732;TOMATE CHERRY;TOMATE CHERRY;Tomate Cherry;tomate_especifico;Corrientes;CORRIENTES;Corrientes;0,110;27/10/2025
23745;TOMATE REDONDO;TOMATE REDONDO;Tomate Redondo;tomate_especifico;Corrientes;CORRIENTES;Corrientes;0,900;27/10/2025
23751;TOMATE REDONDO;TOMATE REDONDO;Tomate Redondo;tomate_especifico;Corrientes;CORRIENTES;Corrientes;0,900;27/10/2025
23772;TOMATE REDONDO;TOMATE REDONDO;Tomate Redondo;tomate_especifico;Corrientes;CORRIENTES;Corrientes;0,270;27/10/2025
23774;TOMATE REDONDO;TOMATE REDONDO;Tomate Redondo;tomate_especifico;Corrientes;CORRIENTES;Corrientes;0,450;27/10/2025
23778;TOMATE REDONDO;TOMATE REDONDO;Tomate Redondo;tomate_especifico;Corrientes;CORRIENTES;Corrientes;0,720;27/10/2025
23781;TOMATE PERITA;TOMATE PERITA;Tomate Perita;tomate_especifico;Corrientes;CORRIENTES;Corrientes;0,180;27/10/2025
23783;TOMATE REDONDO;TOMATE REDONDO;Tomate Redondo;tomate_especifico;Corrientes;CORRIENTES;Corrientes;0,144;27/10/2025
23790;TOMATE PERITA;TOMATE PERITA;Tomate Perita;tomate_especifico;Corrientes;CORRIENTES;Corrientes;0,270;27/10/2025
23799;TOMATE PERITA;TOMATE PERITA;Tomate Perita;tomate_especifico;Corrientes;CORRIENTES;Corrientes;0,630;27/10/2025
23800;TOMATE PERITA;TOMATE PERITA;Tomate Perita;tomate_especifico;Corrientes;CORRIENTES;Corrientes;0,450;27/10/2025
23811;TOMATE REDONDO;TOMATE REDONDO;Tomate Redondo;tomate_especifico;Corrientes;CORRIENTES;Corrientes;0,270;27/10/2025
23812;TOMATE PERITA;TOMATE PERITA;Tomate Perita;tomate_especifico;Corrientes;CORRIENTES;Corrientes;0,180;27/10/2025
23820;TOMATE PERITA;TOMATE PERITA;Tomate Perita;tomate_especifico;Corrientes;CORRIENTES;Corrientes;1,080;27/10/2025
23825;TOMATE PERITA;TOMATE PERITA;Tomate Perita;tomate_especifico;Corrientes;CORRIENTES;Corrientes;0,540;27/10/2025
23826;TOMATE PERITA;TOMATE PERITA;Tomate Perita;tomate_especifico;Corrientes;CORRIENTES;Corrientes;0,180;27/10/2025
23870;TOMATE PERITA;TOMATE PERITA;Tomate Perita;tomate_especifico;Corrientes;CORRIENTES;Corrientes;0,720;27/10/2025
23872;TOMATE REDONDO;TOMATE REDONDO;Tomate Redondo;tomate_especifico;Corrientes;CORRIENTES;Corrientes;0,630;27/10/2025
23874;TOMATE REDONDO;TOMATE REDONDO;Tomate Redondo;tomate_especifico;Corrientes;CORRIENTES;Corrientes;1,260;27/10/2025
23876;TOMATE REDONDO;TOMATE REDONDO;Tomate Redondo;tomate_especifico;Corrientes;CORRIENTES;Corrientes;0,090;27/10/2025
23880;TOMATE REDONDO;TOMATE REDONDO;Tomate Redondo;tomate_especifico;Corrientes;CORRIENTES;Corrientes;0,900;27/10/2025
23885;TOMATE REDONDO;TOMATE REDONDO;Tomate Redondo;tomate_especifico;Corrientes;CORRIENTES;Corrientes;0,540;27/10/2025
23890;TOMATE REDONDO;TOMATE REDONDO;Tomate Redondo;tomate_especifico;Corrientes;CORRIENTES;Corrientes;1,800;27/10/2025
23900;TOMATE PERITA;TOMATE PERITA;Tomate Perita;tomate_especifico;Corrientes;CORRIENTES;Corrientes;1,440;27/10/2025
23901;TOMATE CHERRY;TOMATE CHERRY;Tomate Cherry;tomate_especifico;Corrientes;CORRIENTES;Corrientes;0,120;27/10/2025
23918;TOMATE PERITA;TOMATE PERITA;Tomate Perita;tomate_especifico;Jujuy;CORRIENTES;Corrientes;6,000;27/10/2025
23920;TOMATE REDONDO;TOMATE REDONDO;Tomate Redondo;tomate_especifico;Corrientes;CORRIENTES;Corrientes;0,594;27/10/2025
23932;TOMATE REDONDO;TOMATE REDONDO;Tomate Redondo;tomate_especifico;Corrientes;CORRIENTES;Corrientes;0,540;27/10/2025
23934;TOMATE PERITA;TOMATE PERITA;Tomate Perita;tomate_especifico;Corrientes;CORRIENTES;Corrientes;1,080;27/10/2025
23935;TOMATE PERITA;TOMATE PERITA;Tomate Perita;tomate_especifico;Corrientes;CORRIENTES;Corrientes;0,450;27/10/2025
23936;TOMATE PERITA;TOMATE PERITA;Tomate Perita;tomate_especifico;Corrientes;CORRIENTES;Corrientes;0,100;27/10/2025
23940;TOMATE REDONDO;TOMATE REDONDO;Tomate Redondo;tomate_especifico;Corrientes;CORRIENTES;Corrientes;2,160;27/10/2025
23941;TOMATE CHERRY;TOMATE CHERRY;Tomate Cherry;tomate_especifico;Corrientes;CORRIENTES;Corrientes;0,300;27/10/2025
23951;TOMATE PERITA;TOMATE PERITA;Tomate Perita;tomate_especifico;Jujuy;CORRIENTES;Corrientes;0,945;27/10/2025
23952;TOMATE REDONDO;TOMATE REDONDO;Tomate Redondo;tomate_especifico;Jujuy;CORRIENTES;Corrientes;3,630;27/10/2025
23955;TOMATE CHERRY;TOMATE CHERRY;Tomate Cherry;tomate_especifico;Jujuy;CORRIENTES;Corrientes;0,510;27/10/2025
23967;TOMATE PERITA;TOMATE PERITA;Tomate Perita;tomate_especifico;Corrientes;CORRIENTES;Corrientes;1,080;28/10/2025
23971;TOMATE PERITA;TOMATE PERITA;Tomate Perita;tomate_especifico;Corrientes;CORRIENTES;Corrientes;0,360;28/10/2025
23972;TOMATE REDONDO;TOMATE REDONDO;Tomate Redondo;tomate_especifico;Corrientes;CORRIENTES;Corrientes;0,270;28/10/2025
23974;TOMATE PERITA;TOMATE PERITA;Tomate Perita;tomate_especifico;Corrientes;CORRIENTES;Corrientes;0,540;28/10/2025
23976;TOMATE PERITA;TOMATE PERITA;Tomate Perita;tomate_especifico;Corrientes;CORRIENTES;Corrientes;0,180;28/10/2025
23982;TOMATE REDONDO;TOMATE REDONDO;Tomate Redondo;tomate_especifico;Corrientes;CORRIENTES;Corrientes;0,450;28/10/2025
23986;TOMATE PERITA;TOMATE PERITA;Tomate Perita;tomate_especifico;Corrientes;CORRIENTES;Corrientes;0,468;28/10/2025
23997;TOMATE PERITA;TOMATE PERITA;Tomate Perita;tomate_especifico;Corrientes;CORRIENTES;Corrientes;0,900;29/10/2025
24002;TOMATE PERITA;TOMATE PERITA;Tomate Perita;tomate_especifico;Corrientes;CORRIENTES;Corrientes;0,360;29/10/2025
24003;TOMATE PERITA;TOMATE PERITA;Tomate Perita;tomate_especifico;Corrientes;CORRIENTES;Corrientes;0,270;29/10/2025
24005;TOMATE PERITA;TOMATE PERITA;Tomate Perita;tomate_especifico;Corrientes;CORRIENTES;Corrientes;0,306;29/10/2025
24006;TOMATE REDONDO;TOMATE REDONDO;Tomate Redondo;tomate_especifico;Corrientes;CORRIENTES;Corrientes;0,396;29/10/2025
24008;TOMATE REDONDO;TOMATE REDONDO;Tomate Redondo;tomate_especifico;Corrientes;CORRIENTES;Corrientes;0,738;29/10/2025
24009;TOMATE REDONDO;TOMATE REDONDO;Tomate Redondo;tomate_especifico;Corrientes;CORRIENTES;Corrientes;0,684;29/10/2025
24020;TOMATE CHERRY;TOMATE CHERRY;Tomate Cherry;tomate_especifico;Corrientes;CORRIENTES;Corrientes;0,050;29/10/2025
24022;TOMATE PERITA;TOMATE PERITA;Tomate Perita;tomate_especifico;Corrientes;CORRIENTES;Corrientes;0,504;29/10/2025
24025;TOMATE REDONDO;TOMATE REDONDO;Tomate Redondo;tomate_especifico;Corrientes;CORRIENTES;Corrientes;3,600;29/10/2025
24032;TOMATE REDONDO;TOMATE REDONDO;Tomate Redondo;tomate_especifico;Corrientes;CORRIENTES;Corrientes;1,260;29/10/2025
24034;TOMATE PERITA;TOMATE PERITA;Tomate Perita;tomate_especifico;Corrientes;CORRIENTES;Corrientes;0,666;29/10/2025
24065;TOMATE REDONDO;TOMATE REDONDO;Tomate Redondo;tomate_especifico;Corrientes;CORRIENTES;Corrientes;0,450;30/10/2025
24068;TOMATE CHERRY;TOMATE CHERRY;Tomate Cherry;tomate_especifico;Corrientes;CORRIENTES;Corrientes;0,020;30/10/2025
24072;TOMATE REDONDO;TOMATE REDONDO;Tomate Redondo;tomate_especifico;Corrientes;CORRIENTES;Corrientes;3,600;30/10/2025
24075;TOMATE REDONDO;TOMATE REDONDO;Tomate Redondo;tomate_especifico;Corrientes;CORRIENTES;Corrientes;0,720;30/10/2025
24076;TOMATE PERITA;TOMATE PERITA;Tomate Perita;tomate_especifico;Corrientes;CORRIENTES;Corrientes;0,360;30/10/2025
24083;TOMATE REDONDO;TOMATE REDONDO;Tomate Redondo;tomate_especifico;Corrientes;CORRIENTES;Corrientes;0,270;30/10/2025
24084;TOMATE REDONDO;TOMATE REDONDO;Tomate Redondo;tomate_especifico;Corrientes;CORRIENTES;Corrientes;0,450;30/10/2025
24098;TOMATE PERITA;TOMATE PERITA;Tomate Perita;tomate_especifico;Corrientes;CORRIENTES;Corrientes;0,720;30/10/2025
24099;TOMATE REDONDO;TOMATE REDONDO;Tomate Redondo;tomate_especifico;Corrientes;CORRIENTES;Corrientes;0,360;30/10/2025
24104;TOMATE PERITA;TOMATE PERITA;Tomate Perita;tomate_especifico;Corrientes;CORRIENTES;Corrientes;1,260;30/10/2025
24105;TOMATE REDONDO;TOMATE REDONDO;Tomate Redondo;tomate_especifico;Corrientes;CORRIENTES;Corrientes;0,720;30/10/2025
24112;TOMATE REDONDO;TOMATE REDONDO;Tomate Redondo;tomate_especifico;Corrientes;CORRIENTES;Corrientes;0,324;30/10/2025
24113;TOMATE CHERRY;TOMATE CHERRY;Tomate Cherry;tomate_especifico;Corrientes;CORRIENTES;Corrientes;0,030;30/10/2025
24115;TOMATE REDONDO;TOMATE REDONDO;Tomate Redondo;tomate_especifico;Corrientes;CORRIENTES;Corrientes;0,270;30/10/2025
24116;TOMATE PERITA;TOMATE PERITA;Tomate Perita;tomate_especifico;Corrientes;CORRIENTES;Corrientes;0,216;30/10/2025
24119;TOMATE PERITA;TOMATE PERITA;Tomate Perita;tomate_especifico;Corrientes;CORRIENTES;Corrientes;0,270;30/10/2025
24121;TOMATE REDONDO;TOMATE REDONDO;Tomate Redondo;tomate_especifico;Corrientes;CORRIENTES;Corrientes;0,270;30/10/2025
24135;TOMATE PERITA;TOMATE PERITA;Tomate Perita;tomate_especifico;Corrientes;CORRIENTES;Corrientes;0,360;30/10/2025
24138;TOMATE PERITA;TOMATE PERITA;Tomate Perita;tomate_especifico;Corrientes;CORRIENTES;Corrientes;0,180;30/10/2025
24139;TOMATE REDONDO;TOMATE REDONDO;Tomate Redondo;tomate_especifico;Corrientes;CORRIENTES;Corrientes;0,144;30/10/2025
24146;TOMATE PERITA;TOMATE PERITA;Tomate Perita;tomate_especifico;Corrientes;CORRIENTES;Corrientes;0,720;30/10/2025
24147;TOMATE PERITA;TOMATE PERITA;Tomate Perita;tomate_especifico;Corrientes;CORRIENTES;Corrientes;1,620;30/10/2025
24155;TOMATE PERITA;TOMATE PERITA;Tomate Perita;tomate_especifico;Corrientes;CORRIENTES;Corrientes;1,800;30/10/2025
24159;TOMATE PERITA;TOMATE PERITA;Tomate Perita;tomate_especifico;Corrientes;CORRIENTES;Corrientes;0,270;30/10/2025
24161;TOMATE REDONDO;TOMATE REDONDO;Tomate Redondo;tomate_especifico;Corrientes;CORRIENTES;Corrientes;0,900;30/10/2025
24167;TOMATE REDONDO;TOMATE REDONDO;Tomate Redondo;tomate_especifico;Corrientes;CORRIENTES;Corrientes;0,630;30/10/2025
24170;TOMATE CHERRY;TOMATE CHERRY;Tomate Cherry;tomate_especifico;Corrientes;CORRIENTES;Corrientes;0,025;30/10/2025
24173;TOMATE REDONDO;TOMATE REDONDO;Tomate Redondo;tomate_especifico;Corrientes;CORRIENTES;Corrientes;1,080;30/10/2025
24174;TOMATE PERITA;TOMATE PERITA;Tomate Perita;tomate_especifico;Corrientes;CORRIENTES;Corrientes;0,720;30/10/2025
24175;TOMATE REDONDO;TOMATE REDONDO;Tomate Redondo;tomate_especifico;Corrientes;CORRIENTES;Corrientes;0,360;30/10/2025
24184;TOMATE PERITA;TOMATE PERITA;Tomate Perita;tomate_especifico;Corrientes;CORRIENTES;Corrientes;0,900;30/10/2025
24196;TOMATE REDONDO;TOMATE REDONDO;Tomate Redondo;tomate_especifico;Corrientes;CORRIENTES;Corrientes;2,700;30/10/2025
24201;TOMATE CHERRY;TOMATE CHERRY;Tomate Cherry;tomate_especifico;Corrientes;CORRIENTES;Corrientes;0,300;30/10/2025
24206;TOMATE PERITA;TOMATE PERITA;Tomate Perita;tomate_especifico;Corrientes;CORRIENTES;Corrientes;0,360;31/10/2025
24210;TOMATE PERITA;TOMATE PERITA;Tomate Perita;tomate_especifico;Corrientes;CORRIENTES;Corrientes;0,216;31/10/2025
24215;TOMATE REDONDO;TOMATE REDONDO;Tomate Redondo;tomate_especifico;Corrientes;CORRIENTES;Corrientes;0,540;31/10/2025
24222;TOMATE REDONDO;TOMATE REDONDO;Tomate Redondo;tomate_especifico;Corrientes;CORRIENTES;Corrientes;0,180;31/10/2025
24236;TOMATE PERITA;TOMATE PERITA;Tomate Perita;tomate_especifico;Corrientes;CORRIENTES;Corrientes;0,540;31/10/2025
24247;TOMATE PERITA;TOMATE PERITA;Tomate Perita;tomate_especifico;Corrientes;CORRIENTES;Corrientes;0,450;31/10/2025
24248;TOMATE REDONDO;TOMATE REDONDO;Tomate Redondo;tomate_especifico;Corrientes;CORRIENTES;Corrientes;0,090;31/10/2025
24250;TOMATE PERITA;TOMATE PERITA;Tomate Perita;tomate_especifico;Corrientes;CORRIENTES;Corrientes;0,540;31/10/2025
24253;TOMATE PERITA;TOMATE PERITA;Tomate Perita;tomate_especifico;Corrientes;CORRIENTES;Corrientes;0,600;31/10/2025
24255;TOMATE CHERRY;TOMATE CHERRY;Tomate Cherry;tomate_especifico;Corrientes;CORRIENTES;Corrientes;0,010;31/10/2025
24259;TOMATE PERITA;TOMATE PERITA;Tomate Perita;tomate_especifico;Corrientes;CORRIENTES;Corrientes;0,180;31/10/2025
24264;TOMATE REDONDO;TOMATE REDONDO;Tomate Redondo;tomate_especifico;Corrientes;CORRIENTES;Corrientes;0,540;31/10/2025
24266;TOMATE REDONDO;TOMATE REDONDO;Tomate Redondo;tomate_especifico;Corrientes;CORRIENTES;Corrientes;0,450;31/10/2025
24268;TOMATE REDONDO;TOMATE REDONDO;Tomate Redondo;tomate_especifico;Corrientes;CORRIENTES;Corrientes;1,116;31/10/2025
24270;TOMATE REDONDO;TOMATE REDONDO;Tomate Redondo;tomate_especifico;Corrientes;CORRIENTES;Corrientes;0,540;31/10/2025
24281;TOMATE REDONDO;TOMATE REDONDO;Tomate Redondo;tomate_especifico;Corrientes;CORRIENTES;Corrientes;1,170;31/10/2025
24285;TOMATE PERITA;TOMATE PERITA;Tomate Perita;tomate_especifico;Corrientes;CORRIENTES;Corrientes;0,900;31/10/2025
24287;TOMATE PERITA;TOMATE PERITA;Tomate Perita;tomate_especifico;Corrientes;CORRIENTES;Corrientes;0,918;31/10/2025
24291;TOMATE PERITA;TOMATE PERITA;Tomate Perita;tomate_especifico;Corrientes;CORRIENTES;Corrientes;0,180;31/10/2025
24303;TOMATE REDONDO;TOMATE REDONDO;Tomate Redondo;tomate_especifico;Corrientes;CORRIENTES;Corrientes;0,720;03/11/2025
24304;TOMATE PERITA;TOMATE PERITA;Tomate Perita;tomate_especifico;Corrientes;CORRIENTES;Corrientes;0,360;03/11/2025
24314;TOMATE PERITA;TOMATE PERITA;Tomate Perita;tomate_especifico;Corrientes;CORRIENTES;Corrientes;1,440;03/11/2025
24323;TOMATE PERITA;TOMATE PERITA;Tomate Perita;tomate_especifico;Corrientes;CORRIENTES;Corrientes;3,600;03/11/2025
24328;TOMATE PERITA;TOMATE PERITA;Tomate Perita;tomate_especifico;Corrientes;CORRIENTES;Corrientes;0,270;03/11/2025
24330;TOMATE REDONDO;TOMATE REDONDO;Tomate Redondo;tomate_especifico;Corrientes;CORRIENTES;Corrientes;0,720;03/11/2025
24345;TOMATE PERITA;TOMATE PERITA;Tomate Perita;tomate_especifico;Corrientes;CORRIENTES;Corrientes;0,450;03/11/2025
24351;TOMATE PERITA;TOMATE PERITA;Tomate Perita;tomate_especifico;Corrientes;CORRIENTES;Corrientes;0,270;03/11/2025
24360;TOMATE CHERRY;TOMATE CHERRY;Tomate Cherry;tomate_especifico;Corrientes;CORRIENTES;Corrientes;0,090;03/11/2025
24361;TOMATE REDONDO;TOMATE REDONDO;Tomate Redondo;tomate_especifico;Corrientes;CORRIENTES;Corrientes;0,252;03/11/2025
24362;TOMATE CHERRY;TOMATE CHERRY;Tomate Cherry;tomate_especifico;Corrientes;CORRIENTES;Corrientes;0,060;03/11/2025
24379;TOMATE PERITA;TOMATE PERITA;Tomate Perita;tomate_especifico;Chaco;CORRIENTES;Corrientes;0,600;03/11/2025
24383;TOMATE REDONDO;TOMATE REDONDO;Tomate Redondo;tomate_especifico;Corrientes;CORRIENTES;Corrientes;0,108;03/11/2025
24386;TOMATE REDONDO;TOMATE REDONDO;Tomate Redondo;tomate_especifico;Corrientes;CORRIENTES;Corrientes;0,900;03/11/2025
24388;TOMATE PERITA;TOMATE PERITA;Tomate Perita;tomate_especifico;Corrientes;CORRIENTES;Corrientes;0,720;03/11/2025
24390;TOMATE REDONDO;TOMATE REDONDO;Tomate Redondo;tomate_especifico;Corrientes;CORRIENTES;Corrientes;0,630;03/11/2025
24395;TOMATE PERITA;TOMATE PERITA;Tomate Perita;tomate_especifico;Corrientes;CORRIENTES;Corrientes;0,468;03/11/2025
24396;TOMATE REDONDO;TOMATE REDONDO;Tomate Redondo;tomate_especifico;Corrientes;CORRIENTES;Corrientes;1,350;03/11/2025
24400;TOMATE PERITA;TOMATE PERITA;Tomate Perita;tomate_especifico;Corrientes;CORRIENTES;Corrientes;0,720;03/11/2025
24403;TOMATE REDONDO;TOMATE REDONDO;Tomate Redondo;tomate_especifico;Corrientes;CORRIENTES;Corrientes;1,710;03/11/2025
24413;TOMATE REDONDO;TOMATE REDONDO;Tomate Redondo;tomate_especifico;Corrientes;CORRIENTES;Corrientes;0,810;03/11/2025
24415;TOMATE PERITA;TOMATE PERITA;Tomate Perita;tomate_especifico;Corrientes;CORRIENTES;Corrientes;0,810;03/11/2025
24420;TOMATE REDONDO;TOMATE REDONDO;Tomate Redondo;tomate_especifico;Corrientes;CORRIENTES;Corrientes;3,240;03/11/2025
24424;TOMATE CHERRY;TOMATE CHERRY;Tomate Cherry;tomate_especifico;Corrientes;CORRIENTES;Corrientes;0,300;03/11/2025
24430;TOMATE PERITA;TOMATE PERITA;Tomate Perita;tomate_especifico;Corrientes;CORRIENTES;Corrientes;0,900;03/11/2025
24431;TOMATE CHERRY;TOMATE CHERRY;Tomate Cherry;tomate_especifico;Corrientes;CORRIENTES;Corrientes;0,060;03/11/2025
24446;TOMATE PERITA;TOMATE PERITA;Tomate Perita;tomate_especifico;Jujuy;CORRIENTES;Corrientes;6,000;03/11/2025
24456;TOMATE PERITA;TOMATE PERITA;Tomate Perita;tomate_especifico;Jujuy;CORRIENTES;Corrientes;0,400;03/11/2025
24459;TOMATE CHERRY;TOMATE CHERRY;Tomate Cherry;tomate_especifico;Jujuy;CORRIENTES;Corrientes;0,400;03/11/2025
24481;TOMATE PERITA;TOMATE PERITA;Tomate Perita;tomate_especifico;Mendoza;CORRIENTES;Corrientes;0,150;03/11/2025
24496;TOMATE PERITA;TOMATE PERITA;Tomate Perita;tomate_especifico;Corrientes;CORRIENTES;Corrientes;0,180;04/11/2025
24499;TOMATE REDONDO;TOMATE REDONDO;Tomate Redondo;tomate_especifico;Corrientes;CORRIENTES;Corrientes;0,180;04/11/2025
24508;TOMATE PERITA;TOMATE PERITA;Tomate Perita;tomate_especifico;Corrientes;CORRIENTES;Corrientes;0,270;04/11/2025
24511;TOMATE PERITA;TOMATE PERITA;Tomate Perita;tomate_especifico;Corrientes;CORRIENTES;Corrientes;0,270;04/11/2025
24518;TOMATE PERITA;TOMATE PERITA;Tomate Perita;tomate_especifico;Corrientes;CORRIENTES;Corrientes;0,720;04/11/2025
24535;TOMATE PERITA;TOMATE PERITA;Tomate Perita;tomate_especifico;Corrientes;CORRIENTES;Corrientes;0,306;04/11/2025
24538;TOMATE REDONDO;TOMATE REDONDO;Tomate Redondo;tomate_especifico;Corrientes;CORRIENTES;Corrientes;0,306;04/11/2025
24539;TOMATE PERITA;TOMATE PERITA;Tomate Perita;tomate_especifico;Corrientes;CORRIENTES;Corrientes;0,360;04/11/2025
24544;TOMATE CHERRY;TOMATE CHERRY;Tomate Cherry;tomate_especifico;Corrientes;CORRIENTES;Corrientes;0,050;04/11/2025
24545;TOMATE REDONDO;TOMATE REDONDO;Tomate Redondo;tomate_especifico;Corrientes;CORRIENTES;Corrientes;0,540;04/11/2025
24546;TOMATE REDONDO;TOMATE REDONDO;Tomate Redondo;tomate_especifico;Corrientes;CORRIENTES;Corrientes;0,432;04/11/2025
24551;TOMATE PERITA;TOMATE PERITA;Tomate Perita;tomate_especifico;Corrientes;CORRIENTES;Corrientes;0,720;04/11/2025
24554;TOMATE PERITA;TOMATE PERITA;Tomate Perita;tomate_especifico;Corrientes;CORRIENTES;Corrientes;0,450;04/11/2025
24555;TOMATE REDONDO;TOMATE REDONDO;Tomate Redondo;tomate_especifico;Corrientes;CORRIENTES;Corrientes;0,180;04/11/2025
24559;TOMATE PERITA;TOMATE PERITA;Tomate Perita;tomate_especifico;Corrientes;CORRIENTES;Corrientes;0,288;04/11/2025
24562;TOMATE PERITA;TOMATE PERITA;Tomate Perita;tomate_especifico;Corrientes;CORRIENTES;Corrientes;1,800;04/11/2025
24568;TOMATE REDONDO;TOMATE REDONDO;Tomate Redondo;tomate_especifico;Corrientes;CORRIENTES;Corrientes;0,450;05/11/2025
24569;TOMATE PERITA;TOMATE PERITA;Tomate Perita;tomate_especifico;Corrientes;CORRIENTES;Corrientes;0,360;05/11/2025
24577;TOMATE REDONDO;TOMATE REDONDO;Tomate Redondo;tomate_especifico;Corrientes;CORRIENTES;Corrientes;0,180;05/11/2025
24578;TOMATE PERITA;TOMATE PERITA;Tomate Perita;tomate_especifico;Corrientes;CORRIENTES;Corrientes;0,450;05/11/2025
24580;TOMATE PERITA;TOMATE PERITA;Tomate Perita;tomate_especifico;Corrientes;CORRIENTES;Corrientes;1,800;05/11/2025
24582;TOMATE PERITA;TOMATE PERITA;Tomate Perita;tomate_especifico;Corrientes;CORRIENTES;Corrientes;0,180;05/11/2025
24590;TOMATE PERITA;TOMATE PERITA;Tomate Perita;tomate_especifico;Corrientes;CORRIENTES;Corrientes;0,720;05/11/2025
24591;TOMATE REDONDO;TOMATE REDONDO;Tomate Redondo;tomate_especifico;Corrientes;CORRIENTES;Corrientes;0,540;05/11/2025
24602;TOMATE PERITA;TOMATE PERITA;Tomate Perita;tomate_especifico;Corrientes;CORRIENTES;Corrientes;0,360;05/11/2025
24608;TOMATE PERITA;TOMATE PERITA;Tomate Perita;tomate_especifico;Corrientes;CORRIENTES;Corrientes;0,324;05/11/2025
24633;TOMATE PERITA;TOMATE PERITA;Tomate Perita;tomate_especifico;Corrientes;CORRIENTES;Corrientes;0,504;05/11/2025
24635;TOMATE PERITA;TOMATE PERITA;Tomate Perita;tomate_especifico;Corrientes;CORRIENTES;Corrientes;0,720;05/11/2025
24640;TOMATE REDONDO;TOMATE REDONDO;Tomate Redondo;tomate_especifico;Corrientes;CORRIENTES;Corrientes;0,504;05/11/2025
24643;TOMATE REDONDO;TOMATE REDONDO;Tomate Redondo;tomate_especifico;Corrientes;CORRIENTES;Corrientes;0,360;06/11/2025
24651;TOMATE PERITA;TOMATE PERITA;Tomate Perita;tomate_especifico;Corrientes;CORRIENTES;Corrientes;0,360;06/11/2025
24665;TOMATE PERITA;TOMATE PERITA;Tomate Perita;tomate_especifico;Corrientes;CORRIENTES;Corrientes;0,450;06/11/2025
24669;TOMATE PERITA;TOMATE PERITA;Tomate Perita;tomate_especifico;Corrientes;CORRIENTES;Corrientes;0,360;06/11/2025
24673;TOMATE PERITA;TOMATE PERITA;Tomate Perita;tomate_especifico;Corrientes;CORRIENTES;Corrientes;0,306;06/11/2025
24678;TOMATE PERITA;TOMATE PERITA;Tomate Perita;tomate_especifico;Corrientes;CORRIENTES;Corrientes;0,270;06/11/2025
24681;TOMATE REDONDO;TOMATE REDONDO;Tomate Redondo;tomate_especifico;Corrientes;CORRIENTES;Corrientes;0,270;06/11/2025
24682;TOMATE PERITA;TOMATE PERITA;Tomate Perita;tomate_especifico;Corrientes;CORRIENTES;Corrientes;0,684;06/11/2025
24683;TOMATE REDONDO;TOMATE REDONDO;Tomate Redondo;tomate_especifico;Corrientes;CORRIENTES;Corrientes;0,090;06/11/2025
24686;TOMATE REDONDO;TOMATE REDONDO;Tomate Redondo;tomate_especifico;Corrientes;CORRIENTES;Corrientes;0,180;06/11/2025
24689;TOMATE REDONDO;TOMATE REDONDO;Tomate Redondo;tomate_especifico;Corrientes;CORRIENTES;Corrientes;0,306;06/11/2025
24692;TOMATE CHERRY;TOMATE CHERRY;Tomate Cherry;tomate_especifico;Corrientes;CORRIENTES;Corrientes;0,030;06/11/2025
24710;TOMATE PERITA;TOMATE PERITA;Tomate Perita;tomate_especifico;Corrientes;CORRIENTES;Corrientes;1,440;06/11/2025
24711;TOMATE PERITA;TOMATE PERITA;Tomate Perita;tomate_especifico;Corrientes;CORRIENTES;Corrientes;0,720;06/11/2025
24715;TOMATE PERITA;TOMATE PERITA;Tomate Perita;tomate_especifico;Corrientes;CORRIENTES;Corrientes;0,540;06/11/2025
24728;TOMATE REDONDO;TOMATE REDONDO;Tomate Redondo;tomate_especifico;Corrientes;CORRIENTES;Corrientes;0,450;06/11/2025
24730;TOMATE PERITA;TOMATE PERITA;Tomate Perita;tomate_especifico;Corrientes;CORRIENTES;Corrientes;0,684;06/11/2025
24734;TOMATE PERITA;TOMATE PERITA;Tomate Perita;tomate_especifico;Corrientes;CORRIENTES;Corrientes;0,900;06/11/2025
24739;TOMATE PERITA;TOMATE PERITA;Tomate Perita;tomate_especifico;Corrientes;CORRIENTES;Corrientes;0,630;06/11/2025
24740;TOMATE REDONDO;TOMATE REDONDO;Tomate Redondo;tomate_especifico;Corrientes;CORRIENTES;Corrientes;0,810;06/11/2025
24743;TOMATE REDONDO;TOMATE REDONDO;Tomate Redondo;tomate_especifico;Corrientes;CORRIENTES;Corrientes;0,720;06/11/2025
24748;TOMATE PERITA;TOMATE PERITA;Tomate Perita;tomate_especifico;Corrientes;CORRIENTES;Corrientes;1,800;07/11/2025
24750;TOMATE REDONDO;TOMATE REDONDO;Tomate Redondo;tomate_especifico;Corrientes;CORRIENTES;Corrientes;0,180;07/11/2025
24751;TOMATE PERITA;TOMATE PERITA;Tomate Perita;tomate_especifico;Corrientes;CORRIENTES;Corrientes;0,360;07/11/2025
24754;TOMATE REDONDO;TOMATE REDONDO;Tomate Redondo;tomate_especifico;Corrientes;CORRIENTES;Corrientes;0,180;07/11/2025
24760;TOMATE PERITA;TOMATE PERITA;Tomate Perita;tomate_especifico;Corrientes;CORRIENTES;Corrientes;0,360;07/11/2025
24778;TOMATE PERITA;TOMATE PERITA;Tomate Perita;tomate_especifico;Corrientes;CORRIENTES;Corrientes;0,540;07/11/2025
24779;TOMATE REDONDO;TOMATE REDONDO;Tomate Redondo;tomate_especifico;Corrientes;CORRIENTES;Corrientes;0,270;07/11/2025
24781;TOMATE PERITA;TOMATE PERITA;Tomate Perita;tomate_especifico;Corrientes;CORRIENTES;Corrientes;0,900;07/11/2025
24782;TOMATE PERITA;TOMATE PERITA;Tomate Perita;tomate_especifico;Corrientes;CORRIENTES;Corrientes;0,324;07/11/2025
24785;TOMATE REDONDO;TOMATE REDONDO;Tomate Redondo;tomate_especifico;Corrientes;CORRIENTES;Corrientes;0,342;07/11/2025
24790;TOMATE PERITA;TOMATE PERITA;Tomate Perita;tomate_especifico;Corrientes;CORRIENTES;Corrientes;0,360;07/11/2025
24792;TOMATE REDONDO;TOMATE REDONDO;Tomate Redondo;tomate_especifico;Corrientes;CORRIENTES;Corrientes;0,180;07/11/2025
24799;TOMATE PERITA;TOMATE PERITA;Tomate Perita;tomate_especifico;Corrientes;CORRIENTES;Corrientes;0,900;07/11/2025
24806;TOMATE REDONDO;TOMATE REDONDO;Tomate Redondo;tomate_especifico;Corrientes;CORRIENTES;Corrientes;0,360;07/11/2025
24810;TOMATE REDONDO;TOMATE REDONDO;Tomate Redondo;tomate_especifico;Corrientes;CORRIENTES;Corrientes;0,288;07/11/2025
24814;TOMATE PERITA;TOMATE PERITA;Tomate Perita;tomate_especifico;Corrientes;CORRIENTES;Corrientes;0,126;07/11/2025
24832;TOMATE PERITA;TOMATE PERITA;Tomate Perita;tomate_especifico;Salta;CORRIENTES;Corrientes;3,000;10/11/2025
24841;TOMATE PERITA;TOMATE PERITA;Tomate Perita;tomate_especifico;Corrientes;CORRIENTES;Corrientes;0,720;10/11/2025
24845;TOMATE PERITA;TOMATE PERITA;Tomate Perita;tomate_especifico;Corrientes;CORRIENTES;Corrientes;0,900;10/11/2025
24858;TOMATE REDONDO;TOMATE REDONDO;Tomate Redondo;tomate_especifico;Corrientes;CORRIENTES;Corrientes;0,900;10/11/2025
24859;TOMATE PERITA;TOMATE PERITA;Tomate Perita;tomate_especifico;Corrientes;CORRIENTES;Corrientes;1,800;10/11/2025
24864;TOMATE REDONDO;TOMATE REDONDO;Tomate Redondo;tomate_especifico;Corrientes;CORRIENTES;Corrientes;0,630;10/11/2025
24865;TOMATE PERITA;TOMATE PERITA;Tomate Perita;tomate_especifico;Corrientes;CORRIENTES;Corrientes;1,440;10/11/2025
24870;TOMATE PERITA;TOMATE PERITA;Tomate Perita;tomate_especifico;Corrientes;CORRIENTES;Corrientes;0,252;10/11/2025
24876;TOMATE REDONDO;TOMATE REDONDO;Tomate Redondo;tomate_especifico;Corrientes;CORRIENTES;Corrientes;0,180;10/11/2025
24879;TOMATE PERITA;TOMATE PERITA;Tomate Perita;tomate_especifico;Corrientes;CORRIENTES;Corrientes;0,270;10/11/2025
24882;TOMATE PERITA;TOMATE PERITA;Tomate Perita;tomate_especifico;Corrientes;CORRIENTES;Corrientes;0,540;10/11/2025
24887;TOMATE REDONDO;TOMATE REDONDO;Tomate Redondo;tomate_especifico;Corrientes;CORRIENTES;Corrientes;0,270;10/11/2025
24888;TOMATE REDONDO;TOMATE REDONDO;Tomate Redondo;tomate_especifico;Corrientes;CORRIENTES;Corrientes;0,450;10/11/2025
24897;TOMATE PERITA;TOMATE PERITA;Tomate Perita;tomate_especifico;Corrientes;CORRIENTES;Corrientes;0,180;10/11/2025
24899;TOMATE REDONDO;TOMATE REDONDO;Tomate Redondo;tomate_especifico;Corrientes;CORRIENTES;Corrientes;0,270;10/11/2025
24900;TOMATE PERITA;TOMATE PERITA;Tomate Perita;tomate_especifico;Corrientes;CORRIENTES;Corrientes;0,360;10/11/2025
24902;TOMATE PERITA;TOMATE PERITA;Tomate Perita;tomate_especifico;Corrientes;CORRIENTES;Corrientes;0,540;10/11/2025
24904;TOMATE PERITA;TOMATE PERITA;Tomate Perita;tomate_especifico;Corrientes;CORRIENTES;Corrientes;0,216;10/11/2025
24907;TOMATE REDONDO;TOMATE REDONDO;Tomate Redondo;tomate_especifico;Corrientes;CORRIENTES;Corrientes;0,360;10/11/2025
24911;TOMATE PERITA;TOMATE PERITA;Tomate Perita;tomate_especifico;Corrientes;CORRIENTES;Corrientes;0,900;10/11/2025
24917;TOMATE REDONDO;TOMATE REDONDO;Tomate Redondo;tomate_especifico;Corrientes;CORRIENTES;Corrientes;0,360;10/11/2025
24922;TOMATE PERITA;TOMATE PERITA;Tomate Perita;tomate_especifico;Corrientes;CORRIENTES;Corrientes;0,600;10/11/2025
24923;TOMATE PERITA;TOMATE PERITA;Tomate Perita;tomate_especifico;Corrientes;CORRIENTES;Corrientes;0,100;10/11/2025
24924;TOMATE PERITA;TOMATE PERITA;Tomate Perita;tomate_especifico;Corrientes;CORRIENTES;Corrientes;0,900;10/11/2025
24933;TOMATE REDONDO;TOMATE REDONDO;Tomate Redondo;tomate_especifico;Corrientes;CORRIENTES;Corrientes;4,000;10/11/2025
24935;TOMATE PERITA;TOMATE PERITA;Tomate Perita;tomate_especifico;Corrientes;CORRIENTES;Corrientes;2,000;10/11/2025
24936;TOMATE CHERRY;TOMATE CHERRY;Tomate Cherry;tomate_especifico;Corrientes;CORRIENTES;Corrientes;0,200;10/11/2025
24950;TOMATE CHERRY;TOMATE CHERRY;Tomate Cherry;tomate_especifico;Corrientes;CORRIENTES;Corrientes;0,010;10/11/2025
24952;TOMATE REDONDO;TOMATE REDONDO;Tomate Redondo;tomate_especifico;Corrientes;CORRIENTES;Corrientes;1,100;10/11/2025
24953;TOMATE REDONDO;TOMATE REDONDO;Tomate Redondo;tomate_especifico;Corrientes;CORRIENTES;Corrientes;0,075;10/11/2025
24956;TOMATE PERITA;TOMATE PERITA;Tomate Perita;tomate_especifico;Corrientes;CORRIENTES;Corrientes;0,360;10/11/2025
24962;TOMATE PERITA;TOMATE PERITA;Tomate Perita;tomate_especifico;Corrientes;CORRIENTES;Corrientes;0,108;10/11/2025
24965;TOMATE PERITA;TOMATE PERITA;Tomate Perita;tomate_especifico;Corrientes;CORRIENTES;Corrientes;0,180;10/11/2025
24970;TOMATE REDONDO;TOMATE REDONDO;Tomate Redondo;tomate_especifico;Corrientes;CORRIENTES;Corrientes;1,620;10/11/2025
24971;TOMATE PERITA;TOMATE PERITA;Tomate Perita;tomate_especifico;Corrientes;CORRIENTES;Corrientes;0,720;10/11/2025
24973;TOMATE PERITA;TOMATE PERITA;Tomate Perita;tomate_especifico;Corrientes;CORRIENTES;Corrientes;0,540;10/11/2025
24984;TOMATE PERITA;TOMATE PERITA;Tomate Perita;tomate_especifico;Corrientes;CORRIENTES;Corrientes;1,170;10/11/2025
24985;TOMATE CHERRY;TOMATE CHERRY;Tomate Cherry;tomate_especifico;Corrientes;CORRIENTES;Corrientes;0,060;10/11/2025
25016;TOMATE PERITA;TOMATE PERITA;Tomate Perita;tomate_especifico;Jujuy;CORRIENTES;Corrientes;0,400;10/11/2025
25019;TOMATE CHERRY;TOMATE CHERRY;Tomate Cherry;tomate_especifico;Jujuy;CORRIENTES;Corrientes;0,400;10/11/2025
25038;TOMATE PERITA;TOMATE PERITA;Tomate Perita;tomate_especifico;Mendoza;CORRIENTES;Corrientes;0,150;10/11/2025
25040;TOMATE PERITA;TOMATE PERITA;Tomate Perita;tomate_especifico;Corrientes;CORRIENTES;Corrientes;0,306;11/11/2025
25049;TOMATE PERITA;TOMATE PERITA;Tomate Perita;tomate_especifico;Corrientes;CORRIENTES;Corrientes;0,540;11/11/2025
25051;TOMATE PERITA;TOMATE PERITA;Tomate Perita;tomate_especifico;Corrientes;CORRIENTES;Corrientes;0,720;11/11/2025
25059;TOMATE PERITA;TOMATE PERITA;Tomate Perita;tomate_especifico;Corrientes;CORRIENTES;Corrientes;0,360;11/11/2025
25060;TOMATE REDONDO;TOMATE REDONDO;Tomate Redondo;tomate_especifico;Corrientes;CORRIENTES;Corrientes;0,180;11/11/2025
25063;TOMATE PERITA;TOMATE PERITA;Tomate Perita;tomate_especifico;Corrientes;CORRIENTES;Corrientes;0,450;11/11/2025
25070;TOMATE PERITA;TOMATE PERITA;Tomate Perita;tomate_especifico;Corrientes;CORRIENTES;Corrientes;0,720;11/11/2025
25071;TOMATE PERITA;TOMATE PERITA;Tomate Perita;tomate_especifico;Corrientes;CORRIENTES;Corrientes;0,270;11/11/2025
25073;TOMATE PERITA;TOMATE PERITA;Tomate Perita;tomate_especifico;Corrientes;CORRIENTES;Corrientes;0,666;11/11/2025
25074;TOMATE REDONDO;TOMATE REDONDO;Tomate Redondo;tomate_especifico;Corrientes;CORRIENTES;Corrientes;0,270;11/11/2025
25077;TOMATE PERITA;TOMATE PERITA;Tomate Perita;tomate_especifico;Corrientes;CORRIENTES;Corrientes;1,080;11/11/2025
25078;TOMATE REDONDO;TOMATE REDONDO;Tomate Redondo;tomate_especifico;Corrientes;CORRIENTES;Corrientes;1,800;11/11/2025
25082;TOMATE REDONDO;TOMATE REDONDO;Tomate Redondo;tomate_especifico;Corrientes;CORRIENTES;Corrientes;0,378;12/11/2025
25083;TOMATE REDONDO;TOMATE REDONDO;Tomate Redondo;tomate_especifico;Corrientes;CORRIENTES;Corrientes;0,774;12/11/2025
25086;TOMATE PERITA;TOMATE PERITA;Tomate Perita;tomate_especifico;Corrientes;CORRIENTES;Corrientes;0,486;12/11/2025
25087;TOMATE REDONDO;TOMATE REDONDO;Tomate Redondo;tomate_especifico;Corrientes;CORRIENTES;Corrientes;0,180;12/11/2025
25094;TOMATE PERITA;TOMATE PERITA;Tomate Perita;tomate_especifico;Corrientes;CORRIENTES;Corrientes;0,900;12/11/2025
25096;TOMATE REDONDO;TOMATE REDONDO;Tomate Redondo;tomate_especifico;Corrientes;CORRIENTES;Corrientes;0,180;12/11/2025
25118;TOMATE PERITA;TOMATE PERITA;Tomate Perita;tomate_especifico;Corrientes;CORRIENTES;Corrientes;0,540;12/11/2025
25123;TOMATE PERITA;TOMATE PERITA;Tomate Perita;tomate_especifico;Corrientes;CORRIENTES;Corrientes;0,360;12/11/2025
25124;TOMATE REDONDO;TOMATE REDONDO;Tomate Redondo;tomate_especifico;Corrientes;CORRIENTES;Corrientes;0,180;12/11/2025
25125;TOMATE REDONDO;TOMATE REDONDO;Tomate Redondo;tomate_especifico;Corrientes;CORRIENTES;Corrientes;0,378;12/11/2025
25126;TOMATE PERITA;TOMATE PERITA;Tomate Perita;tomate_especifico;Corrientes;CORRIENTES;Corrientes;0,504;12/11/2025
25129;TOMATE PERITA;TOMATE PERITA;Tomate Perita;tomate_especifico;Corrientes;CORRIENTES;Corrientes;0,198;12/11/2025
25132;TOMATE PERITA;TOMATE PERITA;Tomate Perita;tomate_especifico;Corrientes;CORRIENTES;Corrientes;1,800;12/11/2025
25147;TOMATE REDONDO;TOMATE REDONDO;Tomate Redondo;tomate_especifico;Chaco;CORRIENTES;Corrientes;0,900;13/11/2025
25172;TOMATE PERITA;TOMATE PERITA;Tomate Perita;tomate_especifico;Corrientes;CORRIENTES;Corrientes;0,270;13/11/2025
25189;TOMATE REDONDO;TOMATE REDONDO;Tomate Redondo;tomate_especifico;Corrientes;CORRIENTES;Corrientes;0,360;13/11/2025
25190;TOMATE PERITA;TOMATE PERITA;Tomate Perita;tomate_especifico;Corrientes;CORRIENTES;Corrientes;1,260;13/11/2025
25191;TOMATE PERITA;TOMATE PERITA;Tomate Perita;tomate_especifico;Corrientes;CORRIENTES;Corrientes;0,090;13/11/2025
25206;TOMATE REDONDO;TOMATE REDONDO;Tomate Redondo;tomate_especifico;Corrientes;CORRIENTES;Corrientes;0,216;13/11/2025
25213;TOMATE PERITA;TOMATE PERITA;Tomate Perita;tomate_especifico;Corrientes;CORRIENTES;Corrientes;0,504;13/11/2025
25217;TOMATE PERITA;TOMATE PERITA;Tomate Perita;tomate_especifico;Corrientes;CORRIENTES;Corrientes;0,360;13/11/2025
25220;TOMATE REDONDO;TOMATE REDONDO;Tomate Redondo;tomate_especifico;Corrientes;CORRIENTES;Corrientes;0,270;13/11/2025
25222;TOMATE PERITA;TOMATE PERITA;Tomate Perita;tomate_especifico;Corrientes;CORRIENTES;Corrientes;0,216;13/11/2025
25225;TOMATE REDONDO;TOMATE REDONDO;Tomate Redondo;tomate_especifico;Corrientes;CORRIENTES;Corrientes;0,270;13/11/2025
25231;TOMATE PERITA;TOMATE PERITA;Tomate Perita;tomate_especifico;Corrientes;CORRIENTES;Corrientes;0,720;13/11/2025
25233;TOMATE PERITA;TOMATE PERITA;Tomate Perita;tomate_especifico;Corrientes;CORRIENTES;Corrientes;0,450;13/11/2025
25238;TOMATE PERITA;TOMATE PERITA;Tomate Perita;tomate_especifico;Corrientes;CORRIENTES;Corrientes;0,216;13/11/2025
25239;TOMATE CHERRY;TOMATE CHERRY;Tomate Cherry;tomate_especifico;Corrientes;CORRIENTES;Corrientes;0,060;13/11/2025
25242;TOMATE REDONDO;TOMATE REDONDO;Tomate Redondo;tomate_especifico;Corrientes;CORRIENTES;Corrientes;0,360;13/11/2025
25245;TOMATE PERITA;TOMATE PERITA;Tomate Perita;tomate_especifico;Corrientes;CORRIENTES;Corrientes;0,720;13/11/2025
25246;TOMATE PERITA;TOMATE PERITA;Tomate Perita;tomate_especifico;Corrientes;CORRIENTES;Corrientes;0,900;13/11/2025
25252;TOMATE REDONDO;TOMATE REDONDO;Tomate Redondo;tomate_especifico;Corrientes;CORRIENTES;Corrientes;0,180;13/11/2025
25256;TOMATE REDONDO;TOMATE REDONDO;Tomate Redondo;tomate_especifico;Corrientes;CORRIENTES;Corrientes;1,440;13/11/2025
25257;TOMATE REDONDO;TOMATE REDONDO;Tomate Redondo;tomate_especifico;Corrientes;CORRIENTES;Corrientes;1,638;13/11/2025
25258;TOMATE PERITA;TOMATE PERITA;Tomate Perita;tomate_especifico;Corrientes;CORRIENTES;Corrientes;0,630;13/11/2025
25261;TOMATE PERITA;TOMATE PERITA;Tomate Perita;tomate_especifico;Corrientes;CORRIENTES;Corrientes;0,972;13/11/2025
25267;TOMATE REDONDO;TOMATE REDONDO;Tomate Redondo;tomate_especifico;Corrientes;CORRIENTES;Corrientes;0,540;13/11/2025
25271;TOMATE REDONDO;TOMATE REDONDO;Tomate Redondo;tomate_especifico;Corrientes;CORRIENTES;Corrientes;0,450;13/11/2025
25272;TOMATE PERITA;TOMATE PERITA;Tomate Perita;tomate_especifico;Corrientes;CORRIENTES;Corrientes;0,540;13/11/2025
25276;TOMATE REDONDO;TOMATE REDONDO;Tomate Redondo;tomate_especifico;Corrientes;CORRIENTES;Corrientes;0,306;13/11/2025
25280;TOMATE PERITA;TOMATE PERITA;Tomate Perita;tomate_especifico;Corrientes;CORRIENTES;Corrientes;0,648;13/11/2025
25286;TOMATE REDONDO;TOMATE REDONDO;Tomate Redondo;tomate_especifico;Corrientes;CORRIENTES;Corrientes;1,620;13/11/2025
25287;TOMATE PERITA;TOMATE PERITA;Tomate Perita;tomate_especifico;Corrientes;CORRIENTES;Corrientes;0,540;13/11/2025
25293;TOMATE CHERRY;TOMATE CHERRY;Tomate Cherry;tomate_especifico;Corrientes;CORRIENTES;Corrientes;0,040;13/11/2025
25310;TOMATE PERITA;TOMATE PERITA;Tomate Perita;tomate_especifico;Corrientes;CORRIENTES;Corrientes;0,180;13/11/2025
25316;TOMATE REDONDO;TOMATE REDONDO;Tomate Redondo;tomate_especifico;Corrientes;CORRIENTES;Corrientes;0,270;13/11/2025
25318;TOMATE REDONDO;TOMATE REDONDO;Tomate Redondo;tomate_especifico;Corrientes;CORRIENTES;Corrientes;0,270;13/11/2025
25321;TOMATE REDONDO;TOMATE REDONDO;Tomate Redondo;tomate_especifico;Corrientes;CORRIENTES;Corrientes;0,270;13/11/2025
25322;TOMATE PERITA;TOMATE PERITA;Tomate Perita;tomate_especifico;Corrientes;CORRIENTES;Corrientes;0,270;13/11/2025
25329;TOMATE PERITA;TOMATE PERITA;Tomate Perita;tomate_especifico;Corrientes;CORRIENTES;Corrientes;0,540;14/11/2025
25331;TOMATE PERITA;TOMATE PERITA;Tomate Perita;tomate_especifico;Corrientes;CORRIENTES;Corrientes;0,540;14/11/2025
25332;TOMATE REDONDO;TOMATE REDONDO;Tomate Redondo;tomate_especifico;Corrientes;CORRIENTES;Corrientes;0,090;14/11/2025
25335;TOMATE PERITA;TOMATE PERITA;Tomate Perita;tomate_especifico;Corrientes;CORRIENTES;Corrientes;0,540;14/11/2025
25336;TOMATE PERITA;TOMATE PERITA;Tomate Perita;tomate_especifico;Corrientes;CORRIENTES;Corrientes;0,270;14/11/2025
25338;TOMATE PERITA;TOMATE PERITA;Tomate Perita;tomate_especifico;Corrientes;CORRIENTES;Corrientes;0,270;14/11/2025
25349;TOMATE REDONDO;TOMATE REDONDO;Tomate Redondo;tomate_especifico;Corrientes;CORRIENTES;Corrientes;0,630;14/11/2025
25352;TOMATE REDONDO;TOMATE REDONDO;Tomate Redondo;tomate_especifico;Corrientes;CORRIENTES;Corrientes;0,180;14/11/2025
25355;TOMATE CHERRY;TOMATE CHERRY;Tomate Cherry;tomate_especifico;Corrientes;CORRIENTES;Corrientes;0,015;14/11/2025
25359;TOMATE REDONDO;TOMATE REDONDO;Tomate Redondo;tomate_especifico;Corrientes;CORRIENTES;Corrientes;1,260;14/11/2025
25360;TOMATE PERITA;TOMATE PERITA;Tomate Perita;tomate_especifico;Corrientes;CORRIENTES;Corrientes;0,270;14/11/2025
25364;TOMATE PERITA;TOMATE PERITA;Tomate Perita;tomate_especifico;Corrientes;CORRIENTES;Corrientes;0,900;14/11/2025
25374;TOMATE REDONDO;TOMATE REDONDO;Tomate Redondo;tomate_especifico;Corrientes;CORRIENTES;Corrientes;0,270;14/11/2025
25432;TOMATE REDONDO;TOMATE REDONDO;Tomate Redondo;tomate_especifico;Corrientes;CORRIENTES;Corrientes;0,288;17/11/2025
25433;TOMATE PERITA;TOMATE PERITA;Tomate Perita;tomate_especifico;Corrientes;CORRIENTES;Corrientes;0,900;17/11/2025
25452;TOMATE REDONDO;TOMATE REDONDO;Tomate Redondo;tomate_especifico;Corrientes;CORRIENTES;Corrientes;0,720;17/11/2025
25461;TOMATE PERITA;TOMATE PERITA;Tomate Perita;tomate_especifico;Corrientes;CORRIENTES;Corrientes;0,270;17/11/2025
25462;TOMATE REDONDO;TOMATE REDONDO;Tomate Redondo;tomate_especifico;Corrientes;CORRIENTES;Corrientes;0,306;17/11/2025
25468;TOMATE PERITA;TOMATE PERITA;Tomate Perita;tomate_especifico;Corrientes;CORRIENTES;Corrientes;0,450;17/11/2025
25469;TOMATE PERITA;TOMATE PERITA;Tomate Perita;tomate_especifico;Corrientes;CORRIENTES;Corrientes;0,504;17/11/2025
25471;TOMATE REDONDO;TOMATE REDONDO;Tomate Redondo;tomate_especifico;Corrientes;CORRIENTES;Corrientes;0,360;17/11/2025
25476;TOMATE PERITA;TOMATE PERITA;Tomate Perita;tomate_especifico;Corrientes;CORRIENTES;Corrientes;0,900;17/11/2025
25479;TOMATE PERITA;TOMATE PERITA;Tomate Perita;tomate_especifico;Corrientes;CORRIENTES;Corrientes;0,540;17/11/2025
25483;TOMATE REDONDO;TOMATE REDONDO;Tomate Redondo;tomate_especifico;Corrientes;CORRIENTES;Corrientes;0,270;17/11/2025
25494;TOMATE REDONDO;TOMATE REDONDO;Tomate Redondo;tomate_especifico;Corrientes;CORRIENTES;Corrientes;1,620;17/11/2025
25497;TOMATE REDONDO;TOMATE REDONDO;Tomate Redondo;tomate_especifico;Corrientes;CORRIENTES;Corrientes;0,360;17/11/2025
25499;TOMATE REDONDO;TOMATE REDONDO;Tomate Redondo;tomate_especifico;Corrientes;CORRIENTES;Corrientes;0,270;17/11/2025
25500;TOMATE REDONDO;TOMATE REDONDO;Tomate Redondo;tomate_especifico;Corrientes;CORRIENTES;Corrientes;0,270;17/11/2025
25502;TOMATE PERITA;TOMATE PERITA;Tomate Perita;tomate_especifico;Corrientes;CORRIENTES;Corrientes;0,486;17/11/2025
25514;TOMATE CHERRY;TOMATE CHERRY;Tomate Cherry;tomate_especifico;Corrientes;CORRIENTES;Corrientes;0,015;17/11/2025
25516;TOMATE REDONDO;TOMATE REDONDO;Tomate Redondo;tomate_especifico;Corrientes;CORRIENTES;Corrientes;0,180;17/11/2025
25519;TOMATE PERITA;TOMATE PERITA;Tomate Perita;tomate_especifico;Corrientes;CORRIENTES;Corrientes;0,108;17/11/2025
25528;TOMATE REDONDO;TOMATE REDONDO;Tomate Redondo;tomate_especifico;Corrientes;CORRIENTES;Corrientes;0,810;17/11/2025
25536;TOMATE REDONDO;TOMATE REDONDO;Tomate Redondo;tomate_especifico;Corrientes;CORRIENTES;Corrientes;0,540;17/11/2025
25539;TOMATE PERITA;TOMATE PERITA;Tomate Perita;tomate_especifico;Corrientes;CORRIENTES;Corrientes;0,666;17/11/2025
25545;TOMATE PERITA;TOMATE PERITA;Tomate Perita;tomate_especifico;Corrientes;CORRIENTES;Corrientes;0,630;17/11/2025
25548;TOMATE REDONDO;TOMATE REDONDO;Tomate Redondo;tomate_especifico;Corrientes;CORRIENTES;Corrientes;1,836;17/11/2025
25550;TOMATE REDONDO;TOMATE REDONDO;Tomate Redondo;tomate_especifico;Corrientes;CORRIENTES;Corrientes;1,620;17/11/2025
25553;TOMATE PERITA;TOMATE PERITA;Tomate Perita;tomate_especifico;Corrientes;CORRIENTES;Corrientes;0,864;17/11/2025
25556;TOMATE REDONDO;TOMATE REDONDO;Tomate Redondo;tomate_especifico;Corrientes;CORRIENTES;Corrientes;0,900;17/11/2025
25563;TOMATE PERITA;TOMATE PERITA;Tomate Perita;tomate_especifico;Corrientes;CORRIENTES;Corrientes;1,080;17/11/2025
25564;TOMATE REDONDO;TOMATE REDONDO;Tomate Redondo;tomate_especifico;Corrientes;CORRIENTES;Corrientes;1,170;17/11/2025
25565;TOMATE REDONDO;TOMATE REDONDO;Tomate Redondo;tomate_especifico;Corrientes;CORRIENTES;Corrientes;1,332;17/11/2025
25566;TOMATE PERITA;TOMATE PERITA;Tomate Perita;tomate_especifico;Corrientes;CORRIENTES;Corrientes;0,792;17/11/2025
25572;TOMATE REDONDO;TOMATE REDONDO;Tomate Redondo;tomate_especifico;Corrientes;CORRIENTES;Corrientes;3,240;17/11/2025
25577;TOMATE CHERRY;TOMATE CHERRY;Tomate Cherry;tomate_especifico;Corrientes;CORRIENTES;Corrientes;0,300;17/11/2025
25581;TOMATE PERITA;TOMATE PERITA;Tomate Perita;tomate_especifico;Corrientes;CORRIENTES;Corrientes;0,540;17/11/2025
25595;TOMATE PERITA;TOMATE PERITA;Tomate Perita;tomate_especifico;Jujuy;CORRIENTES;Corrientes;2,000;17/11/2025
25604;TOMATE REDONDO;TOMATE REDONDO;Tomate Redondo;tomate_especifico;Corrientes;CORRIENTES;Corrientes;0,400;18/11/2025
25610;TOMATE PERITA;TOMATE PERITA;Tomate Perita;tomate_especifico;Corrientes;CORRIENTES;Corrientes;0,900;18/11/2025
25612;TOMATE PERITA;TOMATE PERITA;Tomate Perita;tomate_especifico;Corrientes;CORRIENTES;Corrientes;0,500;18/11/2025
25618;TOMATE PERITA;TOMATE PERITA;Tomate Perita;tomate_especifico;Corrientes;CORRIENTES;Corrientes;0,400;18/11/2025
25619;TOMATE REDONDO;TOMATE REDONDO;Tomate Redondo;tomate_especifico;Corrientes;CORRIENTES;Corrientes;0,400;18/11/2025
25622;TOMATE REDONDO;TOMATE REDONDO;Tomate Redondo;tomate_especifico;Corrientes;CORRIENTES;Corrientes;0,560;18/11/2025
25623;TOMATE PERITA;TOMATE PERITA;Tomate Perita;tomate_especifico;Corrientes;CORRIENTES;Corrientes;0,160;18/11/2025
25628;TOMATE REDONDO;TOMATE REDONDO;Tomate Redondo;tomate_especifico;Corrientes;CORRIENTES;Corrientes;0,400;18/11/2025
25629;TOMATE REDONDO;TOMATE REDONDO;Tomate Redondo;tomate_especifico;Corrientes;CORRIENTES;Corrientes;0,100;18/11/2025
25633;TOMATE PERITA;TOMATE PERITA;Tomate Perita;tomate_especifico;Corrientes;CORRIENTES;Corrientes;0,200;18/11/2025
25634;TOMATE PERITA;TOMATE PERITA;Tomate Perita;tomate_especifico;Corrientes;CORRIENTES;Corrientes;0,180;18/11/2025
25635;TOMATE PERITA;TOMATE PERITA;Tomate Perita;tomate_especifico;Corrientes;CORRIENTES;Corrientes;0,225;18/11/2025
25642;TOMATE PERITA;TOMATE PERITA;Tomate Perita;tomate_especifico;Corrientes;CORRIENTES;Corrientes;1,700;18/11/2025
25643;TOMATE PERITA;TOMATE PERITA;Tomate Perita;tomate_especifico;Corrientes;CORRIENTES;Corrientes;2,250;18/11/2025
25644;TOMATE CHERRY;TOMATE CHERRY;Tomate Cherry;tomate_especifico;Corrientes;CORRIENTES;Corrientes;0,150;18/11/2025
25650;TOMATE PERITA;TOMATE PERITA;Tomate Perita;tomate_especifico;Corrientes;CORRIENTES;Corrientes;2,000;18/11/2025
25654;TOMATE REDONDO;TOMATE REDONDO;Tomate Redondo;tomate_especifico;Corrientes;CORRIENTES;Corrientes;0,360;18/11/2025
25674;TOMATE PERITA;TOMATE PERITA;Tomate Perita;tomate_especifico;Corrientes;CORRIENTES;Corrientes;0,900;18/11/2025
25676;TOMATE REDONDO;TOMATE REDONDO;Tomate Redondo;tomate_especifico;Corrientes;CORRIENTES;Corrientes;0,270;18/11/2025
25677;TOMATE REDONDO;TOMATE REDONDO;Tomate Redondo;tomate_especifico;Corrientes;CORRIENTES;Corrientes;0,720;18/11/2025
25693;TOMATE REDONDO;TOMATE REDONDO;Tomate Redondo;tomate_especifico;Corrientes;CORRIENTES;Corrientes;0,720;19/11/2025
25694;TOMATE PERITA;TOMATE PERITA;Tomate Perita;tomate_especifico;Corrientes;CORRIENTES;Corrientes;1,440;19/11/2025
25711;TOMATE PERITA;TOMATE PERITA;Tomate Perita;tomate_especifico;Corrientes;CORRIENTES;Corrientes;0,450;19/11/2025
25712;TOMATE PERITA;TOMATE PERITA;Tomate Perita;tomate_especifico;Corrientes;CORRIENTES;Corrientes;0,360;19/11/2025
25716;TOMATE REDONDO;TOMATE REDONDO;Tomate Redondo;tomate_especifico;Corrientes;CORRIENTES;Corrientes;0,540;19/11/2025
25722;TOMATE PERITA;TOMATE PERITA;Tomate Perita;tomate_especifico;Corrientes;CORRIENTES;Corrientes;0,180;19/11/2025
25723;TOMATE PERITA;TOMATE PERITA;Tomate Perita;tomate_especifico;Corrientes;CORRIENTES;Corrientes;0,180;19/11/2025
25727;TOMATE REDONDO;TOMATE REDONDO;Tomate Redondo;tomate_especifico;Corrientes;CORRIENTES;Corrientes;0,180;19/11/2025
25733;TOMATE PERITA;TOMATE PERITA;Tomate Perita;tomate_especifico;Corrientes;CORRIENTES;Corrientes;0,144;19/11/2025
25740;TOMATE PERITA;TOMATE PERITA;Tomate Perita;tomate_especifico;Corrientes;CORRIENTES;Corrientes;0,720;19/11/2025
25741;TOMATE PERITA;TOMATE PERITA;Tomate Perita;tomate_especifico;Corrientes;CORRIENTES;Corrientes;0,360;19/11/2025
25743;TOMATE REDONDO;TOMATE REDONDO;Tomate Redondo;tomate_especifico;Corrientes;CORRIENTES;Corrientes;1,584;19/11/2025
25746;TOMATE PERITA;TOMATE PERITA;Tomate Perita;tomate_especifico;Corrientes;CORRIENTES;Corrientes;0,180;19/11/2025
25748;TOMATE REDONDO;TOMATE REDONDO;Tomate Redondo;tomate_especifico;Corrientes;CORRIENTES;Corrientes;0,720;19/11/2025
25750;TOMATE REDONDO;TOMATE REDONDO;Tomate Redondo;tomate_especifico;Corrientes;CORRIENTES;Corrientes;0,540;19/11/2025
25759;TOMATE REDONDO;TOMATE REDONDO;Tomate Redondo;tomate_especifico;Corrientes;CORRIENTES;Corrientes;0,774;20/11/2025
25760;TOMATE CHERRY;TOMATE CHERRY;Tomate Cherry;tomate_especifico;Corrientes;CORRIENTES;Corrientes;0,050;20/11/2025
25781;TOMATE PERITA;TOMATE PERITA;Tomate Perita;tomate_especifico;Corrientes;CORRIENTES;Corrientes;0,540;20/11/2025
25783;TOMATE REDONDO;TOMATE REDONDO;Tomate Redondo;tomate_especifico;Corrientes;CORRIENTES;Corrientes;0,360;20/11/2025
25786;TOMATE REDONDO;TOMATE REDONDO;Tomate Redondo;tomate_especifico;Corrientes;CORRIENTES;Corrientes;0,450;20/11/2025
25789;TOMATE REDONDO;TOMATE REDONDO;Tomate Redondo;tomate_especifico;Corrientes;CORRIENTES;Corrientes;0,180;20/11/2025
25792;TOMATE PERITA;TOMATE PERITA;Tomate Perita;tomate_especifico;Corrientes;CORRIENTES;Corrientes;0,900;20/11/2025
25794;TOMATE PERITA;TOMATE PERITA;Tomate Perita;tomate_especifico;Corrientes;CORRIENTES;Corrientes;0,108;20/11/2025
25795;TOMATE CHERRY;TOMATE CHERRY;Tomate Cherry;tomate_especifico;Corrientes;CORRIENTES;Corrientes;0,050;20/11/2025
25797;TOMATE REDONDO;TOMATE REDONDO;Tomate Redondo;tomate_especifico;Corrientes;CORRIENTES;Corrientes;0,378;20/11/2025
25800;TOMATE PERITA;TOMATE PERITA;Tomate Perita;tomate_especifico;Corrientes;CORRIENTES;Corrientes;0,540;20/11/2025
25806;TOMATE REDONDO;TOMATE REDONDO;Tomate Redondo;tomate_especifico;Corrientes;CORRIENTES;Corrientes;0,954;20/11/2025
25813;TOMATE REDONDO;TOMATE REDONDO;Tomate Redondo;tomate_especifico;Corrientes;CORRIENTES;Corrientes;0,360;20/11/2025
25814;TOMATE REDONDO;TOMATE REDONDO;Tomate Redondo;tomate_especifico;Corrientes;CORRIENTES;Corrientes;0,180;20/11/2025
25816;TOMATE CHERRY;TOMATE CHERRY;Tomate Cherry;tomate_especifico;Corrientes;CORRIENTES;Corrientes;0,050;20/11/2025
25890;TOMATE PERITA;TOMATE PERITA;Tomate Perita;tomate_especifico;Corrientes;CORRIENTES;Corrientes;0,360;24/11/2025
25895;TOMATE PERITA;TOMATE PERITA;Tomate Perita;tomate_especifico;Corrientes;CORRIENTES;Corrientes;0,360;24/11/2025
25900;TOMATE PERITA;TOMATE PERITA;Tomate Perita;tomate_especifico;Corrientes;CORRIENTES;Corrientes;0,324;24/11/2025
25901;TOMATE REDONDO;TOMATE REDONDO;Tomate Redondo;tomate_especifico;Corrientes;CORRIENTES;Corrientes;0,864;24/11/2025
25904;TOMATE REDONDO;TOMATE REDONDO;Tomate Redondo;tomate_especifico;Corrientes;CORRIENTES;Corrientes;0,630;24/11/2025
25908;TOMATE PERITA;TOMATE PERITA;Tomate Perita;tomate_especifico;Corrientes;CORRIENTES;Corrientes;0,360;24/11/2025
25909;TOMATE REDONDO;TOMATE REDONDO;Tomate Redondo;tomate_especifico;Corrientes;CORRIENTES;Corrientes;0,378;24/11/2025
25910;TOMATE PERITA;TOMATE PERITA;Tomate Perita;tomate_especifico;Corrientes;CORRIENTES;Corrientes;0,900;24/11/2025
25913;TOMATE PERITA;TOMATE PERITA;Tomate Perita;tomate_especifico;Corrientes;CORRIENTES;Corrientes;0,630;24/11/2025
25926;TOMATE REDONDO;TOMATE REDONDO;Tomate Redondo;tomate_especifico;Corrientes;CORRIENTES;Corrientes;0,090;24/11/2025
25935;TOMATE PERITA;TOMATE PERITA;Tomate Perita;tomate_especifico;Corrientes;CORRIENTES;Corrientes;0,540;24/11/2025
25937;TOMATE PERITA;TOMATE PERITA;Tomate Perita;tomate_especifico;Corrientes;CORRIENTES;Corrientes;0,522;24/11/2025
25941;TOMATE PERITA;TOMATE PERITA;Tomate Perita;tomate_especifico;Corrientes;CORRIENTES;Corrientes;0,216;24/11/2025
25946;TOMATE PERITA;TOMATE PERITA;Tomate Perita;tomate_especifico;Corrientes;CORRIENTES;Corrientes;0,450;24/11/2025
25954;TOMATE REDONDO;TOMATE REDONDO;Tomate Redondo;tomate_especifico;Corrientes;CORRIENTES;Corrientes;0,900;24/11/2025
25958;TOMATE REDONDO;TOMATE REDONDO;Tomate Redondo;tomate_especifico;Corrientes;CORRIENTES;Corrientes;1,080;24/11/2025
25962;TOMATE REDONDO;TOMATE REDONDO;Tomate Redondo;tomate_especifico;Corrientes;CORRIENTES;Corrientes;1,080;24/11/2025
25963;TOMATE REDONDO;TOMATE REDONDO;Tomate Redondo;tomate_especifico;Corrientes;CORRIENTES;Corrientes;1,242;24/11/2025
25965;TOMATE PERITA;TOMATE PERITA;Tomate Perita;tomate_especifico;Corrientes;CORRIENTES;Corrientes;0,414;24/11/2025
26011;TOMATE PERITA;TOMATE PERITA;Tomate Perita;tomate_especifico;Corrientes;CORRIENTES;Corrientes;0,900;24/11/2025
26012;TOMATE REDONDO;TOMATE REDONDO;Tomate Redondo;tomate_especifico;Corrientes;CORRIENTES;Corrientes;0,900;24/11/2025
26015;TOMATE PERITA;TOMATE PERITA;Tomate Perita;tomate_especifico;Corrientes;CORRIENTES;Corrientes;1,440;24/11/2025
26016;TOMATE CHERRY;TOMATE CHERRY;Tomate Cherry;tomate_especifico;Corrientes;CORRIENTES;Corrientes;0,150;24/11/2025
26031;TOMATE CHERRY;TOMATE CHERRY;Tomate Cherry;tomate_especifico;Corrientes;CORRIENTES;Corrientes;1,000;24/11/2025
26033;TOMATE PERITA;TOMATE PERITA;Tomate Perita;tomate_especifico;Corrientes;CORRIENTES;Corrientes;9,000;24/11/2025
26051;TOMATE CHERRY;TOMATE CHERRY;Tomate Cherry;tomate_especifico;Corrientes;CORRIENTES;Corrientes;0,050;24/11/2025
26056;TOMATE PERITA;TOMATE PERITA;Tomate Perita;tomate_especifico;Corrientes;CORRIENTES;Corrientes;0,800;24/11/2025
26057;TOMATE PERITA;TOMATE PERITA;Tomate Perita;tomate_especifico;Corrientes;CORRIENTES;Corrientes;0,075;24/11/2025
26058;TOMATE REDONDO;TOMATE REDONDO;Tomate Redondo;tomate_especifico;Corrientes;CORRIENTES;Corrientes;0,300;24/11/2025
26062;TOMATE PERITA;TOMATE PERITA;Tomate Perita;tomate_especifico;Corrientes;CORRIENTES;Corrientes;0,400;24/11/2025
26082;TOMATE PERITA;TOMATE PERITA;Tomate Perita;tomate_especifico;Corrientes;CORRIENTES;Corrientes;1,800;24/11/2025
26083;TOMATE REDONDO;TOMATE REDONDO;Tomate Redondo;tomate_especifico;Corrientes;CORRIENTES;Corrientes;1,800;24/11/2025
26085;TOMATE REDONDO;TOMATE REDONDO;Tomate Redondo;tomate_especifico;Corrientes;CORRIENTES;Corrientes;0,400;24/11/2025
26092;TOMATE PERITA;TOMATE PERITA;Tomate Perita;tomate_especifico;Corrientes;CORRIENTES;Corrientes;0,400;24/11/2025
26093;TOMATE PERITA;TOMATE PERITA;Tomate Perita;tomate_especifico;Corrientes;CORRIENTES;Corrientes;0,075;24/11/2025
26096;TOMATE CHERRY;TOMATE CHERRY;Tomate Cherry;tomate_especifico;Corrientes;CORRIENTES;Corrientes;0,010;24/11/2025
26098;TOMATE REDONDO;TOMATE REDONDO;Tomate Redondo;tomate_especifico;Corrientes;CORRIENTES;Corrientes;0,320;24/11/2025
26100;TOMATE CHERRY;TOMATE CHERRY;Tomate Cherry;tomate_especifico;Corrientes;CORRIENTES;Corrientes;0,015;24/11/2025
26108;TOMATE PERITA;TOMATE PERITA;Tomate Perita;tomate_especifico;Corrientes;CORRIENTES;Corrientes;0,200;24/11/2025
26148;TOMATE REDONDO;TOMATE REDONDO;Tomate Redondo;tomate_especifico;Corrientes;CORRIENTES;Corrientes;3,600;24/11/2025
26152;TOMATE CHERRY;TOMATE CHERRY;Tomate Cherry;tomate_especifico;Corrientes;CORRIENTES;Corrientes;0,300;24/11/2025
26158;TOMATE REDONDO;TOMATE REDONDO;Tomate Redondo;tomate_especifico;Corrientes;CORRIENTES;Corrientes;0,180;25/11/2025
26159;TOMATE PERITA;TOMATE PERITA;Tomate Perita;tomate_especifico;Corrientes;CORRIENTES;Corrientes;0,090;25/11/2025
26167;TOMATE PERITA;TOMATE PERITA;Tomate Perita;tomate_especifico;Corrientes;CORRIENTES;Corrientes;0,720;25/11/2025
26176;TOMATE REDONDO;TOMATE REDONDO;Tomate Redondo;tomate_especifico;Corrientes;CORRIENTES;Corrientes;0,360;25/11/2025
26177;TOMATE PERITA;TOMATE PERITA;Tomate Perita;tomate_especifico;Corrientes;CORRIENTES;Corrientes;0,360;25/11/2025
26178;TOMATE PERITA;TOMATE PERITA;Tomate Perita;tomate_especifico;Corrientes;CORRIENTES;Corrientes;0,540;25/11/2025
26180;TOMATE REDONDO;TOMATE REDONDO;Tomate Redondo;tomate_especifico;Corrientes;CORRIENTES;Corrientes;0,180;25/11/2025
26181;TOMATE PERITA;TOMATE PERITA;Tomate Perita;tomate_especifico;Corrientes;CORRIENTES;Corrientes;0,270;25/11/2025
26190;TOMATE PERITA;TOMATE PERITA;Tomate Perita;tomate_especifico;Corrientes;CORRIENTES;Corrientes;0,504;25/11/2025
26202;TOMATE PERITA;TOMATE PERITA;Tomate Perita;tomate_especifico;Corrientes;CORRIENTES;Corrientes;2,400;25/11/2025
26203;TOMATE PERITA;TOMATE PERITA;Tomate Perita;tomate_especifico;Corrientes;CORRIENTES;Corrientes;0,450;25/11/2025
26226;TOMATE REDONDO;TOMATE REDONDO;Tomate Redondo;tomate_especifico;Corrientes;CORRIENTES;Corrientes;0,216;26/11/2025
26229;TOMATE PERITA;TOMATE PERITA;Tomate Perita;tomate_especifico;Corrientes;CORRIENTES;Corrientes;1,404;26/11/2025
26233;TOMATE REDONDO;TOMATE REDONDO;Tomate Redondo;tomate_especifico;Corrientes;CORRIENTES;Corrientes;0,180;26/11/2025
26236;TOMATE PERITA;TOMATE PERITA;Tomate Perita;tomate_especifico;Corrientes;CORRIENTES;Corrientes;0,720;26/11/2025
26241;TOMATE PERITA;TOMATE PERITA;Tomate Perita;tomate_especifico;Corrientes;CORRIENTES;Corrientes;0,180;26/11/2025
26246;TOMATE PERITA;TOMATE PERITA;Tomate Perita;tomate_especifico;Corrientes;CORRIENTES;Corrientes;0,540;26/11/2025
26253;TOMATE PERITA;TOMATE PERITA;Tomate Perita;tomate_especifico;Corrientes;CORRIENTES;Corrientes;0,540;26/11/2025
26255;TOMATE REDONDO;TOMATE REDONDO;Tomate Redondo;tomate_especifico;Corrientes;CORRIENTES;Corrientes;1,350;26/11/2025
26257;TOMATE PERITA;TOMATE PERITA;Tomate Perita;tomate_especifico;Corrientes;CORRIENTES;Corrientes;0,180;26/11/2025
26260;TOMATE REDONDO;TOMATE REDONDO;Tomate Redondo;tomate_especifico;Corrientes;CORRIENTES;Corrientes;0,180;26/11/2025
26261;TOMATE PERITA;TOMATE PERITA;Tomate Perita;tomate_especifico;Corrientes;CORRIENTES;Corrientes;0,270;26/11/2025
26263;TOMATE REDONDO;TOMATE REDONDO;Tomate Redondo;tomate_especifico;Corrientes;CORRIENTES;Corrientes;1,170;26/11/2025
26269;TOMATE REDONDO;TOMATE REDONDO;Tomate Redondo;tomate_especifico;Corrientes;CORRIENTES;Corrientes;0,180;26/11/2025
26271;TOMATE PERITA;TOMATE PERITA;Tomate Perita;tomate_especifico;Corrientes;CORRIENTES;Corrientes;0,900;26/11/2025
26272;TOMATE CHERRY;TOMATE CHERRY;Tomate Cherry;tomate_especifico;Corrientes;CORRIENTES;Corrientes;0,035;26/11/2025
26275;TOMATE PERITA;TOMATE PERITA;Tomate Perita;tomate_especifico;Corrientes;CORRIENTES;Corrientes;0,720;26/11/2025
26276;TOMATE REDONDO;TOMATE REDONDO;Tomate Redondo;tomate_especifico;Corrientes;CORRIENTES;Corrientes;0,684;26/11/2025
26284;TOMATE REDONDO;TOMATE REDONDO;Tomate Redondo;tomate_especifico;Buenos Aires;CORRIENTES;Corrientes;10,000;27/11/2025
26285;TOMATE PERITA;TOMATE PERITA;Tomate Perita;tomate_especifico;Buenos Aires;CORRIENTES;Corrientes;4,000;27/11/2025
26298;TOMATE REDONDO;TOMATE REDONDO;Tomate Redondo;tomate_especifico;Buenos Aires;CORRIENTES;Corrientes;3,000;27/11/2025
26337;TOMATE PERITA;TOMATE PERITA;Tomate Perita;tomate_especifico;Jujuy;CORRIENTES;Corrientes;0,400;27/11/2025
26340;TOMATE CHERRY;TOMATE CHERRY;Tomate Cherry;tomate_especifico;Jujuy;CORRIENTES;Corrientes;0,400;27/11/2025
26359;TOMATE PERITA;TOMATE PERITA;Tomate Perita;tomate_especifico;Mendoza;CORRIENTES;Corrientes;0,150;27/11/2025
26366;TOMATE REDONDO;TOMATE REDONDO;Tomate Redondo;tomate_especifico;Corrientes;CORRIENTES;Corrientes;1,800;27/11/2025
26367;TOMATE PERITA;TOMATE PERITA;Tomate Perita;tomate_especifico;Corrientes;CORRIENTES;Corrientes;1,800;27/11/2025
26374;TOMATE PERITA;TOMATE PERITA;Tomate Perita;tomate_especifico;Corrientes;CORRIENTES;Corrientes;0,360;27/11/2025
26375;TOMATE REDONDO;TOMATE REDONDO;Tomate Redondo;tomate_especifico;Corrientes;CORRIENTES;Corrientes;0,324;27/11/2025
26385;TOMATE PERITA;TOMATE PERITA;Tomate Perita;tomate_especifico;Corrientes;CORRIENTES;Corrientes;0,306;27/11/2025
26395;TOMATE REDONDO;TOMATE REDONDO;Tomate Redondo;tomate_especifico;Corrientes;CORRIENTES;Corrientes;0,990;27/11/2025
26398;TOMATE PERITA;TOMATE PERITA;Tomate Perita;tomate_especifico;Corrientes;CORRIENTES;Corrientes;0,270;27/11/2025
26399;TOMATE REDONDO;TOMATE REDONDO;Tomate Redondo;tomate_especifico;Corrientes;CORRIENTES;Corrientes;0,864;27/11/2025
26405;TOMATE PERITA;TOMATE PERITA;Tomate Perita;tomate_especifico;Corrientes;CORRIENTES;Corrientes;0,360;27/11/2025
26409;TOMATE REDONDO;TOMATE REDONDO;Tomate Redondo;tomate_especifico;Corrientes;CORRIENTES;Corrientes;0,720;27/11/2025
26413;TOMATE PERITA;TOMATE PERITA;Tomate Perita;tomate_especifico;Corrientes;CORRIENTES;Corrientes;1,080;27/11/2025
26419;TOMATE PERITA;TOMATE PERITA;Tomate Perita;tomate_especifico;Corrientes;CORRIENTES;Corrientes;0,306;27/11/2025
26422;TOMATE PERITA;TOMATE PERITA;Tomate Perita;tomate_especifico;Corrientes;CORRIENTES;Corrientes;0,540;27/11/2025
26426;TOMATE CHERRY;TOMATE CHERRY;Tomate Cherry;tomate_especifico;Corrientes;CORRIENTES;Corrientes;0,050;27/11/2025
26430;TOMATE PERITA;TOMATE PERITA;Tomate Perita;tomate_especifico;Corrientes;CORRIENTES;Corrientes;0,270;27/11/2025
26434;TOMATE PERITA;TOMATE PERITA;Tomate Perita;tomate_especifico;Corrientes;CORRIENTES;Corrientes;0,720;27/11/2025
26435;TOMATE REDONDO;TOMATE REDONDO;Tomate Redondo;tomate_especifico;Corrientes;CORRIENTES;Corrientes;1,170;27/11/2025
26436;TOMATE PERITA;TOMATE PERITA;Tomate Perita;tomate_especifico;Corrientes;CORRIENTES;Corrientes;0,702;27/11/2025
26442;TOMATE PERITA;TOMATE PERITA;Tomate Perita;tomate_especifico;Corrientes;CORRIENTES;Corrientes;0,360;27/11/2025
26453;TOMATE REDONDO;TOMATE REDONDO;Tomate Redondo;tomate_especifico;Buenos Aires;CORRIENTES;Corrientes;5,200;27/11/2025
26455;TOMATE CHERRY;TOMATE CHERRY;Tomate Cherry;tomate_especifico;Buenos Aires;CORRIENTES;Corrientes;0,200;27/11/2025
26490;TOMATE PERITA;TOMATE PERITA;Tomate Perita;tomate_especifico;Corrientes;CORRIENTES;Corrientes;0,540;01/12/2025
26491;TOMATE REDONDO;TOMATE REDONDO;Tomate Redondo;tomate_especifico;Corrientes;CORRIENTES;Corrientes;1,080;01/12/2025
26524;TOMATE REDONDO;TOMATE REDONDO;Tomate Redondo;tomate_especifico;Corrientes;CORRIENTES;Corrientes;0,360;01/12/2025
26527;TOMATE PERITA;TOMATE PERITA;Tomate Perita;tomate_especifico;Corrientes;CORRIENTES;Corrientes;0,144;01/12/2025
26529;TOMATE PERITA;TOMATE PERITA;Tomate Perita;tomate_especifico;Corrientes;CORRIENTES;Corrientes;0,900;01/12/2025
26535;TOMATE PERITA;TOMATE PERITA;Tomate Perita;tomate_especifico;Corrientes;CORRIENTES;Corrientes;0,400;01/12/2025
26542;TOMATE REDONDO;TOMATE REDONDO;Tomate Redondo;tomate_especifico;Corrientes;CORRIENTES;Corrientes;4,000;01/12/2025
26546;TOMATE CHERRY;TOMATE CHERRY;Tomate Cherry;tomate_especifico;Corrientes;CORRIENTES;Corrientes;0,300;01/12/2025
26553;TOMATE PERITA;TOMATE PERITA;Tomate Perita;tomate_especifico;Corrientes;CORRIENTES;Corrientes;0,500;01/12/2025
26556;TOMATE PERITA;TOMATE PERITA;Tomate Perita;tomate_especifico;Corrientes;CORRIENTES;Corrientes;8,000;01/12/2025
26562;TOMATE REDONDO;TOMATE REDONDO;Tomate Redondo;tomate_especifico;Corrientes;CORRIENTES;Corrientes;1,440;01/12/2025
26563;TOMATE PERITA;TOMATE PERITA;Tomate Perita;tomate_especifico;Corrientes;CORRIENTES;Corrientes;2,160;01/12/2025
26580;TOMATE PERITA;TOMATE PERITA;Tomate Perita;tomate_especifico;Corrientes;CORRIENTES;Corrientes;0,200;01/12/2025
26581;TOMATE PERITA;TOMATE PERITA;Tomate Perita;tomate_especifico;Corrientes;CORRIENTES;Corrientes;0,090;01/12/2025
26582;TOMATE REDONDO;TOMATE REDONDO;Tomate Redondo;tomate_especifico;Corrientes;CORRIENTES;Corrientes;0,240;01/12/2025
26583;TOMATE REDONDO;TOMATE REDONDO;Tomate Redondo;tomate_especifico;Corrientes;CORRIENTES;Corrientes;0,135;01/12/2025
26586;TOMATE PERITA;TOMATE PERITA;Tomate Perita;tomate_especifico;Corrientes;CORRIENTES;Corrientes;0,600;01/12/2025
26589;TOMATE REDONDO;TOMATE REDONDO;Tomate Redondo;tomate_especifico;Corrientes;CORRIENTES;Corrientes;0,300;01/12/2025
26602;TOMATE REDONDO;TOMATE REDONDO;Tomate Redondo;tomate_especifico;Corrientes;CORRIENTES;Corrientes;0,450;01/12/2025
26605;TOMATE PERITA;TOMATE PERITA;Tomate Perita;tomate_especifico;Corrientes;CORRIENTES;Corrientes;0,360;01/12/2025
26608;TOMATE PERITA;TOMATE PERITA;Tomate Perita;tomate_especifico;Corrientes;CORRIENTES;Corrientes;0,810;01/12/2025
26613;TOMATE PERITA;TOMATE PERITA;Tomate Perita;tomate_especifico;Corrientes;CORRIENTES;Corrientes;0,900;01/12/2025
26619;TOMATE PERITA;TOMATE PERITA;Tomate Perita;tomate_especifico;Corrientes;CORRIENTES;Corrientes;0,360;01/12/2025
26625;TOMATE PERITA;TOMATE PERITA;Tomate Perita;tomate_especifico;Corrientes;CORRIENTES;Corrientes;0,180;01/12/2025
26626;TOMATE REDONDO;TOMATE REDONDO;Tomate Redondo;tomate_especifico;Corrientes;CORRIENTES;Corrientes;0,630;01/12/2025
26640;TOMATE PERITA;TOMATE PERITA;Tomate Perita;tomate_especifico;Corrientes;CORRIENTES;Corrientes;0,180;01/12/2025
26642;TOMATE REDONDO;TOMATE REDONDO;Tomate Redondo;tomate_especifico;Corrientes;CORRIENTES;Corrientes;0,720;01/12/2025
26646;TOMATE PERITA;TOMATE PERITA;Tomate Perita;tomate_especifico;Corrientes;CORRIENTES;Corrientes;1,080;01/12/2025
26648;TOMATE PERITA;TOMATE PERITA;Tomate Perita;tomate_especifico;Corrientes;CORRIENTES;Corrientes;0,450;01/12/2025
26652;TOMATE PERITA;TOMATE PERITA;Tomate Perita;tomate_especifico;Corrientes;CORRIENTES;Corrientes;0,540;01/12/2025
26660;TOMATE PERITA;TOMATE PERITA;Tomate Perita;tomate_especifico;Corrientes;CORRIENTES;Corrientes;0,270;02/12/2025
26663;TOMATE REDONDO;TOMATE REDONDO;Tomate Redondo;tomate_especifico;Corrientes;CORRIENTES;Corrientes;0,180;02/12/2025
26665;TOMATE PERITA;TOMATE PERITA;Tomate Perita;tomate_especifico;Corrientes;CORRIENTES;Corrientes;0,720;02/12/2025
26667;TOMATE PERITA;TOMATE PERITA;Tomate Perita;tomate_especifico;Corrientes;CORRIENTES;Corrientes;0,180;02/12/2025
26670;TOMATE PERITA;TOMATE PERITA;Tomate Perita;tomate_especifico;Corrientes;CORRIENTES;Corrientes;0,720;02/12/2025
26681;TOMATE PERITA;TOMATE PERITA;Tomate Perita;tomate_especifico;Corrientes;CORRIENTES;Corrientes;0,450;02/12/2025
26682;TOMATE REDONDO;TOMATE REDONDO;Tomate Redondo;tomate_especifico;Corrientes;CORRIENTES;Corrientes;0,360;02/12/2025
26685;TOMATE REDONDO;TOMATE REDONDO;Tomate Redondo;tomate_especifico;Corrientes;CORRIENTES;Corrientes;0,810;02/12/2025
26688;TOMATE REDONDO;TOMATE REDONDO;Tomate Redondo;tomate_especifico;Corrientes;CORRIENTES;Corrientes;0,360;02/12/2025
26698;TOMATE REDONDO;TOMATE REDONDO;Tomate Redondo;tomate_especifico;Corrientes;CORRIENTES;Corrientes;0,180;02/12/2025
26706;TOMATE PERITA;TOMATE PERITA;Tomate Perita;tomate_especifico;Corrientes;CORRIENTES;Corrientes;0,720;02/12/2025
26710;TOMATE REDONDO;TOMATE REDONDO;Tomate Redondo;tomate_especifico;Corrientes;CORRIENTES;Corrientes;0,216;03/12/2025
26712;TOMATE PERITA;TOMATE PERITA;Tomate Perita;tomate_especifico;Corrientes;CORRIENTES;Corrientes;0,360;03/12/2025
26717;TOMATE PERITA;TOMATE PERITA;Tomate Perita;tomate_especifico;Corrientes;CORRIENTES;Corrientes;0,270;03/12/2025
26722;TOMATE PERITA;TOMATE PERITA;Tomate Perita;tomate_especifico;Corrientes;CORRIENTES;Corrientes;0,540;03/12/2025
26730;TOMATE PERITA;TOMATE PERITA;Tomate Perita;tomate_especifico;Corrientes;CORRIENTES;Corrientes;0,720;03/12/2025
26743;TOMATE PERITA;TOMATE PERITA;Tomate Perita;tomate_especifico;Corrientes;CORRIENTES;Corrientes;0,360;03/12/2025
26744;TOMATE REDONDO;TOMATE REDONDO;Tomate Redondo;tomate_especifico;Corrientes;CORRIENTES;Corrientes;0,450;03/12/2025
26747;TOMATE REDONDO;TOMATE REDONDO;Tomate Redondo;tomate_especifico;Corrientes;CORRIENTES;Corrientes;0,630;03/12/2025
26748;TOMATE REDONDO;TOMATE REDONDO;Tomate Redondo;tomate_especifico;Corrientes;CORRIENTES;Corrientes;0,738;03/12/2025
26753;TOMATE PERITA;TOMATE PERITA;Tomate Perita;tomate_especifico;Corrientes;CORRIENTES;Corrientes;0,108;03/12/2025
26754;TOMATE REDONDO;TOMATE REDONDO;Tomate Redondo;tomate_especifico;Corrientes;CORRIENTES;Corrientes;0,360;03/12/2025
26762;TOMATE PERITA;TOMATE PERITA;Tomate Perita;tomate_especifico;Corrientes;CORRIENTES;Corrientes;0,810;03/12/2025
26778;TOMATE REDONDO;TOMATE REDONDO;Tomate Redondo;tomate_especifico;Corrientes;CORRIENTES;Corrientes;0,540;03/12/2025
26779;TOMATE PERITA;TOMATE PERITA;Tomate Perita;tomate_especifico;Corrientes;CORRIENTES;Corrientes;0,540;03/12/2025
26801;TOMATE REDONDO;TOMATE REDONDO;Tomate Redondo;tomate_especifico;Corrientes;CORRIENTES;Corrientes;0,360;04/12/2025
26802;TOMATE PERITA;TOMATE PERITA;Tomate Perita;tomate_especifico;Corrientes;CORRIENTES;Corrientes;0,360;04/12/2025
26812;TOMATE PERITA;TOMATE PERITA;Tomate Perita;tomate_especifico;Corrientes;CORRIENTES;Corrientes;0,360;04/12/2025
26813;TOMATE REDONDO;TOMATE REDONDO;Tomate Redondo;tomate_especifico;Corrientes;CORRIENTES;Corrientes;0,900;04/12/2025
26834;TOMATE PERITA;TOMATE PERITA;Tomate Perita;tomate_especifico;Corrientes;CORRIENTES;Corrientes;0,270;04/12/2025
26850;TOMATE REDONDO;TOMATE REDONDO;Tomate Redondo;tomate_especifico;Corrientes;CORRIENTES;Corrientes;1,440;04/12/2025
26851;TOMATE PERITA;TOMATE PERITA;Tomate Perita;tomate_especifico;Corrientes;CORRIENTES;Corrientes;2,160;04/12/2025
26868;TOMATE PERITA;TOMATE PERITA;Tomate Perita;tomate_especifico;Corrientes;CORRIENTES;Corrientes;0,200;04/12/2025
26869;TOMATE PERITA;TOMATE PERITA;Tomate Perita;tomate_especifico;Corrientes;CORRIENTES;Corrientes;0,090;04/12/2025
26870;TOMATE REDONDO;TOMATE REDONDO;Tomate Redondo;tomate_especifico;Corrientes;CORRIENTES;Corrientes;0,240;04/12/2025
26871;TOMATE REDONDO;TOMATE REDONDO;Tomate Redondo;tomate_especifico;Corrientes;CORRIENTES;Corrientes;0,135;04/12/2025
26874;TOMATE PERITA;TOMATE PERITA;Tomate Perita;tomate_especifico;Corrientes;CORRIENTES;Corrientes;0,600;04/12/2025
26877;TOMATE REDONDO;TOMATE REDONDO;Tomate Redondo;tomate_especifico;Corrientes;CORRIENTES;Corrientes;0,300;04/12/2025
26890;TOMATE REDONDO;TOMATE REDONDO;Tomate Redondo;tomate_especifico;Corrientes;CORRIENTES;Corrientes;0,450;04/12/2025
26893;TOMATE PERITA;TOMATE PERITA;Tomate Perita;tomate_especifico;Corrientes;CORRIENTES;Corrientes;0,360;04/12/2025
26896;TOMATE PERITA;TOMATE PERITA;Tomate Perita;tomate_especifico;Corrientes;CORRIENTES;Corrientes;0,810;04/12/2025
26901;TOMATE PERITA;TOMATE PERITA;Tomate Perita;tomate_especifico;Corrientes;CORRIENTES;Corrientes;0,900;04/12/2025
26907;TOMATE PERITA;TOMATE PERITA;Tomate Perita;tomate_especifico;Corrientes;CORRIENTES;Corrientes;0,360;04/12/2025
26913;TOMATE PERITA;TOMATE PERITA;Tomate Perita;tomate_especifico;Corrientes;CORRIENTES;Corrientes;0,180;04/12/2025
26914;TOMATE REDONDO;TOMATE REDONDO;Tomate Redondo;tomate_especifico;Corrientes;CORRIENTES;Corrientes;0,630;04/12/2025
26928;TOMATE PERITA;TOMATE PERITA;Tomate Perita;tomate_especifico;Corrientes;CORRIENTES;Corrientes;0,180;04/12/2025
26930;TOMATE REDONDO;TOMATE REDONDO;Tomate Redondo;tomate_especifico;Corrientes;CORRIENTES;Corrientes;0,720;04/12/2025
26934;TOMATE PERITA;TOMATE PERITA;Tomate Perita;tomate_especifico;Corrientes;CORRIENTES;Corrientes;1,080;04/12/2025
26936;TOMATE PERITA;TOMATE PERITA;Tomate Perita;tomate_especifico;Corrientes;CORRIENTES;Corrientes;0,450;04/12/2025
26941;TOMATE REDONDO;TOMATE REDONDO;Tomate Redondo;tomate_especifico;Corrientes;CORRIENTES;Corrientes;0,180;04/12/2025
26942;TOMATE PERITA;TOMATE PERITA;Tomate Perita;tomate_especifico;Corrientes;CORRIENTES;Corrientes;0,270;04/12/2025
26944;TOMATE PERITA;TOMATE PERITA;Tomate Perita;tomate_especifico;Corrientes;CORRIENTES;Corrientes;8,000;04/12/2025
26950;TOMATE PERITA;TOMATE PERITA;Tomate Perita;tomate_especifico;Corrientes;CORRIENTES;Corrientes;1,080;04/12/2025
26953;TOMATE REDONDO;TOMATE REDONDO;Tomate Redondo;tomate_especifico;Corrientes;CORRIENTES;Corrientes;0,900;04/12/2025
26964;TOMATE REDONDO;TOMATE REDONDO;Tomate Redondo;tomate_especifico;Corrientes;CORRIENTES;Corrientes;0,360;04/12/2025
26970;TOMATE PERITA;TOMATE PERITA;Tomate Perita;tomate_especifico;Corrientes;CORRIENTES;Corrientes;0,900;04/12/2025
26974;TOMATE REDONDO;TOMATE REDONDO;Tomate Redondo;tomate_especifico;Corrientes;CORRIENTES;Corrientes;0,360;04/12/2025
26977;TOMATE PERITA;TOMATE PERITA;Tomate Perita;tomate_especifico;Corrientes;CORRIENTES;Corrientes;0,630;04/12/2025
26979;TOMATE REDONDO;TOMATE REDONDO;Tomate Redondo;tomate_especifico;Corrientes;CORRIENTES;Corrientes;0,180;04/12/2025
26982;TOMATE PERITA;TOMATE PERITA;Tomate Perita;tomate_especifico;Corrientes;CORRIENTES;Corrientes;1,080;04/12/2025
26985;TOMATE PERITA;TOMATE PERITA;Tomate Perita;tomate_especifico;Corrientes;CORRIENTES;Corrientes;0,720;04/12/2025
26991;TOMATE PERITA;TOMATE PERITA;Tomate Perita;tomate_especifico;Corrientes;CORRIENTES;Corrientes;0,540;04/12/2025
26993;TOMATE PERITA;TOMATE PERITA;Tomate Perita;tomate_especifico;Corrientes;CORRIENTES;Corrientes;0,180;04/12/2025
26998;TOMATE PERITA;TOMATE PERITA;Tomate Perita;tomate_especifico;Corrientes;CORRIENTES;Corrientes;0,540;04/12/2025
27000;TOMATE PERITA;TOMATE PERITA;Tomate Perita;tomate_especifico;Corrientes;CORRIENTES;Corrientes;0,270;04/12/2025
27004;TOMATE REDONDO;TOMATE REDONDO;Tomate Redondo;tomate_especifico;Corrientes;CORRIENTES;Corrientes;0,360;04/12/2025
27015;TOMATE PERITA;TOMATE PERITA;Tomate Perita;tomate_especifico;Jujuy;CORRIENTES;Corrientes;0,400;04/12/2025
27018;TOMATE CHERRY;TOMATE CHERRY;Tomate Cherry;tomate_especifico;Jujuy;CORRIENTES;Corrientes;0,400;04/12/2025
27037;TOMATE PERITA;TOMATE PERITA;Tomate Perita;tomate_especifico;Corrientes;CORRIENTES;Corrientes;0,540;05/12/2025
27042;TOMATE PERITA;TOMATE PERITA;Tomate Perita;tomate_especifico;Corrientes;CORRIENTES;Corrientes;0,360;05/12/2025
27045;TOMATE PERITA;TOMATE PERITA;Tomate Perita;tomate_especifico;Corrientes;CORRIENTES;Corrientes;0,270;05/12/2025
27051;TOMATE PERITA;TOMATE PERITA;Tomate Perita;tomate_especifico;Corrientes;CORRIENTES;Corrientes;0,180;05/12/2025
27052;TOMATE PERITA;TOMATE PERITA;Tomate Perita;tomate_especifico;Corrientes;CORRIENTES;Corrientes;0,540;05/12/2025
27053;TOMATE PERITA;TOMATE PERITA;Tomate Perita;tomate_especifico;Corrientes;CORRIENTES;Corrientes;0,306;05/12/2025
27057;TOMATE REDONDO;TOMATE REDONDO;Tomate Redondo;tomate_especifico;Corrientes;CORRIENTES;Corrientes;0,450;05/12/2025
27059;TOMATE REDONDO;TOMATE REDONDO;Tomate Redondo;tomate_especifico;Corrientes;CORRIENTES;Corrientes;0,180;05/12/2025
27062;TOMATE REDONDO;TOMATE REDONDO;Tomate Redondo;tomate_especifico;Corrientes;CORRIENTES;Corrientes;0,010;05/12/2025
27067;TOMATE PERITA;TOMATE PERITA;Tomate Perita;tomate_especifico;Corrientes;CORRIENTES;Corrientes;1,080;05/12/2025
27072;TOMATE REDONDO;TOMATE REDONDO;Tomate Redondo;tomate_especifico;Corrientes;CORRIENTES;Corrientes;0,540;05/12/2025
27076;TOMATE REDONDO;TOMATE REDONDO;Tomate Redondo;tomate_especifico;Corrientes;CORRIENTES;Corrientes;0,450;05/12/2025
27081;TOMATE REDONDO;TOMATE REDONDO;Tomate Redondo;tomate_especifico;Corrientes;CORRIENTES;Corrientes;0,882;05/12/2025
27113;TOMATE PERITA;TOMATE PERITA;Tomate Perita;tomate_especifico;Corrientes;CORRIENTES;Corrientes;0,360;08/12/2025
27114;TOMATE REDONDO;TOMATE REDONDO;Tomate Redondo;tomate_especifico;Corrientes;CORRIENTES;Corrientes;0,270;08/12/2025
27129;TOMATE PERITA;TOMATE PERITA;Tomate Perita;tomate_especifico;Corrientes;CORRIENTES;Corrientes;0,360;08/12/2025
27134;TOMATE PERITA;TOMATE PERITA;Tomate Perita;tomate_especifico;Corrientes;CORRIENTES;Corrientes;0,540;08/12/2025
27143;TOMATE PERITA;TOMATE PERITA;Tomate Perita;tomate_especifico;Corrientes;CORRIENTES;Corrientes;1,080;08/12/2025
27151;TOMATE PERITA;TOMATE PERITA;Tomate Perita;tomate_especifico;Corrientes;CORRIENTES;Corrientes;0,270;08/12/2025
27153;TOMATE PERITA;TOMATE PERITA;Tomate Perita;tomate_especifico;Corrientes;CORRIENTES;Corrientes;1,440;08/12/2025
27163;TOMATE REDONDO;TOMATE REDONDO;Tomate Redondo;tomate_especifico;Corrientes;CORRIENTES;Corrientes;0,180;08/12/2025
27165;TOMATE PERITA;TOMATE PERITA;Tomate Perita;tomate_especifico;Corrientes;CORRIENTES;Corrientes;0,360;08/12/2025
27168;TOMATE REDONDO;TOMATE REDONDO;Tomate Redondo;tomate_especifico;Corrientes;CORRIENTES;Corrientes;0,720;08/12/2025
27169;TOMATE PERITA;TOMATE PERITA;Tomate Perita;tomate_especifico;Corrientes;CORRIENTES;Corrientes;0,360;08/12/2025
27187;TOMATE PERITA;TOMATE PERITA;Tomate Perita;tomate_especifico;Corrientes;CORRIENTES;Corrientes;0,200;08/12/2025
27188;TOMATE REDONDO;TOMATE REDONDO;Tomate Redondo;tomate_especifico;Corrientes;CORRIENTES;Corrientes;0,280;08/12/2025
27191;TOMATE PERITA;TOMATE PERITA;Tomate Perita;tomate_especifico;Corrientes;CORRIENTES;Corrientes;7,000;08/12/2025
27192;TOMATE PERITA;TOMATE PERITA;Tomate Perita;tomate_especifico;Corrientes;CORRIENTES;Corrientes;4,500;08/12/2025
27194;TOMATE CHERRY;TOMATE CHERRY;Tomate Cherry;tomate_especifico;Corrientes;CORRIENTES;Corrientes;0,100;08/12/2025
27201;TOMATE PERITA;TOMATE PERITA;Tomate Perita;tomate_especifico;Corrientes;CORRIENTES;Corrientes;0,360;08/12/2025
27203;TOMATE REDONDO;TOMATE REDONDO;Tomate Redondo;tomate_especifico;Corrientes;CORRIENTES;Corrientes;0,450;08/12/2025
27205;TOMATE PERITA;TOMATE PERITA;Tomate Perita;tomate_especifico;Corrientes;CORRIENTES;Corrientes;0,594;08/12/2025
27209;TOMATE PERITA;TOMATE PERITA;Tomate Perita;tomate_especifico;Corrientes;CORRIENTES;Corrientes;0,342;08/12/2025
27216;TOMATE PERITA;TOMATE PERITA;Tomate Perita;tomate_especifico;Corrientes;CORRIENTES;Corrientes;0,540;08/12/2025
27227;TOMATE PERITA;TOMATE PERITA;Tomate Perita;tomate_especifico;Corrientes;CORRIENTES;Corrientes;0,720;08/12/2025
27237;TOMATE PERITA;TOMATE PERITA;Tomate Perita;tomate_especifico;Corrientes;CORRIENTES;Corrientes;0,270;08/12/2025
27253;TOMATE REDONDO;TOMATE REDONDO;Tomate Redondo;tomate_especifico;Jujuy;CORRIENTES;Corrientes;1,200;08/12/2025
27254;TOMATE PERITA;TOMATE PERITA;Tomate Perita;tomate_especifico;Jujuy;CORRIENTES;Corrientes;1,200;08/12/2025
27263;TOMATE CHERRY;TOMATE CHERRY;Tomate Cherry;tomate_especifico;Jujuy;CORRIENTES;Corrientes;0,240;08/12/2025
27264;TOMATE PERITA;TOMATE PERITA;Tomate Perita;tomate_especifico;Corrientes;CORRIENTES;Corrientes;0,270;09/12/2025
27266;TOMATE PERITA;TOMATE PERITA;Tomate Perita;tomate_especifico;Corrientes;CORRIENTES;Corrientes;1,080;09/12/2025
27277;TOMATE PERITA;TOMATE PERITA;Tomate Perita;tomate_especifico;Corrientes;CORRIENTES;Corrientes;0,360;09/12/2025
27278;TOMATE REDONDO;TOMATE REDONDO;Tomate Redondo;tomate_especifico;Corrientes;CORRIENTES;Corrientes;0,270;09/12/2025
27291;TOMATE PERITA;TOMATE PERITA;Tomate Perita;tomate_especifico;Corrientes;CORRIENTES;Corrientes;0,630;10/12/2025
27312;TOMATE PERITA;TOMATE PERITA;Tomate Perita;tomate_especifico;Corrientes;CORRIENTES;Corrientes;0,180;10/12/2025
27321;TOMATE REDONDO;TOMATE REDONDO;Tomate Redondo;tomate_especifico;Corrientes;CORRIENTES;Corrientes;0,270;10/12/2025
27322;TOMATE PERITA;TOMATE PERITA;Tomate Perita;tomate_especifico;Corrientes;CORRIENTES;Corrientes;0,270;10/12/2025
27328;TOMATE PERITA;TOMATE PERITA;Tomate Perita;tomate_especifico;Corrientes;CORRIENTES;Corrientes;0,090;10/12/2025
27329;TOMATE REDONDO;TOMATE REDONDO;Tomate Redondo;tomate_especifico;Corrientes;CORRIENTES;Corrientes;0,036;10/12/2025
27330;TOMATE PERITA;TOMATE PERITA;Tomate Perita;tomate_especifico;Corrientes;CORRIENTES;Corrientes;0,900;10/12/2025
27331;TOMATE REDONDO;TOMATE REDONDO;Tomate Redondo;tomate_especifico;Corrientes;CORRIENTES;Corrientes;0,900;10/12/2025
27333;TOMATE PERITA;TOMATE PERITA;Tomate Perita;tomate_especifico;Corrientes;CORRIENTES;Corrientes;1,080;10/12/2025
27334;TOMATE REDONDO;TOMATE REDONDO;Tomate Redondo;tomate_especifico;Corrientes;CORRIENTES;Corrientes;1,260;10/12/2025
27367;TOMATE PERITA;TOMATE PERITA;Tomate Perita;tomate_especifico;Corrientes;CORRIENTES;Corrientes;0,360;11/12/2025
27378;TOMATE PERITA;TOMATE PERITA;Tomate Perita;tomate_especifico;Corrientes;CORRIENTES;Corrientes;1,440;11/12/2025
27382;TOMATE PERITA;TOMATE PERITA;Tomate Perita;tomate_especifico;Corrientes;CORRIENTES;Corrientes;0,540;11/12/2025
27387;TOMATE PERITA;TOMATE PERITA;Tomate Perita;tomate_especifico;Corrientes;CORRIENTES;Corrientes;0,540;11/12/2025
27390;TOMATE REDONDO;TOMATE REDONDO;Tomate Redondo;tomate_especifico;Corrientes;CORRIENTES;Corrientes;0,500;11/12/2025
27404;TOMATE PERITA;TOMATE PERITA;Tomate Perita;tomate_especifico;Corrientes;CORRIENTES;Corrientes;12,000;11/12/2025
27406;TOMATE CHERRY;TOMATE CHERRY;Tomate Cherry;tomate_especifico;Corrientes;CORRIENTES;Corrientes;0,400;11/12/2025
27419;TOMATE REDONDO;TOMATE REDONDO;Tomate Redondo;tomate_especifico;Corrientes;CORRIENTES;Corrientes;0,360;11/12/2025
27421;TOMATE REDONDO;TOMATE REDONDO;Tomate Redondo;tomate_especifico;Corrientes;CORRIENTES;Corrientes;0,180;11/12/2025
27423;TOMATE REDONDO;TOMATE REDONDO;Tomate Redondo;tomate_especifico;Corrientes;CORRIENTES;Corrientes;0,360;11/12/2025
27426;TOMATE REDONDO;TOMATE REDONDO;Tomate Redondo;tomate_especifico;Corrientes;CORRIENTES;Corrientes;0,324;11/12/2025
27429;TOMATE REDONDO;TOMATE REDONDO;Tomate Redondo;tomate_especifico;Corrientes;CORRIENTES;Corrientes;0,180;11/12/2025
27435;TOMATE PERITA;TOMATE PERITA;Tomate Perita;tomate_especifico;Buenos Aires;CORRIENTES;Corrientes;0,360;11/12/2025
27439;TOMATE PERITA;TOMATE PERITA;Tomate Perita;tomate_especifico;Corrientes;CORRIENTES;Corrientes;0,360;11/12/2025
27447;TOMATE PERITA;TOMATE PERITA;Tomate Perita;tomate_especifico;Corrientes;CORRIENTES;Corrientes;0,666;11/12/2025
27458;TOMATE PERITA;TOMATE PERITA;Tomate Perita;tomate_especifico;Corrientes;CORRIENTES;Corrientes;1,080;11/12/2025
27471;TOMATE PERITA;TOMATE PERITA;Tomate Perita;tomate_especifico;Corrientes;CORRIENTES;Corrientes;0,432;11/12/2025
27472;TOMATE PERITA;TOMATE PERITA;Tomate Perita;tomate_especifico;Corrientes;CORRIENTES;Corrientes;0,360;12/12/2025
27476;TOMATE PERITA;TOMATE PERITA;Tomate Perita;tomate_especifico;Corrientes;CORRIENTES;Corrientes;0,360;12/12/2025
27495;TOMATE PERITA;TOMATE PERITA;Tomate Perita;tomate_especifico;Corrientes;CORRIENTES;Corrientes;1,080;12/12/2025
27503;TOMATE PERITA;TOMATE PERITA;Tomate Perita;tomate_especifico;Corrientes;CORRIENTES;Corrientes;1,260;12/12/2025
27506;TOMATE PERITA;TOMATE PERITA;Tomate Perita;tomate_especifico;Corrientes;CORRIENTES;Corrientes;0,144;12/12/2025
27510;TOMATE PERITA;TOMATE PERITA;Tomate Perita;tomate_especifico;Corrientes;CORRIENTES;Corrientes;0,468;12/12/2025
27511;TOMATE REDONDO;TOMATE REDONDO;Tomate Redondo;tomate_especifico;Corrientes;CORRIENTES;Corrientes;0,720;12/12/2025
27515;TOMATE REDONDO;TOMATE REDONDO;Tomate Redondo;tomate_especifico;Corrientes;CORRIENTES;Corrientes;0,630;12/12/2025
27516;TOMATE PERITA;TOMATE PERITA;Tomate Perita;tomate_especifico;Corrientes;CORRIENTES;Corrientes;0,288;12/12/2025
27517;TOMATE REDONDO;TOMATE REDONDO;Tomate Redondo;tomate_especifico;Corrientes;CORRIENTES;Corrientes;0,360;12/12/2025
27520;TOMATE REDONDO;TOMATE REDONDO;Tomate Redondo;tomate_especifico;Corrientes;CORRIENTES;Corrientes;0,270;12/12/2025
27523;TOMATE PERITA;TOMATE PERITA;Tomate Perita;tomate_especifico;Corrientes;CORRIENTES;Corrientes;0,540;12/12/2025
27524;TOMATE REDONDO;TOMATE REDONDO;Tomate Redondo;tomate_especifico;Corrientes;CORRIENTES;Corrientes;0,702;12/12/2025
27526;TOMATE REDONDO;TOMATE REDONDO;Tomate Redondo;tomate_especifico;Corrientes;CORRIENTES;Corrientes;0,540;12/12/2025
27529;TOMATE REDONDO;TOMATE REDONDO;Tomate Redondo;tomate_especifico;Corrientes;CORRIENTES;Corrientes;0,900;12/12/2025
27532;TOMATE PERITA;TOMATE PERITA;Tomate Perita;tomate_especifico;Corrientes;CORRIENTES;Corrientes;0,180;12/12/2025
27553;TOMATE REDONDO;TOMATE REDONDO;Tomate Redondo;tomate_especifico;Corrientes;CORRIENTES;Corrientes;1,080;15/12/2025
27557;TOMATE CHERRY;TOMATE CHERRY;Tomate Cherry;tomate_especifico;Corrientes;CORRIENTES;Corrientes;0,100;15/12/2025
27559;TOMATE PERITA;TOMATE PERITA;Tomate Perita;tomate_especifico;Corrientes;CORRIENTES;Corrientes;0,360;15/12/2025
27563;TOMATE PERITA;TOMATE PERITA;Tomate Perita;tomate_especifico;Corrientes;CORRIENTES;Corrientes;4,500;15/12/2025
27571;TOMATE PERITA;TOMATE PERITA;Tomate Perita;tomate_especifico;Corrientes;CORRIENTES;Corrientes;0,270;15/12/2025
27572;TOMATE REDONDO;TOMATE REDONDO;Tomate Redondo;tomate_especifico;Corrientes;CORRIENTES;Corrientes;0,180;15/12/2025
27576;TOMATE PERITA;TOMATE PERITA;Tomate Perita;tomate_especifico;Corrientes;CORRIENTES;Corrientes;0,360;15/12/2025
27578;TOMATE REDONDO;TOMATE REDONDO;Tomate Redondo;tomate_especifico;Corrientes;CORRIENTES;Corrientes;0,360;15/12/2025
27586;TOMATE PERITA;TOMATE PERITA;Tomate Perita;tomate_especifico;Corrientes;CORRIENTES;Corrientes;0,360;15/12/2025
27588;TOMATE REDONDO;TOMATE REDONDO;Tomate Redondo;tomate_especifico;Corrientes;CORRIENTES;Corrientes;0,270;15/12/2025
27595;TOMATE REDONDO;TOMATE REDONDO;Tomate Redondo;tomate_especifico;Corrientes;CORRIENTES;Corrientes;0,108;15/12/2025
27603;TOMATE REDONDO;TOMATE REDONDO;Tomate Redondo;tomate_especifico;Corrientes;CORRIENTES;Corrientes;1,260;15/12/2025
27607;TOMATE PERITA;TOMATE PERITA;Tomate Perita;tomate_especifico;Corrientes;CORRIENTES;Corrientes;0,270;15/12/2025
27610;TOMATE PERITA;TOMATE PERITA;Tomate Perita;tomate_especifico;Corrientes;CORRIENTES;Corrientes;0,702;15/12/2025
27613;TOMATE REDONDO;TOMATE REDONDO;Tomate Redondo;tomate_especifico;Corrientes;CORRIENTES;Corrientes;0,360;15/12/2025
27614;TOMATE PERITA;TOMATE PERITA;Tomate Perita;tomate_especifico;Corrientes;CORRIENTES;Corrientes;0,450;15/12/2025
27616;TOMATE REDONDO;TOMATE REDONDO;Tomate Redondo;tomate_especifico;Corrientes;CORRIENTES;Corrientes;0,720;15/12/2025
27628;TOMATE REDONDO;TOMATE REDONDO;Tomate Redondo;tomate_especifico;Corrientes;CORRIENTES;Corrientes;0,500;15/12/2025
27642;TOMATE PERITA;TOMATE PERITA;Tomate Perita;tomate_especifico;Corrientes;CORRIENTES;Corrientes;12,000;15/12/2025
27644;TOMATE CHERRY;TOMATE CHERRY;Tomate Cherry;tomate_especifico;Corrientes;CORRIENTES;Corrientes;0,400;15/12/2025
27657;TOMATE REDONDO;TOMATE REDONDO;Tomate Redondo;tomate_especifico;Corrientes;CORRIENTES;Corrientes;0,360;15/12/2025
27659;TOMATE REDONDO;TOMATE REDONDO;Tomate Redondo;tomate_especifico;Corrientes;CORRIENTES;Corrientes;0,180;15/12/2025
27661;TOMATE REDONDO;TOMATE REDONDO;Tomate Redondo;tomate_especifico;Corrientes;CORRIENTES;Corrientes;0,360;15/12/2025
27664;TOMATE REDONDO;TOMATE REDONDO;Tomate Redondo;tomate_especifico;Corrientes;CORRIENTES;Corrientes;0,324;15/12/2025
27667;TOMATE REDONDO;TOMATE REDONDO;Tomate Redondo;tomate_especifico;Corrientes;CORRIENTES;Corrientes;0,180;15/12/2025
27673;TOMATE PERITA;TOMATE PERITA;Tomate Perita;tomate_especifico;Buenos Aires;CORRIENTES;Corrientes;0,360;15/12/2025
27677;TOMATE PERITA;TOMATE PERITA;Tomate Perita;tomate_especifico;Corrientes;CORRIENTES;Corrientes;0,360;15/12/2025
27685;TOMATE PERITA;TOMATE PERITA;Tomate Perita;tomate_especifico;Corrientes;CORRIENTES;Corrientes;0,666;15/12/2025
27696;TOMATE PERITA;TOMATE PERITA;Tomate Perita;tomate_especifico;Corrientes;CORRIENTES;Corrientes;1,080;15/12/2025
27714;TOMATE REDONDO;TOMATE REDONDO;Tomate Redondo;tomate_especifico;Corrientes;CORRIENTES;Corrientes;4,000;15/12/2025
27718;TOMATE CHERRY;TOMATE CHERRY;Tomate Cherry;tomate_especifico;Corrientes;CORRIENTES;Corrientes;0,300;15/12/2025
27733;TOMATE PERITA;TOMATE PERITA;Tomate Perita;tomate_especifico;Buenos Aires;CORRIENTES;Corrientes;4,000;15/12/2025
27734;TOMATE REDONDO;TOMATE REDONDO;Tomate Redondo;tomate_especifico;Buenos Aires;CORRIENTES;Corrientes;3,200;15/12/2025
27759;TOMATE PERITA;TOMATE PERITA;Tomate Perita;tomate_especifico;Corrientes;CORRIENTES;Corrientes;0,720;16/12/2025
27763;TOMATE REDONDO;TOMATE REDONDO;Tomate Redondo;tomate_especifico;Corrientes;CORRIENTES;Corrientes;0,720;16/12/2025
27770;TOMATE PERITA;TOMATE PERITA;Tomate Perita;tomate_especifico;Corrientes;CORRIENTES;Corrientes;0,360;16/12/2025
27793;TOMATE PERITA;TOMATE PERITA;Tomate Perita;tomate_especifico;Corrientes;CORRIENTES;Corrientes;0,900;17/12/2025
27795;TOMATE PERITA;TOMATE PERITA;Tomate Perita;tomate_especifico;Corrientes;CORRIENTES;Corrientes;0,144;17/12/2025
27798;TOMATE REDONDO;TOMATE REDONDO;Tomate Redondo;tomate_especifico;Corrientes;CORRIENTES;Corrientes;0,540;17/12/2025
27803;TOMATE PERITA;TOMATE PERITA;Tomate Perita;tomate_especifico;Corrientes;CORRIENTES;Corrientes;0,180;17/12/2025
27807;TOMATE PERITA;TOMATE PERITA;Tomate Perita;tomate_especifico;Corrientes;CORRIENTES;Corrientes;0,450;17/12/2025
27808;TOMATE REDONDO;TOMATE REDONDO;Tomate Redondo;tomate_especifico;Corrientes;CORRIENTES;Corrientes;0,270;17/12/2025
27821;TOMATE REDONDO;TOMATE REDONDO;Tomate Redondo;tomate_especifico;Corrientes;CORRIENTES;Corrientes;0,648;17/12/2025
27832;TOMATE REDONDO;TOMATE REDONDO;Tomate Redondo;tomate_especifico;Corrientes;CORRIENTES;Corrientes;3,600;17/12/2025
27849;TOMATE CHERRY;TOMATE CHERRY;Tomate Cherry;tomate_especifico;Corrientes;CORRIENTES;Corrientes;0,100;18/12/2025
27856;TOMATE CHERRY;TOMATE CHERRY;Tomate Cherry;tomate_especifico;Corrientes;CORRIENTES;Corrientes;0,050;18/12/2025
27857;TOMATE PERITA;TOMATE PERITA;Tomate Perita;tomate_especifico;Corrientes;CORRIENTES;Corrientes;0,900;18/12/2025
27860;TOMATE PERITA;TOMATE PERITA;Tomate Perita;tomate_especifico;Corrientes;CORRIENTES;Corrientes;0,900;18/12/2025
27865;TOMATE PERITA;TOMATE PERITA;Tomate Perita;tomate_especifico;Corrientes;CORRIENTES;Corrientes;0,270;18/12/2025
27875;TOMATE PERITA;TOMATE PERITA;Tomate Perita;tomate_especifico;Corrientes;CORRIENTES;Corrientes;0,216;18/12/2025
27888;TOMATE PERITA;TOMATE PERITA;Tomate Perita;tomate_especifico;Corrientes;CORRIENTES;Corrientes;0,720;18/12/2025
27893;TOMATE PERITA;TOMATE PERITA;Tomate Perita;tomate_especifico;Corrientes;CORRIENTES;Corrientes;0,270;18/12/2025
27898;TOMATE PERITA;TOMATE PERITA;Tomate Perita;tomate_especifico;Corrientes;CORRIENTES;Corrientes;0,324;18/12/2025
27900;TOMATE PERITA;TOMATE PERITA;Tomate Perita;tomate_especifico;Corrientes;CORRIENTES;Corrientes;1,620;18/12/2025
27901;TOMATE REDONDO;TOMATE REDONDO;Tomate Redondo;tomate_especifico;Corrientes;CORRIENTES;Corrientes;0,180;18/12/2025
27902;TOMATE PERITA;TOMATE PERITA;Tomate Perita;tomate_especifico;Corrientes;CORRIENTES;Corrientes;0,270;18/12/2025
27907;TOMATE PERITA;TOMATE PERITA;Tomate Perita;tomate_especifico;Corrientes;CORRIENTES;Corrientes;0,270;18/12/2025
27913;TOMATE PERITA;TOMATE PERITA;Tomate Perita;tomate_especifico;Corrientes;CORRIENTES;Corrientes;0,540;18/12/2025
27914;TOMATE REDONDO;TOMATE REDONDO;Tomate Redondo;tomate_especifico;Corrientes;CORRIENTES;Corrientes;0,540;18/12/2025
27916;TOMATE REDONDO;TOMATE REDONDO;Tomate Redondo;tomate_especifico;Corrientes;CORRIENTES;Corrientes;0,450;18/12/2025
27922;TOMATE PERITA;TOMATE PERITA;Tomate Perita;tomate_especifico;Corrientes;CORRIENTES;Corrientes;1,440;18/12/2025
27926;TOMATE PERITA;TOMATE PERITA;Tomate Perita;tomate_especifico;Corrientes;CORRIENTES;Corrientes;0,540;18/12/2025
27954;TOMATE PERITA;TOMATE PERITA;Tomate Perita;tomate_especifico;Corrientes;CORRIENTES;Corrientes;8,000;18/12/2025
27957;TOMATE CHERRY;TOMATE CHERRY;Tomate Cherry;tomate_especifico;Corrientes;CORRIENTES;Corrientes;0,100;18/12/2025
27959;TOMATE PERITA;TOMATE PERITA;Tomate Perita;tomate_especifico;Corrientes;CORRIENTES;Corrientes;0,600;18/12/2025
27962;TOMATE PERITA;TOMATE PERITA;Tomate Perita;tomate_especifico;Corrientes;CORRIENTES;Corrientes;0,180;18/12/2025
27967;TOMATE REDONDO;TOMATE REDONDO;Tomate Redondo;tomate_especifico;Corrientes;CORRIENTES;Corrientes;0,180;18/12/2025
27968;TOMATE REDONDO;TOMATE REDONDO;Tomate Redondo;tomate_especifico;Corrientes;CORRIENTES;Corrientes;0,360;18/12/2025
27969;TOMATE PERITA;TOMATE PERITA;Tomate Perita;tomate_especifico;Corrientes;CORRIENTES;Corrientes;0,540;18/12/2025
27977;TOMATE PERITA;TOMATE PERITA;Tomate Perita;tomate_especifico;Corrientes;CORRIENTES;Corrientes;0,540;18/12/2025
27982;TOMATE REDONDO;TOMATE REDONDO;Tomate Redondo;tomate_especifico;Corrientes;CORRIENTES;Corrientes;0,180;18/12/2025
27985;TOMATE PERITA;TOMATE PERITA;Tomate Perita;tomate_especifico;Buenos Aires;CORRIENTES;Corrientes;3,000;18/12/2025
27986;TOMATE REDONDO;TOMATE REDONDO;Tomate Redondo;tomate_especifico;Buenos Aires;CORRIENTES;Corrientes;3,000;18/12/2025
27992;TOMATE CHERRY;TOMATE CHERRY;Tomate Cherry;tomate_especifico;Buenos Aires;CORRIENTES;Corrientes;0,400;18/12/2025
28014;TOMATE PERITA;TOMATE PERITA;Tomate Perita;tomate_especifico;Corrientes;CORRIENTES;Corrientes;0,180;19/12/2025
28015;TOMATE REDONDO;TOMATE REDONDO;Tomate Redondo;tomate_especifico;Corrientes;CORRIENTES;Corrientes;0,450;19/12/2025
28021;TOMATE REDONDO;TOMATE REDONDO;Tomate Redondo;tomate_especifico;Corrientes;CORRIENTES;Corrientes;0,180;19/12/2025
28025;TOMATE PERITA;TOMATE PERITA;Tomate Perita;tomate_especifico;Corrientes;CORRIENTES;Corrientes;0,540;19/12/2025
28030;TOMATE PERITA;TOMATE PERITA;Tomate Perita;tomate_especifico;Corrientes;CORRIENTES;Corrientes;0,108;19/12/2025
28039;TOMATE PERITA;TOMATE PERITA;Tomate Perita;tomate_especifico;Corrientes;CORRIENTES;Corrientes;1,080;19/12/2025
28058;TOMATE PERITA;TOMATE PERITA;Tomate Perita;tomate_especifico;Corrientes;CORRIENTES;Corrientes;0,216;19/12/2025
28060;TOMATE REDONDO;TOMATE REDONDO;Tomate Redondo;tomate_especifico;Corrientes;CORRIENTES;Corrientes;0,432;19/12/2025
28061;TOMATE REDONDO;TOMATE REDONDO;Tomate Redondo;tomate_especifico;Corrientes;CORRIENTES;Corrientes;0,360;19/12/2025
28075;TOMATE PERITA;TOMATE PERITA;Tomate Perita;tomate_especifico;Buenos Aires;CORRIENTES;Corrientes;0,504;19/12/2025
28078;TOMATE PERITA;TOMATE PERITA;Tomate Perita;tomate_especifico;Corrientes;CORRIENTES;Corrientes;0,540;19/12/2025
28080;TOMATE PERITA;TOMATE PERITA;Tomate Perita;tomate_especifico;Corrientes;CORRIENTES;Corrientes;1,440;19/12/2025
28089;TOMATE PERITA;TOMATE PERITA;Tomate Perita;tomate_especifico;Corrientes;CORRIENTES;Corrientes;0,720;22/12/2025
28110;TOMATE PERITA;TOMATE PERITA;Tomate Perita;tomate_especifico;Corrientes;CORRIENTES;Corrientes;0,486;22/12/2025
28112;TOMATE PERITA;TOMATE PERITA;Tomate Perita;tomate_especifico;Corrientes;CORRIENTES;Corrientes;0,630;22/12/2025
28118;TOMATE PERITA;TOMATE PERITA;Tomate Perita;tomate_especifico;Corrientes;CORRIENTES;Corrientes;0,450;22/12/2025
28119;TOMATE REDONDO;TOMATE REDONDO;Tomate Redondo;tomate_especifico;Corrientes;CORRIENTES;Corrientes;0,900;22/12/2025
28121;TOMATE PERITA;TOMATE PERITA;Tomate Perita;tomate_especifico;Corrientes;CORRIENTES;Corrientes;0,630;22/12/2025
28122;TOMATE REDONDO;TOMATE REDONDO;Tomate Redondo;tomate_especifico;Corrientes;CORRIENTES;Corrientes;1,620;22/12/2025
28123;TOMATE CHERRY;TOMATE CHERRY;Tomate Cherry;tomate_especifico;Corrientes;CORRIENTES;Corrientes;0,030;22/12/2025
28124;TOMATE REDONDO;TOMATE REDONDO;Tomate Redondo;tomate_especifico;Corrientes;CORRIENTES;Corrientes;0,360;22/12/2025
28126;TOMATE PERITA;TOMATE PERITA;Tomate Perita;tomate_especifico;Corrientes;CORRIENTES;Corrientes;0,360;22/12/2025
28133;TOMATE PERITA;TOMATE PERITA;Tomate Perita;tomate_especifico;Corrientes;CORRIENTES;Corrientes;0,270;22/12/2025
28138;TOMATE PERITA;TOMATE PERITA;Tomate Perita;tomate_especifico;Corrientes;CORRIENTES;Corrientes;2,520;22/12/2025
28139;TOMATE PERITA;TOMATE PERITA;Tomate Perita;tomate_especifico;Corrientes;CORRIENTES;Corrientes;0,540;22/12/2025
28164;TOMATE PERITA;TOMATE PERITA;Tomate Perita;tomate_especifico;Corrientes;CORRIENTES;Corrientes;1,440;22/12/2025
28171;TOMATE REDONDO;TOMATE REDONDO;Tomate Redondo;tomate_especifico;Corrientes;CORRIENTES;Corrientes;0,360;22/12/2025
28172;TOMATE PERITA;TOMATE PERITA;Tomate Perita;tomate_especifico;Corrientes;CORRIENTES;Corrientes;0,720;22/12/2025
28181;TOMATE PERITA;TOMATE PERITA;Tomate Perita;tomate_especifico;Corrientes;CORRIENTES;Corrientes;0,450;22/12/2025
28184;TOMATE REDONDO;TOMATE REDONDO;Tomate Redondo;tomate_especifico;Corrientes;CORRIENTES;Corrientes;0,270;22/12/2025
28188;TOMATE PERITA;TOMATE PERITA;Tomate Perita;tomate_especifico;Corrientes;CORRIENTES;Corrientes;1,440;22/12/2025
28189;TOMATE REDONDO;TOMATE REDONDO;Tomate Redondo;tomate_especifico;Corrientes;CORRIENTES;Corrientes;13,266;22/12/2025
28199;TOMATE PERITA;TOMATE PERITA;Tomate Perita;tomate_especifico;Corrientes;CORRIENTES;Corrientes;0,216;22/12/2025
28225;TOMATE REDONDO;TOMATE REDONDO;Tomate Redondo;tomate_especifico;Corrientes;CORRIENTES;Corrientes;5,400;22/12/2025
28229;TOMATE CHERRY;TOMATE CHERRY;Tomate Cherry;tomate_especifico;Corrientes;CORRIENTES;Corrientes;0,300;22/12/2025
28266;TOMATE PERITA;TOMATE PERITA;Tomate Perita;tomate_especifico;Corrientes;CORRIENTES;Corrientes;0,450;23/12/2025
28289;TOMATE PERITA;TOMATE PERITA;Tomate Perita;tomate_especifico;Corrientes;CORRIENTES;Corrientes;0,144;23/12/2025
28291;TOMATE PERITA;TOMATE PERITA;Tomate Perita;tomate_especifico;Corrientes;CORRIENTES;Corrientes;0,090;23/12/2025
28302;TOMATE PERITA;TOMATE PERITA;Tomate Perita;tomate_especifico;Corrientes;CORRIENTES;Corrientes;1,440;23/12/2025
28305;TOMATE PERITA;TOMATE PERITA;Tomate Perita;tomate_especifico;Corrientes;CORRIENTES;Corrientes;0,500;23/12/2025
28312;TOMATE PERITA;TOMATE PERITA;Tomate Perita;tomate_especifico;Corrientes;CORRIENTES;Corrientes;0,108;23/12/2025
28313;TOMATE PERITA;TOMATE PERITA;Tomate Perita;tomate_especifico;Corrientes;CORRIENTES;Corrientes;1,440;23/12/2025
28314;TOMATE REDONDO;TOMATE REDONDO;Tomate Redondo;tomate_especifico;Corrientes;CORRIENTES;Corrientes;0,540;23/12/2025
28332;TOMATE PERITA;TOMATE PERITA;Tomate Perita;tomate_especifico;Corrientes;CORRIENTES;Corrientes;0,540;23/12/2025
28337;TOMATE REDONDO;TOMATE REDONDO;Tomate Redondo;tomate_especifico;Corrientes;CORRIENTES;Corrientes;0,396;23/12/2025
28338;TOMATE PERITA;TOMATE PERITA;Tomate Perita;tomate_especifico;Corrientes;CORRIENTES;Corrientes;0,108;23/12/2025
28369;TOMATE REDONDO;TOMATE REDONDO;Tomate Redondo;tomate_especifico;Corrientes;CORRIENTES;Corrientes;4,500;26/12/2025
28373;TOMATE PERITA;TOMATE PERITA;Tomate Perita;tomate_especifico;Corrientes;CORRIENTES;Corrientes;0,216;26/12/2025
28392;TOMATE REDONDO;TOMATE REDONDO;Tomate Redondo;tomate_especifico;Corrientes;CORRIENTES;Corrientes;0,360;26/12/2025
28396;TOMATE REDONDO;TOMATE REDONDO;Tomate Redondo;tomate_especifico;Corrientes;CORRIENTES;Corrientes;0,810;26/12/2025
28398;TOMATE REDONDO;TOMATE REDONDO;Tomate Redondo;tomate_especifico;Corrientes;CORRIENTES;Corrientes;0,720;26/12/2025
28406;TOMATE PERITA;TOMATE PERITA;Tomate Perita;tomate_especifico;Corrientes;CORRIENTES;Corrientes;0,810;26/12/2025
28414;TOMATE PERITA;TOMATE PERITA;Tomate Perita;tomate_especifico;Corrientes;CORRIENTES;Corrientes;0,540;29/12/2025
28416;TOMATE CHERRY;TOMATE CHERRY;Tomate Cherry;tomate_especifico;Corrientes;CORRIENTES;Corrientes;0,040;29/12/2025
28453;TOMATE PERITA;TOMATE PERITA;Tomate Perita;tomate_especifico;Corrientes;CORRIENTES;Corrientes;1,260;29/12/2025
28454;TOMATE PERITA;TOMATE PERITA;Tomate Perita;tomate_especifico;Corrientes;CORRIENTES;Corrientes;1,800;29/12/2025
28457;TOMATE REDONDO;TOMATE REDONDO;Tomate Redondo;tomate_especifico;Corrientes;CORRIENTES;Corrientes;0,090;29/12/2025
28472;TOMATE PERITA;TOMATE PERITA;Tomate Perita;tomate_especifico;Corrientes;CORRIENTES;Corrientes;0,306;29/12/2025
28486;TOMATE PERITA;TOMATE PERITA;Tomate Perita;tomate_especifico;Corrientes;CORRIENTES;Corrientes;0,216;29/12/2025
28490;TOMATE PERITA;TOMATE PERITA;Tomate Perita;tomate_especifico;Corrientes;CORRIENTES;Corrientes;0,540;29/12/2025
28522;TOMATE REDONDO;TOMATE REDONDO;Tomate Redondo;tomate_especifico;Corrientes;CORRIENTES;Corrientes;0,216;29/12/2025
28526;TOMATE PERITA;TOMATE PERITA;Tomate Perita;tomate_especifico;Corrientes;CORRIENTES;Corrientes;1,080;29/12/2025
28527;TOMATE REDONDO;TOMATE REDONDO;Tomate Redondo;tomate_especifico;Corrientes;CORRIENTES;Corrientes;0,900;29/12/2025
28531;TOMATE PERITA;TOMATE PERITA;Tomate Perita;tomate_especifico;Corrientes;CORRIENTES;Corrientes;0,720;29/12/2025
28534;TOMATE PERITA;TOMATE PERITA;Tomate Perita;tomate_especifico;Corrientes;CORRIENTES;Corrientes;0,900;29/12/2025
28539;TOMATE PERITA;TOMATE PERITA;Tomate Perita;tomate_especifico;Corrientes;CORRIENTES;Corrientes;0,180;29/12/2025
28543;TOMATE REDONDO;TOMATE REDONDO;Tomate Redondo;tomate_especifico;Corrientes;CORRIENTES;Corrientes;0,180;29/12/2025
28545;TOMATE PERITA;TOMATE PERITA;Tomate Perita;tomate_especifico;Jujuy;CORRIENTES;Corrientes;4,010;29/12/2025
28546;TOMATE REDONDO;TOMATE REDONDO;Tomate Redondo;tomate_especifico;Jujuy;CORRIENTES;Corrientes;3,010;29/12/2025
28550;TOMATE CHERRY;TOMATE CHERRY;Tomate Cherry;tomate_especifico;Jujuy;CORRIENTES;Corrientes;0,220;29/12/2025
28568;TOMATE REDONDO;TOMATE REDONDO;Tomate Redondo;tomate_especifico;Corrientes;CORRIENTES;Corrientes;0,900;30/12/2025
28577;TOMATE PERITA;TOMATE PERITA;Tomate Perita;tomate_especifico;Corrientes;CORRIENTES;Corrientes;0,360;30/12/2025
28584;TOMATE PERITA;TOMATE PERITA;Tomate Perita;tomate_especifico;Corrientes;CORRIENTES;Corrientes;0,180;30/12/2025
28594;TOMATE REDONDO;TOMATE REDONDO;Tomate Redondo;tomate_especifico;Corrientes;CORRIENTES;Corrientes;0,540;30/12/2025
28596;TOMATE PERITA;TOMATE PERITA;Tomate Perita;tomate_especifico;Corrientes;CORRIENTES;Corrientes;0,324;30/12/2025
28599;TOMATE PERITA;TOMATE PERITA;Tomate Perita;tomate_especifico;Corrientes;CORRIENTES;Corrientes;0,360;30/12/2025
28600;TOMATE REDONDO;TOMATE REDONDO;Tomate Redondo;tomate_especifico;Corrientes;CORRIENTES;Corrientes;0,180;30/12/2025
28604;TOMATE PERITA;TOMATE PERITA;Tomate Perita;tomate_especifico;Corrientes;CORRIENTES;Corrientes;0,450;30/12/2025
28605;TOMATE REDONDO;TOMATE REDONDO;Tomate Redondo;tomate_especifico;Corrientes;CORRIENTES;Corrientes;0,450;30/12/2025
28608;TOMATE PERITA;TOMATE PERITA;Tomate Perita;tomate_especifico;Corrientes;CORRIENTES;Corrientes;0,360;30/12/2025
28611;TOMATE PERITA;TOMATE PERITA;Tomate Perita;tomate_especifico;Corrientes;CORRIENTES;Corrientes;1,800;30/12/2025
35373;TOMATE;CHERRY;Tomate Cherry;tomate_especifico;Buenos Aires;BSAS;Buenos Aires;178,502;01/01/2025
35374;TOMATE;CHERRY;Tomate Cherry;tomate_especifico;Buenos Aires;BSAS;Buenos Aires;155,713;01/02/2025
35375;TOMATE;CHERRY;Tomate Cherry;tomate_especifico;Buenos Aires;BSAS;Buenos Aires;139,362;01/03/2025
35376;TOMATE;CHERRY;Tomate Cherry;tomate_especifico;Buenos Aires;BSAS;Buenos Aires;104,503;01/04/2025
35377;TOMATE;CHERRY;Tomate Cherry;tomate_especifico;Buenos Aires;BSAS;Buenos Aires;79,962;01/05/2025
35378;TOMATE;CHERRY;Tomate Cherry;tomate_especifico;Buenos Aires;BSAS;Buenos Aires;43,800;01/06/2025
35379;TOMATE;CHERRY;Tomate Cherry;tomate_especifico;Buenos Aires;BSAS;Buenos Aires;3,460;01/08/2025
35380;TOMATE;CHERRY;Tomate Cherry;tomate_especifico;Buenos Aires;BSAS;Buenos Aires;22,685;01/10/2025
35381;TOMATE;CHERRY;Tomate Cherry;tomate_especifico;Corrientes;CORRIENTES;Corrientes;1,320;01/01/2025
35382;TOMATE;CHERRY;Tomate Cherry;tomate_especifico;Corrientes;CORRIENTES;Corrientes;6,070;01/03/2025
35383;TOMATE;CHERRY;Tomate Cherry;tomate_especifico;Corrientes;CORRIENTES;Corrientes;58,193;01/04/2025
35384;TOMATE;CHERRY;Tomate Cherry;tomate_especifico;Corrientes;CORRIENTES;Corrientes;166,975;01/05/2025
35385;TOMATE;CHERRY;Tomate Cherry;tomate_especifico;Corrientes;CORRIENTES;Corrientes;89,600;01/06/2025
35386;TOMATE;CHERRY;Tomate Cherry;tomate_especifico;Corrientes;CORRIENTES;Corrientes;139,489;01/07/2025
35387;TOMATE;CHERRY;Tomate Cherry;tomate_especifico;Corrientes;CORRIENTES;Corrientes;116,098;01/08/2025
35388;TOMATE;CHERRY;Tomate Cherry;tomate_especifico;Corrientes;CORRIENTES;Corrientes;195,288;01/09/2025
35389;TOMATE;CHERRY;Tomate Cherry;tomate_especifico;Corrientes;CORRIENTES;Corrientes;339,574;01/10/2025
35390;TOMATE;CHERRY;Tomate Cherry;tomate_especifico;Entre Ríos;ENTRE RÍOS;;0,400;01/06/2025
35391;TOMATE;CHERRY;Tomate Cherry;tomate_especifico;Jujuy;JUJUY;;4,157;01/04/2025
35392;TOMATE;CHERRY;Tomate Cherry;tomate_especifico;Jujuy;JUJUY;;39,195;01/05/2025
35393;TOMATE;CHERRY;Tomate Cherry;tomate_especifico;Jujuy;JUJUY;;56,400;01/06/2025
35394;TOMATE;CHERRY;Tomate Cherry;tomate_especifico;Jujuy;JUJUY;;58,180;01/07/2025
35395;TOMATE;CHERRY;Tomate Cherry;tomate_especifico;Jujuy;JUJUY;;49,165;01/08/2025
35396;TOMATE;CHERRY;Tomate Cherry;tomate_especifico;Jujuy;JUJUY;;30,330;01/09/2025
35397;TOMATE;CHERRY;Tomate Cherry;tomate_especifico;Jujuy;JUJUY;;14,165;01/10/2025
35398;TOMATE;CHERRY;Tomate Cherry;tomate_especifico;Mar del Plata;MAR DEL PLATA;;1,137;01/01/2025
35399;TOMATE;CHERRY;Tomate Cherry;tomate_especifico;Mar del Plata;MAR DEL PLATA;;3,890;01/02/2025
35400;TOMATE;CHERRY;Tomate Cherry;tomate_especifico;Mar del Plata;MAR DEL PLATA;;4,620;01/03/2025
35401;TOMATE;CHERRY;Tomate Cherry;tomate_especifico;Mar del Plata;MAR DEL PLATA;;4,525;01/04/2025
35402;TOMATE;CHERRY;Tomate Cherry;tomate_especifico;Mar del Plata;MAR DEL PLATA;;2,815;01/05/2025
35403;TOMATE;CHERRY;Tomate Cherry;tomate_especifico;Mar del Plata;MAR DEL PLATA;;0,600;01/06/2025
35404;TOMATE;CHERRY;Tomate Cherry;tomate_especifico;Mendoza;MENDOZA;;41,724;01/01/2025
35405;TOMATE;CHERRY;Tomate Cherry;tomate_especifico;Mendoza;MENDOZA;;44,447;01/02/2025
35406;TOMATE;CHERRY;Tomate Cherry;tomate_especifico;Mendoza;MENDOZA;;41,220;01/03/2025
35407;TOMATE;CHERRY;Tomate Cherry;tomate_especifico;Mendoza;MENDOZA;;28,358;01/04/2025
35408;TOMATE;CHERRY;Tomate Cherry;tomate_especifico;Mendoza;MENDOZA;;24,336;01/05/2025
35409;TOMATE;CHERRY;Tomate Cherry;tomate_especifico;Mendoza;MENDOZA;;0,800;01/06/2025
35410;TOMATE;CHERRY;Tomate Cherry;tomate_especifico;Río Negro;RÍO NEGRO;;0,035;01/03/2025
35411;TOMATE;CHERRY;Tomate Cherry;tomate_especifico;Salta;SALTA;;0,730;01/04/2025
35412;TOMATE;CHERRY;Tomate Cherry;tomate_especifico;Salta;SALTA;;59,630;01/05/2025
35413;TOMATE;CHERRY;Tomate Cherry;tomate_especifico;Salta;SALTA;;81,800;01/06/2025
35414;TOMATE;CHERRY;Tomate Cherry;tomate_especifico;Salta;SALTA;;170,966;01/07/2025
35415;TOMATE;CHERRY;Tomate Cherry;tomate_especifico;Salta;SALTA;;206,993;01/08/2025
35416;TOMATE;CHERRY;Tomate Cherry;tomate_especifico;Salta;SALTA;;174,614;01/09/2025
35417;TOMATE;CHERRY;Tomate Cherry;tomate_especifico;Salta;SALTA;;85,164;01/10/2025
35418;TOMATE;CHERRY;Tomate Cherry;tomate_especifico;Santa Fe;SANTA FÉ;;0,200;01/06/2025
35419;TOMATE;CHERRY;Tomate Cherry;tomate_especifico;Tucumán;TUCUMÁN;;0,010;01/04/2025
35420;TOMATE;CHERRY;Tomate Cherry;tomate_especifico;Tucumán;TUCUMÁN;;0,150;01/07/2025
35421;TOMATE;CHERRY;Tomate Cherry;tomate_especifico;Tucumán;TUCUMÁN;;0,315;01/08/2025
35422;TOMATE;CHERRY;Tomate Cherry;tomate_especifico;Tucumán;TUCUMÁN;;1,015;01/10/2025
35423;TOMATE;LARGA VIDA;Tomate Larga Vida;tomate_especifico;Buenos Aires;BSAS;Buenos Aires;12,160;01/01/2025
35424;TOMATE;LARGA VIDA;Tomate Larga Vida;tomate_especifico;Buenos Aires;BSAS;Buenos Aires;5,280;01/02/2025
35425;TOMATE;LARGA VIDA;Tomate Larga Vida;tomate_especifico;Buenos Aires;BSAS;Buenos Aires;9,856;01/03/2025
35426;TOMATE;LARGA VIDA;Tomate Larga Vida;tomate_especifico;Buenos Aires;BSAS;Buenos Aires;5,264;01/04/2025
35427;TOMATE;LARGA VIDA;Tomate Larga Vida;tomate_especifico;Buenos Aires;BSAS;Buenos Aires;22,832;01/05/2025
35428;TOMATE;LARGA VIDA;Tomate Larga Vida;tomate_especifico;Buenos Aires;BSAS;Buenos Aires;0,576;01/10/2025
35429;TOMATE;LARGA VIDA;Tomate Larga Vida;tomate_especifico;Corrientes;CORRIENTES;Corrientes;2,272;01/07/2025
35430;TOMATE;LARGA VIDA;Tomate Larga Vida;tomate_especifico;Corrientes;CORRIENTES;Corrientes;7,304;01/09/2025
35431;TOMATE;LARGA VIDA;Tomate Larga Vida;tomate_especifico;Corrientes;CORRIENTES;Corrientes;4,896;01/10/2025
35432;TOMATE;PERITA;Tomate Perita;tomate_especifico;Brasil;BRASIL;;66,720;01/09/2025
35433;TOMATE;PERITA;Tomate Perita;tomate_especifico;Buenos Aires;BSAS;Buenos Aires;848,534;01/01/2025
35434;TOMATE;PERITA;Tomate Perita;tomate_especifico;Buenos Aires;BSAS;Buenos Aires;840,211;01/02/2025
35435;TOMATE;PERITA;Tomate Perita;tomate_especifico;Buenos Aires;BSAS;Buenos Aires;548,882;01/03/2025
35436;TOMATE;PERITA;Tomate Perita;tomate_especifico;Buenos Aires;BSAS;Buenos Aires;284,146;01/04/2025
35437;TOMATE;PERITA;Tomate Perita;tomate_especifico;Buenos Aires;BSAS;Buenos Aires;392,259;01/05/2025
35438;TOMATE;PERITA;Tomate Perita;tomate_especifico;Buenos Aires;BSAS;Buenos Aires;18,000;01/06/2025
35439;TOMATE;PERITA;Tomate Perita;tomate_especifico;Buenos Aires;BSAS;Buenos Aires;22,350;01/08/2025
35440;TOMATE;PERITA;Tomate Perita;tomate_especifico;Buenos Aires;BSAS;Buenos Aires;46,626;01/10/2025
35441;TOMATE;PERITA;Tomate Perita;tomate_especifico;Chile;CHILE;;24,696;01/07/2025
35442;TOMATE;PERITA;Tomate Perita;tomate_especifico;Corrientes;CORRIENTES;Corrientes;5,004;01/01/2025
35443;TOMATE;PERITA;Tomate Perita;tomate_especifico;Corrientes;CORRIENTES;Corrientes;23,184;01/02/2025
35444;TOMATE;PERITA;Tomate Perita;tomate_especifico;Corrientes;CORRIENTES;Corrientes;19,692;01/03/2025
35445;TOMATE;PERITA;Tomate Perita;tomate_especifico;Corrientes;CORRIENTES;Corrientes;20,466;01/04/2025
35446;TOMATE;PERITA;Tomate Perita;tomate_especifico;Corrientes;CORRIENTES;Corrientes;21,466;01/05/2025
35447;TOMATE;PERITA;Tomate Perita;tomate_especifico;Corrientes;CORRIENTES;Corrientes;8,000;01/06/2025
35448;TOMATE;PERITA;Tomate Perita;tomate_especifico;Corrientes;CORRIENTES;Corrientes;64,976;01/07/2025
35449;TOMATE;PERITA;Tomate Perita;tomate_especifico;Corrientes;CORRIENTES;Corrientes;64,207;01/08/2025
35450;TOMATE;PERITA;Tomate Perita;tomate_especifico;Corrientes;CORRIENTES;Corrientes;101,675;01/09/2025
35451;TOMATE;PERITA;Tomate Perita;tomate_especifico;Corrientes;CORRIENTES;Corrientes;161,458;01/10/2025
35452;TOMATE;PERITA;Tomate Perita;tomate_especifico;Entre Ríos;ENTRE RÍOS;;1,800;01/04/2025
35453;TOMATE;PERITA;Tomate Perita;tomate_especifico;Jujuy;JUJUY;;7,704;01/04/2025
35454;TOMATE;PERITA;Tomate Perita;tomate_especifico;Jujuy;JUJUY;;311,166;01/05/2025
35455;TOMATE;PERITA;Tomate Perita;tomate_especifico;Jujuy;JUJUY;;79,800;01/06/2025
35456;TOMATE;PERITA;Tomate Perita;tomate_especifico;Jujuy;JUJUY;;1007,286;01/07/2025
35457;TOMATE;PERITA;Tomate Perita;tomate_especifico;Jujuy;JUJUY;;1009,242;01/08/2025
35458;TOMATE;PERITA;Tomate Perita;tomate_especifico;Jujuy;JUJUY;;828,774;01/09/2025
35459;TOMATE;PERITA;Tomate Perita;tomate_especifico;Jujuy;JUJUY;;291,442;01/10/2025
35460;TOMATE;PERITA;Tomate Perita;tomate_especifico;Mar del Plata;MAR DEL PLATA;;69,030;01/01/2025
35461;TOMATE;PERITA;Tomate Perita;tomate_especifico;Mar del Plata;MAR DEL PLATA;;55,872;01/02/2025
35462;TOMATE;PERITA;Tomate Perita;tomate_especifico;Mar del Plata;MAR DEL PLATA;;94,554;01/03/2025
35463;TOMATE;PERITA;Tomate Perita;tomate_especifico;Mar del Plata;MAR DEL PLATA;;17,442;01/04/2025
35464;TOMATE;PERITA;Tomate Perita;tomate_especifico;Mar del Plata;MAR DEL PLATA;;5,274;01/05/2025
35465;TOMATE;PERITA;Tomate Perita;tomate_especifico;Mar del Plata;MAR DEL PLATA;;1,400;01/06/2025
35466;TOMATE;PERITA;Tomate Perita;tomate_especifico;Mendoza;MENDOZA;;943,996;01/01/2025
35467;TOMATE;PERITA;Tomate Perita;tomate_especifico;Mendoza;MENDOZA;;746,834;01/02/2025
35468;TOMATE;PERITA;Tomate Perita;tomate_especifico;Mendoza;MENDOZA;;1499,732;01/03/2025
35469;TOMATE;PERITA;Tomate Perita;tomate_especifico;Mendoza;MENDOZA;;1720,371;01/04/2025
35470;TOMATE;PERITA;Tomate Perita;tomate_especifico;Mendoza;MENDOZA;;2506,736;01/05/2025
35471;TOMATE;PERITA;Tomate Perita;tomate_especifico;Mendoza;MENDOZA;;11,200;01/06/2025
35472;TOMATE;PERITA;Tomate Perita;tomate_especifico;Mendoza;MENDOZA;;1,008;01/07/2025
35473;TOMATE;PERITA;Tomate Perita;tomate_especifico;Salta;SALTA;;33,606;01/04/2025
35474;TOMATE;PERITA;Tomate Perita;tomate_especifico;Salta;SALTA;;312,848;01/05/2025
35475;TOMATE;PERITA;Tomate Perita;tomate_especifico;Salta;SALTA;;117,800;01/06/2025
35476;TOMATE;PERITA;Tomate Perita;tomate_especifico;Salta;SALTA;;2312,980;01/07/2025
35477;TOMATE;PERITA;Tomate Perita;tomate_especifico;Salta;SALTA;;2277,599;01/08/2025
35478;TOMATE;PERITA;Tomate Perita;tomate_especifico;Salta;SALTA;;3050,587;01/09/2025
35479;TOMATE;PERITA;Tomate Perita;tomate_especifico;Salta;SALTA;;1551,169;01/10/2025
35480;TOMATE;PERITA;Tomate Perita;tomate_especifico;San Juan;SAN JUAN;;1,800;01/01/2025
35481;TOMATE;PERITA;Tomate Perita;tomate_especifico;San Juan;SAN JUAN;;12,672;01/02/2025
35482;TOMATE;PERITA;Tomate Perita;tomate_especifico;San Juan;SAN JUAN;;6,462;01/03/2025
35483;TOMATE;PERITA;Tomate Perita;tomate_especifico;San Juan;SAN JUAN;;2,628;01/04/2025
35484;TOMATE;PERITA;Tomate Perita;tomate_especifico;San Juan;SAN JUAN;;39,369;01/05/2025
35485;TOMATE;PERITA;Tomate Perita;tomate_especifico;Santa Fe;SANTA FÉ;;0,180;01/01/2025
35486;TOMATE;PERITA;Tomate Perita;tomate_especifico;Santa Fe;SANTA FÉ;;13,446;01/04/2025
35487;TOMATE;PERITA;Tomate Perita;tomate_especifico;Santa Fe;SANTA FÉ;;1,800;01/05/2025
35488;TOMATE;PERITA;Tomate Perita;tomate_especifico;Santa Fe;SANTA FÉ;;1,602;01/10/2025
35489;TOMATE;PERITA;Tomate Perita;tomate_especifico;Tucumán;TUCUMÁN;;5,184;01/07/2025
35490;TOMATE;PERITA;Tomate Perita;tomate_especifico;Tucumán;TUCUMÁN;;4,500;01/08/2025
35491;TOMATE;RACIMO;Tomate Racimo;tomate_especifico;Buenos Aires;BSAS;Buenos Aires;1,060;01/01/2025
35492;TOMATE;RACIMO;Tomate Racimo;tomate_especifico;Buenos Aires;BSAS;Buenos Aires;1,815;01/02/2025
35493;TOMATE;RACIMO;Tomate Racimo;tomate_especifico;Buenos Aires;BSAS;Buenos Aires;2,289;01/03/2025
35494;TOMATE;RACIMO;Tomate Racimo;tomate_especifico;Buenos Aires;BSAS;Buenos Aires;6,258;01/04/2025
35495;TOMATE;RACIMO;Tomate Racimo;tomate_especifico;Buenos Aires;BSAS;Buenos Aires;8,072;01/05/2025
35496;TOMATE;RACIMO;Tomate Racimo;tomate_especifico;Buenos Aires;BSAS;Buenos Aires;0,400;01/06/2025
35497;TOMATE;RACIMO;Tomate Racimo;tomate_especifico;Corrientes;CORRIENTES;Corrientes;0,140;01/05/2025
35498;TOMATE;RACIMO;Tomate Racimo;tomate_especifico;Corrientes;CORRIENTES;Corrientes;1,400;01/06/2025
35499;TOMATE;RACIMO;Tomate Racimo;tomate_especifico;Corrientes;CORRIENTES;Corrientes;1,881;01/07/2025
35500;TOMATE;RACIMO;Tomate Racimo;tomate_especifico;Corrientes;CORRIENTES;Corrientes;2,132;01/08/2025
35501;TOMATE;RACIMO;Tomate Racimo;tomate_especifico;Corrientes;CORRIENTES;Corrientes;2,856;01/09/2025
35502;TOMATE;RACIMO;Tomate Racimo;tomate_especifico;Corrientes;CORRIENTES;Corrientes;3,415;01/10/2025
35503;TOMATE;RACIMO;Tomate Racimo;tomate_especifico;Entre Ríos;ENTRE RÍOS;;0,200;01/06/2025
35504;TOMATE;RACIMO;Tomate Racimo;tomate_especifico;Mar del Plata;MAR DEL PLATA;;0,235;01/01/2025
35505;TOMATE;RACIMO;Tomate Racimo;tomate_especifico;Mar del Plata;MAR DEL PLATA;;0,140;01/02/2025
35506;TOMATE;RACIMO;Tomate Racimo;tomate_especifico;Mar del Plata;MAR DEL PLATA;;0,200;01/03/2025
35507;TOMATE;RACIMO;Tomate Racimo;tomate_especifico;Mar del Plata;MAR DEL PLATA;;1,200;01/05/2025
35508;TOMATE;REDONDO;Tomate Redondo;tomate_especifico;Brasil;BRASIL;;13,240;01/09/2025
35509;TOMATE;REDONDO;Tomate Redondo;tomate_especifico;Buenos Aires;BSAS;Buenos Aires;7873,728;01/01/2025
35510;TOMATE;REDONDO;Tomate Redondo;tomate_especifico;Buenos Aires;BSAS;Buenos Aires;6474,893;01/02/2025
35511;TOMATE;REDONDO;Tomate Redondo;tomate_especifico;Buenos Aires;BSAS;Buenos Aires;5175,840;01/03/2025
35512;TOMATE;REDONDO;Tomate Redondo;tomate_especifico;Buenos Aires;BSAS;Buenos Aires;4777,776;01/04/2025
35513;TOMATE;REDONDO;Tomate Redondo;tomate_especifico;Buenos Aires;BSAS;Buenos Aires;3482,848;01/05/2025
35514;TOMATE;REDONDO;Tomate Redondo;tomate_especifico;Buenos Aires;BSAS;Buenos Aires;133,400;01/06/2025
35515;TOMATE;REDONDO;Tomate Redondo;tomate_especifico;Buenos Aires;BSAS;Buenos Aires;80,636;01/08/2025
35516;TOMATE;REDONDO;Tomate Redondo;tomate_especifico;Buenos Aires;BSAS;Buenos Aires;645,951;01/10/2025
35517;TOMATE;REDONDO;Tomate Redondo;tomate_especifico;Chile;CHILE;;19,992;01/03/2025
35518;TOMATE;REDONDO;Tomate Redondo;tomate_especifico;Chile;CHILE;;83,888;01/04/2025
35519;TOMATE;REDONDO;Tomate Redondo;tomate_especifico;Chile;CHILE;;138,285;01/05/2025
35520;TOMATE;REDONDO;Tomate Redondo;tomate_especifico;Chile;CHILE;;12,400;01/06/2025
35521;TOMATE;REDONDO;Tomate Redondo;tomate_especifico;Chile;CHILE;;282,992;01/07/2025
35522;TOMATE;REDONDO;Tomate Redondo;tomate_especifico;Chile;CHILE;;252,279;01/08/2025
35523;TOMATE;REDONDO;Tomate Redondo;tomate_especifico;Chile;CHILE;;96,925;01/09/2025
35524;TOMATE;REDONDO;Tomate Redondo;tomate_especifico;Chile;CHILE;;80,020;01/10/2025
35525;TOMATE;REDONDO;Tomate Redondo;tomate_especifico;Corrientes;CORRIENTES;Corrientes;10,902;01/01/2025
35526;TOMATE;REDONDO;Tomate Redondo;tomate_especifico;Corrientes;CORRIENTES;Corrientes;44,949;01/02/2025
35527;TOMATE;REDONDO;Tomate Redondo;tomate_especifico;Corrientes;CORRIENTES;Corrientes;54,918;01/03/2025
35528;TOMATE;REDONDO;Tomate Redondo;tomate_especifico;Corrientes;CORRIENTES;Corrientes;144,284;01/04/2025
35529;TOMATE;REDONDO;Tomate Redondo;tomate_especifico;Corrientes;CORRIENTES;Corrientes;1468,681;01/05/2025
35530;TOMATE;REDONDO;Tomate Redondo;tomate_especifico;Corrientes;CORRIENTES;Corrientes;254,800;01/06/2025
35531;TOMATE;REDONDO;Tomate Redondo;tomate_especifico;Corrientes;CORRIENTES;Corrientes;2586,443;01/07/2025
35532;TOMATE;REDONDO;Tomate Redondo;tomate_especifico;Corrientes;CORRIENTES;Corrientes;2662,242;01/08/2025
35533;TOMATE;REDONDO;Tomate Redondo;tomate_especifico;Corrientes;CORRIENTES;Corrientes;3661,537;01/09/2025
35534;TOMATE;REDONDO;Tomate Redondo;tomate_especifico;Corrientes;CORRIENTES;Corrientes;6886,884;01/10/2025
35535;TOMATE;REDONDO;Tomate Redondo;tomate_especifico;Entre Ríos;ENTRE RÍOS;;6,300;01/04/2025
35536;TOMATE;REDONDO;Tomate Redondo;tomate_especifico;Entre Ríos;ENTRE RÍOS;;0,200;01/06/2025
35537;TOMATE;REDONDO;Tomate Redondo;tomate_especifico;Jujuy;JUJUY;;11,646;01/04/2025
35538;TOMATE;REDONDO;Tomate Redondo;tomate_especifico;Jujuy;JUJUY;;226,692;01/05/2025
35539;TOMATE;REDONDO;Tomate Redondo;tomate_especifico;Jujuy;JUJUY;;55,000;01/06/2025
35540;TOMATE;REDONDO;Tomate Redondo;tomate_especifico;Jujuy;JUJUY;;736,324;01/07/2025
35541;TOMATE;REDONDO;Tomate Redondo;tomate_especifico;Jujuy;JUJUY;;526,536;01/08/2025
35542;TOMATE;REDONDO;Tomate Redondo;tomate_especifico;Jujuy;JUJUY;;321,336;01/09/2025
35543;TOMATE;REDONDO;Tomate Redondo;tomate_especifico;Jujuy;JUJUY;;103,626;01/10/2025
35544;TOMATE;REDONDO;Tomate Redondo;tomate_especifico;Mar del Plata;MAR DEL PLATA;;882,686;01/01/2025
35545;TOMATE;REDONDO;Tomate Redondo;tomate_especifico;Mar del Plata;MAR DEL PLATA;;1033,686;01/02/2025
35546;TOMATE;REDONDO;Tomate Redondo;tomate_especifico;Mar del Plata;MAR DEL PLATA;;924,981;01/03/2025
35547;TOMATE;REDONDO;Tomate Redondo;tomate_especifico;Mar del Plata;MAR DEL PLATA;;541,638;01/04/2025
35548;TOMATE;REDONDO;Tomate Redondo;tomate_especifico;Mar del Plata;MAR DEL PLATA;;308,394;01/05/2025
35549;TOMATE;REDONDO;Tomate Redondo;tomate_especifico;Mar del Plata;MAR DEL PLATA;;8,000;01/06/2025
35550;TOMATE;REDONDO;Tomate Redondo;tomate_especifico;Mendoza;MENDOZA;;1062,050;01/01/2025
35551;TOMATE;REDONDO;Tomate Redondo;tomate_especifico;Mendoza;MENDOZA;;1260,949;01/02/2025
35552;TOMATE;REDONDO;Tomate Redondo;tomate_especifico;Mendoza;MENDOZA;;1834,460;01/03/2025
35553;TOMATE;REDONDO;Tomate Redondo;tomate_especifico;Mendoza;MENDOZA;;1760,790;01/04/2025
35554;TOMATE;REDONDO;Tomate Redondo;tomate_especifico;Mendoza;MENDOZA;;960,976;01/05/2025
35555;TOMATE;REDONDO;Tomate Redondo;tomate_especifico;Mendoza;MENDOZA;;7,200;01/06/2025
35556;TOMATE;REDONDO;Tomate Redondo;tomate_especifico;Mendoza;MENDOZA;;122,164;01/07/2025
35557;TOMATE;REDONDO;Tomate Redondo;tomate_especifico;Mendoza;MENDOZA;;64,543;01/09/2025
35558;TOMATE;REDONDO;Tomate Redondo;tomate_especifico;Río Negro;RÍO NEGRO;;1,800;01/05/2025
35559;TOMATE;REDONDO;Tomate Redondo;tomate_especifico;Salta;SALTA;;37,526;01/04/2025
35560;TOMATE;REDONDO;Tomate Redondo;tomate_especifico;Salta;SALTA;;365,430;01/05/2025
35561;TOMATE;REDONDO;Tomate Redondo;tomate_especifico;Salta;SALTA;;146,200;01/06/2025
35562;TOMATE;REDONDO;Tomate Redondo;tomate_especifico;Salta;SALTA;;3347,426;01/07/2025
35563;TOMATE;REDONDO;Tomate Redondo;tomate_especifico;Salta;SALTA;;3576,272;01/08/2025
35564;TOMATE;REDONDO;Tomate Redondo;tomate_especifico;Salta;SALTA;;4507,702;01/09/2025
35565;TOMATE;REDONDO;Tomate Redondo;tomate_especifico;Salta;SALTA;;3183,340;01/10/2025
35566;TOMATE;REDONDO;Tomate Redondo;tomate_especifico;San Juan;SAN JUAN;;2,304;01/03/2025
35567;TOMATE;REDONDO;Tomate Redondo;tomate_especifico;San Juan;SAN JUAN;;3,600;01/04/2025
35568;TOMATE;REDONDO;Tomate Redondo;tomate_especifico;San Juan;SAN JUAN;;1,224;01/05/2025
35569;TOMATE;REDONDO;Tomate Redondo;tomate_especifico;San Juan;SAN JUAN;;1,200;01/06/2025
35570;TOMATE;REDONDO;Tomate Redondo;tomate_especifico;Santa Fe;SANTA FÉ;;2,700;01/01/2025
35571;TOMATE;REDONDO;Tomate Redondo;tomate_especifico;Santa Fe;SANTA FÉ;;5,400;01/02/2025
35572;TOMATE;REDONDO;Tomate Redondo;tomate_especifico;Santa Fe;SANTA FÉ;;5,040;01/04/2025
35573;TOMATE;REDONDO;Tomate Redondo;tomate_especifico;Santa Fe;SANTA FÉ;;0,900;01/05/2025
35574;TOMATE;REDONDO;Tomate Redondo;tomate_especifico;Santa Fe;SANTA FÉ;;0,400;01/06/2025
35575;TOMATE;REDONDO;Tomate Redondo;tomate_especifico;Tucumán;TUCUMÁN;;0,400;01/04/2025
35576;TOMATE;REDONDO;Tomate Redondo;tomate_especifico;Tucumán;TUCUMÁN;;6,264;01/07/2025
35577;TOMATE;REDONDO;Tomate Redondo;tomate_especifico;Tucumán;TUCUMÁN;;22,920;01/08/2025
35578;TOMATE;REDONDO;Tomate Redondo;tomate_especifico;Tucumán;TUCUMÁN;;2,016;01/10/2025
35579;TOMATE;SIN VARIED;Tomate sin variedad especificada;tomate_sin_variedad;Buenos Aires;BSAS;Buenos Aires;103,359;01/01/2025
35580;TOMATE;SIN VARIED;Tomate sin variedad especificada;tomate_sin_variedad;Buenos Aires;BSAS;Buenos Aires;11,646;01/02/2025
35581;TOMATE;SIN VARIED;Tomate sin variedad especificada;tomate_sin_variedad;Buenos Aires;BSAS;Buenos Aires;2,574;01/03/2025
35582;TOMATE;SIN VARIED;Tomate sin variedad especificada;tomate_sin_variedad;Buenos Aires;BSAS;Buenos Aires;11,466;01/04/2025
35583;TOMATE;SIN VARIED;Tomate sin variedad especificada;tomate_sin_variedad;Buenos Aires;BSAS;Buenos Aires;1,350;01/05/2025
35584;TOMATE;SIN VARIED;Tomate sin variedad especificada;tomate_sin_variedad;Chile;CHILE;;20,482;01/04/2025
35585;TOMATE;SIN VARIED;Tomate sin variedad especificada;tomate_sin_variedad;Chile;CHILE;;48,297;01/05/2025
35586;TOMATE;SIN VARIED;Tomate sin variedad especificada;tomate_sin_variedad;Chile;CHILE;;2,800;01/06/2025
35587;TOMATE;SIN VARIED;Tomate sin variedad especificada;tomate_sin_variedad;Chile;CHILE;;49,392;01/07/2025
35588;TOMATE;SIN VARIED;Tomate sin variedad especificada;tomate_sin_variedad;Chile;CHILE;;73,728;01/08/2025
35589;TOMATE;SIN VARIED;Tomate sin variedad especificada;tomate_sin_variedad;Chile;CHILE;;22,932;01/09/2025
35590;TOMATE;SIN VARIED;Tomate sin variedad especificada;tomate_sin_variedad;Chile;CHILE;;24,696;01/10/2025
35591;TOMATE;SIN VARIED;Tomate sin variedad especificada;tomate_sin_variedad;Corrientes;CORRIENTES;Corrientes;0,432;01/04/2025
35592;TOMATE;SIN VARIED;Tomate sin variedad especificada;tomate_sin_variedad;Corrientes;CORRIENTES;Corrientes;6,984;01/05/2025
35593;TOMATE;SIN VARIED;Tomate sin variedad especificada;tomate_sin_variedad;Corrientes;CORRIENTES;Corrientes;0,600;01/06/2025
35594;TOMATE;SIN VARIED;Tomate sin variedad especificada;tomate_sin_variedad;Corrientes;CORRIENTES;Corrientes;5,180;01/07/2025
35595;TOMATE;SIN VARIED;Tomate sin variedad especificada;tomate_sin_variedad;Corrientes;CORRIENTES;Corrientes;1,519;01/08/2025
35596;TOMATE;SIN VARIED;Tomate sin variedad especificada;tomate_sin_variedad;Corrientes;CORRIENTES;Corrientes;0,450;01/09/2025
35597;TOMATE;SIN VARIED;Tomate sin variedad especificada;tomate_sin_variedad;Corrientes;CORRIENTES;Corrientes;6,495;01/10/2025
35598;TOMATE;SIN VARIED;Tomate sin variedad especificada;tomate_sin_variedad;Jujuy;JUJUY;;0,072;01/04/2025
35599;TOMATE;SIN VARIED;Tomate sin variedad especificada;tomate_sin_variedad;Jujuy;JUJUY;;2,790;01/07/2025
35600;TOMATE;SIN VARIED;Tomate sin variedad especificada;tomate_sin_variedad;Jujuy;JUJUY;;10,494;01/08/2025
35601;TOMATE;SIN VARIED;Tomate sin variedad especificada;tomate_sin_variedad;Jujuy;JUJUY;;1,080;01/09/2025
35602;TOMATE;SIN VARIED;Tomate sin variedad especificada;tomate_sin_variedad;Mar del Plata;MAR DEL PLATA;;3,006;01/02/2025
35603;TOMATE;SIN VARIED;Tomate sin variedad especificada;tomate_sin_variedad;Mar del Plata;MAR DEL PLATA;;5,400;01/05/2025
35604;TOMATE;SIN VARIED;Tomate sin variedad especificada;tomate_sin_variedad;Mendoza;MENDOZA;;6,400;01/01/2025
35605;TOMATE;SIN VARIED;Tomate sin variedad especificada;tomate_sin_variedad;Mendoza;MENDOZA;;2,016;01/02/2025
35606;TOMATE;SIN VARIED;Tomate sin variedad especificada;tomate_sin_variedad;Mendoza;MENDOZA;;2,394;01/04/2025
35607;TOMATE;SIN VARIED;Tomate sin variedad especificada;tomate_sin_variedad;Mendoza;MENDOZA;;6,166;01/05/2025
35608;TOMATE;SIN VARIED;Tomate sin variedad especificada;tomate_sin_variedad;Mendoza;MENDOZA;;0,200;01/06/2025
35609;TOMATE;SIN VARIED;Tomate sin variedad especificada;tomate_sin_variedad;Salta;SALTA;;2,700;01/05/2025
35610;TOMATE;SIN VARIED;Tomate sin variedad especificada;tomate_sin_variedad;Salta;SALTA;;0,400;01/06/2025
35611;TOMATE;SIN VARIED;Tomate sin variedad especificada;tomate_sin_variedad;Salta;SALTA;;8,010;01/07/2025
35612;TOMATE;SIN VARIED;Tomate sin variedad especificada;tomate_sin_variedad;Salta;SALTA;;12,590;01/08/2025
35613;TOMATE;SIN VARIED;Tomate sin variedad especificada;tomate_sin_variedad;Salta;SALTA;;1,692;01/09/2025
35614;TOMATE;SIN VARIED;Tomate sin variedad especificada;tomate_sin_variedad;Salta;SALTA;;6,228;01/10/2025
35615;TOMATE;ZEBRA;Tomate Zebra;tomate_especifico;Buenos Aires;BSAS;Buenos Aires;0,010;01/01/2025
35616;TOMATE;#N/A;Tomate sin variedad especificada;tomate_sin_variedad;Buenos Aires;BSAS;Buenos Aires;7,406;01/01/2025
35617;TOMATE;#N/A;Tomate sin variedad especificada;tomate_sin_variedad;Buenos Aires;BSAS;Buenos Aires;1,373;01/02/2025
35618;TOMATE;#N/A;Tomate sin variedad especificada;tomate_sin_variedad;Buenos Aires;BSAS;Buenos Aires;1,100;01/03/2025
35619;TOMATE;#N/A;Tomate sin variedad especificada;tomate_sin_variedad;Buenos Aires;BSAS;Buenos Aires;0,128;01/04/2025
35620;TOMATE;#N/A;Tomate sin variedad especificada;tomate_sin_variedad;Buenos Aires;BSAS;Buenos Aires;0,354;01/05/2025
35621;TOMATE;#N/A;Tomate sin variedad especificada;tomate_sin_variedad;Buenos Aires;BSAS;Buenos Aires;0,800;01/06/2025
35622;TOMATE;#N/A;Tomate sin variedad especificada;tomate_sin_variedad;Buenos Aires;BSAS;Buenos Aires;0,268;01/10/2025
35623;TOMATE;#N/A;Tomate sin variedad especificada;tomate_sin_variedad;Corrientes;CORRIENTES;Corrientes;0,336;01/07/2025
35624;TOMATE;#N/A;Tomate sin variedad especificada;tomate_sin_variedad;Corrientes;CORRIENTES;Corrientes;1,006;01/08/2025
35625;TOMATE;#N/A;Tomate sin variedad especificada;tomate_sin_variedad;Corrientes;CORRIENTES;Corrientes;0,176;01/09/2025
35626;TOMATE;#N/A;Tomate sin variedad especificada;tomate_sin_variedad;Jujuy;JUJUY;;0,080;01/08/2025
35627;TOMATE;#N/A;Tomate sin variedad especificada;tomate_sin_variedad;Mar del Plata;MAR DEL PLATA;;0,160;01/03/2025
35628;TOMATE;#N/A;Tomate sin variedad especificada;tomate_sin_variedad;Mar del Plata;MAR DEL PLATA;;0,152;01/04/2025
35629;TOMATE;#N/A;Tomate sin variedad especificada;tomate_sin_variedad;Mar del Plata;MAR DEL PLATA;;0,172;01/05/2025
35630;TOMATE;#N/A;Tomate sin variedad especificada;tomate_sin_variedad;Mendoza;MENDOZA;;0,012;01/03/2025
35631;TOMATE;#N/A;Tomate sin variedad especificada;tomate_sin_variedad;Mendoza;MENDOZA;;0,108;01/04/2025
35632;TOMATE;#N/A;Tomate sin variedad especificada;tomate_sin_variedad;Salta;SALTA;;0,203;01/09/2025
35633;TOMATE;PLATENSE;Tomate Platense;tomate_especifico;Buenos Aires;BSAS;Buenos Aires;0,540;01/10/2025
38244;TOMATE;SIN VARIEDAD;Tomate sin variedad especificada;tomate_sin_variedad;Buenos Aires;BSAS;Buenos Aires;28,900;01/11/2025
38245;TOMATE;SIN VARIEDAD;Tomate sin variedad especificada;tomate_sin_variedad;Buenos Aires;BSAS;Buenos Aires;37,800;01/12/2025
38246;TOMATE;SIN VARIEDAD;Tomate sin variedad especificada;tomate_sin_variedad;Corrientes;CORRIENTES;Corrientes;16,800;01/11/2025
38247;TOMATE;SIN VARIEDAD;Tomate sin variedad especificada;tomate_sin_variedad;Corrientes;CORRIENTES;Corrientes;18,000;01/12/2025
38248;TOMATE;SIN VARIEDAD;Tomate sin variedad especificada;tomate_sin_variedad;Mendoza;MENDOZA;;4,000;01/11/2025
38249;TOMATE;CHERRY;Tomate Cherry;tomate_especifico;Buenos Aires;BSAS;Buenos Aires;208,800;01/11/2025
38250;TOMATE;CHERRY;Tomate Cherry;tomate_especifico;Buenos Aires;BSAS;Buenos Aires;346,200;01/12/2025
38251;TOMATE;CHERRY;Tomate Cherry;tomate_especifico;Corrientes;CORRIENTES;Corrientes;167,600;01/11/2025
38252;TOMATE;CHERRY;Tomate Cherry;tomate_especifico;Corrientes;CORRIENTES;Corrientes;8,000;01/12/2025
38253;TOMATE;CHERRY;Tomate Cherry;tomate_especifico;Jujuy;JUJUY;;2,100;01/11/2025
38254;TOMATE;CHERRY;Tomate Cherry;tomate_especifico;Jujuy;JUJUY;;1,500;01/12/2025
38255;TOMATE;CHERRY;Tomate Cherry;tomate_especifico;Mar del Plata;M.D.PLAT;;1,800;01/12/2025
38256;TOMATE;CHERRY;Tomate Cherry;tomate_especifico;Mendoza;MENDOZA;;0,600;01/11/2025
38257;TOMATE;CHERRY;Tomate Cherry;tomate_especifico;Mendoza;MENDOZA;;4,700;01/12/2025
38258;TOMATE;CHERRY;Tomate Cherry;tomate_especifico;Río Negro;R. NEGRO;;0,100;01/12/2025
38259;TOMATE;CHERRY;Tomate Cherry;tomate_especifico;Salta;SALTA;;15,600;01/11/2025
38260;TOMATE;CHERRY;Tomate Cherry;tomate_especifico;Salta;SALTA;;0,100;01/12/2025
38261;TOMATE;CHERRY;Tomate Cherry;tomate_especifico;Tucumán;TUCUMAN;;7,400;01/11/2025
38262;TOMATE;PERITA;Tomate Perita;tomate_especifico;Buenos Aires;BSAS;Buenos Aires;308,800;01/11/2025
38263;TOMATE;PERITA;Tomate Perita;tomate_especifico;Buenos Aires;BSAS;Buenos Aires;1127,600;01/12/2025
38264;TOMATE;PERITA;Tomate Perita;tomate_especifico;Corrientes;CORRIENTES;Corrientes;256,400;01/11/2025
38265;TOMATE;PERITA;Tomate Perita;tomate_especifico;Corrientes;CORRIENTES;Corrientes;124,700;01/12/2025
38266;TOMATE;PERITA;Tomate Perita;tomate_especifico;Entre Ríos;E. RIOS;;16,400;01/12/2025
38267;TOMATE;PERITA;Tomate Perita;tomate_especifico;Jujuy;JUJUY;;98,900;01/11/2025
38268;TOMATE;PERITA;Tomate Perita;tomate_especifico;Jujuy;JUJUY;;15,400;01/12/2025
38269;TOMATE;PERITA;Tomate Perita;tomate_especifico;Mar del Plata;M.D.PLAT;;10,300;01/12/2025
38270;TOMATE;PERITA;Tomate Perita;tomate_especifico;Mendoza;MENDOZA;;0,500;01/11/2025
38271;TOMATE;PERITA;Tomate Perita;tomate_especifico;Mendoza;MENDOZA;;40,800;01/12/2025
38272;TOMATE;PERITA;Tomate Perita;tomate_especifico;Salta;SALTA;;233,700;01/11/2025
38273;TOMATE;PERITA;Tomate Perita;tomate_especifico;Salta;SALTA;;13,000;01/12/2025
38274;TOMATE;PERITA;Tomate Perita;tomate_especifico;Santa Fe;SANTA FE;;4,600;01/12/2025
38275;TOMATE;PERITA;Tomate Perita;tomate_especifico;Tucumán;TUCUMAN;;102,500;01/11/2025
38276;TOMATE;PLATENSE;Tomate Platense;tomate_especifico;Buenos Aires;BSAS;Buenos Aires;1,800;01/12/2025
38277;TOMATE;RACIMO;Tomate Racimo;tomate_especifico;Buenos Aires;BSAS;Buenos Aires;7,400;01/11/2025
38278;TOMATE;RACIMO;Tomate Racimo;tomate_especifico;Buenos Aires;BSAS;Buenos Aires;17,200;01/12/2025
38279;TOMATE;RACIMO;Tomate Racimo;tomate_especifico;Corrientes;CORRIENTES;Corrientes;2,900;01/11/2025
38280;TOMATE;REDONDO;Tomate Redondo;tomate_especifico;Buenos Aires;BSAS;Buenos Aires;4886,700;01/11/2025
38281;TOMATE;REDONDO;Tomate Redondo;tomate_especifico;Buenos Aires;BSAS;Buenos Aires;8443,700;01/12/2025
38282;TOMATE;REDONDO;Tomate Redondo;tomate_especifico;Chile;CHILE;;22,000;01/11/2025
38283;TOMATE;REDONDO;Tomate Redondo;tomate_especifico;Corrientes;CORRIENTES;Corrientes;3466,800;01/11/2025
38284;TOMATE;REDONDO;Tomate Redondo;tomate_especifico;Corrientes;CORRIENTES;Corrientes;252,200;01/12/2025
38285;TOMATE;REDONDO;Tomate Redondo;tomate_especifico;Jujuy;JUJUY;;36,500;01/11/2025
38286;TOMATE;REDONDO;Tomate Redondo;tomate_especifico;Jujuy;JUJUY;;7,200;01/12/2025
38287;TOMATE;REDONDO;Tomate Redondo;tomate_especifico;Mar del Plata;M.D.PLAT;;0,900;01/11/2025
38288;TOMATE;REDONDO;Tomate Redondo;tomate_especifico;Mar del Plata;M.D.PLAT;;21,900;01/12/2025
38289;TOMATE;REDONDO;Tomate Redondo;tomate_especifico;Mendoza;MENDOZA;;1,000;01/11/2025
38290;TOMATE;REDONDO;Tomate Redondo;tomate_especifico;Mendoza;MENDOZA;;43,800;01/12/2025
38291;TOMATE;REDONDO;Tomate Redondo;tomate_especifico;Río Negro;R. NEGRO;;9,600;01/12/2025
38292;TOMATE;REDONDO;Tomate Redondo;tomate_especifico;Salta;SALTA;;482,300;01/11/2025
38293;TOMATE;REDONDO;Tomate Redondo;tomate_especifico;Salta;SALTA;;2,000;01/12/2025
38294;TOMATE;REDONDO;Tomate Redondo;tomate_especifico;Santa Fe;SANTA FE;;1,200;01/11/2025
38295;TOMATE;REDONDO;Tomate Redondo;tomate_especifico;Santa Fe;SANTA FE;;11,800;01/12/2025
38296;TOMATE;REDONDO;Tomate Redondo;tomate_especifico;Santiago del Estero;SGO.EST.;;5,400;01/11/2025
38297;TOMATE;REDONDO;Tomate Redondo;tomate_especifico;Tucumán;TUCUMAN;;68,700;01/11/2025
48280;TOMATE;SIN VARIEDAD;Tomate sin variedad especificada;tomate_sin_variedad;Brasil;BRASIL;;22,500;01/05/2024
48281;TOMATE;SIN VARIEDAD;Tomate sin variedad especificada;tomate_sin_variedad;Brasil;BRASIL;;67,600;01/07/2024
48282;TOMATE;SIN VARIEDAD;Tomate sin variedad especificada;tomate_sin_variedad;Brasil;BRASIL;;43,900;01/08/2024
48283;TOMATE;SIN VARIEDAD;Tomate sin variedad especificada;tomate_sin_variedad;Brasil;BRASIL;;21,600;01/09/2024
48284;TOMATE;SIN VARIEDAD;Tomate sin variedad especificada;tomate_sin_variedad;Brasil;BRASIL;;67,800;01/10/2024
48285;TOMATE;SIN VARIEDAD;Tomate sin variedad especificada;tomate_sin_variedad;Brasil;BRASIL;;0,700;01/11/2024
48286;TOMATE;SIN VARIEDAD;Tomate sin variedad especificada;tomate_sin_variedad;Buenos Aires;BSAS;Buenos Aires;342,700;01/01/2024
48287;TOMATE;SIN VARIEDAD;Tomate sin variedad especificada;tomate_sin_variedad;Buenos Aires;BSAS;Buenos Aires;167,300;01/02/2024
48288;TOMATE;SIN VARIEDAD;Tomate sin variedad especificada;tomate_sin_variedad;Buenos Aires;BSAS;Buenos Aires;121,800;01/03/2024
48289;TOMATE;SIN VARIEDAD;Tomate sin variedad especificada;tomate_sin_variedad;Buenos Aires;BSAS;Buenos Aires;225,400;01/04/2024
48290;TOMATE;SIN VARIEDAD;Tomate sin variedad especificada;tomate_sin_variedad;Buenos Aires;BSAS;Buenos Aires;33,500;01/05/2024
48291;TOMATE;SIN VARIEDAD;Tomate sin variedad especificada;tomate_sin_variedad;Buenos Aires;BSAS;Buenos Aires;6,300;01/06/2024
48292;TOMATE;SIN VARIEDAD;Tomate sin variedad especificada;tomate_sin_variedad;Buenos Aires;BSAS;Buenos Aires;0,400;01/07/2024
48293;TOMATE;SIN VARIEDAD;Tomate sin variedad especificada;tomate_sin_variedad;Buenos Aires;BSAS;Buenos Aires;0,200;01/08/2024
48294;TOMATE;SIN VARIEDAD;Tomate sin variedad especificada;tomate_sin_variedad;Buenos Aires;BSAS;Buenos Aires;0,200;01/09/2024
48295;TOMATE;SIN VARIEDAD;Tomate sin variedad especificada;tomate_sin_variedad;Buenos Aires;BSAS;Buenos Aires;14,700;01/10/2024
48296;TOMATE;SIN VARIEDAD;Tomate sin variedad especificada;tomate_sin_variedad;Buenos Aires;BSAS;Buenos Aires;99,200;01/11/2024
48297;TOMATE;SIN VARIEDAD;Tomate sin variedad especificada;tomate_sin_variedad;Buenos Aires;BSAS;Buenos Aires;478,400;01/12/2024
48298;TOMATE;SIN VARIEDAD;Tomate sin variedad especificada;tomate_sin_variedad;Chile;CHILE;;46,700;01/05/2024
48299;TOMATE;SIN VARIEDAD;Tomate sin variedad especificada;tomate_sin_variedad;Chile;CHILE;;44,600;01/07/2024
48300;TOMATE;SIN VARIEDAD;Tomate sin variedad especificada;tomate_sin_variedad;Chile;CHILE;;22,100;01/08/2024
48301;TOMATE;SIN VARIEDAD;Tomate sin variedad especificada;tomate_sin_variedad;Corrientes;CORRIENTES;Corrientes;15,800;01/01/2024
48302;TOMATE;SIN VARIEDAD;Tomate sin variedad especificada;tomate_sin_variedad;Corrientes;CORRIENTES;Corrientes;8,300;01/04/2024
48303;TOMATE;SIN VARIEDAD;Tomate sin variedad especificada;tomate_sin_variedad;Corrientes;CORRIENTES;Corrientes;24,200;01/05/2024
48304;TOMATE;SIN VARIEDAD;Tomate sin variedad especificada;tomate_sin_variedad;Corrientes;CORRIENTES;Corrientes;2,000;01/06/2024
48305;TOMATE;SIN VARIEDAD;Tomate sin variedad especificada;tomate_sin_variedad;Corrientes;CORRIENTES;Corrientes;1,100;01/07/2024
48306;TOMATE;SIN VARIEDAD;Tomate sin variedad especificada;tomate_sin_variedad;Corrientes;CORRIENTES;Corrientes;5,400;01/08/2024
48307;TOMATE;SIN VARIEDAD;Tomate sin variedad especificada;tomate_sin_variedad;Corrientes;CORRIENTES;Corrientes;12,400;01/09/2024
48308;TOMATE;SIN VARIEDAD;Tomate sin variedad especificada;tomate_sin_variedad;Corrientes;CORRIENTES;Corrientes;3,000;01/10/2024
48309;TOMATE;SIN VARIEDAD;Tomate sin variedad especificada;tomate_sin_variedad;Corrientes;CORRIENTES;Corrientes;26,100;01/11/2024
48310;TOMATE;SIN VARIEDAD;Tomate sin variedad especificada;tomate_sin_variedad;Corrientes;CORRIENTES;Corrientes;1,700;01/12/2024
48311;TOMATE;SIN VARIEDAD;Tomate sin variedad especificada;tomate_sin_variedad;Jujuy;JUJUY;;1,000;01/04/2024
48312;TOMATE;SIN VARIEDAD;Tomate sin variedad especificada;tomate_sin_variedad;Jujuy;JUJUY;;1,600;01/06/2024
48313;TOMATE;SIN VARIEDAD;Tomate sin variedad especificada;tomate_sin_variedad;Jujuy;JUJUY;;3,000;01/07/2024
48314;TOMATE;SIN VARIEDAD;Tomate sin variedad especificada;tomate_sin_variedad;Jujuy;JUJUY;;1,000;01/08/2024
48315;TOMATE;SIN VARIEDAD;Tomate sin variedad especificada;tomate_sin_variedad;Jujuy;JUJUY;;0,500;01/09/2024
48316;TOMATE;SIN VARIEDAD;Tomate sin variedad especificada;tomate_sin_variedad;Jujuy;JUJUY;;1,800;01/10/2024
48317;TOMATE;SIN VARIEDAD;Tomate sin variedad especificada;tomate_sin_variedad;La Pampa;LA PAMPA;;0,800;01/02/2024
48318;TOMATE;SIN VARIEDAD;Tomate sin variedad especificada;tomate_sin_variedad;Mar del Plata;M.D.PLAT;;1,800;01/01/2024
48319;TOMATE;SIN VARIEDAD;Tomate sin variedad especificada;tomate_sin_variedad;Mar del Plata;M.D.PLAT;;3,100;01/02/2024
48320;TOMATE;SIN VARIEDAD;Tomate sin variedad especificada;tomate_sin_variedad;Mar del Plata;M.D.PLAT;;10,400;01/04/2024
48321;TOMATE;SIN VARIEDAD;Tomate sin variedad especificada;tomate_sin_variedad;Mar del Plata;M.D.PLAT;;1,300;01/05/2024
48322;TOMATE;SIN VARIEDAD;Tomate sin variedad especificada;tomate_sin_variedad;Mar del Plata;M.D.PLAT;;3,500;01/06/2024
48323;TOMATE;SIN VARIEDAD;Tomate sin variedad especificada;tomate_sin_variedad;Mendoza;MENDOZA;;16,600;01/01/2024
48324;TOMATE;SIN VARIEDAD;Tomate sin variedad especificada;tomate_sin_variedad;Mendoza;MENDOZA;;87,700;01/02/2024
48325;TOMATE;SIN VARIEDAD;Tomate sin variedad especificada;tomate_sin_variedad;Mendoza;MENDOZA;;7,700;01/03/2024
48326;TOMATE;SIN VARIEDAD;Tomate sin variedad especificada;tomate_sin_variedad;Mendoza;MENDOZA;;91,700;01/04/2024
48327;TOMATE;SIN VARIEDAD;Tomate sin variedad especificada;tomate_sin_variedad;Mendoza;MENDOZA;;7,500;01/05/2024
48328;TOMATE;SIN VARIEDAD;Tomate sin variedad especificada;tomate_sin_variedad;Mendoza;MENDOZA;;3,400;01/11/2024
48329;TOMATE;SIN VARIEDAD;Tomate sin variedad especificada;tomate_sin_variedad;Paraguay;PARAGUAY;;27,000;01/11/2024
48330;TOMATE;SIN VARIEDAD;Tomate sin variedad especificada;tomate_sin_variedad;Salta;SALTA;;2,200;01/05/2024
48331;TOMATE;SIN VARIEDAD;Tomate sin variedad especificada;tomate_sin_variedad;Salta;SALTA;;4,900;01/06/2024
48332;TOMATE;SIN VARIEDAD;Tomate sin variedad especificada;tomate_sin_variedad;Salta;SALTA;;1,900;01/07/2024
48333;TOMATE;SIN VARIEDAD;Tomate sin variedad especificada;tomate_sin_variedad;Salta;SALTA;;1,100;01/08/2024
48334;TOMATE;SIN VARIEDAD;Tomate sin variedad especificada;tomate_sin_variedad;Salta;SALTA;;30,100;01/09/2024
48335;TOMATE;SIN VARIEDAD;Tomate sin variedad especificada;tomate_sin_variedad;Salta;SALTA;;14,800;01/10/2024
48336;TOMATE;SIN VARIEDAD;Tomate sin variedad especificada;tomate_sin_variedad;Salta;SALTA;;1,200;01/11/2024
48337;TOMATE;SIN VARIEDAD;Tomate sin variedad especificada;tomate_sin_variedad;San Juan;SAN JUAN;;1,200;01/12/2024
48338;TOMATE;CHERRY;Tomate Cherry;tomate_especifico;Brasil;BRASIL;;0,100;01/10/2024
48339;TOMATE;CHERRY;Tomate Cherry;tomate_especifico;Buenos Aires;BSAS;Buenos Aires;181,600;01/01/2024
48340;TOMATE;CHERRY;Tomate Cherry;tomate_especifico;Buenos Aires;BSAS;Buenos Aires;159,900;01/02/2024
48341;TOMATE;CHERRY;Tomate Cherry;tomate_especifico;Buenos Aires;BSAS;Buenos Aires;142,400;01/03/2024
48342;TOMATE;CHERRY;Tomate Cherry;tomate_especifico;Buenos Aires;BSAS;Buenos Aires;105,900;01/04/2024
48343;TOMATE;CHERRY;Tomate Cherry;tomate_especifico;Buenos Aires;BSAS;Buenos Aires;42,000;01/05/2024
48344;TOMATE;CHERRY;Tomate Cherry;tomate_especifico;Buenos Aires;BSAS;Buenos Aires;26,300;01/06/2024
48345;TOMATE;CHERRY;Tomate Cherry;tomate_especifico;Buenos Aires;BSAS;Buenos Aires;1,200;01/07/2024
48346;TOMATE;CHERRY;Tomate Cherry;tomate_especifico;Buenos Aires;BSAS;Buenos Aires;1,000;01/08/2024
48347;TOMATE;CHERRY;Tomate Cherry;tomate_especifico;Buenos Aires;BSAS;Buenos Aires;0,600;01/09/2024
48348;TOMATE;CHERRY;Tomate Cherry;tomate_especifico;Buenos Aires;BSAS;Buenos Aires;16,500;01/10/2024
48349;TOMATE;CHERRY;Tomate Cherry;tomate_especifico;Buenos Aires;BSAS;Buenos Aires;139,700;01/11/2024
48350;TOMATE;CHERRY;Tomate Cherry;tomate_especifico;Buenos Aires;BSAS;Buenos Aires;232,200;01/12/2024
48351;TOMATE;CHERRY;Tomate Cherry;tomate_especifico;Corrientes;CORRIENTES;Corrientes;0,100;01/01/2024
48352;TOMATE;CHERRY;Tomate Cherry;tomate_especifico;Corrientes;CORRIENTES;Corrientes;9,100;01/03/2024
48353;TOMATE;CHERRY;Tomate Cherry;tomate_especifico;Corrientes;CORRIENTES;Corrientes;50,500;01/04/2024
48354;TOMATE;CHERRY;Tomate Cherry;tomate_especifico;Corrientes;CORRIENTES;Corrientes;53,100;01/05/2024
48355;TOMATE;CHERRY;Tomate Cherry;tomate_especifico;Corrientes;CORRIENTES;Corrientes;69,200;01/06/2024
48356;TOMATE;CHERRY;Tomate Cherry;tomate_especifico;Corrientes;CORRIENTES;Corrientes;60,500;01/07/2024
48357;TOMATE;CHERRY;Tomate Cherry;tomate_especifico;Corrientes;CORRIENTES;Corrientes;96,600;01/08/2024
48358;TOMATE;CHERRY;Tomate Cherry;tomate_especifico;Corrientes;CORRIENTES;Corrientes;168,700;01/09/2024
48359;TOMATE;CHERRY;Tomate Cherry;tomate_especifico;Corrientes;CORRIENTES;Corrientes;233,500;01/10/2024
48360;TOMATE;CHERRY;Tomate Cherry;tomate_especifico;Corrientes;CORRIENTES;Corrientes;161,200;01/11/2024
48361;TOMATE;CHERRY;Tomate Cherry;tomate_especifico;Corrientes;CORRIENTES;Corrientes;10,700;01/12/2024
48362;TOMATE;CHERRY;Tomate Cherry;tomate_especifico;Entre Ríos;E. RIOS;;0,100;01/07/2024
48363;TOMATE;CHERRY;Tomate Cherry;tomate_especifico;Jujuy;JUJUY;;5,100;01/04/2024
48364;TOMATE;CHERRY;Tomate Cherry;tomate_especifico;Jujuy;JUJUY;;13,100;01/05/2024
48365;TOMATE;CHERRY;Tomate Cherry;tomate_especifico;Jujuy;JUJUY;;59,100;01/06/2024
48366;TOMATE;CHERRY;Tomate Cherry;tomate_especifico;Jujuy;JUJUY;;59,200;01/07/2024
48367;TOMATE;CHERRY;Tomate Cherry;tomate_especifico;Jujuy;JUJUY;;39,700;01/08/2024
48368;TOMATE;CHERRY;Tomate Cherry;tomate_especifico;Jujuy;JUJUY;;33,100;01/09/2024
48369;TOMATE;CHERRY;Tomate Cherry;tomate_especifico;Jujuy;JUJUY;;11,400;01/10/2024
48370;TOMATE;CHERRY;Tomate Cherry;tomate_especifico;Jujuy;JUJUY;;3,300;01/11/2024
48371;TOMATE;CHERRY;Tomate Cherry;tomate_especifico;Jujuy;JUJUY;;2,200;01/12/2024
48372;TOMATE;CHERRY;Tomate Cherry;tomate_especifico;La Pampa;LA PAMPA;;0,500;01/02/2024
48373;TOMATE;CHERRY;Tomate Cherry;tomate_especifico;La Pampa;LA PAMPA;;0,200;01/05/2024
48374;TOMATE;CHERRY;Tomate Cherry;tomate_especifico;Mar del Plata;M.D.PLAT;;3,200;01/01/2024
48375;TOMATE;CHERRY;Tomate Cherry;tomate_especifico;Mar del Plata;M.D.PLAT;;9,100;01/02/2024
48376;TOMATE;CHERRY;Tomate Cherry;tomate_especifico;Mar del Plata;M.D.PLAT;;7,600;01/03/2024
48377;TOMATE;CHERRY;Tomate Cherry;tomate_especifico;Mar del Plata;M.D.PLAT;;5,900;01/04/2024
48378;TOMATE;CHERRY;Tomate Cherry;tomate_especifico;Mar del Plata;M.D.PLAT;;1,100;01/05/2024
48379;TOMATE;CHERRY;Tomate Cherry;tomate_especifico;Mar del Plata;M.D.PLAT;;1,200;01/06/2024
48380;TOMATE;CHERRY;Tomate Cherry;tomate_especifico;Mar del Plata;M.D.PLAT;;0,300;01/07/2024
48381;TOMATE;CHERRY;Tomate Cherry;tomate_especifico;Mar del Plata;M.D.PLAT;;0,300;01/12/2024
48382;TOMATE;CHERRY;Tomate Cherry;tomate_especifico;Mendoza;MENDOZA;;37,300;01/01/2024
48383;TOMATE;CHERRY;Tomate Cherry;tomate_especifico;Mendoza;MENDOZA;;24,800;01/02/2024
48384;TOMATE;CHERRY;Tomate Cherry;tomate_especifico;Mendoza;MENDOZA;;26,100;01/03/2024
48385;TOMATE;CHERRY;Tomate Cherry;tomate_especifico;Mendoza;MENDOZA;;20,700;01/04/2024
48386;TOMATE;CHERRY;Tomate Cherry;tomate_especifico;Mendoza;MENDOZA;;8,100;01/05/2024
48387;TOMATE;CHERRY;Tomate Cherry;tomate_especifico;Mendoza;MENDOZA;;0,300;01/06/2024
48388;TOMATE;CHERRY;Tomate Cherry;tomate_especifico;Mendoza;MENDOZA;;0,200;01/08/2024
48389;TOMATE;CHERRY;Tomate Cherry;tomate_especifico;Mendoza;MENDOZA;;0,700;01/09/2024
48390;TOMATE;CHERRY;Tomate Cherry;tomate_especifico;Mendoza;MENDOZA;;0,400;01/10/2024
48391;TOMATE;CHERRY;Tomate Cherry;tomate_especifico;Mendoza;MENDOZA;;11,100;01/12/2024
48392;TOMATE;CHERRY;Tomate Cherry;tomate_especifico;Río Negro;R. NEGRO;;0,200;01/01/2024
48393;TOMATE;CHERRY;Tomate Cherry;tomate_especifico;Río Negro;R. NEGRO;;0,200;01/03/2024
48394;TOMATE;CHERRY;Tomate Cherry;tomate_especifico;Río Negro;R. NEGRO;;0,200;01/06/2024
48395;TOMATE;CHERRY;Tomate Cherry;tomate_especifico;Salta;SALTA;;0,100;01/04/2024
48396;TOMATE;CHERRY;Tomate Cherry;tomate_especifico;Salta;SALTA;;15,600;01/05/2024
48397;TOMATE;CHERRY;Tomate Cherry;tomate_especifico;Salta;SALTA;;72,700;01/06/2024
48398;TOMATE;CHERRY;Tomate Cherry;tomate_especifico;Salta;SALTA;;105,700;01/07/2024
48399;TOMATE;CHERRY;Tomate Cherry;tomate_especifico;Salta;SALTA;;177,100;01/08/2024
48400;TOMATE;CHERRY;Tomate Cherry;tomate_especifico;Salta;SALTA;;171,700;01/09/2024
48401;TOMATE;CHERRY;Tomate Cherry;tomate_especifico;Salta;SALTA;;127,300;01/10/2024
48402;TOMATE;CHERRY;Tomate Cherry;tomate_especifico;Salta;SALTA;;18,900;01/11/2024
48403;TOMATE;CHERRY;Tomate Cherry;tomate_especifico;Salta;SALTA;;2,600;01/12/2024
48404;TOMATE;CHERRY;Tomate Cherry;tomate_especifico;San Juan;SAN JUAN;;0,100;01/12/2024
48405;TOMATE;CHERRY;Tomate Cherry;tomate_especifico;Santa Fe;SANTA FE;;0,400;01/07/2024
48406;TOMATE;CHERRY;Tomate Cherry;tomate_especifico;Santa Fe;SANTA FE;;0,600;01/08/2024
48407;TOMATE;CHERRY;Tomate Cherry;tomate_especifico;Santa Fe;SANTA FE;;0,700;01/09/2024
48408;TOMATE;CHERRY;Tomate Cherry;tomate_especifico;Tucumán;TUCUMAN;;0,200;01/05/2024
48409;TOMATE;CHERRY;Tomate Cherry;tomate_especifico;Tucumán;TUCUMAN;;0,200;01/06/2024
48410;TOMATE;CHERRY;Tomate Cherry;tomate_especifico;Tucumán;TUCUMAN;;0,200;01/08/2024
48411;TOMATE;CHERRY;Tomate Cherry;tomate_especifico;Tucumán;TUCUMAN;;1,800;01/10/2024
48412;TOMATE;CHERRY;Tomate Cherry;tomate_especifico;Tucumán;TUCUMAN;;3,300;01/11/2024
48413;TOMATE;LARGA VIDA;Tomate Larga Vida;tomate_especifico;Brasil;BRASIL;;11,100;01/05/2024
48414;TOMATE;LARGA VIDA;Tomate Larga Vida;tomate_especifico;Brasil;BRASIL;;43,800;01/07/2024
48415;TOMATE;LARGA VIDA;Tomate Larga Vida;tomate_especifico;Brasil;BRASIL;;41,700;01/08/2024
48416;TOMATE;LARGA VIDA;Tomate Larga Vida;tomate_especifico;Brasil;BRASIL;;24,500;01/09/2024
48417;TOMATE;LARGA VIDA;Tomate Larga Vida;tomate_especifico;Buenos Aires;BSAS;Buenos Aires;57,400;01/01/2024
48418;TOMATE;LARGA VIDA;Tomate Larga Vida;tomate_especifico;Buenos Aires;BSAS;Buenos Aires;14,800;01/02/2024
48419;TOMATE;LARGA VIDA;Tomate Larga Vida;tomate_especifico;Buenos Aires;BSAS;Buenos Aires;7,200;01/03/2024
48420;TOMATE;LARGA VIDA;Tomate Larga Vida;tomate_especifico;Buenos Aires;BSAS;Buenos Aires;34,700;01/04/2024
48421;TOMATE;LARGA VIDA;Tomate Larga Vida;tomate_especifico;Buenos Aires;BSAS;Buenos Aires;49,500;01/05/2024
48422;TOMATE;LARGA VIDA;Tomate Larga Vida;tomate_especifico;Buenos Aires;BSAS;Buenos Aires;4,400;01/06/2024
48423;TOMATE;LARGA VIDA;Tomate Larga Vida;tomate_especifico;Buenos Aires;BSAS;Buenos Aires;0,700;01/10/2024
48424;TOMATE;LARGA VIDA;Tomate Larga Vida;tomate_especifico;Buenos Aires;BSAS;Buenos Aires;70,800;01/11/2024
48425;TOMATE;LARGA VIDA;Tomate Larga Vida;tomate_especifico;Buenos Aires;BSAS;Buenos Aires;60,700;01/12/2024
48426;TOMATE;LARGA VIDA;Tomate Larga Vida;tomate_especifico;Chile;CHILE;;41,500;01/06/2024
48427;TOMATE;LARGA VIDA;Tomate Larga Vida;tomate_especifico;Chile;CHILE;;42,600;01/09/2024
48428;TOMATE;LARGA VIDA;Tomate Larga Vida;tomate_especifico;Corrientes;CORRIENTES;Corrientes;12,100;01/04/2024
48429;TOMATE;LARGA VIDA;Tomate Larga Vida;tomate_especifico;Corrientes;CORRIENTES;Corrientes;15,400;01/05/2024
48430;TOMATE;LARGA VIDA;Tomate Larga Vida;tomate_especifico;Corrientes;CORRIENTES;Corrientes;10,400;01/06/2024
48431;TOMATE;LARGA VIDA;Tomate Larga Vida;tomate_especifico;Corrientes;CORRIENTES;Corrientes;2,000;01/09/2024
48432;TOMATE;LARGA VIDA;Tomate Larga Vida;tomate_especifico;Corrientes;CORRIENTES;Corrientes;19,500;01/10/2024
48433;TOMATE;LARGA VIDA;Tomate Larga Vida;tomate_especifico;Corrientes;CORRIENTES;Corrientes;3,200;01/11/2024
48434;TOMATE;LARGA VIDA;Tomate Larga Vida;tomate_especifico;La Pampa;LA PAMPA;;10,400;01/02/2024
48435;TOMATE;LARGA VIDA;Tomate Larga Vida;tomate_especifico;Mar del Plata;M.D.PLAT;;1,200;01/04/2024
48436;TOMATE;LARGA VIDA;Tomate Larga Vida;tomate_especifico;Mar del Plata;M.D.PLAT;;0,800;01/05/2024
48437;TOMATE;LARGA VIDA;Tomate Larga Vida;tomate_especifico;Mendoza;MENDOZA;;18,800;01/02/2024
48438;TOMATE;PERITA;Tomate Perita;tomate_especifico;Brasil;BRASIL;;69,100;01/05/2024
48439;TOMATE;PERITA;Tomate Perita;tomate_especifico;Brasil;BRASIL;;51,800;01/06/2024
48440;TOMATE;PERITA;Tomate Perita;tomate_especifico;Brasil;BRASIL;;46,600;01/07/2024
48441;TOMATE;PERITA;Tomate Perita;tomate_especifico;Brasil;BRASIL;;120,800;01/08/2024
48442;TOMATE;PERITA;Tomate Perita;tomate_especifico;Brasil;BRASIL;;96,000;01/09/2024
48443;TOMATE;PERITA;Tomate Perita;tomate_especifico;Brasil;BRASIL;;54,000;01/10/2024
48444;TOMATE;PERITA;Tomate Perita;tomate_especifico;Buenos Aires;BSAS;Buenos Aires;965,200;01/01/2024
48445;TOMATE;PERITA;Tomate Perita;tomate_especifico;Buenos Aires;BSAS;Buenos Aires;864,500;01/02/2024
48446;TOMATE;PERITA;Tomate Perita;tomate_especifico;Buenos Aires;BSAS;Buenos Aires;774,600;01/03/2024
48447;TOMATE;PERITA;Tomate Perita;tomate_especifico;Buenos Aires;BSAS;Buenos Aires;456,500;01/04/2024
48448;TOMATE;PERITA;Tomate Perita;tomate_especifico;Buenos Aires;BSAS;Buenos Aires;138,200;01/05/2024
48449;TOMATE;PERITA;Tomate Perita;tomate_especifico;Buenos Aires;BSAS;Buenos Aires;123,300;01/06/2024
48450;TOMATE;PERITA;Tomate Perita;tomate_especifico;Buenos Aires;BSAS;Buenos Aires;18,100;01/07/2024
48451;TOMATE;PERITA;Tomate Perita;tomate_especifico;Buenos Aires;BSAS;Buenos Aires;34,600;01/08/2024
48452;TOMATE;PERITA;Tomate Perita;tomate_especifico;Buenos Aires;BSAS;Buenos Aires;32,800;01/09/2024
48453;TOMATE;PERITA;Tomate Perita;tomate_especifico;Buenos Aires;BSAS;Buenos Aires;78,800;01/10/2024
48454;TOMATE;PERITA;Tomate Perita;tomate_especifico;Buenos Aires;BSAS;Buenos Aires;344,600;01/11/2024
48455;TOMATE;PERITA;Tomate Perita;tomate_especifico;Buenos Aires;BSAS;Buenos Aires;1172,700;01/12/2024
48456;TOMATE;PERITA;Tomate Perita;tomate_especifico;Corrientes;CORRIENTES;Corrientes;13,000;01/01/2024
48457;TOMATE;PERITA;Tomate Perita;tomate_especifico;Corrientes;CORRIENTES;Corrientes;8,100;01/03/2024
48458;TOMATE;PERITA;Tomate Perita;tomate_especifico;Corrientes;CORRIENTES;Corrientes;44,400;01/04/2024
48459;TOMATE;PERITA;Tomate Perita;tomate_especifico;Corrientes;CORRIENTES;Corrientes;34,800;01/05/2024
48460;TOMATE;PERITA;Tomate Perita;tomate_especifico;Corrientes;CORRIENTES;Corrientes;46,000;01/06/2024
48461;TOMATE;PERITA;Tomate Perita;tomate_especifico;Corrientes;CORRIENTES;Corrientes;141,000;01/07/2024
48462;TOMATE;PERITA;Tomate Perita;tomate_especifico;Corrientes;CORRIENTES;Corrientes;44,100;01/08/2024
48463;TOMATE;PERITA;Tomate Perita;tomate_especifico;Corrientes;CORRIENTES;Corrientes;51,100;01/09/2024
48464;TOMATE;PERITA;Tomate Perita;tomate_especifico;Corrientes;CORRIENTES;Corrientes;117,100;01/10/2024
48465;TOMATE;PERITA;Tomate Perita;tomate_especifico;Corrientes;CORRIENTES;Corrientes;274,100;01/11/2024
48466;TOMATE;PERITA;Tomate Perita;tomate_especifico;Corrientes;CORRIENTES;Corrientes;105,200;01/12/2024
48467;TOMATE;PERITA;Tomate Perita;tomate_especifico;Entre Ríos;E. RIOS;;0,200;01/07/2024
48468;TOMATE;PERITA;Tomate Perita;tomate_especifico;Formosa;FORMOSA;;9,000;01/11/2024
48469;TOMATE;PERITA;Tomate Perita;tomate_especifico;Jujuy;JUJUY;;2,400;01/03/2024
48470;TOMATE;PERITA;Tomate Perita;tomate_especifico;Jujuy;JUJUY;;2,800;01/04/2024
48471;TOMATE;PERITA;Tomate Perita;tomate_especifico;Jujuy;JUJUY;;31,000;01/05/2024
48472;TOMATE;PERITA;Tomate Perita;tomate_especifico;Jujuy;JUJUY;;951,500;01/06/2024
48473;TOMATE;PERITA;Tomate Perita;tomate_especifico;Jujuy;JUJUY;;1633,200;01/07/2024
48474;TOMATE;PERITA;Tomate Perita;tomate_especifico;Jujuy;JUJUY;;929,400;01/08/2024
48475;TOMATE;PERITA;Tomate Perita;tomate_especifico;Jujuy;JUJUY;;793,000;01/09/2024
48476;TOMATE;PERITA;Tomate Perita;tomate_especifico;Jujuy;JUJUY;;259,900;01/10/2024
48477;TOMATE;PERITA;Tomate Perita;tomate_especifico;Jujuy;JUJUY;;126,600;01/11/2024
48478;TOMATE;PERITA;Tomate Perita;tomate_especifico;Jujuy;JUJUY;;11,100;01/12/2024
48479;TOMATE;PERITA;Tomate Perita;tomate_especifico;La Pampa;LA PAMPA;;3,600;01/02/2024
48480;TOMATE;PERITA;Tomate Perita;tomate_especifico;La Pampa;LA PAMPA;;3,600;01/05/2024
48481;TOMATE;PERITA;Tomate Perita;tomate_especifico;Mar del Plata;M.D.PLAT;;81,100;01/01/2024
48482;TOMATE;PERITA;Tomate Perita;tomate_especifico;Mar del Plata;M.D.PLAT;;166,600;01/02/2024
48483;TOMATE;PERITA;Tomate Perita;tomate_especifico;Mar del Plata;M.D.PLAT;;65,100;01/03/2024
48484;TOMATE;PERITA;Tomate Perita;tomate_especifico;Mar del Plata;M.D.PLAT;;70,200;01/04/2024
48485;TOMATE;PERITA;Tomate Perita;tomate_especifico;Mar del Plata;M.D.PLAT;;27,200;01/05/2024
48486;TOMATE;PERITA;Tomate Perita;tomate_especifico;Mar del Plata;M.D.PLAT;;10,800;01/06/2024
48487;TOMATE;PERITA;Tomate Perita;tomate_especifico;Mar del Plata;M.D.PLAT;;2,100;01/07/2024
48488;TOMATE;PERITA;Tomate Perita;tomate_especifico;Mar del Plata;M.D.PLAT;;0,100;01/08/2024
48489;TOMATE;PERITA;Tomate Perita;tomate_especifico;Mendoza;MENDOZA;;350,100;01/01/2024
48490;TOMATE;PERITA;Tomate Perita;tomate_especifico;Mendoza;MENDOZA;;534,500;01/02/2024
48491;TOMATE;PERITA;Tomate Perita;tomate_especifico;Mendoza;MENDOZA;;1485,300;01/03/2024
48492;TOMATE;PERITA;Tomate Perita;tomate_especifico;Mendoza;MENDOZA;;1528,600;01/04/2024
48493;TOMATE;PERITA;Tomate Perita;tomate_especifico;Mendoza;MENDOZA;;1080,700;01/05/2024
48494;TOMATE;PERITA;Tomate Perita;tomate_especifico;Mendoza;MENDOZA;;81,800;01/06/2024
48495;TOMATE;PERITA;Tomate Perita;tomate_especifico;Mendoza;MENDOZA;;9,900;01/07/2024
48496;TOMATE;PERITA;Tomate Perita;tomate_especifico;Mendoza;MENDOZA;;5,000;01/09/2024
48497;TOMATE;PERITA;Tomate Perita;tomate_especifico;Mendoza;MENDOZA;;14,200;01/10/2024
48498;TOMATE;PERITA;Tomate Perita;tomate_especifico;Mendoza;MENDOZA;;31,900;01/11/2024
48499;TOMATE;PERITA;Tomate Perita;tomate_especifico;Mendoza;MENDOZA;;362,100;01/12/2024
48500;TOMATE;PERITA;Tomate Perita;tomate_especifico;Paraguay;PARAGUAY;;25,200;01/10/2024
48501;TOMATE;PERITA;Tomate Perita;tomate_especifico;Río Negro;R. NEGRO;;16,200;01/03/2024
48502;TOMATE;PERITA;Tomate Perita;tomate_especifico;Río Negro;R. NEGRO;;21,600;01/05/2024
48503;TOMATE;PERITA;Tomate Perita;tomate_especifico;Río Negro;R. NEGRO;;4,400;01/07/2024
48504;TOMATE;PERITA;Tomate Perita;tomate_especifico;Salta;SALTA;;103,100;01/05/2024
48505;TOMATE;PERITA;Tomate Perita;tomate_especifico;Salta;SALTA;;691,500;01/06/2024
48506;TOMATE;PERITA;Tomate Perita;tomate_especifico;Salta;SALTA;;1740,200;01/07/2024
48507;TOMATE;PERITA;Tomate Perita;tomate_especifico;Salta;SALTA;;2306,800;01/08/2024
48508;TOMATE;PERITA;Tomate Perita;tomate_especifico;Salta;SALTA;;2736,700;01/09/2024
48509;TOMATE;PERITA;Tomate Perita;tomate_especifico;Salta;SALTA;;2329,800;01/10/2024
48510;TOMATE;PERITA;Tomate Perita;tomate_especifico;Salta;SALTA;;575,300;01/11/2024
48511;TOMATE;PERITA;Tomate Perita;tomate_especifico;Salta;SALTA;;8,400;01/12/2024
48512;TOMATE;PERITA;Tomate Perita;tomate_especifico;San Juan;SAN JUAN;;17,400;01/03/2024
48513;TOMATE;PERITA;Tomate Perita;tomate_especifico;San Juan;SAN JUAN;;39,300;01/04/2024
48514;TOMATE;PERITA;Tomate Perita;tomate_especifico;San Juan;SAN JUAN;;51,000;01/05/2024
48515;TOMATE;PERITA;Tomate Perita;tomate_especifico;San Juan;SAN JUAN;;9,900;01/06/2024
48516;TOMATE;PERITA;Tomate Perita;tomate_especifico;San Juan;SAN JUAN;;3,100;01/10/2024
48517;TOMATE;PERITA;Tomate Perita;tomate_especifico;Santa Fe;SANTA FE;;2,700;01/07/2024
48518;TOMATE;PERITA;Tomate Perita;tomate_especifico;Santa Fe;SANTA FE;;4,300;01/08/2024
48519;TOMATE;PERITA;Tomate Perita;tomate_especifico;Santa Fe;SANTA FE;;1,300;01/11/2024
48520;TOMATE;PERITA;Tomate Perita;tomate_especifico;Santa Fe;SANTA FE;;1,500;01/12/2024
48521;TOMATE;PERITA;Tomate Perita;tomate_especifico;Tucumán;TUCUMAN;;4,700;01/06/2024
48522;TOMATE;PERITA;Tomate Perita;tomate_especifico;Tucumán;TUCUMAN;;0,200;01/09/2024
48523;TOMATE;PERITA;Tomate Perita;tomate_especifico;Tucumán;TUCUMAN;;1,300;01/10/2024
48524;TOMATE;PERITA;Tomate Perita;tomate_especifico;Tucumán;TUCUMAN;;53,300;01/11/2024
48525;TOMATE;PLATENSE;Tomate Platense;tomate_especifico;Corrientes;CORRIENTES;Corrientes;0,100;01/10/2024
48526;TOMATE;PLATENSE;Tomate Platense;tomate_especifico;Mendoza;MENDOZA;;0,200;01/03/2024
48527;TOMATE;RACIMO;Tomate Racimo;tomate_especifico;Brasil;BRASIL;;0,200;01/10/2024
48528;TOMATE;RACIMO;Tomate Racimo;tomate_especifico;Buenos Aires;BSAS;Buenos Aires;3,200;01/01/2024
48529;TOMATE;RACIMO;Tomate Racimo;tomate_especifico;Buenos Aires;BSAS;Buenos Aires;0,300;01/02/2024
48530;TOMATE;RACIMO;Tomate Racimo;tomate_especifico;Buenos Aires;BSAS;Buenos Aires;0,500;01/03/2024
48531;TOMATE;RACIMO;Tomate Racimo;tomate_especifico;Buenos Aires;BSAS;Buenos Aires;1,200;01/04/2024
48532;TOMATE;RACIMO;Tomate Racimo;tomate_especifico;Buenos Aires;BSAS;Buenos Aires;0,100;01/05/2024
48533;TOMATE;RACIMO;Tomate Racimo;tomate_especifico;Buenos Aires;BSAS;Buenos Aires;0,100;01/07/2024
48534;TOMATE;RACIMO;Tomate Racimo;tomate_especifico;Buenos Aires;BSAS;Buenos Aires;0,200;01/09/2024
48535;TOMATE;RACIMO;Tomate Racimo;tomate_especifico;Buenos Aires;BSAS;Buenos Aires;1,100;01/10/2024
48536;TOMATE;RACIMO;Tomate Racimo;tomate_especifico;Buenos Aires;BSAS;Buenos Aires;3,100;01/11/2024
48537;TOMATE;RACIMO;Tomate Racimo;tomate_especifico;Buenos Aires;BSAS;Buenos Aires;19,000;01/12/2024
48538;TOMATE;RACIMO;Tomate Racimo;tomate_especifico;Corrientes;CORRIENTES;Corrientes;3,700;01/04/2024
48539;TOMATE;RACIMO;Tomate Racimo;tomate_especifico;Corrientes;CORRIENTES;Corrientes;1,300;01/06/2024
48540;TOMATE;RACIMO;Tomate Racimo;tomate_especifico;Corrientes;CORRIENTES;Corrientes;2,600;01/07/2024
48541;TOMATE;RACIMO;Tomate Racimo;tomate_especifico;Corrientes;CORRIENTES;Corrientes;2,700;01/08/2024
48542;TOMATE;RACIMO;Tomate Racimo;tomate_especifico;Corrientes;CORRIENTES;Corrientes;5,200;01/09/2024
48543;TOMATE;RACIMO;Tomate Racimo;tomate_especifico;Corrientes;CORRIENTES;Corrientes;12,400;01/10/2024
48544;TOMATE;RACIMO;Tomate Racimo;tomate_especifico;Corrientes;CORRIENTES;Corrientes;8,100;01/11/2024
48545;TOMATE;RACIMO;Tomate Racimo;tomate_especifico;Entre Ríos;E. RIOS;;0,300;01/07/2024
48546;TOMATE;RACIMO;Tomate Racimo;tomate_especifico;Entre Ríos;E. RIOS;;0,400;01/09/2024
48547;TOMATE;RACIMO;Tomate Racimo;tomate_especifico;Jujuy;JUJUY;;1,700;01/09/2024
48548;TOMATE;RACIMO;Tomate Racimo;tomate_especifico;Salta;SALTA;;0,100;01/07/2024
48549;TOMATE;RACIMO;Tomate Racimo;tomate_especifico;Salta;SALTA;;0,800;01/08/2024
48550;TOMATE;REDONDO;Tomate Redondo;tomate_especifico;Bolivia;BOLIVIA;;0,400;01/10/2024
48551;TOMATE;REDONDO;Tomate Redondo;tomate_especifico;Brasil;BRASIL;;46,600;01/05/2024
48552;TOMATE;REDONDO;Tomate Redondo;tomate_especifico;Brasil;BRASIL;;11,000;01/06/2024
48553;TOMATE;REDONDO;Tomate Redondo;tomate_especifico;Brasil;BRASIL;;244,600;01/07/2024
48554;TOMATE;REDONDO;Tomate Redondo;tomate_especifico;Brasil;BRASIL;;390,600;01/08/2024
48555;TOMATE;REDONDO;Tomate Redondo;tomate_especifico;Brasil;BRASIL;;288,200;01/09/2024
48556;TOMATE;REDONDO;Tomate Redondo;tomate_especifico;Brasil;BRASIL;;120,800;01/10/2024
48557;TOMATE;REDONDO;Tomate Redondo;tomate_especifico;Brasil;BRASIL;;5,800;01/11/2024
48558;TOMATE;REDONDO;Tomate Redondo;tomate_especifico;Buenos Aires;BSAS;Buenos Aires;7147,400;01/01/2024
48559;TOMATE;REDONDO;Tomate Redondo;tomate_especifico;Buenos Aires;BSAS;Buenos Aires;5531,600;01/02/2024
48560;TOMATE;REDONDO;Tomate Redondo;tomate_especifico;Buenos Aires;BSAS;Buenos Aires;4408,800;01/03/2024
48561;TOMATE;REDONDO;Tomate Redondo;tomate_especifico;Buenos Aires;BSAS;Buenos Aires;3812,100;01/04/2024
48562;TOMATE;REDONDO;Tomate Redondo;tomate_especifico;Buenos Aires;BSAS;Buenos Aires;1850,600;01/05/2024
48563;TOMATE;REDONDO;Tomate Redondo;tomate_especifico;Buenos Aires;BSAS;Buenos Aires;1309,500;01/06/2024
48564;TOMATE;REDONDO;Tomate Redondo;tomate_especifico;Buenos Aires;BSAS;Buenos Aires;80,500;01/07/2024
48565;TOMATE;REDONDO;Tomate Redondo;tomate_especifico;Buenos Aires;BSAS;Buenos Aires;4,100;01/08/2024
48566;TOMATE;REDONDO;Tomate Redondo;tomate_especifico;Buenos Aires;BSAS;Buenos Aires;103,200;01/09/2024
48567;TOMATE;REDONDO;Tomate Redondo;tomate_especifico;Buenos Aires;BSAS;Buenos Aires;693,800;01/10/2024
48568;TOMATE;REDONDO;Tomate Redondo;tomate_especifico;Buenos Aires;BSAS;Buenos Aires;5932,700;01/11/2024
48569;TOMATE;REDONDO;Tomate Redondo;tomate_especifico;Buenos Aires;BSAS;Buenos Aires;8226,800;01/12/2024
48570;TOMATE;REDONDO;Tomate Redondo;tomate_especifico;Chile;CHILE;;49,900;01/05/2024
48571;TOMATE;REDONDO;Tomate Redondo;tomate_especifico;Chile;CHILE;;119,100;01/06/2024
48572;TOMATE;REDONDO;Tomate Redondo;tomate_especifico;Chile;CHILE;;54,000;01/07/2024
48573;TOMATE;REDONDO;Tomate Redondo;tomate_especifico;Chile;CHILE;;46,800;01/08/2024
48574;TOMATE;REDONDO;Tomate Redondo;tomate_especifico;Chile;CHILE;;55,500;01/09/2024
48575;TOMATE;REDONDO;Tomate Redondo;tomate_especifico;Chile;CHILE;;57,700;01/10/2024
48576;TOMATE;REDONDO;Tomate Redondo;tomate_especifico;Corrientes;CORRIENTES;Corrientes;17,700;01/01/2024
48577;TOMATE;REDONDO;Tomate Redondo;tomate_especifico;Corrientes;CORRIENTES;Corrientes;3,000;01/02/2024
48578;TOMATE;REDONDO;Tomate Redondo;tomate_especifico;Corrientes;CORRIENTES;Corrientes;194,600;01/03/2024
48579;TOMATE;REDONDO;Tomate Redondo;tomate_especifico;Corrientes;CORRIENTES;Corrientes;729,300;01/04/2024
48580;TOMATE;REDONDO;Tomate Redondo;tomate_especifico;Corrientes;CORRIENTES;Corrientes;1394,500;01/05/2024
48581;TOMATE;REDONDO;Tomate Redondo;tomate_especifico;Corrientes;CORRIENTES;Corrientes;1914,300;01/06/2024
48582;TOMATE;REDONDO;Tomate Redondo;tomate_especifico;Corrientes;CORRIENTES;Corrientes;1387,300;01/07/2024
48583;TOMATE;REDONDO;Tomate Redondo;tomate_especifico;Corrientes;CORRIENTES;Corrientes;2113,000;01/08/2024
48584;TOMATE;REDONDO;Tomate Redondo;tomate_especifico;Corrientes;CORRIENTES;Corrientes;3936,900;01/09/2024
48585;TOMATE;REDONDO;Tomate Redondo;tomate_especifico;Corrientes;CORRIENTES;Corrientes;5051,600;01/10/2024
48586;TOMATE;REDONDO;Tomate Redondo;tomate_especifico;Corrientes;CORRIENTES;Corrientes;3151,900;01/11/2024
48587;TOMATE;REDONDO;Tomate Redondo;tomate_especifico;Corrientes;CORRIENTES;Corrientes;209,800;01/12/2024
48588;TOMATE;REDONDO;Tomate Redondo;tomate_especifico;Entre Ríos;E. RIOS;;5,600;01/03/2024
48589;TOMATE;REDONDO;Tomate Redondo;tomate_especifico;Entre Ríos;E. RIOS;;5,800;01/04/2024
48590;TOMATE;REDONDO;Tomate Redondo;tomate_especifico;Entre Ríos;E. RIOS;;6,100;01/05/2024
48591;TOMATE;REDONDO;Tomate Redondo;tomate_especifico;Entre Ríos;E. RIOS;;4,500;01/06/2024
48592;TOMATE;REDONDO;Tomate Redondo;tomate_especifico;Entre Ríos;E. RIOS;;0,200;01/09/2024
48593;TOMATE;REDONDO;Tomate Redondo;tomate_especifico;Entre Ríos;E. RIOS;;1,000;01/11/2024
48594;TOMATE;REDONDO;Tomate Redondo;tomate_especifico;Ecuador;ECUADOR;;2,400;01/08/2024
48595;TOMATE;REDONDO;Tomate Redondo;tomate_especifico;Jujuy;JUJUY;;6,300;01/04/2024
48596;TOMATE;REDONDO;Tomate Redondo;tomate_especifico;Jujuy;JUJUY;;38,700;01/05/2024
48597;TOMATE;REDONDO;Tomate Redondo;tomate_especifico;Jujuy;JUJUY;;438,700;01/06/2024
48598;TOMATE;REDONDO;Tomate Redondo;tomate_especifico;Jujuy;JUJUY;;568,000;01/07/2024
48599;TOMATE;REDONDO;Tomate Redondo;tomate_especifico;Jujuy;JUJUY;;501,900;01/08/2024
48600;TOMATE;REDONDO;Tomate Redondo;tomate_especifico;Jujuy;JUJUY;;305,300;01/09/2024
48601;TOMATE;REDONDO;Tomate Redondo;tomate_especifico;Jujuy;JUJUY;;112,100;01/10/2024
48602;TOMATE;REDONDO;Tomate Redondo;tomate_especifico;Jujuy;JUJUY;;19,800;01/11/2024
48603;TOMATE;REDONDO;Tomate Redondo;tomate_especifico;Jujuy;JUJUY;;0,800;01/12/2024
48604;TOMATE;REDONDO;Tomate Redondo;tomate_especifico;La Pampa;LA PAMPA;;9,200;01/02/2024
48605;TOMATE;REDONDO;Tomate Redondo;tomate_especifico;Mar del Plata;M.D.PLAT;;1262,900;01/01/2024
48606;TOMATE;REDONDO;Tomate Redondo;tomate_especifico;Mar del Plata;M.D.PLAT;;1417,800;01/02/2024
48607;TOMATE;REDONDO;Tomate Redondo;tomate_especifico;Mar del Plata;M.D.PLAT;;648,200;01/03/2024
48608;TOMATE;REDONDO;Tomate Redondo;tomate_especifico;Mar del Plata;M.D.PLAT;;548,900;01/04/2024
48609;TOMATE;REDONDO;Tomate Redondo;tomate_especifico;Mar del Plata;M.D.PLAT;;369,000;01/05/2024
48610;TOMATE;REDONDO;Tomate Redondo;tomate_especifico;Mar del Plata;M.D.PLAT;;112,000;01/06/2024
48611;TOMATE;REDONDO;Tomate Redondo;tomate_especifico;Mar del Plata;M.D.PLAT;;24,300;01/07/2024
48612;TOMATE;REDONDO;Tomate Redondo;tomate_especifico;Mar del Plata;M.D.PLAT;;2,900;01/11/2024
48613;TOMATE;REDONDO;Tomate Redondo;tomate_especifico;Mar del Plata;M.D.PLAT;;12,100;01/12/2024
48614;TOMATE;REDONDO;Tomate Redondo;tomate_especifico;Mendoza;MENDOZA;;516,700;01/01/2024
48615;TOMATE;REDONDO;Tomate Redondo;tomate_especifico;Mendoza;MENDOZA;;1237,600;01/02/2024
48616;TOMATE;REDONDO;Tomate Redondo;tomate_especifico;Mendoza;MENDOZA;;1349,800;01/03/2024
48617;TOMATE;REDONDO;Tomate Redondo;tomate_especifico;Mendoza;MENDOZA;;1355,000;01/04/2024
48618;TOMATE;REDONDO;Tomate Redondo;tomate_especifico;Mendoza;MENDOZA;;690,200;01/05/2024
48619;TOMATE;REDONDO;Tomate Redondo;tomate_especifico;Mendoza;MENDOZA;;240,000;01/06/2024
48620;TOMATE;REDONDO;Tomate Redondo;tomate_especifico;Mendoza;MENDOZA;;300,200;01/07/2024
48621;TOMATE;REDONDO;Tomate Redondo;tomate_especifico;Mendoza;MENDOZA;;128,400;01/08/2024
48622;TOMATE;REDONDO;Tomate Redondo;tomate_especifico;Mendoza;MENDOZA;;8,000;01/09/2024
48623;TOMATE;REDONDO;Tomate Redondo;tomate_especifico;Mendoza;MENDOZA;;26,400;01/10/2024
48624;TOMATE;REDONDO;Tomate Redondo;tomate_especifico;Mendoza;MENDOZA;;12,100;01/11/2024
48625;TOMATE;REDONDO;Tomate Redondo;tomate_especifico;Mendoza;MENDOZA;;151,000;01/12/2024
48626;TOMATE;REDONDO;Tomate Redondo;tomate_especifico;Misiones;MISIONES;;9,000;01/08/2024
48627;TOMATE;REDONDO;Tomate Redondo;tomate_especifico;Misiones;MISIONES;;4,000;01/09/2024
48628;TOMATE;REDONDO;Tomate Redondo;tomate_especifico;Paraguay;PARAGUAY;;58,900;01/10/2024
48629;TOMATE;REDONDO;Tomate Redondo;tomate_especifico;Paraguay;PARAGUAY;;54,000;01/11/2024
48630;TOMATE;REDONDO;Tomate Redondo;tomate_especifico;Río Negro;R. NEGRO;;8,700;01/01/2024
48631;TOMATE;REDONDO;Tomate Redondo;tomate_especifico;Río Negro;R. NEGRO;;2,200;01/03/2024
48632;TOMATE;REDONDO;Tomate Redondo;tomate_especifico;Río Negro;R. NEGRO;;0,400;01/07/2024
48633;TOMATE;REDONDO;Tomate Redondo;tomate_especifico;Río Negro;R. NEGRO;;4,000;01/12/2024
48634;TOMATE;REDONDO;Tomate Redondo;tomate_especifico;Salta;SALTA;;1,800;01/03/2024
48635;TOMATE;REDONDO;Tomate Redondo;tomate_especifico;Salta;SALTA;;103,400;01/05/2024
48636;TOMATE;REDONDO;Tomate Redondo;tomate_especifico;Salta;SALTA;;1129,100;01/06/2024
48637;TOMATE;REDONDO;Tomate Redondo;tomate_especifico;Salta;SALTA;;1610,900;01/07/2024
48638;TOMATE;REDONDO;Tomate Redondo;tomate_especifico;Salta;SALTA;;3792,600;01/08/2024
48639;TOMATE;REDONDO;Tomate Redondo;tomate_especifico;Salta;SALTA;;4092,400;01/09/2024
48640;TOMATE;REDONDO;Tomate Redondo;tomate_especifico;Salta;SALTA;;2932,400;01/10/2024
48641;TOMATE;REDONDO;Tomate Redondo;tomate_especifico;Salta;SALTA;;477,600;01/11/2024
48642;TOMATE;REDONDO;Tomate Redondo;tomate_especifico;Salta;SALTA;;35,100;01/12/2024
48643;TOMATE;REDONDO;Tomate Redondo;tomate_especifico;San Juan;SAN JUAN;;0,100;01/01/2024
48644;TOMATE;REDONDO;Tomate Redondo;tomate_especifico;San Juan;SAN JUAN;;1,500;01/02/2024
48645;TOMATE;REDONDO;Tomate Redondo;tomate_especifico;San Juan;SAN JUAN;;6,200;01/03/2024
48646;TOMATE;REDONDO;Tomate Redondo;tomate_especifico;San Juan;SAN JUAN;;17,000;01/04/2024
48647;TOMATE;REDONDO;Tomate Redondo;tomate_especifico;San Juan;SAN JUAN;;22,200;01/05/2024
48648;TOMATE;REDONDO;Tomate Redondo;tomate_especifico;Santa Fe;SANTA FE;;1,100;01/02/2024
48649;TOMATE;REDONDO;Tomate Redondo;tomate_especifico;Santa Fe;SANTA FE;;1,100;01/04/2024
48650;TOMATE;REDONDO;Tomate Redondo;tomate_especifico;Santa Fe;SANTA FE;;1,400;01/05/2024
48651;TOMATE;REDONDO;Tomate Redondo;tomate_especifico;Santa Fe;SANTA FE;;0,900;01/08/2024
48652;TOMATE;REDONDO;Tomate Redondo;tomate_especifico;Santa Fe;SANTA FE;;1,000;01/09/2024
48653;TOMATE;REDONDO;Tomate Redondo;tomate_especifico;Santa Fe;SANTA FE;;15,000;01/10/2024
48654;TOMATE;REDONDO;Tomate Redondo;tomate_especifico;Santa Fe;SANTA FE;;2,900;01/12/2024
48655;TOMATE;REDONDO;Tomate Redondo;tomate_especifico;Santiago del Estero;SGO.EST.;;23,900;01/09/2024
48656;TOMATE;REDONDO;Tomate Redondo;tomate_especifico;Tucumán;TUCUMAN;;1,100;01/04/2024
48657;TOMATE;REDONDO;Tomate Redondo;tomate_especifico;Tucumán;TUCUMAN;;0,100;01/05/2024
48658;TOMATE;REDONDO;Tomate Redondo;tomate_especifico;Tucumán;TUCUMAN;;1,600;01/06/2024
48659;TOMATE;REDONDO;Tomate Redondo;tomate_especifico;Tucumán;TUCUMAN;;3,500;01/08/2024
48660;TOMATE;REDONDO;Tomate Redondo;tomate_especifico;Tucumán;TUCUMAN;;1,200;01/09/2024
48661;TOMATE;REDONDO;Tomate Redondo;tomate_especifico;Tucumán;TUCUMAN;;4,100;01/10/2024
48662;TOMATE;REDONDO;Tomate Redondo;tomate_especifico;Tucumán;TUCUMAN;;23,800;01/11/2024
