rubro;mercado;procedencia;especie;variedad;unidad;cantidad_observaciones;cantidad_fechas_distintas;cantidad_meses_distintos;cantidad_fechas_disponibles;fecha_minima;fecha_maxima;cantidad_meses_disponibles;precio_promedio;precio_min;precio_max;coeficiente_variacion;porcentaje_precios_validos;indicador_serie_utilizable
Hortalizas;(sin informar);Corrientes;ACELGA;(sin informar);$/Kg;1770;151;9;151;2026-01-02;2026-12-25;9;11123.5593;1000.0000;100000.0000;0.4293;100.0000;Alta
Frutas;Mercado Central de Buenos Aires;Río Negro;MANZANA;Red Delici;$/Kg;1760;155;8;155;2026-01-02;2026-08-24;8;2380.7261;1277.7800;6400.0000;0.3026;100.0000;Alta
Hortalizas;(sin informar);Corrientes;LECHUGA CRESPA;(sin informar);$/Kg;1510;151;9;151;2026-01-02;2026-12-25;9;11390.6623;1200.0000;71000.0000;0.4495;100.0000;Alta
Hortalizas;(sin informar);Corrientes;CEBOLLITA DE VERDEO;(sin informar);$/Kg;1298;149;9;149;2026-01-02;2026-12-25;9;2577.0439;3.0000;30000.0000;0.8927;100.0000;Alta
Frutas;Mercado Central de Buenos Aires;Río Negro;MANZANA;Granny Smi;$/Kg;1008;155;8;155;2026-01-02;2026-08-24;8;2400.9102;1050.0000;4100.0000;0.2905;100.0000;Alta
Hortalizas;Mercado Central de Buenos Aires;Mendoza;AJO;Mdo. Chino;$/Kg;935;155;8;155;2026-01-02;2026-08-24;8;2900.0380;733.3300;7600.0000;0.5008;100.0000;Alta
Hortalizas;(sin informar);Corrientes;RUCULA;(sin informar);$/Kg;820;146;9;146;2026-01-02;2026-12-25;9;3318.1707;1000.0000;30000.0000;0.8896;100.0000;Alta
Hortalizas;(sin informar);Corrientes;PEREJIL;(sin informar);$/Kg;694;139;9;139;2026-01-02;2026-12-25;9;20138.3285;1000.0000;60000.0000;0.5380;100.0000;Alta
Hortalizas;(sin informar);Corrientes;ZAPALLITO TRONCO;(sin informar);$/Kg;655;129;9;129;2026-01-02;2026-12-25;9;13436.6412;2000.0000;40000.0000;0.6299;100.0000;Alta
Hortalizas;(sin informar);Corrientes;PIMIENTO MORRON VERDE;(sin informar);$/Kg;652;127;9;127;2026-01-02;2026-12-25;9;12179.4479;1000.0000;32000.0000;0.2584;100.0000;Alta
Hortalizas;(sin informar);Corrientes;PIMIENTO MORRON ROJO;(sin informar);$/Kg;596;114;9;114;2026-01-02;2026-12-25;9;17911.0738;2000.0000;45000.0000;0.3881;100.0000;Alta
Hortalizas;(sin informar);Corrientes;BATATA BLANCA;(sin informar);$/Kg;543;102;9;102;2026-01-05;2026-12-25;9;6594.8435;4000.0000;26000.0000;0.3371;100.0000;Alta
Frutas;Mercado Central de Buenos Aires;Tucumán;LIMON;Eureka;$/Kg;536;155;8;155;2026-01-02;2026-08-24;8;907.2204;392.8600;3071.4300;0.5631;100.0000;Alta
Frutas;Mercado Central de Buenos Aires;Río Negro;PERA;Packham'S;$/Kg;520;109;6;109;2026-01-02;2026-08-24;6;1886.0476;1277.7800;3000.0000;0.2841;100.0000;Alta
Hortalizas;Mercado Central de Buenos Aires;Buenos Aires;ACELGA;(sin informar);$/Kg;489;155;8;155;2026-01-02;2026-08-24;8;759.0798;330.0000;1400.0000;0.2811;100.0000;Alta
Hortalizas;(sin informar);Corrientes;TOMATE PERITA;(sin informar);$/Kg;474;100;8;100;2026-01-02;2026-08-25;8;19930.3797;10000.0000;32000.0000;0.2641;100.0000;Alta
Hortalizas;Mercado Central de Buenos Aires;Buenos Aires;LECHUGA;Mantecosa;$/Kg;448;155;8;155;2026-01-02;2026-08-24;8;1809.8214;750.0000;4400.0000;0.3295;100.0000;Alta
Hortalizas;Mercado Central de Buenos Aires;Buenos Aires;TOMATE;Redondo;$/Kg;431;103;6;103;2026-01-02;2026-06-05;6;705.5168;166.6700;2222.2200;0.5925;100.0000;Alta
Hortalizas;Mercado Central de Buenos Aires;Buenos Aires;PIMIENTO;Morron;$/Kg;430;103;6;103;2026-01-02;2026-06-05;6;1107.8372;600.0000;2800.0000;0.4262;100.0000;Alta
Hortalizas;Mercado Central de Buenos Aires;Mendoza;ZANAHORIA;Chantenay;$/Kg;429;155;8;155;2026-01-02;2026-08-24;8;853.1347;650.0000;1200.0000;0.1630;100.0000;Alta
Hortalizas;Mercado Central de Buenos Aires;Buenos Aires;CEB VERDEO;Colorada;$/Kg;407;155;8;155;2026-01-02;2026-08-24;8;2672.3342;260.0000;5000.0000;0.3135;100.0000;Alta
Hortalizas;Mercado Central de Buenos Aires;Corrientes;PIMIENTO;Morron;$/Kg;394;100;6;100;2026-01-20;2026-08-24;6;1692.5761;437.5000;4875.0000;0.4603;100.0000;Alta
Frutas;Mercado Central de Buenos Aires;Río Negro;PERA;Williams;$/Kg;392;119;7;119;2026-01-23;2026-07-24;7;1459.5246;944.4400;4200.0000;0.3748;100.0000;Alta
Hortalizas;Mercado Central de Buenos Aires;Buenos Aires;LECHUGA;Criolla;$/Kg;392;155;8;155;2026-01-02;2026-08-24;8;1217.7615;437.5000;2750.0000;0.3331;100.0000;Alta
Hortalizas;Mercado Central de Buenos Aires;Mendoza;AJO;Colorado;$/Kg;391;61;6;61;2026-02-27;2026-08-24;6;3907.1350;1000.0000;7444.4400;0.5001;100.0000;Alta
Hortalizas;Mercado Central de Buenos Aires;Salta;PIMIENTO;Morron;$/Kg;379;85;5;85;2026-04-20;2026-08-24;5;2391.2753;1100.0000;5600.0000;0.3868;100.0000;Alta
Hortalizas;Mercado Central de Buenos Aires;Mendoza;TOMATE;Perita;$/Kg;370;93;5;93;2026-01-02;2026-05-21;5;703.8142;222.2200;1833.3300;0.4245;100.0000;Alta
Frutas;Mercado Central de Buenos Aires;Ecuador;BANANA;Cavendish;$/Kg;362;155;8;155;2026-01-02;2026-08-24;8;1753.1768;1050.0000;2700.0000;0.2462;100.0000;Alta
Hortalizas;Mercado Central de Buenos Aires;Buenos Aires;TOMATE;Perita;$/Kg;358;98;6;98;2026-01-02;2026-06-02;6;695.9107;277.7800;2222.2200;0.4820;100.0000;Alta
Frutas;Mercado Central de Buenos Aires;Buenos Aires;KIWI;(sin informar);$/Kg;341;95;6;95;2026-01-02;2026-08-24;6;3424.6986;1600.0000;7500.0000;0.3950;100.0000;Alta
Frutas;Mercado Central de Buenos Aires;Chile;PALTA;Hass;$/Kg;341;148;8;148;2026-01-02;2026-08-24;8;8423.3009;1050.0000;11500.0000;0.2010;100.0000;Alta
Hortalizas;(sin informar);Corrientes;TOMATE REDONDO;(sin informar);$/Kg;338;101;9;101;2026-01-02;2026-12-25;9;20112.4260;8000.0000;38000.0000;0.3300;100.0000;Alta
Frutas;Mercado Central de Buenos Aires;Perú;PALTA;Hass;$/Kg;330;119;7;119;2026-01-13;2026-08-24;7;4264.2705;2100.0000;6800.0000;0.2400;100.0000;Alta
Hortalizas;Mercado Central de Buenos Aires;Buenos Aires;BROCOLI;(sin informar);$/Kg;326;155;8;155;2026-01-02;2026-08-24;8;1677.0322;750.0000;2875.0000;0.3427;100.0000;Alta
Hortalizas;Mercado Central de Buenos Aires;Buenos Aires;PEREJIL;(sin informar);$/Kg;325;155;8;155;2026-01-02;2026-08-24;8;1383.7538;800.0000;3700.0000;0.4031;100.0000;Alta
Hortalizas;Mercado Central de Buenos Aires;Buenos Aires;ESPINACA;(sin informar);$/Kg;324;154;8;154;2026-01-02;2026-08-24;8;1758.5185;740.0000;3200.0000;0.2714;100.0000;Alta
Hortalizas;Mercado Central de Buenos Aires;Buenos Aires;PUERRO;(sin informar);$/Kg;323;154;8;154;2026-01-02;2026-08-24;8;2722.2910;350.0000;4500.0000;0.2203;100.0000;Alta
Frutas;Mercado Central de Buenos Aires;Brasil;PALTA;Hass;$/Kg;322;115;7;115;2026-01-02;2026-08-24;7;3985.2911;2000.0000;6200.0000;0.2355;100.0000;Alta
Hortalizas;Mercado Central de Buenos Aires;Buenos Aires;REPOLLO;Blanco;$/Kg;322;153;8;153;2026-01-02;2026-08-24;8;532.9188;360.0000;666.6700;0.1498;100.0000;Alta
Hortalizas;Mercado Central de Buenos Aires;Buenos Aires;REPOLLO;Colorado;$/Kg;322;153;8;153;2026-01-02;2026-08-24;8;651.9244;466.6700;866.6700;0.1431;100.0000;Alta
Hortalizas;Mercado Central de Buenos Aires;Buenos Aires;APIO;(sin informar);$/Kg;315;155;8;155;2026-01-02;2026-08-24;8;1309.5636;1000.0000;2500.0000;0.2536;100.0000;Alta
Hortalizas;Mercado Central de Buenos Aires;Se Bs.As;PAPA;Spunta;$/Kg;307;155;8;155;2026-01-02;2026-08-24;8;730.2206;388.8900;1611.1100;0.3961;100.0000;Alta
Hortalizas;Mercado Central de Buenos Aires;S.Bs.As.;CEBOLLA;Valenciana;$/Kg;287;151;8;151;2026-01-07;2026-08-24;8;553.6411;300.0000;1250.0000;0.4207;100.0000;Alta
Hortalizas;(sin informar);Corrientes;MANDIOCA;(sin informar);$/Kg;286;78;8;78;2026-02-26;2026-12-25;8;15290.2098;2000.0000;20000.0000;0.2021;100.0000;Alta
Hortalizas;Mercado Central de Buenos Aires;Mendoza;TOMATE;Redondo;$/Kg;278;86;5;86;2026-01-09;2026-05-28;5;828.2776;194.4400;2000.0000;0.5025;100.0000;Alta
Hortalizas;Mercado Central de Buenos Aires;Mar del Plata;PIMIENTO;Morron;$/Kg;271;74;4;74;2026-02-02;2026-05-26;4;1247.5646;600.0000;2850.0000;0.4265;100.0000;Alta
Frutas;Mercado Central de Buenos Aires;Entre Ríos;NARANJA;Valen.Late;$/Kg;266;104;6;104;2026-01-02;2026-06-08;6;893.9013;555.5600;1333.3300;0.2179;100.0000;Alta
Hortalizas;Mercado Central de Buenos Aires;Salta;TOMATE;Perita;$/Kg;265;67;5;67;2026-04-20;2026-08-24;5;1626.7503;144.4400;2555.5600;0.3129;100.0000;Alta
Hortalizas;Mercado Central de Buenos Aires;Buenos Aires;REMOLACHA;(sin informar);$/Kg;257;153;8;153;2026-01-02;2026-08-24;8;845.3572;500.0000;1133.3300;0.1458;100.0000;Alta
Hortalizas;Mercado Central de Buenos Aires;Jujuy;TOMATE;Perita;$/Kg;253;80;5;80;2026-04-22;2026-08-24;5;1099.8029;405.5600;1833.3300;0.3162;100.0000;Alta
Frutas;(sin informar);Corrientes;LIMON COMERCIAL;(sin informar);$/Kg;251;85;9;85;2026-01-05;2026-12-25;9;8619.5219;4000.0000;30000.0000;0.6940;100.0000;Alta
Hortalizas;Mercado Central de Buenos Aires;Corrientes;TOMATE;Cherry;$/Kg;247;111;6;111;2026-03-04;2026-08-24;6;2538.0567;960.0000;5600.0000;0.4243;100.0000;Alta
Hortalizas;Mercado Central de Buenos Aires;Mar del Plata;TOMATE;Redondo;$/Kg;247;94;5;94;2026-01-02;2026-05-22;5;777.1933;166.6700;2166.6700;0.5074;100.0000;Alta
Hortalizas;(sin informar);Corrientes;BERENJENA;(sin informar);$/Kg;246;88;8;88;2026-01-05;2026-08-25;8;11386.1789;2000.0000;25000.0000;0.3186;100.0000;Alta
Frutas;Mercado Central de Buenos Aires;Brasil;MANGO;(sin informar);$/Kg;240;153;8;153;2026-01-02;2026-08-24;8;2676.4474;722.2200;3500.0000;0.2209;100.0000;Alta
Hortalizas;Mercado Central de Buenos Aires;Corrientes;TOMATE;Redondo;$/Kg;238;83;5;83;2026-04-22;2026-08-24;5;1204.6685;388.8900;1944.4400;0.3159;100.0000;Alta
Hortalizas;Mercado Central de Buenos Aires;Buenos Aires;ACUSAY;(sin informar);$/Kg;230;154;8;154;2026-01-02;2026-08-24;8;826.2174;720.0000;1000.0000;0.0785;100.0000;Alta
Hortalizas;Mercado Central de Buenos Aires;Buenos Aires;TOMATE;Cherry;$/Kg;219;96;5;96;2026-01-02;2026-05-29;5;1595.2511;800.0000;4400.0000;0.2794;100.0000;Alta
Hortalizas;(sin informar);Corrientes;ESPINACA;(sin informar);$/Kg;214;69;8;69;2026-02-09;2026-12-25;8;11502.3364;1000.0000;37500.0000;0.3903;100.0000;Alta
Frutas;Mercado Central de Buenos Aires;Río Negro;MANZANA;Royal Gala;$/Kg;211;70;5;70;2026-01-30;2026-05-18;5;1720.1688;1111.1100;2800.0000;0.2308;100.0000;Alta
Frutas;Mercado Central de Buenos Aires;Chile;KIWI;(sin informar);$/Kg;210;78;5;78;2026-04-29;2026-08-24;5;4710.0000;3700.0000;5700.0000;0.1004;100.0000;Alta
Frutas;(sin informar);Mendoza;BANANA ECUATORIANA;(sin informar);$/Kg;209;66;8;66;2026-01-05;2026-08-25;8;43612.4402;11000.0000;400000.0000;0.5918;100.0000;Alta
Frutas;Mercado Central de Buenos Aires;Río Negro;MANZANA;Rome Beaut;$/Kg;198;75;4;75;2026-05-05;2026-08-24;4;2274.9153;1900.0000;2500.0000;0.0681;100.0000;Alta
Hortalizas;(sin informar);Corrientes;PEPINO;(sin informar);$/Kg;195;95;9;95;2026-01-05;2026-12-25;9;14441.0256;4000.0000;300000.0000;1.4825;100.0000;Alta
Frutas;Mercado Central de Buenos Aires;(sin informar);BANANA;Prom.Esp.;$/Kg;182;155;8;155;2026-01-02;2026-08-24;8;1384.1771;1032.5800;2116.7700;0.1986;100.0000;Alta
Frutas;Mercado Central de Buenos Aires;(sin informar);FRUTILLA;Prom.Esp.;$/Kg;182;155;8;155;2026-01-02;2026-08-24;8;9503.0496;4000.0000;31500.0000;0.5971;100.0000;Alta
Frutas;Mercado Central de Buenos Aires;(sin informar);KIWI;Prom.Esp.;$/Kg;182;155;8;155;2026-01-02;2026-08-24;8;4536.0716;3180.0000;7696.3000;0.2442;100.0000;Alta
Frutas;Mercado Central de Buenos Aires;(sin informar);LIMON;Prom.Esp.;$/Kg;182;155;8;155;2026-01-02;2026-08-24;8;972.7701;512.6100;2798.9400;0.5505;100.0000;Alta
Frutas;Mercado Central de Buenos Aires;(sin informar);MANZANA;Prom.Esp.;$/Kg;182;155;8;155;2026-01-02;2026-08-24;8;2458.3615;2006.7200;3136.9100;0.1061;100.0000;Alta
Frutas;Mercado Central de Buenos Aires;(sin informar);MELON;Prom.Esp.;$/Kg;182;155;8;155;2026-01-02;2026-08-24;8;2315.3307;1525.0000;3275.0000;0.2187;100.0000;Alta
Frutas;Mercado Central de Buenos Aires;(sin informar);NARANJA;Prom.Esp.;$/Kg;182;155;8;155;2026-01-02;2026-08-24;8;1023.5668;574.0800;1793.3300;0.3882;100.0000;Alta
Frutas;Mercado Central de Buenos Aires;(sin informar);PALTA;Prom.Esp.;$/Kg;182;155;8;155;2026-01-02;2026-08-24;8;5326.4000;3620.8300;7466.6700;0.1437;100.0000;Alta
Frutas;Mercado Central de Buenos Aires;(sin informar);PERA;Prom.Esp.;$/Kg;182;155;8;155;2026-01-02;2026-08-24;8;1792.9542;1152.7800;2924.0800;0.2552;100.0000;Alta
Frutas;Mercado Central de Buenos Aires;(sin informar);POMELO;Prom.Esp.;$/Kg;182;155;8;155;2026-01-02;2026-08-24;8;1326.3138;703.7000;2406.9500;0.4059;100.0000;Alta
Frutas;Mercado Central de Buenos Aires;(sin informar);UVA;Prom.Esp.;$/Kg;182;155;8;155;2026-01-02;2026-08-24;8;5003.4268;1950.0000;7708.3300;0.4012;100.0000;Alta
Frutas;Mercado Central de Buenos Aires;Entre Ríos;LIMON;Genova;$/Kg;182;154;8;154;2026-01-02;2026-08-24;8;917.7352;444.4400;2555.5600;0.5621;100.0000;Alta
Frutas;Mercado Central de Buenos Aires;(sin informar);ANANA;Prom.Esp.;$/Kg;181;154;8;154;2026-01-02;2026-08-24;8;2634.9551;2055.5600;3916.6700;0.2215;100.0000;Alta
Frutas;Mercado Central de Buenos Aires;(sin informar);LIMA;Prom.Esp.;$/Kg;181;154;8;154;2026-01-02;2026-08-24;8;1964.2042;1250.0000;2800.0000;0.2356;100.0000;Alta
Frutas;Mercado Central de Buenos Aires;(sin informar);MANGO;Prom.Esp.;$/Kg;181;154;8;154;2026-01-02;2026-08-24;8;2583.8149;722.2200;3250.0000;0.1538;100.0000;Alta
Frutas;Mercado Central de Buenos Aires;Entre Ríos;POMELO;Star Ruby;$/Kg;181;154;8;154;2026-01-02;2026-08-24;8;979.4350;722.2200;1277.7800;0.2057;100.0000;Alta
Frutas;Mercado Central de Buenos Aires;(sin informar);COCO;Prom.Esp.;$/Kg;178;151;8;151;2026-01-02;2026-08-24;8;2929.7753;1900.0000;5200.0000;0.4241;100.0000;Alta
Frutas;Mercado Central de Buenos Aires;Brasil;COCO;(sin informar);$/Kg;178;151;8;151;2026-01-02;2026-08-24;8;2929.7753;1900.0000;5200.0000;0.4241;100.0000;Alta
Frutas;Mercado Central de Buenos Aires;Brasil;LIMA;Tahiti;$/Kg;178;151;8;151;2026-01-02;2026-08-24;8;2125.8427;1500.0000;2800.0000;0.2006;100.0000;Alta
Frutas;Mercado Central de Buenos Aires;Salta;BANANA;Nanika;$/Kg;178;151;8;151;2026-01-02;2026-08-24;8;1058.1969;636.3600;1590.9100;0.2264;100.0000;Alta
Frutas;Mercado Central de Buenos Aires;Brasil;BANANA;Nanika;$/Kg;177;150;8;150;2026-01-02;2026-08-24;8;1307.7684;950.0000;2500.0000;0.2177;100.0000;Alta
Hortalizas;(sin informar);Corrientes;ALBAHACA;(sin informar);$/Kg;177;91;9;91;2026-01-05;2026-12-25;9;5395.4802;2500.0000;70000.0000;0.9268;100.0000;Alta
Hortalizas;(sin informar);Mendoza;ZANAHORIA;(sin informar);$/Kg;177;61;8;61;2026-01-05;2026-08-24;8;12618.6441;3500.0000;23000.0000;0.3675;100.0000;Alta
Hortalizas;Mercado Central de Buenos Aires;Buenos Aires;BERENJENA;Vta.Med.La;$/Kg;177;97;5;97;2026-01-02;2026-05-28;5;719.5484;250.0000;1600.0000;0.4238;100.0000;Alta
Frutas;Mercado Central de Buenos Aires;(sin informar);ARANDANO;Prom.Esp.;$/Kg;176;149;8;149;2026-01-02;2026-08-24;8;35904.0434;7000.0000;107917.0000;0.7241;100.0000;Alta
Frutas;Mercado Central de Buenos Aires;(sin informar);SANDIA;Prom.Esp.;$/Kg;174;149;8;149;2026-01-02;2026-08-24;8;1163.5818;520.0000;1868.7500;0.3936;100.0000;Alta
Frutas;Mercado Central de Buenos Aires;Paraguay;BANANA;Nanika;$/Kg;173;146;8;146;2026-01-14;2026-08-24;8;1102.2072;636.3600;1727.2700;0.2198;100.0000;Alta
Frutas;Mercado Central de Buenos Aires;(sin informar);PLATANO;Prom.Esp.;$/Kg;172;145;8;145;2026-01-02;2026-08-24;8;2594.8389;454.5500;3363.6400;0.1264;100.0000;Alta
Frutas;Mercado Central de Buenos Aires;Ecuador;PLATANO;(sin informar);$/Kg;172;145;8;145;2026-01-02;2026-08-24;8;2656.0791;454.5500;3363.6400;0.1032;100.0000;Alta
Frutas;Mercado Central de Buenos Aires;Río Negro;MANZANA;Cripps Pin;$/Kg;172;78;5;78;2026-04-14;2026-08-24;5;1852.7130;1666.6700;2055.5600;0.0738;100.0000;Alta
Frutas;Mercado Central de Buenos Aires;Bolivia;BANANA;Cavendish;$/Kg;171;144;8;144;2026-01-02;2026-08-24;8;1463.0284;900.0000;2277.7800;0.2800;100.0000;Alta
Hortalizas;Mercado Central de Buenos Aires;Salta;ZAPALLITO;Redondo;$/Kg;171;99;6;99;2026-03-12;2026-08-24;6;1155.6201;305.5600;2333.3300;0.4758;100.0000;Alta
Frutas;Mercado Central de Buenos Aires;Entre Ríos;NARANJA;Salustiana;$/Kg;170;73;5;73;2026-04-10;2026-08-24;5;678.1053;555.5600;1000.0000;0.1867;100.0000;Alta
Hortalizas;Mercado Central de Buenos Aires;Jujuy;TOMATE;Redondo;$/Kg;168;59;4;59;2026-05-15;2026-08-11;4;1274.9669;500.0000;1888.8900;0.2847;100.0000;Alta
Frutas;Mercado Central de Buenos Aires;Santa Fe;FRUTILLA;(sin informar);$/Kg;167;60;4;60;2026-05-27;2026-08-24;4;9903.2934;4000.0000;34000.0000;0.5882;100.0000;Alta
Hortalizas;Mercado Central de Buenos Aires;Salta;BERENJENA;Vta.Med.La;$/Kg;167;95;5;95;2026-04-06;2026-08-24;5;1479.6405;708.3300;2416.6700;0.2622;100.0000;Alta
Frutas;Mercado Central de Buenos Aires;Entre Ríos;MANDARINA;Encore;$/Kg;166;58;4;58;2026-05-29;2026-08-24;4;847.0545;611.1100;1444.4400;0.2531;100.0000;Alta
Hortalizas;Mercado Central de Buenos Aires;(sin informar);ACELGA;Prom.Esp.;$/Kg;163;155;8;155;2026-01-02;2026-08-24;8;762.3378;430.0000;1137.5000;0.2057;100.0000;Alta
Hortalizas;Mercado Central de Buenos Aires;(sin informar);ACHICORIA;Prom.Esp.;$/Kg;163;155;8;155;2026-01-02;2026-08-24;8;629.8773;320.0000;5000.0000;0.6159;100.0000;Alta
Hortalizas;Mercado Central de Buenos Aires;(sin informar);AJO;Prom.Esp.;$/Kg;163;155;8;155;2026-01-02;2026-08-24;8;3082.5536;1571.6900;4303.9000;0.2407;100.0000;Alta
Hortalizas;Mercado Central de Buenos Aires;(sin informar);ALBAHACA;Prom.Esp.;$/Kg;163;155;8;155;2026-01-02;2026-08-24;8;488.1288;200.0000;975.0000;0.3450;100.0000;Alta
Hortalizas;Mercado Central de Buenos Aires;(sin informar);APIO;Prom.Esp.;$/Kg;163;155;8;155;2026-01-02;2026-08-24;8;1324.2104;1000.0000;2333.3400;0.2483;100.0000;Alta
Hortalizas;Mercado Central de Buenos Aires;(sin informar);BATATA;Prom.Esp.;$/Kg;163;155;8;155;2026-01-02;2026-08-24;8;1231.1596;938.3500;1673.9500;0.1813;100.0000;Alta
Hortalizas;Mercado Central de Buenos Aires;(sin informar);BERENJENA;Prom.Esp.;$/Kg;163;155;8;155;2026-01-02;2026-08-24;8;1021.6878;422.2200;2104.1700;0.4124;100.0000;Alta
Hortalizas;Mercado Central de Buenos Aires;(sin informar);BROCOLI;Prom.Esp.;$/Kg;163;155;8;155;2026-01-02;2026-08-24;8;1752.0769;862.5000;2900.0000;0.3353;100.0000;Alta
Hortalizas;Mercado Central de Buenos Aires;(sin informar);BROTE ALFA;Prom.Esp.;$/Kg;163;155;8;155;2026-01-02;2026-08-24;8;8966.2577;8000.0000;11000.0000;0.0776;100.0000;Alta
Hortalizas;Mercado Central de Buenos Aires;(sin informar);BROTE SOJA;Prom.Esp.;$/Kg;163;155;8;155;2026-01-02;2026-08-24;8;7505.5215;6000.0000;9000.0000;0.1259;100.0000;Alta
Hortalizas;Mercado Central de Buenos Aires;(sin informar);CEB VERDEO;Prom.Esp.;$/Kg;163;155;8;155;2026-01-02;2026-08-24;8;2781.8049;1300.0000;10566.7000;0.4151;100.0000;Alta
Hortalizas;Mercado Central de Buenos Aires;(sin informar);CEBOLLA;Prom.Esp.;$/Kg;163;155;8;155;2026-01-02;2026-08-24;8;672.4854;463.3300;1158.3300;0.2609;100.0000;Alta
Hortalizas;Mercado Central de Buenos Aires;(sin informar);HONGOS;Prom.Esp.;$/Kg;163;155;8;155;2026-01-02;2026-08-24;8;18548.3644;15650.0000;21375.0000;0.0826;100.0000;Alta
Hortalizas;Mercado Central de Buenos Aires;(sin informar);JENGIBRE;Prom.Esp.;$/Kg;163;155;8;155;2026-01-02;2026-08-24;8;3842.0245;2400.0000;27000.0000;0.5210;100.0000;Alta
Hortalizas;Mercado Central de Buenos Aires;(sin informar);LECHUGA;Prom.Esp.;$/Kg;163;155;8;155;2026-01-02;2026-08-24;8;1426.5787;816.2000;2711.6700;0.2565;100.0000;Alta
Hortalizas;Mercado Central de Buenos Aires;(sin informar);MENTA;Prom.Esp.;$/Kg;163;155;8;155;2026-01-02;2026-08-24;8;9357.6687;9000.0000;9700.0000;0.0225;100.0000;Alta
Hortalizas;Mercado Central de Buenos Aires;(sin informar);PAPA;Prom.Esp.;$/Kg;163;155;8;155;2026-01-02;2026-08-24;8;886.7685;567.3400;1549.3600;0.2814;100.0000;Alta
Hortalizas;Mercado Central de Buenos Aires;(sin informar);PEPINO;Prom.Esp.;$/Kg;163;155;8;155;2026-01-02;2026-08-24;8;975.4489;295.5600;2111.1100;0.5094;100.0000;Alta
Hortalizas;Mercado Central de Buenos Aires;(sin informar);PEREJIL;Prom.Esp.;$/Kg;163;155;8;155;2026-01-02;2026-08-24;8;1361.4622;933.3300;3400.0000;0.3787;100.0000;Alta
Hortalizas;Mercado Central de Buenos Aires;(sin informar);PIMIENTO;Prom.Esp.;$/Kg;163;155;8;155;2026-01-02;2026-08-24;8;1698.8024;924.6400;3410.0000;0.3640;100.0000;Alta
Hortalizas;Mercado Central de Buenos Aires;(sin informar);TOMATE;Prom.Esp.;$/Kg;163;155;8;155;2026-01-02;2026-08-24;8;1287.8474;471.8100;2411.7000;0.4316;100.0000;Alta
Hortalizas;Mercado Central de Buenos Aires;(sin informar);ZANAHORIA;Prom.Esp.;$/Kg;163;155;8;155;2026-01-02;2026-08-24;8;825.8218;656.1100;998.8900;0.1340;100.0000;Alta
Hortalizas;Mercado Central de Buenos Aires;(sin informar);ZAPALLITO;Prom.Esp.;$/Kg;163;155;8;155;2026-01-02;2026-08-24;8;933.5947;266.6700;2044.4400;0.5680;100.0000;Alta
Hortalizas;Mercado Central de Buenos Aires;(sin informar);ZAPALLO;Prom.Esp.;$/Kg;163;155;8;155;2026-01-02;2026-08-24;8;637.7307;389.8900;1181.6500;0.3908;100.0000;Alta
Hortalizas;Mercado Central de Buenos Aires;Brasil;BATATA;Arapey;$/Kg;163;155;8;155;2026-01-02;2026-08-24;8;1150.7055;850.0000;1450.0000;0.1620;100.0000;Alta
Hortalizas;Mercado Central de Buenos Aires;Brasil;JENGIBRE;(sin informar);$/Kg;163;155;8;155;2026-01-02;2026-08-24;8;3752.1472;2600.0000;27000.0000;0.4977;100.0000;Alta
Hortalizas;Mercado Central de Buenos Aires;Buenos Aires;ACHICORIA;(sin informar);$/Kg;163;155;8;155;2026-01-02;2026-08-24;8;629.8773;320.0000;5000.0000;0.6159;100.0000;Alta
Hortalizas;Mercado Central de Buenos Aires;Buenos Aires;BROTE ALFA;(sin informar);$/Kg;163;155;8;155;2026-01-02;2026-08-24;8;8966.2577;8000.0000;11000.0000;0.0776;100.0000;Alta
Hortalizas;Mercado Central de Buenos Aires;Buenos Aires;BROTE SOJA;(sin informar);$/Kg;163;155;8;155;2026-01-02;2026-08-24;8;7505.5215;6000.0000;9000.0000;0.1259;100.0000;Alta
Hortalizas;Mercado Central de Buenos Aires;Buenos Aires;HONGOS;Oyster;$/Kg;163;155;8;155;2026-01-02;2026-08-24;8;18846.6258;16000.0000;21000.0000;0.0827;100.0000;Alta
Hortalizas;Mercado Central de Buenos Aires;Buenos Aires;HONGOS;Portobelo;$/Kg;163;155;8;155;2026-01-02;2026-08-24;8;19607.3620;16000.0000;22000.0000;0.0793;100.0000;Alta
Hortalizas;Mercado Central de Buenos Aires;Buenos Aires;HONGOS;Shiitake;$/Kg;163;155;8;155;2026-01-02;2026-08-24;8;17976.6871;15500.0000;23000.0000;0.1270;100.0000;Alta
Hortalizas;Mercado Central de Buenos Aires;Buenos Aires;LECHUGA;Capuchina;$/Kg;163;155;8;155;2026-01-02;2026-08-24;8;1121.7796;666.6700;1750.0000;0.2847;100.0000;Alta
Hortalizas;Mercado Central de Buenos Aires;Buenos Aires;LECHUGA;Francesa;$/Kg;163;155;8;155;2026-01-02;2026-08-24;8;1237.6534;625.0000;2625.0000;0.3100;100.0000;Alta
Hortalizas;Mercado Central de Buenos Aires;Buenos Aires;MENTA;(sin informar);$/Kg;163;155;8;155;2026-01-02;2026-08-24;8;9357.6687;9000.0000;9700.0000;0.0225;100.0000;Alta
Hortalizas;Mercado Central de Buenos Aires;Buenos Aires;RUCULA;(sin informar);$/Kg;163;153;8;153;2026-01-02;2026-08-24;8;1962.3718;900.0000;3666.6700;0.3342;100.0000;Alta
Hortalizas;Mercado Central de Buenos Aires;(sin informar);ACUSAY;Prom.Esp.;$/Kg;162;154;8;154;2026-01-02;2026-08-24;8;822.8190;730.0000;950.0000;0.0551;100.0000;Alta
Hortalizas;Mercado Central de Buenos Aires;(sin informar);CHAUCHA;Prom.Esp.;$/Kg;162;154;8;154;2026-01-02;2026-08-24;8;1897.1706;1012.5000;3320.8400;0.3086;100.0000;Alta
Hortalizas;Mercado Central de Buenos Aires;(sin informar);CHOCLO;Prom.Esp.;$/Kg;162;154;8;154;2026-01-02;2026-08-24;8;1418.1531;516.6700;3866.6700;0.6184;100.0000;Alta
Hortalizas;Mercado Central de Buenos Aires;(sin informar);CIBOULLE;Prom.Esp.;$/Kg;162;154;8;154;2026-01-02;2026-08-24;8;10038.8889;9400.0000;11000.0000;0.0579;100.0000;Alta
Hortalizas;Mercado Central de Buenos Aires;(sin informar);CILANDRO;Prom.Esp.;$/Kg;162;154;8;154;2026-01-02;2026-08-24;8;9662.3457;9000.0000;10000.0000;0.0287;100.0000;Alta
Hortalizas;Mercado Central de Buenos Aires;(sin informar);CURCUMA;Prom.Esp.;$/Kg;162;154;8;154;2026-01-02;2026-08-24;8;4302.4691;2500.0000;5500.0000;0.1426;100.0000;Alta
Hortalizas;Mercado Central de Buenos Aires;(sin informar);ESCAROLA;Prom.Esp.;$/Kg;162;154;8;154;2026-01-02;2026-08-24;8;1241.9136;800.0000;1950.0000;0.2435;100.0000;Alta
Hortalizas;Mercado Central de Buenos Aires;(sin informar);ESPINACA;Prom.Esp.;$/Kg;162;154;8;154;2026-01-02;2026-08-24;8;1758.5185;1020.0000;2700.0000;0.2344;100.0000;Alta
Hortalizas;Mercado Central de Buenos Aires;(sin informar);HINOJO;Prom.Esp.;$/Kg;162;154;8;154;2026-01-02;2026-08-24;8;877.0370;640.0000;1000.0000;0.0991;100.0000;Alta
Hortalizas;Mercado Central de Buenos Aires;(sin informar);MANDIOCA;Prom.Esp.;$/Kg;162;154;8;154;2026-01-02;2026-08-24;8;647.1451;325.0000;800.0000;0.2092;100.0000;Alta
Hortalizas;Mercado Central de Buenos Aires;(sin informar);PUERRO;Prom.Esp.;$/Kg;162;154;8;154;2026-01-02;2026-08-24;8;2720.6790;2050.0000;4350.0000;0.1959;100.0000;Alta
Hortalizas;Mercado Central de Buenos Aires;(sin informar);RABANITO;Prom.Esp.;$/Kg;162;154;8;154;2026-01-02;2026-08-24;8;1910.3704;1400.0000;2800.0000;0.2320;100.0000;Alta
Hortalizas;Mercado Central de Buenos Aires;(sin informar);RADICHETA;Prom.Esp.;$/Kg;162;154;8;154;2026-01-02;2026-08-24;8;1564.6111;750.0000;3083.3400;0.2858;100.0000;Alta
Hortalizas;Mercado Central de Buenos Aires;Brasil;CURCUMA;Sin Varied;$/Kg;162;154;8;154;2026-01-02;2026-08-24;8;4330.8642;2500.0000;5500.0000;0.1414;100.0000;Alta
Hortalizas;Mercado Central de Buenos Aires;Buenos Aires;CIBOULLE;(sin informar);$/Kg;162;154;8;154;2026-01-02;2026-08-24;8;10038.8889;9400.0000;11000.0000;0.0579;100.0000;Alta
Hortalizas;Mercado Central de Buenos Aires;Buenos Aires;CILANDRO;(sin informar);$/Kg;162;154;8;154;2026-01-02;2026-08-24;8;9662.3457;9000.0000;10000.0000;0.0287;100.0000;Alta
Hortalizas;Mercado Central de Buenos Aires;Buenos Aires;ESCAROLA;Hoja Ancha;$/Kg;162;154;8;154;2026-01-02;2026-08-24;8;1138.5185;700.0000;1900.0000;0.2644;100.0000;Alta
Hortalizas;Mercado Central de Buenos Aires;Buenos Aires;ESCAROLA;Hoja Fina;$/Kg;162;154;8;154;2026-01-02;2026-08-24;8;1345.3086;880.0000;2000.0000;0.2290;100.0000;Alta
Hortalizas;Mercado Central de Buenos Aires;Buenos Aires;HINOJO;(sin informar);$/Kg;162;154;8;154;2026-01-02;2026-08-24;8;877.0370;640.0000;1000.0000;0.0991;100.0000;Alta
Hortalizas;Mercado Central de Buenos Aires;Buenos Aires;RABANITO;(sin informar);$/Kg;162;154;8;154;2026-01-02;2026-08-24;8;1910.3704;1400.0000;2800.0000;0.2320;100.0000;Alta
Hortalizas;Mercado Central de Buenos Aires;Buenos Aires;RADICHETA;1Er.Corte;$/Kg;162;154;8;154;2026-01-02;2026-08-24;8;1889.7126;933.3300;3666.6700;0.2821;100.0000;Alta
Hortalizas;Mercado Central de Buenos Aires;Buenos Aires;RADICHETA;2Do.Corte;$/Kg;162;154;8;154;2026-01-02;2026-08-24;8;1239.5062;566.6700;2500.0000;0.3005;100.0000;Alta
Hortalizas;Mercado Central de Buenos Aires;Misiones;MANDIOCA;(sin informar);$/Kg;162;154;8;154;2026-01-02;2026-08-24;8;647.1451;325.0000;800.0000;0.2092;100.0000;Alta
Hortalizas;Mercado Central de Buenos Aires;S.Bs.As.;CEBOLLA;Colorada;$/Kg;162;116;7;116;2026-02-09;2026-08-24;7;794.5988;575.0000;1150.0000;0.1737;100.0000;Alta
Hortalizas;Mercado Central de Buenos Aires;(sin informar);REMOLACHA;Prom.Esp.;$/Kg;161;153;8;153;2026-01-02;2026-08-24;8;819.5268;500.0000;1060.0000;0.1692;100.0000;Alta
Hortalizas;Mercado Central de Buenos Aires;(sin informar);REPOLLO;Prom.Esp.;$/Kg;161;153;8;153;2026-01-02;2026-08-24;8;614.6589;483.3300;788.0900;0.0962;100.0000;Alta
Hortalizas;Mercado Central de Buenos Aires;(sin informar);ROMERO;Prom.Esp.;$/Kg;161;153;8;153;2026-01-02;2026-08-24;8;9054.6584;8400.0000;9600.0000;0.0472;100.0000;Alta
Hortalizas;Mercado Central de Buenos Aires;(sin informar);RUCULA;Prom.Esp.;$/Kg;161;153;8;153;2026-01-02;2026-08-24;8;1966.2523;900.0000;3666.6700;0.3306;100.0000;Alta
Hortalizas;Mercado Central de Buenos Aires;(sin informar);SALVIA;Prom.Esp.;$/Kg;161;153;8;153;2026-01-02;2026-08-24;8;8583.8509;7400.0000;9500.0000;0.0745;100.0000;Alta
Hortalizas;Mercado Central de Buenos Aires;Buenos Aires;ROMERO;(sin informar);$/Kg;161;153;8;153;2026-01-02;2026-08-24;8;9054.6584;8400.0000;9600.0000;0.0472;100.0000;Alta
Hortalizas;Mercado Central de Buenos Aires;Buenos Aires;SALVIA;(sin informar);$/Kg;161;153;8;153;2026-01-02;2026-08-24;8;8583.8509;7400.0000;9500.0000;0.0745;100.0000;Alta
Frutas;Mercado Central de Buenos Aires;(sin informar);CIRUELA;Prom.Esp.;$/Kg;160;133;8;133;2026-01-02;2026-08-24;8;3671.7574;2050.0000;6666.6700;0.4421;100.0000;Alta
Frutas;Mercado Central de Buenos Aires;Entre Ríos;MANDARINA;Dancy;$/Kg;160;66;4;66;2026-05-18;2026-08-24;4;742.7085;555.5600;1055.5600;0.1812;100.0000;Alta
Hortalizas;Mercado Central de Buenos Aires;Buenos Aires;HONGOS;Agaricus;$/Kg;160;152;8;152;2026-01-02;2026-08-24;8;17725.0000;15000.0000;20000.0000;0.0788;100.0000;Alta
Hortalizas;Mercado Central de Buenos Aires;Mar del Plata;TOMATE;Perita;$/Kg;160;79;5;79;2026-01-07;2026-05-07;5;801.5621;388.8900;2222.2200;0.4404;100.0000;Alta
Hortalizas;Mercado Central de Buenos Aires;Mendoza;ZAPALLO;Tetsukab.;$/Kg;160;152;8;152;2026-01-07;2026-08-24;8;558.8189;416.6700;944.4400;0.2497;100.0000;Alta
Hortalizas;Mercado Central de Buenos Aires;San Pedro;BATATA;Beauregard;$/Kg;160;152;8;152;2026-01-07;2026-08-24;8;1751.4201;1181.8200;2363.6400;0.1531;100.0000;Alta
Frutas;Mercado Central de Buenos Aires;Salta;POMELO;Star Ruby;$/Kg;159;124;7;124;2026-02-13;2026-08-24;7;1308.8055;833.3300;2466.6700;0.2480;100.0000;Alta
Frutas;Mercado Central de Buenos Aires;(sin informar);MANDARINA;Prom.Esp.;$/Kg;158;131;7;131;2026-02-02;2026-08-24;7;935.5891;462.9600;2800.0000;0.6441;100.0000;Alta
Hortalizas;(sin informar);Mendoza;AJO MORADO CHINO;(sin informar);$/Kg;158;56;8;56;2026-01-02;2026-08-24;8;21227.8481;6000.0000;42000.0000;0.3221;100.0000;Alta
Hortalizas;(sin informar);Corrientes;TOMATE CHERRY;(sin informar);$/Kg;157;83;9;83;2026-01-05;2026-12-25;9;5284.7134;700.0000;36000.0000;1.0558;100.0000;Alta
Frutas;Mercado Central de Buenos Aires;Mar del Plata;FRUTILLA;(sin informar);$/Kg;156;112;6;112;2026-01-02;2026-06-19;6;11223.7179;4600.0000;31500.0000;0.5849;100.0000;Alta
Hortalizas;Mercado Central de Buenos Aires;(sin informar);PACK CHOY;Prom.Esp.;$/Kg;155;147;8;147;2026-01-02;2026-08-24;8;2608.8170;2166.6700;3166.6700;0.1009;100.0000;Alta
Hortalizas;Mercado Central de Buenos Aires;Buenos Aires;PACK CHOY;(sin informar);$/Kg;155;147;8;147;2026-01-02;2026-08-24;8;2608.8170;2166.6700;3166.6700;0.1009;100.0000;Alta
Frutas;Mercado Central de Buenos Aires;(sin informar);MAMON;Prom.Esp.;$/Kg;153;143;8;143;2026-01-02;2026-08-05;8;2288.1435;900.0000;3200.0000;0.2697;100.0000;Alta
Hortalizas;Mercado Central de Buenos Aires;(sin informar);OREGANO;Prom.Esp.;$/Kg;153;145;8;145;2026-01-02;2026-08-24;8;9391.5033;9000.0000;9600.0000;0.0199;100.0000;Alta
Hortalizas;Mercado Central de Buenos Aires;Buenos Aires;OREGANO;(sin informar);$/Kg;153;145;8;145;2026-01-02;2026-08-24;8;9391.5033;9000.0000;9600.0000;0.0199;100.0000;Alta
Frutas;Mercado Central de Buenos Aires;Salta;LIMON;Eureka;$/Kg;152;99;7;99;2026-02-27;2026-08-24;7;976.0930;647.0600;1611.1100;0.3105;100.0000;Alta
Hortalizas;Mercado Central de Buenos Aires;Salta;TOMATE;Redondo;$/Kg;152;64;5;64;2026-04-20;2026-08-24;5;1800.4387;500.0000;2555.5600;0.2699;100.0000;Alta
Frutas;Mercado Central de Buenos Aires;Mendoza;MELON;Rocio Miel;$/Kg;151;88;5;88;2026-01-02;2026-05-14;5;1905.2980;1100.0000;2700.0000;0.2398;100.0000;Alta
Hortalizas;Mercado Central de Buenos Aires;Buenos Aires;ALBAHACA;(sin informar);$/Kg;150;142;8;142;2026-01-02;2026-08-24;8;485.7333;200.0000;1000.0000;0.3692;100.0000;Alta
Frutas;Mercado Central de Buenos Aires;(sin informar);MEMBRILLO;Prom.Esp.;$/Kg;149;122;7;122;2026-02-20;2026-08-24;7;2149.8983;900.0000;3500.0000;0.1815;100.0000;Alta
Hortalizas;Mercado Central de Buenos Aires;(sin informar);ENDIBIA;Prom.Esp.;$/Kg;149;142;8;142;2026-01-02;2026-08-24;8;12418.7919;1900.0000;22500.0000;0.6163;100.0000;Alta
Hortalizas;Mercado Central de Buenos Aires;Buenos Aires;ENDIBIA;(sin informar);$/Kg;149;142;8;142;2026-01-02;2026-08-24;8;12418.7919;1900.0000;22500.0000;0.6163;100.0000;Alta
Hortalizas;Mercado Central de Buenos Aires;Mendoza;LECHUGA;Capuchina;$/Kg;149;143;8;143;2026-01-16;2026-08-24;8;1253.5799;808.3300;2000.0000;0.2334;100.0000;Alta
Frutas;Mercado Central de Buenos Aires;Chile;MANZANA;Red Delici;$/Kg;148;121;7;121;2026-01-02;2026-08-24;7;3555.9320;2722.2200;3777.7800;0.0517;100.0000;Alta
Hortalizas;Mercado Central de Buenos Aires;(sin informar);COLIFLOR;Prom.Esp.;$/Kg;148;140;8;140;2026-01-02;2026-08-24;8;1055.3849;526.6700;1800.0000;0.2966;100.0000;Alta
Hortalizas;Mercado Central de Buenos Aires;Salta;CHAUCHA;Rolliza;$/Kg;148;75;4;75;2026-05-04;2026-08-24;4;2313.9076;1500.0000;3250.0000;0.1734;100.0000;Alta
Frutas;Mercado Central de Buenos Aires;Corrientes;LIMON;Eureka;$/Kg;146;119;7;119;2026-02-23;2026-08-24;7;699.9623;500.0000;1111.1100;0.2594;100.0000;Alta
Hortalizas;Mercado Central de Buenos Aires;(sin informar);KALE;Prom.Esp.;$/Kg;146;138;8;138;2026-01-02;2026-08-24;8;1044.6575;330.0000;2000.0000;0.4280;100.0000;Alta
Hortalizas;Mercado Central de Buenos Aires;Buenos Aires;COLIFLOR;(sin informar);$/Kg;146;138;8;138;2026-01-02;2026-08-24;8;982.5115;526.6700;1666.6700;0.2706;100.0000;Alta
Hortalizas;Mercado Central de Buenos Aires;Buenos Aires;KALE;Crespo;$/Kg;146;138;8;138;2026-01-02;2026-08-24;8;1043.9726;330.0000;2000.0000;0.4281;100.0000;Alta
Frutas;Mercado Central de Buenos Aires;Entre Ríos;MANDARINA;Okitzu;$/Kg;141;55;4;55;2026-02-27;2026-05-21;4;573.0878;333.3300;1722.2200;0.3905;100.0000;Alta
Hortalizas;Mercado Central de Buenos Aires;Mendoza;ZAPALLO;Anc.Cokena;$/Kg;140;132;7;132;2026-02-03;2026-08-24;7;756.4762;433.3300;1566.6700;0.5492;100.0000;Alta
Hortalizas;Mercado Central de Buenos Aires;(sin informar);ARVEJA;Prom.Esp.;$/Kg;139;134;8;134;2026-01-02;2026-08-24;8;2476.1241;1137.5000;5750.0000;0.4332;100.0000;Alta
Hortalizas;Mercado Central de Buenos Aires;Mendoza;ZAPALLO;Anquito;$/Kg;138;131;7;131;2026-01-07;2026-07-23;7;472.0777;306.6700;1066.6700;0.4169;100.0000;Alta
Hortalizas;Mercado Central de Buenos Aires;(sin informar);BERRO;Prom.Esp.;$/Kg;135;129;8;129;2026-01-02;2026-08-24;8;2346.6667;1850.0000;2800.0000;0.1189;100.0000;Alta
Hortalizas;Mercado Central de Buenos Aires;Buenos Aires;BERRO;(sin informar);$/Kg;135;129;8;129;2026-01-02;2026-08-24;8;2346.6667;1850.0000;2800.0000;0.1189;100.0000;Alta
Frutas;Mercado Central de Buenos Aires;Grecia;KIWI;(sin informar);$/Kg;133;79;5;79;2026-01-02;2026-05-12;5;5709.1897;3777.7800;7800.0000;0.1762;100.0000;Alta
Hortalizas;Mercado Central de Buenos Aires;Brasil;PAPA;Agata;$/Kg;132;128;8;128;2026-01-02;2026-08-24;8;1105.4545;840.0000;1720.0000;0.2334;100.0000;Alta
Hortalizas;Mercado Central de Buenos Aires;Mendoza;PIMIENTO;Morron;$/Kg;132;76;5;76;2026-01-12;2026-05-07;5;1347.5758;800.0000;2600.0000;0.3172;100.0000;Alta
Frutas;Mercado Central de Buenos Aires;(sin informar);MANI;Prom.Esp.;$/Kg;131;130;7;130;2026-01-02;2026-07-23;7;3949.2366;2700.0000;7000.0000;0.3625;100.0000;Alta
Hortalizas;Mercado Central de Buenos Aires;Salta;PIMIENTO;Jalapeño;$/Kg;131;60;4;60;2026-05-27;2026-08-24;4;3362.5954;2750.0000;4750.0000;0.1776;100.0000;Alta
Hortalizas;Mercado Central de Buenos Aires;S.Bs.As.;ZAPALLO;Tetsukab.;$/Kg;130;122;7;122;2026-02-20;2026-08-24;7;585.0003;388.8900;944.4400;0.2666;100.0000;Alta
Frutas;(sin informar);Mendoza;KIWI;(sin informar);$/Kg;129;56;8;56;2026-01-05;2026-08-24;8;63674.4186;40000.0000;77000.0000;0.1083;100.0000;Alta
Frutas;Mercado Central de Buenos Aires;Chile;MANZANA;Granny Smi;$/Kg;128;101;6;101;2026-03-25;2026-08-24;6;3609.8104;3388.8900;3888.8900;0.0256;100.0000;Alta
Hortalizas;Mercado Central de Buenos Aires;Buenos Aires;LECHUGA;Morada;$/Kg;128;121;7;121;2026-01-02;2026-07-02;7;1755.6250;980.0000;4000.0000;0.3493;100.0000;Alta
Frutas;Mercado Central de Buenos Aires;(sin informar);PELON;Prom.Esp.;$/Kg;126;105;7;105;2026-01-02;2026-08-14;7;6304.3913;2197.2200;16750.0000;0.7079;100.0000;Alta
Hortalizas;Mercado Central de Buenos Aires;Chile;TOMATE;Redondo;$/Kg;126;60;4;60;2026-05-11;2026-08-07;4;2583.8189;1611.1100;2944.4400;0.1039;100.0000;Alta
Frutas;Mercado Central de Buenos Aires;(sin informar);NUEZ;Prom.Esp.;$/Kg;125;99;7;99;2026-01-02;2026-08-24;7;7617.6000;6600.0000;7800.0000;0.0514;100.0000;Alta
Frutas;Mercado Central de Buenos Aires;Entre Ríos;NARANJA;New Hall;$/Kg;125;98;6;98;2026-03-30;2026-08-24;6;798.6657;611.1100;1277.7800;0.1210;100.0000;Alta
Hortalizas;Mercado Central de Buenos Aires;Salta;TOMATE;Cherry;$/Kg;125;69;4;69;2026-05-13;2026-08-24;4;3090.5600;1280.0000;5800.0000;0.3408;100.0000;Alta
Frutas;Mercado Central de Buenos Aires;Entre Ríos;MANDARINA;Ellendale;$/Kg;124;40;3;40;2026-06-25;2026-08-24;3;696.2357;611.1100;888.8900;0.1171;100.0000;Alta
Frutas;Mercado Central de Buenos Aires;Colombia;BANANA;Cavendish;$/Kg;123;122;7;122;2026-01-02;2026-07-24;7;1382.1138;1150.0000;1700.0000;0.1082;100.0000;Alta
Frutas;Mercado Central de Buenos Aires;Jujuy;PALTA;Hass;$/Kg;123;96;5;96;2026-04-01;2026-08-24;5;4613.8211;3800.0000;6600.0000;0.1882;100.0000;Alta
Hortalizas;Mercado Central de Buenos Aires;Buenos Aires;ZAPALLITO;Redondo;$/Kg;123;75;4;75;2026-01-02;2026-04-24;4;489.4307;200.0000;1200.0000;0.5204;100.0000;Alta
Hortalizas;Mercado Central de Buenos Aires;Salta;CHOCLO;Amarillo;$/Kg;123;72;5;72;2026-04-27;2026-08-24;5;2170.4608;1066.6700;3866.6700;0.3080;100.0000;Alta
Hortalizas;Mercado Central de Buenos Aires;Salta;PEPINO;(sin informar);$/Kg;122;90;5;90;2026-04-13;2026-08-24;5;1204.4627;444.4400;2111.1100;0.3638;100.0000;Alta
Frutas;Mercado Central de Buenos Aires;Río Negro;MEMBRILLO;(sin informar);$/Kg;121;93;6;93;2026-03-20;2026-08-24;6;2459.5041;1700.0000;5000.0000;0.2097;100.0000;Alta
Hortalizas;(sin informar);Corrientes;OREGANO;(sin informar);$/Kg;121;78;9;78;2026-01-05;2026-12-25;9;5704.1322;1000.0000;12000.0000;0.4251;100.0000;Alta
Frutas;Mercado Central de Buenos Aires;San Juan;MELON;Rocio Miel;$/Kg;120;88;5;88;2026-01-02;2026-05-14;5;1996.6667;1300.0000;2800.0000;0.2171;100.0000;Alta
Frutas;Mercado Central de Buenos Aires;Brasil;UVA;Arra 15;$/Kg;119;93;6;93;2026-01-02;2026-08-24;6;7352.9412;5750.0000;8250.0000;0.0979;100.0000;Alta
Hortalizas;Mercado Central de Buenos Aires;Río Negro;CEBOLLA;Valenciana;$/Kg;119;111;6;111;2026-03-06;2026-08-24;6;704.8319;365.0000;1250.0000;0.3255;100.0000;Alta
Frutas;Mercado Central de Buenos Aires;Mendoza;UVA;Red Globe;$/Kg;118;99;5;99;2026-03-03;2026-07-30;5;3381.1667;1200.0000;5222.2200;0.4600;100.0000;Alta
Frutas;Mercado Central de Buenos Aires;Brasil;SANDIA;(sin informar);$/Kg;116;66;4;66;2026-05-08;2026-08-24;4;1603.3405;1200.0000;2000.0000;0.1372;100.0000;Alta
Frutas;Mercado Central de Buenos Aires;Salta;MANI;(sin informar);$/Kg;116;115;7;115;2026-01-02;2026-07-23;7;4076.7241;2800.0000;7000.0000;0.3607;100.0000;Alta
Hortalizas;(sin informar);Corrientes;CHAUCHA MUSICA;(sin informar);$/Kg;116;66;9;66;2026-01-05;2026-12-25;9;18318.9655;5000.0000;38000.0000;0.5082;100.0000;Alta
Hortalizas;(sin informar);Mendoza;TOMATE PERITA;(sin informar);$/Kg;115;43;6;43;2026-01-05;2026-06-08;6;22943.4783;12000.0000;40000.0000;0.2414;100.0000;Alta
Hortalizas;Mercado Central de Buenos Aires;(sin informar);NABO;Prom.Esp.;$/Kg;115;107;8;107;2026-01-23;2026-08-24;8;1133.8556;640.0000;1500.0000;0.2479;100.0000;Alta
Hortalizas;Mercado Central de Buenos Aires;Corrientes;ALBAHACA;(sin informar);$/Kg;115;107;6;107;2026-03-13;2026-08-24;6;544.7826;240.0000;950.0000;0.2819;100.0000;Alta
Hortalizas;Mercado Central de Buenos Aires;Buenos Aires;PEPINO;(sin informar);$/Kg;114;85;5;85;2026-01-02;2026-05-11;5;615.5554;166.6700;1533.3300;0.5585;100.0000;Alta
Frutas;Mercado Central de Buenos Aires;Río Negro;CIRUELA;Larry Anne;$/Kg;113;80;5;80;2026-02-04;2026-06-08;5;2519.6165;888.8900;2750.0000;0.0894;100.0000;Alta
Frutas;Mercado Central de Buenos Aires;(sin informar);HIGO;Prom.Esp.;$/Kg;112;111;6;111;2026-01-02;2026-06-25;6;10227.6786;7000.0000;15000.0000;0.1666;100.0000;Alta
Frutas;Mercado Central de Buenos Aires;Entre Ríos;ARANDANO;(sin informar);$/Kg;112;86;5;86;2026-01-02;2026-08-24;5;35672.6176;7000.0000;96666.7000;0.7748;100.0000;Alta
Frutas;Mercado Central de Buenos Aires;Jujuy;HIGO;(sin informar);$/Kg;112;111;6;111;2026-01-02;2026-06-25;6;10227.6786;7000.0000;15000.0000;0.1666;100.0000;Alta
Frutas;Mercado Central de Buenos Aires;Mendoza;NUEZ;(sin informar);$/Kg;112;86;6;86;2026-01-02;2026-08-24;6;7735.7143;7000.0000;7800.0000;0.0246;100.0000;Alta
Hortalizas;Mercado Central de Buenos Aires;(sin informar);RADICCHIO;Prom.Esp.;$/Kg;112;104;7;104;2026-01-02;2026-08-24;7;5119.6429;4000.0000;8000.0000;0.2610;100.0000;Alta
Hortalizas;(sin informar);Mendoza;LECHUGA REPOLLADA;(sin informar);$/Kg;109;50;8;50;2026-01-05;2026-08-24;8;18013.7615;12000.0000;37000.0000;0.3350;100.0000;Alta
Hortalizas;Mercado Central de Buenos Aires;Corrientes;BERENJENA;Vta.Med.La;$/Kg;109;102;6;102;2026-01-07;2026-07-27;6;1053.4408;450.0000;2000.0000;0.3936;100.0000;Alta
Frutas;Mercado Central de Buenos Aires;(sin informar);GRANADA;Prom.Esp.;$/Kg;108;103;7;103;2026-02-23;2026-08-03;7;5817.1296;3125.0000;8000.0000;0.2264;100.0000;Alta
Frutas;Mercado Central de Buenos Aires;Córdoba;GRANADA;(sin informar);$/Kg;108;103;7;103;2026-02-23;2026-08-03;7;5842.5926;3250.0000;8000.0000;0.2181;100.0000;Alta
Hortalizas;Mercado Central de Buenos Aires;(sin informar);ESPARRAGO;Prom.Esp.;$/Kg;108;105;8;105;2026-01-02;2026-08-24;8;12602.4385;1700.0000;17000.0000;0.3041;100.0000;Alta
Hortalizas;Mercado Central de Buenos Aires;Corrientes;CHAUCHA;Esmeralda;$/Kg;108;100;6;100;2026-03-25;2026-08-24;6;2061.2037;1000.0000;3500.0000;0.3254;100.0000;Alta
Hortalizas;Mercado Central de Buenos Aires;Corrientes;ZAPALLITO;Redondo;$/Kg;108;100;6;100;2026-03-25;2026-08-24;6;1083.0759;388.8900;2000.0000;0.4505;100.0000;Alta
Frutas;(sin informar);Corrientes;NARANJA OMBLIGO;(sin informar);$/Kg;106;43;6;43;2026-03-17;2026-08-24;6;14650.9434;10000.0000;40000.0000;0.2970;100.0000;Alta
Frutas;Mercado Central de Buenos Aires;Salta;NARANJA;Salustiana;$/Kg;106;79;5;79;2026-04-01;2026-08-24;5;806.0792;555.5600;1222.2200;0.2501;100.0000;Alta
Frutas;Mercado Central de Buenos Aires;Río Negro;CIRUELA;Blackamber;$/Kg;105;54;3;54;2026-01-02;2026-03-20;3;2397.6184;1750.0000;3250.0000;0.1761;100.0000;Alta
Hortalizas;(sin informar);Corrientes;LECHUGA MANTECOSA;(sin informar);$/Kg;105;53;6;53;2026-03-26;2026-08-25;6;9723.8095;5000.0000;18000.0000;0.2257;100.0000;Alta
Hortalizas;Mercado Central de Buenos Aires;Mendoza;REPOLLO;Colorado;$/Kg;105;103;7;103;2026-01-16;2026-08-24;7;755.3172;600.0000;933.3300;0.1261;100.0000;Alta
Hortalizas;Mercado Central de Buenos Aires;San Pedro;BATATA;Arapey;$/Kg;104;97;5;97;2026-02-03;2026-06-30;5;756.2125;653.8500;884.6200;0.0795;100.0000;Alta
Frutas;Mercado Central de Buenos Aires;(sin informar);DURAZNO;Prom.Esp.;$/Kg;103;88;6;88;2026-01-02;2026-08-10;6;3964.5068;1902.4600;8600.0000;0.6015;100.0000;Alta
Hortalizas;Mercado Central de Buenos Aires;(sin informar);TOMILLO;Prom.Esp.;$/Kg;103;96;6;96;2026-01-02;2026-08-24;6;9809.7087;8500.0000;12000.0000;0.0890;100.0000;Alta
Hortalizas;Mercado Central de Buenos Aires;Buenos Aires;TOMILLO;(sin informar);$/Kg;103;96;6;96;2026-01-02;2026-08-24;6;9809.7087;8500.0000;12000.0000;0.0890;100.0000;Alta
Frutas;Mercado Central de Buenos Aires;Formosa;MAMON;(sin informar);$/Kg;102;92;6;92;2026-03-02;2026-08-05;6;1912.6074;1300.0000;2600.0000;0.1919;100.0000;Alta
Frutas;Mercado Central de Buenos Aires;Entre Ríos;MANDARINA;Nova;$/Kg;101;74;5;74;2026-04-27;2026-08-24;5;581.4089;500.0000;944.4400;0.1596;100.0000;Alta
Hortalizas;Mercado Central de Buenos Aires;Mendoza;BROCOLI;(sin informar);$/Kg;100;93;5;93;2026-04-07;2026-08-24;5;2187.5000;1162.5000;3000.0000;0.2485;100.0000;Alta
Hortalizas;Mercado Central de Buenos Aires;Buenos Aires;CHAUCHA;Rolliza;$/Kg;99;96;7;96;2026-01-02;2026-08-21;7;1650.2525;1100.0000;2200.0000;0.1848;100.0000;Alta
Frutas;Mercado Central de Buenos Aires;(sin informar);KAKI;Prom.Esp.;$/Kg;98;79;6;79;2026-03-16;2026-08-12;6;4497.8318;3737.5000;9333.3300;0.2472;100.0000;Alta
Frutas;Mercado Central de Buenos Aires;(sin informar);PITAHAYA;Prom.Esp.;$/Kg;98;97;6;97;2026-02-27;2026-07-31;6;13651.0204;6200.0000;20000.0000;0.3188;100.0000;Alta
Frutas;Mercado Central de Buenos Aires;Corrientes;NARANJA;Salustiana;$/Kg;98;72;4;72;2026-05-08;2026-08-24;4;556.1226;500.0000;666.6700;0.0999;100.0000;Alta
Frutas;Mercado Central de Buenos Aires;Ecuador;ANANA;(sin informar);$/Kg;98;97;5;97;2026-01-02;2026-05-28;5;2452.9470;2222.2200;2666.6700;0.0337;100.0000;Alta
Frutas;Mercado Central de Buenos Aires;Ecuador;PITAHAYA;(sin informar);$/Kg;98;97;6;97;2026-02-27;2026-07-31;6;13771.4286;6200.0000;20000.0000;0.3118;100.0000;Alta
Frutas;Mercado Central de Buenos Aires;Mar del Plata;KIWI;(sin informar);$/Kg;98;42;3;42;2026-02-20;2026-04-24;3;4014.2857;2500.0000;5400.0000;0.2161;100.0000;Alta
Hortalizas;Mercado Central de Buenos Aires;Mendoza;COLIFLOR;(sin informar);$/Kg;98;90;6;90;2026-03-17;2026-08-24;6;1301.0205;733.3300;1933.3300;0.2351;100.0000;Alta
Hortalizas;Mercado Central de Buenos Aires;(sin informar);REP BRUSEL;Prom.Esp.;$/Kg;97;89;7;89;2026-02-23;2026-08-24;7;2824.7423;2125.0000;4500.0000;0.1970;100.0000;Alta
Hortalizas;Mercado Central de Buenos Aires;Sgo.Est.;REMOLACHA;(sin informar);$/Kg;97;53;4;53;2026-03-10;2026-08-24;4;918.4537;200.0000;1133.3300;0.1461;100.0000;Alta
Frutas;Mercado Central de Buenos Aires;Entre Ríos;MANDARINA;Afourer;$/Kg;96;51;4;51;2026-05-22;2026-08-24;4;780.6717;500.0000;1222.2200;0.2488;100.0000;Alta
Frutas;(sin informar);Mendoza;UVA ROSADA;(sin informar);$/Kg;95;52;8;52;2026-01-12;2026-08-24;8;43115.7895;20000.0000;76000.0000;0.3753;100.0000;Alta
Frutas;Mercado Central de Buenos Aires;Brasil;ANANA;(sin informar);$/Kg;95;95;7;95;2026-01-02;2026-07-14;7;2195.3216;1888.8900;2444.4400;0.0692;100.0000;Alta
Frutas;Mercado Central de Buenos Aires;Brasil;MELON;Amarillo;$/Kg;95;69;4;69;2026-05-13;2026-08-24;4;2606.1411;1916.6700;2750.0000;0.1061;100.0000;Alta
Frutas;Mercado Central de Buenos Aires;Río Negro;PELON;Caldessi;$/Kg;95;51;3;51;2026-01-12;2026-03-31;3;2591.2278;2083.3300;3500.0000;0.1662;100.0000;Alta
Frutas;Mercado Central de Buenos Aires;Tucumán;PALTA;Lula;$/Kg;95;94;6;94;2026-01-29;2026-06-25;6;2986.8421;1875.0000;4500.0000;0.1931;100.0000;Alta
Hortalizas;Mercado Central de Buenos Aires;Corrientes;PIMIENTO;Vinagre;$/Kg;95;87;6;87;2026-02-20;2026-08-20;6;1700.7895;1125.0000;2125.0000;0.1626;100.0000;Alta
Hortalizas;Mercado Central de Buenos Aires;Córdoba;BATATA;Arapey;$/Kg;94;87;6;87;2026-01-02;2026-08-24;6;872.9144;646.1500;1076.9200;0.1414;100.0000;Alta
Frutas;(sin informar);Corrientes;FRUTILLA;(sin informar);$/Kg;92;31;4;31;2026-06-15;2026-12-25;4;22489.1304;10000.0000;55000.0000;0.4793;100.0000;Alta
Frutas;(sin informar);Mendoza;CIRUELA;(sin informar);$/Kg;92;52;8;52;2026-01-05;2026-08-25;8;41391.3043;20000.0000;78000.0000;0.3319;100.0000;Alta
Frutas;Mercado Central de Buenos Aires;Italia;KIWI;(sin informar);$/Kg;92;57;3;57;2026-01-02;2026-03-27;3;6469.3237;5200.0000;8777.7800;0.1671;100.0000;Alta
Hortalizas;(sin informar);Misiones;MANDIOCA MISIONERA;(sin informar);$/Kg;92;52;7;52;2026-02-09;2026-08-24;7;13043.4783;8000.0000;23000.0000;0.2435;100.0000;Alta
Hortalizas;Mercado Central de Buenos Aires;Mendoza;REPOLLO;Blanco;$/Kg;91;89;6;89;2026-01-16;2026-08-24;6;652.7469;533.3300;800.0000;0.1238;100.0000;Alta
Hortalizas;Mercado Central de Buenos Aires;Corrientes;ZAPALLITO;Largo;$/Kg;90;83;5;83;2026-03-12;2026-07-17;5;1110.9628;386.6700;2200.0000;0.4528;100.0000;Alta
Frutas;(sin informar);Corrientes;NARANJA VALENCIA LATE;(sin informar);$/Kg;89;46;8;46;2026-01-12;2026-08-24;8;17179.7753;7000.0000;32000.0000;0.3451;100.0000;Alta
Frutas;Mercado Central de Buenos Aires;(sin informar);MBURUCUYA;Prom.Esp.;$/Kg;89;88;6;88;2026-01-02;2026-07-16;6;4463.8588;2700.0000;11000.0000;0.4009;100.0000;Alta
Frutas;(sin informar);Río Negro;MANZANA R DELICIUS COMERCIAL;(sin informar);$/Kg;88;42;9;42;2026-01-02;2026-12-25;9;35465.9091;20000.0000;62000.0000;0.2078;100.0000;Alta
Frutas;Mercado Central de Buenos Aires;(sin informar);FRAMBUESA;Prom.Esp.;$/Kg;88;87;6;87;2026-01-02;2026-06-25;6;28875.0080;16000.0000;52333.4000;0.4596;100.0000;Alta
Frutas;Mercado Central de Buenos Aires;Tucumán;FRUTILLA;(sin informar);$/Kg;88;60;4;60;2026-05-26;2026-08-24;4;11831.8182;5500.0000;36000.0000;0.5870;100.0000;Alta
Hortalizas;Mercado Central de Buenos Aires;(sin informar);ALCAUCIL;Prom.Esp.;$/Kg;88;80;5;80;2026-04-23;2026-08-24;5;3370.8355;2500.0000;4666.6700;0.1508;100.0000;Alta
Hortalizas;Mercado Central de Buenos Aires;Corrientes;PEPINO;(sin informar);$/Kg;88;80;5;80;2026-04-15;2026-08-24;5;1275.5678;500.0000;2111.1100;0.3372;100.0000;Alta
Frutas;Mercado Central de Buenos Aires;Mendoza;CIRUELA;Santa Rosa;$/Kg;87;46;3;46;2026-01-02;2026-03-10;3;2103.4498;1750.0000;2416.6700;0.1087;100.0000;Alta
Frutas;Mercado Central de Buenos Aires;San Juan;UVA;Red Globe;$/Kg;87;86;5;86;2026-01-07;2026-05-15;5;2145.9770;1500.0000;2700.0000;0.1687;100.0000;Alta
Hortalizas;Mercado Central de Buenos Aires;Buenos Aires;CHAUCHA;Española;$/Kg;87;86;5;86;2026-01-02;2026-05-12;5;1155.7471;800.0000;1800.0000;0.2616;100.0000;Alta
Hortalizas;Mercado Central de Buenos Aires;Buenos Aires;NABO;Blanco;$/Kg;87;79;5;79;2026-04-28;2026-08-24;5;1275.0964;1066.6700;1500.0000;0.1154;100.0000;Alta
Hortalizas;Mercado Central de Buenos Aires;Mendoza;RADICCHIO;(sin informar);$/Kg;87;79;5;79;2026-04-28;2026-08-24;5;4413.7931;4000.0000;4800.0000;0.0462;100.0000;Alta
Hortalizas;Mercado Central de Buenos Aires;Perú;ESPARRAGO;Verde;$/Kg;87;84;6;84;2026-01-02;2026-08-24;6;14760.4598;1700.0000;20000.0000;0.2715;100.0000;Alta
Frutas;Mercado Central de Buenos Aires;Corrientes;MBURUCUYA;(sin informar);$/Kg;86;85;5;85;2026-03-09;2026-07-16;5;4353.2957;2700.0000;11000.0000;0.4228;100.0000;Alta
Hortalizas;(sin informar);Mendoza;CEBOLLA SINTETICA 14;(sin informar);$/Kg;86;48;8;48;2026-01-05;2026-08-24;8;14412.7907;7000.0000;85000.0000;0.6483;100.0000;Alta
Frutas;Mercado Central de Buenos Aires;Entre Ríos;POMELO;Blanco;$/Kg;85;59;4;59;2026-05-28;2026-08-24;4;634.8585;500.0000;3111.1100;0.4319;100.0000;Alta
Frutas;Mercado Central de Buenos Aires;Brasil;KAKI;(sin informar);$/Kg;84;65;4;65;2026-05-08;2026-08-12;4;4124.1071;3875.0000;4500.0000;0.0448;100.0000;Alta
Hortalizas;Mercado Central de Buenos Aires;Mar del Plata;REP BRUSEL;(sin informar);$/Kg;84;76;6;76;2026-02-23;2026-08-24;6;2875.0000;2300.0000;4500.0000;0.1992;100.0000;Alta
Frutas;Mercado Central de Buenos Aires;Ecuador;ANANA;Piña;$/Kg;83;57;4;57;2026-05-29;2026-08-24;4;3270.0804;2090.9100;4666.6700;0.3365;100.0000;Alta
Hortalizas;Mercado Central de Buenos Aires;Buenos Aires;ALCAUCIL;Violeta;$/Kg;83;76;5;76;2026-04-23;2026-08-24;5;3610.0402;2666.6700;4666.6700;0.1429;100.0000;Alta
Hortalizas;Mercado Central de Buenos Aires;Buenos Aires;ALCAUCIL;Ñ. Frances;$/Kg;82;74;5;74;2026-04-29;2026-08-18;5;3144.3087;2333.3300;4000.0000;0.1403;100.0000;Alta
Hortalizas;Mercado Central de Buenos Aires;Jujuy;ZAPALLITO;Largo;$/Kg;81;74;5;74;2026-04-27;2026-08-24;5;1125.8435;500.0000;1933.3300;0.4132;100.0000;Alta
Hortalizas;Mercado Central de Buenos Aires;Mar del Plata;ZANAHORIA;Chantenay;$/Kg;81;80;5;80;2026-01-02;2026-05-05;5;768.0247;580.0000;1000.0000;0.1930;100.0000;Alta
Frutas;(sin informar);Río Negro;MANZANA R DELICIUS ELEGIDA;(sin informar);$/Kg;80;43;9;43;2026-01-02;2026-12-25;9;46750.0000;20000.0000;70000.0000;0.2437;100.0000;Alta
Hortalizas;Mercado Central de Buenos Aires;Salta;ZAPALLITO;Largo;$/Kg;80;69;4;69;2026-05-13;2026-08-24;4;1265.9724;555.5600;2277.7800;0.4308;100.0000;Alta
Frutas;Mercado Central de Buenos Aires;Buenos Aires;FRUTILLA;(sin informar);$/Kg;79;74;8;74;2026-01-02;2026-08-03;8;5579.7468;2400.0000;15600.0000;0.6370;100.0000;Alta
Frutas;Mercado Central de Buenos Aires;Chile;ARANDANO;(sin informar);$/Kg;79;79;5;79;2026-01-02;2026-06-01;5;28388.1772;13333.3000;96666.7000;0.6692;100.0000;Alta
Frutas;Mercado Central de Buenos Aires;Entre Ríos;LIMA;(sin informar);$/Kg;79;62;4;62;2026-05-08;2026-08-11;4;1382.4529;1166.6700;1647.0600;0.0504;100.0000;Alta
Frutas;Mercado Central de Buenos Aires;Brasil;MAMON;(sin informar);$/Kg;78;78;4;78;2026-01-02;2026-04-29;4;2948.7179;900.0000;3600.0000;0.1291;100.0000;Alta
Hortalizas;(sin informar);Corrientes;BROCOLI;(sin informar);$/Kg;78;35;4;35;2026-05-07;2026-08-25;4;21000.0000;1500.0000;36000.0000;0.3225;100.0000;Alta
Hortalizas;Mercado Central de Buenos Aires;Mar del Plata;CHOCLO;Amarillo;$/Kg;77;76;4;76;2026-02-02;2026-05-28;4;892.7270;600.0000;1733.3300;0.3090;100.0000;Alta
Hortalizas;Mercado Central de Buenos Aires;Mendoza;TOMATE;Cherry;$/Kg;77;77;4;77;2026-01-02;2026-04-30;4;1678.3117;1000.0000;2500.0000;0.2635;100.0000;Alta
Hortalizas;Mercado Central de Buenos Aires;S.Bs.As.;CEBOLLA;Blanca;$/Kg;77;70;4;70;2026-04-08;2026-07-21;4;758.7662;600.0000;875.0000;0.0875;100.0000;Alta
Hortalizas;Mercado Central de Buenos Aires;Corrientes;PIMIENTO;Jalapeño;$/Kg;76;61;4;61;2026-05-26;2026-08-24;4;2976.6447;2600.0000;3600.0000;0.0827;100.0000;Alta
Frutas;Mercado Central de Buenos Aires;(sin informar);KUMQUAT;Prom.Esp.;$/Kg;75;49;3;49;2026-06-10;2026-08-24;3;3418.0000;2500.0000;28000.0000;1.1987;100.0000;Alta
Frutas;Mercado Central de Buenos Aires;Corrientes;FRUTILLA;(sin informar);$/Kg;75;43;3;43;2026-06-22;2026-08-24;3;9161.3333;6000.0000;19000.0000;0.3611;100.0000;Alta
Frutas;Mercado Central de Buenos Aires;Entre Ríos;MANDARINA;Criolla;$/Kg;75;44;3;44;2026-04-27;2026-06-30;3;807.4072;555.5600;1166.6700;0.2289;100.0000;Alta
Frutas;Mercado Central de Buenos Aires;Río Negro;MANZANA;Kissabel;$/Kg;75;63;4;63;2026-05-04;2026-08-06;4;3413.3333;3000.0000;6300.0000;0.1299;100.0000;Alta
Hortalizas;Mercado Central de Buenos Aires;Buenos Aires;CHAUCHA;Balina;$/Kg;75;75;4;75;2026-01-02;2026-04-24;4;1568.8000;1000.0000;2100.0000;0.1839;100.0000;Alta
Hortalizas;Mercado Central de Buenos Aires;Buenos Aires;ZAPALLO;Anquito;$/Kg;75;70;5;70;2026-02-19;2026-06-04;5;264.3333;220.0000;300.0000;0.0922;100.0000;Alta
Frutas;Mercado Central de Buenos Aires;Salta;MELON;Rocio Miel;$/Kg;74;56;4;56;2026-03-13;2026-06-23;4;2281.0811;2000.0000;2800.0000;0.1053;100.0000;Alta
Hortalizas;Mercado Central de Buenos Aires;Brasil;CEBOLLA;Colorada;$/Kg;74;73;5;73;2026-01-16;2026-05-07;5;805.7432;650.0000;950.0000;0.1043;100.0000;Alta
Frutas;Mercado Central de Buenos Aires;Mendoza;UVA;Superior;$/Kg;73;73;4;73;2026-01-09;2026-04-29;4;2384.9315;2100.0000;2800.0000;0.0924;100.0000;Alta
Hortalizas;Mercado Central de Buenos Aires;Buenos Aires;PIMIENTO;Vinagre;$/Kg;73;73;4;73;2026-01-02;2026-04-23;4;1293.3219;937.5000;1625.0000;0.1318;100.0000;Alta
Hortalizas;Mercado Central de Buenos Aires;V.Dolor.;PAPA;Spunta;$/Kg;73;72;6;72;2026-01-02;2026-08-24;6;910.8819;444.4400;1500.0000;0.3825;100.0000;Alta
Frutas;Mercado Central de Buenos Aires;Brasil;UVA;Autumn Cri;$/Kg;72;46;4;46;2026-01-02;2026-08-24;4;8338.5417;7250.0000;9500.0000;0.0586;100.0000;Alta
Hortalizas;Mercado Central de Buenos Aires;Jujuy;ZAPALLITO;Redondo;$/Kg;72;65;4;65;2026-04-17;2026-07-23;4;1400.3704;566.6700;2200.0000;0.3654;100.0000;Alta
Frutas;Mercado Central de Buenos Aires;Río Negro;CIRUELA;Angeleno;$/Kg;71;50;4;50;2026-02-20;2026-05-08;4;2392.9577;2100.0000;2900.0000;0.0889;100.0000;Alta
Hortalizas;(sin informar);Jujuy;TOMATE PERITA;(sin informar);$/Kg;71;46;9;46;2026-01-02;2026-12-25;9;24802.8169;14000.0000;38000.0000;0.2279;100.0000;Alta
Hortalizas;Mercado Central de Buenos Aires;Mendoza;PEPINO;(sin informar);$/Kg;71;71;4;71;2026-01-06;2026-04-28;4;684.5073;366.6700;1533.3300;0.4294;100.0000;Alta
Frutas;Mercado Central de Buenos Aires;Buenos Aires;SANDIA;(sin informar);$/Kg;70;69;5;69;2026-01-22;2026-05-07;5;625.8571;520.0000;750.0000;0.0861;100.0000;Alta
Hortalizas;(sin informar);Corrientes;BATATA COLORADA;(sin informar);$/Kg;70;47;9;47;2026-01-08;2026-12-25;9;8142.8571;6000.0000;14000.0000;0.2284;100.0000;Alta
Hortalizas;(sin informar);Mendoza;REPOLLO BLANCO;(sin informar);$/Kg;70;45;8;45;2026-01-05;2026-08-24;8;16142.8571;2000.0000;30000.0000;0.5332;100.0000;Alta
Frutas;Mercado Central de Buenos Aires;Egipto;POMELO;Star Ruby;$/Kg;69;69;4;69;2026-01-02;2026-04-16;4;2451.2081;1866.6700;2866.6700;0.1363;100.0000;Alta
Frutas;Mercado Central de Buenos Aires;Entre Ríos;KUMQUAT;(sin informar);$/Kg;69;48;3;48;2026-06-10;2026-08-24;3;3488.4058;2500.0000;28000.0000;1.2233;100.0000;Alta
Frutas;Mercado Central de Buenos Aires;Formosa;BANANA;Nanika;$/Kg;69;43;7;43;2026-01-16;2026-08-24;7;949.2759;636.3600;2090.9100;0.3067;100.0000;Alta
Frutas;Mercado Central de Buenos Aires;Buenos Aires;KAKI;(sin informar);$/Kg;68;68;5;68;2026-03-16;2026-07-28;5;4697.0591;3600.0000;9333.3300;0.2778;100.0000;Alta
Hortalizas;Mercado Central de Buenos Aires;Jujuy;BERENJENA;Vta.Med.La;$/Kg;68;61;4;61;2026-05-26;2026-08-24;4;1263.2351;666.6700;1916.6700;0.2589;100.0000;Alta
Hortalizas;Mercado Central de Buenos Aires;Santa Fe;LECHUGA;Capuchina;$/Kg;68;64;4;64;2026-05-15;2026-08-24;4;1451.3479;791.6700;2250.0000;0.2198;100.0000;Alta
Frutas;Mercado Central de Buenos Aires;(sin informar);TUNA;Prom.Esp.;$/Kg;67;67;4;67;2026-01-12;2026-04-22;4;2621.6418;1800.0000;3600.0000;0.2325;100.0000;Alta
Frutas;Mercado Central de Buenos Aires;Brasil;UVA;Red Globe;$/Kg;66;40;3;40;2026-01-02;2026-08-24;3;7274.6212;5625.0000;8125.0000;0.1256;100.0000;Alta
Frutas;Mercado Central de Buenos Aires;Corrientes;PALTA;Hass;$/Kg;66;40;3;40;2026-06-25;2026-08-24;3;7139.3939;3800.0000;7800.0000;0.1755;100.0000;Alta
Frutas;Mercado Central de Buenos Aires;Israel;POMELO;Star Ruby;$/Kg;65;65;4;65;2026-01-09;2026-04-17;4;2528.2051;1733.3300;3000.0000;0.1597;100.0000;Alta
Frutas;Mercado Central de Buenos Aires;San Juan;UVA;Superior;$/Kg;65;65;4;65;2026-01-02;2026-04-10;4;2490.7692;2100.0000;2900.0000;0.0908;100.0000;Alta
Frutas;Mercado Central de Buenos Aires;Tucumán;PALTA;Hass;$/Kg;65;39;3;39;2026-06-26;2026-08-24;3;4170.7692;4100.0000;4300.0000;0.0145;100.0000;Alta
Hortalizas;(sin informar);Corrientes;APIO DE HOJA;(sin informar);$/Kg;65;49;9;49;2026-01-05;2026-12-25;9;13030.7692;1000.0000;25000.0000;0.5555;100.0000;Alta
Hortalizas;Mercado Central de Buenos Aires;Córdoba;PAPA;Spunta;$/Kg;65;64;4;64;2026-01-02;2026-08-24;4;876.7168;283.3300;1500.0000;0.4885;100.0000;Alta
Frutas;Mercado Central de Buenos Aires;Chile;UVA;Autumn Cri;$/Kg;64;63;6;63;2026-01-30;2026-06-17;6;5369.1406;2375.0000;6000.0000;0.1127;100.0000;Alta
Frutas;Mercado Central de Buenos Aires;Corrientes;MANDARINA;Nova;$/Kg;64;49;4;49;2026-05-08;2026-08-24;4;551.2148;444.4400;666.6700;0.1735;100.0000;Alta
Hortalizas;(sin informar);Mendoza;BROCOLI;(sin informar);$/Kg;64;40;8;40;2026-01-05;2026-08-24;8;21062.5000;2500.0000;38000.0000;0.4761;100.0000;Alta
Hortalizas;Mercado Central de Buenos Aires;(sin informar);HABA;Prom.Esp.;$/Kg;64;63;6;63;2026-01-12;2026-08-24;6;1852.8320;1125.0000;4625.0000;0.3890;100.0000;Alta
Hortalizas;Mercado Central de Buenos Aires;Buenos Aires;ZANAHORIA;Chantenay;$/Kg;64;64;4;64;2026-01-02;2026-04-09;4;733.5938;530.0000;950.0000;0.2015;100.0000;Alta
Frutas;(sin informar);Corrientes;MANDARINA CRIOLLA;(sin informar);$/Kg;63;30;6;30;2026-03-12;2026-12-25;6;12793.6508;7000.0000;22000.0000;0.1847;100.0000;Alta
Frutas;Mercado Central de Buenos Aires;Mendoza;DURAZNO;Chato;$/Kg;63;44;3;44;2026-01-07;2026-03-13;3;3189.0589;1375.0000;7428.5700;0.4467;100.0000;Alta
Hortalizas;(sin informar);Jujuy;TOMATE REDONDO;(sin informar);$/Kg;63;39;8;39;2026-01-02;2026-12-25;8;27682.5397;14000.0000;38000.0000;0.2225;100.0000;Alta
Hortalizas;Mercado Central de Buenos Aires;Buenos Aires;ZAPALLITO;Largo;$/Kg;63;63;4;63;2026-01-02;2026-04-09;4;499.8948;300.0000;880.0000;0.3795;100.0000;Alta
Frutas;Mercado Central de Buenos Aires;Chile;UVA;T.Seedless;$/Kg;62;61;4;61;2026-03-06;2026-06-08;4;5453.4071;4555.5600;5888.8900;0.0762;100.0000;Alta
Hortalizas;Mercado Central de Buenos Aires;Brasil;PAPA;Asterix;$/Kg;62;62;4;62;2026-01-02;2026-04-07;4;929.8710;880.0000;1040.0000;0.0483;100.0000;Alta
Hortalizas;Mercado Central de Buenos Aires;Se Bs.As;PAPA;Donata;$/Kg;62;57;4;57;2026-03-06;2026-06-22;4;980.0806;825.0000;1250.0000;0.1300;100.0000;Alta
Frutas;Mercado Central de Buenos Aires;Mendoza;MEMBRILLO;(sin informar);$/Kg;61;60;4;60;2026-04-08;2026-07-06;4;1428.0505;1277.7800;1500.0000;0.0504;100.0000;Alta
Hortalizas;Mercado Central de Buenos Aires;S.Bs.As.;ZAPALLO;Plomo;$/Kg;61;54;3;54;2026-04-08;2026-06-25;3;660.1639;580.0000;750.0000;0.0521;100.0000;Alta
Hortalizas;Mercado Central de Buenos Aires;Corrientes;BERENJENA;Jaspeada;$/Kg;60;53;3;53;2026-04-10;2026-06-26;3;1136.1115;750.0000;1416.6700;0.1817;100.0000;Alta
Hortalizas;Mercado Central de Buenos Aires;Salta;PIMIENTO;Vinagre;$/Kg;60;55;3;55;2026-06-03;2026-08-24;3;1462.5000;1200.0000;1800.0000;0.1163;100.0000;Alta
Hortalizas;Mercado Central de Buenos Aires;Sgo.Est.;BATATA;Colorada;$/Kg;60;54;3;54;2026-05-05;2026-07-23;3;537.0378;500.0000;611.1100;0.0635;100.0000;Alta
Frutas;Mercado Central de Buenos Aires;España;NARANJA;Navelina;$/Kg;59;59;3;59;2026-01-02;2026-03-31;3;2774.0110;1866.6700;3400.0000;0.2035;100.0000;Alta
Frutas;Mercado Central de Buenos Aires;Tucumán;PALTA;Torres;$/Kg;59;44;3;44;2026-01-09;2026-08-24;3;3274.5763;2400.0000;4400.0000;0.2079;100.0000;Alta
Hortalizas;(sin informar);Corrientes;ACHICORIA;(sin informar);$/Kg;59;46;9;46;2026-01-05;2026-12-25;9;5000.0000;1500.0000;12000.0000;0.3301;100.0000;Alta
Frutas;Mercado Central de Buenos Aires;Chubut;CEREZA;Royal Dawn;$/Kg;57;34;3;34;2026-01-13;2026-03-03;3;8587.7193;6900.0000;11600.0000;0.1504;100.0000;Alta
Hortalizas;(sin informar);Corrientes;ZAPALLITO ZUCHINI;(sin informar);$/Kg;57;33;6;33;2026-02-23;2026-07-16;6;17070.1754;4000.0000;30000.0000;0.5132;100.0000;Alta
Hortalizas;Mercado Central de Buenos Aires;Jujuy;ARVEJA;(sin informar);$/Kg;57;56;4;56;2026-05-20;2026-08-24;4;2709.4298;1375.0000;5500.0000;0.3692;100.0000;Alta
Frutas;(sin informar);Mendoza;DURAZNO;(sin informar);$/Kg;56;27;4;27;2026-01-05;2026-04-02;4;34160.7143;25000.0000;49000.0000;0.1601;100.0000;Alta
Frutas;Mercado Central de Buenos Aires;(sin informar);CASTANA;Prom.Esp.;$/Kg;55;54;4;54;2026-04-14;2026-07-16;4;10963.6364;9000.0000;14000.0000;0.2047;100.0000;Alta
Frutas;(sin informar);Corrientes;LIMON ELEGIDO;(sin informar);$/Kg;54;40;8;40;2026-01-05;2026-08-24;8;16085.1852;600.0000;35000.0000;0.5420;100.0000;Alta
Frutas;Mercado Central de Buenos Aires;Chile;POMELO;Star Ruby;$/Kg;54;54;3;54;2026-01-02;2026-03-20;3;1730.3241;1687.5000;1750.0000;0.0169;100.0000;Alta
Frutas;Mercado Central de Buenos Aires;Río Negro;CASTANA;(sin informar);$/Kg;54;53;4;53;2026-04-15;2026-07-16;4;10907.4074;9000.0000;14000.0000;0.2040;100.0000;Alta
Frutas;Mercado Central de Buenos Aires;San Juan;UVA;Cereza;$/Kg;54;44;4;44;2026-02-02;2026-05-07;4;1656.4815;950.0000;2200.0000;0.2322;100.0000;Alta
Hortalizas;Mercado Central de Buenos Aires;Mar del Plata;BERENJENA;Vta.Med.La;$/Kg;53;53;3;53;2026-01-07;2026-03-26;3;587.4213;416.6700;833.3300;0.2423;100.0000;Alta
Frutas;Mercado Central de Buenos Aires;Chile;PELON;Nectared;$/Kg;52;52;3;52;2026-01-05;2026-03-19;3;3513.4615;2500.0000;4000.0000;0.1726;100.0000;Alta
Frutas;Mercado Central de Buenos Aires;España;PELON;(sin informar);$/Kg;52;31;3;31;2026-06-30;2026-08-14;3;10673.0769;4000.0000;16750.0000;0.3561;100.0000;Alta
Frutas;Mercado Central de Buenos Aires;Río Negro;CIRUELA;Sungold;$/Kg;52;36;3;36;2026-02-09;2026-04-07;3;2133.0129;1250.0000;2833.3300;0.2514;100.0000;Alta
Frutas;Mercado Central de Buenos Aires;San Juan;UVA;Moscat.Bca;$/Kg;52;52;4;52;2026-01-30;2026-04-21;4;1905.7692;1700.0000;2400.0000;0.1344;100.0000;Alta
Hortalizas;Mercado Central de Buenos Aires;S.Bs.As.;ZAPALLO;Anc.Cokena;$/Kg;52;51;3;51;2026-06-09;2026-08-24;3;1136.2829;506.6700;1600.0000;0.3716;100.0000;Alta
Frutas;Mercado Central de Buenos Aires;Egipto;NARANJA;Navel Late;$/Kg;51;51;4;51;2026-01-28;2026-04-17;4;2290.1957;1533.3300;3200.0000;0.2577;100.0000;Alta
Frutas;Mercado Central de Buenos Aires;Mendoza;DURAZNO;Sept. Lady;$/Kg;51;51;3;51;2026-01-02;2026-03-17;3;1888.8886;1666.6700;2083.3300;0.0628;100.0000;Alta
Frutas;Mercado Central de Buenos Aires;Mendoza;DURAZNO;Spring Cre;$/Kg;51;51;3;51;2026-01-02;2026-03-17;3;2033.1841;1769.2300;2384.6200;0.1166;100.0000;Alta
Frutas;Mercado Central de Buenos Aires;Río Negro;PERA;Abate;$/Kg;51;51;3;51;2026-05-13;2026-07-28;3;1662.7451;1500.0000;1700.0000;0.0317;100.0000;Alta
Hortalizas;Mercado Central de Buenos Aires;Mendoza;ARVEJA;(sin informar);$/Kg;51;51;4;51;2026-01-05;2026-04-06;4;2227.6961;1625.0000;3625.0000;0.2480;100.0000;Alta
Hortalizas;Mercado Central de Buenos Aires;Santa Fe;CHOCLO;Amarillo;$/Kg;51;49;4;49;2026-01-02;2026-06-12;4;963.7908;566.6700;2533.3300;0.5801;100.0000;Alta
Frutas;(sin informar);Corrientes;NARANJA VALENCIA;(sin informar);$/Kg;50;32;8;32;2026-01-07;2026-08-19;8;18360.0000;12000.0000;34000.0000;0.2796;100.0000;Alta
Hortalizas;Mercado Central de Buenos Aires;Mendoza;CEBOLLA;Blanca;$/Kg;50;50;4;50;2026-01-02;2026-04-06;4;736.0000;600.0000;850.0000;0.0751;100.0000;Alta
Hortalizas;Mercado Central de Buenos Aires;Se Bs.As;PAPA;Sagitta;$/Kg;50;44;4;44;2026-03-11;2026-06-23;4;1075.1000;840.0000;1375.0000;0.1591;100.0000;Alta
Frutas;Mercado Central de Buenos Aires;Sta.Cruz;CEREZA;Lapins;$/Kg;49;34;3;34;2026-01-09;2026-03-10;3;8583.6735;7200.0000;11600.0000;0.1901;100.0000;Alta
Hortalizas;(sin informar);Mendoza;TOMATE REDONDO;(sin informar);$/Kg;49;33;5;33;2026-01-05;2026-05-07;5;24673.4694;12000.0000;33000.0000;0.1983;100.0000;Alta
Hortalizas;Mercado Central de Buenos Aires;Santa Fe;LECHUGA;Criolla;$/Kg;49;48;3;48;2026-06-12;2026-08-24;3;1138.9457;666.6700;2000.0000;0.3407;100.0000;Alta
Hortalizas;Mercado Central de Buenos Aires;Sgo.Est.;ZANAHORIA;Chantenay;$/Kg;49;48;3;48;2026-06-12;2026-08-24;3;661.5651;611.1100;888.8900;0.1024;100.0000;Alta
Frutas;(sin informar);Mendoza;MANZANA R DELICIUS ELEGIDA;(sin informar);$/Kg;48;36;7;36;2026-02-09;2026-08-24;7;49729.1667;20000.0000;67000.0000;0.1956;100.0000;Alta
Frutas;Mercado Central de Buenos Aires;Jujuy;TUNA;(sin informar);$/Kg;48;48;3;48;2026-01-12;2026-03-20;3;2154.1667;1700.0000;2500.0000;0.1344;100.0000;Alta
Frutas;Mercado Central de Buenos Aires;Mendoza;PELON;Venus;$/Kg;48;30;3;30;2026-01-26;2026-03-17;3;2296.8735;1833.3300;2583.3300;0.0937;100.0000;Alta
Hortalizas;(sin informar);Formosa;MANDIOCA;(sin informar);$/Kg;48;34;7;34;2026-03-16;2026-12-25;7;14447.9167;12000.0000;30000.0000;0.1823;100.0000;Alta
Hortalizas;Mercado Central de Buenos Aires;Salta;CHAUCHA;Esmeralda;$/Kg;48;47;3;47;2026-06-12;2026-08-24;3;2741.6667;1900.0000;4200.0000;0.2102;100.0000;Alta
Frutas;(sin informar);Corrientes;NARANJA SALUSTIANA;(sin informar);$/Kg;47;26;4;26;2026-05-04;2026-08-24;4;14340.4255;12000.0000;20000.0000;0.1351;100.0000;Alta
Frutas;Mercado Central de Buenos Aires;(sin informar);CEREZA;Prom.Esp.;$/Kg;47;47;4;47;2026-01-02;2026-07-29;4;8594.2911;7342.8600;21200.0000;0.2501;100.0000;Alta
Frutas;Mercado Central de Buenos Aires;Brasil;UVA;Victoria;$/Kg;47;32;3;32;2026-05-08;2026-08-24;3;5736.7021;5625.0000;6000.0000;0.0171;100.0000;Alta
Frutas;Mercado Central de Buenos Aires;San Juan;UVA;California;$/Kg;47;47;4;47;2026-01-23;2026-04-30;4;1951.0638;1500.0000;2700.0000;0.1911;100.0000;Alta
Hortalizas;(sin informar);Mendoza;ZAPALLO COREANO;(sin informar);$/Kg;47;31;8;31;2026-01-12;2026-08-24;8;14840.4255;8000.0000;33000.0000;0.4755;100.0000;Alta
Frutas;(sin informar);Mendoza;PALTA HASS;(sin informar);$/Kg;46;33;8;33;2026-01-15;2026-08-19;8;60500.0000;29000.0000;76000.0000;0.2084;100.0000;Alta
Frutas;Mercado Central de Buenos Aires;Entre Ríos;FRAMBUESA;(sin informar);$/Kg;46;45;4;45;2026-03-30;2026-06-25;4;37898.5500;26000.0000;50666.7000;0.2936;100.0000;Alta
Hortalizas;(sin informar);Mendoza;ACELGA;(sin informar);$/Kg;46;41;8;41;2026-01-05;2026-08-24;8;8500.0000;4000.0000;20000.0000;0.5490;100.0000;Alta
Frutas;(sin informar);Mendoza;PERA WILIAMS COMERCIAL;(sin informar);$/Kg;45;35;6;35;2026-02-09;2026-08-24;6;30666.6667;17000.0000;50000.0000;0.2331;100.0000;Alta
Hortalizas;Mercado Central de Buenos Aires;Sgo.Est.;CEB VERDEO;Colorada;$/Kg;45;42;3;42;2026-06-08;2026-08-24;3;4220.0000;1200.0000;26000.0000;1.2079;100.0000;Alta
Frutas;(sin informar);Mendoza;PERA WILIAMS ELEGIDA;(sin informar);$/Kg;44;35;6;35;2026-01-12;2026-08-24;6;33318.1818;20000.0000;45000.0000;0.1930;100.0000;Alta
Frutas;Mercado Central de Buenos Aires;Brasil;UVA;Benitaka;$/Kg;44;39;3;39;2026-06-05;2026-08-03;3;6269.8864;5750.0000;6625.0000;0.0438;100.0000;Alta
Frutas;Mercado Central de Buenos Aires;Brasil;UVA;Sweet Jubi;$/Kg;44;33;3;33;2026-06-19;2026-08-06;3;6559.6591;6125.0000;6750.0000;0.0402;100.0000;Alta
Hortalizas;(sin informar);Buenos Aires;PAPA NEGRA;(sin informar);$/Kg;44;33;8;33;2026-01-12;2026-08-24;8;16477.2727;7500.0000;45000.0000;0.4349;100.0000;Alta
Hortalizas;(sin informar);Mendoza;CHOCLO AMARILLO;(sin informar);$/Kg;44;24;6;24;2026-01-12;2026-06-01;6;19250.0000;6000.0000;40000.0000;0.3855;100.0000;Alta
Hortalizas;Mercado Central de Buenos Aires;San Juan;ESPARRAGO;Verde;$/Kg;44;39;5;39;2026-01-30;2026-08-24;5;9690.9091;2200.0000;15000.0000;0.3525;100.0000;Alta
Hortalizas;Mercado Central de Buenos Aires;Santa Fe;ZANAHORIA;Chantenay;$/Kg;44;43;3;43;2026-06-22;2026-08-24;3;703.6364;660.0000;750.0000;0.0291;100.0000;Alta
Frutas;(sin informar);Corrientes;MANDARINA NOVA;(sin informar);$/Kg;42;28;6;28;2026-03-10;2026-08-24;6;13880.9524;7000.0000;23000.0000;0.2251;100.0000;Alta
Frutas;Mercado Central de Buenos Aires;Mendoza;DURAZNO;Rich Lady;$/Kg;42;42;3;42;2026-01-02;2026-03-04;3;2119.0493;1833.3300;2500.0000;0.1223;100.0000;Alta
Frutas;Mercado Central de Buenos Aires;Río Negro;PERA;Asiatica;$/Kg;42;30;3;30;2026-06-30;2026-08-24;3;2842.8571;2400.0000;3600.0000;0.1925;100.0000;Alta
Hortalizas;Mercado Central de Buenos Aires;Santa Fe;REMOLACHA;(sin informar);$/Kg;42;41;3;41;2026-06-24;2026-08-24;3;1055.7143;900.0000;1400.0000;0.1312;100.0000;Alta
Hortalizas;Mercado Central de Buenos Aires;Jujuy;HABA;(sin informar);$/Kg;41;40;5;40;2026-02-02;2026-08-24;5;2010.9756;1400.0000;4625.0000;0.4114;100.0000;Alta
Hortalizas;Mercado Central de Buenos Aires;Mendoza;PIMIENTO;Calahorra;$/Kg;41;40;3;40;2026-03-02;2026-05-08;3;1676.5854;1300.0000;2000.0000;0.0964;100.0000;Alta
Hortalizas;(sin informar);Corrientes;LECHUGA REPOLLADA;(sin informar);$/Kg;40;33;6;33;2026-02-09;2026-08-17;6;14175.0000;8000.0000;30000.0000;0.3478;100.0000;Alta
Frutas;(sin informar);Corrientes;SANDIA REDONDA RAYADA;(sin informar);$/Kg;39;28;4;28;2026-01-05;2026-04-02;4;380.7692;300.0000;500.0000;0.1152;100.0000;Alta
Frutas;(sin informar);Río Negro;MANZANA GRANY SMITH ELEGIDA;(sin informar);$/Kg;39;30;8;30;2026-01-05;2026-08-24;8;46025.6410;20000.0000;69000.0000;0.2988;100.0000;Alta
Frutas;Mercado Central de Buenos Aires;Buenos Aires;PERA;Asiatica;$/Kg;39;39;3;39;2026-02-18;2026-04-17;3;1932.0513;1700.0000;2500.0000;0.1176;100.0000;Alta
Frutas;Mercado Central de Buenos Aires;Jujuy;PITAHAYA;(sin informar);$/Kg;39;38;3;38;2026-03-09;2026-05-06;3;14143.5897;12400.0000;19200.0000;0.1705;100.0000;Alta
Hortalizas;Mercado Central de Buenos Aires;Salta;BERENJENA;Jaspeada;$/Kg;39;33;3;33;2026-05-20;2026-07-07;3;1308.7605;916.6700;1583.3300;0.1817;100.0000;Alta
Frutas;Mercado Central de Buenos Aires;Mendoza;CIRUELA;Linda Rosa;$/Kg;38;38;4;38;2026-01-27;2026-04-09;4;2151.7558;1916.6700;2700.0000;0.1093;100.0000;Alta
Frutas;Mercado Central de Buenos Aires;Río Negro;UVA;Red Globe;$/Kg;38;38;3;38;2026-05-18;2026-07-14;3;3510.5263;3400.0000;3900.0000;0.0529;100.0000;Alta
Hortalizas;(sin informar);Mendoza;CHOCLO CREMA;(sin informar);$/Kg;38;26;6;26;2026-01-05;2026-07-20;6;17000.0000;10000.0000;40000.0000;0.4159;100.0000;Alta
Hortalizas;(sin informar);Mendoza;REMOLACHA;(sin informar);$/Kg;38;28;7;28;2026-01-12;2026-08-17;7;11881.5789;7000.0000;25000.0000;0.5565;100.0000;Alta
Hortalizas;Mercado Central de Buenos Aires;(sin informar);CARDO;Prom.Esp.;$/Kg;38;32;3;32;2026-05-15;2026-08-24;3;558.0263;320.0000;1625.0000;0.7627;100.0000;Alta
Hortalizas;Mercado Central de Buenos Aires;Buenos Aires;CARDO;(sin informar);$/Kg;38;32;3;32;2026-05-15;2026-08-24;3;558.0263;320.0000;1625.0000;0.7627;100.0000;Alta
Frutas;(sin informar);Formosa;BANANA FORMOSENA;(sin informar);$/Kg;37;27;6;27;2026-04-20;2026-12-25;6;17621.6216;16000.0000;23000.0000;0.0817;100.0000;Alta
Frutas;Mercado Central de Buenos Aires;Brasil;UVA;Nubia;$/Kg;37;37;3;37;2026-05-18;2026-07-13;3;5814.1892;5625.0000;6000.0000;0.0266;100.0000;Alta
Frutas;Mercado Central de Buenos Aires;Córdoba;MANI;(sin informar);$/Kg;37;37;3;37;2026-02-25;2026-04-22;3;2816.2162;2600.0000;3200.0000;0.0907;100.0000;Alta
Frutas;Mercado Central de Buenos Aires;Jujuy;LIMON;Eureka;$/Kg;37;36;3;36;2026-02-06;2026-05-14;3;1211.7116;888.8900;1555.5600;0.1775;100.0000;Alta
Hortalizas;Mercado Central de Buenos Aires;San Luis;PAPA;Sagitta;$/Kg;37;33;4;33;2026-01-02;2026-08-10;4;1285.5405;600.0000;1650.0000;0.2858;100.0000;Alta
Hortalizas;(sin informar);Jujuy;LECHUGA REPOLLADA;(sin informar);$/Kg;36;24;6;24;2026-04-16;2026-12-25;6;22555.5556;15000.0000;35000.0000;0.2330;100.0000;Alta
Frutas;(sin informar);Mendoza;MANZANA R DELICIUS COMERCIAL;(sin informar);$/Kg;35;26;6;26;2026-03-05;2026-08-24;6;37600.0000;30000.0000;54000.0000;0.1721;100.0000;Alta
Frutas;Mercado Central de Buenos Aires;Mendoza;CIRUELA;D'Agen;$/Kg;35;35;3;35;2026-01-16;2026-03-09;3;1783.6743;1571.4300;2214.2900;0.1155;100.0000;Alta
Hortalizas;(sin informar);Jujuy;PEREJIL;(sin informar);$/Kg;35;24;6;24;2026-04-20;2026-12-25;6;18685.7143;2000.0000;25000.0000;0.3288;100.0000;Alta
Hortalizas;(sin informar);Mendoza;ZAPALLO TETSUKABUTO;(sin informar);$/Kg;35;26;7;26;2026-02-26;2026-08-24;7;12111.4286;700.0000;22000.0000;0.4033;100.0000;Alta
Hortalizas;Mercado Central de Buenos Aires;Río Negro;PAPA;Spunta;$/Kg;35;34;3;34;2026-03-13;2026-05-08;3;517.7783;377.7800;666.6700;0.1403;100.0000;Alta
Hortalizas;Mercado Central de Buenos Aires;Sgo.Est.;PEREJIL;(sin informar);$/Kg;35;35;3;35;2026-06-19;2026-08-24;3;1461.7143;900.0000;2700.0000;0.5061;100.0000;Alta
Hortalizas;(sin informar);Buenos Aires;ZAPALLITO TRONCO;(sin informar);$/Kg;34;26;4;26;2026-01-08;2026-04-06;4;17794.1176;8000.0000;20000.0000;0.2018;100.0000;Alta
Hortalizas;(sin informar);Jujuy;APIO DE HOJA;(sin informar);$/Kg;34;27;8;27;2026-01-02;2026-12-25;8;16176.4706;3000.0000;30000.0000;0.3354;100.0000;Alta
Frutas;(sin informar);Mendoza;PERA PACKAMS COMERCIAL;(sin informar);$/Kg;33;25;7;25;2026-01-12;2026-08-24;7;31696.9697;18000.0000;58000.0000;0.2762;100.0000;Alta
Frutas;Mercado Central de Buenos Aires;Bolivia;PLATANO;(sin informar);$/Kg;33;33;4;33;2026-03-27;2026-06-19;4;1881.8167;1833.3300;2100.0000;0.0346;100.0000;Alta
Frutas;Mercado Central de Buenos Aires;Chile;CIRUELA;Angeleno;$/Kg;33;32;3;32;2026-03-27;2026-05-14;3;3857.5758;3700.0000;4000.0000;0.0297;100.0000;Alta
Frutas;Mercado Central de Buenos Aires;Mendoza;CIRUELA;Angeleno;$/Kg;33;32;3;32;2026-03-20;2026-05-11;3;2199.4967;2000.0000;2250.0000;0.0250;100.0000;Alta
Frutas;Mercado Central de Buenos Aires;Mendoza;DURAZNO;Amarillo;$/Kg;33;33;3;33;2026-01-21;2026-03-10;3;1909.0912;1666.6700;2250.0000;0.0869;100.0000;Alta
Hortalizas;(sin informar);Corrientes;LAUREL;(sin informar);$/Kg;33;28;8;28;2026-01-08;2026-08-24;8;9030.3030;1000.0000;30000.0000;0.9411;100.0000;Alta
Hortalizas;(sin informar);Corrientes;ZAPALLO TETSUKABUTO;(sin informar);$/Kg;33;27;5;27;2026-01-05;2026-08-17;5;9196.9697;7000.0000;16000.0000;0.1883;100.0000;Alta
Hortalizas;(sin informar);Jujuy;CHOCLO AMARILLO;(sin informar);$/Kg;33;32;8;32;2026-01-05;2026-08-17;8;24393.9394;10000.0000;49000.0000;0.4650;100.0000;Alta
Frutas;(sin informar);Chaco;BANANA PARAGUAYA;(sin informar);$/Kg;32;26;6;26;2026-03-12;2026-08-24;6;25968.7500;22000.0000;35000.0000;0.1446;100.0000;Alta
Frutas;(sin informar);Río Negro;PERA WILIAMS COMERCIAL;(sin informar);$/Kg;32;21;7;21;2026-02-09;2026-08-03;7;26687.5000;20000.0000;32000.0000;0.0987;100.0000;Alta
Hortalizas;(sin informar);Corrientes;REPOLLO BLANCO;(sin informar);$/Kg;32;24;5;24;2026-01-05;2026-08-24;5;17437.5000;3000.0000;30000.0000;0.3270;100.0000;Alta
Frutas;Mercado Central de Buenos Aires;Mendoza;SANDIA;(sin informar);$/Kg;31;31;3;31;2026-01-05;2026-03-13;3;584.5161;500.0000;700.0000;0.0962;100.0000;Alta
Frutas;Mercado Central de Buenos Aires;Tucumán;ARANDANO;(sin informar);$/Kg;31;30;4;30;2026-05-04;2026-08-24;4;54301.0719;7333.3300;86666.7000;0.3418;100.0000;Alta
Hortalizas;(sin informar);Jujuy;REMOLACHA;(sin informar);$/Kg;31;22;5;22;2026-04-20;2026-08-24;5;21664.5161;2000.0000;27000.0000;0.3549;100.0000;Alta
Hortalizas;(sin informar);Jujuy;REPOLLO BLANCO;(sin informar);$/Kg;31;22;6;22;2026-04-20;2026-12-25;6;20870.9677;2000.0000;25000.0000;0.1939;100.0000;Alta
Hortalizas;Mercado Central de Buenos Aires;Brasil;CEBOLLA;Optima;$/Kg;31;31;3;31;2026-02-09;2026-08-24;3;939.5161;550.0000;1450.0000;0.4578;100.0000;Alta
Hortalizas;Mercado Central de Buenos Aires;Corrientes;TOMATE;Perita;$/Kg;31;30;3;30;2026-06-29;2026-08-11;3;1284.0513;666.6700;2000.0000;0.3518;100.0000;Alta
Hortalizas;Mercado Central de Buenos Aires;San Juan;ARVEJA;(sin informar);$/Kg;31;27;5;27;2026-04-08;2026-08-14;5;2705.6452;1375.0000;5750.0000;0.5607;100.0000;Alta
Hortalizas;Mercado Central de Buenos Aires;Sgo.Est.;LECHUGA;Capuchina;$/Kg;31;29;3;29;2026-05-04;2026-08-24;3;1187.7416;733.3300;1800.0000;0.2387;100.0000;Alta
Frutas;Mercado Central de Buenos Aires;Mendoza;DURAZNO;Setemb.Sno;$/Kg;30;30;3;30;2026-02-25;2026-04-13;3;2422.7773;1666.6700;2833.3300;0.1866;100.0000;Alta
Hortalizas;(sin informar);Mendoza;REPOLLO COLORADO;(sin informar);$/Kg;30;30;8;30;2026-01-05;2026-08-24;8;20700.0000;10000.0000;35000.0000;0.3311;100.0000;Alta
Hortalizas;Mercado Central de Buenos Aires;Mendoza;PAPA;Donata;$/Kg;30;29;3;29;2026-03-25;2026-05-07;3;904.1667;850.0000;1050.0000;0.0509;100.0000;Alta
Frutas;Mercado Central de Buenos Aires;(sin informar);PECANA;Prom.Esp.;$/Kg;29;29;3;29;2026-05-22;2026-07-21;3;12155.1724;5000.0000;55000.0000;1.4020;100.0000;Alta
Frutas;Mercado Central de Buenos Aires;Buenos Aires;PECANA;(sin informar);$/Kg;29;29;3;29;2026-05-22;2026-07-21;3;12155.1724;5000.0000;55000.0000;1.4020;100.0000;Alta
Hortalizas;(sin informar);Jujuy;TOMATE CHERRY;(sin informar);$/Kg;29;26;7;26;2026-01-02;2026-08-13;7;24310.3448;2300.0000;45000.0000;0.4218;100.0000;Alta
Hortalizas;Mercado Central de Buenos Aires;Mendoza;CEBOLLA;Colorada;$/Kg;29;29;3;29;2026-01-02;2026-06-25;3;649.1379;550.0000;750.0000;0.0702;100.0000;Alta
Frutas;(sin informar);Río Negro;PERA WILIAMS ELEGIDA;(sin informar);$/Kg;28;17;5;17;2026-03-09;2026-08-24;5;32357.1429;17000.0000;45000.0000;0.1737;100.0000;Alta
Hortalizas;(sin informar);Mendoza;PAPA BLANCA;(sin informar);$/Kg;28;22;7;22;2026-01-05;2026-08-17;7;17000.0000;11000.0000;30000.0000;0.3193;100.0000;Alta
Hortalizas;Mercado Central de Buenos Aires;Buenos Aires;NABO;(sin informar);$/Kg;28;28;3;28;2026-01-23;2026-03-05;3;695.0000;640.0000;740.0000;0.0310;100.0000;Alta
Frutas;(sin informar);Corrientes;MANDARINA OKITSU;(sin informar);$/Kg;27;15;3;15;2026-03-17;2026-05-25;3;13000.0000;10000.0000;20000.0000;0.1872;100.0000;Alta
Hortalizas;Mercado Central de Buenos Aires;Catamarc;PAPA;Spunta;$/Kg;27;26;3;26;2026-06-29;2026-08-24;3;1184.3619;888.8900;1555.5600;0.2137;100.0000;Alta
Hortalizas;(sin informar);Corrientes;CHAUCHA POR METRO;(sin informar);$/Kg;26;23;5;23;2026-01-05;2026-05-22;5;1761.5385;1000.0000;3500.0000;0.3776;100.0000;Alta
Hortalizas;(sin informar);Corrientes;REMOLACHA;(sin informar);$/Kg;26;19;5;19;2026-04-20;2026-08-19;5;12615.3846;1500.0000;25000.0000;0.6732;100.0000;Alta
Hortalizas;(sin informar);Jujuy;COLIFLOR;(sin informar);$/Kg;26;21;6;21;2026-04-20;2026-12-25;6;24923.0769;3000.0000;30000.0000;0.2200;100.0000;Alta
Hortalizas;(sin informar);Jujuy;LECHUGA MANTECOSA;(sin informar);$/Kg;26;22;6;22;2026-04-20;2026-12-25;6;17538.4615;13000.0000;20000.0000;0.1209;100.0000;Alta
Hortalizas;(sin informar);Jujuy;PUERRO;(sin informar);$/Kg;26;21;6;21;2026-04-20;2026-12-25;6;11019.2308;3000.0000;60000.0000;1.3775;100.0000;Alta
Hortalizas;(sin informar);Jujuy;REPOLLO COLORADO;(sin informar);$/Kg;26;21;6;21;2026-04-20;2026-12-25;6;21961.5385;18000.0000;25000.0000;0.0767;100.0000;Alta
Hortalizas;Mercado Central de Buenos Aires;(sin informar);POROTO;Prom.Esp.;$/Kg;26;25;4;25;2026-01-19;2026-08-05;4;3951.9231;2100.0000;31000.0000;1.4100;100.0000;Alta
Hortalizas;Mercado Central de Buenos Aires;Buenos Aires;CHOCLO;Amarillo;$/Kg;26;26;3;26;2026-02-27;2026-04-09;3;580.7696;433.3300;800.0000;0.1976;100.0000;Alta
Hortalizas;Mercado Central de Buenos Aires;Buenos Aires;POROTO;(sin informar);$/Kg;26;25;4;25;2026-01-19;2026-08-05;4;3951.9231;2100.0000;31000.0000;1.4100;100.0000;Alta
Hortalizas;(sin informar);Jujuy;PEPINO;(sin informar);$/Kg;25;23;7;23;2026-01-05;2026-08-24;7;16960.0000;6000.0000;33000.0000;0.4946;100.0000;Alta
Frutas;Mercado Central de Buenos Aires;Chile;UVA;Arra 15;$/Kg;24;24;3;24;2026-02-27;2026-04-07;3;4229.1667;3800.0000;4700.0000;0.0723;100.0000;Alta
Hortalizas;(sin informar);Mendoza;BATATA COLORADA;(sin informar);$/Kg;24;23;6;23;2026-01-05;2026-07-30;6;11583.3333;9000.0000;18000.0000;0.2825;100.0000;Alta
Hortalizas;(sin informar);Buenos Aires;TOMATE REDONDO;(sin informar);$/Kg;23;19;4;19;2026-02-09;2026-05-04;4;20608.6957;10000.0000;28000.0000;0.2169;100.0000;Alta
Hortalizas;(sin informar);Jujuy;CHOCLO CREMA;(sin informar);$/Kg;23;21;7;21;2026-03-02;2026-12-25;7;32565.2174;15000.0000;40000.0000;0.2534;100.0000;Alta
Frutas;(sin informar);Corrientes;MANDARINA MURCOT;(sin informar);$/Kg;22;14;6;14;2026-03-26;2026-08-24;6;12181.8182;8000.0000;22000.0000;0.3338;100.0000;Alta
Hortalizas;(sin informar);Corrientes;CHAUCHA ROLLIZA;(sin informar);$/Kg;22;20;5;20;2026-03-26;2026-08-19;5;16454.5455;1000.0000;30000.0000;0.4504;100.0000;Alta
Hortalizas;Mercado Central de Buenos Aires;Tucumán;ZAPALLITO;Redondo;$/Kg;22;17;3;17;2026-05-18;2026-07-03;3;1915.1509;1533.3300;2200.0000;0.0833;100.0000;Alta
Frutas;(sin informar);Mendoza;PELON;(sin informar);$/Kg;21;15;4;15;2026-01-12;2026-04-06;4;39666.6667;24000.0000;57000.0000;0.1765;100.0000;Alta
Hortalizas;(sin informar);Jujuy;BROCOLI;(sin informar);$/Kg;21;18;6;18;2026-04-20;2026-12-25;6;24142.8571;15000.0000;30000.0000;0.2232;100.0000;Alta
Hortalizas;(sin informar);Jujuy;ESPINACA;(sin informar);$/Kg;21;18;6;18;2026-04-20;2026-12-25;6;23333.3333;15000.0000;30000.0000;0.1529;100.0000;Alta
Hortalizas;(sin informar);Mendoza;BATATA BLANCA;(sin informar);$/Kg;21;17;5;17;2026-04-13;2026-08-24;5;8523.8095;6000.0000;10000.0000;0.0954;100.0000;Alta
Hortalizas;(sin informar);Mendoza;PIMIENTO MORRON ROJO;(sin informar);$/Kg;21;20;6;20;2026-02-09;2026-08-24;6;24523.8095;16000.0000;44000.0000;0.3982;100.0000;Alta
Hortalizas;(sin informar);Río Negro;CEBOLLA SINTETICA 14;(sin informar);$/Kg;21;21;6;21;2026-02-09;2026-08-24;6;14095.2381;7000.0000;35000.0000;0.4407;100.0000;Alta
Frutas;Mercado Central de Buenos Aires;Mendoza;DAMASCO;Royal;$/Kg;40;21;1;21;2026-01-02;2026-01-30;1;2465.0000;2200.0000;2800.0000;0.1157;100.0000;Baja
Frutas;Mercado Central de Buenos Aires;Tucumán;KUMQUAT;(sin informar);$/Kg;40;14;1;14;2026-08-03;2026-08-21;1;2750.0000;2750.0000;2750.0000;0.0000;100.0000;Baja
Frutas;Mercado Central de Buenos Aires;Brasil;ANANA;Piña;$/Kg;26;11;1;11;2026-08-07;2026-08-24;1;2410.2523;2333.3300;2444.4400;0.0217;100.0000;Baja
Frutas;Mercado Central de Buenos Aires;Corrientes;MANDARINA;Ellendale;$/Kg;26;11;1;11;2026-08-07;2026-08-24;1;555.5600;555.5600;555.5600;0.0000;100.0000;Baja
Frutas;Mercado Central de Buenos Aires;Mendoza;DAMASCO;Castel Bri;$/Kg;24;14;1;14;2026-01-02;2026-01-21;1;2488.8892;2400.0000;2583.3300;0.0232;100.0000;Baja
Frutas;Mercado Central de Buenos Aires;Brasil;MELON;Orange;$/Kg;23;10;1;10;2026-08-10;2026-08-24;1;3778.2609;3700.0000;3800.0000;0.0112;100.0000;Baja
Frutas;Mercado Central de Buenos Aires;Mendoza;DURAZNO;Sweet Sept;$/Kg;22;15;1;15;2026-03-04;2026-03-26;1;2695.4545;2200.0000;3800.0000;0.2075;100.0000;Baja
Frutas;Mercado Central de Buenos Aires;(sin informar);DAMASCO;Prom.Esp.;$/Kg;21;21;1;21;2026-01-02;2026-01-30;1;2457.5129;2200.0000;2520.8300;0.0374;100.0000;Baja
Frutas;Mercado Central de Buenos Aires;Buenos Aires;DURAZNO;Rich Lady;$/Kg;21;21;1;21;2026-01-02;2026-01-30;1;2083.3310;1750.0000;2333.3300;0.0820;100.0000;Baja
Frutas;Mercado Central de Buenos Aires;Buenos Aires;ARANDANO;(sin informar);$/Kg;20;20;1;20;2026-01-02;2026-01-29;1;12566.6700;11333.3000;14000.0000;0.0650;100.0000;Baja
Frutas;Mercado Central de Buenos Aires;Mendoza;CEREZA;Royal Dawn;$/Kg;20;20;1;20;2026-01-02;2026-01-29;1;6700.0000;6400.0000;7400.0000;0.0601;100.0000;Baja
Frutas;Mercado Central de Buenos Aires;Mendoza;DURAZNO;Coronet;$/Kg;20;10;1;10;2026-01-02;2026-01-15;1;2766.6650;2700.0000;2833.3300;0.0247;100.0000;Baja
Frutas;Mercado Central de Buenos Aires;Mendoza;DURAZNO;Gran Monar;$/Kg;20;10;1;10;2026-02-09;2026-02-24;1;2610.0000;2400.0000;2900.0000;0.0775;100.0000;Baja
Hortalizas;Mercado Central de Buenos Aires;Mendoza;PAPA;Spunta;$/Kg;20;20;1;20;2026-01-02;2026-01-29;1;517.4995;444.4400;611.1100;0.0912;100.0000;Baja
Frutas;Mercado Central de Buenos Aires;Tucumán;POMELO;Star Ruby;$/Kg;18;18;1;18;2026-03-04;2026-03-31;1;1722.2211;1600.0000;1866.6700;0.0445;100.0000;Baja
Frutas;Mercado Central de Buenos Aires;Buenos Aires;PELON;Florida;$/Kg;17;11;1;11;2026-01-02;2026-01-16;1;2941.1765;2800.0000;3300.0000;0.0712;100.0000;Baja
Frutas;Mercado Central de Buenos Aires;Mendoza;CIRUELA;Royal Zee;$/Kg;17;17;1;17;2026-01-02;2026-01-26;1;2000.0000;2000.0000;2000.0000;0.0000;100.0000;Baja
Frutas;Mercado Central de Buenos Aires;Río Negro;PELON;Flame Kist;$/Kg;17;17;1;17;2026-03-02;2026-03-26;1;2210.7835;2000.0000;2500.0000;0.0778;100.0000;Baja
Hortalizas;Mercado Central de Buenos Aires;San Juan;CEBOLLA;Blanca;$/Kg;17;17;1;17;2026-01-02;2026-01-26;1;700.0000;700.0000;700.0000;0.0000;100.0000;Baja
Frutas;Mercado Central de Buenos Aires;Chubut;CEREZA;Bing;$/Kg;16;16;1;16;2026-01-02;2026-01-23;1;7512.5000;7000.0000;8000.0000;0.0400;100.0000;Baja
Frutas;Mercado Central de Buenos Aires;Mendoza;DURAZNO;Crimson La;$/Kg;16;8;1;8;2026-01-02;2026-01-13;1;2808.3350;2416.6700;3200.0000;0.1440;100.0000;Baja
Frutas;Mercado Central de Buenos Aires;San Juan;MELON;Amarillo;$/Kg;16;16;1;16;2026-01-08;2026-01-29;1;2543.7500;2300.0000;2700.0000;0.0379;100.0000;Baja
Frutas;Mercado Central de Buenos Aires;Buenos Aires;DURAZNO;South Pear;$/Kg;15;15;1;15;2026-01-02;2026-01-22;1;2166.6700;2166.6700;2166.6700;0.0000;100.0000;Baja
Frutas;Mercado Central de Buenos Aires;Corrientes;NARANJA;W.Navel;$/Kg;15;15;1;15;2026-06-01;2026-06-22;1;629.6300;611.1100;666.6700;0.0431;100.0000;Baja
Frutas;Mercado Central de Buenos Aires;Entre Ríos;NARANJA;Ombligo;$/Kg;15;15;1;15;2026-01-02;2026-01-22;1;1985.1893;1000.0000;2055.5600;0.1373;100.0000;Baja
Frutas;Mercado Central de Buenos Aires;Mendoza;CEREZA;Lapins;$/Kg;15;15;1;15;2026-01-02;2026-01-22;1;8266.6667;6800.0000;9600.0000;0.1137;100.0000;Baja
Frutas;Mercado Central de Buenos Aires;Mendoza;DURAZNO;Andesblack;$/Kg;14;14;1;14;2026-03-06;2026-03-27;1;1946.4293;1750.0000;2000.0000;0.0398;100.0000;Baja
Frutas;Mercado Central de Buenos Aires;Sgo.Est.;MELON;Amarillo;$/Kg;14;14;1;14;2026-01-12;2026-01-29;1;1416.6700;1416.6700;1416.6700;0.0000;100.0000;Baja
Frutas;Mercado Central de Buenos Aires;Mendoza;CIRUELA;Friar;$/Kg;13;13;1;13;2026-02-06;2026-02-26;1;2753.8462;2600.0000;2800.0000;0.0282;100.0000;Baja
Frutas;Mercado Central de Buenos Aires;Mendoza;CIRUELA;Gota De Or;$/Kg;13;13;1;13;2026-02-02;2026-02-20;1;2493.5885;2333.3300;2583.3300;0.0319;100.0000;Baja
Frutas;Mercado Central de Buenos Aires;Río Negro;CEREZA;Bing;$/Kg;13;13;1;13;2026-01-02;2026-01-20;1;8553.8462;8000.0000;9200.0000;0.0648;100.0000;Baja
Frutas;Mercado Central de Buenos Aires;Río Negro;CIRUELA;Reina Clau;$/Kg;13;13;1;13;2026-01-05;2026-01-21;1;2282.0500;2250.0000;2333.3300;0.0185;100.0000;Baja
Frutas;Mercado Central de Buenos Aires;Río Negro;NUEZ;(sin informar);$/Kg;13;13;1;13;2026-04-10;2026-04-28;1;6600.0000;6600.0000;6600.0000;0.0000;100.0000;Baja
Hortalizas;Mercado Central de Buenos Aires;Buenos Aires;REP BRUSEL;(sin informar);$/Kg;13;13;1;13;2026-03-06;2026-03-26;1;2500.0000;2125.0000;3000.0000;0.1099;100.0000;Baja
Hortalizas;Mercado Central de Buenos Aires;Mar del Plata;CHOCLO;Amarillo.;$/Kg;13;13;1;13;2026-02-06;2026-02-26;1;518.4608;500.0000;566.6700;0.0390;100.0000;Baja
Hortalizas;Mercado Central de Buenos Aires;Rosario;PAPA;Spunta;$/Kg;13;13;1;13;2026-01-09;2026-01-27;1;467.9477;444.4400;477.7800;0.0291;100.0000;Baja
Hortalizas;Mercado Central de Buenos Aires;San Juan;CEBOLLA;Valenciani;$/Kg;13;13;1;13;2026-01-02;2026-01-20;1;325.0000;320.0000;335.0000;0.0109;100.0000;Baja
Frutas;Mercado Central de Buenos Aires;China;PERA;Asiatica;$/Kg;12;6;1;6;2026-08-13;2026-08-24;1;7600.0000;7600.0000;7600.0000;0.0000;100.0000;Baja
Hortalizas;Mercado Central de Buenos Aires;Misiones;CURCUMA;(sin informar);$/Kg;12;12;1;12;2026-01-02;2026-01-19;1;3733.3333;3500.0000;4000.0000;0.0669;100.0000;Baja
Frutas;Mercado Central de Buenos Aires;Río Negro;DURAZNO;85 Gd 20;$/Kg;11;11;1;11;2026-03-03;2026-03-17;1;2878.7873;2666.6700;3083.3300;0.0539;100.0000;Baja
Frutas;Mercado Central de Buenos Aires;Tucumán;FRAMBUESA;(sin informar);$/Kg;11;11;1;11;2026-06-08;2026-06-23;1;53393.9545;52666.7000;54666.7000;0.0162;100.0000;Baja
Hortalizas;Mercado Central de Buenos Aires;Chubut;ZANAHORIA;Chantenay;$/Kg;11;11;1;11;2026-03-06;2026-03-27;1;770.0000;670.0000;850.0000;0.0825;100.0000;Baja
Frutas;Mercado Central de Buenos Aires;Ecuador;ANANA;Gold;$/Kg;10;10;1;10;2026-03-09;2026-03-20;1;2858.3320;2833.3300;2916.6700;0.0141;100.0000;Baja
Frutas;Mercado Central de Buenos Aires;Mendoza;PELON;Agus Red;$/Kg;10;10;1;10;2026-03-11;2026-03-26;1;3250.0000;3083.3300;3416.6700;0.0452;100.0000;Baja
Frutas;Mercado Central de Buenos Aires;San Juan;SANDIA;Redonda Ra;$/Kg;10;10;1;10;2026-03-09;2026-03-20;1;858.3340;791.6700;916.6700;0.0614;100.0000;Baja
Hortalizas;Mercado Central de Buenos Aires;Mar del Plata;ESPARRAGO;Verde;$/Kg;10;10;1;10;2026-01-02;2026-01-15;1;6620.0000;6000.0000;6800.0000;0.0362;100.0000;Baja
Hortalizas;Mercado Central de Buenos Aires;Mendoza;ZAPALLITO;Largo;$/Kg;10;10;1;10;2026-04-10;2026-04-23;1;1013.8890;888.8900;1166.6700;0.0799;100.0000;Baja
Hortalizas;Mercado Central de Buenos Aires;San Juan;ZAPALLO;Tetsukab.;$/Kg;10;10;1;10;2026-03-11;2026-03-26;1;416.6660;386.6700;433.3300;0.0394;100.0000;Baja
Frutas;(sin informar);Chaco;BANANA SALTENA;(sin informar);$/Kg;9;7;2;7;2026-02-09;2026-03-05;2;26666.6667;25000.0000;32000.0000;0.1010;100.0000;Baja
Frutas;(sin informar);Mendoza;UVA NEGRA;(sin informar);$/Kg;9;6;4;6;2026-03-16;2026-06-08;4;34555.5556;17000.0000;62000.0000;0.3920;100.0000;Baja
Frutas;Mercado Central de Buenos Aires;Egipto;NARANJA;Valencia;$/Kg;9;9;1;9;2026-04-20;2026-04-30;1;1977.7778;1600.0000;2200.0000;0.0791;100.0000;Baja
Frutas;Mercado Central de Buenos Aires;Formosa;MANGO;Oro;$/Kg;9;9;1;9;2026-01-02;2026-01-14;1;3788.8889;3600.0000;3900.0000;0.0383;100.0000;Baja
Frutas;Mercado Central de Buenos Aires;Mar del Plata;ARANDANO;(sin informar);$/Kg;9;9;2;9;2026-05-22;2026-06-04;2;101037.1111;11000.0000;119167.0000;0.3365;100.0000;Baja
Frutas;Mercado Central de Buenos Aires;Nva.Zela;KIWI;Gold;$/Kg;9;9;1;9;2026-07-06;2026-07-30;1;9666.6667;9400.0000;9800.0000;0.0179;100.0000;Baja
Hortalizas;(sin informar);Buenos Aires;APIO DE HOJA;(sin informar);$/Kg;9;9;2;9;2026-03-05;2026-04-29;2;15611.1111;2500.0000;30000.0000;0.5099;100.0000;Baja
Hortalizas;(sin informar);Buenos Aires;BROCOLI;(sin informar);$/Kg;9;8;2;8;2026-03-05;2026-04-13;2;23666.6667;15000.0000;30000.0000;0.1690;100.0000;Baja
Hortalizas;(sin informar);Corrientes;ZAPALLO PLOMO;(sin informar);$/Kg;9;7;5;7;2026-01-05;2026-07-29;5;511.1111;300.0000;800.0000;0.3309;100.0000;Baja
Hortalizas;(sin informar);Córdoba;PAPA BLANCA;(sin informar);$/Kg;9;9;3;9;2026-01-05;2026-07-23;3;14111.1111;11500.0000;22000.0000;0.2894;100.0000;Baja
Hortalizas;(sin informar);Jujuy;LECHUGA CRESPA;(sin informar);$/Kg;9;8;6;8;2026-04-13;2026-12-25;6;15000.0000;13000.0000;19000.0000;0.1106;100.0000;Baja
Hortalizas;Mercado Central de Buenos Aires;Chile;CEBOLLA;Colorada;$/Kg;9;9;2;9;2026-03-06;2026-06-19;2;883.3333;800.0000;1100.0000;0.1087;100.0000;Baja
Hortalizas;Mercado Central de Buenos Aires;Mendoza;CEBOLLA;Valenciana;$/Kg;9;9;1;9;2026-02-06;2026-02-20;1;326.1111;310.0000;335.0000;0.0214;100.0000;Baja
Hortalizas;Mercado Central de Buenos Aires;Mendoza;CHOCLO;Amarillo;$/Kg;9;9;2;9;2026-03-27;2026-04-10;2;707.4056;600.0000;800.0000;0.1099;100.0000;Baja
Hortalizas;Mercado Central de Buenos Aires;Mendoza;ZAPALLO;Mus.Proven;$/Kg;9;9;1;9;2026-06-09;2026-06-22;1;654.4444;640.0000;660.0000;0.0111;100.0000;Baja
Frutas;(sin informar);Chaco;UVA ROSADA;(sin informar);$/Kg;8;6;2;6;2026-06-04;2026-07-16;2;45375.0000;35000.0000;54000.0000;0.1888;100.0000;Baja
Frutas;(sin informar);Corrientes;MELON ROCIO DE MIEL;(sin informar);$/Kg;8;8;3;8;2026-01-05;2026-04-27;3;14875.0000;5000.0000;17000.0000;0.2747;100.0000;Baja
Frutas;(sin informar);Corrientes;POMELO ROSADO;(sin informar);$/Kg;8;8;3;8;2026-03-30;2026-07-27;3;19875.0000;13000.0000;25000.0000;0.2125;100.0000;Baja
Frutas;(sin informar);Entre Ríos;MANDARINA NOVA;(sin informar);$/Kg;8;8;3;8;2026-05-11;2026-07-27;3;10875.0000;8000.0000;13000.0000;0.1510;100.0000;Baja
Frutas;Mercado Central de Buenos Aires;Río Negro;CIRUELA;Fortune;$/Kg;8;8;1;8;2026-03-04;2026-03-13;1;2333.3300;2333.3300;2333.3300;0.0000;100.0000;Baja
Hortalizas;(sin informar);Buenos Aires;CHAUCHA MUSICA;(sin informar);$/Kg;8;8;3;8;2026-02-09;2026-04-27;3;33125.0000;10000.0000;40000.0000;0.3012;100.0000;Baja
Hortalizas;(sin informar);Buenos Aires;REPOLLO COLORADO;(sin informar);$/Kg;8;8;3;8;2026-03-05;2026-05-04;3;22500.0000;20000.0000;25000.0000;0.0751;100.0000;Baja
Hortalizas;(sin informar);Chaco;TOMATE PERITA;(sin informar);$/Kg;8;6;1;6;2026-07-13;2026-07-30;1;26750.0000;18000.0000;32000.0000;0.1739;100.0000;Baja
Hortalizas;Mercado Central de Buenos Aires;Mendoza;CEB VERDEO;Blanca;$/Kg;8;8;2;8;2026-01-22;2026-02-02;2;1062.5000;1050.0000;1100.0000;0.0218;100.0000;Baja
Hortalizas;Mercado Central de Buenos Aires;Salta;ZAPALLO;Tetsukab.;$/Kg;8;8;1;8;2026-08-12;2026-08-24;1;777.0850;772.2200;777.7800;0.0025;100.0000;Baja
Hortalizas;Mercado Central de Buenos Aires;Sgo.Est.;ZAPALLITO;Redondo;$/Kg;8;8;2;8;2026-03-27;2026-04-09;2;413.1925;333.3300;555.5600;0.2257;100.0000;Baja
Frutas;(sin informar);Corrientes;LIMON;(sin informar);$/Kg;7;7;3;7;2026-03-10;2026-06-10;3;11285.7143;6000.0000;20000.0000;0.5550;100.0000;Baja
Frutas;(sin informar);Entre Ríos;MANDARINA CRIOLLA;(sin informar);$/Kg;7;7;3;7;2026-05-25;2026-07-20;3;10571.4286;8000.0000;14000.0000;0.2033;100.0000;Baja
Frutas;(sin informar);Mendoza;LIMON;(sin informar);$/Kg;7;7;3;7;2026-01-12;2026-05-04;3;22714.2857;9000.0000;30000.0000;0.3455;100.0000;Baja
Frutas;(sin informar);Mendoza;PAPAYA;(sin informar);$/Kg;7;7;3;7;2026-03-12;2026-07-23;3;55285.7143;52000.0000;60000.0000;0.0530;100.0000;Baja
Frutas;Mercado Central de Buenos Aires;(sin informar);CARAMBOLA;Prom.Esp.;$/Kg;7;7;1;7;2026-01-02;2026-01-12;1;9333.3443;4666.6700;13000.0000;0.4679;100.0000;Baja
Frutas;Mercado Central de Buenos Aires;Buenos Aires;DURAZNO;Rubi Princ;$/Kg;7;5;1;5;2026-01-02;2026-01-08;1;2107.1400;1933.3300;2583.3300;0.1413;100.0000;Baja
Frutas;Mercado Central de Buenos Aires;Buenos Aires;DURAZNO;September;$/Kg;7;5;1;5;2026-02-12;2026-02-20;1;2285.7157;2000.0000;2416.6700;0.0864;100.0000;Baja
Frutas;Mercado Central de Buenos Aires;Chile;DURAZNO;Setember S;$/Kg;7;7;2;7;2026-03-30;2026-04-09;2;4625.0000;4625.0000;4625.0000;0.0000;100.0000;Baja
Frutas;Mercado Central de Buenos Aires;Jujuy;CARAMBOLA;(sin informar);$/Kg;7;7;1;7;2026-01-02;2026-01-12;1;9333.3443;4666.6700;13000.0000;0.4679;100.0000;Baja
Frutas;Mercado Central de Buenos Aires;Río Negro;CEREZA;Royal Dawn;$/Kg;7;7;1;7;2026-01-02;2026-01-12;1;8057.1429;7200.0000;8400.0000;0.0727;100.0000;Baja
Frutas;Mercado Central de Buenos Aires;Río Negro;CEREZA;Santina;$/Kg;7;7;1;7;2026-01-02;2026-01-12;1;8400.0000;7600.0000;8800.0000;0.0673;100.0000;Baja
Frutas;Mercado Central de Buenos Aires;San Juan;MELON;Amarillo..;$/Kg;7;7;1;7;2026-04-17;2026-04-27;1;1833.3343;1750.0000;1916.6700;0.0455;100.0000;Baja
Hortalizas;(sin informar);Buenos Aires;COLIFLOR;(sin informar);$/Kg;7;7;2;7;2026-03-05;2026-04-13;2;24428.5714;22000.0000;28000.0000;0.0847;100.0000;Baja
Hortalizas;(sin informar);Buenos Aires;ESPINACA;(sin informar);$/Kg;7;7;2;7;2026-03-05;2026-04-13;2;28857.1429;22000.0000;30000.0000;0.1048;100.0000;Baja
Hortalizas;(sin informar);Buenos Aires;PEPINO;(sin informar);$/Kg;7;7;2;7;2026-02-09;2026-03-16;2;16571.4286;10000.0000;20000.0000;0.2144;100.0000;Baja
Hortalizas;(sin informar);Buenos Aires;ZAPALLITO ZUCHINI;(sin informar);$/Kg;7;7;2;7;2026-02-09;2026-03-23;2;24285.7143;20000.0000;25000.0000;0.0778;100.0000;Baja
Hortalizas;(sin informar);Mendoza;PIMIENTO MORRON VERDE;(sin informar);$/Kg;7;7;3;7;2026-03-23;2026-05-11;3;13285.7143;10000.0000;15000.0000;0.1487;100.0000;Baja
Hortalizas;(sin informar);Mendoza;ZAPALLO INGLES;(sin informar);$/Kg;7;7;3;7;2026-02-09;2026-05-07;3;13857.1429;10000.0000;17000.0000;0.1836;100.0000;Baja
Hortalizas;Mercado Central de Buenos Aires;Mendoza;ACELGA;(sin informar);$/Kg;7;7;2;7;2026-05-07;2026-07-17;2;1176.7857;900.0000;1375.0000;0.1251;100.0000;Baja
Hortalizas;Mercado Central de Buenos Aires;Mendoza;ZAPALLITO;Redondo;$/Kg;7;7;1;7;2026-04-08;2026-04-16;1;1142.8557;933.3300;1266.6700;0.1268;100.0000;Baja
Frutas;(sin informar);Chaco;CIRUELA;(sin informar);$/Kg;6;4;2;4;2026-06-04;2026-07-16;2;59000.0000;35000.0000;71000.0000;0.3022;100.0000;Baja
Frutas;(sin informar);Entre Ríos;MANDARINA DANCY;(sin informar);$/Kg;6;6;2;6;2026-06-15;2026-07-20;2;10333.3333;8000.0000;13000.0000;0.1580;100.0000;Baja
Frutas;(sin informar);Mendoza;MELON ROCIO DE MIEL;(sin informar);$/Kg;6;6;3;6;2026-01-08;2026-03-23;3;20666.6667;20000.0000;22000.0000;0.0500;100.0000;Baja
Frutas;(sin informar);Mendoza;PALTA CHILENA;(sin informar);$/Kg;6;6;4;6;2026-01-05;2026-05-04;4;62833.3333;49000.0000;68000.0000;0.1095;100.0000;Baja
Frutas;(sin informar);Mendoza;PERA PACKAMS ELEGIGA;(sin informar);$/Kg;6;5;3;5;2026-04-09;2026-07-27;3;33000.0000;24000.0000;40000.0000;0.1858;100.0000;Baja
Frutas;(sin informar);Mendoza;UVA CARDINAL;(sin informar);$/Kg;6;6;2;6;2026-01-05;2026-02-05;2;30000.0000;30000.0000;30000.0000;0.0000;100.0000;Baja
Frutas;(sin informar);Río Negro;BANANA ECUATORIANA;(sin informar);$/Kg;6;6;2;6;2026-02-09;2026-06-29;2;39833.3333;34000.0000;41000.0000;0.0717;100.0000;Baja
Frutas;Mercado Central de Buenos Aires;(sin informar);ACEITUNA;Prom.Esp.;$/Kg;6;6;1;6;2026-06-10;2026-06-18;1;4066.6667;4000.0000;4200.0000;0.0254;100.0000;Baja
Frutas;Mercado Central de Buenos Aires;Brasil;UVA;Alfonso;$/Kg;6;6;1;6;2026-01-02;2026-01-09;1;6875.0000;6875.0000;6875.0000;0.0000;100.0000;Baja
Frutas;Mercado Central de Buenos Aires;Buenos Aires;DURAZNO;Dixired;$/Kg;6;3;1;3;2026-01-02;2026-01-06;1;2911.1100;2500.0000;3300.0000;0.1348;100.0000;Baja
Frutas;Mercado Central de Buenos Aires;Buenos Aires;PELON;Anive.Inta;$/Kg;6;6;1;6;2026-01-02;2026-01-09;1;3100.0000;3100.0000;3100.0000;0.0000;100.0000;Baja
Frutas;Mercado Central de Buenos Aires;Chile;CIRUELA;Black Kat;$/Kg;6;6;1;6;2026-03-13;2026-03-20;1;3683.3333;3600.0000;3700.0000;0.0111;100.0000;Baja
Frutas;Mercado Central de Buenos Aires;Chile;LIMON;Eureka;$/Kg;6;6;1;6;2026-01-02;2026-01-09;1;3655.5583;3600.0000;3666.6700;0.0074;100.0000;Baja
Frutas;Mercado Central de Buenos Aires;Egipto;MANDARINA;W.Murcot;$/Kg;6;6;1;6;2026-03-06;2026-03-13;1;2216.6667;2100.0000;2300.0000;0.0340;100.0000;Baja
Frutas;Mercado Central de Buenos Aires;Jujuy;PALTA;Pinkerton;$/Kg;6;6;2;6;2026-02-24;2026-03-03;2;6133.3333;5600.0000;6800.0000;0.0674;100.0000;Baja
Frutas;Mercado Central de Buenos Aires;Mendoza;ACEITUNA;(sin informar);$/Kg;6;6;1;6;2026-06-10;2026-06-18;1;4066.6667;4000.0000;4200.0000;0.0254;100.0000;Baja
Frutas;Mercado Central de Buenos Aires;Mendoza;CEREZA;Brook;$/Kg;6;6;1;6;2026-01-02;2026-01-09;1;8533.3333;7600.0000;8800.0000;0.0568;100.0000;Baja
Frutas;Mercado Central de Buenos Aires;Mendoza;DURAZNO;Kurakata;$/Kg;6;6;1;6;2026-01-02;2026-01-09;1;2486.1117;2416.6700;2500.0000;0.0137;100.0000;Baja
Frutas;Mercado Central de Buenos Aires;Mendoza;MELON;Escrito;$/Kg;6;6;1;6;2026-02-11;2026-02-20;1;2000.0000;1700.0000;2100.0000;0.0837;100.0000;Baja
Frutas;Mercado Central de Buenos Aires;Río Negro;DURAZNO;Rojo Uno;$/Kg;6;3;1;3;2026-03-18;2026-03-20;1;2430.5533;2083.3300;2833.3300;0.1570;100.0000;Baja
Hortalizas;(sin informar);Buenos Aires;CHOCLO CREMA;(sin informar);$/Kg;6;6;2;6;2026-03-05;2026-04-13;2;23833.3333;17000.0000;28000.0000;0.2028;100.0000;Baja
Hortalizas;(sin informar);Chaco;CHOCLO AMARILLO;(sin informar);$/Kg;6;6;1;6;2026-07-13;2026-07-30;1;31500.0000;24000.0000;40000.0000;0.2169;100.0000;Baja
Hortalizas;(sin informar);Chaco;LECHUGA REPOLLADA;(sin informar);$/Kg;6;6;1;6;2026-07-13;2026-07-30;1;23666.6667;22000.0000;27000.0000;0.1091;100.0000;Baja
Hortalizas;(sin informar);Chaco;TOMATE CHERRY;(sin informar);$/Kg;6;6;1;6;2026-07-13;2026-07-30;1;28666.6667;24000.0000;32000.0000;0.1372;100.0000;Baja
Hortalizas;(sin informar);Ciudad Autónoma De Buenos Aires;PAPA BLANCA;(sin informar);$/Kg;6;3;1;3;2026-01-12;2026-01-26;1;11500.0000;11500.0000;11500.0000;0.0000;100.0000;Baja
Hortalizas;(sin informar);Mendoza;CEBOLLITA DE VERDEO;(sin informar);$/Kg;6;6;2;6;2026-01-05;2026-02-05;2;3000.0000;3000.0000;3000.0000;0.0000;100.0000;Baja
Hortalizas;(sin informar);Mendoza;ESPINACA;(sin informar);$/Kg;6;6;2;6;2026-01-05;2026-02-05;2;18000.0000;18000.0000;18000.0000;0.0000;100.0000;Baja
Hortalizas;(sin informar);Misiones;MANDIOCA;(sin informar);$/Kg;6;6;3;6;2026-01-12;2026-08-10;3;9000.0000;7000.0000;12000.0000;0.2534;100.0000;Baja
Hortalizas;Mercado Central de Buenos Aires;Jujuy;LECHUGA;Capuchina;$/Kg;6;6;1;6;2026-05-07;2026-05-14;1;1455.5567;1400.0000;1533.3300;0.0345;100.0000;Baja
Hortalizas;Mercado Central de Buenos Aires;Salta;PIMIENTO;Blocky;$/Kg;6;6;1;6;2026-07-08;2026-07-17;1;4316.6667;3800.0000;5600.0000;0.1560;100.0000;Baja
Hortalizas;Mercado Central de Buenos Aires;Se Bs.As;PAPA;Innovator;$/Kg;6;6;2;6;2026-05-13;2026-06-18;2;657.4100;611.1100;666.6700;0.0345;100.0000;Baja
Hortalizas;Mercado Central de Buenos Aires;V.Dolor.;PAPA;Sagitta;$/Kg;6;4;2;4;2026-05-28;2026-06-02;2;1000.0000;950.0000;1050.0000;0.0447;100.0000;Baja
Frutas;(sin informar);Chaco;PERA WILIAMS ELEGIDA;(sin informar);$/Kg;5;5;1;5;2026-02-09;2026-02-20;1;30000.0000;30000.0000;30000.0000;0.0000;100.0000;Baja
Frutas;(sin informar);Mendoza;LIMA;(sin informar);$/Kg;5;5;3;5;2026-01-12;2026-07-20;3;33100.0000;3500.0000;72000.0000;0.7428;100.0000;Baja
Frutas;(sin informar);Tucumán;LIMON ELEGIDO;(sin informar);$/Kg;5;4;4;4;2026-03-30;2026-08-25;4;18600.0000;12000.0000;30000.0000;0.3756;100.0000;Baja
Frutas;Mercado Central de Buenos Aires;España;CIRUELA;Fortune;$/Kg;5;4;1;4;2026-08-19;2026-08-24;1;5866.6680;5777.7800;6000.0000;0.0207;100.0000;Baja
Frutas;Mercado Central de Buenos Aires;España;KIWI;(sin informar);$/Kg;5;5;1;5;2026-06-03;2026-06-09;1;5333.3300;5333.3300;5333.3300;0.0000;100.0000;Baja
Frutas;Mercado Central de Buenos Aires;Mendoza;DAMASCO;Band.Españ;$/Kg;5;4;1;4;2026-01-02;2026-01-07;1;2500.0000;2400.0000;2900.0000;0.0894;100.0000;Baja
Frutas;Mercado Central de Buenos Aires;Mendoza;DURAZNO;September;$/Kg;5;5;1;5;2026-02-23;2026-02-27;1;1883.3340;1833.3300;1916.6700;0.0242;100.0000;Baja
Frutas;Mercado Central de Buenos Aires;Mendoza;UVA;Moscat.Rda;$/Kg;5;5;1;5;2026-03-16;2026-03-20;1;2100.0000;2100.0000;2100.0000;0.0000;100.0000;Baja
Frutas;Mercado Central de Buenos Aires;Río Negro;CEREZA;Regina;$/Kg;5;5;1;5;2026-01-02;2026-01-08;1;8800.0000;8800.0000;8800.0000;0.0000;100.0000;Baja
Hortalizas;(sin informar);Buenos Aires;BERENJENA;(sin informar);$/Kg;5;5;2;5;2026-02-12;2026-03-30;2;18600.0000;15000.0000;20000.0000;0.1178;100.0000;Baja
Hortalizas;(sin informar);Buenos Aires;RUCULA;(sin informar);$/Kg;5;5;2;5;2026-01-12;2026-06-02;2;24200.0000;1000.0000;30000.0000;0.5359;100.0000;Baja
Hortalizas;(sin informar);Corrientes;COLIFLOR;(sin informar);$/Kg;5;5;1;5;2026-08-06;2026-08-24;1;14000.0000;10000.0000;18000.0000;0.2202;100.0000;Baja
Hortalizas;(sin informar);Jujuy;CHAUCHA MUSICA;(sin informar);$/Kg;5;4;3;4;2026-05-11;2026-07-27;3;32400.0000;25000.0000;40000.0000;0.1959;100.0000;Baja
Hortalizas;(sin informar);Mendoza;COLIFLOR;(sin informar);$/Kg;5;5;2;5;2026-04-02;2026-08-24;2;20200.0000;13000.0000;30000.0000;0.4013;100.0000;Baja
Hortalizas;(sin informar);Mendoza;PAPA NEGRA;(sin informar);$/Kg;5;5;2;5;2026-03-02;2026-05-07;2;10900.0000;10000.0000;14000.0000;0.1602;100.0000;Baja
Hortalizas;(sin informar);Misiones;JENGIBRE;(sin informar);$/Kg;5;5;2;5;2026-06-15;2026-07-28;2;5800.0000;5000.0000;6000.0000;0.0771;100.0000;Baja
Hortalizas;(sin informar);Salta;TOMATE PERITA;(sin informar);$/Kg;5;5;2;5;2026-06-01;2026-08-24;2;25200.0000;17000.0000;35000.0000;0.2683;100.0000;Baja
Hortalizas;Mercado Central de Buenos Aires;Brasil;CEBOLLA;Amarilla;$/Kg;5;4;2;4;2026-07-29;2026-08-03;2;1400.0000;1400.0000;1400.0000;0.0000;100.0000;Baja
Hortalizas;Mercado Central de Buenos Aires;Catamarc;ZANAHORIA;Chantenay;$/Kg;5;4;1;4;2026-08-03;2026-08-06;1;830.0000;820.0000;840.0000;0.0085;100.0000;Baja
Hortalizas;Mercado Central de Buenos Aires;Mendoza;BERENJENA;Vta.Med.La;$/Kg;5;5;2;5;2026-02-27;2026-03-05;2;509.3360;466.6700;580.0000;0.1151;100.0000;Baja
Hortalizas;Mercado Central de Buenos Aires;Mendoza;CHAUCHA;Rolliza;$/Kg;5;5;1;5;2026-02-18;2026-02-24;1;2712.5000;2625.0000;2937.5000;0.0505;100.0000;Baja
Hortalizas;Mercado Central de Buenos Aires;San Juan;ALCAUCIL;Blanco;$/Kg;5;5;1;5;2026-08-10;2026-08-14;1;2350.0000;2250.0000;2375.0000;0.0238;100.0000;Baja
Hortalizas;Mercado Central de Buenos Aires;San Juan;REPOLLO;Colorado;$/Kg;5;5;2;5;2026-01-27;2026-02-02;2;1146.6640;1133.3300;1200.0000;0.0260;100.0000;Baja
Frutas;(sin informar);Chaco;KIWI;(sin informar);$/Kg;4;2;1;2;2026-07-13;2026-07-16;1;51000.0000;50000.0000;52000.0000;0.0226;100.0000;Baja
Frutas;(sin informar);Chaco;PALTA HASS;(sin informar);$/Kg;4;2;1;2;2026-07-13;2026-07-16;1;52500.0000;52000.0000;53000.0000;0.0110;100.0000;Baja
Frutas;(sin informar);Chaco;PERA PACKAMS ELEGIGA;(sin informar);$/Kg;4;4;2;4;2026-07-02;2026-08-24;2;28000.0000;22000.0000;32000.0000;0.1543;100.0000;Baja
Frutas;(sin informar);Entre Ríos;NARANJA OMBLIGO;(sin informar);$/Kg;4;4;3;4;2026-06-15;2026-08-17;3;11250.0000;10000.0000;13000.0000;0.1333;100.0000;Baja
Frutas;(sin informar);Mendoza;BANANA BOLIVIANA;(sin informar);$/Kg;4;4;2;4;2026-01-12;2026-03-26;2;30500.0000;30000.0000;32000.0000;0.0328;100.0000;Baja
Frutas;Mercado Central de Buenos Aires;Mar del Plata;MORA;(sin informar);$/Kg;4;4;1;4;2026-04-23;2026-04-28;1;32666.6500;32000.0000;33333.3000;0.0236;100.0000;Baja
Frutas;Mercado Central de Buenos Aires;Paraguay;ANANA;Perola;$/Kg;4;4;1;4;2026-01-02;2026-01-07;1;2000.0000;2000.0000;2000.0000;0.0000;100.0000;Baja
Frutas;Mercado Central de Buenos Aires;San Juan;MELON;Sun Dew;$/Kg;4;4;1;4;2026-01-02;2026-01-07;1;2650.0000;2600.0000;2700.0000;0.0218;100.0000;Baja
Hortalizas;(sin informar);Corrientes;MANDIOCA CORRIENTES;(sin informar);$/Kg;4;3;2;3;2026-03-19;2026-05-28;2;12250.0000;12000.0000;13000.0000;0.0408;100.0000;Baja
Hortalizas;(sin informar);Corrientes;POROTO SENORITA;(sin informar);$/Kg;4;4;3;4;2026-02-26;2026-07-27;3;4750.0000;4000.0000;5000.0000;0.1053;100.0000;Baja
Hortalizas;(sin informar);Jujuy;CHAUCHA ROLLIZA;(sin informar);$/Kg;4;4;3;4;2026-04-20;2026-07-27;3;31250.0000;26000.0000;40000.0000;0.1944;100.0000;Baja
Hortalizas;(sin informar);Salta;TOMATE REDONDO;(sin informar);$/Kg;4;4;2;4;2026-06-01;2026-08-24;2;30000.0000;22000.0000;38000.0000;0.2177;100.0000;Baja
Hortalizas;Mercado Central de Buenos Aires;Chile;CEBOLLA;Valenciana;$/Kg;4;4;2;4;2026-06-19;2026-07-01;2;1031.2500;975.0000;1050.0000;0.0364;100.0000;Baja
Hortalizas;Mercado Central de Buenos Aires;Río Negro;ESPARRAGO;Verde;$/Kg;4;4;1;4;2026-02-23;2026-02-26;1;5800.0000;5600.0000;6000.0000;0.0398;100.0000;Baja
Hortalizas;Mercado Central de Buenos Aires;Se Bs.As;PAPA;Atlantic;$/Kg;4;4;1;4;2026-06-10;2026-06-16;1;666.6700;666.6700;666.6700;0.0000;100.0000;Baja
Hortalizas;Mercado Central de Buenos Aires;Se Bs.As;PAPA;Noha;$/Kg;4;4;2;4;2026-03-27;2026-04-01;2;810.0000;800.0000;840.0000;0.0247;100.0000;Baja
Frutas;(sin informar);Chaco;BANANA ECUATORIANA;(sin informar);$/Kg;3;3;2;3;2026-06-15;2026-08-17;2;43000.0000;32000.0000;62000.0000;0.3842;100.0000;Baja
Frutas;(sin informar);Chaco;BANANA FORMOSENA;(sin informar);$/Kg;3;3;3;3;2026-03-12;2026-07-02;3;20333.3333;16000.0000;27000.0000;0.2882;100.0000;Baja
Frutas;(sin informar);Chaco;MANZANA R DELICIUS COMERCIAL;(sin informar);$/Kg;3;3;2;3;2026-06-25;2026-08-20;2;31000.0000;28000.0000;35000.0000;0.1163;100.0000;Baja
Frutas;(sin informar);Chaco;MANZANA R DELICIUS ELEGIDA;(sin informar);$/Kg;3;3;2;3;2026-03-05;2026-07-27;2;41666.6667;35000.0000;45000.0000;0.1386;100.0000;Baja
Frutas;(sin informar);Chaco;PAPAYA;(sin informar);$/Kg;3;3;3;3;2026-03-30;2026-05-25;3;58333.3333;55000.0000;60000.0000;0.0495;100.0000;Baja
Frutas;(sin informar);Corrientes;ARANDANO;(sin informar);$/Kg;3;3;1;3;2026-08-12;2026-08-24;1;28666.6667;25000.0000;36000.0000;0.2215;100.0000;Baja
Frutas;(sin informar);Entre Ríos;MANDARINA ELLENDALE;(sin informar);$/Kg;3;3;2;3;2026-07-27;2026-08-17;2;10666.6667;10000.0000;12000.0000;0.1083;100.0000;Baja
Frutas;(sin informar);Mendoza;BANANA SALTENA;(sin informar);$/Kg;3;3;3;3;2026-03-09;2026-07-20;3;25333.3333;23000.0000;28000.0000;0.0993;100.0000;Baja
Frutas;(sin informar);Mendoza;DURAZNO 1633;(sin informar);$/Kg;3;3;1;3;2026-02-09;2026-02-19;1;30000.0000;30000.0000;30000.0000;0.0000;100.0000;Baja
Frutas;(sin informar);Mendoza;POMELO ROSADO;(sin informar);$/Kg;3;3;1;3;2026-01-12;2026-01-26;1;30000.0000;30000.0000;30000.0000;0.0000;100.0000;Baja
Frutas;(sin informar);Río Negro;MANZANA ROYAL GALA ELEGIDA;(sin informar);$/Kg;3;3;2;3;2026-03-30;2026-04-20;2;41666.6667;25000.0000;50000.0000;0.3464;100.0000;Baja
Frutas;Mercado Central de Buenos Aires;Brasil;LIMON;Eureka;$/Kg;3;3;1;3;2026-01-02;2026-01-06;1;3600.0000;3533.3300;3666.6700;0.0185;100.0000;Baja
Frutas;Mercado Central de Buenos Aires;Jujuy;MBURUCUYA;(sin informar);$/Kg;3;3;1;3;2026-01-02;2026-01-06;1;6000.0000;6000.0000;6000.0000;0.0000;100.0000;Baja
Frutas;Mercado Central de Buenos Aires;Río Negro;PELON;Venus;$/Kg;3;3;1;3;2026-03-12;2026-03-16;1;1583.3300;1583.3300;1583.3300;0.0000;100.0000;Baja
Hortalizas;(sin informar);Buenos Aires;CHOCLO AMARILLO;(sin informar);$/Kg;3;3;2;3;2026-03-02;2026-04-09;2;24333.3333;20000.0000;28000.0000;0.1661;100.0000;Baja
Hortalizas;(sin informar);Buenos Aires;PUERRO;(sin informar);$/Kg;3;3;2;3;2026-02-09;2026-03-09;2;4833.3333;2500.0000;6000.0000;0.4181;100.0000;Baja
Hortalizas;(sin informar);Chaco;TOMATE REDONDO;(sin informar);$/Kg;3;3;1;3;2026-07-23;2026-07-30;1;26666.6667;24000.0000;32000.0000;0.1732;100.0000;Baja
Hortalizas;(sin informar);Ciudad Autónoma De Buenos Aires;ZAPALLO COREANO;(sin informar);$/Kg;3;3;1;3;2026-01-12;2026-01-26;1;8000.0000;8000.0000;8000.0000;0.0000;100.0000;Baja
Hortalizas;(sin informar);Corrientes;CHOCLO CREMA;(sin informar);$/Kg;3;3;2;3;2026-03-05;2026-06-15;2;16666.6667;10000.0000;30000.0000;0.6928;100.0000;Baja
Hortalizas;(sin informar);Corrientes;ZAPALLO INGLES;(sin informar);$/Kg;3;3;1;3;2026-04-13;2026-04-20;1;15000.0000;15000.0000;15000.0000;0.0000;100.0000;Baja
Hortalizas;(sin informar);Mendoza;ZAPALLITO TRONCO;(sin informar);$/Kg;3;3;2;3;2026-02-09;2026-06-08;2;16333.3333;15000.0000;19000.0000;0.1414;100.0000;Baja
Hortalizas;(sin informar);Río Negro;ZAPALLO TETSUKABUTO;(sin informar);$/Kg;3;3;3;3;2026-06-08;2026-08-10;3;14333.3333;12000.0000;18000.0000;0.2243;100.0000;Baja
Hortalizas;(sin informar);San Juan;CEBOLLA SINTETICA 14;(sin informar);$/Kg;3;3;1;3;2026-02-09;2026-02-26;1;7333.3333;7000.0000;7500.0000;0.0394;100.0000;Baja
Hortalizas;(sin informar);Santiago Del Estero;ZANAHORIA;(sin informar);$/Kg;3;3;2;3;2026-07-20;2026-08-24;2;13666.6667;12000.0000;16000.0000;0.1523;100.0000;Baja
Hortalizas;Mercado Central de Buenos Aires;S.Bs.As.;CEBOLLA;Valenciani;$/Kg;3;3;1;3;2026-02-18;2026-02-20;1;308.3333;305.0000;310.0000;0.0094;100.0000;Baja
Hortalizas;Mercado Central de Buenos Aires;Sgo.Est.;BERENJENA;Vta.Med.La;$/Kg;3;3;1;3;2026-05-05;2026-05-07;1;800.0000;733.3300;866.6700;0.0833;100.0000;Baja
Frutas;(sin informar);Corrientes;MAMON;(sin informar);$/Kg;2;2;2;2;2026-02-26;2026-03-30;2;10750.0000;1500.0000;20000.0000;1.2169;100.0000;Baja
Frutas;(sin informar);Corrientes;MANDARINA ENCORE;(sin informar);$/Kg;2;2;1;2;2026-07-13;2026-07-16;1;10000.0000;10000.0000;10000.0000;0.0000;100.0000;Baja
Frutas;(sin informar);Corrientes;NARANJA NAVELINA;(sin informar);$/Kg;2;2;2;2;2026-06-08;2026-07-15;2;13500.0000;13000.0000;14000.0000;0.0524;100.0000;Baja
Frutas;(sin informar);Corrientes;POMELO BLANCO;(sin informar);$/Kg;2;2;2;2;2026-03-10;2026-05-04;2;16000.0000;7000.0000;25000.0000;0.7955;100.0000;Baja
Frutas;(sin informar);Córdoba;MANZANA R DELICIUS COMERCIAL;(sin informar);$/Kg;2;2;1;2;2026-07-13;2026-07-16;1;35000.0000;35000.0000;35000.0000;0.0000;100.0000;Baja
Frutas;(sin informar);Córdoba;PERA WILIAMS ELEGIDA;(sin informar);$/Kg;2;2;1;2;2026-07-13;2026-07-16;1;30000.0000;30000.0000;30000.0000;0.0000;100.0000;Baja
Frutas;(sin informar);Entre Ríos;MANDARINA OKITSU;(sin informar);$/Kg;2;2;1;2;2026-05-11;2026-05-18;1;10500.0000;9000.0000;12000.0000;0.2020;100.0000;Baja
Frutas;(sin informar);Mendoza;GRANADA;(sin informar);$/Kg;2;2;2;2;2026-05-11;2026-07-20;2;29500.0000;29000.0000;30000.0000;0.0240;100.0000;Baja
Frutas;(sin informar);Mendoza;MANZANA GALA COMERCIAL;(sin informar);$/Kg;2;2;2;2;2026-02-26;2026-03-09;2;41500.0000;38000.0000;45000.0000;0.1193;100.0000;Baja
Frutas;(sin informar);Mendoza;MANZANA ROYAL GALA COMERCIAL;(sin informar);$/Kg;2;2;1;2;2026-03-02;2026-03-05;1;39000.0000;35000.0000;43000.0000;0.1450;100.0000;Baja
Frutas;(sin informar);Misiones;FRUTILLA;(sin informar);$/Kg;2;2;2;2;2026-07-24;2026-08-20;2;11000.0000;10000.0000;12000.0000;0.1286;100.0000;Baja
Frutas;(sin informar);Río Negro;MANZANA GALA COMERCIAL;(sin informar);$/Kg;2;2;1;2;2026-02-09;2026-02-16;1;36000.0000;36000.0000;36000.0000;0.0000;100.0000;Baja
Frutas;Mercado Central de Buenos Aires;Río Negro;DURAZNO;Andesblack;$/Kg;2;2;1;2;2026-03-03;2026-03-04;1;2900.0000;2900.0000;2900.0000;0.0000;100.0000;Baja
Hortalizas;(sin informar);Buenos Aires;ZANAHORIA;(sin informar);$/Kg;2;2;1;2;2026-02-12;2026-02-20;1;18000.0000;18000.0000;18000.0000;0.0000;100.0000;Baja
Hortalizas;(sin informar);Catamarca;ZAPALLO PLOMO;(sin informar);$/Kg;2;2;2;2;2026-05-04;2026-06-15;2;450.0000;400.0000;500.0000;0.1571;100.0000;Baja
Hortalizas;(sin informar);Chaco;CHOCLO CREMA;(sin informar);$/Kg;2;2;1;2;2026-07-13;2026-07-16;1;27000.0000;27000.0000;27000.0000;0.0000;100.0000;Baja
Hortalizas;(sin informar);Chaco;PAPA NEGRA;(sin informar);$/Kg;2;2;2;2;2026-03-02;2026-06-11;2;12750.0000;9500.0000;16000.0000;0.3605;100.0000;Baja
Hortalizas;(sin informar);Chaco;PEREJIL;(sin informar);$/Kg;2;2;1;2;2026-07-13;2026-07-16;1;20000.0000;20000.0000;20000.0000;0.0000;100.0000;Baja
Hortalizas;(sin informar);Chaco;PIMIENTO MORRON ROJO;(sin informar);$/Kg;2;2;1;2;2026-07-13;2026-07-16;1;48000.0000;48000.0000;48000.0000;0.0000;100.0000;Baja
Hortalizas;(sin informar);Chaco;REMOLACHA;(sin informar);$/Kg;2;2;1;2;2026-07-13;2026-07-16;1;25000.0000;25000.0000;25000.0000;0.0000;100.0000;Baja
Hortalizas;(sin informar);Chaco;REPOLLO BLANCO;(sin informar);$/Kg;2;2;1;2;2026-07-13;2026-07-16;1;23000.0000;23000.0000;23000.0000;0.0000;100.0000;Baja
Hortalizas;(sin informar);Chaco;REPOLLO COLORADO;(sin informar);$/Kg;2;2;1;2;2026-07-13;2026-07-16;1;23000.0000;23000.0000;23000.0000;0.0000;100.0000;Baja
Hortalizas;(sin informar);Corrientes;ARVEJA;(sin informar);$/Kg;2;2;1;2;2026-08-12;2026-08-21;1;3000.0000;2500.0000;3500.0000;0.2357;100.0000;Baja
Hortalizas;(sin informar);Corrientes;CEBOLLA VALENCIANITA;(sin informar);$/Kg;2;2;2;2;2026-05-22;2026-06-29;2;2500.0000;2000.0000;3000.0000;0.2828;100.0000;Baja
Hortalizas;(sin informar);Corrientes;MENTA;(sin informar);$/Kg;2;2;2;2;2026-05-27;2026-07-23;2;5000.0000;2000.0000;8000.0000;0.8485;100.0000;Baja
Hortalizas;(sin informar);Corrientes;PIMIENTO MORRON AMARILLO;(sin informar);$/Kg;2;2;1;2;2026-06-01;2026-06-04;1;26000.0000;24000.0000;28000.0000;0.1088;100.0000;Baja
Hortalizas;(sin informar);Córdoba;PAPA NEGRA;(sin informar);$/Kg;2;2;1;2;2026-07-13;2026-07-16;1;18000.0000;18000.0000;18000.0000;0.0000;100.0000;Baja
Hortalizas;(sin informar);Jujuy;ARVEJA;(sin informar);$/Kg;2;2;2;2;2026-06-29;2026-08-24;2;3750.0000;3500.0000;4000.0000;0.0943;100.0000;Baja
Hortalizas;(sin informar);Jujuy;CEBOLLITA DE VERDEO;(sin informar);$/Kg;2;2;2;2;2026-06-25;2026-07-02;2;16250.0000;2500.0000;30000.0000;1.1966;100.0000;Baja
Hortalizas;(sin informar);Jujuy;PIMIENTO MORRON ROJO;(sin informar);$/Kg;2;1;1;1;2026-07-02;2026-07-02;1;24000.0000;23000.0000;25000.0000;0.0589;100.0000;Baja
Hortalizas;(sin informar);Mendoza;BERENJENA;(sin informar);$/Kg;2;2;1;2;2026-02-09;2026-02-16;1;18000.0000;18000.0000;18000.0000;0.0000;100.0000;Baja
Hortalizas;(sin informar);Mendoza;JENGIBRE;(sin informar);$/Kg;2;2;1;2;2026-02-09;2026-02-16;1;7500.0000;7500.0000;7500.0000;0.0000;100.0000;Baja
Hortalizas;(sin informar);Mendoza;PEREJIL;(sin informar);$/Kg;2;2;2;2;2026-03-23;2026-06-08;2;17500.0000;5000.0000;30000.0000;1.0102;100.0000;Baja
Hortalizas;(sin informar);Mendoza;TOMATE CHERRY;(sin informar);$/Kg;2;2;1;2;2026-03-05;2026-03-19;1;7000.0000;2000.0000;12000.0000;1.0102;100.0000;Baja
Hortalizas;(sin informar);Mendoza;ZAPALLO PLOMO;(sin informar);$/Kg;2;2;2;2;2026-03-23;2026-05-04;2;450.0000;400.0000;500.0000;0.1571;100.0000;Baja
Hortalizas;(sin informar);Salta;PEPINO;(sin informar);$/Kg;2;2;2;2;2026-06-01;2026-08-10;2;35000.0000;35000.0000;35000.0000;0.0000;100.0000;Baja
Hortalizas;Mercado Central de Buenos Aires;Brasil;TOMATE;Perita;$/Kg;2;2;1;2;2026-07-20;2026-07-21;1;1444.4400;1444.4400;1444.4400;0.0000;100.0000;Baja
Hortalizas;Mercado Central de Buenos Aires;Buenos Aires;KALE;Morado;$/Kg;2;2;1;2;2026-08-21;2026-08-24;1;1250.0000;1200.0000;1300.0000;0.0566;100.0000;Baja
Hortalizas;Mercado Central de Buenos Aires;Jujuy;LECHUGA;Francesa;$/Kg;2;2;1;2;2026-05-13;2026-05-14;1;1208.3350;1166.6700;1250.0000;0.0488;100.0000;Baja
Hortalizas;Mercado Central de Buenos Aires;Jujuy;LECHUGA;Mantecosa;$/Kg;2;2;1;2;2026-05-13;2026-05-14;1;1166.6700;1166.6700;1166.6700;0.0000;100.0000;Baja
Hortalizas;Mercado Central de Buenos Aires;Mar del Plata;ARVEJA;(sin informar);$/Kg;2;2;1;2;2026-01-27;2026-01-28;1;1750.0000;1750.0000;1750.0000;0.0000;100.0000;Baja
Hortalizas;Mercado Central de Buenos Aires;Mar del Plata;CHOCLO;(sin informar);$/Kg;2;1;1;1;2026-06-05;2026-06-05;1;2866.6700;2866.6700;2866.6700;0.0000;100.0000;Baja
Hortalizas;Mercado Central de Buenos Aires;S.Bs.As.;AJO;Colorado;$/Kg;2;1;1;1;2026-08-03;2026-08-03;1;2300.0000;2300.0000;2300.0000;0.0000;100.0000;Baja
Hortalizas;Mercado Central de Buenos Aires;Se Bs.As;PAPA;Daisy;$/Kg;2;1;1;1;2026-05-04;2026-05-04;1;560.0000;560.0000;560.0000;0.0000;100.0000;Baja
Frutas;(sin informar);Buenos Aires;LIMON COMERCIAL;(sin informar);$/Kg;1;1;1;1;2026-04-30;2026-04-30;1;6000.0000;6000.0000;6000.0000;;100.0000;Baja
Frutas;(sin informar);Chaco;MELON CRIOLLO;(sin informar);$/Kg;1;1;1;1;2026-03-12;2026-03-12;1;1000.0000;1000.0000;1000.0000;;100.0000;Baja
Frutas;(sin informar);Chaco;PERA PACKAMS COMERCIAL;(sin informar);$/Kg;1;1;1;1;2026-06-11;2026-06-11;1;24000.0000;24000.0000;24000.0000;;100.0000;Baja
Frutas;(sin informar);Chaco;SANDIA;(sin informar);$/Kg;1;1;1;1;2026-03-12;2026-03-12;1;800.0000;800.0000;800.0000;;100.0000;Baja
Frutas;(sin informar);Corrientes;MANZANA R DELICIUS COMERCIAL;(sin informar);$/Kg;1;1;1;1;2026-08-03;2026-08-03;1;32000.0000;32000.0000;32000.0000;;100.0000;Baja
Frutas;(sin informar);Corrientes;MELON AMARILLO;(sin informar);$/Kg;1;1;1;1;2026-03-03;2026-03-03;1;1000.0000;1000.0000;1000.0000;;100.0000;Baja
Frutas;(sin informar);Corrientes;NARANJA BUCKEYE;(sin informar);$/Kg;1;1;1;1;2026-06-01;2026-06-01;1;15000.0000;15000.0000;15000.0000;;100.0000;Baja
Frutas;(sin informar);Corrientes;NARANJA NEW HALL;(sin informar);$/Kg;1;1;1;1;2026-05-11;2026-05-11;1;16000.0000;16000.0000;16000.0000;;100.0000;Baja
Frutas;(sin informar);Corrientes;TOMATE REDONDO;(sin informar);$/Kg;1;1;1;1;2026-08-24;2026-08-24;1;15000.0000;15000.0000;15000.0000;;100.0000;Baja
Frutas;(sin informar);Entre Ríos;MANDARINA MURCOT;(sin informar);$/Kg;1;1;1;1;2026-07-27;2026-07-27;1;10000.0000;10000.0000;10000.0000;;100.0000;Baja
Frutas;(sin informar);Entre Ríos;NARANJA NAVELINA;(sin informar);$/Kg;1;1;1;1;2026-07-20;2026-07-20;1;10000.0000;10000.0000;10000.0000;;100.0000;Baja
Frutas;(sin informar);Formosa;FRUTILLA;(sin informar);$/Kg;1;1;1;1;2026-07-02;2026-07-02;1;30000.0000;30000.0000;30000.0000;;100.0000;Baja
Frutas;(sin informar);Jujuy;ARANDANO;(sin informar);$/Kg;1;1;1;1;2026-08-10;2026-08-10;1;15000.0000;15000.0000;15000.0000;;100.0000;Baja
Frutas;(sin informar);Jujuy;FRUTILLA;(sin informar);$/Kg;1;1;1;1;2026-06-25;2026-06-25;1;60000.0000;60000.0000;60000.0000;;100.0000;Baja
Frutas;(sin informar);Mendoza;ARANDANO;(sin informar);$/Kg;1;1;1;1;2026-07-20;2026-07-20;1;17000.0000;17000.0000;17000.0000;;100.0000;Baja
Frutas;(sin informar);Mendoza;BANANA BRASILENA;(sin informar);$/Kg;1;1;1;1;2026-07-30;2026-07-30;1;28000.0000;28000.0000;28000.0000;;100.0000;Baja
Frutas;(sin informar);Mendoza;LIMON ELEGIDO;(sin informar);$/Kg;1;1;1;1;2026-03-09;2026-03-09;1;30000.0000;30000.0000;30000.0000;;100.0000;Baja
Frutas;(sin informar);Mendoza;MANZANA ROYAL GALA ELEGIDA;(sin informar);$/Kg;1;1;1;1;2026-07-30;2026-07-30;1;50000.0000;50000.0000;50000.0000;;100.0000;Baja
Frutas;(sin informar);Mendoza;MELON AMARILLO;(sin informar);$/Kg;1;1;1;1;2026-03-19;2026-03-19;1;25000.0000;25000.0000;25000.0000;;100.0000;Baja
Frutas;(sin informar);Misiones;MELON CRIOLLO;(sin informar);$/Kg;1;1;1;1;2026-03-09;2026-03-09;1;1000.0000;1000.0000;1000.0000;;100.0000;Baja
Frutas;(sin informar);Misiones;SANDIA REDONDA RAYADA;(sin informar);$/Kg;1;1;1;1;2026-03-09;2026-03-09;1;700.0000;700.0000;700.0000;;100.0000;Baja
Frutas;(sin informar);Río Negro;BANANA PARAGUAYA;(sin informar);$/Kg;1;1;1;1;2026-06-08;2026-06-08;1;32000.0000;32000.0000;32000.0000;;100.0000;Baja
Frutas;(sin informar);Río Negro;BANANA SALTENA;(sin informar);$/Kg;1;1;1;1;2026-02-23;2026-02-23;1;28000.0000;28000.0000;28000.0000;;100.0000;Baja
Frutas;(sin informar);Río Negro;KIWI;(sin informar);$/Kg;1;1;1;1;2026-06-29;2026-06-29;1;48000.0000;48000.0000;48000.0000;;100.0000;Baja
Frutas;(sin informar);Río Negro;UVA ROSADA;(sin informar);$/Kg;1;1;1;1;2026-06-08;2026-06-08;1;26000.0000;26000.0000;26000.0000;;100.0000;Baja
Frutas;Mercado Central de Buenos Aires;Brasil;UVA;Isis;$/Kg;1;1;1;1;2026-05-08;2026-05-08;1;6125.0000;6125.0000;6125.0000;;100.0000;Baja
Frutas;Mercado Central de Buenos Aires;Brasil;UVA;T.Seedless;$/Kg;1;1;1;1;2026-01-16;2026-01-16;1;2875.0000;2875.0000;2875.0000;;100.0000;Baja
Frutas;Mercado Central de Buenos Aires;Buenos Aires;CASTANA;(sin informar);$/Kg;1;1;1;1;2026-04-14;2026-04-14;1;14000.0000;14000.0000;14000.0000;;100.0000;Baja
Frutas;Mercado Central de Buenos Aires;Buenos Aires;PELON;Fantasy;$/Kg;1;1;1;1;2026-01-02;2026-01-02;1;3100.0000;3100.0000;3100.0000;;100.0000;Baja
Frutas;Mercado Central de Buenos Aires;Buenos Aires;POMELO;Ruby Red;$/Kg;1;1;1;1;2026-04-13;2026-04-13;1;2111.1100;2111.1100;2111.1100;;100.0000;Baja
Frutas;Mercado Central de Buenos Aires;Catamarc;MELON;Rocio Miel;$/Kg;1;1;1;1;2026-03-27;2026-03-27;1;2083.3300;2083.3300;2083.3300;;100.0000;Baja
Frutas;Mercado Central de Buenos Aires;España;CIRUELA;Blondie79;$/Kg;1;1;1;1;2026-06-03;2026-06-03;1;1400.0000;1400.0000;1400.0000;;100.0000;Baja
Frutas;Mercado Central de Buenos Aires;España;KIWI;Hayward;$/Kg;1;1;1;1;2026-03-02;2026-03-02;1;5200.0000;5200.0000;5200.0000;;100.0000;Baja
Frutas;Mercado Central de Buenos Aires;Mendoza;CEREZA;Nimba;$/Kg;1;1;1;1;2026-07-29;2026-07-29;1;21200.0000;21200.0000;21200.0000;;100.0000;Baja
Frutas;Mercado Central de Buenos Aires;Mendoza;MELON;(sin informar);$/Kg;1;1;1;1;2026-02-12;2026-02-12;1;1583.3300;1583.3300;1583.3300;;100.0000;Baja
Frutas;Mercado Central de Buenos Aires;Mendoza;MELON;Amarillo;$/Kg;1;1;1;1;2026-02-12;2026-02-12;1;1750.0000;1750.0000;1750.0000;;100.0000;Baja
Frutas;Mercado Central de Buenos Aires;Misiones;NARANJA;Valen.Late;$/Kg;1;1;1;1;2026-01-13;2026-01-13;1;1722.2200;1722.2200;1722.2200;;100.0000;Baja
Frutas;Mercado Central de Buenos Aires;Salta;MELON;Amarillo;$/Kg;1;1;1;1;2026-02-27;2026-02-27;1;1700.0000;1700.0000;1700.0000;;100.0000;Baja
Frutas;Mercado Central de Buenos Aires;Salta;NARANJA;Valencia;$/Kg;1;1;1;1;2026-01-30;2026-01-30;1;1533.3300;1533.3300;1533.3300;;100.0000;Baja
Hortalizas;(sin informar);(sin informar);ESPINACA;(sin informar);$/Kg;1;1;1;1;2026-08-10;2026-08-10;1;15000.0000;15000.0000;15000.0000;;100.0000;Baja
Hortalizas;(sin informar);Buenos Aires;ALBAHACA;(sin informar);$/Kg;1;1;1;1;2026-03-25;2026-03-25;1;5000.0000;5000.0000;5000.0000;;100.0000;Baja
Hortalizas;(sin informar);Buenos Aires;BATATA BLANCA;(sin informar);$/Kg;1;1;1;1;2026-06-04;2026-06-04;1;5000.0000;5000.0000;5000.0000;;100.0000;Baja
Hortalizas;(sin informar);Buenos Aires;PAPA BLANCA;(sin informar);$/Kg;1;1;1;1;2026-04-09;2026-04-09;1;12000.0000;12000.0000;12000.0000;;100.0000;Baja
Hortalizas;(sin informar);Buenos Aires;ZAPALLO TETSUKABUTO;(sin informar);$/Kg;1;1;1;1;2026-07-06;2026-07-06;1;10000.0000;10000.0000;10000.0000;;100.0000;Baja
Hortalizas;(sin informar);Catamarca;ZAPALLO TETSUKABUTO;(sin informar);$/Kg;1;1;1;1;2026-06-15;2026-06-15;1;500.0000;500.0000;500.0000;;100.0000;Baja
Hortalizas;(sin informar);Chaco;ZAPALLO COREANO;(sin informar);$/Kg;1;1;1;1;2026-06-24;2026-06-24;1;12000.0000;12000.0000;12000.0000;;100.0000;Baja
Hortalizas;(sin informar);Chaco;ZAPALLO TETSUKABUTO;(sin informar);$/Kg;1;1;1;1;2026-06-24;2026-06-24;1;15000.0000;15000.0000;15000.0000;;100.0000;Baja
Hortalizas;(sin informar);Ciudad Autónoma De Buenos Aires;PAPA NEGRA;(sin informar);$/Kg;1;1;1;1;2026-03-18;2026-03-18;1;7500.0000;7500.0000;7500.0000;;100.0000;Baja
Hortalizas;(sin informar);Corrientes;LECHUGA MORADA;(sin informar);$/Kg;1;1;1;1;2026-08-06;2026-08-06;1;10000.0000;10000.0000;10000.0000;;100.0000;Baja
Hortalizas;(sin informar);Córdoba;BATATA BLANCA;(sin informar);$/Kg;1;1;1;1;2026-04-27;2026-04-27;1;6000.0000;6000.0000;6000.0000;;100.0000;Baja
Hortalizas;(sin informar);Córdoba;ESPINACA;(sin informar);$/Kg;1;1;1;1;2026-08-11;2026-08-11;1;10000.0000;10000.0000;10000.0000;;100.0000;Baja
Hortalizas;(sin informar);Entre Ríos;AJO MORADO CHINO;(sin informar);$/Kg;1;1;1;1;2026-06-15;2026-06-15;1;18000.0000;18000.0000;18000.0000;;100.0000;Baja
Hortalizas;(sin informar);Formosa;ZAPALLO TETSUKABUTO;(sin informar);$/Kg;1;1;1;1;2026-03-09;2026-03-09;1;12000.0000;12000.0000;12000.0000;;100.0000;Baja
Hortalizas;(sin informar);Jujuy;CHAUCHA POR METRO;(sin informar);$/Kg;1;1;1;1;2026-07-02;2026-07-02;1;32000.0000;32000.0000;32000.0000;;100.0000;Baja
Hortalizas;(sin informar);Jujuy;LECHUGA MORADA;(sin informar);$/Kg;1;1;1;1;2026-06-25;2026-06-25;1;18000.0000;18000.0000;18000.0000;;100.0000;Baja
Hortalizas;(sin informar);Jujuy;MANDIOCA;(sin informar);$/Kg;1;1;1;1;2026-04-20;2026-04-20;1;15000.0000;15000.0000;15000.0000;;100.0000;Baja
Hortalizas;(sin informar);Mendoza;APIO DE HOJA;(sin informar);$/Kg;1;1;1;1;2026-08-17;2026-08-17;1;25000.0000;25000.0000;25000.0000;;100.0000;Baja
Hortalizas;(sin informar);Mendoza;CEBOLLA BLANCA;(sin informar);$/Kg;1;1;1;1;2026-06-01;2026-06-01;1;13000.0000;13000.0000;13000.0000;;100.0000;Baja
Hortalizas;(sin informar);Mendoza;CHAUCHA MUSICA;(sin informar);$/Kg;1;1;1;1;2026-03-05;2026-03-05;1;30000.0000;30000.0000;30000.0000;;100.0000;Baja
Hortalizas;(sin informar);Mendoza;CHAUCHA ROLLIZA;(sin informar);$/Kg;1;1;1;1;2026-03-19;2026-03-19;1;30000.0000;30000.0000;30000.0000;;100.0000;Baja
Hortalizas;(sin informar);Mendoza;LECHUGA MANTECOSA;(sin informar);$/Kg;1;1;1;1;2026-04-16;2026-04-16;1;23000.0000;23000.0000;23000.0000;;100.0000;Baja
Hortalizas;(sin informar);Mendoza;ZAPALLITO ZUCHINI;(sin informar);$/Kg;1;1;1;1;2026-07-30;2026-07-30;1;12000.0000;12000.0000;12000.0000;;100.0000;Baja
Hortalizas;(sin informar);Río Negro;PAPA BLANCA;(sin informar);$/Kg;1;1;1;1;2026-06-04;2026-06-04;1;10000.0000;10000.0000;10000.0000;;100.0000;Baja
Hortalizas;(sin informar);Río Negro;PIMIENTO MORRON ROJO;(sin informar);$/Kg;1;1;1;1;2026-04-09;2026-04-09;1;17000.0000;17000.0000;17000.0000;;100.0000;Baja
Hortalizas;(sin informar);Salta;BERENJENA;(sin informar);$/Kg;1;1;1;1;2026-08-10;2026-08-10;1;23000.0000;23000.0000;23000.0000;;100.0000;Baja
Hortalizas;(sin informar);Salta;BROCOLI;(sin informar);$/Kg;1;1;1;1;2026-08-10;2026-08-10;1;30000.0000;30000.0000;30000.0000;;100.0000;Baja
Hortalizas;(sin informar);Salta;PIMIENTO MORRON ROJO;(sin informar);$/Kg;1;1;1;1;2026-08-24;2026-08-24;1;22000.0000;22000.0000;22000.0000;;100.0000;Baja
Hortalizas;(sin informar);Salta;ZAPALLO COREANO;(sin informar);$/Kg;1;1;1;1;2026-08-24;2026-08-24;1;1000.0000;1000.0000;1000.0000;;100.0000;Baja
Hortalizas;(sin informar);Salta;ZAPALLO PLOMO;(sin informar);$/Kg;1;1;1;1;2026-08-24;2026-08-24;1;1000.0000;1000.0000;1000.0000;;100.0000;Baja
Hortalizas;(sin informar);Salta;ZAPALLO TETSUKABUTO;(sin informar);$/Kg;1;1;1;1;2026-08-24;2026-08-24;1;1000.0000;1000.0000;1000.0000;;100.0000;Baja
Hortalizas;(sin informar);Santa Fe;ZANAHORIA;(sin informar);$/Kg;1;1;1;1;2026-03-19;2026-03-19;1;10000.0000;10000.0000;10000.0000;;100.0000;Baja
Hortalizas;(sin informar);Santiago Del Estero;CEBOLLA SINTETICA 14;(sin informar);$/Kg;1;1;1;1;2026-04-09;2026-04-09;1;11000.0000;11000.0000;11000.0000;;100.0000;Baja
Hortalizas;(sin informar);Tucumán;CEBOLLA SINTETICA 14;(sin informar);$/Kg;1;1;1;1;2026-02-26;2026-02-26;1;7500.0000;7500.0000;7500.0000;;100.0000;Baja
Hortalizas;(sin informar);Tucumán;PAPA BLANCA;(sin informar);$/Kg;1;1;1;1;2026-04-09;2026-04-09;1;14000.0000;14000.0000;14000.0000;;100.0000;Baja
Hortalizas;Mercado Central de Buenos Aires;Buenos Aires;ZAPALLO;Tetsukab.;$/Kg;1;1;1;1;2026-02-06;2026-02-06;1;733.3300;733.3300;733.3300;;100.0000;Baja
Hortalizas;Mercado Central de Buenos Aires;Córdoba;CHOCLO;Amarillo;$/Kg;1;1;1;1;2026-04-21;2026-04-21;1;500.0000;500.0000;500.0000;;100.0000;Baja
Hortalizas;Mercado Central de Buenos Aires;Córdoba;TOMATE;Perita;$/Kg;1;1;1;1;2026-03-09;2026-03-09;1;550.0000;550.0000;550.0000;;100.0000;Baja
Hortalizas;Mercado Central de Buenos Aires;La Plata;PAPA;Spunta;$/Kg;1;1;1;1;2026-06-08;2026-06-08;1;476.1900;476.1900;476.1900;;100.0000;Baja
Hortalizas;Mercado Central de Buenos Aires;Mar del Plata;APIO;(sin informar);$/Kg;1;1;1;1;2026-03-10;2026-03-10;1;1600.0000;1600.0000;1600.0000;;100.0000;Baja
Hortalizas;Mercado Central de Buenos Aires;Mendoza;LECHUGA;Francesa;$/Kg;1;1;1;1;2026-07-08;2026-07-08;1;1583.3300;1583.3300;1583.3300;;100.0000;Baja
Hortalizas;Mercado Central de Buenos Aires;San Juan;AJO;Mdo. Chino;$/Kg;1;1;1;1;2026-08-07;2026-08-07;1;493.3300;493.3300;493.3300;;100.0000;Baja
Hortalizas;Mercado Central de Buenos Aires;San Juan;CHAUCHA;Rolliza;$/Kg;1;1;1;1;2026-05-22;2026-05-22;1;2200.0000;2200.0000;2200.0000;;100.0000;Baja
Hortalizas;Mercado Central de Buenos Aires;Santa Fe;ESPARRAGO;Verde;$/Kg;1;1;1;1;2026-02-20;2026-02-20;1;9000.0000;9000.0000;9000.0000;;100.0000;Baja
Hortalizas;Mercado Central de Buenos Aires;Santa Fe;TOMATE;Redondo;$/Kg;1;1;1;1;2026-05-22;2026-05-22;1;500.0000;500.0000;500.0000;;100.0000;Baja
Hortalizas;Mercado Central de Buenos Aires;Santa Fe;ZAPALLITO;Largo;$/Kg;1;1;1;1;2026-04-10;2026-04-10;1;800.0000;800.0000;800.0000;;100.0000;Baja
Frutas;Mercado Central de Buenos Aires;Mendoza;DURAZNO;Maria Bian;$/Kg;76;38;2;38;2026-01-02;2026-02-26;2;2480.2628;1833.3300;3333.3300;0.1776;100.0000;Media
Frutas;Mercado Central de Buenos Aires;Mendoza;DURAZNO;May Crest;$/Kg;68;39;2;39;2026-01-02;2026-02-27;2;2408.0878;1750.0000;3083.3300;0.1679;100.0000;Media
Hortalizas;Mercado Central de Buenos Aires;Corrientes;TOMATE;Larga Vida;$/Kg;66;33;2;33;2026-06-12;2026-07-31;2;1724.4318;1062.5000;2375.0000;0.1835;100.0000;Media
Frutas;Mercado Central de Buenos Aires;Mendoza;CIRUELA;Blue Giant;$/Kg;58;36;2;36;2026-01-02;2026-02-24;2;3096.5517;2300.0000;4625.0000;0.2312;100.0000;Media
Frutas;Mercado Central de Buenos Aires;Río Negro;CEREZA;Lapins;$/Kg;58;34;2;34;2026-01-02;2026-02-20;2;7241.3793;6200.0000;9200.0000;0.1358;100.0000;Media
Frutas;Mercado Central de Buenos Aires;Chile;UVA;Red Globe;$/Kg;56;30;2;30;2026-07-13;2026-08-24;2;8013.3929;7875.0000;8625.0000;0.0307;100.0000;Media
Frutas;Mercado Central de Buenos Aires;Mendoza;DURAZNO;Eleg. Lady;$/Kg;52;26;2;26;2026-01-14;2026-02-20;2;2471.7954;1833.3300;3100.0000;0.1591;100.0000;Media
Frutas;Mercado Central de Buenos Aires;Mendoza;DURAZNO;White Lady;$/Kg;52;26;2;26;2026-01-02;2026-02-06;2;2701.9225;2083.3300;3500.0000;0.1651;100.0000;Media
Frutas;Mercado Central de Buenos Aires;Brasil;UVA;Sugar Crip;$/Kg;51;25;2;25;2026-07-20;2026-08-24;2;7375.0000;7375.0000;7375.0000;0.0000;100.0000;Media
Frutas;Mercado Central de Buenos Aires;España;CIRUELA;B.Splendor;$/Kg;51;26;2;26;2026-07-13;2026-08-18;2;5849.6753;5666.6700;6666.6700;0.0495;100.0000;Media
Frutas;Mercado Central de Buenos Aires;Corrientes;ARANDANO;(sin informar);$/Kg;48;22;2;22;2026-07-22;2026-08-21;2;21652.7625;12000.0000;42000.0000;0.3237;100.0000;Media
Frutas;Mercado Central de Buenos Aires;Mendoza;DURAZNO;Cristalino;$/Kg;48;24;2;24;2026-01-16;2026-02-20;2;2570.8333;2200.0000;3000.0000;0.0989;100.0000;Media
Frutas;Mercado Central de Buenos Aires;Entre Ríos;MANDARINA;Murcot;$/Kg;47;24;2;24;2026-07-17;2026-08-24;2;723.4028;666.6700;944.4400;0.0543;100.0000;Media
Frutas;Mercado Central de Buenos Aires;Corrientes;NARANJA;New Hall;$/Kg;44;18;2;18;2026-07-24;2026-08-19;2;607.3225;555.5600;611.1100;0.0233;100.0000;Media
Frutas;Mercado Central de Buenos Aires;Mendoza;PELON;Caldessi;$/Kg;42;26;2;26;2026-01-02;2026-03-17;2;2892.8574;2000.0000;3416.6700;0.1605;100.0000;Media
Frutas;Mercado Central de Buenos Aires;Sgo.Est.;MELON;Rocio Miel;$/Kg;42;25;2;25;2026-01-02;2026-02-05;2;1983.3333;1700.0000;2400.0000;0.1377;100.0000;Media
Hortalizas;Mercado Central de Buenos Aires;Río Negro;ZAPALLO;Angola;$/Kg;42;36;2;36;2026-05-08;2026-06-30;2;713.3333;640.0000;800.0000;0.0663;100.0000;Media
Frutas;Mercado Central de Buenos Aires;Río Negro;PERA;Giffard;$/Kg;41;34;2;34;2026-01-02;2026-02-20;2;1753.0534;1444.4400;2176.4700;0.1435;100.0000;Media
Frutas;Mercado Central de Buenos Aires;San Juan;UVA;Cardinal;$/Kg;39;39;2;39;2026-01-02;2026-02-27;2;2306.4103;1400.0000;2800.0000;0.1559;100.0000;Media
Frutas;Mercado Central de Buenos Aires;San Juan;UVA;Flames See;$/Kg;39;39;2;39;2026-01-02;2026-02-27;2;2569.2308;1900.0000;2900.0000;0.0894;100.0000;Media
Frutas;Mercado Central de Buenos Aires;San Juan;UVA;Moscat.Rda;$/Kg;37;37;2;37;2026-03-02;2026-04-27;2;1927.0270;1900.0000;2100.0000;0.0264;100.0000;Media
Frutas;Mercado Central de Buenos Aires;Salta;LIMON;Lisboa;$/Kg;36;36;2;36;2026-01-02;2026-02-24;2;1959.8772;1388.8900;2944.4400;0.2585;100.0000;Media
Frutas;Mercado Central de Buenos Aires;Egipto;MANDARINA;Mirav;$/Kg;35;35;2;35;2026-02-02;2026-03-31;2;2757.1429;2600.0000;3000.0000;0.0355;100.0000;Media
Frutas;Mercado Central de Buenos Aires;(sin informar);GUAYABA;Prom.Esp.;$/Kg;34;34;2;34;2026-01-02;2026-02-20;2;6492.6471;6250.0000;6500.0000;0.0066;100.0000;Media
Frutas;Mercado Central de Buenos Aires;Brasil;GUAYABA;(sin informar);$/Kg;34;34;2;34;2026-01-02;2026-02-20;2;6492.6471;6250.0000;6500.0000;0.0066;100.0000;Media
Frutas;Mercado Central de Buenos Aires;Jujuy;MANGO;(sin informar);$/Kg;34;34;2;34;2026-03-02;2026-04-22;2;2144.1176;1600.0000;3200.0000;0.2649;100.0000;Media
Frutas;Mercado Central de Buenos Aires;Mendoza;CIRUELA;Red Beauty;$/Kg;34;34;2;34;2026-01-02;2026-02-20;2;2073.5303;1916.6700;2166.6700;0.0393;100.0000;Media
Frutas;Mercado Central de Buenos Aires;Chile;CEREZA;Lapins;$/Kg;33;33;2;33;2026-01-02;2026-02-26;2;8303.0303;7200.0000;11000.0000;0.1789;100.0000;Media
Hortalizas;Mercado Central de Buenos Aires;Córdoba;BATATA;Beauregard;$/Kg;33;33;2;33;2026-01-02;2026-02-19;2;2139.3930;1866.6700;2333.3300;0.0547;100.0000;Media
Frutas;Mercado Central de Buenos Aires;Corrientes;LIMON;Genova;$/Kg;32;32;2;32;2026-01-02;2026-02-18;2;1828.1244;1277.7800;2611.1100;0.2586;100.0000;Media
Frutas;Mercado Central de Buenos Aires;España;DURAZNO;(sin informar);$/Kg;32;17;2;17;2026-07-17;2026-08-10;2;7475.0000;7000.0000;8600.0000;0.0412;100.0000;Media
Frutas;Mercado Central de Buenos Aires;Mendoza;DURAZNO;Santa Elen;$/Kg;32;32;2;32;2026-01-02;2026-02-18;2;1935.2675;1714.2900;2071.4300;0.0775;100.0000;Media
Frutas;Mercado Central de Buenos Aires;Corrientes;PALTA;Ettinger;$/Kg;31;31;2;31;2026-04-08;2026-06-23;2;4812.9032;4800.0000;5000.0000;0.0104;100.0000;Media
Frutas;Mercado Central de Buenos Aires;Mendoza;DURAZNO;Snow Giant;$/Kg;31;31;2;31;2026-02-06;2026-03-26;2;1905.9152;1833.3300;2083.3300;0.0314;100.0000;Media
Hortalizas;Mercado Central de Buenos Aires;(sin informar);ECHALOTE;Prom.Esp.;$/Kg;31;30;2;30;2026-07-13;2026-08-24;2;10080.6452;10000.0000;10500.0000;0.0185;100.0000;Media
Hortalizas;Mercado Central de Buenos Aires;Mendoza;ECHALOTE;(sin informar);$/Kg;31;30;2;30;2026-07-13;2026-08-24;2;10080.6452;10000.0000;10500.0000;0.0185;100.0000;Media
Frutas;Mercado Central de Buenos Aires;Catamarc;TUNA;(sin informar);$/Kg;30;30;2;30;2026-03-06;2026-04-22;2;3193.3333;2200.0000;3600.0000;0.1695;100.0000;Media
Frutas;Mercado Central de Buenos Aires;Jujuy;PALTA;Ettinger;$/Kg;30;30;2;30;2026-03-04;2026-04-20;2;5893.3333;5200.0000;6400.0000;0.0434;100.0000;Media
Frutas;Mercado Central de Buenos Aires;Río Negro;MANZANA;Fuji;$/Kg;30;30;2;30;2026-06-05;2026-07-23;2;2603.3333;2500.0000;2700.0000;0.0236;100.0000;Media
Frutas;Mercado Central de Buenos Aires;Río Negro;PERA;Beur.Bosc;$/Kg;30;30;2;30;2026-06-12;2026-07-28;2;1474.0720;1444.4400;1500.0000;0.0191;100.0000;Media
Hortalizas;Mercado Central de Buenos Aires;Santa Fe;ACUSAY;(sin informar);$/Kg;30;29;2;29;2026-07-02;2026-08-13;2;867.3333;740.0000;1100.0000;0.1099;100.0000;Media
Frutas;Mercado Central de Buenos Aires;Mendoza;DURAZNO;O'Henry;$/Kg;29;22;2;22;2026-02-02;2026-03-05;2;2135.0579;1666.6700;2500.0000;0.1071;100.0000;Media
Hortalizas;Mercado Central de Buenos Aires;Santa Fe;BROCOLI;(sin informar);$/Kg;29;28;2;28;2026-06-08;2026-07-29;2;2375.4310;1500.0000;4200.0000;0.3366;100.0000;Media
Frutas;Mercado Central de Buenos Aires;(sin informar);CHIRIMOYA;Prom.Esp.;$/Kg;28;28;2;28;2026-03-10;2026-04-22;2;14342.8571;13200.0000;16800.0000;0.0813;100.0000;Media
Frutas;Mercado Central de Buenos Aires;Chile;LIMON;Genova;$/Kg;28;28;2;28;2026-01-12;2026-02-20;2;2321.4286;1800.0000;3533.3300;0.2196;100.0000;Media
Frutas;Mercado Central de Buenos Aires;Jujuy;CHIRIMOYA;(sin informar);$/Kg;28;28;2;28;2026-03-10;2026-04-22;2;14342.8571;13200.0000;16800.0000;0.0813;100.0000;Media
Frutas;Mercado Central de Buenos Aires;Río Negro;PERA;Favorita;$/Kg;28;28;2;28;2026-01-12;2026-02-20;2;1654.7639;1500.0000;1777.7800;0.0558;100.0000;Media
Hortalizas;Mercado Central de Buenos Aires;Mendoza;HABA;(sin informar);$/Kg;28;28;2;28;2026-01-12;2026-02-24;2;1534.8214;1125.0000;2000.0000;0.2120;100.0000;Media
Hortalizas;Mercado Central de Buenos Aires;Salta;ZAPALLO;Anc.Cokena;$/Kg;28;27;2;27;2026-07-14;2026-08-24;2;1627.1025;1529.4100;1705.8800;0.0261;100.0000;Media
Frutas;Mercado Central de Buenos Aires;Río Negro;CIRUELA;Royal Diam;$/Kg;27;27;2;27;2026-02-04;2026-03-16;2;2566.6667;2100.0000;2900.0000;0.0904;100.0000;Media
Frutas;Mercado Central de Buenos Aires;Río Negro;DURAZNO;Fair Time;$/Kg;27;22;2;22;2026-03-03;2026-04-07;2;2200.6185;1833.3300;2666.6700;0.1354;100.0000;Media
Hortalizas;Mercado Central de Buenos Aires;Río Negro;CEBOLLA;Colorada;$/Kg;27;27;2;27;2026-06-12;2026-07-23;2;855.5556;800.0000;900.0000;0.0495;100.0000;Media
Hortalizas;Mercado Central de Buenos Aires;San Juan;CEBOLLA;Valenciana;$/Kg;27;27;2;27;2026-01-07;2026-02-12;2;363.3333;325.0000;400.0000;0.0925;100.0000;Media
Frutas;Mercado Central de Buenos Aires;Buenos Aires;FRAMBUESA;(sin informar);$/Kg;26;26;2;26;2026-01-02;2026-02-12;2;16743.6000;16000.0000;29333.3000;0.1545;100.0000;Media
Frutas;Mercado Central de Buenos Aires;Entre Ríos;NARANJA;Val.Seedle;$/Kg;26;26;2;26;2026-01-08;2026-02-12;2;1115.3835;1000.0000;1333.3300;0.1450;100.0000;Media
Frutas;Mercado Central de Buenos Aires;Entre Ríos;SANDIA;(sin informar);$/Kg;26;26;2;26;2026-01-02;2026-02-06;2;684.6154;500.0000;700.0000;0.0678;100.0000;Media
Frutas;Mercado Central de Buenos Aires;Formosa;MANGO;Tommy Atki;$/Kg;26;26;2;26;2026-01-02;2026-02-09;2;1870.8765;1785.7100;1928.5700;0.0324;100.0000;Media
Hortalizas;Mercado Central de Buenos Aires;Buenos Aires;ARVEJA;(sin informar);$/Kg;26;26;2;26;2026-01-02;2026-02-06;2;1422.1154;1137.5000;1625.0000;0.1055;100.0000;Media
Hortalizas;Mercado Central de Buenos Aires;Buenos Aires;ZAPALLO;Mus.Proven;$/Kg;26;20;2;20;2026-05-08;2026-06-08;2;691.9231;650.0000;750.0000;0.0533;100.0000;Media
Hortalizas;Mercado Central de Buenos Aires;Grl.Belg;PAPA;Spunta;$/Kg;26;26;2;26;2026-01-02;2026-02-06;2;506.6242;472.2200;555.5600;0.0469;100.0000;Media
Frutas;Mercado Central de Buenos Aires;Mendoza;DURAZNO;Rich May;$/Kg;25;25;2;25;2026-01-02;2026-02-05;2;2353.3328;1916.6700;2583.3300;0.1274;100.0000;Media
Frutas;Mercado Central de Buenos Aires;Río Negro;DURAZNO;Pavia De M;$/Kg;25;25;2;25;2026-03-10;2026-04-17;2;2283.3316;1833.3300;2916.6700;0.1224;100.0000;Media
Frutas;Mercado Central de Buenos Aires;Río Negro;DURAZNO;Pavia Marz;$/Kg;25;25;2;25;2026-03-10;2026-04-20;2;2151.3332;1900.0000;2300.0000;0.0747;100.0000;Media
Frutas;Mercado Central de Buenos Aires;San Juan;UVA;Victoria;$/Kg;25;25;2;25;2026-03-02;2026-04-09;2;2648.0000;2200.0000;2900.0000;0.0831;100.0000;Media
Hortalizas;Mercado Central de Buenos Aires;Buenos Aires;RADICCHIO;(sin informar);$/Kg;25;25;2;25;2026-01-02;2026-02-05;2;7576.0000;7500.0000;8000.0000;0.0180;100.0000;Media
Hortalizas;Mercado Central de Buenos Aires;Formosa;ZAPALLO;Tetsukab.;$/Kg;25;25;2;25;2026-01-02;2026-02-05;2;532.0004;472.2200;583.3300;0.0430;100.0000;Media
Hortalizas;Mercado Central de Buenos Aires;Mendoza;CEBOLLA;Valenciani;$/Kg;25;25;2;25;2026-01-02;2026-02-05;2;355.8000;320.0000;375.0000;0.0609;100.0000;Media
Hortalizas;Mercado Central de Buenos Aires;Salta;CHAUCHA;Balina;$/Kg;25;21;2;21;2026-06-03;2026-07-02;2;2792.0000;1900.0000;3200.0000;0.1402;100.0000;Media
Frutas;Mercado Central de Buenos Aires;Buenos Aires;NARANJA;W.Navel;$/Kg;24;12;2;12;2026-01-02;2026-08-24;2;1013.7267;823.5300;2266.6700;0.4783;100.0000;Media
Frutas;Mercado Central de Buenos Aires;Mendoza;PERA;Giffard;$/Kg;24;24;2;24;2026-01-07;2026-02-09;2;1647.8783;1388.8900;1764.7100;0.0693;100.0000;Media
Frutas;Mercado Central de Buenos Aires;Río Negro;DURAZNO;Yukong Kin;$/Kg;24;17;2;17;2026-03-13;2026-04-10;2;2360.6146;2000.0000;3416.6700;0.1989;100.0000;Media
Hortalizas;Mercado Central de Buenos Aires;Río Negro;ZAPALLO;Tetsukab.;$/Kg;24;23;2;23;2026-07-22;2026-08-24;2;814.8133;777.7800;833.3300;0.0328;100.0000;Media
Frutas;Mercado Central de Buenos Aires;Brasil;UVA;Ribier;$/Kg;23;23;2;23;2026-05-15;2026-06-18;2;6070.6522;5750.0000;6250.0000;0.0387;100.0000;Media
Frutas;Mercado Central de Buenos Aires;Mendoza;DURAZNO;Setember S;$/Kg;23;23;2;23;2026-03-09;2026-04-14;2;2166.6670;2000.0000;2250.0000;0.0449;100.0000;Media
Frutas;Mercado Central de Buenos Aires;Río Negro;MEMBRILLO;Esmyrna;$/Kg;23;23;2;23;2026-03-02;2026-04-08;2;2679.3478;2250.0000;3500.0000;0.0865;100.0000;Media
Frutas;Mercado Central de Buenos Aires;San Juan;UVA;Alfonso;$/Kg;23;23;2;23;2026-01-16;2026-02-19;2;2552.1739;2000.0000;3200.0000;0.1480;100.0000;Media
Hortalizas;Mercado Central de Buenos Aires;Formosa;BATATA;Beauregard;$/Kg;23;23;2;23;2026-01-02;2026-02-03;2;2474.9174;2384.6200;2615.3800;0.0202;100.0000;Media
Frutas;Mercado Central de Buenos Aires;Corrientes;NARANJA;Valen.Late;$/Kg;22;21;2;21;2026-04-08;2026-05-07;2;1247.4755;1055.5600;1277.7800;0.0406;100.0000;Media
Frutas;Mercado Central de Buenos Aires;Entre Ríos;MANDARINA;Satsuma;$/Kg;22;22;2;22;2026-04-08;2026-05-28;2;588.3868;500.0000;666.6700;0.1106;100.0000;Media
Frutas;Mercado Central de Buenos Aires;Mendoza;DURAZNO;Summerset;$/Kg;22;22;2;22;2026-02-04;2026-03-17;2;2215.9077;2000.0000;2333.3300;0.0515;100.0000;Media
Hortalizas;Mercado Central de Buenos Aires;Brasil;ZANAHORIA;Nantesa;$/Kg;22;22;2;22;2026-01-06;2026-02-04;2;1134.0909;1050.0000;1150.0000;0.0250;100.0000;Media
Hortalizas;Mercado Central de Buenos Aires;Chaco;ZAPALLO;Anc.Cokena;$/Kg;22;22;2;22;2026-01-02;2026-02-02;2;601.2118;600.0000;613.3300;0.0065;100.0000;Media
Hortalizas;Mercado Central de Buenos Aires;Jujuy;CHOCLO;Amarillo;$/Kg;22;21;2;21;2026-05-04;2026-07-07;2;1587.8786;1200.0000;2200.0000;0.1972;100.0000;Media
Hortalizas;Mercado Central de Buenos Aires;San Luis;PAPA;Daisy;$/Kg;22;22;2;22;2026-01-02;2026-02-02;2;743.8636;725.0000;750.0000;0.0144;100.0000;Media
Hortalizas;Mercado Central de Buenos Aires;Santa Fe;ZAPALLITO;Redondo;$/Kg;22;22;2;22;2026-03-18;2026-04-22;2;708.1814;353.3300;1133.3300;0.3914;100.0000;Media
Frutas;(sin informar);Mendoza;CEREZA;(sin informar);$/Kg;21;9;2;9;2026-01-05;2026-02-05;2;32000.0000;10000.0000;62000.0000;0.8137;100.0000;Media
Frutas;Mercado Central de Buenos Aires;Río Negro;PELON;Artic Snow;$/Kg;21;21;2;21;2026-02-27;2026-03-31;2;2440.4762;2000.0000;2916.6700;0.1305;100.0000;Media
Frutas;Mercado Central de Buenos Aires;Sta.Cruz;CEREZA;Kordia;$/Kg;21;21;2;21;2026-01-26;2026-02-25;2;7580.9524;7400.0000;8000.0000;0.0235;100.0000;Media
Hortalizas;Mercado Central de Buenos Aires;Sgo.Est.;ZAPALLITO;Largo;$/Kg;21;15;2;15;2026-05-29;2026-06-19;2;1415.8724;666.6700;1933.3300;0.3119;100.0000;Media
Frutas;Mercado Central de Buenos Aires;Catamarc;MEMBRILLO;(sin informar);$/Kg;20;20;2;20;2026-02-20;2026-03-19;2;1145.0000;850.0000;2450.0000;0.3740;100.0000;Media
Hortalizas;Mercado Central de Buenos Aires;Jujuy;PIMIENTO;Morron;$/Kg;20;16;2;16;2026-05-08;2026-06-04;2;2215.0000;2000.0000;2400.0000;0.0534;100.0000;Media
Hortalizas;Mercado Central de Buenos Aires;Mendoza;CEBOLLA;Torrentina;$/Kg;20;20;2;20;2026-01-14;2026-02-10;2;407.7500;350.0000;425.0000;0.0636;100.0000;Media
Hortalizas;Mercado Central de Buenos Aires;Misiones;JENGIBRE;(sin informar);$/Kg;20;19;2;19;2026-07-28;2026-08-24;2;4985.0000;1300.0000;13000.0000;0.8339;100.0000;Media
Hortalizas;Mercado Central de Buenos Aires;Santa Fe;BERENJENA;Vta.Med.La;$/Kg;20;14;2;14;2026-05-21;2026-06-10;2;1233.3320;1000.0000;1416.6700;0.1019;100.0000;Media
Hortalizas;Mercado Central de Buenos Aires;Santa Fe;ZAPALLO;Cal.Rayada;$/Kg;20;14;2;14;2026-05-19;2026-06-08;2;741.0000;720.0000;760.0000;0.0157;100.0000;Media
Hortalizas;Mercado Central de Buenos Aires;Santa Fe;ZAPALLO;Plomo;$/Kg;20;14;2;14;2026-05-19;2026-06-08;2;741.0000;710.0000;780.0000;0.0243;100.0000;Media
Frutas;Mercado Central de Buenos Aires;Río Negro;CIRUELA;Howard Sun;$/Kg;19;19;2;19;2026-03-11;2026-04-10;2;2285.0868;2000.0000;2750.0000;0.1305;100.0000;Media
Frutas;Mercado Central de Buenos Aires;Río Negro;DURAZNO;Setember S;$/Kg;19;19;2;19;2026-03-10;2026-04-09;2;3039.4742;2666.6700;3750.0000;0.0998;100.0000;Media
Hortalizas;(sin informar);Buenos Aires;LECHUGA CRESPA;(sin informar);$/Kg;19;15;4;15;2026-01-12;2026-05-04;4;16842.1053;12000.0000;25000.0000;0.1549;100.0000;Media
Hortalizas;Mercado Central de Buenos Aires;San Pedro;CHOCLO;Amarillo.;$/Kg;19;19;2;19;2026-01-07;2026-02-02;2;647.0179;493.3300;933.3300;0.2188;100.0000;Media
Hortalizas;Mercado Central de Buenos Aires;Sgo.Est.;ZAPALLO;Tetsukab.;$/Kg;19;19;3;19;2026-01-02;2026-03-12;3;547.3684;361.1100;611.1100;0.1436;100.0000;Media
Frutas;Mercado Central de Buenos Aires;España;POMELO;Star Ruby;$/Kg;18;18;2;18;2026-02-27;2026-03-26;2;2870.3694;2533.3300;3333.3300;0.0770;100.0000;Media
Frutas;Mercado Central de Buenos Aires;Mendoza;CIRUELA;Larry Anne;$/Kg;18;18;2;18;2026-02-23;2026-03-18;2;1976.8522;1833.3300;2083.3300;0.0348;100.0000;Media
Frutas;Mercado Central de Buenos Aires;Misiones;MANDARINA;Okitzu;$/Kg;18;18;2;18;2026-02-27;2026-03-26;2;759.2594;500.0000;833.3300;0.1352;100.0000;Media
Frutas;Mercado Central de Buenos Aires;Río Negro;DURAZNO;Andes Nice;$/Kg;18;18;2;18;2026-03-02;2026-04-01;2;3175.9250;2666.6700;3500.0000;0.0736;100.0000;Media
Hortalizas;(sin informar);Corrientes;PIMIENTO AJI VINAGRE;(sin informar);$/Kg;18;16;7;16;2026-03-19;2026-12-25;7;12444.4444;5000.0000;15000.0000;0.2277;100.0000;Media
Hortalizas;(sin informar);Jujuy;ZAPALLITO TRONCO;(sin informar);$/Kg;18;16;4;16;2026-03-12;2026-07-20;4;22888.8889;10000.0000;40000.0000;0.4131;100.0000;Media
Hortalizas;Mercado Central de Buenos Aires;Mendoza;PAPA;Daifla;$/Kg;18;14;2;14;2026-05-15;2026-06-04;2;898.6111;850.0000;975.0000;0.0568;100.0000;Media
Hortalizas;Mercado Central de Buenos Aires;Salta;ZAPALLO;Plomo;$/Kg;18;18;2;18;2026-06-26;2026-07-23;2;757.7778;730.0000;860.0000;0.0366;100.0000;Media
Hortalizas;Mercado Central de Buenos Aires;San Juan;ZAPALLO;Plomo;$/Kg;18;18;2;18;2026-02-09;2026-03-26;2;555.5556;420.0000;660.0000;0.1811;100.0000;Media
Frutas;(sin informar);Corrientes;MANDARINA ELLENDALE;(sin informar);$/Kg;17;11;3;11;2026-06-15;2026-08-24;3;13294.1176;12000.0000;18000.0000;0.1475;100.0000;Media
Frutas;(sin informar);Río Negro;PERA PACKAMS COMERCIAL;(sin informar);$/Kg;17;13;7;13;2026-01-02;2026-08-17;7;24882.3529;3000.0000;38000.0000;0.4689;100.0000;Media
Frutas;Mercado Central de Buenos Aires;Chile;PELON;(sin informar);$/Kg;17;17;2;17;2026-03-30;2026-04-23;2;4941.1765;4875.0000;5000.0000;0.0130;100.0000;Media
Frutas;Mercado Central de Buenos Aires;Chile;UVA;Ribier;$/Kg;17;16;2;16;2026-04-22;2026-05-14;2;6455.8824;6250.0000;6500.0000;0.0136;100.0000;Media
Frutas;Mercado Central de Buenos Aires;Corrientes;SANDIA;(sin informar);$/Kg;17;17;2;17;2026-01-02;2026-02-25;2;595.8824;500.0000;750.0000;0.0923;100.0000;Media
Frutas;Mercado Central de Buenos Aires;Mendoza;CIRUELA;Presidente;$/Kg;17;17;2;17;2026-02-11;2026-03-09;2;2269.6071;2166.6700;2333.3300;0.0206;100.0000;Media
Hortalizas;(sin informar);Buenos Aires;ACELGA;(sin informar);$/Kg;17;16;4;16;2026-01-12;2026-05-04;4;16352.9412;5000.0000;23000.0000;0.2708;100.0000;Media
Hortalizas;(sin informar);Buenos Aires;CEBOLLA SINTETICA 14;(sin informar);$/Kg;17;16;7;16;2026-01-12;2026-08-03;7;10852.9412;6000.0000;24000.0000;0.4469;100.0000;Media
Hortalizas;(sin informar);Buenos Aires;PEREJIL;(sin informar);$/Kg;17;14;4;14;2026-01-12;2026-05-07;4;28470.5882;22000.0000;40000.0000;0.2434;100.0000;Media
Frutas;(sin informar);Corrientes;PALTA;(sin informar);$/Kg;16;15;6;15;2026-03-05;2026-08-24;6;16437.5000;10000.0000;25000.0000;0.2392;100.0000;Media
Frutas;(sin informar);Mendoza;BANANA PARAGUAYA;(sin informar);$/Kg;16;16;7;16;2026-01-12;2026-08-05;7;28187.5000;22000.0000;35000.0000;0.1264;100.0000;Media
Frutas;(sin informar);Mendoza;MANZANA GRANY SMITH ELEGIDA;(sin informar);$/Kg;16;13;6;13;2026-03-09;2026-08-06;6;48750.0000;35000.0000;58000.0000;0.1388;100.0000;Media
Frutas;(sin informar);Mendoza;PALTA;(sin informar);$/Kg;16;10;5;10;2026-01-12;2026-08-24;5;50125.0000;9000.0000;72000.0000;0.4778;100.0000;Media
Frutas;Mercado Central de Buenos Aires;Chile;PERA;Asiatica;$/Kg;16;16;2;16;2026-06-30;2026-07-23;2;4725.0000;4600.0000;4800.0000;0.0212;100.0000;Media
Frutas;Mercado Central de Buenos Aires;Mar del Plata;FRAMBUESA;(sin informar);$/Kg;16;16;2;16;2026-02-27;2026-03-20;2;21479.1562;17333.3000;32000.0000;0.2147;100.0000;Media
Hortalizas;(sin informar);Buenos Aires;LECHUGA REPOLLADA;(sin informar);$/Kg;16;14;3;14;2026-01-12;2026-04-13;3;15562.5000;14000.0000;25000.0000;0.1802;100.0000;Media
Hortalizas;(sin informar);Buenos Aires;REMOLACHA;(sin informar);$/Kg;16;15;3;15;2026-01-12;2026-04-13;3;23625.0000;7000.0000;26000.0000;0.1911;100.0000;Media
Hortalizas;(sin informar);Buenos Aires;REPOLLO BLANCO;(sin informar);$/Kg;16;15;4;15;2026-01-12;2026-05-04;4;22625.0000;20000.0000;30000.0000;0.1217;100.0000;Media
Hortalizas;(sin informar);Buenos Aires;TOMATE PERITA;(sin informar);$/Kg;16;14;4;14;2026-02-12;2026-05-04;4;20937.5000;15000.0000;26000.0000;0.1686;100.0000;Media
Hortalizas;(sin informar);Jujuy;ACELGA;(sin informar);$/Kg;16;14;6;14;2026-04-20;2026-12-25;6;19031.2500;2000.0000;30000.0000;0.4506;100.0000;Media
Hortalizas;(sin informar);Buenos Aires;LECHUGA MANTECOSA;(sin informar);$/Kg;15;14;4;14;2026-01-12;2026-05-04;4;18266.6667;15000.0000;20000.0000;0.1002;100.0000;Media
Hortalizas;(sin informar);Corrientes;REPOLLO COLORADO;(sin informar);$/Kg;15;14;2;14;2026-07-02;2026-08-20;2;19066.6667;10000.0000;25000.0000;0.2026;100.0000;Media
Hortalizas;(sin informar);Jujuy;BERENJENA;(sin informar);$/Kg;15;15;5;15;2026-01-02;2026-07-27;5;16866.6667;6000.0000;25000.0000;0.3612;100.0000;Media
Hortalizas;Mercado Central de Buenos Aires;San Luis;PAPA;Daifla;$/Kg;15;15;2;15;2026-06-24;2026-07-16;2;1410.0000;1250.0000;1550.0000;0.0806;100.0000;Media
Frutas;(sin informar);Río Negro;PERA PACKAMS ELEGIGA;(sin informar);$/Kg;14;10;6;10;2026-01-07;2026-12-25;6;28357.1429;17000.0000;45000.0000;0.2741;100.0000;Media
Frutas;Mercado Central de Buenos Aires;(sin informar);MORA;Prom.Esp.;$/Kg;14;14;2;14;2026-03-26;2026-04-28;2;26880.9500;22666.7000;33333.3000;0.1756;100.0000;Media
Frutas;Mercado Central de Buenos Aires;Mendoza;CIRUELA;Reina Clau;$/Kg;14;14;2;14;2026-01-22;2026-02-10;2;2196.4307;2166.6700;2250.0000;0.0189;100.0000;Media
Frutas;Mercado Central de Buenos Aires;Río Negro;CIRUELA;Linda Rosa;$/Kg;14;14;2;14;2026-03-11;2026-04-06;2;2792.8571;2700.0000;2900.0000;0.0220;100.0000;Media
Frutas;Mercado Central de Buenos Aires;Río Negro;MANZANA;Gala;$/Kg;14;14;3;14;2026-02-05;2026-06-04;3;2256.9257;1681.8200;2500.0000;0.1479;100.0000;Media
Frutas;Mercado Central de Buenos Aires;San Juan;SANDIA;(sin informar);$/Kg;14;13;3;13;2026-03-02;2026-05-05;3;1971.4286;1200.0000;2100.0000;0.1150;100.0000;Media
Hortalizas;(sin informar);Corrientes;ZAPALLO COREANO;(sin informar);$/Kg;14;11;5;11;2026-01-05;2026-07-09;5;5842.8571;800.0000;8000.0000;0.3278;100.0000;Media
Hortalizas;(sin informar);Mendoza;CEBOLLA MORADA;(sin informar);$/Kg;14;12;6;12;2026-03-05;2026-08-13;6;21428.5714;17000.0000;26000.0000;0.1210;100.0000;Media
Hortalizas;Mercado Central de Buenos Aires;San Luis;PAPA;Innovator;$/Kg;14;14;2;14;2026-06-24;2026-07-23;2;1362.5000;1200.0000;1500.0000;0.0935;100.0000;Media
Frutas;(sin informar);Corrientes;MANDARINA DANCY;(sin informar);$/Kg;13;10;3;10;2026-06-29;2026-08-10;3;11769.2308;8000.0000;17000.0000;0.2171;100.0000;Media
Frutas;(sin informar);Río Negro;CIRUELA;(sin informar);$/Kg;13;13;4;13;2026-01-05;2026-06-15;4;39923.0769;28000.0000;46000.0000;0.1426;100.0000;Media
Frutas;Mercado Central de Buenos Aires;Mendoza;GRANADA;(sin informar);$/Kg;13;13;2;13;2026-03-20;2026-04-13;2;3076.9231;3000.0000;3600.0000;0.0565;100.0000;Media
Hortalizas;(sin informar);Chaco;PAPA BLANCA;(sin informar);$/Kg;13;13;5;13;2026-01-07;2026-07-27;5;15384.6154;10500.0000;26000.0000;0.3058;100.0000;Media
Hortalizas;Mercado Central de Buenos Aires;Mendoza;APIO;(sin informar);$/Kg;13;13;2;13;2026-01-16;2026-02-03;2;2192.3092;2000.0000;2333.3300;0.0422;100.0000;Media
Frutas;(sin informar);Corrientes;SANDIA;(sin informar);$/Kg;12;9;3;9;2026-01-05;2026-03-12;3;7110.0000;580.0000;15000.0000;0.9307;100.0000;Media
Frutas;(sin informar);Entre Ríos;NARANJA SALUSTIANA;(sin informar);$/Kg;12;12;4;12;2026-05-11;2026-08-17;4;11541.6667;8000.0000;16500.0000;0.2303;100.0000;Media
Frutas;Mercado Central de Buenos Aires;Brasil;MBURUCUYA;(sin informar);$/Kg;12;12;2;12;2026-03-18;2026-04-08;2;3616.6667;3500.0000;3800.0000;0.0370;100.0000;Media
Frutas;Mercado Central de Buenos Aires;Salta;BANANA;Cavendish;$/Kg;12;12;2;12;2026-03-13;2026-04-01;2;1125.0000;1000.0000;1350.0000;0.0994;100.0000;Media
Hortalizas;(sin informar);Corrientes;CILANTRO;(sin informar);$/Kg;12;12;5;12;2026-03-13;2026-07-29;5;6000.0000;3000.0000;8000.0000;0.2562;100.0000;Media
Hortalizas;(sin informar);Corrientes;RABANITO;(sin informar);$/Kg;12;11;6;11;2026-03-02;2026-12-25;6;5500.0000;3000.0000;15000.0000;0.6463;100.0000;Media
Frutas;Mercado Central de Buenos Aires;Mendoza;MELON;Amarillo..;$/Kg;11;11;2;11;2026-02-13;2026-03-05;2;1754.5455;1600.0000;1900.0000;0.0590;100.0000;Media
Frutas;Mercado Central de Buenos Aires;Mexico;PALTA;Hass;$/Kg;11;11;2;11;2026-01-30;2026-02-13;2;3745.4545;3700.0000;3800.0000;0.0139;100.0000;Media
Hortalizas;(sin informar);Jujuy;ZAPALLITO ZUCHINI;(sin informar);$/Kg;11;10;5;10;2026-03-09;2026-07-13;5;21363.6364;15000.0000;32000.0000;0.2625;100.0000;Media
Hortalizas;Mercado Central de Buenos Aires;Córdoba;ESPARRAGO;Verde;$/Kg;11;11;2;11;2026-01-30;2026-02-27;2;11236.3636;8800.0000;17000.0000;0.2963;100.0000;Media
Frutas;(sin informar);Chaco;BANANA BRASILENA;(sin informar);$/Kg;10;10;5;10;2026-03-02;2026-08-17;5;30600.0000;22000.0000;37000.0000;0.1744;100.0000;Media
Frutas;(sin informar);Jujuy;MELON AMARILLO;(sin informar);$/Kg;10;10;3;10;2026-01-02;2026-04-09;3;28100.0000;27000.0000;32000.0000;0.0740;100.0000;Media
Frutas;(sin informar);Mendoza;MANGO;(sin informar);$/Kg;10;9;5;9;2026-01-12;2026-07-23;5;30300.0000;17000.0000;47000.0000;0.3948;100.0000;Media
Frutas;Mercado Central de Buenos Aires;Buenos Aires;MORA;(sin informar);$/Kg;10;10;2;10;2026-03-26;2026-04-10;2;24566.6700;22666.7000;31666.7000;0.1360;100.0000;Media
Frutas;Mercado Central de Buenos Aires;Río Negro;DURAZNO;O'Henry;$/Kg;10;10;2;10;2026-02-23;2026-03-06;2;2233.3340;2083.3300;2416.6700;0.0424;100.0000;Media
Hortalizas;(sin informar);Chaco;CEBOLLA SINTETICA 14;(sin informar);$/Kg;10;7;6;7;2026-01-08;2026-08-10;6;13700.0000;9000.0000;24000.0000;0.3577;100.0000;Media
Hortalizas;(sin informar);Mendoza;LECHUGA CRESPA;(sin informar);$/Kg;10;7;3;7;2026-01-12;2026-07-30;3;18700.0000;15000.0000;25000.0000;0.2283;100.0000;Media
Hortalizas;Mercado Central de Buenos Aires;Mendoza;ZAPALLO;Plomo;$/Kg;10;9;2;9;2026-07-23;2026-08-04;2;788.0000;700.0000;850.0000;0.0913;100.0000;Media
