row_kind;fecha;periodo_ym;commodity;fuente;mercado;tipo_precio;moneda;unidad;frecuencia;condicion_comercial;series_id;observation_id;record_id;price_raw;price;value_status;position_raw;circular;shipment_window;regime;product_code;currency_evidence;operaciones;volumen_total;precio_mediana;precio_promedio;precio_min;precio_max;variacion_mensual_pct;variacion_interanual_pct;variacion_7d_pct;variacion_30d_pct;estado;periodo_ultimo;fecha_ultima;precio_mediana_ultimo_periodo;operaciones_ultimo_periodo;fecha_actualizacion_dashboard;fecha_min;fecha_max;filas_dashboard;source_url;updated_at_utc;raw_sha256;capture_id;schema_version;coverage_note
observation;2025-10-21;2025-10;Soja;MAGyP;Argentina / paridad teórica;FAS teórico D.E.R.;ARS;TN;diaria;D.E.R.;38eec92ea27e9522db61afaee52ea98e646bf7b7de9394c7341bb60068e96fc1;1f932b682f6e20c5f8712eb87e361657b36bb5ad5ab70983505089097b2a57d9;924499fd0a48d7181914263c5d18a7ac57e382930f2d9cd51a823197d6d1ea02;598847;598847;positive;;;;D.E.R.;SO;contextual;;;;;;;;;;;;;;;;;;;;https://dinem.magyp.gob.ar/dinem_fas.cfas_all.aspx;2026-10-09T14:33:11.160960Z;42d17e3943d77cc2d9822f7a82929291efc6d0e49f629813d6a904009933fe72;2026-10-09T143311160960Z_934fd5282475484fb1f6e69510c846f3;magyp-references-v1;
observation;2025-10-21;2025-10;Cebada F.;MAGyP;Argentina / paridad teórica;FAS teórico D.E.R.;ARS;TN;diaria;D.E.R.;427733d52eaf9325db9e9acae6911e257ed2de809220176d7808a99a2ab98012;aa89f488ff6782e7d263766e03f0be6c3afeb306b3e223f762f7d6fcac354e05;9735ff97e0ef3eccd51f850fe5cba1e75311982f318b35908d95388c7c67b061;289079;289079;positive;;;;D.E.R.;CEBF;contextual;;;;;;;;;;;;;;;;;;;;https://dinem.magyp.gob.ar/dinem_fas.cfas_all.aspx;2026-10-09T14:33:11.160960Z;42d17e3943d77cc2d9822f7a82929291efc6d0e49f629813d6a904009933fe72;2026-10-09T143311160960Z_934fd5282475484fb1f6e69510c846f3;magyp-references-v1;
observation;2025-10-21;2025-10;Ac.Soja;MAGyP;Argentina / paridad teórica;FAS teórico D.E.R.;Sin identificar;Sin identificar;diaria;D.E.R.;5f27063d7fd2b20ba0ec900c07418f27feef12b2353c7ed889645f4ab29fcdbb;ad7fe49b3113e18f4e4f1fb33ee9a2254f7129dd867db7ab73b790277e0fb295;29530c8b059b5f80ab38b7ea4cba49259eefca9955adaea0c08dd447eef6fa36;1599211;1599211;positive;;;;D.E.R.;AS;unknown;;;;;;;;;;;;;;;;;;;;https://dinem.magyp.gob.ar/dinem_fas.cfas_all.aspx;2026-10-09T14:33:11.160960Z;42d17e3943d77cc2d9822f7a82929291efc6d0e49f629813d6a904009933fe72;2026-10-09T143311160960Z_934fd5282475484fb1f6e69510c846f3;magyp-references-v1;
observation;2025-10-21;2025-10;Sorgo;MAGyP;Argentina / paridad teórica;FAS teórico D.E.R.;ARS;TN;diaria;D.E.R.;6eb9b249b34bc053e10e59691f28c2b6f9895ab179386bae0467a99b39d6ebb5;57c2f4c91c81ea2ccdef29bf5a582aa4c1c741438f7e1e8a46d4b48f8d4a0270;128fe0be8bf42859aa161594a249dc9fdc2923157ec677b54939e4644aca5b60;257512;257512;positive;;;;D.E.R.;SOR;contextual;;;;;;;;;;;;;;;;;;;;https://dinem.magyp.gob.ar/dinem_fas.cfas_all.aspx;2026-10-09T14:33:11.160960Z;42d17e3943d77cc2d9822f7a82929291efc6d0e49f629813d6a904009933fe72;2026-10-09T143311160960Z_934fd5282475484fb1f6e69510c846f3;magyp-references-v1;
observation;2025-10-21;2025-10;Maíz;MAGyP;Argentina / paridad teórica;FAS teórico D.E.R.;ARS;TN;diaria;D.E.R.;8dd958feef3b74b392e19ded37936265751d4ea0106c840a71999e83410c1455;3682f8067509745d2347e99ccde55e5021dc23deacae0b8869aaffb8bcedbdcb;4a58f7effc52bcc7139c0e252782e95b433f0e9401e7209e8c1772d7833086de;277341;277341;positive;;;;D.E.R.;MA;contextual;;;;;;;;;;;;;;;;;;;;https://dinem.magyp.gob.ar/dinem_fas.cfas_all.aspx;2026-10-09T14:33:11.160960Z;42d17e3943d77cc2d9822f7a82929291efc6d0e49f629813d6a904009933fe72;2026-10-09T143311160960Z_934fd5282475484fb1f6e69510c846f3;magyp-references-v1;
observation;2025-10-21;2025-10;Cebada C.;MAGyP;Argentina / paridad teórica;FAS teórico D.E.R.;ARS;TN;diaria;D.E.R.;9ee064ab74d324691e882d38c8156c7d7b40836ba76eda0e10d2be7cb267ed8c;f886e0054ad1dc459f886865db0f90b283b8a3ce3bee6a32b5e0fa624456884c;468c9e35c8746c966b89f84a7a8192a52015db33ab7f4c6c432ffdccd74ca43a;335732;335732;positive;;;;D.E.R.;CEBC;contextual;;;;;;;;;;;;;;;;;;;;https://dinem.magyp.gob.ar/dinem_fas.cfas_all.aspx;2026-10-09T14:33:11.160960Z;42d17e3943d77cc2d9822f7a82929291efc6d0e49f629813d6a904009933fe72;2026-10-09T143311160960Z_934fd5282475484fb1f6e69510c846f3;magyp-references-v1;
observation;2025-10-21;2025-10;Ac.Girasol;MAGyP;Argentina / paridad teórica;FAS teórico D.E.R.;Sin identificar;Sin identificar;diaria;D.E.R.;a20b8bafe941a8f2056bcd7861a4ffe7448272fdd45b3660b132f2309d84341e;3168b85012af76b05971fe451bf871960b34c7e3c88259956574b17f79882f00;84bb47886c37402259668278eb2b518de7877b9cffc11c455e9c7534720c7bcd;1784387;1784387;positive;;;;D.E.R.;AG;unknown;;;;;;;;;;;;;;;;;;;;https://dinem.magyp.gob.ar/dinem_fas.cfas_all.aspx;2026-10-09T14:33:11.160960Z;42d17e3943d77cc2d9822f7a82929291efc6d0e49f629813d6a904009933fe72;2026-10-09T143311160960Z_934fd5282475484fb1f6e69510c846f3;magyp-references-v1;
observation;2025-10-21;2025-10;Girasol;MAGyP;Argentina / paridad teórica;FAS teórico D.E.R.;ARS;TN;diaria;D.E.R.;b3fcb5a8b8242039df431e0cebc8389860bdb6cce0642282ba070f4d9e8bdf08;dfe97393f67b518b5c4144b6a3e19e939122f193499350ca3fe66b0b6055f632;2317775dce6c67f90c527b3f0265015e87500ef982e812ad6cce80204dc98e1a;571800;571800;positive;;;;D.E.R.;GI;contextual;;;;;;;;;;;;;;;;;;;;https://dinem.magyp.gob.ar/dinem_fas.cfas_all.aspx;2026-10-09T14:33:11.160960Z;42d17e3943d77cc2d9822f7a82929291efc6d0e49f629813d6a904009933fe72;2026-10-09T143311160960Z_934fd5282475484fb1f6e69510c846f3;magyp-references-v1;
observation;2025-10-21;2025-10;Trigo Pan;MAGyP;Argentina / paridad teórica;FAS teórico D.E.R.;ARS;TN;diaria;D.E.R.;ea2d46d37b95e95a5bfe5ddbe8cef74d052224359a498a5321afd62568648b89;ba094183be7c3ac58ae468aaa69287dfbc079327418a2263524bdfb7b83d147b;0584393a5e41bf950a8d749cc7a4366663de512e6ff401984fb4a8e3f3e2f317;291598;291598;positive;;;;D.E.R.;TP;contextual;;;;;;;;;;;;;;;;;;;;https://dinem.magyp.gob.ar/dinem_fas.cfas_all.aspx;2026-10-09T14:33:11.160960Z;42d17e3943d77cc2d9822f7a82929291efc6d0e49f629813d6a904009933fe72;2026-10-09T143311160960Z_934fd5282475484fb1f6e69510c846f3;magyp-references-v1;
observation;2025-10-22;2025-10;Soja;MAGyP;Argentina / paridad teórica;FAS teórico D.E.R.;ARS;TN;diaria;D.E.R.;38eec92ea27e9522db61afaee52ea98e646bf7b7de9394c7341bb60068e96fc1;3a8ee9be2b33485c1696b7d843f1013e0271ab4fa0ac3f2fc66d32774c14d499;88b61fd5d57d034e53942a2546d2eeab00d1ff440553128bc9a7d226fbfb3b7c;597861;597861;positive;;;;D.E.R.;SO;contextual;;;;;;;;;;;;;;;;;;;;https://dinem.magyp.gob.ar/dinem_fas.cfas_all.aspx;2026-10-09T14:33:11.160960Z;42d17e3943d77cc2d9822f7a82929291efc6d0e49f629813d6a904009933fe72;2026-10-09T143311160960Z_934fd5282475484fb1f6e69510c846f3;magyp-references-v1;
observation;2025-10-22;2025-10;Cebada F.;MAGyP;Argentina / paridad teórica;FAS teórico D.E.R.;ARS;TN;diaria;D.E.R.;427733d52eaf9325db9e9acae6911e257ed2de809220176d7808a99a2ab98012;becfdfa8379dd901b7c6a1d6e5084baca028a730bb36a6f80339833c39b53ba2;5ff766efe3adac919cba3ce55c054fe9e376cc960a715be006ebd4be5e70f3b6;288689;288689;positive;;;;D.E.R.;CEBF;contextual;;;;;;;;;;;;;;;;;;;;https://dinem.magyp.gob.ar/dinem_fas.cfas_all.aspx;2026-10-09T14:33:11.160960Z;42d17e3943d77cc2d9822f7a82929291efc6d0e49f629813d6a904009933fe72;2026-10-09T143311160960Z_934fd5282475484fb1f6e69510c846f3;magyp-references-v1;
observation;2025-10-22;2025-10;Ac.Soja;MAGyP;Argentina / paridad teórica;FAS teórico D.E.R.;Sin identificar;Sin identificar;diaria;D.E.R.;5f27063d7fd2b20ba0ec900c07418f27feef12b2353c7ed889645f4ab29fcdbb;48a6d3109321649d8739abfbc43d29ea98f8b8da193dadcebc1acfa28fbe15aa;decd54465f12a5419db2a7a6271e96789535ab33edd2bc0e8e1899e182f2b150;1573654;1573654;positive;;;;D.E.R.;AS;unknown;;;;;;;;;;;;;;;;;;;;https://dinem.magyp.gob.ar/dinem_fas.cfas_all.aspx;2026-10-09T14:33:11.160960Z;42d17e3943d77cc2d9822f7a82929291efc6d0e49f629813d6a904009933fe72;2026-10-09T143311160960Z_934fd5282475484fb1f6e69510c846f3;magyp-references-v1;
observation;2025-10-22;2025-10;Sorgo;MAGyP;Argentina / paridad teórica;FAS teórico D.E.R.;ARS;TN;diaria;D.E.R.;6eb9b249b34bc053e10e59691f28c2b6f9895ab179386bae0467a99b39d6ebb5;d068ffe7957d3d2377051e68d58ed78c2b2c9872bee57301c3bf4c377affa80c;069935fb631c6092c9914d8f08ceffb969367c9c0927734d691d01abd41aab52;257165;257165;positive;;;;D.E.R.;SOR;contextual;;;;;;;;;;;;;;;;;;;;https://dinem.magyp.gob.ar/dinem_fas.cfas_all.aspx;2026-10-09T14:33:11.160960Z;42d17e3943d77cc2d9822f7a82929291efc6d0e49f629813d6a904009933fe72;2026-10-09T143311160960Z_934fd5282475484fb1f6e69510c846f3;magyp-references-v1;
observation;2025-10-22;2025-10;Maíz;MAGyP;Argentina / paridad teórica;FAS teórico D.E.R.;ARS;TN;diaria;D.E.R.;8dd958feef3b74b392e19ded37936265751d4ea0106c840a71999e83410c1455;d113c9aafeb6b6629e867d09dcdd76132a6e15522e06905acc5e438c3e409099;8f9ad581773ab6ca9dbb81d223c02b143f5b84230fb7a039590115a1d0bc9d12;279838;279838;positive;;;;D.E.R.;MA;contextual;;;;;;;;;;;;;;;;;;;;https://dinem.magyp.gob.ar/dinem_fas.cfas_all.aspx;2026-10-09T14:33:11.160960Z;42d17e3943d77cc2d9822f7a82929291efc6d0e49f629813d6a904009933fe72;2026-10-09T143311160960Z_934fd5282475484fb1f6e69510c846f3;magyp-references-v1;
observation;2025-10-22;2025-10;Cebada C.;MAGyP;Argentina / paridad teórica;FAS teórico D.E.R.;ARS;TN;diaria;D.E.R.;9ee064ab74d324691e882d38c8156c7d7b40836ba76eda0e10d2be7cb267ed8c;54e845a9970aeae8b03fc6d1f324d2dedbcbb9a8140709c7817cb0b8a3ad8d09;8328f6e2805db4904447e538daa3de7c6743bafae199a566d56981626f351d58;335279;335279;positive;;;;D.E.R.;CEBC;contextual;;;;;;;;;;;;;;;;;;;;https://dinem.magyp.gob.ar/dinem_fas.cfas_all.aspx;2026-10-09T14:33:11.160960Z;42d17e3943d77cc2d9822f7a82929291efc6d0e49f629813d6a904009933fe72;2026-10-09T143311160960Z_934fd5282475484fb1f6e69510c846f3;magyp-references-v1;
observation;2025-10-22;2025-10;Ac.Girasol;MAGyP;Argentina / paridad teórica;FAS teórico D.E.R.;Sin identificar;Sin identificar;diaria;D.E.R.;a20b8bafe941a8f2056bcd7861a4ffe7448272fdd45b3660b132f2309d84341e;40946beab105d39d003d6c2bc59be1dc44c08521b6ac3b887603eb48348d0966;f35458ddfbcfdfec8df88bb95150e444c6b622b741c5eba74d0dbb91d788c158;1787929;1787929;positive;;;;D.E.R.;AG;unknown;;;;;;;;;;;;;;;;;;;;https://dinem.magyp.gob.ar/dinem_fas.cfas_all.aspx;2026-10-09T14:33:11.160960Z;42d17e3943d77cc2d9822f7a82929291efc6d0e49f629813d6a904009933fe72;2026-10-09T143311160960Z_934fd5282475484fb1f6e69510c846f3;magyp-references-v1;
observation;2025-10-22;2025-10;Girasol;MAGyP;Argentina / paridad teórica;FAS teórico D.E.R.;ARS;TN;diaria;D.E.R.;b3fcb5a8b8242039df431e0cebc8389860bdb6cce0642282ba070f4d9e8bdf08;8f01c3fb2453b947301a4c46607e3603e35d0e9ec4f08ac0af3392f5d4e3303c;89a16749c8a7e96e93712211945978915b92612d390aaa90c1aa79b9a0856e8f;573115;573115;positive;;;;D.E.R.;GI;contextual;;;;;;;;;;;;;;;;;;;;https://dinem.magyp.gob.ar/dinem_fas.cfas_all.aspx;2026-10-09T14:33:11.160960Z;42d17e3943d77cc2d9822f7a82929291efc6d0e49f629813d6a904009933fe72;2026-10-09T143311160960Z_934fd5282475484fb1f6e69510c846f3;magyp-references-v1;
observation;2025-10-22;2025-10;Trigo Pan;MAGyP;Argentina / paridad teórica;FAS teórico D.E.R.;ARS;TN;diaria;D.E.R.;ea2d46d37b95e95a5bfe5ddbe8cef74d052224359a498a5321afd62568648b89;a4610cee1fe7c34362a0c6be30fd2afe11fd995f6dc5c68fd10a478b6358b161;8dd7744fdc205408f3d671c74b936e5f30f9252b126e0690c896098f157040ff;291205;291205;positive;;;;D.E.R.;TP;contextual;;;;;;;;;;;;;;;;;;;;https://dinem.magyp.gob.ar/dinem_fas.cfas_all.aspx;2026-10-09T14:33:11.160960Z;42d17e3943d77cc2d9822f7a82929291efc6d0e49f629813d6a904009933fe72;2026-10-09T143311160960Z_934fd5282475484fb1f6e69510c846f3;magyp-references-v1;
observation;2025-10-23;2025-10;Soja;MAGyP;Argentina / paridad teórica;FAS teórico D.E.R.;ARS;TN;diaria;D.E.R.;38eec92ea27e9522db61afaee52ea98e646bf7b7de9394c7341bb60068e96fc1;3c436313da8b50e0c420cdb90d6aed7e73aab4b80a1585917064b179eda629da;541099678d795d66483fe738da594b959188020a0ca935ea92a7f1999fa55458;601524;601524;positive;;;;D.E.R.;SO;contextual;;;;;;;;;;;;;;;;;;;;https://dinem.magyp.gob.ar/dinem_fas.cfas_all.aspx;2026-10-09T14:33:11.160960Z;42d17e3943d77cc2d9822f7a82929291efc6d0e49f629813d6a904009933fe72;2026-10-09T143311160960Z_934fd5282475484fb1f6e69510c846f3;magyp-references-v1;
observation;2025-10-23;2025-10;Cebada F.;MAGyP;Argentina / paridad teórica;FAS teórico D.E.R.;ARS;TN;diaria;D.E.R.;427733d52eaf9325db9e9acae6911e257ed2de809220176d7808a99a2ab98012;e67da39a7fd9ea7fdd2fa27cf76926869f86e6d5027be3cc49ad41cf5e18339f;e9a3866450f80b88d7f26431834ab93e61b2f13a509ed3f9f426eb6fd3682c87;286738;286738;positive;;;;D.E.R.;CEBF;contextual;;;;;;;;;;;;;;;;;;;;https://dinem.magyp.gob.ar/dinem_fas.cfas_all.aspx;2026-10-09T14:33:11.160960Z;42d17e3943d77cc2d9822f7a82929291efc6d0e49f629813d6a904009933fe72;2026-10-09T143311160960Z_934fd5282475484fb1f6e69510c846f3;magyp-references-v1;
observation;2025-10-23;2025-10;Ac.Soja;MAGyP;Argentina / paridad teórica;FAS teórico D.E.R.;Sin identificar;Sin identificar;diaria;D.E.R.;5f27063d7fd2b20ba0ec900c07418f27feef12b2353c7ed889645f4ab29fcdbb;cf42fa66e5b7c1581bcb587cf21b8dedd2935134200c7b9142887a89b07ff1ac;bdc9f64e7b0adbf5f427703d8ded4d776f6afebd3c325bf92417c0313b68183a;1581896;1581896;positive;;;;D.E.R.;AS;unknown;;;;;;;;;;;;;;;;;;;;https://dinem.magyp.gob.ar/dinem_fas.cfas_all.aspx;2026-10-09T14:33:11.160960Z;42d17e3943d77cc2d9822f7a82929291efc6d0e49f629813d6a904009933fe72;2026-10-09T143311160960Z_934fd5282475484fb1f6e69510c846f3;magyp-references-v1;
observation;2025-10-23;2025-10;Sorgo;MAGyP;Argentina / paridad teórica;FAS teórico D.E.R.;ARS;TN;diaria;D.E.R.;6eb9b249b34bc053e10e59691f28c2b6f9895ab179386bae0467a99b39d6ebb5;514aed7f26e08c54d1db472b334e7ef47b0ba9f4331bb57b90e7d00679114343;d3e45297e6f2169707217c0e91002995c2f24a242fea7107cc1f580102039fcb;255427;255427;positive;;;;D.E.R.;SOR;contextual;;;;;;;;;;;;;;;;;;;;https://dinem.magyp.gob.ar/dinem_fas.cfas_all.aspx;2026-10-09T14:33:11.160960Z;42d17e3943d77cc2d9822f7a82929291efc6d0e49f629813d6a904009933fe72;2026-10-09T143311160960Z_934fd5282475484fb1f6e69510c846f3;magyp-references-v1;
observation;2025-10-23;2025-10;Maíz;MAGyP;Argentina / paridad teórica;FAS teórico D.E.R.;ARS;TN;diaria;D.E.R.;8dd958feef3b74b392e19ded37936265751d4ea0106c840a71999e83410c1455;976e9ee5cc67f9c2b7278d52a6a474ff4d19c7adb48cf124cb1cd10e4dd89aed;4810a83591cf59e8fc4554dce3ea8074a25bb1e0ab096d0cd7734cc7bdbc4428;279359;279359;positive;;;;D.E.R.;MA;contextual;;;;;;;;;;;;;;;;;;;;https://dinem.magyp.gob.ar/dinem_fas.cfas_all.aspx;2026-10-09T14:33:11.160960Z;42d17e3943d77cc2d9822f7a82929291efc6d0e49f629813d6a904009933fe72;2026-10-09T143311160960Z_934fd5282475484fb1f6e69510c846f3;magyp-references-v1;
observation;2025-10-23;2025-10;Cebada C.;MAGyP;Argentina / paridad teórica;FAS teórico D.E.R.;ARS;TN;diaria;D.E.R.;9ee064ab74d324691e882d38c8156c7d7b40836ba76eda0e10d2be7cb267ed8c;2f9f974f06b9af9bb08c211fffd423574715308f492e274cfc7f727909f0834a;a6f111ab5f5b0aed39db0af720688ae4882a78c1124e83c8a6a478b9fb20bfd5;333014;333014;positive;;;;D.E.R.;CEBC;contextual;;;;;;;;;;;;;;;;;;;;https://dinem.magyp.gob.ar/dinem_fas.cfas_all.aspx;2026-10-09T14:33:11.160960Z;42d17e3943d77cc2d9822f7a82929291efc6d0e49f629813d6a904009933fe72;2026-10-09T143311160960Z_934fd5282475484fb1f6e69510c846f3;magyp-references-v1;
observation;2025-10-23;2025-10;Ac.Girasol;MAGyP;Argentina / paridad teórica;FAS teórico D.E.R.;Sin identificar;Sin identificar;diaria;D.E.R.;a20b8bafe941a8f2056bcd7861a4ffe7448272fdd45b3660b132f2309d84341e;7e25ccc71313aa41082d40b394fdc21ff889953600084e0f633e51cf7233e705;c52849ab44bdea585281345f8d9d28ed81165f913e4873cdb1d1aebd2bf0f60c;1759619;1759619;positive;;;;D.E.R.;AG;unknown;;;;;;;;;;;;;;;;;;;;https://dinem.magyp.gob.ar/dinem_fas.cfas_all.aspx;2026-10-09T14:33:11.160960Z;42d17e3943d77cc2d9822f7a82929291efc6d0e49f629813d6a904009933fe72;2026-10-09T143311160960Z_934fd5282475484fb1f6e69510c846f3;magyp-references-v1;
observation;2025-10-23;2025-10;Girasol;MAGyP;Argentina / paridad teórica;FAS teórico D.E.R.;ARS;TN;diaria;D.E.R.;b3fcb5a8b8242039df431e0cebc8389860bdb6cce0642282ba070f4d9e8bdf08;903a5aec2de104c8c1a095c95a6f1b611f27f50499233cb425fd10a8bc949218;af57d31ea774df4d1637d610aecfc70d94489752b8182a2712de1dddf8b65c74;563598;563598;positive;;;;D.E.R.;GI;contextual;;;;;;;;;;;;;;;;;;;;https://dinem.magyp.gob.ar/dinem_fas.cfas_all.aspx;2026-10-09T14:33:11.160960Z;42d17e3943d77cc2d9822f7a82929291efc6d0e49f629813d6a904009933fe72;2026-10-09T143311160960Z_934fd5282475484fb1f6e69510c846f3;magyp-references-v1;
observation;2025-10-23;2025-10;Trigo Pan;MAGyP;Argentina / paridad teórica;FAS teórico D.E.R.;ARS;TN;diaria;D.E.R.;ea2d46d37b95e95a5bfe5ddbe8cef74d052224359a498a5321afd62568648b89;c4ee336a0648f01d139eb0ccc6b5a03e627581a4e28fd153e394bdfbd25cdf49;bfed838cf966faa5d15f61d08b495e16d45260249c0c5995283d4970062b795c;286385;286385;positive;;;;D.E.R.;TP;contextual;;;;;;;;;;;;;;;;;;;;https://dinem.magyp.gob.ar/dinem_fas.cfas_all.aspx;2026-10-09T14:33:11.160960Z;42d17e3943d77cc2d9822f7a82929291efc6d0e49f629813d6a904009933fe72;2026-10-09T143311160960Z_934fd5282475484fb1f6e69510c846f3;magyp-references-v1;
observation;2025-10-24;2025-10;Soja;MAGyP;Argentina / paridad teórica;FAS teórico D.E.R.;ARS;TN;diaria;D.E.R.;38eec92ea27e9522db61afaee52ea98e646bf7b7de9394c7341bb60068e96fc1;f61bd64dd506d200e126de34a195eca0e4734659dbdf5608cb6575db63f0707b;70551eca00fda2757fb49370a713a345bc12374c1c74cfc674271ede2f0148de;606992;606992;positive;;;;D.E.R.;SO;contextual;;;;;;;;;;;;;;;;;;;;https://dinem.magyp.gob.ar/dinem_fas.cfas_all.aspx;2026-10-09T14:33:11.160960Z;42d17e3943d77cc2d9822f7a82929291efc6d0e49f629813d6a904009933fe72;2026-10-09T143311160960Z_934fd5282475484fb1f6e69510c846f3;magyp-references-v1;
observation;2025-10-24;2025-10;Cebada F.;MAGyP;Argentina / paridad teórica;FAS teórico D.E.R.;ARS;TN;diaria;D.E.R.;427733d52eaf9325db9e9acae6911e257ed2de809220176d7808a99a2ab98012;25719c83cef8dd35cdb85e9eb30215208a62426db6117aa4995ca0b275a454bd;8010f6d9e6cc40dc93b293c5fb8b8b621800ae479a1c603cf28fdabf94a3e58a;289274;289274;positive;;;;D.E.R.;CEBF;contextual;;;;;;;;;;;;;;;;;;;;https://dinem.magyp.gob.ar/dinem_fas.cfas_all.aspx;2026-10-09T14:33:11.160960Z;42d17e3943d77cc2d9822f7a82929291efc6d0e49f629813d6a904009933fe72;2026-10-09T143311160960Z_934fd5282475484fb1f6e69510c846f3;magyp-references-v1;
observation;2025-10-24;2025-10;Ac.Soja;MAGyP;Argentina / paridad teórica;FAS teórico D.E.R.;Sin identificar;Sin identificar;diaria;D.E.R.;5f27063d7fd2b20ba0ec900c07418f27feef12b2353c7ed889645f4ab29fcdbb;d636c75886b6d60a95bcd33f11e417995306db3e5425261ee99c94c433c9b23c;7259e153b32b08c99658011cc30d577dd330713e2a7e4d6a598d04618760e276;1579766;1579766;positive;;;;D.E.R.;AS;unknown;;;;;;;;;;;;;;;;;;;;https://dinem.magyp.gob.ar/dinem_fas.cfas_all.aspx;2026-10-09T14:33:11.160960Z;42d17e3943d77cc2d9822f7a82929291efc6d0e49f629813d6a904009933fe72;2026-10-09T143311160960Z_934fd5282475484fb1f6e69510c846f3;magyp-references-v1;
observation;2025-10-24;2025-10;Sorgo;MAGyP;Argentina / paridad teórica;FAS teórico D.E.R.;ARS;TN;diaria;D.E.R.;6eb9b249b34bc053e10e59691f28c2b6f9895ab179386bae0467a99b39d6ebb5;c710fa6be91db06231c8045245fea2abf55958efe1f2a5fee08159de86cc4767;dbcc6d99bc773e5eba6186dd638dc27c486b82d8b62f721da1dda9912b524795;250642;250642;positive;;;;D.E.R.;SOR;contextual;;;;;;;;;;;;;;;;;;;;https://dinem.magyp.gob.ar/dinem_fas.cfas_all.aspx;2026-10-09T14:33:11.160960Z;42d17e3943d77cc2d9822f7a82929291efc6d0e49f629813d6a904009933fe72;2026-10-09T143311160960Z_934fd5282475484fb1f6e69510c846f3;magyp-references-v1;
observation;2025-10-24;2025-10;Maíz;MAGyP;Argentina / paridad teórica;FAS teórico D.E.R.;ARS;TN;diaria;D.E.R.;8dd958feef3b74b392e19ded37936265751d4ea0106c840a71999e83410c1455;591154a5516c74051aba8a58da735698c06a6357f353b1d7f49ec6d3aa440609;d84e1953f848c337447e89dabec5507e278c72f109c55492ca340a409c50b3fd;280406;280406;positive;;;;D.E.R.;MA;contextual;;;;;;;;;;;;;;;;;;;;https://dinem.magyp.gob.ar/dinem_fas.cfas_all.aspx;2026-10-09T14:33:11.160960Z;42d17e3943d77cc2d9822f7a82929291efc6d0e49f629813d6a904009933fe72;2026-10-09T143311160960Z_934fd5282475484fb1f6e69510c846f3;magyp-references-v1;
observation;2025-10-24;2025-10;Cebada C.;MAGyP;Argentina / paridad teórica;FAS teórico D.E.R.;ARS;TN;diaria;D.E.R.;9ee064ab74d324691e882d38c8156c7d7b40836ba76eda0e10d2be7cb267ed8c;32c526b107eb62310718ad1407f5f61f71fb89e1029f5079aab78b1d9dd61b62;923fa81eb844c67ff441a0a0f6d1f75592aa60d69939f580380f6eb5a93183d3;328855;328855;positive;;;;D.E.R.;CEBC;contextual;;;;;;;;;;;;;;;;;;;;https://dinem.magyp.gob.ar/dinem_fas.cfas_all.aspx;2026-10-09T14:33:11.160960Z;42d17e3943d77cc2d9822f7a82929291efc6d0e49f629813d6a904009933fe72;2026-10-09T143311160960Z_934fd5282475484fb1f6e69510c846f3;magyp-references-v1;
observation;2025-10-24;2025-10;Ac.Girasol;MAGyP;Argentina / paridad teórica;FAS teórico D.E.R.;Sin identificar;Sin identificar;diaria;D.E.R.;a20b8bafe941a8f2056bcd7861a4ffe7448272fdd45b3660b132f2309d84341e;e1f7e348db39b6def031314c22c3061fe7da7cbfb07a01d5f736059a2b89ce6b;af7c157aca5371447af86e3ab2a48b52870e91ccae80a3e98b8e14fc66ba4e0d;1793021;1793021;positive;;;;D.E.R.;AG;unknown;;;;;;;;;;;;;;;;;;;;https://dinem.magyp.gob.ar/dinem_fas.cfas_all.aspx;2026-10-09T14:33:11.160960Z;42d17e3943d77cc2d9822f7a82929291efc6d0e49f629813d6a904009933fe72;2026-10-09T143311160960Z_934fd5282475484fb1f6e69510c846f3;magyp-references-v1;
observation;2025-10-24;2025-10;Girasol;MAGyP;Argentina / paridad teórica;FAS teórico D.E.R.;ARS;TN;diaria;D.E.R.;b3fcb5a8b8242039df431e0cebc8389860bdb6cce0642282ba070f4d9e8bdf08;b41a9f5b14334308388b59ead57e1f293f8c7bebd055cfb961d5fd09f078294b;f7642ff721fe7484df3afb1e63ae3d35f6ea4794a4c9b19cdf45d4d0540b11af;574796;574796;positive;;;;D.E.R.;GI;contextual;;;;;;;;;;;;;;;;;;;;https://dinem.magyp.gob.ar/dinem_fas.cfas_all.aspx;2026-10-09T14:33:11.160960Z;42d17e3943d77cc2d9822f7a82929291efc6d0e49f629813d6a904009933fe72;2026-10-09T143311160960Z_934fd5282475484fb1f6e69510c846f3;magyp-references-v1;
observation;2025-10-24;2025-10;Trigo Pan;MAGyP;Argentina / paridad teórica;FAS teórico D.E.R.;ARS;TN;diaria;D.E.R.;ea2d46d37b95e95a5bfe5ddbe8cef74d052224359a498a5321afd62568648b89;6d120ca33725bc3b7e10613a87c1a450dd0353e96b2929f8038b158442fa0439;16c3ad11651bbb068750a2feedde50136668ba67181237970a1e92c54d155335;291795;291795;positive;;;;D.E.R.;TP;contextual;;;;;;;;;;;;;;;;;;;;https://dinem.magyp.gob.ar/dinem_fas.cfas_all.aspx;2026-10-09T14:33:11.160960Z;42d17e3943d77cc2d9822f7a82929291efc6d0e49f629813d6a904009933fe72;2026-10-09T143311160960Z_934fd5282475484fb1f6e69510c846f3;magyp-references-v1;
observation;2025-10-27;2025-10;Soja;MAGyP;Argentina / paridad teórica;FAS teórico D.E.R.;ARS;TN;diaria;D.E.R.;38eec92ea27e9522db61afaee52ea98e646bf7b7de9394c7341bb60068e96fc1;25aef3d235177bbebc6c9f23f5bc641bc1961bdab388aa737bdccee6d781c589;a8e315f48d32793b1870764bf8614b7d301d8abf053ffa0aaa9095f4a760bd10;590592;590592;positive;;;;D.E.R.;SO;contextual;;;;;;;;;;;;;;;;;;;;https://dinem.magyp.gob.ar/dinem_fas.cfas_all.aspx;2026-10-09T14:33:11.160960Z;42d17e3943d77cc2d9822f7a82929291efc6d0e49f629813d6a904009933fe72;2026-10-09T143311160960Z_934fd5282475484fb1f6e69510c846f3;magyp-references-v1;
observation;2025-10-27;2025-10;Cebada F.;MAGyP;Argentina / paridad teórica;FAS teórico D.E.R.;ARS;TN;diaria;D.E.R.;427733d52eaf9325db9e9acae6911e257ed2de809220176d7808a99a2ab98012;111963d0950ce87b26a8c1ec856898ed5f99e6ad379af6dd4c3041c279ef652b;dc4b39f9bc00366aaa41811f5ce3a757e012c759b991c14e9eafdd9be3d56ef7;278156;278156;positive;;;;D.E.R.;CEBF;contextual;;;;;;;;;;;;;;;;;;;;https://dinem.magyp.gob.ar/dinem_fas.cfas_all.aspx;2026-10-09T14:33:11.160960Z;42d17e3943d77cc2d9822f7a82929291efc6d0e49f629813d6a904009933fe72;2026-10-09T143311160960Z_934fd5282475484fb1f6e69510c846f3;magyp-references-v1;
observation;2025-10-27;2025-10;Ac.Soja;MAGyP;Argentina / paridad teórica;FAS teórico D.E.R.;Sin identificar;Sin identificar;diaria;D.E.R.;5f27063d7fd2b20ba0ec900c07418f27feef12b2353c7ed889645f4ab29fcdbb;9661d8fd11ddd26b56106980d56698adec1008981439f906b199f4f95690d538;e52464700ad12c9c55bf7c05692d03db0d069e1059e935daaf04e7ddd5796a44;1528914;1528914;positive;;;;D.E.R.;AS;unknown;;;;;;;;;;;;;;;;;;;;https://dinem.magyp.gob.ar/dinem_fas.cfas_all.aspx;2026-10-09T14:33:11.160960Z;42d17e3943d77cc2d9822f7a82929291efc6d0e49f629813d6a904009933fe72;2026-10-09T143311160960Z_934fd5282475484fb1f6e69510c846f3;magyp-references-v1;
observation;2025-10-27;2025-10;Sorgo;MAGyP;Argentina / paridad teórica;FAS teórico D.E.R.;ARS;TN;diaria;D.E.R.;6eb9b249b34bc053e10e59691f28c2b6f9895ab179386bae0467a99b39d6ebb5;146211d95826e6ddfec5adcd8e7dad802e91c4af2056efe58f133c56d53d563a;8692108e515bed38895cce4f40af41644c5af84101760dd80ebce40a28aa919f;241008;241008;positive;;;;D.E.R.;SOR;contextual;;;;;;;;;;;;;;;;;;;;https://dinem.magyp.gob.ar/dinem_fas.cfas_all.aspx;2026-10-09T14:33:11.160960Z;42d17e3943d77cc2d9822f7a82929291efc6d0e49f629813d6a904009933fe72;2026-10-09T143311160960Z_934fd5282475484fb1f6e69510c846f3;magyp-references-v1;
observation;2025-10-27;2025-10;Maíz;MAGyP;Argentina / paridad teórica;FAS teórico D.E.R.;ARS;TN;diaria;D.E.R.;8dd958feef3b74b392e19ded37936265751d4ea0106c840a71999e83410c1455;6c879e08b6d1f07960ee234b88737f3349e595353db3ca872ad6a5939e88fb1c;9eb697b0bf5eeda8c43fc0962e33c7db8660a3e3863ecbe98520b267c4d3062d;272395;272395;positive;;;;D.E.R.;MA;contextual;;;;;;;;;;;;;;;;;;;;https://dinem.magyp.gob.ar/dinem_fas.cfas_all.aspx;2026-10-09T14:33:11.160960Z;42d17e3943d77cc2d9822f7a82929291efc6d0e49f629813d6a904009933fe72;2026-10-09T143311160960Z_934fd5282475484fb1f6e69510c846f3;magyp-references-v1;
observation;2025-10-27;2025-10;Cebada C.;MAGyP;Argentina / paridad teórica;FAS teórico D.E.R.;ARS;TN;diaria;D.E.R.;9ee064ab74d324691e882d38c8156c7d7b40836ba76eda0e10d2be7cb267ed8c;b7d1dd34bd2171bddc83da48f86fbed26a39919d4603351b8a49f0a77dba34d3;cc6a31cbdee386ecfe4a9c14670ffa354b9ff7ea8e4497809f64139b2a6ff48d;316216;316216;positive;;;;D.E.R.;CEBC;contextual;;;;;;;;;;;;;;;;;;;;https://dinem.magyp.gob.ar/dinem_fas.cfas_all.aspx;2026-10-09T14:33:11.160960Z;42d17e3943d77cc2d9822f7a82929291efc6d0e49f629813d6a904009933fe72;2026-10-09T143311160960Z_934fd5282475484fb1f6e69510c846f3;magyp-references-v1;
observation;2025-10-27;2025-10;Ac.Girasol;MAGyP;Argentina / paridad teórica;FAS teórico D.E.R.;Sin identificar;Sin identificar;diaria;D.E.R.;a20b8bafe941a8f2056bcd7861a4ffe7448272fdd45b3660b132f2309d84341e;6545dae3497cb0293f714c1e64c12ab09d5f6e27ee4df0611227a37289cf768c;2fa223ec8fa8643089a67660e9d47b0e5c6139194f9d2d47ecfb6e3bfcd124c2;1726972;1726972;positive;;;;D.E.R.;AG;unknown;;;;;;;;;;;;;;;;;;;;https://dinem.magyp.gob.ar/dinem_fas.cfas_all.aspx;2026-10-09T14:33:11.160960Z;42d17e3943d77cc2d9822f7a82929291efc6d0e49f629813d6a904009933fe72;2026-10-09T143311160960Z_934fd5282475484fb1f6e69510c846f3;magyp-references-v1;
observation;2025-10-27;2025-10;Girasol;MAGyP;Argentina / paridad teórica;FAS teórico D.E.R.;ARS;TN;diaria;D.E.R.;b3fcb5a8b8242039df431e0cebc8389860bdb6cce0642282ba070f4d9e8bdf08;5e8e8d3c2b7cd2c2eabc223568b4fd7a029ae54a27174ca7b929ca8b1ca6b437;b67b57d6a4faa60f12dfefff0b0357b9cd5c09c3b2854d0f1250b08712ad294f;553673;553673;positive;;;;D.E.R.;GI;contextual;;;;;;;;;;;;;;;;;;;;https://dinem.magyp.gob.ar/dinem_fas.cfas_all.aspx;2026-10-09T14:33:11.160960Z;42d17e3943d77cc2d9822f7a82929291efc6d0e49f629813d6a904009933fe72;2026-10-09T143311160960Z_934fd5282475484fb1f6e69510c846f3;magyp-references-v1;
observation;2025-10-27;2025-10;Trigo Pan;MAGyP;Argentina / paridad teórica;FAS teórico D.E.R.;ARS;TN;diaria;D.E.R.;ea2d46d37b95e95a5bfe5ddbe8cef74d052224359a498a5321afd62568648b89;ed033c297181e0da221a1d33cecdf2ac43bfdab03db0c191c9d71d0aab40983f;dbbda5a82de8e0561bac541dbb760739a4b0fb32ea8b0c81dd0e9d981ee9e024;280580;280580;positive;;;;D.E.R.;TP;contextual;;;;;;;;;;;;;;;;;;;;https://dinem.magyp.gob.ar/dinem_fas.cfas_all.aspx;2026-10-09T14:33:11.160960Z;42d17e3943d77cc2d9822f7a82929291efc6d0e49f629813d6a904009933fe72;2026-10-09T143311160960Z_934fd5282475484fb1f6e69510c846f3;magyp-references-v1;
observation;2025-10-28;2025-10;Soja;MAGyP;Argentina / paridad teórica;FAS teórico D.E.R.;ARS;TN;diaria;D.E.R.;38eec92ea27e9522db61afaee52ea98e646bf7b7de9394c7341bb60068e96fc1;68ceb96d4639796aaaea770164c6a99049c4d816dd86eec2077c67c6b7a91b14;2ee468d56083c0bd40b05fe4bb73a58484df7de437f09a6d876fa56c134a62d1;609339;609339;positive;;;;D.E.R.;SO;contextual;;;;;;;;;;;;;;;;;;;;https://dinem.magyp.gob.ar/dinem_fas.cfas_all.aspx;2026-10-09T14:33:11.160960Z;42d17e3943d77cc2d9822f7a82929291efc6d0e49f629813d6a904009933fe72;2026-10-09T143311160960Z_934fd5282475484fb1f6e69510c846f3;magyp-references-v1;
observation;2025-10-28;2025-10;Cebada F.;MAGyP;Argentina / paridad teórica;FAS teórico D.E.R.;ARS;TN;diaria;D.E.R.;427733d52eaf9325db9e9acae6911e257ed2de809220176d7808a99a2ab98012;1cb8aa4045b9cacdc531781a8bd291fc342c0e7e3081fc379010e0b38a00a5c2;5e991e36b78581b5b49733e689b5f2af28b7438294073e81a9c853d736ef564c;284983;284983;positive;;;;D.E.R.;CEBF;contextual;;;;;;;;;;;;;;;;;;;;https://dinem.magyp.gob.ar/dinem_fas.cfas_all.aspx;2026-10-09T14:33:11.160960Z;42d17e3943d77cc2d9822f7a82929291efc6d0e49f629813d6a904009933fe72;2026-10-09T143311160960Z_934fd5282475484fb1f6e69510c846f3;magyp-references-v1;
observation;2025-10-28;2025-10;Ac.Soja;MAGyP;Argentina / paridad teórica;FAS teórico D.E.R.;Sin identificar;Sin identificar;diaria;D.E.R.;5f27063d7fd2b20ba0ec900c07418f27feef12b2353c7ed889645f4ab29fcdbb;64beb3f60ace5d743ec6d3bfee4bf170116ac14ae039b20328bf739ff7886588;124aceb43889a39e7adb571635b0f7a52d232fb46d15df786e01beb6f22f6779;1544788;1544788;positive;;;;D.E.R.;AS;unknown;;;;;;;;;;;;;;;;;;;;https://dinem.magyp.gob.ar/dinem_fas.cfas_all.aspx;2026-10-09T14:33:11.160960Z;42d17e3943d77cc2d9822f7a82929291efc6d0e49f629813d6a904009933fe72;2026-10-09T143311160960Z_934fd5282475484fb1f6e69510c846f3;magyp-references-v1;
observation;2025-10-28;2025-10;Sorgo;MAGyP;Argentina / paridad teórica;FAS teórico D.E.R.;ARS;TN;diaria;D.E.R.;6eb9b249b34bc053e10e59691f28c2b6f9895ab179386bae0467a99b39d6ebb5;d1923fd86fd2ac4283c726042578b5edfd8a4d16375998c07468410270ff6b58;75a0652202048afe5fd888fc2f6e784d7e12652dbc48e09faa091df143a434f0;246924;246924;positive;;;;D.E.R.;SOR;contextual;;;;;;;;;;;;;;;;;;;;https://dinem.magyp.gob.ar/dinem_fas.cfas_all.aspx;2026-10-09T14:33:11.160960Z;42d17e3943d77cc2d9822f7a82929291efc6d0e49f629813d6a904009933fe72;2026-10-09T143311160960Z_934fd5282475484fb1f6e69510c846f3;magyp-references-v1;
observation;2025-10-28;2025-10;Maíz;MAGyP;Argentina / paridad teórica;FAS teórico D.E.R.;ARS;TN;diaria;D.E.R.;8dd958feef3b74b392e19ded37936265751d4ea0106c840a71999e83410c1455;2f73feafa0f7fb6d3c32edd1db8ba3a17e520dea3c8f9fd2ae320be8984f2d53;db58fb5da86f1d727d5bd4d220d43964211537a8f87aa0b10e64b292a5f80c3f;280468;280468;positive;;;;D.E.R.;MA;contextual;;;;;;;;;;;;;;;;;;;;https://dinem.magyp.gob.ar/dinem_fas.cfas_all.aspx;2026-10-09T14:33:11.160960Z;42d17e3943d77cc2d9822f7a82929291efc6d0e49f629813d6a904009933fe72;2026-10-09T143311160960Z_934fd5282475484fb1f6e69510c846f3;magyp-references-v1;
observation;2025-10-28;2025-10;Cebada C.;MAGyP;Argentina / paridad teórica;FAS teórico D.E.R.;ARS;TN;diaria;D.E.R.;9ee064ab74d324691e882d38c8156c7d7b40836ba76eda0e10d2be7cb267ed8c;0f11ef5e72548e6b73baf16d6d172d8ae5cb54b6fc84994620f208431900f377;24e0e6a9b4415c29400637e8790d79ca21aa2a40b8e7f8f7451bf38919b2ec62;323977;323977;positive;;;;D.E.R.;CEBC;contextual;;;;;;;;;;;;;;;;;;;;https://dinem.magyp.gob.ar/dinem_fas.cfas_all.aspx;2026-10-09T14:33:11.160960Z;42d17e3943d77cc2d9822f7a82929291efc6d0e49f629813d6a904009933fe72;2026-10-09T143311160960Z_934fd5282475484fb1f6e69510c846f3;magyp-references-v1;
observation;2025-10-28;2025-10;Ac.Girasol;MAGyP;Argentina / paridad teórica;FAS teórico D.E.R.;Sin identificar;Sin identificar;diaria;D.E.R.;a20b8bafe941a8f2056bcd7861a4ffe7448272fdd45b3660b132f2309d84341e;1daf5b6899d365f3392b5e1ea7a71bb764fe49991ee9a563d7e9a79560a03ccd;daad080bce79adc127db334b34fd11017165662a716646e6d8a1c7faf85f5112;1778154;1778154;positive;;;;D.E.R.;AG;unknown;;;;;;;;;;;;;;;;;;;;https://dinem.magyp.gob.ar/dinem_fas.cfas_all.aspx;2026-10-09T14:33:11.160960Z;42d17e3943d77cc2d9822f7a82929291efc6d0e49f629813d6a904009933fe72;2026-10-09T143311160960Z_934fd5282475484fb1f6e69510c846f3;magyp-references-v1;
observation;2025-10-28;2025-10;Girasol;MAGyP;Argentina / paridad teórica;FAS teórico D.E.R.;ARS;TN;diaria;D.E.R.;b3fcb5a8b8242039df431e0cebc8389860bdb6cce0642282ba070f4d9e8bdf08;5b9712cb4c5427c801e9fbf4162516e5dbf8cb111379601c925940eda520b48e;c4d0038d4f0e60544b87b03d4bbe22f0c53edf670f168e138fabe83645753695;570301;570301;positive;;;;D.E.R.;GI;contextual;;;;;;;;;;;;;;;;;;;;https://dinem.magyp.gob.ar/dinem_fas.cfas_all.aspx;2026-10-09T14:33:11.160960Z;42d17e3943d77cc2d9822f7a82929291efc6d0e49f629813d6a904009933fe72;2026-10-09T143311160960Z_934fd5282475484fb1f6e69510c846f3;magyp-references-v1;
observation;2025-10-28;2025-10;Trigo Pan;MAGyP;Argentina / paridad teórica;FAS teórico D.E.R.;ARS;TN;diaria;D.E.R.;ea2d46d37b95e95a5bfe5ddbe8cef74d052224359a498a5321afd62568648b89;c4ad5280274582ae2678486263b0c86c653877a8b8beafabe08342092ad0462a;89f59e9c6f14419402fce75d8a5085e27c873b9df800c26fe6596dad7bec00bf;286035;286035;positive;;;;D.E.R.;TP;contextual;;;;;;;;;;;;;;;;;;;;https://dinem.magyp.gob.ar/dinem_fas.cfas_all.aspx;2026-10-09T14:33:11.160960Z;42d17e3943d77cc2d9822f7a82929291efc6d0e49f629813d6a904009933fe72;2026-10-09T143311160960Z_934fd5282475484fb1f6e69510c846f3;magyp-references-v1;
observation;2025-10-29;2025-10;Soja;MAGyP;Argentina / paridad teórica;FAS teórico D.E.R.;ARS;TN;diaria;D.E.R.;38eec92ea27e9522db61afaee52ea98e646bf7b7de9394c7341bb60068e96fc1;fe84da8a14e38dff1997bc9ee4ea0559b8c639cf9a0e45dc2caa188b9c189c5a;8dffd492faddb5cec120e9caf4f758850a18c3cd1824b59acf1cc260f7973e95;599026;599026;positive;;;;D.E.R.;SO;contextual;;;;;;;;;;;;;;;;;;;;https://dinem.magyp.gob.ar/dinem_fas.cfas_all.aspx;2026-10-09T14:33:11.160960Z;42d17e3943d77cc2d9822f7a82929291efc6d0e49f629813d6a904009933fe72;2026-10-09T143311160960Z_934fd5282475484fb1f6e69510c846f3;magyp-references-v1;
observation;2025-10-29;2025-10;Cebada F.;MAGyP;Argentina / paridad teórica;FAS teórico D.E.R.;ARS;TN;diaria;D.E.R.;427733d52eaf9325db9e9acae6911e257ed2de809220176d7808a99a2ab98012;8a94fc756d1c5c6262f7010b4de82d7aaabb497783f618596920aff87433f610;4bd48cca59d2ccbd061b991e5e7eb08641597db225ad7f13c7b570a3c65753e1;278351;278351;positive;;;;D.E.R.;CEBF;contextual;;;;;;;;;;;;;;;;;;;;https://dinem.magyp.gob.ar/dinem_fas.cfas_all.aspx;2026-10-09T14:33:11.160960Z;42d17e3943d77cc2d9822f7a82929291efc6d0e49f629813d6a904009933fe72;2026-10-09T143311160960Z_934fd5282475484fb1f6e69510c846f3;magyp-references-v1;
observation;2025-10-29;2025-10;Ac.Soja;MAGyP;Argentina / paridad teórica;FAS teórico D.E.R.;Sin identificar;Sin identificar;diaria;D.E.R.;5f27063d7fd2b20ba0ec900c07418f27feef12b2353c7ed889645f4ab29fcdbb;6fd16d300dcbca2003e8280cad201540d6a9a6ab94f0053ad71390a3e1a73963;373e385afff06270a52e3e1cbf008885a74f55cf8fe16213ba504778e7999440;1518699;1518699;positive;;;;D.E.R.;AS;unknown;;;;;;;;;;;;;;;;;;;;https://dinem.magyp.gob.ar/dinem_fas.cfas_all.aspx;2026-10-09T14:33:11.160960Z;42d17e3943d77cc2d9822f7a82929291efc6d0e49f629813d6a904009933fe72;2026-10-09T143311160960Z_934fd5282475484fb1f6e69510c846f3;magyp-references-v1;
observation;2025-10-29;2025-10;Sorgo;MAGyP;Argentina / paridad teórica;FAS teórico D.E.R.;ARS;TN;diaria;D.E.R.;6eb9b249b34bc053e10e59691f28c2b6f9895ab179386bae0467a99b39d6ebb5;7ad3bd080120a7e9b91e04950d27e61f05f28e78a66a50a9734af3313cc9267f;dc560c0d4c11da619fa4a3cbb3935221b34bc3635e7fff98568fc1808d5c7fd6;241177;241177;positive;;;;D.E.R.;SOR;contextual;;;;;;;;;;;;;;;;;;;;https://dinem.magyp.gob.ar/dinem_fas.cfas_all.aspx;2026-10-09T14:33:11.160960Z;42d17e3943d77cc2d9822f7a82929291efc6d0e49f629813d6a904009933fe72;2026-10-09T143311160960Z_934fd5282475484fb1f6e69510c846f3;magyp-references-v1;
observation;2025-10-29;2025-10;Maíz;MAGyP;Argentina / paridad teórica;FAS teórico D.E.R.;ARS;TN;diaria;D.E.R.;8dd958feef3b74b392e19ded37936265751d4ea0106c840a71999e83410c1455;144fdbe8a5b17f03105726d6b897e4ace1687e7de4ff7f30d78077ec9c9c6acc;82ae2a04f050c918dc608b5de267f295284000b53d97cd1e38265351b66e26e5;273941;273941;positive;;;;D.E.R.;MA;contextual;;;;;;;;;;;;;;;;;;;;https://dinem.magyp.gob.ar/dinem_fas.cfas_all.aspx;2026-10-09T14:33:11.160960Z;42d17e3943d77cc2d9822f7a82929291efc6d0e49f629813d6a904009933fe72;2026-10-09T143311160960Z_934fd5282475484fb1f6e69510c846f3;magyp-references-v1;
observation;2025-10-29;2025-10;Cebada C.;MAGyP;Argentina / paridad teórica;FAS teórico D.E.R.;ARS;TN;diaria;D.E.R.;9ee064ab74d324691e882d38c8156c7d7b40836ba76eda0e10d2be7cb267ed8c;ad729514f7c908a5c75390998b5e9fa977e17e9a5acdcd456346d82ba34124bb;1ec12cc8be32ae55c2d995dbf5eb91272b8e02aa02f170b40b4044043fefaea9;316437;316437;positive;;;;D.E.R.;CEBC;contextual;;;;;;;;;;;;;;;;;;;;https://dinem.magyp.gob.ar/dinem_fas.cfas_all.aspx;2026-10-09T14:33:11.160960Z;42d17e3943d77cc2d9822f7a82929291efc6d0e49f629813d6a904009933fe72;2026-10-09T143311160960Z_934fd5282475484fb1f6e69510c846f3;magyp-references-v1;
observation;2025-10-29;2025-10;Ac.Girasol;MAGyP;Argentina / paridad teórica;FAS teórico D.E.R.;Sin identificar;Sin identificar;diaria;D.E.R.;a20b8bafe941a8f2056bcd7861a4ffe7448272fdd45b3660b132f2309d84341e;ad652bd96d463a3270761eb217c019a07e6e7398428fe1188499b491f497d322;ce20f9742ee2b464a0ab80bfc34dc65b0365c6f1e5a784bb4c91af4a3eb79ab3;1718165;1718165;positive;;;;D.E.R.;AG;unknown;;;;;;;;;;;;;;;;;;;;https://dinem.magyp.gob.ar/dinem_fas.cfas_all.aspx;2026-10-09T14:33:11.160960Z;42d17e3943d77cc2d9822f7a82929291efc6d0e49f629813d6a904009933fe72;2026-10-09T143311160960Z_934fd5282475484fb1f6e69510c846f3;magyp-references-v1;
observation;2025-10-29;2025-10;Girasol;MAGyP;Argentina / paridad teórica;FAS teórico D.E.R.;ARS;TN;diaria;D.E.R.;b3fcb5a8b8242039df431e0cebc8389860bdb6cce0642282ba070f4d9e8bdf08;e1904c45c7d9f46a846f48adc927a113ce7de2ff6aa891aea3c7e62a60f8c432;ca7ed2fb2d1093e634315d8653a6fa4c72bb4cc7308393e824007510cc9860d2;550579;550579;positive;;;;D.E.R.;GI;contextual;;;;;;;;;;;;;;;;;;;;https://dinem.magyp.gob.ar/dinem_fas.cfas_all.aspx;2026-10-09T14:33:11.160960Z;42d17e3943d77cc2d9822f7a82929291efc6d0e49f629813d6a904009933fe72;2026-10-09T143311160960Z_934fd5282475484fb1f6e69510c846f3;magyp-references-v1;
observation;2025-10-29;2025-10;Trigo Pan;MAGyP;Argentina / paridad teórica;FAS teórico D.E.R.;ARS;TN;diaria;D.E.R.;ea2d46d37b95e95a5bfe5ddbe8cef74d052224359a498a5321afd62568648b89;237ec56eb4e55aeda1294d589bbe89368d043bb228b8d29d7dd1e1b4cdd29884;61554e029fe3f3071e0a4a8841475f0a42ee753b7ebe10024b41962b1619a104;280777;280777;positive;;;;D.E.R.;TP;contextual;;;;;;;;;;;;;;;;;;;;https://dinem.magyp.gob.ar/dinem_fas.cfas_all.aspx;2026-10-09T14:33:11.160960Z;42d17e3943d77cc2d9822f7a82929291efc6d0e49f629813d6a904009933fe72;2026-10-09T143311160960Z_934fd5282475484fb1f6e69510c846f3;magyp-references-v1;
observation;2025-10-30;2025-10;Soja;MAGyP;Argentina / paridad teórica;FAS teórico D.E.R.;ARS;TN;diaria;D.E.R.;38eec92ea27e9522db61afaee52ea98e646bf7b7de9394c7341bb60068e96fc1;8fa252777166c51fc277b0b9c42c09546f7409929ec0e3cb2c0bf1be2068dc1c;210c6a5c17d3a5b4e9a406afc6bb2a996cfd8b63759832aee9175fbb96219c67;603595;603595;positive;;;;D.E.R.;SO;contextual;;;;;;;;;;;;;;;;;;;;https://dinem.magyp.gob.ar/dinem_fas.cfas_all.aspx;2026-10-09T14:33:11.160960Z;42d17e3943d77cc2d9822f7a82929291efc6d0e49f629813d6a904009933fe72;2026-10-09T143311160960Z_934fd5282475484fb1f6e69510c846f3;magyp-references-v1;
observation;2025-10-30;2025-10;Cebada F.;MAGyP;Argentina / paridad teórica;FAS teórico D.E.R.;ARS;TN;diaria;D.E.R.;427733d52eaf9325db9e9acae6911e257ed2de809220176d7808a99a2ab98012;9c32b6d05ce917a10b74c268ca2916725c0244fd828a022906e0b250e2b0af4c;a358b25980f0debd3e29616864791e9caca12ba9e3ba4ef5d172ac7534e8d4b2;278741;278741;positive;;;;D.E.R.;CEBF;contextual;;;;;;;;;;;;;;;;;;;;https://dinem.magyp.gob.ar/dinem_fas.cfas_all.aspx;2026-10-09T14:33:11.160960Z;42d17e3943d77cc2d9822f7a82929291efc6d0e49f629813d6a904009933fe72;2026-10-09T143311160960Z_934fd5282475484fb1f6e69510c846f3;magyp-references-v1;
observation;2025-10-30;2025-10;Ac.Soja;MAGyP;Argentina / paridad teórica;FAS teórico D.E.R.;Sin identificar;Sin identificar;diaria;D.E.R.;5f27063d7fd2b20ba0ec900c07418f27feef12b2353c7ed889645f4ab29fcdbb;ae2749232b55fa1e3bda435dbf2397568a181505863fc24a26f25f0985375591;6595c96de72612973c2271a723a8c7adc232be491bbe0498807c51bd25f1bd19;1508124;1508124;positive;;;;D.E.R.;AS;unknown;;;;;;;;;;;;;;;;;;;;https://dinem.magyp.gob.ar/dinem_fas.cfas_all.aspx;2026-10-09T14:33:11.160960Z;42d17e3943d77cc2d9822f7a82929291efc6d0e49f629813d6a904009933fe72;2026-10-09T143311160960Z_934fd5282475484fb1f6e69510c846f3;magyp-references-v1;
observation;2025-10-30;2025-10;Sorgo;MAGyP;Argentina / paridad teórica;FAS teórico D.E.R.;ARS;TN;diaria;D.E.R.;6eb9b249b34bc053e10e59691f28c2b6f9895ab179386bae0467a99b39d6ebb5;fce6f057e2f1a895a8a51fff326b8082ef9f4772b50bf34910c86e0d2300e015;19813ca5678b711768a4bdd75e4d084daeb97aa8df149e8ae3316acd4f279687;241515;241515;positive;;;;D.E.R.;SOR;contextual;;;;;;;;;;;;;;;;;;;;https://dinem.magyp.gob.ar/dinem_fas.cfas_all.aspx;2026-10-09T14:33:11.160960Z;42d17e3943d77cc2d9822f7a82929291efc6d0e49f629813d6a904009933fe72;2026-10-09T143311160960Z_934fd5282475484fb1f6e69510c846f3;magyp-references-v1;
observation;2025-10-30;2025-10;Maíz;MAGyP;Argentina / paridad teórica;FAS teórico D.E.R.;ARS;TN;diaria;D.E.R.;8dd958feef3b74b392e19ded37936265751d4ea0106c840a71999e83410c1455;7e50a9b69c6945976352f7acdb2f8fa96dbb0007ced0676386d2c19eb35bc646;2c61d98d671ef089806cc4bd18f13bbc82f0dad4972c4cbd447f97c36a2b2f12;272968;272968;positive;;;;D.E.R.;MA;contextual;;;;;;;;;;;;;;;;;;;;https://dinem.magyp.gob.ar/dinem_fas.cfas_all.aspx;2026-10-09T14:33:11.160960Z;42d17e3943d77cc2d9822f7a82929291efc6d0e49f629813d6a904009933fe72;2026-10-09T143311160960Z_934fd5282475484fb1f6e69510c846f3;magyp-references-v1;
observation;2025-10-30;2025-10;Cebada C.;MAGyP;Argentina / paridad teórica;FAS teórico D.E.R.;ARS;TN;diaria;D.E.R.;9ee064ab74d324691e882d38c8156c7d7b40836ba76eda0e10d2be7cb267ed8c;287ccd21447d63d5e11b03b822d452678e9c0906e7317b0c7133ffc422a7003f;5f04698547a181fd0d2f58994f4cddecabc2e326c8d16859bd806f1355df99d5;316881;316881;positive;;;;D.E.R.;CEBC;contextual;;;;;;;;;;;;;;;;;;;;https://dinem.magyp.gob.ar/dinem_fas.cfas_all.aspx;2026-10-09T14:33:11.160960Z;42d17e3943d77cc2d9822f7a82929291efc6d0e49f629813d6a904009933fe72;2026-10-09T143311160960Z_934fd5282475484fb1f6e69510c846f3;magyp-references-v1;
observation;2025-10-30;2025-10;Ac.Girasol;MAGyP;Argentina / paridad teórica;FAS teórico D.E.R.;Sin identificar;Sin identificar;diaria;D.E.R.;a20b8bafe941a8f2056bcd7861a4ffe7448272fdd45b3660b132f2309d84341e;ff6c7822b431fa1badf7e911af511e070bde992e74ab735b7d263077d25bc1f2;68b29379aeaa5e54e647ccf97b411d7d4624290b8d3a91fca52bea1d1bda8248;1732048;1732048;positive;;;;D.E.R.;AG;unknown;;;;;;;;;;;;;;;;;;;;https://dinem.magyp.gob.ar/dinem_fas.cfas_all.aspx;2026-10-09T14:33:11.160960Z;42d17e3943d77cc2d9822f7a82929291efc6d0e49f629813d6a904009933fe72;2026-10-09T143311160960Z_934fd5282475484fb1f6e69510c846f3;magyp-references-v1;
observation;2025-10-30;2025-10;Girasol;MAGyP;Argentina / paridad teórica;FAS teórico D.E.R.;ARS;TN;diaria;D.E.R.;b3fcb5a8b8242039df431e0cebc8389860bdb6cce0642282ba070f4d9e8bdf08;6b9f6ad46f47db9461c9b551d3e266a62941cd2d997c167646a2f1d3f3b0b26d;66ea935b606928f92e921ece8d80a906f62f0638db257ce6d1d044c9bb2772e6;555352;555352;positive;;;;D.E.R.;GI;contextual;;;;;;;;;;;;;;;;;;;;https://dinem.magyp.gob.ar/dinem_fas.cfas_all.aspx;2026-10-09T14:33:11.160960Z;42d17e3943d77cc2d9822f7a82929291efc6d0e49f629813d6a904009933fe72;2026-10-09T143311160960Z_934fd5282475484fb1f6e69510c846f3;magyp-references-v1;
observation;2025-10-30;2025-10;Trigo Pan;MAGyP;Argentina / paridad teórica;FAS teórico D.E.R.;ARS;TN;diaria;D.E.R.;ea2d46d37b95e95a5bfe5ddbe8cef74d052224359a498a5321afd62568648b89;d66e58caf98b43a68a7a9042b9e8eb7bb34fd6d599723b91db51e167e92d0905;bc7d24f9aa975dac0aa75986da8736be9b50f24dfd967bfd0d6e6692f33671e8;279770;279770;positive;;;;D.E.R.;TP;contextual;;;;;;;;;;;;;;;;;;;;https://dinem.magyp.gob.ar/dinem_fas.cfas_all.aspx;2026-10-09T14:33:11.160960Z;42d17e3943d77cc2d9822f7a82929291efc6d0e49f629813d6a904009933fe72;2026-10-09T143311160960Z_934fd5282475484fb1f6e69510c846f3;magyp-references-v1;
observation;2025-10-31;2025-10;Soja;MAGyP;Argentina / paridad teórica;FAS teórico D.E.R.;ARS;TN;diaria;D.E.R.;38eec92ea27e9522db61afaee52ea98e646bf7b7de9394c7341bb60068e96fc1;ed6e2b485051ba3ec09ea6d9b2a07dffa4d058e55deee5cd3f96af8c05d68c36;bd43fb4f9b54e1cd13164a8662c8ddb65ab9c9d0b3c206228ee4b4fc086ef398;609367;609367;positive;;;;D.E.R.;SO;contextual;;;;;;;;;;;;;;;;;;;;https://dinem.magyp.gob.ar/dinem_fas.cfas_all.aspx;2026-10-09T14:33:11.160960Z;42d17e3943d77cc2d9822f7a82929291efc6d0e49f629813d6a904009933fe72;2026-10-09T143311160960Z_934fd5282475484fb1f6e69510c846f3;magyp-references-v1;
observation;2025-10-31;2025-10;Cebada F.;MAGyP;Argentina / paridad teórica;FAS teórico D.E.R.;ARS;TN;diaria;D.E.R.;427733d52eaf9325db9e9acae6911e257ed2de809220176d7808a99a2ab98012;0ea26e9417d877d700405991a228738e868f4f68b6a307a31197f7d58a0535a0;1218ea4d14a415160c67d2fa72845c16fa8a05bd60cfa23e7317fbf416b39b94;280106;280106;positive;;;;D.E.R.;CEBF;contextual;;;;;;;;;;;;;;;;;;;;https://dinem.magyp.gob.ar/dinem_fas.cfas_all.aspx;2026-10-09T14:33:11.160960Z;42d17e3943d77cc2d9822f7a82929291efc6d0e49f629813d6a904009933fe72;2026-10-09T143311160960Z_934fd5282475484fb1f6e69510c846f3;magyp-references-v1;
observation;2025-10-31;2025-10;Ac.Soja;MAGyP;Argentina / paridad teórica;FAS teórico D.E.R.;Sin identificar;Sin identificar;diaria;D.E.R.;5f27063d7fd2b20ba0ec900c07418f27feef12b2353c7ed889645f4ab29fcdbb;67cb6fb24019cb5875a31b791bfd936413ce262d51c7b3f3ede607ee297c40a8;5b3e13e37aa70e88bab54879679e7221e166dc2271a563df75c5d9afb4b4911a;1481449;1481449;positive;;;;D.E.R.;AS;unknown;;;;;;;;;;;;;;;;;;;;https://dinem.magyp.gob.ar/dinem_fas.cfas_all.aspx;2026-10-09T14:33:11.160960Z;42d17e3943d77cc2d9822f7a82929291efc6d0e49f629813d6a904009933fe72;2026-10-09T143311160960Z_934fd5282475484fb1f6e69510c846f3;magyp-references-v1;
observation;2025-10-31;2025-10;Sorgo;MAGyP;Argentina / paridad teórica;FAS teórico D.E.R.;ARS;TN;diaria;D.E.R.;6eb9b249b34bc053e10e59691f28c2b6f9895ab179386bae0467a99b39d6ebb5;3c41c9d8612723e19d4fb344837c82dc65ccf73caf459d9849fe3429c8adef36;da819a28db352dd64fecf9912b37371ad9e198b7dcd455ea729978768824b317;242698;242698;positive;;;;D.E.R.;SOR;contextual;;;;;;;;;;;;;;;;;;;;https://dinem.magyp.gob.ar/dinem_fas.cfas_all.aspx;2026-10-09T14:33:11.160960Z;42d17e3943d77cc2d9822f7a82929291efc6d0e49f629813d6a904009933fe72;2026-10-09T143311160960Z_934fd5282475484fb1f6e69510c846f3;magyp-references-v1;
observation;2025-10-31;2025-10;Maíz;MAGyP;Argentina / paridad teórica;FAS teórico D.E.R.;ARS;TN;diaria;D.E.R.;8dd958feef3b74b392e19ded37936265751d4ea0106c840a71999e83410c1455;23ac6c334f4678dae1eb8818085355b84270883139b1b282e27e23508591d654;b28df52876ca17389dd13c92476671d3ae141992d31f999ac343590bc7243951;275669;275669;positive;;;;D.E.R.;MA;contextual;;;;;;;;;;;;;;;;;;;;https://dinem.magyp.gob.ar/dinem_fas.cfas_all.aspx;2026-10-09T14:33:11.160960Z;42d17e3943d77cc2d9822f7a82929291efc6d0e49f629813d6a904009933fe72;2026-10-09T143311160960Z_934fd5282475484fb1f6e69510c846f3;magyp-references-v1;
observation;2025-10-31;2025-10;Cebada C.;MAGyP;Argentina / paridad teórica;FAS teórico D.E.R.;ARS;TN;diaria;D.E.R.;9ee064ab74d324691e882d38c8156c7d7b40836ba76eda0e10d2be7cb267ed8c;714b82ad0fd2fd3fb017500d76e839a5188559647805a8949403076d391b867a;7868981c637cd4c428732c83e9dc5f8337ef85f36d49cc9ed6a8c8b19a8e5843;318433;318433;positive;;;;D.E.R.;CEBC;contextual;;;;;;;;;;;;;;;;;;;;https://dinem.magyp.gob.ar/dinem_fas.cfas_all.aspx;2026-10-09T14:33:11.160960Z;42d17e3943d77cc2d9822f7a82929291efc6d0e49f629813d6a904009933fe72;2026-10-09T143311160960Z_934fd5282475484fb1f6e69510c846f3;magyp-references-v1;
observation;2025-10-31;2025-10;Ac.Girasol;MAGyP;Argentina / paridad teórica;FAS teórico D.E.R.;Sin identificar;Sin identificar;diaria;D.E.R.;a20b8bafe941a8f2056bcd7861a4ffe7448272fdd45b3660b132f2309d84341e;c7d67996df0584578bf5f3bc1338dec45d0527b8d57161c2e3fdda7380d72ce4;a3975c6f419da6fc3d87ae6bc9b8697859f1e8c6be0d82a77f16ffe5472be339;1721793;1721793;positive;;;;D.E.R.;AG;unknown;;;;;;;;;;;;;;;;;;;;https://dinem.magyp.gob.ar/dinem_fas.cfas_all.aspx;2026-10-09T14:33:11.160960Z;42d17e3943d77cc2d9822f7a82929291efc6d0e49f629813d6a904009933fe72;2026-10-09T143311160960Z_934fd5282475484fb1f6e69510c846f3;magyp-references-v1;
observation;2025-10-31;2025-10;Girasol;MAGyP;Argentina / paridad teórica;FAS teórico D.E.R.;ARS;TN;diaria;D.E.R.;b3fcb5a8b8242039df431e0cebc8389860bdb6cce0642282ba070f4d9e8bdf08;a2b7622128323b22f4e218f482cb84798ecdf091b657c32fab0577ef3ab7b4d8;f855f347f73d99f7e80b1631e5dad7cf4936d297c91280b49151df341b96518f;551539;551539;positive;;;;D.E.R.;GI;contextual;;;;;;;;;;;;;;;;;;;;https://dinem.magyp.gob.ar/dinem_fas.cfas_all.aspx;2026-10-09T14:33:11.160960Z;42d17e3943d77cc2d9822f7a82929291efc6d0e49f629813d6a904009933fe72;2026-10-09T143311160960Z_934fd5282475484fb1f6e69510c846f3;magyp-references-v1;
observation;2025-10-31;2025-10;Trigo Pan;MAGyP;Argentina / paridad teórica;FAS teórico D.E.R.;ARS;TN;diaria;D.E.R.;ea2d46d37b95e95a5bfe5ddbe8cef74d052224359a498a5321afd62568648b89;9453b4281e3a45fce60ee7dacd30d67a31ce046ed94d001558614d869ec23883;ef4d234dac0845ac213aa160320e80913aa59edec1d5cf6da45eaeb29d03f442;281140;281140;positive;;;;D.E.R.;TP;contextual;;;;;;;;;;;;;;;;;;;;https://dinem.magyp.gob.ar/dinem_fas.cfas_all.aspx;2026-10-09T14:33:11.160960Z;42d17e3943d77cc2d9822f7a82929291efc6d0e49f629813d6a904009933fe72;2026-10-09T143311160960Z_934fd5282475484fb1f6e69510c846f3;magyp-references-v1;
observation;2026-09-28;2026-09;Ac.Girasol;MAGyP;Argentina / paridad teórica;FAS teórico D.E.C.;Sin identificar;Sin identificar;diaria;D.E.C.;17d87d6b1b62bda4ea37d6c601548ea8670a0cc43a15d505d1e0e41041440c74;a926f680461b49f0378108b967a172023c5480814ee4e1bb7b364d417ca0a468;d486f82d47cb03c8f92b526bbc6dd656cf4735c2028de45d288be3f9cac7b799;1864453;1864453;positive;;;;D.E.C.;AG;unknown;;;;;;;;;;;;;;;;;;;;https://dinem.magyp.gob.ar/dinem_fas.cfas_all.aspx;2026-10-09T14:33:11.160960Z;42d17e3943d77cc2d9822f7a82929291efc6d0e49f629813d6a904009933fe72;2026-10-09T143311160960Z_934fd5282475484fb1f6e69510c846f3;magyp-references-v1;
observation;2026-09-28;2026-09;Maíz;MAGyP;Argentina / paridad teórica;FAS teórico D.E.C.;ARS;TN;diaria;D.E.C.;1b6174ba23023aa9933594c7d131a3cda7bf8c885ebb4b2c42429daeea0419dc;8f5b94f80a003a7e83199ff87ac9ccc3675ecc568c8d1b231d9afd0fa1a28796;3bbb43de969981e76e36b0c55e18e197a669422cfc11acfef3b455d34a7ff607;285190;285190;positive;;;;D.E.C.;MA;contextual;;;;;;;;;;;;;;;;;;;;https://dinem.magyp.gob.ar/dinem_fas.cfas_all.aspx;2026-10-09T14:33:11.160960Z;42d17e3943d77cc2d9822f7a82929291efc6d0e49f629813d6a904009933fe72;2026-10-09T143311160960Z_934fd5282475484fb1f6e69510c846f3;magyp-references-v1;
observation;2026-09-28;2026-09;Cebada F.;MAGyP;Argentina / paridad teórica;FAS teórico D.E.C.;ARS;TN;diaria;D.E.C.;1ea3e8de5096ffd77b4d0bdd345518a9019eed30b660116e612ac8ec48710aac;85846236d7ee11ed2e7d54d022c6b0a2fc0671b3247a0f6999446bca5751c091;8cf6b87ac6444739ceba24038968db72dbbc3a789c7fb4db5b4769a0ad464ebe;310098;310098;positive;;;;D.E.C.;CEBF;contextual;;;;;;;;;;;;;;;;;;;;https://dinem.magyp.gob.ar/dinem_fas.cfas_all.aspx;2026-10-09T14:33:11.160960Z;42d17e3943d77cc2d9822f7a82929291efc6d0e49f629813d6a904009933fe72;2026-10-09T143311160960Z_934fd5282475484fb1f6e69510c846f3;magyp-references-v1;
observation;2026-09-28;2026-09;Soja;MAGyP;Argentina / paridad teórica;FAS teórico D.E.C.;ARS;TN;diaria;D.E.C.;380065bc29159a2f001da50cc2d8422b24ff811cb5a0e9362d8071aedd559389;dfb5e8e888996d7eb3ce3052ccf8719221a8ef8d33b5c13961f3ef2c5783f072;3601122058c8db30112a52bf2b50199c76a577ba417a0375b964b39cd64af035;579506;579506;positive;;;;D.E.C.;SO;contextual;;;;;;;;;;;;;;;;;;;;https://dinem.magyp.gob.ar/dinem_fas.cfas_all.aspx;2026-10-09T14:33:11.160960Z;42d17e3943d77cc2d9822f7a82929291efc6d0e49f629813d6a904009933fe72;2026-10-09T143311160960Z_934fd5282475484fb1f6e69510c846f3;magyp-references-v1;
observation;2026-09-28;2026-09;Girasol;MAGyP;Argentina / paridad teórica;FAS teórico D.E.C.;ARS;TN;diaria;D.E.C.;3c47c29c63e9797abe6df69b60fdadb233f86dcdb59a67772dcf8c2842d70587;2c23d41a2e96287ff6cc7945dbc8dbea8dac86cb4df35f7b916ccdc9dea90246;0b43b85cec8123324b007f5b10b6192533b7db7fa43a1d429fc10c8f789f36e9;598532;598532;positive;;;;D.E.C.;GI;contextual;;;;;;;;;;;;;;;;;;;;https://dinem.magyp.gob.ar/dinem_fas.cfas_all.aspx;2026-10-09T14:33:11.160960Z;42d17e3943d77cc2d9822f7a82929291efc6d0e49f629813d6a904009933fe72;2026-10-09T143311160960Z_934fd5282475484fb1f6e69510c846f3;magyp-references-v1;
observation;2026-09-28;2026-09;Ac.Soja;MAGyP;Argentina / paridad teórica;FAS teórico D.E.C.;Sin identificar;Sin identificar;diaria;D.E.C.;56f5c597975c5777ca7290e5ec5217413d8ddf5ad70c98591d2f2a90ef243ec3;cb9fb5e3021b173e691439185143810ef3ff345fe46bacd2a4a11f27d199e10d;e7d6a3461082cc0c56ef98acad83ff2d372515a5a6e32c4cf7bce2666a8d429f;1378620;1378620;positive;;;;D.E.C.;AS;unknown;;;;;;;;;;;;;;;;;;;;https://dinem.magyp.gob.ar/dinem_fas.cfas_all.aspx;2026-10-09T14:33:11.160960Z;42d17e3943d77cc2d9822f7a82929291efc6d0e49f629813d6a904009933fe72;2026-10-09T143311160960Z_934fd5282475484fb1f6e69510c846f3;magyp-references-v1;
observation;2026-09-28;2026-09;Sorgo;MAGyP;Argentina / paridad teórica;FAS teórico D.E.C.;ARS;TN;diaria;D.E.C.;968ca82ce65f0c4b03b3bf4fbd5f1e40f05a89130024c8972c9f575130aca4ae;b2bb25d3f3609423830a40664e80592bb8e7a5a8f20247ffc2456a0395eb82ba;95691ac7ece53f33488742636530d80133a75deef30952e9285e511f7dc09356;278398;278398;positive;;;;D.E.C.;SOR;contextual;;;;;;;;;;;;;;;;;;;;https://dinem.magyp.gob.ar/dinem_fas.cfas_all.aspx;2026-10-09T14:33:11.160960Z;42d17e3943d77cc2d9822f7a82929291efc6d0e49f629813d6a904009933fe72;2026-10-09T143311160960Z_934fd5282475484fb1f6e69510c846f3;magyp-references-v1;
observation;2026-09-28;2026-09;Cebada C.;MAGyP;Argentina / paridad teórica;FAS teórico D.E.C.;ARS;TN;diaria;D.E.C.;a9cefab693afdaa3e3c7a243a7a7102999de1c1e5876cf759dc61935f2020457;4abe1cadf5c59aeefdad1756a7d260eee22fae8759e3fa6b992dc4b9d6560137;9e391c018925e56aa20d41e0ca20e3eb8057449d4754496fb7b448d76b78b5cb;356518;356518;positive;;;;D.E.C.;CEBC;contextual;;;;;;;;;;;;;;;;;;;;https://dinem.magyp.gob.ar/dinem_fas.cfas_all.aspx;2026-10-09T14:33:11.160960Z;42d17e3943d77cc2d9822f7a82929291efc6d0e49f629813d6a904009933fe72;2026-10-09T143311160960Z_934fd5282475484fb1f6e69510c846f3;magyp-references-v1;
observation;2026-09-28;2026-09;Trigo Pan;MAGyP;Argentina / paridad teórica;FAS teórico D.E.C.;ARS;TN;diaria;D.E.C.;bb505e9f57f8a2d148b6824496be7ea4474e1baf233aad319b53f13658d09469;ab598bd564e61c2e3041c0ebfae3aefe4b1d6595095a0bc30fb0e8fd0ab8b64a;36b4aee05937f50071beb68369e86e6f60fbd8bc252181188027815029a4fd5e;340236;340236;positive;;;;D.E.C.;TP;contextual;;;;;;;;;;;;;;;;;;;;https://dinem.magyp.gob.ar/dinem_fas.cfas_all.aspx;2026-10-09T14:33:11.160960Z;42d17e3943d77cc2d9822f7a82929291efc6d0e49f629813d6a904009933fe72;2026-10-09T143311160960Z_934fd5282475484fb1f6e69510c846f3;magyp-references-v1;
observation;2026-09-29;2026-09;Ac.Girasol;MAGyP;Argentina / paridad teórica;FAS teórico D.E.C.;Sin identificar;Sin identificar;diaria;D.E.C.;17d87d6b1b62bda4ea37d6c601548ea8670a0cc43a15d505d1e0e41041440c74;5e74895d56f5ffe9b2dfa8708fb63a7f8e2b4c6e1d12f1c364347cbd8edade1b;6389b2ca59a8f63e98aa07fbea5e5961a4bb3e5dafee6181b59687dce3384e27;1854968;1854968;positive;;;;D.E.C.;AG;unknown;;;;;;;;;;;;;;;;;;;;https://dinem.magyp.gob.ar/dinem_fas.cfas_all.aspx;2026-10-09T14:33:11.160960Z;42d17e3943d77cc2d9822f7a82929291efc6d0e49f629813d6a904009933fe72;2026-10-09T143311160960Z_934fd5282475484fb1f6e69510c846f3;magyp-references-v1;
observation;2026-09-29;2026-09;Maíz;MAGyP;Argentina / paridad teórica;FAS teórico D.E.C.;ARS;TN;diaria;D.E.C.;1b6174ba23023aa9933594c7d131a3cda7bf8c885ebb4b2c42429daeea0419dc;7d81906fc8b85e8787f95a503fc0d55f4d63e9eff9e9a648752a82bf09c6f167;9a1211455d64f8805593b1cf9b6af73a4286bba5ad39568dc7beb79397eff1f5;284626;284626;positive;;;;D.E.C.;MA;contextual;;;;;;;;;;;;;;;;;;;;https://dinem.magyp.gob.ar/dinem_fas.cfas_all.aspx;2026-10-09T14:33:11.160960Z;42d17e3943d77cc2d9822f7a82929291efc6d0e49f629813d6a904009933fe72;2026-10-09T143311160960Z_934fd5282475484fb1f6e69510c846f3;magyp-references-v1;
observation;2026-09-29;2026-09;Cebada F.;MAGyP;Argentina / paridad teórica;FAS teórico D.E.C.;ARS;TN;diaria;D.E.C.;1ea3e8de5096ffd77b4d0bdd345518a9019eed30b660116e612ac8ec48710aac;c0c14bf628210c1ab0d918c7774b02db024dfd3f0b1796908658362cc573b56f;d03ce3e8893a64d699373e3e9f1d56a6b604ed33b45bc8c33c0ab02533242fff;309484;309484;positive;;;;D.E.C.;CEBF;contextual;;;;;;;;;;;;;;;;;;;;https://dinem.magyp.gob.ar/dinem_fas.cfas_all.aspx;2026-10-09T14:33:11.160960Z;42d17e3943d77cc2d9822f7a82929291efc6d0e49f629813d6a904009933fe72;2026-10-09T143311160960Z_934fd5282475484fb1f6e69510c846f3;magyp-references-v1;
observation;2026-09-29;2026-09;Soja;MAGyP;Argentina / paridad teórica;FAS teórico D.E.C.;ARS;TN;diaria;D.E.C.;380065bc29159a2f001da50cc2d8422b24ff811cb5a0e9362d8071aedd559389;ea5b5a0e1e7ddf36378584ee571bf3f1dd53c74fbc233965c4a80ba7c276f9bc;4bd8b09235ccfeb49d322ea977c4e9424ff06db817b05cc49f3481e26b91636e;580508;580508;positive;;;;D.E.C.;SO;contextual;;;;;;;;;;;;;;;;;;;;https://dinem.magyp.gob.ar/dinem_fas.cfas_all.aspx;2026-10-09T14:33:11.160960Z;42d17e3943d77cc2d9822f7a82929291efc6d0e49f629813d6a904009933fe72;2026-10-09T143311160960Z_934fd5282475484fb1f6e69510c846f3;magyp-references-v1;
observation;2026-09-29;2026-09;Girasol;MAGyP;Argentina / paridad teórica;FAS teórico D.E.C.;ARS;TN;diaria;D.E.C.;3c47c29c63e9797abe6df69b60fdadb233f86dcdb59a67772dcf8c2842d70587;1060257f4080a4f4230844c9c5b0da707ecb47734448e16779bcd522d478e826;f2e56148f44ba49821773d0f91aa7df614d82e72a93f9b2606dafb3b8e55dde5;595335;595335;positive;;;;D.E.C.;GI;contextual;;;;;;;;;;;;;;;;;;;;https://dinem.magyp.gob.ar/dinem_fas.cfas_all.aspx;2026-10-09T14:33:11.160960Z;42d17e3943d77cc2d9822f7a82929291efc6d0e49f629813d6a904009933fe72;2026-10-09T143311160960Z_934fd5282475484fb1f6e69510c846f3;magyp-references-v1;
observation;2026-09-29;2026-09;Ac.Soja;MAGyP;Argentina / paridad teórica;FAS teórico D.E.C.;Sin identificar;Sin identificar;diaria;D.E.C.;56f5c597975c5777ca7290e5ec5217413d8ddf5ad70c98591d2f2a90ef243ec3;f897a760b861db641b568af4d7a9064408e08d2948d75ed81a33162bc2e10709;dd3b56dd69dc19a4ae5c0a8e264bb948b7fbcffea0240ed865f5854ec366aacc;1387436;1387436;positive;;;;D.E.C.;AS;unknown;;;;;;;;;;;;;;;;;;;;https://dinem.magyp.gob.ar/dinem_fas.cfas_all.aspx;2026-10-09T14:33:11.160960Z;42d17e3943d77cc2d9822f7a82929291efc6d0e49f629813d6a904009933fe72;2026-10-09T143311160960Z_934fd5282475484fb1f6e69510c846f3;magyp-references-v1;
observation;2026-09-29;2026-09;Sorgo;MAGyP;Argentina / paridad teórica;FAS teórico D.E.C.;ARS;TN;diaria;D.E.C.;968ca82ce65f0c4b03b3bf4fbd5f1e40f05a89130024c8972c9f575130aca4ae;ea4b437e0f450f8274e18caef9921ed24b501eee991a035ef41ce6af8da9e775;af4e5e7872f96cb7f455852f64f2c5f2547981327c4602eb18daf0091b96c80d;277847;277847;positive;;;;D.E.C.;SOR;contextual;;;;;;;;;;;;;;;;;;;;https://dinem.magyp.gob.ar/dinem_fas.cfas_all.aspx;2026-10-09T14:33:11.160960Z;42d17e3943d77cc2d9822f7a82929291efc6d0e49f629813d6a904009933fe72;2026-10-09T143311160960Z_934fd5282475484fb1f6e69510c846f3;magyp-references-v1;
observation;2026-09-29;2026-09;Cebada C.;MAGyP;Argentina / paridad teórica;FAS teórico D.E.C.;ARS;TN;diaria;D.E.C.;a9cefab693afdaa3e3c7a243a7a7102999de1c1e5876cf759dc61935f2020457;5bec07ecd5ec2923777f721f602d0b706aff11814e7d5e451f2d55e8daa79a2b;48307aaab0ca1d86e60fdd44de2493eb1663df07cb8782d548d07199d061ad34;355812;355812;positive;;;;D.E.C.;CEBC;contextual;;;;;;;;;;;;;;;;;;;;https://dinem.magyp.gob.ar/dinem_fas.cfas_all.aspx;2026-10-09T14:33:11.160960Z;42d17e3943d77cc2d9822f7a82929291efc6d0e49f629813d6a904009933fe72;2026-10-09T143311160960Z_934fd5282475484fb1f6e69510c846f3;magyp-references-v1;
observation;2026-09-29;2026-09;Trigo Pan;MAGyP;Argentina / paridad teórica;FAS teórico D.E.C.;ARS;TN;diaria;D.E.C.;bb505e9f57f8a2d148b6824496be7ea4474e1baf233aad319b53f13658d09469;b3a9bf8c28b744500735531a74611bc2d86ac113e4f4c6b0f230de8044d76eeb;499f05af195d56dba7af00f0b14ed2065558c152dace090bdc16fa8c94f102ef;338186;338186;positive;;;;D.E.C.;TP;contextual;;;;;;;;;;;;;;;;;;;;https://dinem.magyp.gob.ar/dinem_fas.cfas_all.aspx;2026-10-09T14:33:11.160960Z;42d17e3943d77cc2d9822f7a82929291efc6d0e49f629813d6a904009933fe72;2026-10-09T143311160960Z_934fd5282475484fb1f6e69510c846f3;magyp-references-v1;
observation;2026-09-30;2026-09;Ac.Girasol;MAGyP;Argentina / paridad teórica;FAS teórico D.E.C.;Sin identificar;Sin identificar;diaria;D.E.C.;17d87d6b1b62bda4ea37d6c601548ea8670a0cc43a15d505d1e0e41041440c74;e53a6619168809b4b7e15e6482657ee5a1a19c75e99773a361c792218d6d323b;f2de456e4a6c1edf568ebde334c9d30bea590a4a035356abcaa4c425af22779f;1837272;1837272;positive;;;;D.E.C.;AG;unknown;;;;;;;;;;;;;;;;;;;;https://dinem.magyp.gob.ar/dinem_fas.cfas_all.aspx;2026-10-09T14:33:11.160960Z;42d17e3943d77cc2d9822f7a82929291efc6d0e49f629813d6a904009933fe72;2026-10-09T143311160960Z_934fd5282475484fb1f6e69510c846f3;magyp-references-v1;
observation;2026-09-30;2026-09;Maíz;MAGyP;Argentina / paridad teórica;FAS teórico D.E.C.;ARS;TN;diaria;D.E.C.;1b6174ba23023aa9933594c7d131a3cda7bf8c885ebb4b2c42429daeea0419dc;397d928c38cfeb44a156bd0beca040ac759041bb0315d362fdf8dfe522fd37a7;7dfce8fc8f7b8b3cdec95d65e6cd3c20a52e4b2a5d6be6896254c77b370854ce;272993;272993;positive;;;;D.E.C.;MA;contextual;;;;;;;;;;;;;;;;;;;;https://dinem.magyp.gob.ar/dinem_fas.cfas_all.aspx;2026-10-09T14:33:11.160960Z;42d17e3943d77cc2d9822f7a82929291efc6d0e49f629813d6a904009933fe72;2026-10-09T143311160960Z_934fd5282475484fb1f6e69510c846f3;magyp-references-v1;
observation;2026-09-30;2026-09;Cebada F.;MAGyP;Argentina / paridad teórica;FAS teórico D.E.C.;ARS;TN;diaria;D.E.C.;1ea3e8de5096ffd77b4d0bdd345518a9019eed30b660116e612ac8ec48710aac;1f0d5c2829c29c7cb5c277b9c87167da72c74b54a504d7125e51d11692f6dd7f;4b3fea71b87db04f4922cc488fc04f9e26ac2790ceb3475e959f7c1ba6bff000;308461;308461;positive;;;;D.E.C.;CEBF;contextual;;;;;;;;;;;;;;;;;;;;https://dinem.magyp.gob.ar/dinem_fas.cfas_all.aspx;2026-10-09T14:33:11.160960Z;42d17e3943d77cc2d9822f7a82929291efc6d0e49f629813d6a904009933fe72;2026-10-09T143311160960Z_934fd5282475484fb1f6e69510c846f3;magyp-references-v1;
observation;2026-09-30;2026-09;Soja;MAGyP;Argentina / paridad teórica;FAS teórico D.E.C.;ARS;TN;diaria;D.E.C.;380065bc29159a2f001da50cc2d8422b24ff811cb5a0e9362d8071aedd559389;ed8fc5aedd992db5536cf816b150e94d8c1d9b09dfecbc9cebf2365450c60396;0b12709a4bd87d821e3a5c993b1616eaa638047b795ab56f4ef96b45d8036d82;574865;574865;positive;;;;D.E.C.;SO;contextual;;;;;;;;;;;;;;;;;;;;https://dinem.magyp.gob.ar/dinem_fas.cfas_all.aspx;2026-10-09T14:33:11.160960Z;42d17e3943d77cc2d9822f7a82929291efc6d0e49f629813d6a904009933fe72;2026-10-09T143311160960Z_934fd5282475484fb1f6e69510c846f3;magyp-references-v1;
observation;2026-09-30;2026-09;Girasol;MAGyP;Argentina / paridad teórica;FAS teórico D.E.C.;ARS;TN;diaria;D.E.C.;3c47c29c63e9797abe6df69b60fdadb233f86dcdb59a67772dcf8c2842d70587;6c3dca4e6981cb6b05640ed79b4fc3150f81431e20cd7f0c9803baed6df95f9a;2b808dd938c5d7ba0bf63abf5092a268e75ad320d98c2378496e1b9cd2ab740f;589341;589341;positive;;;;D.E.C.;GI;contextual;;;;;;;;;;;;;;;;;;;;https://dinem.magyp.gob.ar/dinem_fas.cfas_all.aspx;2026-10-09T14:33:11.160960Z;42d17e3943d77cc2d9822f7a82929291efc6d0e49f629813d6a904009933fe72;2026-10-09T143311160960Z_934fd5282475484fb1f6e69510c846f3;magyp-references-v1;
observation;2026-09-30;2026-09;Ac.Soja;MAGyP;Argentina / paridad teórica;FAS teórico D.E.C.;Sin identificar;Sin identificar;diaria;D.E.C.;56f5c597975c5777ca7290e5ec5217413d8ddf5ad70c98591d2f2a90ef243ec3;8e4aaf991af9ad5c9cb081d3e55c992ce0ab9ad349a8e25608fd69905f032f85;187cddf2a222ef3e51f2654957b96948ff71b081bc9762effaf5c918b4eebc1e;1358693;1358693;positive;;;;D.E.C.;AS;unknown;;;;;;;;;;;;;;;;;;;;https://dinem.magyp.gob.ar/dinem_fas.cfas_all.aspx;2026-10-09T14:33:11.160960Z;42d17e3943d77cc2d9822f7a82929291efc6d0e49f629813d6a904009933fe72;2026-10-09T143311160960Z_934fd5282475484fb1f6e69510c846f3;magyp-references-v1;
observation;2026-09-30;2026-09;Sorgo;MAGyP;Argentina / paridad teórica;FAS teórico D.E.C.;ARS;TN;diaria;D.E.C.;968ca82ce65f0c4b03b3bf4fbd5f1e40f05a89130024c8972c9f575130aca4ae;585223370e76dea9e640517ea09d2ad39d34676402cd95f705e8a8467fe5df0c;d873e0d503df4e301f414f3f85031222daad7bceb11bae3495044c9e6881edd3;276929;276929;positive;;;;D.E.C.;SOR;contextual;;;;;;;;;;;;;;;;;;;;https://dinem.magyp.gob.ar/dinem_fas.cfas_all.aspx;2026-10-09T14:33:11.160960Z;42d17e3943d77cc2d9822f7a82929291efc6d0e49f629813d6a904009933fe72;2026-10-09T143311160960Z_934fd5282475484fb1f6e69510c846f3;magyp-references-v1;
observation;2026-09-30;2026-09;Cebada C.;MAGyP;Argentina / paridad teórica;FAS teórico D.E.C.;ARS;TN;diaria;D.E.C.;a9cefab693afdaa3e3c7a243a7a7102999de1c1e5876cf759dc61935f2020457;e483475c35b4b280c2f27b2399018b59af8f1d3f579992a289686ffdfd061213;e130493784ca360ba5d12db29149d883dbbfb83735cc22a298ee2487d7850f74;354636;354636;positive;;;;D.E.C.;CEBC;contextual;;;;;;;;;;;;;;;;;;;;https://dinem.magyp.gob.ar/dinem_fas.cfas_all.aspx;2026-10-09T14:33:11.160960Z;42d17e3943d77cc2d9822f7a82929291efc6d0e49f629813d6a904009933fe72;2026-10-09T143311160960Z_934fd5282475484fb1f6e69510c846f3;magyp-references-v1;
observation;2026-09-30;2026-09;Trigo Pan;MAGyP;Argentina / paridad teórica;FAS teórico D.E.C.;ARS;TN;diaria;D.E.C.;bb505e9f57f8a2d148b6824496be7ea4474e1baf233aad319b53f13658d09469;a29bf1ae3126bce256013289986be56ef21fccf34605cc74a5fbdd6a20c24e62;87d7fbb5d1af7c022a94ea48de529cbc680e21e0f003bb739523d85dc3ed0025;330192;330192;positive;;;;D.E.C.;TP;contextual;;;;;;;;;;;;;;;;;;;;https://dinem.magyp.gob.ar/dinem_fas.cfas_all.aspx;2026-10-09T14:33:11.160960Z;42d17e3943d77cc2d9822f7a82929291efc6d0e49f629813d6a904009933fe72;2026-10-09T143311160960Z_934fd5282475484fb1f6e69510c846f3;magyp-references-v1;
observation;2026-10-01;2026-10;Ac.Girasol;MAGyP;Argentina / paridad teórica;FAS teórico D.E.C.;Sin identificar;Sin identificar;diaria;D.E.C.;17d87d6b1b62bda4ea37d6c601548ea8670a0cc43a15d505d1e0e41041440c74;7a4d4e0067adb094e4104359207df592e671335213cb659d27995ca582fbb7b6;6d7419848823c0dc95c947c0cfeff7abad37baa07534e9b06e8943cc385795a2;1855736;1855736;positive;;;;D.E.C.;AG;unknown;;;;;;;;;;;;;;;;;;;;https://dinem.magyp.gob.ar/dinem_fas.cfas_all.aspx;2026-10-09T14:33:11.160960Z;42d17e3943d77cc2d9822f7a82929291efc6d0e49f629813d6a904009933fe72;2026-10-09T143311160960Z_934fd5282475484fb1f6e69510c846f3;magyp-references-v1;
observation;2026-10-01;2026-10;Maíz;MAGyP;Argentina / paridad teórica;FAS teórico D.E.C.;ARS;TN;diaria;D.E.C.;1b6174ba23023aa9933594c7d131a3cda7bf8c885ebb4b2c42429daeea0419dc;22606b54faa50e2dcea27c163e5a6bd6e4d55a44d6a15c6d3fa4d9c775700156;cf814888b9174f8d01f38ca38b2ea177302c9745a5f4799f516f6df711eb25a9;275791;275791;positive;;;;D.E.C.;MA;contextual;;;;;;;;;;;;;;;;;;;;https://dinem.magyp.gob.ar/dinem_fas.cfas_all.aspx;2026-10-09T14:33:11.160960Z;42d17e3943d77cc2d9822f7a82929291efc6d0e49f629813d6a904009933fe72;2026-10-09T143311160960Z_934fd5282475484fb1f6e69510c846f3;magyp-references-v1;
observation;2026-10-01;2026-10;Cebada F.;MAGyP;Argentina / paridad teórica;FAS teórico D.E.C.;ARS;TN;diaria;D.E.C.;1ea3e8de5096ffd77b4d0bdd345518a9019eed30b660116e612ac8ec48710aac;16bfa8bded11743a2e9301386245612178d306fa30ef9fb7c4f42cfbc470e53e;15807ff24f274498dc5d3c52201cdfdeb2b51692ef90bb98be2b4ec87e0ae73c;310098;310098;positive;;;;D.E.C.;CEBF;contextual;;;;;;;;;;;;;;;;;;;;https://dinem.magyp.gob.ar/dinem_fas.cfas_all.aspx;2026-10-09T14:33:11.160960Z;42d17e3943d77cc2d9822f7a82929291efc6d0e49f629813d6a904009933fe72;2026-10-09T143311160960Z_934fd5282475484fb1f6e69510c846f3;magyp-references-v1;
observation;2026-10-01;2026-10;Soja;MAGyP;Argentina / paridad teórica;FAS teórico D.E.C.;ARS;TN;diaria;D.E.C.;380065bc29159a2f001da50cc2d8422b24ff811cb5a0e9362d8071aedd559389;b28a124898b5276051dc80cbe5f82b9ba0efe529fb9464fd9d2e0868577c5dad;b8fef7de7525aa904b64e99a18adf7f0d3f56f6c2cd67ac50af6a69005864c18;574564;574564;positive;;;;D.E.C.;SO;contextual;;;;;;;;;;;;;;;;;;;;https://dinem.magyp.gob.ar/dinem_fas.cfas_all.aspx;2026-10-09T14:33:11.160960Z;42d17e3943d77cc2d9822f7a82929291efc6d0e49f629813d6a904009933fe72;2026-10-09T143311160960Z_934fd5282475484fb1f6e69510c846f3;magyp-references-v1;
observation;2026-10-01;2026-10;Girasol;MAGyP;Argentina / paridad teórica;FAS teórico D.E.C.;ARS;TN;diaria;D.E.C.;3c47c29c63e9797abe6df69b60fdadb233f86dcdb59a67772dcf8c2842d70587;180c3e77a5cb9b80ce853a11389de386763ba292578dc54cced7871eb03f8c2e;4300b55adbb5f59c33a3eed2d14db560ff38627690c7904089c591b0c1b01f99;595470;595470;positive;;;;D.E.C.;GI;contextual;;;;;;;;;;;;;;;;;;;;https://dinem.magyp.gob.ar/dinem_fas.cfas_all.aspx;2026-10-09T14:33:11.160960Z;42d17e3943d77cc2d9822f7a82929291efc6d0e49f629813d6a904009933fe72;2026-10-09T143311160960Z_934fd5282475484fb1f6e69510c846f3;magyp-references-v1;
observation;2026-10-01;2026-10;Ac.Soja;MAGyP;Argentina / paridad teórica;FAS teórico D.E.C.;Sin identificar;Sin identificar;diaria;D.E.C.;56f5c597975c5777ca7290e5ec5217413d8ddf5ad70c98591d2f2a90ef243ec3;573567031ec50f28c1b0be52303dfdac75c37b28ad73114b2335a8b8b3dd3be1;e611b318c621c3873ae73526ae4ee1fe29ffa85d14df943320bf7e89ba8ec575;1361277;1361277;positive;;;;D.E.C.;AS;unknown;;;;;;;;;;;;;;;;;;;;https://dinem.magyp.gob.ar/dinem_fas.cfas_all.aspx;2026-10-09T14:33:11.160960Z;42d17e3943d77cc2d9822f7a82929291efc6d0e49f629813d6a904009933fe72;2026-10-09T143311160960Z_934fd5282475484fb1f6e69510c846f3;magyp-references-v1;
observation;2026-10-01;2026-10;Sorgo;MAGyP;Argentina / paridad teórica;FAS teórico D.E.C.;ARS;TN;diaria;D.E.C.;968ca82ce65f0c4b03b3bf4fbd5f1e40f05a89130024c8972c9f575130aca4ae;edf52af3720d584c8ecc74481a2483930f7c88329c3c3c8ec722cacb2d4c33d7;568e2194288786fd6d3c0f4501518e4f079055ad7632daf3d58959237895f70b;278398;278398;positive;;;;D.E.C.;SOR;contextual;;;;;;;;;;;;;;;;;;;;https://dinem.magyp.gob.ar/dinem_fas.cfas_all.aspx;2026-10-09T14:33:11.160960Z;42d17e3943d77cc2d9822f7a82929291efc6d0e49f629813d6a904009933fe72;2026-10-09T143311160960Z_934fd5282475484fb1f6e69510c846f3;magyp-references-v1;
observation;2026-10-01;2026-10;Cebada C.;MAGyP;Argentina / paridad teórica;FAS teórico D.E.C.;ARS;TN;diaria;D.E.C.;a9cefab693afdaa3e3c7a243a7a7102999de1c1e5876cf759dc61935f2020457;79778d4717206aa7bc95a59d60f83e59602b91129445d6b753e6a6c54ae79f9f;242e99a48ef8a9cece6810a1305686bcfe6819844ed94553f6f477bf8436378d;356518;356518;positive;;;;D.E.C.;CEBC;contextual;;;;;;;;;;;;;;;;;;;;https://dinem.magyp.gob.ar/dinem_fas.cfas_all.aspx;2026-10-09T14:33:11.160960Z;42d17e3943d77cc2d9822f7a82929291efc6d0e49f629813d6a904009933fe72;2026-10-09T143311160960Z_934fd5282475484fb1f6e69510c846f3;magyp-references-v1;
observation;2026-10-01;2026-10;Trigo Pan;MAGyP;Argentina / paridad teórica;FAS teórico D.E.C.;ARS;TN;diaria;D.E.C.;bb505e9f57f8a2d148b6824496be7ea4474e1baf233aad319b53f13658d09469;66f180a585787ac43c0d50b3be4b3413429b9bdc8d45d3f6f5c7739a1b6d06f1;b3588f0254cf554247a95fc30d751de1f3a20aa86bb1a1b5f32eff64f8e12db5;329184;329184;positive;;;;D.E.C.;TP;contextual;;;;;;;;;;;;;;;;;;;;https://dinem.magyp.gob.ar/dinem_fas.cfas_all.aspx;2026-10-09T14:33:11.160960Z;42d17e3943d77cc2d9822f7a82929291efc6d0e49f629813d6a904009933fe72;2026-10-09T143311160960Z_934fd5282475484fb1f6e69510c846f3;magyp-references-v1;
observation;2026-10-02;2026-10;Ac.Girasol;MAGyP;Argentina / paridad teórica;FAS teórico D.E.C.;Sin identificar;Sin identificar;diaria;D.E.C.;17d87d6b1b62bda4ea37d6c601548ea8670a0cc43a15d505d1e0e41041440c74;41ecd95dccb8d89886ec3e94f3f54d7542330f312ab54f522a8928cb55fc7a3d;e98417bae5823fcce7b9de9748440730fab14c30932ad116eb38e8628e88b879;1862655;1862655;positive;;;;D.E.C.;AG;unknown;;;;;;;;;;;;;;;;;;;;https://dinem.magyp.gob.ar/dinem_fas.cfas_all.aspx;2026-10-09T14:33:11.160960Z;42d17e3943d77cc2d9822f7a82929291efc6d0e49f629813d6a904009933fe72;2026-10-09T143311160960Z_934fd5282475484fb1f6e69510c846f3;magyp-references-v1;
observation;2026-10-02;2026-10;Maíz;MAGyP;Argentina / paridad teórica;FAS teórico D.E.C.;ARS;TN;diaria;D.E.C.;1b6174ba23023aa9933594c7d131a3cda7bf8c885ebb4b2c42429daeea0419dc;8965f8e7f3fae05b0c6b6e3fdf4e0448d307be0913f3b9d30a52dd3273b89333;84fb9ecc21468513d13c12b7385455f04828df8f1a15e2c429a3cc0ce141b5f1;273536;273536;positive;;;;D.E.C.;MA;contextual;;;;;;;;;;;;;;;;;;;;https://dinem.magyp.gob.ar/dinem_fas.cfas_all.aspx;2026-10-09T14:33:11.160960Z;42d17e3943d77cc2d9822f7a82929291efc6d0e49f629813d6a904009933fe72;2026-10-09T143311160960Z_934fd5282475484fb1f6e69510c846f3;magyp-references-v1;
observation;2026-10-02;2026-10;Cebada F.;MAGyP;Argentina / paridad teórica;FAS teórico D.E.C.;ARS;TN;diaria;D.E.C.;1ea3e8de5096ffd77b4d0bdd345518a9019eed30b660116e612ac8ec48710aac;0f8db6f8570f65bc1ad246918f82c6523e59f952cfda884604c4305901803c7a;a461da6bcd904015391af6d829a4d5f3993adcac60f7383ccc166716690b31bb;309075;309075;positive;;;;D.E.C.;CEBF;contextual;;;;;;;;;;;;;;;;;;;;https://dinem.magyp.gob.ar/dinem_fas.cfas_all.aspx;2026-10-09T14:33:11.160960Z;42d17e3943d77cc2d9822f7a82929291efc6d0e49f629813d6a904009933fe72;2026-10-09T143311160960Z_934fd5282475484fb1f6e69510c846f3;magyp-references-v1;
observation;2026-10-02;2026-10;Soja;MAGyP;Argentina / paridad teórica;FAS teórico D.E.C.;ARS;TN;diaria;D.E.C.;380065bc29159a2f001da50cc2d8422b24ff811cb5a0e9362d8071aedd559389;1b9af7d8af2ece795c3e7acd0619b29b66c09ab19e56aea7c33ac3fb69a76113;c09e48f55cadac6760edb4172069e208abae45318168ff74e0c2f7d3768efe5d;572004;572004;positive;;;;D.E.C.;SO;contextual;;;;;;;;;;;;;;;;;;;;https://dinem.magyp.gob.ar/dinem_fas.cfas_all.aspx;2026-10-09T14:33:11.160960Z;42d17e3943d77cc2d9822f7a82929291efc6d0e49f629813d6a904009933fe72;2026-10-09T143311160960Z_934fd5282475484fb1f6e69510c846f3;magyp-references-v1;
observation;2026-10-02;2026-10;Girasol;MAGyP;Argentina / paridad teórica;FAS teórico D.E.C.;ARS;TN;diaria;D.E.C.;3c47c29c63e9797abe6df69b60fdadb233f86dcdb59a67772dcf8c2842d70587;1d89bc18d096c496e1737e9294070aefc23cd5e854bdc6a41f673fb6d8caa72f;8895387c8897cca803496c7cec3152eeed1c6309ea7635831f35d40e21e467b2;598054;598054;positive;;;;D.E.C.;GI;contextual;;;;;;;;;;;;;;;;;;;;https://dinem.magyp.gob.ar/dinem_fas.cfas_all.aspx;2026-10-09T14:33:11.160960Z;42d17e3943d77cc2d9822f7a82929291efc6d0e49f629813d6a904009933fe72;2026-10-09T143311160960Z_934fd5282475484fb1f6e69510c846f3;magyp-references-v1;
observation;2026-10-02;2026-10;Ac.Soja;MAGyP;Argentina / paridad teórica;FAS teórico D.E.C.;Sin identificar;Sin identificar;diaria;D.E.C.;56f5c597975c5777ca7290e5ec5217413d8ddf5ad70c98591d2f2a90ef243ec3;77945ef074ba583cfa3498a9792ca4578917b47620856b47a64da36dcb4ab96a;ed14d1e564f671836d4f034a96443c16ada5d44b37759bcd7a47392b24e3c97f;1379845;1379845;positive;;;;D.E.C.;AS;unknown;;;;;;;;;;;;;;;;;;;;https://dinem.magyp.gob.ar/dinem_fas.cfas_all.aspx;2026-10-09T14:33:11.160960Z;42d17e3943d77cc2d9822f7a82929291efc6d0e49f629813d6a904009933fe72;2026-10-09T143311160960Z_934fd5282475484fb1f6e69510c846f3;magyp-references-v1;
observation;2026-10-02;2026-10;Sorgo;MAGyP;Argentina / paridad teórica;FAS teórico D.E.C.;ARS;TN;diaria;D.E.C.;968ca82ce65f0c4b03b3bf4fbd5f1e40f05a89130024c8972c9f575130aca4ae;a52df73dfdb9217c431cd85f49adf1d2efaf3c3224ec202eebe85038b3d734a8;768a7e33b01e8689460f2d61b2301f8b89c0509cf58ac139e06d69592aa170b2;277480;277480;positive;;;;D.E.C.;SOR;contextual;;;;;;;;;;;;;;;;;;;;https://dinem.magyp.gob.ar/dinem_fas.cfas_all.aspx;2026-10-09T14:33:11.160960Z;42d17e3943d77cc2d9822f7a82929291efc6d0e49f629813d6a904009933fe72;2026-10-09T143311160960Z_934fd5282475484fb1f6e69510c846f3;magyp-references-v1;
observation;2026-10-02;2026-10;Cebada C.;MAGyP;Argentina / paridad teórica;FAS teórico D.E.C.;ARS;TN;diaria;D.E.C.;a9cefab693afdaa3e3c7a243a7a7102999de1c1e5876cf759dc61935f2020457;27125486ad8dc131fc261a530b0e1ccd310a15ed9ead87f55f0961609a9c244b;14d30030d76cd86e6340c4fc4a52658dd8695574310302466ccca5fff869008e;355342;355342;positive;;;;D.E.C.;CEBC;contextual;;;;;;;;;;;;;;;;;;;;https://dinem.magyp.gob.ar/dinem_fas.cfas_all.aspx;2026-10-09T14:33:11.160960Z;42d17e3943d77cc2d9822f7a82929291efc6d0e49f629813d6a904009933fe72;2026-10-09T143311160960Z_934fd5282475484fb1f6e69510c846f3;magyp-references-v1;
observation;2026-10-02;2026-10;Trigo Pan;MAGyP;Argentina / paridad teórica;FAS teórico D.E.C.;ARS;TN;diaria;D.E.C.;bb505e9f57f8a2d148b6824496be7ea4474e1baf233aad319b53f13658d09469;0b7551edb4c3ce1d5a89bcb0d1ede39e7d3647d4f1c9256709d3f29564333e39;d2bc18612ef976ac86658c83d2a978a788b7569808f00221f8be362c89722b67;328099;328099;positive;;;;D.E.C.;TP;contextual;;;;;;;;;;;;;;;;;;;;https://dinem.magyp.gob.ar/dinem_fas.cfas_all.aspx;2026-10-09T14:33:11.160960Z;42d17e3943d77cc2d9822f7a82929291efc6d0e49f629813d6a904009933fe72;2026-10-09T143311160960Z_934fd5282475484fb1f6e69510c846f3;magyp-references-v1;
observation;2026-10-05;2026-10;Ac.Girasol;MAGyP;Argentina / paridad teórica;FAS teórico D.E.C.;Sin identificar;Sin identificar;diaria;D.E.C.;17d87d6b1b62bda4ea37d6c601548ea8670a0cc43a15d505d1e0e41041440c74;6021e49a7cf900dee00f2b054a3f407172fc799ee7bffb92f0b792b153cb0a4b;713636f8c8f26187c558893e2256563fc08fcf65ee8e34fef05c786e25e3c631;1868442;1868442;positive;;;;D.E.C.;AG;unknown;;;;;;;;;;;;;;;;;;;;https://dinem.magyp.gob.ar/dinem_fas.cfas_all.aspx;2026-10-09T14:33:11.160960Z;42d17e3943d77cc2d9822f7a82929291efc6d0e49f629813d6a904009933fe72;2026-10-09T143311160960Z_934fd5282475484fb1f6e69510c846f3;magyp-references-v1;
observation;2026-10-05;2026-10;Maíz;MAGyP;Argentina / paridad teórica;FAS teórico D.E.C.;ARS;TN;diaria;D.E.C.;1b6174ba23023aa9933594c7d131a3cda7bf8c885ebb4b2c42429daeea0419dc;a574607ece76e3d87a9d50f2e1ce2472fc59852b925d907d882e72d02546fc5c;51338df4108af49e1fe0b17e17e7b985fe2c11ac3c26c90e0710ea6b7328fcf5;274881;274881;positive;;;;D.E.C.;MA;contextual;;;;;;;;;;;;;;;;;;;;https://dinem.magyp.gob.ar/dinem_fas.cfas_all.aspx;2026-10-09T14:33:11.160960Z;42d17e3943d77cc2d9822f7a82929291efc6d0e49f629813d6a904009933fe72;2026-10-09T143311160960Z_934fd5282475484fb1f6e69510c846f3;magyp-references-v1;
observation;2026-10-05;2026-10;Cebada F.;MAGyP;Argentina / paridad teórica;FAS teórico D.E.C.;ARS;TN;diaria;D.E.C.;1ea3e8de5096ffd77b4d0bdd345518a9019eed30b660116e612ac8ec48710aac;ea7f0899b78064c4a76ab5329af1cf450a0a7512f67931573a0fd46dddb10222;5ae89e23dd12c71b800e440044d18f73ffec81e03d80006117ef7f25a20d6f83;309075;309075;positive;;;;D.E.C.;CEBF;contextual;;;;;;;;;;;;;;;;;;;;https://dinem.magyp.gob.ar/dinem_fas.cfas_all.aspx;2026-10-09T14:33:11.160960Z;42d17e3943d77cc2d9822f7a82929291efc6d0e49f629813d6a904009933fe72;2026-10-09T143311160960Z_934fd5282475484fb1f6e69510c846f3;magyp-references-v1;
observation;2026-10-05;2026-10;Soja;MAGyP;Argentina / paridad teórica;FAS teórico D.E.C.;ARS;TN;diaria;D.E.C.;380065bc29159a2f001da50cc2d8422b24ff811cb5a0e9362d8071aedd559389;209c214d839fbb7f4a84ac533cec7937ba64396dad041bd1bb35ea5fee0cb5ee;bc589ecad08ec54efbe71f5c9777a5b35f62b1a848f77df0f277099788b5f6b3;571974;571974;positive;;;;D.E.C.;SO;contextual;;;;;;;;;;;;;;;;;;;;https://dinem.magyp.gob.ar/dinem_fas.cfas_all.aspx;2026-10-09T14:33:11.160960Z;42d17e3943d77cc2d9822f7a82929291efc6d0e49f629813d6a904009933fe72;2026-10-09T143311160960Z_934fd5282475484fb1f6e69510c846f3;magyp-references-v1;
observation;2026-10-05;2026-10;Girasol;MAGyP;Argentina / paridad teórica;FAS teórico D.E.C.;ARS;TN;diaria;D.E.C.;3c47c29c63e9797abe6df69b60fdadb233f86dcdb59a67772dcf8c2842d70587;5e1f4024bf4869ef767d20b46037fc28e9f7f5a40485ddb8d825f71825842cdd;5a9d617a94d1eaa4e0aeaae0d34ee8177115781f5e5fe95f388c7d29086b0966;600063;600063;positive;;;;D.E.C.;GI;contextual;;;;;;;;;;;;;;;;;;;;https://dinem.magyp.gob.ar/dinem_fas.cfas_all.aspx;2026-10-09T14:33:11.160960Z;42d17e3943d77cc2d9822f7a82929291efc6d0e49f629813d6a904009933fe72;2026-10-09T143311160960Z_934fd5282475484fb1f6e69510c846f3;magyp-references-v1;
observation;2026-10-05;2026-10;Ac.Soja;MAGyP;Argentina / paridad teórica;FAS teórico D.E.C.;Sin identificar;Sin identificar;diaria;D.E.C.;56f5c597975c5777ca7290e5ec5217413d8ddf5ad70c98591d2f2a90ef243ec3;988ace5347af8ca1d0bd393db790bce5ac93be3d7f0a09fb74f08751b6264fd5;ea82730870b07be39ea0471fe66ca83d68fe85fa2a36b6c2cf05cff70a448a56;1375237;1375237;positive;;;;D.E.C.;AS;unknown;;;;;;;;;;;;;;;;;;;;https://dinem.magyp.gob.ar/dinem_fas.cfas_all.aspx;2026-10-09T14:33:11.160960Z;42d17e3943d77cc2d9822f7a82929291efc6d0e49f629813d6a904009933fe72;2026-10-09T143311160960Z_934fd5282475484fb1f6e69510c846f3;magyp-references-v1;
observation;2026-10-05;2026-10;Sorgo;MAGyP;Argentina / paridad teórica;FAS teórico D.E.C.;ARS;TN;diaria;D.E.C.;968ca82ce65f0c4b03b3bf4fbd5f1e40f05a89130024c8972c9f575130aca4ae;a7cba791d74dc17e27ed3a4211edc0f0133401369e00dcaf0a7bf22c76e9a4e5;0d08389aa4ffb810ca31721fd0d23001ab5cb26c8a2bcabdbf35c96c2d1011fc;277480;277480;positive;;;;D.E.C.;SOR;contextual;;;;;;;;;;;;;;;;;;;;https://dinem.magyp.gob.ar/dinem_fas.cfas_all.aspx;2026-10-09T14:33:11.160960Z;42d17e3943d77cc2d9822f7a82929291efc6d0e49f629813d6a904009933fe72;2026-10-09T143311160960Z_934fd5282475484fb1f6e69510c846f3;magyp-references-v1;
observation;2026-10-05;2026-10;Cebada C.;MAGyP;Argentina / paridad teórica;FAS teórico D.E.C.;ARS;TN;diaria;D.E.C.;a9cefab693afdaa3e3c7a243a7a7102999de1c1e5876cf759dc61935f2020457;abf7e271048834836c28d7f477731dc16ae396c8d125a794091a3b774e1ea662;bf62ceeafd9e1249750bf3496c156805fc27401bc7181d52ea0ce9ee31dede6a;355342;355342;positive;;;;D.E.C.;CEBC;contextual;;;;;;;;;;;;;;;;;;;;https://dinem.magyp.gob.ar/dinem_fas.cfas_all.aspx;2026-10-09T14:33:11.160960Z;42d17e3943d77cc2d9822f7a82929291efc6d0e49f629813d6a904009933fe72;2026-10-09T143311160960Z_934fd5282475484fb1f6e69510c846f3;magyp-references-v1;
observation;2026-10-05;2026-10;Trigo Pan;MAGyP;Argentina / paridad teórica;FAS teórico D.E.C.;ARS;TN;diaria;D.E.C.;bb505e9f57f8a2d148b6824496be7ea4474e1baf233aad319b53f13658d09469;16e020db7842193b34420714b80ef7b4d5273b5b06801cd5c024a902ec1bd876;c7e41d8940a8099c017f63863b5dd0d9d21a34dee273f2d9c8a76eb6d490608b;326693;326693;positive;;;;D.E.C.;TP;contextual;;;;;;;;;;;;;;;;;;;;https://dinem.magyp.gob.ar/dinem_fas.cfas_all.aspx;2026-10-09T14:33:11.160960Z;42d17e3943d77cc2d9822f7a82929291efc6d0e49f629813d6a904009933fe72;2026-10-09T143311160960Z_934fd5282475484fb1f6e69510c846f3;magyp-references-v1;
observation;2026-10-06;2026-10;Ac.Girasol;MAGyP;Argentina / paridad teórica;FAS teórico D.E.C.;Sin identificar;Sin identificar;diaria;D.E.C.;17d87d6b1b62bda4ea37d6c601548ea8670a0cc43a15d505d1e0e41041440c74;fe78e6d5e1a3c93e1093a47f14e90c77c9679a59789f5cd08fa0442d449db96b;bb959a4dbabe6a2dd8912a3a2f19d87f12f5a60914c1f04840896dc28649a4cf;1878581;1878581;positive;;;;D.E.C.;AG;unknown;;;;;;;;;;;;;;;;;;;;https://dinem.magyp.gob.ar/dinem_fas.cfas_all.aspx;2026-10-09T14:33:11.160960Z;42d17e3943d77cc2d9822f7a82929291efc6d0e49f629813d6a904009933fe72;2026-10-09T143311160960Z_934fd5282475484fb1f6e69510c846f3;magyp-references-v1;
observation;2026-10-06;2026-10;Maíz;MAGyP;Argentina / paridad teórica;FAS teórico D.E.C.;ARS;TN;diaria;D.E.C.;1b6174ba23023aa9933594c7d131a3cda7bf8c885ebb4b2c42429daeea0419dc;626fca96f53aed2a0d023f52800269696b58ed1978e176ea3e4f5d8d823b33b9;83912ad7cc42e0463ad9e4c4056781830ba5dff7efdf5fd92a2298ee3f62ab36;281545;281545;positive;;;;D.E.C.;MA;contextual;;;;;;;;;;;;;;;;;;;;https://dinem.magyp.gob.ar/dinem_fas.cfas_all.aspx;2026-10-09T14:33:11.160960Z;42d17e3943d77cc2d9822f7a82929291efc6d0e49f629813d6a904009933fe72;2026-10-09T143311160960Z_934fd5282475484fb1f6e69510c846f3;magyp-references-v1;
observation;2026-10-06;2026-10;Cebada F.;MAGyP;Argentina / paridad teórica;FAS teórico D.E.C.;ARS;TN;diaria;D.E.C.;1ea3e8de5096ffd77b4d0bdd345518a9019eed30b660116e612ac8ec48710aac;092d013a6af72e2f6c69bf370a456f39ff236f4d77052e4e2d6d58010f5fbd20;f6e762e86a8f8bb7b65ca055fde672f5d3bcc227eb0d9a3e76a0ba8bfac938d0;309075;309075;positive;;;;D.E.C.;CEBF;contextual;;;;;;;;;;;;;;;;;;;;https://dinem.magyp.gob.ar/dinem_fas.cfas_all.aspx;2026-10-09T14:33:11.160960Z;42d17e3943d77cc2d9822f7a82929291efc6d0e49f629813d6a904009933fe72;2026-10-09T143311160960Z_934fd5282475484fb1f6e69510c846f3;magyp-references-v1;
observation;2026-10-06;2026-10;Soja;MAGyP;Argentina / paridad teórica;FAS teórico D.E.C.;ARS;TN;diaria;D.E.C.;380065bc29159a2f001da50cc2d8422b24ff811cb5a0e9362d8071aedd559389;ba7d6bab70a56583b0dfee3d0536a14fea8ba4c68f661c68d13ccbe42e44edf7;e1f64e6a65b1c204dbefe88bcb4bee12e4198f87b2048d6eef0c5554926168db;580058;580058;positive;;;;D.E.C.;SO;contextual;;;;;;;;;;;;;;;;;;;;https://dinem.magyp.gob.ar/dinem_fas.cfas_all.aspx;2026-10-09T14:33:11.160960Z;42d17e3943d77cc2d9822f7a82929291efc6d0e49f629813d6a904009933fe72;2026-10-09T143311160960Z_934fd5282475484fb1f6e69510c846f3;magyp-references-v1;
observation;2026-10-06;2026-10;Girasol;MAGyP;Argentina / paridad teórica;FAS teórico D.E.C.;ARS;TN;diaria;D.E.C.;3c47c29c63e9797abe6df69b60fdadb233f86dcdb59a67772dcf8c2842d70587;a9e964c9885a28e268ea30097aa7074011576b9d4002acc7e9b5936e8037fae5;7775229af4d0ebffa47581c404bd9689d70ec0c8f2a3381575ee33ce8012ac6d;603584;603584;positive;;;;D.E.C.;GI;contextual;;;;;;;;;;;;;;;;;;;;https://dinem.magyp.gob.ar/dinem_fas.cfas_all.aspx;2026-10-09T14:33:11.160960Z;42d17e3943d77cc2d9822f7a82929291efc6d0e49f629813d6a904009933fe72;2026-10-09T143311160960Z_934fd5282475484fb1f6e69510c846f3;magyp-references-v1;
observation;2026-10-06;2026-10;Ac.Soja;MAGyP;Argentina / paridad teórica;FAS teórico D.E.C.;Sin identificar;Sin identificar;diaria;D.E.C.;56f5c597975c5777ca7290e5ec5217413d8ddf5ad70c98591d2f2a90ef243ec3;8321e2413288ae3ac301af21291ea0e09c955fe61ceb160db4507dbc513600c9;280d0f8784f84aaf00e15e66c3826298161c826e88b81fe5bbc4656f42d0054b;1374073;1374073;positive;;;;D.E.C.;AS;unknown;;;;;;;;;;;;;;;;;;;;https://dinem.magyp.gob.ar/dinem_fas.cfas_all.aspx;2026-10-09T14:33:11.160960Z;42d17e3943d77cc2d9822f7a82929291efc6d0e49f629813d6a904009933fe72;2026-10-09T143311160960Z_934fd5282475484fb1f6e69510c846f3;magyp-references-v1;
observation;2026-10-06;2026-10;Sorgo;MAGyP;Argentina / paridad teórica;FAS teórico D.E.C.;ARS;TN;diaria;D.E.C.;968ca82ce65f0c4b03b3bf4fbd5f1e40f05a89130024c8972c9f575130aca4ae;1025f91bef3f4cfc650b92df0015b0d03b1c933916360a35760d292b2a8c1a62;7c05c7e18dc2d95137724a5cda99ad42231c0cde2b0e1f32d3c090fd8769f26c;277480;277480;positive;;;;D.E.C.;SOR;contextual;;;;;;;;;;;;;;;;;;;;https://dinem.magyp.gob.ar/dinem_fas.cfas_all.aspx;2026-10-09T14:33:11.160960Z;42d17e3943d77cc2d9822f7a82929291efc6d0e49f629813d6a904009933fe72;2026-10-09T143311160960Z_934fd5282475484fb1f6e69510c846f3;magyp-references-v1;
observation;2026-10-06;2026-10;Cebada C.;MAGyP;Argentina / paridad teórica;FAS teórico D.E.C.;ARS;TN;diaria;D.E.C.;a9cefab693afdaa3e3c7a243a7a7102999de1c1e5876cf759dc61935f2020457;0abb0b8882fcf708ab09bf92653cf627cc50b4ecf53af02708416426a303ee34;1d89af55fde4fa7819fc4197dfbc879b2727343f1ea1e012bf56c697e54506aa;355342;355342;positive;;;;D.E.C.;CEBC;contextual;;;;;;;;;;;;;;;;;;;;https://dinem.magyp.gob.ar/dinem_fas.cfas_all.aspx;2026-10-09T14:33:11.160960Z;42d17e3943d77cc2d9822f7a82929291efc6d0e49f629813d6a904009933fe72;2026-10-09T143311160960Z_934fd5282475484fb1f6e69510c846f3;magyp-references-v1;
observation;2026-10-06;2026-10;Trigo Pan;MAGyP;Argentina / paridad teórica;FAS teórico D.E.C.;ARS;TN;diaria;D.E.C.;bb505e9f57f8a2d148b6824496be7ea4474e1baf233aad319b53f13658d09469;38fadae3b9e299ab2d8c617d31ab88e58f8588edc82657f5c67274c1ca87af2d;24c0eec726c39c7bb3bf0d8628762254dc436326f03fb329c284dba45cf77637;329458;329458;positive;;;;D.E.C.;TP;contextual;;;;;;;;;;;;;;;;;;;;https://dinem.magyp.gob.ar/dinem_fas.cfas_all.aspx;2026-10-09T14:33:11.160960Z;42d17e3943d77cc2d9822f7a82929291efc6d0e49f629813d6a904009933fe72;2026-10-09T143311160960Z_934fd5282475484fb1f6e69510c846f3;magyp-references-v1;
observation;2026-10-07;2026-10;Ac.Girasol;MAGyP;Argentina / paridad teórica;FAS teórico D.E.C.;Sin identificar;Sin identificar;diaria;D.E.C.;17d87d6b1b62bda4ea37d6c601548ea8670a0cc43a15d505d1e0e41041440c74;fa6c499343ef4fcfcf13e88a773285de378db178eb4743298cb67f86a6f0ea58;713551e956bfdd60e25149b574256584fac02321e80f174a82f7515fc75e9f47;1882074;1882074;positive;;;;D.E.C.;AG;unknown;;;;;;;;;;;;;;;;;;;;https://dinem.magyp.gob.ar/dinem_fas.cfas_all.aspx;2026-10-09T14:33:11.160960Z;42d17e3943d77cc2d9822f7a82929291efc6d0e49f629813d6a904009933fe72;2026-10-09T143311160960Z_934fd5282475484fb1f6e69510c846f3;magyp-references-v1;
observation;2026-10-07;2026-10;Maíz;MAGyP;Argentina / paridad teórica;FAS teórico D.E.C.;ARS;TN;diaria;D.E.C.;1b6174ba23023aa9933594c7d131a3cda7bf8c885ebb4b2c42429daeea0419dc;34cdcabae1d0cb3f045af33a25e6b9113a47c7e885347c1a148454565431a905;99cb8fa50d113838476af7c081b7e26bd2500c60ce12274f1577d1d24b439b4b;280986;280986;positive;;;;D.E.C.;MA;contextual;;;;;;;;;;;;;;;;;;;;https://dinem.magyp.gob.ar/dinem_fas.cfas_all.aspx;2026-10-09T14:33:11.160960Z;42d17e3943d77cc2d9822f7a82929291efc6d0e49f629813d6a904009933fe72;2026-10-09T143311160960Z_934fd5282475484fb1f6e69510c846f3;magyp-references-v1;
observation;2026-10-07;2026-10;Cebada F.;MAGyP;Argentina / paridad teórica;FAS teórico D.E.C.;ARS;TN;diaria;D.E.C.;1ea3e8de5096ffd77b4d0bdd345518a9019eed30b660116e612ac8ec48710aac;b59274277f5e9d891b0639b088726c04c1176964da331150f07f73e5bdf7b10f;42ce370dbdf2aaf3a8ada21866ecf271ac8fd0ee0288f54c7331e3d6bc213573;308461;308461;positive;;;;D.E.C.;CEBF;contextual;;;;;;;;;;;;;;;;;;;;https://dinem.magyp.gob.ar/dinem_fas.cfas_all.aspx;2026-10-09T14:33:11.160960Z;42d17e3943d77cc2d9822f7a82929291efc6d0e49f629813d6a904009933fe72;2026-10-09T143311160960Z_934fd5282475484fb1f6e69510c846f3;magyp-references-v1;
observation;2026-10-07;2026-10;Soja;MAGyP;Argentina / paridad teórica;FAS teórico D.E.C.;ARS;TN;diaria;D.E.C.;380065bc29159a2f001da50cc2d8422b24ff811cb5a0e9362d8071aedd559389;c52b3d05ec7c2533288b01c68d308f9d6ecb0a01c01b8b0c1f834af55dc56545;7301dc18ce2e843345e489d9b478967329b127b56491ccc6349b5aaa89e7f967;583279;583279;positive;;;;D.E.C.;SO;contextual;;;;;;;;;;;;;;;;;;;;https://dinem.magyp.gob.ar/dinem_fas.cfas_all.aspx;2026-10-09T14:33:11.160960Z;42d17e3943d77cc2d9822f7a82929291efc6d0e49f629813d6a904009933fe72;2026-10-09T143311160960Z_934fd5282475484fb1f6e69510c846f3;magyp-references-v1;
observation;2026-10-07;2026-10;Girasol;MAGyP;Argentina / paridad teórica;FAS teórico D.E.C.;ARS;TN;diaria;D.E.C.;3c47c29c63e9797abe6df69b60fdadb233f86dcdb59a67772dcf8c2842d70587;120197fdd706bbeff6ffa64e3fa5c9b7c1768d3703e6b88f8bf2e1c754d9e0bb;7ead57f6109fa0c4954acfd41e6b6f648402d5920ecbb4249b9833de7a149334;604889;604889;positive;;;;D.E.C.;GI;contextual;;;;;;;;;;;;;;;;;;;;https://dinem.magyp.gob.ar/dinem_fas.cfas_all.aspx;2026-10-09T14:33:11.160960Z;42d17e3943d77cc2d9822f7a82929291efc6d0e49f629813d6a904009933fe72;2026-10-09T143311160960Z_934fd5282475484fb1f6e69510c846f3;magyp-references-v1;
observation;2026-10-07;2026-10;Ac.Soja;MAGyP;Argentina / paridad teórica;FAS teórico D.E.C.;Sin identificar;Sin identificar;diaria;D.E.C.;56f5c597975c5777ca7290e5ec5217413d8ddf5ad70c98591d2f2a90ef243ec3;a718efa6184ec42eedc400ddd6b6617234b4af5591010e7fd082853c12a00d9c;eb098a93afae4587949cd9b47a67f4d5106af071a1c62026f640f03f1567f600;1346026;1346026;positive;;;;D.E.C.;AS;unknown;;;;;;;;;;;;;;;;;;;;https://dinem.magyp.gob.ar/dinem_fas.cfas_all.aspx;2026-10-09T14:33:11.160960Z;42d17e3943d77cc2d9822f7a82929291efc6d0e49f629813d6a904009933fe72;2026-10-09T143311160960Z_934fd5282475484fb1f6e69510c846f3;magyp-references-v1;
observation;2026-10-07;2026-10;Sorgo;MAGyP;Argentina / paridad teórica;FAS teórico D.E.C.;ARS;TN;diaria;D.E.C.;968ca82ce65f0c4b03b3bf4fbd5f1e40f05a89130024c8972c9f575130aca4ae;f9348b5c3465d1fa2bb47c0fa4d2b255d39ebfee1a75c9d26d9938e5d2661437;5d645fdd1a5dabdc49982dc84efde4ba5c5a4bc6c1c22db2e1381859e0e14ee4;276929;276929;positive;;;;D.E.C.;SOR;contextual;;;;;;;;;;;;;;;;;;;;https://dinem.magyp.gob.ar/dinem_fas.cfas_all.aspx;2026-10-09T14:33:11.160960Z;42d17e3943d77cc2d9822f7a82929291efc6d0e49f629813d6a904009933fe72;2026-10-09T143311160960Z_934fd5282475484fb1f6e69510c846f3;magyp-references-v1;
observation;2026-10-07;2026-10;Cebada C.;MAGyP;Argentina / paridad teórica;FAS teórico D.E.C.;ARS;TN;diaria;D.E.C.;a9cefab693afdaa3e3c7a243a7a7102999de1c1e5876cf759dc61935f2020457;7f8b42ac33ef7bf89fe374bef3fddced62edc75791ffa3a97af14d4fac1ca68f;078427e1ff8abaaeb703093fd8db5904933c3cf1a62ab2aba4a1fda43361ad63;354636;354636;positive;;;;D.E.C.;CEBC;contextual;;;;;;;;;;;;;;;;;;;;https://dinem.magyp.gob.ar/dinem_fas.cfas_all.aspx;2026-10-09T14:33:11.160960Z;42d17e3943d77cc2d9822f7a82929291efc6d0e49f629813d6a904009933fe72;2026-10-09T143311160960Z_934fd5282475484fb1f6e69510c846f3;magyp-references-v1;
observation;2026-10-07;2026-10;Trigo Pan;MAGyP;Argentina / paridad teórica;FAS teórico D.E.C.;ARS;TN;diaria;D.E.C.;bb505e9f57f8a2d148b6824496be7ea4474e1baf233aad319b53f13658d09469;bd876cb1814f0fb6e84050be2368873f2c41d31eaa26072787400b78acdb6392;95946922a012cb64426723ded2326b27fd52f9839d82a56af3f846827d1d5dbf;334324;334324;positive;;;;D.E.C.;TP;contextual;;;;;;;;;;;;;;;;;;;;https://dinem.magyp.gob.ar/dinem_fas.cfas_all.aspx;2026-10-09T14:33:11.160960Z;42d17e3943d77cc2d9822f7a82929291efc6d0e49f629813d6a904009933fe72;2026-10-09T143311160960Z_934fd5282475484fb1f6e69510c846f3;magyp-references-v1;
observation;2026-10-08;2026-10;Ac.Girasol;MAGyP;Argentina / paridad teórica;FAS teórico D.E.C.;Sin identificar;Sin identificar;diaria;D.E.C.;17d87d6b1b62bda4ea37d6c601548ea8670a0cc43a15d505d1e0e41041440c74;eaafd82c737eba68644a092e1043a1ec010d3c70d02d7a7b5d2685c874cb24e5;a51d17dd1bdeeb046f0e46ea0e1d6b52ed37ad371db8620b021a6b5960dfde80;1885152;1885152;positive;;;;D.E.C.;AG;unknown;;;;;;;;;;;;;;;;;;;;https://dinem.magyp.gob.ar/dinem_fas.cfas_all.aspx;2026-10-09T14:33:11.160960Z;42d17e3943d77cc2d9822f7a82929291efc6d0e49f629813d6a904009933fe72;2026-10-09T143311160960Z_934fd5282475484fb1f6e69510c846f3;magyp-references-v1;
observation;2026-10-08;2026-10;Maíz;MAGyP;Argentina / paridad teórica;FAS teórico D.E.C.;ARS;TN;diaria;D.E.C.;1b6174ba23023aa9933594c7d131a3cda7bf8c885ebb4b2c42429daeea0419dc;c2b672f1f26a0bb14f98ed39c6e9e3fcedbde18d33031a2ccb505cb9407fa1d7;2d467ae93d850d66d53b2cef242a6031527080da8e125a1335684d88891ead6c;276836;276836;positive;;;;D.E.C.;MA;contextual;;;;;;;;;;;;;;;;;;;;https://dinem.magyp.gob.ar/dinem_fas.cfas_all.aspx;2026-10-09T14:33:11.160960Z;42d17e3943d77cc2d9822f7a82929291efc6d0e49f629813d6a904009933fe72;2026-10-09T143311160960Z_934fd5282475484fb1f6e69510c846f3;magyp-references-v1;
observation;2026-10-08;2026-10;Cebada F.;MAGyP;Argentina / paridad teórica;FAS teórico D.E.C.;ARS;TN;diaria;D.E.C.;1ea3e8de5096ffd77b4d0bdd345518a9019eed30b660116e612ac8ec48710aac;f4af105feed5c3d273ac511c529de8580208e7d68636f42b84573fd49c318928;e101f1f37efd36500d983b7f3503c6d9ee584499cc296bf0853fd78bb2bad009;308257;308257;positive;;;;D.E.C.;CEBF;contextual;;;;;;;;;;;;;;;;;;;;https://dinem.magyp.gob.ar/dinem_fas.cfas_all.aspx;2026-10-09T14:33:11.160960Z;42d17e3943d77cc2d9822f7a82929291efc6d0e49f629813d6a904009933fe72;2026-10-09T143311160960Z_934fd5282475484fb1f6e69510c846f3;magyp-references-v1;
observation;2026-10-08;2026-10;Soja;MAGyP;Argentina / paridad teórica;FAS teórico D.E.C.;ARS;TN;diaria;D.E.C.;380065bc29159a2f001da50cc2d8422b24ff811cb5a0e9362d8071aedd559389;6fed90bb3416a7aa527c531bd5d241576b5896496e4692d7471bc3e5d7590df3;41613faf4ef00d63546836020a00076a134fe584cca228c8626a9df57b5a742a;579411;579411;positive;;;;D.E.C.;SO;contextual;;;;;;;;;;;;;;;;;;;;https://dinem.magyp.gob.ar/dinem_fas.cfas_all.aspx;2026-10-09T14:33:11.160960Z;42d17e3943d77cc2d9822f7a82929291efc6d0e49f629813d6a904009933fe72;2026-10-09T143311160960Z_934fd5282475484fb1f6e69510c846f3;magyp-references-v1;
observation;2026-10-08;2026-10;Girasol;MAGyP;Argentina / paridad teórica;FAS teórico D.E.C.;ARS;TN;diaria;D.E.C.;3c47c29c63e9797abe6df69b60fdadb233f86dcdb59a67772dcf8c2842d70587;858ee5cde19e0cbcb1656dc60b9fc71d037b90c7e06da5baeb03af01dcda53df;dfd1001f10a42fe7fa34c814de0f5022deff6e732fda1df1e1c371349759b17f;605995;605995;positive;;;;D.E.C.;GI;contextual;;;;;;;;;;;;;;;;;;;;https://dinem.magyp.gob.ar/dinem_fas.cfas_all.aspx;2026-10-09T14:33:11.160960Z;42d17e3943d77cc2d9822f7a82929291efc6d0e49f629813d6a904009933fe72;2026-10-09T143311160960Z_934fd5282475484fb1f6e69510c846f3;magyp-references-v1;
observation;2026-10-08;2026-10;Ac.Soja;MAGyP;Argentina / paridad teórica;FAS teórico D.E.C.;Sin identificar;Sin identificar;diaria;D.E.C.;56f5c597975c5777ca7290e5ec5217413d8ddf5ad70c98591d2f2a90ef243ec3;f8cb240724f2907790fc55198b28a3c4aaf768bbcada7b8170bad5168b00b0ac;78af14bda4af039371b94daa9b981ef93934027da68ae215d7fd6d15e2aa7c12;1353196;1353196;positive;;;;D.E.C.;AS;unknown;;;;;;;;;;;;;;;;;;;;https://dinem.magyp.gob.ar/dinem_fas.cfas_all.aspx;2026-10-09T14:33:11.160960Z;42d17e3943d77cc2d9822f7a82929291efc6d0e49f629813d6a904009933fe72;2026-10-09T143311160960Z_934fd5282475484fb1f6e69510c846f3;magyp-references-v1;
observation;2026-10-08;2026-10;Sorgo;MAGyP;Argentina / paridad teórica;FAS teórico D.E.C.;ARS;TN;diaria;D.E.C.;968ca82ce65f0c4b03b3bf4fbd5f1e40f05a89130024c8972c9f575130aca4ae;4e4ec5b912b8534af9b32ab38ae947cec32f2a0b72f93bed68aaf62f9fa9fe13;2d94283a0ac7fa3a4d8b03b9968006d4d6fa6bdb4dada6f085ab7bd431a43610;276745;276745;positive;;;;D.E.C.;SOR;contextual;;;;;;;;;;;;;;;;;;;;https://dinem.magyp.gob.ar/dinem_fas.cfas_all.aspx;2026-10-09T14:33:11.160960Z;42d17e3943d77cc2d9822f7a82929291efc6d0e49f629813d6a904009933fe72;2026-10-09T143311160960Z_934fd5282475484fb1f6e69510c846f3;magyp-references-v1;
observation;2026-10-08;2026-10;Cebada C.;MAGyP;Argentina / paridad teórica;FAS teórico D.E.C.;ARS;TN;diaria;D.E.C.;a9cefab693afdaa3e3c7a243a7a7102999de1c1e5876cf759dc61935f2020457;0d2292f15b3ca5c01256127f77270afbdc0b0c13b1051fa512370a4fd0a0655f;89c26f211c79fe731fede24c1d3297af19221b5194dd332e95d8df110498f5ef;354401;354401;positive;;;;D.E.C.;CEBC;contextual;;;;;;;;;;;;;;;;;;;;https://dinem.magyp.gob.ar/dinem_fas.cfas_all.aspx;2026-10-09T14:33:11.160960Z;42d17e3943d77cc2d9822f7a82929291efc6d0e49f629813d6a904009933fe72;2026-10-09T143311160960Z_934fd5282475484fb1f6e69510c846f3;magyp-references-v1;
observation;2026-10-08;2026-10;Trigo Pan;MAGyP;Argentina / paridad teórica;FAS teórico D.E.C.;ARS;TN;diaria;D.E.C.;bb505e9f57f8a2d148b6824496be7ea4474e1baf233aad319b53f13658d09469;2a03c3a619fe52a9fe3870832af167810cb2165f86341c31e9a265e69dfa10ad;64bd0893eb5af5a7e6356bf0f4594cba864816d6f74931f67dd582f8fc054d45;328586;328586;positive;;;;D.E.C.;TP;contextual;;;;;;;;;;;;;;;;;;;;https://dinem.magyp.gob.ar/dinem_fas.cfas_all.aspx;2026-10-09T14:33:11.160960Z;42d17e3943d77cc2d9822f7a82929291efc6d0e49f629813d6a904009933fe72;2026-10-09T143311160960Z_934fd5282475484fb1f6e69510c846f3;magyp-references-v1;
ultimos;2026-10-08;2026-10;Ac.Girasol;MAGyP;Argentina / paridad teórica;FAS teórico D.E.C.;Sin identificar;Sin identificar;mensual;D.E.C.;17d87d6b1b62bda4ea37d6c601548ea8670a0cc43a15d505d1e0e41041440c74;eaafd82c737eba68644a092e1043a1ec010d3c70d02d7a7b5d2685c874cb24e5;a51d17dd1bdeeb046f0e46ea0e1d6b52ed37ad371db8620b021a6b5960dfde80;1885152;1885152;positive;;;;D.E.C.;AG;unknown;6;;1873511.5;1872106.666666666666666666667;1855736;1885152;0.999666840613962073739277400;;;;Estable;2026-10;2026-10-08;1873511.5;6;;;;;https://dinem.magyp.gob.ar/dinem_fas.cfas_all.aspx;2026-10-09T14:33:11.160960Z;42d17e3943d77cc2d9822f7a82929291efc6d0e49f629813d6a904009933fe72;2026-10-09T143311160960Z_934fd5282475484fb1f6e69510c846f3;magyp-references-v1;"Mediana de días capturados; mes parcial, sin interpolar"
ultimos;2026-10-08;2026-10;Maíz;MAGyP;Argentina / paridad teórica;FAS teórico D.E.C.;ARS;TN;mensual;D.E.C.;1b6174ba23023aa9933594c7d131a3cda7bf8c885ebb4b2c42429daeea0419dc;c2b672f1f26a0bb14f98ed39c6e9e3fcedbde18d33031a2ccb505cb9407fa1d7;2d467ae93d850d66d53b2cef242a6031527080da8e125a1335684d88891ead6c;276836;276836;positive;;;;D.E.C.;MA;contextual;6;;276313.5;277262.5;273536;281545;-2.920499181381883594611876640;;;;Estable;2026-10;2026-10-08;276313.5;6;;;;;https://dinem.magyp.gob.ar/dinem_fas.cfas_all.aspx;2026-10-09T14:33:11.160960Z;42d17e3943d77cc2d9822f7a82929291efc6d0e49f629813d6a904009933fe72;2026-10-09T143311160960Z_934fd5282475484fb1f6e69510c846f3;magyp-references-v1;"Mediana de días capturados; mes parcial, sin interpolar"
ultimos;2026-10-08;2026-10;Cebada F.;MAGyP;Argentina / paridad teórica;FAS teórico D.E.C.;ARS;TN;mensual;D.E.C.;1ea3e8de5096ffd77b4d0bdd345518a9019eed30b660116e612ac8ec48710aac;f4af105feed5c3d273ac511c529de8580208e7d68636f42b84573fd49c318928;e101f1f37efd36500d983b7f3503c6d9ee584499cc296bf0853fd78bb2bad009;308257;308257;positive;;;;D.E.C.;CEBF;contextual;6;;309075;309006.8333333333333333333333;308257;310098;-0.1321554587636194439777177500;;;;Estable;2026-10;2026-10-08;309075;6;;;;;https://dinem.magyp.gob.ar/dinem_fas.cfas_all.aspx;2026-10-09T14:33:11.160960Z;42d17e3943d77cc2d9822f7a82929291efc6d0e49f629813d6a904009933fe72;2026-10-09T143311160960Z_934fd5282475484fb1f6e69510c846f3;magyp-references-v1;"Mediana de días capturados; mes parcial, sin interpolar"
ultimos;2026-10-08;2026-10;Soja;MAGyP;Argentina / paridad teórica;FAS teórico D.E.C.;ARS;TN;mensual;D.E.C.;380065bc29159a2f001da50cc2d8422b24ff811cb5a0e9362d8071aedd559389;6fed90bb3416a7aa527c531bd5d241576b5896496e4692d7471bc3e5d7590df3;41613faf4ef00d63546836020a00076a134fe584cca228c8626a9df57b5a742a;579411;579411;positive;;;;D.E.C.;SO;contextual;6;;576987.5;576881.6666666666666666666667;571974;583279;-0.4345942923800616387060703400;;;;Estable;2026-10;2026-10-08;576987.5;6;;;;;https://dinem.magyp.gob.ar/dinem_fas.cfas_all.aspx;2026-10-09T14:33:11.160960Z;42d17e3943d77cc2d9822f7a82929291efc6d0e49f629813d6a904009933fe72;2026-10-09T143311160960Z_934fd5282475484fb1f6e69510c846f3;magyp-references-v1;"Mediana de días capturados; mes parcial, sin interpolar"
ultimos;2025-10-31;2025-10;Soja;MAGyP;Argentina / paridad teórica;FAS teórico D.E.R.;ARS;TN;mensual;D.E.R.;38eec92ea27e9522db61afaee52ea98e646bf7b7de9394c7341bb60068e96fc1;ed6e2b485051ba3ec09ea6d9b2a07dffa4d058e55deee5cd3f96af8c05d68c36;bd43fb4f9b54e1cd13164a8662c8ddb65ab9c9d0b3c206228ee4b4fc086ef398;609367;609367;positive;;;;D.E.R.;SO;contextual;9;;601524;601904.7777777777777777777778;590592;609367;;;;;Sin dato;2025-10;2025-10-31;601524;9;;;;;https://dinem.magyp.gob.ar/dinem_fas.cfas_all.aspx;2026-10-09T14:33:11.160960Z;42d17e3943d77cc2d9822f7a82929291efc6d0e49f629813d6a904009933fe72;2026-10-09T143311160960Z_934fd5282475484fb1f6e69510c846f3;magyp-references-v1;"Mediana de días capturados; mes parcial, sin interpolar"
ultimos;2026-10-08;2026-10;Girasol;MAGyP;Argentina / paridad teórica;FAS teórico D.E.C.;ARS;TN;mensual;D.E.C.;3c47c29c63e9797abe6df69b60fdadb233f86dcdb59a67772dcf8c2842d70587;858ee5cde19e0cbcb1656dc60b9fc71d037b90c7e06da5baeb03af01dcda53df;dfd1001f10a42fe7fa34c814de0f5022deff6e732fda1df1e1c371349759b17f;605995;605995;positive;;;;D.E.C.;GI;contextual;6;;601823.5;601342.5;595470;605995;1.089890565815885173893690100;;;;Estable;2026-10;2026-10-08;601823.5;6;;;;;https://dinem.magyp.gob.ar/dinem_fas.cfas_all.aspx;2026-10-09T14:33:11.160960Z;42d17e3943d77cc2d9822f7a82929291efc6d0e49f629813d6a904009933fe72;2026-10-09T143311160960Z_934fd5282475484fb1f6e69510c846f3;magyp-references-v1;"Mediana de días capturados; mes parcial, sin interpolar"
ultimos;2025-10-31;2025-10;Cebada F.;MAGyP;Argentina / paridad teórica;FAS teórico D.E.R.;ARS;TN;mensual;D.E.R.;427733d52eaf9325db9e9acae6911e257ed2de809220176d7808a99a2ab98012;0ea26e9417d877d700405991a228738e868f4f68b6a307a31197f7d58a0535a0;1218ea4d14a415160c67d2fa72845c16fa8a05bd60cfa23e7317fbf416b39b94;280106;280106;positive;;;;D.E.R.;CEBF;contextual;9;;284983;283790.7777777777777777777778;278156;289274;;;;;Sin dato;2025-10;2025-10-31;284983;9;;;;;https://dinem.magyp.gob.ar/dinem_fas.cfas_all.aspx;2026-10-09T14:33:11.160960Z;42d17e3943d77cc2d9822f7a82929291efc6d0e49f629813d6a904009933fe72;2026-10-09T143311160960Z_934fd5282475484fb1f6e69510c846f3;magyp-references-v1;"Mediana de días capturados; mes parcial, sin interpolar"
ultimos;2026-10-08;2026-10;Ac.Soja;MAGyP;Argentina / paridad teórica;FAS teórico D.E.C.;Sin identificar;Sin identificar;mensual;D.E.C.;56f5c597975c5777ca7290e5ec5217413d8ddf5ad70c98591d2f2a90ef243ec3;f8cb240724f2907790fc55198b28a3c4aaf768bbcada7b8170bad5168b00b0ac;78af14bda4af039371b94daa9b981ef93934027da68ae215d7fd6d15e2aa7c12;1353196;1353196;positive;;;;D.E.C.;AS;unknown;6;;1367675;1364942.333333333333333333333;1346026;1379845;-0.7939098518808663736199968100;;;;Estable;2026-10;2026-10-08;1367675;6;;;;;https://dinem.magyp.gob.ar/dinem_fas.cfas_all.aspx;2026-10-09T14:33:11.160960Z;42d17e3943d77cc2d9822f7a82929291efc6d0e49f629813d6a904009933fe72;2026-10-09T143311160960Z_934fd5282475484fb1f6e69510c846f3;magyp-references-v1;"Mediana de días capturados; mes parcial, sin interpolar"
ultimos;2025-10-31;2025-10;Ac.Soja;MAGyP;Argentina / paridad teórica;FAS teórico D.E.R.;Sin identificar;Sin identificar;mensual;D.E.R.;5f27063d7fd2b20ba0ec900c07418f27feef12b2353c7ed889645f4ab29fcdbb;67cb6fb24019cb5875a31b791bfd936413ce262d51c7b3f3ede607ee297c40a8;5b3e13e37aa70e88bab54879679e7221e166dc2271a563df75c5d9afb4b4911a;1481449;1481449;positive;;;;D.E.R.;AS;unknown;9;;1544788;1546277.888888888888888888889;1481449;1599211;;;;;Sin dato;2025-10;2025-10-31;1544788;9;;;;;https://dinem.magyp.gob.ar/dinem_fas.cfas_all.aspx;2026-10-09T14:33:11.160960Z;42d17e3943d77cc2d9822f7a82929291efc6d0e49f629813d6a904009933fe72;2026-10-09T143311160960Z_934fd5282475484fb1f6e69510c846f3;magyp-references-v1;"Mediana de días capturados; mes parcial, sin interpolar"
ultimos;2025-10-31;2025-10;Sorgo;MAGyP;Argentina / paridad teórica;FAS teórico D.E.R.;ARS;TN;mensual;D.E.R.;6eb9b249b34bc053e10e59691f28c2b6f9895ab179386bae0467a99b39d6ebb5;3c41c9d8612723e19d4fb344837c82dc65ccf73caf459d9849fe3429c8adef36;da819a28db352dd64fecf9912b37371ad9e198b7dcd455ea729978768824b317;242698;242698;positive;;;;D.E.R.;SOR;contextual;9;;246924;248229.7777777777777777777778;241008;257512;;;;;Sin dato;2025-10;2025-10-31;246924;9;;;;;https://dinem.magyp.gob.ar/dinem_fas.cfas_all.aspx;2026-10-09T14:33:11.160960Z;42d17e3943d77cc2d9822f7a82929291efc6d0e49f629813d6a904009933fe72;2026-10-09T143311160960Z_934fd5282475484fb1f6e69510c846f3;magyp-references-v1;"Mediana de días capturados; mes parcial, sin interpolar"
ultimos;2025-10-31;2025-10;Maíz;MAGyP;Argentina / paridad teórica;FAS teórico D.E.R.;ARS;TN;mensual;D.E.R.;8dd958feef3b74b392e19ded37936265751d4ea0106c840a71999e83410c1455;23ac6c334f4678dae1eb8818085355b84270883139b1b282e27e23508591d654;b28df52876ca17389dd13c92476671d3ae141992d31f999ac343590bc7243951;275669;275669;positive;;;;D.E.R.;MA;contextual;9;;277341;276931.6666666666666666666667;272395;280468;;;;;Sin dato;2025-10;2025-10-31;277341;9;;;;;https://dinem.magyp.gob.ar/dinem_fas.cfas_all.aspx;2026-10-09T14:33:11.160960Z;42d17e3943d77cc2d9822f7a82929291efc6d0e49f629813d6a904009933fe72;2026-10-09T143311160960Z_934fd5282475484fb1f6e69510c846f3;magyp-references-v1;"Mediana de días capturados; mes parcial, sin interpolar"
ultimos;2026-10-08;2026-10;Sorgo;MAGyP;Argentina / paridad teórica;FAS teórico D.E.C.;ARS;TN;mensual;D.E.C.;968ca82ce65f0c4b03b3bf4fbd5f1e40f05a89130024c8972c9f575130aca4ae;4e4ec5b912b8534af9b32ab38ae947cec32f2a0b72f93bed68aaf62f9fa9fe13;2d94283a0ac7fa3a4d8b03b9968006d4d6fa6bdb4dada6f085ab7bd431a43610;276745;276745;positive;;;;D.E.C.;SOR;contextual;6;;277480;277418.6666666666666666666667;276745;278398;-0.1320870838986924458424960500;;;;Estable;2026-10;2026-10-08;277480;6;;;;;https://dinem.magyp.gob.ar/dinem_fas.cfas_all.aspx;2026-10-09T14:33:11.160960Z;42d17e3943d77cc2d9822f7a82929291efc6d0e49f629813d6a904009933fe72;2026-10-09T143311160960Z_934fd5282475484fb1f6e69510c846f3;magyp-references-v1;"Mediana de días capturados; mes parcial, sin interpolar"
ultimos;2025-10-31;2025-10;Cebada C.;MAGyP;Argentina / paridad teórica;FAS teórico D.E.R.;ARS;TN;mensual;D.E.R.;9ee064ab74d324691e882d38c8156c7d7b40836ba76eda0e10d2be7cb267ed8c;714b82ad0fd2fd3fb017500d76e839a5188559647805a8949403076d391b867a;7868981c637cd4c428732c83e9dc5f8337ef85f36d49cc9ed6a8c8b19a8e5843;318433;318433;positive;;;;D.E.R.;CEBC;contextual;9;;323977;324980.4444444444444444444444;316216;335732;;;;;Sin dato;2025-10;2025-10-31;323977;9;;;;;https://dinem.magyp.gob.ar/dinem_fas.cfas_all.aspx;2026-10-09T14:33:11.160960Z;42d17e3943d77cc2d9822f7a82929291efc6d0e49f629813d6a904009933fe72;2026-10-09T143311160960Z_934fd5282475484fb1f6e69510c846f3;magyp-references-v1;"Mediana de días capturados; mes parcial, sin interpolar"
ultimos;2025-10-31;2025-10;Ac.Girasol;MAGyP;Argentina / paridad teórica;FAS teórico D.E.R.;Sin identificar;Sin identificar;mensual;D.E.R.;a20b8bafe941a8f2056bcd7861a4ffe7448272fdd45b3660b132f2309d84341e;c7d67996df0584578bf5f3bc1338dec45d0527b8d57161c2e3fdda7380d72ce4;a3975c6f419da6fc3d87ae6bc9b8697859f1e8c6be0d82a77f16ffe5472be339;1721793;1721793;positive;;;;D.E.R.;AG;unknown;9;;1759619;1755787.555555555555555555556;1718165;1793021;;;;;Sin dato;2025-10;2025-10-31;1759619;9;;;;;https://dinem.magyp.gob.ar/dinem_fas.cfas_all.aspx;2026-10-09T14:33:11.160960Z;42d17e3943d77cc2d9822f7a82929291efc6d0e49f629813d6a904009933fe72;2026-10-09T143311160960Z_934fd5282475484fb1f6e69510c846f3;magyp-references-v1;"Mediana de días capturados; mes parcial, sin interpolar"
ultimos;2026-10-08;2026-10;Cebada C.;MAGyP;Argentina / paridad teórica;FAS teórico D.E.C.;ARS;TN;mensual;D.E.C.;a9cefab693afdaa3e3c7a243a7a7102999de1c1e5876cf759dc61935f2020457;0d2292f15b3ca5c01256127f77270afbdc0b0c13b1051fa512370a4fd0a0655f;89c26f211c79fe731fede24c1d3297af19221b5194dd332e95d8df110498f5ef;354401;354401;positive;;;;D.E.C.;CEBC;contextual;6;;355342;355263.5;354401;356518;-0.1320922284802086495115398000;;;;Estable;2026-10;2026-10-08;355342;6;;;;;https://dinem.magyp.gob.ar/dinem_fas.cfas_all.aspx;2026-10-09T14:33:11.160960Z;42d17e3943d77cc2d9822f7a82929291efc6d0e49f629813d6a904009933fe72;2026-10-09T143311160960Z_934fd5282475484fb1f6e69510c846f3;magyp-references-v1;"Mediana de días capturados; mes parcial, sin interpolar"
ultimos;2025-10-31;2025-10;Girasol;MAGyP;Argentina / paridad teórica;FAS teórico D.E.R.;ARS;TN;mensual;D.E.R.;b3fcb5a8b8242039df431e0cebc8389860bdb6cce0642282ba070f4d9e8bdf08;a2b7622128323b22f4e218f482cb84798ecdf091b657c32fab0577ef3ab7b4d8;f855f347f73d99f7e80b1631e5dad7cf4936d297c91280b49151df341b96518f;551539;551539;positive;;;;D.E.R.;GI;contextual;9;;563598;562750.3333333333333333333333;550579;574796;;;;;Sin dato;2025-10;2025-10-31;563598;9;;;;;https://dinem.magyp.gob.ar/dinem_fas.cfas_all.aspx;2026-10-09T14:33:11.160960Z;42d17e3943d77cc2d9822f7a82929291efc6d0e49f629813d6a904009933fe72;2026-10-09T143311160960Z_934fd5282475484fb1f6e69510c846f3;magyp-references-v1;"Mediana de días capturados; mes parcial, sin interpolar"
ultimos;2026-10-08;2026-10;Trigo Pan;MAGyP;Argentina / paridad teórica;FAS teórico D.E.C.;ARS;TN;mensual;D.E.C.;bb505e9f57f8a2d148b6824496be7ea4474e1baf233aad319b53f13658d09469;2a03c3a619fe52a9fe3870832af167810cb2165f86341c31e9a265e69dfa10ad;64bd0893eb5af5a7e6356bf0f4594cba864816d6f74931f67dd582f8fc054d45;328586;328586;positive;;;;D.E.C.;TP;contextual;6;;328885;329390.6666666666666666666667;326693;334324;-2.750261690312431620469209250;;;;Estable;2026-10;2026-10-08;328885;6;;;;;https://dinem.magyp.gob.ar/dinem_fas.cfas_all.aspx;2026-10-09T14:33:11.160960Z;42d17e3943d77cc2d9822f7a82929291efc6d0e49f629813d6a904009933fe72;2026-10-09T143311160960Z_934fd5282475484fb1f6e69510c846f3;magyp-references-v1;"Mediana de días capturados; mes parcial, sin interpolar"
ultimos;2025-10-31;2025-10;Trigo Pan;MAGyP;Argentina / paridad teórica;FAS teórico D.E.R.;ARS;TN;mensual;D.E.R.;ea2d46d37b95e95a5bfe5ddbe8cef74d052224359a498a5321afd62568648b89;9453b4281e3a45fce60ee7dacd30d67a31ce046ed94d001558614d869ec23883;ef4d234dac0845ac213aa160320e80913aa59edec1d5cf6da45eaeb29d03f442;281140;281140;positive;;;;D.E.R.;TP;contextual;9;;286035;285476.1111111111111111111111;279770;291795;;;;;Sin dato;2025-10;2025-10-31;286035;9;;;;;https://dinem.magyp.gob.ar/dinem_fas.cfas_all.aspx;2026-10-09T14:33:11.160960Z;42d17e3943d77cc2d9822f7a82929291efc6d0e49f629813d6a904009933fe72;2026-10-09T143311160960Z_934fd5282475484fb1f6e69510c846f3;magyp-references-v1;"Mediana de días capturados; mes parcial, sin interpolar"
mensual;2026-09-30;2026-09;Ac.Girasol;MAGyP;Argentina / paridad teórica;FAS teórico D.E.C.;Sin identificar;Sin identificar;mensual;D.E.C.;17d87d6b1b62bda4ea37d6c601548ea8670a0cc43a15d505d1e0e41041440c74;e53a6619168809b4b7e15e6482657ee5a1a19c75e99773a361c792218d6d323b;f2de456e4a6c1edf568ebde334c9d30bea590a4a035356abcaa4c425af22779f;1837272;1837272;positive;;;;D.E.C.;AG;unknown;3;;1854968;1852231;1837272;1864453;;;;;Sin dato;;;;;;;;;https://dinem.magyp.gob.ar/dinem_fas.cfas_all.aspx;2026-10-09T14:33:11.160960Z;42d17e3943d77cc2d9822f7a82929291efc6d0e49f629813d6a904009933fe72;2026-10-09T143311160960Z_934fd5282475484fb1f6e69510c846f3;magyp-references-v1;"Mediana de días capturados; mes parcial, sin interpolar"
mensual;2026-10-08;2026-10;Ac.Girasol;MAGyP;Argentina / paridad teórica;FAS teórico D.E.C.;Sin identificar;Sin identificar;mensual;D.E.C.;17d87d6b1b62bda4ea37d6c601548ea8670a0cc43a15d505d1e0e41041440c74;eaafd82c737eba68644a092e1043a1ec010d3c70d02d7a7b5d2685c874cb24e5;a51d17dd1bdeeb046f0e46ea0e1d6b52ed37ad371db8620b021a6b5960dfde80;1885152;1885152;positive;;;;D.E.C.;AG;unknown;6;;1873511.5;1872106.666666666666666666667;1855736;1885152;0.999666840613962073739277400;;;;Estable;;;;;;;;;https://dinem.magyp.gob.ar/dinem_fas.cfas_all.aspx;2026-10-09T14:33:11.160960Z;42d17e3943d77cc2d9822f7a82929291efc6d0e49f629813d6a904009933fe72;2026-10-09T143311160960Z_934fd5282475484fb1f6e69510c846f3;magyp-references-v1;"Mediana de días capturados; mes parcial, sin interpolar"
mensual;2026-09-30;2026-09;Maíz;MAGyP;Argentina / paridad teórica;FAS teórico D.E.C.;ARS;TN;mensual;D.E.C.;1b6174ba23023aa9933594c7d131a3cda7bf8c885ebb4b2c42429daeea0419dc;397d928c38cfeb44a156bd0beca040ac759041bb0315d362fdf8dfe522fd37a7;7dfce8fc8f7b8b3cdec95d65e6cd3c20a52e4b2a5d6be6896254c77b370854ce;272993;272993;positive;;;;D.E.C.;MA;contextual;3;;284626;280936.3333333333333333333333;272993;285190;;;;;Sin dato;;;;;;;;;https://dinem.magyp.gob.ar/dinem_fas.cfas_all.aspx;2026-10-09T14:33:11.160960Z;42d17e3943d77cc2d9822f7a82929291efc6d0e49f629813d6a904009933fe72;2026-10-09T143311160960Z_934fd5282475484fb1f6e69510c846f3;magyp-references-v1;"Mediana de días capturados; mes parcial, sin interpolar"
mensual;2026-10-08;2026-10;Maíz;MAGyP;Argentina / paridad teórica;FAS teórico D.E.C.;ARS;TN;mensual;D.E.C.;1b6174ba23023aa9933594c7d131a3cda7bf8c885ebb4b2c42429daeea0419dc;c2b672f1f26a0bb14f98ed39c6e9e3fcedbde18d33031a2ccb505cb9407fa1d7;2d467ae93d850d66d53b2cef242a6031527080da8e125a1335684d88891ead6c;276836;276836;positive;;;;D.E.C.;MA;contextual;6;;276313.5;277262.5;273536;281545;-2.920499181381883594611876640;;;;Estable;;;;;;;;;https://dinem.magyp.gob.ar/dinem_fas.cfas_all.aspx;2026-10-09T14:33:11.160960Z;42d17e3943d77cc2d9822f7a82929291efc6d0e49f629813d6a904009933fe72;2026-10-09T143311160960Z_934fd5282475484fb1f6e69510c846f3;magyp-references-v1;"Mediana de días capturados; mes parcial, sin interpolar"
mensual;2026-09-30;2026-09;Cebada F.;MAGyP;Argentina / paridad teórica;FAS teórico D.E.C.;ARS;TN;mensual;D.E.C.;1ea3e8de5096ffd77b4d0bdd345518a9019eed30b660116e612ac8ec48710aac;1f0d5c2829c29c7cb5c277b9c87167da72c74b54a504d7125e51d11692f6dd7f;4b3fea71b87db04f4922cc488fc04f9e26ac2790ceb3475e959f7c1ba6bff000;308461;308461;positive;;;;D.E.C.;CEBF;contextual;3;;309484;309347.6666666666666666666667;308461;310098;;;;;Sin dato;;;;;;;;;https://dinem.magyp.gob.ar/dinem_fas.cfas_all.aspx;2026-10-09T14:33:11.160960Z;42d17e3943d77cc2d9822f7a82929291efc6d0e49f629813d6a904009933fe72;2026-10-09T143311160960Z_934fd5282475484fb1f6e69510c846f3;magyp-references-v1;"Mediana de días capturados; mes parcial, sin interpolar"
mensual;2026-10-08;2026-10;Cebada F.;MAGyP;Argentina / paridad teórica;FAS teórico D.E.C.;ARS;TN;mensual;D.E.C.;1ea3e8de5096ffd77b4d0bdd345518a9019eed30b660116e612ac8ec48710aac;f4af105feed5c3d273ac511c529de8580208e7d68636f42b84573fd49c318928;e101f1f37efd36500d983b7f3503c6d9ee584499cc296bf0853fd78bb2bad009;308257;308257;positive;;;;D.E.C.;CEBF;contextual;6;;309075;309006.8333333333333333333333;308257;310098;-0.1321554587636194439777177500;;;;Estable;;;;;;;;;https://dinem.magyp.gob.ar/dinem_fas.cfas_all.aspx;2026-10-09T14:33:11.160960Z;42d17e3943d77cc2d9822f7a82929291efc6d0e49f629813d6a904009933fe72;2026-10-09T143311160960Z_934fd5282475484fb1f6e69510c846f3;magyp-references-v1;"Mediana de días capturados; mes parcial, sin interpolar"
mensual;2026-09-30;2026-09;Soja;MAGyP;Argentina / paridad teórica;FAS teórico D.E.C.;ARS;TN;mensual;D.E.C.;380065bc29159a2f001da50cc2d8422b24ff811cb5a0e9362d8071aedd559389;ed8fc5aedd992db5536cf816b150e94d8c1d9b09dfecbc9cebf2365450c60396;0b12709a4bd87d821e3a5c993b1616eaa638047b795ab56f4ef96b45d8036d82;574865;574865;positive;;;;D.E.C.;SO;contextual;3;;579506;578293;574865;580508;;;;;Sin dato;;;;;;;;;https://dinem.magyp.gob.ar/dinem_fas.cfas_all.aspx;2026-10-09T14:33:11.160960Z;42d17e3943d77cc2d9822f7a82929291efc6d0e49f629813d6a904009933fe72;2026-10-09T143311160960Z_934fd5282475484fb1f6e69510c846f3;magyp-references-v1;"Mediana de días capturados; mes parcial, sin interpolar"
mensual;2026-10-08;2026-10;Soja;MAGyP;Argentina / paridad teórica;FAS teórico D.E.C.;ARS;TN;mensual;D.E.C.;380065bc29159a2f001da50cc2d8422b24ff811cb5a0e9362d8071aedd559389;6fed90bb3416a7aa527c531bd5d241576b5896496e4692d7471bc3e5d7590df3;41613faf4ef00d63546836020a00076a134fe584cca228c8626a9df57b5a742a;579411;579411;positive;;;;D.E.C.;SO;contextual;6;;576987.5;576881.6666666666666666666667;571974;583279;-0.4345942923800616387060703400;;;;Estable;;;;;;;;;https://dinem.magyp.gob.ar/dinem_fas.cfas_all.aspx;2026-10-09T14:33:11.160960Z;42d17e3943d77cc2d9822f7a82929291efc6d0e49f629813d6a904009933fe72;2026-10-09T143311160960Z_934fd5282475484fb1f6e69510c846f3;magyp-references-v1;"Mediana de días capturados; mes parcial, sin interpolar"
mensual;2025-10-31;2025-10;Soja;MAGyP;Argentina / paridad teórica;FAS teórico D.E.R.;ARS;TN;mensual;D.E.R.;38eec92ea27e9522db61afaee52ea98e646bf7b7de9394c7341bb60068e96fc1;ed6e2b485051ba3ec09ea6d9b2a07dffa4d058e55deee5cd3f96af8c05d68c36;bd43fb4f9b54e1cd13164a8662c8ddb65ab9c9d0b3c206228ee4b4fc086ef398;609367;609367;positive;;;;D.E.R.;SO;contextual;9;;601524;601904.7777777777777777777778;590592;609367;;;;;Sin dato;;;;;;;;;https://dinem.magyp.gob.ar/dinem_fas.cfas_all.aspx;2026-10-09T14:33:11.160960Z;42d17e3943d77cc2d9822f7a82929291efc6d0e49f629813d6a904009933fe72;2026-10-09T143311160960Z_934fd5282475484fb1f6e69510c846f3;magyp-references-v1;"Mediana de días capturados; mes parcial, sin interpolar"
mensual;2026-09-30;2026-09;Girasol;MAGyP;Argentina / paridad teórica;FAS teórico D.E.C.;ARS;TN;mensual;D.E.C.;3c47c29c63e9797abe6df69b60fdadb233f86dcdb59a67772dcf8c2842d70587;6c3dca4e6981cb6b05640ed79b4fc3150f81431e20cd7f0c9803baed6df95f9a;2b808dd938c5d7ba0bf63abf5092a268e75ad320d98c2378496e1b9cd2ab740f;589341;589341;positive;;;;D.E.C.;GI;contextual;3;;595335;594402.6666666666666666666667;589341;598532;;;;;Sin dato;;;;;;;;;https://dinem.magyp.gob.ar/dinem_fas.cfas_all.aspx;2026-10-09T14:33:11.160960Z;42d17e3943d77cc2d9822f7a82929291efc6d0e49f629813d6a904009933fe72;2026-10-09T143311160960Z_934fd5282475484fb1f6e69510c846f3;magyp-references-v1;"Mediana de días capturados; mes parcial, sin interpolar"
mensual;2026-10-08;2026-10;Girasol;MAGyP;Argentina / paridad teórica;FAS teórico D.E.C.;ARS;TN;mensual;D.E.C.;3c47c29c63e9797abe6df69b60fdadb233f86dcdb59a67772dcf8c2842d70587;858ee5cde19e0cbcb1656dc60b9fc71d037b90c7e06da5baeb03af01dcda53df;dfd1001f10a42fe7fa34c814de0f5022deff6e732fda1df1e1c371349759b17f;605995;605995;positive;;;;D.E.C.;GI;contextual;6;;601823.5;601342.5;595470;605995;1.089890565815885173893690100;;;;Estable;;;;;;;;;https://dinem.magyp.gob.ar/dinem_fas.cfas_all.aspx;2026-10-09T14:33:11.160960Z;42d17e3943d77cc2d9822f7a82929291efc6d0e49f629813d6a904009933fe72;2026-10-09T143311160960Z_934fd5282475484fb1f6e69510c846f3;magyp-references-v1;"Mediana de días capturados; mes parcial, sin interpolar"
mensual;2025-10-31;2025-10;Cebada F.;MAGyP;Argentina / paridad teórica;FAS teórico D.E.R.;ARS;TN;mensual;D.E.R.;427733d52eaf9325db9e9acae6911e257ed2de809220176d7808a99a2ab98012;0ea26e9417d877d700405991a228738e868f4f68b6a307a31197f7d58a0535a0;1218ea4d14a415160c67d2fa72845c16fa8a05bd60cfa23e7317fbf416b39b94;280106;280106;positive;;;;D.E.R.;CEBF;contextual;9;;284983;283790.7777777777777777777778;278156;289274;;;;;Sin dato;;;;;;;;;https://dinem.magyp.gob.ar/dinem_fas.cfas_all.aspx;2026-10-09T14:33:11.160960Z;42d17e3943d77cc2d9822f7a82929291efc6d0e49f629813d6a904009933fe72;2026-10-09T143311160960Z_934fd5282475484fb1f6e69510c846f3;magyp-references-v1;"Mediana de días capturados; mes parcial, sin interpolar"
mensual;2026-09-30;2026-09;Ac.Soja;MAGyP;Argentina / paridad teórica;FAS teórico D.E.C.;Sin identificar;Sin identificar;mensual;D.E.C.;56f5c597975c5777ca7290e5ec5217413d8ddf5ad70c98591d2f2a90ef243ec3;8e4aaf991af9ad5c9cb081d3e55c992ce0ab9ad349a8e25608fd69905f032f85;187cddf2a222ef3e51f2654957b96948ff71b081bc9762effaf5c918b4eebc1e;1358693;1358693;positive;;;;D.E.C.;AS;unknown;3;;1378620;1374916.333333333333333333333;1358693;1387436;;;;;Sin dato;;;;;;;;;https://dinem.magyp.gob.ar/dinem_fas.cfas_all.aspx;2026-10-09T14:33:11.160960Z;42d17e3943d77cc2d9822f7a82929291efc6d0e49f629813d6a904009933fe72;2026-10-09T143311160960Z_934fd5282475484fb1f6e69510c846f3;magyp-references-v1;"Mediana de días capturados; mes parcial, sin interpolar"
mensual;2026-10-08;2026-10;Ac.Soja;MAGyP;Argentina / paridad teórica;FAS teórico D.E.C.;Sin identificar;Sin identificar;mensual;D.E.C.;56f5c597975c5777ca7290e5ec5217413d8ddf5ad70c98591d2f2a90ef243ec3;f8cb240724f2907790fc55198b28a3c4aaf768bbcada7b8170bad5168b00b0ac;78af14bda4af039371b94daa9b981ef93934027da68ae215d7fd6d15e2aa7c12;1353196;1353196;positive;;;;D.E.C.;AS;unknown;6;;1367675;1364942.333333333333333333333;1346026;1379845;-0.7939098518808663736199968100;;;;Estable;;;;;;;;;https://dinem.magyp.gob.ar/dinem_fas.cfas_all.aspx;2026-10-09T14:33:11.160960Z;42d17e3943d77cc2d9822f7a82929291efc6d0e49f629813d6a904009933fe72;2026-10-09T143311160960Z_934fd5282475484fb1f6e69510c846f3;magyp-references-v1;"Mediana de días capturados; mes parcial, sin interpolar"
mensual;2025-10-31;2025-10;Ac.Soja;MAGyP;Argentina / paridad teórica;FAS teórico D.E.R.;Sin identificar;Sin identificar;mensual;D.E.R.;5f27063d7fd2b20ba0ec900c07418f27feef12b2353c7ed889645f4ab29fcdbb;67cb6fb24019cb5875a31b791bfd936413ce262d51c7b3f3ede607ee297c40a8;5b3e13e37aa70e88bab54879679e7221e166dc2271a563df75c5d9afb4b4911a;1481449;1481449;positive;;;;D.E.R.;AS;unknown;9;;1544788;1546277.888888888888888888889;1481449;1599211;;;;;Sin dato;;;;;;;;;https://dinem.magyp.gob.ar/dinem_fas.cfas_all.aspx;2026-10-09T14:33:11.160960Z;42d17e3943d77cc2d9822f7a82929291efc6d0e49f629813d6a904009933fe72;2026-10-09T143311160960Z_934fd5282475484fb1f6e69510c846f3;magyp-references-v1;"Mediana de días capturados; mes parcial, sin interpolar"
mensual;2025-10-31;2025-10;Sorgo;MAGyP;Argentina / paridad teórica;FAS teórico D.E.R.;ARS;TN;mensual;D.E.R.;6eb9b249b34bc053e10e59691f28c2b6f9895ab179386bae0467a99b39d6ebb5;3c41c9d8612723e19d4fb344837c82dc65ccf73caf459d9849fe3429c8adef36;da819a28db352dd64fecf9912b37371ad9e198b7dcd455ea729978768824b317;242698;242698;positive;;;;D.E.R.;SOR;contextual;9;;246924;248229.7777777777777777777778;241008;257512;;;;;Sin dato;;;;;;;;;https://dinem.magyp.gob.ar/dinem_fas.cfas_all.aspx;2026-10-09T14:33:11.160960Z;42d17e3943d77cc2d9822f7a82929291efc6d0e49f629813d6a904009933fe72;2026-10-09T143311160960Z_934fd5282475484fb1f6e69510c846f3;magyp-references-v1;"Mediana de días capturados; mes parcial, sin interpolar"
mensual;2025-10-31;2025-10;Maíz;MAGyP;Argentina / paridad teórica;FAS teórico D.E.R.;ARS;TN;mensual;D.E.R.;8dd958feef3b74b392e19ded37936265751d4ea0106c840a71999e83410c1455;23ac6c334f4678dae1eb8818085355b84270883139b1b282e27e23508591d654;b28df52876ca17389dd13c92476671d3ae141992d31f999ac343590bc7243951;275669;275669;positive;;;;D.E.R.;MA;contextual;9;;277341;276931.6666666666666666666667;272395;280468;;;;;Sin dato;;;;;;;;;https://dinem.magyp.gob.ar/dinem_fas.cfas_all.aspx;2026-10-09T14:33:11.160960Z;42d17e3943d77cc2d9822f7a82929291efc6d0e49f629813d6a904009933fe72;2026-10-09T143311160960Z_934fd5282475484fb1f6e69510c846f3;magyp-references-v1;"Mediana de días capturados; mes parcial, sin interpolar"
mensual;2026-09-30;2026-09;Sorgo;MAGyP;Argentina / paridad teórica;FAS teórico D.E.C.;ARS;TN;mensual;D.E.C.;968ca82ce65f0c4b03b3bf4fbd5f1e40f05a89130024c8972c9f575130aca4ae;585223370e76dea9e640517ea09d2ad39d34676402cd95f705e8a8467fe5df0c;d873e0d503df4e301f414f3f85031222daad7bceb11bae3495044c9e6881edd3;276929;276929;positive;;;;D.E.C.;SOR;contextual;3;;277847;277724.6666666666666666666667;276929;278398;;;;;Sin dato;;;;;;;;;https://dinem.magyp.gob.ar/dinem_fas.cfas_all.aspx;2026-10-09T14:33:11.160960Z;42d17e3943d77cc2d9822f7a82929291efc6d0e49f629813d6a904009933fe72;2026-10-09T143311160960Z_934fd5282475484fb1f6e69510c846f3;magyp-references-v1;"Mediana de días capturados; mes parcial, sin interpolar"
mensual;2026-10-08;2026-10;Sorgo;MAGyP;Argentina / paridad teórica;FAS teórico D.E.C.;ARS;TN;mensual;D.E.C.;968ca82ce65f0c4b03b3bf4fbd5f1e40f05a89130024c8972c9f575130aca4ae;4e4ec5b912b8534af9b32ab38ae947cec32f2a0b72f93bed68aaf62f9fa9fe13;2d94283a0ac7fa3a4d8b03b9968006d4d6fa6bdb4dada6f085ab7bd431a43610;276745;276745;positive;;;;D.E.C.;SOR;contextual;6;;277480;277418.6666666666666666666667;276745;278398;-0.1320870838986924458424960500;;;;Estable;;;;;;;;;https://dinem.magyp.gob.ar/dinem_fas.cfas_all.aspx;2026-10-09T14:33:11.160960Z;42d17e3943d77cc2d9822f7a82929291efc6d0e49f629813d6a904009933fe72;2026-10-09T143311160960Z_934fd5282475484fb1f6e69510c846f3;magyp-references-v1;"Mediana de días capturados; mes parcial, sin interpolar"
mensual;2025-10-31;2025-10;Cebada C.;MAGyP;Argentina / paridad teórica;FAS teórico D.E.R.;ARS;TN;mensual;D.E.R.;9ee064ab74d324691e882d38c8156c7d7b40836ba76eda0e10d2be7cb267ed8c;714b82ad0fd2fd3fb017500d76e839a5188559647805a8949403076d391b867a;7868981c637cd4c428732c83e9dc5f8337ef85f36d49cc9ed6a8c8b19a8e5843;318433;318433;positive;;;;D.E.R.;CEBC;contextual;9;;323977;324980.4444444444444444444444;316216;335732;;;;;Sin dato;;;;;;;;;https://dinem.magyp.gob.ar/dinem_fas.cfas_all.aspx;2026-10-09T14:33:11.160960Z;42d17e3943d77cc2d9822f7a82929291efc6d0e49f629813d6a904009933fe72;2026-10-09T143311160960Z_934fd5282475484fb1f6e69510c846f3;magyp-references-v1;"Mediana de días capturados; mes parcial, sin interpolar"
mensual;2025-10-31;2025-10;Ac.Girasol;MAGyP;Argentina / paridad teórica;FAS teórico D.E.R.;Sin identificar;Sin identificar;mensual;D.E.R.;a20b8bafe941a8f2056bcd7861a4ffe7448272fdd45b3660b132f2309d84341e;c7d67996df0584578bf5f3bc1338dec45d0527b8d57161c2e3fdda7380d72ce4;a3975c6f419da6fc3d87ae6bc9b8697859f1e8c6be0d82a77f16ffe5472be339;1721793;1721793;positive;;;;D.E.R.;AG;unknown;9;;1759619;1755787.555555555555555555556;1718165;1793021;;;;;Sin dato;;;;;;;;;https://dinem.magyp.gob.ar/dinem_fas.cfas_all.aspx;2026-10-09T14:33:11.160960Z;42d17e3943d77cc2d9822f7a82929291efc6d0e49f629813d6a904009933fe72;2026-10-09T143311160960Z_934fd5282475484fb1f6e69510c846f3;magyp-references-v1;"Mediana de días capturados; mes parcial, sin interpolar"
mensual;2026-09-30;2026-09;Cebada C.;MAGyP;Argentina / paridad teórica;FAS teórico D.E.C.;ARS;TN;mensual;D.E.C.;a9cefab693afdaa3e3c7a243a7a7102999de1c1e5876cf759dc61935f2020457;e483475c35b4b280c2f27b2399018b59af8f1d3f579992a289686ffdfd061213;e130493784ca360ba5d12db29149d883dbbfb83735cc22a298ee2487d7850f74;354636;354636;positive;;;;D.E.C.;CEBC;contextual;3;;355812;355655.3333333333333333333333;354636;356518;;;;;Sin dato;;;;;;;;;https://dinem.magyp.gob.ar/dinem_fas.cfas_all.aspx;2026-10-09T14:33:11.160960Z;42d17e3943d77cc2d9822f7a82929291efc6d0e49f629813d6a904009933fe72;2026-10-09T143311160960Z_934fd5282475484fb1f6e69510c846f3;magyp-references-v1;"Mediana de días capturados; mes parcial, sin interpolar"
mensual;2026-10-08;2026-10;Cebada C.;MAGyP;Argentina / paridad teórica;FAS teórico D.E.C.;ARS;TN;mensual;D.E.C.;a9cefab693afdaa3e3c7a243a7a7102999de1c1e5876cf759dc61935f2020457;0d2292f15b3ca5c01256127f77270afbdc0b0c13b1051fa512370a4fd0a0655f;89c26f211c79fe731fede24c1d3297af19221b5194dd332e95d8df110498f5ef;354401;354401;positive;;;;D.E.C.;CEBC;contextual;6;;355342;355263.5;354401;356518;-0.1320922284802086495115398000;;;;Estable;;;;;;;;;https://dinem.magyp.gob.ar/dinem_fas.cfas_all.aspx;2026-10-09T14:33:11.160960Z;42d17e3943d77cc2d9822f7a82929291efc6d0e49f629813d6a904009933fe72;2026-10-09T143311160960Z_934fd5282475484fb1f6e69510c846f3;magyp-references-v1;"Mediana de días capturados; mes parcial, sin interpolar"
mensual;2025-10-31;2025-10;Girasol;MAGyP;Argentina / paridad teórica;FAS teórico D.E.R.;ARS;TN;mensual;D.E.R.;b3fcb5a8b8242039df431e0cebc8389860bdb6cce0642282ba070f4d9e8bdf08;a2b7622128323b22f4e218f482cb84798ecdf091b657c32fab0577ef3ab7b4d8;f855f347f73d99f7e80b1631e5dad7cf4936d297c91280b49151df341b96518f;551539;551539;positive;;;;D.E.R.;GI;contextual;9;;563598;562750.3333333333333333333333;550579;574796;;;;;Sin dato;;;;;;;;;https://dinem.magyp.gob.ar/dinem_fas.cfas_all.aspx;2026-10-09T14:33:11.160960Z;42d17e3943d77cc2d9822f7a82929291efc6d0e49f629813d6a904009933fe72;2026-10-09T143311160960Z_934fd5282475484fb1f6e69510c846f3;magyp-references-v1;"Mediana de días capturados; mes parcial, sin interpolar"
mensual;2026-09-30;2026-09;Trigo Pan;MAGyP;Argentina / paridad teórica;FAS teórico D.E.C.;ARS;TN;mensual;D.E.C.;bb505e9f57f8a2d148b6824496be7ea4474e1baf233aad319b53f13658d09469;a29bf1ae3126bce256013289986be56ef21fccf34605cc74a5fbdd6a20c24e62;87d7fbb5d1af7c022a94ea48de529cbc680e21e0f003bb739523d85dc3ed0025;330192;330192;positive;;;;D.E.C.;TP;contextual;3;;338186;336204.6666666666666666666667;330192;340236;;;;;Sin dato;;;;;;;;;https://dinem.magyp.gob.ar/dinem_fas.cfas_all.aspx;2026-10-09T14:33:11.160960Z;42d17e3943d77cc2d9822f7a82929291efc6d0e49f629813d6a904009933fe72;2026-10-09T143311160960Z_934fd5282475484fb1f6e69510c846f3;magyp-references-v1;"Mediana de días capturados; mes parcial, sin interpolar"
mensual;2026-10-08;2026-10;Trigo Pan;MAGyP;Argentina / paridad teórica;FAS teórico D.E.C.;ARS;TN;mensual;D.E.C.;bb505e9f57f8a2d148b6824496be7ea4474e1baf233aad319b53f13658d09469;2a03c3a619fe52a9fe3870832af167810cb2165f86341c31e9a265e69dfa10ad;64bd0893eb5af5a7e6356bf0f4594cba864816d6f74931f67dd582f8fc054d45;328586;328586;positive;;;;D.E.C.;TP;contextual;6;;328885;329390.6666666666666666666667;326693;334324;-2.750261690312431620469209250;;;;Estable;;;;;;;;;https://dinem.magyp.gob.ar/dinem_fas.cfas_all.aspx;2026-10-09T14:33:11.160960Z;42d17e3943d77cc2d9822f7a82929291efc6d0e49f629813d6a904009933fe72;2026-10-09T143311160960Z_934fd5282475484fb1f6e69510c846f3;magyp-references-v1;"Mediana de días capturados; mes parcial, sin interpolar"
mensual;2025-10-31;2025-10;Trigo Pan;MAGyP;Argentina / paridad teórica;FAS teórico D.E.R.;ARS;TN;mensual;D.E.R.;ea2d46d37b95e95a5bfe5ddbe8cef74d052224359a498a5321afd62568648b89;9453b4281e3a45fce60ee7dacd30d67a31ce046ed94d001558614d869ec23883;ef4d234dac0845ac213aa160320e80913aa59edec1d5cf6da45eaeb29d03f442;281140;281140;positive;;;;D.E.R.;TP;contextual;9;;286035;285476.1111111111111111111111;279770;291795;;;;;Sin dato;;;;;;;;;https://dinem.magyp.gob.ar/dinem_fas.cfas_all.aspx;2026-10-09T14:33:11.160960Z;42d17e3943d77cc2d9822f7a82929291efc6d0e49f629813d6a904009933fe72;2026-10-09T143311160960Z_934fd5282475484fb1f6e69510c846f3;magyp-references-v1;"Mediana de días capturados; mes parcial, sin interpolar"
semaforo;2026-09-30;2026-09;Ac.Girasol;MAGyP;Argentina / paridad teórica;FAS teórico D.E.C.;Sin identificar;Sin identificar;mensual;D.E.C.;17d87d6b1b62bda4ea37d6c601548ea8670a0cc43a15d505d1e0e41041440c74;e53a6619168809b4b7e15e6482657ee5a1a19c75e99773a361c792218d6d323b;f2de456e4a6c1edf568ebde334c9d30bea590a4a035356abcaa4c425af22779f;1837272;1837272;positive;;;;D.E.C.;AG;unknown;3;;1854968;1852231;1837272;1864453;;;;;Sin dato;;;;;;;;;https://dinem.magyp.gob.ar/dinem_fas.cfas_all.aspx;2026-10-09T14:33:11.160960Z;42d17e3943d77cc2d9822f7a82929291efc6d0e49f629813d6a904009933fe72;2026-10-09T143311160960Z_934fd5282475484fb1f6e69510c846f3;magyp-references-v1;"Mediana de días capturados; mes parcial, sin interpolar"
semaforo;2026-10-08;2026-10;Ac.Girasol;MAGyP;Argentina / paridad teórica;FAS teórico D.E.C.;Sin identificar;Sin identificar;mensual;D.E.C.;17d87d6b1b62bda4ea37d6c601548ea8670a0cc43a15d505d1e0e41041440c74;eaafd82c737eba68644a092e1043a1ec010d3c70d02d7a7b5d2685c874cb24e5;a51d17dd1bdeeb046f0e46ea0e1d6b52ed37ad371db8620b021a6b5960dfde80;1885152;1885152;positive;;;;D.E.C.;AG;unknown;6;;1873511.5;1872106.666666666666666666667;1855736;1885152;0.999666840613962073739277400;;;;Estable;;;;;;;;;https://dinem.magyp.gob.ar/dinem_fas.cfas_all.aspx;2026-10-09T14:33:11.160960Z;42d17e3943d77cc2d9822f7a82929291efc6d0e49f629813d6a904009933fe72;2026-10-09T143311160960Z_934fd5282475484fb1f6e69510c846f3;magyp-references-v1;"Mediana de días capturados; mes parcial, sin interpolar"
semaforo;2026-09-30;2026-09;Maíz;MAGyP;Argentina / paridad teórica;FAS teórico D.E.C.;ARS;TN;mensual;D.E.C.;1b6174ba23023aa9933594c7d131a3cda7bf8c885ebb4b2c42429daeea0419dc;397d928c38cfeb44a156bd0beca040ac759041bb0315d362fdf8dfe522fd37a7;7dfce8fc8f7b8b3cdec95d65e6cd3c20a52e4b2a5d6be6896254c77b370854ce;272993;272993;positive;;;;D.E.C.;MA;contextual;3;;284626;280936.3333333333333333333333;272993;285190;;;;;Sin dato;;;;;;;;;https://dinem.magyp.gob.ar/dinem_fas.cfas_all.aspx;2026-10-09T14:33:11.160960Z;42d17e3943d77cc2d9822f7a82929291efc6d0e49f629813d6a904009933fe72;2026-10-09T143311160960Z_934fd5282475484fb1f6e69510c846f3;magyp-references-v1;"Mediana de días capturados; mes parcial, sin interpolar"
semaforo;2026-10-08;2026-10;Maíz;MAGyP;Argentina / paridad teórica;FAS teórico D.E.C.;ARS;TN;mensual;D.E.C.;1b6174ba23023aa9933594c7d131a3cda7bf8c885ebb4b2c42429daeea0419dc;c2b672f1f26a0bb14f98ed39c6e9e3fcedbde18d33031a2ccb505cb9407fa1d7;2d467ae93d850d66d53b2cef242a6031527080da8e125a1335684d88891ead6c;276836;276836;positive;;;;D.E.C.;MA;contextual;6;;276313.5;277262.5;273536;281545;-2.920499181381883594611876640;;;;Estable;;;;;;;;;https://dinem.magyp.gob.ar/dinem_fas.cfas_all.aspx;2026-10-09T14:33:11.160960Z;42d17e3943d77cc2d9822f7a82929291efc6d0e49f629813d6a904009933fe72;2026-10-09T143311160960Z_934fd5282475484fb1f6e69510c846f3;magyp-references-v1;"Mediana de días capturados; mes parcial, sin interpolar"
semaforo;2026-09-30;2026-09;Cebada F.;MAGyP;Argentina / paridad teórica;FAS teórico D.E.C.;ARS;TN;mensual;D.E.C.;1ea3e8de5096ffd77b4d0bdd345518a9019eed30b660116e612ac8ec48710aac;1f0d5c2829c29c7cb5c277b9c87167da72c74b54a504d7125e51d11692f6dd7f;4b3fea71b87db04f4922cc488fc04f9e26ac2790ceb3475e959f7c1ba6bff000;308461;308461;positive;;;;D.E.C.;CEBF;contextual;3;;309484;309347.6666666666666666666667;308461;310098;;;;;Sin dato;;;;;;;;;https://dinem.magyp.gob.ar/dinem_fas.cfas_all.aspx;2026-10-09T14:33:11.160960Z;42d17e3943d77cc2d9822f7a82929291efc6d0e49f629813d6a904009933fe72;2026-10-09T143311160960Z_934fd5282475484fb1f6e69510c846f3;magyp-references-v1;"Mediana de días capturados; mes parcial, sin interpolar"
semaforo;2026-10-08;2026-10;Cebada F.;MAGyP;Argentina / paridad teórica;FAS teórico D.E.C.;ARS;TN;mensual;D.E.C.;1ea3e8de5096ffd77b4d0bdd345518a9019eed30b660116e612ac8ec48710aac;f4af105feed5c3d273ac511c529de8580208e7d68636f42b84573fd49c318928;e101f1f37efd36500d983b7f3503c6d9ee584499cc296bf0853fd78bb2bad009;308257;308257;positive;;;;D.E.C.;CEBF;contextual;6;;309075;309006.8333333333333333333333;308257;310098;-0.1321554587636194439777177500;;;;Estable;;;;;;;;;https://dinem.magyp.gob.ar/dinem_fas.cfas_all.aspx;2026-10-09T14:33:11.160960Z;42d17e3943d77cc2d9822f7a82929291efc6d0e49f629813d6a904009933fe72;2026-10-09T143311160960Z_934fd5282475484fb1f6e69510c846f3;magyp-references-v1;"Mediana de días capturados; mes parcial, sin interpolar"
semaforo;2026-09-30;2026-09;Soja;MAGyP;Argentina / paridad teórica;FAS teórico D.E.C.;ARS;TN;mensual;D.E.C.;380065bc29159a2f001da50cc2d8422b24ff811cb5a0e9362d8071aedd559389;ed8fc5aedd992db5536cf816b150e94d8c1d9b09dfecbc9cebf2365450c60396;0b12709a4bd87d821e3a5c993b1616eaa638047b795ab56f4ef96b45d8036d82;574865;574865;positive;;;;D.E.C.;SO;contextual;3;;579506;578293;574865;580508;;;;;Sin dato;;;;;;;;;https://dinem.magyp.gob.ar/dinem_fas.cfas_all.aspx;2026-10-09T14:33:11.160960Z;42d17e3943d77cc2d9822f7a82929291efc6d0e49f629813d6a904009933fe72;2026-10-09T143311160960Z_934fd5282475484fb1f6e69510c846f3;magyp-references-v1;"Mediana de días capturados; mes parcial, sin interpolar"
semaforo;2026-10-08;2026-10;Soja;MAGyP;Argentina / paridad teórica;FAS teórico D.E.C.;ARS;TN;mensual;D.E.C.;380065bc29159a2f001da50cc2d8422b24ff811cb5a0e9362d8071aedd559389;6fed90bb3416a7aa527c531bd5d241576b5896496e4692d7471bc3e5d7590df3;41613faf4ef00d63546836020a00076a134fe584cca228c8626a9df57b5a742a;579411;579411;positive;;;;D.E.C.;SO;contextual;6;;576987.5;576881.6666666666666666666667;571974;583279;-0.4345942923800616387060703400;;;;Estable;;;;;;;;;https://dinem.magyp.gob.ar/dinem_fas.cfas_all.aspx;2026-10-09T14:33:11.160960Z;42d17e3943d77cc2d9822f7a82929291efc6d0e49f629813d6a904009933fe72;2026-10-09T143311160960Z_934fd5282475484fb1f6e69510c846f3;magyp-references-v1;"Mediana de días capturados; mes parcial, sin interpolar"
semaforo;2025-10-31;2025-10;Soja;MAGyP;Argentina / paridad teórica;FAS teórico D.E.R.;ARS;TN;mensual;D.E.R.;38eec92ea27e9522db61afaee52ea98e646bf7b7de9394c7341bb60068e96fc1;ed6e2b485051ba3ec09ea6d9b2a07dffa4d058e55deee5cd3f96af8c05d68c36;bd43fb4f9b54e1cd13164a8662c8ddb65ab9c9d0b3c206228ee4b4fc086ef398;609367;609367;positive;;;;D.E.R.;SO;contextual;9;;601524;601904.7777777777777777777778;590592;609367;;;;;Sin dato;;;;;;;;;https://dinem.magyp.gob.ar/dinem_fas.cfas_all.aspx;2026-10-09T14:33:11.160960Z;42d17e3943d77cc2d9822f7a82929291efc6d0e49f629813d6a904009933fe72;2026-10-09T143311160960Z_934fd5282475484fb1f6e69510c846f3;magyp-references-v1;"Mediana de días capturados; mes parcial, sin interpolar"
semaforo;2026-09-30;2026-09;Girasol;MAGyP;Argentina / paridad teórica;FAS teórico D.E.C.;ARS;TN;mensual;D.E.C.;3c47c29c63e9797abe6df69b60fdadb233f86dcdb59a67772dcf8c2842d70587;6c3dca4e6981cb6b05640ed79b4fc3150f81431e20cd7f0c9803baed6df95f9a;2b808dd938c5d7ba0bf63abf5092a268e75ad320d98c2378496e1b9cd2ab740f;589341;589341;positive;;;;D.E.C.;GI;contextual;3;;595335;594402.6666666666666666666667;589341;598532;;;;;Sin dato;;;;;;;;;https://dinem.magyp.gob.ar/dinem_fas.cfas_all.aspx;2026-10-09T14:33:11.160960Z;42d17e3943d77cc2d9822f7a82929291efc6d0e49f629813d6a904009933fe72;2026-10-09T143311160960Z_934fd5282475484fb1f6e69510c846f3;magyp-references-v1;"Mediana de días capturados; mes parcial, sin interpolar"
semaforo;2026-10-08;2026-10;Girasol;MAGyP;Argentina / paridad teórica;FAS teórico D.E.C.;ARS;TN;mensual;D.E.C.;3c47c29c63e9797abe6df69b60fdadb233f86dcdb59a67772dcf8c2842d70587;858ee5cde19e0cbcb1656dc60b9fc71d037b90c7e06da5baeb03af01dcda53df;dfd1001f10a42fe7fa34c814de0f5022deff6e732fda1df1e1c371349759b17f;605995;605995;positive;;;;D.E.C.;GI;contextual;6;;601823.5;601342.5;595470;605995;1.089890565815885173893690100;;;;Estable;;;;;;;;;https://dinem.magyp.gob.ar/dinem_fas.cfas_all.aspx;2026-10-09T14:33:11.160960Z;42d17e3943d77cc2d9822f7a82929291efc6d0e49f629813d6a904009933fe72;2026-10-09T143311160960Z_934fd5282475484fb1f6e69510c846f3;magyp-references-v1;"Mediana de días capturados; mes parcial, sin interpolar"
semaforo;2025-10-31;2025-10;Cebada F.;MAGyP;Argentina / paridad teórica;FAS teórico D.E.R.;ARS;TN;mensual;D.E.R.;427733d52eaf9325db9e9acae6911e257ed2de809220176d7808a99a2ab98012;0ea26e9417d877d700405991a228738e868f4f68b6a307a31197f7d58a0535a0;1218ea4d14a415160c67d2fa72845c16fa8a05bd60cfa23e7317fbf416b39b94;280106;280106;positive;;;;D.E.R.;CEBF;contextual;9;;284983;283790.7777777777777777777778;278156;289274;;;;;Sin dato;;;;;;;;;https://dinem.magyp.gob.ar/dinem_fas.cfas_all.aspx;2026-10-09T14:33:11.160960Z;42d17e3943d77cc2d9822f7a82929291efc6d0e49f629813d6a904009933fe72;2026-10-09T143311160960Z_934fd5282475484fb1f6e69510c846f3;magyp-references-v1;"Mediana de días capturados; mes parcial, sin interpolar"
semaforo;2026-09-30;2026-09;Ac.Soja;MAGyP;Argentina / paridad teórica;FAS teórico D.E.C.;Sin identificar;Sin identificar;mensual;D.E.C.;56f5c597975c5777ca7290e5ec5217413d8ddf5ad70c98591d2f2a90ef243ec3;8e4aaf991af9ad5c9cb081d3e55c992ce0ab9ad349a8e25608fd69905f032f85;187cddf2a222ef3e51f2654957b96948ff71b081bc9762effaf5c918b4eebc1e;1358693;1358693;positive;;;;D.E.C.;AS;unknown;3;;1378620;1374916.333333333333333333333;1358693;1387436;;;;;Sin dato;;;;;;;;;https://dinem.magyp.gob.ar/dinem_fas.cfas_all.aspx;2026-10-09T14:33:11.160960Z;42d17e3943d77cc2d9822f7a82929291efc6d0e49f629813d6a904009933fe72;2026-10-09T143311160960Z_934fd5282475484fb1f6e69510c846f3;magyp-references-v1;"Mediana de días capturados; mes parcial, sin interpolar"
semaforo;2026-10-08;2026-10;Ac.Soja;MAGyP;Argentina / paridad teórica;FAS teórico D.E.C.;Sin identificar;Sin identificar;mensual;D.E.C.;56f5c597975c5777ca7290e5ec5217413d8ddf5ad70c98591d2f2a90ef243ec3;f8cb240724f2907790fc55198b28a3c4aaf768bbcada7b8170bad5168b00b0ac;78af14bda4af039371b94daa9b981ef93934027da68ae215d7fd6d15e2aa7c12;1353196;1353196;positive;;;;D.E.C.;AS;unknown;6;;1367675;1364942.333333333333333333333;1346026;1379845;-0.7939098518808663736199968100;;;;Estable;;;;;;;;;https://dinem.magyp.gob.ar/dinem_fas.cfas_all.aspx;2026-10-09T14:33:11.160960Z;42d17e3943d77cc2d9822f7a82929291efc6d0e49f629813d6a904009933fe72;2026-10-09T143311160960Z_934fd5282475484fb1f6e69510c846f3;magyp-references-v1;"Mediana de días capturados; mes parcial, sin interpolar"
semaforo;2025-10-31;2025-10;Ac.Soja;MAGyP;Argentina / paridad teórica;FAS teórico D.E.R.;Sin identificar;Sin identificar;mensual;D.E.R.;5f27063d7fd2b20ba0ec900c07418f27feef12b2353c7ed889645f4ab29fcdbb;67cb6fb24019cb5875a31b791bfd936413ce262d51c7b3f3ede607ee297c40a8;5b3e13e37aa70e88bab54879679e7221e166dc2271a563df75c5d9afb4b4911a;1481449;1481449;positive;;;;D.E.R.;AS;unknown;9;;1544788;1546277.888888888888888888889;1481449;1599211;;;;;Sin dato;;;;;;;;;https://dinem.magyp.gob.ar/dinem_fas.cfas_all.aspx;2026-10-09T14:33:11.160960Z;42d17e3943d77cc2d9822f7a82929291efc6d0e49f629813d6a904009933fe72;2026-10-09T143311160960Z_934fd5282475484fb1f6e69510c846f3;magyp-references-v1;"Mediana de días capturados; mes parcial, sin interpolar"
semaforo;2025-10-31;2025-10;Sorgo;MAGyP;Argentina / paridad teórica;FAS teórico D.E.R.;ARS;TN;mensual;D.E.R.;6eb9b249b34bc053e10e59691f28c2b6f9895ab179386bae0467a99b39d6ebb5;3c41c9d8612723e19d4fb344837c82dc65ccf73caf459d9849fe3429c8adef36;da819a28db352dd64fecf9912b37371ad9e198b7dcd455ea729978768824b317;242698;242698;positive;;;;D.E.R.;SOR;contextual;9;;246924;248229.7777777777777777777778;241008;257512;;;;;Sin dato;;;;;;;;;https://dinem.magyp.gob.ar/dinem_fas.cfas_all.aspx;2026-10-09T14:33:11.160960Z;42d17e3943d77cc2d9822f7a82929291efc6d0e49f629813d6a904009933fe72;2026-10-09T143311160960Z_934fd5282475484fb1f6e69510c846f3;magyp-references-v1;"Mediana de días capturados; mes parcial, sin interpolar"
semaforo;2025-10-31;2025-10;Maíz;MAGyP;Argentina / paridad teórica;FAS teórico D.E.R.;ARS;TN;mensual;D.E.R.;8dd958feef3b74b392e19ded37936265751d4ea0106c840a71999e83410c1455;23ac6c334f4678dae1eb8818085355b84270883139b1b282e27e23508591d654;b28df52876ca17389dd13c92476671d3ae141992d31f999ac343590bc7243951;275669;275669;positive;;;;D.E.R.;MA;contextual;9;;277341;276931.6666666666666666666667;272395;280468;;;;;Sin dato;;;;;;;;;https://dinem.magyp.gob.ar/dinem_fas.cfas_all.aspx;2026-10-09T14:33:11.160960Z;42d17e3943d77cc2d9822f7a82929291efc6d0e49f629813d6a904009933fe72;2026-10-09T143311160960Z_934fd5282475484fb1f6e69510c846f3;magyp-references-v1;"Mediana de días capturados; mes parcial, sin interpolar"
semaforo;2026-09-30;2026-09;Sorgo;MAGyP;Argentina / paridad teórica;FAS teórico D.E.C.;ARS;TN;mensual;D.E.C.;968ca82ce65f0c4b03b3bf4fbd5f1e40f05a89130024c8972c9f575130aca4ae;585223370e76dea9e640517ea09d2ad39d34676402cd95f705e8a8467fe5df0c;d873e0d503df4e301f414f3f85031222daad7bceb11bae3495044c9e6881edd3;276929;276929;positive;;;;D.E.C.;SOR;contextual;3;;277847;277724.6666666666666666666667;276929;278398;;;;;Sin dato;;;;;;;;;https://dinem.magyp.gob.ar/dinem_fas.cfas_all.aspx;2026-10-09T14:33:11.160960Z;42d17e3943d77cc2d9822f7a82929291efc6d0e49f629813d6a904009933fe72;2026-10-09T143311160960Z_934fd5282475484fb1f6e69510c846f3;magyp-references-v1;"Mediana de días capturados; mes parcial, sin interpolar"
semaforo;2026-10-08;2026-10;Sorgo;MAGyP;Argentina / paridad teórica;FAS teórico D.E.C.;ARS;TN;mensual;D.E.C.;968ca82ce65f0c4b03b3bf4fbd5f1e40f05a89130024c8972c9f575130aca4ae;4e4ec5b912b8534af9b32ab38ae947cec32f2a0b72f93bed68aaf62f9fa9fe13;2d94283a0ac7fa3a4d8b03b9968006d4d6fa6bdb4dada6f085ab7bd431a43610;276745;276745;positive;;;;D.E.C.;SOR;contextual;6;;277480;277418.6666666666666666666667;276745;278398;-0.1320870838986924458424960500;;;;Estable;;;;;;;;;https://dinem.magyp.gob.ar/dinem_fas.cfas_all.aspx;2026-10-09T14:33:11.160960Z;42d17e3943d77cc2d9822f7a82929291efc6d0e49f629813d6a904009933fe72;2026-10-09T143311160960Z_934fd5282475484fb1f6e69510c846f3;magyp-references-v1;"Mediana de días capturados; mes parcial, sin interpolar"
semaforo;2025-10-31;2025-10;Cebada C.;MAGyP;Argentina / paridad teórica;FAS teórico D.E.R.;ARS;TN;mensual;D.E.R.;9ee064ab74d324691e882d38c8156c7d7b40836ba76eda0e10d2be7cb267ed8c;714b82ad0fd2fd3fb017500d76e839a5188559647805a8949403076d391b867a;7868981c637cd4c428732c83e9dc5f8337ef85f36d49cc9ed6a8c8b19a8e5843;318433;318433;positive;;;;D.E.R.;CEBC;contextual;9;;323977;324980.4444444444444444444444;316216;335732;;;;;Sin dato;;;;;;;;;https://dinem.magyp.gob.ar/dinem_fas.cfas_all.aspx;2026-10-09T14:33:11.160960Z;42d17e3943d77cc2d9822f7a82929291efc6d0e49f629813d6a904009933fe72;2026-10-09T143311160960Z_934fd5282475484fb1f6e69510c846f3;magyp-references-v1;"Mediana de días capturados; mes parcial, sin interpolar"
semaforo;2025-10-31;2025-10;Ac.Girasol;MAGyP;Argentina / paridad teórica;FAS teórico D.E.R.;Sin identificar;Sin identificar;mensual;D.E.R.;a20b8bafe941a8f2056bcd7861a4ffe7448272fdd45b3660b132f2309d84341e;c7d67996df0584578bf5f3bc1338dec45d0527b8d57161c2e3fdda7380d72ce4;a3975c6f419da6fc3d87ae6bc9b8697859f1e8c6be0d82a77f16ffe5472be339;1721793;1721793;positive;;;;D.E.R.;AG;unknown;9;;1759619;1755787.555555555555555555556;1718165;1793021;;;;;Sin dato;;;;;;;;;https://dinem.magyp.gob.ar/dinem_fas.cfas_all.aspx;2026-10-09T14:33:11.160960Z;42d17e3943d77cc2d9822f7a82929291efc6d0e49f629813d6a904009933fe72;2026-10-09T143311160960Z_934fd5282475484fb1f6e69510c846f3;magyp-references-v1;"Mediana de días capturados; mes parcial, sin interpolar"
semaforo;2026-09-30;2026-09;Cebada C.;MAGyP;Argentina / paridad teórica;FAS teórico D.E.C.;ARS;TN;mensual;D.E.C.;a9cefab693afdaa3e3c7a243a7a7102999de1c1e5876cf759dc61935f2020457;e483475c35b4b280c2f27b2399018b59af8f1d3f579992a289686ffdfd061213;e130493784ca360ba5d12db29149d883dbbfb83735cc22a298ee2487d7850f74;354636;354636;positive;;;;D.E.C.;CEBC;contextual;3;;355812;355655.3333333333333333333333;354636;356518;;;;;Sin dato;;;;;;;;;https://dinem.magyp.gob.ar/dinem_fas.cfas_all.aspx;2026-10-09T14:33:11.160960Z;42d17e3943d77cc2d9822f7a82929291efc6d0e49f629813d6a904009933fe72;2026-10-09T143311160960Z_934fd5282475484fb1f6e69510c846f3;magyp-references-v1;"Mediana de días capturados; mes parcial, sin interpolar"
semaforo;2026-10-08;2026-10;Cebada C.;MAGyP;Argentina / paridad teórica;FAS teórico D.E.C.;ARS;TN;mensual;D.E.C.;a9cefab693afdaa3e3c7a243a7a7102999de1c1e5876cf759dc61935f2020457;0d2292f15b3ca5c01256127f77270afbdc0b0c13b1051fa512370a4fd0a0655f;89c26f211c79fe731fede24c1d3297af19221b5194dd332e95d8df110498f5ef;354401;354401;positive;;;;D.E.C.;CEBC;contextual;6;;355342;355263.5;354401;356518;-0.1320922284802086495115398000;;;;Estable;;;;;;;;;https://dinem.magyp.gob.ar/dinem_fas.cfas_all.aspx;2026-10-09T14:33:11.160960Z;42d17e3943d77cc2d9822f7a82929291efc6d0e49f629813d6a904009933fe72;2026-10-09T143311160960Z_934fd5282475484fb1f6e69510c846f3;magyp-references-v1;"Mediana de días capturados; mes parcial, sin interpolar"
semaforo;2025-10-31;2025-10;Girasol;MAGyP;Argentina / paridad teórica;FAS teórico D.E.R.;ARS;TN;mensual;D.E.R.;b3fcb5a8b8242039df431e0cebc8389860bdb6cce0642282ba070f4d9e8bdf08;a2b7622128323b22f4e218f482cb84798ecdf091b657c32fab0577ef3ab7b4d8;f855f347f73d99f7e80b1631e5dad7cf4936d297c91280b49151df341b96518f;551539;551539;positive;;;;D.E.R.;GI;contextual;9;;563598;562750.3333333333333333333333;550579;574796;;;;;Sin dato;;;;;;;;;https://dinem.magyp.gob.ar/dinem_fas.cfas_all.aspx;2026-10-09T14:33:11.160960Z;42d17e3943d77cc2d9822f7a82929291efc6d0e49f629813d6a904009933fe72;2026-10-09T143311160960Z_934fd5282475484fb1f6e69510c846f3;magyp-references-v1;"Mediana de días capturados; mes parcial, sin interpolar"
semaforo;2026-09-30;2026-09;Trigo Pan;MAGyP;Argentina / paridad teórica;FAS teórico D.E.C.;ARS;TN;mensual;D.E.C.;bb505e9f57f8a2d148b6824496be7ea4474e1baf233aad319b53f13658d09469;a29bf1ae3126bce256013289986be56ef21fccf34605cc74a5fbdd6a20c24e62;87d7fbb5d1af7c022a94ea48de529cbc680e21e0f003bb739523d85dc3ed0025;330192;330192;positive;;;;D.E.C.;TP;contextual;3;;338186;336204.6666666666666666666667;330192;340236;;;;;Sin dato;;;;;;;;;https://dinem.magyp.gob.ar/dinem_fas.cfas_all.aspx;2026-10-09T14:33:11.160960Z;42d17e3943d77cc2d9822f7a82929291efc6d0e49f629813d6a904009933fe72;2026-10-09T143311160960Z_934fd5282475484fb1f6e69510c846f3;magyp-references-v1;"Mediana de días capturados; mes parcial, sin interpolar"
semaforo;2026-10-08;2026-10;Trigo Pan;MAGyP;Argentina / paridad teórica;FAS teórico D.E.C.;ARS;TN;mensual;D.E.C.;bb505e9f57f8a2d148b6824496be7ea4474e1baf233aad319b53f13658d09469;2a03c3a619fe52a9fe3870832af167810cb2165f86341c31e9a265e69dfa10ad;64bd0893eb5af5a7e6356bf0f4594cba864816d6f74931f67dd582f8fc054d45;328586;328586;positive;;;;D.E.C.;TP;contextual;6;;328885;329390.6666666666666666666667;326693;334324;-2.750261690312431620469209250;;;;Estable;;;;;;;;;https://dinem.magyp.gob.ar/dinem_fas.cfas_all.aspx;2026-10-09T14:33:11.160960Z;42d17e3943d77cc2d9822f7a82929291efc6d0e49f629813d6a904009933fe72;2026-10-09T143311160960Z_934fd5282475484fb1f6e69510c846f3;magyp-references-v1;"Mediana de días capturados; mes parcial, sin interpolar"
semaforo;2025-10-31;2025-10;Trigo Pan;MAGyP;Argentina / paridad teórica;FAS teórico D.E.R.;ARS;TN;mensual;D.E.R.;ea2d46d37b95e95a5bfe5ddbe8cef74d052224359a498a5321afd62568648b89;9453b4281e3a45fce60ee7dacd30d67a31ce046ed94d001558614d869ec23883;ef4d234dac0845ac213aa160320e80913aa59edec1d5cf6da45eaeb29d03f442;281140;281140;positive;;;;D.E.R.;TP;contextual;9;;286035;285476.1111111111111111111111;279770;291795;;;;;Sin dato;;;;;;;;;https://dinem.magyp.gob.ar/dinem_fas.cfas_all.aspx;2026-10-09T14:33:11.160960Z;42d17e3943d77cc2d9822f7a82929291efc6d0e49f629813d6a904009933fe72;2026-10-09T143311160960Z_934fd5282475484fb1f6e69510c846f3;magyp-references-v1;"Mediana de días capturados; mes parcial, sin interpolar"
diario;2025-10-21;2025-10;Soja;MAGyP;Argentina / paridad teórica;FAS teórico D.E.R.;ARS;TN;diaria;D.E.R.;38eec92ea27e9522db61afaee52ea98e646bf7b7de9394c7341bb60068e96fc1;1f932b682f6e20c5f8712eb87e361657b36bb5ad5ab70983505089097b2a57d9;924499fd0a48d7181914263c5d18a7ac57e382930f2d9cd51a823197d6d1ea02;598847;598847;positive;;;;D.E.R.;SO;contextual;1;;598847;598847;598847;598847;;;;;;;;;;;;;;https://dinem.magyp.gob.ar/dinem_fas.cfas_all.aspx;2026-10-09T14:33:11.160960Z;42d17e3943d77cc2d9822f7a82929291efc6d0e49f629813d6a904009933fe72;2026-10-09T143311160960Z_934fd5282475484fb1f6e69510c846f3;magyp-references-v1;
diario;2025-10-21;2025-10;Cebada F.;MAGyP;Argentina / paridad teórica;FAS teórico D.E.R.;ARS;TN;diaria;D.E.R.;427733d52eaf9325db9e9acae6911e257ed2de809220176d7808a99a2ab98012;aa89f488ff6782e7d263766e03f0be6c3afeb306b3e223f762f7d6fcac354e05;9735ff97e0ef3eccd51f850fe5cba1e75311982f318b35908d95388c7c67b061;289079;289079;positive;;;;D.E.R.;CEBF;contextual;1;;289079;289079;289079;289079;;;;;;;;;;;;;;https://dinem.magyp.gob.ar/dinem_fas.cfas_all.aspx;2026-10-09T14:33:11.160960Z;42d17e3943d77cc2d9822f7a82929291efc6d0e49f629813d6a904009933fe72;2026-10-09T143311160960Z_934fd5282475484fb1f6e69510c846f3;magyp-references-v1;
diario;2025-10-21;2025-10;Ac.Soja;MAGyP;Argentina / paridad teórica;FAS teórico D.E.R.;Sin identificar;Sin identificar;diaria;D.E.R.;5f27063d7fd2b20ba0ec900c07418f27feef12b2353c7ed889645f4ab29fcdbb;ad7fe49b3113e18f4e4f1fb33ee9a2254f7129dd867db7ab73b790277e0fb295;29530c8b059b5f80ab38b7ea4cba49259eefca9955adaea0c08dd447eef6fa36;1599211;1599211;positive;;;;D.E.R.;AS;unknown;1;;1599211;1599211;1599211;1599211;;;;;;;;;;;;;;https://dinem.magyp.gob.ar/dinem_fas.cfas_all.aspx;2026-10-09T14:33:11.160960Z;42d17e3943d77cc2d9822f7a82929291efc6d0e49f629813d6a904009933fe72;2026-10-09T143311160960Z_934fd5282475484fb1f6e69510c846f3;magyp-references-v1;
diario;2025-10-21;2025-10;Sorgo;MAGyP;Argentina / paridad teórica;FAS teórico D.E.R.;ARS;TN;diaria;D.E.R.;6eb9b249b34bc053e10e59691f28c2b6f9895ab179386bae0467a99b39d6ebb5;57c2f4c91c81ea2ccdef29bf5a582aa4c1c741438f7e1e8a46d4b48f8d4a0270;128fe0be8bf42859aa161594a249dc9fdc2923157ec677b54939e4644aca5b60;257512;257512;positive;;;;D.E.R.;SOR;contextual;1;;257512;257512;257512;257512;;;;;;;;;;;;;;https://dinem.magyp.gob.ar/dinem_fas.cfas_all.aspx;2026-10-09T14:33:11.160960Z;42d17e3943d77cc2d9822f7a82929291efc6d0e49f629813d6a904009933fe72;2026-10-09T143311160960Z_934fd5282475484fb1f6e69510c846f3;magyp-references-v1;
diario;2025-10-21;2025-10;Maíz;MAGyP;Argentina / paridad teórica;FAS teórico D.E.R.;ARS;TN;diaria;D.E.R.;8dd958feef3b74b392e19ded37936265751d4ea0106c840a71999e83410c1455;3682f8067509745d2347e99ccde55e5021dc23deacae0b8869aaffb8bcedbdcb;4a58f7effc52bcc7139c0e252782e95b433f0e9401e7209e8c1772d7833086de;277341;277341;positive;;;;D.E.R.;MA;contextual;1;;277341;277341;277341;277341;;;;;;;;;;;;;;https://dinem.magyp.gob.ar/dinem_fas.cfas_all.aspx;2026-10-09T14:33:11.160960Z;42d17e3943d77cc2d9822f7a82929291efc6d0e49f629813d6a904009933fe72;2026-10-09T143311160960Z_934fd5282475484fb1f6e69510c846f3;magyp-references-v1;
diario;2025-10-21;2025-10;Cebada C.;MAGyP;Argentina / paridad teórica;FAS teórico D.E.R.;ARS;TN;diaria;D.E.R.;9ee064ab74d324691e882d38c8156c7d7b40836ba76eda0e10d2be7cb267ed8c;f886e0054ad1dc459f886865db0f90b283b8a3ce3bee6a32b5e0fa624456884c;468c9e35c8746c966b89f84a7a8192a52015db33ab7f4c6c432ffdccd74ca43a;335732;335732;positive;;;;D.E.R.;CEBC;contextual;1;;335732;335732;335732;335732;;;;;;;;;;;;;;https://dinem.magyp.gob.ar/dinem_fas.cfas_all.aspx;2026-10-09T14:33:11.160960Z;42d17e3943d77cc2d9822f7a82929291efc6d0e49f629813d6a904009933fe72;2026-10-09T143311160960Z_934fd5282475484fb1f6e69510c846f3;magyp-references-v1;
diario;2025-10-21;2025-10;Ac.Girasol;MAGyP;Argentina / paridad teórica;FAS teórico D.E.R.;Sin identificar;Sin identificar;diaria;D.E.R.;a20b8bafe941a8f2056bcd7861a4ffe7448272fdd45b3660b132f2309d84341e;3168b85012af76b05971fe451bf871960b34c7e3c88259956574b17f79882f00;84bb47886c37402259668278eb2b518de7877b9cffc11c455e9c7534720c7bcd;1784387;1784387;positive;;;;D.E.R.;AG;unknown;1;;1784387;1784387;1784387;1784387;;;;;;;;;;;;;;https://dinem.magyp.gob.ar/dinem_fas.cfas_all.aspx;2026-10-09T14:33:11.160960Z;42d17e3943d77cc2d9822f7a82929291efc6d0e49f629813d6a904009933fe72;2026-10-09T143311160960Z_934fd5282475484fb1f6e69510c846f3;magyp-references-v1;
diario;2025-10-21;2025-10;Girasol;MAGyP;Argentina / paridad teórica;FAS teórico D.E.R.;ARS;TN;diaria;D.E.R.;b3fcb5a8b8242039df431e0cebc8389860bdb6cce0642282ba070f4d9e8bdf08;dfe97393f67b518b5c4144b6a3e19e939122f193499350ca3fe66b0b6055f632;2317775dce6c67f90c527b3f0265015e87500ef982e812ad6cce80204dc98e1a;571800;571800;positive;;;;D.E.R.;GI;contextual;1;;571800;571800;571800;571800;;;;;;;;;;;;;;https://dinem.magyp.gob.ar/dinem_fas.cfas_all.aspx;2026-10-09T14:33:11.160960Z;42d17e3943d77cc2d9822f7a82929291efc6d0e49f629813d6a904009933fe72;2026-10-09T143311160960Z_934fd5282475484fb1f6e69510c846f3;magyp-references-v1;
diario;2025-10-21;2025-10;Trigo Pan;MAGyP;Argentina / paridad teórica;FAS teórico D.E.R.;ARS;TN;diaria;D.E.R.;ea2d46d37b95e95a5bfe5ddbe8cef74d052224359a498a5321afd62568648b89;ba094183be7c3ac58ae468aaa69287dfbc079327418a2263524bdfb7b83d147b;0584393a5e41bf950a8d749cc7a4366663de512e6ff401984fb4a8e3f3e2f317;291598;291598;positive;;;;D.E.R.;TP;contextual;1;;291598;291598;291598;291598;;;;;;;;;;;;;;https://dinem.magyp.gob.ar/dinem_fas.cfas_all.aspx;2026-10-09T14:33:11.160960Z;42d17e3943d77cc2d9822f7a82929291efc6d0e49f629813d6a904009933fe72;2026-10-09T143311160960Z_934fd5282475484fb1f6e69510c846f3;magyp-references-v1;
diario;2025-10-22;2025-10;Soja;MAGyP;Argentina / paridad teórica;FAS teórico D.E.R.;ARS;TN;diaria;D.E.R.;38eec92ea27e9522db61afaee52ea98e646bf7b7de9394c7341bb60068e96fc1;3a8ee9be2b33485c1696b7d843f1013e0271ab4fa0ac3f2fc66d32774c14d499;88b61fd5d57d034e53942a2546d2eeab00d1ff440553128bc9a7d226fbfb3b7c;597861;597861;positive;;;;D.E.R.;SO;contextual;1;;597861;597861;597861;597861;;;;;;;;;;;;;;https://dinem.magyp.gob.ar/dinem_fas.cfas_all.aspx;2026-10-09T14:33:11.160960Z;42d17e3943d77cc2d9822f7a82929291efc6d0e49f629813d6a904009933fe72;2026-10-09T143311160960Z_934fd5282475484fb1f6e69510c846f3;magyp-references-v1;
diario;2025-10-22;2025-10;Cebada F.;MAGyP;Argentina / paridad teórica;FAS teórico D.E.R.;ARS;TN;diaria;D.E.R.;427733d52eaf9325db9e9acae6911e257ed2de809220176d7808a99a2ab98012;becfdfa8379dd901b7c6a1d6e5084baca028a730bb36a6f80339833c39b53ba2;5ff766efe3adac919cba3ce55c054fe9e376cc960a715be006ebd4be5e70f3b6;288689;288689;positive;;;;D.E.R.;CEBF;contextual;1;;288689;288689;288689;288689;;;;;;;;;;;;;;https://dinem.magyp.gob.ar/dinem_fas.cfas_all.aspx;2026-10-09T14:33:11.160960Z;42d17e3943d77cc2d9822f7a82929291efc6d0e49f629813d6a904009933fe72;2026-10-09T143311160960Z_934fd5282475484fb1f6e69510c846f3;magyp-references-v1;
diario;2025-10-22;2025-10;Ac.Soja;MAGyP;Argentina / paridad teórica;FAS teórico D.E.R.;Sin identificar;Sin identificar;diaria;D.E.R.;5f27063d7fd2b20ba0ec900c07418f27feef12b2353c7ed889645f4ab29fcdbb;48a6d3109321649d8739abfbc43d29ea98f8b8da193dadcebc1acfa28fbe15aa;decd54465f12a5419db2a7a6271e96789535ab33edd2bc0e8e1899e182f2b150;1573654;1573654;positive;;;;D.E.R.;AS;unknown;1;;1573654;1573654;1573654;1573654;;;;;;;;;;;;;;https://dinem.magyp.gob.ar/dinem_fas.cfas_all.aspx;2026-10-09T14:33:11.160960Z;42d17e3943d77cc2d9822f7a82929291efc6d0e49f629813d6a904009933fe72;2026-10-09T143311160960Z_934fd5282475484fb1f6e69510c846f3;magyp-references-v1;
diario;2025-10-22;2025-10;Sorgo;MAGyP;Argentina / paridad teórica;FAS teórico D.E.R.;ARS;TN;diaria;D.E.R.;6eb9b249b34bc053e10e59691f28c2b6f9895ab179386bae0467a99b39d6ebb5;d068ffe7957d3d2377051e68d58ed78c2b2c9872bee57301c3bf4c377affa80c;069935fb631c6092c9914d8f08ceffb969367c9c0927734d691d01abd41aab52;257165;257165;positive;;;;D.E.R.;SOR;contextual;1;;257165;257165;257165;257165;;;;;;;;;;;;;;https://dinem.magyp.gob.ar/dinem_fas.cfas_all.aspx;2026-10-09T14:33:11.160960Z;42d17e3943d77cc2d9822f7a82929291efc6d0e49f629813d6a904009933fe72;2026-10-09T143311160960Z_934fd5282475484fb1f6e69510c846f3;magyp-references-v1;
diario;2025-10-22;2025-10;Maíz;MAGyP;Argentina / paridad teórica;FAS teórico D.E.R.;ARS;TN;diaria;D.E.R.;8dd958feef3b74b392e19ded37936265751d4ea0106c840a71999e83410c1455;d113c9aafeb6b6629e867d09dcdd76132a6e15522e06905acc5e438c3e409099;8f9ad581773ab6ca9dbb81d223c02b143f5b84230fb7a039590115a1d0bc9d12;279838;279838;positive;;;;D.E.R.;MA;contextual;1;;279838;279838;279838;279838;;;;;;;;;;;;;;https://dinem.magyp.gob.ar/dinem_fas.cfas_all.aspx;2026-10-09T14:33:11.160960Z;42d17e3943d77cc2d9822f7a82929291efc6d0e49f629813d6a904009933fe72;2026-10-09T143311160960Z_934fd5282475484fb1f6e69510c846f3;magyp-references-v1;
diario;2025-10-22;2025-10;Cebada C.;MAGyP;Argentina / paridad teórica;FAS teórico D.E.R.;ARS;TN;diaria;D.E.R.;9ee064ab74d324691e882d38c8156c7d7b40836ba76eda0e10d2be7cb267ed8c;54e845a9970aeae8b03fc6d1f324d2dedbcbb9a8140709c7817cb0b8a3ad8d09;8328f6e2805db4904447e538daa3de7c6743bafae199a566d56981626f351d58;335279;335279;positive;;;;D.E.R.;CEBC;contextual;1;;335279;335279;335279;335279;;;;;;;;;;;;;;https://dinem.magyp.gob.ar/dinem_fas.cfas_all.aspx;2026-10-09T14:33:11.160960Z;42d17e3943d77cc2d9822f7a82929291efc6d0e49f629813d6a904009933fe72;2026-10-09T143311160960Z_934fd5282475484fb1f6e69510c846f3;magyp-references-v1;
diario;2025-10-22;2025-10;Ac.Girasol;MAGyP;Argentina / paridad teórica;FAS teórico D.E.R.;Sin identificar;Sin identificar;diaria;D.E.R.;a20b8bafe941a8f2056bcd7861a4ffe7448272fdd45b3660b132f2309d84341e;40946beab105d39d003d6c2bc59be1dc44c08521b6ac3b887603eb48348d0966;f35458ddfbcfdfec8df88bb95150e444c6b622b741c5eba74d0dbb91d788c158;1787929;1787929;positive;;;;D.E.R.;AG;unknown;1;;1787929;1787929;1787929;1787929;;;;;;;;;;;;;;https://dinem.magyp.gob.ar/dinem_fas.cfas_all.aspx;2026-10-09T14:33:11.160960Z;42d17e3943d77cc2d9822f7a82929291efc6d0e49f629813d6a904009933fe72;2026-10-09T143311160960Z_934fd5282475484fb1f6e69510c846f3;magyp-references-v1;
diario;2025-10-22;2025-10;Girasol;MAGyP;Argentina / paridad teórica;FAS teórico D.E.R.;ARS;TN;diaria;D.E.R.;b3fcb5a8b8242039df431e0cebc8389860bdb6cce0642282ba070f4d9e8bdf08;8f01c3fb2453b947301a4c46607e3603e35d0e9ec4f08ac0af3392f5d4e3303c;89a16749c8a7e96e93712211945978915b92612d390aaa90c1aa79b9a0856e8f;573115;573115;positive;;;;D.E.R.;GI;contextual;1;;573115;573115;573115;573115;;;;;;;;;;;;;;https://dinem.magyp.gob.ar/dinem_fas.cfas_all.aspx;2026-10-09T14:33:11.160960Z;42d17e3943d77cc2d9822f7a82929291efc6d0e49f629813d6a904009933fe72;2026-10-09T143311160960Z_934fd5282475484fb1f6e69510c846f3;magyp-references-v1;
diario;2025-10-22;2025-10;Trigo Pan;MAGyP;Argentina / paridad teórica;FAS teórico D.E.R.;ARS;TN;diaria;D.E.R.;ea2d46d37b95e95a5bfe5ddbe8cef74d052224359a498a5321afd62568648b89;a4610cee1fe7c34362a0c6be30fd2afe11fd995f6dc5c68fd10a478b6358b161;8dd7744fdc205408f3d671c74b936e5f30f9252b126e0690c896098f157040ff;291205;291205;positive;;;;D.E.R.;TP;contextual;1;;291205;291205;291205;291205;;;;;;;;;;;;;;https://dinem.magyp.gob.ar/dinem_fas.cfas_all.aspx;2026-10-09T14:33:11.160960Z;42d17e3943d77cc2d9822f7a82929291efc6d0e49f629813d6a904009933fe72;2026-10-09T143311160960Z_934fd5282475484fb1f6e69510c846f3;magyp-references-v1;
diario;2025-10-23;2025-10;Soja;MAGyP;Argentina / paridad teórica;FAS teórico D.E.R.;ARS;TN;diaria;D.E.R.;38eec92ea27e9522db61afaee52ea98e646bf7b7de9394c7341bb60068e96fc1;3c436313da8b50e0c420cdb90d6aed7e73aab4b80a1585917064b179eda629da;541099678d795d66483fe738da594b959188020a0ca935ea92a7f1999fa55458;601524;601524;positive;;;;D.E.R.;SO;contextual;1;;601524;601524;601524;601524;;;;;;;;;;;;;;https://dinem.magyp.gob.ar/dinem_fas.cfas_all.aspx;2026-10-09T14:33:11.160960Z;42d17e3943d77cc2d9822f7a82929291efc6d0e49f629813d6a904009933fe72;2026-10-09T143311160960Z_934fd5282475484fb1f6e69510c846f3;magyp-references-v1;
diario;2025-10-23;2025-10;Cebada F.;MAGyP;Argentina / paridad teórica;FAS teórico D.E.R.;ARS;TN;diaria;D.E.R.;427733d52eaf9325db9e9acae6911e257ed2de809220176d7808a99a2ab98012;e67da39a7fd9ea7fdd2fa27cf76926869f86e6d5027be3cc49ad41cf5e18339f;e9a3866450f80b88d7f26431834ab93e61b2f13a509ed3f9f426eb6fd3682c87;286738;286738;positive;;;;D.E.R.;CEBF;contextual;1;;286738;286738;286738;286738;;;;;;;;;;;;;;https://dinem.magyp.gob.ar/dinem_fas.cfas_all.aspx;2026-10-09T14:33:11.160960Z;42d17e3943d77cc2d9822f7a82929291efc6d0e49f629813d6a904009933fe72;2026-10-09T143311160960Z_934fd5282475484fb1f6e69510c846f3;magyp-references-v1;
diario;2025-10-23;2025-10;Ac.Soja;MAGyP;Argentina / paridad teórica;FAS teórico D.E.R.;Sin identificar;Sin identificar;diaria;D.E.R.;5f27063d7fd2b20ba0ec900c07418f27feef12b2353c7ed889645f4ab29fcdbb;cf42fa66e5b7c1581bcb587cf21b8dedd2935134200c7b9142887a89b07ff1ac;bdc9f64e7b0adbf5f427703d8ded4d776f6afebd3c325bf92417c0313b68183a;1581896;1581896;positive;;;;D.E.R.;AS;unknown;1;;1581896;1581896;1581896;1581896;;;;;;;;;;;;;;https://dinem.magyp.gob.ar/dinem_fas.cfas_all.aspx;2026-10-09T14:33:11.160960Z;42d17e3943d77cc2d9822f7a82929291efc6d0e49f629813d6a904009933fe72;2026-10-09T143311160960Z_934fd5282475484fb1f6e69510c846f3;magyp-references-v1;
diario;2025-10-23;2025-10;Sorgo;MAGyP;Argentina / paridad teórica;FAS teórico D.E.R.;ARS;TN;diaria;D.E.R.;6eb9b249b34bc053e10e59691f28c2b6f9895ab179386bae0467a99b39d6ebb5;514aed7f26e08c54d1db472b334e7ef47b0ba9f4331bb57b90e7d00679114343;d3e45297e6f2169707217c0e91002995c2f24a242fea7107cc1f580102039fcb;255427;255427;positive;;;;D.E.R.;SOR;contextual;1;;255427;255427;255427;255427;;;;;;;;;;;;;;https://dinem.magyp.gob.ar/dinem_fas.cfas_all.aspx;2026-10-09T14:33:11.160960Z;42d17e3943d77cc2d9822f7a82929291efc6d0e49f629813d6a904009933fe72;2026-10-09T143311160960Z_934fd5282475484fb1f6e69510c846f3;magyp-references-v1;
diario;2025-10-23;2025-10;Maíz;MAGyP;Argentina / paridad teórica;FAS teórico D.E.R.;ARS;TN;diaria;D.E.R.;8dd958feef3b74b392e19ded37936265751d4ea0106c840a71999e83410c1455;976e9ee5cc67f9c2b7278d52a6a474ff4d19c7adb48cf124cb1cd10e4dd89aed;4810a83591cf59e8fc4554dce3ea8074a25bb1e0ab096d0cd7734cc7bdbc4428;279359;279359;positive;;;;D.E.R.;MA;contextual;1;;279359;279359;279359;279359;;;;;;;;;;;;;;https://dinem.magyp.gob.ar/dinem_fas.cfas_all.aspx;2026-10-09T14:33:11.160960Z;42d17e3943d77cc2d9822f7a82929291efc6d0e49f629813d6a904009933fe72;2026-10-09T143311160960Z_934fd5282475484fb1f6e69510c846f3;magyp-references-v1;
diario;2025-10-23;2025-10;Cebada C.;MAGyP;Argentina / paridad teórica;FAS teórico D.E.R.;ARS;TN;diaria;D.E.R.;9ee064ab74d324691e882d38c8156c7d7b40836ba76eda0e10d2be7cb267ed8c;2f9f974f06b9af9bb08c211fffd423574715308f492e274cfc7f727909f0834a;a6f111ab5f5b0aed39db0af720688ae4882a78c1124e83c8a6a478b9fb20bfd5;333014;333014;positive;;;;D.E.R.;CEBC;contextual;1;;333014;333014;333014;333014;;;;;;;;;;;;;;https://dinem.magyp.gob.ar/dinem_fas.cfas_all.aspx;2026-10-09T14:33:11.160960Z;42d17e3943d77cc2d9822f7a82929291efc6d0e49f629813d6a904009933fe72;2026-10-09T143311160960Z_934fd5282475484fb1f6e69510c846f3;magyp-references-v1;
diario;2025-10-23;2025-10;Ac.Girasol;MAGyP;Argentina / paridad teórica;FAS teórico D.E.R.;Sin identificar;Sin identificar;diaria;D.E.R.;a20b8bafe941a8f2056bcd7861a4ffe7448272fdd45b3660b132f2309d84341e;7e25ccc71313aa41082d40b394fdc21ff889953600084e0f633e51cf7233e705;c52849ab44bdea585281345f8d9d28ed81165f913e4873cdb1d1aebd2bf0f60c;1759619;1759619;positive;;;;D.E.R.;AG;unknown;1;;1759619;1759619;1759619;1759619;;;;;;;;;;;;;;https://dinem.magyp.gob.ar/dinem_fas.cfas_all.aspx;2026-10-09T14:33:11.160960Z;42d17e3943d77cc2d9822f7a82929291efc6d0e49f629813d6a904009933fe72;2026-10-09T143311160960Z_934fd5282475484fb1f6e69510c846f3;magyp-references-v1;
diario;2025-10-23;2025-10;Girasol;MAGyP;Argentina / paridad teórica;FAS teórico D.E.R.;ARS;TN;diaria;D.E.R.;b3fcb5a8b8242039df431e0cebc8389860bdb6cce0642282ba070f4d9e8bdf08;903a5aec2de104c8c1a095c95a6f1b611f27f50499233cb425fd10a8bc949218;af57d31ea774df4d1637d610aecfc70d94489752b8182a2712de1dddf8b65c74;563598;563598;positive;;;;D.E.R.;GI;contextual;1;;563598;563598;563598;563598;;;;;;;;;;;;;;https://dinem.magyp.gob.ar/dinem_fas.cfas_all.aspx;2026-10-09T14:33:11.160960Z;42d17e3943d77cc2d9822f7a82929291efc6d0e49f629813d6a904009933fe72;2026-10-09T143311160960Z_934fd5282475484fb1f6e69510c846f3;magyp-references-v1;
diario;2025-10-23;2025-10;Trigo Pan;MAGyP;Argentina / paridad teórica;FAS teórico D.E.R.;ARS;TN;diaria;D.E.R.;ea2d46d37b95e95a5bfe5ddbe8cef74d052224359a498a5321afd62568648b89;c4ee336a0648f01d139eb0ccc6b5a03e627581a4e28fd153e394bdfbd25cdf49;bfed838cf966faa5d15f61d08b495e16d45260249c0c5995283d4970062b795c;286385;286385;positive;;;;D.E.R.;TP;contextual;1;;286385;286385;286385;286385;;;;;;;;;;;;;;https://dinem.magyp.gob.ar/dinem_fas.cfas_all.aspx;2026-10-09T14:33:11.160960Z;42d17e3943d77cc2d9822f7a82929291efc6d0e49f629813d6a904009933fe72;2026-10-09T143311160960Z_934fd5282475484fb1f6e69510c846f3;magyp-references-v1;
diario;2025-10-24;2025-10;Soja;MAGyP;Argentina / paridad teórica;FAS teórico D.E.R.;ARS;TN;diaria;D.E.R.;38eec92ea27e9522db61afaee52ea98e646bf7b7de9394c7341bb60068e96fc1;f61bd64dd506d200e126de34a195eca0e4734659dbdf5608cb6575db63f0707b;70551eca00fda2757fb49370a713a345bc12374c1c74cfc674271ede2f0148de;606992;606992;positive;;;;D.E.R.;SO;contextual;1;;606992;606992;606992;606992;;;;;;;;;;;;;;https://dinem.magyp.gob.ar/dinem_fas.cfas_all.aspx;2026-10-09T14:33:11.160960Z;42d17e3943d77cc2d9822f7a82929291efc6d0e49f629813d6a904009933fe72;2026-10-09T143311160960Z_934fd5282475484fb1f6e69510c846f3;magyp-references-v1;
diario;2025-10-24;2025-10;Cebada F.;MAGyP;Argentina / paridad teórica;FAS teórico D.E.R.;ARS;TN;diaria;D.E.R.;427733d52eaf9325db9e9acae6911e257ed2de809220176d7808a99a2ab98012;25719c83cef8dd35cdb85e9eb30215208a62426db6117aa4995ca0b275a454bd;8010f6d9e6cc40dc93b293c5fb8b8b621800ae479a1c603cf28fdabf94a3e58a;289274;289274;positive;;;;D.E.R.;CEBF;contextual;1;;289274;289274;289274;289274;;;;;;;;;;;;;;https://dinem.magyp.gob.ar/dinem_fas.cfas_all.aspx;2026-10-09T14:33:11.160960Z;42d17e3943d77cc2d9822f7a82929291efc6d0e49f629813d6a904009933fe72;2026-10-09T143311160960Z_934fd5282475484fb1f6e69510c846f3;magyp-references-v1;
diario;2025-10-24;2025-10;Ac.Soja;MAGyP;Argentina / paridad teórica;FAS teórico D.E.R.;Sin identificar;Sin identificar;diaria;D.E.R.;5f27063d7fd2b20ba0ec900c07418f27feef12b2353c7ed889645f4ab29fcdbb;d636c75886b6d60a95bcd33f11e417995306db3e5425261ee99c94c433c9b23c;7259e153b32b08c99658011cc30d577dd330713e2a7e4d6a598d04618760e276;1579766;1579766;positive;;;;D.E.R.;AS;unknown;1;;1579766;1579766;1579766;1579766;;;;;;;;;;;;;;https://dinem.magyp.gob.ar/dinem_fas.cfas_all.aspx;2026-10-09T14:33:11.160960Z;42d17e3943d77cc2d9822f7a82929291efc6d0e49f629813d6a904009933fe72;2026-10-09T143311160960Z_934fd5282475484fb1f6e69510c846f3;magyp-references-v1;
diario;2025-10-24;2025-10;Sorgo;MAGyP;Argentina / paridad teórica;FAS teórico D.E.R.;ARS;TN;diaria;D.E.R.;6eb9b249b34bc053e10e59691f28c2b6f9895ab179386bae0467a99b39d6ebb5;c710fa6be91db06231c8045245fea2abf55958efe1f2a5fee08159de86cc4767;dbcc6d99bc773e5eba6186dd638dc27c486b82d8b62f721da1dda9912b524795;250642;250642;positive;;;;D.E.R.;SOR;contextual;1;;250642;250642;250642;250642;;;;;;;;;;;;;;https://dinem.magyp.gob.ar/dinem_fas.cfas_all.aspx;2026-10-09T14:33:11.160960Z;42d17e3943d77cc2d9822f7a82929291efc6d0e49f629813d6a904009933fe72;2026-10-09T143311160960Z_934fd5282475484fb1f6e69510c846f3;magyp-references-v1;
diario;2025-10-24;2025-10;Maíz;MAGyP;Argentina / paridad teórica;FAS teórico D.E.R.;ARS;TN;diaria;D.E.R.;8dd958feef3b74b392e19ded37936265751d4ea0106c840a71999e83410c1455;591154a5516c74051aba8a58da735698c06a6357f353b1d7f49ec6d3aa440609;d84e1953f848c337447e89dabec5507e278c72f109c55492ca340a409c50b3fd;280406;280406;positive;;;;D.E.R.;MA;contextual;1;;280406;280406;280406;280406;;;;;;;;;;;;;;https://dinem.magyp.gob.ar/dinem_fas.cfas_all.aspx;2026-10-09T14:33:11.160960Z;42d17e3943d77cc2d9822f7a82929291efc6d0e49f629813d6a904009933fe72;2026-10-09T143311160960Z_934fd5282475484fb1f6e69510c846f3;magyp-references-v1;
diario;2025-10-24;2025-10;Cebada C.;MAGyP;Argentina / paridad teórica;FAS teórico D.E.R.;ARS;TN;diaria;D.E.R.;9ee064ab74d324691e882d38c8156c7d7b40836ba76eda0e10d2be7cb267ed8c;32c526b107eb62310718ad1407f5f61f71fb89e1029f5079aab78b1d9dd61b62;923fa81eb844c67ff441a0a0f6d1f75592aa60d69939f580380f6eb5a93183d3;328855;328855;positive;;;;D.E.R.;CEBC;contextual;1;;328855;328855;328855;328855;;;;;;;;;;;;;;https://dinem.magyp.gob.ar/dinem_fas.cfas_all.aspx;2026-10-09T14:33:11.160960Z;42d17e3943d77cc2d9822f7a82929291efc6d0e49f629813d6a904009933fe72;2026-10-09T143311160960Z_934fd5282475484fb1f6e69510c846f3;magyp-references-v1;
diario;2025-10-24;2025-10;Ac.Girasol;MAGyP;Argentina / paridad teórica;FAS teórico D.E.R.;Sin identificar;Sin identificar;diaria;D.E.R.;a20b8bafe941a8f2056bcd7861a4ffe7448272fdd45b3660b132f2309d84341e;e1f7e348db39b6def031314c22c3061fe7da7cbfb07a01d5f736059a2b89ce6b;af7c157aca5371447af86e3ab2a48b52870e91ccae80a3e98b8e14fc66ba4e0d;1793021;1793021;positive;;;;D.E.R.;AG;unknown;1;;1793021;1793021;1793021;1793021;;;;;;;;;;;;;;https://dinem.magyp.gob.ar/dinem_fas.cfas_all.aspx;2026-10-09T14:33:11.160960Z;42d17e3943d77cc2d9822f7a82929291efc6d0e49f629813d6a904009933fe72;2026-10-09T143311160960Z_934fd5282475484fb1f6e69510c846f3;magyp-references-v1;
diario;2025-10-24;2025-10;Girasol;MAGyP;Argentina / paridad teórica;FAS teórico D.E.R.;ARS;TN;diaria;D.E.R.;b3fcb5a8b8242039df431e0cebc8389860bdb6cce0642282ba070f4d9e8bdf08;b41a9f5b14334308388b59ead57e1f293f8c7bebd055cfb961d5fd09f078294b;f7642ff721fe7484df3afb1e63ae3d35f6ea4794a4c9b19cdf45d4d0540b11af;574796;574796;positive;;;;D.E.R.;GI;contextual;1;;574796;574796;574796;574796;;;;;;;;;;;;;;https://dinem.magyp.gob.ar/dinem_fas.cfas_all.aspx;2026-10-09T14:33:11.160960Z;42d17e3943d77cc2d9822f7a82929291efc6d0e49f629813d6a904009933fe72;2026-10-09T143311160960Z_934fd5282475484fb1f6e69510c846f3;magyp-references-v1;
diario;2025-10-24;2025-10;Trigo Pan;MAGyP;Argentina / paridad teórica;FAS teórico D.E.R.;ARS;TN;diaria;D.E.R.;ea2d46d37b95e95a5bfe5ddbe8cef74d052224359a498a5321afd62568648b89;6d120ca33725bc3b7e10613a87c1a450dd0353e96b2929f8038b158442fa0439;16c3ad11651bbb068750a2feedde50136668ba67181237970a1e92c54d155335;291795;291795;positive;;;;D.E.R.;TP;contextual;1;;291795;291795;291795;291795;;;;;;;;;;;;;;https://dinem.magyp.gob.ar/dinem_fas.cfas_all.aspx;2026-10-09T14:33:11.160960Z;42d17e3943d77cc2d9822f7a82929291efc6d0e49f629813d6a904009933fe72;2026-10-09T143311160960Z_934fd5282475484fb1f6e69510c846f3;magyp-references-v1;
diario;2025-10-27;2025-10;Soja;MAGyP;Argentina / paridad teórica;FAS teórico D.E.R.;ARS;TN;diaria;D.E.R.;38eec92ea27e9522db61afaee52ea98e646bf7b7de9394c7341bb60068e96fc1;25aef3d235177bbebc6c9f23f5bc641bc1961bdab388aa737bdccee6d781c589;a8e315f48d32793b1870764bf8614b7d301d8abf053ffa0aaa9095f4a760bd10;590592;590592;positive;;;;D.E.R.;SO;contextual;1;;590592;590592;590592;590592;;;;;;;;;;;;;;https://dinem.magyp.gob.ar/dinem_fas.cfas_all.aspx;2026-10-09T14:33:11.160960Z;42d17e3943d77cc2d9822f7a82929291efc6d0e49f629813d6a904009933fe72;2026-10-09T143311160960Z_934fd5282475484fb1f6e69510c846f3;magyp-references-v1;
diario;2025-10-27;2025-10;Cebada F.;MAGyP;Argentina / paridad teórica;FAS teórico D.E.R.;ARS;TN;diaria;D.E.R.;427733d52eaf9325db9e9acae6911e257ed2de809220176d7808a99a2ab98012;111963d0950ce87b26a8c1ec856898ed5f99e6ad379af6dd4c3041c279ef652b;dc4b39f9bc00366aaa41811f5ce3a757e012c759b991c14e9eafdd9be3d56ef7;278156;278156;positive;;;;D.E.R.;CEBF;contextual;1;;278156;278156;278156;278156;;;;;;;;;;;;;;https://dinem.magyp.gob.ar/dinem_fas.cfas_all.aspx;2026-10-09T14:33:11.160960Z;42d17e3943d77cc2d9822f7a82929291efc6d0e49f629813d6a904009933fe72;2026-10-09T143311160960Z_934fd5282475484fb1f6e69510c846f3;magyp-references-v1;
diario;2025-10-27;2025-10;Ac.Soja;MAGyP;Argentina / paridad teórica;FAS teórico D.E.R.;Sin identificar;Sin identificar;diaria;D.E.R.;5f27063d7fd2b20ba0ec900c07418f27feef12b2353c7ed889645f4ab29fcdbb;9661d8fd11ddd26b56106980d56698adec1008981439f906b199f4f95690d538;e52464700ad12c9c55bf7c05692d03db0d069e1059e935daaf04e7ddd5796a44;1528914;1528914;positive;;;;D.E.R.;AS;unknown;1;;1528914;1528914;1528914;1528914;;;;;;;;;;;;;;https://dinem.magyp.gob.ar/dinem_fas.cfas_all.aspx;2026-10-09T14:33:11.160960Z;42d17e3943d77cc2d9822f7a82929291efc6d0e49f629813d6a904009933fe72;2026-10-09T143311160960Z_934fd5282475484fb1f6e69510c846f3;magyp-references-v1;
diario;2025-10-27;2025-10;Sorgo;MAGyP;Argentina / paridad teórica;FAS teórico D.E.R.;ARS;TN;diaria;D.E.R.;6eb9b249b34bc053e10e59691f28c2b6f9895ab179386bae0467a99b39d6ebb5;146211d95826e6ddfec5adcd8e7dad802e91c4af2056efe58f133c56d53d563a;8692108e515bed38895cce4f40af41644c5af84101760dd80ebce40a28aa919f;241008;241008;positive;;;;D.E.R.;SOR;contextual;1;;241008;241008;241008;241008;;;;;;;;;;;;;;https://dinem.magyp.gob.ar/dinem_fas.cfas_all.aspx;2026-10-09T14:33:11.160960Z;42d17e3943d77cc2d9822f7a82929291efc6d0e49f629813d6a904009933fe72;2026-10-09T143311160960Z_934fd5282475484fb1f6e69510c846f3;magyp-references-v1;
diario;2025-10-27;2025-10;Maíz;MAGyP;Argentina / paridad teórica;FAS teórico D.E.R.;ARS;TN;diaria;D.E.R.;8dd958feef3b74b392e19ded37936265751d4ea0106c840a71999e83410c1455;6c879e08b6d1f07960ee234b88737f3349e595353db3ca872ad6a5939e88fb1c;9eb697b0bf5eeda8c43fc0962e33c7db8660a3e3863ecbe98520b267c4d3062d;272395;272395;positive;;;;D.E.R.;MA;contextual;1;;272395;272395;272395;272395;;;;;;;;;;;;;;https://dinem.magyp.gob.ar/dinem_fas.cfas_all.aspx;2026-10-09T14:33:11.160960Z;42d17e3943d77cc2d9822f7a82929291efc6d0e49f629813d6a904009933fe72;2026-10-09T143311160960Z_934fd5282475484fb1f6e69510c846f3;magyp-references-v1;
diario;2025-10-27;2025-10;Cebada C.;MAGyP;Argentina / paridad teórica;FAS teórico D.E.R.;ARS;TN;diaria;D.E.R.;9ee064ab74d324691e882d38c8156c7d7b40836ba76eda0e10d2be7cb267ed8c;b7d1dd34bd2171bddc83da48f86fbed26a39919d4603351b8a49f0a77dba34d3;cc6a31cbdee386ecfe4a9c14670ffa354b9ff7ea8e4497809f64139b2a6ff48d;316216;316216;positive;;;;D.E.R.;CEBC;contextual;1;;316216;316216;316216;316216;;;;;;;;;;;;;;https://dinem.magyp.gob.ar/dinem_fas.cfas_all.aspx;2026-10-09T14:33:11.160960Z;42d17e3943d77cc2d9822f7a82929291efc6d0e49f629813d6a904009933fe72;2026-10-09T143311160960Z_934fd5282475484fb1f6e69510c846f3;magyp-references-v1;
diario;2025-10-27;2025-10;Ac.Girasol;MAGyP;Argentina / paridad teórica;FAS teórico D.E.R.;Sin identificar;Sin identificar;diaria;D.E.R.;a20b8bafe941a8f2056bcd7861a4ffe7448272fdd45b3660b132f2309d84341e;6545dae3497cb0293f714c1e64c12ab09d5f6e27ee4df0611227a37289cf768c;2fa223ec8fa8643089a67660e9d47b0e5c6139194f9d2d47ecfb6e3bfcd124c2;1726972;1726972;positive;;;;D.E.R.;AG;unknown;1;;1726972;1726972;1726972;1726972;;;;;;;;;;;;;;https://dinem.magyp.gob.ar/dinem_fas.cfas_all.aspx;2026-10-09T14:33:11.160960Z;42d17e3943d77cc2d9822f7a82929291efc6d0e49f629813d6a904009933fe72;2026-10-09T143311160960Z_934fd5282475484fb1f6e69510c846f3;magyp-references-v1;
diario;2025-10-27;2025-10;Girasol;MAGyP;Argentina / paridad teórica;FAS teórico D.E.R.;ARS;TN;diaria;D.E.R.;b3fcb5a8b8242039df431e0cebc8389860bdb6cce0642282ba070f4d9e8bdf08;5e8e8d3c2b7cd2c2eabc223568b4fd7a029ae54a27174ca7b929ca8b1ca6b437;b67b57d6a4faa60f12dfefff0b0357b9cd5c09c3b2854d0f1250b08712ad294f;553673;553673;positive;;;;D.E.R.;GI;contextual;1;;553673;553673;553673;553673;;;;;;;;;;;;;;https://dinem.magyp.gob.ar/dinem_fas.cfas_all.aspx;2026-10-09T14:33:11.160960Z;42d17e3943d77cc2d9822f7a82929291efc6d0e49f629813d6a904009933fe72;2026-10-09T143311160960Z_934fd5282475484fb1f6e69510c846f3;magyp-references-v1;
diario;2025-10-27;2025-10;Trigo Pan;MAGyP;Argentina / paridad teórica;FAS teórico D.E.R.;ARS;TN;diaria;D.E.R.;ea2d46d37b95e95a5bfe5ddbe8cef74d052224359a498a5321afd62568648b89;ed033c297181e0da221a1d33cecdf2ac43bfdab03db0c191c9d71d0aab40983f;dbbda5a82de8e0561bac541dbb760739a4b0fb32ea8b0c81dd0e9d981ee9e024;280580;280580;positive;;;;D.E.R.;TP;contextual;1;;280580;280580;280580;280580;;;;;;;;;;;;;;https://dinem.magyp.gob.ar/dinem_fas.cfas_all.aspx;2026-10-09T14:33:11.160960Z;42d17e3943d77cc2d9822f7a82929291efc6d0e49f629813d6a904009933fe72;2026-10-09T143311160960Z_934fd5282475484fb1f6e69510c846f3;magyp-references-v1;
diario;2025-10-28;2025-10;Soja;MAGyP;Argentina / paridad teórica;FAS teórico D.E.R.;ARS;TN;diaria;D.E.R.;38eec92ea27e9522db61afaee52ea98e646bf7b7de9394c7341bb60068e96fc1;68ceb96d4639796aaaea770164c6a99049c4d816dd86eec2077c67c6b7a91b14;2ee468d56083c0bd40b05fe4bb73a58484df7de437f09a6d876fa56c134a62d1;609339;609339;positive;;;;D.E.R.;SO;contextual;1;;609339;609339;609339;609339;;;1.752033491025253528864634900;;;;;;;;;;;https://dinem.magyp.gob.ar/dinem_fas.cfas_all.aspx;2026-10-09T14:33:11.160960Z;42d17e3943d77cc2d9822f7a82929291efc6d0e49f629813d6a904009933fe72;2026-10-09T143311160960Z_934fd5282475484fb1f6e69510c846f3;magyp-references-v1;
diario;2025-10-28;2025-10;Cebada F.;MAGyP;Argentina / paridad teórica;FAS teórico D.E.R.;ARS;TN;diaria;D.E.R.;427733d52eaf9325db9e9acae6911e257ed2de809220176d7808a99a2ab98012;1cb8aa4045b9cacdc531781a8bd291fc342c0e7e3081fc379010e0b38a00a5c2;5e991e36b78581b5b49733e689b5f2af28b7438294073e81a9c853d736ef564c;284983;284983;positive;;;;D.E.R.;CEBF;contextual;1;;284983;284983;284983;284983;;;-1.416913715627907942119628200;;;;;;;;;;;https://dinem.magyp.gob.ar/dinem_fas.cfas_all.aspx;2026-10-09T14:33:11.160960Z;42d17e3943d77cc2d9822f7a82929291efc6d0e49f629813d6a904009933fe72;2026-10-09T143311160960Z_934fd5282475484fb1f6e69510c846f3;magyp-references-v1;
diario;2025-10-28;2025-10;Ac.Soja;MAGyP;Argentina / paridad teórica;FAS teórico D.E.R.;Sin identificar;Sin identificar;diaria;D.E.R.;5f27063d7fd2b20ba0ec900c07418f27feef12b2353c7ed889645f4ab29fcdbb;64beb3f60ace5d743ec6d3bfee4bf170116ac14ae039b20328bf739ff7886588;124aceb43889a39e7adb571635b0f7a52d232fb46d15df786e01beb6f22f6779;1544788;1544788;positive;;;;D.E.R.;AS;unknown;1;;1544788;1544788;1544788;1544788;;;-3.403115661410533069119709660;;;;;;;;;;;https://dinem.magyp.gob.ar/dinem_fas.cfas_all.aspx;2026-10-09T14:33:11.160960Z;42d17e3943d77cc2d9822f7a82929291efc6d0e49f629813d6a904009933fe72;2026-10-09T143311160960Z_934fd5282475484fb1f6e69510c846f3;magyp-references-v1;
diario;2025-10-28;2025-10;Sorgo;MAGyP;Argentina / paridad teórica;FAS teórico D.E.R.;ARS;TN;diaria;D.E.R.;6eb9b249b34bc053e10e59691f28c2b6f9895ab179386bae0467a99b39d6ebb5;d1923fd86fd2ac4283c726042578b5edfd8a4d16375998c07468410270ff6b58;75a0652202048afe5fd888fc2f6e784d7e12652dbc48e09faa091df143a434f0;246924;246924;positive;;;;D.E.R.;SOR;contextual;1;;246924;246924;246924;246924;;;-4.111653049178290720432445870;;;;;;;;;;;https://dinem.magyp.gob.ar/dinem_fas.cfas_all.aspx;2026-10-09T14:33:11.160960Z;42d17e3943d77cc2d9822f7a82929291efc6d0e49f629813d6a904009933fe72;2026-10-09T143311160960Z_934fd5282475484fb1f6e69510c846f3;magyp-references-v1;
diario;2025-10-28;2025-10;Maíz;MAGyP;Argentina / paridad teórica;FAS teórico D.E.R.;ARS;TN;diaria;D.E.R.;8dd958feef3b74b392e19ded37936265751d4ea0106c840a71999e83410c1455;2f73feafa0f7fb6d3c32edd1db8ba3a17e520dea3c8f9fd2ae320be8984f2d53;db58fb5da86f1d727d5bd4d220d43964211537a8f87aa0b10e64b292a5f80c3f;280468;280468;positive;;;;D.E.R.;MA;contextual;1;;280468;280468;280468;280468;;;1.127492869788455367219415800;;;;;;;;;;;https://dinem.magyp.gob.ar/dinem_fas.cfas_all.aspx;2026-10-09T14:33:11.160960Z;42d17e3943d77cc2d9822f7a82929291efc6d0e49f629813d6a904009933fe72;2026-10-09T143311160960Z_934fd5282475484fb1f6e69510c846f3;magyp-references-v1;
diario;2025-10-28;2025-10;Cebada C.;MAGyP;Argentina / paridad teórica;FAS teórico D.E.R.;ARS;TN;diaria;D.E.R.;9ee064ab74d324691e882d38c8156c7d7b40836ba76eda0e10d2be7cb267ed8c;0f11ef5e72548e6b73baf16d6d172d8ae5cb54b6fc84994620f208431900f377;24e0e6a9b4415c29400637e8790d79ca21aa2a40b8e7f8f7451bf38919b2ec62;323977;323977;positive;;;;D.E.R.;CEBC;contextual;1;;323977;323977;323977;323977;;;-3.501304612011961922009221640;;;;;;;;;;;https://dinem.magyp.gob.ar/dinem_fas.cfas_all.aspx;2026-10-09T14:33:11.160960Z;42d17e3943d77cc2d9822f7a82929291efc6d0e49f629813d6a904009933fe72;2026-10-09T143311160960Z_934fd5282475484fb1f6e69510c846f3;magyp-references-v1;
diario;2025-10-28;2025-10;Ac.Girasol;MAGyP;Argentina / paridad teórica;FAS teórico D.E.R.;Sin identificar;Sin identificar;diaria;D.E.R.;a20b8bafe941a8f2056bcd7861a4ffe7448272fdd45b3660b132f2309d84341e;1daf5b6899d365f3392b5e1ea7a71bb764fe49991ee9a563d7e9a79560a03ccd;daad080bce79adc127db334b34fd11017165662a716646e6d8a1c7faf85f5112;1778154;1778154;positive;;;;D.E.R.;AG;unknown;1;;1778154;1778154;1778154;1778154;;;-0.3493076333777370043606011500;;;;;;;;;;;https://dinem.magyp.gob.ar/dinem_fas.cfas_all.aspx;2026-10-09T14:33:11.160960Z;42d17e3943d77cc2d9822f7a82929291efc6d0e49f629813d6a904009933fe72;2026-10-09T143311160960Z_934fd5282475484fb1f6e69510c846f3;magyp-references-v1;
diario;2025-10-28;2025-10;Girasol;MAGyP;Argentina / paridad teórica;FAS teórico D.E.R.;ARS;TN;diaria;D.E.R.;b3fcb5a8b8242039df431e0cebc8389860bdb6cce0642282ba070f4d9e8bdf08;5b9712cb4c5427c801e9fbf4162516e5dbf8cb111379601c925940eda520b48e;c4d0038d4f0e60544b87b03d4bbe22f0c53edf670f168e138fabe83645753695;570301;570301;positive;;;;D.E.R.;GI;contextual;1;;570301;570301;570301;570301;;;-0.2621545995103182931094788400;;;;;;;;;;;https://dinem.magyp.gob.ar/dinem_fas.cfas_all.aspx;2026-10-09T14:33:11.160960Z;42d17e3943d77cc2d9822f7a82929291efc6d0e49f629813d6a904009933fe72;2026-10-09T143311160960Z_934fd5282475484fb1f6e69510c846f3;magyp-references-v1;
diario;2025-10-28;2025-10;Trigo Pan;MAGyP;Argentina / paridad teórica;FAS teórico D.E.R.;ARS;TN;diaria;D.E.R.;ea2d46d37b95e95a5bfe5ddbe8cef74d052224359a498a5321afd62568648b89;c4ad5280274582ae2678486263b0c86c653877a8b8beafabe08342092ad0462a;89f59e9c6f14419402fce75d8a5085e27c873b9df800c26fe6596dad7bec00bf;286035;286035;positive;;;;D.E.R.;TP;contextual;1;;286035;286035;286035;286035;;;-1.907763427732700498631677860;;;;;;;;;;;https://dinem.magyp.gob.ar/dinem_fas.cfas_all.aspx;2026-10-09T14:33:11.160960Z;42d17e3943d77cc2d9822f7a82929291efc6d0e49f629813d6a904009933fe72;2026-10-09T143311160960Z_934fd5282475484fb1f6e69510c846f3;magyp-references-v1;
diario;2025-10-29;2025-10;Soja;MAGyP;Argentina / paridad teórica;FAS teórico D.E.R.;ARS;TN;diaria;D.E.R.;38eec92ea27e9522db61afaee52ea98e646bf7b7de9394c7341bb60068e96fc1;fe84da8a14e38dff1997bc9ee4ea0559b8c639cf9a0e45dc2caa188b9c189c5a;8dffd492faddb5cec120e9caf4f758850a18c3cd1824b59acf1cc260f7973e95;599026;599026;positive;;;;D.E.R.;SO;contextual;1;;599026;599026;599026;599026;;;0.194861347370040862340912000;;;;;;;;;;;https://dinem.magyp.gob.ar/dinem_fas.cfas_all.aspx;2026-10-09T14:33:11.160960Z;42d17e3943d77cc2d9822f7a82929291efc6d0e49f629813d6a904009933fe72;2026-10-09T143311160960Z_934fd5282475484fb1f6e69510c846f3;magyp-references-v1;
diario;2025-10-29;2025-10;Cebada F.;MAGyP;Argentina / paridad teórica;FAS teórico D.E.R.;ARS;TN;diaria;D.E.R.;427733d52eaf9325db9e9acae6911e257ed2de809220176d7808a99a2ab98012;8a94fc756d1c5c6262f7010b4de82d7aaabb497783f618596920aff87433f610;4bd48cca59d2ccbd061b991e5e7eb08641597db225ad7f13c7b570a3c65753e1;278351;278351;positive;;;;D.E.R.;CEBF;contextual;1;;278351;278351;278351;278351;;;-3.581016249320202709490143370;;;;;;;;;;;https://dinem.magyp.gob.ar/dinem_fas.cfas_all.aspx;2026-10-09T14:33:11.160960Z;42d17e3943d77cc2d9822f7a82929291efc6d0e49f629813d6a904009933fe72;2026-10-09T143311160960Z_934fd5282475484fb1f6e69510c846f3;magyp-references-v1;
diario;2025-10-29;2025-10;Ac.Soja;MAGyP;Argentina / paridad teórica;FAS teórico D.E.R.;Sin identificar;Sin identificar;diaria;D.E.R.;5f27063d7fd2b20ba0ec900c07418f27feef12b2353c7ed889645f4ab29fcdbb;6fd16d300dcbca2003e8280cad201540d6a9a6ab94f0053ad71390a3e1a73963;373e385afff06270a52e3e1cbf008885a74f55cf8fe16213ba504778e7999440;1518699;1518699;positive;;;;D.E.R.;AS;unknown;1;;1518699;1518699;1518699;1518699;;;-3.492190786538845260775240300;;;;;;;;;;;https://dinem.magyp.gob.ar/dinem_fas.cfas_all.aspx;2026-10-09T14:33:11.160960Z;42d17e3943d77cc2d9822f7a82929291efc6d0e49f629813d6a904009933fe72;2026-10-09T143311160960Z_934fd5282475484fb1f6e69510c846f3;magyp-references-v1;
diario;2025-10-29;2025-10;Sorgo;MAGyP;Argentina / paridad teórica;FAS teórico D.E.R.;ARS;TN;diaria;D.E.R.;6eb9b249b34bc053e10e59691f28c2b6f9895ab179386bae0467a99b39d6ebb5;7ad3bd080120a7e9b91e04950d27e61f05f28e78a66a50a9734af3313cc9267f;dc560c0d4c11da619fa4a3cbb3935221b34bc3635e7fff98568fc1808d5c7fd6;241177;241177;positive;;;;D.E.R.;SOR;contextual;1;;241177;241177;241177;241177;;;-6.217020201038243928995003210;;;;;;;;;;;https://dinem.magyp.gob.ar/dinem_fas.cfas_all.aspx;2026-10-09T14:33:11.160960Z;42d17e3943d77cc2d9822f7a82929291efc6d0e49f629813d6a904009933fe72;2026-10-09T143311160960Z_934fd5282475484fb1f6e69510c846f3;magyp-references-v1;
diario;2025-10-29;2025-10;Maíz;MAGyP;Argentina / paridad teórica;FAS teórico D.E.R.;ARS;TN;diaria;D.E.R.;8dd958feef3b74b392e19ded37936265751d4ea0106c840a71999e83410c1455;144fdbe8a5b17f03105726d6b897e4ace1687e7de4ff7f30d78077ec9c9c6acc;82ae2a04f050c918dc608b5de267f295284000b53d97cd1e38265351b66e26e5;273941;273941;positive;;;;D.E.R.;MA;contextual;1;;273941;273941;273941;273941;;;-2.107290646731323122663826930;;;;;;;;;;;https://dinem.magyp.gob.ar/dinem_fas.cfas_all.aspx;2026-10-09T14:33:11.160960Z;42d17e3943d77cc2d9822f7a82929291efc6d0e49f629813d6a904009933fe72;2026-10-09T143311160960Z_934fd5282475484fb1f6e69510c846f3;magyp-references-v1;
diario;2025-10-29;2025-10;Cebada C.;MAGyP;Argentina / paridad teórica;FAS teórico D.E.R.;ARS;TN;diaria;D.E.R.;9ee064ab74d324691e882d38c8156c7d7b40836ba76eda0e10d2be7cb267ed8c;ad729514f7c908a5c75390998b5e9fa977e17e9a5acdcd456346d82ba34124bb;1ec12cc8be32ae55c2d995dbf5eb91272b8e02aa02f170b40b4044043fefaea9;316437;316437;positive;;;;D.E.R.;CEBC;contextual;1;;316437;316437;316437;316437;;;-5.619797243489750327339320390;;;;;;;;;;;https://dinem.magyp.gob.ar/dinem_fas.cfas_all.aspx;2026-10-09T14:33:11.160960Z;42d17e3943d77cc2d9822f7a82929291efc6d0e49f629813d6a904009933fe72;2026-10-09T143311160960Z_934fd5282475484fb1f6e69510c846f3;magyp-references-v1;
diario;2025-10-29;2025-10;Ac.Girasol;MAGyP;Argentina / paridad teórica;FAS teórico D.E.R.;Sin identificar;Sin identificar;diaria;D.E.R.;a20b8bafe941a8f2056bcd7861a4ffe7448272fdd45b3660b132f2309d84341e;ad652bd96d463a3270761eb217c019a07e6e7398428fe1188499b491f497d322;ce20f9742ee2b464a0ab80bfc34dc65b0365c6f1e5a784bb4c91af4a3eb79ab3;1718165;1718165;positive;;;;D.E.R.;AG;unknown;1;;1718165;1718165;1718165;1718165;;;-3.901944652164599377268336720;;;;;;;;;;;https://dinem.magyp.gob.ar/dinem_fas.cfas_all.aspx;2026-10-09T14:33:11.160960Z;42d17e3943d77cc2d9822f7a82929291efc6d0e49f629813d6a904009933fe72;2026-10-09T143311160960Z_934fd5282475484fb1f6e69510c846f3;magyp-references-v1;
diario;2025-10-29;2025-10;Girasol;MAGyP;Argentina / paridad teórica;FAS teórico D.E.R.;ARS;TN;diaria;D.E.R.;b3fcb5a8b8242039df431e0cebc8389860bdb6cce0642282ba070f4d9e8bdf08;e1904c45c7d9f46a846f48adc927a113ce7de2ff6aa891aea3c7e62a60f8c432;ca7ed2fb2d1093e634315d8653a6fa4c72bb4cc7308393e824007510cc9860d2;550579;550579;positive;;;;D.E.R.;GI;contextual;1;;550579;550579;550579;550579;;;-3.932195109184020659030037600;;;;;;;;;;;https://dinem.magyp.gob.ar/dinem_fas.cfas_all.aspx;2026-10-09T14:33:11.160960Z;42d17e3943d77cc2d9822f7a82929291efc6d0e49f629813d6a904009933fe72;2026-10-09T143311160960Z_934fd5282475484fb1f6e69510c846f3;magyp-references-v1;
diario;2025-10-29;2025-10;Trigo Pan;MAGyP;Argentina / paridad teórica;FAS teórico D.E.R.;ARS;TN;diaria;D.E.R.;ea2d46d37b95e95a5bfe5ddbe8cef74d052224359a498a5321afd62568648b89;237ec56eb4e55aeda1294d589bbe89368d043bb228b8d29d7dd1e1b4cdd29884;61554e029fe3f3071e0a4a8841475f0a42ee753b7ebe10024b41962b1619a104;280777;280777;positive;;;;D.E.R.;TP;contextual;1;;280777;280777;280777;280777;;;-3.580982469394412870658127440;;;;;;;;;;;https://dinem.magyp.gob.ar/dinem_fas.cfas_all.aspx;2026-10-09T14:33:11.160960Z;42d17e3943d77cc2d9822f7a82929291efc6d0e49f629813d6a904009933fe72;2026-10-09T143311160960Z_934fd5282475484fb1f6e69510c846f3;magyp-references-v1;
diario;2025-10-30;2025-10;Soja;MAGyP;Argentina / paridad teórica;FAS teórico D.E.R.;ARS;TN;diaria;D.E.R.;38eec92ea27e9522db61afaee52ea98e646bf7b7de9394c7341bb60068e96fc1;8fa252777166c51fc277b0b9c42c09546f7409929ec0e3cb2c0bf1be2068dc1c;210c6a5c17d3a5b4e9a406afc6bb2a996cfd8b63759832aee9175fbb96219c67;603595;603595;positive;;;;D.E.R.;SO;contextual;1;;603595;603595;603595;603595;;;0.344292164568662264514799100;;;;;;;;;;;https://dinem.magyp.gob.ar/dinem_fas.cfas_all.aspx;2026-10-09T14:33:11.160960Z;42d17e3943d77cc2d9822f7a82929291efc6d0e49f629813d6a904009933fe72;2026-10-09T143311160960Z_934fd5282475484fb1f6e69510c846f3;magyp-references-v1;
diario;2025-10-30;2025-10;Cebada F.;MAGyP;Argentina / paridad teórica;FAS teórico D.E.R.;ARS;TN;diaria;D.E.R.;427733d52eaf9325db9e9acae6911e257ed2de809220176d7808a99a2ab98012;9c32b6d05ce917a10b74c268ca2916725c0244fd828a022906e0b250e2b0af4c;a358b25980f0debd3e29616864791e9caca12ba9e3ba4ef5d172ac7534e8d4b2;278741;278741;positive;;;;D.E.R.;CEBF;contextual;1;;278741;278741;278741;278741;;;-2.788957166472528928847937840;;;;;;;;;;;https://dinem.magyp.gob.ar/dinem_fas.cfas_all.aspx;2026-10-09T14:33:11.160960Z;42d17e3943d77cc2d9822f7a82929291efc6d0e49f629813d6a904009933fe72;2026-10-09T143311160960Z_934fd5282475484fb1f6e69510c846f3;magyp-references-v1;
diario;2025-10-30;2025-10;Ac.Soja;MAGyP;Argentina / paridad teórica;FAS teórico D.E.R.;Sin identificar;Sin identificar;diaria;D.E.R.;5f27063d7fd2b20ba0ec900c07418f27feef12b2353c7ed889645f4ab29fcdbb;ae2749232b55fa1e3bda435dbf2397568a181505863fc24a26f25f0985375591;6595c96de72612973c2271a723a8c7adc232be491bbe0498807c51bd25f1bd19;1508124;1508124;positive;;;;D.E.R.;AS;unknown;1;;1508124;1508124;1508124;1508124;;;-4.663517702807264194359174050;;;;;;;;;;;https://dinem.magyp.gob.ar/dinem_fas.cfas_all.aspx;2026-10-09T14:33:11.160960Z;42d17e3943d77cc2d9822f7a82929291efc6d0e49f629813d6a904009933fe72;2026-10-09T143311160960Z_934fd5282475484fb1f6e69510c846f3;magyp-references-v1;
diario;2025-10-30;2025-10;Sorgo;MAGyP;Argentina / paridad teórica;FAS teórico D.E.R.;ARS;TN;diaria;D.E.R.;6eb9b249b34bc053e10e59691f28c2b6f9895ab179386bae0467a99b39d6ebb5;fce6f057e2f1a895a8a51fff326b8082ef9f4772b50bf34910c86e0d2300e015;19813ca5678b711768a4bdd75e4d084daeb97aa8df149e8ae3316acd4f279687;241515;241515;positive;;;;D.E.R.;SOR;contextual;1;;241515;241515;241515;241515;;;-5.446565946434793502644591210;;;;;;;;;;;https://dinem.magyp.gob.ar/dinem_fas.cfas_all.aspx;2026-10-09T14:33:11.160960Z;42d17e3943d77cc2d9822f7a82929291efc6d0e49f629813d6a904009933fe72;2026-10-09T143311160960Z_934fd5282475484fb1f6e69510c846f3;magyp-references-v1;
diario;2025-10-30;2025-10;Maíz;MAGyP;Argentina / paridad teórica;FAS teórico D.E.R.;ARS;TN;diaria;D.E.R.;8dd958feef3b74b392e19ded37936265751d4ea0106c840a71999e83410c1455;7e50a9b69c6945976352f7acdb2f8fa96dbb0007ced0676386d2c19eb35bc646;2c61d98d671ef089806cc4bd18f13bbc82f0dad4972c4cbd447f97c36a2b2f12;272968;272968;positive;;;;D.E.R.;MA;contextual;1;;272968;272968;272968;272968;;;-2.287737284282947748237930400;;;;;;;;;;;https://dinem.magyp.gob.ar/dinem_fas.cfas_all.aspx;2026-10-09T14:33:11.160960Z;42d17e3943d77cc2d9822f7a82929291efc6d0e49f629813d6a904009933fe72;2026-10-09T143311160960Z_934fd5282475484fb1f6e69510c846f3;magyp-references-v1;
diario;2025-10-30;2025-10;Cebada C.;MAGyP;Argentina / paridad teórica;FAS teórico D.E.R.;ARS;TN;diaria;D.E.R.;9ee064ab74d324691e882d38c8156c7d7b40836ba76eda0e10d2be7cb267ed8c;287ccd21447d63d5e11b03b822d452678e9c0906e7317b0c7133ffc422a7003f;5f04698547a181fd0d2f58994f4cddecabc2e326c8d16859bd806f1355df99d5;316881;316881;positive;;;;D.E.R.;CEBC;contextual;1;;316881;316881;316881;316881;;;-4.844541070345390884467319690;;;;;;;;;;;https://dinem.magyp.gob.ar/dinem_fas.cfas_all.aspx;2026-10-09T14:33:11.160960Z;42d17e3943d77cc2d9822f7a82929291efc6d0e49f629813d6a904009933fe72;2026-10-09T143311160960Z_934fd5282475484fb1f6e69510c846f3;magyp-references-v1;
diario;2025-10-30;2025-10;Ac.Girasol;MAGyP;Argentina / paridad teórica;FAS teórico D.E.R.;Sin identificar;Sin identificar;diaria;D.E.R.;a20b8bafe941a8f2056bcd7861a4ffe7448272fdd45b3660b132f2309d84341e;ff6c7822b431fa1badf7e911af511e070bde992e74ab735b7d263077d25bc1f2;68b29379aeaa5e54e647ccf97b411d7d4624290b8d3a91fca52bea1d1bda8248;1732048;1732048;positive;;;;D.E.R.;AG;unknown;1;;1732048;1732048;1732048;1732048;;;-1.566873283364182814575200650;;;;;;;;;;;https://dinem.magyp.gob.ar/dinem_fas.cfas_all.aspx;2026-10-09T14:33:11.160960Z;42d17e3943d77cc2d9822f7a82929291efc6d0e49f629813d6a904009933fe72;2026-10-09T143311160960Z_934fd5282475484fb1f6e69510c846f3;magyp-references-v1;
diario;2025-10-30;2025-10;Girasol;MAGyP;Argentina / paridad teórica;FAS teórico D.E.R.;ARS;TN;diaria;D.E.R.;b3fcb5a8b8242039df431e0cebc8389860bdb6cce0642282ba070f4d9e8bdf08;6b9f6ad46f47db9461c9b551d3e266a62941cd2d997c167646a2f1d3f3b0b26d;66ea935b606928f92e921ece8d80a906f62f0638db257ce6d1d044c9bb2772e6;555352;555352;positive;;;;D.E.R.;GI;contextual;1;;555352;555352;555352;555352;;;-1.463099585165312864843381280;;;;;;;;;;;https://dinem.magyp.gob.ar/dinem_fas.cfas_all.aspx;2026-10-09T14:33:11.160960Z;42d17e3943d77cc2d9822f7a82929291efc6d0e49f629813d6a904009933fe72;2026-10-09T143311160960Z_934fd5282475484fb1f6e69510c846f3;magyp-references-v1;
diario;2025-10-30;2025-10;Trigo Pan;MAGyP;Argentina / paridad teórica;FAS teórico D.E.R.;ARS;TN;diaria;D.E.R.;ea2d46d37b95e95a5bfe5ddbe8cef74d052224359a498a5321afd62568648b89;d66e58caf98b43a68a7a9042b9e8eb7bb34fd6d599723b91db51e167e92d0905;bc7d24f9aa975dac0aa75986da8736be9b50f24dfd967bfd0d6e6692f33671e8;279770;279770;positive;;;;D.E.R.;TP;contextual;1;;279770;279770;279770;279770;;;-2.309827679522321350629397490;;;;;;;;;;;https://dinem.magyp.gob.ar/dinem_fas.cfas_all.aspx;2026-10-09T14:33:11.160960Z;42d17e3943d77cc2d9822f7a82929291efc6d0e49f629813d6a904009933fe72;2026-10-09T143311160960Z_934fd5282475484fb1f6e69510c846f3;magyp-references-v1;
diario;2025-10-31;2025-10;Soja;MAGyP;Argentina / paridad teórica;FAS teórico D.E.R.;ARS;TN;diaria;D.E.R.;38eec92ea27e9522db61afaee52ea98e646bf7b7de9394c7341bb60068e96fc1;ed6e2b485051ba3ec09ea6d9b2a07dffa4d058e55deee5cd3f96af8c05d68c36;bd43fb4f9b54e1cd13164a8662c8ddb65ab9c9d0b3c206228ee4b4fc086ef398;609367;609367;positive;;;;D.E.R.;SO;contextual;1;;609367;609367;609367;609367;;;0.391273690592297756807338500;;;;;;;;;;;https://dinem.magyp.gob.ar/dinem_fas.cfas_all.aspx;2026-10-09T14:33:11.160960Z;42d17e3943d77cc2d9822f7a82929291efc6d0e49f629813d6a904009933fe72;2026-10-09T143311160960Z_934fd5282475484fb1f6e69510c846f3;magyp-references-v1;
diario;2025-10-31;2025-10;Cebada F.;MAGyP;Argentina / paridad teórica;FAS teórico D.E.R.;ARS;TN;diaria;D.E.R.;427733d52eaf9325db9e9acae6911e257ed2de809220176d7808a99a2ab98012;0ea26e9417d877d700405991a228738e868f4f68b6a307a31197f7d58a0535a0;1218ea4d14a415160c67d2fa72845c16fa8a05bd60cfa23e7317fbf416b39b94;280106;280106;positive;;;;D.E.R.;CEBF;contextual;1;;280106;280106;280106;280106;;;-3.169313522819195641502520100;;;;;;;;;;;https://dinem.magyp.gob.ar/dinem_fas.cfas_all.aspx;2026-10-09T14:33:11.160960Z;42d17e3943d77cc2d9822f7a82929291efc6d0e49f629813d6a904009933fe72;2026-10-09T143311160960Z_934fd5282475484fb1f6e69510c846f3;magyp-references-v1;
diario;2025-10-31;2025-10;Ac.Soja;MAGyP;Argentina / paridad teórica;FAS teórico D.E.R.;Sin identificar;Sin identificar;diaria;D.E.R.;5f27063d7fd2b20ba0ec900c07418f27feef12b2353c7ed889645f4ab29fcdbb;67cb6fb24019cb5875a31b791bfd936413ce262d51c7b3f3ede607ee297c40a8;5b3e13e37aa70e88bab54879679e7221e166dc2271a563df75c5d9afb4b4911a;1481449;1481449;positive;;;;D.E.R.;AS;unknown;1;;1481449;1481449;1481449;1481449;;;-6.223516647402210200751250500;;;;;;;;;;;https://dinem.magyp.gob.ar/dinem_fas.cfas_all.aspx;2026-10-09T14:33:11.160960Z;42d17e3943d77cc2d9822f7a82929291efc6d0e49f629813d6a904009933fe72;2026-10-09T143311160960Z_934fd5282475484fb1f6e69510c846f3;magyp-references-v1;
diario;2025-10-31;2025-10;Sorgo;MAGyP;Argentina / paridad teórica;FAS teórico D.E.R.;ARS;TN;diaria;D.E.R.;6eb9b249b34bc053e10e59691f28c2b6f9895ab179386bae0467a99b39d6ebb5;3c41c9d8612723e19d4fb344837c82dc65ccf73caf459d9849fe3429c8adef36;da819a28db352dd64fecf9912b37371ad9e198b7dcd455ea729978768824b317;242698;242698;positive;;;;D.E.R.;SOR;contextual;1;;242698;242698;242698;242698;;;-3.169460824602420982915872040;;;;;;;;;;;https://dinem.magyp.gob.ar/dinem_fas.cfas_all.aspx;2026-10-09T14:33:11.160960Z;42d17e3943d77cc2d9822f7a82929291efc6d0e49f629813d6a904009933fe72;2026-10-09T143311160960Z_934fd5282475484fb1f6e69510c846f3;magyp-references-v1;
diario;2025-10-31;2025-10;Maíz;MAGyP;Argentina / paridad teórica;FAS teórico D.E.R.;ARS;TN;diaria;D.E.R.;8dd958feef3b74b392e19ded37936265751d4ea0106c840a71999e83410c1455;23ac6c334f4678dae1eb8818085355b84270883139b1b282e27e23508591d654;b28df52876ca17389dd13c92476671d3ae141992d31f999ac343590bc7243951;275669;275669;positive;;;;D.E.R.;MA;contextual;1;;275669;275669;275669;275669;;;-1.689336176829311783628025080;;;;;;;;;;;https://dinem.magyp.gob.ar/dinem_fas.cfas_all.aspx;2026-10-09T14:33:11.160960Z;42d17e3943d77cc2d9822f7a82929291efc6d0e49f629813d6a904009933fe72;2026-10-09T143311160960Z_934fd5282475484fb1f6e69510c846f3;magyp-references-v1;
diario;2025-10-31;2025-10;Cebada C.;MAGyP;Argentina / paridad teórica;FAS teórico D.E.R.;ARS;TN;diaria;D.E.R.;9ee064ab74d324691e882d38c8156c7d7b40836ba76eda0e10d2be7cb267ed8c;714b82ad0fd2fd3fb017500d76e839a5188559647805a8949403076d391b867a;7868981c637cd4c428732c83e9dc5f8337ef85f36d49cc9ed6a8c8b19a8e5843;318433;318433;positive;;;;D.E.R.;CEBC;contextual;1;;318433;318433;318433;318433;;;-3.169177905155767739581274420;;;;;;;;;;;https://dinem.magyp.gob.ar/dinem_fas.cfas_all.aspx;2026-10-09T14:33:11.160960Z;42d17e3943d77cc2d9822f7a82929291efc6d0e49f629813d6a904009933fe72;2026-10-09T143311160960Z_934fd5282475484fb1f6e69510c846f3;magyp-references-v1;
diario;2025-10-31;2025-10;Ac.Girasol;MAGyP;Argentina / paridad teórica;FAS teórico D.E.R.;Sin identificar;Sin identificar;diaria;D.E.R.;a20b8bafe941a8f2056bcd7861a4ffe7448272fdd45b3660b132f2309d84341e;c7d67996df0584578bf5f3bc1338dec45d0527b8d57161c2e3fdda7380d72ce4;a3975c6f419da6fc3d87ae6bc9b8697859f1e8c6be0d82a77f16ffe5472be339;1721793;1721793;positive;;;;D.E.R.;AG;unknown;1;;1721793;1721793;1721793;1721793;;;-3.972513428453989105537525770;;;;;;;;;;;https://dinem.magyp.gob.ar/dinem_fas.cfas_all.aspx;2026-10-09T14:33:11.160960Z;42d17e3943d77cc2d9822f7a82929291efc6d0e49f629813d6a904009933fe72;2026-10-09T143311160960Z_934fd5282475484fb1f6e69510c846f3;magyp-references-v1;
diario;2025-10-31;2025-10;Girasol;MAGyP;Argentina / paridad teórica;FAS teórico D.E.R.;ARS;TN;diaria;D.E.R.;b3fcb5a8b8242039df431e0cebc8389860bdb6cce0642282ba070f4d9e8bdf08;a2b7622128323b22f4e218f482cb84798ecdf091b657c32fab0577ef3ab7b4d8;f855f347f73d99f7e80b1631e5dad7cf4936d297c91280b49151df341b96518f;551539;551539;positive;;;;D.E.R.;GI;contextual;1;;551539;551539;551539;551539;;;-4.046131149138129005769003260;;;;;;;;;;;https://dinem.magyp.gob.ar/dinem_fas.cfas_all.aspx;2026-10-09T14:33:11.160960Z;42d17e3943d77cc2d9822f7a82929291efc6d0e49f629813d6a904009933fe72;2026-10-09T143311160960Z_934fd5282475484fb1f6e69510c846f3;magyp-references-v1;
diario;2025-10-31;2025-10;Trigo Pan;MAGyP;Argentina / paridad teórica;FAS teórico D.E.R.;ARS;TN;diaria;D.E.R.;ea2d46d37b95e95a5bfe5ddbe8cef74d052224359a498a5321afd62568648b89;9453b4281e3a45fce60ee7dacd30d67a31ce046ed94d001558614d869ec23883;ef4d234dac0845ac213aa160320e80913aa59edec1d5cf6da45eaeb29d03f442;281140;281140;positive;;;;D.E.R.;TP;contextual;1;;281140;281140;281140;281140;;;-3.651536181223118970510118410;;;;;;;;;;;https://dinem.magyp.gob.ar/dinem_fas.cfas_all.aspx;2026-10-09T14:33:11.160960Z;42d17e3943d77cc2d9822f7a82929291efc6d0e49f629813d6a904009933fe72;2026-10-09T143311160960Z_934fd5282475484fb1f6e69510c846f3;magyp-references-v1;
diario;2026-09-28;2026-09;Ac.Girasol;MAGyP;Argentina / paridad teórica;FAS teórico D.E.C.;Sin identificar;Sin identificar;diaria;D.E.C.;17d87d6b1b62bda4ea37d6c601548ea8670a0cc43a15d505d1e0e41041440c74;a926f680461b49f0378108b967a172023c5480814ee4e1bb7b364d417ca0a468;d486f82d47cb03c8f92b526bbc6dd656cf4735c2028de45d288be3f9cac7b799;1864453;1864453;positive;;;;D.E.C.;AG;unknown;1;;1864453;1864453;1864453;1864453;;;;;;;;;;;;;;https://dinem.magyp.gob.ar/dinem_fas.cfas_all.aspx;2026-10-09T14:33:11.160960Z;42d17e3943d77cc2d9822f7a82929291efc6d0e49f629813d6a904009933fe72;2026-10-09T143311160960Z_934fd5282475484fb1f6e69510c846f3;magyp-references-v1;
diario;2026-09-28;2026-09;Maíz;MAGyP;Argentina / paridad teórica;FAS teórico D.E.C.;ARS;TN;diaria;D.E.C.;1b6174ba23023aa9933594c7d131a3cda7bf8c885ebb4b2c42429daeea0419dc;8f5b94f80a003a7e83199ff87ac9ccc3675ecc568c8d1b231d9afd0fa1a28796;3bbb43de969981e76e36b0c55e18e197a669422cfc11acfef3b455d34a7ff607;285190;285190;positive;;;;D.E.C.;MA;contextual;1;;285190;285190;285190;285190;;;;;;;;;;;;;;https://dinem.magyp.gob.ar/dinem_fas.cfas_all.aspx;2026-10-09T14:33:11.160960Z;42d17e3943d77cc2d9822f7a82929291efc6d0e49f629813d6a904009933fe72;2026-10-09T143311160960Z_934fd5282475484fb1f6e69510c846f3;magyp-references-v1;
diario;2026-09-28;2026-09;Cebada F.;MAGyP;Argentina / paridad teórica;FAS teórico D.E.C.;ARS;TN;diaria;D.E.C.;1ea3e8de5096ffd77b4d0bdd345518a9019eed30b660116e612ac8ec48710aac;85846236d7ee11ed2e7d54d022c6b0a2fc0671b3247a0f6999446bca5751c091;8cf6b87ac6444739ceba24038968db72dbbc3a789c7fb4db5b4769a0ad464ebe;310098;310098;positive;;;;D.E.C.;CEBF;contextual;1;;310098;310098;310098;310098;;;;;;;;;;;;;;https://dinem.magyp.gob.ar/dinem_fas.cfas_all.aspx;2026-10-09T14:33:11.160960Z;42d17e3943d77cc2d9822f7a82929291efc6d0e49f629813d6a904009933fe72;2026-10-09T143311160960Z_934fd5282475484fb1f6e69510c846f3;magyp-references-v1;
diario;2026-09-28;2026-09;Soja;MAGyP;Argentina / paridad teórica;FAS teórico D.E.C.;ARS;TN;diaria;D.E.C.;380065bc29159a2f001da50cc2d8422b24ff811cb5a0e9362d8071aedd559389;dfb5e8e888996d7eb3ce3052ccf8719221a8ef8d33b5c13961f3ef2c5783f072;3601122058c8db30112a52bf2b50199c76a577ba417a0375b964b39cd64af035;579506;579506;positive;;;;D.E.C.;SO;contextual;1;;579506;579506;579506;579506;;;;;;;;;;;;;;https://dinem.magyp.gob.ar/dinem_fas.cfas_all.aspx;2026-10-09T14:33:11.160960Z;42d17e3943d77cc2d9822f7a82929291efc6d0e49f629813d6a904009933fe72;2026-10-09T143311160960Z_934fd5282475484fb1f6e69510c846f3;magyp-references-v1;
diario;2026-09-28;2026-09;Girasol;MAGyP;Argentina / paridad teórica;FAS teórico D.E.C.;ARS;TN;diaria;D.E.C.;3c47c29c63e9797abe6df69b60fdadb233f86dcdb59a67772dcf8c2842d70587;2c23d41a2e96287ff6cc7945dbc8dbea8dac86cb4df35f7b916ccdc9dea90246;0b43b85cec8123324b007f5b10b6192533b7db7fa43a1d429fc10c8f789f36e9;598532;598532;positive;;;;D.E.C.;GI;contextual;1;;598532;598532;598532;598532;;;;;;;;;;;;;;https://dinem.magyp.gob.ar/dinem_fas.cfas_all.aspx;2026-10-09T14:33:11.160960Z;42d17e3943d77cc2d9822f7a82929291efc6d0e49f629813d6a904009933fe72;2026-10-09T143311160960Z_934fd5282475484fb1f6e69510c846f3;magyp-references-v1;
diario;2026-09-28;2026-09;Ac.Soja;MAGyP;Argentina / paridad teórica;FAS teórico D.E.C.;Sin identificar;Sin identificar;diaria;D.E.C.;56f5c597975c5777ca7290e5ec5217413d8ddf5ad70c98591d2f2a90ef243ec3;cb9fb5e3021b173e691439185143810ef3ff345fe46bacd2a4a11f27d199e10d;e7d6a3461082cc0c56ef98acad83ff2d372515a5a6e32c4cf7bce2666a8d429f;1378620;1378620;positive;;;;D.E.C.;AS;unknown;1;;1378620;1378620;1378620;1378620;;;;;;;;;;;;;;https://dinem.magyp.gob.ar/dinem_fas.cfas_all.aspx;2026-10-09T14:33:11.160960Z;42d17e3943d77cc2d9822f7a82929291efc6d0e49f629813d6a904009933fe72;2026-10-09T143311160960Z_934fd5282475484fb1f6e69510c846f3;magyp-references-v1;
diario;2026-09-28;2026-09;Sorgo;MAGyP;Argentina / paridad teórica;FAS teórico D.E.C.;ARS;TN;diaria;D.E.C.;968ca82ce65f0c4b03b3bf4fbd5f1e40f05a89130024c8972c9f575130aca4ae;b2bb25d3f3609423830a40664e80592bb8e7a5a8f20247ffc2456a0395eb82ba;95691ac7ece53f33488742636530d80133a75deef30952e9285e511f7dc09356;278398;278398;positive;;;;D.E.C.;SOR;contextual;1;;278398;278398;278398;278398;;;;;;;;;;;;;;https://dinem.magyp.gob.ar/dinem_fas.cfas_all.aspx;2026-10-09T14:33:11.160960Z;42d17e3943d77cc2d9822f7a82929291efc6d0e49f629813d6a904009933fe72;2026-10-09T143311160960Z_934fd5282475484fb1f6e69510c846f3;magyp-references-v1;
diario;2026-09-28;2026-09;Cebada C.;MAGyP;Argentina / paridad teórica;FAS teórico D.E.C.;ARS;TN;diaria;D.E.C.;a9cefab693afdaa3e3c7a243a7a7102999de1c1e5876cf759dc61935f2020457;4abe1cadf5c59aeefdad1756a7d260eee22fae8759e3fa6b992dc4b9d6560137;9e391c018925e56aa20d41e0ca20e3eb8057449d4754496fb7b448d76b78b5cb;356518;356518;positive;;;;D.E.C.;CEBC;contextual;1;;356518;356518;356518;356518;;;;;;;;;;;;;;https://dinem.magyp.gob.ar/dinem_fas.cfas_all.aspx;2026-10-09T14:33:11.160960Z;42d17e3943d77cc2d9822f7a82929291efc6d0e49f629813d6a904009933fe72;2026-10-09T143311160960Z_934fd5282475484fb1f6e69510c846f3;magyp-references-v1;
diario;2026-09-28;2026-09;Trigo Pan;MAGyP;Argentina / paridad teórica;FAS teórico D.E.C.;ARS;TN;diaria;D.E.C.;bb505e9f57f8a2d148b6824496be7ea4474e1baf233aad319b53f13658d09469;ab598bd564e61c2e3041c0ebfae3aefe4b1d6595095a0bc30fb0e8fd0ab8b64a;36b4aee05937f50071beb68369e86e6f60fbd8bc252181188027815029a4fd5e;340236;340236;positive;;;;D.E.C.;TP;contextual;1;;340236;340236;340236;340236;;;;;;;;;;;;;;https://dinem.magyp.gob.ar/dinem_fas.cfas_all.aspx;2026-10-09T14:33:11.160960Z;42d17e3943d77cc2d9822f7a82929291efc6d0e49f629813d6a904009933fe72;2026-10-09T143311160960Z_934fd5282475484fb1f6e69510c846f3;magyp-references-v1;
diario;2026-09-29;2026-09;Ac.Girasol;MAGyP;Argentina / paridad teórica;FAS teórico D.E.C.;Sin identificar;Sin identificar;diaria;D.E.C.;17d87d6b1b62bda4ea37d6c601548ea8670a0cc43a15d505d1e0e41041440c74;5e74895d56f5ffe9b2dfa8708fb63a7f8e2b4c6e1d12f1c364347cbd8edade1b;6389b2ca59a8f63e98aa07fbea5e5961a4bb3e5dafee6181b59687dce3384e27;1854968;1854968;positive;;;;D.E.C.;AG;unknown;1;;1854968;1854968;1854968;1854968;;;;;;;;;;;;;;https://dinem.magyp.gob.ar/dinem_fas.cfas_all.aspx;2026-10-09T14:33:11.160960Z;42d17e3943d77cc2d9822f7a82929291efc6d0e49f629813d6a904009933fe72;2026-10-09T143311160960Z_934fd5282475484fb1f6e69510c846f3;magyp-references-v1;
diario;2026-09-29;2026-09;Maíz;MAGyP;Argentina / paridad teórica;FAS teórico D.E.C.;ARS;TN;diaria;D.E.C.;1b6174ba23023aa9933594c7d131a3cda7bf8c885ebb4b2c42429daeea0419dc;7d81906fc8b85e8787f95a503fc0d55f4d63e9eff9e9a648752a82bf09c6f167;9a1211455d64f8805593b1cf9b6af73a4286bba5ad39568dc7beb79397eff1f5;284626;284626;positive;;;;D.E.C.;MA;contextual;1;;284626;284626;284626;284626;;;;;;;;;;;;;;https://dinem.magyp.gob.ar/dinem_fas.cfas_all.aspx;2026-10-09T14:33:11.160960Z;42d17e3943d77cc2d9822f7a82929291efc6d0e49f629813d6a904009933fe72;2026-10-09T143311160960Z_934fd5282475484fb1f6e69510c846f3;magyp-references-v1;
diario;2026-09-29;2026-09;Cebada F.;MAGyP;Argentina / paridad teórica;FAS teórico D.E.C.;ARS;TN;diaria;D.E.C.;1ea3e8de5096ffd77b4d0bdd345518a9019eed30b660116e612ac8ec48710aac;c0c14bf628210c1ab0d918c7774b02db024dfd3f0b1796908658362cc573b56f;d03ce3e8893a64d699373e3e9f1d56a6b604ed33b45bc8c33c0ab02533242fff;309484;309484;positive;;;;D.E.C.;CEBF;contextual;1;;309484;309484;309484;309484;;;;;;;;;;;;;;https://dinem.magyp.gob.ar/dinem_fas.cfas_all.aspx;2026-10-09T14:33:11.160960Z;42d17e3943d77cc2d9822f7a82929291efc6d0e49f629813d6a904009933fe72;2026-10-09T143311160960Z_934fd5282475484fb1f6e69510c846f3;magyp-references-v1;
diario;2026-09-29;2026-09;Soja;MAGyP;Argentina / paridad teórica;FAS teórico D.E.C.;ARS;TN;diaria;D.E.C.;380065bc29159a2f001da50cc2d8422b24ff811cb5a0e9362d8071aedd559389;ea5b5a0e1e7ddf36378584ee571bf3f1dd53c74fbc233965c4a80ba7c276f9bc;4bd8b09235ccfeb49d322ea977c4e9424ff06db817b05cc49f3481e26b91636e;580508;580508;positive;;;;D.E.C.;SO;contextual;1;;580508;580508;580508;580508;;;;;;;;;;;;;;https://dinem.magyp.gob.ar/dinem_fas.cfas_all.aspx;2026-10-09T14:33:11.160960Z;42d17e3943d77cc2d9822f7a82929291efc6d0e49f629813d6a904009933fe72;2026-10-09T143311160960Z_934fd5282475484fb1f6e69510c846f3;magyp-references-v1;
diario;2026-09-29;2026-09;Girasol;MAGyP;Argentina / paridad teórica;FAS teórico D.E.C.;ARS;TN;diaria;D.E.C.;3c47c29c63e9797abe6df69b60fdadb233f86dcdb59a67772dcf8c2842d70587;1060257f4080a4f4230844c9c5b0da707ecb47734448e16779bcd522d478e826;f2e56148f44ba49821773d0f91aa7df614d82e72a93f9b2606dafb3b8e55dde5;595335;595335;positive;;;;D.E.C.;GI;contextual;1;;595335;595335;595335;595335;;;;;;;;;;;;;;https://dinem.magyp.gob.ar/dinem_fas.cfas_all.aspx;2026-10-09T14:33:11.160960Z;42d17e3943d77cc2d9822f7a82929291efc6d0e49f629813d6a904009933fe72;2026-10-09T143311160960Z_934fd5282475484fb1f6e69510c846f3;magyp-references-v1;
diario;2026-09-29;2026-09;Ac.Soja;MAGyP;Argentina / paridad teórica;FAS teórico D.E.C.;Sin identificar;Sin identificar;diaria;D.E.C.;56f5c597975c5777ca7290e5ec5217413d8ddf5ad70c98591d2f2a90ef243ec3;f897a760b861db641b568af4d7a9064408e08d2948d75ed81a33162bc2e10709;dd3b56dd69dc19a4ae5c0a8e264bb948b7fbcffea0240ed865f5854ec366aacc;1387436;1387436;positive;;;;D.E.C.;AS;unknown;1;;1387436;1387436;1387436;1387436;;;;;;;;;;;;;;https://dinem.magyp.gob.ar/dinem_fas.cfas_all.aspx;2026-10-09T14:33:11.160960Z;42d17e3943d77cc2d9822f7a82929291efc6d0e49f629813d6a904009933fe72;2026-10-09T143311160960Z_934fd5282475484fb1f6e69510c846f3;magyp-references-v1;
diario;2026-09-29;2026-09;Sorgo;MAGyP;Argentina / paridad teórica;FAS teórico D.E.C.;ARS;TN;diaria;D.E.C.;968ca82ce65f0c4b03b3bf4fbd5f1e40f05a89130024c8972c9f575130aca4ae;ea4b437e0f450f8274e18caef9921ed24b501eee991a035ef41ce6af8da9e775;af4e5e7872f96cb7f455852f64f2c5f2547981327c4602eb18daf0091b96c80d;277847;277847;positive;;;;D.E.C.;SOR;contextual;1;;277847;277847;277847;277847;;;;;;;;;;;;;;https://dinem.magyp.gob.ar/dinem_fas.cfas_all.aspx;2026-10-09T14:33:11.160960Z;42d17e3943d77cc2d9822f7a82929291efc6d0e49f629813d6a904009933fe72;2026-10-09T143311160960Z_934fd5282475484fb1f6e69510c846f3;magyp-references-v1;
diario;2026-09-29;2026-09;Cebada C.;MAGyP;Argentina / paridad teórica;FAS teórico D.E.C.;ARS;TN;diaria;D.E.C.;a9cefab693afdaa3e3c7a243a7a7102999de1c1e5876cf759dc61935f2020457;5bec07ecd5ec2923777f721f602d0b706aff11814e7d5e451f2d55e8daa79a2b;48307aaab0ca1d86e60fdd44de2493eb1663df07cb8782d548d07199d061ad34;355812;355812;positive;;;;D.E.C.;CEBC;contextual;1;;355812;355812;355812;355812;;;;;;;;;;;;;;https://dinem.magyp.gob.ar/dinem_fas.cfas_all.aspx;2026-10-09T14:33:11.160960Z;42d17e3943d77cc2d9822f7a82929291efc6d0e49f629813d6a904009933fe72;2026-10-09T143311160960Z_934fd5282475484fb1f6e69510c846f3;magyp-references-v1;
diario;2026-09-29;2026-09;Trigo Pan;MAGyP;Argentina / paridad teórica;FAS teórico D.E.C.;ARS;TN;diaria;D.E.C.;bb505e9f57f8a2d148b6824496be7ea4474e1baf233aad319b53f13658d09469;b3a9bf8c28b744500735531a74611bc2d86ac113e4f4c6b0f230de8044d76eeb;499f05af195d56dba7af00f0b14ed2065558c152dace090bdc16fa8c94f102ef;338186;338186;positive;;;;D.E.C.;TP;contextual;1;;338186;338186;338186;338186;;;;;;;;;;;;;;https://dinem.magyp.gob.ar/dinem_fas.cfas_all.aspx;2026-10-09T14:33:11.160960Z;42d17e3943d77cc2d9822f7a82929291efc6d0e49f629813d6a904009933fe72;2026-10-09T143311160960Z_934fd5282475484fb1f6e69510c846f3;magyp-references-v1;
diario;2026-09-30;2026-09;Ac.Girasol;MAGyP;Argentina / paridad teórica;FAS teórico D.E.C.;Sin identificar;Sin identificar;diaria;D.E.C.;17d87d6b1b62bda4ea37d6c601548ea8670a0cc43a15d505d1e0e41041440c74;e53a6619168809b4b7e15e6482657ee5a1a19c75e99773a361c792218d6d323b;f2de456e4a6c1edf568ebde334c9d30bea590a4a035356abcaa4c425af22779f;1837272;1837272;positive;;;;D.E.C.;AG;unknown;1;;1837272;1837272;1837272;1837272;;;;;;;;;;;;;;https://dinem.magyp.gob.ar/dinem_fas.cfas_all.aspx;2026-10-09T14:33:11.160960Z;42d17e3943d77cc2d9822f7a82929291efc6d0e49f629813d6a904009933fe72;2026-10-09T143311160960Z_934fd5282475484fb1f6e69510c846f3;magyp-references-v1;
diario;2026-09-30;2026-09;Maíz;MAGyP;Argentina / paridad teórica;FAS teórico D.E.C.;ARS;TN;diaria;D.E.C.;1b6174ba23023aa9933594c7d131a3cda7bf8c885ebb4b2c42429daeea0419dc;397d928c38cfeb44a156bd0beca040ac759041bb0315d362fdf8dfe522fd37a7;7dfce8fc8f7b8b3cdec95d65e6cd3c20a52e4b2a5d6be6896254c77b370854ce;272993;272993;positive;;;;D.E.C.;MA;contextual;1;;272993;272993;272993;272993;;;;;;;;;;;;;;https://dinem.magyp.gob.ar/dinem_fas.cfas_all.aspx;2026-10-09T14:33:11.160960Z;42d17e3943d77cc2d9822f7a82929291efc6d0e49f629813d6a904009933fe72;2026-10-09T143311160960Z_934fd5282475484fb1f6e69510c846f3;magyp-references-v1;
diario;2026-09-30;2026-09;Cebada F.;MAGyP;Argentina / paridad teórica;FAS teórico D.E.C.;ARS;TN;diaria;D.E.C.;1ea3e8de5096ffd77b4d0bdd345518a9019eed30b660116e612ac8ec48710aac;1f0d5c2829c29c7cb5c277b9c87167da72c74b54a504d7125e51d11692f6dd7f;4b3fea71b87db04f4922cc488fc04f9e26ac2790ceb3475e959f7c1ba6bff000;308461;308461;positive;;;;D.E.C.;CEBF;contextual;1;;308461;308461;308461;308461;;;;;;;;;;;;;;https://dinem.magyp.gob.ar/dinem_fas.cfas_all.aspx;2026-10-09T14:33:11.160960Z;42d17e3943d77cc2d9822f7a82929291efc6d0e49f629813d6a904009933fe72;2026-10-09T143311160960Z_934fd5282475484fb1f6e69510c846f3;magyp-references-v1;
diario;2026-09-30;2026-09;Soja;MAGyP;Argentina / paridad teórica;FAS teórico D.E.C.;ARS;TN;diaria;D.E.C.;380065bc29159a2f001da50cc2d8422b24ff811cb5a0e9362d8071aedd559389;ed8fc5aedd992db5536cf816b150e94d8c1d9b09dfecbc9cebf2365450c60396;0b12709a4bd87d821e3a5c993b1616eaa638047b795ab56f4ef96b45d8036d82;574865;574865;positive;;;;D.E.C.;SO;contextual;1;;574865;574865;574865;574865;;;;;;;;;;;;;;https://dinem.magyp.gob.ar/dinem_fas.cfas_all.aspx;2026-10-09T14:33:11.160960Z;42d17e3943d77cc2d9822f7a82929291efc6d0e49f629813d6a904009933fe72;2026-10-09T143311160960Z_934fd5282475484fb1f6e69510c846f3;magyp-references-v1;
diario;2026-09-30;2026-09;Girasol;MAGyP;Argentina / paridad teórica;FAS teórico D.E.C.;ARS;TN;diaria;D.E.C.;3c47c29c63e9797abe6df69b60fdadb233f86dcdb59a67772dcf8c2842d70587;6c3dca4e6981cb6b05640ed79b4fc3150f81431e20cd7f0c9803baed6df95f9a;2b808dd938c5d7ba0bf63abf5092a268e75ad320d98c2378496e1b9cd2ab740f;589341;589341;positive;;;;D.E.C.;GI;contextual;1;;589341;589341;589341;589341;;;;;;;;;;;;;;https://dinem.magyp.gob.ar/dinem_fas.cfas_all.aspx;2026-10-09T14:33:11.160960Z;42d17e3943d77cc2d9822f7a82929291efc6d0e49f629813d6a904009933fe72;2026-10-09T143311160960Z_934fd5282475484fb1f6e69510c846f3;magyp-references-v1;
diario;2026-09-30;2026-09;Ac.Soja;MAGyP;Argentina / paridad teórica;FAS teórico D.E.C.;Sin identificar;Sin identificar;diaria;D.E.C.;56f5c597975c5777ca7290e5ec5217413d8ddf5ad70c98591d2f2a90ef243ec3;8e4aaf991af9ad5c9cb081d3e55c992ce0ab9ad349a8e25608fd69905f032f85;187cddf2a222ef3e51f2654957b96948ff71b081bc9762effaf5c918b4eebc1e;1358693;1358693;positive;;;;D.E.C.;AS;unknown;1;;1358693;1358693;1358693;1358693;;;;;;;;;;;;;;https://dinem.magyp.gob.ar/dinem_fas.cfas_all.aspx;2026-10-09T14:33:11.160960Z;42d17e3943d77cc2d9822f7a82929291efc6d0e49f629813d6a904009933fe72;2026-10-09T143311160960Z_934fd5282475484fb1f6e69510c846f3;magyp-references-v1;
diario;2026-09-30;2026-09;Sorgo;MAGyP;Argentina / paridad teórica;FAS teórico D.E.C.;ARS;TN;diaria;D.E.C.;968ca82ce65f0c4b03b3bf4fbd5f1e40f05a89130024c8972c9f575130aca4ae;585223370e76dea9e640517ea09d2ad39d34676402cd95f705e8a8467fe5df0c;d873e0d503df4e301f414f3f85031222daad7bceb11bae3495044c9e6881edd3;276929;276929;positive;;;;D.E.C.;SOR;contextual;1;;276929;276929;276929;276929;;;;;;;;;;;;;;https://dinem.magyp.gob.ar/dinem_fas.cfas_all.aspx;2026-10-09T14:33:11.160960Z;42d17e3943d77cc2d9822f7a82929291efc6d0e49f629813d6a904009933fe72;2026-10-09T143311160960Z_934fd5282475484fb1f6e69510c846f3;magyp-references-v1;
diario;2026-09-30;2026-09;Cebada C.;MAGyP;Argentina / paridad teórica;FAS teórico D.E.C.;ARS;TN;diaria;D.E.C.;a9cefab693afdaa3e3c7a243a7a7102999de1c1e5876cf759dc61935f2020457;e483475c35b4b280c2f27b2399018b59af8f1d3f579992a289686ffdfd061213;e130493784ca360ba5d12db29149d883dbbfb83735cc22a298ee2487d7850f74;354636;354636;positive;;;;D.E.C.;CEBC;contextual;1;;354636;354636;354636;354636;;;;;;;;;;;;;;https://dinem.magyp.gob.ar/dinem_fas.cfas_all.aspx;2026-10-09T14:33:11.160960Z;42d17e3943d77cc2d9822f7a82929291efc6d0e49f629813d6a904009933fe72;2026-10-09T143311160960Z_934fd5282475484fb1f6e69510c846f3;magyp-references-v1;
diario;2026-09-30;2026-09;Trigo Pan;MAGyP;Argentina / paridad teórica;FAS teórico D.E.C.;ARS;TN;diaria;D.E.C.;bb505e9f57f8a2d148b6824496be7ea4474e1baf233aad319b53f13658d09469;a29bf1ae3126bce256013289986be56ef21fccf34605cc74a5fbdd6a20c24e62;87d7fbb5d1af7c022a94ea48de529cbc680e21e0f003bb739523d85dc3ed0025;330192;330192;positive;;;;D.E.C.;TP;contextual;1;;330192;330192;330192;330192;;;;;;;;;;;;;;https://dinem.magyp.gob.ar/dinem_fas.cfas_all.aspx;2026-10-09T14:33:11.160960Z;42d17e3943d77cc2d9822f7a82929291efc6d0e49f629813d6a904009933fe72;2026-10-09T143311160960Z_934fd5282475484fb1f6e69510c846f3;magyp-references-v1;
diario;2026-10-01;2026-10;Ac.Girasol;MAGyP;Argentina / paridad teórica;FAS teórico D.E.C.;Sin identificar;Sin identificar;diaria;D.E.C.;17d87d6b1b62bda4ea37d6c601548ea8670a0cc43a15d505d1e0e41041440c74;7a4d4e0067adb094e4104359207df592e671335213cb659d27995ca582fbb7b6;6d7419848823c0dc95c947c0cfeff7abad37baa07534e9b06e8943cc385795a2;1855736;1855736;positive;;;;D.E.C.;AG;unknown;1;;1855736;1855736;1855736;1855736;;;;;;;;;;;;;;https://dinem.magyp.gob.ar/dinem_fas.cfas_all.aspx;2026-10-09T14:33:11.160960Z;42d17e3943d77cc2d9822f7a82929291efc6d0e49f629813d6a904009933fe72;2026-10-09T143311160960Z_934fd5282475484fb1f6e69510c846f3;magyp-references-v1;
diario;2026-10-01;2026-10;Maíz;MAGyP;Argentina / paridad teórica;FAS teórico D.E.C.;ARS;TN;diaria;D.E.C.;1b6174ba23023aa9933594c7d131a3cda7bf8c885ebb4b2c42429daeea0419dc;22606b54faa50e2dcea27c163e5a6bd6e4d55a44d6a15c6d3fa4d9c775700156;cf814888b9174f8d01f38ca38b2ea177302c9745a5f4799f516f6df711eb25a9;275791;275791;positive;;;;D.E.C.;MA;contextual;1;;275791;275791;275791;275791;;;;;;;;;;;;;;https://dinem.magyp.gob.ar/dinem_fas.cfas_all.aspx;2026-10-09T14:33:11.160960Z;42d17e3943d77cc2d9822f7a82929291efc6d0e49f629813d6a904009933fe72;2026-10-09T143311160960Z_934fd5282475484fb1f6e69510c846f3;magyp-references-v1;
diario;2026-10-01;2026-10;Cebada F.;MAGyP;Argentina / paridad teórica;FAS teórico D.E.C.;ARS;TN;diaria;D.E.C.;1ea3e8de5096ffd77b4d0bdd345518a9019eed30b660116e612ac8ec48710aac;16bfa8bded11743a2e9301386245612178d306fa30ef9fb7c4f42cfbc470e53e;15807ff24f274498dc5d3c52201cdfdeb2b51692ef90bb98be2b4ec87e0ae73c;310098;310098;positive;;;;D.E.C.;CEBF;contextual;1;;310098;310098;310098;310098;;;;;;;;;;;;;;https://dinem.magyp.gob.ar/dinem_fas.cfas_all.aspx;2026-10-09T14:33:11.160960Z;42d17e3943d77cc2d9822f7a82929291efc6d0e49f629813d6a904009933fe72;2026-10-09T143311160960Z_934fd5282475484fb1f6e69510c846f3;magyp-references-v1;
diario;2026-10-01;2026-10;Soja;MAGyP;Argentina / paridad teórica;FAS teórico D.E.C.;ARS;TN;diaria;D.E.C.;380065bc29159a2f001da50cc2d8422b24ff811cb5a0e9362d8071aedd559389;b28a124898b5276051dc80cbe5f82b9ba0efe529fb9464fd9d2e0868577c5dad;b8fef7de7525aa904b64e99a18adf7f0d3f56f6c2cd67ac50af6a69005864c18;574564;574564;positive;;;;D.E.C.;SO;contextual;1;;574564;574564;574564;574564;;;;;;;;;;;;;;https://dinem.magyp.gob.ar/dinem_fas.cfas_all.aspx;2026-10-09T14:33:11.160960Z;42d17e3943d77cc2d9822f7a82929291efc6d0e49f629813d6a904009933fe72;2026-10-09T143311160960Z_934fd5282475484fb1f6e69510c846f3;magyp-references-v1;
diario;2026-10-01;2026-10;Girasol;MAGyP;Argentina / paridad teórica;FAS teórico D.E.C.;ARS;TN;diaria;D.E.C.;3c47c29c63e9797abe6df69b60fdadb233f86dcdb59a67772dcf8c2842d70587;180c3e77a5cb9b80ce853a11389de386763ba292578dc54cced7871eb03f8c2e;4300b55adbb5f59c33a3eed2d14db560ff38627690c7904089c591b0c1b01f99;595470;595470;positive;;;;D.E.C.;GI;contextual;1;;595470;595470;595470;595470;;;;;;;;;;;;;;https://dinem.magyp.gob.ar/dinem_fas.cfas_all.aspx;2026-10-09T14:33:11.160960Z;42d17e3943d77cc2d9822f7a82929291efc6d0e49f629813d6a904009933fe72;2026-10-09T143311160960Z_934fd5282475484fb1f6e69510c846f3;magyp-references-v1;
diario;2026-10-01;2026-10;Ac.Soja;MAGyP;Argentina / paridad teórica;FAS teórico D.E.C.;Sin identificar;Sin identificar;diaria;D.E.C.;56f5c597975c5777ca7290e5ec5217413d8ddf5ad70c98591d2f2a90ef243ec3;573567031ec50f28c1b0be52303dfdac75c37b28ad73114b2335a8b8b3dd3be1;e611b318c621c3873ae73526ae4ee1fe29ffa85d14df943320bf7e89ba8ec575;1361277;1361277;positive;;;;D.E.C.;AS;unknown;1;;1361277;1361277;1361277;1361277;;;;;;;;;;;;;;https://dinem.magyp.gob.ar/dinem_fas.cfas_all.aspx;2026-10-09T14:33:11.160960Z;42d17e3943d77cc2d9822f7a82929291efc6d0e49f629813d6a904009933fe72;2026-10-09T143311160960Z_934fd5282475484fb1f6e69510c846f3;magyp-references-v1;
diario;2026-10-01;2026-10;Sorgo;MAGyP;Argentina / paridad teórica;FAS teórico D.E.C.;ARS;TN;diaria;D.E.C.;968ca82ce65f0c4b03b3bf4fbd5f1e40f05a89130024c8972c9f575130aca4ae;edf52af3720d584c8ecc74481a2483930f7c88329c3c3c8ec722cacb2d4c33d7;568e2194288786fd6d3c0f4501518e4f079055ad7632daf3d58959237895f70b;278398;278398;positive;;;;D.E.C.;SOR;contextual;1;;278398;278398;278398;278398;;;;;;;;;;;;;;https://dinem.magyp.gob.ar/dinem_fas.cfas_all.aspx;2026-10-09T14:33:11.160960Z;42d17e3943d77cc2d9822f7a82929291efc6d0e49f629813d6a904009933fe72;2026-10-09T143311160960Z_934fd5282475484fb1f6e69510c846f3;magyp-references-v1;
diario;2026-10-01;2026-10;Cebada C.;MAGyP;Argentina / paridad teórica;FAS teórico D.E.C.;ARS;TN;diaria;D.E.C.;a9cefab693afdaa3e3c7a243a7a7102999de1c1e5876cf759dc61935f2020457;79778d4717206aa7bc95a59d60f83e59602b91129445d6b753e6a6c54ae79f9f;242e99a48ef8a9cece6810a1305686bcfe6819844ed94553f6f477bf8436378d;356518;356518;positive;;;;D.E.C.;CEBC;contextual;1;;356518;356518;356518;356518;;;;;;;;;;;;;;https://dinem.magyp.gob.ar/dinem_fas.cfas_all.aspx;2026-10-09T14:33:11.160960Z;42d17e3943d77cc2d9822f7a82929291efc6d0e49f629813d6a904009933fe72;2026-10-09T143311160960Z_934fd5282475484fb1f6e69510c846f3;magyp-references-v1;
diario;2026-10-01;2026-10;Trigo Pan;MAGyP;Argentina / paridad teórica;FAS teórico D.E.C.;ARS;TN;diaria;D.E.C.;bb505e9f57f8a2d148b6824496be7ea4474e1baf233aad319b53f13658d09469;66f180a585787ac43c0d50b3be4b3413429b9bdc8d45d3f6f5c7739a1b6d06f1;b3588f0254cf554247a95fc30d751de1f3a20aa86bb1a1b5f32eff64f8e12db5;329184;329184;positive;;;;D.E.C.;TP;contextual;1;;329184;329184;329184;329184;;;;;;;;;;;;;;https://dinem.magyp.gob.ar/dinem_fas.cfas_all.aspx;2026-10-09T14:33:11.160960Z;42d17e3943d77cc2d9822f7a82929291efc6d0e49f629813d6a904009933fe72;2026-10-09T143311160960Z_934fd5282475484fb1f6e69510c846f3;magyp-references-v1;
diario;2026-10-02;2026-10;Ac.Girasol;MAGyP;Argentina / paridad teórica;FAS teórico D.E.C.;Sin identificar;Sin identificar;diaria;D.E.C.;17d87d6b1b62bda4ea37d6c601548ea8670a0cc43a15d505d1e0e41041440c74;41ecd95dccb8d89886ec3e94f3f54d7542330f312ab54f522a8928cb55fc7a3d;e98417bae5823fcce7b9de9748440730fab14c30932ad116eb38e8628e88b879;1862655;1862655;positive;;;;D.E.C.;AG;unknown;1;;1862655;1862655;1862655;1862655;;;;;;;;;;;;;;https://dinem.magyp.gob.ar/dinem_fas.cfas_all.aspx;2026-10-09T14:33:11.160960Z;42d17e3943d77cc2d9822f7a82929291efc6d0e49f629813d6a904009933fe72;2026-10-09T143311160960Z_934fd5282475484fb1f6e69510c846f3;magyp-references-v1;
diario;2026-10-02;2026-10;Maíz;MAGyP;Argentina / paridad teórica;FAS teórico D.E.C.;ARS;TN;diaria;D.E.C.;1b6174ba23023aa9933594c7d131a3cda7bf8c885ebb4b2c42429daeea0419dc;8965f8e7f3fae05b0c6b6e3fdf4e0448d307be0913f3b9d30a52dd3273b89333;84fb9ecc21468513d13c12b7385455f04828df8f1a15e2c429a3cc0ce141b5f1;273536;273536;positive;;;;D.E.C.;MA;contextual;1;;273536;273536;273536;273536;;;;;;;;;;;;;;https://dinem.magyp.gob.ar/dinem_fas.cfas_all.aspx;2026-10-09T14:33:11.160960Z;42d17e3943d77cc2d9822f7a82929291efc6d0e49f629813d6a904009933fe72;2026-10-09T143311160960Z_934fd5282475484fb1f6e69510c846f3;magyp-references-v1;
diario;2026-10-02;2026-10;Cebada F.;MAGyP;Argentina / paridad teórica;FAS teórico D.E.C.;ARS;TN;diaria;D.E.C.;1ea3e8de5096ffd77b4d0bdd345518a9019eed30b660116e612ac8ec48710aac;0f8db6f8570f65bc1ad246918f82c6523e59f952cfda884604c4305901803c7a;a461da6bcd904015391af6d829a4d5f3993adcac60f7383ccc166716690b31bb;309075;309075;positive;;;;D.E.C.;CEBF;contextual;1;;309075;309075;309075;309075;;;;;;;;;;;;;;https://dinem.magyp.gob.ar/dinem_fas.cfas_all.aspx;2026-10-09T14:33:11.160960Z;42d17e3943d77cc2d9822f7a82929291efc6d0e49f629813d6a904009933fe72;2026-10-09T143311160960Z_934fd5282475484fb1f6e69510c846f3;magyp-references-v1;
diario;2026-10-02;2026-10;Soja;MAGyP;Argentina / paridad teórica;FAS teórico D.E.C.;ARS;TN;diaria;D.E.C.;380065bc29159a2f001da50cc2d8422b24ff811cb5a0e9362d8071aedd559389;1b9af7d8af2ece795c3e7acd0619b29b66c09ab19e56aea7c33ac3fb69a76113;c09e48f55cadac6760edb4172069e208abae45318168ff74e0c2f7d3768efe5d;572004;572004;positive;;;;D.E.C.;SO;contextual;1;;572004;572004;572004;572004;;;;;;;;;;;;;;https://dinem.magyp.gob.ar/dinem_fas.cfas_all.aspx;2026-10-09T14:33:11.160960Z;42d17e3943d77cc2d9822f7a82929291efc6d0e49f629813d6a904009933fe72;2026-10-09T143311160960Z_934fd5282475484fb1f6e69510c846f3;magyp-references-v1;
diario;2026-10-02;2026-10;Girasol;MAGyP;Argentina / paridad teórica;FAS teórico D.E.C.;ARS;TN;diaria;D.E.C.;3c47c29c63e9797abe6df69b60fdadb233f86dcdb59a67772dcf8c2842d70587;1d89bc18d096c496e1737e9294070aefc23cd5e854bdc6a41f673fb6d8caa72f;8895387c8897cca803496c7cec3152eeed1c6309ea7635831f35d40e21e467b2;598054;598054;positive;;;;D.E.C.;GI;contextual;1;;598054;598054;598054;598054;;;;;;;;;;;;;;https://dinem.magyp.gob.ar/dinem_fas.cfas_all.aspx;2026-10-09T14:33:11.160960Z;42d17e3943d77cc2d9822f7a82929291efc6d0e49f629813d6a904009933fe72;2026-10-09T143311160960Z_934fd5282475484fb1f6e69510c846f3;magyp-references-v1;
diario;2026-10-02;2026-10;Ac.Soja;MAGyP;Argentina / paridad teórica;FAS teórico D.E.C.;Sin identificar;Sin identificar;diaria;D.E.C.;56f5c597975c5777ca7290e5ec5217413d8ddf5ad70c98591d2f2a90ef243ec3;77945ef074ba583cfa3498a9792ca4578917b47620856b47a64da36dcb4ab96a;ed14d1e564f671836d4f034a96443c16ada5d44b37759bcd7a47392b24e3c97f;1379845;1379845;positive;;;;D.E.C.;AS;unknown;1;;1379845;1379845;1379845;1379845;;;;;;;;;;;;;;https://dinem.magyp.gob.ar/dinem_fas.cfas_all.aspx;2026-10-09T14:33:11.160960Z;42d17e3943d77cc2d9822f7a82929291efc6d0e49f629813d6a904009933fe72;2026-10-09T143311160960Z_934fd5282475484fb1f6e69510c846f3;magyp-references-v1;
diario;2026-10-02;2026-10;Sorgo;MAGyP;Argentina / paridad teórica;FAS teórico D.E.C.;ARS;TN;diaria;D.E.C.;968ca82ce65f0c4b03b3bf4fbd5f1e40f05a89130024c8972c9f575130aca4ae;a52df73dfdb9217c431cd85f49adf1d2efaf3c3224ec202eebe85038b3d734a8;768a7e33b01e8689460f2d61b2301f8b89c0509cf58ac139e06d69592aa170b2;277480;277480;positive;;;;D.E.C.;SOR;contextual;1;;277480;277480;277480;277480;;;;;;;;;;;;;;https://dinem.magyp.gob.ar/dinem_fas.cfas_all.aspx;2026-10-09T14:33:11.160960Z;42d17e3943d77cc2d9822f7a82929291efc6d0e49f629813d6a904009933fe72;2026-10-09T143311160960Z_934fd5282475484fb1f6e69510c846f3;magyp-references-v1;
diario;2026-10-02;2026-10;Cebada C.;MAGyP;Argentina / paridad teórica;FAS teórico D.E.C.;ARS;TN;diaria;D.E.C.;a9cefab693afdaa3e3c7a243a7a7102999de1c1e5876cf759dc61935f2020457;27125486ad8dc131fc261a530b0e1ccd310a15ed9ead87f55f0961609a9c244b;14d30030d76cd86e6340c4fc4a52658dd8695574310302466ccca5fff869008e;355342;355342;positive;;;;D.E.C.;CEBC;contextual;1;;355342;355342;355342;355342;;;;;;;;;;;;;;https://dinem.magyp.gob.ar/dinem_fas.cfas_all.aspx;2026-10-09T14:33:11.160960Z;42d17e3943d77cc2d9822f7a82929291efc6d0e49f629813d6a904009933fe72;2026-10-09T143311160960Z_934fd5282475484fb1f6e69510c846f3;magyp-references-v1;
diario;2026-10-02;2026-10;Trigo Pan;MAGyP;Argentina / paridad teórica;FAS teórico D.E.C.;ARS;TN;diaria;D.E.C.;bb505e9f57f8a2d148b6824496be7ea4474e1baf233aad319b53f13658d09469;0b7551edb4c3ce1d5a89bcb0d1ede39e7d3647d4f1c9256709d3f29564333e39;d2bc18612ef976ac86658c83d2a978a788b7569808f00221f8be362c89722b67;328099;328099;positive;;;;D.E.C.;TP;contextual;1;;328099;328099;328099;328099;;;;;;;;;;;;;;https://dinem.magyp.gob.ar/dinem_fas.cfas_all.aspx;2026-10-09T14:33:11.160960Z;42d17e3943d77cc2d9822f7a82929291efc6d0e49f629813d6a904009933fe72;2026-10-09T143311160960Z_934fd5282475484fb1f6e69510c846f3;magyp-references-v1;
diario;2026-10-05;2026-10;Ac.Girasol;MAGyP;Argentina / paridad teórica;FAS teórico D.E.C.;Sin identificar;Sin identificar;diaria;D.E.C.;17d87d6b1b62bda4ea37d6c601548ea8670a0cc43a15d505d1e0e41041440c74;6021e49a7cf900dee00f2b054a3f407172fc799ee7bffb92f0b792b153cb0a4b;713636f8c8f26187c558893e2256563fc08fcf65ee8e34fef05c786e25e3c631;1868442;1868442;positive;;;;D.E.C.;AG;unknown;1;;1868442;1868442;1868442;1868442;;;0.213950150526722851152590100;;;;;;;;;;;https://dinem.magyp.gob.ar/dinem_fas.cfas_all.aspx;2026-10-09T14:33:11.160960Z;42d17e3943d77cc2d9822f7a82929291efc6d0e49f629813d6a904009933fe72;2026-10-09T143311160960Z_934fd5282475484fb1f6e69510c846f3;magyp-references-v1;
diario;2026-10-05;2026-10;Maíz;MAGyP;Argentina / paridad teórica;FAS teórico D.E.C.;ARS;TN;diaria;D.E.C.;1b6174ba23023aa9933594c7d131a3cda7bf8c885ebb4b2c42429daeea0419dc;a574607ece76e3d87a9d50f2e1ce2472fc59852b925d907d882e72d02546fc5c;51338df4108af49e1fe0b17e17e7b985fe2c11ac3c26c90e0710ea6b7328fcf5;274881;274881;positive;;;;D.E.C.;MA;contextual;1;;274881;274881;274881;274881;;;-3.614783127038114940916581930;;;;;;;;;;;https://dinem.magyp.gob.ar/dinem_fas.cfas_all.aspx;2026-10-09T14:33:11.160960Z;42d17e3943d77cc2d9822f7a82929291efc6d0e49f629813d6a904009933fe72;2026-10-09T143311160960Z_934fd5282475484fb1f6e69510c846f3;magyp-references-v1;
diario;2026-10-05;2026-10;Cebada F.;MAGyP;Argentina / paridad teórica;FAS teórico D.E.C.;ARS;TN;diaria;D.E.C.;1ea3e8de5096ffd77b4d0bdd345518a9019eed30b660116e612ac8ec48710aac;ea7f0899b78064c4a76ab5329af1cf450a0a7512f67931573a0fd46dddb10222;5ae89e23dd12c71b800e440044d18f73ffec81e03d80006117ef7f25a20d6f83;309075;309075;positive;;;;D.E.C.;CEBF;contextual;1;;309075;309075;309075;309075;;;-0.3298957103883288508793994200;;;;;;;;;;;https://dinem.magyp.gob.ar/dinem_fas.cfas_all.aspx;2026-10-09T14:33:11.160960Z;42d17e3943d77cc2d9822f7a82929291efc6d0e49f629813d6a904009933fe72;2026-10-09T143311160960Z_934fd5282475484fb1f6e69510c846f3;magyp-references-v1;
diario;2026-10-05;2026-10;Soja;MAGyP;Argentina / paridad teórica;FAS teórico D.E.C.;ARS;TN;diaria;D.E.C.;380065bc29159a2f001da50cc2d8422b24ff811cb5a0e9362d8071aedd559389;209c214d839fbb7f4a84ac533cec7937ba64396dad041bd1bb35ea5fee0cb5ee;bc589ecad08ec54efbe71f5c9777a5b35f62b1a848f77df0f277099788b5f6b3;571974;571974;positive;;;;D.E.C.;SO;contextual;1;;571974;571974;571974;571974;;;-1.299727699109241319330602270;;;;;;;;;;;https://dinem.magyp.gob.ar/dinem_fas.cfas_all.aspx;2026-10-09T14:33:11.160960Z;42d17e3943d77cc2d9822f7a82929291efc6d0e49f629813d6a904009933fe72;2026-10-09T143311160960Z_934fd5282475484fb1f6e69510c846f3;magyp-references-v1;
diario;2026-10-05;2026-10;Girasol;MAGyP;Argentina / paridad teórica;FAS teórico D.E.C.;ARS;TN;diaria;D.E.C.;3c47c29c63e9797abe6df69b60fdadb233f86dcdb59a67772dcf8c2842d70587;5e1f4024bf4869ef767d20b46037fc28e9f7f5a40485ddb8d825f71825842cdd;5a9d617a94d1eaa4e0aeaae0d34ee8177115781f5e5fe95f388c7d29086b0966;600063;600063;positive;;;;D.E.C.;GI;contextual;1;;600063;600063;600063;600063;;;0.255792505663857571524997800;;;;;;;;;;;https://dinem.magyp.gob.ar/dinem_fas.cfas_all.aspx;2026-10-09T14:33:11.160960Z;42d17e3943d77cc2d9822f7a82929291efc6d0e49f629813d6a904009933fe72;2026-10-09T143311160960Z_934fd5282475484fb1f6e69510c846f3;magyp-references-v1;
diario;2026-10-05;2026-10;Ac.Soja;MAGyP;Argentina / paridad teórica;FAS teórico D.E.C.;Sin identificar;Sin identificar;diaria;D.E.C.;56f5c597975c5777ca7290e5ec5217413d8ddf5ad70c98591d2f2a90ef243ec3;988ace5347af8ca1d0bd393db790bce5ac93be3d7f0a09fb74f08751b6264fd5;ea82730870b07be39ea0471fe66ca83d68fe85fa2a36b6c2cf05cff70a448a56;1375237;1375237;positive;;;;D.E.C.;AS;unknown;1;;1375237;1375237;1375237;1375237;;;-0.2453903178540859700279990100;;;;;;;;;;;https://dinem.magyp.gob.ar/dinem_fas.cfas_all.aspx;2026-10-09T14:33:11.160960Z;42d17e3943d77cc2d9822f7a82929291efc6d0e49f629813d6a904009933fe72;2026-10-09T143311160960Z_934fd5282475484fb1f6e69510c846f3;magyp-references-v1;
diario;2026-10-05;2026-10;Sorgo;MAGyP;Argentina / paridad teórica;FAS teórico D.E.C.;ARS;TN;diaria;D.E.C.;968ca82ce65f0c4b03b3bf4fbd5f1e40f05a89130024c8972c9f575130aca4ae;a7cba791d74dc17e27ed3a4211edc0f0133401369e00dcaf0a7bf22c76e9a4e5;0d08389aa4ffb810ca31721fd0d23001ab5cb26c8a2bcabdbf35c96c2d1011fc;277480;277480;positive;;;;D.E.C.;SOR;contextual;1;;277480;277480;277480;277480;;;-0.3297437481591103384363393400;;;;;;;;;;;https://dinem.magyp.gob.ar/dinem_fas.cfas_all.aspx;2026-10-09T14:33:11.160960Z;42d17e3943d77cc2d9822f7a82929291efc6d0e49f629813d6a904009933fe72;2026-10-09T143311160960Z_934fd5282475484fb1f6e69510c846f3;magyp-references-v1;
diario;2026-10-05;2026-10;Cebada C.;MAGyP;Argentina / paridad teórica;FAS teórico D.E.C.;ARS;TN;diaria;D.E.C.;a9cefab693afdaa3e3c7a243a7a7102999de1c1e5876cf759dc61935f2020457;abf7e271048834836c28d7f477731dc16ae396c8d125a794091a3b774e1ea662;bf62ceeafd9e1249750bf3496c156805fc27401bc7181d52ea0ce9ee31dede6a;355342;355342;positive;;;;D.E.C.;CEBC;contextual;1;;355342;355342;355342;355342;;;-0.3298571180136767288047167300;;;;;;;;;;;https://dinem.magyp.gob.ar/dinem_fas.cfas_all.aspx;2026-10-09T14:33:11.160960Z;42d17e3943d77cc2d9822f7a82929291efc6d0e49f629813d6a904009933fe72;2026-10-09T143311160960Z_934fd5282475484fb1f6e69510c846f3;magyp-references-v1;
diario;2026-10-05;2026-10;Trigo Pan;MAGyP;Argentina / paridad teórica;FAS teórico D.E.C.;ARS;TN;diaria;D.E.C.;bb505e9f57f8a2d148b6824496be7ea4474e1baf233aad319b53f13658d09469;16e020db7842193b34420714b80ef7b4d5273b5b06801cd5c024a902ec1bd876;c7e41d8940a8099c017f63863b5dd0d9d21a34dee273f2d9c8a76eb6d490608b;326693;326693;positive;;;;D.E.C.;TP;contextual;1;;326693;326693;326693;326693;;;-3.980472377996449523272081730;;;;;;;;;;;https://dinem.magyp.gob.ar/dinem_fas.cfas_all.aspx;2026-10-09T14:33:11.160960Z;42d17e3943d77cc2d9822f7a82929291efc6d0e49f629813d6a904009933fe72;2026-10-09T143311160960Z_934fd5282475484fb1f6e69510c846f3;magyp-references-v1;
diario;2026-10-06;2026-10;Ac.Girasol;MAGyP;Argentina / paridad teórica;FAS teórico D.E.C.;Sin identificar;Sin identificar;diaria;D.E.C.;17d87d6b1b62bda4ea37d6c601548ea8670a0cc43a15d505d1e0e41041440c74;fe78e6d5e1a3c93e1093a47f14e90c77c9679a59789f5cd08fa0442d449db96b;bb959a4dbabe6a2dd8912a3a2f19d87f12f5a60914c1f04840896dc28649a4cf;1878581;1878581;positive;;;;D.E.C.;AG;unknown;1;;1878581;1878581;1878581;1878581;;;1.272959964808018251527789200;;;;;;;;;;;https://dinem.magyp.gob.ar/dinem_fas.cfas_all.aspx;2026-10-09T14:33:11.160960Z;42d17e3943d77cc2d9822f7a82929291efc6d0e49f629813d6a904009933fe72;2026-10-09T143311160960Z_934fd5282475484fb1f6e69510c846f3;magyp-references-v1;
diario;2026-10-06;2026-10;Maíz;MAGyP;Argentina / paridad teórica;FAS teórico D.E.C.;ARS;TN;diaria;D.E.C.;1b6174ba23023aa9933594c7d131a3cda7bf8c885ebb4b2c42429daeea0419dc;626fca96f53aed2a0d023f52800269696b58ed1978e176ea3e4f5d8d823b33b9;83912ad7cc42e0463ad9e4c4056781830ba5dff7efdf5fd92a2298ee3f62ab36;281545;281545;positive;;;;D.E.C.;MA;contextual;1;;281545;281545;281545;281545;;;-1.082473140190987471278098280;;;;;;;;;;;https://dinem.magyp.gob.ar/dinem_fas.cfas_all.aspx;2026-10-09T14:33:11.160960Z;42d17e3943d77cc2d9822f7a82929291efc6d0e49f629813d6a904009933fe72;2026-10-09T143311160960Z_934fd5282475484fb1f6e69510c846f3;magyp-references-v1;
diario;2026-10-06;2026-10;Cebada F.;MAGyP;Argentina / paridad teórica;FAS teórico D.E.C.;ARS;TN;diaria;D.E.C.;1ea3e8de5096ffd77b4d0bdd345518a9019eed30b660116e612ac8ec48710aac;092d013a6af72e2f6c69bf370a456f39ff236f4d77052e4e2d6d58010f5fbd20;f6e762e86a8f8bb7b65ca055fde672f5d3bcc227eb0d9a3e76a0ba8bfac938d0;309075;309075;positive;;;;D.E.C.;CEBF;contextual;1;;309075;309075;309075;309075;;;-0.1321554587636194439777177500;;;;;;;;;;;https://dinem.magyp.gob.ar/dinem_fas.cfas_all.aspx;2026-10-09T14:33:11.160960Z;42d17e3943d77cc2d9822f7a82929291efc6d0e49f629813d6a904009933fe72;2026-10-09T143311160960Z_934fd5282475484fb1f6e69510c846f3;magyp-references-v1;
diario;2026-10-06;2026-10;Soja;MAGyP;Argentina / paridad teórica;FAS teórico D.E.C.;ARS;TN;diaria;D.E.C.;380065bc29159a2f001da50cc2d8422b24ff811cb5a0e9362d8071aedd559389;ba7d6bab70a56583b0dfee3d0536a14fea8ba4c68f661c68d13ccbe42e44edf7;e1f64e6a65b1c204dbefe88bcb4bee12e4198f87b2048d6eef0c5554926168db;580058;580058;positive;;;;D.E.C.;SO;contextual;1;;580058;580058;580058;580058;;;-0.0775183115478167398209843800;;;;;;;;;;;https://dinem.magyp.gob.ar/dinem_fas.cfas_all.aspx;2026-10-09T14:33:11.160960Z;42d17e3943d77cc2d9822f7a82929291efc6d0e49f629813d6a904009933fe72;2026-10-09T143311160960Z_934fd5282475484fb1f6e69510c846f3;magyp-references-v1;
diario;2026-10-06;2026-10;Girasol;MAGyP;Argentina / paridad teórica;FAS teórico D.E.C.;ARS;TN;diaria;D.E.C.;3c47c29c63e9797abe6df69b60fdadb233f86dcdb59a67772dcf8c2842d70587;a9e964c9885a28e268ea30097aa7074011576b9d4002acc7e9b5936e8037fae5;7775229af4d0ebffa47581c404bd9689d70ec0c8f2a3381575ee33ce8012ac6d;603584;603584;positive;;;;D.E.C.;GI;contextual;1;;603584;603584;603584;603584;;;1.385606423274290945434083300;;;;;;;;;;;https://dinem.magyp.gob.ar/dinem_fas.cfas_all.aspx;2026-10-09T14:33:11.160960Z;42d17e3943d77cc2d9822f7a82929291efc6d0e49f629813d6a904009933fe72;2026-10-09T143311160960Z_934fd5282475484fb1f6e69510c846f3;magyp-references-v1;
diario;2026-10-06;2026-10;Ac.Soja;MAGyP;Argentina / paridad teórica;FAS teórico D.E.C.;Sin identificar;Sin identificar;diaria;D.E.C.;56f5c597975c5777ca7290e5ec5217413d8ddf5ad70c98591d2f2a90ef243ec3;8321e2413288ae3ac301af21291ea0e09c955fe61ceb160db4507dbc513600c9;280d0f8784f84aaf00e15e66c3826298161c826e88b81fe5bbc4656f42d0054b;1374073;1374073;positive;;;;D.E.C.;AS;unknown;1;;1374073;1374073;1374073;1374073;;;-0.9631435251788190590412819000;;;;;;;;;;;https://dinem.magyp.gob.ar/dinem_fas.cfas_all.aspx;2026-10-09T14:33:11.160960Z;42d17e3943d77cc2d9822f7a82929291efc6d0e49f629813d6a904009933fe72;2026-10-09T143311160960Z_934fd5282475484fb1f6e69510c846f3;magyp-references-v1;
diario;2026-10-06;2026-10;Sorgo;MAGyP;Argentina / paridad teórica;FAS teórico D.E.C.;ARS;TN;diaria;D.E.C.;968ca82ce65f0c4b03b3bf4fbd5f1e40f05a89130024c8972c9f575130aca4ae;1025f91bef3f4cfc650b92df0015b0d03b1c933916360a35760d292b2a8c1a62;7c05c7e18dc2d95137724a5cda99ad42231c0cde2b0e1f32d3c090fd8769f26c;277480;277480;positive;;;;D.E.C.;SOR;contextual;1;;277480;277480;277480;277480;;;-0.1320870838986924458424960500;;;;;;;;;;;https://dinem.magyp.gob.ar/dinem_fas.cfas_all.aspx;2026-10-09T14:33:11.160960Z;42d17e3943d77cc2d9822f7a82929291efc6d0e49f629813d6a904009933fe72;2026-10-09T143311160960Z_934fd5282475484fb1f6e69510c846f3;magyp-references-v1;
diario;2026-10-06;2026-10;Cebada C.;MAGyP;Argentina / paridad teórica;FAS teórico D.E.C.;ARS;TN;diaria;D.E.C.;a9cefab693afdaa3e3c7a243a7a7102999de1c1e5876cf759dc61935f2020457;0abb0b8882fcf708ab09bf92653cf627cc50b4ecf53af02708416426a303ee34;1d89af55fde4fa7819fc4197dfbc879b2727343f1ea1e012bf56c697e54506aa;355342;355342;positive;;;;D.E.C.;CEBC;contextual;1;;355342;355342;355342;355342;;;-0.1320922284802086495115398000;;;;;;;;;;;https://dinem.magyp.gob.ar/dinem_fas.cfas_all.aspx;2026-10-09T14:33:11.160960Z;42d17e3943d77cc2d9822f7a82929291efc6d0e49f629813d6a904009933fe72;2026-10-09T143311160960Z_934fd5282475484fb1f6e69510c846f3;magyp-references-v1;
diario;2026-10-06;2026-10;Trigo Pan;MAGyP;Argentina / paridad teórica;FAS teórico D.E.C.;ARS;TN;diaria;D.E.C.;bb505e9f57f8a2d148b6824496be7ea4474e1baf233aad319b53f13658d09469;38fadae3b9e299ab2d8c617d31ab88e58f8588edc82657f5c67274c1ca87af2d;24c0eec726c39c7bb3bf0d8628762254dc436326f03fb329c284dba45cf77637;329458;329458;positive;;;;D.E.C.;TP;contextual;1;;329458;329458;329458;329458;;;-2.580828301585518028540507290;;;;;;;;;;;https://dinem.magyp.gob.ar/dinem_fas.cfas_all.aspx;2026-10-09T14:33:11.160960Z;42d17e3943d77cc2d9822f7a82929291efc6d0e49f629813d6a904009933fe72;2026-10-09T143311160960Z_934fd5282475484fb1f6e69510c846f3;magyp-references-v1;
diario;2026-10-07;2026-10;Ac.Girasol;MAGyP;Argentina / paridad teórica;FAS teórico D.E.C.;Sin identificar;Sin identificar;diaria;D.E.C.;17d87d6b1b62bda4ea37d6c601548ea8670a0cc43a15d505d1e0e41041440c74;fa6c499343ef4fcfcf13e88a773285de378db178eb4743298cb67f86a6f0ea58;713551e956bfdd60e25149b574256584fac02321e80f174a82f7515fc75e9f47;1882074;1882074;positive;;;;D.E.C.;AG;unknown;1;;1882074;1882074;1882074;1882074;;;2.438506655519705302208927100;;;;;;;;;;;https://dinem.magyp.gob.ar/dinem_fas.cfas_all.aspx;2026-10-09T14:33:11.160960Z;42d17e3943d77cc2d9822f7a82929291efc6d0e49f629813d6a904009933fe72;2026-10-09T143311160960Z_934fd5282475484fb1f6e69510c846f3;magyp-references-v1;
diario;2026-10-07;2026-10;Maíz;MAGyP;Argentina / paridad teórica;FAS teórico D.E.C.;ARS;TN;diaria;D.E.C.;1b6174ba23023aa9933594c7d131a3cda7bf8c885ebb4b2c42429daeea0419dc;34cdcabae1d0cb3f045af33a25e6b9113a47c7e885347c1a148454565431a905;99cb8fa50d113838476af7c081b7e26bd2500c60ce12274f1577d1d24b439b4b;280986;280986;positive;;;;D.E.C.;MA;contextual;1;;280986;280986;280986;280986;;;2.927913902554277948518826500;;;;;;;;;;;https://dinem.magyp.gob.ar/dinem_fas.cfas_all.aspx;2026-10-09T14:33:11.160960Z;42d17e3943d77cc2d9822f7a82929291efc6d0e49f629813d6a904009933fe72;2026-10-09T143311160960Z_934fd5282475484fb1f6e69510c846f3;magyp-references-v1;
diario;2026-10-07;2026-10;Cebada F.;MAGyP;Argentina / paridad teórica;FAS teórico D.E.C.;ARS;TN;diaria;D.E.C.;1ea3e8de5096ffd77b4d0bdd345518a9019eed30b660116e612ac8ec48710aac;b59274277f5e9d891b0639b088726c04c1176964da331150f07f73e5bdf7b10f;42ce370dbdf2aaf3a8ada21866ecf271ac8fd0ee0288f54c7331e3d6bc213573;308461;308461;positive;;;;D.E.C.;CEBF;contextual;1;;308461;308461;308461;308461;;;0;;;;;;;;;;;https://dinem.magyp.gob.ar/dinem_fas.cfas_all.aspx;2026-10-09T14:33:11.160960Z;42d17e3943d77cc2d9822f7a82929291efc6d0e49f629813d6a904009933fe72;2026-10-09T143311160960Z_934fd5282475484fb1f6e69510c846f3;magyp-references-v1;
diario;2026-10-07;2026-10;Soja;MAGyP;Argentina / paridad teórica;FAS teórico D.E.C.;ARS;TN;diaria;D.E.C.;380065bc29159a2f001da50cc2d8422b24ff811cb5a0e9362d8071aedd559389;c52b3d05ec7c2533288b01c68d308f9d6ecb0a01c01b8b0c1f834af55dc56545;7301dc18ce2e843345e489d9b478967329b127b56491ccc6349b5aaa89e7f967;583279;583279;positive;;;;D.E.C.;SO;contextual;1;;583279;583279;583279;583279;;;1.463647986918667861150009100;;;;;;;;;;;https://dinem.magyp.gob.ar/dinem_fas.cfas_all.aspx;2026-10-09T14:33:11.160960Z;42d17e3943d77cc2d9822f7a82929291efc6d0e49f629813d6a904009933fe72;2026-10-09T143311160960Z_934fd5282475484fb1f6e69510c846f3;magyp-references-v1;
diario;2026-10-07;2026-10;Girasol;MAGyP;Argentina / paridad teórica;FAS teórico D.E.C.;ARS;TN;diaria;D.E.C.;3c47c29c63e9797abe6df69b60fdadb233f86dcdb59a67772dcf8c2842d70587;120197fdd706bbeff6ffa64e3fa5c9b7c1768d3703e6b88f8bf2e1c754d9e0bb;7ead57f6109fa0c4954acfd41e6b6f648402d5920ecbb4249b9833de7a149334;604889;604889;positive;;;;D.E.C.;GI;contextual;1;;604889;604889;604889;604889;;;2.638200973629867937238373000;;;;;;;;;;;https://dinem.magyp.gob.ar/dinem_fas.cfas_all.aspx;2026-10-09T14:33:11.160960Z;42d17e3943d77cc2d9822f7a82929291efc6d0e49f629813d6a904009933fe72;2026-10-09T143311160960Z_934fd5282475484fb1f6e69510c846f3;magyp-references-v1;
diario;2026-10-07;2026-10;Ac.Soja;MAGyP;Argentina / paridad teórica;FAS teórico D.E.C.;Sin identificar;Sin identificar;diaria;D.E.C.;56f5c597975c5777ca7290e5ec5217413d8ddf5ad70c98591d2f2a90ef243ec3;a718efa6184ec42eedc400ddd6b6617234b4af5591010e7fd082853c12a00d9c;eb098a93afae4587949cd9b47a67f4d5106af071a1c62026f640f03f1567f600;1346026;1346026;positive;;;;D.E.C.;AS;unknown;1;;1346026;1346026;1346026;1346026;;;-0.9322930198359747198226530900;;;;;;;;;;;https://dinem.magyp.gob.ar/dinem_fas.cfas_all.aspx;2026-10-09T14:33:11.160960Z;42d17e3943d77cc2d9822f7a82929291efc6d0e49f629813d6a904009933fe72;2026-10-09T143311160960Z_934fd5282475484fb1f6e69510c846f3;magyp-references-v1;
diario;2026-10-07;2026-10;Sorgo;MAGyP;Argentina / paridad teórica;FAS teórico D.E.C.;ARS;TN;diaria;D.E.C.;968ca82ce65f0c4b03b3bf4fbd5f1e40f05a89130024c8972c9f575130aca4ae;f9348b5c3465d1fa2bb47c0fa4d2b255d39ebfee1a75c9d26d9938e5d2661437;5d645fdd1a5dabdc49982dc84efde4ba5c5a4bc6c1c22db2e1381859e0e14ee4;276929;276929;positive;;;;D.E.C.;SOR;contextual;1;;276929;276929;276929;276929;;;0;;;;;;;;;;;https://dinem.magyp.gob.ar/dinem_fas.cfas_all.aspx;2026-10-09T14:33:11.160960Z;42d17e3943d77cc2d9822f7a82929291efc6d0e49f629813d6a904009933fe72;2026-10-09T143311160960Z_934fd5282475484fb1f6e69510c846f3;magyp-references-v1;
diario;2026-10-07;2026-10;Cebada C.;MAGyP;Argentina / paridad teórica;FAS teórico D.E.C.;ARS;TN;diaria;D.E.C.;a9cefab693afdaa3e3c7a243a7a7102999de1c1e5876cf759dc61935f2020457;7f8b42ac33ef7bf89fe374bef3fddced62edc75791ffa3a97af14d4fac1ca68f;078427e1ff8abaaeb703093fd8db5904933c3cf1a62ab2aba4a1fda43361ad63;354636;354636;positive;;;;D.E.C.;CEBC;contextual;1;;354636;354636;354636;354636;;;0;;;;;;;;;;;https://dinem.magyp.gob.ar/dinem_fas.cfas_all.aspx;2026-10-09T14:33:11.160960Z;42d17e3943d77cc2d9822f7a82929291efc6d0e49f629813d6a904009933fe72;2026-10-09T143311160960Z_934fd5282475484fb1f6e69510c846f3;magyp-references-v1;
diario;2026-10-07;2026-10;Trigo Pan;MAGyP;Argentina / paridad teórica;FAS teórico D.E.C.;ARS;TN;diaria;D.E.C.;bb505e9f57f8a2d148b6824496be7ea4474e1baf233aad319b53f13658d09469;bd876cb1814f0fb6e84050be2368873f2c41d31eaa26072787400b78acdb6392;95946922a012cb64426723ded2326b27fd52f9839d82a56af3f846827d1d5dbf;334324;334324;positive;;;;D.E.C.;TP;contextual;1;;334324;334324;334324;334324;;;1.251393128846247032029849300;;;;;;;;;;;https://dinem.magyp.gob.ar/dinem_fas.cfas_all.aspx;2026-10-09T14:33:11.160960Z;42d17e3943d77cc2d9822f7a82929291efc6d0e49f629813d6a904009933fe72;2026-10-09T143311160960Z_934fd5282475484fb1f6e69510c846f3;magyp-references-v1;
diario;2026-10-08;2026-10;Ac.Girasol;MAGyP;Argentina / paridad teórica;FAS teórico D.E.C.;Sin identificar;Sin identificar;diaria;D.E.C.;17d87d6b1b62bda4ea37d6c601548ea8670a0cc43a15d505d1e0e41041440c74;eaafd82c737eba68644a092e1043a1ec010d3c70d02d7a7b5d2685c874cb24e5;a51d17dd1bdeeb046f0e46ea0e1d6b52ed37ad371db8620b021a6b5960dfde80;1885152;1885152;positive;;;;D.E.C.;AG;unknown;1;;1885152;1885152;1885152;1885152;;;1.585139265498971836511227900;;;;;;;;;;;https://dinem.magyp.gob.ar/dinem_fas.cfas_all.aspx;2026-10-09T14:33:11.160960Z;42d17e3943d77cc2d9822f7a82929291efc6d0e49f629813d6a904009933fe72;2026-10-09T143311160960Z_934fd5282475484fb1f6e69510c846f3;magyp-references-v1;
diario;2026-10-08;2026-10;Maíz;MAGyP;Argentina / paridad teórica;FAS teórico D.E.C.;ARS;TN;diaria;D.E.C.;1b6174ba23023aa9933594c7d131a3cda7bf8c885ebb4b2c42429daeea0419dc;c2b672f1f26a0bb14f98ed39c6e9e3fcedbde18d33031a2ccb505cb9407fa1d7;2d467ae93d850d66d53b2cef242a6031527080da8e125a1335684d88891ead6c;276836;276836;positive;;;;D.E.C.;MA;contextual;1;;276836;276836;276836;276836;;;0.378910116718819685921585500;;;;;;;;;;;https://dinem.magyp.gob.ar/dinem_fas.cfas_all.aspx;2026-10-09T14:33:11.160960Z;42d17e3943d77cc2d9822f7a82929291efc6d0e49f629813d6a904009933fe72;2026-10-09T143311160960Z_934fd5282475484fb1f6e69510c846f3;magyp-references-v1;
diario;2026-10-08;2026-10;Cebada F.;MAGyP;Argentina / paridad teórica;FAS teórico D.E.C.;ARS;TN;diaria;D.E.C.;1ea3e8de5096ffd77b4d0bdd345518a9019eed30b660116e612ac8ec48710aac;f4af105feed5c3d273ac511c529de8580208e7d68636f42b84573fd49c318928;e101f1f37efd36500d983b7f3503c6d9ee584499cc296bf0853fd78bb2bad009;308257;308257;positive;;;;D.E.C.;CEBF;contextual;1;;308257;308257;308257;308257;;;-0.5936832872188791930293004100;;;;;;;;;;;https://dinem.magyp.gob.ar/dinem_fas.cfas_all.aspx;2026-10-09T14:33:11.160960Z;42d17e3943d77cc2d9822f7a82929291efc6d0e49f629813d6a904009933fe72;2026-10-09T143311160960Z_934fd5282475484fb1f6e69510c846f3;magyp-references-v1;
diario;2026-10-08;2026-10;Soja;MAGyP;Argentina / paridad teórica;FAS teórico D.E.C.;ARS;TN;diaria;D.E.C.;380065bc29159a2f001da50cc2d8422b24ff811cb5a0e9362d8071aedd559389;6fed90bb3416a7aa527c531bd5d241576b5896496e4692d7471bc3e5d7590df3;41613faf4ef00d63546836020a00076a134fe584cca228c8626a9df57b5a742a;579411;579411;positive;;;;D.E.C.;SO;contextual;1;;579411;579411;579411;579411;;;0.843596187717991381290857100;;;;;;;;;;;https://dinem.magyp.gob.ar/dinem_fas.cfas_all.aspx;2026-10-09T14:33:11.160960Z;42d17e3943d77cc2d9822f7a82929291efc6d0e49f629813d6a904009933fe72;2026-10-09T143311160960Z_934fd5282475484fb1f6e69510c846f3;magyp-references-v1;
diario;2026-10-08;2026-10;Girasol;MAGyP;Argentina / paridad teórica;FAS teórico D.E.C.;ARS;TN;diaria;D.E.C.;3c47c29c63e9797abe6df69b60fdadb233f86dcdb59a67772dcf8c2842d70587;858ee5cde19e0cbcb1656dc60b9fc71d037b90c7e06da5baeb03af01dcda53df;dfd1001f10a42fe7fa34c814de0f5022deff6e732fda1df1e1c371349759b17f;605995;605995;positive;;;;D.E.C.;GI;contextual;1;;605995;605995;605995;605995;;;1.767511377567299780005709800;;;;;;;;;;;https://dinem.magyp.gob.ar/dinem_fas.cfas_all.aspx;2026-10-09T14:33:11.160960Z;42d17e3943d77cc2d9822f7a82929291efc6d0e49f629813d6a904009933fe72;2026-10-09T143311160960Z_934fd5282475484fb1f6e69510c846f3;magyp-references-v1;
diario;2026-10-08;2026-10;Ac.Soja;MAGyP;Argentina / paridad teórica;FAS teórico D.E.C.;Sin identificar;Sin identificar;diaria;D.E.C.;56f5c597975c5777ca7290e5ec5217413d8ddf5ad70c98591d2f2a90ef243ec3;f8cb240724f2907790fc55198b28a3c4aaf768bbcada7b8170bad5168b00b0ac;78af14bda4af039371b94daa9b981ef93934027da68ae215d7fd6d15e2aa7c12;1353196;1353196;positive;;;;D.E.C.;AS;unknown;1;;1353196;1353196;1353196;1353196;;;-0.5936337718186673248721604800;;;;;;;;;;;https://dinem.magyp.gob.ar/dinem_fas.cfas_all.aspx;2026-10-09T14:33:11.160960Z;42d17e3943d77cc2d9822f7a82929291efc6d0e49f629813d6a904009933fe72;2026-10-09T143311160960Z_934fd5282475484fb1f6e69510c846f3;magyp-references-v1;
diario;2026-10-08;2026-10;Sorgo;MAGyP;Argentina / paridad teórica;FAS teórico D.E.C.;ARS;TN;diaria;D.E.C.;968ca82ce65f0c4b03b3bf4fbd5f1e40f05a89130024c8972c9f575130aca4ae;4e4ec5b912b8534af9b32ab38ae947cec32f2a0b72f93bed68aaf62f9fa9fe13;2d94283a0ac7fa3a4d8b03b9968006d4d6fa6bdb4dada6f085ab7bd431a43610;276745;276745;positive;;;;D.E.C.;SOR;contextual;1;;276745;276745;276745;276745;;;-0.5937542654760450865307940400;;;;;;;;;;;https://dinem.magyp.gob.ar/dinem_fas.cfas_all.aspx;2026-10-09T14:33:11.160960Z;42d17e3943d77cc2d9822f7a82929291efc6d0e49f629813d6a904009933fe72;2026-10-09T143311160960Z_934fd5282475484fb1f6e69510c846f3;magyp-references-v1;
diario;2026-10-08;2026-10;Cebada C.;MAGyP;Argentina / paridad teórica;FAS teórico D.E.C.;ARS;TN;diaria;D.E.C.;a9cefab693afdaa3e3c7a243a7a7102999de1c1e5876cf759dc61935f2020457;0d2292f15b3ca5c01256127f77270afbdc0b0c13b1051fa512370a4fd0a0655f;89c26f211c79fe731fede24c1d3297af19221b5194dd332e95d8df110498f5ef;354401;354401;positive;;;;D.E.C.;CEBC;contextual;1;;354401;354401;354401;354401;;;-0.5937989105739401657139331000;;;;;;;;;;;https://dinem.magyp.gob.ar/dinem_fas.cfas_all.aspx;2026-10-09T14:33:11.160960Z;42d17e3943d77cc2d9822f7a82929291efc6d0e49f629813d6a904009933fe72;2026-10-09T143311160960Z_934fd5282475484fb1f6e69510c846f3;magyp-references-v1;
diario;2026-10-08;2026-10;Trigo Pan;MAGyP;Argentina / paridad teórica;FAS teórico D.E.C.;ARS;TN;diaria;D.E.C.;bb505e9f57f8a2d148b6824496be7ea4474e1baf233aad319b53f13658d09469;2a03c3a619fe52a9fe3870832af167810cb2165f86341c31e9a265e69dfa10ad;64bd0893eb5af5a7e6356bf0f4594cba864816d6f74931f67dd582f8fc054d45;328586;328586;positive;;;;D.E.C.;TP;contextual;1;;328586;328586;328586;328586;;;-0.1816613201127636823174880900;;;;;;;;;;;https://dinem.magyp.gob.ar/dinem_fas.cfas_all.aspx;2026-10-09T14:33:11.160960Z;42d17e3943d77cc2d9822f7a82929291efc6d0e49f629813d6a904009933fe72;2026-10-09T143311160960Z_934fd5282475484fb1f6e69510c846f3;magyp-references-v1;
resumen;;;;;;;;;;;;;;;;;;;;;;;;;;;;;;;;;;;;;;2026-10-09T14:33:11.160960Z;2025-10-21;2026-10-08;162;https://dinem.magyp.gob.ar/dinem_fas.cfas_all.aspx;;;;magyp-references-v1;
