fecha;año;mes;commodity;fuente;mercado;tipo_precio;precio_tipo_original;precio_unidad;precio_total;campo_precio_original;valor_precio_original;precio_original_texto;moneda;moneda_explicitamente_informada;moneda_inferida;campo_moneda_original;valor_moneda_original;unidad;precio;volumen;volumen_unidad;campo_volumen_original;procedencia;provincia;localidad;zona;lugar_entrega;precio_puesto_en;operacion;condicion_pago;condicion_comercial;frecuencia;archivo_origen;fecha_integracion;observaciones;apto_piloto;apto_dashboard;pagina_origen;id_operacion_sio;muestra_tipo;muestra_paginas;estado_paginacion;precio_cero_flag;precio_cero_tipo;precio_valido_para_serie
2026-09-07;2026;9;Maíz;SIO Granos / Secretaría de Agricultura;;Compraventa;Precio Hecho;190;;PRECIO/TN MONTO;190,00;190,00;USD;sí;no;PRECIO/TN MONEDA;U$S;TN;190;40,00;TN;CANT. (TN);SANTA FE;SANTA FE;;Zona 12/En destino;Zona 12/En destino;;Contrato;Contra entrega;;;SIO_exportar_operaciones_2026-09-07.csv;2026-09-08;moneda informada explícitamente en campo original: USD;sí;no;;;exportacion_manual;1;no_aplica;no;no_aplica;sí
2026-09-07;2026;9;Soja;SIO Granos / Secretaría de Agricultura;;Compraventa;Precio Hecho;355;;PRECIO/TN MONTO;355,00;355,00;USD;sí;no;PRECIO/TN MONEDA;U$S;TN;355;240,00;TN;CANT. (TN);BUENOS AIRES;BUENOS AIRES;;Quequen/En destino;Quequen/En destino;;Contrato;Contra entrega;;;SIO_exportar_operaciones_2026-09-07.csv;2026-09-08;moneda informada explícitamente en campo original: USD;sí;no;;;exportacion_manual;1;no_aplica;no;no_aplica;sí
2026-09-07;2026;9;Soja;SIO Granos / Secretaría de Agricultura;;Canje;Precio Hecho;520000;;PRECIO/TN MONTO;520000,00;520000,00;ARS;sí;no;PRECIO/TN MONEDA;$;TN;520000;30,34;TN;CANT. (TN);CÓRDOBA;CÓRDOBA;;Zona 9/En destino;Zona 9/En destino;;Contrato;Contra entrega;;;SIO_exportar_operaciones_2026-09-07.csv;2026-09-08;moneda informada explícitamente en campo original: ARS;sí;no;;;exportacion_manual;1;no_aplica;no;no_aplica;sí
2026-09-07;2026;9;TRIGO PAN;SIO Granos / Secretaría de Agricultura;;Compraventa;Precio Hecho;346484;;PRECIO/TN MONTO;346484,00;346484,00;ARS;sí;no;PRECIO/TN MONEDA;$;TN;346484;40,00;TN;CANT. (TN);SANTA FE;SANTA FE;;Zona 14/En destino;Zona 14/En destino;;Anulación;A plazo;;;SIO_exportar_operaciones_2026-09-07.csv;2026-09-08;"commodity no catalogado; se conserva para revisión; moneda informada explícitamente en campo original: ARS";sí;no;;;exportacion_manual;1;no_aplica;no;no_aplica;sí
2026-09-07;2026;9;Soja;SIO Granos / Secretaría de Agricultura;;Compraventa;Fijar Precio/Prec. Cam.;0;;PRECIO/TN MONTO;0;0;Sin especificar;no;no;PRECIO/TN MONEDA;0;TN;0;500,00;TN;CANT. (TN);SANTA FE;SANTA FE;;Rosario S/En destino;Rosario S/En destino;;Contrato;Contra entrega;;;SIO_exportar_operaciones_2026-09-07.csv;2026-09-08;"precio cero clasificado como cero_explicito; excluido de series de precios; moneda no informada explícitamente en endpoint GetOperaciones; no se infiere del valor original";sí;no;;;exportacion_manual;1;no_aplica;sí;cero_explicito;no
2026-09-07;2026;9;Maíz;SIO Granos / Secretaría de Agricultura;;Compraventa;Fijar Precio/Prec. Cam.;0;;PRECIO/TN MONTO;0;0;Sin especificar;no;no;PRECIO/TN MONEDA;0;TN;0;500,00;TN;CANT. (TN);SANTA FE;SANTA FE;;Zona 4/En destino;Zona 4/En destino;;Rectificación;Contra entrega;;;SIO_exportar_operaciones_2026-09-07.csv;2026-09-08;"precio cero clasificado como operacion_sin_precio; excluido de series de precios; moneda no informada explícitamente en endpoint GetOperaciones; no se infiere del valor original";sí;no;;;exportacion_manual;1;no_aplica;sí;operacion_sin_precio;no
2026-09-07;2026;9;Girasol;SIO Granos / Secretaría de Agricultura;;Compraventa;Precio Hecho;500;;PRECIO/TN MONTO;500,00;500,00;USD;sí;no;PRECIO/TN MONEDA;U$S;TN;500;120,00;TN;CANT. (TN);BUENOS AIRES;BUENOS AIRES;;Rosario S/En destino;Rosario S/En destino;;Contrato;Contra entrega;;;SIO_exportar_operaciones_2026-09-07.csv;2026-09-08;moneda informada explícitamente en campo original: USD;sí;no;;;exportacion_manual;1;no_aplica;no;no_aplica;sí
2026-09-07;2026;9;Maíz;SIO Granos / Secretaría de Agricultura;;Canje;Precio Hecho;265050;;PRECIO/TN MONTO;265050,00;265050,00;ARS;sí;no;PRECIO/TN MONEDA;$;TN;265050;14,99;TN;CANT. (TN);CÓRDOBA;CÓRDOBA;;Zona 9/En destino;Zona 9/En destino;;Contrato;Contra entrega;;;SIO_exportar_operaciones_2026-09-07.csv;2026-09-08;moneda informada explícitamente en campo original: ARS;sí;no;;;exportacion_manual;1;no_aplica;no;no_aplica;sí
2026-09-07;2026;9;TRIGO PAN;SIO Granos / Secretaría de Agricultura;;Compraventa;Fijar Precio/Otros;0;;PRECIO/TN MONTO;0;0;Sin especificar;no;no;PRECIO/TN MONEDA;0;TN;0;59,05;TN;CANT. (TN);CÓRDOBA;CÓRDOBA;;Zona 8/En destino;Zona 8/En destino;;Rectificación;Contra entrega;;;SIO_exportar_operaciones_2026-09-07.csv;2026-09-08;"commodity no catalogado; se conserva para revisión; precio cero clasificado como operacion_sin_precio; excluido de series de precios; moneda no informada explícitamente en endpoint GetOperaciones; no se infiere del valor original";sí;no;;;exportacion_manual;1;no_aplica;sí;operacion_sin_precio;no
2026-09-07;2026;9;CEBADA FORR.;SIO Granos / Secretaría de Agricultura;;Compraventa;Precio Hecho;220;;PRECIO/TN MONTO;220,00;220,00;USD;sí;no;PRECIO/TN MONEDA;U$S;TN;220;500,00;TN;CANT. (TN);BUENOS AIRES;BUENOS AIRES;;B.Blanca/En destino;B.Blanca/En destino;;Contrato;Contra entrega;;;SIO_exportar_operaciones_2026-09-07.csv;2026-09-08;"commodity no catalogado; se conserva para revisión; moneda informada explícitamente en campo original: USD";sí;no;;;exportacion_manual;1;no_aplica;no;no_aplica;sí
2026-09-07;2026;9;CEBADA CERV.;SIO Granos / Secretaría de Agricultura;;Compraventa;Fijar Precio/Mercado Comprador;215;;PRECIO/TN MONTO;215,00;215,00;USD;sí;no;PRECIO/TN MONEDA;U$S;TN;215;5000,00;TN;CANT. (TN);BUENOS AIRES;BUENOS AIRES;;Zona 3/En destino;Zona 3/En destino;;Fijación;A plazo;;;SIO_exportar_operaciones_2026-09-07.csv;2026-09-08;"commodity no catalogado; se conserva para revisión; moneda informada explícitamente en campo original: USD";sí;no;;;exportacion_manual;1;no_aplica;no;no_aplica;sí
2026-09-07;2026;9;TRIGO PAN;SIO Granos / Secretaría de Agricultura;;Compraventa;Precio Hecho;240;;PRECIO/TN MONTO;240,00;240,00;USD;sí;no;PRECIO/TN MONEDA;U$S;TN;240;180,00;TN;CANT. (TN);BUENOS AIRES;BUENOS AIRES;;Quequen/En destino;Quequen/En destino;;Contrato;Contra entrega;;;SIO_exportar_operaciones_2026-09-07.csv;2026-09-08;"commodity no catalogado; se conserva para revisión; moneda informada explícitamente en campo original: USD";sí;no;;;exportacion_manual;1;no_aplica;no;no_aplica;sí
2026-09-07;2026;9;CEBADA CERV.;SIO Granos / Secretaría de Agricultura;;Compraventa;Fijar Precio/Mercado Comprador;0;;PRECIO/TN MONTO;0;0;Sin especificar;no;no;PRECIO/TN MONEDA;0;TN;0;20000,00;TN;CANT. (TN);BUENOS AIRES;BUENOS AIRES;;Zona 2/En destino;Zona 2/En destino;;Contrato;A plazo;;;SIO_exportar_operaciones_2026-09-07.csv;2026-09-08;"commodity no catalogado; se conserva para revisión; precio cero clasificado como cero_explicito; excluido de series de precios; moneda no informada explícitamente en endpoint GetOperaciones; no se infiere del valor original";sí;no;;;exportacion_manual;1;no_aplica;sí;cero_explicito;no
2026-09-07;2026;9;ACEITE SOJA;SIO Granos / Secretaría de Agricultura;;Compraventa;Precio Hecho;950;;PRECIO/TN MONTO;950,00;950,00;USD;sí;no;PRECIO/TN MONEDA;U$S;TN;950;30,90;TN;CANT. (TN);SANTA FE;SANTA FE;;Zona 6/En destino;Zona 6/En destino;;Contrato;A plazo;;;SIO_exportar_operaciones_2026-09-07.csv;2026-09-08;"commodity no catalogado; se conserva para revisión; moneda informada explícitamente en campo original: USD";sí;no;;;exportacion_manual;1;no_aplica;no;no_aplica;sí
2026-09-07;2026;9;Sorgo;SIO Granos / Secretaría de Agricultura;;Compraventa;Precio Hecho;220000;;PRECIO/TN MONTO;220000,00;220000,00;ARS;sí;no;PRECIO/TN MONEDA;$;TN;220000;28,94;TN;CANT. (TN);BUENOS AIRES;BUENOS AIRES;;Zona 6/En destino;Zona 6/En destino;;Rectificación;A plazo;;;SIO_exportar_operaciones_2026-09-07.csv;2026-09-08;moneda informada explícitamente en campo original: ARS;sí;no;;;exportacion_manual;1;no_aplica;no;no_aplica;sí
2026-09-07;2026;9;ARROZ C.L.F;SIO Granos / Secretaría de Agricultura;;Compraventa;Fijar Precio/Prec. Cam.;0;;PRECIO/TN MONTO;0;0;Sin especificar;no;no;PRECIO/TN MONEDA;0;TN;0;1125,00;TN;CANT. (TN);ENTRE RÍOS;ENTRE RÍOS;;Zona 13/En destino;Zona 13/En destino;;Contrato;Contra entrega;;;SIO_exportar_operaciones_2026-09-07.csv;2026-09-08;"commodity no catalogado; se conserva para revisión; precio cero clasificado como cero_explicito; excluido de series de precios; moneda no informada explícitamente en endpoint GetOperaciones; no se infiere del valor original";sí;no;;;exportacion_manual;1;no_aplica;sí;cero_explicito;no
2026-09-04;2026;9;Girasol;SIO Granos / Secretaría de Agricultura;;Compraventa;Precio Hecho;755400;;PRECIO/TN MONTO;755400,00;755400,00;ARS;sí;no;PRECIO/TN MONEDA;$;TN;755400;40,00;TN;CANT. (TN);SANTA FE;SANTA FE;;Zona 25/En destino;Zona 25/En destino;;Contrato;A plazo;;;SIO_exportar_operaciones_2026-09-07.csv;2026-09-08;moneda informada explícitamente en campo original: ARS;sí;no;;;exportacion_manual;1;no_aplica;no;no_aplica;sí
2026-09-04;2026;9;Sorgo;SIO Granos / Secretaría de Agricultura;;Compraventa;Precio Hecho;186.85;;PRECIO/TN MONTO;186,85;186,85;USD;sí;no;PRECIO/TN MONEDA;U$S;TN;186.85;23,62;TN;CANT. (TN);CÓRDOBA;CÓRDOBA;;Rosario S/En destino;Rosario S/En destino;;Contrato;Contra entrega;;;SIO_exportar_operaciones_2026-09-07.csv;2026-09-08;moneda informada explícitamente en campo original: USD;sí;no;;;exportacion_manual;1;no_aplica;no;no_aplica;sí
2026-09-04;2026;9;TRIGO CAND.;SIO Granos / Secretaría de Agricultura;;Compraventa;Fijar Precio/Prec. Cam.;0;;PRECIO/TN MONTO;0;0;Sin especificar;no;no;PRECIO/TN MONEDA;0;TN;0;34,92;TN;CANT. (TN);SAN LUIS;SAN LUIS;;Bs As/En destino;Bs As/En destino;;Contrato;Contra entrega;;;SIO_exportar_operaciones_2026-09-07.csv;2026-09-08;"commodity no catalogado; se conserva para revisión; precio cero clasificado como cero_explicito; excluido de series de precios; moneda no informada explícitamente en endpoint GetOperaciones; no se infiere del valor original";sí;no;;;exportacion_manual;1;no_aplica;sí;cero_explicito;no
2026-09-04;2026;9;Girasol;SIO Granos / Secretaría de Agricultura;;Canje;Fijar Precio/Otros;0;;PRECIO/TN MONTO;0,00;0,00;Sin especificar;no;no;PRECIO/TN MONEDA;0;TN;0;240,00;TN;CANT. (TN);SANTA FE;SANTA FE;;Rosario S/En destino;Rosario S/En destino;;Anulación;Contra entrega;;;SIO_exportar_operaciones_2026-09-07.csv;2026-09-08;"precio cero clasificado como operacion_sin_precio; excluido de series de precios; moneda no informada explícitamente en endpoint GetOperaciones; no se infiere del valor original";sí;no;;;exportacion_manual;1;no_aplica;sí;operacion_sin_precio;no
2026-09-04;2026;9;ACEITE SOJA;SIO Granos / Secretaría de Agricultura;;Compraventa;Precio Hecho;1.3e+06;;PRECIO/TN MONTO;1300000,00;1300000,00;ARS;sí;no;PRECIO/TN MONEDA;$;TN;1.3e+06;10,96;TN;CANT. (TN);ENTRE RÍOS;ENTRE RÍOS;;Zona 13/En origen;Zona 13/En origen;;Contrato;A plazo;;;SIO_exportar_operaciones_2026-09-07.csv;2026-09-08;"commodity no catalogado; se conserva para revisión; moneda informada explícitamente en campo original: ARS";sí;no;;;exportacion_manual;1;no_aplica;no;no_aplica;sí
2026-09-04;2026;9;CEBADA FORR.;SIO Granos / Secretaría de Agricultura;;Compraventa;Precio Hecho;0;;PRECIO/TN MONTO;0;0;Sin especificar;no;no;PRECIO/TN MONEDA;0;TN;0;500,00;TN;CANT. (TN);BUENOS AIRES;BUENOS AIRES;;B.Blanca/En destino;B.Blanca/En destino;;Contrato;Contra entrega;;;SIO_exportar_operaciones_2026-09-07.csv;2026-09-08;"commodity no catalogado; se conserva para revisión; precio cero clasificado como cero_explicito; excluido de series de precios; moneda no informada explícitamente en endpoint GetOperaciones; no se infiere del valor original";sí;no;;;exportacion_manual;1;no_aplica;sí;cero_explicito;no
2026-09-04;2026;9;TRIGO CAND.;SIO Granos / Secretaría de Agricultura;;Compraventa;Precio Hecho;387980;;PRECIO/TN MONTO;387980,00;387980,00;ARS;sí;no;PRECIO/TN MONEDA;$;TN;387980;32,95;TN;CANT. (TN);BUENOS AIRES;BUENOS AIRES;;Zona 2/En destino;Zona 2/En destino;;Contrato;A plazo;;;SIO_exportar_operaciones_2026-09-07.csv;2026-09-08;"commodity no catalogado; se conserva para revisión; moneda informada explícitamente en campo original: ARS";sí;no;;;exportacion_manual;1;no_aplica;no;no_aplica;sí
2026-09-04;2026;9;TRIGO CAND.;SIO Granos / Secretaría de Agricultura;;Compraventa;Fijar Precio/M. T. País;280.08;;PRECIO/TN MONTO;280,08;280,08;USD;sí;no;PRECIO/TN MONEDA;U$S;TN;280.08;90,00;TN;CANT. (TN);BUENOS AIRES;BUENOS AIRES;;B.Blanca/En destino;B.Blanca/En destino;;Fijación;A plazo;;;SIO_exportar_operaciones_2026-09-07.csv;2026-09-08;"commodity no catalogado; se conserva para revisión; moneda informada explícitamente en campo original: USD";sí;no;;;exportacion_manual;1;no_aplica;no;no_aplica;sí
2026-09-03;2026;9;Sorgo;SIO Granos / Secretaría de Agricultura;;Compraventa;Fijar Precio/Otros;0;;PRECIO/TN MONTO;0;0;Sin especificar;no;no;PRECIO/TN MONEDA;0;TN;0;500,00;TN;CANT. (TN);SANTA FE;SANTA FE;;Rosario N/En origen;Rosario N/En origen;;Contrato;A plazo;;;SIO_exportar_operaciones_2026-09-07.csv;2026-09-08;"precio cero clasificado como cero_explicito; excluido de series de precios; moneda no informada explícitamente en endpoint GetOperaciones; no se infiere del valor original";sí;no;;;exportacion_manual;1;no_aplica;sí;cero_explicito;no
2026-09-03;2026;9;CEBADA FORR.;SIO Granos / Secretaría de Agricultura;;Compraventa;Precio Hecho;315420;;PRECIO/TN MONTO;315420,00;315420,00;ARS;sí;no;PRECIO/TN MONEDA;$;TN;315420;60,00;TN;CANT. (TN);BUENOS AIRES;BUENOS AIRES;;Quequen/En destino;Quequen/En destino;;Contrato;Anticipado a la entrega;;;SIO_exportar_operaciones_2026-09-07.csv;2026-09-08;"commodity no catalogado; se conserva para revisión; moneda informada explícitamente en campo original: ARS";sí;no;;;exportacion_manual;1;no_aplica;no;no_aplica;sí
2026-09-02;2026;9;ARROZ C.L.A;SIO Granos / Secretaría de Agricultura;;Compraventa;Precio Hecho;460500;;PRECIO/TN MONTO;460500,00;460500,00;ARS;sí;no;PRECIO/TN MONEDA;$;TN;460500;23,01;TN;CANT. (TN);ENTRE RÍOS;ENTRE RÍOS;;Zona 13/En destino;Zona 13/En destino;;Contrato;A plazo;;;SIO_exportar_operaciones_2026-09-07.csv;2026-09-08;"commodity no catalogado; se conserva para revisión; moneda informada explícitamente en campo original: ARS";sí;no;;;exportacion_manual;1;no_aplica;no;no_aplica;sí
2026-09-02;2026;9;ARROZ C.L.F;SIO Granos / Secretaría de Agricultura;;Compraventa;Precio Hecho;300000;;PRECIO/TN MONTO;300000,00;300000,00;ARS;sí;no;PRECIO/TN MONEDA;$;TN;300000;50,00;TN;CANT. (TN);CORRIENTES;CORRIENTES;;Zona 18/En destino;Zona 18/En destino;;Contrato;A plazo;;;SIO_exportar_operaciones_2026-09-07.csv;2026-09-08;"commodity no catalogado; se conserva para revisión; moneda informada explícitamente en campo original: ARS";sí;no;;;exportacion_manual;1;no_aplica;no;no_aplica;sí
2026-08-21;2026;8;ARROZ C.L.A;SIO Granos / Secretaría de Agricultura;;Canje;Fijar Precio/Mercado Comprador;0;;PRECIO/TN MONTO;0;0;Sin especificar;no;no;PRECIO/TN MONEDA;0;TN;0;1500,00;TN;CANT. (TN);FORMOSA;FORMOSA;;Zona 13/En destino;Zona 13/En destino;;Rectificación;Contra entrega;;;SIO_exportar_operaciones_2026-09-07.csv;2026-09-08;"commodity no catalogado; se conserva para revisión; precio cero clasificado como operacion_sin_precio; excluido de series de precios; moneda no informada explícitamente en endpoint GetOperaciones; no se infiere del valor original";sí;no;;;exportacion_manual;1;no_aplica;sí;operacion_sin_precio;no
2026-08-13;2026;8;CEBADA CERV.;SIO Granos / Secretaría de Agricultura;;Compraventa;Precio Hecho;170000;;PRECIO/TN MONTO;170000,00;170000,00;ARS;sí;no;PRECIO/TN MONEDA;$;TN;170000;29,12;TN;CANT. (TN);BUENOS AIRES;BUENOS AIRES;;Zona 6/En destino;Zona 6/En destino;;Contrato;Contra entrega;;;SIO_exportar_operaciones_2026-09-07.csv;2026-09-08;"commodity no catalogado; se conserva para revisión; moneda informada explícitamente en campo original: ARS";sí;no;;;exportacion_manual;1;no_aplica;no;no_aplica;sí
2026-08-21;2026;8;Maíz;SIO Granos / Secretaría de Agricultura;;Canje;Precio Hecho;0;;PRECIO/TN MONTO;0;0;ARS;sí;no;PRECIO/TN MONEDA;$;TN;0;30,00;TN;CANT. (TN);SANTA FE;SANTA FE;;Rosario N/En destino;Rosario N/En destino;;Contrato;Contra entrega;;;SIO_exportar_operaciones_2026-09-07.csv;2026-09-08;"precio cero clasificado como cero_explicito; excluido de series de precios; moneda informada explícitamente en campo original: ARS";sí;no;;;exportacion_manual;1;no_aplica;sí;cero_explicito;no
2026-09-07;2026;9;Soja;SIO Granos / Secretaría de Agricultura;;Compraventa;Precio Hecho;356;;PRECIO/TN MONTO;356,00;356,00;USD;sí;no;PRECIO/TN MONEDA;U$S;TN;356;800,00;TN;CANT. (TN);BUENOS AIRES;BUENOS AIRES;;B.Blanca/En destino;B.Blanca/En destino;;Contrato;Contra entrega;;;SIO_exportar_operaciones_2026-09-07.csv;2026-09-08;moneda informada explícitamente en campo original: USD;sí;no;;;exportacion_manual;1;no_aplica;no;no_aplica;sí
2026-09-07;2026;9;Maíz;SIO Granos / Secretaría de Agricultura;;Compraventa;Precio Hecho;195;;PRECIO/TN MONTO;195,00;195,00;USD;sí;no;PRECIO/TN MONEDA;U$S;TN;195;460,00;TN;CANT. (TN);SANTA FE;SANTA FE;;Rosario N/En destino;Rosario N/En destino;;Contrato;Contra entrega;;;SIO_exportar_operaciones_2026-09-07.csv;2026-09-08;moneda informada explícitamente en campo original: USD;sí;no;;;exportacion_manual;1;no_aplica;no;no_aplica;sí
2026-09-07;2026;9;Maíz;SIO Granos / Secretaría de Agricultura;;Compraventa;Precio Hecho;190;;PRECIO/TN MONTO;190,00;190,00;USD;sí;no;PRECIO/TN MONEDA;U$S;TN;190;120,00;TN;CANT. (TN);SANTA FE;SANTA FE;;Rosario S/En destino;Rosario S/En destino;;Contrato;Contra entrega;;;SIO_exportar_operaciones_2026-09-07.csv;2026-09-08;moneda informada explícitamente en campo original: USD;sí;no;;;exportacion_manual;1;no_aplica;no;no_aplica;sí
2026-09-07;2026;9;Soja;SIO Granos / Secretaría de Agricultura;;Canje;Precio Hecho;518230;;PRECIO/TN MONTO;518230,00;518230,00;ARS;sí;no;PRECIO/TN MONEDA;$;TN;518230;85,75;TN;CANT. (TN);CÓRDOBA;CÓRDOBA;;Zona 9/En destino;Zona 9/En destino;;Contrato;Contra entrega;;;SIO_exportar_operaciones_2026-09-07.csv;2026-09-08;moneda informada explícitamente en campo original: ARS;sí;no;;;exportacion_manual;1;no_aplica;no;no_aplica;sí
2026-09-07;2026;9;Maíz;SIO Granos / Secretaría de Agricultura;;Compraventa;Precio Hecho;195;;PRECIO/TN MONTO;195,00;195,00;USD;sí;no;PRECIO/TN MONEDA;U$S;TN;195;90,00;TN;CANT. (TN);SANTA FE;SANTA FE;;Zona 12/En destino;Zona 12/En destino;;Contrato;Contra entrega;;;SIO_exportar_operaciones_2026-09-07.csv;2026-09-08;moneda informada explícitamente en campo original: USD;sí;no;;;exportacion_manual;1;no_aplica;no;no_aplica;sí
2026-09-07;2026;9;Maíz;SIO Granos / Secretaría de Agricultura;;Compraventa;Precio Hecho;200;;PRECIO/TN MONTO;200,00;200,00;USD;sí;no;PRECIO/TN MONEDA;U$S;TN;200;510,00;TN;CANT. (TN);BUENOS AIRES;BUENOS AIRES;;Zona 5/En destino;Zona 5/En destino;;Contrato;Contra entrega;;;SIO_exportar_operaciones_2026-09-07.csv;2026-09-08;moneda informada explícitamente en campo original: USD;sí;no;;;exportacion_manual;1;no_aplica;no;no_aplica;sí
2026-09-07;2026;9;Soja;SIO Granos / Secretaría de Agricultura;;Canje;Precio Hecho;520000;;PRECIO/TN MONTO;520000,00;520000,00;ARS;sí;no;PRECIO/TN MONEDA;$;TN;520000;6,75;TN;CANT. (TN);CÓRDOBA;CÓRDOBA;;Zona 9/En destino;Zona 9/En destino;;Contrato;Contra entrega;;;SIO_exportar_operaciones_2026-09-07.csv;2026-09-08;moneda informada explícitamente en campo original: ARS;sí;no;;;exportacion_manual;1;no_aplica;no;no_aplica;sí
2026-09-07;2026;9;Soja;SIO Granos / Secretaría de Agricultura;;Compraventa;Precio Hecho;560000;;PRECIO/TN MONTO;560000,00;560000,00;ARS;sí;no;PRECIO/TN MONEDA;$;TN;560000;120,00;TN;CANT. (TN);BUENOS AIRES;BUENOS AIRES;;Zona 12/En destino;Zona 12/En destino;;Contrato;Contra entrega;;;SIO_exportar_operaciones_2026-09-07.csv;2026-09-08;moneda informada explícitamente en campo original: ARS;sí;no;;;exportacion_manual;1;no_aplica;no;no_aplica;sí
2026-09-07;2026;9;Soja;SIO Granos / Secretaría de Agricultura;;Compraventa;Precio Hecho;565000;;PRECIO/TN MONTO;565000,00;565000,00;ARS;sí;no;PRECIO/TN MONEDA;$;TN;565000;24,03;TN;CANT. (TN);SANTA FE;SANTA FE;;Rosario N/En destino;Rosario N/En destino;;Contrato;Contra entrega;;;SIO_exportar_operaciones_2026-09-07.csv;2026-09-08;moneda informada explícitamente en campo original: ARS;sí;no;;;exportacion_manual;1;no_aplica;no;no_aplica;sí
2026-09-07;2026;9;Soja;SIO Granos / Secretaría de Agricultura;;Compraventa;Precio Hecho;530000;;PRECIO/TN MONTO;530000,00;530000,00;ARS;sí;no;PRECIO/TN MONEDA;$;TN;530000;30,00;TN;CANT. (TN);BUENOS AIRES;BUENOS AIRES;;Zona 7/En destino;Zona 7/En destino;;Contrato;Contra entrega;;;SIO_exportar_operaciones_2026-09-07.csv;2026-09-08;moneda informada explícitamente en campo original: ARS;sí;no;;;exportacion_manual;1;no_aplica;no;no_aplica;sí
2026-09-07;2026;9;TRIGO PAN;SIO Granos / Secretaría de Agricultura;;Compraventa;Precio Hecho;365000;;PRECIO/TN MONTO;365000,00;365000,00;ARS;sí;no;PRECIO/TN MONEDA;$;TN;365000;500,00;TN;CANT. (TN);CÓRDOBA;CÓRDOBA;;Zona 8/En destino;Zona 8/En destino;;Contrato;Contra entrega;;;SIO_exportar_operaciones_2026-09-07.csv;2026-09-08;"commodity no catalogado; se conserva para revisión; moneda informada explícitamente en campo original: ARS";sí;no;;;exportacion_manual;1;no_aplica;no;no_aplica;sí
2026-09-07;2026;9;Maíz;SIO Granos / Secretaría de Agricultura;;Canje;Fijar Precio/Otros;210.55;;PRECIO/TN MONTO;210,55;210,55;USD;sí;no;PRECIO/TN MONEDA;U$S;TN;210.55;240,32;TN;CANT. (TN);CÓRDOBA;CÓRDOBA;;Rosario S/En destino;Rosario S/En destino;;Fijación;Anticipado a la entrega;;;SIO_exportar_operaciones_2026-09-07.csv;2026-09-08;moneda informada explícitamente en campo original: USD;sí;no;;;exportacion_manual;1;no_aplica;no;no_aplica;sí
2026-09-07;2026;9;Maíz;SIO Granos / Secretaría de Agricultura;;Compraventa;Precio Hecho;202;;PRECIO/TN MONTO;202,00;202,00;USD;sí;no;PRECIO/TN MONEDA;U$S;TN;202;210,00;TN;CANT. (TN);BUENOS AIRES;BUENOS AIRES;;Zona 5/En destino;Zona 5/En destino;;Contrato;Contra entrega;;;SIO_exportar_operaciones_2026-09-07.csv;2026-09-08;moneda informada explícitamente en campo original: USD;sí;no;;;exportacion_manual;1;no_aplica;no;no_aplica;sí
2026-09-07;2026;9;Soja;SIO Granos / Secretaría de Agricultura;;Canje;Precio Hecho;520000;;PRECIO/TN MONTO;520000,00;520000,00;ARS;sí;no;PRECIO/TN MONEDA;$;TN;520000;8,01;TN;CANT. (TN);CÓRDOBA;CÓRDOBA;;Zona 9/En destino;Zona 9/En destino;;Contrato;Contra entrega;;;SIO_exportar_operaciones_2026-09-07.csv;2026-09-08;moneda informada explícitamente en campo original: ARS;sí;no;;;exportacion_manual;1;no_aplica;no;no_aplica;sí
2026-09-07;2026;9;Soja;SIO Granos / Secretaría de Agricultura;;Compraventa;Fijar Precio/Prec. Cam.;0;;PRECIO/TN MONTO;0;0;Sin especificar;no;no;PRECIO/TN MONEDA;0;TN;0;60,00;TN;CANT. (TN);SANTA FE;SANTA FE;;Rosario S/En destino;Rosario S/En destino;;Contrato;Contra entrega;;;SIO_exportar_operaciones_2026-09-07.csv;2026-09-08;"precio cero clasificado como cero_explicito; excluido de series de precios; moneda no informada explícitamente en endpoint GetOperaciones; no se infiere del valor original";sí;no;;;exportacion_manual;1;no_aplica;sí;cero_explicito;no
2026-09-07;2026;9;Maíz;SIO Granos / Secretaría de Agricultura;;Compraventa;Precio Hecho;207;;PRECIO/TN MONTO;207,00;207,00;USD;sí;no;PRECIO/TN MONEDA;U$S;TN;207;500,00;TN;CANT. (TN);SANTA FE;SANTA FE;;Rosario N/En destino;Rosario N/En destino;;Contrato;Contra entrega;;;SIO_exportar_operaciones_2026-09-07.csv;2026-09-08;moneda informada explícitamente en campo original: USD;sí;no;;;exportacion_manual;1;no_aplica;no;no_aplica;sí
2026-09-07;2026;9;TRIGO PAN;SIO Granos / Secretaría de Agricultura;;Compraventa;Fijar Precio/Otros;350000;;PRECIO/TN MONTO;350000,00;350000,00;ARS;sí;no;PRECIO/TN MONEDA;$;TN;350000;48,13;TN;CANT. (TN);CÓRDOBA;CÓRDOBA;;Zona 8/En destino;Zona 8/En destino;;Fijación;Contra entrega;;;SIO_exportar_operaciones_2026-09-07.csv;2026-09-08;"commodity no catalogado; se conserva para revisión; moneda informada explícitamente en campo original: ARS";sí;no;;;exportacion_manual;1;no_aplica;no;no_aplica;sí
2026-09-07;2026;9;Soja;SIO Granos / Secretaría de Agricultura;;Compraventa;Fijar Precio/Mercado Comprador;480000;;PRECIO/TN MONTO;480000,00;480000,00;ARS;sí;no;PRECIO/TN MONEDA;$;TN;480000;200,00;TN;CANT. (TN);TUCUMÁN;TUCUMÁN;;Rosario N/En origen;Rosario N/En origen;;Fijación;A plazo;;;SIO_exportar_operaciones_2026-09-07.csv;2026-09-08;moneda informada explícitamente en campo original: ARS;sí;no;;;exportacion_manual;1;no_aplica;no;no_aplica;sí
2026-09-07;2026;9;Maíz;SIO Granos / Secretaría de Agricultura;;Canje;Precio Hecho;195;;PRECIO/TN MONTO;195,00;195,00;USD;sí;no;PRECIO/TN MONEDA;U$S;TN;195;60,00;TN;CANT. (TN);SANTA FE;SANTA FE;;Rosario S/En destino;Rosario S/En destino;;Contrato;Contra entrega;;;SIO_exportar_operaciones_2026-09-07.csv;2026-09-08;moneda informada explícitamente en campo original: USD;sí;no;;;exportacion_manual;1;no_aplica;no;no_aplica;sí
2026-09-07;2026;9;Soja;SIO Granos / Secretaría de Agricultura;;Compraventa;Precio Hecho;560000;;PRECIO/TN MONTO;560000,00;560000,00;ARS;sí;no;PRECIO/TN MONEDA;$;TN;560000;30,00;TN;CANT. (TN);SANTA FE;SANTA FE;;Rosario N/En destino;Rosario N/En destino;;Contrato;Contra entrega;;;SIO_exportar_operaciones_2026-09-07.csv;2026-09-08;moneda informada explícitamente en campo original: ARS;sí;no;;;exportacion_manual;1;no_aplica;no;no_aplica;sí
2026-09-07;2026;9;Girasol;SIO Granos / Secretaría de Agricultura;;Compraventa;Precio Hecho;540;;PRECIO/TN MONTO;540,00;540,00;USD;sí;no;PRECIO/TN MONEDA;U$S;TN;540;29,00;TN;CANT. (TN);CÓRDOBA;CÓRDOBA;;Rosario S/En destino;Rosario S/En destino;;Rectificación;Contra entrega;;;SIO_exportar_operaciones_2026-09-07.csv;2026-09-08;moneda informada explícitamente en campo original: USD;sí;no;;;exportacion_manual;1;no_aplica;no;no_aplica;sí
2026-09-07;2026;9;Maíz;SIO Granos / Secretaría de Agricultura;;Compraventa;Fijar Precio/Prec. Cam.;0;;PRECIO/TN MONTO;0;0;Sin especificar;no;no;PRECIO/TN MONEDA;0;TN;0;70,26;TN;CANT. (TN);BUENOS AIRES;BUENOS AIRES;;Zona 6/En destino;Zona 6/En destino;;Contrato;Contra entrega;;;SIO_exportar_operaciones_2026-09-07.csv;2026-09-08;"precio cero clasificado como cero_explicito; excluido de series de precios; moneda no informada explícitamente en endpoint GetOperaciones; no se infiere del valor original";sí;no;;;exportacion_manual;1;no_aplica;sí;cero_explicito;no
2026-09-07;2026;9;Maíz;SIO Granos / Secretaría de Agricultura;;Compraventa;Fijar Precio/Prec. Cam.;0;;PRECIO/TN MONTO;0;0;Sin especificar;no;no;PRECIO/TN MONEDA;0;TN;0;32,39;TN;CANT. (TN);SANTA FE;SANTA FE;;Zona 8/En destino;Zona 8/En destino;;Contrato;Contra entrega;;;SIO_exportar_operaciones_2026-09-07.csv;2026-09-08;"precio cero clasificado como cero_explicito; excluido de series de precios; moneda no informada explícitamente en endpoint GetOperaciones; no se infiere del valor original";sí;no;;;exportacion_manual;1;no_aplica;sí;cero_explicito;no
2026-09-07;2026;9;Maíz;SIO Granos / Secretaría de Agricultura;;Compraventa;Fijar Precio/Prec. Cam.;0;;PRECIO/TN MONTO;0;0;Sin especificar;no;no;PRECIO/TN MONEDA;0;TN;0;115,47;TN;CANT. (TN);CÓRDOBA;CÓRDOBA;;Zona 8/En destino;Zona 8/En destino;;Contrato;Contra entrega;;;SIO_exportar_operaciones_2026-09-07.csv;2026-09-08;"precio cero clasificado como cero_explicito; excluido de series de precios; moneda no informada explícitamente en endpoint GetOperaciones; no se infiere del valor original";sí;no;;;exportacion_manual;1;no_aplica;sí;cero_explicito;no
2026-09-07;2026;9;Maíz;SIO Granos / Secretaría de Agricultura;;Compraventa;Fijar Precio/Prec. Cam.;0;;PRECIO/TN MONTO;0;0;Sin especificar;no;no;PRECIO/TN MONEDA;0;TN;0;29,33;TN;CANT. (TN);ENTRE RÍOS;ENTRE RÍOS;;Zona 13/En destino;Zona 13/En destino;;Contrato;Contra entrega;;;SIO_exportar_operaciones_2026-09-07.csv;2026-09-08;"precio cero clasificado como cero_explicito; excluido de series de precios; moneda no informada explícitamente en endpoint GetOperaciones; no se infiere del valor original";sí;no;;;exportacion_manual;1;no_aplica;sí;cero_explicito;no
2026-09-07;2026;9;Maíz;SIO Granos / Secretaría de Agricultura;;Canje;Precio Hecho;269090;;PRECIO/TN MONTO;269090,00;269090,00;ARS;sí;no;PRECIO/TN MONEDA;$;TN;269090;39,69;TN;CANT. (TN);CÓRDOBA;CÓRDOBA;;Zona 9/En origen;Zona 9/En origen;;Contrato;Contra entrega;;;SIO_exportar_operaciones_2026-09-07.csv;2026-09-08;moneda informada explícitamente en campo original: ARS;sí;no;;;exportacion_manual;1;no_aplica;no;no_aplica;sí
2026-09-07;2026;9;Maíz;SIO Granos / Secretaría de Agricultura;;Canje;Precio Hecho;275280;;PRECIO/TN MONTO;275280,00;275280,00;ARS;sí;no;PRECIO/TN MONEDA;$;TN;275280;107,94;TN;CANT. (TN);CÓRDOBA;CÓRDOBA;;Zona 9/En destino;Zona 9/En destino;;Contrato;Contra entrega;;;SIO_exportar_operaciones_2026-09-07.csv;2026-09-08;moneda informada explícitamente en campo original: ARS;sí;no;;;exportacion_manual;1;no_aplica;no;no_aplica;sí
2026-09-07;2026;9;TRIGO PAN;SIO Granos / Secretaría de Agricultura;;Compraventa;Fijar Precio/Prec. Cam.;0;;PRECIO/TN MONTO;0;0;Sin especificar;no;no;PRECIO/TN MONEDA;0;TN;0;17,24;TN;CANT. (TN);BUENOS AIRES;BUENOS AIRES;;Rosario S/En destino;Rosario S/En destino;;Contrato;Contra entrega;;;SIO_exportar_operaciones_2026-09-07.csv;2026-09-08;"commodity no catalogado; se conserva para revisión; precio cero clasificado como cero_explicito; excluido de series de precios; moneda no informada explícitamente en endpoint GetOperaciones; no se infiere del valor original";sí;no;;;exportacion_manual;1;no_aplica;sí;cero_explicito;no
2026-09-07;2026;9;Soja;SIO Granos / Secretaría de Agricultura;;Compraventa;Precio Hecho;354;;PRECIO/TN MONTO;354,00;354,00;USD;sí;no;PRECIO/TN MONEDA;U$S;TN;354;60,00;TN;CANT. (TN);CÓRDOBA;CÓRDOBA;;Zona 9/En destino;Zona 9/En destino;;Contrato;Contra entrega;;;SIO_exportar_operaciones_2026-09-07.csv;2026-09-08;moneda informada explícitamente en campo original: USD;sí;no;;;exportacion_manual;1;no_aplica;no;no_aplica;sí
2026-09-07;2026;9;Maíz;SIO Granos / Secretaría de Agricultura;;Compraventa;Precio Hecho;206;;PRECIO/TN MONTO;206,00;206,00;USD;sí;no;PRECIO/TN MONEDA;U$S;TN;206;500,00;TN;CANT. (TN);CÓRDOBA;CÓRDOBA;;Rosario N/En destino;Rosario N/En destino;;Contrato;Contra entrega;;;SIO_exportar_operaciones_2026-09-07.csv;2026-09-08;moneda informada explícitamente en campo original: USD;sí;no;;;exportacion_manual;1;no_aplica;no;no_aplica;sí
2026-09-07;2026;9;Maíz;SIO Granos / Secretaría de Agricultura;;Compraventa;Precio Hecho;207;;PRECIO/TN MONTO;207,00;207,00;USD;sí;no;PRECIO/TN MONEDA;U$S;TN;207;35,00;TN;CANT. (TN);CÓRDOBA;CÓRDOBA;;Rosario S/En destino;Rosario S/En destino;;Contrato;Contra entrega;;;SIO_exportar_operaciones_2026-09-07.csv;2026-09-08;moneda informada explícitamente en campo original: USD;sí;no;;;exportacion_manual;1;no_aplica;no;no_aplica;sí
2026-09-07;2026;9;Maíz;SIO Granos / Secretaría de Agricultura;;Compraventa;Precio Hecho;200;;PRECIO/TN MONTO;200,00;200,00;USD;sí;no;PRECIO/TN MONEDA;U$S;TN;200;150,00;TN;CANT. (TN);CÓRDOBA;CÓRDOBA;;Rosario S/En destino;Rosario S/En destino;;Contrato;Contra entrega;;;SIO_exportar_operaciones_2026-09-07.csv;2026-09-08;moneda informada explícitamente en campo original: USD;sí;no;;;exportacion_manual;1;no_aplica;no;no_aplica;sí
2026-09-07;2026;9;Maíz;SIO Granos / Secretaría de Agricultura;;Compraventa;Precio Hecho;204;;PRECIO/TN MONTO;204,00;204,00;USD;sí;no;PRECIO/TN MONEDA;U$S;TN;204;30,00;TN;CANT. (TN);CÓRDOBA;CÓRDOBA;;Zona 9/En destino;Zona 9/En destino;;Contrato;Contra entrega;;;SIO_exportar_operaciones_2026-09-07.csv;2026-09-08;moneda informada explícitamente en campo original: USD;sí;no;;;exportacion_manual;1;no_aplica;no;no_aplica;sí
2026-09-07;2026;9;Maíz;SIO Granos / Secretaría de Agricultura;;Compraventa;Precio Hecho;190;;PRECIO/TN MONTO;190,00;190,00;USD;sí;no;PRECIO/TN MONEDA;U$S;TN;190;70,00;TN;CANT. (TN);CÓRDOBA;CÓRDOBA;;Rosario S/En destino;Rosario S/En destino;;Contrato;Contra entrega;;;SIO_exportar_operaciones_2026-09-07.csv;2026-09-08;moneda informada explícitamente en campo original: USD;sí;no;;;exportacion_manual;1;no_aplica;no;no_aplica;sí
2026-09-07;2026;9;Maíz;SIO Granos / Secretaría de Agricultura;;Canje;Fijar Precio/Otros;231.35;;PRECIO/TN MONTO;231,35;231,35;USD;sí;no;PRECIO/TN MONEDA;U$S;TN;231.35;325,96;TN;CANT. (TN);SANTA FE;SANTA FE;;Rosario S/En destino;Rosario S/En destino;;Fijación;Anticipado a la entrega;;;SIO_exportar_operaciones_2026-09-07.csv;2026-09-08;moneda informada explícitamente en campo original: USD;sí;no;;;exportacion_manual;1;no_aplica;no;no_aplica;sí
2026-09-07;2026;9;Maíz;SIO Granos / Secretaría de Agricultura;;Canje;Fijar Precio/Otros;231.35;;PRECIO/TN MONTO;231,35;231,35;USD;sí;no;PRECIO/TN MONEDA;U$S;TN;231.35;494,81;TN;CANT. (TN);SANTA FE;SANTA FE;;Rosario S/En destino;Rosario S/En destino;;Fijación;Anticipado a la entrega;;;SIO_exportar_operaciones_2026-09-07.csv;2026-09-08;moneda informada explícitamente en campo original: USD;sí;no;;;exportacion_manual;1;no_aplica;no;no_aplica;sí
2026-09-07;2026;9;Soja;SIO Granos / Secretaría de Agricultura;;Compraventa;Fijar Precio/Prec. Cam.;376.16;;PRECIO/TN MONTO;376,16;376,16;USD;sí;no;PRECIO/TN MONEDA;U$S;TN;376.16;84,97;TN;CANT. (TN);BUENOS AIRES;BUENOS AIRES;;Rosario S/En destino;Rosario S/En destino;;Fijación;Contra entrega;;;SIO_exportar_operaciones_2026-09-07.csv;2026-09-08;moneda informada explícitamente en campo original: USD;sí;no;;;exportacion_manual;1;no_aplica;no;no_aplica;sí
2026-09-07;2026;9;Soja;SIO Granos / Secretaría de Agricultura;;Compraventa;Fijar Precio/Prec. Cam.;372.34;;PRECIO/TN MONTO;372,34;372,34;USD;sí;no;PRECIO/TN MONEDA;U$S;TN;372.34;352,61;TN;CANT. (TN);BUENOS AIRES;BUENOS AIRES;;Rosario S/En destino;Rosario S/En destino;;Fijación;Contra entrega;;;SIO_exportar_operaciones_2026-09-07.csv;2026-09-08;moneda informada explícitamente en campo original: USD;sí;no;;;exportacion_manual;1;no_aplica;no;no_aplica;sí
2026-09-07;2026;9;TRIGO PAN;SIO Granos / Secretaría de Agricultura;;Compraventa;Fijar Precio/Prec. Cam.;339507;;PRECIO/TN MONTO;339507,00;339507,00;ARS;sí;no;PRECIO/TN MONEDA;$;TN;339507;59,50;TN;CANT. (TN);BUENOS AIRES;BUENOS AIRES;;Zona 6/En destino;Zona 6/En destino;;Fijación;Contra entrega;;;SIO_exportar_operaciones_2026-09-07.csv;2026-09-08;"commodity no catalogado; se conserva para revisión; moneda informada explícitamente en campo original: ARS";sí;no;;;exportacion_manual;1;no_aplica;no;no_aplica;sí
2026-09-07;2026;9;Maíz;SIO Granos / Secretaría de Agricultura;;Canje;Precio Hecho;276400;;PRECIO/TN MONTO;276400,00;276400,00;ARS;sí;no;PRECIO/TN MONEDA;$;TN;276400;147,86;TN;CANT. (TN);CÓRDOBA;CÓRDOBA;;Zona 9/En destino;Zona 9/En destino;;Contrato;Contra entrega;;;SIO_exportar_operaciones_2026-09-07.csv;2026-09-08;moneda informada explícitamente en campo original: ARS;sí;no;;;exportacion_manual;1;no_aplica;no;no_aplica;sí
2026-09-07;2026;9;Soja;SIO Granos / Secretaría de Agricultura;;Compraventa;Precio Hecho;544640;;PRECIO/TN MONTO;544640,00;544640,00;ARS;sí;no;PRECIO/TN MONEDA;$;TN;544640;0,02;TN;CANT. (TN);SANTA FE;SANTA FE;;Rosario N/En destino;Rosario N/En destino;;Rectificación;Contra entrega;;;SIO_exportar_operaciones_2026-09-07.csv;2026-09-08;moneda informada explícitamente en campo original: ARS;sí;no;;;exportacion_manual;1;no_aplica;no;no_aplica;sí
2026-09-07;2026;9;Soja;SIO Granos / Secretaría de Agricultura;;Compraventa;Fijar Precio/Prec. Cam.;560000;;PRECIO/TN MONTO;560000,00;560000,00;ARS;sí;no;PRECIO/TN MONEDA;$;TN;560000;1000,00;TN;CANT. (TN);SANTA FE;SANTA FE;;Rosario N/En destino;Rosario N/En destino;;Fijación;Contra entrega;;;SIO_exportar_operaciones_2026-09-07.csv;2026-09-08;moneda informada explícitamente en campo original: ARS;sí;no;;;exportacion_manual;1;no_aplica;no;no_aplica;sí
2026-09-07;2026;9;Soja;SIO Granos / Secretaría de Agricultura;;Compraventa;Fijar Precio/Prec. Cam.;560000;;PRECIO/TN MONTO;560000,00;560000,00;ARS;sí;no;PRECIO/TN MONEDA;$;TN;560000;1500,00;TN;CANT. (TN);SANTA FE;SANTA FE;;Rosario N/En destino;Rosario N/En destino;;Fijación;Contra entrega;;;SIO_exportar_operaciones_2026-09-07.csv;2026-09-08;moneda informada explícitamente en campo original: ARS;sí;no;;;exportacion_manual;1;no_aplica;no;no_aplica;sí
2026-09-07;2026;9;CEBADA CERV.;SIO Granos / Secretaría de Agricultura;;Compraventa;Fijar Precio/Mercado Comprador;215;;PRECIO/TN MONTO;215,00;215,00;USD;sí;no;PRECIO/TN MONEDA;U$S;TN;215;500,00;TN;CANT. (TN);BUENOS AIRES;BUENOS AIRES;;Zona 2/En destino;Zona 2/En destino;;Fijación;A plazo;;;SIO_exportar_operaciones_2026-09-07.csv;2026-09-08;"commodity no catalogado; se conserva para revisión; moneda informada explícitamente en campo original: USD";sí;no;;;exportacion_manual;1;no_aplica;no;no_aplica;sí
2026-09-07;2026;9;Girasol;SIO Granos / Secretaría de Agricultura;;Compraventa;Precio Hecho;470;;PRECIO/TN MONTO;470,00;470,00;USD;sí;no;PRECIO/TN MONEDA;U$S;TN;470;30,00;TN;CANT. (TN);LA PAMPA;LA PAMPA;;Bs As/En destino;Bs As/En destino;;Contrato;Contra entrega;;;SIO_exportar_operaciones_2026-09-07.csv;2026-09-08;moneda informada explícitamente en campo original: USD;sí;no;;;exportacion_manual;1;no_aplica;no;no_aplica;sí
2026-09-07;2026;9;Maíz;SIO Granos / Secretaría de Agricultura;;Compraventa;Precio Hecho;210;;PRECIO/TN MONTO;210,00;210,00;USD;sí;no;PRECIO/TN MONEDA;U$S;TN;210;420,00;TN;CANT. (TN);BUENOS AIRES;BUENOS AIRES;;B.Blanca/En destino;B.Blanca/En destino;;Contrato;Contra entrega;;;SIO_exportar_operaciones_2026-09-07.csv;2026-09-08;moneda informada explícitamente en campo original: USD;sí;no;;;exportacion_manual;1;no_aplica;no;no_aplica;sí
2026-09-07;2026;9;Girasol;SIO Granos / Secretaría de Agricultura;;Compraventa;Precio Hecho;430;;PRECIO/TN MONTO;430,00;430,00;USD;sí;no;PRECIO/TN MONEDA;U$S;TN;430;28,00;TN;CANT. (TN);BUENOS AIRES;BUENOS AIRES;;Zona 25/En destino;Zona 25/En destino;;Contrato;Contra entrega;;;SIO_exportar_operaciones_2026-09-07.csv;2026-09-08;moneda informada explícitamente en campo original: USD;sí;no;;;exportacion_manual;1;no_aplica;no;no_aplica;sí
2026-09-07;2026;9;Maíz;SIO Granos / Secretaría de Agricultura;;Compraventa;Precio Hecho;210;;PRECIO/TN MONTO;210,00;210,00;USD;sí;no;PRECIO/TN MONEDA;U$S;TN;210;360,00;TN;CANT. (TN);BUENOS AIRES;BUENOS AIRES;;B.Blanca/En destino;B.Blanca/En destino;;Contrato;Contra entrega;;;SIO_exportar_operaciones_2026-09-07.csv;2026-09-08;moneda informada explícitamente en campo original: USD;sí;no;;;exportacion_manual;1;no_aplica;no;no_aplica;sí
2026-09-07;2026;9;Soja;SIO Granos / Secretaría de Agricultura;;Canje;Precio Hecho;510000;;PRECIO/TN MONTO;510000,00;510000,00;ARS;sí;no;PRECIO/TN MONEDA;$;TN;510000;8,83;TN;CANT. (TN);CÓRDOBA;CÓRDOBA;;Zona 9/En destino;Zona 9/En destino;;Contrato;Contra entrega;;;SIO_exportar_operaciones_2026-09-07.csv;2026-09-08;moneda informada explícitamente en campo original: ARS;sí;no;;;exportacion_manual;1;no_aplica;no;no_aplica;sí
2026-09-07;2026;9;CEBADA FORR.;SIO Granos / Secretaría de Agricultura;;Compraventa;Precio Hecho;210;;PRECIO/TN MONTO;210,00;210,00;USD;sí;no;PRECIO/TN MONEDA;U$S;TN;210;300,00;TN;CANT. (TN);BUENOS AIRES;BUENOS AIRES;;Quequen/En destino;Quequen/En destino;;Contrato;Contra entrega;;;SIO_exportar_operaciones_2026-09-07.csv;2026-09-08;"commodity no catalogado; se conserva para revisión; moneda informada explícitamente en campo original: USD";sí;no;;;exportacion_manual;1;no_aplica;no;no_aplica;sí
2026-09-07;2026;9;Maíz;SIO Granos / Secretaría de Agricultura;;Compraventa;Precio Hecho;202;;PRECIO/TN MONTO;202,00;202,00;USD;sí;no;PRECIO/TN MONEDA;U$S;TN;202;1000,00;TN;CANT. (TN);BUENOS AIRES;BUENOS AIRES;;Quequen/En destino;Quequen/En destino;;Contrato;Contra entrega;;;SIO_exportar_operaciones_2026-09-07.csv;2026-09-08;moneda informada explícitamente en campo original: USD;sí;no;;;exportacion_manual;1;no_aplica;no;no_aplica;sí
2026-09-07;2026;9;Maíz;SIO Granos / Secretaría de Agricultura;;Compraventa;Precio Hecho;190;;PRECIO/TN MONTO;190,00;190,00;USD;sí;no;PRECIO/TN MONEDA;U$S;TN;190;9,90;TN;CANT. (TN);CÓRDOBA;CÓRDOBA;;Rosario S/En destino;Rosario S/En destino;;Contrato;Contra entrega;;;SIO_exportar_operaciones_2026-09-07.csv;2026-09-08;moneda informada explícitamente en campo original: USD;sí;no;;;exportacion_manual;1;no_aplica;no;no_aplica;sí
2026-09-07;2026;9;TRIGO PAN;SIO Granos / Secretaría de Agricultura;;Compraventa;Precio Hecho;415000;;PRECIO/TN MONTO;415000,00;415000,00;ARS;sí;no;PRECIO/TN MONEDA;$;TN;415000;30,00;TN;CANT. (TN);BUENOS AIRES;BUENOS AIRES;;Bs As/En destino;Bs As/En destino;;Contrato;Contra entrega;;;SIO_exportar_operaciones_2026-09-07.csv;2026-09-08;"commodity no catalogado; se conserva para revisión; moneda informada explícitamente en campo original: ARS";sí;no;;;exportacion_manual;1;no_aplica;no;no_aplica;sí
2026-09-07;2026;9;TRIGO PAN;SIO Granos / Secretaría de Agricultura;;Compraventa;Precio Hecho;390000;;PRECIO/TN MONTO;390000,00;390000,00;ARS;sí;no;PRECIO/TN MONEDA;$;TN;390000;30,00;TN;CANT. (TN);BUENOS AIRES;BUENOS AIRES;;Zona 5/En destino;Zona 5/En destino;;Contrato;Contra entrega;;;SIO_exportar_operaciones_2026-09-07.csv;2026-09-08;"commodity no catalogado; se conserva para revisión; moneda informada explícitamente en campo original: ARS";sí;no;;;exportacion_manual;1;no_aplica;no;no_aplica;sí
2026-09-07;2026;9;Maíz;SIO Granos / Secretaría de Agricultura;;Compraventa;Precio Hecho;205;;PRECIO/TN MONTO;205,00;205,00;USD;sí;no;PRECIO/TN MONEDA;U$S;TN;205;120,00;TN;CANT. (TN);CÓRDOBA;CÓRDOBA;;Rosario S/En destino;Rosario S/En destino;;Contrato;Contra entrega;;;SIO_exportar_operaciones_2026-09-07.csv;2026-09-08;moneda informada explícitamente en campo original: USD;sí;no;;;exportacion_manual;1;no_aplica;no;no_aplica;sí
2026-09-07;2026;9;Maíz;SIO Granos / Secretaría de Agricultura;;Compraventa;Precio Hecho;300000;;PRECIO/TN MONTO;300000,00;300000,00;ARS;sí;no;PRECIO/TN MONEDA;$;TN;300000;70,00;TN;CANT. (TN);CÓRDOBA;CÓRDOBA;;Rosario S/En destino;Rosario S/En destino;;Contrato;Anticipado a la entrega;;;SIO_exportar_operaciones_2026-09-07.csv;2026-09-08;moneda informada explícitamente en campo original: ARS;sí;no;;;exportacion_manual;1;no_aplica;no;no_aplica;sí
2026-09-07;2026;9;Maíz;SIO Granos / Secretaría de Agricultura;;Compraventa;Precio Hecho;300000;;PRECIO/TN MONTO;300000,00;300000,00;ARS;sí;no;PRECIO/TN MONEDA;$;TN;300000;130,00;TN;CANT. (TN);CÓRDOBA;CÓRDOBA;;Rosario S/En destino;Rosario S/En destino;;Contrato;Anticipado a la entrega;;;SIO_exportar_operaciones_2026-09-07.csv;2026-09-08;moneda informada explícitamente en campo original: ARS;sí;no;;;exportacion_manual;1;no_aplica;no;no_aplica;sí
2026-09-07;2026;9;Soja;SIO Granos / Secretaría de Agricultura;;Compraventa;Precio Hecho;560000;;PRECIO/TN MONTO;560000,00;560000,00;ARS;sí;no;PRECIO/TN MONEDA;$;TN;560000;500,00;TN;CANT. (TN);BUENOS AIRES;BUENOS AIRES;;Rosario S/En destino;Rosario S/En destino;;Contrato;Contra entrega;;;SIO_exportar_operaciones_2026-09-07.csv;2026-09-08;moneda informada explícitamente en campo original: ARS;sí;no;;;exportacion_manual;1;no_aplica;no;no_aplica;sí
2026-09-07;2026;9;Soja;SIO Granos / Secretaría de Agricultura;;Compraventa;Precio Hecho;560000;;PRECIO/TN MONTO;560000,00;560000,00;ARS;sí;no;PRECIO/TN MONEDA;$;TN;560000;200,00;TN;CANT. (TN);BUENOS AIRES;BUENOS AIRES;;Rosario S/En destino;Rosario S/En destino;;Contrato;Contra entrega;;;SIO_exportar_operaciones_2026-09-07.csv;2026-09-08;moneda informada explícitamente en campo original: ARS;sí;no;;;exportacion_manual;1;no_aplica;no;no_aplica;sí
2026-09-07;2026;9;Soja;SIO Granos / Secretaría de Agricultura;;Compraventa;Precio Hecho;560000;;PRECIO/TN MONTO;560000,00;560000,00;ARS;sí;no;PRECIO/TN MONEDA;$;TN;560000;150,00;TN;CANT. (TN);SANTIAGO DEL ESTERO;SANTIAGO DEL ESTERO;;Rosario S/En destino;Rosario S/En destino;;Contrato;Contra entrega;;;SIO_exportar_operaciones_2026-09-07.csv;2026-09-08;moneda informada explícitamente en campo original: ARS;sí;no;;;exportacion_manual;1;no_aplica;no;no_aplica;sí
2026-09-07;2026;9;TRIGO PAN;SIO Granos / Secretaría de Agricultura;;Compraventa;Precio Hecho;335000;;PRECIO/TN MONTO;335000,00;335000,00;ARS;sí;no;PRECIO/TN MONEDA;$;TN;335000;150,00;TN;CANT. (TN);BUENOS AIRES;BUENOS AIRES;;Zona 6/En destino;Zona 6/En destino;;Contrato;Contra entrega;;;SIO_exportar_operaciones_2026-09-07.csv;2026-09-08;"commodity no catalogado; se conserva para revisión; moneda informada explícitamente en campo original: ARS";sí;no;;;exportacion_manual;1;no_aplica;no;no_aplica;sí
2026-09-07;2026;9;Girasol;SIO Granos / Secretaría de Agricultura;;Compraventa;Precio Hecho;430;;PRECIO/TN MONTO;430,00;430,00;USD;sí;no;PRECIO/TN MONEDA;U$S;TN;430;180,00;TN;CANT. (TN);BUENOS AIRES;BUENOS AIRES;;Zona 25/En destino;Zona 25/En destino;;Contrato;Contra entrega;;;SIO_exportar_operaciones_2026-09-07.csv;2026-09-08;moneda informada explícitamente en campo original: USD;sí;no;;;exportacion_manual;1;no_aplica;no;no_aplica;sí
2026-09-07;2026;9;CEBADA CERV.;SIO Granos / Secretaría de Agricultura;;Compraventa;Fijar Precio/Mercado Comprador;215;;PRECIO/TN MONTO;215,00;215,00;USD;sí;no;PRECIO/TN MONEDA;U$S;TN;215;60,00;TN;CANT. (TN);BUENOS AIRES;BUENOS AIRES;;Zona 2/En destino;Zona 2/En destino;;Fijación;A plazo;;;SIO_exportar_operaciones_2026-09-07.csv;2026-09-08;"commodity no catalogado; se conserva para revisión; moneda informada explícitamente en campo original: USD";sí;no;;;exportacion_manual;1;no_aplica;no;no_aplica;sí
2026-09-07;2026;9;TRIGO PAN;SIO Granos / Secretaría de Agricultura;;Compraventa;Precio Hecho;240;;PRECIO/TN MONTO;240,00;240,00;USD;sí;no;PRECIO/TN MONEDA;U$S;TN;240;2,90;TN;CANT. (TN);BUENOS AIRES;BUENOS AIRES;;B.Blanca/En destino;B.Blanca/En destino;;Contrato;Contra entrega;;;SIO_exportar_operaciones_2026-09-07.csv;2026-09-08;"commodity no catalogado; se conserva para revisión; moneda informada explícitamente en campo original: USD";sí;no;;;exportacion_manual;1;no_aplica;no;no_aplica;sí
2026-09-07;2026;9;Maíz;SIO Granos / Secretaría de Agricultura;;Compraventa;Fijar Precio/Prec. Cam.;285560;;PRECIO/TN MONTO;285560,00;285560,00;ARS;sí;no;PRECIO/TN MONEDA;$;TN;285560;80,00;TN;CANT. (TN);CÓRDOBA;CÓRDOBA;;Rosario S/En destino;Rosario S/En destino;;Fijación;Contra entrega;;;SIO_exportar_operaciones_2026-09-07.csv;2026-09-08;moneda informada explícitamente en campo original: ARS;sí;no;;;exportacion_manual;1;no_aplica;no;no_aplica;sí
2026-09-07;2026;9;Maíz;SIO Granos / Secretaría de Agricultura;;Compraventa;Precio Hecho;190;;PRECIO/TN MONTO;190,00;190,00;USD;sí;no;PRECIO/TN MONEDA;U$S;TN;190;500,00;TN;CANT. (TN);BUENOS AIRES;BUENOS AIRES;;Zona 7/En destino;Zona 7/En destino;;Contrato;Contra entrega;;;SIO_exportar_operaciones_2026-09-07.csv;2026-09-08;moneda informada explícitamente en campo original: USD;sí;no;;;exportacion_manual;1;no_aplica;no;no_aplica;sí
2026-09-07;2026;9;Maíz;SIO Granos / Secretaría de Agricultura;;Compraventa;Precio Hecho;199;;PRECIO/TN MONTO;199,00;199,00;USD;sí;no;PRECIO/TN MONEDA;U$S;TN;199;400,00;TN;CANT. (TN);SANTA FE;SANTA FE;;Rosario S/En destino;Rosario S/En destino;;Contrato;Contra entrega;;;SIO_exportar_operaciones_2026-09-07.csv;2026-09-08;moneda informada explícitamente en campo original: USD;sí;no;;;exportacion_manual;1;no_aplica;no;no_aplica;sí
2026-09-07;2026;9;CEBADA FORR.;SIO Granos / Secretaría de Agricultura;;Compraventa;Precio Hecho;220;;PRECIO/TN MONTO;220,00;220,00;USD;sí;no;PRECIO/TN MONEDA;U$S;TN;220;60,00;TN;CANT. (TN);BUENOS AIRES;BUENOS AIRES;;Quequen/En destino;Quequen/En destino;;Contrato;Contra entrega;;;SIO_exportar_operaciones_2026-09-07.csv;2026-09-08;"commodity no catalogado; se conserva para revisión; moneda informada explícitamente en campo original: USD";sí;no;;;exportacion_manual;1;no_aplica;no;no_aplica;sí
2026-09-07;2026;9;Soja;SIO Granos / Secretaría de Agricultura;;Compraventa;Precio Hecho;555000;;PRECIO/TN MONTO;555000,00;555000,00;ARS;sí;no;PRECIO/TN MONEDA;$;TN;555000;210,00;TN;CANT. (TN);SANTA FE;SANTA FE;;Rosario S/En destino;Rosario S/En destino;;Contrato;Contra entrega;;;SIO_exportar_operaciones_2026-09-07.csv;2026-09-08;moneda informada explícitamente en campo original: ARS;sí;no;;;exportacion_manual;1;no_aplica;no;no_aplica;sí
2026-09-07;2026;9;Soja;SIO Granos / Secretaría de Agricultura;;Compraventa;Fijar Precio/Prec. Cam.;0;;PRECIO/TN MONTO;0;0;Sin especificar;no;no;PRECIO/TN MONEDA;0;TN;0;6500,00;TN;CANT. (TN);SANTA FE;SANTA FE;;Rosario N/En destino;Rosario N/En destino;;Contrato;Contra entrega;;;SIO_exportar_operaciones_2026-09-07.csv;2026-09-08;"precio cero clasificado como cero_explicito; excluido de series de precios; moneda no informada explícitamente en endpoint GetOperaciones; no se infiere del valor original";sí;no;;;exportacion_manual;1;no_aplica;sí;cero_explicito;no
2026-09-07;2026;9;Maíz;SIO Granos / Secretaría de Agricultura;;Compraventa;Precio Hecho;195;;PRECIO/TN MONTO;195,00;195,00;USD;sí;no;PRECIO/TN MONEDA;U$S;TN;195;270,00;TN;CANT. (TN);SANTA FE;SANTA FE;;Rosario N/En destino;Rosario N/En destino;;Contrato;Contra entrega;;;SIO_exportar_operaciones_2026-09-07.csv;2026-09-08;moneda informada explícitamente en campo original: USD;sí;no;;;exportacion_manual;1;no_aplica;no;no_aplica;sí
2026-09-07;2026;9;Maíz;SIO Granos / Secretaría de Agricultura;;Compraventa;Precio Hecho;190;;PRECIO/TN MONTO;190,00;190,00;USD;sí;no;PRECIO/TN MONEDA;U$S;TN;190;1060,00;TN;CANT. (TN);SANTA FE;SANTA FE;;Quequen/En destino;Quequen/En destino;;Contrato;Contra entrega;;;SIO_exportar_operaciones_2026-09-07.csv;2026-09-08;moneda informada explícitamente en campo original: USD;sí;no;;;exportacion_manual;1;no_aplica;no;no_aplica;sí
2026-09-07;2026;9;Maíz;SIO Granos / Secretaría de Agricultura;;Compraventa;Precio Hecho;190;;PRECIO/TN MONTO;190,00;190,00;USD;sí;no;PRECIO/TN MONEDA;U$S;TN;190;300,00;TN;CANT. (TN);SANTA FE;SANTA FE;;Rosario N/En destino;Rosario N/En destino;;Contrato;Contra entrega;;;SIO_exportar_operaciones_2026-09-07.csv;2026-09-08;moneda informada explícitamente en campo original: USD;sí;no;;;exportacion_manual;1;no_aplica;no;no_aplica;sí
2026-09-07;2026;9;Soja;SIO Granos / Secretaría de Agricultura;;Compraventa;Precio Hecho;363;;PRECIO/TN MONTO;363,00;363,00;USD;sí;no;PRECIO/TN MONEDA;U$S;TN;363;210,00;TN;CANT. (TN);SANTA FE;SANTA FE;;Quequen/En destino;Quequen/En destino;;Contrato;Contra entrega;;;SIO_exportar_operaciones_2026-09-07.csv;2026-09-08;moneda informada explícitamente en campo original: USD;sí;no;;;exportacion_manual;1;no_aplica;no;no_aplica;sí
2026-09-07;2026;9;Soja;SIO Granos / Secretaría de Agricultura;;Compraventa;Precio Hecho;360;;PRECIO/TN MONTO;360,00;360,00;USD;sí;no;PRECIO/TN MONEDA;U$S;TN;360;60,00;TN;CANT. (TN);SANTA FE;SANTA FE;;Zona 13/En destino;Zona 13/En destino;;Contrato;Contra entrega;;;SIO_exportar_operaciones_2026-09-07.csv;2026-09-08;moneda informada explícitamente en campo original: USD;sí;no;;;exportacion_manual;1;no_aplica;no;no_aplica;sí
2026-09-07;2026;9;Maíz;SIO Granos / Secretaría de Agricultura;;Compraventa;Precio Hecho;285560;;PRECIO/TN MONTO;285560,00;285560,00;ARS;sí;no;PRECIO/TN MONEDA;$;TN;285560;300,00;TN;CANT. (TN);ENTRE RÍOS;ENTRE RÍOS;;Zona 18/En destino;Zona 18/En destino;;Contrato;Contra entrega;;;SIO_exportar_operaciones_2026-09-07.csv;2026-09-08;moneda informada explícitamente en campo original: ARS;sí;no;;;exportacion_manual;1;no_aplica;no;no_aplica;sí
2026-09-07;2026;9;Maíz;SIO Granos / Secretaría de Agricultura;;Compraventa;Precio Hecho;285560;;PRECIO/TN MONTO;285560,00;285560,00;ARS;sí;no;PRECIO/TN MONEDA;$;TN;285560;4000,00;TN;CANT. (TN);SALTA;SALTA;;Zona 17/En destino;Zona 17/En destino;;Contrato;Anticipado a la entrega;;;SIO_exportar_operaciones_2026-09-07.csv;2026-09-08;moneda informada explícitamente en campo original: ARS;sí;no;;;exportacion_manual;1;no_aplica;no;no_aplica;sí
2026-09-07;2026;9;Maíz;SIO Granos / Secretaría de Agricultura;;Compraventa;Fijar Precio/Prec. Cam.;0;;PRECIO/TN MONTO;0;0;Sin especificar;no;no;PRECIO/TN MONEDA;0;TN;0;15,74;TN;CANT. (TN);SALTA;SALTA;;Zona 17/En destino;Zona 17/En destino;;Contrato;Contra entrega;;;SIO_exportar_operaciones_2026-09-07.csv;2026-09-08;"precio cero clasificado como cero_explicito; excluido de series de precios; moneda no informada explícitamente en endpoint GetOperaciones; no se infiere del valor original";sí;no;;;exportacion_manual;1;no_aplica;sí;cero_explicito;no
2026-09-07;2026;9;Soja;SIO Granos / Secretaría de Agricultura;;Compraventa;Precio Hecho;560000;;PRECIO/TN MONTO;560000,00;560000,00;ARS;sí;no;PRECIO/TN MONEDA;$;TN;560000;90,00;TN;CANT. (TN);SANTA FE;SANTA FE;;Rosario S/En destino;Rosario S/En destino;;Rectificación;Contra entrega;;;SIO_exportar_operaciones_2026-09-07.csv;2026-09-08;moneda informada explícitamente en campo original: ARS;sí;no;;;exportacion_manual;1;no_aplica;no;no_aplica;sí
2026-09-07;2026;9;CEBADA CERV.;SIO Granos / Secretaría de Agricultura;;Compraventa;Fijar Precio/Mercado Comprador;217;;PRECIO/TN MONTO;217,00;217,00;USD;sí;no;PRECIO/TN MONEDA;U$S;TN;217;300,00;TN;CANT. (TN);BUENOS AIRES;BUENOS AIRES;;Zona 2/En destino;Zona 2/En destino;;Fijación;A plazo;;;SIO_exportar_operaciones_2026-09-07.csv;2026-09-08;"commodity no catalogado; se conserva para revisión; moneda informada explícitamente en campo original: USD";sí;no;;;exportacion_manual;1;no_aplica;no;no_aplica;sí
2026-09-07;2026;9;Maíz;SIO Granos / Secretaría de Agricultura;;Canje;Precio Hecho;204;;PRECIO/TN MONTO;204,00;204,00;USD;sí;no;PRECIO/TN MONEDA;U$S;TN;204;60,00;TN;CANT. (TN);CÓRDOBA;CÓRDOBA;;Rosario S/En destino;Rosario S/En destino;;Rectificación;Contra entrega;;;SIO_exportar_operaciones_2026-09-07.csv;2026-09-08;moneda informada explícitamente en campo original: USD;sí;no;;;exportacion_manual;1;no_aplica;no;no_aplica;sí
2026-09-07;2026;9;Soja;SIO Granos / Secretaría de Agricultura;;Compraventa;Precio Hecho;545500;;PRECIO/TN MONTO;545500,00;545500,00;ARS;sí;no;PRECIO/TN MONEDA;$;TN;545500;91,10;TN;CANT. (TN);ENTRE RÍOS;ENTRE RÍOS;;Zona 13/En destino;Zona 13/En destino;;Rectificación;Contra entrega;;;SIO_exportar_operaciones_2026-09-07.csv;2026-09-08;moneda informada explícitamente en campo original: ARS;sí;no;;;exportacion_manual;1;no_aplica;no;no_aplica;sí
2026-09-07;2026;9;TRIGO PAN;SIO Granos / Secretaría de Agricultura;;Compraventa;Fijar Precio/Prec. Cam.;0;;PRECIO/TN MONTO;0;0;Sin especificar;no;no;PRECIO/TN MONEDA;0;TN;0;207,83;TN;CANT. (TN);CÓRDOBA;CÓRDOBA;;Zona 8/En destino;Zona 8/En destino;;Contrato;Contra entrega;;;SIO_exportar_operaciones_2026-09-07.csv;2026-09-08;"commodity no catalogado; se conserva para revisión; precio cero clasificado como cero_explicito; excluido de series de precios; moneda no informada explícitamente en endpoint GetOperaciones; no se infiere del valor original";sí;no;;;exportacion_manual;1;no_aplica;sí;cero_explicito;no
2026-09-07;2026;9;Maíz;SIO Granos / Secretaría de Agricultura;;Compraventa;Fijar Precio/Prec. Cam.;0;;PRECIO/TN MONTO;0;0;Sin especificar;no;no;PRECIO/TN MONEDA;0;TN;0;131,86;TN;CANT. (TN);ENTRE RÍOS;ENTRE RÍOS;;Rosario S/En destino;Rosario S/En destino;;Contrato;Contra entrega;;;SIO_exportar_operaciones_2026-09-07.csv;2026-09-08;"precio cero clasificado como cero_explicito; excluido de series de precios; moneda no informada explícitamente en endpoint GetOperaciones; no se infiere del valor original";sí;no;;;exportacion_manual;1;no_aplica;sí;cero_explicito;no
2026-09-07;2026;9;ACEITE SOJA;SIO Granos / Secretaría de Agricultura;;Compraventa;Precio Hecho;920;;PRECIO/TN MONTO;920,00;920,00;USD;sí;no;PRECIO/TN MONEDA;U$S;TN;920;28,48;TN;CANT. (TN);BUENOS AIRES;BUENOS AIRES;;Zona 6/En destino;Zona 6/En destino;;Contrato;A plazo;;;SIO_exportar_operaciones_2026-09-07.csv;2026-09-08;"commodity no catalogado; se conserva para revisión; moneda informada explícitamente en campo original: USD";sí;no;;;exportacion_manual;1;no_aplica;no;no_aplica;sí
2026-09-07;2026;9;Maíz;SIO Granos / Secretaría de Agricultura;;Compraventa;Precio Hecho;200;;PRECIO/TN MONTO;200,00;200,00;USD;sí;no;PRECIO/TN MONEDA;U$S;TN;200;108,54;TN;CANT. (TN);BUENOS AIRES;BUENOS AIRES;;Zona 7/En destino;Zona 7/En destino;;Rectificación;Contra entrega;;;SIO_exportar_operaciones_2026-09-07.csv;2026-09-08;moneda informada explícitamente en campo original: USD;sí;no;;;exportacion_manual;1;no_aplica;no;no_aplica;sí
2026-09-07;2026;9;ACEITE SOJA;SIO Granos / Secretaría de Agricultura;;Compraventa;Precio Hecho;950;;PRECIO/TN MONTO;950,00;950,00;USD;sí;no;PRECIO/TN MONEDA;U$S;TN;950;30,02;TN;CANT. (TN);SANTA FE;SANTA FE;;Zona 6/En destino;Zona 6/En destino;;Contrato;A plazo;;;SIO_exportar_operaciones_2026-09-07.csv;2026-09-08;"commodity no catalogado; se conserva para revisión; moneda informada explícitamente en campo original: USD";sí;no;;;exportacion_manual;1;no_aplica;no;no_aplica;sí
2026-09-07;2026;9;TRIGO PAN;SIO Granos / Secretaría de Agricultura;;Compraventa;Fijar Precio/Prec. Cam.;240;;PRECIO/TN MONTO;240,00;240,00;USD;sí;no;PRECIO/TN MONEDA;U$S;TN;240;60,00;TN;CANT. (TN);BUENOS AIRES;BUENOS AIRES;;Quequen/En destino;Quequen/En destino;;Fijación;Contra entrega;;;SIO_exportar_operaciones_2026-09-07.csv;2026-09-08;"commodity no catalogado; se conserva para revisión; moneda informada explícitamente en campo original: USD";sí;no;;;exportacion_manual;1;no_aplica;no;no_aplica;sí
2026-09-07;2026;9;Soja;SIO Granos / Secretaría de Agricultura;;Compraventa;Fijar Precio/Prec. Cam.;555000;;PRECIO/TN MONTO;555000,00;555000,00;ARS;sí;no;PRECIO/TN MONEDA;$;TN;555000;36,50;TN;CANT. (TN);SANTA FE;SANTA FE;;Rosario S/En destino;Rosario S/En destino;;Fijación;Contra entrega;;;SIO_exportar_operaciones_2026-09-07.csv;2026-09-08;moneda informada explícitamente en campo original: ARS;sí;no;;;exportacion_manual;1;no_aplica;no;no_aplica;sí
2026-09-07;2026;9;Girasol;SIO Granos / Secretaría de Agricultura;;Compraventa;Precio Hecho;450;;PRECIO/TN MONTO;450,00;450,00;USD;sí;no;PRECIO/TN MONEDA;U$S;TN;450;60,00;TN;CANT. (TN);ENTRE RÍOS;ENTRE RÍOS;;Rosario S/En destino;Rosario S/En destino;;Contrato;Contra entrega;;;SIO_exportar_operaciones_2026-09-07.csv;2026-09-08;moneda informada explícitamente en campo original: USD;sí;no;;;exportacion_manual;1;no_aplica;no;no_aplica;sí
2026-09-07;2026;9;TRIGO PAN;SIO Granos / Secretaría de Agricultura;;Compraventa;Fijar Precio/Otros;350000;;PRECIO/TN MONTO;350000,00;350000,00;ARS;sí;no;PRECIO/TN MONEDA;$;TN;350000;86,82;TN;CANT. (TN);BUENOS AIRES;BUENOS AIRES;;Zona 2/En destino;Zona 2/En destino;;Fijación;A plazo;;;SIO_exportar_operaciones_2026-09-07.csv;2026-09-08;"commodity no catalogado; se conserva para revisión; moneda informada explícitamente en campo original: ARS";sí;no;;;exportacion_manual;1;no_aplica;no;no_aplica;sí
2026-09-07;2026;9;Maíz;SIO Granos / Secretaría de Agricultura;;Compraventa;Precio Hecho;285000;;PRECIO/TN MONTO;285000,00;285000,00;ARS;sí;no;PRECIO/TN MONEDA;$;TN;285000;210,00;TN;CANT. (TN);BUENOS AIRES;BUENOS AIRES;;Zona 5/En destino;Zona 5/En destino;;Contrato;A plazo;;;SIO_exportar_operaciones_2026-09-07.csv;2026-09-08;moneda informada explícitamente en campo original: ARS;sí;no;;;exportacion_manual;1;no_aplica;no;no_aplica;sí
2026-09-07;2026;9;TRIGO PAN;SIO Granos / Secretaría de Agricultura;;Compraventa;Precio Hecho;235;;PRECIO/TN MONTO;235,00;235,00;USD;sí;no;PRECIO/TN MONEDA;U$S;TN;235;300,00;TN;CANT. (TN);BUENOS AIRES;BUENOS AIRES;;Rosario N/En destino;Rosario N/En destino;;Contrato;Contra entrega;;;SIO_exportar_operaciones_2026-09-07.csv;2026-09-08;"commodity no catalogado; se conserva para revisión; moneda informada explícitamente en campo original: USD";sí;no;;;exportacion_manual;1;no_aplica;no;no_aplica;sí
2026-09-07;2026;9;Soja;SIO Granos / Secretaría de Agricultura;;Compraventa;Precio Hecho;505000;;PRECIO/TN MONTO;505000,00;505000,00;ARS;sí;no;PRECIO/TN MONEDA;$;TN;505000;13,16;TN;CANT. (TN);CHACO;CHACO;;Rosario S/En destino;Rosario S/En destino;;Contrato;Contra entrega;;;SIO_exportar_operaciones_2026-09-07.csv;2026-09-08;moneda informada explícitamente en campo original: ARS;sí;no;;;exportacion_manual;1;no_aplica;no;no_aplica;sí
2026-09-07;2026;9;Soja;SIO Granos / Secretaría de Agricultura;;Canje;Precio Hecho;560000;;PRECIO/TN MONTO;560000,00;560000,00;ARS;sí;no;PRECIO/TN MONEDA;$;TN;560000;36,54;TN;CANT. (TN);CÓRDOBA;CÓRDOBA;;Rosario N/En destino;Rosario N/En destino;;Contrato;Contra entrega;;;SIO_exportar_operaciones_2026-09-07.csv;2026-09-08;moneda informada explícitamente en campo original: ARS;sí;no;;;exportacion_manual;1;no_aplica;no;no_aplica;sí
2026-09-07;2026;9;Maíz;SIO Granos / Secretaría de Agricultura;;Compraventa;Precio Hecho;242380;;PRECIO/TN MONTO;242380,00;242380,00;ARS;sí;no;PRECIO/TN MONEDA;$;TN;242380;63,25;TN;CANT. (TN);BUENOS AIRES;BUENOS AIRES;;Zona 7/En destino;Zona 7/En destino;;Contrato;Contra entrega;;;SIO_exportar_operaciones_2026-09-07.csv;2026-09-08;moneda informada explícitamente en campo original: ARS;sí;no;;;exportacion_manual;1;no_aplica;no;no_aplica;sí
2026-09-07;2026;9;Maíz;SIO Granos / Secretaría de Agricultura;;Canje;Fijar Precio/Otros;88995.9;;PRECIO/TN MONTO;88995,88;88995,88;Sin especificar;no;no;PRECIO/TN MONEDA;0;TN;88995.9;398,12;TN;CANT. (TN);CÓRDOBA;CÓRDOBA;;Rosario S/En destino;Rosario S/En destino;;Contrato;Anticipado a la entrega;;;SIO_exportar_operaciones_2026-09-07.csv;2026-09-08;"moneda no informada explícitamente en endpoint GetOperaciones; no se infiere del valor original";sí;no;;;exportacion_manual;1;no_aplica;no;no_aplica;sí
2026-09-07;2026;9;Maíz;SIO Granos / Secretaría de Agricultura;;Canje;Fijar Precio/Otros;67619.2;;PRECIO/TN MONTO;67619,16;67619,16;Sin especificar;no;no;PRECIO/TN MONEDA;0;TN;67619.2;302,49;TN;CANT. (TN);CÓRDOBA;CÓRDOBA;;Rosario S/En destino;Rosario S/En destino;;Contrato;Anticipado a la entrega;;;SIO_exportar_operaciones_2026-09-07.csv;2026-09-08;"moneda no informada explícitamente en endpoint GetOperaciones; no se infiere del valor original";sí;no;;;exportacion_manual;1;no_aplica;no;no_aplica;sí
2026-09-07;2026;9;Maíz;SIO Granos / Secretaría de Agricultura;;Compraventa;Precio Hecho;205;;PRECIO/TN MONTO;205,00;205,00;USD;sí;no;PRECIO/TN MONEDA;U$S;TN;205;490,00;TN;CANT. (TN);SANTA FE;SANTA FE;;B.Blanca/En destino;B.Blanca/En destino;;Contrato;Contra entrega;;;SIO_exportar_operaciones_2026-09-07.csv;2026-09-08;moneda informada explícitamente en campo original: USD;sí;no;;;exportacion_manual;1;no_aplica;no;no_aplica;sí
2026-09-07;2026;9;CEBADA CERV.;SIO Granos / Secretaría de Agricultura;;Compraventa;Fijar Precio/Mercado Comprador;217;;PRECIO/TN MONTO;217,00;217,00;USD;sí;no;PRECIO/TN MONEDA;U$S;TN;217;500,00;TN;CANT. (TN);BUENOS AIRES;BUENOS AIRES;;Zona 3/En destino;Zona 3/En destino;;Fijación;A plazo;;;SIO_exportar_operaciones_2026-09-07.csv;2026-09-08;"commodity no catalogado; se conserva para revisión; moneda informada explícitamente en campo original: USD";sí;no;;;exportacion_manual;1;no_aplica;no;no_aplica;sí
2026-09-07;2026;9;Soja;SIO Granos / Secretaría de Agricultura;;Compraventa;Fijar Precio/Otros;565000;;PRECIO/TN MONTO;565000,00;565000,00;ARS;sí;no;PRECIO/TN MONEDA;$;TN;565000;65,00;TN;CANT. (TN);SANTA FE;SANTA FE;;Rosario N/En destino;Rosario N/En destino;;Fijación;A plazo;;;SIO_exportar_operaciones_2026-09-07.csv;2026-09-08;moneda informada explícitamente en campo original: ARS;sí;no;;;exportacion_manual;1;no_aplica;no;no_aplica;sí
2026-09-07;2026;9;Maíz;SIO Granos / Secretaría de Agricultura;;Compraventa;Precio Hecho;205;;PRECIO/TN MONTO;205,00;205,00;USD;sí;no;PRECIO/TN MONEDA;U$S;TN;205;210,00;TN;CANT. (TN);SANTA FE;SANTA FE;;B.Blanca/En destino;B.Blanca/En destino;;Contrato;Contra entrega;;;SIO_exportar_operaciones_2026-09-07.csv;2026-09-08;moneda informada explícitamente en campo original: USD;sí;no;;;exportacion_manual;1;no_aplica;no;no_aplica;sí
2026-09-07;2026;9;Maíz;SIO Granos / Secretaría de Agricultura;;Compraventa;Precio Hecho;242380;;PRECIO/TN MONTO;242380,00;242380,00;ARS;sí;no;PRECIO/TN MONEDA;$;TN;242380;144,25;TN;CANT. (TN);BUENOS AIRES;BUENOS AIRES;;Zona 7/En destino;Zona 7/En destino;;Contrato;Contra entrega;;;SIO_exportar_operaciones_2026-09-07.csv;2026-09-08;moneda informada explícitamente en campo original: ARS;sí;no;;;exportacion_manual;1;no_aplica;no;no_aplica;sí
2026-09-07;2026;9;CEBADA CERV.;SIO Granos / Secretaría de Agricultura;;Compraventa;Fijar Precio/Mercado Comprador;217;;PRECIO/TN MONTO;217,00;217,00;USD;sí;no;PRECIO/TN MONEDA;U$S;TN;217;350,00;TN;CANT. (TN);BUENOS AIRES;BUENOS AIRES;;Zona 3/En destino;Zona 3/En destino;;Fijación;A plazo;;;SIO_exportar_operaciones_2026-09-07.csv;2026-09-08;"commodity no catalogado; se conserva para revisión; moneda informada explícitamente en campo original: USD";sí;no;;;exportacion_manual;1;no_aplica;no;no_aplica;sí
2026-09-07;2026;9;TRIGO PAN;SIO Granos / Secretaría de Agricultura;;Canje;Precio Hecho;352300;;PRECIO/TN MONTO;352300,00;352300,00;ARS;sí;no;PRECIO/TN MONEDA;$;TN;352300;99,10;TN;CANT. (TN);CÓRDOBA;CÓRDOBA;;Zona 8/En destino;Zona 8/En destino;;Contrato;A plazo;;;SIO_exportar_operaciones_2026-09-07.csv;2026-09-08;"commodity no catalogado; se conserva para revisión; moneda informada explícitamente en campo original: ARS";sí;no;;;exportacion_manual;1;no_aplica;no;no_aplica;sí
2026-09-07;2026;9;Soja;SIO Granos / Secretaría de Agricultura;;Compraventa;Fijar Precio/Mercado Comprador;556528;;PRECIO/TN MONTO;556528,00;556528,00;ARS;sí;no;PRECIO/TN MONEDA;$;TN;556528;26,35;TN;CANT. (TN);CÓRDOBA;CÓRDOBA;;Zona 9/En destino;Zona 9/En destino;;Fijación;A plazo;;;SIO_exportar_operaciones_2026-09-07.csv;2026-09-08;moneda informada explícitamente en campo original: ARS;sí;no;;;exportacion_manual;1;no_aplica;no;no_aplica;sí
2026-09-07;2026;9;Maíz;SIO Granos / Secretaría de Agricultura;;Compraventa;Precio Hecho;208;;PRECIO/TN MONTO;208,00;208,00;USD;sí;no;PRECIO/TN MONEDA;U$S;TN;208;2000,00;TN;CANT. (TN);SANTA FE;SANTA FE;;Rosario S/En destino;Rosario S/En destino;;Contrato;Contra entrega;;;SIO_exportar_operaciones_2026-09-07.csv;2026-09-08;moneda informada explícitamente en campo original: USD;sí;no;;;exportacion_manual;1;no_aplica;no;no_aplica;sí
2026-09-07;2026;9;CEBADA CERV.;SIO Granos / Secretaría de Agricultura;;Compraventa;Fijar Precio/Mercado Comprador;217;;PRECIO/TN MONTO;217,00;217,00;USD;sí;no;PRECIO/TN MONEDA;U$S;TN;217;620,00;TN;CANT. (TN);BUENOS AIRES;BUENOS AIRES;;B.Blanca/En destino;B.Blanca/En destino;;Fijación;A plazo;;;SIO_exportar_operaciones_2026-09-07.csv;2026-09-08;"commodity no catalogado; se conserva para revisión; moneda informada explícitamente en campo original: USD";sí;no;;;exportacion_manual;1;no_aplica;no;no_aplica;sí
2026-09-07;2026;9;Maíz;SIO Granos / Secretaría de Agricultura;;Compraventa;Precio Hecho;210;;PRECIO/TN MONTO;210,00;210,00;USD;sí;no;PRECIO/TN MONEDA;U$S;TN;210;600,00;TN;CANT. (TN);SANTA FE;SANTA FE;;B.Blanca/En destino;B.Blanca/En destino;;Contrato;Contra entrega;;;SIO_exportar_operaciones_2026-09-07.csv;2026-09-08;moneda informada explícitamente en campo original: USD;sí;no;;;exportacion_manual;1;no_aplica;no;no_aplica;sí
2026-09-07;2026;9;CEBADA CERV.;SIO Granos / Secretaría de Agricultura;;Compraventa;Fijar Precio/Mercado Comprador;217;;PRECIO/TN MONTO;217,00;217,00;USD;sí;no;PRECIO/TN MONEDA;U$S;TN;217;60,00;TN;CANT. (TN);BUENOS AIRES;BUENOS AIRES;;Zona 2/En destino;Zona 2/En destino;;Fijación;A plazo;;;SIO_exportar_operaciones_2026-09-07.csv;2026-09-08;"commodity no catalogado; se conserva para revisión; moneda informada explícitamente en campo original: USD";sí;no;;;exportacion_manual;1;no_aplica;no;no_aplica;sí
2026-09-07;2026;9;Soja;SIO Granos / Secretaría de Agricultura;;Compraventa;Precio Hecho;547135;;PRECIO/TN MONTO;547135,00;547135,00;ARS;sí;no;PRECIO/TN MONEDA;$;TN;547135;150,00;TN;CANT. (TN);BUENOS AIRES;BUENOS AIRES;;Quequen/En destino;Quequen/En destino;;Contrato;A plazo;;;SIO_exportar_operaciones_2026-09-07.csv;2026-09-08;moneda informada explícitamente en campo original: ARS;sí;no;;;exportacion_manual;1;no_aplica;no;no_aplica;sí
2026-09-07;2026;9;Maíz;SIO Granos / Secretaría de Agricultura;;Compraventa;Precio Hecho;302000;;PRECIO/TN MONTO;302000,00;302000,00;ARS;sí;no;PRECIO/TN MONEDA;$;TN;302000;340,00;TN;CANT. (TN);SANTA FE;SANTA FE;;Rosario S/En destino;Rosario S/En destino;;Contrato;Contra entrega;;;SIO_exportar_operaciones_2026-09-07.csv;2026-09-08;moneda informada explícitamente en campo original: ARS;sí;no;;;exportacion_manual;1;no_aplica;no;no_aplica;sí
2026-09-07;2026;9;CEBADA CERV.;SIO Granos / Secretaría de Agricultura;;Compraventa;Fijar Precio/Mercado Comprador;217;;PRECIO/TN MONTO;217,00;217,00;USD;sí;no;PRECIO/TN MONEDA;U$S;TN;217;210,00;TN;CANT. (TN);BUENOS AIRES;BUENOS AIRES;;Zona 2/En destino;Zona 2/En destino;;Fijación;A plazo;;;SIO_exportar_operaciones_2026-09-07.csv;2026-09-08;"commodity no catalogado; se conserva para revisión; moneda informada explícitamente en campo original: USD";sí;no;;;exportacion_manual;1;no_aplica;no;no_aplica;sí
2026-09-07;2026;9;TRIGO PAN;SIO Granos / Secretaría de Agricultura;;Compraventa;Precio Hecho;325000;;PRECIO/TN MONTO;325000,00;325000,00;ARS;sí;no;PRECIO/TN MONEDA;$;TN;325000;60,00;TN;CANT. (TN);BUENOS AIRES;BUENOS AIRES;;Zona 6/En destino;Zona 6/En destino;;Rectificación;A plazo;;;SIO_exportar_operaciones_2026-09-07.csv;2026-09-08;"commodity no catalogado; se conserva para revisión; moneda informada explícitamente en campo original: ARS";sí;no;;;exportacion_manual;1;no_aplica;no;no_aplica;sí
2026-09-07;2026;9;Soja;SIO Granos / Secretaría de Agricultura;;Compraventa;Fijar Precio/Mercado Comprador;0;;PRECIO/TN MONTO;0;0;Sin especificar;no;no;PRECIO/TN MONEDA;0;TN;0;300,00;TN;CANT. (TN);CÓRDOBA;CÓRDOBA;;Zona 9/En destino;Zona 9/En destino;;Rectificación;A plazo;;;SIO_exportar_operaciones_2026-09-07.csv;2026-09-08;"precio cero clasificado como operacion_sin_precio; excluido de series de precios; moneda no informada explícitamente en endpoint GetOperaciones; no se infiere del valor original";sí;no;;;exportacion_manual;1;no_aplica;sí;operacion_sin_precio;no
2026-09-07;2026;9;Maíz;SIO Granos / Secretaría de Agricultura;;Compraventa;Precio Hecho;203;;PRECIO/TN MONTO;203,00;203,00;USD;sí;no;PRECIO/TN MONEDA;U$S;TN;203;3000,00;TN;CANT. (TN);SANTA FE;SANTA FE;;Rosario N/En destino;Rosario N/En destino;;Contrato;Contra entrega;;;SIO_exportar_operaciones_2026-09-07.csv;2026-09-08;moneda informada explícitamente en campo original: USD;sí;no;;;exportacion_manual;1;no_aplica;no;no_aplica;sí
2026-09-07;2026;9;Soja;SIO Granos / Secretaría de Agricultura;;Compraventa;Precio Hecho;365;;PRECIO/TN MONTO;365,00;365,00;USD;sí;no;PRECIO/TN MONEDA;U$S;TN;365;90,00;TN;CANT. (TN);SANTA FE;SANTA FE;;Quequen/En destino;Quequen/En destino;;Contrato;Contra entrega;;;SIO_exportar_operaciones_2026-09-07.csv;2026-09-08;moneda informada explícitamente en campo original: USD;sí;no;;;exportacion_manual;1;no_aplica;no;no_aplica;sí
2026-09-07;2026;9;Maíz;SIO Granos / Secretaría de Agricultura;;Compraventa;Precio Hecho;288000;;PRECIO/TN MONTO;288000,00;288000,00;ARS;sí;no;PRECIO/TN MONEDA;$;TN;288000;10,17;TN;CANT. (TN);CÓRDOBA;CÓRDOBA;;Zona 8/En origen;Zona 8/En origen;;Contrato;Contra entrega;;;SIO_exportar_operaciones_2026-09-07.csv;2026-09-08;moneda informada explícitamente en campo original: ARS;sí;no;;;exportacion_manual;1;no_aplica;no;no_aplica;sí
2026-09-07;2026;9;Maíz;SIO Granos / Secretaría de Agricultura;;Compraventa;Precio Hecho;288000;;PRECIO/TN MONTO;288000,00;288000,00;ARS;sí;no;PRECIO/TN MONEDA;$;TN;288000;116,39;TN;CANT. (TN);CÓRDOBA;CÓRDOBA;;Zona 8/En origen;Zona 8/En origen;;Contrato;Contra entrega;;;SIO_exportar_operaciones_2026-09-07.csv;2026-09-08;moneda informada explícitamente en campo original: ARS;sí;no;;;exportacion_manual;1;no_aplica;no;no_aplica;sí
2026-09-07;2026;9;Maíz;SIO Granos / Secretaría de Agricultura;;Canje;Precio Hecho;263620;;PRECIO/TN MONTO;263620,00;263620,00;ARS;sí;no;PRECIO/TN MONEDA;$;TN;263620;100,55;TN;CANT. (TN);CÓRDOBA;CÓRDOBA;;Zona 8/En destino;Zona 8/En destino;;Contrato;Contra entrega;;;SIO_exportar_operaciones_2026-09-07.csv;2026-09-08;moneda informada explícitamente en campo original: ARS;sí;no;;;exportacion_manual;1;no_aplica;no;no_aplica;sí
2026-09-07;2026;9;TRIGO PAN;SIO Granos / Secretaría de Agricultura;;Compraventa;Precio Hecho;235;;PRECIO/TN MONTO;235,00;235,00;USD;sí;no;PRECIO/TN MONEDA;U$S;TN;235;250,00;TN;CANT. (TN);SANTA FE;SANTA FE;;Rosario S/En destino;Rosario S/En destino;;Contrato;Contra entrega;;;SIO_exportar_operaciones_2026-09-07.csv;2026-09-08;"commodity no catalogado; se conserva para revisión; moneda informada explícitamente en campo original: USD";sí;no;;;exportacion_manual;1;no_aplica;no;no_aplica;sí
2026-09-07;2026;9;Soja;SIO Granos / Secretaría de Agricultura;;Compraventa;Precio Hecho;565000;;PRECIO/TN MONTO;565000,00;565000,00;ARS;sí;no;PRECIO/TN MONEDA;$;TN;565000;90,00;TN;CANT. (TN);SANTA FE;SANTA FE;;Rosario N/En destino;Rosario N/En destino;;Contrato;Contra entrega;;;SIO_exportar_operaciones_2026-09-07.csv;2026-09-08;moneda informada explícitamente en campo original: ARS;sí;no;;;exportacion_manual;1;no_aplica;no;no_aplica;sí
2026-09-07;2026;9;CEBADA FORR.;SIO Granos / Secretaría de Agricultura;;Compraventa;Precio Hecho;220;;PRECIO/TN MONTO;220,00;220,00;USD;sí;no;PRECIO/TN MONEDA;U$S;TN;220;90,00;TN;CANT. (TN);SANTA FE;SANTA FE;;B.Blanca/En destino;B.Blanca/En destino;;Contrato;Contra entrega;;;SIO_exportar_operaciones_2026-09-07.csv;2026-09-08;"commodity no catalogado; se conserva para revisión; moneda informada explícitamente en campo original: USD";sí;no;;;exportacion_manual;1;no_aplica;no;no_aplica;sí
2026-09-07;2026;9;Soja;SIO Granos / Secretaría de Agricultura;;Compraventa;Fijar Precio/Prec. Cam.;0;;PRECIO/TN MONTO;0;0;Sin especificar;no;no;PRECIO/TN MONEDA;0;TN;0;498,80;TN;CANT. (TN);CÓRDOBA;CÓRDOBA;;Cordoba/En destino;Cordoba/En destino;;Contrato;Contra entrega;;;SIO_exportar_operaciones_2026-09-07.csv;2026-09-08;"precio cero clasificado como cero_explicito; excluido de series de precios; moneda no informada explícitamente en endpoint GetOperaciones; no se infiere del valor original";sí;no;;;exportacion_manual;1;no_aplica;sí;cero_explicito;no
2026-09-07;2026;9;Soja;SIO Granos / Secretaría de Agricultura;;Compraventa;Fijar Precio/Prec. Cam.;0;;PRECIO/TN MONTO;0;0;Sin especificar;no;no;PRECIO/TN MONEDA;0;TN;0;199,52;TN;CANT. (TN);CÓRDOBA;CÓRDOBA;;Zona 9/En destino;Zona 9/En destino;;Contrato;Contra entrega;;;SIO_exportar_operaciones_2026-09-07.csv;2026-09-08;"precio cero clasificado como cero_explicito; excluido de series de precios; moneda no informada explícitamente en endpoint GetOperaciones; no se infiere del valor original";sí;no;;;exportacion_manual;1;no_aplica;sí;cero_explicito;no
2026-09-07;2026;9;Maíz;SIO Granos / Secretaría de Agricultura;;Compraventa;Fijar Precio/Prec. Cam.;0;;PRECIO/TN MONTO;0;0;Sin especificar;no;no;PRECIO/TN MONEDA;0;TN;0;16,09;TN;CANT. (TN);SANTA FE;SANTA FE;;Rosario S/En destino;Rosario S/En destino;;Contrato;Contra entrega;;;SIO_exportar_operaciones_2026-09-07.csv;2026-09-08;"precio cero clasificado como cero_explicito; excluido de series de precios; moneda no informada explícitamente en endpoint GetOperaciones; no se infiere del valor original";sí;no;;;exportacion_manual;1;no_aplica;sí;cero_explicito;no
2026-09-07;2026;9;TRIGO PAN;SIO Granos / Secretaría de Agricultura;;Compraventa;Precio Hecho;240;;PRECIO/TN MONTO;240,00;240,00;USD;sí;no;PRECIO/TN MONEDA;U$S;TN;240;100,00;TN;CANT. (TN);SANTA FE;SANTA FE;;Rosario S/En destino;Rosario S/En destino;;Contrato;Contra entrega;;;SIO_exportar_operaciones_2026-09-07.csv;2026-09-08;"commodity no catalogado; se conserva para revisión; moneda informada explícitamente en campo original: USD";sí;no;;;exportacion_manual;1;no_aplica;no;no_aplica;sí
2026-09-07;2026;9;Maíz;SIO Granos / Secretaría de Agricultura;;Compraventa;Precio Hecho;305000;;PRECIO/TN MONTO;305000,00;305000,00;ARS;sí;no;PRECIO/TN MONEDA;$;TN;305000;500,00;TN;CANT. (TN);SANTA FE;SANTA FE;;Rosario S/En destino;Rosario S/En destino;;Contrato;Contra entrega;;;SIO_exportar_operaciones_2026-09-07.csv;2026-09-08;moneda informada explícitamente en campo original: ARS;sí;no;;;exportacion_manual;1;no_aplica;no;no_aplica;sí
2026-09-07;2026;9;Soja;SIO Granos / Secretaría de Agricultura;;Compraventa;Precio Hecho;369;;PRECIO/TN MONTO;369,00;369,00;USD;sí;no;PRECIO/TN MONEDA;U$S;TN;369;800,00;TN;CANT. (TN);SANTA FE;SANTA FE;;Rosario N/En destino;Rosario N/En destino;;Contrato;Contra entrega;;;SIO_exportar_operaciones_2026-09-07.csv;2026-09-08;moneda informada explícitamente en campo original: USD;sí;no;;;exportacion_manual;1;no_aplica;no;no_aplica;sí
2026-09-07;2026;9;Soja;SIO Granos / Secretaría de Agricultura;;Compraventa;Precio Hecho;350;;PRECIO/TN MONTO;350,00;350,00;USD;sí;no;PRECIO/TN MONEDA;U$S;TN;350;240,00;TN;CANT. (TN);SANTA FE;SANTA FE;;B.Blanca/En destino;B.Blanca/En destino;;Contrato;Contra entrega;;;SIO_exportar_operaciones_2026-09-07.csv;2026-09-08;moneda informada explícitamente en campo original: USD;sí;no;;;exportacion_manual;1;no_aplica;no;no_aplica;sí
2026-09-07;2026;9;Maíz;SIO Granos / Secretaría de Agricultura;;Compraventa;Precio Hecho;198;;PRECIO/TN MONTO;198,00;198,00;USD;sí;no;PRECIO/TN MONEDA;U$S;TN;198;100,00;TN;CANT. (TN);SANTA FE;SANTA FE;;Rosario N/En destino;Rosario N/En destino;;Contrato;Contra entrega;;;SIO_exportar_operaciones_2026-09-07.csv;2026-09-08;moneda informada explícitamente en campo original: USD;sí;no;;;exportacion_manual;1;no_aplica;no;no_aplica;sí
2026-09-07;2026;9;Maíz;SIO Granos / Secretaría de Agricultura;;Compraventa;Precio Hecho;198;;PRECIO/TN MONTO;198,00;198,00;USD;sí;no;PRECIO/TN MONEDA;U$S;TN;198;5000,00;TN;CANT. (TN);SANTA FE;SANTA FE;;Rosario N/En destino;Rosario N/En destino;;Contrato;Contra entrega;;;SIO_exportar_operaciones_2026-09-07.csv;2026-09-08;moneda informada explícitamente en campo original: USD;sí;no;;;exportacion_manual;1;no_aplica;no;no_aplica;sí
2026-09-07;2026;9;Maíz;SIO Granos / Secretaría de Agricultura;;Compraventa;Precio Hecho;198;;PRECIO/TN MONTO;198,00;198,00;USD;sí;no;PRECIO/TN MONEDA;U$S;TN;198;200,00;TN;CANT. (TN);SANTA FE;SANTA FE;;Rosario N/En destino;Rosario N/En destino;;Contrato;Contra entrega;;;SIO_exportar_operaciones_2026-09-07.csv;2026-09-08;moneda informada explícitamente en campo original: USD;sí;no;;;exportacion_manual;1;no_aplica;no;no_aplica;sí
2026-09-07;2026;9;Maíz;SIO Granos / Secretaría de Agricultura;;Compraventa;Precio Hecho;198;;PRECIO/TN MONTO;198,00;198,00;USD;sí;no;PRECIO/TN MONEDA;U$S;TN;198;700,00;TN;CANT. (TN);SANTA FE;SANTA FE;;Rosario N/En destino;Rosario N/En destino;;Contrato;Contra entrega;;;SIO_exportar_operaciones_2026-09-07.csv;2026-09-08;moneda informada explícitamente en campo original: USD;sí;no;;;exportacion_manual;1;no_aplica;no;no_aplica;sí
2026-09-07;2026;9;Maíz;SIO Granos / Secretaría de Agricultura;;Compraventa;Precio Hecho;202;;PRECIO/TN MONTO;202,00;202,00;USD;sí;no;PRECIO/TN MONEDA;U$S;TN;202;500,00;TN;CANT. (TN);SANTA FE;SANTA FE;;Rosario N/En destino;Rosario N/En destino;;Contrato;Contra entrega;;;SIO_exportar_operaciones_2026-09-07.csv;2026-09-08;moneda informada explícitamente en campo original: USD;sí;no;;;exportacion_manual;1;no_aplica;no;no_aplica;sí
2026-09-07;2026;9;CEBADA FORR.;SIO Granos / Secretaría de Agricultura;;Compraventa;Precio Hecho;220;;PRECIO/TN MONTO;220,00;220,00;USD;sí;no;PRECIO/TN MONEDA;U$S;TN;220;150,00;TN;CANT. (TN);SANTA FE;SANTA FE;;B.Blanca/En destino;B.Blanca/En destino;;Contrato;Contra entrega;;;SIO_exportar_operaciones_2026-09-07.csv;2026-09-08;"commodity no catalogado; se conserva para revisión; moneda informada explícitamente en campo original: USD";sí;no;;;exportacion_manual;1;no_aplica;no;no_aplica;sí
2026-09-07;2026;9;TRIGO PAN;SIO Granos / Secretaría de Agricultura;;Compraventa;Precio Hecho;225;;PRECIO/TN MONTO;225,00;225,00;USD;sí;no;PRECIO/TN MONEDA;U$S;TN;225;150,00;TN;CANT. (TN);SANTA FE;SANTA FE;;Rosario N/En destino;Rosario N/En destino;;Contrato;Contra entrega;;;SIO_exportar_operaciones_2026-09-07.csv;2026-09-08;"commodity no catalogado; se conserva para revisión; moneda informada explícitamente en campo original: USD";sí;no;;;exportacion_manual;1;no_aplica;no;no_aplica;sí
2026-09-07;2026;9;TRIGO PAN;SIO Granos / Secretaría de Agricultura;;Canje;Fijar Precio/Otros;8425.39;;PRECIO/TN MONTO;8425,39;8425,39;Sin especificar;no;no;PRECIO/TN MONEDA;0;TN;8425.39;34,68;TN;CANT. (TN);CÓRDOBA;CÓRDOBA;;Rosario S/En destino;Rosario S/En destino;;Contrato;Anticipado a la entrega;;;SIO_exportar_operaciones_2026-09-07.csv;2026-09-08;"commodity no catalogado; se conserva para revisión; moneda no informada explícitamente en endpoint GetOperaciones; no se infiere del valor original";sí;no;;;exportacion_manual;1;no_aplica;no;no_aplica;sí
2026-09-07;2026;9;Soja;SIO Granos / Secretaría de Agricultura;;Canje;Fijar Precio/Otros;104140;;PRECIO/TN MONTO;104139,57;104139,57;Sin especificar;no;no;PRECIO/TN MONEDA;0;TN;104140;263,95;TN;CANT. (TN);CÓRDOBA;CÓRDOBA;;Rosario S/En destino;Rosario S/En destino;;Contrato;Anticipado a la entrega;;;SIO_exportar_operaciones_2026-09-07.csv;2026-09-08;"moneda no informada explícitamente en endpoint GetOperaciones; no se infiere del valor original";sí;no;;;exportacion_manual;1;no_aplica;no;no_aplica;sí
2026-09-07;2026;9;Soja;SIO Granos / Secretaría de Agricultura;;Compraventa;Precio Hecho;560000;;PRECIO/TN MONTO;560000,00;560000,00;ARS;sí;no;PRECIO/TN MONEDA;$;TN;560000;35,00;TN;CANT. (TN);SANTA FE;SANTA FE;;Rosario N/En destino;Rosario N/En destino;;Contrato;Contra entrega;;;SIO_exportar_operaciones_2026-09-07.csv;2026-09-08;moneda informada explícitamente en campo original: ARS;sí;no;;;exportacion_manual;1;no_aplica;no;no_aplica;sí
2026-09-07;2026;9;Maíz;SIO Granos / Secretaría de Agricultura;;Compraventa;Precio Hecho;185;;PRECIO/TN MONTO;185,00;185,00;USD;sí;no;PRECIO/TN MONEDA;U$S;TN;185;400,00;TN;CANT. (TN);ENTRE RÍOS;ENTRE RÍOS;;Zona 18/En destino;Zona 18/En destino;;Rectificación;Contra entrega;;;SIO_exportar_operaciones_2026-09-07.csv;2026-09-08;moneda informada explícitamente en campo original: USD;sí;no;;;exportacion_manual;1;no_aplica;no;no_aplica;sí
2026-09-07;2026;9;Soja;SIO Granos / Secretaría de Agricultura;;Compraventa;Precio Hecho;561000;;PRECIO/TN MONTO;561000,00;561000,00;ARS;sí;no;PRECIO/TN MONEDA;$;TN;561000;8,70;TN;CANT. (TN);SANTA FE;SANTA FE;;Zona 12/En destino;Zona 12/En destino;;Contrato;A plazo;;;SIO_exportar_operaciones_2026-09-07.csv;2026-09-08;moneda informada explícitamente en campo original: ARS;sí;no;;;exportacion_manual;1;no_aplica;no;no_aplica;sí
2026-09-07;2026;9;Maíz;SIO Granos / Secretaría de Agricultura;;Canje;Fijar Precio/Otros;0;;PRECIO/TN MONTO;0,00;0,00;Sin especificar;no;no;PRECIO/TN MONEDA;0;TN;0;45,00;TN;CANT. (TN);SANTA FE;SANTA FE;;Rosario N/En destino;Rosario N/En destino;;Contrato;Contra entrega;;;SIO_exportar_operaciones_2026-09-07.csv;2026-09-08;"precio cero clasificado como cero_explicito; excluido de series de precios; moneda no informada explícitamente en endpoint GetOperaciones; no se infiere del valor original";sí;no;;;exportacion_manual;1;no_aplica;sí;cero_explicito;no
2026-09-07;2026;9;Maíz;SIO Granos / Secretaría de Agricultura;;Canje;Precio Hecho;208;;PRECIO/TN MONTO;208,00;208,00;USD;sí;no;PRECIO/TN MONEDA;U$S;TN;208;90,00;TN;CANT. (TN);SANTA FE;SANTA FE;;Rosario S/En destino;Rosario S/En destino;;Contrato;Contra entrega;;;SIO_exportar_operaciones_2026-09-07.csv;2026-09-08;moneda informada explícitamente en campo original: USD;sí;no;;;exportacion_manual;1;no_aplica;no;no_aplica;sí
2026-09-07;2026;9;TRIGO PAN;SIO Granos / Secretaría de Agricultura;;Compraventa;Precio Hecho;357000;;PRECIO/TN MONTO;357000,00;357000,00;ARS;sí;no;PRECIO/TN MONEDA;$;TN;357000;100,00;TN;CANT. (TN);SANTA FE;SANTA FE;;Zona 12/En destino;Zona 12/En destino;;Contrato;A plazo;;;SIO_exportar_operaciones_2026-09-07.csv;2026-09-08;"commodity no catalogado; se conserva para revisión; moneda informada explícitamente en campo original: ARS";sí;no;;;exportacion_manual;1;no_aplica;no;no_aplica;sí
2026-09-07;2026;9;Soja;SIO Granos / Secretaría de Agricultura;;Compraventa;Precio Hecho;546000;;PRECIO/TN MONTO;546000,00;546000,00;ARS;sí;no;PRECIO/TN MONEDA;$;TN;546000;10,00;TN;CANT. (TN);BUENOS AIRES;BUENOS AIRES;;Zona 7/En destino;Zona 7/En destino;;Contrato;Contra entrega;;;SIO_exportar_operaciones_2026-09-07.csv;2026-09-08;moneda informada explícitamente en campo original: ARS;sí;no;;;exportacion_manual;1;no_aplica;no;no_aplica;sí
2026-09-07;2026;9;Maíz;SIO Granos / Secretaría de Agricultura;;Compraventa;Precio Hecho;195;;PRECIO/TN MONTO;195,00;195,00;USD;sí;no;PRECIO/TN MONEDA;U$S;TN;195;30,00;TN;CANT. (TN);BUENOS AIRES;BUENOS AIRES;;Rosario N/En destino;Rosario N/En destino;;Contrato;Contra entrega;;;SIO_exportar_operaciones_2026-09-07.csv;2026-09-08;moneda informada explícitamente en campo original: USD;sí;no;;;exportacion_manual;1;no_aplica;no;no_aplica;sí
2026-09-07;2026;9;Soja;SIO Granos / Secretaría de Agricultura;;Compraventa;Precio Hecho;560000;;PRECIO/TN MONTO;560000,00;560000,00;ARS;sí;no;PRECIO/TN MONEDA;$;TN;560000;700,00;TN;CANT. (TN);SANTA FE;SANTA FE;;Rosario N/En destino;Rosario N/En destino;;Contrato;Anticipado a la entrega;;;SIO_exportar_operaciones_2026-09-07.csv;2026-09-08;moneda informada explícitamente en campo original: ARS;sí;no;;;exportacion_manual;1;no_aplica;no;no_aplica;sí
2026-09-07;2026;9;Soja;SIO Granos / Secretaría de Agricultura;;Compraventa;Precio Hecho;560000;;PRECIO/TN MONTO;560000,00;560000,00;ARS;sí;no;PRECIO/TN MONEDA;$;TN;560000;20,00;TN;CANT. (TN);SANTIAGO DEL ESTERO;SANTIAGO DEL ESTERO;;Cordoba/En destino;Cordoba/En destino;;Contrato;A plazo;;;SIO_exportar_operaciones_2026-09-07.csv;2026-09-08;moneda informada explícitamente en campo original: ARS;sí;no;;;exportacion_manual;1;no_aplica;no;no_aplica;sí
2026-09-07;2026;9;Maíz;SIO Granos / Secretaría de Agricultura;;Compraventa;Precio Hecho;295000;;PRECIO/TN MONTO;295000,00;295000,00;ARS;sí;no;PRECIO/TN MONEDA;$;TN;295000;46,33;TN;CANT. (TN);SANTA FE;SANTA FE;;Rosario N/En destino;Rosario N/En destino;;Contrato;Contra entrega;;;SIO_exportar_operaciones_2026-09-07.csv;2026-09-08;moneda informada explícitamente en campo original: ARS;sí;no;;;exportacion_manual;1;no_aplica;no;no_aplica;sí
2026-09-07;2026;9;TRIGO PAN;SIO Granos / Secretaría de Agricultura;;Compraventa;Precio Hecho;340000;;PRECIO/TN MONTO;340000,00;340000,00;ARS;sí;no;PRECIO/TN MONEDA;$;TN;340000;120,00;TN;CANT. (TN);CÓRDOBA;CÓRDOBA;;Cordoba/En destino;Cordoba/En destino;;Contrato;A plazo;;;SIO_exportar_operaciones_2026-09-07.csv;2026-09-08;"commodity no catalogado; se conserva para revisión; moneda informada explícitamente en campo original: ARS";sí;no;;;exportacion_manual;1;no_aplica;no;no_aplica;sí
2026-09-07;2026;9;TRIGO PAN;SIO Granos / Secretaría de Agricultura;;Compraventa;Fijar Precio/Mercado Comprador;345000;;PRECIO/TN MONTO;345000,00;345000,00;ARS;sí;no;PRECIO/TN MONEDA;$;TN;345000;30,00;TN;CANT. (TN);BUENOS AIRES;BUENOS AIRES;;Zona 2/En destino;Zona 2/En destino;;Fijación;A plazo;;;SIO_exportar_operaciones_2026-09-07.csv;2026-09-08;"commodity no catalogado; se conserva para revisión; moneda informada explícitamente en campo original: ARS";sí;no;;;exportacion_manual;1;no_aplica;no;no_aplica;sí
2026-09-07;2026;9;Maíz;SIO Granos / Secretaría de Agricultura;;Compraventa;Precio Hecho;190;;PRECIO/TN MONTO;190,00;190,00;USD;sí;no;PRECIO/TN MONEDA;U$S;TN;190;182,75;TN;CANT. (TN);SALTA;SALTA;;Zona 17/En destino;Zona 17/En destino;;Contrato;Contra entrega;;;SIO_exportar_operaciones_2026-09-07.csv;2026-09-08;moneda informada explícitamente en campo original: USD;sí;no;;;exportacion_manual;1;no_aplica;no;no_aplica;sí
2026-09-07;2026;9;Maíz;SIO Granos / Secretaría de Agricultura;;Compraventa;Precio Hecho;195;;PRECIO/TN MONTO;195,00;195,00;USD;sí;no;PRECIO/TN MONEDA;U$S;TN;195;300,00;TN;CANT. (TN);SANTA FE;SANTA FE;;Rosario N/En destino;Rosario N/En destino;;Contrato;Contra entrega;;;SIO_exportar_operaciones_2026-09-07.csv;2026-09-08;moneda informada explícitamente en campo original: USD;sí;no;;;exportacion_manual;1;no_aplica;no;no_aplica;sí
2026-09-07;2026;9;Maíz;SIO Granos / Secretaría de Agricultura;;Compraventa;Precio Hecho;195;;PRECIO/TN MONTO;195,00;195,00;USD;sí;no;PRECIO/TN MONEDA;U$S;TN;195;420,00;TN;CANT. (TN);SANTA FE;SANTA FE;;Rosario N/En destino;Rosario N/En destino;;Contrato;Contra entrega;;;SIO_exportar_operaciones_2026-09-07.csv;2026-09-08;moneda informada explícitamente en campo original: USD;sí;no;;;exportacion_manual;1;no_aplica;no;no_aplica;sí
2026-09-07;2026;9;Soja;SIO Granos / Secretaría de Agricultura;;Compraventa;Fijar Precio/Mercado Comprador;0;;PRECIO/TN MONTO;0;0;Sin especificar;no;no;PRECIO/TN MONEDA;0;TN;0;450,00;TN;CANT. (TN);CÓRDOBA;CÓRDOBA;;Rosario S/En destino;Rosario S/En destino;;Contrato;Contra entrega;;;SIO_exportar_operaciones_2026-09-07.csv;2026-09-08;"precio cero clasificado como cero_explicito; excluido de series de precios; moneda no informada explícitamente en endpoint GetOperaciones; no se infiere del valor original";sí;no;;;exportacion_manual;1;no_aplica;sí;cero_explicito;no
2026-09-07;2026;9;TRIGO PAN;SIO Granos / Secretaría de Agricultura;;Compraventa;Precio Hecho;240;;PRECIO/TN MONTO;240,00;240,00;USD;sí;no;PRECIO/TN MONEDA;U$S;TN;240;500,00;TN;CANT. (TN);BUENOS AIRES;BUENOS AIRES;;Quequen/En destino;Quequen/En destino;;Contrato;Contra entrega;;;SIO_exportar_operaciones_2026-09-07.csv;2026-09-08;"commodity no catalogado; se conserva para revisión; moneda informada explícitamente en campo original: USD";sí;no;;;exportacion_manual;1;no_aplica;no;no_aplica;sí
2026-09-07;2026;9;CEBADA FORR.;SIO Granos / Secretaría de Agricultura;;Compraventa;Precio Hecho;220;;PRECIO/TN MONTO;220,00;220,00;USD;sí;no;PRECIO/TN MONEDA;U$S;TN;220;30,00;TN;CANT. (TN);BUENOS AIRES;BUENOS AIRES;;Quequen/En destino;Quequen/En destino;;Contrato;Contra entrega;;;SIO_exportar_operaciones_2026-09-07.csv;2026-09-08;"commodity no catalogado; se conserva para revisión; moneda informada explícitamente en campo original: USD";sí;no;;;exportacion_manual;1;no_aplica;no;no_aplica;sí
2026-09-06;2026;9;Soja;SIO Granos / Secretaría de Agricultura;;Compraventa;Fijar Precio/Otros;560000;;PRECIO/TN MONTO;560000,00;560000,00;ARS;sí;no;PRECIO/TN MONEDA;$;TN;560000;63,64;TN;CANT. (TN);ENTRE RÍOS;ENTRE RÍOS;;Zona 13/En destino;Zona 13/En destino;;Fijación;Contra entrega;;;SIO_exportar_operaciones_2026-09-07.csv;2026-09-08;moneda informada explícitamente en campo original: ARS;sí;no;;;exportacion_manual;1;no_aplica;no;no_aplica;sí
2026-09-06;2026;9;Soja;SIO Granos / Secretaría de Agricultura;;Compraventa;Fijar Precio/Otros;0;;PRECIO/TN MONTO;0;0;Sin especificar;no;no;PRECIO/TN MONEDA;0;TN;0;6000,00;TN;CANT. (TN);SANTA FE;SANTA FE;;Rosario N/En destino;Rosario N/En destino;;Contrato;Contra entrega;;;SIO_exportar_operaciones_2026-09-07.csv;2026-09-08;"precio cero clasificado como cero_explicito; excluido de series de precios; moneda no informada explícitamente en endpoint GetOperaciones; no se infiere del valor original";sí;no;;;exportacion_manual;1;no_aplica;sí;cero_explicito;no
2026-09-06;2026;9;Soja;SIO Granos / Secretaría de Agricultura;;Compraventa;Precio Hecho;377.5;;PRECIO/TN MONTO;377,50;377,50;USD;sí;no;PRECIO/TN MONEDA;U$S;TN;377.5;200,00;TN;CANT. (TN);SANTA FE;SANTA FE;;Rosario S/En destino;Rosario S/En destino;;Contrato;Contra entrega;;;SIO_exportar_operaciones_2026-09-07.csv;2026-09-08;moneda informada explícitamente en campo original: USD;sí;no;;;exportacion_manual;1;no_aplica;no;no_aplica;sí
2026-09-06;2026;9;Soja;SIO Granos / Secretaría de Agricultura;;Compraventa;Precio Hecho;358.5;;PRECIO/TN MONTO;358,50;358,50;USD;sí;no;PRECIO/TN MONEDA;U$S;TN;358.5;200,00;TN;CANT. (TN);SANTA FE;SANTA FE;;Rosario S/En destino;Rosario S/En destino;;Contrato;Contra entrega;;;SIO_exportar_operaciones_2026-09-07.csv;2026-09-08;moneda informada explícitamente en campo original: USD;sí;no;;;exportacion_manual;1;no_aplica;no;no_aplica;sí
2026-09-06;2026;9;TRIGO PAN;SIO Granos / Secretaría de Agricultura;;Compraventa;Precio Hecho;360000;;PRECIO/TN MONTO;360000,00;360000,00;ARS;sí;no;PRECIO/TN MONEDA;$;TN;360000;420,00;TN;CANT. (TN);BUENOS AIRES;BUENOS AIRES;;Zona 5/En destino;Zona 5/En destino;;Contrato;Contra entrega;;;SIO_exportar_operaciones_2026-09-07.csv;2026-09-08;"commodity no catalogado; se conserva para revisión; moneda informada explícitamente en campo original: ARS";sí;no;;;exportacion_manual;1;no_aplica;no;no_aplica;sí
2026-09-06;2026;9;TRIGO PAN;SIO Granos / Secretaría de Agricultura;;Compraventa;Precio Hecho;360000;;PRECIO/TN MONTO;360000,00;360000,00;ARS;sí;no;PRECIO/TN MONEDA;$;TN;360000;120,00;TN;CANT. (TN);BUENOS AIRES;BUENOS AIRES;;Zona 5/En destino;Zona 5/En destino;;Contrato;Contra entrega;;;SIO_exportar_operaciones_2026-09-07.csv;2026-09-08;"commodity no catalogado; se conserva para revisión; moneda informada explícitamente en campo original: ARS";sí;no;;;exportacion_manual;1;no_aplica;no;no_aplica;sí
2026-09-06;2026;9;Maíz;SIO Granos / Secretaría de Agricultura;;Compraventa;Precio Hecho;195;;PRECIO/TN MONTO;195,00;195,00;USD;sí;no;PRECIO/TN MONEDA;U$S;TN;195;1500,00;TN;CANT. (TN);BUENOS AIRES;BUENOS AIRES;;Rosario N/En destino;Rosario N/En destino;;Contrato;Contra entrega;;;SIO_exportar_operaciones_2026-09-07.csv;2026-09-08;moneda informada explícitamente en campo original: USD;sí;no;;;exportacion_manual;1;no_aplica;no;no_aplica;sí
2026-09-06;2026;9;Maíz;SIO Granos / Secretaría de Agricultura;;Compraventa;Precio Hecho;285560;;PRECIO/TN MONTO;285560,00;285560,00;ARS;sí;no;PRECIO/TN MONEDA;$;TN;285560;70,00;TN;CANT. (TN);CÓRDOBA;CÓRDOBA;;Zona 11/En destino;Zona 11/En destino;;Contrato;Contra entrega;;;SIO_exportar_operaciones_2026-09-07.csv;2026-09-08;moneda informada explícitamente en campo original: ARS;sí;no;;;exportacion_manual;1;no_aplica;no;no_aplica;sí
2026-09-05;2026;9;Maíz;SIO Granos / Secretaría de Agricultura;;Compraventa;Precio Hecho;191.9;;PRECIO/TN MONTO;191,90;191,90;USD;sí;no;PRECIO/TN MONEDA;U$S;TN;191.9;300,00;TN;CANT. (TN);CÓRDOBA;CÓRDOBA;;Rosario N/En destino;Rosario N/En destino;;Contrato;Contra entrega;;;SIO_exportar_operaciones_2026-09-07.csv;2026-09-08;moneda informada explícitamente en campo original: USD;sí;no;;;exportacion_manual;1;no_aplica;no;no_aplica;sí
2026-09-05;2026;9;Maíz;SIO Granos / Secretaría de Agricultura;;Compraventa;Precio Hecho;209.07;;PRECIO/TN MONTO;209,07;209,07;USD;sí;no;PRECIO/TN MONEDA;U$S;TN;209.07;60,00;TN;CANT. (TN);SANTA FE;SANTA FE;;Rosario N/En destino;Rosario N/En destino;;Contrato;Contra entrega;;;SIO_exportar_operaciones_2026-09-07.csv;2026-09-08;moneda informada explícitamente en campo original: USD;sí;no;;;exportacion_manual;1;no_aplica;no;no_aplica;sí
2026-09-05;2026;9;Soja;SIO Granos / Secretaría de Agricultura;;Compraventa;Precio Hecho;559060;;PRECIO/TN MONTO;559060,00;559060,00;ARS;sí;no;PRECIO/TN MONEDA;$;TN;559060;10,00;TN;CANT. (TN);SANTA FE;SANTA FE;;Zona 8/En destino;Zona 8/En destino;;Contrato;A plazo;;;SIO_exportar_operaciones_2026-09-07.csv;2026-09-08;moneda informada explícitamente en campo original: ARS;sí;no;;;exportacion_manual;1;no_aplica;no;no_aplica;sí
2026-09-05;2026;9;Soja;SIO Granos / Secretaría de Agricultura;;Compraventa;Fijar Precio/Prec. Cam.;0;;PRECIO/TN MONTO;0;0;Sin especificar;no;no;PRECIO/TN MONEDA;0;TN;0;230,94;TN;CANT. (TN);CÓRDOBA;CÓRDOBA;;Zona 9/En destino;Zona 9/En destino;;Contrato;Contra entrega;;;SIO_exportar_operaciones_2026-09-07.csv;2026-09-08;"precio cero clasificado como cero_explicito; excluido de series de precios; moneda no informada explícitamente en endpoint GetOperaciones; no se infiere del valor original";sí;no;;;exportacion_manual;1;no_aplica;sí;cero_explicito;no
2026-09-05;2026;9;Maíz;SIO Granos / Secretaría de Agricultura;;Compraventa;Fijar Precio/Prec. Cam.;0;;PRECIO/TN MONTO;0;0;Sin especificar;no;no;PRECIO/TN MONEDA;0;TN;0;37,94;TN;CANT. (TN);ENTRE RÍOS;ENTRE RÍOS;;Rosario S/En destino;Rosario S/En destino;;Contrato;Contra entrega;;;SIO_exportar_operaciones_2026-09-07.csv;2026-09-08;"precio cero clasificado como cero_explicito; excluido de series de precios; moneda no informada explícitamente en endpoint GetOperaciones; no se infiere del valor original";sí;no;;;exportacion_manual;1;no_aplica;sí;cero_explicito;no
2026-09-05;2026;9;Maíz;SIO Granos / Secretaría de Agricultura;;Compraventa;Precio Hecho;190;;PRECIO/TN MONTO;190,00;190,00;USD;sí;no;PRECIO/TN MONEDA;U$S;TN;190;30,00;TN;CANT. (TN);BUENOS AIRES;BUENOS AIRES;;Rosario N/En destino;Rosario N/En destino;;Contrato;Contra entrega;;;SIO_exportar_operaciones_2026-09-07.csv;2026-09-08;moneda informada explícitamente en campo original: USD;sí;no;;;exportacion_manual;1;no_aplica;no;no_aplica;sí
2026-09-05;2026;9;Soja;SIO Granos / Secretaría de Agricultura;;Compraventa;Precio Hecho;565000;;PRECIO/TN MONTO;565000,00;565000,00;ARS;sí;no;PRECIO/TN MONEDA;$;TN;565000;60,00;TN;CANT. (TN);CÓRDOBA;CÓRDOBA;;Rosario N/En destino;Rosario N/En destino;;Contrato;Contra entrega;;;SIO_exportar_operaciones_2026-09-07.csv;2026-09-08;moneda informada explícitamente en campo original: ARS;sí;no;;;exportacion_manual;1;no_aplica;no;no_aplica;sí
2026-09-05;2026;9;Maíz;SIO Granos / Secretaría de Agricultura;;Compraventa;Fijar Precio/Prec. Cam.;0;;PRECIO/TN MONTO;0;0;Sin especificar;no;no;PRECIO/TN MONEDA;0;TN;0;20,52;TN;CANT. (TN);ENTRE RÍOS;ENTRE RÍOS;;Zona 18/En destino;Zona 18/En destino;;Contrato;Contra entrega;;;SIO_exportar_operaciones_2026-09-07.csv;2026-09-08;"precio cero clasificado como cero_explicito; excluido de series de precios; moneda no informada explícitamente en endpoint GetOperaciones; no se infiere del valor original";sí;no;;;exportacion_manual;1;no_aplica;sí;cero_explicito;no
2026-09-05;2026;9;Maíz;SIO Granos / Secretaría de Agricultura;;Compraventa;Fijar Precio/Prec. Cam.;0;;PRECIO/TN MONTO;0;0;Sin especificar;no;no;PRECIO/TN MONEDA;0;TN;0;101,79;TN;CANT. (TN);ENTRE RÍOS;ENTRE RÍOS;;Rosario S/En destino;Rosario S/En destino;;Contrato;Contra entrega;;;SIO_exportar_operaciones_2026-09-07.csv;2026-09-08;"precio cero clasificado como cero_explicito; excluido de series de precios; moneda no informada explícitamente en endpoint GetOperaciones; no se infiere del valor original";sí;no;;;exportacion_manual;1;no_aplica;sí;cero_explicito;no
2026-09-05;2026;9;Maíz;SIO Granos / Secretaría de Agricultura;;Compraventa;Fijar Precio/Prec. Cam.;0;;PRECIO/TN MONTO;0;0;Sin especificar;no;no;PRECIO/TN MONEDA;0;TN;0;41,35;TN;CANT. (TN);ENTRE RÍOS;ENTRE RÍOS;;Zona 13/En destino;Zona 13/En destino;;Contrato;Contra entrega;;;SIO_exportar_operaciones_2026-09-07.csv;2026-09-08;"precio cero clasificado como cero_explicito; excluido de series de precios; moneda no informada explícitamente en endpoint GetOperaciones; no se infiere del valor original";sí;no;;;exportacion_manual;1;no_aplica;sí;cero_explicito;no
2026-09-05;2026;9;Soja;SIO Granos / Secretaría de Agricultura;;Canje;Fijar Precio/Otros;7867.48;;PRECIO/TN MONTO;7867,48;7867,48;Sin especificar;no;no;PRECIO/TN MONEDA;0;TN;7867.48;19,94;TN;CANT. (TN);CÓRDOBA;CÓRDOBA;;Rosario S/En destino;Rosario S/En destino;;Contrato;Anticipado a la entrega;;;SIO_exportar_operaciones_2026-09-07.csv;2026-09-08;"moneda no informada explícitamente en endpoint GetOperaciones; no se infiere del valor original";sí;no;;;exportacion_manual;1;no_aplica;no;no_aplica;sí
2026-09-05;2026;9;Soja;SIO Granos / Secretaría de Agricultura;;Compraventa;Fijar Precio/Prec. Cam.;560000;;PRECIO/TN MONTO;560000,00;560000,00;ARS;sí;no;PRECIO/TN MONEDA;$;TN;560000;200,00;TN;CANT. (TN);SANTIAGO DEL ESTERO;SANTIAGO DEL ESTERO;;Zona 14/En destino;Zona 14/En destino;;Fijación;Contra entrega;;;SIO_exportar_operaciones_2026-09-07.csv;2026-09-08;moneda informada explícitamente en campo original: ARS;sí;no;;;exportacion_manual;1;no_aplica;no;no_aplica;sí
2026-09-05;2026;9;Soja;SIO Granos / Secretaría de Agricultura;;Compraventa;Precio Hecho;560000;;PRECIO/TN MONTO;560000,00;560000,00;ARS;sí;no;PRECIO/TN MONEDA;$;TN;560000;360,00;TN;CANT. (TN);SANTA FE;SANTA FE;;Rosario S/En destino;Rosario S/En destino;;Contrato;Contra entrega;;;SIO_exportar_operaciones_2026-09-07.csv;2026-09-08;moneda informada explícitamente en campo original: ARS;sí;no;;;exportacion_manual;1;no_aplica;no;no_aplica;sí
2026-09-05;2026;9;Soja;SIO Granos / Secretaría de Agricultura;;Compraventa;Precio Hecho;560000;;PRECIO/TN MONTO;560000,00;560000,00;ARS;sí;no;PRECIO/TN MONEDA;$;TN;560000;59,90;TN;CANT. (TN);SANTA FE;SANTA FE;;Rosario S/En destino;Rosario S/En destino;;Contrato;Contra entrega;;;SIO_exportar_operaciones_2026-09-07.csv;2026-09-08;moneda informada explícitamente en campo original: ARS;sí;no;;;exportacion_manual;1;no_aplica;no;no_aplica;sí
2026-09-05;2026;9;Maíz;SIO Granos / Secretaría de Agricultura;;Compraventa;Precio Hecho;205;;PRECIO/TN MONTO;205,00;205,00;USD;sí;no;PRECIO/TN MONEDA;U$S;TN;205;200,00;TN;CANT. (TN);CÓRDOBA;CÓRDOBA;;Rosario S/En destino;Rosario S/En destino;;Contrato;Contra entrega;;;SIO_exportar_operaciones_2026-09-07.csv;2026-09-08;moneda informada explícitamente en campo original: USD;sí;no;;;exportacion_manual;1;no_aplica;no;no_aplica;sí
2026-09-05;2026;9;Soja;SIO Granos / Secretaría de Agricultura;;Compraventa;Precio Hecho;560000;;PRECIO/TN MONTO;560000,00;560000,00;ARS;sí;no;PRECIO/TN MONEDA;$;TN;560000;90,00;TN;CANT. (TN);SANTA FE;SANTA FE;;Rosario S/En destino;Rosario S/En destino;;Contrato;Contra entrega;;;SIO_exportar_operaciones_2026-09-07.csv;2026-09-08;moneda informada explícitamente en campo original: ARS;sí;no;;;exportacion_manual;1;no_aplica;no;no_aplica;sí
2026-09-05;2026;9;Maíz;SIO Granos / Secretaría de Agricultura;;Compraventa;Precio Hecho;195;;PRECIO/TN MONTO;195,00;195,00;USD;sí;no;PRECIO/TN MONEDA;U$S;TN;195;180,00;TN;CANT. (TN);SANTA FE;SANTA FE;;Rosario S/En destino;Rosario S/En destino;;Contrato;Contra entrega;;;SIO_exportar_operaciones_2026-09-07.csv;2026-09-08;moneda informada explícitamente en campo original: USD;sí;no;;;exportacion_manual;1;no_aplica;no;no_aplica;sí
2026-09-05;2026;9;Maíz;SIO Granos / Secretaría de Agricultura;;Compraventa;Precio Hecho;200;;PRECIO/TN MONTO;200,00;200,00;USD;sí;no;PRECIO/TN MONEDA;U$S;TN;200;300,00;TN;CANT. (TN);CÓRDOBA;CÓRDOBA;;Rosario S/En destino;Rosario S/En destino;;Contrato;Contra entrega;;;SIO_exportar_operaciones_2026-09-07.csv;2026-09-08;moneda informada explícitamente en campo original: USD;sí;no;;;exportacion_manual;1;no_aplica;no;no_aplica;sí
2026-09-05;2026;9;Soja;SIO Granos / Secretaría de Agricultura;;Compraventa;Fijar Precio/Prec. Cam.;0;;PRECIO/TN MONTO;0;0;Sin especificar;no;no;PRECIO/TN MONEDA;0;TN;0;72,92;TN;CANT. (TN);CHACO;CHACO;;Zona 14/En destino;Zona 14/En destino;;Contrato;Contra entrega;;;SIO_exportar_operaciones_2026-09-07.csv;2026-09-08;"precio cero clasificado como cero_explicito; excluido de series de precios; moneda no informada explícitamente en endpoint GetOperaciones; no se infiere del valor original";sí;no;;;exportacion_manual;1;no_aplica;sí;cero_explicito;no
2026-09-05;2026;9;Maíz;SIO Granos / Secretaría de Agricultura;;Compraventa;Fijar Precio/Prec. Cam.;0;;PRECIO/TN MONTO;0;0;Sin especificar;no;no;PRECIO/TN MONEDA;0;TN;0;88,98;TN;CANT. (TN);CHACO;CHACO;;Zona 14/En destino;Zona 14/En destino;;Contrato;Contra entrega;;;SIO_exportar_operaciones_2026-09-07.csv;2026-09-08;"precio cero clasificado como cero_explicito; excluido de series de precios; moneda no informada explícitamente en endpoint GetOperaciones; no se infiere del valor original";sí;no;;;exportacion_manual;1;no_aplica;sí;cero_explicito;no
2026-09-05;2026;9;Soja;SIO Granos / Secretaría de Agricultura;;Compraventa;Fijar Precio/Prec. Cam.;0;;PRECIO/TN MONTO;0;0;Sin especificar;no;no;PRECIO/TN MONEDA;0;TN;0;5,79;TN;CANT. (TN);BUENOS AIRES;BUENOS AIRES;;Zona 7/En destino;Zona 7/En destino;;Contrato;Contra entrega;;;SIO_exportar_operaciones_2026-09-07.csv;2026-09-08;"precio cero clasificado como cero_explicito; excluido de series de precios; moneda no informada explícitamente en endpoint GetOperaciones; no se infiere del valor original";sí;no;;;exportacion_manual;1;no_aplica;sí;cero_explicito;no
2026-09-05;2026;9;Maíz;SIO Granos / Secretaría de Agricultura;;Compraventa;Fijar Precio/Prec. Cam.;0;;PRECIO/TN MONTO;0;0;Sin especificar;no;no;PRECIO/TN MONEDA;0;TN;0;1584,95;TN;CANT. (TN);CHACO;CHACO;;Rosario N/En destino;Rosario N/En destino;;Contrato;A plazo;;;SIO_exportar_operaciones_2026-09-07.csv;2026-09-08;"precio cero clasificado como cero_explicito; excluido de series de precios; moneda no informada explícitamente en endpoint GetOperaciones; no se infiere del valor original";sí;no;;;exportacion_manual;1;no_aplica;sí;cero_explicito;no
2026-09-05;2026;9;Maíz;SIO Granos / Secretaría de Agricultura;;Compraventa;Precio Hecho;190;;PRECIO/TN MONTO;190,00;190,00;USD;sí;no;PRECIO/TN MONEDA;U$S;TN;190;31,71;TN;CANT. (TN);LA PAMPA;LA PAMPA;;Zona 7/En destino;Zona 7/En destino;;Contrato;Contra entrega;;;SIO_exportar_operaciones_2026-09-07.csv;2026-09-08;moneda informada explícitamente en campo original: USD;sí;no;;;exportacion_manual;1;no_aplica;no;no_aplica;sí
2026-09-05;2026;9;Girasol;SIO Granos / Secretaría de Agricultura;;Compraventa;Precio Hecho;450;;PRECIO/TN MONTO;450,00;450,00;USD;sí;no;PRECIO/TN MONEDA;U$S;TN;450;55,00;TN;CANT. (TN);BUENOS AIRES;BUENOS AIRES;;B.Blanca/En destino;B.Blanca/En destino;;Contrato;Contra entrega;;;SIO_exportar_operaciones_2026-09-07.csv;2026-09-08;moneda informada explícitamente en campo original: USD;sí;no;;;exportacion_manual;1;no_aplica;no;no_aplica;sí
2026-09-05;2026;9;Maíz;SIO Granos / Secretaría de Agricultura;;Compraventa;Precio Hecho;195;;PRECIO/TN MONTO;195,00;195,00;USD;sí;no;PRECIO/TN MONEDA;U$S;TN;195;120,00;TN;CANT. (TN);CÓRDOBA;CÓRDOBA;;Rosario N/En destino;Rosario N/En destino;;Contrato;Contra entrega;;;SIO_exportar_operaciones_2026-09-07.csv;2026-09-08;moneda informada explícitamente en campo original: USD;sí;no;;;exportacion_manual;1;no_aplica;no;no_aplica;sí
2026-09-05;2026;9;Soja;SIO Granos / Secretaría de Agricultura;;Compraventa;Precio Hecho;565000;;PRECIO/TN MONTO;565000,00;565000,00;ARS;sí;no;PRECIO/TN MONEDA;$;TN;565000;95,00;TN;CANT. (TN);CÓRDOBA;CÓRDOBA;;Rosario N/En destino;Rosario N/En destino;;Contrato;Contra entrega;;;SIO_exportar_operaciones_2026-09-07.csv;2026-09-08;moneda informada explícitamente en campo original: ARS;sí;no;;;exportacion_manual;1;no_aplica;no;no_aplica;sí
2026-09-05;2026;9;TRIGO PAN;SIO Granos / Secretaría de Agricultura;;Compraventa;Fijar Precio/Prec. Cam.;213;;PRECIO/TN MONTO;213,00;213,00;USD;sí;no;PRECIO/TN MONEDA;U$S;TN;213;315,88;TN;CANT. (TN);BUENOS AIRES;BUENOS AIRES;;Zona 3/En destino;Zona 3/En destino;;Fijación;Contra entrega;;;SIO_exportar_operaciones_2026-09-07.csv;2026-09-08;"commodity no catalogado; se conserva para revisión; moneda informada explícitamente en campo original: USD";sí;no;;;exportacion_manual;1;no_aplica;no;no_aplica;sí
2026-09-05;2026;9;Soja;SIO Granos / Secretaría de Agricultura;;Compraventa;Precio Hecho;560000;;PRECIO/TN MONTO;560000,00;560000,00;ARS;sí;no;PRECIO/TN MONEDA;$;TN;560000;30,00;TN;CANT. (TN);SANTA FE;SANTA FE;;Rosario S/En destino;Rosario S/En destino;;Contrato;Contra entrega;;;SIO_exportar_operaciones_2026-09-07.csv;2026-09-08;moneda informada explícitamente en campo original: ARS;sí;no;;;exportacion_manual;1;no_aplica;no;no_aplica;sí
2026-09-05;2026;9;Soja;SIO Granos / Secretaría de Agricultura;;Compraventa;Precio Hecho;560000;;PRECIO/TN MONTO;560000,00;560000,00;ARS;sí;no;PRECIO/TN MONEDA;$;TN;560000;210,00;TN;CANT. (TN);SANTA FE;SANTA FE;;Rosario S/En destino;Rosario S/En destino;;Contrato;Contra entrega;;;SIO_exportar_operaciones_2026-09-07.csv;2026-09-08;moneda informada explícitamente en campo original: ARS;sí;no;;;exportacion_manual;1;no_aplica;no;no_aplica;sí
2026-09-05;2026;9;Soja;SIO Granos / Secretaría de Agricultura;;Compraventa;Precio Hecho;560000;;PRECIO/TN MONTO;560000,00;560000,00;ARS;sí;no;PRECIO/TN MONEDA;$;TN;560000;110,00;TN;CANT. (TN);CÓRDOBA;CÓRDOBA;;Rosario S/En destino;Rosario S/En destino;;Contrato;Contra entrega;;;SIO_exportar_operaciones_2026-09-07.csv;2026-09-08;moneda informada explícitamente en campo original: ARS;sí;no;;;exportacion_manual;1;no_aplica;no;no_aplica;sí
2026-09-05;2026;9;Soja;SIO Granos / Secretaría de Agricultura;;Compraventa;Precio Hecho;557000;;PRECIO/TN MONTO;557000,00;557000,00;ARS;sí;no;PRECIO/TN MONEDA;$;TN;557000;120,00;TN;CANT. (TN);SANTA FE;SANTA FE;;Rosario S/En destino;Rosario S/En destino;;Contrato;A plazo;;;SIO_exportar_operaciones_2026-09-07.csv;2026-09-08;moneda informada explícitamente en campo original: ARS;sí;no;;;exportacion_manual;1;no_aplica;no;no_aplica;sí
2026-09-05;2026;9;Maíz;SIO Granos / Secretaría de Agricultura;;Compraventa;Precio Hecho;285560;;PRECIO/TN MONTO;285560,00;285560,00;ARS;sí;no;PRECIO/TN MONEDA;$;TN;285560;36,00;TN;CANT. (TN);ENTRE RÍOS;ENTRE RÍOS;;Zona 18/En destino;Zona 18/En destino;;Contrato;A plazo;;;SIO_exportar_operaciones_2026-09-07.csv;2026-09-08;moneda informada explícitamente en campo original: ARS;sí;no;;;exportacion_manual;1;no_aplica;no;no_aplica;sí
2026-09-05;2026;9;Soja;SIO Granos / Secretaría de Agricultura;;Compraventa;Precio Hecho;565000;;PRECIO/TN MONTO;565000,00;565000,00;ARS;sí;no;PRECIO/TN MONEDA;$;TN;565000;30,00;TN;CANT. (TN);SANTA FE;SANTA FE;;Rosario S/En destino;Rosario S/En destino;;Contrato;A plazo;;;SIO_exportar_operaciones_2026-09-07.csv;2026-09-08;moneda informada explícitamente en campo original: ARS;sí;no;;;exportacion_manual;1;no_aplica;no;no_aplica;sí
2026-09-05;2026;9;Maíz;SIO Granos / Secretaría de Agricultura;;Compraventa;Precio Hecho;285380;;PRECIO/TN MONTO;285380,00;285380,00;ARS;sí;no;PRECIO/TN MONEDA;$;TN;285380;90,00;TN;CANT. (TN);ENTRE RÍOS;ENTRE RÍOS;;Zona 18/En destino;Zona 18/En destino;;Contrato;A plazo;;;SIO_exportar_operaciones_2026-09-07.csv;2026-09-08;moneda informada explícitamente en campo original: ARS;sí;no;;;exportacion_manual;1;no_aplica;no;no_aplica;sí
2026-09-05;2026;9;ACEITE SOJA;SIO Granos / Secretaría de Agricultura;;Compraventa;Precio Hecho;955;;PRECIO/TN MONTO;955,00;955,00;USD;sí;no;PRECIO/TN MONEDA;U$S;TN;955;30,00;TN;CANT. (TN);BUENOS AIRES;BUENOS AIRES;;Zona 7/En origen;Zona 7/En origen;;Contrato;A plazo;;;SIO_exportar_operaciones_2026-09-07.csv;2026-09-08;"commodity no catalogado; se conserva para revisión; moneda informada explícitamente en campo original: USD";sí;no;;;exportacion_manual;1;no_aplica;no;no_aplica;sí
2026-09-05;2026;9;Maíz;SIO Granos / Secretaría de Agricultura;;Compraventa;Precio Hecho;282000;;PRECIO/TN MONTO;282000,00;282000,00;ARS;sí;no;PRECIO/TN MONEDA;$;TN;282000;150,00;TN;CANT. (TN);ENTRE RÍOS;ENTRE RÍOS;;Zona 18/En destino;Zona 18/En destino;;Contrato;A plazo;;;SIO_exportar_operaciones_2026-09-07.csv;2026-09-08;moneda informada explícitamente en campo original: ARS;sí;no;;;exportacion_manual;1;no_aplica;no;no_aplica;sí
2026-09-05;2026;9;Soja;SIO Granos / Secretaría de Agricultura;;Compraventa;Precio Hecho;565000;;PRECIO/TN MONTO;565000,00;565000,00;ARS;sí;no;PRECIO/TN MONEDA;$;TN;565000;90,00;TN;CANT. (TN);ENTRE RÍOS;ENTRE RÍOS;;Rosario S/En destino;Rosario S/En destino;;Contrato;A plazo;;;SIO_exportar_operaciones_2026-09-07.csv;2026-09-08;moneda informada explícitamente en campo original: ARS;sí;no;;;exportacion_manual;1;no_aplica;no;no_aplica;sí
2026-09-05;2026;9;ACEITE SOJA;SIO Granos / Secretaría de Agricultura;;Compraventa;Precio Hecho;975;;PRECIO/TN MONTO;975,00;975,00;USD;sí;no;PRECIO/TN MONEDA;U$S;TN;975;60,00;TN;CANT. (TN);ENTRE RÍOS;ENTRE RÍOS;;Zona 18/En destino;Zona 18/En destino;;Contrato;A plazo;;;SIO_exportar_operaciones_2026-09-07.csv;2026-09-08;"commodity no catalogado; se conserva para revisión; moneda informada explícitamente en campo original: USD";sí;no;;;exportacion_manual;1;no_aplica;no;no_aplica;sí
2026-09-05;2026;9;ACEITE SOJA;SIO Granos / Secretaría de Agricultura;;Compraventa;Precio Hecho;960;;PRECIO/TN MONTO;960,00;960,00;USD;sí;no;PRECIO/TN MONEDA;U$S;TN;960;30,00;TN;CANT. (TN);SANTA FE;SANTA FE;;Rosario S/En origen;Rosario S/En origen;;Contrato;A plazo;;;SIO_exportar_operaciones_2026-09-07.csv;2026-09-08;"commodity no catalogado; se conserva para revisión; moneda informada explícitamente en campo original: USD";sí;no;;;exportacion_manual;1;no_aplica;no;no_aplica;sí
2026-09-05;2026;9;Soja;SIO Granos / Secretaría de Agricultura;;Compraventa;Precio Hecho;558000;;PRECIO/TN MONTO;558000,00;558000,00;ARS;sí;no;PRECIO/TN MONEDA;$;TN;558000;60,00;TN;CANT. (TN);SANTA FE;SANTA FE;;Rosario S/En destino;Rosario S/En destino;;Contrato;A plazo;;;SIO_exportar_operaciones_2026-09-07.csv;2026-09-08;moneda informada explícitamente en campo original: ARS;sí;no;;;exportacion_manual;1;no_aplica;no;no_aplica;sí
2026-09-05;2026;9;Soja;SIO Granos / Secretaría de Agricultura;;Compraventa;Precio Hecho;537600;;PRECIO/TN MONTO;537600,00;537600,00;ARS;sí;no;PRECIO/TN MONEDA;$;TN;537600;170,00;TN;CANT. (TN);ENTRE RÍOS;ENTRE RÍOS;;Zona 18/En destino;Zona 18/En destino;;Contrato;A plazo;;;SIO_exportar_operaciones_2026-09-07.csv;2026-09-08;moneda informada explícitamente en campo original: ARS;sí;no;;;exportacion_manual;1;no_aplica;no;no_aplica;sí
2026-09-05;2026;9;ACEITE SOJA;SIO Granos / Secretaría de Agricultura;;Compraventa;Precio Hecho;980;;PRECIO/TN MONTO;980,00;980,00;USD;sí;no;PRECIO/TN MONEDA;U$S;TN;980;60,00;TN;CANT. (TN);CÓRDOBA;CÓRDOBA;;Cordoba/En destino;Cordoba/En destino;;Contrato;A plazo;;;SIO_exportar_operaciones_2026-09-07.csv;2026-09-08;"commodity no catalogado; se conserva para revisión; moneda informada explícitamente en campo original: USD";sí;no;;;exportacion_manual;1;no_aplica;no;no_aplica;sí
2026-09-05;2026;9;Maíz;SIO Granos / Secretaría de Agricultura;;Compraventa;Fijar Precio/Prec. Cam.;0;;PRECIO/TN MONTO;0;0;Sin especificar;no;no;PRECIO/TN MONEDA;0;TN;0;120,00;TN;CANT. (TN);ENTRE RÍOS;ENTRE RÍOS;;Zona 18/En destino;Zona 18/En destino;;Contrato;A plazo;;;SIO_exportar_operaciones_2026-09-07.csv;2026-09-08;"precio cero clasificado como cero_explicito; excluido de series de precios; moneda no informada explícitamente en endpoint GetOperaciones; no se infiere del valor original";sí;no;;;exportacion_manual;1;no_aplica;sí;cero_explicito;no
2026-09-05;2026;9;Soja;SIO Granos / Secretaría de Agricultura;;Compraventa;Precio Hecho;528000;;PRECIO/TN MONTO;528000,00;528000,00;ARS;sí;no;PRECIO/TN MONEDA;$;TN;528000;300,00;TN;CANT. (TN);ENTRE RÍOS;ENTRE RÍOS;;Zona 18/En destino;Zona 18/En destino;;Contrato;A plazo;;;SIO_exportar_operaciones_2026-09-07.csv;2026-09-08;moneda informada explícitamente en campo original: ARS;sí;no;;;exportacion_manual;1;no_aplica;no;no_aplica;sí
2026-09-05;2026;9;ACEITE SOJA;SIO Granos / Secretaría de Agricultura;;Compraventa;Precio Hecho;985;;PRECIO/TN MONTO;985,00;985,00;USD;sí;no;PRECIO/TN MONEDA;U$S;TN;985;210,00;TN;CANT. (TN);SANTA FE;SANTA FE;;Cordoba/En destino;Cordoba/En destino;;Contrato;A plazo;;;SIO_exportar_operaciones_2026-09-07.csv;2026-09-08;"commodity no catalogado; se conserva para revisión; moneda informada explícitamente en campo original: USD";sí;no;;;exportacion_manual;1;no_aplica;no;no_aplica;sí
2026-09-05;2026;9;ACEITE SOJA;SIO Granos / Secretaría de Agricultura;;Compraventa;Precio Hecho;955;;PRECIO/TN MONTO;955,00;955,00;USD;sí;no;PRECIO/TN MONEDA;U$S;TN;955;300,00;TN;CANT. (TN);SANTA FE;SANTA FE;;Rosario S/En origen;Rosario S/En origen;;Contrato;A plazo;;;SIO_exportar_operaciones_2026-09-07.csv;2026-09-08;"commodity no catalogado; se conserva para revisión; moneda informada explícitamente en campo original: USD";sí;no;;;exportacion_manual;1;no_aplica;no;no_aplica;sí
2026-09-04;2026;9;Maíz;SIO Granos / Secretaría de Agricultura;;Compraventa;Precio Hecho;202;;PRECIO/TN MONTO;202,00;202,00;USD;sí;no;PRECIO/TN MONEDA;U$S;TN;202;360,00;TN;CANT. (TN);BUENOS AIRES;BUENOS AIRES;;B.Blanca/En destino;B.Blanca/En destino;;Contrato;Contra entrega;;;SIO_exportar_operaciones_2026-09-07.csv;2026-09-08;moneda informada explícitamente en campo original: USD;sí;no;;;exportacion_manual;1;no_aplica;no;no_aplica;sí
2026-09-04;2026;9;Maíz;SIO Granos / Secretaría de Agricultura;;Compraventa;Precio Hecho;204.02;;PRECIO/TN MONTO;204,02;204,02;USD;sí;no;PRECIO/TN MONEDA;U$S;TN;204.02;150,00;TN;CANT. (TN);CÓRDOBA;CÓRDOBA;;Rosario N/En destino;Rosario N/En destino;;Contrato;Contra entrega;;;SIO_exportar_operaciones_2026-09-07.csv;2026-09-08;moneda informada explícitamente en campo original: USD;sí;no;;;exportacion_manual;1;no_aplica;no;no_aplica;sí
2026-09-04;2026;9;Maíz;SIO Granos / Secretaría de Agricultura;;Compraventa;Precio Hecho;196.95;;PRECIO/TN MONTO;196,95;196,95;USD;sí;no;PRECIO/TN MONEDA;U$S;TN;196.95;300,00;TN;CANT. (TN);SANTA FE;SANTA FE;;Rosario N/En destino;Rosario N/En destino;;Contrato;Contra entrega;;;SIO_exportar_operaciones_2026-09-07.csv;2026-09-08;moneda informada explícitamente en campo original: USD;sí;no;;;exportacion_manual;1;no_aplica;no;no_aplica;sí
2026-09-04;2026;9;Maíz;SIO Granos / Secretaría de Agricultura;;Compraventa;Precio Hecho;196.95;;PRECIO/TN MONTO;196,95;196,95;USD;sí;no;PRECIO/TN MONEDA;U$S;TN;196.95;120,00;TN;CANT. (TN);SANTA FE;SANTA FE;;Rosario N/En destino;Rosario N/En destino;;Contrato;Contra entrega;;;SIO_exportar_operaciones_2026-09-07.csv;2026-09-08;moneda informada explícitamente en campo original: USD;sí;no;;;exportacion_manual;1;no_aplica;no;no_aplica;sí
2026-09-04;2026;9;Soja;SIO Granos / Secretaría de Agricultura;;Compraventa;Precio Hecho;355.52;;PRECIO/TN MONTO;355,52;355,52;USD;sí;no;PRECIO/TN MONEDA;U$S;TN;355.52;120,00;TN;CANT. (TN);CÓRDOBA;CÓRDOBA;;Rosario N/En destino;Rosario N/En destino;;Contrato;Contra entrega;;;SIO_exportar_operaciones_2026-09-07.csv;2026-09-08;moneda informada explícitamente en campo original: USD;sí;no;;;exportacion_manual;1;no_aplica;no;no_aplica;sí
2026-09-04;2026;9;Maíz;SIO Granos / Secretaría de Agricultura;;Compraventa;Precio Hecho;202;;PRECIO/TN MONTO;202,00;202,00;USD;sí;no;PRECIO/TN MONEDA;U$S;TN;202;500,00;TN;CANT. (TN);CÓRDOBA;CÓRDOBA;;Rosario N/En destino;Rosario N/En destino;;Contrato;Contra entrega;;;SIO_exportar_operaciones_2026-09-07.csv;2026-09-08;moneda informada explícitamente en campo original: USD;sí;no;;;exportacion_manual;1;no_aplica;no;no_aplica;sí
2026-09-04;2026;9;Maíz;SIO Granos / Secretaría de Agricultura;;Compraventa;Precio Hecho;202;;PRECIO/TN MONTO;202,00;202,00;USD;sí;no;PRECIO/TN MONEDA;U$S;TN;202;3000,00;TN;CANT. (TN);LA PAMPA;LA PAMPA;;B.Blanca/En destino;B.Blanca/En destino;;Contrato;Contra entrega;;;SIO_exportar_operaciones_2026-09-07.csv;2026-09-08;moneda informada explícitamente en campo original: USD;sí;no;;;exportacion_manual;1;no_aplica;no;no_aplica;sí
2026-09-04;2026;9;Maíz;SIO Granos / Secretaría de Agricultura;;Compraventa;Precio Hecho;196.95;;PRECIO/TN MONTO;196,95;196,95;USD;sí;no;PRECIO/TN MONEDA;U$S;TN;196.95;335,00;TN;CANT. (TN);SANTA FE;SANTA FE;;Rosario N/En destino;Rosario N/En destino;;Contrato;Contra entrega;;;SIO_exportar_operaciones_2026-09-07.csv;2026-09-08;moneda informada explícitamente en campo original: USD;sí;no;;;exportacion_manual;1;no_aplica;no;no_aplica;sí
2026-09-04;2026;9;Maíz;SIO Granos / Secretaría de Agricultura;;Compraventa;Precio Hecho;295228;;PRECIO/TN MONTO;295228,05;295228,05;ARS;sí;no;PRECIO/TN MONEDA;$;TN;295228;90,00;TN;CANT. (TN);CÓRDOBA;CÓRDOBA;;Rosario N/En destino;Rosario N/En destino;;Contrato;Contra entrega;;;SIO_exportar_operaciones_2026-09-07.csv;2026-09-08;moneda informada explícitamente en campo original: ARS;sí;no;;;exportacion_manual;1;no_aplica;no;no_aplica;sí
2026-09-04;2026;9;Maíz;SIO Granos / Secretaría de Agricultura;;Compraventa;Precio Hecho;196.95;;PRECIO/TN MONTO;196,95;196,95;USD;sí;no;PRECIO/TN MONEDA;U$S;TN;196.95;60,00;TN;CANT. (TN);CÓRDOBA;CÓRDOBA;;Rosario N/En destino;Rosario N/En destino;;Contrato;Contra entrega;;;SIO_exportar_operaciones_2026-09-07.csv;2026-09-08;moneda informada explícitamente en campo original: USD;sí;no;;;exportacion_manual;1;no_aplica;no;no_aplica;sí
2026-09-04;2026;9;Maíz;SIO Granos / Secretaría de Agricultura;;Compraventa;Precio Hecho;155;;PRECIO/TN MONTO;155,00;155,00;USD;sí;no;PRECIO/TN MONEDA;U$S;TN;155;500,00;TN;CANT. (TN);SANTIAGO DEL ESTERO;SANTIAGO DEL ESTERO;;Zona 15/En destino;Zona 15/En destino;;Contrato;Contra entrega;;;SIO_exportar_operaciones_2026-09-07.csv;2026-09-08;moneda informada explícitamente en campo original: USD;sí;no;;;exportacion_manual;1;no_aplica;no;no_aplica;sí
2026-09-04;2026;9;Maíz;SIO Granos / Secretaría de Agricultura;;Compraventa;Precio Hecho;155;;PRECIO/TN MONTO;155,00;155,00;USD;sí;no;PRECIO/TN MONEDA;U$S;TN;155;29,68;TN;CANT. (TN);SANTIAGO DEL ESTERO;SANTIAGO DEL ESTERO;;Zona 15/En destino;Zona 15/En destino;;Contrato;Contra entrega;;;SIO_exportar_operaciones_2026-09-07.csv;2026-09-08;moneda informada explícitamente en campo original: USD;sí;no;;;exportacion_manual;1;no_aplica;no;no_aplica;sí
2026-09-04;2026;9;Soja;SIO Granos / Secretaría de Agricultura;;Compraventa;Precio Hecho;565600;;PRECIO/TN MONTO;565600,00;565600,00;ARS;sí;no;PRECIO/TN MONEDA;$;TN;565600;652,00;TN;CANT. (TN);SANTA FE;SANTA FE;;Rosario N/En destino;Rosario N/En destino;;Contrato;Contra entrega;;;SIO_exportar_operaciones_2026-09-07.csv;2026-09-08;moneda informada explícitamente en campo original: ARS;sí;no;;;exportacion_manual;1;no_aplica;no;no_aplica;sí
2026-09-04;2026;9;Maíz;SIO Granos / Secretaría de Agricultura;;Compraventa;Precio Hecho;203;;PRECIO/TN MONTO;203,00;203,00;USD;sí;no;PRECIO/TN MONEDA;U$S;TN;203;200,00;TN;CANT. (TN);CÓRDOBA;CÓRDOBA;;Rosario N/En destino;Rosario N/En destino;;Contrato;A plazo;;;SIO_exportar_operaciones_2026-09-07.csv;2026-09-08;moneda informada explícitamente en campo original: USD;sí;no;;;exportacion_manual;1;no_aplica;no;no_aplica;sí
2026-09-04;2026;9;Maíz;SIO Granos / Secretaría de Agricultura;;Compraventa;Precio Hecho;203;;PRECIO/TN MONTO;203,00;203,00;USD;sí;no;PRECIO/TN MONEDA;U$S;TN;203;300,00;TN;CANT. (TN);CÓRDOBA;CÓRDOBA;;Rosario N/En destino;Rosario N/En destino;;Contrato;A plazo;;;SIO_exportar_operaciones_2026-09-07.csv;2026-09-08;moneda informada explícitamente en campo original: USD;sí;no;;;exportacion_manual;1;no_aplica;no;no_aplica;sí
2026-09-04;2026;9;Maíz;SIO Granos / Secretaría de Agricultura;;Compraventa;Precio Hecho;195;;PRECIO/TN MONTO;195,00;195,00;USD;sí;no;PRECIO/TN MONEDA;U$S;TN;195;35,00;TN;CANT. (TN);CÓRDOBA;CÓRDOBA;;Rosario N/En destino;Rosario N/En destino;;Contrato;Contra entrega;;;SIO_exportar_operaciones_2026-09-07.csv;2026-09-08;moneda informada explícitamente en campo original: USD;sí;no;;;exportacion_manual;1;no_aplica;no;no_aplica;sí
2026-09-04;2026;9;Maíz;SIO Granos / Secretaría de Agricultura;;Compraventa;Precio Hecho;200;;PRECIO/TN MONTO;200,00;200,00;USD;sí;no;PRECIO/TN MONEDA;U$S;TN;200;90,00;TN;CANT. (TN);CÓRDOBA;CÓRDOBA;;Rosario N/En destino;Rosario N/En destino;;Contrato;Contra entrega;;;SIO_exportar_operaciones_2026-09-07.csv;2026-09-08;moneda informada explícitamente en campo original: USD;sí;no;;;exportacion_manual;1;no_aplica;no;no_aplica;sí
2026-09-04;2026;9;Maíz;SIO Granos / Secretaría de Agricultura;;Compraventa;Precio Hecho;208.06;;PRECIO/TN MONTO;208,06;208,06;USD;sí;no;PRECIO/TN MONEDA;U$S;TN;208.06;130,00;TN;CANT. (TN);CÓRDOBA;CÓRDOBA;;Rosario N/En destino;Rosario N/En destino;;Contrato;Contra entrega;;;SIO_exportar_operaciones_2026-09-07.csv;2026-09-08;moneda informada explícitamente en campo original: USD;sí;no;;;exportacion_manual;1;no_aplica;no;no_aplica;sí
2026-09-04;2026;9;Soja;SIO Granos / Secretaría de Agricultura;;Compraventa;Precio Hecho;560000;;PRECIO/TN MONTO;560000,00;560000,00;ARS;sí;no;PRECIO/TN MONEDA;$;TN;560000;6,32;TN;CANT. (TN);CÓRDOBA;CÓRDOBA;;Rosario N/En destino;Rosario N/En destino;;Contrato;Contra entrega;;;SIO_exportar_operaciones_2026-09-07.csv;2026-09-08;moneda informada explícitamente en campo original: ARS;sí;no;;;exportacion_manual;1;no_aplica;no;no_aplica;sí
2026-09-04;2026;9;Soja;SIO Granos / Secretaría de Agricultura;;Compraventa;Precio Hecho;560000;;PRECIO/TN MONTO;560000,00;560000,00;ARS;sí;no;PRECIO/TN MONEDA;$;TN;560000;9,27;TN;CANT. (TN);CÓRDOBA;CÓRDOBA;;Rosario N/En destino;Rosario N/En destino;;Contrato;Contra entrega;;;SIO_exportar_operaciones_2026-09-07.csv;2026-09-08;moneda informada explícitamente en campo original: ARS;sí;no;;;exportacion_manual;1;no_aplica;no;no_aplica;sí
2026-09-04;2026;9;Maíz;SIO Granos / Secretaría de Agricultura;;Compraventa;Precio Hecho;160;;PRECIO/TN MONTO;160,00;160,00;USD;sí;no;PRECIO/TN MONEDA;U$S;TN;160;90,00;TN;CANT. (TN);CÓRDOBA;CÓRDOBA;;Zona 9/En destino;Zona 9/En destino;;Contrato;Contra entrega;;;SIO_exportar_operaciones_2026-09-07.csv;2026-09-08;moneda informada explícitamente en campo original: USD;sí;no;;;exportacion_manual;1;no_aplica;no;no_aplica;sí
2026-09-04;2026;9;Maíz;SIO Granos / Secretaría de Agricultura;;Compraventa;Precio Hecho;196.95;;PRECIO/TN MONTO;196,95;196,95;USD;sí;no;PRECIO/TN MONEDA;U$S;TN;196.95;90,00;TN;CANT. (TN);SANTA FE;SANTA FE;;Rosario N/En destino;Rosario N/En destino;;Contrato;Contra entrega;;;SIO_exportar_operaciones_2026-09-07.csv;2026-09-08;moneda informada explícitamente en campo original: USD;sí;no;;;exportacion_manual;1;no_aplica;no;no_aplica;sí
2026-09-04;2026;9;Maíz;SIO Granos / Secretaría de Agricultura;;Compraventa;Precio Hecho;196.95;;PRECIO/TN MONTO;196,95;196,95;USD;sí;no;PRECIO/TN MONEDA;U$S;TN;196.95;35,00;TN;CANT. (TN);SANTA FE;SANTA FE;;Rosario N/En destino;Rosario N/En destino;;Contrato;Contra entrega;;;SIO_exportar_operaciones_2026-09-07.csv;2026-09-08;moneda informada explícitamente en campo original: USD;sí;no;;;exportacion_manual;1;no_aplica;no;no_aplica;sí
2026-09-04;2026;9;Soja;SIO Granos / Secretaría de Agricultura;;Compraventa;Fijar Precio/Mercado Comprador;0;;PRECIO/TN MONTO;0;0;Sin especificar;no;no;PRECIO/TN MONEDA;0;TN;0;36,00;TN;CANT. (TN);CÓRDOBA;CÓRDOBA;;Rosario N/En destino;Rosario N/En destino;;Contrato;A plazo;;;SIO_exportar_operaciones_2026-09-07.csv;2026-09-08;"precio cero clasificado como cero_explicito; excluido de series de precios; moneda no informada explícitamente en endpoint GetOperaciones; no se infiere del valor original";sí;no;;;exportacion_manual;1;no_aplica;sí;cero_explicito;no
2026-09-04;2026;9;Maíz;SIO Granos / Secretaría de Agricultura;;Compraventa;Precio Hecho;196.95;;PRECIO/TN MONTO;196,95;196,95;USD;sí;no;PRECIO/TN MONEDA;U$S;TN;196.95;70,00;TN;CANT. (TN);LA PAMPA;LA PAMPA;;Rosario N/En destino;Rosario N/En destino;;Contrato;Contra entrega;;;SIO_exportar_operaciones_2026-09-07.csv;2026-09-08;moneda informada explícitamente en campo original: USD;sí;no;;;exportacion_manual;1;no_aplica;no;no_aplica;sí
2026-09-04;2026;9;Maíz;SIO Granos / Secretaría de Agricultura;;Compraventa;Precio Hecho;195;;PRECIO/TN MONTO;195,00;195,00;USD;sí;no;PRECIO/TN MONEDA;U$S;TN;195;120,00;TN;CANT. (TN);SANTA FE;SANTA FE;;Rosario N/En destino;Rosario N/En destino;;Contrato;Contra entrega;;;SIO_exportar_operaciones_2026-09-07.csv;2026-09-08;moneda informada explícitamente en campo original: USD;sí;no;;;exportacion_manual;1;no_aplica;no;no_aplica;sí
2026-09-04;2026;9;Maíz;SIO Granos / Secretaría de Agricultura;;Compraventa;Precio Hecho;199;;PRECIO/TN MONTO;199,00;199,00;USD;sí;no;PRECIO/TN MONEDA;U$S;TN;199;1300,00;TN;CANT. (TN);SANTA FE;SANTA FE;;Rosario S/En origen;Rosario S/En origen;;Contrato;Contra entrega;;;SIO_exportar_operaciones_2026-09-07.csv;2026-09-08;moneda informada explícitamente en campo original: USD;sí;no;;;exportacion_manual;1;no_aplica;no;no_aplica;sí
2026-09-04;2026;9;Maíz;SIO Granos / Secretaría de Agricultura;;Compraventa;Precio Hecho;199;;PRECIO/TN MONTO;199,00;199,00;USD;sí;no;PRECIO/TN MONEDA;U$S;TN;199;5000,00;TN;CANT. (TN);SANTA FE;SANTA FE;;Rosario S/En origen;Rosario S/En origen;;Contrato;Contra entrega;;;SIO_exportar_operaciones_2026-09-07.csv;2026-09-08;moneda informada explícitamente en campo original: USD;sí;no;;;exportacion_manual;1;no_aplica;no;no_aplica;sí
2026-09-04;2026;9;Soja;SIO Granos / Secretaría de Agricultura;;Compraventa;Fijar Precio/Otros;0;;PRECIO/TN MONTO;0;0;Sin especificar;no;no;PRECIO/TN MONEDA;0;TN;0;160,00;TN;CANT. (TN);SANTIAGO DEL ESTERO;SANTIAGO DEL ESTERO;;Rosario N/En destino;Rosario N/En destino;;Contrato;A plazo;;;SIO_exportar_operaciones_2026-09-07.csv;2026-09-08;"precio cero clasificado como cero_explicito; excluido de series de precios; moneda no informada explícitamente en endpoint GetOperaciones; no se infiere del valor original";sí;no;;;exportacion_manual;1;no_aplica;sí;cero_explicito;no
2026-09-04;2026;9;Maíz;SIO Granos / Secretaría de Agricultura;;Compraventa;Precio Hecho;190;;PRECIO/TN MONTO;190,00;190,00;USD;sí;no;PRECIO/TN MONEDA;U$S;TN;190;6,67;TN;CANT. (TN);BUENOS AIRES;BUENOS AIRES;;Rosario N/En destino;Rosario N/En destino;;Contrato;Contra entrega;;;SIO_exportar_operaciones_2026-09-07.csv;2026-09-08;moneda informada explícitamente en campo original: USD;sí;no;;;exportacion_manual;1;no_aplica;no;no_aplica;sí
2026-09-04;2026;9;Girasol;SIO Granos / Secretaría de Agricultura;;Compraventa;Precio Hecho;450;;PRECIO/TN MONTO;450,00;450,00;USD;sí;no;PRECIO/TN MONEDA;U$S;TN;450;300,00;TN;CANT. (TN);CHACO;CHACO;;Zona 25/En destino;Zona 25/En destino;;Contrato;Contra entrega;;;SIO_exportar_operaciones_2026-09-07.csv;2026-09-08;moneda informada explícitamente en campo original: USD;sí;no;;;exportacion_manual;1;no_aplica;no;no_aplica;sí
2026-09-04;2026;9;Soja;SIO Granos / Secretaría de Agricultura;;Compraventa;Precio Hecho;565000;;PRECIO/TN MONTO;565000,00;565000,00;ARS;sí;no;PRECIO/TN MONEDA;$;TN;565000;150,00;TN;CANT. (TN);CHACO;CHACO;;Rosario N/En destino;Rosario N/En destino;;Contrato;Contra entrega;;;SIO_exportar_operaciones_2026-09-07.csv;2026-09-08;moneda informada explícitamente en campo original: ARS;sí;no;;;exportacion_manual;1;no_aplica;no;no_aplica;sí
2026-09-04;2026;9;Maíz;SIO Granos / Secretaría de Agricultura;;Compraventa;Precio Hecho;190;;PRECIO/TN MONTO;190,00;190,00;USD;sí;no;PRECIO/TN MONEDA;U$S;TN;190;35,44;TN;CANT. (TN);SANTIAGO DEL ESTERO;SANTIAGO DEL ESTERO;;Zona 7/En destino;Zona 7/En destino;;Contrato;Contra entrega;;;SIO_exportar_operaciones_2026-09-07.csv;2026-09-08;moneda informada explícitamente en campo original: USD;sí;no;;;exportacion_manual;1;no_aplica;no;no_aplica;sí
2026-09-04;2026;9;Maíz;SIO Granos / Secretaría de Agricultura;;Compraventa;Precio Hecho;209.07;;PRECIO/TN MONTO;209,07;209,07;USD;sí;no;PRECIO/TN MONEDA;U$S;TN;209.07;120,00;TN;CANT. (TN);ENTRE RÍOS;ENTRE RÍOS;;Rosario N/En destino;Rosario N/En destino;;Contrato;Contra entrega;;;SIO_exportar_operaciones_2026-09-07.csv;2026-09-08;moneda informada explícitamente en campo original: USD;sí;no;;;exportacion_manual;1;no_aplica;no;no_aplica;sí
2026-09-04;2026;9;Maíz;SIO Granos / Secretaría de Agricultura;;Compraventa;Precio Hecho;190;;PRECIO/TN MONTO;190,00;190,00;USD;sí;no;PRECIO/TN MONEDA;U$S;TN;190;16,60;TN;CANT. (TN);BUENOS AIRES;BUENOS AIRES;;B.Blanca/En destino;B.Blanca/En destino;;Contrato;Contra entrega;;;SIO_exportar_operaciones_2026-09-07.csv;2026-09-08;moneda informada explícitamente en campo original: USD;sí;no;;;exportacion_manual;1;no_aplica;no;no_aplica;sí
2026-09-04;2026;9;Girasol;SIO Granos / Secretaría de Agricultura;;Compraventa;Precio Hecho;440;;PRECIO/TN MONTO;440,00;440,00;USD;sí;no;PRECIO/TN MONEDA;U$S;TN;440;300,00;TN;CANT. (TN);LA PAMPA;LA PAMPA;;Zona 25/En destino;Zona 25/En destino;;Contrato;Contra entrega;;;SIO_exportar_operaciones_2026-09-07.csv;2026-09-08;moneda informada explícitamente en campo original: USD;sí;no;;;exportacion_manual;1;no_aplica;no;no_aplica;sí
2026-09-04;2026;9;Soja;SIO Granos / Secretaría de Agricultura;;Compraventa;Fijar Precio/Otros;0;;PRECIO/TN MONTO;0;0;Sin especificar;no;no;PRECIO/TN MONEDA;0;TN;0;30,00;TN;CANT. (TN);BUENOS AIRES;BUENOS AIRES;;Zona 7/En destino;Zona 7/En destino;;Contrato;A plazo;;;SIO_exportar_operaciones_2026-09-07.csv;2026-09-08;"precio cero clasificado como cero_explicito; excluido de series de precios; moneda no informada explícitamente en endpoint GetOperaciones; no se infiere del valor original";sí;no;;;exportacion_manual;1;no_aplica;sí;cero_explicito;no
2026-09-04;2026;9;Soja;SIO Granos / Secretaría de Agricultura;;Compraventa;Fijar Precio/Otros;0;;PRECIO/TN MONTO;0;0;Sin especificar;no;no;PRECIO/TN MONEDA;0;TN;0;40,00;TN;CANT. (TN);BUENOS AIRES;BUENOS AIRES;;Zona 7/En destino;Zona 7/En destino;;Contrato;A plazo;;;SIO_exportar_operaciones_2026-09-07.csv;2026-09-08;"precio cero clasificado como cero_explicito; excluido de series de precios; moneda no informada explícitamente en endpoint GetOperaciones; no se infiere del valor original";sí;no;;;exportacion_manual;1;no_aplica;sí;cero_explicito;no
2026-09-04;2026;9;Soja;SIO Granos / Secretaría de Agricultura;;Compraventa;Fijar Precio/Otros;0;;PRECIO/TN MONTO;0;0;Sin especificar;no;no;PRECIO/TN MONEDA;0;TN;0;50,00;TN;CANT. (TN);BUENOS AIRES;BUENOS AIRES;;Zona 7/En destino;Zona 7/En destino;;Contrato;A plazo;;;SIO_exportar_operaciones_2026-09-07.csv;2026-09-08;"precio cero clasificado como cero_explicito; excluido de series de precios; moneda no informada explícitamente en endpoint GetOperaciones; no se infiere del valor original";sí;no;;;exportacion_manual;1;no_aplica;sí;cero_explicito;no
2026-09-04;2026;9;Girasol;SIO Granos / Secretaría de Agricultura;;Compraventa;Precio Hecho;420;;PRECIO/TN MONTO;420,00;420,00;USD;sí;no;PRECIO/TN MONEDA;U$S;TN;420;85,00;TN;CANT. (TN);BUENOS AIRES;BUENOS AIRES;;Zona 25/En origen;Zona 25/En origen;;Contrato;Contra entrega;;;SIO_exportar_operaciones_2026-09-07.csv;2026-09-08;moneda informada explícitamente en campo original: USD;sí;no;;;exportacion_manual;1;no_aplica;no;no_aplica;sí
2026-09-04;2026;9;Maíz;SIO Granos / Secretaría de Agricultura;;Compraventa;Precio Hecho;203.01;;PRECIO/TN MONTO;203,01;203,01;USD;sí;no;PRECIO/TN MONEDA;U$S;TN;203.01;70,00;TN;CANT. (TN);CÓRDOBA;CÓRDOBA;;Rosario N/En destino;Rosario N/En destino;;Contrato;Contra entrega;;;SIO_exportar_operaciones_2026-09-07.csv;2026-09-08;moneda informada explícitamente en campo original: USD;sí;no;;;exportacion_manual;1;no_aplica;no;no_aplica;sí
2026-09-04;2026;9;Maíz;SIO Granos / Secretaría de Agricultura;;Compraventa;Precio Hecho;195;;PRECIO/TN MONTO;195,00;195,00;USD;sí;no;PRECIO/TN MONEDA;U$S;TN;195;300,00;TN;CANT. (TN);BUENOS AIRES;BUENOS AIRES;;Zona 4/En origen;Zona 4/En origen;;Contrato;Contra entrega;;;SIO_exportar_operaciones_2026-09-07.csv;2026-09-08;moneda informada explícitamente en campo original: USD;sí;no;;;exportacion_manual;1;no_aplica;no;no_aplica;sí
2026-09-04;2026;9;Maíz;SIO Granos / Secretaría de Agricultura;;Compraventa;Precio Hecho;207.05;;PRECIO/TN MONTO;207,05;207,05;USD;sí;no;PRECIO/TN MONEDA;U$S;TN;207.05;1500,00;TN;CANT. (TN);CÓRDOBA;CÓRDOBA;;Rosario N/En destino;Rosario N/En destino;;Contrato;Contra entrega;;;SIO_exportar_operaciones_2026-09-07.csv;2026-09-08;moneda informada explícitamente en campo original: USD;sí;no;;;exportacion_manual;1;no_aplica;no;no_aplica;sí
2026-09-04;2026;9;Maíz;SIO Granos / Secretaría de Agricultura;;Compraventa;Precio Hecho;199;;PRECIO/TN MONTO;199,00;199,00;USD;sí;no;PRECIO/TN MONEDA;U$S;TN;199;200,00;TN;CANT. (TN);SANTA FE;SANTA FE;;Rosario S/En origen;Rosario S/En origen;;Contrato;Contra entrega;;;SIO_exportar_operaciones_2026-09-07.csv;2026-09-08;moneda informada explícitamente en campo original: USD;sí;no;;;exportacion_manual;1;no_aplica;no;no_aplica;sí
2026-09-04;2026;9;Soja;SIO Granos / Secretaría de Agricultura;;Compraventa;Precio Hecho;559620;;PRECIO/TN MONTO;559620,00;559620,00;ARS;sí;no;PRECIO/TN MONEDA;$;TN;559620;11,20;TN;CANT. (TN);CÓRDOBA;CÓRDOBA;;Zona 8/En destino;Zona 8/En destino;;Contrato;A plazo;;;SIO_exportar_operaciones_2026-09-07.csv;2026-09-08;moneda informada explícitamente en campo original: ARS;sí;no;;;exportacion_manual;1;no_aplica;no;no_aplica;sí
2026-09-04;2026;9;Soja;SIO Granos / Secretaría de Agricultura;;Compraventa;Precio Hecho;559620;;PRECIO/TN MONTO;559620,00;559620,00;ARS;sí;no;PRECIO/TN MONEDA;$;TN;559620;10,00;TN;CANT. (TN);SANTA FE;SANTA FE;;Zona 8/En destino;Zona 8/En destino;;Contrato;A plazo;;;SIO_exportar_operaciones_2026-09-07.csv;2026-09-08;moneda informada explícitamente en campo original: ARS;sí;no;;;exportacion_manual;1;no_aplica;no;no_aplica;sí
2026-09-04;2026;9;Soja;SIO Granos / Secretaría de Agricultura;;Compraventa;Precio Hecho;560000;;PRECIO/TN MONTO;560000,00;560000,00;ARS;sí;no;PRECIO/TN MONEDA;$;TN;560000;2,59;TN;CANT. (TN);CÓRDOBA;CÓRDOBA;;Rosario N/En destino;Rosario N/En destino;;Contrato;A plazo;;;SIO_exportar_operaciones_2026-09-07.csv;2026-09-08;moneda informada explícitamente en campo original: ARS;sí;no;;;exportacion_manual;1;no_aplica;no;no_aplica;sí
2026-09-04;2026;9;Soja;SIO Granos / Secretaría de Agricultura;;Compraventa;Precio Hecho;560000;;PRECIO/TN MONTO;560000,00;560000,00;ARS;sí;no;PRECIO/TN MONEDA;$;TN;560000;100,00;TN;CANT. (TN);SANTA FE;SANTA FE;;Rosario N/En destino;Rosario N/En destino;;Contrato;A plazo;;;SIO_exportar_operaciones_2026-09-07.csv;2026-09-08;moneda informada explícitamente en campo original: ARS;sí;no;;;exportacion_manual;1;no_aplica;no;no_aplica;sí
2026-09-04;2026;9;Soja;SIO Granos / Secretaría de Agricultura;;Compraventa;Precio Hecho;560000;;PRECIO/TN MONTO;560000,00;560000,00;ARS;sí;no;PRECIO/TN MONEDA;$;TN;560000;330,00;TN;CANT. (TN);SANTA FE;SANTA FE;;Rosario N/En destino;Rosario N/En destino;;Contrato;A plazo;;;SIO_exportar_operaciones_2026-09-07.csv;2026-09-08;moneda informada explícitamente en campo original: ARS;sí;no;;;exportacion_manual;1;no_aplica;no;no_aplica;sí
2026-09-04;2026;9;Soja;SIO Granos / Secretaría de Agricultura;;Compraventa;Precio Hecho;560000;;PRECIO/TN MONTO;560000,00;560000,00;ARS;sí;no;PRECIO/TN MONEDA;$;TN;560000;30,00;TN;CANT. (TN);SANTA FE;SANTA FE;;Rosario N/En destino;Rosario N/En destino;;Contrato;A plazo;;;SIO_exportar_operaciones_2026-09-07.csv;2026-09-08;moneda informada explícitamente en campo original: ARS;sí;no;;;exportacion_manual;1;no_aplica;no;no_aplica;sí
2026-09-04;2026;9;Soja;SIO Granos / Secretaría de Agricultura;;Compraventa;Precio Hecho;559620;;PRECIO/TN MONTO;559620,00;559620,00;ARS;sí;no;PRECIO/TN MONEDA;$;TN;559620;2,00;TN;CANT. (TN);SANTA FE;SANTA FE;;Zona 8/En destino;Zona 8/En destino;;Contrato;A plazo;;;SIO_exportar_operaciones_2026-09-07.csv;2026-09-08;moneda informada explícitamente en campo original: ARS;sí;no;;;exportacion_manual;1;no_aplica;no;no_aplica;sí
2026-09-04;2026;9;Soja;SIO Granos / Secretaría de Agricultura;;Compraventa;Precio Hecho;559620;;PRECIO/TN MONTO;559620,00;559620,00;ARS;sí;no;PRECIO/TN MONEDA;$;TN;559620;8,00;TN;CANT. (TN);SANTA FE;SANTA FE;;Zona 8/En destino;Zona 8/En destino;;Contrato;A plazo;;;SIO_exportar_operaciones_2026-09-07.csv;2026-09-08;moneda informada explícitamente en campo original: ARS;sí;no;;;exportacion_manual;1;no_aplica;no;no_aplica;sí
2026-09-04;2026;9;Maíz;SIO Granos / Secretaría de Agricultura;;Compraventa;Precio Hecho;285560;;PRECIO/TN MONTO;285560,00;285560,00;ARS;sí;no;PRECIO/TN MONEDA;$;TN;285560;62,33;TN;CANT. (TN);SANTA FE;SANTA FE;;Rosario N/En destino;Rosario N/En destino;;Contrato;A plazo;;;SIO_exportar_operaciones_2026-09-07.csv;2026-09-08;moneda informada explícitamente en campo original: ARS;sí;no;;;exportacion_manual;1;no_aplica;no;no_aplica;sí
2026-09-04;2026;9;Maíz;SIO Granos / Secretaría de Agricultura;;Compraventa;Precio Hecho;285560;;PRECIO/TN MONTO;285560,00;285560,00;ARS;sí;no;PRECIO/TN MONEDA;$;TN;285560;29,79;TN;CANT. (TN);SANTA FE;SANTA FE;;Rosario N/En destino;Rosario N/En destino;;Contrato;A plazo;;;SIO_exportar_operaciones_2026-09-07.csv;2026-09-08;moneda informada explícitamente en campo original: ARS;sí;no;;;exportacion_manual;1;no_aplica;no;no_aplica;sí
2026-09-04;2026;9;Soja;SIO Granos / Secretaría de Agricultura;;Compraventa;Precio Hecho;558300;;PRECIO/TN MONTO;558300,00;558300,00;ARS;sí;no;PRECIO/TN MONEDA;$;TN;558300;7,41;TN;CANT. (TN);CÓRDOBA;CÓRDOBA;;Cordoba/En destino;Cordoba/En destino;;Contrato;A plazo;;;SIO_exportar_operaciones_2026-09-07.csv;2026-09-08;moneda informada explícitamente en campo original: ARS;sí;no;;;exportacion_manual;1;no_aplica;no;no_aplica;sí
2026-09-04;2026;9;Soja;SIO Granos / Secretaría de Agricultura;;Compraventa;Precio Hecho;353.9;;PRECIO/TN MONTO;353,90;353,90;USD;sí;no;PRECIO/TN MONEDA;U$S;TN;353.9;150,00;TN;CANT. (TN);CÓRDOBA;CÓRDOBA;;Cordoba/En destino;Cordoba/En destino;;Contrato;Contra entrega;;;SIO_exportar_operaciones_2026-09-07.csv;2026-09-08;moneda informada explícitamente en campo original: USD;sí;no;;;exportacion_manual;1;no_aplica;no;no_aplica;sí
2026-09-04;2026;9;Soja;SIO Granos / Secretaría de Agricultura;;Compraventa;Precio Hecho;558300;;PRECIO/TN MONTO;558300,00;558300,00;ARS;sí;no;PRECIO/TN MONEDA;$;TN;558300;150,00;TN;CANT. (TN);CÓRDOBA;CÓRDOBA;;Cordoba/En destino;Cordoba/En destino;;Contrato;A plazo;;;SIO_exportar_operaciones_2026-09-07.csv;2026-09-08;moneda informada explícitamente en campo original: ARS;sí;no;;;exportacion_manual;1;no_aplica;no;no_aplica;sí
2026-09-04;2026;9;Soja;SIO Granos / Secretaría de Agricultura;;Compraventa;Precio Hecho;558300;;PRECIO/TN MONTO;558300,00;558300,00;ARS;sí;no;PRECIO/TN MONEDA;$;TN;558300;12,76;TN;CANT. (TN);CÓRDOBA;CÓRDOBA;;Cordoba/En destino;Cordoba/En destino;;Contrato;A plazo;;;SIO_exportar_operaciones_2026-09-07.csv;2026-09-08;moneda informada explícitamente en campo original: ARS;sí;no;;;exportacion_manual;1;no_aplica;no;no_aplica;sí
2026-09-04;2026;9;Soja;SIO Granos / Secretaría de Agricultura;;Compraventa;Precio Hecho;558300;;PRECIO/TN MONTO;558300,00;558300,00;ARS;sí;no;PRECIO/TN MONEDA;$;TN;558300;40,00;TN;CANT. (TN);CÓRDOBA;CÓRDOBA;;Cordoba/En destino;Cordoba/En destino;;Contrato;A plazo;;;SIO_exportar_operaciones_2026-09-07.csv;2026-09-08;moneda informada explícitamente en campo original: ARS;sí;no;;;exportacion_manual;1;no_aplica;no;no_aplica;sí
2026-09-04;2026;9;Soja;SIO Granos / Secretaría de Agricultura;;Compraventa;Precio Hecho;558300;;PRECIO/TN MONTO;558300,00;558300,00;ARS;sí;no;PRECIO/TN MONEDA;$;TN;558300;50,00;TN;CANT. (TN);CÓRDOBA;CÓRDOBA;;Cordoba/En destino;Cordoba/En destino;;Contrato;A plazo;;;SIO_exportar_operaciones_2026-09-07.csv;2026-09-08;moneda informada explícitamente en campo original: ARS;sí;no;;;exportacion_manual;1;no_aplica;no;no_aplica;sí
2026-09-04;2026;9;Soja;SIO Granos / Secretaría de Agricultura;;Compraventa;Precio Hecho;558300;;PRECIO/TN MONTO;558300,00;558300,00;ARS;sí;no;PRECIO/TN MONEDA;$;TN;558300;22,12;TN;CANT. (TN);CÓRDOBA;CÓRDOBA;;Cordoba/En destino;Cordoba/En destino;;Contrato;A plazo;;;SIO_exportar_operaciones_2026-09-07.csv;2026-09-08;moneda informada explícitamente en campo original: ARS;sí;no;;;exportacion_manual;1;no_aplica;no;no_aplica;sí
2026-09-04;2026;9;Maíz;SIO Granos / Secretaría de Agricultura;;Compraventa;Precio Hecho;285560;;PRECIO/TN MONTO;285560,00;285560,00;ARS;sí;no;PRECIO/TN MONEDA;$;TN;285560;6,42;TN;CANT. (TN);CÓRDOBA;CÓRDOBA;;Rosario N/En destino;Rosario N/En destino;;Contrato;A plazo;;;SIO_exportar_operaciones_2026-09-07.csv;2026-09-08;moneda informada explícitamente en campo original: ARS;sí;no;;;exportacion_manual;1;no_aplica;no;no_aplica;sí
2026-09-04;2026;9;Maíz;SIO Granos / Secretaría de Agricultura;;Compraventa;Precio Hecho;285560;;PRECIO/TN MONTO;285560,00;285560,00;ARS;sí;no;PRECIO/TN MONEDA;$;TN;285560;68,84;TN;CANT. (TN);CÓRDOBA;CÓRDOBA;;Rosario N/En destino;Rosario N/En destino;;Contrato;A plazo;;;SIO_exportar_operaciones_2026-09-07.csv;2026-09-08;moneda informada explícitamente en campo original: ARS;sí;no;;;exportacion_manual;1;no_aplica;no;no_aplica;sí
2026-09-04;2026;9;Maíz;SIO Granos / Secretaría de Agricultura;;Compraventa;Precio Hecho;283860;;PRECIO/TN MONTO;283860,00;283860,00;ARS;sí;no;PRECIO/TN MONEDA;$;TN;283860;15,15;TN;CANT. (TN);CÓRDOBA;CÓRDOBA;;Cordoba/En destino;Cordoba/En destino;;Contrato;A plazo;;;SIO_exportar_operaciones_2026-09-07.csv;2026-09-08;moneda informada explícitamente en campo original: ARS;sí;no;;;exportacion_manual;1;no_aplica;no;no_aplica;sí
2026-09-04;2026;9;Maíz;SIO Granos / Secretaría de Agricultura;;Compraventa;Precio Hecho;283860;;PRECIO/TN MONTO;283860,00;283860,00;ARS;sí;no;PRECIO/TN MONEDA;$;TN;283860;30,23;TN;CANT. (TN);CÓRDOBA;CÓRDOBA;;Cordoba/En destino;Cordoba/En destino;;Contrato;A plazo;;;SIO_exportar_operaciones_2026-09-07.csv;2026-09-08;moneda informada explícitamente en campo original: ARS;sí;no;;;exportacion_manual;1;no_aplica;no;no_aplica;sí
2026-09-04;2026;9;Maíz;SIO Granos / Secretaría de Agricultura;;Compraventa;Precio Hecho;283860;;PRECIO/TN MONTO;283860,00;283860,00;ARS;sí;no;PRECIO/TN MONEDA;$;TN;283860;257,91;TN;CANT. (TN);CÓRDOBA;CÓRDOBA;;Cordoba/En destino;Cordoba/En destino;;Contrato;A plazo;;;SIO_exportar_operaciones_2026-09-07.csv;2026-09-08;moneda informada explícitamente en campo original: ARS;sí;no;;;exportacion_manual;1;no_aplica;no;no_aplica;sí
2026-09-04;2026;9;Maíz;SIO Granos / Secretaría de Agricultura;;Compraventa;Precio Hecho;285560;;PRECIO/TN MONTO;285560,00;285560,00;ARS;sí;no;PRECIO/TN MONEDA;$;TN;285560;7,00;TN;CANT. (TN);CÓRDOBA;CÓRDOBA;;Rosario N/En destino;Rosario N/En destino;;Contrato;A plazo;;;SIO_exportar_operaciones_2026-09-07.csv;2026-09-08;moneda informada explícitamente en campo original: ARS;sí;no;;;exportacion_manual;1;no_aplica;no;no_aplica;sí
2026-09-04;2026;9;Maíz;SIO Granos / Secretaría de Agricultura;;Compraventa;Precio Hecho;285560;;PRECIO/TN MONTO;285560,00;285560,00;ARS;sí;no;PRECIO/TN MONEDA;$;TN;285560;7,08;TN;CANT. (TN);CÓRDOBA;CÓRDOBA;;Rosario N/En destino;Rosario N/En destino;;Contrato;A plazo;;;SIO_exportar_operaciones_2026-09-07.csv;2026-09-08;moneda informada explícitamente en campo original: ARS;sí;no;;;exportacion_manual;1;no_aplica;no;no_aplica;sí
2026-09-04;2026;9;Maíz;SIO Granos / Secretaría de Agricultura;;Compraventa;Precio Hecho;285560;;PRECIO/TN MONTO;285560,00;285560,00;ARS;sí;no;PRECIO/TN MONEDA;$;TN;285560;6,24;TN;CANT. (TN);CÓRDOBA;CÓRDOBA;;Rosario N/En destino;Rosario N/En destino;;Contrato;A plazo;;;SIO_exportar_operaciones_2026-09-07.csv;2026-09-08;moneda informada explícitamente en campo original: ARS;sí;no;;;exportacion_manual;1;no_aplica;no;no_aplica;sí
2026-09-04;2026;9;Maíz;SIO Granos / Secretaría de Agricultura;;Compraventa;Precio Hecho;285560;;PRECIO/TN MONTO;285560,00;285560,00;ARS;sí;no;PRECIO/TN MONEDA;$;TN;285560;0,72;TN;CANT. (TN);CÓRDOBA;CÓRDOBA;;Rosario N/En destino;Rosario N/En destino;;Contrato;A plazo;;;SIO_exportar_operaciones_2026-09-07.csv;2026-09-08;moneda informada explícitamente en campo original: ARS;sí;no;;;exportacion_manual;1;no_aplica;no;no_aplica;sí
2026-09-04;2026;9;Maíz;SIO Granos / Secretaría de Agricultura;;Compraventa;Precio Hecho;285560;;PRECIO/TN MONTO;285560,00;285560,00;ARS;sí;no;PRECIO/TN MONEDA;$;TN;285560;40,00;TN;CANT. (TN);SANTIAGO DEL ESTERO;SANTIAGO DEL ESTERO;;Rosario N/En destino;Rosario N/En destino;;Contrato;A plazo;;;SIO_exportar_operaciones_2026-09-07.csv;2026-09-08;moneda informada explícitamente en campo original: ARS;sí;no;;;exportacion_manual;1;no_aplica;no;no_aplica;sí
2026-09-04;2026;9;Maíz;SIO Granos / Secretaría de Agricultura;;Compraventa;Precio Hecho;283860;;PRECIO/TN MONTO;283860,00;283860,00;ARS;sí;no;PRECIO/TN MONEDA;$;TN;283860;100,42;TN;CANT. (TN);CÓRDOBA;CÓRDOBA;;Cordoba/En destino;Cordoba/En destino;;Contrato;A plazo;;;SIO_exportar_operaciones_2026-09-07.csv;2026-09-08;moneda informada explícitamente en campo original: ARS;sí;no;;;exportacion_manual;1;no_aplica;no;no_aplica;sí
2026-09-04;2026;9;TRIGO PAN;SIO Granos / Secretaría de Agricultura;;Compraventa;Precio Hecho;348300;;PRECIO/TN MONTO;348300,00;348300,00;ARS;sí;no;PRECIO/TN MONEDA;$;TN;348300;310,03;TN;CANT. (TN);CÓRDOBA;CÓRDOBA;;Cordoba/En destino;Cordoba/En destino;;Contrato;A plazo;;;SIO_exportar_operaciones_2026-09-07.csv;2026-09-08;"commodity no catalogado; se conserva para revisión; moneda informada explícitamente en campo original: ARS";sí;no;;;exportacion_manual;1;no_aplica;no;no_aplica;sí
2026-09-04;2026;9;Soja;SIO Granos / Secretaría de Agricultura;;Compraventa;Precio Hecho;558400;;PRECIO/TN MONTO;558400,00;558400,00;ARS;sí;no;PRECIO/TN MONEDA;$;TN;558400;30,00;TN;CANT. (TN);CÓRDOBA;CÓRDOBA;;Zona 9/En destino;Zona 9/En destino;;Contrato;A plazo;;;SIO_exportar_operaciones_2026-09-07.csv;2026-09-08;moneda informada explícitamente en campo original: ARS;sí;no;;;exportacion_manual;1;no_aplica;no;no_aplica;sí
2026-09-04;2026;9;Soja;SIO Granos / Secretaría de Agricultura;;Compraventa;Precio Hecho;560000;;PRECIO/TN MONTO;560000,00;560000,00;ARS;sí;no;PRECIO/TN MONEDA;$;TN;560000;25,00;TN;CANT. (TN);CÓRDOBA;CÓRDOBA;;Rosario N/En destino;Rosario N/En destino;;Contrato;A plazo;;;SIO_exportar_operaciones_2026-09-07.csv;2026-09-08;moneda informada explícitamente en campo original: ARS;sí;no;;;exportacion_manual;1;no_aplica;no;no_aplica;sí
2026-09-04;2026;9;Maíz;SIO Granos / Secretaría de Agricultura;;Compraventa;Precio Hecho;283860;;PRECIO/TN MONTO;283860,00;283860,00;ARS;sí;no;PRECIO/TN MONEDA;$;TN;283860;130,00;TN;CANT. (TN);CÓRDOBA;CÓRDOBA;;Cordoba/En destino;Cordoba/En destino;;Contrato;A plazo;;;SIO_exportar_operaciones_2026-09-07.csv;2026-09-08;moneda informada explícitamente en campo original: ARS;sí;no;;;exportacion_manual;1;no_aplica;no;no_aplica;sí
2026-09-04;2026;9;Maíz;SIO Granos / Secretaría de Agricultura;;Compraventa;Precio Hecho;285560;;PRECIO/TN MONTO;285560,00;285560,00;ARS;sí;no;PRECIO/TN MONEDA;$;TN;285560;7,90;TN;CANT. (TN);CÓRDOBA;CÓRDOBA;;Rosario N/En destino;Rosario N/En destino;;Contrato;A plazo;;;SIO_exportar_operaciones_2026-09-07.csv;2026-09-08;moneda informada explícitamente en campo original: ARS;sí;no;;;exportacion_manual;1;no_aplica;no;no_aplica;sí
2026-09-04;2026;9;Maíz;SIO Granos / Secretaría de Agricultura;;Compraventa;Precio Hecho;285560;;PRECIO/TN MONTO;285560,00;285560,00;ARS;sí;no;PRECIO/TN MONEDA;$;TN;285560;10,00;TN;CANT. (TN);CÓRDOBA;CÓRDOBA;;Rosario N/En destino;Rosario N/En destino;;Contrato;A plazo;;;SIO_exportar_operaciones_2026-09-07.csv;2026-09-08;moneda informada explícitamente en campo original: ARS;sí;no;;;exportacion_manual;1;no_aplica;no;no_aplica;sí
2026-09-04;2026;9;Maíz;SIO Granos / Secretaría de Agricultura;;Compraventa;Precio Hecho;283860;;PRECIO/TN MONTO;283860,00;283860,00;ARS;sí;no;PRECIO/TN MONEDA;$;TN;283860;9,09;TN;CANT. (TN);CÓRDOBA;CÓRDOBA;;Cordoba/En destino;Cordoba/En destino;;Contrato;A plazo;;;SIO_exportar_operaciones_2026-09-07.csv;2026-09-08;moneda informada explícitamente en campo original: ARS;sí;no;;;exportacion_manual;1;no_aplica;no;no_aplica;sí
2026-09-04;2026;9;Maíz;SIO Granos / Secretaría de Agricultura;;Compraventa;Precio Hecho;283860;;PRECIO/TN MONTO;283860,00;283860,00;ARS;sí;no;PRECIO/TN MONEDA;$;TN;283860;12,52;TN;CANT. (TN);CÓRDOBA;CÓRDOBA;;Cordoba/En destino;Cordoba/En destino;;Contrato;A plazo;;;SIO_exportar_operaciones_2026-09-07.csv;2026-09-08;moneda informada explícitamente en campo original: ARS;sí;no;;;exportacion_manual;1;no_aplica;no;no_aplica;sí
2026-09-04;2026;9;Maíz;SIO Granos / Secretaría de Agricultura;;Compraventa;Precio Hecho;283860;;PRECIO/TN MONTO;283860,00;283860,00;ARS;sí;no;PRECIO/TN MONEDA;$;TN;283860;14,43;TN;CANT. (TN);CÓRDOBA;CÓRDOBA;;Cordoba/En destino;Cordoba/En destino;;Contrato;A plazo;;;SIO_exportar_operaciones_2026-09-07.csv;2026-09-08;moneda informada explícitamente en campo original: ARS;sí;no;;;exportacion_manual;1;no_aplica;no;no_aplica;sí
2026-09-04;2026;9;Maíz;SIO Granos / Secretaría de Agricultura;;Compraventa;Precio Hecho;285560;;PRECIO/TN MONTO;285560,00;285560,00;ARS;sí;no;PRECIO/TN MONEDA;$;TN;285560;36,71;TN;CANT. (TN);CÓRDOBA;CÓRDOBA;;Rosario N/En destino;Rosario N/En destino;;Contrato;A plazo;;;SIO_exportar_operaciones_2026-09-07.csv;2026-09-08;moneda informada explícitamente en campo original: ARS;sí;no;;;exportacion_manual;1;no_aplica;no;no_aplica;sí
2026-09-04;2026;9;Soja;SIO Granos / Secretaría de Agricultura;;Compraventa;Precio Hecho;558800;;PRECIO/TN MONTO;558800,00;558800,00;ARS;sí;no;PRECIO/TN MONEDA;$;TN;558800;7,01;TN;CANT. (TN);SANTIAGO DEL ESTERO;SANTIAGO DEL ESTERO;;Zona 14/En destino;Zona 14/En destino;;Contrato;A plazo;;;SIO_exportar_operaciones_2026-09-07.csv;2026-09-08;moneda informada explícitamente en campo original: ARS;sí;no;;;exportacion_manual;1;no_aplica;no;no_aplica;sí
2026-09-04;2026;9;Soja;SIO Granos / Secretaría de Agricultura;;Compraventa;Precio Hecho;372.2;;PRECIO/TN MONTO;372,20;372,20;USD;sí;no;PRECIO/TN MONEDA;U$S;TN;372.2;300,00;TN;CANT. (TN);SANTA FE;SANTA FE;;Zona 14/En destino;Zona 14/En destino;;Contrato;A plazo;;;SIO_exportar_operaciones_2026-09-07.csv;2026-09-08;moneda informada explícitamente en campo original: USD;sí;no;;;exportacion_manual;1;no_aplica;no;no_aplica;sí
2026-09-04;2026;9;Soja;SIO Granos / Secretaría de Agricultura;;Compraventa;Precio Hecho;558800;;PRECIO/TN MONTO;558800,00;558800,00;ARS;sí;no;PRECIO/TN MONEDA;$;TN;558800;62,45;TN;CANT. (TN);SANTA FE;SANTA FE;;Zona 14/En destino;Zona 14/En destino;;Contrato;A plazo;;;SIO_exportar_operaciones_2026-09-07.csv;2026-09-08;moneda informada explícitamente en campo original: ARS;sí;no;;;exportacion_manual;1;no_aplica;no;no_aplica;sí
2026-09-04;2026;9;Soja;SIO Granos / Secretaría de Agricultura;;Compraventa;Precio Hecho;558800;;PRECIO/TN MONTO;558800,00;558800,00;ARS;sí;no;PRECIO/TN MONEDA;$;TN;558800;10,00;TN;CANT. (TN);SANTIAGO DEL ESTERO;SANTIAGO DEL ESTERO;;Zona 14/En destino;Zona 14/En destino;;Contrato;A plazo;;;SIO_exportar_operaciones_2026-09-07.csv;2026-09-08;moneda informada explícitamente en campo original: ARS;sí;no;;;exportacion_manual;1;no_aplica;no;no_aplica;sí
2026-09-04;2026;9;Maíz;SIO Granos / Secretaría de Agricultura;;Compraventa;Precio Hecho;284360;;PRECIO/TN MONTO;284360,00;284360,00;ARS;sí;no;PRECIO/TN MONEDA;$;TN;284360;28,80;TN;CANT. (TN);SANTIAGO DEL ESTERO;SANTIAGO DEL ESTERO;;Zona 14/En destino;Zona 14/En destino;;Contrato;A plazo;;;SIO_exportar_operaciones_2026-09-07.csv;2026-09-08;moneda informada explícitamente en campo original: ARS;sí;no;;;exportacion_manual;1;no_aplica;no;no_aplica;sí
2026-09-04;2026;9;Maíz;SIO Granos / Secretaría de Agricultura;;Compraventa;Precio Hecho;284360;;PRECIO/TN MONTO;284360,00;284360,00;ARS;sí;no;PRECIO/TN MONEDA;$;TN;284360;87,00;TN;CANT. (TN);SANTIAGO DEL ESTERO;SANTIAGO DEL ESTERO;;Zona 14/En destino;Zona 14/En destino;;Contrato;A plazo;;;SIO_exportar_operaciones_2026-09-07.csv;2026-09-08;moneda informada explícitamente en campo original: ARS;sí;no;;;exportacion_manual;1;no_aplica;no;no_aplica;sí
2026-09-04;2026;9;Maíz;SIO Granos / Secretaría de Agricultura;;Compraventa;Precio Hecho;284360;;PRECIO/TN MONTO;284360,00;284360,00;ARS;sí;no;PRECIO/TN MONEDA;$;TN;284360;90,00;TN;CANT. (TN);SANTIAGO DEL ESTERO;SANTIAGO DEL ESTERO;;Zona 14/En destino;Zona 14/En destino;;Contrato;A plazo;;;SIO_exportar_operaciones_2026-09-07.csv;2026-09-08;moneda informada explícitamente en campo original: ARS;sí;no;;;exportacion_manual;1;no_aplica;no;no_aplica;sí
2026-09-04;2026;9;TRIGO PAN;SIO Granos / Secretaría de Agricultura;;Compraventa;Precio Hecho;229.2;;PRECIO/TN MONTO;229,20;229,20;USD;sí;no;PRECIO/TN MONEDA;U$S;TN;229.2;200,00;TN;CANT. (TN);SANTA FE;SANTA FE;;Zona 14/En destino;Zona 14/En destino;;Contrato;Contra entrega;;;SIO_exportar_operaciones_2026-09-07.csv;2026-09-08;"commodity no catalogado; se conserva para revisión; moneda informada explícitamente en campo original: USD";sí;no;;;exportacion_manual;1;no_aplica;no;no_aplica;sí
2026-09-04;2026;9;Soja;SIO Granos / Secretaría de Agricultura;;Compraventa;Precio Hecho;560000;;PRECIO/TN MONTO;560000,00;560000,00;ARS;sí;no;PRECIO/TN MONEDA;$;TN;560000;21,59;TN;CANT. (TN);SANTIAGO DEL ESTERO;SANTIAGO DEL ESTERO;;Rosario N/En destino;Rosario N/En destino;;Contrato;A plazo;;;SIO_exportar_operaciones_2026-09-07.csv;2026-09-08;moneda informada explícitamente en campo original: ARS;sí;no;;;exportacion_manual;1;no_aplica;no;no_aplica;sí
2026-09-04;2026;9;Soja;SIO Granos / Secretaría de Agricultura;;Compraventa;Precio Hecho;558800;;PRECIO/TN MONTO;558800,00;558800,00;ARS;sí;no;PRECIO/TN MONEDA;$;TN;558800;32,68;TN;CANT. (TN);SANTIAGO DEL ESTERO;SANTIAGO DEL ESTERO;;Zona 14/En destino;Zona 14/En destino;;Contrato;A plazo;;;SIO_exportar_operaciones_2026-09-07.csv;2026-09-08;moneda informada explícitamente en campo original: ARS;sí;no;;;exportacion_manual;1;no_aplica;no;no_aplica;sí
2026-09-04;2026;9;Soja;SIO Granos / Secretaría de Agricultura;;Compraventa;Precio Hecho;558800;;PRECIO/TN MONTO;558800,00;558800,00;ARS;sí;no;PRECIO/TN MONEDA;$;TN;558800;70,84;TN;CANT. (TN);SANTIAGO DEL ESTERO;SANTIAGO DEL ESTERO;;Zona 14/En destino;Zona 14/En destino;;Contrato;A plazo;;;SIO_exportar_operaciones_2026-09-07.csv;2026-09-08;moneda informada explícitamente en campo original: ARS;sí;no;;;exportacion_manual;1;no_aplica;no;no_aplica;sí
2026-09-04;2026;9;Soja;SIO Granos / Secretaría de Agricultura;;Compraventa;Precio Hecho;563800;;PRECIO/TN MONTO;563800,00;563800,00;ARS;sí;no;PRECIO/TN MONEDA;$;TN;563800;50,00;TN;CANT. (TN);SANTA FE;SANTA FE;;Zona 14/En destino;Zona 14/En destino;;Contrato;A plazo;;;SIO_exportar_operaciones_2026-09-07.csv;2026-09-08;moneda informada explícitamente en campo original: ARS;sí;no;;;exportacion_manual;1;no_aplica;no;no_aplica;sí
2026-09-04;2026;9;Girasol;SIO Granos / Secretaría de Agricultura;;Compraventa;Precio Hecho;755800;;PRECIO/TN MONTO;755800,00;755800,00;ARS;sí;no;PRECIO/TN MONEDA;$;TN;755800;30,00;TN;CANT. (TN);SANTIAGO DEL ESTERO;SANTIAGO DEL ESTERO;;Zona 25/En destino;Zona 25/En destino;;Contrato;A plazo;;;SIO_exportar_operaciones_2026-09-07.csv;2026-09-08;moneda informada explícitamente en campo original: ARS;sí;no;;;exportacion_manual;1;no_aplica;no;no_aplica;sí
2026-09-04;2026;9;Maíz;SIO Granos / Secretaría de Agricultura;;Canje;Precio Hecho;284360;;PRECIO/TN MONTO;284360,00;284360,00;ARS;sí;no;PRECIO/TN MONEDA;$;TN;284360;0,95;TN;CANT. (TN);SANTIAGO DEL ESTERO;SANTIAGO DEL ESTERO;;Zona 14/En destino;Zona 14/En destino;;Contrato;Contra entrega;;;SIO_exportar_operaciones_2026-09-07.csv;2026-09-08;moneda informada explícitamente en campo original: ARS;sí;no;;;exportacion_manual;1;no_aplica;no;no_aplica;sí
2026-09-04;2026;9;Maíz;SIO Granos / Secretaría de Agricultura;;Canje;Precio Hecho;284360;;PRECIO/TN MONTO;284360,00;284360,00;ARS;sí;no;PRECIO/TN MONEDA;$;TN;284360;32,69;TN;CANT. (TN);SANTIAGO DEL ESTERO;SANTIAGO DEL ESTERO;;Zona 14/En destino;Zona 14/En destino;;Contrato;Contra entrega;;;SIO_exportar_operaciones_2026-09-07.csv;2026-09-08;moneda informada explícitamente en campo original: ARS;sí;no;;;exportacion_manual;1;no_aplica;no;no_aplica;sí
2026-09-04;2026;9;Maíz;SIO Granos / Secretaría de Agricultura;;Canje;Precio Hecho;284360;;PRECIO/TN MONTO;284360,00;284360,00;ARS;sí;no;PRECIO/TN MONEDA;$;TN;284360;269,29;TN;CANT. (TN);SANTIAGO DEL ESTERO;SANTIAGO DEL ESTERO;;Zona 14/En destino;Zona 14/En destino;;Contrato;Contra entrega;;;SIO_exportar_operaciones_2026-09-07.csv;2026-09-08;moneda informada explícitamente en campo original: ARS;sí;no;;;exportacion_manual;1;no_aplica;no;no_aplica;sí
2026-09-04;2026;9;Maíz;SIO Granos / Secretaría de Agricultura;;Compraventa;Precio Hecho;284360;;PRECIO/TN MONTO;284360,00;284360,00;ARS;sí;no;PRECIO/TN MONEDA;$;TN;284360;28,53;TN;CANT. (TN);SANTA FE;SANTA FE;;Zona 14/En destino;Zona 14/En destino;;Contrato;A plazo;;;SIO_exportar_operaciones_2026-09-07.csv;2026-09-08;moneda informada explícitamente en campo original: ARS;sí;no;;;exportacion_manual;1;no_aplica;no;no_aplica;sí
2026-09-04;2026;9;Maíz;SIO Granos / Secretaría de Agricultura;;Compraventa;Precio Hecho;284360;;PRECIO/TN MONTO;284360,00;284360,00;ARS;sí;no;PRECIO/TN MONEDA;$;TN;284360;21,58;TN;CANT. (TN);SANTIAGO DEL ESTERO;SANTIAGO DEL ESTERO;;Zona 14/En destino;Zona 14/En destino;;Contrato;A plazo;;;SIO_exportar_operaciones_2026-09-07.csv;2026-09-08;moneda informada explícitamente en campo original: ARS;sí;no;;;exportacion_manual;1;no_aplica;no;no_aplica;sí
2026-09-04;2026;9;Maíz;SIO Granos / Secretaría de Agricultura;;Compraventa;Precio Hecho;285560;;PRECIO/TN MONTO;285560,00;285560,00;ARS;sí;no;PRECIO/TN MONEDA;$;TN;285560;8,49;TN;CANT. (TN);SANTIAGO DEL ESTERO;SANTIAGO DEL ESTERO;;Rosario N/En destino;Rosario N/En destino;;Contrato;A plazo;;;SIO_exportar_operaciones_2026-09-07.csv;2026-09-08;moneda informada explícitamente en campo original: ARS;sí;no;;;exportacion_manual;1;no_aplica;no;no_aplica;sí
2026-09-04;2026;9;Maíz;SIO Granos / Secretaría de Agricultura;;Compraventa;Precio Hecho;285560;;PRECIO/TN MONTO;285560,00;285560,00;ARS;sí;no;PRECIO/TN MONEDA;$;TN;285560;8,67;TN;CANT. (TN);SANTIAGO DEL ESTERO;SANTIAGO DEL ESTERO;;Rosario N/En destino;Rosario N/En destino;;Contrato;A plazo;;;SIO_exportar_operaciones_2026-09-07.csv;2026-09-08;moneda informada explícitamente en campo original: ARS;sí;no;;;exportacion_manual;1;no_aplica;no;no_aplica;sí
2026-09-04;2026;9;Maíz;SIO Granos / Secretaría de Agricultura;;Compraventa;Precio Hecho;284360;;PRECIO/TN MONTO;284360,00;284360,00;ARS;sí;no;PRECIO/TN MONEDA;$;TN;284360;150,00;TN;CANT. (TN);SANTIAGO DEL ESTERO;SANTIAGO DEL ESTERO;;Zona 14/En destino;Zona 14/En destino;;Contrato;A plazo;;;SIO_exportar_operaciones_2026-09-07.csv;2026-09-08;moneda informada explícitamente en campo original: ARS;sí;no;;;exportacion_manual;1;no_aplica;no;no_aplica;sí
2026-09-04;2026;9;Maíz;SIO Granos / Secretaría de Agricultura;;Compraventa;Precio Hecho;284360;;PRECIO/TN MONTO;284360,00;284360,00;ARS;sí;no;PRECIO/TN MONEDA;$;TN;284360;39,30;TN;CANT. (TN);SANTIAGO DEL ESTERO;SANTIAGO DEL ESTERO;;Zona 14/En destino;Zona 14/En destino;;Contrato;A plazo;;;SIO_exportar_operaciones_2026-09-07.csv;2026-09-08;moneda informada explícitamente en campo original: ARS;sí;no;;;exportacion_manual;1;no_aplica;no;no_aplica;sí
2026-09-04;2026;9;Maíz;SIO Granos / Secretaría de Agricultura;;Compraventa;Precio Hecho;284360;;PRECIO/TN MONTO;284360,00;284360,00;ARS;sí;no;PRECIO/TN MONEDA;$;TN;284360;18,86;TN;CANT. (TN);SANTIAGO DEL ESTERO;SANTIAGO DEL ESTERO;;Zona 14/En destino;Zona 14/En destino;;Contrato;A plazo;;;SIO_exportar_operaciones_2026-09-07.csv;2026-09-08;moneda informada explícitamente en campo original: ARS;sí;no;;;exportacion_manual;1;no_aplica;no;no_aplica;sí
2026-09-04;2026;9;Maíz;SIO Granos / Secretaría de Agricultura;;Compraventa;Precio Hecho;284360;;PRECIO/TN MONTO;284360,00;284360,00;ARS;sí;no;PRECIO/TN MONEDA;$;TN;284360;10,74;TN;CANT. (TN);SANTA FE;SANTA FE;;Zona 14/En destino;Zona 14/En destino;;Contrato;A plazo;;;SIO_exportar_operaciones_2026-09-07.csv;2026-09-08;moneda informada explícitamente en campo original: ARS;sí;no;;;exportacion_manual;1;no_aplica;no;no_aplica;sí
2026-09-04;2026;9;Maíz;SIO Granos / Secretaría de Agricultura;;Compraventa;Precio Hecho;284360;;PRECIO/TN MONTO;284360,00;284360,00;ARS;sí;no;PRECIO/TN MONEDA;$;TN;284360;24,27;TN;CANT. (TN);SANTIAGO DEL ESTERO;SANTIAGO DEL ESTERO;;Zona 14/En destino;Zona 14/En destino;;Contrato;A plazo;;;SIO_exportar_operaciones_2026-09-07.csv;2026-09-08;moneda informada explícitamente en campo original: ARS;sí;no;;;exportacion_manual;1;no_aplica;no;no_aplica;sí
2026-09-04;2026;9;Maíz;SIO Granos / Secretaría de Agricultura;;Compraventa;Precio Hecho;284360;;PRECIO/TN MONTO;284360,00;284360,00;ARS;sí;no;PRECIO/TN MONEDA;$;TN;284360;49,54;TN;CANT. (TN);SANTIAGO DEL ESTERO;SANTIAGO DEL ESTERO;;Zona 14/En destino;Zona 14/En destino;;Contrato;A plazo;;;SIO_exportar_operaciones_2026-09-07.csv;2026-09-08;moneda informada explícitamente en campo original: ARS;sí;no;;;exportacion_manual;1;no_aplica;no;no_aplica;sí
2026-09-04;2026;9;Maíz;SIO Granos / Secretaría de Agricultura;;Compraventa;Precio Hecho;284360;;PRECIO/TN MONTO;284360,00;284360,00;ARS;sí;no;PRECIO/TN MONEDA;$;TN;284360;15,15;TN;CANT. (TN);SANTIAGO DEL ESTERO;SANTIAGO DEL ESTERO;;Zona 14/En destino;Zona 14/En destino;;Contrato;A plazo;;;SIO_exportar_operaciones_2026-09-07.csv;2026-09-08;moneda informada explícitamente en campo original: ARS;sí;no;;;exportacion_manual;1;no_aplica;no;no_aplica;sí
2026-09-04;2026;9;Maíz;SIO Granos / Secretaría de Agricultura;;Compraventa;Precio Hecho;284360;;PRECIO/TN MONTO;284360,00;284360,00;ARS;sí;no;PRECIO/TN MONEDA;$;TN;284360;16,23;TN;CANT. (TN);SANTIAGO DEL ESTERO;SANTIAGO DEL ESTERO;;Zona 14/En destino;Zona 14/En destino;;Contrato;A plazo;;;SIO_exportar_operaciones_2026-09-07.csv;2026-09-08;moneda informada explícitamente en campo original: ARS;sí;no;;;exportacion_manual;1;no_aplica;no;no_aplica;sí
2026-09-04;2026;9;Maíz;SIO Granos / Secretaría de Agricultura;;Compraventa;Precio Hecho;284360;;PRECIO/TN MONTO;284360,00;284360,00;ARS;sí;no;PRECIO/TN MONEDA;$;TN;284360;144,04;TN;CANT. (TN);SANTIAGO DEL ESTERO;SANTIAGO DEL ESTERO;;Zona 14/En destino;Zona 14/En destino;;Contrato;A plazo;;;SIO_exportar_operaciones_2026-09-07.csv;2026-09-08;moneda informada explícitamente en campo original: ARS;sí;no;;;exportacion_manual;1;no_aplica;no;no_aplica;sí
2026-09-04;2026;9;Maíz;SIO Granos / Secretaría de Agricultura;;Compraventa;Precio Hecho;284360;;PRECIO/TN MONTO;284360,00;284360,00;ARS;sí;no;PRECIO/TN MONEDA;$;TN;284360;8,10;TN;CANT. (TN);SANTIAGO DEL ESTERO;SANTIAGO DEL ESTERO;;Zona 14/En destino;Zona 14/En destino;;Contrato;A plazo;;;SIO_exportar_operaciones_2026-09-07.csv;2026-09-08;moneda informada explícitamente en campo original: ARS;sí;no;;;exportacion_manual;1;no_aplica;no;no_aplica;sí
2026-09-04;2026;9;Maíz;SIO Granos / Secretaría de Agricultura;;Compraventa;Precio Hecho;284360;;PRECIO/TN MONTO;284360,00;284360,00;ARS;sí;no;PRECIO/TN MONEDA;$;TN;284360;60,35;TN;CANT. (TN);SANTIAGO DEL ESTERO;SANTIAGO DEL ESTERO;;Zona 14/En destino;Zona 14/En destino;;Contrato;A plazo;;;SIO_exportar_operaciones_2026-09-07.csv;2026-09-08;moneda informada explícitamente en campo original: ARS;sí;no;;;exportacion_manual;1;no_aplica;no;no_aplica;sí
2026-09-04;2026;9;Maíz;SIO Granos / Secretaría de Agricultura;;Compraventa;Precio Hecho;284360;;PRECIO/TN MONTO;284360,00;284360,00;ARS;sí;no;PRECIO/TN MONEDA;$;TN;284360;14,11;TN;CANT. (TN);SANTIAGO DEL ESTERO;SANTIAGO DEL ESTERO;;Zona 14/En destino;Zona 14/En destino;;Contrato;A plazo;;;SIO_exportar_operaciones_2026-09-07.csv;2026-09-08;moneda informada explícitamente en campo original: ARS;sí;no;;;exportacion_manual;1;no_aplica;no;no_aplica;sí
2026-09-04;2026;9;Maíz;SIO Granos / Secretaría de Agricultura;;Compraventa;Precio Hecho;284360;;PRECIO/TN MONTO;284360,00;284360,00;ARS;sí;no;PRECIO/TN MONEDA;$;TN;284360;25,45;TN;CANT. (TN);SANTIAGO DEL ESTERO;SANTIAGO DEL ESTERO;;Zona 14/En destino;Zona 14/En destino;;Contrato;A plazo;;;SIO_exportar_operaciones_2026-09-07.csv;2026-09-08;moneda informada explícitamente en campo original: ARS;sí;no;;;exportacion_manual;1;no_aplica;no;no_aplica;sí
2026-09-04;2026;9;Maíz;SIO Granos / Secretaría de Agricultura;;Compraventa;Precio Hecho;284360;;PRECIO/TN MONTO;284360,00;284360,00;ARS;sí;no;PRECIO/TN MONEDA;$;TN;284360;78,04;TN;CANT. (TN);SANTIAGO DEL ESTERO;SANTIAGO DEL ESTERO;;Zona 14/En destino;Zona 14/En destino;;Contrato;A plazo;;;SIO_exportar_operaciones_2026-09-07.csv;2026-09-08;moneda informada explícitamente en campo original: ARS;sí;no;;;exportacion_manual;1;no_aplica;no;no_aplica;sí
2026-09-04;2026;9;Maíz;SIO Granos / Secretaría de Agricultura;;Compraventa;Precio Hecho;284360;;PRECIO/TN MONTO;284360,00;284360,00;ARS;sí;no;PRECIO/TN MONEDA;$;TN;284360;20,39;TN;CANT. (TN);SANTIAGO DEL ESTERO;SANTIAGO DEL ESTERO;;Zona 14/En destino;Zona 14/En destino;;Contrato;A plazo;;;SIO_exportar_operaciones_2026-09-07.csv;2026-09-08;moneda informada explícitamente en campo original: ARS;sí;no;;;exportacion_manual;1;no_aplica;no;no_aplica;sí
2026-09-04;2026;9;Maíz;SIO Granos / Secretaría de Agricultura;;Compraventa;Precio Hecho;284360;;PRECIO/TN MONTO;284360,00;284360,00;ARS;sí;no;PRECIO/TN MONEDA;$;TN;284360;130,55;TN;CANT. (TN);SANTIAGO DEL ESTERO;SANTIAGO DEL ESTERO;;Zona 14/En destino;Zona 14/En destino;;Contrato;A plazo;;;SIO_exportar_operaciones_2026-09-07.csv;2026-09-08;moneda informada explícitamente en campo original: ARS;sí;no;;;exportacion_manual;1;no_aplica;no;no_aplica;sí
2026-09-04;2026;9;Maíz;SIO Granos / Secretaría de Agricultura;;Compraventa;Precio Hecho;284360;;PRECIO/TN MONTO;284360,00;284360,00;ARS;sí;no;PRECIO/TN MONEDA;$;TN;284360;21,12;TN;CANT. (TN);SANTIAGO DEL ESTERO;SANTIAGO DEL ESTERO;;Zona 14/En destino;Zona 14/En destino;;Contrato;A plazo;;;SIO_exportar_operaciones_2026-09-07.csv;2026-09-08;moneda informada explícitamente en campo original: ARS;sí;no;;;exportacion_manual;1;no_aplica;no;no_aplica;sí
2026-09-04;2026;9;Maíz;SIO Granos / Secretaría de Agricultura;;Compraventa;Precio Hecho;285560;;PRECIO/TN MONTO;285560,00;285560,00;ARS;sí;no;PRECIO/TN MONEDA;$;TN;285560;109,13;TN;CANT. (TN);SANTIAGO DEL ESTERO;SANTIAGO DEL ESTERO;;Rosario N/En destino;Rosario N/En destino;;Contrato;A plazo;;;SIO_exportar_operaciones_2026-09-07.csv;2026-09-08;moneda informada explícitamente en campo original: ARS;sí;no;;;exportacion_manual;1;no_aplica;no;no_aplica;sí
2026-09-04;2026;9;Maíz;SIO Granos / Secretaría de Agricultura;;Compraventa;Precio Hecho;285560;;PRECIO/TN MONTO;285560,00;285560,00;ARS;sí;no;PRECIO/TN MONEDA;$;TN;285560;7,15;TN;CANT. (TN);SANTIAGO DEL ESTERO;SANTIAGO DEL ESTERO;;Rosario N/En destino;Rosario N/En destino;;Contrato;A plazo;;;SIO_exportar_operaciones_2026-09-07.csv;2026-09-08;moneda informada explícitamente en campo original: ARS;sí;no;;;exportacion_manual;1;no_aplica;no;no_aplica;sí
2026-09-04;2026;9;Maíz;SIO Granos / Secretaría de Agricultura;;Compraventa;Precio Hecho;285560;;PRECIO/TN MONTO;285560,00;285560,00;ARS;sí;no;PRECIO/TN MONEDA;$;TN;285560;7,16;TN;CANT. (TN);SANTIAGO DEL ESTERO;SANTIAGO DEL ESTERO;;Rosario N/En destino;Rosario N/En destino;;Contrato;A plazo;;;SIO_exportar_operaciones_2026-09-07.csv;2026-09-08;moneda informada explícitamente en campo original: ARS;sí;no;;;exportacion_manual;1;no_aplica;no;no_aplica;sí
2026-09-04;2026;9;Maíz;SIO Granos / Secretaría de Agricultura;;Compraventa;Precio Hecho;284360;;PRECIO/TN MONTO;284360,00;284360,00;ARS;sí;no;PRECIO/TN MONEDA;$;TN;284360;98,11;TN;CANT. (TN);SANTIAGO DEL ESTERO;SANTIAGO DEL ESTERO;;Zona 14/En destino;Zona 14/En destino;;Contrato;A plazo;;;SIO_exportar_operaciones_2026-09-07.csv;2026-09-08;moneda informada explícitamente en campo original: ARS;sí;no;;;exportacion_manual;1;no_aplica;no;no_aplica;sí
2026-09-04;2026;9;Maíz;SIO Granos / Secretaría de Agricultura;;Compraventa;Precio Hecho;284360;;PRECIO/TN MONTO;284360,00;284360,00;ARS;sí;no;PRECIO/TN MONEDA;$;TN;284360;328,60;TN;CANT. (TN);SANTIAGO DEL ESTERO;SANTIAGO DEL ESTERO;;Zona 14/En destino;Zona 14/En destino;;Contrato;A plazo;;;SIO_exportar_operaciones_2026-09-07.csv;2026-09-08;moneda informada explícitamente en campo original: ARS;sí;no;;;exportacion_manual;1;no_aplica;no;no_aplica;sí
2026-09-04;2026;9;Maíz;SIO Granos / Secretaría de Agricultura;;Compraventa;Precio Hecho;284360;;PRECIO/TN MONTO;284360,00;284360,00;ARS;sí;no;PRECIO/TN MONEDA;$;TN;284360;7,70;TN;CANT. (TN);SANTIAGO DEL ESTERO;SANTIAGO DEL ESTERO;;Zona 14/En destino;Zona 14/En destino;;Contrato;A plazo;;;SIO_exportar_operaciones_2026-09-07.csv;2026-09-08;moneda informada explícitamente en campo original: ARS;sí;no;;;exportacion_manual;1;no_aplica;no;no_aplica;sí
2026-09-04;2026;9;Maíz;SIO Granos / Secretaría de Agricultura;;Compraventa;Precio Hecho;284360;;PRECIO/TN MONTO;284360,00;284360,00;ARS;sí;no;PRECIO/TN MONEDA;$;TN;284360;277,62;TN;CANT. (TN);SANTIAGO DEL ESTERO;SANTIAGO DEL ESTERO;;Zona 14/En destino;Zona 14/En destino;;Contrato;A plazo;;;SIO_exportar_operaciones_2026-09-07.csv;2026-09-08;moneda informada explícitamente en campo original: ARS;sí;no;;;exportacion_manual;1;no_aplica;no;no_aplica;sí
2026-09-04;2026;9;Maíz;SIO Granos / Secretaría de Agricultura;;Compraventa;Precio Hecho;284360;;PRECIO/TN MONTO;284360,00;284360,00;ARS;sí;no;PRECIO/TN MONEDA;$;TN;284360;126,31;TN;CANT. (TN);SANTIAGO DEL ESTERO;SANTIAGO DEL ESTERO;;Zona 14/En destino;Zona 14/En destino;;Contrato;A plazo;;;SIO_exportar_operaciones_2026-09-07.csv;2026-09-08;moneda informada explícitamente en campo original: ARS;sí;no;;;exportacion_manual;1;no_aplica;no;no_aplica;sí
2026-09-04;2026;9;Maíz;SIO Granos / Secretaría de Agricultura;;Compraventa;Precio Hecho;284360;;PRECIO/TN MONTO;284360,00;284360,00;ARS;sí;no;PRECIO/TN MONEDA;$;TN;284360;11,74;TN;CANT. (TN);SANTIAGO DEL ESTERO;SANTIAGO DEL ESTERO;;Zona 14/En destino;Zona 14/En destino;;Contrato;A plazo;;;SIO_exportar_operaciones_2026-09-07.csv;2026-09-08;moneda informada explícitamente en campo original: ARS;sí;no;;;exportacion_manual;1;no_aplica;no;no_aplica;sí
2026-09-04;2026;9;Maíz;SIO Granos / Secretaría de Agricultura;;Compraventa;Precio Hecho;284360;;PRECIO/TN MONTO;284360,00;284360,00;ARS;sí;no;PRECIO/TN MONEDA;$;TN;284360;33,09;TN;CANT. (TN);SANTIAGO DEL ESTERO;SANTIAGO DEL ESTERO;;Zona 14/En destino;Zona 14/En destino;;Contrato;A plazo;;;SIO_exportar_operaciones_2026-09-07.csv;2026-09-08;moneda informada explícitamente en campo original: ARS;sí;no;;;exportacion_manual;1;no_aplica;no;no_aplica;sí
2026-09-04;2026;9;Maíz;SIO Granos / Secretaría de Agricultura;;Compraventa;Precio Hecho;284360;;PRECIO/TN MONTO;284360,00;284360,00;ARS;sí;no;PRECIO/TN MONEDA;$;TN;284360;13,12;TN;CANT. (TN);SANTIAGO DEL ESTERO;SANTIAGO DEL ESTERO;;Zona 14/En destino;Zona 14/En destino;;Contrato;A plazo;;;SIO_exportar_operaciones_2026-09-07.csv;2026-09-08;moneda informada explícitamente en campo original: ARS;sí;no;;;exportacion_manual;1;no_aplica;no;no_aplica;sí
2026-09-04;2026;9;Maíz;SIO Granos / Secretaría de Agricultura;;Compraventa;Precio Hecho;284360;;PRECIO/TN MONTO;284360,00;284360,00;ARS;sí;no;PRECIO/TN MONEDA;$;TN;284360;55,11;TN;CANT. (TN);SANTA FE;SANTA FE;;Zona 14/En destino;Zona 14/En destino;;Contrato;A plazo;;;SIO_exportar_operaciones_2026-09-07.csv;2026-09-08;moneda informada explícitamente en campo original: ARS;sí;no;;;exportacion_manual;1;no_aplica;no;no_aplica;sí
2026-09-04;2026;9;Maíz;SIO Granos / Secretaría de Agricultura;;Compraventa;Precio Hecho;284360;;PRECIO/TN MONTO;284360,00;284360,00;ARS;sí;no;PRECIO/TN MONEDA;$;TN;284360;43,59;TN;CANT. (TN);SANTA FE;SANTA FE;;Zona 14/En destino;Zona 14/En destino;;Contrato;A plazo;;;SIO_exportar_operaciones_2026-09-07.csv;2026-09-08;moneda informada explícitamente en campo original: ARS;sí;no;;;exportacion_manual;1;no_aplica;no;no_aplica;sí
2026-09-04;2026;9;Maíz;SIO Granos / Secretaría de Agricultura;;Compraventa;Precio Hecho;285560;;PRECIO/TN MONTO;285560,00;285560,00;ARS;sí;no;PRECIO/TN MONEDA;$;TN;285560;43,98;TN;CANT. (TN);SANTA FE;SANTA FE;;Rosario N/En destino;Rosario N/En destino;;Contrato;A plazo;;;SIO_exportar_operaciones_2026-09-07.csv;2026-09-08;moneda informada explícitamente en campo original: ARS;sí;no;;;exportacion_manual;1;no_aplica;no;no_aplica;sí
2026-09-04;2026;9;Maíz;SIO Granos / Secretaría de Agricultura;;Compraventa;Precio Hecho;284360;;PRECIO/TN MONTO;284360,00;284360,00;ARS;sí;no;PRECIO/TN MONEDA;$;TN;284360;15,00;TN;CANT. (TN);SANTIAGO DEL ESTERO;SANTIAGO DEL ESTERO;;Zona 14/En destino;Zona 14/En destino;;Contrato;A plazo;;;SIO_exportar_operaciones_2026-09-07.csv;2026-09-08;moneda informada explícitamente en campo original: ARS;sí;no;;;exportacion_manual;1;no_aplica;no;no_aplica;sí
2026-09-04;2026;9;Maíz;SIO Granos / Secretaría de Agricultura;;Compraventa;Precio Hecho;284360;;PRECIO/TN MONTO;284360,00;284360,00;ARS;sí;no;PRECIO/TN MONEDA;$;TN;284360;7,29;TN;CANT. (TN);SANTA FE;SANTA FE;;Zona 14/En destino;Zona 14/En destino;;Contrato;A plazo;;;SIO_exportar_operaciones_2026-09-07.csv;2026-09-08;moneda informada explícitamente en campo original: ARS;sí;no;;;exportacion_manual;1;no_aplica;no;no_aplica;sí
2026-09-04;2026;9;Maíz;SIO Granos / Secretaría de Agricultura;;Compraventa;Precio Hecho;284360;;PRECIO/TN MONTO;284360,00;284360,00;ARS;sí;no;PRECIO/TN MONEDA;$;TN;284360;12,69;TN;CANT. (TN);SANTA FE;SANTA FE;;Zona 14/En destino;Zona 14/En destino;;Contrato;A plazo;;;SIO_exportar_operaciones_2026-09-07.csv;2026-09-08;moneda informada explícitamente en campo original: ARS;sí;no;;;exportacion_manual;1;no_aplica;no;no_aplica;sí
2026-09-04;2026;9;Maíz;SIO Granos / Secretaría de Agricultura;;Compraventa;Precio Hecho;284360;;PRECIO/TN MONTO;284360,00;284360,00;ARS;sí;no;PRECIO/TN MONEDA;$;TN;284360;31,71;TN;CANT. (TN);SANTIAGO DEL ESTERO;SANTIAGO DEL ESTERO;;Zona 14/En destino;Zona 14/En destino;;Contrato;A plazo;;;SIO_exportar_operaciones_2026-09-07.csv;2026-09-08;moneda informada explícitamente en campo original: ARS;sí;no;;;exportacion_manual;1;no_aplica;no;no_aplica;sí
2026-09-04;2026;9;Maíz;SIO Granos / Secretaría de Agricultura;;Compraventa;Precio Hecho;284360;;PRECIO/TN MONTO;284360,00;284360,00;ARS;sí;no;PRECIO/TN MONEDA;$;TN;284360;26,35;TN;CANT. (TN);SANTA FE;SANTA FE;;Zona 14/En destino;Zona 14/En destino;;Contrato;A plazo;;;SIO_exportar_operaciones_2026-09-07.csv;2026-09-08;moneda informada explícitamente en campo original: ARS;sí;no;;;exportacion_manual;1;no_aplica;no;no_aplica;sí
2026-09-04;2026;9;Maíz;SIO Granos / Secretaría de Agricultura;;Compraventa;Precio Hecho;284360;;PRECIO/TN MONTO;284360,00;284360,00;ARS;sí;no;PRECIO/TN MONEDA;$;TN;284360;14,69;TN;CANT. (TN);SANTIAGO DEL ESTERO;SANTIAGO DEL ESTERO;;Zona 14/En destino;Zona 14/En destino;;Contrato;A plazo;;;SIO_exportar_operaciones_2026-09-07.csv;2026-09-08;moneda informada explícitamente en campo original: ARS;sí;no;;;exportacion_manual;1;no_aplica;no;no_aplica;sí
2026-09-04;2026;9;Maíz;SIO Granos / Secretaría de Agricultura;;Compraventa;Precio Hecho;284360;;PRECIO/TN MONTO;284360,00;284360,00;ARS;sí;no;PRECIO/TN MONEDA;$;TN;284360;19,39;TN;CANT. (TN);SANTIAGO DEL ESTERO;SANTIAGO DEL ESTERO;;Zona 14/En destino;Zona 14/En destino;;Contrato;A plazo;;;SIO_exportar_operaciones_2026-09-07.csv;2026-09-08;moneda informada explícitamente en campo original: ARS;sí;no;;;exportacion_manual;1;no_aplica;no;no_aplica;sí
2026-09-04;2026;9;Maíz;SIO Granos / Secretaría de Agricultura;;Compraventa;Precio Hecho;284360;;PRECIO/TN MONTO;284360,00;284360,00;ARS;sí;no;PRECIO/TN MONEDA;$;TN;284360;6,11;TN;CANT. (TN);SANTA FE;SANTA FE;;Zona 14/En destino;Zona 14/En destino;;Contrato;A plazo;;;SIO_exportar_operaciones_2026-09-07.csv;2026-09-08;moneda informada explícitamente en campo original: ARS;sí;no;;;exportacion_manual;1;no_aplica;no;no_aplica;sí
2026-09-04;2026;9;Maíz;SIO Granos / Secretaría de Agricultura;;Compraventa;Precio Hecho;284360;;PRECIO/TN MONTO;284360,00;284360,00;ARS;sí;no;PRECIO/TN MONEDA;$;TN;284360;34,03;TN;CANT. (TN);SANTA FE;SANTA FE;;Zona 14/En destino;Zona 14/En destino;;Contrato;A plazo;;;SIO_exportar_operaciones_2026-09-07.csv;2026-09-08;moneda informada explícitamente en campo original: ARS;sí;no;;;exportacion_manual;1;no_aplica;no;no_aplica;sí
2026-09-04;2026;9;Maíz;SIO Granos / Secretaría de Agricultura;;Compraventa;Precio Hecho;284360;;PRECIO/TN MONTO;284360,00;284360,00;ARS;sí;no;PRECIO/TN MONEDA;$;TN;284360;16,34;TN;CANT. (TN);SANTA FE;SANTA FE;;Zona 14/En destino;Zona 14/En destino;;Contrato;A plazo;;;SIO_exportar_operaciones_2026-09-07.csv;2026-09-08;moneda informada explícitamente en campo original: ARS;sí;no;;;exportacion_manual;1;no_aplica;no;no_aplica;sí
2026-09-04;2026;9;Soja;SIO Granos / Secretaría de Agricultura;;Compraventa;Precio Hecho;560000;;PRECIO/TN MONTO;560000,00;560000,00;ARS;sí;no;PRECIO/TN MONEDA;$;TN;560000;15,31;TN;CANT. (TN);CÓRDOBA;CÓRDOBA;;Rosario N/En destino;Rosario N/En destino;;Contrato;A plazo;;;SIO_exportar_operaciones_2026-09-07.csv;2026-09-08;moneda informada explícitamente en campo original: ARS;sí;no;;;exportacion_manual;1;no_aplica;no;no_aplica;sí
2026-09-04;2026;9;Soja;SIO Granos / Secretaría de Agricultura;;Compraventa;Precio Hecho;560000;;PRECIO/TN MONTO;560000,00;560000,00;ARS;sí;no;PRECIO/TN MONEDA;$;TN;560000;192,55;TN;CANT. (TN);CÓRDOBA;CÓRDOBA;;Rosario N/En destino;Rosario N/En destino;;Contrato;A plazo;;;SIO_exportar_operaciones_2026-09-07.csv;2026-09-08;moneda informada explícitamente en campo original: ARS;sí;no;;;exportacion_manual;1;no_aplica;no;no_aplica;sí
2026-09-04;2026;9;Soja;SIO Granos / Secretaría de Agricultura;;Compraventa;Precio Hecho;560000;;PRECIO/TN MONTO;560000,00;560000,00;ARS;sí;no;PRECIO/TN MONEDA;$;TN;560000;60,00;TN;CANT. (TN);CÓRDOBA;CÓRDOBA;;Rosario N/En destino;Rosario N/En destino;;Contrato;A plazo;;;SIO_exportar_operaciones_2026-09-07.csv;2026-09-08;moneda informada explícitamente en campo original: ARS;sí;no;;;exportacion_manual;1;no_aplica;no;no_aplica;sí
2026-09-04;2026;9;Soja;SIO Granos / Secretaría de Agricultura;;Compraventa;Precio Hecho;559620;;PRECIO/TN MONTO;559620,00;559620,00;ARS;sí;no;PRECIO/TN MONEDA;$;TN;559620;20,00;TN;CANT. (TN);CÓRDOBA;CÓRDOBA;;Zona 8/En destino;Zona 8/En destino;;Contrato;A plazo;;;SIO_exportar_operaciones_2026-09-07.csv;2026-09-08;moneda informada explícitamente en campo original: ARS;sí;no;;;exportacion_manual;1;no_aplica;no;no_aplica;sí
2026-09-04;2026;9;Soja;SIO Granos / Secretaría de Agricultura;;Compraventa;Precio Hecho;560000;;PRECIO/TN MONTO;560000,00;560000,00;ARS;sí;no;PRECIO/TN MONEDA;$;TN;560000;34,85;TN;CANT. (TN);CÓRDOBA;CÓRDOBA;;Rosario N/En destino;Rosario N/En destino;;Contrato;A plazo;;;SIO_exportar_operaciones_2026-09-07.csv;2026-09-08;moneda informada explícitamente en campo original: ARS;sí;no;;;exportacion_manual;1;no_aplica;no;no_aplica;sí
2026-09-04;2026;9;Soja;SIO Granos / Secretaría de Agricultura;;Compraventa;Precio Hecho;560000;;PRECIO/TN MONTO;560000,00;560000,00;ARS;sí;no;PRECIO/TN MONEDA;$;TN;560000;35,00;TN;CANT. (TN);SANTA FE;SANTA FE;;Rosario N/En destino;Rosario N/En destino;;Contrato;A plazo;;;SIO_exportar_operaciones_2026-09-07.csv;2026-09-08;moneda informada explícitamente en campo original: ARS;sí;no;;;exportacion_manual;1;no_aplica;no;no_aplica;sí
2026-09-04;2026;9;Soja;SIO Granos / Secretaría de Agricultura;;Compraventa;Precio Hecho;560000;;PRECIO/TN MONTO;560000,00;560000,00;ARS;sí;no;PRECIO/TN MONEDA;$;TN;560000;95,93;TN;CANT. (TN);CÓRDOBA;CÓRDOBA;;Rosario N/En destino;Rosario N/En destino;;Contrato;A plazo;;;SIO_exportar_operaciones_2026-09-07.csv;2026-09-08;moneda informada explícitamente en campo original: ARS;sí;no;;;exportacion_manual;1;no_aplica;no;no_aplica;sí
2026-09-04;2026;9;Soja;SIO Granos / Secretaría de Agricultura;;Compraventa;Precio Hecho;560000;;PRECIO/TN MONTO;560000,00;560000,00;ARS;sí;no;PRECIO/TN MONEDA;$;TN;560000;38,99;TN;CANT. (TN);CÓRDOBA;CÓRDOBA;;Rosario N/En destino;Rosario N/En destino;;Contrato;A plazo;;;SIO_exportar_operaciones_2026-09-07.csv;2026-09-08;moneda informada explícitamente en campo original: ARS;sí;no;;;exportacion_manual;1;no_aplica;no;no_aplica;sí
2026-09-04;2026;9;Soja;SIO Granos / Secretaría de Agricultura;;Canje;Precio Hecho;559620;;PRECIO/TN MONTO;559620,00;559620,00;ARS;sí;no;PRECIO/TN MONEDA;$;TN;559620;46,54;TN;CANT. (TN);CÓRDOBA;CÓRDOBA;;Zona 8/En destino;Zona 8/En destino;;Contrato;Contra entrega;;;SIO_exportar_operaciones_2026-09-07.csv;2026-09-08;moneda informada explícitamente en campo original: ARS;sí;no;;;exportacion_manual;1;no_aplica;no;no_aplica;sí
2026-09-04;2026;9;Soja;SIO Granos / Secretaría de Agricultura;;Compraventa;Precio Hecho;564620;;PRECIO/TN MONTO;564620,00;564620,00;ARS;sí;no;PRECIO/TN MONEDA;$;TN;564620;59,06;TN;CANT. (TN);CÓRDOBA;CÓRDOBA;;Zona 8/En destino;Zona 8/En destino;;Contrato;A plazo;;;SIO_exportar_operaciones_2026-09-07.csv;2026-09-08;moneda informada explícitamente en campo original: ARS;sí;no;;;exportacion_manual;1;no_aplica;no;no_aplica;sí
2026-09-04;2026;9;Maíz;SIO Granos / Secretaría de Agricultura;;Compraventa;Precio Hecho;285560;;PRECIO/TN MONTO;285560,00;285560,00;ARS;sí;no;PRECIO/TN MONEDA;$;TN;285560;1,40;TN;CANT. (TN);CÓRDOBA;CÓRDOBA;;Rosario N/En destino;Rosario N/En destino;;Contrato;A plazo;;;SIO_exportar_operaciones_2026-09-07.csv;2026-09-08;moneda informada explícitamente en campo original: ARS;sí;no;;;exportacion_manual;1;no_aplica;no;no_aplica;sí
2026-09-04;2026;9;Maíz;SIO Granos / Secretaría de Agricultura;;Compraventa;Precio Hecho;285560;;PRECIO/TN MONTO;285560,00;285560,00;ARS;sí;no;PRECIO/TN MONEDA;$;TN;285560;1,19;TN;CANT. (TN);CÓRDOBA;CÓRDOBA;;Rosario N/En destino;Rosario N/En destino;;Contrato;A plazo;;;SIO_exportar_operaciones_2026-09-07.csv;2026-09-08;moneda informada explícitamente en campo original: ARS;sí;no;;;exportacion_manual;1;no_aplica;no;no_aplica;sí
2026-09-04;2026;9;Maíz;SIO Granos / Secretaría de Agricultura;;Compraventa;Precio Hecho;285560;;PRECIO/TN MONTO;285560,00;285560,00;ARS;sí;no;PRECIO/TN MONEDA;$;TN;285560;51,00;TN;CANT. (TN);CÓRDOBA;CÓRDOBA;;Rosario N/En destino;Rosario N/En destino;;Contrato;A plazo;;;SIO_exportar_operaciones_2026-09-07.csv;2026-09-08;moneda informada explícitamente en campo original: ARS;sí;no;;;exportacion_manual;1;no_aplica;no;no_aplica;sí
2026-09-04;2026;9;TRIGO PAN;SIO Granos / Secretaría de Agricultura;;Compraventa;Precio Hecho;348950;;PRECIO/TN MONTO;348950,00;348950,00;ARS;sí;no;PRECIO/TN MONEDA;$;TN;348950;20,00;TN;CANT. (TN);CÓRDOBA;CÓRDOBA;;Zona 8/En destino;Zona 8/En destino;;Contrato;A plazo;;;SIO_exportar_operaciones_2026-09-07.csv;2026-09-08;"commodity no catalogado; se conserva para revisión; moneda informada explícitamente en campo original: ARS";sí;no;;;exportacion_manual;1;no_aplica;no;no_aplica;sí
2026-09-04;2026;9;Maíz;SIO Granos / Secretaría de Agricultura;;Compraventa;Precio Hecho;285560;;PRECIO/TN MONTO;285560,00;285560,00;ARS;sí;no;PRECIO/TN MONEDA;$;TN;285560;4,87;TN;CANT. (TN);CÓRDOBA;CÓRDOBA;;Rosario N/En destino;Rosario N/En destino;;Contrato;A plazo;;;SIO_exportar_operaciones_2026-09-07.csv;2026-09-08;moneda informada explícitamente en campo original: ARS;sí;no;;;exportacion_manual;1;no_aplica;no;no_aplica;sí
2026-09-04;2026;9;TRIGO PAN;SIO Granos / Secretaría de Agricultura;;Compraventa;Precio Hecho;350000;;PRECIO/TN MONTO;350000,00;350000,00;ARS;sí;no;PRECIO/TN MONEDA;$;TN;350000;1,29;TN;CANT. (TN);CÓRDOBA;CÓRDOBA;;Rosario N/En destino;Rosario N/En destino;;Contrato;A plazo;;;SIO_exportar_operaciones_2026-09-07.csv;2026-09-08;"commodity no catalogado; se conserva para revisión; moneda informada explícitamente en campo original: ARS";sí;no;;;exportacion_manual;1;no_aplica;no;no_aplica;sí
2026-09-04;2026;9;Maíz;SIO Granos / Secretaría de Agricultura;;Compraventa;Precio Hecho;284510;;PRECIO/TN MONTO;284510,00;284510,00;ARS;sí;no;PRECIO/TN MONEDA;$;TN;284510;10,00;TN;CANT. (TN);CÓRDOBA;CÓRDOBA;;Zona 8/En destino;Zona 8/En destino;;Contrato;A plazo;;;SIO_exportar_operaciones_2026-09-07.csv;2026-09-08;moneda informada explícitamente en campo original: ARS;sí;no;;;exportacion_manual;1;no_aplica;no;no_aplica;sí
2026-09-04;2026;9;Soja;SIO Granos / Secretaría de Agricultura;;Compraventa;Precio Hecho;558400;;PRECIO/TN MONTO;558400,00;558400,00;ARS;sí;no;PRECIO/TN MONEDA;$;TN;558400;8,63;TN;CANT. (TN);BUENOS AIRES;BUENOS AIRES;;Zona 9/En destino;Zona 9/En destino;;Contrato;A plazo;;;SIO_exportar_operaciones_2026-09-07.csv;2026-09-08;moneda informada explícitamente en campo original: ARS;sí;no;;;exportacion_manual;1;no_aplica;no;no_aplica;sí
2026-09-04;2026;9;Soja;SIO Granos / Secretaría de Agricultura;;Compraventa;Precio Hecho;559620;;PRECIO/TN MONTO;559620,00;559620,00;ARS;sí;no;PRECIO/TN MONEDA;$;TN;559620;60,76;TN;CANT. (TN);BUENOS AIRES;BUENOS AIRES;;Zona 8/En destino;Zona 8/En destino;;Contrato;A plazo;;;SIO_exportar_operaciones_2026-09-07.csv;2026-09-08;moneda informada explícitamente en campo original: ARS;sí;no;;;exportacion_manual;1;no_aplica;no;no_aplica;sí
2026-09-04;2026;9;Soja;SIO Granos / Secretaría de Agricultura;;Compraventa;Precio Hecho;558400;;PRECIO/TN MONTO;558400,00;558400,00;ARS;sí;no;PRECIO/TN MONEDA;$;TN;558400;120,00;TN;CANT. (TN);CÓRDOBA;CÓRDOBA;;Zona 10/En destino;Zona 10/En destino;;Contrato;A plazo;;;SIO_exportar_operaciones_2026-09-07.csv;2026-09-08;moneda informada explícitamente en campo original: ARS;sí;no;;;exportacion_manual;1;no_aplica;no;no_aplica;sí
2026-09-04;2026;9;Soja;SIO Granos / Secretaría de Agricultura;;Compraventa;Precio Hecho;558400;;PRECIO/TN MONTO;558400,00;558400,00;ARS;sí;no;PRECIO/TN MONEDA;$;TN;558400;500,00;TN;CANT. (TN);CÓRDOBA;CÓRDOBA;;Zona 10/En destino;Zona 10/En destino;;Contrato;A plazo;;;SIO_exportar_operaciones_2026-09-07.csv;2026-09-08;moneda informada explícitamente en campo original: ARS;sí;no;;;exportacion_manual;1;no_aplica;no;no_aplica;sí
2026-09-04;2026;9;Soja;SIO Granos / Secretaría de Agricultura;;Compraventa;Precio Hecho;558400;;PRECIO/TN MONTO;558400,00;558400,00;ARS;sí;no;PRECIO/TN MONEDA;$;TN;558400;60,00;TN;CANT. (TN);CÓRDOBA;CÓRDOBA;;Zona 10/En destino;Zona 10/En destino;;Contrato;A plazo;;;SIO_exportar_operaciones_2026-09-07.csv;2026-09-08;moneda informada explícitamente en campo original: ARS;sí;no;;;exportacion_manual;1;no_aplica;no;no_aplica;sí
2026-09-04;2026;9;Soja;SIO Granos / Secretaría de Agricultura;;Canje;Precio Hecho;558400;;PRECIO/TN MONTO;558400,00;558400,00;ARS;sí;no;PRECIO/TN MONEDA;$;TN;558400;27,02;TN;CANT. (TN);CÓRDOBA;CÓRDOBA;;Zona 10/En destino;Zona 10/En destino;;Contrato;Contra entrega;;;SIO_exportar_operaciones_2026-09-07.csv;2026-09-08;moneda informada explícitamente en campo original: ARS;sí;no;;;exportacion_manual;1;no_aplica;no;no_aplica;sí
2026-09-04;2026;9;Soja;SIO Granos / Secretaría de Agricultura;;Compraventa;Precio Hecho;558400;;PRECIO/TN MONTO;558400,00;558400,00;ARS;sí;no;PRECIO/TN MONEDA;$;TN;558400;1,03;TN;CANT. (TN);BUENOS AIRES;BUENOS AIRES;;Zona 9/En destino;Zona 9/En destino;;Contrato;A plazo;;;SIO_exportar_operaciones_2026-09-07.csv;2026-09-08;moneda informada explícitamente en campo original: ARS;sí;no;;;exportacion_manual;1;no_aplica;no;no_aplica;sí
2026-09-04;2026;9;Soja;SIO Granos / Secretaría de Agricultura;;Compraventa;Precio Hecho;560000;;PRECIO/TN MONTO;560000,00;560000,00;ARS;sí;no;PRECIO/TN MONEDA;$;TN;560000;0,70;TN;CANT. (TN);BUENOS AIRES;BUENOS AIRES;;Rosario N/En destino;Rosario N/En destino;;Contrato;A plazo;;;SIO_exportar_operaciones_2026-09-07.csv;2026-09-08;moneda informada explícitamente en campo original: ARS;sí;no;;;exportacion_manual;1;no_aplica;no;no_aplica;sí
2026-09-04;2026;9;Maíz;SIO Granos / Secretaría de Agricultura;;Compraventa;Precio Hecho;283960;;PRECIO/TN MONTO;283960,00;283960,00;ARS;sí;no;PRECIO/TN MONEDA;$;TN;283960;274,70;TN;CANT. (TN);CÓRDOBA;CÓRDOBA;;Zona 10/En destino;Zona 10/En destino;;Contrato;A plazo;;;SIO_exportar_operaciones_2026-09-07.csv;2026-09-08;moneda informada explícitamente en campo original: ARS;sí;no;;;exportacion_manual;1;no_aplica;no;no_aplica;sí
2026-09-04;2026;9;Maíz;SIO Granos / Secretaría de Agricultura;;Compraventa;Precio Hecho;283960;;PRECIO/TN MONTO;283960,00;283960,00;ARS;sí;no;PRECIO/TN MONEDA;$;TN;283960;13,67;TN;CANT. (TN);CÓRDOBA;CÓRDOBA;;Zona 10/En destino;Zona 10/En destino;;Contrato;A plazo;;;SIO_exportar_operaciones_2026-09-07.csv;2026-09-08;moneda informada explícitamente en campo original: ARS;sí;no;;;exportacion_manual;1;no_aplica;no;no_aplica;sí
2026-09-04;2026;9;Maíz;SIO Granos / Secretaría de Agricultura;;Compraventa;Precio Hecho;283960;;PRECIO/TN MONTO;283960,00;283960,00;ARS;sí;no;PRECIO/TN MONEDA;$;TN;283960;50,00;TN;CANT. (TN);CÓRDOBA;CÓRDOBA;;Zona 10/En destino;Zona 10/En destino;;Contrato;A plazo;;;SIO_exportar_operaciones_2026-09-07.csv;2026-09-08;moneda informada explícitamente en campo original: ARS;sí;no;;;exportacion_manual;1;no_aplica;no;no_aplica;sí
2026-09-04;2026;9;Maíz;SIO Granos / Secretaría de Agricultura;;Compraventa;Precio Hecho;283960;;PRECIO/TN MONTO;283960,00;283960,00;ARS;sí;no;PRECIO/TN MONEDA;$;TN;283960;26,80;TN;CANT. (TN);CÓRDOBA;CÓRDOBA;;Zona 10/En destino;Zona 10/En destino;;Contrato;A plazo;;;SIO_exportar_operaciones_2026-09-07.csv;2026-09-08;moneda informada explícitamente en campo original: ARS;sí;no;;;exportacion_manual;1;no_aplica;no;no_aplica;sí
2026-09-04;2026;9;Maíz;SIO Granos / Secretaría de Agricultura;;Compraventa;Precio Hecho;283960;;PRECIO/TN MONTO;283960,00;283960,00;ARS;sí;no;PRECIO/TN MONEDA;$;TN;283960;30,00;TN;CANT. (TN);BUENOS AIRES;BUENOS AIRES;;Zona 10/En destino;Zona 10/En destino;;Contrato;A plazo;;;SIO_exportar_operaciones_2026-09-07.csv;2026-09-08;moneda informada explícitamente en campo original: ARS;sí;no;;;exportacion_manual;1;no_aplica;no;no_aplica;sí
2026-09-04;2026;9;Maíz;SIO Granos / Secretaría de Agricultura;;Compraventa;Precio Hecho;283960;;PRECIO/TN MONTO;283960,00;283960,00;ARS;sí;no;PRECIO/TN MONEDA;$;TN;283960;162,02;TN;CANT. (TN);CÓRDOBA;CÓRDOBA;;Zona 10/En destino;Zona 10/En destino;;Contrato;A plazo;;;SIO_exportar_operaciones_2026-09-07.csv;2026-09-08;moneda informada explícitamente en campo original: ARS;sí;no;;;exportacion_manual;1;no_aplica;no;no_aplica;sí
2026-09-04;2026;9;Maíz;SIO Granos / Secretaría de Agricultura;;Compraventa;Precio Hecho;283960;;PRECIO/TN MONTO;283960,00;283960,00;ARS;sí;no;PRECIO/TN MONEDA;$;TN;283960;34,34;TN;CANT. (TN);CÓRDOBA;CÓRDOBA;;Zona 10/En destino;Zona 10/En destino;;Contrato;A plazo;;;SIO_exportar_operaciones_2026-09-07.csv;2026-09-08;moneda informada explícitamente en campo original: ARS;sí;no;;;exportacion_manual;1;no_aplica;no;no_aplica;sí
2026-09-04;2026;9;Maíz;SIO Granos / Secretaría de Agricultura;;Compraventa;Precio Hecho;283960;;PRECIO/TN MONTO;283960,00;283960,00;ARS;sí;no;PRECIO/TN MONEDA;$;TN;283960;35,80;TN;CANT. (TN);BUENOS AIRES;BUENOS AIRES;;Zona 10/En destino;Zona 10/En destino;;Contrato;A plazo;;;SIO_exportar_operaciones_2026-09-07.csv;2026-09-08;moneda informada explícitamente en campo original: ARS;sí;no;;;exportacion_manual;1;no_aplica;no;no_aplica;sí
2026-09-04;2026;9;Soja;SIO Granos / Secretaría de Agricultura;;Compraventa;Precio Hecho;558150;;PRECIO/TN MONTO;558150,00;558150,00;ARS;sí;no;PRECIO/TN MONEDA;$;TN;558150;200,00;TN;CANT. (TN);CHACO;CHACO;;Zona 15/En destino;Zona 15/En destino;;Contrato;A plazo;;;SIO_exportar_operaciones_2026-09-07.csv;2026-09-08;moneda informada explícitamente en campo original: ARS;sí;no;;;exportacion_manual;1;no_aplica;no;no_aplica;sí
2026-09-04;2026;9;Soja;SIO Granos / Secretaría de Agricultura;;Compraventa;Precio Hecho;558150;;PRECIO/TN MONTO;558150,00;558150,00;ARS;sí;no;PRECIO/TN MONEDA;$;TN;558150;35,06;TN;CANT. (TN);CHACO;CHACO;;Zona 15/En destino;Zona 15/En destino;;Contrato;A plazo;;;SIO_exportar_operaciones_2026-09-07.csv;2026-09-08;moneda informada explícitamente en campo original: ARS;sí;no;;;exportacion_manual;1;no_aplica;no;no_aplica;sí
2026-09-04;2026;9;Soja;SIO Granos / Secretaría de Agricultura;;Compraventa;Precio Hecho;558150;;PRECIO/TN MONTO;558150,00;558150,00;ARS;sí;no;PRECIO/TN MONEDA;$;TN;558150;32,68;TN;CANT. (TN);CHACO;CHACO;;Zona 15/En destino;Zona 15/En destino;;Contrato;A plazo;;;SIO_exportar_operaciones_2026-09-07.csv;2026-09-08;moneda informada explícitamente en campo original: ARS;sí;no;;;exportacion_manual;1;no_aplica;no;no_aplica;sí
2026-09-04;2026;9;Maíz;SIO Granos / Secretaría de Agricultura;;Compraventa;Precio Hecho;283710;;PRECIO/TN MONTO;283710,00;283710,00;ARS;sí;no;PRECIO/TN MONEDA;$;TN;283710;10,50;TN;CANT. (TN);CHACO;CHACO;;Zona 15/En destino;Zona 15/En destino;;Contrato;A plazo;;;SIO_exportar_operaciones_2026-09-07.csv;2026-09-08;moneda informada explícitamente en campo original: ARS;sí;no;;;exportacion_manual;1;no_aplica;no;no_aplica;sí
2026-09-04;2026;9;Maíz;SIO Granos / Secretaría de Agricultura;;Compraventa;Precio Hecho;283710;;PRECIO/TN MONTO;283710,00;283710,00;ARS;sí;no;PRECIO/TN MONEDA;$;TN;283710;0,02;TN;CANT. (TN);CHACO;CHACO;;Zona 15/En destino;Zona 15/En destino;;Contrato;A plazo;;;SIO_exportar_operaciones_2026-09-07.csv;2026-09-08;moneda informada explícitamente en campo original: ARS;sí;no;;;exportacion_manual;1;no_aplica;no;no_aplica;sí
2026-09-04;2026;9;Soja;SIO Granos / Secretaría de Agricultura;;Canje;Precio Hecho;558250;;PRECIO/TN MONTO;558250,00;558250,00;ARS;sí;no;PRECIO/TN MONEDA;$;TN;558250;22,52;TN;CANT. (TN);CHACO;CHACO;;Zona 15/En destino;Zona 15/En destino;;Contrato;Contra entrega;;;SIO_exportar_operaciones_2026-09-07.csv;2026-09-08;moneda informada explícitamente en campo original: ARS;sí;no;;;exportacion_manual;1;no_aplica;no;no_aplica;sí
2026-09-04;2026;9;Girasol;SIO Granos / Secretaría de Agricultura;;Compraventa;Precio Hecho;449.7;;PRECIO/TN MONTO;449,70;449,70;USD;sí;no;PRECIO/TN MONEDA;U$S;TN;449.7;350,00;TN;CANT. (TN);CHACO;CHACO;;Zona 25/En destino;Zona 25/En destino;;Contrato;Contra entrega;;;SIO_exportar_operaciones_2026-09-07.csv;2026-09-08;moneda informada explícitamente en campo original: USD;sí;no;;;exportacion_manual;1;no_aplica;no;no_aplica;sí
2026-09-04;2026;9;Soja;SIO Granos / Secretaría de Agricultura;;Compraventa;Precio Hecho;558150;;PRECIO/TN MONTO;558150,00;558150,00;ARS;sí;no;PRECIO/TN MONEDA;$;TN;558150;98,64;TN;CANT. (TN);FORMOSA;FORMOSA;;Zona 15/En destino;Zona 15/En destino;;Contrato;A plazo;;;SIO_exportar_operaciones_2026-09-07.csv;2026-09-08;moneda informada explícitamente en campo original: ARS;sí;no;;;exportacion_manual;1;no_aplica;no;no_aplica;sí
2026-09-04;2026;9;Girasol;SIO Granos / Secretaría de Agricultura;;Compraventa;Precio Hecho;449.7;;PRECIO/TN MONTO;449,70;449,70;USD;sí;no;PRECIO/TN MONEDA;U$S;TN;449.7;1000,00;TN;CANT. (TN);CHACO;CHACO;;Zona 25/En destino;Zona 25/En destino;;Contrato;Contra entrega;;;SIO_exportar_operaciones_2026-09-07.csv;2026-09-08;moneda informada explícitamente en campo original: USD;sí;no;;;exportacion_manual;1;no_aplica;no;no_aplica;sí
2026-09-04;2026;9;Soja;SIO Granos / Secretaría de Agricultura;;Compraventa;Precio Hecho;558250;;PRECIO/TN MONTO;558250,00;558250,00;ARS;sí;no;PRECIO/TN MONEDA;$;TN;558250;1,00;TN;CANT. (TN);SANTIAGO DEL ESTERO;SANTIAGO DEL ESTERO;;Zona 15/En destino;Zona 15/En destino;;Contrato;A plazo;;;SIO_exportar_operaciones_2026-09-07.csv;2026-09-08;moneda informada explícitamente en campo original: ARS;sí;no;;;exportacion_manual;1;no_aplica;no;no_aplica;sí
2026-09-04;2026;9;Girasol;SIO Granos / Secretaría de Agricultura;;Compraventa;Precio Hecho;756620;;PRECIO/TN MONTO;756620,00;756620,00;ARS;sí;no;PRECIO/TN MONEDA;$;TN;756620;4,12;TN;CANT. (TN);CHACO;CHACO;;Zona 25/En destino;Zona 25/En destino;;Contrato;A plazo;;;SIO_exportar_operaciones_2026-09-07.csv;2026-09-08;moneda informada explícitamente en campo original: ARS;sí;no;;;exportacion_manual;1;no_aplica;no;no_aplica;sí
2026-09-04;2026;9;Maíz;SIO Granos / Secretaría de Agricultura;;Compraventa;Precio Hecho;283810;;PRECIO/TN MONTO;283810,00;283810,00;ARS;sí;no;PRECIO/TN MONEDA;$;TN;283810;202,50;TN;CANT. (TN);CHACO;CHACO;;Zona 15/En destino;Zona 15/En destino;;Contrato;A plazo;;;SIO_exportar_operaciones_2026-09-07.csv;2026-09-08;moneda informada explícitamente en campo original: ARS;sí;no;;;exportacion_manual;1;no_aplica;no;no_aplica;sí
2026-09-04;2026;9;Maíz;SIO Granos / Secretaría de Agricultura;;Compraventa;Precio Hecho;284360;;PRECIO/TN MONTO;284360,00;284360,00;ARS;sí;no;PRECIO/TN MONEDA;$;TN;284360;14,60;TN;CANT. (TN);SANTIAGO DEL ESTERO;SANTIAGO DEL ESTERO;;Zona 14/En destino;Zona 14/En destino;;Contrato;A plazo;;;SIO_exportar_operaciones_2026-09-07.csv;2026-09-08;moneda informada explícitamente en campo original: ARS;sí;no;;;exportacion_manual;1;no_aplica;no;no_aplica;sí
2026-09-04;2026;9;Maíz;SIO Granos / Secretaría de Agricultura;;Compraventa;Precio Hecho;284360;;PRECIO/TN MONTO;284360,00;284360,00;ARS;sí;no;PRECIO/TN MONEDA;$;TN;284360;108,44;TN;CANT. (TN);SANTIAGO DEL ESTERO;SANTIAGO DEL ESTERO;;Zona 14/En destino;Zona 14/En destino;;Contrato;A plazo;;;SIO_exportar_operaciones_2026-09-07.csv;2026-09-08;moneda informada explícitamente en campo original: ARS;sí;no;;;exportacion_manual;1;no_aplica;no;no_aplica;sí
2026-09-04;2026;9;Maíz;SIO Granos / Secretaría de Agricultura;;Compraventa;Precio Hecho;284360;;PRECIO/TN MONTO;284360,00;284360,00;ARS;sí;no;PRECIO/TN MONEDA;$;TN;284360;35,00;TN;CANT. (TN);SANTIAGO DEL ESTERO;SANTIAGO DEL ESTERO;;Zona 14/En destino;Zona 14/En destino;;Contrato;A plazo;;;SIO_exportar_operaciones_2026-09-07.csv;2026-09-08;moneda informada explícitamente en campo original: ARS;sí;no;;;exportacion_manual;1;no_aplica;no;no_aplica;sí
2026-09-04;2026;9;Soja;SIO Granos / Secretaría de Agricultura;;Compraventa;Precio Hecho;558400;;PRECIO/TN MONTO;558400,00;558400,00;ARS;sí;no;PRECIO/TN MONEDA;$;TN;558400;100,00;TN;CANT. (TN);CÓRDOBA;CÓRDOBA;;Zona 9/En destino;Zona 9/En destino;;Contrato;A plazo;;;SIO_exportar_operaciones_2026-09-07.csv;2026-09-08;moneda informada explícitamente en campo original: ARS;sí;no;;;exportacion_manual;1;no_aplica;no;no_aplica;sí
2026-09-04;2026;9;Soja;SIO Granos / Secretaría de Agricultura;;Compraventa;Precio Hecho;558400;;PRECIO/TN MONTO;558400,00;558400,00;ARS;sí;no;PRECIO/TN MONEDA;$;TN;558400;20,00;TN;CANT. (TN);CÓRDOBA;CÓRDOBA;;Zona 9/En destino;Zona 9/En destino;;Contrato;A plazo;;;SIO_exportar_operaciones_2026-09-07.csv;2026-09-08;moneda informada explícitamente en campo original: ARS;sí;no;;;exportacion_manual;1;no_aplica;no;no_aplica;sí
2026-09-04;2026;9;Maíz;SIO Granos / Secretaría de Agricultura;;Compraventa;Precio Hecho;206;;PRECIO/TN MONTO;206,00;206,00;USD;sí;no;PRECIO/TN MONEDA;U$S;TN;206;300,00;TN;CANT. (TN);CÓRDOBA;CÓRDOBA;;Rosario S/En destino;Rosario S/En destino;;Contrato;Contra entrega;;;SIO_exportar_operaciones_2026-09-07.csv;2026-09-08;moneda informada explícitamente en campo original: USD;sí;no;;;exportacion_manual;1;no_aplica;no;no_aplica;sí
2026-09-04;2026;9;Maíz;SIO Granos / Secretaría de Agricultura;;Compraventa;Precio Hecho;285560;;PRECIO/TN MONTO;285560,00;285560,00;ARS;sí;no;PRECIO/TN MONEDA;$;TN;285560;30,00;TN;CANT. (TN);CÓRDOBA;CÓRDOBA;;Rosario S/En destino;Rosario S/En destino;;Contrato;A plazo;;;SIO_exportar_operaciones_2026-09-07.csv;2026-09-08;moneda informada explícitamente en campo original: ARS;sí;no;;;exportacion_manual;1;no_aplica;no;no_aplica;sí
2026-09-04;2026;9;Soja;SIO Granos / Secretaría de Agricultura;;Compraventa;Precio Hecho;355;;PRECIO/TN MONTO;355,00;355,00;USD;sí;no;PRECIO/TN MONEDA;U$S;TN;355;60,00;TN;CANT. (TN);CÓRDOBA;CÓRDOBA;;Rosario S/En destino;Rosario S/En destino;;Contrato;Contra entrega;;;SIO_exportar_operaciones_2026-09-07.csv;2026-09-08;moneda informada explícitamente en campo original: USD;sí;no;;;exportacion_manual;1;no_aplica;no;no_aplica;sí
2026-09-04;2026;9;Soja;SIO Granos / Secretaría de Agricultura;;Compraventa;Precio Hecho;558400;;PRECIO/TN MONTO;558400,00;558400,00;ARS;sí;no;PRECIO/TN MONEDA;$;TN;558400;12,97;TN;CANT. (TN);CÓRDOBA;CÓRDOBA;;Zona 9/En destino;Zona 9/En destino;;Contrato;A plazo;;;SIO_exportar_operaciones_2026-09-07.csv;2026-09-08;moneda informada explícitamente en campo original: ARS;sí;no;;;exportacion_manual;1;no_aplica;no;no_aplica;sí
2026-09-04;2026;9;Soja;SIO Granos / Secretaría de Agricultura;;Compraventa;Precio Hecho;558400;;PRECIO/TN MONTO;558400,00;558400,00;ARS;sí;no;PRECIO/TN MONEDA;$;TN;558400;4,68;TN;CANT. (TN);CÓRDOBA;CÓRDOBA;;Zona 9/En destino;Zona 9/En destino;;Contrato;A plazo;;;SIO_exportar_operaciones_2026-09-07.csv;2026-09-08;moneda informada explícitamente en campo original: ARS;sí;no;;;exportacion_manual;1;no_aplica;no;no_aplica;sí
2026-09-04;2026;9;Maíz;SIO Granos / Secretaría de Agricultura;;Compraventa;Precio Hecho;283960;;PRECIO/TN MONTO;283960,00;283960,00;ARS;sí;no;PRECIO/TN MONEDA;$;TN;283960;29,35;TN;CANT. (TN);CÓRDOBA;CÓRDOBA;;Zona 9/En destino;Zona 9/En destino;;Contrato;A plazo;;;SIO_exportar_operaciones_2026-09-07.csv;2026-09-08;moneda informada explícitamente en campo original: ARS;sí;no;;;exportacion_manual;1;no_aplica;no;no_aplica;sí
2026-09-04;2026;9;Maíz;SIO Granos / Secretaría de Agricultura;;Compraventa;Precio Hecho;283960;;PRECIO/TN MONTO;283960,00;283960,00;ARS;sí;no;PRECIO/TN MONEDA;$;TN;283960;16,98;TN;CANT. (TN);CÓRDOBA;CÓRDOBA;;Zona 9/En destino;Zona 9/En destino;;Contrato;A plazo;;;SIO_exportar_operaciones_2026-09-07.csv;2026-09-08;moneda informada explícitamente en campo original: ARS;sí;no;;;exportacion_manual;1;no_aplica;no;no_aplica;sí
2026-09-04;2026;9;Maíz;SIO Granos / Secretaría de Agricultura;;Compraventa;Precio Hecho;285560;;PRECIO/TN MONTO;285560,00;285560,00;ARS;sí;no;PRECIO/TN MONEDA;$;TN;285560;1,00;TN;CANT. (TN);CÓRDOBA;CÓRDOBA;;Rosario N/En destino;Rosario N/En destino;;Contrato;A plazo;;;SIO_exportar_operaciones_2026-09-07.csv;2026-09-08;moneda informada explícitamente en campo original: ARS;sí;no;;;exportacion_manual;1;no_aplica;no;no_aplica;sí
2026-09-04;2026;9;Maíz;SIO Granos / Secretaría de Agricultura;;Compraventa;Precio Hecho;285560;;PRECIO/TN MONTO;285560,00;285560,00;ARS;sí;no;PRECIO/TN MONEDA;$;TN;285560;0,30;TN;CANT. (TN);CÓRDOBA;CÓRDOBA;;Rosario N/En destino;Rosario N/En destino;;Contrato;A plazo;;;SIO_exportar_operaciones_2026-09-07.csv;2026-09-08;moneda informada explícitamente en campo original: ARS;sí;no;;;exportacion_manual;1;no_aplica;no;no_aplica;sí
2026-09-04;2026;9;Maíz;SIO Granos / Secretaría de Agricultura;;Compraventa;Precio Hecho;283960;;PRECIO/TN MONTO;283960,00;283960,00;ARS;sí;no;PRECIO/TN MONEDA;$;TN;283960;21,51;TN;CANT. (TN);CÓRDOBA;CÓRDOBA;;Zona 9/En destino;Zona 9/En destino;;Contrato;A plazo;;;SIO_exportar_operaciones_2026-09-07.csv;2026-09-08;moneda informada explícitamente en campo original: ARS;sí;no;;;exportacion_manual;1;no_aplica;no;no_aplica;sí
2026-09-04;2026;9;Maíz;SIO Granos / Secretaría de Agricultura;;Canje;Precio Hecho;283960;;PRECIO/TN MONTO;283960,00;283960,00;ARS;sí;no;PRECIO/TN MONEDA;$;TN;283960;32,23;TN;CANT. (TN);CÓRDOBA;CÓRDOBA;;Zona 9/En destino;Zona 9/En destino;;Contrato;Contra entrega;;;SIO_exportar_operaciones_2026-09-07.csv;2026-09-08;moneda informada explícitamente en campo original: ARS;sí;no;;;exportacion_manual;1;no_aplica;no;no_aplica;sí
2026-09-04;2026;9;Soja;SIO Granos / Secretaría de Agricultura;;Compraventa;Precio Hecho;558000;;PRECIO/TN MONTO;558000,00;558000,00;ARS;sí;no;PRECIO/TN MONEDA;$;TN;558000;100,00;TN;CANT. (TN);SALTA;SALTA;;Zona 16/En destino;Zona 16/En destino;;Contrato;A plazo;;;SIO_exportar_operaciones_2026-09-07.csv;2026-09-08;moneda informada explícitamente en campo original: ARS;sí;no;;;exportacion_manual;1;no_aplica;no;no_aplica;sí
2026-09-04;2026;9;Soja;SIO Granos / Secretaría de Agricultura;;Compraventa;Precio Hecho;353.5;;PRECIO/TN MONTO;353,50;353,50;USD;sí;no;PRECIO/TN MONEDA;U$S;TN;353.5;100,00;TN;CANT. (TN);SALTA;SALTA;;Zona 17/En destino;Zona 17/En destino;;Contrato;Contra entrega;;;SIO_exportar_operaciones_2026-09-07.csv;2026-09-08;moneda informada explícitamente en campo original: USD;sí;no;;;exportacion_manual;1;no_aplica;no;no_aplica;sí
2026-09-04;2026;9;Maíz;SIO Granos / Secretaría de Agricultura;;Compraventa;Precio Hecho;283560;;PRECIO/TN MONTO;283560,00;283560,00;ARS;sí;no;PRECIO/TN MONEDA;$;TN;283560;161,66;TN;CANT. (TN);SALTA;SALTA;;Zona 16/En destino;Zona 16/En destino;;Contrato;A plazo;;;SIO_exportar_operaciones_2026-09-07.csv;2026-09-08;moneda informada explícitamente en campo original: ARS;sí;no;;;exportacion_manual;1;no_aplica;no;no_aplica;sí
2026-09-04;2026;9;Maíz;SIO Granos / Secretaría de Agricultura;;Compraventa;Precio Hecho;283910;;PRECIO/TN MONTO;283910,00;283910,00;ARS;sí;no;PRECIO/TN MONEDA;$;TN;283910;63,00;TN;CANT. (TN);SANTIAGO DEL ESTERO;SANTIAGO DEL ESTERO;;Zona 11/En destino;Zona 11/En destino;;Contrato;A plazo;;;SIO_exportar_operaciones_2026-09-07.csv;2026-09-08;moneda informada explícitamente en campo original: ARS;sí;no;;;exportacion_manual;1;no_aplica;no;no_aplica;sí
2026-09-04;2026;9;Soja;SIO Granos / Secretaría de Agricultura;;Compraventa;Precio Hecho;559620;;PRECIO/TN MONTO;559620,00;559620,00;ARS;sí;no;PRECIO/TN MONEDA;$;TN;559620;40,00;TN;CANT. (TN);CÓRDOBA;CÓRDOBA;;Zona 8/En destino;Zona 8/En destino;;Contrato;A plazo;;;SIO_exportar_operaciones_2026-09-07.csv;2026-09-08;moneda informada explícitamente en campo original: ARS;sí;no;;;exportacion_manual;1;no_aplica;no;no_aplica;sí
2026-09-04;2026;9;Soja;SIO Granos / Secretaría de Agricultura;;Compraventa;Precio Hecho;558400;;PRECIO/TN MONTO;558400,00;558400,00;ARS;sí;no;PRECIO/TN MONEDA;$;TN;558400;22,00;TN;CANT. (TN);CÓRDOBA;CÓRDOBA;;Zona 9/En destino;Zona 9/En destino;;Contrato;A plazo;;;SIO_exportar_operaciones_2026-09-07.csv;2026-09-08;moneda informada explícitamente en campo original: ARS;sí;no;;;exportacion_manual;1;no_aplica;no;no_aplica;sí
2026-09-04;2026;9;Soja;SIO Granos / Secretaría de Agricultura;;Compraventa;Precio Hecho;558400;;PRECIO/TN MONTO;558400,00;558400,00;ARS;sí;no;PRECIO/TN MONEDA;$;TN;558400;0,24;TN;CANT. (TN);CÓRDOBA;CÓRDOBA;;Zona 9/En destino;Zona 9/En destino;;Contrato;A plazo;;;SIO_exportar_operaciones_2026-09-07.csv;2026-09-08;moneda informada explícitamente en campo original: ARS;sí;no;;;exportacion_manual;1;no_aplica;no;no_aplica;sí
2026-09-04;2026;9;Soja;SIO Granos / Secretaría de Agricultura;;Compraventa;Precio Hecho;558400;;PRECIO/TN MONTO;558400,00;558400,00;ARS;sí;no;PRECIO/TN MONEDA;$;TN;558400;30,33;TN;CANT. (TN);CÓRDOBA;CÓRDOBA;;Zona 9/En destino;Zona 9/En destino;;Contrato;A plazo;;;SIO_exportar_operaciones_2026-09-07.csv;2026-09-08;moneda informada explícitamente en campo original: ARS;sí;no;;;exportacion_manual;1;no_aplica;no;no_aplica;sí
2026-09-04;2026;9;Soja;SIO Granos / Secretaría de Agricultura;;Compraventa;Precio Hecho;558400;;PRECIO/TN MONTO;558400,00;558400,00;ARS;sí;no;PRECIO/TN MONEDA;$;TN;558400;66,00;TN;CANT. (TN);CÓRDOBA;CÓRDOBA;;Zona 9/En destino;Zona 9/En destino;;Contrato;A plazo;;;SIO_exportar_operaciones_2026-09-07.csv;2026-09-08;moneda informada explícitamente en campo original: ARS;sí;no;;;exportacion_manual;1;no_aplica;no;no_aplica;sí
2026-09-04;2026;9;Soja;SIO Granos / Secretaría de Agricultura;;Compraventa;Precio Hecho;563400;;PRECIO/TN MONTO;563400,00;563400,00;ARS;sí;no;PRECIO/TN MONEDA;$;TN;563400;60,00;TN;CANT. (TN);CÓRDOBA;CÓRDOBA;;Zona 9/En destino;Zona 9/En destino;;Contrato;A plazo;;;SIO_exportar_operaciones_2026-09-07.csv;2026-09-08;moneda informada explícitamente en campo original: ARS;sí;no;;;exportacion_manual;1;no_aplica;no;no_aplica;sí
2026-09-04;2026;9;Maíz;SIO Granos / Secretaría de Agricultura;;Compraventa;Precio Hecho;204;;PRECIO/TN MONTO;204,00;204,00;USD;sí;no;PRECIO/TN MONEDA;U$S;TN;204;2000,00;TN;CANT. (TN);CÓRDOBA;CÓRDOBA;;Zona 9/En destino;Zona 9/En destino;;Contrato;Contra entrega;;;SIO_exportar_operaciones_2026-09-07.csv;2026-09-08;moneda informada explícitamente en campo original: USD;sí;no;;;exportacion_manual;1;no_aplica;no;no_aplica;sí
2026-09-04;2026;9;Maíz;SIO Granos / Secretaría de Agricultura;;Compraventa;Precio Hecho;284090;;PRECIO/TN MONTO;284090,00;284090,00;ARS;sí;no;PRECIO/TN MONEDA;$;TN;284090;10,00;TN;CANT. (TN);CÓRDOBA;CÓRDOBA;;Zona 9/En destino;Zona 9/En destino;;Contrato;A plazo;;;SIO_exportar_operaciones_2026-09-07.csv;2026-09-08;moneda informada explícitamente en campo original: ARS;sí;no;;;exportacion_manual;1;no_aplica;no;no_aplica;sí
2026-09-04;2026;9;Maíz;SIO Granos / Secretaría de Agricultura;;Compraventa;Precio Hecho;284090;;PRECIO/TN MONTO;284090,00;284090,00;ARS;sí;no;PRECIO/TN MONEDA;$;TN;284090;100,00;TN;CANT. (TN);CÓRDOBA;CÓRDOBA;;Zona 9/En destino;Zona 9/En destino;;Contrato;A plazo;;;SIO_exportar_operaciones_2026-09-07.csv;2026-09-08;moneda informada explícitamente en campo original: ARS;sí;no;;;exportacion_manual;1;no_aplica;no;no_aplica;sí
2026-09-04;2026;9;Maíz;SIO Granos / Secretaría de Agricultura;;Compraventa;Precio Hecho;284160;;PRECIO/TN MONTO;284160,00;284160,00;ARS;sí;no;PRECIO/TN MONEDA;$;TN;284160;200,00;TN;CANT. (TN);CÓRDOBA;CÓRDOBA;;Zona 9/En destino;Zona 9/En destino;;Contrato;A plazo;;;SIO_exportar_operaciones_2026-09-07.csv;2026-09-08;moneda informada explícitamente en campo original: ARS;sí;no;;;exportacion_manual;1;no_aplica;no;no_aplica;sí
2026-09-04;2026;9;Maíz;SIO Granos / Secretaría de Agricultura;;Compraventa;Precio Hecho;284090;;PRECIO/TN MONTO;284090,00;284090,00;ARS;sí;no;PRECIO/TN MONEDA;$;TN;284090;299,93;TN;CANT. (TN);CÓRDOBA;CÓRDOBA;;Zona 9/En destino;Zona 9/En destino;;Contrato;A plazo;;;SIO_exportar_operaciones_2026-09-07.csv;2026-09-08;moneda informada explícitamente en campo original: ARS;sí;no;;;exportacion_manual;1;no_aplica;no;no_aplica;sí
2026-09-04;2026;9;Soja;SIO Granos / Secretaría de Agricultura;;Compraventa;Precio Hecho;558300;;PRECIO/TN MONTO;558300,00;558300,00;ARS;sí;no;PRECIO/TN MONEDA;$;TN;558300;0,70;TN;CANT. (TN);CÓRDOBA;CÓRDOBA;;Cordoba/En destino;Cordoba/En destino;;Contrato;A plazo;;;SIO_exportar_operaciones_2026-09-07.csv;2026-09-08;moneda informada explícitamente en campo original: ARS;sí;no;;;exportacion_manual;1;no_aplica;no;no_aplica;sí
2026-09-04;2026;9;Soja;SIO Granos / Secretaría de Agricultura;;Canje;Precio Hecho;558300;;PRECIO/TN MONTO;558300,00;558300,00;ARS;sí;no;PRECIO/TN MONEDA;$;TN;558300;53,00;TN;CANT. (TN);CÓRDOBA;CÓRDOBA;;Cordoba/En destino;Cordoba/En destino;;Contrato;Contra entrega;;;SIO_exportar_operaciones_2026-09-07.csv;2026-09-08;moneda informada explícitamente en campo original: ARS;sí;no;;;exportacion_manual;1;no_aplica;no;no_aplica;sí
2026-09-04;2026;9;Soja;SIO Granos / Secretaría de Agricultura;;Compraventa;Precio Hecho;560000;;PRECIO/TN MONTO;560000,00;560000,00;ARS;sí;no;PRECIO/TN MONEDA;$;TN;560000;3,05;TN;CANT. (TN);SANTA FE;SANTA FE;;Rosario N/En destino;Rosario N/En destino;;Contrato;A plazo;;;SIO_exportar_operaciones_2026-09-07.csv;2026-09-08;moneda informada explícitamente en campo original: ARS;sí;no;;;exportacion_manual;1;no_aplica;no;no_aplica;sí
2026-09-04;2026;9;Soja;SIO Granos / Secretaría de Agricultura;;Compraventa;Precio Hecho;560000;;PRECIO/TN MONTO;560000,00;560000,00;ARS;sí;no;PRECIO/TN MONEDA;$;TN;560000;76,57;TN;CANT. (TN);SALTA;SALTA;;Rosario N/En destino;Rosario N/En destino;;Contrato;A plazo;;;SIO_exportar_operaciones_2026-09-07.csv;2026-09-08;moneda informada explícitamente en campo original: ARS;sí;no;;;exportacion_manual;1;no_aplica;no;no_aplica;sí
2026-09-04;2026;9;Soja;SIO Granos / Secretaría de Agricultura;;Compraventa;Precio Hecho;560000;;PRECIO/TN MONTO;560000,00;560000,00;ARS;sí;no;PRECIO/TN MONEDA;$;TN;560000;143,60;TN;CANT. (TN);CÓRDOBA;CÓRDOBA;;Rosario N/En destino;Rosario N/En destino;;Contrato;A plazo;;;SIO_exportar_operaciones_2026-09-07.csv;2026-09-08;moneda informada explícitamente en campo original: ARS;sí;no;;;exportacion_manual;1;no_aplica;no;no_aplica;sí
2026-09-04;2026;9;Soja;SIO Granos / Secretaría de Agricultura;;Compraventa;Precio Hecho;560000;;PRECIO/TN MONTO;560000,00;560000,00;ARS;sí;no;PRECIO/TN MONEDA;$;TN;560000;200,00;TN;CANT. (TN);CÓRDOBA;CÓRDOBA;;Rosario N/En destino;Rosario N/En destino;;Contrato;A plazo;;;SIO_exportar_operaciones_2026-09-07.csv;2026-09-08;moneda informada explícitamente en campo original: ARS;sí;no;;;exportacion_manual;1;no_aplica;no;no_aplica;sí
2026-09-04;2026;9;Maíz;SIO Granos / Secretaría de Agricultura;;Compraventa;Precio Hecho;285560;;PRECIO/TN MONTO;285560,00;285560,00;ARS;sí;no;PRECIO/TN MONEDA;$;TN;285560;50,00;TN;CANT. (TN);CÓRDOBA;CÓRDOBA;;Rosario N/En destino;Rosario N/En destino;;Contrato;A plazo;;;SIO_exportar_operaciones_2026-09-07.csv;2026-09-08;moneda informada explícitamente en campo original: ARS;sí;no;;;exportacion_manual;1;no_aplica;no;no_aplica;sí
2026-09-04;2026;9;Maíz;SIO Granos / Secretaría de Agricultura;;Compraventa;Precio Hecho;285560;;PRECIO/TN MONTO;285560,00;285560,00;ARS;sí;no;PRECIO/TN MONEDA;$;TN;285560;16,13;TN;CANT. (TN);CÓRDOBA;CÓRDOBA;;Rosario N/En destino;Rosario N/En destino;;Contrato;A plazo;;;SIO_exportar_operaciones_2026-09-07.csv;2026-09-08;moneda informada explícitamente en campo original: ARS;sí;no;;;exportacion_manual;1;no_aplica;no;no_aplica;sí
2026-09-04;2026;9;Maíz;SIO Granos / Secretaría de Agricultura;;Compraventa;Precio Hecho;285560;;PRECIO/TN MONTO;285560,00;285560,00;ARS;sí;no;PRECIO/TN MONEDA;$;TN;285560;26,00;TN;CANT. (TN);CÓRDOBA;CÓRDOBA;;Rosario N/En destino;Rosario N/En destino;;Contrato;A plazo;;;SIO_exportar_operaciones_2026-09-07.csv;2026-09-08;moneda informada explícitamente en campo original: ARS;sí;no;;;exportacion_manual;1;no_aplica;no;no_aplica;sí
2026-09-04;2026;9;Maíz;SIO Granos / Secretaría de Agricultura;;Compraventa;Precio Hecho;285560;;PRECIO/TN MONTO;285560,00;285560,00;ARS;sí;no;PRECIO/TN MONEDA;$;TN;285560;8,45;TN;CANT. (TN);CÓRDOBA;CÓRDOBA;;Rosario N/En destino;Rosario N/En destino;;Contrato;A plazo;;;SIO_exportar_operaciones_2026-09-07.csv;2026-09-08;moneda informada explícitamente en campo original: ARS;sí;no;;;exportacion_manual;1;no_aplica;no;no_aplica;sí
2026-09-04;2026;9;Maíz;SIO Granos / Secretaría de Agricultura;;Compraventa;Precio Hecho;283860;;PRECIO/TN MONTO;283860,00;283860,00;ARS;sí;no;PRECIO/TN MONEDA;$;TN;283860;8,53;TN;CANT. (TN);CÓRDOBA;CÓRDOBA;;Cordoba/En destino;Cordoba/En destino;;Contrato;A plazo;;;SIO_exportar_operaciones_2026-09-07.csv;2026-09-08;moneda informada explícitamente en campo original: ARS;sí;no;;;exportacion_manual;1;no_aplica;no;no_aplica;sí
2026-09-04;2026;9;Maíz;SIO Granos / Secretaría de Agricultura;;Compraventa;Precio Hecho;283860;;PRECIO/TN MONTO;283860,00;283860,00;ARS;sí;no;PRECIO/TN MONEDA;$;TN;283860;7,70;TN;CANT. (TN);CÓRDOBA;CÓRDOBA;;Cordoba/En destino;Cordoba/En destino;;Contrato;A plazo;;;SIO_exportar_operaciones_2026-09-07.csv;2026-09-08;moneda informada explícitamente en campo original: ARS;sí;no;;;exportacion_manual;1;no_aplica;no;no_aplica;sí
2026-09-04;2026;9;Maíz;SIO Granos / Secretaría de Agricultura;;Compraventa;Precio Hecho;283860;;PRECIO/TN MONTO;283860,00;283860,00;ARS;sí;no;PRECIO/TN MONEDA;$;TN;283860;50,00;TN;CANT. (TN);CÓRDOBA;CÓRDOBA;;Cordoba/En destino;Cordoba/En destino;;Contrato;A plazo;;;SIO_exportar_operaciones_2026-09-07.csv;2026-09-08;moneda informada explícitamente en campo original: ARS;sí;no;;;exportacion_manual;1;no_aplica;no;no_aplica;sí
2026-09-04;2026;9;Maíz;SIO Granos / Secretaría de Agricultura;;Compraventa;Precio Hecho;283760;;PRECIO/TN MONTO;283760,00;283760,00;ARS;sí;no;PRECIO/TN MONEDA;$;TN;283760;116,59;TN;CANT. (TN);CÓRDOBA;CÓRDOBA;;Zona 11/En destino;Zona 11/En destino;;Contrato;A plazo;;;SIO_exportar_operaciones_2026-09-07.csv;2026-09-08;moneda informada explícitamente en campo original: ARS;sí;no;;;exportacion_manual;1;no_aplica;no;no_aplica;sí
2026-09-04;2026;9;Maíz;SIO Granos / Secretaría de Agricultura;;Compraventa;Precio Hecho;283860;;PRECIO/TN MONTO;283860,00;283860,00;ARS;sí;no;PRECIO/TN MONEDA;$;TN;283860;10,28;TN;CANT. (TN);CÓRDOBA;CÓRDOBA;;Cordoba/En destino;Cordoba/En destino;;Contrato;A plazo;;;SIO_exportar_operaciones_2026-09-07.csv;2026-09-08;moneda informada explícitamente en campo original: ARS;sí;no;;;exportacion_manual;1;no_aplica;no;no_aplica;sí
2026-09-04;2026;9;Maíz;SIO Granos / Secretaría de Agricultura;;Compraventa;Precio Hecho;285560;;PRECIO/TN MONTO;285560,00;285560,00;ARS;sí;no;PRECIO/TN MONEDA;$;TN;285560;23,14;TN;CANT. (TN);CÓRDOBA;CÓRDOBA;;Rosario N/En destino;Rosario N/En destino;;Contrato;A plazo;;;SIO_exportar_operaciones_2026-09-07.csv;2026-09-08;moneda informada explícitamente en campo original: ARS;sí;no;;;exportacion_manual;1;no_aplica;no;no_aplica;sí
2026-09-04;2026;9;Maíz;SIO Granos / Secretaría de Agricultura;;Compraventa;Precio Hecho;206;;PRECIO/TN MONTO;206,00;206,00;USD;sí;no;PRECIO/TN MONEDA;U$S;TN;206;30,00;TN;CANT. (TN);CÓRDOBA;CÓRDOBA;;Rosario S/En destino;Rosario S/En destino;;Contrato;Contra entrega;;;SIO_exportar_operaciones_2026-09-07.csv;2026-09-08;moneda informada explícitamente en campo original: USD;sí;no;;;exportacion_manual;1;no_aplica;no;no_aplica;sí
2026-09-04;2026;9;Soja;SIO Granos / Secretaría de Agricultura;;Compraventa;Precio Hecho;558300;;PRECIO/TN MONTO;558300,00;558300,00;ARS;sí;no;PRECIO/TN MONEDA;$;TN;558300;34,32;TN;CANT. (TN);CÓRDOBA;CÓRDOBA;;Cordoba/En destino;Cordoba/En destino;;Contrato;A plazo;;;SIO_exportar_operaciones_2026-09-07.csv;2026-09-08;moneda informada explícitamente en campo original: ARS;sí;no;;;exportacion_manual;1;no_aplica;no;no_aplica;sí
2026-09-04;2026;9;Soja;SIO Granos / Secretaría de Agricultura;;Compraventa;Precio Hecho;373.9;;PRECIO/TN MONTO;373,90;373,90;USD;sí;no;PRECIO/TN MONEDA;U$S;TN;373.9;200,00;TN;CANT. (TN);CÓRDOBA;CÓRDOBA;;Cordoba/En destino;Cordoba/En destino;;Contrato;Contra entrega;;;SIO_exportar_operaciones_2026-09-07.csv;2026-09-08;moneda informada explícitamente en campo original: USD;sí;no;;;exportacion_manual;1;no_aplica;no;no_aplica;sí
2026-09-04;2026;9;Maíz;SIO Granos / Secretaría de Agricultura;;Compraventa;Precio Hecho;285560;;PRECIO/TN MONTO;285560,00;285560,00;ARS;sí;no;PRECIO/TN MONEDA;$;TN;285560;19,51;TN;CANT. (TN);CÓRDOBA;CÓRDOBA;;Rosario S/En destino;Rosario S/En destino;;Contrato;A plazo;;;SIO_exportar_operaciones_2026-09-07.csv;2026-09-08;moneda informada explícitamente en campo original: ARS;sí;no;;;exportacion_manual;1;no_aplica;no;no_aplica;sí
2026-09-04;2026;9;Maíz;SIO Granos / Secretaría de Agricultura;;Compraventa;Precio Hecho;285560;;PRECIO/TN MONTO;285560,00;285560,00;ARS;sí;no;PRECIO/TN MONEDA;$;TN;285560;16,73;TN;CANT. (TN);CÓRDOBA;CÓRDOBA;;Rosario S/En destino;Rosario S/En destino;;Contrato;A plazo;;;SIO_exportar_operaciones_2026-09-07.csv;2026-09-08;moneda informada explícitamente en campo original: ARS;sí;no;;;exportacion_manual;1;no_aplica;no;no_aplica;sí
2026-09-04;2026;9;Maíz;SIO Granos / Secretaría de Agricultura;;Compraventa;Precio Hecho;285560;;PRECIO/TN MONTO;285560,00;285560,00;ARS;sí;no;PRECIO/TN MONEDA;$;TN;285560;5,96;TN;CANT. (TN);CÓRDOBA;CÓRDOBA;;Rosario S/En destino;Rosario S/En destino;;Contrato;A plazo;;;SIO_exportar_operaciones_2026-09-07.csv;2026-09-08;moneda informada explícitamente en campo original: ARS;sí;no;;;exportacion_manual;1;no_aplica;no;no_aplica;sí
2026-09-04;2026;9;Maíz;SIO Granos / Secretaría de Agricultura;;Compraventa;Precio Hecho;285560;;PRECIO/TN MONTO;285560,00;285560,00;ARS;sí;no;PRECIO/TN MONEDA;$;TN;285560;60,00;TN;CANT. (TN);CÓRDOBA;CÓRDOBA;;Rosario S/En destino;Rosario S/En destino;;Contrato;A plazo;;;SIO_exportar_operaciones_2026-09-07.csv;2026-09-08;moneda informada explícitamente en campo original: ARS;sí;no;;;exportacion_manual;1;no_aplica;no;no_aplica;sí
2026-09-04;2026;9;Soja;SIO Granos / Secretaría de Agricultura;;Compraventa;Precio Hecho;560000;;PRECIO/TN MONTO;560000,00;560000,00;ARS;sí;no;PRECIO/TN MONEDA;$;TN;560000;0,59;TN;CANT. (TN);CÓRDOBA;CÓRDOBA;;Rosario N/En destino;Rosario N/En destino;;Contrato;A plazo;;;SIO_exportar_operaciones_2026-09-07.csv;2026-09-08;moneda informada explícitamente en campo original: ARS;sí;no;;;exportacion_manual;1;no_aplica;no;no_aplica;sí
2026-09-04;2026;9;Soja;SIO Granos / Secretaría de Agricultura;;Compraventa;Precio Hecho;560000;;PRECIO/TN MONTO;560000,00;560000,00;ARS;sí;no;PRECIO/TN MONEDA;$;TN;560000;0,53;TN;CANT. (TN);CÓRDOBA;CÓRDOBA;;Rosario N/En destino;Rosario N/En destino;;Contrato;A plazo;;;SIO_exportar_operaciones_2026-09-07.csv;2026-09-08;moneda informada explícitamente en campo original: ARS;sí;no;;;exportacion_manual;1;no_aplica;no;no_aplica;sí
2026-09-04;2026;9;Soja;SIO Granos / Secretaría de Agricultura;;Compraventa;Precio Hecho;560000;;PRECIO/TN MONTO;560000,00;560000,00;ARS;sí;no;PRECIO/TN MONEDA;$;TN;560000;3,68;TN;CANT. (TN);CÓRDOBA;CÓRDOBA;;Rosario N/En destino;Rosario N/En destino;;Contrato;A plazo;;;SIO_exportar_operaciones_2026-09-07.csv;2026-09-08;moneda informada explícitamente en campo original: ARS;sí;no;;;exportacion_manual;1;no_aplica;no;no_aplica;sí
2026-09-04;2026;9;Soja;SIO Granos / Secretaría de Agricultura;;Compraventa;Precio Hecho;560000;;PRECIO/TN MONTO;560000,00;560000,00;ARS;sí;no;PRECIO/TN MONEDA;$;TN;560000;3,59;TN;CANT. (TN);CÓRDOBA;CÓRDOBA;;Rosario N/En destino;Rosario N/En destino;;Contrato;A plazo;;;SIO_exportar_operaciones_2026-09-07.csv;2026-09-08;moneda informada explícitamente en campo original: ARS;sí;no;;;exportacion_manual;1;no_aplica;no;no_aplica;sí
2026-09-04;2026;9;Soja;SIO Granos / Secretaría de Agricultura;;Compraventa;Precio Hecho;560000;;PRECIO/TN MONTO;560000,00;560000,00;ARS;sí;no;PRECIO/TN MONEDA;$;TN;560000;0,63;TN;CANT. (TN);CÓRDOBA;CÓRDOBA;;Rosario N/En destino;Rosario N/En destino;;Contrato;A plazo;;;SIO_exportar_operaciones_2026-09-07.csv;2026-09-08;moneda informada explícitamente en campo original: ARS;sí;no;;;exportacion_manual;1;no_aplica;no;no_aplica;sí
2026-09-04;2026;9;Soja;SIO Granos / Secretaría de Agricultura;;Compraventa;Precio Hecho;560000;;PRECIO/TN MONTO;560000,00;560000,00;ARS;sí;no;PRECIO/TN MONEDA;$;TN;560000;0,88;TN;CANT. (TN);SANTIAGO DEL ESTERO;SANTIAGO DEL ESTERO;;Rosario N/En destino;Rosario N/En destino;;Contrato;A plazo;;;SIO_exportar_operaciones_2026-09-07.csv;2026-09-08;moneda informada explícitamente en campo original: ARS;sí;no;;;exportacion_manual;1;no_aplica;no;no_aplica;sí
2026-09-04;2026;9;Soja;SIO Granos / Secretaría de Agricultura;;Compraventa;Precio Hecho;560000;;PRECIO/TN MONTO;560000,00;560000,00;ARS;sí;no;PRECIO/TN MONEDA;$;TN;560000;2,11;TN;CANT. (TN);LA PAMPA;LA PAMPA;;Rosario N/En destino;Rosario N/En destino;;Contrato;A plazo;;;SIO_exportar_operaciones_2026-09-07.csv;2026-09-08;moneda informada explícitamente en campo original: ARS;sí;no;;;exportacion_manual;1;no_aplica;no;no_aplica;sí
2026-09-04;2026;9;Soja;SIO Granos / Secretaría de Agricultura;;Compraventa;Precio Hecho;560000;;PRECIO/TN MONTO;560000,00;560000,00;ARS;sí;no;PRECIO/TN MONEDA;$;TN;560000;10,00;TN;CANT. (TN);CÓRDOBA;CÓRDOBA;;Rosario N/En destino;Rosario N/En destino;;Contrato;A plazo;;;SIO_exportar_operaciones_2026-09-07.csv;2026-09-08;moneda informada explícitamente en campo original: ARS;sí;no;;;exportacion_manual;1;no_aplica;no;no_aplica;sí
2026-09-04;2026;9;Soja;SIO Granos / Secretaría de Agricultura;;Compraventa;Precio Hecho;560000;;PRECIO/TN MONTO;560000,00;560000,00;ARS;sí;no;PRECIO/TN MONEDA;$;TN;560000;6,00;TN;CANT. (TN);CÓRDOBA;CÓRDOBA;;Rosario N/En destino;Rosario N/En destino;;Contrato;A plazo;;;SIO_exportar_operaciones_2026-09-07.csv;2026-09-08;moneda informada explícitamente en campo original: ARS;sí;no;;;exportacion_manual;1;no_aplica;no;no_aplica;sí
2026-09-04;2026;9;Soja;SIO Granos / Secretaría de Agricultura;;Compraventa;Precio Hecho;560000;;PRECIO/TN MONTO;560000,00;560000,00;ARS;sí;no;PRECIO/TN MONEDA;$;TN;560000;5,00;TN;CANT. (TN);CÓRDOBA;CÓRDOBA;;Rosario N/En destino;Rosario N/En destino;;Contrato;A plazo;;;SIO_exportar_operaciones_2026-09-07.csv;2026-09-08;moneda informada explícitamente en campo original: ARS;sí;no;;;exportacion_manual;1;no_aplica;no;no_aplica;sí
2026-09-04;2026;9;Maíz;SIO Granos / Secretaría de Agricultura;;Compraventa;Precio Hecho;285560;;PRECIO/TN MONTO;285560,00;285560,00;ARS;sí;no;PRECIO/TN MONEDA;$;TN;285560;14,50;TN;CANT. (TN);CÓRDOBA;CÓRDOBA;;Rosario N/En destino;Rosario N/En destino;;Contrato;A plazo;;;SIO_exportar_operaciones_2026-09-07.csv;2026-09-08;moneda informada explícitamente en campo original: ARS;sí;no;;;exportacion_manual;1;no_aplica;no;no_aplica;sí
2026-09-04;2026;9;Maíz;SIO Granos / Secretaría de Agricultura;;Compraventa;Precio Hecho;285560;;PRECIO/TN MONTO;285560,00;285560,00;ARS;sí;no;PRECIO/TN MONEDA;$;TN;285560;1,84;TN;CANT. (TN);CÓRDOBA;CÓRDOBA;;Rosario N/En destino;Rosario N/En destino;;Contrato;A plazo;;;SIO_exportar_operaciones_2026-09-07.csv;2026-09-08;moneda informada explícitamente en campo original: ARS;sí;no;;;exportacion_manual;1;no_aplica;no;no_aplica;sí
2026-09-04;2026;9;Maíz;SIO Granos / Secretaría de Agricultura;;Compraventa;Precio Hecho;285560;;PRECIO/TN MONTO;285560,00;285560,00;ARS;sí;no;PRECIO/TN MONEDA;$;TN;285560;2,16;TN;CANT. (TN);CÓRDOBA;CÓRDOBA;;Rosario N/En destino;Rosario N/En destino;;Contrato;A plazo;;;SIO_exportar_operaciones_2026-09-07.csv;2026-09-08;moneda informada explícitamente en campo original: ARS;sí;no;;;exportacion_manual;1;no_aplica;no;no_aplica;sí
2026-09-04;2026;9;Maíz;SIO Granos / Secretaría de Agricultura;;Compraventa;Precio Hecho;285560;;PRECIO/TN MONTO;285560,00;285560,00;ARS;sí;no;PRECIO/TN MONEDA;$;TN;285560;14,28;TN;CANT. (TN);CÓRDOBA;CÓRDOBA;;Rosario N/En destino;Rosario N/En destino;;Contrato;A plazo;;;SIO_exportar_operaciones_2026-09-07.csv;2026-09-08;moneda informada explícitamente en campo original: ARS;sí;no;;;exportacion_manual;1;no_aplica;no;no_aplica;sí
2026-09-04;2026;9;Maíz;SIO Granos / Secretaría de Agricultura;;Compraventa;Precio Hecho;285560;;PRECIO/TN MONTO;285560,00;285560,00;ARS;sí;no;PRECIO/TN MONEDA;$;TN;285560;15,67;TN;CANT. (TN);CÓRDOBA;CÓRDOBA;;Rosario N/En destino;Rosario N/En destino;;Contrato;A plazo;;;SIO_exportar_operaciones_2026-09-07.csv;2026-09-08;moneda informada explícitamente en campo original: ARS;sí;no;;;exportacion_manual;1;no_aplica;no;no_aplica;sí
2026-09-04;2026;9;Maíz;SIO Granos / Secretaría de Agricultura;;Compraventa;Precio Hecho;283860;;PRECIO/TN MONTO;283860,00;283860,00;ARS;sí;no;PRECIO/TN MONEDA;$;TN;283860;5,07;TN;CANT. (TN);CÓRDOBA;CÓRDOBA;;Cordoba/En destino;Cordoba/En destino;;Contrato;A plazo;;;SIO_exportar_operaciones_2026-09-07.csv;2026-09-08;moneda informada explícitamente en campo original: ARS;sí;no;;;exportacion_manual;1;no_aplica;no;no_aplica;sí
2026-09-04;2026;9;Maíz;SIO Granos / Secretaría de Agricultura;;Compraventa;Precio Hecho;285560;;PRECIO/TN MONTO;285560,00;285560,00;ARS;sí;no;PRECIO/TN MONEDA;$;TN;285560;0,89;TN;CANT. (TN);CÓRDOBA;CÓRDOBA;;Rosario N/En destino;Rosario N/En destino;;Contrato;A plazo;;;SIO_exportar_operaciones_2026-09-07.csv;2026-09-08;moneda informada explícitamente en campo original: ARS;sí;no;;;exportacion_manual;1;no_aplica;no;no_aplica;sí
2026-09-04;2026;9;Maíz;SIO Granos / Secretaría de Agricultura;;Compraventa;Precio Hecho;285560;;PRECIO/TN MONTO;285560,00;285560,00;ARS;sí;no;PRECIO/TN MONEDA;$;TN;285560;14,24;TN;CANT. (TN);CÓRDOBA;CÓRDOBA;;Rosario N/En destino;Rosario N/En destino;;Contrato;A plazo;;;SIO_exportar_operaciones_2026-09-07.csv;2026-09-08;moneda informada explícitamente en campo original: ARS;sí;no;;;exportacion_manual;1;no_aplica;no;no_aplica;sí
2026-09-04;2026;9;Maíz;SIO Granos / Secretaría de Agricultura;;Compraventa;Precio Hecho;285560;;PRECIO/TN MONTO;285560,00;285560,00;ARS;sí;no;PRECIO/TN MONEDA;$;TN;285560;19,78;TN;CANT. (TN);CÓRDOBA;CÓRDOBA;;Rosario N/En destino;Rosario N/En destino;;Contrato;A plazo;;;SIO_exportar_operaciones_2026-09-07.csv;2026-09-08;moneda informada explícitamente en campo original: ARS;sí;no;;;exportacion_manual;1;no_aplica;no;no_aplica;sí
2026-09-04;2026;9;Maíz;SIO Granos / Secretaría de Agricultura;;Compraventa;Precio Hecho;285560;;PRECIO/TN MONTO;285560,00;285560,00;ARS;sí;no;PRECIO/TN MONEDA;$;TN;285560;12,54;TN;CANT. (TN);CÓRDOBA;CÓRDOBA;;Rosario N/En destino;Rosario N/En destino;;Contrato;A plazo;;;SIO_exportar_operaciones_2026-09-07.csv;2026-09-08;moneda informada explícitamente en campo original: ARS;sí;no;;;exportacion_manual;1;no_aplica;no;no_aplica;sí
2026-09-04;2026;9;Maíz;SIO Granos / Secretaría de Agricultura;;Compraventa;Precio Hecho;285560;;PRECIO/TN MONTO;285560,00;285560,00;ARS;sí;no;PRECIO/TN MONEDA;$;TN;285560;8,14;TN;CANT. (TN);CÓRDOBA;CÓRDOBA;;Rosario N/En destino;Rosario N/En destino;;Contrato;A plazo;;;SIO_exportar_operaciones_2026-09-07.csv;2026-09-08;moneda informada explícitamente en campo original: ARS;sí;no;;;exportacion_manual;1;no_aplica;no;no_aplica;sí
2026-09-04;2026;9;Maíz;SIO Granos / Secretaría de Agricultura;;Compraventa;Precio Hecho;285560;;PRECIO/TN MONTO;285560,00;285560,00;ARS;sí;no;PRECIO/TN MONEDA;$;TN;285560;27,29;TN;CANT. (TN);CÓRDOBA;CÓRDOBA;;Rosario N/En destino;Rosario N/En destino;;Contrato;A plazo;;;SIO_exportar_operaciones_2026-09-07.csv;2026-09-08;moneda informada explícitamente en campo original: ARS;sí;no;;;exportacion_manual;1;no_aplica;no;no_aplica;sí
2026-09-04;2026;9;Maíz;SIO Granos / Secretaría de Agricultura;;Compraventa;Precio Hecho;283860;;PRECIO/TN MONTO;283860,00;283860,00;ARS;sí;no;PRECIO/TN MONEDA;$;TN;283860;7,99;TN;CANT. (TN);CÓRDOBA;CÓRDOBA;;Cordoba/En destino;Cordoba/En destino;;Contrato;A plazo;;;SIO_exportar_operaciones_2026-09-07.csv;2026-09-08;moneda informada explícitamente en campo original: ARS;sí;no;;;exportacion_manual;1;no_aplica;no;no_aplica;sí
2026-09-04;2026;9;Maíz;SIO Granos / Secretaría de Agricultura;;Compraventa;Precio Hecho;283860;;PRECIO/TN MONTO;283860,00;283860,00;ARS;sí;no;PRECIO/TN MONEDA;$;TN;283860;40,31;TN;CANT. (TN);CÓRDOBA;CÓRDOBA;;Cordoba/En destino;Cordoba/En destino;;Contrato;A plazo;;;SIO_exportar_operaciones_2026-09-07.csv;2026-09-08;moneda informada explícitamente en campo original: ARS;sí;no;;;exportacion_manual;1;no_aplica;no;no_aplica;sí
2026-09-04;2026;9;Maíz;SIO Granos / Secretaría de Agricultura;;Compraventa;Precio Hecho;285560;;PRECIO/TN MONTO;285560,00;285560,00;ARS;sí;no;PRECIO/TN MONEDA;$;TN;285560;170,00;TN;CANT. (TN);CÓRDOBA;CÓRDOBA;;Rosario N/En destino;Rosario N/En destino;;Contrato;A plazo;;;SIO_exportar_operaciones_2026-09-07.csv;2026-09-08;moneda informada explícitamente en campo original: ARS;sí;no;;;exportacion_manual;1;no_aplica;no;no_aplica;sí
2026-09-04;2026;9;Maíz;SIO Granos / Secretaría de Agricultura;;Compraventa;Precio Hecho;285560;;PRECIO/TN MONTO;285560,00;285560,00;ARS;sí;no;PRECIO/TN MONEDA;$;TN;285560;33,28;TN;CANT. (TN);SANTIAGO DEL ESTERO;SANTIAGO DEL ESTERO;;Rosario N/En destino;Rosario N/En destino;;Contrato;A plazo;;;SIO_exportar_operaciones_2026-09-07.csv;2026-09-08;moneda informada explícitamente en campo original: ARS;sí;no;;;exportacion_manual;1;no_aplica;no;no_aplica;sí
2026-09-04;2026;9;Soja;SIO Granos / Secretaría de Agricultura;;Compraventa;Precio Hecho;560000;;PRECIO/TN MONTO;560000,00;560000,00;ARS;sí;no;PRECIO/TN MONEDA;$;TN;560000;15,00;TN;CANT. (TN);SANTA FE;SANTA FE;;Rosario N/En destino;Rosario N/En destino;;Contrato;A plazo;;;SIO_exportar_operaciones_2026-09-07.csv;2026-09-08;moneda informada explícitamente en campo original: ARS;sí;no;;;exportacion_manual;1;no_aplica;no;no_aplica;sí
2026-09-04;2026;9;Soja;SIO Granos / Secretaría de Agricultura;;Compraventa;Precio Hecho;560000;;PRECIO/TN MONTO;560000,00;560000,00;ARS;sí;no;PRECIO/TN MONEDA;$;TN;560000;11,00;TN;CANT. (TN);SANTA FE;SANTA FE;;Rosario N/En destino;Rosario N/En destino;;Contrato;A plazo;;;SIO_exportar_operaciones_2026-09-07.csv;2026-09-08;moneda informada explícitamente en campo original: ARS;sí;no;;;exportacion_manual;1;no_aplica;no;no_aplica;sí
2026-09-04;2026;9;Soja;SIO Granos / Secretaría de Agricultura;;Compraventa;Precio Hecho;559620;;PRECIO/TN MONTO;559620,00;559620,00;ARS;sí;no;PRECIO/TN MONEDA;$;TN;559620;18,00;TN;CANT. (TN);SANTA FE;SANTA FE;;Zona 8/En destino;Zona 8/En destino;;Contrato;A plazo;;;SIO_exportar_operaciones_2026-09-07.csv;2026-09-08;moneda informada explícitamente en campo original: ARS;sí;no;;;exportacion_manual;1;no_aplica;no;no_aplica;sí
2026-09-04;2026;9;Soja;SIO Granos / Secretaría de Agricultura;;Compraventa;Precio Hecho;559620;;PRECIO/TN MONTO;559620,00;559620,00;ARS;sí;no;PRECIO/TN MONEDA;$;TN;559620;7,00;TN;CANT. (TN);SANTA FE;SANTA FE;;Zona 8/En destino;Zona 8/En destino;;Contrato;A plazo;;;SIO_exportar_operaciones_2026-09-07.csv;2026-09-08;moneda informada explícitamente en campo original: ARS;sí;no;;;exportacion_manual;1;no_aplica;no;no_aplica;sí
2026-09-04;2026;9;Soja;SIO Granos / Secretaría de Agricultura;;Compraventa;Precio Hecho;560000;;PRECIO/TN MONTO;560000,00;560000,00;ARS;sí;no;PRECIO/TN MONEDA;$;TN;560000;3,92;TN;CANT. (TN);SANTA FE;SANTA FE;;Rosario N/En destino;Rosario N/En destino;;Contrato;A plazo;;;SIO_exportar_operaciones_2026-09-07.csv;2026-09-08;moneda informada explícitamente en campo original: ARS;sí;no;;;exportacion_manual;1;no_aplica;no;no_aplica;sí
2026-09-04;2026;9;Soja;SIO Granos / Secretaría de Agricultura;;Compraventa;Precio Hecho;559620;;PRECIO/TN MONTO;559620,00;559620,00;ARS;sí;no;PRECIO/TN MONEDA;$;TN;559620;6,09;TN;CANT. (TN);SANTA FE;SANTA FE;;Zona 8/En destino;Zona 8/En destino;;Contrato;A plazo;;;SIO_exportar_operaciones_2026-09-07.csv;2026-09-08;moneda informada explícitamente en campo original: ARS;sí;no;;;exportacion_manual;1;no_aplica;no;no_aplica;sí
2026-09-04;2026;9;Soja;SIO Granos / Secretaría de Agricultura;;Compraventa;Precio Hecho;560000;;PRECIO/TN MONTO;560000,00;560000,00;ARS;sí;no;PRECIO/TN MONEDA;$;TN;560000;4,00;TN;CANT. (TN);SANTA FE;SANTA FE;;Rosario N/En destino;Rosario N/En destino;;Contrato;A plazo;;;SIO_exportar_operaciones_2026-09-07.csv;2026-09-08;moneda informada explícitamente en campo original: ARS;sí;no;;;exportacion_manual;1;no_aplica;no;no_aplica;sí
2026-09-04;2026;9;TRIGO PAN;SIO Granos / Secretaría de Agricultura;;Compraventa;Precio Hecho;350000;;PRECIO/TN MONTO;350000,00;350000,00;ARS;sí;no;PRECIO/TN MONEDA;$;TN;350000;10,00;TN;CANT. (TN);SANTA FE;SANTA FE;;Rosario N/En destino;Rosario N/En destino;;Contrato;A plazo;;;SIO_exportar_operaciones_2026-09-07.csv;2026-09-08;"commodity no catalogado; se conserva para revisión; moneda informada explícitamente en campo original: ARS";sí;no;;;exportacion_manual;1;no_aplica;no;no_aplica;sí
2026-09-04;2026;9;Soja;SIO Granos / Secretaría de Agricultura;;Compraventa;Precio Hecho;559620;;PRECIO/TN MONTO;559620,00;559620,00;ARS;sí;no;PRECIO/TN MONEDA;$;TN;559620;150,00;TN;CANT. (TN);CÓRDOBA;CÓRDOBA;;Zona 8/En destino;Zona 8/En destino;;Contrato;A plazo;;;SIO_exportar_operaciones_2026-09-07.csv;2026-09-08;moneda informada explícitamente en campo original: ARS;sí;no;;;exportacion_manual;1;no_aplica;no;no_aplica;sí
2026-09-04;2026;9;Soja;SIO Granos / Secretaría de Agricultura;;Compraventa;Precio Hecho;560000;;PRECIO/TN MONTO;560000,00;560000,00;ARS;sí;no;PRECIO/TN MONEDA;$;TN;560000;75,00;TN;CANT. (TN);CÓRDOBA;CÓRDOBA;;Rosario N/En destino;Rosario N/En destino;;Contrato;A plazo;;;SIO_exportar_operaciones_2026-09-07.csv;2026-09-08;moneda informada explícitamente en campo original: ARS;sí;no;;;exportacion_manual;1;no_aplica;no;no_aplica;sí
2026-09-04;2026;9;Soja;SIO Granos / Secretaría de Agricultura;;Compraventa;Precio Hecho;560000;;PRECIO/TN MONTO;560000,00;560000,00;ARS;sí;no;PRECIO/TN MONEDA;$;TN;560000;2,41;TN;CANT. (TN);CÓRDOBA;CÓRDOBA;;Rosario N/En destino;Rosario N/En destino;;Contrato;A plazo;;;SIO_exportar_operaciones_2026-09-07.csv;2026-09-08;moneda informada explícitamente en campo original: ARS;sí;no;;;exportacion_manual;1;no_aplica;no;no_aplica;sí
2026-09-04;2026;9;Soja;SIO Granos / Secretaría de Agricultura;;Compraventa;Precio Hecho;558400;;PRECIO/TN MONTO;558400,00;558400,00;ARS;sí;no;PRECIO/TN MONEDA;$;TN;558400;8,75;TN;CANT. (TN);SAN LUIS;SAN LUIS;;Zona 9/En destino;Zona 9/En destino;;Contrato;A plazo;;;SIO_exportar_operaciones_2026-09-07.csv;2026-09-08;moneda informada explícitamente en campo original: ARS;sí;no;;;exportacion_manual;1;no_aplica;no;no_aplica;sí
2026-09-04;2026;9;TRIGO PAN;SIO Granos / Secretaría de Agricultura;;Compraventa;Precio Hecho;348950;;PRECIO/TN MONTO;348950,00;348950,00;ARS;sí;no;PRECIO/TN MONEDA;$;TN;348950;8,75;TN;CANT. (TN);CÓRDOBA;CÓRDOBA;;Zona 8/En destino;Zona 8/En destino;;Contrato;A plazo;;;SIO_exportar_operaciones_2026-09-07.csv;2026-09-08;"commodity no catalogado; se conserva para revisión; moneda informada explícitamente en campo original: ARS";sí;no;;;exportacion_manual;1;no_aplica;no;no_aplica;sí
2026-09-04;2026;9;Maíz;SIO Granos / Secretaría de Agricultura;;Compraventa;Precio Hecho;285560;;PRECIO/TN MONTO;285560,00;285560,00;ARS;sí;no;PRECIO/TN MONEDA;$;TN;285560;2,35;TN;CANT. (TN);CÓRDOBA;CÓRDOBA;;Rosario N/En destino;Rosario N/En destino;;Contrato;A plazo;;;SIO_exportar_operaciones_2026-09-07.csv;2026-09-08;moneda informada explícitamente en campo original: ARS;sí;no;;;exportacion_manual;1;no_aplica;no;no_aplica;sí
2026-09-04;2026;9;Maíz;SIO Granos / Secretaría de Agricultura;;Compraventa;Precio Hecho;285560;;PRECIO/TN MONTO;285560,00;285560,00;ARS;sí;no;PRECIO/TN MONEDA;$;TN;285560;15,61;TN;CANT. (TN);CÓRDOBA;CÓRDOBA;;Rosario N/En destino;Rosario N/En destino;;Contrato;A plazo;;;SIO_exportar_operaciones_2026-09-07.csv;2026-09-08;moneda informada explícitamente en campo original: ARS;sí;no;;;exportacion_manual;1;no_aplica;no;no_aplica;sí
2026-09-04;2026;9;Soja;SIO Granos / Secretaría de Agricultura;;Compraventa;Precio Hecho;559620;;PRECIO/TN MONTO;559620,00;559620,00;ARS;sí;no;PRECIO/TN MONEDA;$;TN;559620;50,00;TN;CANT. (TN);BUENOS AIRES;BUENOS AIRES;;Zona 8/En destino;Zona 8/En destino;;Contrato;A plazo;;;SIO_exportar_operaciones_2026-09-07.csv;2026-09-08;moneda informada explícitamente en campo original: ARS;sí;no;;;exportacion_manual;1;no_aplica;no;no_aplica;sí
2026-09-04;2026;9;Maíz;SIO Granos / Secretaría de Agricultura;;Compraventa;Precio Hecho;284660;;PRECIO/TN MONTO;284660,00;284660,00;ARS;sí;no;PRECIO/TN MONEDA;$;TN;284660;75,00;TN;CANT. (TN);SANTA FE;SANTA FE;;Zona 6/En destino;Zona 6/En destino;;Contrato;A plazo;;;SIO_exportar_operaciones_2026-09-07.csv;2026-09-08;moneda informada explícitamente en campo original: ARS;sí;no;;;exportacion_manual;1;no_aplica;no;no_aplica;sí
2026-09-04;2026;9;Maíz;SIO Granos / Secretaría de Agricultura;;Compraventa;Precio Hecho;284660;;PRECIO/TN MONTO;284660,00;284660,00;ARS;sí;no;PRECIO/TN MONEDA;$;TN;284660;10,00;TN;CANT. (TN);BUENOS AIRES;BUENOS AIRES;;Zona 6/En destino;Zona 6/En destino;;Contrato;A plazo;;;SIO_exportar_operaciones_2026-09-07.csv;2026-09-08;moneda informada explícitamente en campo original: ARS;sí;no;;;exportacion_manual;1;no_aplica;no;no_aplica;sí
2026-09-04;2026;9;Maíz;SIO Granos / Secretaría de Agricultura;;Compraventa;Precio Hecho;285560;;PRECIO/TN MONTO;285560,00;285560,00;ARS;sí;no;PRECIO/TN MONEDA;$;TN;285560;1,57;TN;CANT. (TN);CÓRDOBA;CÓRDOBA;;Rosario N/En destino;Rosario N/En destino;;Contrato;A plazo;;;SIO_exportar_operaciones_2026-09-07.csv;2026-09-08;moneda informada explícitamente en campo original: ARS;sí;no;;;exportacion_manual;1;no_aplica;no;no_aplica;sí
2026-09-04;2026;9;Maíz;SIO Granos / Secretaría de Agricultura;;Compraventa;Precio Hecho;285560;;PRECIO/TN MONTO;285560,00;285560,00;ARS;sí;no;PRECIO/TN MONEDA;$;TN;285560;7,87;TN;CANT. (TN);CÓRDOBA;CÓRDOBA;;Rosario N/En destino;Rosario N/En destino;;Contrato;A plazo;;;SIO_exportar_operaciones_2026-09-07.csv;2026-09-08;moneda informada explícitamente en campo original: ARS;sí;no;;;exportacion_manual;1;no_aplica;no;no_aplica;sí
2026-09-04;2026;9;Maíz;SIO Granos / Secretaría de Agricultura;;Compraventa;Precio Hecho;285560;;PRECIO/TN MONTO;285560,00;285560,00;ARS;sí;no;PRECIO/TN MONEDA;$;TN;285560;5,61;TN;CANT. (TN);CÓRDOBA;CÓRDOBA;;Rosario N/En destino;Rosario N/En destino;;Contrato;A plazo;;;SIO_exportar_operaciones_2026-09-07.csv;2026-09-08;moneda informada explícitamente en campo original: ARS;sí;no;;;exportacion_manual;1;no_aplica;no;no_aplica;sí
2026-09-04;2026;9;Maíz;SIO Granos / Secretaría de Agricultura;;Compraventa;Precio Hecho;285560;;PRECIO/TN MONTO;285560,00;285560,00;ARS;sí;no;PRECIO/TN MONEDA;$;TN;285560;9,29;TN;CANT. (TN);CÓRDOBA;CÓRDOBA;;Rosario N/En destino;Rosario N/En destino;;Contrato;A plazo;;;SIO_exportar_operaciones_2026-09-07.csv;2026-09-08;moneda informada explícitamente en campo original: ARS;sí;no;;;exportacion_manual;1;no_aplica;no;no_aplica;sí
2026-09-04;2026;9;Maíz;SIO Granos / Secretaría de Agricultura;;Compraventa;Precio Hecho;285560;;PRECIO/TN MONTO;285560,00;285560,00;ARS;sí;no;PRECIO/TN MONEDA;$;TN;285560;0,80;TN;CANT. (TN);CÓRDOBA;CÓRDOBA;;Rosario N/En destino;Rosario N/En destino;;Contrato;A plazo;;;SIO_exportar_operaciones_2026-09-07.csv;2026-09-08;moneda informada explícitamente en campo original: ARS;sí;no;;;exportacion_manual;1;no_aplica;no;no_aplica;sí
2026-09-04;2026;9;Maíz;SIO Granos / Secretaría de Agricultura;;Compraventa;Precio Hecho;285560;;PRECIO/TN MONTO;285560,00;285560,00;ARS;sí;no;PRECIO/TN MONEDA;$;TN;285560;17,35;TN;CANT. (TN);CÓRDOBA;CÓRDOBA;;Rosario N/En destino;Rosario N/En destino;;Contrato;A plazo;;;SIO_exportar_operaciones_2026-09-07.csv;2026-09-08;moneda informada explícitamente en campo original: ARS;sí;no;;;exportacion_manual;1;no_aplica;no;no_aplica;sí
2026-09-04;2026;9;Maíz;SIO Granos / Secretaría de Agricultura;;Compraventa;Precio Hecho;285560;;PRECIO/TN MONTO;285560,00;285560,00;ARS;sí;no;PRECIO/TN MONEDA;$;TN;285560;9,77;TN;CANT. (TN);CÓRDOBA;CÓRDOBA;;Rosario N/En destino;Rosario N/En destino;;Contrato;A plazo;;;SIO_exportar_operaciones_2026-09-07.csv;2026-09-08;moneda informada explícitamente en campo original: ARS;sí;no;;;exportacion_manual;1;no_aplica;no;no_aplica;sí
2026-09-04;2026;9;Maíz;SIO Granos / Secretaría de Agricultura;;Compraventa;Precio Hecho;285560;;PRECIO/TN MONTO;285560,00;285560,00;ARS;sí;no;PRECIO/TN MONEDA;$;TN;285560;1,31;TN;CANT. (TN);CÓRDOBA;CÓRDOBA;;Rosario N/En destino;Rosario N/En destino;;Contrato;A plazo;;;SIO_exportar_operaciones_2026-09-07.csv;2026-09-08;moneda informada explícitamente en campo original: ARS;sí;no;;;exportacion_manual;1;no_aplica;no;no_aplica;sí
2026-09-04;2026;9;Maíz;SIO Granos / Secretaría de Agricultura;;Compraventa;Precio Hecho;290805;;PRECIO/TN MONTO;290805,00;290805,00;ARS;sí;no;PRECIO/TN MONEDA;$;TN;290805;10,09;TN;CANT. (TN);CÓRDOBA;CÓRDOBA;;Zona 10/En destino;Zona 10/En destino;;Contrato;A plazo;;;SIO_exportar_operaciones_2026-09-07.csv;2026-09-08;moneda informada explícitamente en campo original: ARS;sí;no;;;exportacion_manual;1;no_aplica;no;no_aplica;sí
2026-09-04;2026;9;Maíz;SIO Granos / Secretaría de Agricultura;;Compraventa;Precio Hecho;285560;;PRECIO/TN MONTO;285560,00;285560,00;ARS;sí;no;PRECIO/TN MONEDA;$;TN;285560;9,10;TN;CANT. (TN);CÓRDOBA;CÓRDOBA;;Rosario N/En destino;Rosario N/En destino;;Contrato;A plazo;;;SIO_exportar_operaciones_2026-09-07.csv;2026-09-08;moneda informada explícitamente en campo original: ARS;sí;no;;;exportacion_manual;1;no_aplica;no;no_aplica;sí
2026-09-04;2026;9;Maíz;SIO Granos / Secretaría de Agricultura;;Compraventa;Precio Hecho;195;;PRECIO/TN MONTO;195,00;195,00;USD;sí;no;PRECIO/TN MONEDA;U$S;TN;195;95,00;TN;CANT. (TN);CÓRDOBA;CÓRDOBA;;Rosario N/En destino;Rosario N/En destino;;Contrato;A plazo;;;SIO_exportar_operaciones_2026-09-07.csv;2026-09-08;moneda informada explícitamente en campo original: USD;sí;no;;;exportacion_manual;1;no_aplica;no;no_aplica;sí
2026-09-04;2026;9;Soja;SIO Granos / Secretaría de Agricultura;;Compraventa;Precio Hecho;353.9;;PRECIO/TN MONTO;353,90;353,90;USD;sí;no;PRECIO/TN MONEDA;U$S;TN;353.9;300,00;TN;CANT. (TN);CÓRDOBA;CÓRDOBA;;Zona 9/En destino;Zona 9/En destino;;Contrato;Contra entrega;;;SIO_exportar_operaciones_2026-09-07.csv;2026-09-08;moneda informada explícitamente en campo original: USD;sí;no;;;exportacion_manual;1;no_aplica;no;no_aplica;sí
2026-09-04;2026;9;Girasol;SIO Granos / Secretaría de Agricultura;;Compraventa;Precio Hecho;448.9;;PRECIO/TN MONTO;448,90;448,90;USD;sí;no;PRECIO/TN MONEDA;U$S;TN;448.9;200,00;TN;CANT. (TN);CÓRDOBA;CÓRDOBA;;Zona 25/En destino;Zona 25/En destino;;Contrato;Contra entrega;;;SIO_exportar_operaciones_2026-09-07.csv;2026-09-08;moneda informada explícitamente en campo original: USD;sí;no;;;exportacion_manual;1;no_aplica;no;no_aplica;sí
2026-09-04;2026;9;Maíz;SIO Granos / Secretaría de Agricultura;;Compraventa;Precio Hecho;290805;;PRECIO/TN MONTO;290805,00;290805,00;ARS;sí;no;PRECIO/TN MONEDA;$;TN;290805;250,00;TN;CANT. (TN);CÓRDOBA;CÓRDOBA;;Zona 10/En destino;Zona 10/En destino;;Contrato;A plazo;;;SIO_exportar_operaciones_2026-09-07.csv;2026-09-08;moneda informada explícitamente en campo original: ARS;sí;no;;;exportacion_manual;1;no_aplica;no;no_aplica;sí
2026-09-04;2026;9;Maíz;SIO Granos / Secretaría de Agricultura;;Compraventa;Precio Hecho;285560;;PRECIO/TN MONTO;285560,00;285560,00;ARS;sí;no;PRECIO/TN MONEDA;$;TN;285560;127,54;TN;CANT. (TN);CÓRDOBA;CÓRDOBA;;Rosario N/En destino;Rosario N/En destino;;Contrato;A plazo;;;SIO_exportar_operaciones_2026-09-07.csv;2026-09-08;moneda informada explícitamente en campo original: ARS;sí;no;;;exportacion_manual;1;no_aplica;no;no_aplica;sí
2026-09-04;2026;9;Maíz;SIO Granos / Secretaría de Agricultura;;Compraventa;Precio Hecho;285560;;PRECIO/TN MONTO;285560,00;285560,00;ARS;sí;no;PRECIO/TN MONEDA;$;TN;285560;122,46;TN;CANT. (TN);CÓRDOBA;CÓRDOBA;;Rosario N/En destino;Rosario N/En destino;;Contrato;A plazo;;;SIO_exportar_operaciones_2026-09-07.csv;2026-09-08;moneda informada explícitamente en campo original: ARS;sí;no;;;exportacion_manual;1;no_aplica;no;no_aplica;sí
2026-09-04;2026;9;Maíz;SIO Granos / Secretaría de Agricultura;;Compraventa;Precio Hecho;285560;;PRECIO/TN MONTO;285560,00;285560,00;ARS;sí;no;PRECIO/TN MONEDA;$;TN;285560;2,50;TN;CANT. (TN);CÓRDOBA;CÓRDOBA;;Rosario N/En destino;Rosario N/En destino;;Contrato;A plazo;;;SIO_exportar_operaciones_2026-09-07.csv;2026-09-08;moneda informada explícitamente en campo original: ARS;sí;no;;;exportacion_manual;1;no_aplica;no;no_aplica;sí
2026-09-04;2026;9;Maíz;SIO Granos / Secretaría de Agricultura;;Compraventa;Precio Hecho;284060;;PRECIO/TN MONTO;284060,00;284060,00;ARS;sí;no;PRECIO/TN MONEDA;$;TN;284060;0,80;TN;CANT. (TN);CÓRDOBA;CÓRDOBA;;Zona 10/En destino;Zona 10/En destino;;Contrato;A plazo;;;SIO_exportar_operaciones_2026-09-07.csv;2026-09-08;moneda informada explícitamente en campo original: ARS;sí;no;;;exportacion_manual;1;no_aplica;no;no_aplica;sí
2026-09-04;2026;9;Soja;SIO Granos / Secretaría de Agricultura;;Compraventa;Precio Hecho;560000;;PRECIO/TN MONTO;560000,00;560000,00;ARS;sí;no;PRECIO/TN MONEDA;$;TN;560000;5,22;TN;CANT. (TN);CÓRDOBA;CÓRDOBA;;Rosario N/En destino;Rosario N/En destino;;Contrato;A plazo;;;SIO_exportar_operaciones_2026-09-07.csv;2026-09-08;moneda informada explícitamente en campo original: ARS;sí;no;;;exportacion_manual;1;no_aplica;no;no_aplica;sí
2026-09-04;2026;9;TRIGO PAN;SIO Granos / Secretaría de Agricultura;;Compraventa;Precio Hecho;350000;;PRECIO/TN MONTO;350000,00;350000,00;ARS;sí;no;PRECIO/TN MONEDA;$;TN;350000;30,00;TN;CANT. (TN);CÓRDOBA;CÓRDOBA;;Rosario N/En destino;Rosario N/En destino;;Contrato;A plazo;;;SIO_exportar_operaciones_2026-09-07.csv;2026-09-08;"commodity no catalogado; se conserva para revisión; moneda informada explícitamente en campo original: ARS";sí;no;;;exportacion_manual;1;no_aplica;no;no_aplica;sí
2026-09-04;2026;9;Maíz;SIO Granos / Secretaría de Agricultura;;Compraventa;Precio Hecho;285560;;PRECIO/TN MONTO;285560,00;285560,00;ARS;sí;no;PRECIO/TN MONEDA;$;TN;285560;200,00;TN;CANT. (TN);CÓRDOBA;CÓRDOBA;;Rosario N/En destino;Rosario N/En destino;;Contrato;A plazo;;;SIO_exportar_operaciones_2026-09-07.csv;2026-09-08;moneda informada explícitamente en campo original: ARS;sí;no;;;exportacion_manual;1;no_aplica;no;no_aplica;sí
2026-09-04;2026;9;Soja;SIO Granos / Secretaría de Agricultura;;Compraventa;Precio Hecho;372.9;;PRECIO/TN MONTO;372,90;372,90;USD;sí;no;PRECIO/TN MONEDA;U$S;TN;372.9;300,00;TN;CANT. (TN);SAN LUIS;SAN LUIS;;Zona 9/En destino;Zona 9/En destino;;Contrato;A plazo;;;SIO_exportar_operaciones_2026-09-07.csv;2026-09-08;moneda informada explícitamente en campo original: USD;sí;no;;;exportacion_manual;1;no_aplica;no;no_aplica;sí
2026-09-04;2026;9;Soja;SIO Granos / Secretaría de Agricultura;;Compraventa;Precio Hecho;558500;;PRECIO/TN MONTO;558500,00;558500,00;ARS;sí;no;PRECIO/TN MONEDA;$;TN;558500;10,10;TN;CANT. (TN);CÓRDOBA;CÓRDOBA;;Zona 10/En destino;Zona 10/En destino;;Contrato;A plazo;;;SIO_exportar_operaciones_2026-09-07.csv;2026-09-08;moneda informada explícitamente en campo original: ARS;sí;no;;;exportacion_manual;1;no_aplica;no;no_aplica;sí
2026-09-04;2026;9;Soja;SIO Granos / Secretaría de Agricultura;;Compraventa;Precio Hecho;558400;;PRECIO/TN MONTO;558400,00;558400,00;ARS;sí;no;PRECIO/TN MONEDA;$;TN;558400;29,30;TN;CANT. (TN);CÓRDOBA;CÓRDOBA;;Zona 9/En destino;Zona 9/En destino;;Contrato;A plazo;;;SIO_exportar_operaciones_2026-09-07.csv;2026-09-08;moneda informada explícitamente en campo original: ARS;sí;no;;;exportacion_manual;1;no_aplica;no;no_aplica;sí
2026-09-04;2026;9;Soja;SIO Granos / Secretaría de Agricultura;;Compraventa;Precio Hecho;558400;;PRECIO/TN MONTO;558400,00;558400,00;ARS;sí;no;PRECIO/TN MONEDA;$;TN;558400;12,77;TN;CANT. (TN);CÓRDOBA;CÓRDOBA;;Zona 9/En destino;Zona 9/En destino;;Contrato;A plazo;;;SIO_exportar_operaciones_2026-09-07.csv;2026-09-08;moneda informada explícitamente en campo original: ARS;sí;no;;;exportacion_manual;1;no_aplica;no;no_aplica;sí
2026-09-04;2026;9;Soja;SIO Granos / Secretaría de Agricultura;;Compraventa;Precio Hecho;558400;;PRECIO/TN MONTO;558400,00;558400,00;ARS;sí;no;PRECIO/TN MONEDA;$;TN;558400;27,23;TN;CANT. (TN);CÓRDOBA;CÓRDOBA;;Zona 9/En destino;Zona 9/En destino;;Contrato;A plazo;;;SIO_exportar_operaciones_2026-09-07.csv;2026-09-08;moneda informada explícitamente en campo original: ARS;sí;no;;;exportacion_manual;1;no_aplica;no;no_aplica;sí
2026-09-04;2026;9;Soja;SIO Granos / Secretaría de Agricultura;;Compraventa;Precio Hecho;558400;;PRECIO/TN MONTO;558400,00;558400,00;ARS;sí;no;PRECIO/TN MONEDA;$;TN;558400;10,00;TN;CANT. (TN);CÓRDOBA;CÓRDOBA;;Zona 9/En destino;Zona 9/En destino;;Contrato;A plazo;;;SIO_exportar_operaciones_2026-09-07.csv;2026-09-08;moneda informada explícitamente en campo original: ARS;sí;no;;;exportacion_manual;1;no_aplica;no;no_aplica;sí
2026-09-04;2026;9;Soja;SIO Granos / Secretaría de Agricultura;;Compraventa;Precio Hecho;353.9;;PRECIO/TN MONTO;353,90;353,90;USD;sí;no;PRECIO/TN MONEDA;U$S;TN;353.9;120,00;TN;CANT. (TN);CÓRDOBA;CÓRDOBA;;Zona 9/En destino;Zona 9/En destino;;Contrato;Contra entrega;;;SIO_exportar_operaciones_2026-09-07.csv;2026-09-08;moneda informada explícitamente en campo original: USD;sí;no;;;exportacion_manual;1;no_aplica;no;no_aplica;sí
2026-09-04;2026;9;Soja;SIO Granos / Secretaría de Agricultura;;Compraventa;Precio Hecho;353.9;;PRECIO/TN MONTO;353,90;353,90;USD;sí;no;PRECIO/TN MONEDA;U$S;TN;353.9;60,00;TN;CANT. (TN);CÓRDOBA;CÓRDOBA;;Zona 9/En destino;Zona 9/En destino;;Contrato;Contra entrega;;;SIO_exportar_operaciones_2026-09-07.csv;2026-09-08;moneda informada explícitamente en campo original: USD;sí;no;;;exportacion_manual;1;no_aplica;no;no_aplica;sí
2026-09-04;2026;9;Maíz;SIO Granos / Secretaría de Agricultura;;Compraventa;Precio Hecho;206;;PRECIO/TN MONTO;206,00;206,00;USD;sí;no;PRECIO/TN MONEDA;U$S;TN;206;210,00;TN;CANT. (TN);CÓRDOBA;CÓRDOBA;;Rosario N/En destino;Rosario N/En destino;;Contrato;Contra entrega;;;SIO_exportar_operaciones_2026-09-07.csv;2026-09-08;moneda informada explícitamente en campo original: USD;sí;no;;;exportacion_manual;1;no_aplica;no;no_aplica;sí
2026-09-04;2026;9;Maíz;SIO Granos / Secretaría de Agricultura;;Compraventa;Precio Hecho;206;;PRECIO/TN MONTO;206,00;206,00;USD;sí;no;PRECIO/TN MONEDA;U$S;TN;206;150,00;TN;CANT. (TN);CÓRDOBA;CÓRDOBA;;Rosario N/En destino;Rosario N/En destino;;Contrato;Contra entrega;;;SIO_exportar_operaciones_2026-09-07.csv;2026-09-08;moneda informada explícitamente en campo original: USD;sí;no;;;exportacion_manual;1;no_aplica;no;no_aplica;sí
2026-09-04;2026;9;TRIGO PAN;SIO Granos / Secretaría de Agricultura;;Compraventa;Precio Hecho;230;;PRECIO/TN MONTO;230,00;230,00;USD;sí;no;PRECIO/TN MONEDA;U$S;TN;230;120,00;TN;CANT. (TN);CÓRDOBA;CÓRDOBA;;Rosario N/En destino;Rosario N/En destino;;Contrato;Contra entrega;;;SIO_exportar_operaciones_2026-09-07.csv;2026-09-08;"commodity no catalogado; se conserva para revisión; moneda informada explícitamente en campo original: USD";sí;no;;;exportacion_manual;1;no_aplica;no;no_aplica;sí
2026-09-04;2026;9;TRIGO PAN;SIO Granos / Secretaría de Agricultura;;Compraventa;Precio Hecho;348400;;PRECIO/TN MONTO;348400,00;348400,00;ARS;sí;no;PRECIO/TN MONEDA;$;TN;348400;0,72;TN;CANT. (TN);CÓRDOBA;CÓRDOBA;;Zona 9/En destino;Zona 9/En destino;;Contrato;A plazo;;;SIO_exportar_operaciones_2026-09-07.csv;2026-09-08;"commodity no catalogado; se conserva para revisión; moneda informada explícitamente en campo original: ARS";sí;no;;;exportacion_manual;1;no_aplica;no;no_aplica;sí
2026-09-04;2026;9;TRIGO PAN;SIO Granos / Secretaría de Agricultura;;Compraventa;Precio Hecho;348400;;PRECIO/TN MONTO;348400,00;348400,00;ARS;sí;no;PRECIO/TN MONEDA;$;TN;348400;0,52;TN;CANT. (TN);CÓRDOBA;CÓRDOBA;;Zona 9/En destino;Zona 9/En destino;;Contrato;A plazo;;;SIO_exportar_operaciones_2026-09-07.csv;2026-09-08;"commodity no catalogado; se conserva para revisión; moneda informada explícitamente en campo original: ARS";sí;no;;;exportacion_manual;1;no_aplica;no;no_aplica;sí
2026-09-04;2026;9;TRIGO PAN;SIO Granos / Secretaría de Agricultura;;Compraventa;Precio Hecho;350000;;PRECIO/TN MONTO;350000,00;350000,00;ARS;sí;no;PRECIO/TN MONEDA;$;TN;350000;30,26;TN;CANT. (TN);CÓRDOBA;CÓRDOBA;;Rosario N/En destino;Rosario N/En destino;;Contrato;A plazo;;;SIO_exportar_operaciones_2026-09-07.csv;2026-09-08;"commodity no catalogado; se conserva para revisión; moneda informada explícitamente en campo original: ARS";sí;no;;;exportacion_manual;1;no_aplica;no;no_aplica;sí
2026-09-04;2026;9;Soja;SIO Granos / Secretaría de Agricultura;;Compraventa;Precio Hecho;557700;;PRECIO/TN MONTO;557700,00;557700,00;ARS;sí;no;PRECIO/TN MONEDA;$;TN;557700;55,34;TN;CANT. (TN);SALTA;SALTA;;Zona 17/En destino;Zona 17/En destino;;Contrato;A plazo;;;SIO_exportar_operaciones_2026-09-07.csv;2026-09-08;moneda informada explícitamente en campo original: ARS;sí;no;;;exportacion_manual;1;no_aplica;no;no_aplica;sí
2026-09-04;2026;9;Soja;SIO Granos / Secretaría de Agricultura;;Compraventa;Precio Hecho;558350;;PRECIO/TN MONTO;558350,00;558350,00;ARS;sí;no;PRECIO/TN MONEDA;$;TN;558350;15,83;TN;CANT. (TN);CATAMARCA;CATAMARCA;;Zona 11/En destino;Zona 11/En destino;;Contrato;A plazo;;;SIO_exportar_operaciones_2026-09-07.csv;2026-09-08;moneda informada explícitamente en campo original: ARS;sí;no;;;exportacion_manual;1;no_aplica;no;no_aplica;sí
2026-09-04;2026;9;Soja;SIO Granos / Secretaría de Agricultura;;Compraventa;Precio Hecho;558350;;PRECIO/TN MONTO;558350,00;558350,00;ARS;sí;no;PRECIO/TN MONEDA;$;TN;558350;50,00;TN;CANT. (TN);TUCUMÁN;TUCUMÁN;;Zona 11/En destino;Zona 11/En destino;;Contrato;A plazo;;;SIO_exportar_operaciones_2026-09-07.csv;2026-09-08;moneda informada explícitamente en campo original: ARS;sí;no;;;exportacion_manual;1;no_aplica;no;no_aplica;sí
2026-09-04;2026;9;Maíz;SIO Granos / Secretaría de Agricultura;;Compraventa;Precio Hecho;202.9;;PRECIO/TN MONTO;202,90;202,90;USD;sí;no;PRECIO/TN MONEDA;U$S;TN;202.9;650,00;TN;CANT. (TN);TUCUMÁN;TUCUMÁN;;Zona 11/En destino;Zona 11/En destino;;Contrato;Contra entrega;;;SIO_exportar_operaciones_2026-09-07.csv;2026-09-08;moneda informada explícitamente en campo original: USD;sí;no;;;exportacion_manual;1;no_aplica;no;no_aplica;sí
2026-09-04;2026;9;Soja;SIO Granos / Secretaría de Agricultura;;Compraventa;Precio Hecho;353.9;;PRECIO/TN MONTO;353,90;353,90;USD;sí;no;PRECIO/TN MONEDA;U$S;TN;353.9;100,00;TN;CANT. (TN);CATAMARCA;CATAMARCA;;Zona 11/En destino;Zona 11/En destino;;Contrato;Contra entrega;;;SIO_exportar_operaciones_2026-09-07.csv;2026-09-08;moneda informada explícitamente en campo original: USD;sí;no;;;exportacion_manual;1;no_aplica;no;no_aplica;sí
2026-09-04;2026;9;Soja;SIO Granos / Secretaría de Agricultura;;Compraventa;Precio Hecho;558350;;PRECIO/TN MONTO;558350,00;558350,00;ARS;sí;no;PRECIO/TN MONEDA;$;TN;558350;100,00;TN;CANT. (TN);CATAMARCA;CATAMARCA;;Zona 11/En destino;Zona 11/En destino;;Contrato;A plazo;;;SIO_exportar_operaciones_2026-09-07.csv;2026-09-08;moneda informada explícitamente en campo original: ARS;sí;no;;;exportacion_manual;1;no_aplica;no;no_aplica;sí
2026-09-04;2026;9;Soja;SIO Granos / Secretaría de Agricultura;;Compraventa;Precio Hecho;558350;;PRECIO/TN MONTO;558350,00;558350,00;ARS;sí;no;PRECIO/TN MONEDA;$;TN;558350;20,00;TN;CANT. (TN);TUCUMÁN;TUCUMÁN;;Zona 11/En destino;Zona 11/En destino;;Contrato;A plazo;;;SIO_exportar_operaciones_2026-09-07.csv;2026-09-08;moneda informada explícitamente en campo original: ARS;sí;no;;;exportacion_manual;1;no_aplica;no;no_aplica;sí
2026-09-04;2026;9;Soja;SIO Granos / Secretaría de Agricultura;;Compraventa;Precio Hecho;558000;;PRECIO/TN MONTO;558000,00;558000,00;ARS;sí;no;PRECIO/TN MONEDA;$;TN;558000;20,00;TN;CANT. (TN);TUCUMÁN;TUCUMÁN;;Zona 16/En destino;Zona 16/En destino;;Contrato;A plazo;;;SIO_exportar_operaciones_2026-09-07.csv;2026-09-08;moneda informada explícitamente en campo original: ARS;sí;no;;;exportacion_manual;1;no_aplica;no;no_aplica;sí
2026-09-04;2026;9;Soja;SIO Granos / Secretaría de Agricultura;;Compraventa;Precio Hecho;558000;;PRECIO/TN MONTO;558000,00;558000,00;ARS;sí;no;PRECIO/TN MONEDA;$;TN;558000;51,30;TN;CANT. (TN);TUCUMÁN;TUCUMÁN;;Zona 16/En destino;Zona 16/En destino;;Contrato;A plazo;;;SIO_exportar_operaciones_2026-09-07.csv;2026-09-08;moneda informada explícitamente en campo original: ARS;sí;no;;;exportacion_manual;1;no_aplica;no;no_aplica;sí
2026-09-04;2026;9;Soja;SIO Granos / Secretaría de Agricultura;;Canje;Precio Hecho;558000;;PRECIO/TN MONTO;558000,00;558000,00;ARS;sí;no;PRECIO/TN MONEDA;$;TN;558000;1720,00;TN;CANT. (TN);TUCUMÁN;TUCUMÁN;;Zona 16/En destino;Zona 16/En destino;;Contrato;Contra entrega;;;SIO_exportar_operaciones_2026-09-07.csv;2026-09-08;moneda informada explícitamente en campo original: ARS;sí;no;;;exportacion_manual;1;no_aplica;no;no_aplica;sí
2026-09-04;2026;9;Soja;SIO Granos / Secretaría de Agricultura;;Compraventa;Precio Hecho;558400;;PRECIO/TN MONTO;558400,00;558400,00;ARS;sí;no;PRECIO/TN MONEDA;$;TN;558400;107,58;TN;CANT. (TN);TUCUMÁN;TUCUMÁN;;Zona 9/En destino;Zona 9/En destino;;Contrato;A plazo;;;SIO_exportar_operaciones_2026-09-07.csv;2026-09-08;moneda informada explícitamente en campo original: ARS;sí;no;;;exportacion_manual;1;no_aplica;no;no_aplica;sí
2026-09-04;2026;9;Soja;SIO Granos / Secretaría de Agricultura;;Compraventa;Precio Hecho;558350;;PRECIO/TN MONTO;558350,00;558350,00;ARS;sí;no;PRECIO/TN MONEDA;$;TN;558350;404,89;TN;CANT. (TN);SANTIAGO DEL ESTERO;SANTIAGO DEL ESTERO;;Zona 11/En destino;Zona 11/En destino;;Contrato;A plazo;;;SIO_exportar_operaciones_2026-09-07.csv;2026-09-08;moneda informada explícitamente en campo original: ARS;sí;no;;;exportacion_manual;1;no_aplica;no;no_aplica;sí
2026-09-04;2026;9;Soja;SIO Granos / Secretaría de Agricultura;;Compraventa;Precio Hecho;558350;;PRECIO/TN MONTO;558350,00;558350,00;ARS;sí;no;PRECIO/TN MONEDA;$;TN;558350;21,22;TN;CANT. (TN);SANTIAGO DEL ESTERO;SANTIAGO DEL ESTERO;;Zona 11/En destino;Zona 11/En destino;;Contrato;A plazo;;;SIO_exportar_operaciones_2026-09-07.csv;2026-09-08;moneda informada explícitamente en campo original: ARS;sí;no;;;exportacion_manual;1;no_aplica;no;no_aplica;sí
2026-09-04;2026;9;Soja;SIO Granos / Secretaría de Agricultura;;Canje;Precio Hecho;558000;;PRECIO/TN MONTO;558000,00;558000,00;ARS;sí;no;PRECIO/TN MONEDA;$;TN;558000;82,57;TN;CANT. (TN);TUCUMÁN;TUCUMÁN;;Zona 16/En destino;Zona 16/En destino;;Contrato;Contra entrega;;;SIO_exportar_operaciones_2026-09-07.csv;2026-09-08;moneda informada explícitamente en campo original: ARS;sí;no;;;exportacion_manual;1;no_aplica;no;no_aplica;sí
2026-09-04;2026;9;Soja;SIO Granos / Secretaría de Agricultura;;Compraventa;Precio Hecho;558000;;PRECIO/TN MONTO;558000,00;558000,00;ARS;sí;no;PRECIO/TN MONEDA;$;TN;558000;15,00;TN;CANT. (TN);TUCUMÁN;TUCUMÁN;;Zona 16/En destino;Zona 16/En destino;;Contrato;A plazo;;;SIO_exportar_operaciones_2026-09-07.csv;2026-09-08;moneda informada explícitamente en campo original: ARS;sí;no;;;exportacion_manual;1;no_aplica;no;no_aplica;sí
2026-09-04;2026;9;Soja;SIO Granos / Secretaría de Agricultura;;Compraventa;Precio Hecho;558000;;PRECIO/TN MONTO;558000,00;558000,00;ARS;sí;no;PRECIO/TN MONEDA;$;TN;558000;20,79;TN;CANT. (TN);TUCUMÁN;TUCUMÁN;;Zona 16/En destino;Zona 16/En destino;;Contrato;A plazo;;;SIO_exportar_operaciones_2026-09-07.csv;2026-09-08;moneda informada explícitamente en campo original: ARS;sí;no;;;exportacion_manual;1;no_aplica;no;no_aplica;sí
2026-09-04;2026;9;Soja;SIO Granos / Secretaría de Agricultura;;Compraventa;Precio Hecho;558350;;PRECIO/TN MONTO;558350,00;558350,00;ARS;sí;no;PRECIO/TN MONEDA;$;TN;558350;0,15;TN;CANT. (TN);SANTIAGO DEL ESTERO;SANTIAGO DEL ESTERO;;Zona 11/En destino;Zona 11/En destino;;Contrato;A plazo;;;SIO_exportar_operaciones_2026-09-07.csv;2026-09-08;moneda informada explícitamente en campo original: ARS;sí;no;;;exportacion_manual;1;no_aplica;no;no_aplica;sí
2026-09-04;2026;9;Soja;SIO Granos / Secretaría de Agricultura;;Compraventa;Precio Hecho;558000;;PRECIO/TN MONTO;558000,00;558000,00;ARS;sí;no;PRECIO/TN MONEDA;$;TN;558000;73,25;TN;CANT. (TN);SALTA;SALTA;;Zona 16/En destino;Zona 16/En destino;;Contrato;A plazo;;;SIO_exportar_operaciones_2026-09-07.csv;2026-09-08;moneda informada explícitamente en campo original: ARS;sí;no;;;exportacion_manual;1;no_aplica;no;no_aplica;sí
2026-09-04;2026;9;Soja;SIO Granos / Secretaría de Agricultura;;Compraventa;Precio Hecho;373.5;;PRECIO/TN MONTO;373,50;373,50;USD;sí;no;PRECIO/TN MONEDA;U$S;TN;373.5;200,00;TN;CANT. (TN);SALTA;SALTA;;Zona 17/En destino;Zona 17/En destino;;Contrato;Contra entrega;;;SIO_exportar_operaciones_2026-09-07.csv;2026-09-08;moneda informada explícitamente en campo original: USD;sí;no;;;exportacion_manual;1;no_aplica;no;no_aplica;sí
2026-09-04;2026;9;Soja;SIO Granos / Secretaría de Agricultura;;Compraventa;Precio Hecho;353.7;;PRECIO/TN MONTO;353,70;353,70;USD;sí;no;PRECIO/TN MONEDA;U$S;TN;353.7;100,00;TN;CANT. (TN);TUCUMÁN;TUCUMÁN;;Zona 16/En destino;Zona 16/En destino;;Contrato;Contra entrega;;;SIO_exportar_operaciones_2026-09-07.csv;2026-09-08;moneda informada explícitamente en campo original: USD;sí;no;;;exportacion_manual;1;no_aplica;no;no_aplica;sí
2026-09-04;2026;9;Soja;SIO Granos / Secretaría de Agricultura;;Canje;Precio Hecho;558000;;PRECIO/TN MONTO;558000,00;558000,00;ARS;sí;no;PRECIO/TN MONEDA;$;TN;558000;30,48;TN;CANT. (TN);TUCUMÁN;TUCUMÁN;;Zona 16/En destino;Zona 16/En destino;;Contrato;Contra entrega;;;SIO_exportar_operaciones_2026-09-07.csv;2026-09-08;moneda informada explícitamente en campo original: ARS;sí;no;;;exportacion_manual;1;no_aplica;no;no_aplica;sí
2026-09-04;2026;9;Soja;SIO Granos / Secretaría de Agricultura;;Compraventa;Precio Hecho;558400;;PRECIO/TN MONTO;558400,00;558400,00;ARS;sí;no;PRECIO/TN MONEDA;$;TN;558400;17,22;TN;CANT. (TN);TUCUMÁN;TUCUMÁN;;Zona 9/En destino;Zona 9/En destino;;Contrato;A plazo;;;SIO_exportar_operaciones_2026-09-07.csv;2026-09-08;moneda informada explícitamente en campo original: ARS;sí;no;;;exportacion_manual;1;no_aplica;no;no_aplica;sí
2026-09-04;2026;9;Soja;SIO Granos / Secretaría de Agricultura;;Compraventa;Precio Hecho;558000;;PRECIO/TN MONTO;558000,00;558000,00;ARS;sí;no;PRECIO/TN MONEDA;$;TN;558000;10,76;TN;CANT. (TN);TUCUMÁN;TUCUMÁN;;Zona 16/En destino;Zona 16/En destino;;Contrato;A plazo;;;SIO_exportar_operaciones_2026-09-07.csv;2026-09-08;moneda informada explícitamente en campo original: ARS;sí;no;;;exportacion_manual;1;no_aplica;no;no_aplica;sí
2026-09-04;2026;9;Soja;SIO Granos / Secretaría de Agricultura;;Compraventa;Precio Hecho;558400;;PRECIO/TN MONTO;558400,00;558400,00;ARS;sí;no;PRECIO/TN MONEDA;$;TN;558400;15,80;TN;CANT. (TN);TUCUMÁN;TUCUMÁN;;Zona 9/En destino;Zona 9/En destino;;Contrato;A plazo;;;SIO_exportar_operaciones_2026-09-07.csv;2026-09-08;moneda informada explícitamente en campo original: ARS;sí;no;;;exportacion_manual;1;no_aplica;no;no_aplica;sí
2026-09-04;2026;9;Soja;SIO Granos / Secretaría de Agricultura;;Compraventa;Precio Hecho;558000;;PRECIO/TN MONTO;558000,00;558000,00;ARS;sí;no;PRECIO/TN MONEDA;$;TN;558000;7,00;TN;CANT. (TN);TUCUMÁN;TUCUMÁN;;Zona 16/En destino;Zona 16/En destino;;Contrato;A plazo;;;SIO_exportar_operaciones_2026-09-07.csv;2026-09-08;moneda informada explícitamente en campo original: ARS;sí;no;;;exportacion_manual;1;no_aplica;no;no_aplica;sí
2026-09-04;2026;9;Maíz;SIO Granos / Secretaría de Agricultura;;Compraventa;Precio Hecho;283910;;PRECIO/TN MONTO;283910,00;283910,00;ARS;sí;no;PRECIO/TN MONEDA;$;TN;283910;0,30;TN;CANT. (TN);CATAMARCA;CATAMARCA;;Zona 11/En destino;Zona 11/En destino;;Contrato;A plazo;;;SIO_exportar_operaciones_2026-09-07.csv;2026-09-08;moneda informada explícitamente en campo original: ARS;sí;no;;;exportacion_manual;1;no_aplica;no;no_aplica;sí
2026-09-04;2026;9;Maíz;SIO Granos / Secretaría de Agricultura;;Compraventa;Precio Hecho;283560;;PRECIO/TN MONTO;283560,00;283560,00;ARS;sí;no;PRECIO/TN MONEDA;$;TN;283560;70,00;TN;CANT. (TN);TUCUMÁN;TUCUMÁN;;Zona 16/En destino;Zona 16/En destino;;Contrato;A plazo;;;SIO_exportar_operaciones_2026-09-07.csv;2026-09-08;moneda informada explícitamente en campo original: ARS;sí;no;;;exportacion_manual;1;no_aplica;no;no_aplica;sí
2026-09-04;2026;9;Soja;SIO Granos / Secretaría de Agricultura;;Compraventa;Precio Hecho;558400;;PRECIO/TN MONTO;558400,00;558400,00;ARS;sí;no;PRECIO/TN MONEDA;$;TN;558400;15,00;TN;CANT. (TN);CÓRDOBA;CÓRDOBA;;Zona 9/En destino;Zona 9/En destino;;Contrato;A plazo;;;SIO_exportar_operaciones_2026-09-07.csv;2026-09-08;moneda informada explícitamente en campo original: ARS;sí;no;;;exportacion_manual;1;no_aplica;no;no_aplica;sí
2026-09-04;2026;9;Soja;SIO Granos / Secretaría de Agricultura;;Compraventa;Precio Hecho;558400;;PRECIO/TN MONTO;558400,00;558400,00;ARS;sí;no;PRECIO/TN MONEDA;$;TN;558400;7,32;TN;CANT. (TN);CÓRDOBA;CÓRDOBA;;Zona 9/En destino;Zona 9/En destino;;Contrato;A plazo;;;SIO_exportar_operaciones_2026-09-07.csv;2026-09-08;moneda informada explícitamente en campo original: ARS;sí;no;;;exportacion_manual;1;no_aplica;no;no_aplica;sí
2026-09-04;2026;9;Soja;SIO Granos / Secretaría de Agricultura;;Compraventa;Precio Hecho;558400;;PRECIO/TN MONTO;558400,00;558400,00;ARS;sí;no;PRECIO/TN MONEDA;$;TN;558400;3,14;TN;CANT. (TN);CÓRDOBA;CÓRDOBA;;Zona 9/En destino;Zona 9/En destino;;Contrato;A plazo;;;SIO_exportar_operaciones_2026-09-07.csv;2026-09-08;moneda informada explícitamente en campo original: ARS;sí;no;;;exportacion_manual;1;no_aplica;no;no_aplica;sí
2026-09-04;2026;9;Soja;SIO Granos / Secretaría de Agricultura;;Compraventa;Precio Hecho;560000;;PRECIO/TN MONTO;560000,00;560000,00;ARS;sí;no;PRECIO/TN MONEDA;$;TN;560000;0,91;TN;CANT. (TN);CÓRDOBA;CÓRDOBA;;Rosario N/En destino;Rosario N/En destino;;Contrato;A plazo;;;SIO_exportar_operaciones_2026-09-07.csv;2026-09-08;moneda informada explícitamente en campo original: ARS;sí;no;;;exportacion_manual;1;no_aplica;no;no_aplica;sí
2026-09-04;2026;9;Maíz;SIO Granos / Secretaría de Agricultura;;Canje;Precio Hecho;283960;;PRECIO/TN MONTO;283960,00;283960,00;ARS;sí;no;PRECIO/TN MONEDA;$;TN;283960;32,96;TN;CANT. (TN);CÓRDOBA;CÓRDOBA;;Zona 9/En destino;Zona 9/En destino;;Contrato;Contra entrega;;;SIO_exportar_operaciones_2026-09-07.csv;2026-09-08;moneda informada explícitamente en campo original: ARS;sí;no;;;exportacion_manual;1;no_aplica;no;no_aplica;sí
2026-09-04;2026;9;Maíz;SIO Granos / Secretaría de Agricultura;;Compraventa;Precio Hecho;285560;;PRECIO/TN MONTO;285560,00;285560,00;ARS;sí;no;PRECIO/TN MONEDA;$;TN;285560;12,86;TN;CANT. (TN);CÓRDOBA;CÓRDOBA;;Rosario N/En destino;Rosario N/En destino;;Contrato;A plazo;;;SIO_exportar_operaciones_2026-09-07.csv;2026-09-08;moneda informada explícitamente en campo original: ARS;sí;no;;;exportacion_manual;1;no_aplica;no;no_aplica;sí
2026-09-04;2026;9;Maíz;SIO Granos / Secretaría de Agricultura;;Compraventa;Precio Hecho;285560;;PRECIO/TN MONTO;285560,00;285560,00;ARS;sí;no;PRECIO/TN MONEDA;$;TN;285560;41,05;TN;CANT. (TN);CÓRDOBA;CÓRDOBA;;Rosario N/En destino;Rosario N/En destino;;Contrato;A plazo;;;SIO_exportar_operaciones_2026-09-07.csv;2026-09-08;moneda informada explícitamente en campo original: ARS;sí;no;;;exportacion_manual;1;no_aplica;no;no_aplica;sí
2026-09-04;2026;9;Maíz;SIO Granos / Secretaría de Agricultura;;Compraventa;Precio Hecho;285560;;PRECIO/TN MONTO;285560,00;285560,00;ARS;sí;no;PRECIO/TN MONEDA;$;TN;285560;23,58;TN;CANT. (TN);CÓRDOBA;CÓRDOBA;;Rosario N/En destino;Rosario N/En destino;;Contrato;A plazo;;;SIO_exportar_operaciones_2026-09-07.csv;2026-09-08;moneda informada explícitamente en campo original: ARS;sí;no;;;exportacion_manual;1;no_aplica;no;no_aplica;sí
2026-09-04;2026;9;Soja;SIO Granos / Secretaría de Agricultura;;Compraventa;Precio Hecho;355;;PRECIO/TN MONTO;355,00;355,00;USD;sí;no;PRECIO/TN MONEDA;U$S;TN;355;30,00;TN;CANT. (TN);SANTA FE;SANTA FE;;Rosario N/En destino;Rosario N/En destino;;Contrato;Contra entrega;;;SIO_exportar_operaciones_2026-09-07.csv;2026-09-08;moneda informada explícitamente en campo original: USD;sí;no;;;exportacion_manual;1;no_aplica;no;no_aplica;sí
2026-09-04;2026;9;Soja;SIO Granos / Secretaría de Agricultura;;Compraventa;Precio Hecho;559620;;PRECIO/TN MONTO;559620,00;559620,00;ARS;sí;no;PRECIO/TN MONEDA;$;TN;559620;129,87;TN;CANT. (TN);SANTA FE;SANTA FE;;Zona 8/En destino;Zona 8/En destino;;Contrato;A plazo;;;SIO_exportar_operaciones_2026-09-07.csv;2026-09-08;moneda informada explícitamente en campo original: ARS;sí;no;;;exportacion_manual;1;no_aplica;no;no_aplica;sí
2026-09-04;2026;9;Soja;SIO Granos / Secretaría de Agricultura;;Compraventa;Precio Hecho;560000;;PRECIO/TN MONTO;560000,00;560000,00;ARS;sí;no;PRECIO/TN MONEDA;$;TN;560000;90,56;TN;CANT. (TN);SANTA FE;SANTA FE;;Rosario N/En destino;Rosario N/En destino;;Contrato;A plazo;;;SIO_exportar_operaciones_2026-09-07.csv;2026-09-08;moneda informada explícitamente en campo original: ARS;sí;no;;;exportacion_manual;1;no_aplica;no;no_aplica;sí
2026-09-04;2026;9;Soja;SIO Granos / Secretaría de Agricultura;;Compraventa;Precio Hecho;559620;;PRECIO/TN MONTO;559620,00;559620,00;ARS;sí;no;PRECIO/TN MONEDA;$;TN;559620;164,16;TN;CANT. (TN);SANTA FE;SANTA FE;;Zona 8/En destino;Zona 8/En destino;;Contrato;A plazo;;;SIO_exportar_operaciones_2026-09-07.csv;2026-09-08;moneda informada explícitamente en campo original: ARS;sí;no;;;exportacion_manual;1;no_aplica;no;no_aplica;sí
2026-09-04;2026;9;Maíz;SIO Granos / Secretaría de Agricultura;;Canje;Precio Hecho;285560;;PRECIO/TN MONTO;285560,00;285560,00;ARS;sí;no;PRECIO/TN MONEDA;$;TN;285560;26,25;TN;CANT. (TN);SANTA FE;SANTA FE;;Rosario N/En destino;Rosario N/En destino;;Contrato;Contra entrega;;;SIO_exportar_operaciones_2026-09-07.csv;2026-09-08;moneda informada explícitamente en campo original: ARS;sí;no;;;exportacion_manual;1;no_aplica;no;no_aplica;sí
2026-09-04;2026;9;Maíz;SIO Granos / Secretaría de Agricultura;;Compraventa;Precio Hecho;285560;;PRECIO/TN MONTO;285560,00;285560,00;ARS;sí;no;PRECIO/TN MONEDA;$;TN;285560;26,70;TN;CANT. (TN);SANTA FE;SANTA FE;;Rosario N/En destino;Rosario N/En destino;;Contrato;A plazo;;;SIO_exportar_operaciones_2026-09-07.csv;2026-09-08;moneda informada explícitamente en campo original: ARS;sí;no;;;exportacion_manual;1;no_aplica;no;no_aplica;sí
2026-09-04;2026;9;Maíz;SIO Granos / Secretaría de Agricultura;;Compraventa;Precio Hecho;285560;;PRECIO/TN MONTO;285560,00;285560,00;ARS;sí;no;PRECIO/TN MONEDA;$;TN;285560;26,30;TN;CANT. (TN);SANTA FE;SANTA FE;;Rosario N/En destino;Rosario N/En destino;;Contrato;A plazo;;;SIO_exportar_operaciones_2026-09-07.csv;2026-09-08;moneda informada explícitamente en campo original: ARS;sí;no;;;exportacion_manual;1;no_aplica;no;no_aplica;sí
2026-09-04;2026;9;Maíz;SIO Granos / Secretaría de Agricultura;;Compraventa;Precio Hecho;285560;;PRECIO/TN MONTO;285560,00;285560,00;ARS;sí;no;PRECIO/TN MONEDA;$;TN;285560;66,45;TN;CANT. (TN);SANTA FE;SANTA FE;;Rosario N/En destino;Rosario N/En destino;;Contrato;A plazo;;;SIO_exportar_operaciones_2026-09-07.csv;2026-09-08;moneda informada explícitamente en campo original: ARS;sí;no;;;exportacion_manual;1;no_aplica;no;no_aplica;sí
2026-09-04;2026;9;Maíz;SIO Granos / Secretaría de Agricultura;;Compraventa;Precio Hecho;285560;;PRECIO/TN MONTO;285560,00;285560,00;ARS;sí;no;PRECIO/TN MONEDA;$;TN;285560;19,62;TN;CANT. (TN);SANTA FE;SANTA FE;;Rosario N/En destino;Rosario N/En destino;;Contrato;A plazo;;;SIO_exportar_operaciones_2026-09-07.csv;2026-09-08;moneda informada explícitamente en campo original: ARS;sí;no;;;exportacion_manual;1;no_aplica;no;no_aplica;sí
2026-09-04;2026;9;Maíz;SIO Granos / Secretaría de Agricultura;;Compraventa;Precio Hecho;284620;;PRECIO/TN MONTO;284620,00;284620,00;ARS;sí;no;PRECIO/TN MONEDA;$;TN;284620;15,00;TN;CANT. (TN);SANTA FE;SANTA FE;;Zona 8/En destino;Zona 8/En destino;;Contrato;A plazo;;;SIO_exportar_operaciones_2026-09-07.csv;2026-09-08;moneda informada explícitamente en campo original: ARS;sí;no;;;exportacion_manual;1;no_aplica;no;no_aplica;sí
2026-09-04;2026;9;Soja;SIO Granos / Secretaría de Agricultura;;Compraventa;Precio Hecho;560000;;PRECIO/TN MONTO;560000,00;560000,00;ARS;sí;no;PRECIO/TN MONEDA;$;TN;560000;40,00;TN;CANT. (TN);CÓRDOBA;CÓRDOBA;;Rosario N/En destino;Rosario N/En destino;;Contrato;A plazo;;;SIO_exportar_operaciones_2026-09-07.csv;2026-09-08;moneda informada explícitamente en campo original: ARS;sí;no;;;exportacion_manual;1;no_aplica;no;no_aplica;sí
2026-09-04;2026;9;Maíz;SIO Granos / Secretaría de Agricultura;;Compraventa;Precio Hecho;284580;;PRECIO/TN MONTO;284580,00;284580,00;ARS;sí;no;PRECIO/TN MONEDA;$;TN;284580;10,00;TN;CANT. (TN);CÓRDOBA;CÓRDOBA;;Zona 8/En destino;Zona 8/En destino;;Contrato;A plazo;;;SIO_exportar_operaciones_2026-09-07.csv;2026-09-08;moneda informada explícitamente en campo original: ARS;sí;no;;;exportacion_manual;1;no_aplica;no;no_aplica;sí
2026-09-04;2026;9;Maíz;SIO Granos / Secretaría de Agricultura;;Compraventa;Precio Hecho;285560;;PRECIO/TN MONTO;285560,00;285560,00;ARS;sí;no;PRECIO/TN MONEDA;$;TN;285560;117,46;TN;CANT. (TN);CÓRDOBA;CÓRDOBA;;Rosario N/En destino;Rosario N/En destino;;Contrato;A plazo;;;SIO_exportar_operaciones_2026-09-07.csv;2026-09-08;moneda informada explícitamente en campo original: ARS;sí;no;;;exportacion_manual;1;no_aplica;no;no_aplica;sí
2026-09-04;2026;9;Soja;SIO Granos / Secretaría de Agricultura;;Compraventa;Precio Hecho;560000;;PRECIO/TN MONTO;560000,00;560000,00;ARS;sí;no;PRECIO/TN MONEDA;$;TN;560000;7,50;TN;CANT. (TN);BUENOS AIRES;BUENOS AIRES;;Rosario N/En destino;Rosario N/En destino;;Contrato;A plazo;;;SIO_exportar_operaciones_2026-09-07.csv;2026-09-08;moneda informada explícitamente en campo original: ARS;sí;no;;;exportacion_manual;1;no_aplica;no;no_aplica;sí
2026-09-04;2026;9;Soja;SIO Granos / Secretaría de Agricultura;;Compraventa;Precio Hecho;560000;;PRECIO/TN MONTO;560000,00;560000,00;ARS;sí;no;PRECIO/TN MONEDA;$;TN;560000;143,73;TN;CANT. (TN);CÓRDOBA;CÓRDOBA;;Rosario N/En destino;Rosario N/En destino;;Contrato;A plazo;;;SIO_exportar_operaciones_2026-09-07.csv;2026-09-08;moneda informada explícitamente en campo original: ARS;sí;no;;;exportacion_manual;1;no_aplica;no;no_aplica;sí
2026-09-04;2026;9;Maíz;SIO Granos / Secretaría de Agricultura;;Compraventa;Precio Hecho;284580;;PRECIO/TN MONTO;284580,00;284580,00;ARS;sí;no;PRECIO/TN MONEDA;$;TN;284580;60,00;TN;CANT. (TN);SANTA FE;SANTA FE;;Zona 8/En destino;Zona 8/En destino;;Contrato;A plazo;;;SIO_exportar_operaciones_2026-09-07.csv;2026-09-08;moneda informada explícitamente en campo original: ARS;sí;no;;;exportacion_manual;1;no_aplica;no;no_aplica;sí
2026-09-04;2026;9;Maíz;SIO Granos / Secretaría de Agricultura;;Compraventa;Precio Hecho;285560;;PRECIO/TN MONTO;285560,00;285560,00;ARS;sí;no;PRECIO/TN MONEDA;$;TN;285560;1,50;TN;CANT. (TN);BUENOS AIRES;BUENOS AIRES;;Rosario N/En destino;Rosario N/En destino;;Contrato;A plazo;;;SIO_exportar_operaciones_2026-09-07.csv;2026-09-08;moneda informada explícitamente en campo original: ARS;sí;no;;;exportacion_manual;1;no_aplica;no;no_aplica;sí
2026-09-04;2026;9;Maíz;SIO Granos / Secretaría de Agricultura;;Compraventa;Precio Hecho;285560;;PRECIO/TN MONTO;285560,00;285560,00;ARS;sí;no;PRECIO/TN MONEDA;$;TN;285560;36,58;TN;CANT. (TN);CÓRDOBA;CÓRDOBA;;Rosario N/En destino;Rosario N/En destino;;Contrato;A plazo;;;SIO_exportar_operaciones_2026-09-07.csv;2026-09-08;moneda informada explícitamente en campo original: ARS;sí;no;;;exportacion_manual;1;no_aplica;no;no_aplica;sí
2026-09-04;2026;9;Maíz;SIO Granos / Secretaría de Agricultura;;Compraventa;Precio Hecho;285560;;PRECIO/TN MONTO;285560,00;285560,00;ARS;sí;no;PRECIO/TN MONEDA;$;TN;285560;0,06;TN;CANT. (TN);CÓRDOBA;CÓRDOBA;;Rosario N/En destino;Rosario N/En destino;;Contrato;A plazo;;;SIO_exportar_operaciones_2026-09-07.csv;2026-09-08;moneda informada explícitamente en campo original: ARS;sí;no;;;exportacion_manual;1;no_aplica;no;no_aplica;sí
2026-09-04;2026;9;Maíz;SIO Granos / Secretaría de Agricultura;;Compraventa;Precio Hecho;285560;;PRECIO/TN MONTO;285560,00;285560,00;ARS;sí;no;PRECIO/TN MONEDA;$;TN;285560;3,50;TN;CANT. (TN);CÓRDOBA;CÓRDOBA;;Rosario N/En destino;Rosario N/En destino;;Contrato;A plazo;;;SIO_exportar_operaciones_2026-09-07.csv;2026-09-08;moneda informada explícitamente en campo original: ARS;sí;no;;;exportacion_manual;1;no_aplica;no;no_aplica;sí
2026-09-04;2026;9;Soja;SIO Granos / Secretaría de Agricultura;;Compraventa;Precio Hecho;560000;;PRECIO/TN MONTO;560000,00;560000,00;ARS;sí;no;PRECIO/TN MONEDA;$;TN;560000;21,47;TN;CANT. (TN);SANTA FE;SANTA FE;;Rosario N/En destino;Rosario N/En destino;;Contrato;A plazo;;;SIO_exportar_operaciones_2026-09-07.csv;2026-09-08;moneda informada explícitamente en campo original: ARS;sí;no;;;exportacion_manual;1;no_aplica;no;no_aplica;sí
2026-09-04;2026;9;Soja;SIO Granos / Secretaría de Agricultura;;Compraventa;Precio Hecho;560000;;PRECIO/TN MONTO;560000,00;560000,00;ARS;sí;no;PRECIO/TN MONEDA;$;TN;560000;0,16;TN;CANT. (TN);SANTA FE;SANTA FE;;Rosario N/En destino;Rosario N/En destino;;Contrato;A plazo;;;SIO_exportar_operaciones_2026-09-07.csv;2026-09-08;moneda informada explícitamente en campo original: ARS;sí;no;;;exportacion_manual;1;no_aplica;no;no_aplica;sí
2026-09-04;2026;9;Maíz;SIO Granos / Secretaría de Agricultura;;Compraventa;Precio Hecho;285560;;PRECIO/TN MONTO;285560,00;285560,00;ARS;sí;no;PRECIO/TN MONEDA;$;TN;285560;45,64;TN;CANT. (TN);SANTA FE;SANTA FE;;Rosario N/En destino;Rosario N/En destino;;Contrato;A plazo;;;SIO_exportar_operaciones_2026-09-07.csv;2026-09-08;moneda informada explícitamente en campo original: ARS;sí;no;;;exportacion_manual;1;no_aplica;no;no_aplica;sí
2026-09-04;2026;9;Maíz;SIO Granos / Secretaría de Agricultura;;Compraventa;Precio Hecho;205;;PRECIO/TN MONTO;205,00;205,00;USD;sí;no;PRECIO/TN MONEDA;U$S;TN;205;80,00;TN;CANT. (TN);CÓRDOBA;CÓRDOBA;;Rosario N/En destino;Rosario N/En destino;;Contrato;Contra entrega;;;SIO_exportar_operaciones_2026-09-07.csv;2026-09-08;moneda informada explícitamente en campo original: USD;sí;no;;;exportacion_manual;1;no_aplica;no;no_aplica;sí
2026-09-04;2026;9;Soja;SIO Granos / Secretaría de Agricultura;;Compraventa;Precio Hecho;560000;;PRECIO/TN MONTO;560000,00;560000,00;ARS;sí;no;PRECIO/TN MONEDA;$;TN;560000;0,28;TN;CANT. (TN);CÓRDOBA;CÓRDOBA;;Rosario N/En destino;Rosario N/En destino;;Contrato;A plazo;;;SIO_exportar_operaciones_2026-09-07.csv;2026-09-08;moneda informada explícitamente en campo original: ARS;sí;no;;;exportacion_manual;1;no_aplica;no;no_aplica;sí
2026-09-04;2026;9;Soja;SIO Granos / Secretaría de Agricultura;;Compraventa;Precio Hecho;560000;;PRECIO/TN MONTO;560000,00;560000,00;ARS;sí;no;PRECIO/TN MONEDA;$;TN;560000;2,71;TN;CANT. (TN);CÓRDOBA;CÓRDOBA;;Rosario N/En destino;Rosario N/En destino;;Contrato;A plazo;;;SIO_exportar_operaciones_2026-09-07.csv;2026-09-08;moneda informada explícitamente en campo original: ARS;sí;no;;;exportacion_manual;1;no_aplica;no;no_aplica;sí
2026-09-04;2026;9;Maíz;SIO Granos / Secretaría de Agricultura;;Compraventa;Precio Hecho;285560;;PRECIO/TN MONTO;285560,00;285560,00;ARS;sí;no;PRECIO/TN MONEDA;$;TN;285560;7,07;TN;CANT. (TN);CÓRDOBA;CÓRDOBA;;Rosario N/En destino;Rosario N/En destino;;Contrato;A plazo;;;SIO_exportar_operaciones_2026-09-07.csv;2026-09-08;moneda informada explícitamente en campo original: ARS;sí;no;;;exportacion_manual;1;no_aplica;no;no_aplica;sí
2026-09-04;2026;9;Girasol;SIO Granos / Secretaría de Agricultura;;Compraventa;Precio Hecho;755400;;PRECIO/TN MONTO;755400,00;755400,00;ARS;sí;no;PRECIO/TN MONEDA;$;TN;755400;4,35;TN;CANT. (TN);CÓRDOBA;CÓRDOBA;;Zona 25/En destino;Zona 25/En destino;;Contrato;A plazo;;;SIO_exportar_operaciones_2026-09-07.csv;2026-09-08;moneda informada explícitamente en campo original: ARS;sí;no;;;exportacion_manual;1;no_aplica;no;no_aplica;sí
2026-09-04;2026;9;Maíz;SIO Granos / Secretaría de Agricultura;;Compraventa;Precio Hecho;285560;;PRECIO/TN MONTO;285560,00;285560,00;ARS;sí;no;PRECIO/TN MONEDA;$;TN;285560;0,50;TN;CANT. (TN);CÓRDOBA;CÓRDOBA;;Rosario N/En destino;Rosario N/En destino;;Contrato;A plazo;;;SIO_exportar_operaciones_2026-09-07.csv;2026-09-08;moneda informada explícitamente en campo original: ARS;sí;no;;;exportacion_manual;1;no_aplica;no;no_aplica;sí
2026-09-04;2026;9;Maíz;SIO Granos / Secretaría de Agricultura;;Compraventa;Precio Hecho;283860;;PRECIO/TN MONTO;283860,00;283860,00;ARS;sí;no;PRECIO/TN MONEDA;$;TN;283860;1,60;TN;CANT. (TN);CÓRDOBA;CÓRDOBA;;Cordoba/En destino;Cordoba/En destino;;Contrato;A plazo;;;SIO_exportar_operaciones_2026-09-07.csv;2026-09-08;moneda informada explícitamente en campo original: ARS;sí;no;;;exportacion_manual;1;no_aplica;no;no_aplica;sí
2026-09-04;2026;9;Maíz;SIO Granos / Secretaría de Agricultura;;Compraventa;Precio Hecho;285560;;PRECIO/TN MONTO;285560,00;285560,00;ARS;sí;no;PRECIO/TN MONEDA;$;TN;285560;0,42;TN;CANT. (TN);CÓRDOBA;CÓRDOBA;;Rosario N/En destino;Rosario N/En destino;;Contrato;A plazo;;;SIO_exportar_operaciones_2026-09-07.csv;2026-09-08;moneda informada explícitamente en campo original: ARS;sí;no;;;exportacion_manual;1;no_aplica;no;no_aplica;sí
2026-09-04;2026;9;Maíz;SIO Granos / Secretaría de Agricultura;;Compraventa;Precio Hecho;285560;;PRECIO/TN MONTO;285560,00;285560,00;ARS;sí;no;PRECIO/TN MONEDA;$;TN;285560;0,19;TN;CANT. (TN);CÓRDOBA;CÓRDOBA;;Rosario N/En destino;Rosario N/En destino;;Contrato;A plazo;;;SIO_exportar_operaciones_2026-09-07.csv;2026-09-08;moneda informada explícitamente en campo original: ARS;sí;no;;;exportacion_manual;1;no_aplica;no;no_aplica;sí
2026-09-04;2026;9;Maíz;SIO Granos / Secretaría de Agricultura;;Compraventa;Precio Hecho;285560;;PRECIO/TN MONTO;285560,00;285560,00;ARS;sí;no;PRECIO/TN MONEDA;$;TN;285560;0,15;TN;CANT. (TN);CÓRDOBA;CÓRDOBA;;Rosario N/En destino;Rosario N/En destino;;Contrato;A plazo;;;SIO_exportar_operaciones_2026-09-07.csv;2026-09-08;moneda informada explícitamente en campo original: ARS;sí;no;;;exportacion_manual;1;no_aplica;no;no_aplica;sí
2026-09-04;2026;9;Maíz;SIO Granos / Secretaría de Agricultura;;Canje;Precio Hecho;285560;;PRECIO/TN MONTO;285560,00;285560,00;ARS;sí;no;PRECIO/TN MONEDA;$;TN;285560;19,40;TN;CANT. (TN);CÓRDOBA;CÓRDOBA;;Rosario N/En destino;Rosario N/En destino;;Contrato;Contra entrega;;;SIO_exportar_operaciones_2026-09-07.csv;2026-09-08;moneda informada explícitamente en campo original: ARS;sí;no;;;exportacion_manual;1;no_aplica;no;no_aplica;sí
2026-09-04;2026;9;Maíz;SIO Granos / Secretaría de Agricultura;;Canje;Precio Hecho;285560;;PRECIO/TN MONTO;285560,00;285560,00;ARS;sí;no;PRECIO/TN MONEDA;$;TN;285560;26,42;TN;CANT. (TN);CÓRDOBA;CÓRDOBA;;Rosario N/En destino;Rosario N/En destino;;Contrato;Contra entrega;;;SIO_exportar_operaciones_2026-09-07.csv;2026-09-08;moneda informada explícitamente en campo original: ARS;sí;no;;;exportacion_manual;1;no_aplica;no;no_aplica;sí
2026-09-04;2026;9;Soja;SIO Granos / Secretaría de Agricultura;;Compraventa;Precio Hecho;565000;;PRECIO/TN MONTO;565000,00;565000,00;ARS;sí;no;PRECIO/TN MONEDA;$;TN;565000;30,00;TN;CANT. (TN);CÓRDOBA;CÓRDOBA;;Rosario N/En destino;Rosario N/En destino;;Contrato;A plazo;;;SIO_exportar_operaciones_2026-09-07.csv;2026-09-08;moneda informada explícitamente en campo original: ARS;sí;no;;;exportacion_manual;1;no_aplica;no;no_aplica;sí
2026-09-04;2026;9;Maíz;SIO Granos / Secretaría de Agricultura;;Compraventa;Precio Hecho;285560;;PRECIO/TN MONTO;285560,00;285560,00;ARS;sí;no;PRECIO/TN MONEDA;$;TN;285560;13,19;TN;CANT. (TN);CÓRDOBA;CÓRDOBA;;Rosario N/En destino;Rosario N/En destino;;Contrato;A plazo;;;SIO_exportar_operaciones_2026-09-07.csv;2026-09-08;moneda informada explícitamente en campo original: ARS;sí;no;;;exportacion_manual;1;no_aplica;no;no_aplica;sí
2026-09-04;2026;9;Maíz;SIO Granos / Secretaría de Agricultura;;Compraventa;Precio Hecho;283860;;PRECIO/TN MONTO;283860,00;283860,00;ARS;sí;no;PRECIO/TN MONEDA;$;TN;283860;6,10;TN;CANT. (TN);CÓRDOBA;CÓRDOBA;;Cordoba/En destino;Cordoba/En destino;;Contrato;A plazo;;;SIO_exportar_operaciones_2026-09-07.csv;2026-09-08;moneda informada explícitamente en campo original: ARS;sí;no;;;exportacion_manual;1;no_aplica;no;no_aplica;sí
2026-09-04;2026;9;Maíz;SIO Granos / Secretaría de Agricultura;;Compraventa;Precio Hecho;283860;;PRECIO/TN MONTO;283860,00;283860,00;ARS;sí;no;PRECIO/TN MONEDA;$;TN;283860;6,64;TN;CANT. (TN);CÓRDOBA;CÓRDOBA;;Cordoba/En destino;Cordoba/En destino;;Contrato;A plazo;;;SIO_exportar_operaciones_2026-09-07.csv;2026-09-08;moneda informada explícitamente en campo original: ARS;sí;no;;;exportacion_manual;1;no_aplica;no;no_aplica;sí
2026-09-04;2026;9;Maíz;SIO Granos / Secretaría de Agricultura;;Compraventa;Precio Hecho;285560;;PRECIO/TN MONTO;285560,00;285560,00;ARS;sí;no;PRECIO/TN MONEDA;$;TN;285560;13,59;TN;CANT. (TN);CÓRDOBA;CÓRDOBA;;Rosario N/En destino;Rosario N/En destino;;Contrato;A plazo;;;SIO_exportar_operaciones_2026-09-07.csv;2026-09-08;moneda informada explícitamente en campo original: ARS;sí;no;;;exportacion_manual;1;no_aplica;no;no_aplica;sí
2026-09-04;2026;9;Soja;SIO Granos / Secretaría de Agricultura;;Compraventa;Precio Hecho;558400;;PRECIO/TN MONTO;558400,00;558400,00;ARS;sí;no;PRECIO/TN MONEDA;$;TN;558400;55,08;TN;CANT. (TN);CÓRDOBA;CÓRDOBA;;Zona 9/En destino;Zona 9/En destino;;Contrato;A plazo;;;SIO_exportar_operaciones_2026-09-07.csv;2026-09-08;moneda informada explícitamente en campo original: ARS;sí;no;;;exportacion_manual;1;no_aplica;no;no_aplica;sí
2026-09-04;2026;9;Maíz;SIO Granos / Secretaría de Agricultura;;Compraventa;Precio Hecho;200.9;;PRECIO/TN MONTO;200,90;200,90;USD;sí;no;PRECIO/TN MONEDA;U$S;TN;200.9;90,00;TN;CANT. (TN);CÓRDOBA;CÓRDOBA;;Cordoba/En destino;Cordoba/En destino;;Contrato;Contra entrega;;;SIO_exportar_operaciones_2026-09-07.csv;2026-09-08;moneda informada explícitamente en campo original: USD;sí;no;;;exportacion_manual;1;no_aplica;no;no_aplica;sí
2026-09-04;2026;9;Maíz;SIO Granos / Secretaría de Agricultura;;Canje;Precio Hecho;200.9;;PRECIO/TN MONTO;200,90;200,90;USD;sí;no;PRECIO/TN MONEDA;U$S;TN;200.9;160,87;TN;CANT. (TN);CÓRDOBA;CÓRDOBA;;Cordoba/En destino;Cordoba/En destino;;Contrato;Contra entrega;;;SIO_exportar_operaciones_2026-09-07.csv;2026-09-08;moneda informada explícitamente en campo original: USD;sí;no;;;exportacion_manual;1;no_aplica;no;no_aplica;sí
2026-09-04;2026;9;Maíz;SIO Granos / Secretaría de Agricultura;;Canje;Precio Hecho;200.9;;PRECIO/TN MONTO;200,90;200,90;USD;sí;no;PRECIO/TN MONEDA;U$S;TN;200.9;171,74;TN;CANT. (TN);CÓRDOBA;CÓRDOBA;;Cordoba/En destino;Cordoba/En destino;;Contrato;Contra entrega;;;SIO_exportar_operaciones_2026-09-07.csv;2026-09-08;moneda informada explícitamente en campo original: USD;sí;no;;;exportacion_manual;1;no_aplica;no;no_aplica;sí
2026-09-04;2026;9;Maíz;SIO Granos / Secretaría de Agricultura;;Canje;Precio Hecho;200.9;;PRECIO/TN MONTO;200,90;200,90;USD;sí;no;PRECIO/TN MONEDA;U$S;TN;200.9;74,98;TN;CANT. (TN);CÓRDOBA;CÓRDOBA;;Cordoba/En destino;Cordoba/En destino;;Contrato;Contra entrega;;;SIO_exportar_operaciones_2026-09-07.csv;2026-09-08;moneda informada explícitamente en campo original: USD;sí;no;;;exportacion_manual;1;no_aplica;no;no_aplica;sí
2026-09-04;2026;9;Maíz;SIO Granos / Secretaría de Agricultura;;Compraventa;Precio Hecho;202.9;;PRECIO/TN MONTO;202,90;202,90;USD;sí;no;PRECIO/TN MONEDA;U$S;TN;202.9;120,00;TN;CANT. (TN);CÓRDOBA;CÓRDOBA;;Cordoba/En destino;Cordoba/En destino;;Contrato;Contra entrega;;;SIO_exportar_operaciones_2026-09-07.csv;2026-09-08;moneda informada explícitamente en campo original: USD;sí;no;;;exportacion_manual;1;no_aplica;no;no_aplica;sí
2026-09-04;2026;9;Maíz;SIO Granos / Secretaría de Agricultura;;Compraventa;Precio Hecho;285560;;PRECIO/TN MONTO;285560,00;285560,00;ARS;sí;no;PRECIO/TN MONEDA;$;TN;285560;2,25;TN;CANT. (TN);CÓRDOBA;CÓRDOBA;;Rosario N/En destino;Rosario N/En destino;;Contrato;A plazo;;;SIO_exportar_operaciones_2026-09-07.csv;2026-09-08;moneda informada explícitamente en campo original: ARS;sí;no;;;exportacion_manual;1;no_aplica;no;no_aplica;sí
2026-09-04;2026;9;Soja;SIO Granos / Secretaría de Agricultura;;Compraventa;Precio Hecho;560000;;PRECIO/TN MONTO;560000,00;560000,00;ARS;sí;no;PRECIO/TN MONEDA;$;TN;560000;62,55;TN;CANT. (TN);CÓRDOBA;CÓRDOBA;;Rosario N/En destino;Rosario N/En destino;;Contrato;A plazo;;;SIO_exportar_operaciones_2026-09-07.csv;2026-09-08;moneda informada explícitamente en campo original: ARS;sí;no;;;exportacion_manual;1;no_aplica;no;no_aplica;sí
2026-09-04;2026;9;Soja;SIO Granos / Secretaría de Agricultura;;Compraventa;Precio Hecho;560000;;PRECIO/TN MONTO;560000,00;560000,00;ARS;sí;no;PRECIO/TN MONEDA;$;TN;560000;37,64;TN;CANT. (TN);CÓRDOBA;CÓRDOBA;;Rosario N/En destino;Rosario N/En destino;;Contrato;A plazo;;;SIO_exportar_operaciones_2026-09-07.csv;2026-09-08;moneda informada explícitamente en campo original: ARS;sí;no;;;exportacion_manual;1;no_aplica;no;no_aplica;sí
2026-09-04;2026;9;Maíz;SIO Granos / Secretaría de Agricultura;;Compraventa;Precio Hecho;285560;;PRECIO/TN MONTO;285560,00;285560,00;ARS;sí;no;PRECIO/TN MONEDA;$;TN;285560;100,00;TN;CANT. (TN);SANTA FE;SANTA FE;;Rosario N/En destino;Rosario N/En destino;;Contrato;A plazo;;;SIO_exportar_operaciones_2026-09-07.csv;2026-09-08;moneda informada explícitamente en campo original: ARS;sí;no;;;exportacion_manual;1;no_aplica;no;no_aplica;sí
2026-09-04;2026;9;Soja;SIO Granos / Secretaría de Agricultura;;Compraventa;Precio Hecho;560000;;PRECIO/TN MONTO;560000,00;560000,00;ARS;sí;no;PRECIO/TN MONEDA;$;TN;560000;180,00;TN;CANT. (TN);CÓRDOBA;CÓRDOBA;;Rosario N/En destino;Rosario N/En destino;;Contrato;A plazo;;;SIO_exportar_operaciones_2026-09-07.csv;2026-09-08;moneda informada explícitamente en campo original: ARS;sí;no;;;exportacion_manual;1;no_aplica;no;no_aplica;sí
2026-09-04;2026;9;Soja;SIO Granos / Secretaría de Agricultura;;Compraventa;Precio Hecho;560000;;PRECIO/TN MONTO;560000,00;560000,00;ARS;sí;no;PRECIO/TN MONEDA;$;TN;560000;4,80;TN;CANT. (TN);CÓRDOBA;CÓRDOBA;;Rosario N/En destino;Rosario N/En destino;;Contrato;A plazo;;;SIO_exportar_operaciones_2026-09-07.csv;2026-09-08;moneda informada explícitamente en campo original: ARS;sí;no;;;exportacion_manual;1;no_aplica;no;no_aplica;sí
2026-09-04;2026;9;Soja;SIO Granos / Secretaría de Agricultura;;Compraventa;Precio Hecho;560000;;PRECIO/TN MONTO;560000,00;560000,00;ARS;sí;no;PRECIO/TN MONEDA;$;TN;560000;461,10;TN;CANT. (TN);SANTA FE;SANTA FE;;Rosario N/En destino;Rosario N/En destino;;Contrato;A plazo;;;SIO_exportar_operaciones_2026-09-07.csv;2026-09-08;moneda informada explícitamente en campo original: ARS;sí;no;;;exportacion_manual;1;no_aplica;no;no_aplica;sí
2026-09-04;2026;9;Soja;SIO Granos / Secretaría de Agricultura;;Compraventa;Precio Hecho;560000;;PRECIO/TN MONTO;560000,00;560000,00;ARS;sí;no;PRECIO/TN MONEDA;$;TN;560000;90,00;TN;CANT. (TN);CÓRDOBA;CÓRDOBA;;Rosario N/En destino;Rosario N/En destino;;Contrato;A plazo;;;SIO_exportar_operaciones_2026-09-07.csv;2026-09-08;moneda informada explícitamente en campo original: ARS;sí;no;;;exportacion_manual;1;no_aplica;no;no_aplica;sí
2026-09-04;2026;9;Soja;SIO Granos / Secretaría de Agricultura;;Compraventa;Precio Hecho;560000;;PRECIO/TN MONTO;560000,00;560000,00;ARS;sí;no;PRECIO/TN MONEDA;$;TN;560000;0,37;TN;CANT. (TN);SANTA FE;SANTA FE;;Rosario N/En destino;Rosario N/En destino;;Contrato;A plazo;;;SIO_exportar_operaciones_2026-09-07.csv;2026-09-08;moneda informada explícitamente en campo original: ARS;sí;no;;;exportacion_manual;1;no_aplica;no;no_aplica;sí
2026-09-04;2026;9;Soja;SIO Granos / Secretaría de Agricultura;;Compraventa;Precio Hecho;560000;;PRECIO/TN MONTO;560000,00;560000,00;ARS;sí;no;PRECIO/TN MONEDA;$;TN;560000;0,08;TN;CANT. (TN);CÓRDOBA;CÓRDOBA;;Rosario N/En destino;Rosario N/En destino;;Contrato;A plazo;;;SIO_exportar_operaciones_2026-09-07.csv;2026-09-08;moneda informada explícitamente en campo original: ARS;sí;no;;;exportacion_manual;1;no_aplica;no;no_aplica;sí
2026-09-04;2026;9;TRIGO PAN;SIO Granos / Secretaría de Agricultura;;Compraventa;Precio Hecho;350000;;PRECIO/TN MONTO;350000,00;350000,00;ARS;sí;no;PRECIO/TN MONEDA;$;TN;350000;60,00;TN;CANT. (TN);CÓRDOBA;CÓRDOBA;;Rosario N/En destino;Rosario N/En destino;;Contrato;A plazo;;;SIO_exportar_operaciones_2026-09-07.csv;2026-09-08;"commodity no catalogado; se conserva para revisión; moneda informada explícitamente en campo original: ARS";sí;no;;;exportacion_manual;1;no_aplica;no;no_aplica;sí
2026-09-04;2026;9;Soja;SIO Granos / Secretaría de Agricultura;;Compraventa;Fijar Precio/Mercado Comprador;560000;;PRECIO/TN MONTO;560000,00;560000,00;ARS;sí;no;PRECIO/TN MONEDA;$;TN;560000;300,00;TN;CANT. (TN);SANTA FE;SANTA FE;;Rosario N/En destino;Rosario N/En destino;;Fijación;A plazo;;;SIO_exportar_operaciones_2026-09-07.csv;2026-09-08;moneda informada explícitamente en campo original: ARS;sí;no;;;exportacion_manual;1;no_aplica;no;no_aplica;sí
2026-09-04;2026;9;Soja;SIO Granos / Secretaría de Agricultura;;Compraventa;Fijar Precio/Mercado Comprador;560000;;PRECIO/TN MONTO;560000,00;560000,00;ARS;sí;no;PRECIO/TN MONEDA;$;TN;560000;331,20;TN;CANT. (TN);CÓRDOBA;CÓRDOBA;;Rosario N/En destino;Rosario N/En destino;;Fijación;A plazo;;;SIO_exportar_operaciones_2026-09-07.csv;2026-09-08;moneda informada explícitamente en campo original: ARS;sí;no;;;exportacion_manual;1;no_aplica;no;no_aplica;sí
2026-09-04;2026;9;Soja;SIO Granos / Secretaría de Agricultura;;Compraventa;Fijar Precio/Mercado Comprador;560000;;PRECIO/TN MONTO;560000,00;560000,00;ARS;sí;no;PRECIO/TN MONEDA;$;TN;560000;90,44;TN;CANT. (TN);ENTRE RÍOS;ENTRE RÍOS;;Rosario N/En destino;Rosario N/En destino;;Fijación;A plazo;;;SIO_exportar_operaciones_2026-09-07.csv;2026-09-08;moneda informada explícitamente en campo original: ARS;sí;no;;;exportacion_manual;1;no_aplica;no;no_aplica;sí
2026-09-04;2026;9;Soja;SIO Granos / Secretaría de Agricultura;;Compraventa;Fijar Precio/Mercado Comprador;562050;;PRECIO/TN MONTO;562050,00;562050,00;ARS;sí;no;PRECIO/TN MONEDA;$;TN;562050;45,00;TN;CANT. (TN);SANTA FE;SANTA FE;;Rosario N/En destino;Rosario N/En destino;;Fijación;A plazo;;;SIO_exportar_operaciones_2026-09-07.csv;2026-09-08;moneda informada explícitamente en campo original: ARS;sí;no;;;exportacion_manual;1;no_aplica;no;no_aplica;sí
2026-09-04;2026;9;Girasol;SIO Granos / Secretaría de Agricultura;;Compraventa;Precio Hecho;449.77;;PRECIO/TN MONTO;449,77;449,77;USD;sí;no;PRECIO/TN MONEDA;U$S;TN;449.77;35,00;TN;CANT. (TN);CÓRDOBA;CÓRDOBA;;Zona 25/En destino;Zona 25/En destino;;Contrato;Contra entrega;;;SIO_exportar_operaciones_2026-09-07.csv;2026-09-08;moneda informada explícitamente en campo original: USD;sí;no;;;exportacion_manual;1;no_aplica;no;no_aplica;sí
2026-09-04;2026;9;Soja;SIO Granos / Secretaría de Agricultura;;Compraventa;Fijar Precio/Mercado Comprador;560000;;PRECIO/TN MONTO;560000,00;560000,00;ARS;sí;no;PRECIO/TN MONEDA;$;TN;560000;130,00;TN;CANT. (TN);CÓRDOBA;CÓRDOBA;;Rosario N/En destino;Rosario N/En destino;;Fijación;A plazo;;;SIO_exportar_operaciones_2026-09-07.csv;2026-09-08;moneda informada explícitamente en campo original: ARS;sí;no;;;exportacion_manual;1;no_aplica;no;no_aplica;sí
2026-09-04;2026;9;Maíz;SIO Granos / Secretaría de Agricultura;;Compraventa;Precio Hecho;285560;;PRECIO/TN MONTO;285560,00;285560,00;ARS;sí;no;PRECIO/TN MONEDA;$;TN;285560;600,00;TN;CANT. (TN);SANTIAGO DEL ESTERO;SANTIAGO DEL ESTERO;;Rosario N/En destino;Rosario N/En destino;;Contrato;Contra entrega;;;SIO_exportar_operaciones_2026-09-07.csv;2026-09-08;moneda informada explícitamente en campo original: ARS;sí;no;;;exportacion_manual;1;no_aplica;no;no_aplica;sí
2026-09-04;2026;9;Maíz;SIO Granos / Secretaría de Agricultura;;Compraventa;Precio Hecho;205;;PRECIO/TN MONTO;205,00;205,00;USD;sí;no;PRECIO/TN MONEDA;U$S;TN;205;2000,00;TN;CANT. (TN);BUENOS AIRES;BUENOS AIRES;;B.Blanca/En destino;B.Blanca/En destino;;Contrato;Contra entrega;;;SIO_exportar_operaciones_2026-09-07.csv;2026-09-08;moneda informada explícitamente en campo original: USD;sí;no;;;exportacion_manual;1;no_aplica;no;no_aplica;sí
2026-09-04;2026;9;Soja;SIO Granos / Secretaría de Agricultura;;Compraventa;Precio Hecho;565000;;PRECIO/TN MONTO;565000,00;565000,00;ARS;sí;no;PRECIO/TN MONEDA;$;TN;565000;200,00;TN;CANT. (TN);SANTA FE;SANTA FE;;Rosario N/En destino;Rosario N/En destino;;Contrato;A plazo;;;SIO_exportar_operaciones_2026-09-07.csv;2026-09-08;moneda informada explícitamente en campo original: ARS;sí;no;;;exportacion_manual;1;no_aplica;no;no_aplica;sí
2026-09-04;2026;9;Soja;SIO Granos / Secretaría de Agricultura;;Compraventa;Precio Hecho;540000;;PRECIO/TN MONTO;540000,00;540000,00;ARS;sí;no;PRECIO/TN MONEDA;$;TN;540000;25,47;TN;CANT. (TN);CÓRDOBA;CÓRDOBA;;Zona 9/En destino;Zona 9/En destino;;Contrato;A plazo;;;SIO_exportar_operaciones_2026-09-07.csv;2026-09-08;moneda informada explícitamente en campo original: ARS;sí;no;;;exportacion_manual;1;no_aplica;no;no_aplica;sí
2026-09-04;2026;9;Soja;SIO Granos / Secretaría de Agricultura;;Canje;Fijar Precio/Otros;397.35;;PRECIO/TN MONTO;397,35;397,35;USD;sí;no;PRECIO/TN MONEDA;U$S;TN;397.35;38,18;TN;CANT. (TN);CÓRDOBA;CÓRDOBA;;Rosario S/En destino;Rosario S/En destino;;Fijación;Anticipado a la entrega;;;SIO_exportar_operaciones_2026-09-07.csv;2026-09-08;moneda informada explícitamente en campo original: USD;sí;no;;;exportacion_manual;1;no_aplica;no;no_aplica;sí
2026-09-04;2026;9;TRIGO PAN;SIO Granos / Secretaría de Agricultura;;Compraventa;Precio Hecho;430000;;PRECIO/TN MONTO;430000,00;430000,00;ARS;sí;no;PRECIO/TN MONEDA;$;TN;430000;1000,00;TN;CANT. (TN);BUENOS AIRES;BUENOS AIRES;;Bs As/En destino;Bs As/En destino;;Contrato;Contra entrega;;;SIO_exportar_operaciones_2026-09-07.csv;2026-09-08;"commodity no catalogado; se conserva para revisión; moneda informada explícitamente en campo original: ARS";sí;no;;;exportacion_manual;1;no_aplica;no;no_aplica;sí
2026-09-04;2026;9;TRIGO PAN;SIO Granos / Secretaría de Agricultura;;Compraventa;Precio Hecho;235;;PRECIO/TN MONTO;235,00;235,00;USD;sí;no;PRECIO/TN MONEDA;U$S;TN;235;90,00;TN;CANT. (TN);SANTA FE;SANTA FE;;Zona 12/En destino;Zona 12/En destino;;Contrato;Contra entrega;;;SIO_exportar_operaciones_2026-09-07.csv;2026-09-08;"commodity no catalogado; se conserva para revisión; moneda informada explícitamente en campo original: USD";sí;no;;;exportacion_manual;1;no_aplica;no;no_aplica;sí
2026-09-04;2026;9;Soja;SIO Granos / Secretaría de Agricultura;;Compraventa;Precio Hecho;533018;;PRECIO/TN MONTO;533018,00;533018,00;ARS;sí;no;PRECIO/TN MONEDA;$;TN;533018;30,00;TN;CANT. (TN);CÓRDOBA;CÓRDOBA;;Zona 9/En destino;Zona 9/En destino;;Contrato;A plazo;;;SIO_exportar_operaciones_2026-09-07.csv;2026-09-08;moneda informada explícitamente en campo original: ARS;sí;no;;;exportacion_manual;1;no_aplica;no;no_aplica;sí
2026-09-04;2026;9;Girasol;SIO Granos / Secretaría de Agricultura;;Compraventa;Precio Hecho;400;;PRECIO/TN MONTO;400,00;400,00;USD;sí;no;PRECIO/TN MONEDA;U$S;TN;400;28,00;TN;CANT. (TN);BUENOS AIRES;BUENOS AIRES;;Quequen/En destino;Quequen/En destino;;Contrato;Contra entrega;;;SIO_exportar_operaciones_2026-09-07.csv;2026-09-08;moneda informada explícitamente en campo original: USD;sí;no;;;exportacion_manual;1;no_aplica;no;no_aplica;sí
2026-09-04;2026;9;Girasol;SIO Granos / Secretaría de Agricultura;;Compraventa;Precio Hecho;450;;PRECIO/TN MONTO;450,00;450,00;USD;sí;no;PRECIO/TN MONEDA;U$S;TN;450;55,00;TN;CANT. (TN);BUENOS AIRES;BUENOS AIRES;;Quequen/En destino;Quequen/En destino;;Contrato;Contra entrega;;;SIO_exportar_operaciones_2026-09-07.csv;2026-09-08;moneda informada explícitamente en campo original: USD;sí;no;;;exportacion_manual;1;no_aplica;no;no_aplica;sí
2026-09-04;2026;9;Girasol;SIO Granos / Secretaría de Agricultura;;Compraventa;Precio Hecho;450;;PRECIO/TN MONTO;450,00;450,00;USD;sí;no;PRECIO/TN MONEDA;U$S;TN;450;165,00;TN;CANT. (TN);BUENOS AIRES;BUENOS AIRES;;Quequen/En destino;Quequen/En destino;;Contrato;Contra entrega;;;SIO_exportar_operaciones_2026-09-07.csv;2026-09-08;moneda informada explícitamente en campo original: USD;sí;no;;;exportacion_manual;1;no_aplica;no;no_aplica;sí
2026-09-04;2026;9;TRIGO PAN;SIO Granos / Secretaría de Agricultura;;Compraventa;Precio Hecho;200;;PRECIO/TN MONTO;200,00;200,00;USD;sí;no;PRECIO/TN MONEDA;U$S;TN;200;30,00;TN;CANT. (TN);BUENOS AIRES;BUENOS AIRES;;Rosario N/En destino;Rosario N/En destino;;Contrato;Contra entrega;;;SIO_exportar_operaciones_2026-09-07.csv;2026-09-08;"commodity no catalogado; se conserva para revisión; moneda informada explícitamente en campo original: USD";sí;no;;;exportacion_manual;1;no_aplica;no;no_aplica;sí
2026-09-04;2026;9;Soja;SIO Granos / Secretaría de Agricultura;;Compraventa;Precio Hecho;373.5;;PRECIO/TN MONTO;373,50;373,50;USD;sí;no;PRECIO/TN MONEDA;U$S;TN;373.5;300,00;TN;CANT. (TN);CÓRDOBA;CÓRDOBA;;Rosario N/En destino;Rosario N/En destino;;Contrato;Contra entrega;;;SIO_exportar_operaciones_2026-09-07.csv;2026-09-08;moneda informada explícitamente en campo original: USD;sí;no;;;exportacion_manual;1;no_aplica;no;no_aplica;sí
2026-09-04;2026;9;Maíz;SIO Granos / Secretaría de Agricultura;;Compraventa;Precio Hecho;305000;;PRECIO/TN MONTO;305000,00;305000,00;ARS;sí;no;PRECIO/TN MONEDA;$;TN;305000;1000,00;TN;CANT. (TN);BUENOS AIRES;BUENOS AIRES;;Rosario S/En destino;Rosario S/En destino;;Contrato;Anticipado a la entrega;;;SIO_exportar_operaciones_2026-09-07.csv;2026-09-08;moneda informada explícitamente en campo original: ARS;sí;no;;;exportacion_manual;1;no_aplica;no;no_aplica;sí
2026-09-04;2026;9;TRIGO PAN;SIO Granos / Secretaría de Agricultura;;Compraventa;Precio Hecho;235;;PRECIO/TN MONTO;235,00;235,00;USD;sí;no;PRECIO/TN MONEDA;U$S;TN;235;120,00;TN;CANT. (TN);BUENOS AIRES;BUENOS AIRES;;Zona 14/En destino;Zona 14/En destino;;Contrato;Contra entrega;;;SIO_exportar_operaciones_2026-09-07.csv;2026-09-08;"commodity no catalogado; se conserva para revisión; moneda informada explícitamente en campo original: USD";sí;no;;;exportacion_manual;1;no_aplica;no;no_aplica;sí
2026-09-04;2026;9;TRIGO PAN;SIO Granos / Secretaría de Agricultura;;Compraventa;Precio Hecho;230;;PRECIO/TN MONTO;230,00;230,00;USD;sí;no;PRECIO/TN MONEDA;U$S;TN;230;60,00;TN;CANT. (TN);BUENOS AIRES;BUENOS AIRES;;Zona 14/En destino;Zona 14/En destino;;Contrato;Contra entrega;;;SIO_exportar_operaciones_2026-09-07.csv;2026-09-08;"commodity no catalogado; se conserva para revisión; moneda informada explícitamente en campo original: USD";sí;no;;;exportacion_manual;1;no_aplica;no;no_aplica;sí
2026-09-04;2026;9;TRIGO PAN;SIO Granos / Secretaría de Agricultura;;Compraventa;Precio Hecho;235;;PRECIO/TN MONTO;235,00;235,00;USD;sí;no;PRECIO/TN MONEDA;U$S;TN;235;180,00;TN;CANT. (TN);BUENOS AIRES;BUENOS AIRES;;Zona 14/En destino;Zona 14/En destino;;Contrato;Contra entrega;;;SIO_exportar_operaciones_2026-09-07.csv;2026-09-08;"commodity no catalogado; se conserva para revisión; moneda informada explícitamente en campo original: USD";sí;no;;;exportacion_manual;1;no_aplica;no;no_aplica;sí
2026-09-04;2026;9;Soja;SIO Granos / Secretaría de Agricultura;;Compraventa;Precio Hecho;560000;;PRECIO/TN MONTO;560000,00;560000,00;ARS;sí;no;PRECIO/TN MONEDA;$;TN;560000;14,31;TN;CANT. (TN);ENTRE RÍOS;ENTRE RÍOS;;Rosario N/En destino;Rosario N/En destino;;Contrato;Contra entrega;;;SIO_exportar_operaciones_2026-09-07.csv;2026-09-08;moneda informada explícitamente en campo original: ARS;sí;no;;;exportacion_manual;1;no_aplica;no;no_aplica;sí
2026-09-04;2026;9;TRIGO PAN;SIO Granos / Secretaría de Agricultura;;Compraventa;Precio Hecho;250000;;PRECIO/TN MONTO;250000,00;250000,00;ARS;sí;no;PRECIO/TN MONEDA;$;TN;250000;30,00;TN;CANT. (TN);CÓRDOBA;CÓRDOBA;;Zona 18/En destino;Zona 18/En destino;;Contrato;Contra entrega;;;SIO_exportar_operaciones_2026-09-07.csv;2026-09-08;"commodity no catalogado; se conserva para revisión; moneda informada explícitamente en campo original: ARS";sí;no;;;exportacion_manual;1;no_aplica;no;no_aplica;sí
2026-09-04;2026;9;Maíz;SIO Granos / Secretaría de Agricultura;;Compraventa;Precio Hecho;205;;PRECIO/TN MONTO;205,00;205,00;USD;sí;no;PRECIO/TN MONEDA;U$S;TN;205;500,00;TN;CANT. (TN);SANTIAGO DEL ESTERO;SANTIAGO DEL ESTERO;;Rosario N/En destino;Rosario N/En destino;;Contrato;Contra entrega;;;SIO_exportar_operaciones_2026-09-07.csv;2026-09-08;moneda informada explícitamente en campo original: USD;sí;no;;;exportacion_manual;1;no_aplica;no;no_aplica;sí
2026-09-04;2026;9;Maíz;SIO Granos / Secretaría de Agricultura;;Compraventa;Precio Hecho;208;;PRECIO/TN MONTO;208,00;208,00;USD;sí;no;PRECIO/TN MONEDA;U$S;TN;208;90,00;TN;CANT. (TN);CÓRDOBA;CÓRDOBA;;Rosario S/En destino;Rosario S/En destino;;Contrato;Contra entrega;;;SIO_exportar_operaciones_2026-09-07.csv;2026-09-08;moneda informada explícitamente en campo original: USD;sí;no;;;exportacion_manual;1;no_aplica;no;no_aplica;sí
2026-09-04;2026;9;Maíz;SIO Granos / Secretaría de Agricultura;;Compraventa;Precio Hecho;205;;PRECIO/TN MONTO;205,00;205,00;USD;sí;no;PRECIO/TN MONEDA;U$S;TN;205;1300,00;TN;CANT. (TN);ENTRE RÍOS;ENTRE RÍOS;;Rosario N/En destino;Rosario N/En destino;;Contrato;Contra entrega;;;SIO_exportar_operaciones_2026-09-07.csv;2026-09-08;moneda informada explícitamente en campo original: USD;sí;no;;;exportacion_manual;1;no_aplica;no;no_aplica;sí
2026-09-04;2026;9;TRIGO PAN;SIO Granos / Secretaría de Agricultura;;Compraventa;Precio Hecho;240;;PRECIO/TN MONTO;240,00;240,00;USD;sí;no;PRECIO/TN MONEDA;U$S;TN;240;1000,00;TN;CANT. (TN);BUENOS AIRES;BUENOS AIRES;;Quequen/En destino;Quequen/En destino;;Contrato;Contra entrega;;;SIO_exportar_operaciones_2026-09-07.csv;2026-09-08;"commodity no catalogado; se conserva para revisión; moneda informada explícitamente en campo original: USD";sí;no;;;exportacion_manual;1;no_aplica;no;no_aplica;sí
2026-09-04;2026;9;Maíz;SIO Granos / Secretaría de Agricultura;;Compraventa;Precio Hecho;195;;PRECIO/TN MONTO;195,00;195,00;USD;sí;no;PRECIO/TN MONEDA;U$S;TN;195;30,00;TN;CANT. (TN);SANTA FE;SANTA FE;;Rosario N/En destino;Rosario N/En destino;;Contrato;Contra entrega;;;SIO_exportar_operaciones_2026-09-07.csv;2026-09-08;moneda informada explícitamente en campo original: USD;sí;no;;;exportacion_manual;1;no_aplica;no;no_aplica;sí
2026-09-04;2026;9;Girasol;SIO Granos / Secretaría de Agricultura;;Compraventa;Precio Hecho;540;;PRECIO/TN MONTO;540,00;540,00;USD;sí;no;PRECIO/TN MONEDA;U$S;TN;540;55,00;TN;CANT. (TN);BUENOS AIRES;BUENOS AIRES;;Rosario N/En destino;Rosario N/En destino;;Contrato;Contra entrega;;;SIO_exportar_operaciones_2026-09-07.csv;2026-09-08;moneda informada explícitamente en campo original: USD;sí;no;;;exportacion_manual;1;no_aplica;no;no_aplica;sí
2026-09-04;2026;9;Soja;SIO Granos / Secretaría de Agricultura;;Canje;Precio Hecho;204;;PRECIO/TN MONTO;204,00;204,00;USD;sí;no;PRECIO/TN MONEDA;U$S;TN;204;60,00;TN;CANT. (TN);CÓRDOBA;CÓRDOBA;;Rosario S/En destino;Rosario S/En destino;;Contrato;Contra entrega;;;SIO_exportar_operaciones_2026-09-07.csv;2026-09-08;moneda informada explícitamente en campo original: USD;sí;no;;;exportacion_manual;1;no_aplica;no;no_aplica;sí
2026-09-04;2026;9;Girasol;SIO Granos / Secretaría de Agricultura;;Canje;Precio Hecho;400;;PRECIO/TN MONTO;400,00;400,00;USD;sí;no;PRECIO/TN MONEDA;U$S;TN;400;120,00;TN;CANT. (TN);BUENOS AIRES;BUENOS AIRES;;Quequen/En destino;Quequen/En destino;;Contrato;Contra entrega;;;SIO_exportar_operaciones_2026-09-07.csv;2026-09-08;moneda informada explícitamente en campo original: USD;sí;no;;;exportacion_manual;1;no_aplica;no;no_aplica;sí
2026-09-04;2026;9;TRIGO PAN;SIO Granos / Secretaría de Agricultura;;Canje;Precio Hecho;228.85;;PRECIO/TN MONTO;228,85;228,85;USD;sí;no;PRECIO/TN MONEDA;U$S;TN;228.85;30,00;TN;CANT. (TN);CÓRDOBA;CÓRDOBA;;Rosario S/En destino;Rosario S/En destino;;Contrato;Contra entrega;;;SIO_exportar_operaciones_2026-09-07.csv;2026-09-08;"commodity no catalogado; se conserva para revisión; moneda informada explícitamente en campo original: USD";sí;no;;;exportacion_manual;1;no_aplica;no;no_aplica;sí
2026-09-04;2026;9;Soja;SIO Granos / Secretaría de Agricultura;;Canje;Fijar Precio/Prec. Cam.;0;;PRECIO/TN MONTO;0,00;0,00;Sin especificar;no;no;PRECIO/TN MONEDA;0;TN;0;300,00;TN;CANT. (TN);CÓRDOBA;CÓRDOBA;;Rosario S/En destino;Rosario S/En destino;;Anulación;Contra entrega;;;SIO_exportar_operaciones_2026-09-07.csv;2026-09-08;"precio cero clasificado como operacion_sin_precio; excluido de series de precios; moneda no informada explícitamente en endpoint GetOperaciones; no se infiere del valor original";sí;no;;;exportacion_manual;1;no_aplica;sí;operacion_sin_precio;no
2026-09-04;2026;9;Maíz;SIO Granos / Secretaría de Agricultura;;Compraventa;Precio Hecho;188;;PRECIO/TN MONTO;188,00;188,00;USD;sí;no;PRECIO/TN MONEDA;U$S;TN;188;1000,00;TN;CANT. (TN);SANTIAGO DEL ESTERO;SANTIAGO DEL ESTERO;;Rosario S/En destino;Rosario S/En destino;;Anulación;Contra entrega;;;SIO_exportar_operaciones_2026-09-07.csv;2026-09-08;moneda informada explícitamente en campo original: USD;sí;no;;;exportacion_manual;1;no_aplica;no;no_aplica;sí
2026-09-04;2026;9;Soja;SIO Granos / Secretaría de Agricultura;;Compraventa;Precio Hecho;560000;;PRECIO/TN MONTO;560000,00;560000,00;ARS;sí;no;PRECIO/TN MONEDA;$;TN;560000;210,00;TN;CANT. (TN);BUENOS AIRES;BUENOS AIRES;;Zona 2/En destino;Zona 2/En destino;;Contrato;Anticipado a la entrega;;;SIO_exportar_operaciones_2026-09-07.csv;2026-09-08;moneda informada explícitamente en campo original: ARS;sí;no;;;exportacion_manual;1;no_aplica;no;no_aplica;sí
2026-09-04;2026;9;Soja;SIO Granos / Secretaría de Agricultura;;Compraventa;Precio Hecho;560000;;PRECIO/TN MONTO;560000,00;560000,00;ARS;sí;no;PRECIO/TN MONEDA;$;TN;560000;88,00;TN;CANT. (TN);BUENOS AIRES;BUENOS AIRES;;Zona 2/En destino;Zona 2/En destino;;Contrato;Anticipado a la entrega;;;SIO_exportar_operaciones_2026-09-07.csv;2026-09-08;moneda informada explícitamente en campo original: ARS;sí;no;;;exportacion_manual;1;no_aplica;no;no_aplica;sí
2026-09-04;2026;9;Soja;SIO Granos / Secretaría de Agricultura;;Canje;Precio Hecho;557200;;PRECIO/TN MONTO;557200,00;557200,00;ARS;sí;no;PRECIO/TN MONEDA;$;TN;557200;30,00;TN;CANT. (TN);CÓRDOBA;CÓRDOBA;;Rosario S/En destino;Rosario S/En destino;;Contrato;Contra entrega;;;SIO_exportar_operaciones_2026-09-07.csv;2026-09-08;moneda informada explícitamente en campo original: ARS;sí;no;;;exportacion_manual;1;no_aplica;no;no_aplica;sí
2026-09-04;2026;9;Soja;SIO Granos / Secretaría de Agricultura;;Canje;Precio Hecho;353.43;;PRECIO/TN MONTO;353,43;353,43;USD;sí;no;PRECIO/TN MONEDA;U$S;TN;353.43;60,00;TN;CANT. (TN);SANTA FE;SANTA FE;;Rosario S/En destino;Rosario S/En destino;;Contrato;Contra entrega;;;SIO_exportar_operaciones_2026-09-07.csv;2026-09-08;moneda informada explícitamente en campo original: USD;sí;no;;;exportacion_manual;1;no_aplica;no;no_aplica;sí
2026-09-04;2026;9;Soja;SIO Granos / Secretaría de Agricultura;;Compraventa;Precio Hecho;357;;PRECIO/TN MONTO;357,00;357,00;USD;sí;no;PRECIO/TN MONEDA;U$S;TN;357;60,00;TN;CANT. (TN);SANTA FE;SANTA FE;;Rosario S/En destino;Rosario S/En destino;;Contrato;Contra entrega;;;SIO_exportar_operaciones_2026-09-07.csv;2026-09-08;moneda informada explícitamente en campo original: USD;sí;no;;;exportacion_manual;1;no_aplica;no;no_aplica;sí
2026-09-04;2026;9;Soja;SIO Granos / Secretaría de Agricultura;;Compraventa;Precio Hecho;565000;;PRECIO/TN MONTO;565000,00;565000,00;ARS;sí;no;PRECIO/TN MONEDA;$;TN;565000;49,85;TN;CANT. (TN);BUENOS AIRES;BUENOS AIRES;;Zona 12/En destino;Zona 12/En destino;;Contrato;Contra entrega;;;SIO_exportar_operaciones_2026-09-07.csv;2026-09-08;moneda informada explícitamente en campo original: ARS;sí;no;;;exportacion_manual;1;no_aplica;no;no_aplica;sí
2026-09-04;2026;9;Soja;SIO Granos / Secretaría de Agricultura;;Canje;Precio Hecho;559350;;PRECIO/TN MONTO;559350,00;559350,00;ARS;sí;no;PRECIO/TN MONEDA;$;TN;559350;15,00;TN;CANT. (TN);BUENOS AIRES;BUENOS AIRES;;Zona 6/En destino;Zona 6/En destino;;Contrato;Contra entrega;;;SIO_exportar_operaciones_2026-09-07.csv;2026-09-08;moneda informada explícitamente en campo original: ARS;sí;no;;;exportacion_manual;1;no_aplica;no;no_aplica;sí
2026-09-04;2026;9;Soja;SIO Granos / Secretaría de Agricultura;;Compraventa;Precio Hecho;565000;;PRECIO/TN MONTO;565000,00;565000,00;ARS;sí;no;PRECIO/TN MONEDA;$;TN;565000;15,00;TN;CANT. (TN);BUENOS AIRES;BUENOS AIRES;;Zona 6/En destino;Zona 6/En destino;;Contrato;Contra entrega;;;SIO_exportar_operaciones_2026-09-07.csv;2026-09-08;moneda informada explícitamente en campo original: ARS;sí;no;;;exportacion_manual;1;no_aplica;no;no_aplica;sí
2026-09-04;2026;9;Maíz;SIO Granos / Secretaría de Agricultura;;Canje;Precio Hecho;285380;;PRECIO/TN MONTO;285380,00;285380,00;ARS;sí;no;PRECIO/TN MONEDA;$;TN;285380;10,99;TN;CANT. (TN);SANTA FE;SANTA FE;;Zona 14/En destino;Zona 14/En destino;;Contrato;Contra entrega;;;SIO_exportar_operaciones_2026-09-07.csv;2026-09-08;moneda informada explícitamente en campo original: ARS;sí;no;;;exportacion_manual;1;no_aplica;no;no_aplica;sí
2026-09-04;2026;9;Maíz;SIO Granos / Secretaría de Agricultura;;Canje;Fijar Precio/Prec. Cam.;0;;PRECIO/TN MONTO;0,00;0,00;Sin especificar;no;no;PRECIO/TN MONEDA;0;TN;0;90,00;TN;CANT. (TN);SANTA FE;SANTA FE;;Rosario S/En destino;Rosario S/En destino;;Contrato;Contra entrega;;;SIO_exportar_operaciones_2026-09-07.csv;2026-09-08;"precio cero clasificado como cero_explicito; excluido de series de precios; moneda no informada explícitamente en endpoint GetOperaciones; no se infiere del valor original";sí;no;;;exportacion_manual;1;no_aplica;sí;cero_explicito;no
2026-09-04;2026;9;Maíz;SIO Granos / Secretaría de Agricultura;;Compraventa;Fijar Precio/Prec. Cam.;0;;PRECIO/TN MONTO;0;0;Sin especificar;no;no;PRECIO/TN MONEDA;0;TN;0;390,00;TN;CANT. (TN);BUENOS AIRES;BUENOS AIRES;;Zona 2/En destino;Zona 2/En destino;;Contrato;Contra entrega;;;SIO_exportar_operaciones_2026-09-07.csv;2026-09-08;"precio cero clasificado como cero_explicito; excluido de series de precios; moneda no informada explícitamente en endpoint GetOperaciones; no se infiere del valor original";sí;no;;;exportacion_manual;1;no_aplica;sí;cero_explicito;no
2026-09-04;2026;9;Maíz;SIO Granos / Secretaría de Agricultura;;Compraventa;Fijar Precio/Prec. Cam.;0;;PRECIO/TN MONTO;0;0;Sin especificar;no;no;PRECIO/TN MONEDA;0;TN;0;60,00;TN;CANT. (TN);BUENOS AIRES;BUENOS AIRES;;Zona 2/En destino;Zona 2/En destino;;Contrato;Contra entrega;;;SIO_exportar_operaciones_2026-09-07.csv;2026-09-08;"precio cero clasificado como cero_explicito; excluido de series de precios; moneda no informada explícitamente en endpoint GetOperaciones; no se infiere del valor original";sí;no;;;exportacion_manual;1;no_aplica;sí;cero_explicito;no
2026-09-04;2026;9;Maíz;SIO Granos / Secretaría de Agricultura;;Compraventa;Precio Hecho;204;;PRECIO/TN MONTO;204,00;204,00;USD;sí;no;PRECIO/TN MONEDA;U$S;TN;204;700,00;TN;CANT. (TN);SANTA FE;SANTA FE;;Zona 12/En destino;Zona 12/En destino;;Contrato;Contra entrega;;;SIO_exportar_operaciones_2026-09-07.csv;2026-09-08;moneda informada explícitamente en campo original: USD;sí;no;;;exportacion_manual;1;no_aplica;no;no_aplica;sí
2026-09-04;2026;9;Maíz;SIO Granos / Secretaría de Agricultura;;Compraventa;Precio Hecho;195;;PRECIO/TN MONTO;195,00;195,00;USD;sí;no;PRECIO/TN MONEDA;U$S;TN;195;150,00;TN;CANT. (TN);BUENOS AIRES;BUENOS AIRES;;Rosario S/En destino;Rosario S/En destino;;Contrato;Contra entrega;;;SIO_exportar_operaciones_2026-09-07.csv;2026-09-08;moneda informada explícitamente en campo original: USD;sí;no;;;exportacion_manual;1;no_aplica;no;no_aplica;sí
2026-09-04;2026;9;Maíz;SIO Granos / Secretaría de Agricultura;;Compraventa;Precio Hecho;200;;PRECIO/TN MONTO;200,00;200,00;USD;sí;no;PRECIO/TN MONEDA;U$S;TN;200;270,00;TN;CANT. (TN);BUENOS AIRES;BUENOS AIRES;;Quequen/En destino;Quequen/En destino;;Contrato;Anticipado a la entrega;;;SIO_exportar_operaciones_2026-09-07.csv;2026-09-08;moneda informada explícitamente en campo original: USD;sí;no;;;exportacion_manual;1;no_aplica;no;no_aplica;sí
2026-09-04;2026;9;Maíz;SIO Granos / Secretaría de Agricultura;;Compraventa;Precio Hecho;265403;;PRECIO/TN MONTO;265403,40;265403,40;ARS;sí;no;PRECIO/TN MONEDA;$;TN;265403;10,10;TN;CANT. (TN);SANTA FE;SANTA FE;;Zona 8/En destino;Zona 8/En destino;;Contrato;Contra entrega;;;SIO_exportar_operaciones_2026-09-07.csv;2026-09-08;moneda informada explícitamente en campo original: ARS;sí;no;;;exportacion_manual;1;no_aplica;no;no_aplica;sí
2026-09-04;2026;9;Maíz;SIO Granos / Secretaría de Agricultura;;Canje;Precio Hecho;193.05;;PRECIO/TN MONTO;193,05;193,05;USD;sí;no;PRECIO/TN MONEDA;U$S;TN;193.05;2400,00;TN;CANT. (TN);CÓRDOBA;CÓRDOBA;;Rosario S/En destino;Rosario S/En destino;;Contrato;Contra entrega;;;SIO_exportar_operaciones_2026-09-07.csv;2026-09-08;moneda informada explícitamente en campo original: USD;sí;no;;;exportacion_manual;1;no_aplica;no;no_aplica;sí
2026-09-04;2026;9;Maíz;SIO Granos / Secretaría de Agricultura;;Compraventa;Precio Hecho;195;;PRECIO/TN MONTO;195,00;195,00;USD;sí;no;PRECIO/TN MONEDA;U$S;TN;195;2400,00;TN;CANT. (TN);CÓRDOBA;CÓRDOBA;;Rosario S/En destino;Rosario S/En destino;;Contrato;Contra entrega;;;SIO_exportar_operaciones_2026-09-07.csv;2026-09-08;moneda informada explícitamente en campo original: USD;sí;no;;;exportacion_manual;1;no_aplica;no;no_aplica;sí
2026-09-04;2026;9;Maíz;SIO Granos / Secretaría de Agricultura;;Compraventa;Precio Hecho;205;;PRECIO/TN MONTO;205,00;205,00;USD;sí;no;PRECIO/TN MONEDA;U$S;TN;205;90,00;TN;CANT. (TN);BUENOS AIRES;BUENOS AIRES;;Zona 2/En destino;Zona 2/En destino;;Contrato;Contra entrega;;;SIO_exportar_operaciones_2026-09-07.csv;2026-09-08;moneda informada explícitamente en campo original: USD;sí;no;;;exportacion_manual;1;no_aplica;no;no_aplica;sí
2026-09-04;2026;9;Maíz;SIO Granos / Secretaría de Agricultura;;Compraventa;Precio Hecho;195;;PRECIO/TN MONTO;195,00;195,00;USD;sí;no;PRECIO/TN MONEDA;U$S;TN;195;70,00;TN;CANT. (TN);BUENOS AIRES;BUENOS AIRES;;Rosario S/En destino;Rosario S/En destino;;Contrato;Contra entrega;;;SIO_exportar_operaciones_2026-09-07.csv;2026-09-08;moneda informada explícitamente en campo original: USD;sí;no;;;exportacion_manual;1;no_aplica;no;no_aplica;sí
2026-09-04;2026;9;Maíz;SIO Granos / Secretaría de Agricultura;;Compraventa;Precio Hecho;195;;PRECIO/TN MONTO;195,00;195,00;USD;sí;no;PRECIO/TN MONEDA;U$S;TN;195;60,00;TN;CANT. (TN);BUENOS AIRES;BUENOS AIRES;;Zona 6/En destino;Zona 6/En destino;;Contrato;Contra entrega;;;SIO_exportar_operaciones_2026-09-07.csv;2026-09-08;moneda informada explícitamente en campo original: USD;sí;no;;;exportacion_manual;1;no_aplica;no;no_aplica;sí
2026-09-04;2026;9;TRIGO PAN;SIO Granos / Secretaría de Agricultura;;Compraventa;Precio Hecho;240;;PRECIO/TN MONTO;240,00;240,00;USD;sí;no;PRECIO/TN MONEDA;U$S;TN;240;1560,00;TN;CANT. (TN);BUENOS AIRES;BUENOS AIRES;;Zona 6/En destino;Zona 6/En destino;;Contrato;Contra entrega;;;SIO_exportar_operaciones_2026-09-07.csv;2026-09-08;"commodity no catalogado; se conserva para revisión; moneda informada explícitamente en campo original: USD";sí;no;;;exportacion_manual;1;no_aplica;no;no_aplica;sí
2026-09-04;2026;9;TRIGO PAN;SIO Granos / Secretaría de Agricultura;;Compraventa;Precio Hecho;240;;PRECIO/TN MONTO;240,00;240,00;USD;sí;no;PRECIO/TN MONEDA;U$S;TN;240;440,00;TN;CANT. (TN);BUENOS AIRES;BUENOS AIRES;;Zona 6/En destino;Zona 6/En destino;;Contrato;Contra entrega;;;SIO_exportar_operaciones_2026-09-07.csv;2026-09-08;"commodity no catalogado; se conserva para revisión; moneda informada explícitamente en campo original: USD";sí;no;;;exportacion_manual;1;no_aplica;no;no_aplica;sí
2026-09-04;2026;9;TRIGO PAN;SIO Granos / Secretaría de Agricultura;;Compraventa;Precio Hecho;232;;PRECIO/TN MONTO;232,00;232,00;USD;sí;no;PRECIO/TN MONEDA;U$S;TN;232;1000,00;TN;CANT. (TN);CÓRDOBA;CÓRDOBA;;Rosario S/En destino;Rosario S/En destino;;Contrato;Contra entrega;;;SIO_exportar_operaciones_2026-09-07.csv;2026-09-08;"commodity no catalogado; se conserva para revisión; moneda informada explícitamente en campo original: USD";sí;no;;;exportacion_manual;1;no_aplica;no;no_aplica;sí
2026-09-04;2026;9;TRIGO PAN;SIO Granos / Secretaría de Agricultura;;Compraventa;Precio Hecho;334277;;PRECIO/TN MONTO;334277,00;334277,00;ARS;sí;no;PRECIO/TN MONEDA;$;TN;334277;100,00;TN;CANT. (TN);BUENOS AIRES;BUENOS AIRES;;Rosario S/En destino;Rosario S/En destino;;Contrato;Anticipado a la entrega;;;SIO_exportar_operaciones_2026-09-07.csv;2026-09-08;"commodity no catalogado; se conserva para revisión; moneda informada explícitamente en campo original: ARS";sí;no;;;exportacion_manual;1;no_aplica;no;no_aplica;sí
2026-09-04;2026;9;TRIGO PAN;SIO Granos / Secretaría de Agricultura;;Compraventa;Precio Hecho;230;;PRECIO/TN MONTO;230,00;230,00;USD;sí;no;PRECIO/TN MONEDA;U$S;TN;230;30,00;TN;CANT. (TN);CÓRDOBA;CÓRDOBA;;Rosario S/En destino;Rosario S/En destino;;Contrato;Contra entrega;;;SIO_exportar_operaciones_2026-09-07.csv;2026-09-08;"commodity no catalogado; se conserva para revisión; moneda informada explícitamente en campo original: USD";sí;no;;;exportacion_manual;1;no_aplica;no;no_aplica;sí
2026-09-04;2026;9;Maíz;SIO Granos / Secretaría de Agricultura;;Compraventa;Precio Hecho;198;;PRECIO/TN MONTO;198,00;198,00;USD;sí;no;PRECIO/TN MONEDA;U$S;TN;198;500,00;TN;CANT. (TN);SANTA FE;SANTA FE;;Rosario N/En destino;Rosario N/En destino;;Contrato;Contra entrega;;;SIO_exportar_operaciones_2026-09-07.csv;2026-09-08;moneda informada explícitamente en campo original: USD;sí;no;;;exportacion_manual;1;no_aplica;no;no_aplica;sí
2026-09-04;2026;9;Soja;SIO Granos / Secretaría de Agricultura;;Compraventa;Fijar Precio/Otros;565000;;PRECIO/TN MONTO;565000,00;565000,00;ARS;sí;no;PRECIO/TN MONEDA;$;TN;565000;240,00;TN;CANT. (TN);BUENOS AIRES;BUENOS AIRES;;Rosario S/En destino;Rosario S/En destino;;Fijación;Contra entrega;;;SIO_exportar_operaciones_2026-09-07.csv;2026-09-08;moneda informada explícitamente en campo original: ARS;sí;no;;;exportacion_manual;1;no_aplica;no;no_aplica;sí
2026-09-04;2026;9;Soja;SIO Granos / Secretaría de Agricultura;;Compraventa;Fijar Precio/Mercado Comprador;565000;;PRECIO/TN MONTO;565000,00;565000,00;ARS;sí;no;PRECIO/TN MONEDA;$;TN;565000;20,00;TN;CANT. (TN);CÓRDOBA;CÓRDOBA;;Rosario S/En destino;Rosario S/En destino;;Fijación;Contra entrega;;;SIO_exportar_operaciones_2026-09-07.csv;2026-09-08;moneda informada explícitamente en campo original: ARS;sí;no;;;exportacion_manual;1;no_aplica;no;no_aplica;sí
2026-09-04;2026;9;Soja;SIO Granos / Secretaría de Agricultura;;Compraventa;Fijar Precio/Otros;565000;;PRECIO/TN MONTO;565000,00;565000,00;ARS;sí;no;PRECIO/TN MONEDA;$;TN;565000;35,05;TN;CANT. (TN);CÓRDOBA;CÓRDOBA;;Cordoba/En destino;Cordoba/En destino;;Fijación;Contra entrega;;;SIO_exportar_operaciones_2026-09-07.csv;2026-09-08;moneda informada explícitamente en campo original: ARS;sí;no;;;exportacion_manual;1;no_aplica;no;no_aplica;sí
2026-09-04;2026;9;Soja;SIO Granos / Secretaría de Agricultura;;Compraventa;Fijar Precio/Prec. Cam.;560000;;PRECIO/TN MONTO;560000,00;560000,00;ARS;sí;no;PRECIO/TN MONEDA;$;TN;560000;309,98;TN;CANT. (TN);SANTA FE;SANTA FE;;Rosario S/En destino;Rosario S/En destino;;Fijación;Contra entrega;;;SIO_exportar_operaciones_2026-09-07.csv;2026-09-08;moneda informada explícitamente en campo original: ARS;sí;no;;;exportacion_manual;1;no_aplica;no;no_aplica;sí
2026-09-04;2026;9;Soja;SIO Granos / Secretaría de Agricultura;;Compraventa;Fijar Precio/Otros;0;;PRECIO/TN MONTO;0;0;Sin especificar;no;no;PRECIO/TN MONEDA;0;TN;0;290,00;TN;CANT. (TN);ENTRE RÍOS;ENTRE RÍOS;;Zona 18/En destino;Zona 18/En destino;;Contrato;Contra entrega;;;SIO_exportar_operaciones_2026-09-07.csv;2026-09-08;"precio cero clasificado como cero_explicito; excluido de series de precios; moneda no informada explícitamente en endpoint GetOperaciones; no se infiere del valor original";sí;no;;;exportacion_manual;1;no_aplica;sí;cero_explicito;no
2026-09-04;2026;9;Maíz;SIO Granos / Secretaría de Agricultura;;Compraventa;Precio Hecho;210;;PRECIO/TN MONTO;210,00;210,00;USD;sí;no;PRECIO/TN MONEDA;U$S;TN;210;300,00;TN;CANT. (TN);SANTA FE;SANTA FE;;B.Blanca/En destino;B.Blanca/En destino;;Contrato;Contra entrega;;;SIO_exportar_operaciones_2026-09-07.csv;2026-09-08;moneda informada explícitamente en campo original: USD;sí;no;;;exportacion_manual;1;no_aplica;no;no_aplica;sí
2026-09-04;2026;9;Maíz;SIO Granos / Secretaría de Agricultura;;Compraventa;Precio Hecho;205;;PRECIO/TN MONTO;205,00;205,00;USD;sí;no;PRECIO/TN MONEDA;U$S;TN;205;250,00;TN;CANT. (TN);SANTA FE;SANTA FE;;B.Blanca/En destino;B.Blanca/En destino;;Contrato;Contra entrega;;;SIO_exportar_operaciones_2026-09-07.csv;2026-09-08;moneda informada explícitamente en campo original: USD;sí;no;;;exportacion_manual;1;no_aplica;no;no_aplica;sí
2026-09-04;2026;9;Maíz;SIO Granos / Secretaría de Agricultura;;Compraventa;Precio Hecho;200;;PRECIO/TN MONTO;200,00;200,00;USD;sí;no;PRECIO/TN MONEDA;U$S;TN;200;1000,00;TN;CANT. (TN);SANTA FE;SANTA FE;;B.Blanca/En destino;B.Blanca/En destino;;Contrato;Contra entrega;;;SIO_exportar_operaciones_2026-09-07.csv;2026-09-08;moneda informada explícitamente en campo original: USD;sí;no;;;exportacion_manual;1;no_aplica;no;no_aplica;sí
2026-09-04;2026;9;TRIGO PAN;SIO Granos / Secretaría de Agricultura;;Compraventa;Precio Hecho;400000;;PRECIO/TN MONTO;400000,00;400000,00;ARS;sí;no;PRECIO/TN MONEDA;$;TN;400000;30,00;TN;CANT. (TN);CHACO;CHACO;;Zona 16/En destino;Zona 16/En destino;;Contrato;Contra entrega;;;SIO_exportar_operaciones_2026-09-07.csv;2026-09-08;"commodity no catalogado; se conserva para revisión; moneda informada explícitamente en campo original: ARS";sí;no;;;exportacion_manual;1;no_aplica;no;no_aplica;sí
2026-09-04;2026;9;Soja;SIO Granos / Secretaría de Agricultura;;Compraventa;Precio Hecho;560000;;PRECIO/TN MONTO;560000,00;560000,00;ARS;sí;no;PRECIO/TN MONEDA;$;TN;560000;4,65;TN;CANT. (TN);CÓRDOBA;CÓRDOBA;;Zona 11/En destino;Zona 11/En destino;;Contrato;Contra entrega;;;SIO_exportar_operaciones_2026-09-07.csv;2026-09-08;moneda informada explícitamente en campo original: ARS;sí;no;;;exportacion_manual;1;no_aplica;no;no_aplica;sí
2026-09-04;2026;9;Soja;SIO Granos / Secretaría de Agricultura;;Compraventa;Fijar Precio/Prec. Cam.;0;;PRECIO/TN MONTO;0;0;Sin especificar;no;no;PRECIO/TN MONEDA;0;TN;0;200,00;TN;CANT. (TN);BUENOS AIRES;BUENOS AIRES;;Rosario S/En destino;Rosario S/En destino;;Contrato;Contra entrega;;;SIO_exportar_operaciones_2026-09-07.csv;2026-09-08;"precio cero clasificado como cero_explicito; excluido de series de precios; moneda no informada explícitamente en endpoint GetOperaciones; no se infiere del valor original";sí;no;;;exportacion_manual;1;no_aplica;sí;cero_explicito;no
2026-09-04;2026;9;CEBADA FORR.;SIO Granos / Secretaría de Agricultura;;Compraventa;Precio Hecho;220;;PRECIO/TN MONTO;220,00;220,00;USD;sí;no;PRECIO/TN MONEDA;U$S;TN;220;1500,00;TN;CANT. (TN);BUENOS AIRES;BUENOS AIRES;;B.Blanca/En destino;B.Blanca/En destino;;Contrato;Contra entrega;;;SIO_exportar_operaciones_2026-09-07.csv;2026-09-08;"commodity no catalogado; se conserva para revisión; moneda informada explícitamente en campo original: USD";sí;no;;;exportacion_manual;1;no_aplica;no;no_aplica;sí
2026-09-04;2026;9;CEBADA FORR.;SIO Granos / Secretaría de Agricultura;;Compraventa;Precio Hecho;225;;PRECIO/TN MONTO;225,00;225,00;USD;sí;no;PRECIO/TN MONEDA;U$S;TN;225;1500,00;TN;CANT. (TN);BUENOS AIRES;BUENOS AIRES;;Zona 3/En destino;Zona 3/En destino;;Contrato;Contra entrega;;;SIO_exportar_operaciones_2026-09-07.csv;2026-09-08;"commodity no catalogado; se conserva para revisión; moneda informada explícitamente en campo original: USD";sí;no;;;exportacion_manual;1;no_aplica;no;no_aplica;sí
2026-09-04;2026;9;Maíz;SIO Granos / Secretaría de Agricultura;;Compraventa;Precio Hecho;190;;PRECIO/TN MONTO;190,00;190,00;USD;sí;no;PRECIO/TN MONEDA;U$S;TN;190;50,00;TN;CANT. (TN);SANTA FE;SANTA FE;;Zona 12/En destino;Zona 12/En destino;;Contrato;Contra entrega;;;SIO_exportar_operaciones_2026-09-07.csv;2026-09-08;moneda informada explícitamente en campo original: USD;sí;no;;;exportacion_manual;1;no_aplica;no;no_aplica;sí
2026-09-04;2026;9;CEBADA FORR.;SIO Granos / Secretaría de Agricultura;;Compraventa;Precio Hecho;210;;PRECIO/TN MONTO;210,00;210,00;USD;sí;no;PRECIO/TN MONEDA;U$S;TN;210;250,00;TN;CANT. (TN);BUENOS AIRES;BUENOS AIRES;;B.Blanca/En destino;B.Blanca/En destino;;Contrato;Contra entrega;;;SIO_exportar_operaciones_2026-09-07.csv;2026-09-08;"commodity no catalogado; se conserva para revisión; moneda informada explícitamente en campo original: USD";sí;no;;;exportacion_manual;1;no_aplica;no;no_aplica;sí
2026-09-04;2026;9;Maíz;SIO Granos / Secretaría de Agricultura;;Compraventa;Precio Hecho;210;;PRECIO/TN MONTO;210,00;210,00;USD;sí;no;PRECIO/TN MONEDA;U$S;TN;210;1000,00;TN;CANT. (TN);BUENOS AIRES;BUENOS AIRES;;B.Blanca/En destino;B.Blanca/En destino;;Contrato;Contra entrega;;;SIO_exportar_operaciones_2026-09-07.csv;2026-09-08;moneda informada explícitamente en campo original: USD;sí;no;;;exportacion_manual;1;no_aplica;no;no_aplica;sí
2026-09-04;2026;9;Maíz;SIO Granos / Secretaría de Agricultura;;Compraventa;Precio Hecho;210;;PRECIO/TN MONTO;210,00;210,00;USD;sí;no;PRECIO/TN MONEDA;U$S;TN;210;5000,00;TN;CANT. (TN);SANTA FE;SANTA FE;;Zona 9/En destino;Zona 9/En destino;;Contrato;Contra entrega;;;SIO_exportar_operaciones_2026-09-07.csv;2026-09-08;moneda informada explícitamente en campo original: USD;sí;no;;;exportacion_manual;1;no_aplica;no;no_aplica;sí
2026-09-04;2026;9;TRIGO PAN;SIO Granos / Secretaría de Agricultura;;Compraventa;Precio Hecho;235;;PRECIO/TN MONTO;235,00;235,00;USD;sí;no;PRECIO/TN MONEDA;U$S;TN;235;4000,00;TN;CANT. (TN);SANTA FE;SANTA FE;;Zona 12/En destino;Zona 12/En destino;;Contrato;Contra entrega;;;SIO_exportar_operaciones_2026-09-07.csv;2026-09-08;"commodity no catalogado; se conserva para revisión; moneda informada explícitamente en campo original: USD";sí;no;;;exportacion_manual;1;no_aplica;no;no_aplica;sí
2026-09-04;2026;9;TRIGO PAN;SIO Granos / Secretaría de Agricultura;;Compraventa;Precio Hecho;235;;PRECIO/TN MONTO;235,00;235,00;USD;sí;no;PRECIO/TN MONEDA;U$S;TN;235;1000,00;TN;CANT. (TN);SANTA FE;SANTA FE;;Zona 6/En destino;Zona 6/En destino;;Contrato;Contra entrega;;;SIO_exportar_operaciones_2026-09-07.csv;2026-09-08;"commodity no catalogado; se conserva para revisión; moneda informada explícitamente en campo original: USD";sí;no;;;exportacion_manual;1;no_aplica;no;no_aplica;sí
2026-09-04;2026;9;Maíz;SIO Granos / Secretaría de Agricultura;;Compraventa;Precio Hecho;195;;PRECIO/TN MONTO;195,00;195,00;USD;sí;no;PRECIO/TN MONEDA;U$S;TN;195;1500,00;TN;CANT. (TN);SANTA FE;SANTA FE;;Zona 12/En destino;Zona 12/En destino;;Contrato;Contra entrega;;;SIO_exportar_operaciones_2026-09-07.csv;2026-09-08;moneda informada explícitamente en campo original: USD;sí;no;;;exportacion_manual;1;no_aplica;no;no_aplica;sí
2026-09-04;2026;9;Maíz;SIO Granos / Secretaría de Agricultura;;Compraventa;Precio Hecho;207;;PRECIO/TN MONTO;207,00;207,00;USD;sí;no;PRECIO/TN MONEDA;U$S;TN;207;1000,00;TN;CANT. (TN);SANTA FE;SANTA FE;;Zona 12/En destino;Zona 12/En destino;;Contrato;Contra entrega;;;SIO_exportar_operaciones_2026-09-07.csv;2026-09-08;moneda informada explícitamente en campo original: USD;sí;no;;;exportacion_manual;1;no_aplica;no;no_aplica;sí
2026-09-04;2026;9;Maíz;SIO Granos / Secretaría de Agricultura;;Compraventa;Precio Hecho;190;;PRECIO/TN MONTO;190,00;190,00;USD;sí;no;PRECIO/TN MONEDA;U$S;TN;190;150,00;TN;CANT. (TN);SANTA FE;SANTA FE;;Rosario S/En destino;Rosario S/En destino;;Contrato;Contra entrega;;;SIO_exportar_operaciones_2026-09-07.csv;2026-09-08;moneda informada explícitamente en campo original: USD;sí;no;;;exportacion_manual;1;no_aplica;no;no_aplica;sí
2026-09-04;2026;9;CEBADA FORR.;SIO Granos / Secretaría de Agricultura;;Compraventa;Precio Hecho;220;;PRECIO/TN MONTO;220,00;220,00;USD;sí;no;PRECIO/TN MONEDA;U$S;TN;220;4000,00;TN;CANT. (TN);BUENOS AIRES;BUENOS AIRES;;B.Blanca/En destino;B.Blanca/En destino;;Contrato;Contra entrega;;;SIO_exportar_operaciones_2026-09-07.csv;2026-09-08;"commodity no catalogado; se conserva para revisión; moneda informada explícitamente en campo original: USD";sí;no;;;exportacion_manual;1;no_aplica;no;no_aplica;sí
2026-09-04;2026;9;Maíz;SIO Granos / Secretaría de Agricultura;;Compraventa;Precio Hecho;195;;PRECIO/TN MONTO;195,00;195,00;USD;sí;no;PRECIO/TN MONEDA;U$S;TN;195;3000,00;TN;CANT. (TN);SANTA FE;SANTA FE;;Zona 12/En destino;Zona 12/En destino;;Contrato;Contra entrega;;;SIO_exportar_operaciones_2026-09-07.csv;2026-09-08;moneda informada explícitamente en campo original: USD;sí;no;;;exportacion_manual;1;no_aplica;no;no_aplica;sí
2026-09-04;2026;9;Maíz;SIO Granos / Secretaría de Agricultura;;Compraventa;Precio Hecho;207;;PRECIO/TN MONTO;207,00;207,00;USD;sí;no;PRECIO/TN MONEDA;U$S;TN;207;500,00;TN;CANT. (TN);SANTA FE;SANTA FE;;Rosario S/En destino;Rosario S/En destino;;Contrato;Contra entrega;;;SIO_exportar_operaciones_2026-09-07.csv;2026-09-08;moneda informada explícitamente en campo original: USD;sí;no;;;exportacion_manual;1;no_aplica;no;no_aplica;sí
2026-09-04;2026;9;CEBADA FORR.;SIO Granos / Secretaría de Agricultura;;Compraventa;Precio Hecho;220;;PRECIO/TN MONTO;220,00;220,00;USD;sí;no;PRECIO/TN MONEDA;U$S;TN;220;2000,00;TN;CANT. (TN);BUENOS AIRES;BUENOS AIRES;;Zona 3/En destino;Zona 3/En destino;;Contrato;Contra entrega;;;SIO_exportar_operaciones_2026-09-07.csv;2026-09-08;"commodity no catalogado; se conserva para revisión; moneda informada explícitamente en campo original: USD";sí;no;;;exportacion_manual;1;no_aplica;no;no_aplica;sí
2026-09-04;2026;9;TRIGO PAN;SIO Granos / Secretaría de Agricultura;;Compraventa;Precio Hecho;235;;PRECIO/TN MONTO;235,00;235,00;USD;sí;no;PRECIO/TN MONEDA;U$S;TN;235;2000,00;TN;CANT. (TN);SANTA FE;SANTA FE;;Zona 12/En destino;Zona 12/En destino;;Contrato;Contra entrega;;;SIO_exportar_operaciones_2026-09-07.csv;2026-09-08;"commodity no catalogado; se conserva para revisión; moneda informada explícitamente en campo original: USD";sí;no;;;exportacion_manual;1;no_aplica;no;no_aplica;sí
2026-09-04;2026;9;Maíz;SIO Granos / Secretaría de Agricultura;;Compraventa;Precio Hecho;195;;PRECIO/TN MONTO;195,00;195,00;USD;sí;no;PRECIO/TN MONEDA;U$S;TN;195;180,00;TN;CANT. (TN);SANTA FE;SANTA FE;;Zona 12/En destino;Zona 12/En destino;;Contrato;Contra entrega;;;SIO_exportar_operaciones_2026-09-07.csv;2026-09-08;moneda informada explícitamente en campo original: USD;sí;no;;;exportacion_manual;1;no_aplica;no;no_aplica;sí
2026-09-04;2026;9;Maíz;SIO Granos / Secretaría de Agricultura;;Compraventa;Precio Hecho;195;;PRECIO/TN MONTO;195,00;195,00;USD;sí;no;PRECIO/TN MONEDA;U$S;TN;195;1000,00;TN;CANT. (TN);SANTA FE;SANTA FE;;Zona 12/En destino;Zona 12/En destino;;Contrato;Contra entrega;;;SIO_exportar_operaciones_2026-09-07.csv;2026-09-08;moneda informada explícitamente en campo original: USD;sí;no;;;exportacion_manual;1;no_aplica;no;no_aplica;sí
2026-09-04;2026;9;Maíz;SIO Granos / Secretaría de Agricultura;;Compraventa;Precio Hecho;206;;PRECIO/TN MONTO;206,00;206,00;USD;sí;no;PRECIO/TN MONEDA;U$S;TN;206;1000,00;TN;CANT. (TN);SANTA FE;SANTA FE;;Zona 12/En destino;Zona 12/En destino;;Contrato;Contra entrega;;;SIO_exportar_operaciones_2026-09-07.csv;2026-09-08;moneda informada explícitamente en campo original: USD;sí;no;;;exportacion_manual;1;no_aplica;no;no_aplica;sí
2026-09-04;2026;9;Soja;SIO Granos / Secretaría de Agricultura;;Compraventa;Precio Hecho;560000;;PRECIO/TN MONTO;560000,00;560000,00;ARS;sí;no;PRECIO/TN MONEDA;$;TN;560000;2000,00;TN;CANT. (TN);SANTA FE;SANTA FE;;Zona 12/En destino;Zona 12/En destino;;Contrato;Anticipado a la entrega;;;SIO_exportar_operaciones_2026-09-07.csv;2026-09-08;moneda informada explícitamente en campo original: ARS;sí;no;;;exportacion_manual;1;no_aplica;no;no_aplica;sí
2026-09-04;2026;9;Soja;SIO Granos / Secretaría de Agricultura;;Compraventa;Precio Hecho;360;;PRECIO/TN MONTO;360,00;360,00;USD;sí;no;PRECIO/TN MONEDA;U$S;TN;360;30,00;TN;CANT. (TN);SANTA FE;SANTA FE;;Zona 13/En destino;Zona 13/En destino;;Contrato;Contra entrega;;;SIO_exportar_operaciones_2026-09-07.csv;2026-09-08;moneda informada explícitamente en campo original: USD;sí;no;;;exportacion_manual;1;no_aplica;no;no_aplica;sí
2026-09-04;2026;9;TRIGO PAN;SIO Granos / Secretaría de Agricultura;;Compraventa;Precio Hecho;245;;PRECIO/TN MONTO;245,00;245,00;USD;sí;no;PRECIO/TN MONEDA;U$S;TN;245;5000,00;TN;CANT. (TN);BUENOS AIRES;BUENOS AIRES;;B.Blanca/En destino;B.Blanca/En destino;;Contrato;Contra entrega;;;SIO_exportar_operaciones_2026-09-07.csv;2026-09-08;"commodity no catalogado; se conserva para revisión; moneda informada explícitamente en campo original: USD";sí;no;;;exportacion_manual;1;no_aplica;no;no_aplica;sí
2026-09-04;2026;9;CEBADA FORR.;SIO Granos / Secretaría de Agricultura;;Canje;Precio Hecho;220;;PRECIO/TN MONTO;220,00;220,00;USD;sí;no;PRECIO/TN MONEDA;U$S;TN;220;3000,00;TN;CANT. (TN);BUENOS AIRES;BUENOS AIRES;;Zona 3/En destino;Zona 3/En destino;;Contrato;Contra entrega;;;SIO_exportar_operaciones_2026-09-07.csv;2026-09-08;"commodity no catalogado; se conserva para revisión; moneda informada explícitamente en campo original: USD";sí;no;;;exportacion_manual;1;no_aplica;no;no_aplica;sí
2026-09-04;2026;9;CEBADA FORR.;SIO Granos / Secretaría de Agricultura;;Compraventa;Precio Hecho;225;;PRECIO/TN MONTO;225,00;225,00;USD;sí;no;PRECIO/TN MONEDA;U$S;TN;225;500,00;TN;CANT. (TN);BUENOS AIRES;BUENOS AIRES;;Zona 3/En destino;Zona 3/En destino;;Contrato;Contra entrega;;;SIO_exportar_operaciones_2026-09-07.csv;2026-09-08;"commodity no catalogado; se conserva para revisión; moneda informada explícitamente en campo original: USD";sí;no;;;exportacion_manual;1;no_aplica;no;no_aplica;sí
2026-09-04;2026;9;Maíz;SIO Granos / Secretaría de Agricultura;;Compraventa;Precio Hecho;210;;PRECIO/TN MONTO;210,00;210,00;USD;sí;no;PRECIO/TN MONEDA;U$S;TN;210;500,00;TN;CANT. (TN);BUENOS AIRES;BUENOS AIRES;;Zona 3/En destino;Zona 3/En destino;;Contrato;Contra entrega;;;SIO_exportar_operaciones_2026-09-07.csv;2026-09-08;moneda informada explícitamente en campo original: USD;sí;no;;;exportacion_manual;1;no_aplica;no;no_aplica;sí
2026-09-04;2026;9;Maíz;SIO Granos / Secretaría de Agricultura;;Compraventa;Precio Hecho;210;;PRECIO/TN MONTO;210,00;210,00;USD;sí;no;PRECIO/TN MONEDA;U$S;TN;210;240,00;TN;CANT. (TN);BUENOS AIRES;BUENOS AIRES;;Zona 3/En destino;Zona 3/En destino;;Contrato;Contra entrega;;;SIO_exportar_operaciones_2026-09-07.csv;2026-09-08;moneda informada explícitamente en campo original: USD;sí;no;;;exportacion_manual;1;no_aplica;no;no_aplica;sí
2026-09-04;2026;9;Soja;SIO Granos / Secretaría de Agricultura;;Compraventa;Precio Hecho;360;;PRECIO/TN MONTO;360,00;360,00;USD;sí;no;PRECIO/TN MONEDA;U$S;TN;360;120,00;TN;CANT. (TN);BUENOS AIRES;BUENOS AIRES;;Zona 3/En destino;Zona 3/En destino;;Contrato;Contra entrega;;;SIO_exportar_operaciones_2026-09-07.csv;2026-09-08;moneda informada explícitamente en campo original: USD;sí;no;;;exportacion_manual;1;no_aplica;no;no_aplica;sí
2026-09-04;2026;9;Maíz;SIO Granos / Secretaría de Agricultura;;Compraventa;Precio Hecho;205;;PRECIO/TN MONTO;205,00;205,00;USD;sí;no;PRECIO/TN MONEDA;U$S;TN;205;3000,00;TN;CANT. (TN);BUENOS AIRES;BUENOS AIRES;;B.Blanca/En destino;B.Blanca/En destino;;Contrato;Contra entrega;;;SIO_exportar_operaciones_2026-09-07.csv;2026-09-08;moneda informada explícitamente en campo original: USD;sí;no;;;exportacion_manual;1;no_aplica;no;no_aplica;sí
2026-09-04;2026;9;TRIGO PAN;SIO Granos / Secretaría de Agricultura;;Compraventa;Fijar Precio/Prec. Cam.;233.5;;PRECIO/TN MONTO;233,50;233,50;USD;sí;no;PRECIO/TN MONEDA;U$S;TN;233.5;443,90;TN;CANT. (TN);BUENOS AIRES;BUENOS AIRES;;Zona 6/En destino;Zona 6/En destino;;Fijación;Contra entrega;;;SIO_exportar_operaciones_2026-09-07.csv;2026-09-08;"commodity no catalogado; se conserva para revisión; moneda informada explícitamente en campo original: USD";sí;no;;;exportacion_manual;1;no_aplica;no;no_aplica;sí
2026-09-04;2026;9;TRIGO PAN;SIO Granos / Secretaría de Agricultura;;Compraventa;Fijar Precio/Prec. Cam.;233.5;;PRECIO/TN MONTO;233,50;233,50;USD;sí;no;PRECIO/TN MONEDA;U$S;TN;233.5;503,56;TN;CANT. (TN);BUENOS AIRES;BUENOS AIRES;;Zona 6/En destino;Zona 6/En destino;;Fijación;Contra entrega;;;SIO_exportar_operaciones_2026-09-07.csv;2026-09-08;"commodity no catalogado; se conserva para revisión; moneda informada explícitamente en campo original: USD";sí;no;;;exportacion_manual;1;no_aplica;no;no_aplica;sí
2026-09-04;2026;9;Girasol;SIO Granos / Secretaría de Agricultura;;Compraventa;Precio Hecho;500;;PRECIO/TN MONTO;500,00;500,00;USD;sí;no;PRECIO/TN MONEDA;U$S;TN;500;5,40;TN;CANT. (TN);BUENOS AIRES;BUENOS AIRES;;Zona 25/En destino;Zona 25/En destino;;Contrato;Contra entrega;;;SIO_exportar_operaciones_2026-09-07.csv;2026-09-08;moneda informada explícitamente en campo original: USD;sí;no;;;exportacion_manual;1;no_aplica;no;no_aplica;sí
2026-09-04;2026;9;Maíz;SIO Granos / Secretaría de Agricultura;;Canje;Precio Hecho;204.55;;PRECIO/TN MONTO;204,55;204,55;USD;sí;no;PRECIO/TN MONEDA;U$S;TN;204.55;1000,00;TN;CANT. (TN);CÓRDOBA;CÓRDOBA;;Zona 12/En destino;Zona 12/En destino;;Contrato;Contra entrega;;;SIO_exportar_operaciones_2026-09-07.csv;2026-09-08;moneda informada explícitamente en campo original: USD;sí;no;;;exportacion_manual;1;no_aplica;no;no_aplica;sí
2026-09-04;2026;9;Maíz;SIO Granos / Secretaría de Agricultura;;Compraventa;Precio Hecho;185;;PRECIO/TN MONTO;185,00;185,00;USD;sí;no;PRECIO/TN MONEDA;U$S;TN;185;60,00;TN;CANT. (TN);BUENOS AIRES;BUENOS AIRES;;Rosario S/En destino;Rosario S/En destino;;Contrato;Contra entrega;;;SIO_exportar_operaciones_2026-09-07.csv;2026-09-08;moneda informada explícitamente en campo original: USD;sí;no;;;exportacion_manual;1;no_aplica;no;no_aplica;sí
2026-09-04;2026;9;Maíz;SIO Granos / Secretaría de Agricultura;;Compraventa;Precio Hecho;190;;PRECIO/TN MONTO;190,00;190,00;USD;sí;no;PRECIO/TN MONEDA;U$S;TN;190;90,00;TN;CANT. (TN);SANTA FE;SANTA FE;;Rosario S/En destino;Rosario S/En destino;;Contrato;Contra entrega;;;SIO_exportar_operaciones_2026-09-07.csv;2026-09-08;moneda informada explícitamente en campo original: USD;sí;no;;;exportacion_manual;1;no_aplica;no;no_aplica;sí
2026-09-04;2026;9;Maíz;SIO Granos / Secretaría de Agricultura;;Compraventa;Precio Hecho;190;;PRECIO/TN MONTO;190,00;190,00;USD;sí;no;PRECIO/TN MONEDA;U$S;TN;190;120,00;TN;CANT. (TN);BUENOS AIRES;BUENOS AIRES;;Rosario S/En destino;Rosario S/En destino;;Contrato;Contra entrega;;;SIO_exportar_operaciones_2026-09-07.csv;2026-09-08;moneda informada explícitamente en campo original: USD;sí;no;;;exportacion_manual;1;no_aplica;no;no_aplica;sí
2026-09-04;2026;9;Soja;SIO Granos / Secretaría de Agricultura;;Compraventa;Fijar Precio/Prec. Cam.;0;;PRECIO/TN MONTO;0;0;Sin especificar;no;no;PRECIO/TN MONEDA;0;TN;0;60,00;TN;CANT. (TN);CÓRDOBA;CÓRDOBA;;Zona 12/En destino;Zona 12/En destino;;Contrato;Contra entrega;;;SIO_exportar_operaciones_2026-09-07.csv;2026-09-08;"precio cero clasificado como cero_explicito; excluido de series de precios; moneda no informada explícitamente en endpoint GetOperaciones; no se infiere del valor original";sí;no;;;exportacion_manual;1;no_aplica;sí;cero_explicito;no
2026-09-04;2026;9;TRIGO PAN;SIO Granos / Secretaría de Agricultura;;Canje;Precio Hecho;250.47;;PRECIO/TN MONTO;250,47;250,47;USD;sí;no;PRECIO/TN MONEDA;U$S;TN;250.47;1950,00;TN;CANT. (TN);BUENOS AIRES;BUENOS AIRES;;Zona 3/En destino;Zona 3/En destino;;Contrato;Contra entrega;;;SIO_exportar_operaciones_2026-09-07.csv;2026-09-08;"commodity no catalogado; se conserva para revisión; moneda informada explícitamente en campo original: USD";sí;no;;;exportacion_manual;1;no_aplica;no;no_aplica;sí
2026-09-04;2026;9;Soja;SIO Granos / Secretaría de Agricultura;;Compraventa;Precio Hecho;360;;PRECIO/TN MONTO;360,00;360,00;USD;sí;no;PRECIO/TN MONEDA;U$S;TN;360;1500,00;TN;CANT. (TN);LA PAMPA;LA PAMPA;;B.Blanca/En destino;B.Blanca/En destino;;Contrato;Contra entrega;;;SIO_exportar_operaciones_2026-09-07.csv;2026-09-08;moneda informada explícitamente en campo original: USD;sí;no;;;exportacion_manual;1;no_aplica;no;no_aplica;sí
2026-09-04;2026;9;Soja;SIO Granos / Secretaría de Agricultura;;Compraventa;Precio Hecho;375;;PRECIO/TN MONTO;375,00;375,00;USD;sí;no;PRECIO/TN MONEDA;U$S;TN;375;1600,00;TN;CANT. (TN);LA PAMPA;LA PAMPA;;B.Blanca/En destino;B.Blanca/En destino;;Contrato;Contra entrega;;;SIO_exportar_operaciones_2026-09-07.csv;2026-09-08;moneda informada explícitamente en campo original: USD;sí;no;;;exportacion_manual;1;no_aplica;no;no_aplica;sí
2026-09-04;2026;9;TRIGO PAN;SIO Granos / Secretaría de Agricultura;;Canje;Precio Hecho;238.32;;PRECIO/TN MONTO;238,32;238,32;USD;sí;no;PRECIO/TN MONEDA;U$S;TN;238.32;150,00;TN;CANT. (TN);SANTA FE;SANTA FE;;Zona 12/En destino;Zona 12/En destino;;Contrato;Contra entrega;;;SIO_exportar_operaciones_2026-09-07.csv;2026-09-08;"commodity no catalogado; se conserva para revisión; moneda informada explícitamente en campo original: USD";sí;no;;;exportacion_manual;1;no_aplica;no;no_aplica;sí
2026-09-04;2026;9;TRIGO PAN;SIO Granos / Secretaría de Agricultura;;Compraventa;Precio Hecho;240;;PRECIO/TN MONTO;240,00;240,00;USD;sí;no;PRECIO/TN MONEDA;U$S;TN;240;60,00;TN;CANT. (TN);BUENOS AIRES;BUENOS AIRES;;Zona 3/En destino;Zona 3/En destino;;Contrato;Contra entrega;;;SIO_exportar_operaciones_2026-09-07.csv;2026-09-08;"commodity no catalogado; se conserva para revisión; moneda informada explícitamente en campo original: USD";sí;no;;;exportacion_manual;1;no_aplica;no;no_aplica;sí
2026-09-04;2026;9;Maíz;SIO Granos / Secretaría de Agricultura;;Canje;Precio Hecho;188.1;;PRECIO/TN MONTO;188,10;188,10;USD;sí;no;PRECIO/TN MONEDA;U$S;TN;188.1;120,00;TN;CANT. (TN);BUENOS AIRES;BUENOS AIRES;;Rosario S/En destino;Rosario S/En destino;;Contrato;Contra entrega;;;SIO_exportar_operaciones_2026-09-07.csv;2026-09-08;moneda informada explícitamente en campo original: USD;sí;no;;;exportacion_manual;1;no_aplica;no;no_aplica;sí
2026-09-04;2026;9;CEBADA FORR.;SIO Granos / Secretaría de Agricultura;;Compraventa;Precio Hecho;210;;PRECIO/TN MONTO;210,00;210,00;USD;sí;no;PRECIO/TN MONEDA;U$S;TN;210;30,00;TN;CANT. (TN);BUENOS AIRES;BUENOS AIRES;;Zona 3/En destino;Zona 3/En destino;;Contrato;Contra entrega;;;SIO_exportar_operaciones_2026-09-07.csv;2026-09-08;"commodity no catalogado; se conserva para revisión; moneda informada explícitamente en campo original: USD";sí;no;;;exportacion_manual;1;no_aplica;no;no_aplica;sí
2026-09-04;2026;9;Maíz;SIO Granos / Secretaría de Agricultura;;Canje;Precio Hecho;205.96;;PRECIO/TN MONTO;205,96;205,96;USD;sí;no;PRECIO/TN MONEDA;U$S;TN;205.96;260,00;TN;CANT. (TN);BUENOS AIRES;BUENOS AIRES;;Zona 3/En destino;Zona 3/En destino;;Contrato;Contra entrega;;;SIO_exportar_operaciones_2026-09-07.csv;2026-09-08;moneda informada explícitamente en campo original: USD;sí;no;;;exportacion_manual;1;no_aplica;no;no_aplica;sí
2026-09-04;2026;9;Maíz;SIO Granos / Secretaría de Agricultura;;Canje;Precio Hecho;205.96;;PRECIO/TN MONTO;205,96;205,96;USD;sí;no;PRECIO/TN MONEDA;U$S;TN;205.96;90,00;TN;CANT. (TN);BUENOS AIRES;BUENOS AIRES;;Zona 3/En destino;Zona 3/En destino;;Contrato;Contra entrega;;;SIO_exportar_operaciones_2026-09-07.csv;2026-09-08;moneda informada explícitamente en campo original: USD;sí;no;;;exportacion_manual;1;no_aplica;no;no_aplica;sí
2026-09-04;2026;9;Maíz;SIO Granos / Secretaría de Agricultura;;Compraventa;Precio Hecho;305000;;PRECIO/TN MONTO;305000,00;305000,00;ARS;sí;no;PRECIO/TN MONEDA;$;TN;305000;300,00;TN;CANT. (TN);BUENOS AIRES;BUENOS AIRES;;B.Blanca/En destino;B.Blanca/En destino;;Contrato;Anticipado a la entrega;;;SIO_exportar_operaciones_2026-09-07.csv;2026-09-08;moneda informada explícitamente en campo original: ARS;sí;no;;;exportacion_manual;1;no_aplica;no;no_aplica;sí
2026-09-04;2026;9;Soja;SIO Granos / Secretaría de Agricultura;;Compraventa;Precio Hecho;565000;;PRECIO/TN MONTO;565000,00;565000,00;ARS;sí;no;PRECIO/TN MONEDA;$;TN;565000;300,00;TN;CANT. (TN);BUENOS AIRES;BUENOS AIRES;;Rosario S/En destino;Rosario S/En destino;;Contrato;Anticipado a la entrega;;;SIO_exportar_operaciones_2026-09-07.csv;2026-09-08;moneda informada explícitamente en campo original: ARS;sí;no;;;exportacion_manual;1;no_aplica;no;no_aplica;sí
2026-09-04;2026;9;Soja;SIO Granos / Secretaría de Agricultura;;Compraventa;Precio Hecho;375;;PRECIO/TN MONTO;375,00;375,00;USD;sí;no;PRECIO/TN MONEDA;U$S;TN;375;1000,00;TN;CANT. (TN);BUENOS AIRES;BUENOS AIRES;;B.Blanca/En destino;B.Blanca/En destino;;Contrato;Contra entrega;;;SIO_exportar_operaciones_2026-09-07.csv;2026-09-08;moneda informada explícitamente en campo original: USD;sí;no;;;exportacion_manual;1;no_aplica;no;no_aplica;sí
2026-09-04;2026;9;Soja;SIO Granos / Secretaría de Agricultura;;Compraventa;Precio Hecho;375;;PRECIO/TN MONTO;375,00;375,00;USD;sí;no;PRECIO/TN MONEDA;U$S;TN;375;300,00;TN;CANT. (TN);BUENOS AIRES;BUENOS AIRES;;B.Blanca/En destino;B.Blanca/En destino;;Contrato;Anticipado a la entrega;;;SIO_exportar_operaciones_2026-09-07.csv;2026-09-08;moneda informada explícitamente en campo original: USD;sí;no;;;exportacion_manual;1;no_aplica;no;no_aplica;sí
2026-09-04;2026;9;Maíz;SIO Granos / Secretaría de Agricultura;;Compraventa;Precio Hecho;207;;PRECIO/TN MONTO;207,00;207,00;USD;sí;no;PRECIO/TN MONEDA;U$S;TN;207;260,00;TN;CANT. (TN);BUENOS AIRES;BUENOS AIRES;;Zona 3/En destino;Zona 3/En destino;;Contrato;Contra entrega;;;SIO_exportar_operaciones_2026-09-07.csv;2026-09-08;moneda informada explícitamente en campo original: USD;sí;no;;;exportacion_manual;1;no_aplica;no;no_aplica;sí
2026-09-04;2026;9;Maíz;SIO Granos / Secretaría de Agricultura;;Compraventa;Precio Hecho;207;;PRECIO/TN MONTO;207,00;207,00;USD;sí;no;PRECIO/TN MONEDA;U$S;TN;207;90,00;TN;CANT. (TN);BUENOS AIRES;BUENOS AIRES;;Zona 3/En destino;Zona 3/En destino;;Contrato;Contra entrega;;;SIO_exportar_operaciones_2026-09-07.csv;2026-09-08;moneda informada explícitamente en campo original: USD;sí;no;;;exportacion_manual;1;no_aplica;no;no_aplica;sí
2026-09-04;2026;9;Soja;SIO Granos / Secretaría de Agricultura;;Compraventa;Precio Hecho;560000;;PRECIO/TN MONTO;560000,00;560000,00;ARS;sí;no;PRECIO/TN MONEDA;$;TN;560000;600,00;TN;CANT. (TN);BUENOS AIRES;BUENOS AIRES;;Zona 12/En destino;Zona 12/En destino;;Contrato;Contra entrega;;;SIO_exportar_operaciones_2026-09-07.csv;2026-09-08;moneda informada explícitamente en campo original: ARS;sí;no;;;exportacion_manual;1;no_aplica;no;no_aplica;sí
2026-09-04;2026;9;Maíz;SIO Granos / Secretaría de Agricultura;;Compraventa;Precio Hecho;210;;PRECIO/TN MONTO;210,00;210,00;USD;sí;no;PRECIO/TN MONEDA;U$S;TN;210;2000,00;TN;CANT. (TN);LA PAMPA;LA PAMPA;;B.Blanca/En destino;B.Blanca/En destino;;Contrato;Contra entrega;;;SIO_exportar_operaciones_2026-09-07.csv;2026-09-08;moneda informada explícitamente en campo original: USD;sí;no;;;exportacion_manual;1;no_aplica;no;no_aplica;sí
2026-09-04;2026;9;Soja;SIO Granos / Secretaría de Agricultura;;Compraventa;Precio Hecho;375;;PRECIO/TN MONTO;375,00;375,00;USD;sí;no;PRECIO/TN MONEDA;U$S;TN;375;1500,00;TN;CANT. (TN);LA PAMPA;LA PAMPA;;B.Blanca/En destino;B.Blanca/En destino;;Contrato;Anticipado a la entrega;;;SIO_exportar_operaciones_2026-09-07.csv;2026-09-08;moneda informada explícitamente en campo original: USD;sí;no;;;exportacion_manual;1;no_aplica;no;no_aplica;sí
2026-09-04;2026;9;TRIGO PAN;SIO Granos / Secretaría de Agricultura;;Compraventa;Precio Hecho;240;;PRECIO/TN MONTO;240,00;240,00;USD;sí;no;PRECIO/TN MONEDA;U$S;TN;240;300,00;TN;CANT. (TN);BUENOS AIRES;BUENOS AIRES;;Zona 3/En destino;Zona 3/En destino;;Contrato;Contra entrega;;;SIO_exportar_operaciones_2026-09-07.csv;2026-09-08;"commodity no catalogado; se conserva para revisión; moneda informada explícitamente en campo original: USD";sí;no;;;exportacion_manual;1;no_aplica;no;no_aplica;sí
2026-09-04;2026;9;Maíz;SIO Granos / Secretaría de Agricultura;;Compraventa;Precio Hecho;207;;PRECIO/TN MONTO;207,00;207,00;USD;sí;no;PRECIO/TN MONEDA;U$S;TN;207;210,00;TN;CANT. (TN);BUENOS AIRES;BUENOS AIRES;;Zona 3/En destino;Zona 3/En destino;;Contrato;Contra entrega;;;SIO_exportar_operaciones_2026-09-07.csv;2026-09-08;moneda informada explícitamente en campo original: USD;sí;no;;;exportacion_manual;1;no_aplica;no;no_aplica;sí
2026-09-04;2026;9;CEBADA FORR.;SIO Granos / Secretaría de Agricultura;;Canje;Fijar Precio/Prec. Cam.;226.6;;PRECIO/TN MONTO;226,60;226,60;USD;sí;no;PRECIO/TN MONEDA;U$S;TN;226.6;210,00;TN;CANT. (TN);BUENOS AIRES;BUENOS AIRES;;B.Blanca/En destino;B.Blanca/En destino;;Fijación;Contra entrega;;;SIO_exportar_operaciones_2026-09-07.csv;2026-09-08;"commodity no catalogado; se conserva para revisión; moneda informada explícitamente en campo original: USD";sí;no;;;exportacion_manual;1;no_aplica;no;no_aplica;sí
2026-09-04;2026;9;Girasol;SIO Granos / Secretaría de Agricultura;;Compraventa;Precio Hecho;470;;PRECIO/TN MONTO;470,00;470,00;USD;sí;no;PRECIO/TN MONEDA;U$S;TN;470;210,00;TN;CANT. (TN);SANTIAGO DEL ESTERO;SANTIAGO DEL ESTERO;;Rosario S/En destino;Rosario S/En destino;;Contrato;Contra entrega;;;SIO_exportar_operaciones_2026-09-07.csv;2026-09-08;moneda informada explícitamente en campo original: USD;sí;no;;;exportacion_manual;1;no_aplica;no;no_aplica;sí
2026-09-04;2026;9;TRIGO PAN;SIO Granos / Secretaría de Agricultura;;Compraventa;Precio Hecho;243;;PRECIO/TN MONTO;243,00;243,00;USD;sí;no;PRECIO/TN MONEDA;U$S;TN;243;200,00;TN;CANT. (TN);BUENOS AIRES;BUENOS AIRES;;B.Blanca/En destino;B.Blanca/En destino;;Contrato;Contra entrega;;;SIO_exportar_operaciones_2026-09-07.csv;2026-09-08;"commodity no catalogado; se conserva para revisión; moneda informada explícitamente en campo original: USD";sí;no;;;exportacion_manual;1;no_aplica;no;no_aplica;sí
2026-09-04;2026;9;Soja;SIO Granos / Secretaría de Agricultura;;Compraventa;Precio Hecho;375;;PRECIO/TN MONTO;375,00;375,00;USD;sí;no;PRECIO/TN MONEDA;U$S;TN;375;180,00;TN;CANT. (TN);LA PAMPA;LA PAMPA;;Zona 12/En destino;Zona 12/En destino;;Contrato;Contra entrega;;;SIO_exportar_operaciones_2026-09-07.csv;2026-09-08;moneda informada explícitamente en campo original: USD;sí;no;;;exportacion_manual;1;no_aplica;no;no_aplica;sí
2026-09-04;2026;9;Soja;SIO Granos / Secretaría de Agricultura;;Compraventa;Precio Hecho;360;;PRECIO/TN MONTO;360,00;360,00;USD;sí;no;PRECIO/TN MONEDA;U$S;TN;360;200,00;TN;CANT. (TN);BUENOS AIRES;BUENOS AIRES;;Rosario S/En destino;Rosario S/En destino;;Contrato;Contra entrega;;;SIO_exportar_operaciones_2026-09-07.csv;2026-09-08;moneda informada explícitamente en campo original: USD;sí;no;;;exportacion_manual;1;no_aplica;no;no_aplica;sí
2026-09-04;2026;9;Maíz;SIO Granos / Secretaría de Agricultura;;Compraventa;Precio Hecho;210;;PRECIO/TN MONTO;210,00;210,00;USD;sí;no;PRECIO/TN MONEDA;U$S;TN;210;1250,00;TN;CANT. (TN);BUENOS AIRES;BUENOS AIRES;;Zona 3/En destino;Zona 3/En destino;;Contrato;Contra entrega;;;SIO_exportar_operaciones_2026-09-07.csv;2026-09-08;moneda informada explícitamente en campo original: USD;sí;no;;;exportacion_manual;1;no_aplica;no;no_aplica;sí
2026-09-04;2026;9;Maíz;SIO Granos / Secretaría de Agricultura;;Canje;Precio Hecho;188.1;;PRECIO/TN MONTO;188,10;188,10;USD;sí;no;PRECIO/TN MONEDA;U$S;TN;188.1;90,00;TN;CANT. (TN);SANTA FE;SANTA FE;;Rosario S/En destino;Rosario S/En destino;;Contrato;Contra entrega;;;SIO_exportar_operaciones_2026-09-07.csv;2026-09-08;moneda informada explícitamente en campo original: USD;sí;no;;;exportacion_manual;1;no_aplica;no;no_aplica;sí
2026-09-04;2026;9;Soja;SIO Granos / Secretaría de Agricultura;;Compraventa;Fijar Precio/Prec. Cam.;0;;PRECIO/TN MONTO;0;0;Sin especificar;no;no;PRECIO/TN MONEDA;0;TN;0;150,00;TN;CANT. (TN);BUENOS AIRES;BUENOS AIRES;;Zona 12/En destino;Zona 12/En destino;;Contrato;Contra entrega;;;SIO_exportar_operaciones_2026-09-07.csv;2026-09-08;"precio cero clasificado como cero_explicito; excluido de series de precios; moneda no informada explícitamente en endpoint GetOperaciones; no se infiere del valor original";sí;no;;;exportacion_manual;1;no_aplica;sí;cero_explicito;no
2026-09-04;2026;9;CEBADA FORR.;SIO Granos / Secretaría de Agricultura;;Canje;Precio Hecho;213.84;;PRECIO/TN MONTO;213,84;213,84;USD;sí;no;PRECIO/TN MONEDA;U$S;TN;213.84;30,00;TN;CANT. (TN);BUENOS AIRES;BUENOS AIRES;;Zona 3/En destino;Zona 3/En destino;;Contrato;Contra entrega;;;SIO_exportar_operaciones_2026-09-07.csv;2026-09-08;"commodity no catalogado; se conserva para revisión; moneda informada explícitamente en campo original: USD";sí;no;;;exportacion_manual;1;no_aplica;no;no_aplica;sí
2026-09-04;2026;9;TRIGO PAN;SIO Granos / Secretaría de Agricultura;;Compraventa;Fijar Precio/M. T. País;233;;PRECIO/TN MONTO;233,00;233,00;USD;sí;no;PRECIO/TN MONEDA;U$S;TN;233;1013,04;TN;CANT. (TN);BUENOS AIRES;BUENOS AIRES;;Zona 6/En destino;Zona 6/En destino;;Fijación;A plazo;;;SIO_exportar_operaciones_2026-09-07.csv;2026-09-08;"commodity no catalogado; se conserva para revisión; moneda informada explícitamente en campo original: USD";sí;no;;;exportacion_manual;1;no_aplica;no;no_aplica;sí
2026-09-04;2026;9;TRIGO PAN;SIO Granos / Secretaría de Agricultura;;Compraventa;Fijar Precio/M. T. País;233;;PRECIO/TN MONTO;233,00;233,00;USD;sí;no;PRECIO/TN MONEDA;U$S;TN;233;1011,78;TN;CANT. (TN);BUENOS AIRES;BUENOS AIRES;;Zona 6/En destino;Zona 6/En destino;;Fijación;A plazo;;;SIO_exportar_operaciones_2026-09-07.csv;2026-09-08;"commodity no catalogado; se conserva para revisión; moneda informada explícitamente en campo original: USD";sí;no;;;exportacion_manual;1;no_aplica;no;no_aplica;sí
2026-09-04;2026;9;Girasol;SIO Granos / Secretaría de Agricultura;;Compraventa;Precio Hecho;470;;PRECIO/TN MONTO;470,00;470,00;USD;sí;no;PRECIO/TN MONEDA;U$S;TN;470;500,00;TN;CANT. (TN);BUENOS AIRES;BUENOS AIRES;;Rosario S/En destino;Rosario S/En destino;;Contrato;Contra entrega;;;SIO_exportar_operaciones_2026-09-07.csv;2026-09-08;moneda informada explícitamente en campo original: USD;sí;no;;;exportacion_manual;1;no_aplica;no;no_aplica;sí
2026-09-04;2026;9;Maíz;SIO Granos / Secretaría de Agricultura;;Compraventa;Precio Hecho;303000;;PRECIO/TN MONTO;303000,00;303000,00;ARS;sí;no;PRECIO/TN MONEDA;$;TN;303000;400,00;TN;CANT. (TN);BUENOS AIRES;BUENOS AIRES;;B.Blanca/En destino;B.Blanca/En destino;;Contrato;Anticipado a la entrega;;;SIO_exportar_operaciones_2026-09-07.csv;2026-09-08;moneda informada explícitamente en campo original: ARS;sí;no;;;exportacion_manual;1;no_aplica;no;no_aplica;sí
2026-09-04;2026;9;Maíz;SIO Granos / Secretaría de Agricultura;;Compraventa;Precio Hecho;185;;PRECIO/TN MONTO;185,00;185,00;USD;sí;no;PRECIO/TN MONEDA;U$S;TN;185;90,00;TN;CANT. (TN);CÓRDOBA;CÓRDOBA;;Zona 12/En destino;Zona 12/En destino;;Contrato;Contra entrega;;;SIO_exportar_operaciones_2026-09-07.csv;2026-09-08;moneda informada explícitamente en campo original: USD;sí;no;;;exportacion_manual;1;no_aplica;no;no_aplica;sí
2026-09-04;2026;9;Soja;SIO Granos / Secretaría de Agricultura;;Compraventa;Precio Hecho;375;;PRECIO/TN MONTO;375,00;375,00;USD;sí;no;PRECIO/TN MONEDA;U$S;TN;375;60,00;TN;CANT. (TN);BUENOS AIRES;BUENOS AIRES;;B.Blanca/En destino;B.Blanca/En destino;;Contrato;Contra entrega;;;SIO_exportar_operaciones_2026-09-07.csv;2026-09-08;moneda informada explícitamente en campo original: USD;sí;no;;;exportacion_manual;1;no_aplica;no;no_aplica;sí
2026-09-04;2026;9;TRIGO PAN;SIO Granos / Secretaría de Agricultura;;Compraventa;Fijar Precio/Prec. Cam.;245;;PRECIO/TN MONTO;245,00;245,00;USD;sí;no;PRECIO/TN MONEDA;U$S;TN;245;90,28;TN;CANT. (TN);BUENOS AIRES;BUENOS AIRES;;B.Blanca/En destino;B.Blanca/En destino;;Fijación;Contra entrega;;;SIO_exportar_operaciones_2026-09-07.csv;2026-09-08;"commodity no catalogado; se conserva para revisión; moneda informada explícitamente en campo original: USD";sí;no;;;exportacion_manual;1;no_aplica;no;no_aplica;sí
2026-09-04;2026;9;Maíz;SIO Granos / Secretaría de Agricultura;;Compraventa;Precio Hecho;215;;PRECIO/TN MONTO;215,00;215,00;USD;sí;no;PRECIO/TN MONEDA;U$S;TN;215;1000,00;TN;CANT. (TN);BUENOS AIRES;BUENOS AIRES;;B.Blanca/En destino;B.Blanca/En destino;;Contrato;Contra entrega;;;SIO_exportar_operaciones_2026-09-07.csv;2026-09-08;moneda informada explícitamente en campo original: USD;sí;no;;;exportacion_manual;1;no_aplica;no;no_aplica;sí
2026-09-04;2026;9;CEBADA FORR.;SIO Granos / Secretaría de Agricultura;;Compraventa;Precio Hecho;225;;PRECIO/TN MONTO;225,00;225,00;USD;sí;no;PRECIO/TN MONEDA;U$S;TN;225;150,00;TN;CANT. (TN);BUENOS AIRES;BUENOS AIRES;;B.Blanca/En destino;B.Blanca/En destino;;Contrato;Contra entrega;;;SIO_exportar_operaciones_2026-09-07.csv;2026-09-08;"commodity no catalogado; se conserva para revisión; moneda informada explícitamente en campo original: USD";sí;no;;;exportacion_manual;1;no_aplica;no;no_aplica;sí
2026-09-04;2026;9;Maíz;SIO Granos / Secretaría de Agricultura;;Compraventa;Precio Hecho;210;;PRECIO/TN MONTO;210,00;210,00;USD;sí;no;PRECIO/TN MONEDA;U$S;TN;210;150,00;TN;CANT. (TN);BUENOS AIRES;BUENOS AIRES;;B.Blanca/En destino;B.Blanca/En destino;;Contrato;Contra entrega;;;SIO_exportar_operaciones_2026-09-07.csv;2026-09-08;moneda informada explícitamente en campo original: USD;sí;no;;;exportacion_manual;1;no_aplica;no;no_aplica;sí
2026-09-04;2026;9;Soja;SIO Granos / Secretaría de Agricultura;;Compraventa;Precio Hecho;564000;;PRECIO/TN MONTO;564000,00;564000,00;ARS;sí;no;PRECIO/TN MONEDA;$;TN;564000;34,36;TN;CANT. (TN);CÓRDOBA;CÓRDOBA;;Zona 12/En destino;Zona 12/En destino;;Contrato;Contra entrega;;;SIO_exportar_operaciones_2026-09-07.csv;2026-09-08;moneda informada explícitamente en campo original: ARS;sí;no;;;exportacion_manual;1;no_aplica;no;no_aplica;sí
2026-09-04;2026;9;Soja;SIO Granos / Secretaría de Agricultura;;Compraventa;Precio Hecho;374;;PRECIO/TN MONTO;374,00;374,00;USD;sí;no;PRECIO/TN MONEDA;U$S;TN;374;300,00;TN;CANT. (TN);SANTA FE;SANTA FE;;Rosario S/En destino;Rosario S/En destino;;Contrato;Contra entrega;;;SIO_exportar_operaciones_2026-09-07.csv;2026-09-08;moneda informada explícitamente en campo original: USD;sí;no;;;exportacion_manual;1;no_aplica;no;no_aplica;sí
2026-09-04;2026;9;Soja;SIO Granos / Secretaría de Agricultura;;Compraventa;Precio Hecho;380;;PRECIO/TN MONTO;380,00;380,00;USD;sí;no;PRECIO/TN MONEDA;U$S;TN;380;90,00;TN;CANT. (TN);SANTA FE;SANTA FE;;Rosario S/En destino;Rosario S/En destino;;Contrato;Contra entrega;;;SIO_exportar_operaciones_2026-09-07.csv;2026-09-08;moneda informada explícitamente en campo original: USD;sí;no;;;exportacion_manual;1;no_aplica;no;no_aplica;sí
2026-09-04;2026;9;Soja;SIO Granos / Secretaría de Agricultura;;Compraventa;Precio Hecho;491;;PRECIO/TN MONTO;491,00;491,00;USD;sí;no;PRECIO/TN MONEDA;U$S;TN;491;3000,00;TN;CANT. (TN);SANTA FE;SANTA FE;;Rosario S/En destino;Rosario S/En destino;;Contrato;Contra entrega;;;SIO_exportar_operaciones_2026-09-07.csv;2026-09-08;moneda informada explícitamente en campo original: USD;sí;no;;;exportacion_manual;1;no_aplica;no;no_aplica;sí
2026-09-04;2026;9;Soja;SIO Granos / Secretaría de Agricultura;;Compraventa;Precio Hecho;363;;PRECIO/TN MONTO;363,00;363,00;USD;sí;no;PRECIO/TN MONEDA;U$S;TN;363;30,00;TN;CANT. (TN);SAN LUIS;SAN LUIS;;Rosario S/En destino;Rosario S/En destino;;Contrato;Contra entrega;;;SIO_exportar_operaciones_2026-09-07.csv;2026-09-08;moneda informada explícitamente en campo original: USD;sí;no;;;exportacion_manual;1;no_aplica;no;no_aplica;sí
2026-09-04;2026;9;Soja;SIO Granos / Secretaría de Agricultura;;Compraventa;Precio Hecho;363;;PRECIO/TN MONTO;363,00;363,00;USD;sí;no;PRECIO/TN MONEDA;U$S;TN;363;60,00;TN;CANT. (TN);SANTIAGO DEL ESTERO;SANTIAGO DEL ESTERO;;Rosario S/En destino;Rosario S/En destino;;Contrato;Contra entrega;;;SIO_exportar_operaciones_2026-09-07.csv;2026-09-08;moneda informada explícitamente en campo original: USD;sí;no;;;exportacion_manual;1;no_aplica;no;no_aplica;sí
2026-09-04;2026;9;Soja;SIO Granos / Secretaría de Agricultura;;Compraventa;Precio Hecho;358;;PRECIO/TN MONTO;358,00;358,00;USD;sí;no;PRECIO/TN MONEDA;U$S;TN;358;300,00;TN;CANT. (TN);CHACO;CHACO;;Rosario S/En destino;Rosario S/En destino;;Contrato;Contra entrega;;;SIO_exportar_operaciones_2026-09-07.csv;2026-09-08;moneda informada explícitamente en campo original: USD;sí;no;;;exportacion_manual;1;no_aplica;no;no_aplica;sí
2026-09-04;2026;9;Soja;SIO Granos / Secretaría de Agricultura;;Compraventa;Fijar Precio/Prec. Cam.;560000;;PRECIO/TN MONTO;560000,00;560000,00;ARS;sí;no;PRECIO/TN MONEDA;$;TN;560000;400,00;TN;CANT. (TN);SANTA FE;SANTA FE;;Rosario S/En destino;Rosario S/En destino;;Fijación;Contra entrega;;;SIO_exportar_operaciones_2026-09-07.csv;2026-09-08;moneda informada explícitamente en campo original: ARS;sí;no;;;exportacion_manual;1;no_aplica;no;no_aplica;sí
2026-09-04;2026;9;Soja;SIO Granos / Secretaría de Agricultura;;Canje;Precio Hecho;560000;;PRECIO/TN MONTO;560000,00;560000,00;ARS;sí;no;PRECIO/TN MONEDA;$;TN;560000;120,00;TN;CANT. (TN);SANTA FE;SANTA FE;;Rosario S/En destino;Rosario S/En destino;;Contrato;Contra entrega;;;SIO_exportar_operaciones_2026-09-07.csv;2026-09-08;moneda informada explícitamente en campo original: ARS;sí;no;;;exportacion_manual;1;no_aplica;no;no_aplica;sí
2026-09-04;2026;9;Soja;SIO Granos / Secretaría de Agricultura;;Compraventa;Precio Hecho;580000;;PRECIO/TN MONTO;580000,00;580000,00;ARS;sí;no;PRECIO/TN MONEDA;$;TN;580000;58,00;TN;CANT. (TN);CÓRDOBA;CÓRDOBA;;Rosario S/En destino;Rosario S/En destino;;Contrato;Contra entrega;;;SIO_exportar_operaciones_2026-09-07.csv;2026-09-08;moneda informada explícitamente en campo original: ARS;sí;no;;;exportacion_manual;1;no_aplica;no;no_aplica;sí
2026-09-04;2026;9;Soja;SIO Granos / Secretaría de Agricultura;;Compraventa;Precio Hecho;560000;;PRECIO/TN MONTO;560000,00;560000,00;ARS;sí;no;PRECIO/TN MONEDA;$;TN;560000;150,00;TN;CANT. (TN);CÓRDOBA;CÓRDOBA;;Rosario S/En destino;Rosario S/En destino;;Contrato;Contra entrega;;;SIO_exportar_operaciones_2026-09-07.csv;2026-09-08;moneda informada explícitamente en campo original: ARS;sí;no;;;exportacion_manual;1;no_aplica;no;no_aplica;sí
2026-09-04;2026;9;Maíz;SIO Granos / Secretaría de Agricultura;;Compraventa;Precio Hecho;301500;;PRECIO/TN MONTO;301500,00;301500,00;ARS;sí;no;PRECIO/TN MONEDA;$;TN;301500;800,00;TN;CANT. (TN);CÓRDOBA;CÓRDOBA;;Rosario S/En destino;Rosario S/En destino;;Contrato;Anticipado a la entrega;;;SIO_exportar_operaciones_2026-09-07.csv;2026-09-08;moneda informada explícitamente en campo original: ARS;sí;no;;;exportacion_manual;1;no_aplica;no;no_aplica;sí
2026-09-04;2026;9;Maíz;SIO Granos / Secretaría de Agricultura;;Compraventa;Precio Hecho;195;;PRECIO/TN MONTO;195,00;195,00;USD;sí;no;PRECIO/TN MONEDA;U$S;TN;195;2800,00;TN;CANT. (TN);SANTA FE;SANTA FE;;Zona 12/En destino;Zona 12/En destino;;Contrato;Contra entrega;;;SIO_exportar_operaciones_2026-09-07.csv;2026-09-08;moneda informada explícitamente en campo original: USD;sí;no;;;exportacion_manual;1;no_aplica;no;no_aplica;sí
2026-09-04;2026;9;Maíz;SIO Granos / Secretaría de Agricultura;;Compraventa;Fijar Precio/Prec. Cam.;0;;PRECIO/TN MONTO;0;0;Sin especificar;no;no;PRECIO/TN MONEDA;0;TN;0;300,00;TN;CANT. (TN);ENTRE RÍOS;ENTRE RÍOS;;Rosario S/En destino;Rosario S/En destino;;Contrato;Contra entrega;;;SIO_exportar_operaciones_2026-09-07.csv;2026-09-08;"precio cero clasificado como cero_explicito; excluido de series de precios; moneda no informada explícitamente en endpoint GetOperaciones; no se infiere del valor original";sí;no;;;exportacion_manual;1;no_aplica;sí;cero_explicito;no
2026-09-04;2026;9;Maíz;SIO Granos / Secretaría de Agricultura;;Compraventa;Precio Hecho;299800;;PRECIO/TN MONTO;299800,00;299800,00;ARS;sí;no;PRECIO/TN MONEDA;$;TN;299800;66,00;TN;CANT. (TN);LA PAMPA;LA PAMPA;;Zona 2/En destino;Zona 2/En destino;;Contrato;Anticipado a la entrega;;;SIO_exportar_operaciones_2026-09-07.csv;2026-09-08;moneda informada explícitamente en campo original: ARS;sí;no;;;exportacion_manual;1;no_aplica;no;no_aplica;sí
2026-09-04;2026;9;Maíz;SIO Granos / Secretaría de Agricultura;;Compraventa;Fijar Precio/Prec. Cam.;0;;PRECIO/TN MONTO;0;0;Sin especificar;no;no;PRECIO/TN MONEDA;0;TN;0;1500,00;TN;CANT. (TN);SANTA FE;SANTA FE;;Rosario S/En destino;Rosario S/En destino;;Contrato;Contra entrega;;;SIO_exportar_operaciones_2026-09-07.csv;2026-09-08;"precio cero clasificado como cero_explicito; excluido de series de precios; moneda no informada explícitamente en endpoint GetOperaciones; no se infiere del valor original";sí;no;;;exportacion_manual;1;no_aplica;sí;cero_explicito;no
2026-09-04;2026;9;Maíz;SIO Granos / Secretaría de Agricultura;;Compraventa;Precio Hecho;200;;PRECIO/TN MONTO;200,00;200,00;USD;sí;no;PRECIO/TN MONEDA;U$S;TN;200;1500,00;TN;CANT. (TN);SANTA FE;SANTA FE;;Rosario S/En destino;Rosario S/En destino;;Contrato;Contra entrega;;;SIO_exportar_operaciones_2026-09-07.csv;2026-09-08;moneda informada explícitamente en campo original: USD;sí;no;;;exportacion_manual;1;no_aplica;no;no_aplica;sí
2026-09-04;2026;9;Maíz;SIO Granos / Secretaría de Agricultura;;Compraventa;Precio Hecho;295303;;PRECIO/TN MONTO;295303,00;295303,00;ARS;sí;no;PRECIO/TN MONEDA;$;TN;295303;600,00;TN;CANT. (TN);SAN LUIS;SAN LUIS;;Rosario S/En destino;Rosario S/En destino;;Contrato;Anticipado a la entrega;;;SIO_exportar_operaciones_2026-09-07.csv;2026-09-08;moneda informada explícitamente en campo original: ARS;sí;no;;;exportacion_manual;1;no_aplica;no;no_aplica;sí
2026-09-04;2026;9;Maíz;SIO Granos / Secretaría de Agricultura;;Compraventa;Precio Hecho;297000;;PRECIO/TN MONTO;297000,00;297000,00;ARS;sí;no;PRECIO/TN MONEDA;$;TN;297000;200,00;TN;CANT. (TN);SANTA FE;SANTA FE;;Rosario S/En destino;Rosario S/En destino;;Contrato;Anticipado a la entrega;;;SIO_exportar_operaciones_2026-09-07.csv;2026-09-08;moneda informada explícitamente en campo original: ARS;sí;no;;;exportacion_manual;1;no_aplica;no;no_aplica;sí
2026-09-04;2026;9;Maíz;SIO Granos / Secretaría de Agricultura;;Compraventa;Precio Hecho;301500;;PRECIO/TN MONTO;301500,00;301500,00;ARS;sí;no;PRECIO/TN MONEDA;$;TN;301500;90,00;TN;CANT. (TN);CÓRDOBA;CÓRDOBA;;Rosario S/En destino;Rosario S/En destino;;Contrato;Anticipado a la entrega;;;SIO_exportar_operaciones_2026-09-07.csv;2026-09-08;moneda informada explícitamente en campo original: ARS;sí;no;;;exportacion_manual;1;no_aplica;no;no_aplica;sí
2026-09-04;2026;9;Maíz;SIO Granos / Secretaría de Agricultura;;Compraventa;Precio Hecho;200;;PRECIO/TN MONTO;200,00;200,00;USD;sí;no;PRECIO/TN MONEDA;U$S;TN;200;700,00;TN;CANT. (TN);SANTA FE;SANTA FE;;Quequen/En destino;Quequen/En destino;;Contrato;Contra entrega;;;SIO_exportar_operaciones_2026-09-07.csv;2026-09-08;moneda informada explícitamente en campo original: USD;sí;no;;;exportacion_manual;1;no_aplica;no;no_aplica;sí
2026-09-04;2026;9;Maíz;SIO Granos / Secretaría de Agricultura;;Compraventa;Precio Hecho;200;;PRECIO/TN MONTO;200,00;200,00;USD;sí;no;PRECIO/TN MONEDA;U$S;TN;200;500,00;TN;CANT. (TN);BUENOS AIRES;BUENOS AIRES;;Quequen/En destino;Quequen/En destino;;Contrato;Anticipado a la entrega;;;SIO_exportar_operaciones_2026-09-07.csv;2026-09-08;moneda informada explícitamente en campo original: USD;sí;no;;;exportacion_manual;1;no_aplica;no;no_aplica;sí
2026-09-04;2026;9;Maíz;SIO Granos / Secretaría de Agricultura;;Compraventa;Precio Hecho;195;;PRECIO/TN MONTO;195,00;195,00;USD;sí;no;PRECIO/TN MONEDA;U$S;TN;195;65,00;TN;CANT. (TN);CÓRDOBA;CÓRDOBA;;Rosario S/En destino;Rosario S/En destino;;Contrato;Contra entrega;;;SIO_exportar_operaciones_2026-09-07.csv;2026-09-08;moneda informada explícitamente en campo original: USD;sí;no;;;exportacion_manual;1;no_aplica;no;no_aplica;sí
2026-09-04;2026;9;Maíz;SIO Granos / Secretaría de Agricultura;;Compraventa;Fijar Precio/Prec. Cam.;0;;PRECIO/TN MONTO;0;0;Sin especificar;no;no;PRECIO/TN MONEDA;0;TN;0;500,00;TN;CANT. (TN);SAN LUIS;SAN LUIS;;Zona 10/En destino;Zona 10/En destino;;Contrato;Contra entrega;;;SIO_exportar_operaciones_2026-09-07.csv;2026-09-08;"precio cero clasificado como cero_explicito; excluido de series de precios; moneda no informada explícitamente en endpoint GetOperaciones; no se infiere del valor original";sí;no;;;exportacion_manual;1;no_aplica;sí;cero_explicito;no
2026-09-04;2026;9;TRIGO PAN;SIO Granos / Secretaría de Agricultura;;Compraventa;Precio Hecho;365000;;PRECIO/TN MONTO;365000,00;365000,00;ARS;sí;no;PRECIO/TN MONEDA;$;TN;365000;30,00;TN;CANT. (TN);CÓRDOBA;CÓRDOBA;;Rosario N/En destino;Rosario N/En destino;;Contrato;Contra entrega;;;SIO_exportar_operaciones_2026-09-07.csv;2026-09-08;"commodity no catalogado; se conserva para revisión; moneda informada explícitamente en campo original: ARS";sí;no;;;exportacion_manual;1;no_aplica;no;no_aplica;sí
2026-09-04;2026;9;TRIGO PAN;SIO Granos / Secretaría de Agricultura;;Compraventa;Precio Hecho;235;;PRECIO/TN MONTO;235,00;235,00;USD;sí;no;PRECIO/TN MONEDA;U$S;TN;235;2500,00;TN;CANT. (TN);SANTA FE;SANTA FE;;Zona 12/En destino;Zona 12/En destino;;Contrato;Contra entrega;;;SIO_exportar_operaciones_2026-09-07.csv;2026-09-08;"commodity no catalogado; se conserva para revisión; moneda informada explícitamente en campo original: USD";sí;no;;;exportacion_manual;1;no_aplica;no;no_aplica;sí
2026-09-04;2026;9;TRIGO PAN;SIO Granos / Secretaría de Agricultura;;Canje;Precio Hecho;240;;PRECIO/TN MONTO;240,00;240,00;USD;sí;no;PRECIO/TN MONEDA;U$S;TN;240;200,00;TN;CANT. (TN);SANTA FE;SANTA FE;;Rosario S/En destino;Rosario S/En destino;;Contrato;Contra entrega;;;SIO_exportar_operaciones_2026-09-07.csv;2026-09-08;"commodity no catalogado; se conserva para revisión; moneda informada explícitamente en campo original: USD";sí;no;;;exportacion_manual;1;no_aplica;no;no_aplica;sí
2026-09-04;2026;9;TRIGO PAN;SIO Granos / Secretaría de Agricultura;;Compraventa;Precio Hecho;240;;PRECIO/TN MONTO;240,00;240,00;USD;sí;no;PRECIO/TN MONEDA;U$S;TN;240;70,00;TN;CANT. (TN);SANTA FE;SANTA FE;;Rosario S/En destino;Rosario S/En destino;;Contrato;Contra entrega;;;SIO_exportar_operaciones_2026-09-07.csv;2026-09-08;"commodity no catalogado; se conserva para revisión; moneda informada explícitamente en campo original: USD";sí;no;;;exportacion_manual;1;no_aplica;no;no_aplica;sí
2026-09-04;2026;9;TRIGO PAN;SIO Granos / Secretaría de Agricultura;;Compraventa;Precio Hecho;240;;PRECIO/TN MONTO;240,00;240,00;USD;sí;no;PRECIO/TN MONEDA;U$S;TN;240;175,00;TN;CANT. (TN);SANTA FE;SANTA FE;;Rosario S/En destino;Rosario S/En destino;;Contrato;Contra entrega;;;SIO_exportar_operaciones_2026-09-07.csv;2026-09-08;"commodity no catalogado; se conserva para revisión; moneda informada explícitamente en campo original: USD";sí;no;;;exportacion_manual;1;no_aplica;no;no_aplica;sí
2026-09-04;2026;9;TRIGO PAN;SIO Granos / Secretaría de Agricultura;;Compraventa;Precio Hecho;235;;PRECIO/TN MONTO;235,00;235,00;USD;sí;no;PRECIO/TN MONEDA;U$S;TN;235;500,00;TN;CANT. (TN);SANTA FE;SANTA FE;;Zona 6/En destino;Zona 6/En destino;;Contrato;Contra entrega;;;SIO_exportar_operaciones_2026-09-07.csv;2026-09-08;"commodity no catalogado; se conserva para revisión; moneda informada explícitamente en campo original: USD";sí;no;;;exportacion_manual;1;no_aplica;no;no_aplica;sí
2026-09-04;2026;9;TRIGO PAN;SIO Granos / Secretaría de Agricultura;;Compraventa;Precio Hecho;235;;PRECIO/TN MONTO;235,00;235,00;USD;sí;no;PRECIO/TN MONEDA;U$S;TN;235;1500,00;TN;CANT. (TN);SANTA FE;SANTA FE;;Zona 6/En destino;Zona 6/En destino;;Contrato;Contra entrega;;;SIO_exportar_operaciones_2026-09-07.csv;2026-09-08;"commodity no catalogado; se conserva para revisión; moneda informada explícitamente en campo original: USD";sí;no;;;exportacion_manual;1;no_aplica;no;no_aplica;sí
2026-09-04;2026;9;TRIGO PAN;SIO Granos / Secretaría de Agricultura;;Compraventa;Precio Hecho;240;;PRECIO/TN MONTO;240,00;240,00;USD;sí;no;PRECIO/TN MONEDA;U$S;TN;240;150,00;TN;CANT. (TN);BUENOS AIRES;BUENOS AIRES;;Zona 6/En destino;Zona 6/En destino;;Contrato;Contra entrega;;;SIO_exportar_operaciones_2026-09-07.csv;2026-09-08;"commodity no catalogado; se conserva para revisión; moneda informada explícitamente en campo original: USD";sí;no;;;exportacion_manual;1;no_aplica;no;no_aplica;sí
2026-09-04;2026;9;TRIGO PAN;SIO Granos / Secretaría de Agricultura;;Compraventa;Precio Hecho;230;;PRECIO/TN MONTO;230,00;230,00;USD;sí;no;PRECIO/TN MONEDA;U$S;TN;230;1000,00;TN;CANT. (TN);SANTA FE;SANTA FE;;Zona 12/En destino;Zona 12/En destino;;Contrato;Contra entrega;;;SIO_exportar_operaciones_2026-09-07.csv;2026-09-08;"commodity no catalogado; se conserva para revisión; moneda informada explícitamente en campo original: USD";sí;no;;;exportacion_manual;1;no_aplica;no;no_aplica;sí
2026-09-04;2026;9;TRIGO PAN;SIO Granos / Secretaría de Agricultura;;Compraventa;Precio Hecho;235;;PRECIO/TN MONTO;235,00;235,00;USD;sí;no;PRECIO/TN MONEDA;U$S;TN;235;29,00;TN;CANT. (TN);CÓRDOBA;CÓRDOBA;;Rosario S/En destino;Rosario S/En destino;;Contrato;Contra entrega;;;SIO_exportar_operaciones_2026-09-07.csv;2026-09-08;"commodity no catalogado; se conserva para revisión; moneda informada explícitamente en campo original: USD";sí;no;;;exportacion_manual;1;no_aplica;no;no_aplica;sí
2026-09-04;2026;9;Soja;SIO Granos / Secretaría de Agricultura;;Canje;Precio Hecho;355;;PRECIO/TN MONTO;355,00;355,00;USD;sí;no;PRECIO/TN MONEDA;U$S;TN;355;3000,00;TN;CANT. (TN);BUENOS AIRES;BUENOS AIRES;;Zona 5/En destino;Zona 5/En destino;;Contrato;Contra entrega;;;SIO_exportar_operaciones_2026-09-07.csv;2026-09-08;moneda informada explícitamente en campo original: USD;sí;no;;;exportacion_manual;1;no_aplica;no;no_aplica;sí
2026-09-04;2026;9;Maíz;SIO Granos / Secretaría de Agricultura;;Compraventa;Fijar Precio/Prec. Cam.;245560;;PRECIO/TN MONTO;245560,00;245560,00;ARS;sí;no;PRECIO/TN MONEDA;$;TN;245560;1,41;TN;CANT. (TN);CÓRDOBA;CÓRDOBA;;Cordoba/En destino;Cordoba/En destino;;Fijación;A plazo;;;SIO_exportar_operaciones_2026-09-07.csv;2026-09-08;moneda informada explícitamente en campo original: ARS;sí;no;;;exportacion_manual;1;no_aplica;no;no_aplica;sí
2026-09-04;2026;9;Maíz;SIO Granos / Secretaría de Agricultura;;Compraventa;Fijar Precio/Prec. Cam.;242305;;PRECIO/TN MONTO;242305,00;242305,00;ARS;sí;no;PRECIO/TN MONEDA;$;TN;242305;9,91;TN;CANT. (TN);LA PAMPA;LA PAMPA;;Zona 7/En destino;Zona 7/En destino;;Fijación;A plazo;;;SIO_exportar_operaciones_2026-09-07.csv;2026-09-08;moneda informada explícitamente en campo original: ARS;sí;no;;;exportacion_manual;1;no_aplica;no;no_aplica;sí
2026-09-04;2026;9;Maíz;SIO Granos / Secretaría de Agricultura;;Compraventa;Fijar Precio/Prec. Cam.;242305;;PRECIO/TN MONTO;242305,00;242305,00;ARS;sí;no;PRECIO/TN MONEDA;$;TN;242305;90,39;TN;CANT. (TN);LA PAMPA;LA PAMPA;;Zona 7/En destino;Zona 7/En destino;;Fijación;A plazo;;;SIO_exportar_operaciones_2026-09-07.csv;2026-09-08;moneda informada explícitamente en campo original: ARS;sí;no;;;exportacion_manual;1;no_aplica;no;no_aplica;sí
2026-09-04;2026;9;Maíz;SIO Granos / Secretaría de Agricultura;;Compraventa;Fijar Precio/Prec. Cam.;156328;;PRECIO/TN MONTO;156328,00;156328,00;ARS;sí;no;PRECIO/TN MONEDA;$;TN;156328;0,50;TN;CANT. (TN);SALTA;SALTA;;Zona 17/En origen;Zona 17/En origen;;Fijación;A plazo;;;SIO_exportar_operaciones_2026-09-07.csv;2026-09-08;moneda informada explícitamente en campo original: ARS;sí;no;;;exportacion_manual;1;no_aplica;no;no_aplica;sí
2026-09-04;2026;9;Maíz;SIO Granos / Secretaría de Agricultura;;Compraventa;Fijar Precio/Prec. Cam.;219800;;PRECIO/TN MONTO;219800,00;219800,00;ARS;sí;no;PRECIO/TN MONEDA;$;TN;219800;0,56;TN;CANT. (TN);CÓRDOBA;CÓRDOBA;;Zona 9/En origen;Zona 9/En origen;;Fijación;A plazo;;;SIO_exportar_operaciones_2026-09-07.csv;2026-09-08;moneda informada explícitamente en campo original: ARS;sí;no;;;exportacion_manual;1;no_aplica;no;no_aplica;sí
2026-09-04;2026;9;Soja;SIO Granos / Secretaría de Agricultura;;Compraventa;Fijar Precio/Mercado Comprador;560000;;PRECIO/TN MONTO;560000,00;560000,00;ARS;sí;no;PRECIO/TN MONEDA;$;TN;560000;50,00;TN;CANT. (TN);SANTA FE;SANTA FE;;Rosario N/En destino;Rosario N/En destino;;Fijación;A plazo;;;SIO_exportar_operaciones_2026-09-07.csv;2026-09-08;moneda informada explícitamente en campo original: ARS;sí;no;;;exportacion_manual;1;no_aplica;no;no_aplica;sí
2026-09-04;2026;9;Girasol;SIO Granos / Secretaría de Agricultura;;Compraventa;Precio Hecho;400;;PRECIO/TN MONTO;400,00;400,00;USD;sí;no;PRECIO/TN MONEDA;U$S;TN;400;150,00;TN;CANT. (TN);BUENOS AIRES;BUENOS AIRES;;Quequen/En destino;Quequen/En destino;;Contrato;Contra entrega;;;SIO_exportar_operaciones_2026-09-07.csv;2026-09-08;moneda informada explícitamente en campo original: USD;sí;no;;;exportacion_manual;1;no_aplica;no;no_aplica;sí
2026-09-04;2026;9;Girasol;SIO Granos / Secretaría de Agricultura;;Compraventa;Precio Hecho;400;;PRECIO/TN MONTO;400,00;400,00;USD;sí;no;PRECIO/TN MONEDA;U$S;TN;400;450,00;TN;CANT. (TN);BUENOS AIRES;BUENOS AIRES;;Quequen/En destino;Quequen/En destino;;Contrato;Contra entrega;;;SIO_exportar_operaciones_2026-09-07.csv;2026-09-08;moneda informada explícitamente en campo original: USD;sí;no;;;exportacion_manual;1;no_aplica;no;no_aplica;sí
2026-09-04;2026;9;Girasol;SIO Granos / Secretaría de Agricultura;;Compraventa;Precio Hecho;450;;PRECIO/TN MONTO;450,00;450,00;USD;sí;no;PRECIO/TN MONEDA;U$S;TN;450;150,00;TN;CANT. (TN);BUENOS AIRES;BUENOS AIRES;;Quequen/En origen;Quequen/En origen;;Contrato;Contra entrega;;;SIO_exportar_operaciones_2026-09-07.csv;2026-09-08;moneda informada explícitamente en campo original: USD;sí;no;;;exportacion_manual;1;no_aplica;no;no_aplica;sí
2026-09-04;2026;9;Maíz;SIO Granos / Secretaría de Agricultura;;Canje;Fijar Precio/Otros;15885.2;;PRECIO/TN MONTO;15885,22;15885,22;Sin especificar;no;no;PRECIO/TN MONEDA;0;TN;15885.2;77,12;TN;CANT. (TN);BUENOS AIRES;BUENOS AIRES;;B.Blanca/En destino;B.Blanca/En destino;;Contrato;Anticipado a la entrega;;;SIO_exportar_operaciones_2026-09-07.csv;2026-09-08;"moneda no informada explícitamente en endpoint GetOperaciones; no se infiere del valor original";sí;no;;;exportacion_manual;1;no_aplica;no;no_aplica;sí
2026-09-04;2026;9;Maíz;SIO Granos / Secretaría de Agricultura;;Compraventa;Precio Hecho;190;;PRECIO/TN MONTO;190,00;190,00;USD;sí;no;PRECIO/TN MONEDA;U$S;TN;190;30,00;TN;CANT. (TN);SANTA FE;SANTA FE;;Rosario S/En destino;Rosario S/En destino;;Contrato;Contra entrega;;;SIO_exportar_operaciones_2026-09-07.csv;2026-09-08;moneda informada explícitamente en campo original: USD;sí;no;;;exportacion_manual;1;no_aplica;no;no_aplica;sí
2026-09-04;2026;9;Soja;SIO Granos / Secretaría de Agricultura;;Compraventa;Fijar Precio/Otros;0;;PRECIO/TN MONTO;0;0;Sin especificar;no;no;PRECIO/TN MONEDA;0;TN;0;5000,00;TN;CANT. (TN);BUENOS AIRES;BUENOS AIRES;;Rosario N/En destino;Rosario N/En destino;;Contrato;Contra entrega;;;SIO_exportar_operaciones_2026-09-07.csv;2026-09-08;"precio cero clasificado como cero_explicito; excluido de series de precios; moneda no informada explícitamente en endpoint GetOperaciones; no se infiere del valor original";sí;no;;;exportacion_manual;1;no_aplica;sí;cero_explicito;no
2026-09-04;2026;9;TRIGO PAN;SIO Granos / Secretaría de Agricultura;;Compraventa;Precio Hecho;235;;PRECIO/TN MONTO;235,00;235,00;USD;sí;no;PRECIO/TN MONEDA;U$S;TN;235;210,00;TN;CANT. (TN);BUENOS AIRES;BUENOS AIRES;;Zona 6/En destino;Zona 6/En destino;;Contrato;A plazo;;;SIO_exportar_operaciones_2026-09-07.csv;2026-09-08;"commodity no catalogado; se conserva para revisión; moneda informada explícitamente en campo original: USD";sí;no;;;exportacion_manual;1;no_aplica;no;no_aplica;sí
2026-09-04;2026;9;Girasol;SIO Granos / Secretaría de Agricultura;;Compraventa;Precio Hecho;400;;PRECIO/TN MONTO;400,00;400,00;USD;sí;no;PRECIO/TN MONEDA;U$S;TN;400;27,00;TN;CANT. (TN);BUENOS AIRES;BUENOS AIRES;;Quequen/En destino;Quequen/En destino;;Contrato;Contra entrega;;;SIO_exportar_operaciones_2026-09-07.csv;2026-09-08;moneda informada explícitamente en campo original: USD;sí;no;;;exportacion_manual;1;no_aplica;no;no_aplica;sí
2026-09-04;2026;9;Girasol;SIO Granos / Secretaría de Agricultura;;Compraventa;Precio Hecho;450;;PRECIO/TN MONTO;450,00;450,00;USD;sí;no;PRECIO/TN MONEDA;U$S;TN;450;27,00;TN;CANT. (TN);BUENOS AIRES;BUENOS AIRES;;Quequen/En destino;Quequen/En destino;;Contrato;Contra entrega;;;SIO_exportar_operaciones_2026-09-07.csv;2026-09-08;moneda informada explícitamente en campo original: USD;sí;no;;;exportacion_manual;1;no_aplica;no;no_aplica;sí
2026-09-04;2026;9;Girasol;SIO Granos / Secretaría de Agricultura;;Compraventa;Precio Hecho;450;;PRECIO/TN MONTO;450,00;450,00;USD;sí;no;PRECIO/TN MONEDA;U$S;TN;450;220,00;TN;CANT. (TN);BUENOS AIRES;BUENOS AIRES;;Quequen/En destino;Quequen/En destino;;Contrato;Contra entrega;;;SIO_exportar_operaciones_2026-09-07.csv;2026-09-08;moneda informada explícitamente en campo original: USD;sí;no;;;exportacion_manual;1;no_aplica;no;no_aplica;sí
2026-09-04;2026;9;Maíz;SIO Granos / Secretaría de Agricultura;;Compraventa;Fijar Precio/Prec. Cam.;0;;PRECIO/TN MONTO;0;0;Sin especificar;no;no;PRECIO/TN MONEDA;0;TN;0;233,26;TN;CANT. (TN);TUCUMÁN;TUCUMÁN;;Zona 16/En origen;Zona 16/En origen;;Contrato;A plazo;;;SIO_exportar_operaciones_2026-09-07.csv;2026-09-08;"precio cero clasificado como cero_explicito; excluido de series de precios; moneda no informada explícitamente en endpoint GetOperaciones; no se infiere del valor original";sí;no;;;exportacion_manual;1;no_aplica;sí;cero_explicito;no
2026-09-04;2026;9;Maíz;SIO Granos / Secretaría de Agricultura;;Compraventa;Fijar Precio/Prec. Cam.;0;;PRECIO/TN MONTO;0;0;Sin especificar;no;no;PRECIO/TN MONEDA;0;TN;0;549,77;TN;CANT. (TN);TUCUMÁN;TUCUMÁN;;Rosario N/En origen;Rosario N/En origen;;Contrato;A plazo;;;SIO_exportar_operaciones_2026-09-07.csv;2026-09-08;"precio cero clasificado como cero_explicito; excluido de series de precios; moneda no informada explícitamente en endpoint GetOperaciones; no se infiere del valor original";sí;no;;;exportacion_manual;1;no_aplica;sí;cero_explicito;no
2026-09-04;2026;9;Soja;SIO Granos / Secretaría de Agricultura;;Canje;Precio Hecho;428.23;;PRECIO/TN MONTO;428,23;428,23;USD;sí;no;PRECIO/TN MONEDA;U$S;TN;428.23;55,81;TN;CANT. (TN);BUENOS AIRES;BUENOS AIRES;;Rosario S/En destino;Rosario S/En destino;;Contrato;Anticipado a la entrega;;;SIO_exportar_operaciones_2026-09-07.csv;2026-09-08;moneda informada explícitamente en campo original: USD;sí;no;;;exportacion_manual;1;no_aplica;no;no_aplica;sí
2026-09-04;2026;9;Soja;SIO Granos / Secretaría de Agricultura;;Compraventa;Fijar Precio/Prec. Cam.;537600;;PRECIO/TN MONTO;537600,00;537600,00;ARS;sí;no;PRECIO/TN MONEDA;$;TN;537600;147,70;TN;CANT. (TN);ENTRE RÍOS;ENTRE RÍOS;;Zona 13/En destino;Zona 13/En destino;;Fijación;Contra entrega;;;SIO_exportar_operaciones_2026-09-07.csv;2026-09-08;moneda informada explícitamente en campo original: ARS;sí;no;;;exportacion_manual;1;no_aplica;no;no_aplica;sí
2026-09-04;2026;9;Maíz;SIO Granos / Secretaría de Agricultura;;Compraventa;Fijar Precio/Prec. Cam.;285560;;PRECIO/TN MONTO;285560,00;285560,00;ARS;sí;no;PRECIO/TN MONEDA;$;TN;285560;190,00;TN;CANT. (TN);CÓRDOBA;CÓRDOBA;;Zona 18/En destino;Zona 18/En destino;;Fijación;A plazo;;;SIO_exportar_operaciones_2026-09-07.csv;2026-09-08;moneda informada explícitamente en campo original: ARS;sí;no;;;exportacion_manual;1;no_aplica;no;no_aplica;sí
2026-09-04;2026;9;Maíz;SIO Granos / Secretaría de Agricultura;;Compraventa;Fijar Precio/Prec. Cam.;294554;;PRECIO/TN MONTO;294554,00;294554,00;ARS;sí;no;PRECIO/TN MONEDA;$;TN;294554;60,35;TN;CANT. (TN);CÓRDOBA;CÓRDOBA;;Zona 13/En destino;Zona 13/En destino;;Fijación;A plazo;;;SIO_exportar_operaciones_2026-09-07.csv;2026-09-08;moneda informada explícitamente en campo original: ARS;sí;no;;;exportacion_manual;1;no_aplica;no;no_aplica;sí
2026-09-04;2026;9;Soja;SIO Granos / Secretaría de Agricultura;;Compraventa;Fijar Precio/Prec. Cam.;532000;;PRECIO/TN MONTO;532000,00;532000,00;ARS;sí;no;PRECIO/TN MONEDA;$;TN;532000;100,00;TN;CANT. (TN);SANTA FE;SANTA FE;;Zona 14/En destino;Zona 14/En destino;;Fijación;A plazo;;;SIO_exportar_operaciones_2026-09-07.csv;2026-09-08;moneda informada explícitamente en campo original: ARS;sí;no;;;exportacion_manual;1;no_aplica;no;no_aplica;sí
2026-09-04;2026;9;Soja;SIO Granos / Secretaría de Agricultura;;Compraventa;Precio Hecho;558000;;PRECIO/TN MONTO;558000,00;558000,00;ARS;sí;no;PRECIO/TN MONEDA;$;TN;558000;120,00;TN;CANT. (TN);SANTA FE;SANTA FE;;Rosario S/En destino;Rosario S/En destino;;Contrato;Contra entrega;;;SIO_exportar_operaciones_2026-09-07.csv;2026-09-08;moneda informada explícitamente en campo original: ARS;sí;no;;;exportacion_manual;1;no_aplica;no;no_aplica;sí
2026-09-04;2026;9;Maíz;SIO Granos / Secretaría de Agricultura;;Compraventa;Precio Hecho;285560;;PRECIO/TN MONTO;285560,00;285560,00;ARS;sí;no;PRECIO/TN MONEDA;$;TN;285560;70,00;TN;CANT. (TN);CÓRDOBA;CÓRDOBA;;Zona 12/En destino;Zona 12/En destino;;Contrato;Contra entrega;;;SIO_exportar_operaciones_2026-09-07.csv;2026-09-08;moneda informada explícitamente en campo original: ARS;sí;no;;;exportacion_manual;1;no_aplica;no;no_aplica;sí
2026-09-04;2026;9;Maíz;SIO Granos / Secretaría de Agricultura;;Compraventa;Precio Hecho;285560;;PRECIO/TN MONTO;285560,00;285560,00;ARS;sí;no;PRECIO/TN MONEDA;$;TN;285560;130,00;TN;CANT. (TN);CÓRDOBA;CÓRDOBA;;Zona 12/En destino;Zona 12/En destino;;Contrato;Contra entrega;;;SIO_exportar_operaciones_2026-09-07.csv;2026-09-08;moneda informada explícitamente en campo original: ARS;sí;no;;;exportacion_manual;1;no_aplica;no;no_aplica;sí
2026-09-04;2026;9;Maíz;SIO Granos / Secretaría de Agricultura;;Compraventa;Fijar Precio/Prec. Cam.;0;;PRECIO/TN MONTO;0;0;Sin especificar;no;no;PRECIO/TN MONEDA;0;TN;0;23,11;TN;CANT. (TN);BUENOS AIRES;BUENOS AIRES;;Zona 7/En destino;Zona 7/En destino;;Contrato;Contra entrega;;;SIO_exportar_operaciones_2026-09-07.csv;2026-09-08;"precio cero clasificado como cero_explicito; excluido de series de precios; moneda no informada explícitamente en endpoint GetOperaciones; no se infiere del valor original";sí;no;;;exportacion_manual;1;no_aplica;sí;cero_explicito;no
2026-09-04;2026;9;TRIGO PAN;SIO Granos / Secretaría de Agricultura;;Compraventa;Fijar Precio/Otros;323018;;PRECIO/TN MONTO;323018,00;323018,00;ARS;sí;no;PRECIO/TN MONEDA;$;TN;323018;29,75;TN;CANT. (TN);CÓRDOBA;CÓRDOBA;;Zona 9/En destino;Zona 9/En destino;;Fijación;A plazo;;;SIO_exportar_operaciones_2026-09-07.csv;2026-09-08;"commodity no catalogado; se conserva para revisión; moneda informada explícitamente en campo original: ARS";sí;no;;;exportacion_manual;1;no_aplica;no;no_aplica;sí
2026-09-04;2026;9;Soja;SIO Granos / Secretaría de Agricultura;;Compraventa;Precio Hecho;370;;PRECIO/TN MONTO;370,00;370,00;USD;sí;no;PRECIO/TN MONEDA;U$S;TN;370;300,00;TN;CANT. (TN);BUENOS AIRES;BUENOS AIRES;;B.Blanca/En destino;B.Blanca/En destino;;Contrato;Contra entrega;;;SIO_exportar_operaciones_2026-09-07.csv;2026-09-08;moneda informada explícitamente en campo original: USD;sí;no;;;exportacion_manual;1;no_aplica;no;no_aplica;sí
2026-09-04;2026;9;Soja;SIO Granos / Secretaría de Agricultura;;Compraventa;Precio Hecho;560000;;PRECIO/TN MONTO;560000,00;560000,00;ARS;sí;no;PRECIO/TN MONEDA;$;TN;560000;522,00;TN;CANT. (TN);CÓRDOBA;CÓRDOBA;;Zona 9/En destino;Zona 9/En destino;;Contrato;Contra entrega;;;SIO_exportar_operaciones_2026-09-07.csv;2026-09-08;moneda informada explícitamente en campo original: ARS;sí;no;;;exportacion_manual;1;no_aplica;no;no_aplica;sí
2026-09-04;2026;9;TRIGO PAN;SIO Granos / Secretaría de Agricultura;;Compraventa;Precio Hecho;390000;;PRECIO/TN MONTO;390000,00;390000,00;ARS;sí;no;PRECIO/TN MONEDA;$;TN;390000;245,00;TN;CANT. (TN);BUENOS AIRES;BUENOS AIRES;;Zona 5/En destino;Zona 5/En destino;;Contrato;A plazo;;;SIO_exportar_operaciones_2026-09-07.csv;2026-09-08;"commodity no catalogado; se conserva para revisión; moneda informada explícitamente en campo original: ARS";sí;no;;;exportacion_manual;1;no_aplica;no;no_aplica;sí
2026-09-04;2026;9;Maíz;SIO Granos / Secretaría de Agricultura;;Compraventa;Precio Hecho;276266;;PRECIO/TN MONTO;276265,70;276265,70;ARS;sí;no;PRECIO/TN MONEDA;$;TN;276266;103,07;TN;CANT. (TN);CÓRDOBA;CÓRDOBA;;Zona 11/En destino;Zona 11/En destino;;Contrato;Contra entrega;;;SIO_exportar_operaciones_2026-09-07.csv;2026-09-08;moneda informada explícitamente en campo original: ARS;sí;no;;;exportacion_manual;1;no_aplica;no;no_aplica;sí
2026-09-04;2026;9;Maíz;SIO Granos / Secretaría de Agricultura;;Compraventa;Precio Hecho;276266;;PRECIO/TN MONTO;276265,70;276265,70;ARS;sí;no;PRECIO/TN MONEDA;$;TN;276266;1,93;TN;CANT. (TN);CÓRDOBA;CÓRDOBA;;Zona 11/En destino;Zona 11/En destino;;Contrato;Contra entrega;;;SIO_exportar_operaciones_2026-09-07.csv;2026-09-08;moneda informada explícitamente en campo original: ARS;sí;no;;;exportacion_manual;1;no_aplica;no;no_aplica;sí
2026-09-04;2026;9;Soja;SIO Granos / Secretaría de Agricultura;;Compraventa;Precio Hecho;543200;;PRECIO/TN MONTO;543200,00;543200,00;ARS;sí;no;PRECIO/TN MONEDA;$;TN;543200;2,50;TN;CANT. (TN);CÓRDOBA;CÓRDOBA;;Zona 11/En destino;Zona 11/En destino;;Contrato;Contra entrega;;;SIO_exportar_operaciones_2026-09-07.csv;2026-09-08;moneda informada explícitamente en campo original: ARS;sí;no;;;exportacion_manual;1;no_aplica;no;no_aplica;sí
