fuente;commodity;periodo_ym;mercado;tipo_precio;moneda;unidad;frecuencia;registros;precio_min;precio_max
Secretaría de Agricultura - Precios Internos de los Principales Granos;Cebada forrajera;2020-01;Argentina / mercado interno — B.BLANCA;Precio interno mensual;ARS;TN;mensual;1;9159.16;9159.16
Secretaría de Agricultura - Precios Internos de los Principales Granos;Cebada forrajera;2020-02;Argentina / mercado interno — B.BLANCA;Precio interno mensual;ARS;TN;mensual;1;9085.4;9085.4
Secretaría de Agricultura - Precios Internos de los Principales Granos;Cebada forrajera;2020-03;Argentina / mercado interno — B.BLANCA;Precio interno mensual;ARS;TN;mensual;1;8596.94;8596.94
Secretaría de Agricultura - Precios Internos de los Principales Granos;Cebada forrajera;2020-04;Argentina / mercado interno — B.BLANCA;Precio interno mensual;ARS;TN;mensual;1;9161.69;9161.69
Secretaría de Agricultura - Precios Internos de los Principales Granos;Cebada forrajera;2020-05;Argentina / mercado interno — B.BLANCA;Precio interno mensual;ARS;TN;mensual;1;8950.79;8950.79
Secretaría de Agricultura - Precios Internos de los Principales Granos;Cebada forrajera;2020-06;Argentina / mercado interno — B.BLANCA;Precio interno mensual;ARS;TN;mensual;1;9893.9;9893.9
Secretaría de Agricultura - Precios Internos de los Principales Granos;Cebada forrajera;2020-07;Argentina / mercado interno — B.BLANCA;Precio interno mensual;ARS;TN;mensual;1;9929.33;9929.33
Secretaría de Agricultura - Precios Internos de los Principales Granos;Cebada forrajera;2023-04;Argentina / mercado interno — B.BLANCA;Precio interno mensual;ARS;TN;mensual;1;57000;57000
Secretaría de Agricultura - Precios Internos de los Principales Granos;Cebada forrajera;2023-04;Argentina / mercado interno — QUEQUEN;Precio interno mensual;ARS;TN;mensual;1;52388;52388
Secretaría de Agricultura - Precios Internos de los Principales Granos;Cebada forrajera;2023-05;Argentina / mercado interno — B.BLANCA;Precio interno mensual;ARS;TN;mensual;1;56166.67;56166.67
Secretaría de Agricultura - Precios Internos de los Principales Granos;Cebada forrajera;2023-05;Argentina / mercado interno — QUEQUEN;Precio interno mensual;ARS;TN;mensual;1;56372.81;56372.81
Secretaría de Agricultura - Precios Internos de los Principales Granos;Cebada forrajera;2023-06;Argentina / mercado interno — QUEQUEN;Precio interno mensual;ARS;TN;mensual;1;50000;50000
Secretaría de Agricultura - Precios Internos de los Principales Granos;Cebada forrajera;2023-07;Argentina / mercado interno — B.BLANCA;Precio interno mensual;ARS;TN;mensual;1;68000;68000
Secretaría de Agricultura - Precios Internos de los Principales Granos;Cebada forrajera;2023-07;Argentina / mercado interno — QUEQUEN;Precio interno mensual;ARS;TN;mensual;1;69381;69381
Secretaría de Agricultura - Precios Internos de los Principales Granos;Cebada forrajera;2023-08;Argentina / mercado interno — B.BLANCA;Precio interno mensual;ARS;TN;mensual;1;67556.25;67556.25
Secretaría de Agricultura - Precios Internos de los Principales Granos;Cebada forrajera;2023-08;Argentina / mercado interno — QUEQUEN;Precio interno mensual;ARS;TN;mensual;1;69000;69000
Secretaría de Agricultura - Precios Internos de los Principales Granos;Cebada forrajera;2023-09;Argentina / mercado interno — B.BLANCA;Precio interno mensual;ARS;TN;mensual;1;66500;66500
Secretaría de Agricultura - Precios Internos de los Principales Granos;Cebada forrajera;2023-09;Argentina / mercado interno — QUEQUEN;Precio interno mensual;ARS;TN;mensual;1;65000;65000
Secretaría de Agricultura - Precios Internos de los Principales Granos;Cebada forrajera;2023-10;Argentina / mercado interno — QUEQUEN;Precio interno mensual;ARS;TN;mensual;1;69500;69500
Secretaría de Agricultura - Precios Internos de los Principales Granos;Cebada forrajera;2023-11;Argentina / mercado interno — B.BLANCA;Precio interno mensual;ARS;TN;mensual;1;93666.67;93666.67
Secretaría de Agricultura - Precios Internos de los Principales Granos;Cebada forrajera;2023-12;Argentina / mercado interno — B.BLANCA;Precio interno mensual;ARS;TN;mensual;1;143750;143750
Secretaría de Agricultura - Precios Internos de los Principales Granos;Cebada forrajera;2023-12;Argentina / mercado interno — QUEQUEN;Precio interno mensual;ARS;TN;mensual;1;148830.77;148830.77
Secretaría de Agricultura - Precios Internos de los Principales Granos;Cebada forrajera;2024-01;Argentina / mercado interno — B.BLANCA;Precio interno mensual;ARS;TN;mensual;1;160805;160805
Secretaría de Agricultura - Precios Internos de los Principales Granos;Cebada forrajera;2024-01;Argentina / mercado interno — QUEQUEN;Precio interno mensual;ARS;TN;mensual;1;160302.27;160302.27
Secretaría de Agricultura - Precios Internos de los Principales Granos;Cebada forrajera;2024-02;Argentina / mercado interno — B.BLANCA;Precio interno mensual;ARS;TN;mensual;1;163428.57;163428.57
Secretaría de Agricultura - Precios Internos de los Principales Granos;Cebada forrajera;2024-02;Argentina / mercado interno — QUEQUEN;Precio interno mensual;ARS;TN;mensual;1;153157.89;153157.89
Secretaría de Agricultura - Precios Internos de los Principales Granos;Cebada forrajera;2024-03;Argentina / mercado interno — B.BLANCA;Precio interno mensual;ARS;TN;mensual;1;140636.36;140636.36
Secretaría de Agricultura - Precios Internos de los Principales Granos;Cebada forrajera;2024-03;Argentina / mercado interno — QUEQUEN;Precio interno mensual;ARS;TN;mensual;1;140472.22;140472.22
Secretaría de Agricultura - Precios Internos de los Principales Granos;Cebada forrajera;2024-04;Argentina / mercado interno — B.BLANCA;Precio interno mensual;ARS;TN;mensual;1;145450;145450
Secretaría de Agricultura - Precios Internos de los Principales Granos;Cebada forrajera;2024-04;Argentina / mercado interno — QUEQUEN;Precio interno mensual;ARS;TN;mensual;1;149297.22;149297.22
Secretaría de Agricultura - Precios Internos de los Principales Granos;Cebada forrajera;2024-05;Argentina / mercado interno — B.BLANCA;Precio interno mensual;ARS;TN;mensual;1;164705.88;164705.88
Secretaría de Agricultura - Precios Internos de los Principales Granos;Cebada forrajera;2024-05;Argentina / mercado interno — QUEQUEN;Precio interno mensual;ARS;TN;mensual;1;164569.23;164569.23
Secretaría de Agricultura - Precios Internos de los Principales Granos;Cebada forrajera;2024-06;Argentina / mercado interno — B.BLANCA;Precio interno mensual;ARS;TN;mensual;1;174538.46;174538.46
Secretaría de Agricultura - Precios Internos de los Principales Granos;Cebada forrajera;2024-06;Argentina / mercado interno — QUEQUEN;Precio interno mensual;ARS;TN;mensual;1;168411.11;168411.11
Secretaría de Agricultura - Precios Internos de los Principales Granos;Cebada forrajera;2024-07;Argentina / mercado interno — B.BLANCA;Precio interno mensual;ARS;TN;mensual;1;170294.12;170294.12
Secretaría de Agricultura - Precios Internos de los Principales Granos;Cebada forrajera;2024-07;Argentina / mercado interno — QUEQUEN;Precio interno mensual;ARS;TN;mensual;1;168333.33;168333.33
Secretaría de Agricultura - Precios Internos de los Principales Granos;Cebada forrajera;2024-08;Argentina / mercado interno — B.BLANCA;Precio interno mensual;ARS;TN;mensual;1;160312.5;160312.5
Secretaría de Agricultura - Precios Internos de los Principales Granos;Cebada forrajera;2024-08;Argentina / mercado interno — QUEQUEN;Precio interno mensual;ARS;TN;mensual;1;163860;163860
Secretaría de Agricultura - Precios Internos de los Principales Granos;Cebada forrajera;2024-09;Argentina / mercado interno — B.BLANCA;Precio interno mensual;ARS;TN;mensual;1;159500;159500
Secretaría de Agricultura - Precios Internos de los Principales Granos;Cebada forrajera;2024-09;Argentina / mercado interno — QUEQUEN;Precio interno mensual;ARS;TN;mensual;1;156600;156600
Secretaría de Agricultura - Precios Internos de los Principales Granos;Cebada forrajera;2024-10;Argentina / mercado interno — B.BLANCA;Precio interno mensual;ARS;TN;mensual;1;169153.85;169153.85
Secretaría de Agricultura - Precios Internos de los Principales Granos;Cebada forrajera;2024-10;Argentina / mercado interno — QUEQUEN;Precio interno mensual;ARS;TN;mensual;1;167721.43;167721.43
Secretaría de Agricultura - Precios Internos de los Principales Granos;Cebada forrajera;2024-11;Argentina / mercado interno — B.BLANCA;Precio interno mensual;ARS;TN;mensual;1;173500;173500
Secretaría de Agricultura - Precios Internos de los Principales Granos;Cebada forrajera;2024-11;Argentina / mercado interno — QUEQUEN;Precio interno mensual;ARS;TN;mensual;1;167320;167320
Secretaría de Agricultura - Precios Internos de los Principales Granos;Cebada forrajera;2024-12;Argentina / mercado interno — B.BLANCA;Precio interno mensual;ARS;TN;mensual;1;172055.56;172055.56
Secretaría de Agricultura - Precios Internos de los Principales Granos;Cebada forrajera;2024-12;Argentina / mercado interno — QUEQUEN;Precio interno mensual;ARS;TN;mensual;1;167337.5;167337.5
Secretaría de Agricultura - Precios Internos de los Principales Granos;Cebada forrajera;2025-01;Argentina / mercado interno — B.BLANCA;Precio interno mensual;ARS;TN;mensual;1;187885.76;187885.76
Secretaría de Agricultura - Precios Internos de los Principales Granos;Cebada forrajera;2025-01;Argentina / mercado interno — QUEQUEN;Precio interno mensual;ARS;TN;mensual;1;187652.38;187652.38
Secretaría de Agricultura - Precios Internos de los Principales Granos;Cebada forrajera;2025-02;Argentina / mercado interno — B.BLANCA;Precio interno mensual;ARS;TN;mensual;1;206079;206079
Secretaría de Agricultura - Precios Internos de los Principales Granos;Cebada forrajera;2025-02;Argentina / mercado interno — QUEQUEN;Precio interno mensual;ARS;TN;mensual;1;204900;204900
Secretaría de Agricultura - Precios Internos de los Principales Granos;Cebada forrajera;2025-03;Argentina / mercado interno — B.BLANCA;Precio interno mensual;ARS;TN;mensual;1;212208.33;212208.33
Secretaría de Agricultura - Precios Internos de los Principales Granos;Cebada forrajera;2025-03;Argentina / mercado interno — QUEQUEN;Precio interno mensual;ARS;TN;mensual;1;209121.43;209121.43
Secretaría de Agricultura - Precios Internos de los Principales Granos;Cebada forrajera;2025-04;Argentina / mercado interno — B.BLANCA;Precio interno mensual;ARS;TN;mensual;1;220714.29;220714.29
Secretaría de Agricultura - Precios Internos de los Principales Granos;Cebada forrajera;2025-04;Argentina / mercado interno — QUEQUEN;Precio interno mensual;ARS;TN;mensual;1;220635.71;220635.71
Secretaría de Agricultura - Precios Internos de los Principales Granos;Cebada forrajera;2026-02;Argentina / mercado interno — QUEQUEN;Precio interno mensual;ARS;TN;mensual;1;280000;280000
Secretaría de Agricultura - Precios Internos de los Principales Granos;Girasol;2020-01;Argentina / mercado interno — QUEQUEN;Precio interno mensual;ARS;TN;mensual;1;13875.26;13875.26
Secretaría de Agricultura - Precios Internos de los Principales Granos;Girasol;2020-01;Argentina / mercado interno — ROSARIO;Precio interno mensual;ARS;TN;mensual;1;14317.17;14317.17
Secretaría de Agricultura - Precios Internos de los Principales Granos;Girasol;2020-02;Argentina / mercado interno — QUEQUEN;Precio interno mensual;ARS;TN;mensual;1;14288.76;14288.76
Secretaría de Agricultura - Precios Internos de los Principales Granos;Girasol;2020-02;Argentina / mercado interno — ROSARIO;Precio interno mensual;ARS;TN;mensual;1;14836.67;14836.67
Secretaría de Agricultura - Precios Internos de los Principales Granos;Girasol;2020-03;Argentina / mercado interno — B.BLANCA;Precio interno mensual;ARS;TN;mensual;1;14830.88;14830.88
Secretaría de Agricultura - Precios Internos de los Principales Granos;Girasol;2020-03;Argentina / mercado interno — ROSARIO;Precio interno mensual;ARS;TN;mensual;1;14100;14100
Secretaría de Agricultura - Precios Internos de los Principales Granos;Girasol;2020-04;Argentina / mercado interno — B.BLANCA;Precio interno mensual;ARS;TN;mensual;1;15899.42;15899.42
Secretaría de Agricultura - Precios Internos de los Principales Granos;Girasol;2020-05;Argentina / mercado interno — B.BLANCA;Precio interno mensual;ARS;TN;mensual;1;16261.82;16261.82
Secretaría de Agricultura - Precios Internos de los Principales Granos;Girasol;2020-05;Argentina / mercado interno — ROSARIO;Precio interno mensual;ARS;TN;mensual;1;16015;16015
Secretaría de Agricultura - Precios Internos de los Principales Granos;Girasol;2020-06;Argentina / mercado interno — B.BLANCA;Precio interno mensual;ARS;TN;mensual;1;17185.5;17185.5
Secretaría de Agricultura - Precios Internos de los Principales Granos;Girasol;2020-06;Argentina / mercado interno — ROSARIO;Precio interno mensual;ARS;TN;mensual;1;17452.5;17452.5
Secretaría de Agricultura - Precios Internos de los Principales Granos;Girasol;2020-07;Argentina / mercado interno — B.BLANCA;Precio interno mensual;ARS;TN;mensual;1;17610;17610
Secretaría de Agricultura - Precios Internos de los Principales Granos;Girasol;2020-12;Argentina / mercado interno — ROSARIO;Precio interno mensual;ARS;TN;mensual;1;34050;34050
Secretaría de Agricultura - Precios Internos de los Principales Granos;Girasol;2021-01;Argentina / mercado interno — ROSARIO;Precio interno mensual;ARS;TN;mensual;1;36818.33;36818.33
Secretaría de Agricultura - Precios Internos de los Principales Granos;Girasol;2021-02;Argentina / mercado interno — ROSARIO;Precio interno mensual;ARS;TN;mensual;1;40132.4;40132.4
Secretaría de Agricultura - Precios Internos de los Principales Granos;Girasol;2021-03;Argentina / mercado interno — ROSARIO;Precio interno mensual;ARS;TN;mensual;1;40662;40662
Secretaría de Agricultura - Precios Internos de los Principales Granos;Girasol;2021-04;Argentina / mercado interno — ROSARIO;Precio interno mensual;ARS;TN;mensual;1;44179;44179
Secretaría de Agricultura - Precios Internos de los Principales Granos;Girasol;2021-05;Argentina / mercado interno — ROSARIO;Precio interno mensual;ARS;TN;mensual;1;42100;42100
Secretaría de Agricultura - Precios Internos de los Principales Granos;Girasol;2021-07;Argentina / mercado interno — ROSARIO;Precio interno mensual;ARS;TN;mensual;1;33670;33670
Secretaría de Agricultura - Precios Internos de los Principales Granos;Girasol;2021-08;Argentina / mercado interno — ROSARIO;Precio interno mensual;ARS;TN;mensual;1;38930;38930
Secretaría de Agricultura - Precios Internos de los Principales Granos;Girasol;2022-01;Argentina / mercado interno — ROSARIO;Precio interno mensual;ARS;TN;mensual;1;50035;50035
Secretaría de Agricultura - Precios Internos de los Principales Granos;Girasol;2022-02;Argentina / mercado interno — ROSARIO;Precio interno mensual;ARS;TN;mensual;1;53790.4;53790.4
Secretaría de Agricultura - Precios Internos de los Principales Granos;Girasol;2022-03;Argentina / mercado interno — ROSARIO;Precio interno mensual;ARS;TN;mensual;1;69333.64;69333.64
Secretaría de Agricultura - Precios Internos de los Principales Granos;Girasol;2022-04;Argentina / mercado interno — ROSARIO;Precio interno mensual;ARS;TN;mensual;1;71200;71200
Secretaría de Agricultura - Precios Internos de los Principales Granos;Girasol;2023-01;Argentina / mercado interno — ROSARIO;Precio interno mensual;ARS;TN;mensual;1;82763.31;82763.31
Secretaría de Agricultura - Precios Internos de los Principales Granos;Girasol;2023-02;Argentina / mercado interno — ROSARIO;Precio interno mensual;ARS;TN;mensual;1;80846.67;80846.67
Secretaría de Agricultura - Precios Internos de los Principales Granos;Girasol;2023-03;Argentina / mercado interno — ROSARIO;Precio interno mensual;ARS;TN;mensual;1;76612.4;76612.4
Secretaría de Agricultura - Precios Internos de los Principales Granos;Girasol;2023-04;Argentina / mercado interno — B.BLANCA;Precio interno mensual;ARS;TN;mensual;1;87000;87000
Secretaría de Agricultura - Precios Internos de los Principales Granos;Girasol;2023-04;Argentina / mercado interno — QUEQUEN;Precio interno mensual;ARS;TN;mensual;1;87000;87000
Secretaría de Agricultura - Precios Internos de los Principales Granos;Girasol;2023-04;Argentina / mercado interno — ROSARIO;Precio interno mensual;ARS;TN;mensual;1;77145;77145
Secretaría de Agricultura - Precios Internos de los Principales Granos;Girasol;2023-05;Argentina / mercado interno — B.BLANCA;Precio interno mensual;ARS;TN;mensual;1;91112.5;91112.5
Secretaría de Agricultura - Precios Internos de los Principales Granos;Girasol;2023-05;Argentina / mercado interno — QUEQUEN;Precio interno mensual;ARS;TN;mensual;1;91991;91991
Secretaría de Agricultura - Precios Internos de los Principales Granos;Girasol;2023-05;Argentina / mercado interno — ROSARIO;Precio interno mensual;ARS;TN;mensual;1;92214.3;92214.3
Secretaría de Agricultura - Precios Internos de los Principales Granos;Girasol;2023-06;Argentina / mercado interno — B.BLANCA;Precio interno mensual;ARS;TN;mensual;1;65000;65000
Secretaría de Agricultura - Precios Internos de los Principales Granos;Girasol;2023-07;Argentina / mercado interno — QUEQUEN;Precio interno mensual;ARS;TN;mensual;1;113400;113400
Secretaría de Agricultura - Precios Internos de los Principales Granos;Girasol;2023-07;Argentina / mercado interno — ROSARIO;Precio interno mensual;ARS;TN;mensual;1;111125;111125
Secretaría de Agricultura - Precios Internos de los Principales Granos;Girasol;2023-08;Argentina / mercado interno — B.BLANCA;Precio interno mensual;ARS;TN;mensual;1;117035.7;117035.7
Secretaría de Agricultura - Precios Internos de los Principales Granos;Girasol;2023-08;Argentina / mercado interno — QUEQUEN;Precio interno mensual;ARS;TN;mensual;1;117935.2;117935.2
Secretaría de Agricultura - Precios Internos de los Principales Granos;Girasol;2023-09;Argentina / mercado interno — B.BLANCA;Precio interno mensual;ARS;TN;mensual;1;113750;113750
Secretaría de Agricultura - Precios Internos de los Principales Granos;Girasol;2023-09;Argentina / mercado interno — QUEQUEN;Precio interno mensual;ARS;TN;mensual;1;114166.67;114166.67
Secretaría de Agricultura - Precios Internos de los Principales Granos;Girasol;2023-10;Argentina / mercado interno — B.BLANCA;Precio interno mensual;ARS;TN;mensual;1;140000;140000
Secretaría de Agricultura - Precios Internos de los Principales Granos;Girasol;2023-10;Argentina / mercado interno — QUEQUEN;Precio interno mensual;ARS;TN;mensual;1;141666.67;141666.67
Secretaría de Agricultura - Precios Internos de los Principales Granos;Girasol;2023-11;Argentina / mercado interno — B.BLANCA;Precio interno mensual;ARS;TN;mensual;1;170000;170000
Secretaría de Agricultura - Precios Internos de los Principales Granos;Girasol;2023-11;Argentina / mercado interno — QUEQUEN;Precio interno mensual;ARS;TN;mensual;1;160000;160000
Secretaría de Agricultura - Precios Internos de los Principales Granos;Girasol;2023-12;Argentina / mercado interno — B.BLANCA;Precio interno mensual;ARS;TN;mensual;1;220000;220000
Secretaría de Agricultura - Precios Internos de los Principales Granos;Girasol;2023-12;Argentina / mercado interno — QUEQUEN;Precio interno mensual;ARS;TN;mensual;1;207500;207500
Secretaría de Agricultura - Precios Internos de los Principales Granos;Girasol;2023-12;Argentina / mercado interno — ROSARIO;Precio interno mensual;ARS;TN;mensual;1;242500;242500
Secretaría de Agricultura - Precios Internos de los Principales Granos;Girasol;2024-01;Argentina / mercado interno — QUEQUEN;Precio interno mensual;ARS;TN;mensual;1;280000;280000
Secretaría de Agricultura - Precios Internos de los Principales Granos;Girasol;2024-01;Argentina / mercado interno — ROSARIO;Precio interno mensual;ARS;TN;mensual;1;278868.42;278868.42
Secretaría de Agricultura - Precios Internos de los Principales Granos;Girasol;2024-02;Argentina / mercado interno — QUEQUEN;Precio interno mensual;ARS;TN;mensual;1;264615.38;264615.38
Secretaría de Agricultura - Precios Internos de los Principales Granos;Girasol;2024-02;Argentina / mercado interno — ROSARIO;Precio interno mensual;ARS;TN;mensual;1;278377.11;278377.11
Secretaría de Agricultura - Precios Internos de los Principales Granos;Girasol;2024-03;Argentina / mercado interno — B.BLANCA;Precio interno mensual;ARS;TN;mensual;1;241000;241000
Secretaría de Agricultura - Precios Internos de los Principales Granos;Girasol;2024-03;Argentina / mercado interno — QUEQUEN;Precio interno mensual;ARS;TN;mensual;1;245122.94;245122.94
Secretaría de Agricultura - Precios Internos de los Principales Granos;Girasol;2024-03;Argentina / mercado interno — ROSARIO;Precio interno mensual;ARS;TN;mensual;1;247923.08;247923.08
Secretaría de Agricultura - Precios Internos de los Principales Granos;Girasol;2024-04;Argentina / mercado interno — B.BLANCA;Precio interno mensual;ARS;TN;mensual;1;251300;251300
Secretaría de Agricultura - Precios Internos de los Principales Granos;Girasol;2024-04;Argentina / mercado interno — QUEQUEN;Precio interno mensual;ARS;TN;mensual;1;252352.94;252352.94
Secretaría de Agricultura - Precios Internos de los Principales Granos;Girasol;2024-04;Argentina / mercado interno — ROSARIO;Precio interno mensual;ARS;TN;mensual;1;252500;252500
Secretaría de Agricultura - Precios Internos de los Principales Granos;Girasol;2024-05;Argentina / mercado interno — B.BLANCA;Precio interno mensual;ARS;TN;mensual;1;266611.11;266611.11
Secretaría de Agricultura - Precios Internos de los Principales Granos;Girasol;2024-05;Argentina / mercado interno — QUEQUEN;Precio interno mensual;ARS;TN;mensual;1;265769.23;265769.23
Secretaría de Agricultura - Precios Internos de los Principales Granos;Girasol;2024-05;Argentina / mercado interno — ROSARIO;Precio interno mensual;ARS;TN;mensual;1;268000;268000
Secretaría de Agricultura - Precios Internos de los Principales Granos;Girasol;2024-06;Argentina / mercado interno — B.BLANCA;Precio interno mensual;ARS;TN;mensual;1;300000;300000
Secretaría de Agricultura - Precios Internos de los Principales Granos;Girasol;2024-06;Argentina / mercado interno — QUEQUEN;Precio interno mensual;ARS;TN;mensual;1;300000;300000
Secretaría de Agricultura - Precios Internos de los Principales Granos;Girasol;2024-06;Argentina / mercado interno — ROSARIO;Precio interno mensual;ARS;TN;mensual;1;287500;287500
Secretaría de Agricultura - Precios Internos de los Principales Granos;Girasol;2024-07;Argentina / mercado interno — QUEQUEN;Precio interno mensual;ARS;TN;mensual;1;245000;245000
Secretaría de Agricultura - Precios Internos de los Principales Granos;Girasol;2024-07;Argentina / mercado interno — ROSARIO;Precio interno mensual;ARS;TN;mensual;1;310000;310000
Secretaría de Agricultura - Precios Internos de los Principales Granos;Girasol;2024-11;Argentina / mercado interno — ROSARIO;Precio interno mensual;ARS;TN;mensual;1;360125;360125
Secretaría de Agricultura - Precios Internos de los Principales Granos;Girasol;2024-12;Argentina / mercado interno — ROSARIO;Precio interno mensual;ARS;TN;mensual;1;380416.67;380416.67
Secretaría de Agricultura - Precios Internos de los Principales Granos;Girasol;2025-01;Argentina / mercado interno — ROSARIO;Precio interno mensual;ARS;TN;mensual;1;359978;359978
Secretaría de Agricultura - Precios Internos de los Principales Granos;Girasol;2025-02;Argentina / mercado interno — ROSARIO;Precio interno mensual;ARS;TN;mensual;1;365350;365350
Secretaría de Agricultura - Precios Internos de los Principales Granos;Girasol;2025-03;Argentina / mercado interno — ROSARIO;Precio interno mensual;ARS;TN;mensual;1;336523.08;336523.08
Secretaría de Agricultura - Precios Internos de los Principales Granos;Girasol;2025-04;Argentina / mercado interno — QUEQUEN;Precio interno mensual;ARS;TN;mensual;1;330000;330000
Secretaría de Agricultura - Precios Internos de los Principales Granos;Girasol;2025-04;Argentina / mercado interno — ROSARIO;Precio interno mensual;ARS;TN;mensual;1;335416.67;335416.67
Secretaría de Agricultura - Precios Internos de los Principales Granos;Girasol;2025-05;Argentina / mercado interno — ROSARIO;Precio interno mensual;ARS;TN;mensual;1;384011.43;384011.43
Secretaría de Agricultura - Precios Internos de los Principales Granos;Girasol;2025-06;Argentina / mercado interno — ROSARIO;Precio interno mensual;ARS;TN;mensual;1;404963.57;404963.57
Secretaría de Agricultura - Precios Internos de los Principales Granos;Girasol;2025-07;Argentina / mercado interno — ROSARIO;Precio interno mensual;ARS;TN;mensual;1;424500;424500
Secretaría de Agricultura - Precios Internos de los Principales Granos;Girasol;2025-08;Argentina / mercado interno — ROSARIO;Precio interno mensual;ARS;TN;mensual;1;484020;484020
Secretaría de Agricultura - Precios Internos de los Principales Granos;Girasol;2025-11;Argentina / mercado interno — ROSARIO;Precio interno mensual;ARS;TN;mensual;1;492082.14;492082.14
Secretaría de Agricultura - Precios Internos de los Principales Granos;Girasol;2025-12;Argentina / mercado interno — ROSARIO;Precio interno mensual;ARS;TN;mensual;1;494750.94;494750.94
Secretaría de Agricultura - Precios Internos de los Principales Granos;Girasol;2026-01;Argentina / mercado interno — ROSARIO;Precio interno mensual;ARS;TN;mensual;1;501130.5;501130.5
Secretaría de Agricultura - Precios Internos de los Principales Granos;Girasol;2026-02;Argentina / mercado interno — ROSARIO;Precio interno mensual;ARS;TN;mensual;1;523944.72;523944.72
Secretaría de Agricultura - Precios Internos de los Principales Granos;Girasol;2026-03;Argentina / mercado interno — ROSARIO;Precio interno mensual;ARS;TN;mensual;1;536143.7;536143.7
Secretaría de Agricultura - Precios Internos de los Principales Granos;Girasol;2026-04;Argentina / mercado interno — ROSARIO;Precio interno mensual;ARS;TN;mensual;1;554538.47;554538.47
Secretaría de Agricultura - Precios Internos de los Principales Granos;Girasol;2026-05;Argentina / mercado interno — ROSARIO;Precio interno mensual;ARS;TN;mensual;1;588840;588840
Secretaría de Agricultura - Precios Internos de los Principales Granos;Girasol;2026-06;Argentina / mercado interno — ROSARIO;Precio interno mensual;ARS;TN;mensual;1;648900;648900
Secretaría de Agricultura - Precios Internos de los Principales Granos;Girasol;2026-07;Argentina / mercado interno — ROSARIO;Precio interno mensual;ARS;TN;mensual;1;679635;679635
Secretaría de Agricultura - Precios Internos de los Principales Granos;Girasol;2026-08;Argentina / mercado interno — ROSARIO;Precio interno mensual;ARS;TN;mensual;1;743250;743250
Secretaría de Agricultura - Precios Internos de los Principales Granos;Maíz;2020-01;Argentina / mercado interno — B.BLANCA;Precio interno mensual;ARS;TN;mensual;1;9474.89;9474.89
Secretaría de Agricultura - Precios Internos de los Principales Granos;Maíz;2020-01;Argentina / mercado interno — ROSARIO;Precio interno mensual;ARS;TN;mensual;1;9080.41;9080.41
Secretaría de Agricultura - Precios Internos de los Principales Granos;Maíz;2020-02;Argentina / mercado interno — B.BLANCA;Precio interno mensual;ARS;TN;mensual;1;9464.2;9464.2
Secretaría de Agricultura - Precios Internos de los Principales Granos;Maíz;2020-02;Argentina / mercado interno — ROSARIO;Precio interno mensual;ARS;TN;mensual;1;8850.39;8850.39
Secretaría de Agricultura - Precios Internos de los Principales Granos;Maíz;2020-03;Argentina / mercado interno — B.BLANCA;Precio interno mensual;ARS;TN;mensual;1;9588.46;9588.46
Secretaría de Agricultura - Precios Internos de los Principales Granos;Maíz;2020-03;Argentina / mercado interno — ROSARIO;Precio interno mensual;ARS;TN;mensual;1;8643.33;8643.33
Secretaría de Agricultura - Precios Internos de los Principales Granos;Maíz;2020-04;Argentina / mercado interno — B.BLANCA;Precio interno mensual;ARS;TN;mensual;1;9260.67;9260.67
Secretaría de Agricultura - Precios Internos de los Principales Granos;Maíz;2020-04;Argentina / mercado interno — ROSARIO;Precio interno mensual;ARS;TN;mensual;1;8408.05;8408.05
Secretaría de Agricultura - Precios Internos de los Principales Granos;Maíz;2020-05;Argentina / mercado interno — B.BLANCA;Precio interno mensual;ARS;TN;mensual;1;8697.11;8697.11
Secretaría de Agricultura - Precios Internos de los Principales Granos;Maíz;2020-05;Argentina / mercado interno — ROSARIO;Precio interno mensual;ARS;TN;mensual;1;8027.47;8027.47
Secretaría de Agricultura - Precios Internos de los Principales Granos;Maíz;2020-06;Argentina / mercado interno — B.BLANCA;Precio interno mensual;ARS;TN;mensual;1;9283.9;9283.9
Secretaría de Agricultura - Precios Internos de los Principales Granos;Maíz;2020-06;Argentina / mercado interno — ROSARIO;Precio interno mensual;ARS;TN;mensual;1;8534.3;8534.3
Secretaría de Agricultura - Precios Internos de los Principales Granos;Maíz;2020-07;Argentina / mercado interno — B.BLANCA;Precio interno mensual;ARS;TN;mensual;1;9709.5;9709.5
Secretaría de Agricultura - Precios Internos de los Principales Granos;Maíz;2020-07;Argentina / mercado interno — ROSARIO;Precio interno mensual;ARS;TN;mensual;1;9278;9278
Secretaría de Agricultura - Precios Internos de los Principales Granos;Maíz;2020-08;Argentina / mercado interno — QUEQUEN;Precio interno mensual;ARS;TN;mensual;1;11500;11500
Secretaría de Agricultura - Precios Internos de los Principales Granos;Maíz;2020-08;Argentina / mercado interno — ROSARIO;Precio interno mensual;ARS;TN;mensual;1;10290.5;10290.5
Secretaría de Agricultura - Precios Internos de los Principales Granos;Maíz;2020-09;Argentina / mercado interno — ROSARIO;Precio interno mensual;ARS;TN;mensual;1;11915.25;11915.25
Secretaría de Agricultura - Precios Internos de los Principales Granos;Maíz;2020-10;Argentina / mercado interno — ROSARIO;Precio interno mensual;ARS;TN;mensual;1;14408.74;14408.74
Secretaría de Agricultura - Precios Internos de los Principales Granos;Maíz;2020-11;Argentina / mercado interno — ROSARIO;Precio interno mensual;ARS;TN;mensual;1;15464.85;15464.85
Secretaría de Agricultura - Precios Internos de los Principales Granos;Maíz;2020-12;Argentina / mercado interno — ROSARIO;Precio interno mensual;ARS;TN;mensual;1;16414.12;16414.12
Secretaría de Agricultura - Precios Internos de los Principales Granos;Maíz;2021-01;Argentina / mercado interno — ROSARIO;Precio interno mensual;ARS;TN;mensual;1;16613.5;16613.5
Secretaría de Agricultura - Precios Internos de los Principales Granos;Maíz;2021-02;Argentina / mercado interno — ROSARIO;Precio interno mensual;ARS;TN;mensual;1;17862.5;17862.5
Secretaría de Agricultura - Precios Internos de los Principales Granos;Maíz;2021-03;Argentina / mercado interno — ROSARIO;Precio interno mensual;ARS;TN;mensual;1;17794.9;17794.9
Secretaría de Agricultura - Precios Internos de los Principales Granos;Maíz;2021-04;Argentina / mercado interno — ROSARIO;Precio interno mensual;ARS;TN;mensual;1;19497.8;19497.8
Secretaría de Agricultura - Precios Internos de los Principales Granos;Maíz;2021-05;Argentina / mercado interno — ROSARIO;Precio interno mensual;ARS;TN;mensual;1;20900.53;20900.53
Secretaría de Agricultura - Precios Internos de los Principales Granos;Maíz;2021-06;Argentina / mercado interno — ROSARIO;Precio interno mensual;ARS;TN;mensual;1;18755.8;18755.8
Secretaría de Agricultura - Precios Internos de los Principales Granos;Maíz;2021-07;Argentina / mercado interno — ROSARIO;Precio interno mensual;ARS;TN;mensual;1;17968.8;17968.8
Secretaría de Agricultura - Precios Internos de los Principales Granos;Maíz;2021-08;Argentina / mercado interno — ROSARIO;Precio interno mensual;ARS;TN;mensual;1;18387.5;18387.5
Secretaría de Agricultura - Precios Internos de los Principales Granos;Maíz;2021-09;Argentina / mercado interno — ROSARIO;Precio interno mensual;ARS;TN;mensual;1;19435.82;19435.82
Secretaría de Agricultura - Precios Internos de los Principales Granos;Maíz;2021-10;Argentina / mercado interno — ROSARIO;Precio interno mensual;ARS;TN;mensual;1;19018.53;19018.53
Secretaría de Agricultura - Precios Internos de los Principales Granos;Maíz;2021-11;Argentina / mercado interno — ROSARIO;Precio interno mensual;ARS;TN;mensual;1;20053.7;20053.7
Secretaría de Agricultura - Precios Internos de los Principales Granos;Maíz;2021-12;Argentina / mercado interno — ROSARIO;Precio interno mensual;ARS;TN;mensual;1;22156.8;22156.8
Secretaría de Agricultura - Precios Internos de los Principales Granos;Maíz;2022-01;Argentina / mercado interno — ROSARIO;Precio interno mensual;ARS;TN;mensual;1;23885.2;23885.2
Secretaría de Agricultura - Precios Internos de los Principales Granos;Maíz;2022-02;Argentina / mercado interno — ROSARIO;Precio interno mensual;ARS;TN;mensual;1;25572.4;25572.4
Secretaría de Agricultura - Precios Internos de los Principales Granos;Maíz;2022-03;Argentina / mercado interno — ROSARIO;Precio interno mensual;ARS;TN;mensual;1;30408.7;30408.7
Secretaría de Agricultura - Precios Internos de los Principales Granos;Maíz;2022-04;Argentina / mercado interno — ROSARIO;Precio interno mensual;ARS;TN;mensual;1;29842.37;29842.37
Secretaría de Agricultura - Precios Internos de los Principales Granos;Maíz;2022-05;Argentina / mercado interno — ROSARIO;Precio interno mensual;ARS;TN;mensual;1;31412.11;31412.11
Secretaría de Agricultura - Precios Internos de los Principales Granos;Maíz;2022-06;Argentina / mercado interno — ROSARIO;Precio interno mensual;ARS;TN;mensual;1;30910;30910
Secretaría de Agricultura - Precios Internos de los Principales Granos;Maíz;2022-07;Argentina / mercado interno — ROSARIO;Precio interno mensual;ARS;TN;mensual;1;29842.37;29842.37
Secretaría de Agricultura - Precios Internos de los Principales Granos;Maíz;2022-08;Argentina / mercado interno — QUEQUEN;Precio interno mensual;ARS;TN;mensual;1;34110;34110
Secretaría de Agricultura - Precios Internos de los Principales Granos;Maíz;2022-08;Argentina / mercado interno — ROSARIO;Precio interno mensual;ARS;TN;mensual;1;30343.77;30343.77
Secretaría de Agricultura - Precios Internos de los Principales Granos;Maíz;2022-09;Argentina / mercado interno — ROSARIO;Precio interno mensual;ARS;TN;mensual;1;33711;33711
Secretaría de Agricultura - Precios Internos de los Principales Granos;Maíz;2022-10;Argentina / mercado interno — ROSARIO;Precio interno mensual;ARS;TN;mensual;1;37071.76;37071.76
Secretaría de Agricultura - Precios Internos de los Principales Granos;Maíz;2022-11;Argentina / mercado interno — QUEQUEN;Precio interno mensual;ARS;TN;mensual;1;40395;40395
Secretaría de Agricultura - Precios Internos de los Principales Granos;Maíz;2022-11;Argentina / mercado interno — ROSARIO;Precio interno mensual;ARS;TN;mensual;1;39380.3;39380.3
Secretaría de Agricultura - Precios Internos de los Principales Granos;Maíz;2022-12;Argentina / mercado interno — ROSARIO;Precio interno mensual;ARS;TN;mensual;1;42627.1;42627.1
Secretaría de Agricultura - Precios Internos de los Principales Granos;Maíz;2023-01;Argentina / mercado interno — ROSARIO;Precio interno mensual;ARS;TN;mensual;1;47282.9;47282.9
Secretaría de Agricultura - Precios Internos de los Principales Granos;Maíz;2023-02;Argentina / mercado interno — ROSARIO;Precio interno mensual;ARS;TN;mensual;1;49898.82;49898.82
Secretaría de Agricultura - Precios Internos de los Principales Granos;Maíz;2023-03;Argentina / mercado interno — B.BLANCA;Precio interno mensual;ARS;TN;mensual;1;50850;50850
Secretaría de Agricultura - Precios Internos de los Principales Granos;Maíz;2023-03;Argentina / mercado interno — QUEQUEN;Precio interno mensual;ARS;TN;mensual;1;48500;48500
Secretaría de Agricultura - Precios Internos de los Principales Granos;Maíz;2023-03;Argentina / mercado interno — ROSARIO;Precio interno mensual;ARS;TN;mensual;1;50778.41;50778.41
Secretaría de Agricultura - Precios Internos de los Principales Granos;Maíz;2023-04;Argentina / mercado interno — ROSARIO;Precio interno mensual;ARS;TN;mensual;1;51638.18;51638.18
Secretaría de Agricultura - Precios Internos de los Principales Granos;Maíz;2023-05;Argentina / mercado interno — ROSARIO;Precio interno mensual;ARS;TN;mensual;1;48533.67;48533.67
Secretaría de Agricultura - Precios Internos de los Principales Granos;Maíz;2023-06;Argentina / mercado interno — ROSARIO;Precio interno mensual;ARS;TN;mensual;1;48602.89;48602.89
Secretaría de Agricultura - Precios Internos de los Principales Granos;Maíz;2023-07;Argentina / mercado interno — B.BLANCA;Precio interno mensual;ARS;TN;mensual;1;64074;64074
Secretaría de Agricultura - Precios Internos de los Principales Granos;Maíz;2023-07;Argentina / mercado interno — QUEQUEN;Precio interno mensual;ARS;TN;mensual;1;62637.8;62637.8
Secretaría de Agricultura - Precios Internos de los Principales Granos;Maíz;2023-07;Argentina / mercado interno — ROSARIO;Precio interno mensual;ARS;TN;mensual;1;51905.26;51905.26
Secretaría de Agricultura - Precios Internos de los Principales Granos;Maíz;2023-08;Argentina / mercado interno — B.BLANCA;Precio interno mensual;ARS;TN;mensual;1;63950;63950
Secretaría de Agricultura - Precios Internos de los Principales Granos;Maíz;2023-08;Argentina / mercado interno — QUEQUEN;Precio interno mensual;ARS;TN;mensual;1;62709.67;62709.67
Secretaría de Agricultura - Precios Internos de los Principales Granos;Maíz;2023-08;Argentina / mercado interno — ROSARIO;Precio interno mensual;ARS;TN;mensual;1;62022.38;62022.38
Secretaría de Agricultura - Precios Internos de los Principales Granos;Maíz;2023-09;Argentina / mercado interno — B.BLANCA;Precio interno mensual;ARS;TN;mensual;1;66555.56;66555.56
Secretaría de Agricultura - Precios Internos de los Principales Granos;Maíz;2023-09;Argentina / mercado interno — QUEQUEN;Precio interno mensual;ARS;TN;mensual;1;67160.31;67160.31
Secretaría de Agricultura - Precios Internos de los Principales Granos;Maíz;2023-09;Argentina / mercado interno — ROSARIO;Precio interno mensual;ARS;TN;mensual;1;68238.46;68238.46
Secretaría de Agricultura - Precios Internos de los Principales Granos;Maíz;2023-10;Argentina / mercado interno — B.BLANCA;Precio interno mensual;ARS;TN;mensual;1;86250;86250
Secretaría de Agricultura - Precios Internos de los Principales Granos;Maíz;2023-10;Argentina / mercado interno — QUEQUEN;Precio interno mensual;ARS;TN;mensual;1;87251.75;87251.75
Secretaría de Agricultura - Precios Internos de los Principales Granos;Maíz;2023-10;Argentina / mercado interno — ROSARIO;Precio interno mensual;ARS;TN;mensual;1;85310;85310
Secretaría de Agricultura - Precios Internos de los Principales Granos;Maíz;2023-11;Argentina / mercado interno — B.BLANCA;Precio interno mensual;ARS;TN;mensual;1;99571;99571
Secretaría de Agricultura - Precios Internos de los Principales Granos;Maíz;2023-11;Argentina / mercado interno — QUEQUEN;Precio interno mensual;ARS;TN;mensual;1;97690;97690
Secretaría de Agricultura - Precios Internos de los Principales Granos;Maíz;2023-11;Argentina / mercado interno — ROSARIO;Precio interno mensual;ARS;TN;mensual;1;101105;101105
Secretaría de Agricultura - Precios Internos de los Principales Granos;Maíz;2023-12;Argentina / mercado interno — B.BLANCA;Precio interno mensual;ARS;TN;mensual;1;146363.64;146363.64
Secretaría de Agricultura - Precios Internos de los Principales Granos;Maíz;2023-12;Argentina / mercado interno — QUEQUEN;Precio interno mensual;ARS;TN;mensual;1;148400;148400
Secretaría de Agricultura - Precios Internos de los Principales Granos;Maíz;2023-12;Argentina / mercado interno — ROSARIO;Precio interno mensual;ARS;TN;mensual;1;146930.77;146930.77
Secretaría de Agricultura - Precios Internos de los Principales Granos;Maíz;2024-01;Argentina / mercado interno — B.BLANCA;Precio interno mensual;ARS;TN;mensual;1;157750;157750
Secretaría de Agricultura - Precios Internos de los Principales Granos;Maíz;2024-01;Argentina / mercado interno — QUEQUEN;Precio interno mensual;ARS;TN;mensual;1;154500;154500
Secretaría de Agricultura - Precios Internos de los Principales Granos;Maíz;2024-01;Argentina / mercado interno — ROSARIO;Precio interno mensual;ARS;TN;mensual;1;155463.64;155463.64
Secretaría de Agricultura - Precios Internos de los Principales Granos;Maíz;2024-02;Argentina / mercado interno — B.BLANCA;Precio interno mensual;ARS;TN;mensual;1;153642.86;153642.86
Secretaría de Agricultura - Precios Internos de los Principales Granos;Maíz;2024-02;Argentina / mercado interno — QUEQUEN;Precio interno mensual;ARS;TN;mensual;1;149533.64;149533.64
Secretaría de Agricultura - Precios Internos de los Principales Granos;Maíz;2024-02;Argentina / mercado interno — ROSARIO;Precio interno mensual;ARS;TN;mensual;1;144989.47;144989.47
Secretaría de Agricultura - Precios Internos de los Principales Granos;Maíz;2024-03;Argentina / mercado interno — B.BLANCA;Precio interno mensual;ARS;TN;mensual;1;156705.88;156705.88
Secretaría de Agricultura - Precios Internos de los Principales Granos;Maíz;2024-03;Argentina / mercado interno — QUEQUEN;Precio interno mensual;ARS;TN;mensual;1;154585.71;154585.71
Secretaría de Agricultura - Precios Internos de los Principales Granos;Maíz;2024-03;Argentina / mercado interno — ROSARIO;Precio interno mensual;ARS;TN;mensual;1;147388.89;147388.89
Secretaría de Agricultura - Precios Internos de los Principales Granos;Maíz;2024-04;Argentina / mercado interno — B.BLANCA;Precio interno mensual;ARS;TN;mensual;1;165441.18;165441.18
Secretaría de Agricultura - Precios Internos de los Principales Granos;Maíz;2024-04;Argentina / mercado interno — QUEQUEN;Precio interno mensual;ARS;TN;mensual;1;163485.71;163485.71
Secretaría de Agricultura - Precios Internos de los Principales Granos;Maíz;2024-04;Argentina / mercado interno — ROSARIO;Precio interno mensual;ARS;TN;mensual;1;152573.68;152573.68
Secretaría de Agricultura - Precios Internos de los Principales Granos;Maíz;2024-05;Argentina / mercado interno — B.BLANCA;Precio interno mensual;ARS;TN;mensual;1;167461.5;167461.5
Secretaría de Agricultura - Precios Internos de los Principales Granos;Maíz;2024-05;Argentina / mercado interno — QUEQUEN;Precio interno mensual;ARS;TN;mensual;1;164687.5;164687.5
Secretaría de Agricultura - Precios Internos de los Principales Granos;Maíz;2024-05;Argentina / mercado interno — ROSARIO;Precio interno mensual;ARS;TN;mensual;1;160895.45;160895.45
Secretaría de Agricultura - Precios Internos de los Principales Granos;Maíz;2024-06;Argentina / mercado interno — B.BLANCA;Precio interno mensual;ARS;TN;mensual;1;165222.22;165222.22
Secretaría de Agricultura - Precios Internos de los Principales Granos;Maíz;2024-06;Argentina / mercado interno — QUEQUEN;Precio interno mensual;ARS;TN;mensual;1;168767.9;168767.9
Secretaría de Agricultura - Precios Internos de los Principales Granos;Maíz;2024-06;Argentina / mercado interno — ROSARIO;Precio interno mensual;ARS;TN;mensual;1;162600;162600
Secretaría de Agricultura - Precios Internos de los Principales Granos;Maíz;2024-07;Argentina / mercado interno — B.BLANCA;Precio interno mensual;ARS;TN;mensual;1;161277.8;161277.8
Secretaría de Agricultura - Precios Internos de los Principales Granos;Maíz;2024-07;Argentina / mercado interno — QUEQUEN;Precio interno mensual;ARS;TN;mensual;1;159565.8;159565.8
Secretaría de Agricultura - Precios Internos de los Principales Granos;Maíz;2024-07;Argentina / mercado interno — ROSARIO;Precio interno mensual;ARS;TN;mensual;1;155147.73;155147.73
Secretaría de Agricultura - Precios Internos de los Principales Granos;Maíz;2024-08;Argentina / mercado interno — B.BLANCA;Precio interno mensual;ARS;TN;mensual;1;164315.79;164315.79
Secretaría de Agricultura - Precios Internos de los Principales Granos;Maíz;2024-08;Argentina / mercado interno — QUEQUEN;Precio interno mensual;ARS;TN;mensual;1;160790;160790
Secretaría de Agricultura - Precios Internos de los Principales Granos;Maíz;2024-08;Argentina / mercado interno — ROSARIO;Precio interno mensual;ARS;TN;mensual;1;160981.82;160981.82
Secretaría de Agricultura - Precios Internos de los Principales Granos;Maíz;2024-09;Argentina / mercado interno — B.BLANCA;Precio interno mensual;ARS;TN;mensual;1;172523.81;172523.81
Secretaría de Agricultura - Precios Internos de los Principales Granos;Maíz;2024-09;Argentina / mercado interno — QUEQUEN;Precio interno mensual;ARS;TN;mensual;1;166541.67;166541.67
Secretaría de Agricultura - Precios Internos de los Principales Granos;Maíz;2024-09;Argentina / mercado interno — ROSARIO;Precio interno mensual;ARS;TN;mensual;1;169285.71;169285.71
Secretaría de Agricultura - Precios Internos de los Principales Granos;Maíz;2025-01;Argentina / mercado interno — B.BLANCA;Precio interno mensual;ARS;TN;mensual;1;204166.67;204166.67
Secretaría de Agricultura - Precios Internos de los Principales Granos;Maíz;2025-01;Argentina / mercado interno — QUEQUEN;Precio interno mensual;ARS;TN;mensual;1;200842.86;200842.86
Secretaría de Agricultura - Precios Internos de los Principales Granos;Maíz;2025-01;Argentina / mercado interno — ROSARIO;Precio interno mensual;ARS;TN;mensual;1;205475;205475
Secretaría de Agricultura - Precios Internos de los Principales Granos;Maíz;2025-02;Argentina / mercado interno — B.BLANCA;Precio interno mensual;ARS;TN;mensual;1;221764.71;221764.71
Secretaría de Agricultura - Precios Internos de los Principales Granos;Maíz;2025-02;Argentina / mercado interno — QUEQUEN;Precio interno mensual;ARS;TN;mensual;1;212857;212857
Secretaría de Agricultura - Precios Internos de los Principales Granos;Maíz;2025-02;Argentina / mercado interno — ROSARIO;Precio interno mensual;ARS;TN;mensual;1;217930;217930
Secretaría de Agricultura - Precios Internos de los Principales Granos;Maíz;2025-03;Argentina / mercado interno — B.BLANCA;Precio interno mensual;ARS;TN;mensual;1;223250;223250
Secretaría de Agricultura - Precios Internos de los Principales Granos;Maíz;2025-03;Argentina / mercado interno — QUEQUEN;Precio interno mensual;ARS;TN;mensual;1;218333.33;218333.33
Secretaría de Agricultura - Precios Internos de los Principales Granos;Maíz;2025-03;Argentina / mercado interno — ROSARIO;Precio interno mensual;ARS;TN;mensual;1;208605.56;208605.56
Secretaría de Agricultura - Precios Internos de los Principales Granos;Maíz;2025-04;Argentina / mercado interno — B.BLANCA;Precio interno mensual;ARS;TN;mensual;1;230384.62;230384.62
Secretaría de Agricultura - Precios Internos de los Principales Granos;Maíz;2025-04;Argentina / mercado interno — QUEQUEN;Precio interno mensual;ARS;TN;mensual;1;226333.33;226333.33
Secretaría de Agricultura - Precios Internos de los Principales Granos;Maíz;2025-04;Argentina / mercado interno — ROSARIO;Precio interno mensual;ARS;TN;mensual;1;224000;224000
Secretaría de Agricultura - Precios Internos de los Principales Granos;Maíz;2025-05;Argentina / mercado interno — B.BLANCA;Precio interno mensual;ARS;TN;mensual;1;227500;227500
Secretaría de Agricultura - Precios Internos de los Principales Granos;Maíz;2025-05;Argentina / mercado interno — ROSARIO;Precio interno mensual;ARS;TN;mensual;1;210400;210400
Secretaría de Agricultura - Precios Internos de los Principales Granos;Maíz;2025-06;Argentina / mercado interno — ROSARIO;Precio interno mensual;ARS;TN;mensual;1;202842.11;202842.11
Secretaría de Agricultura - Precios Internos de los Principales Granos;Maíz;2025-07;Argentina / mercado interno — QUEQUEN;Precio interno mensual;ARS;TN;mensual;1;217900;217900
Secretaría de Agricultura - Precios Internos de los Principales Granos;Maíz;2025-07;Argentina / mercado interno — ROSARIO;Precio interno mensual;ARS;TN;mensual;1;216624.74;216624.74
Secretaría de Agricultura - Precios Internos de los Principales Granos;Maíz;2025-08;Argentina / mercado interno — QUEQUEN;Precio interno mensual;ARS;TN;mensual;1;231566.67;231566.67
Secretaría de Agricultura - Precios Internos de los Principales Granos;Maíz;2025-08;Argentina / mercado interno — ROSARIO;Precio interno mensual;ARS;TN;mensual;1;231449.75;231449.75
Secretaría de Agricultura - Precios Internos de los Principales Granos;Maíz;2025-09;Argentina / mercado interno — B.BLANCA;Precio interno mensual;ARS;TN;mensual;1;240000;240000
Secretaría de Agricultura - Precios Internos de los Principales Granos;Maíz;2025-09;Argentina / mercado interno — ROSARIO;Precio interno mensual;ARS;TN;mensual;1;250783.16;250783.16
Secretaría de Agricultura - Precios Internos de los Principales Granos;Maíz;2025-10;Argentina / mercado interno — B.BLANCA;Precio interno mensual;ARS;TN;mensual;1;251429;251429
Secretaría de Agricultura - Precios Internos de los Principales Granos;Maíz;2025-10;Argentina / mercado interno — ROSARIO;Precio interno mensual;ARS;TN;mensual;1;254919.7;254919.7
Secretaría de Agricultura - Precios Internos de los Principales Granos;Maíz;2025-11;Argentina / mercado interno — ROSARIO;Precio interno mensual;ARS;TN;mensual;1;262009.72;262009.72
Secretaría de Agricultura - Precios Internos de los Principales Granos;Maíz;2025-12;Argentina / mercado interno — ROSARIO;Precio interno mensual;ARS;TN;mensual;1;275384.42;275384.42
Secretaría de Agricultura - Precios Internos de los Principales Granos;Maíz;2026-01;Argentina / mercado interno — ROSARIO;Precio interno mensual;ARS;TN;mensual;1;278655;278655
Secretaría de Agricultura - Precios Internos de los Principales Granos;Maíz;2026-02;Argentina / mercado interno — ROSARIO;Precio interno mensual;ARS;TN;mensual;1;253156.39;253156.39
Secretaría de Agricultura - Precios Internos de los Principales Granos;Maíz;2026-03;Argentina / mercado interno — ROSARIO;Precio interno mensual;ARS;TN;mensual;1;243569.75;243569.75
Secretaría de Agricultura - Precios Internos de los Principales Granos;Maíz;2026-04;Argentina / mercado interno — ROSARIO;Precio interno mensual;ARS;TN;mensual;1;256038.95;256038.95
Secretaría de Agricultura - Precios Internos de los Principales Granos;Maíz;2026-05;Argentina / mercado interno — ROSARIO;Precio interno mensual;ARS;TN;mensual;1;257954.89;257954.89
Secretaría de Agricultura - Precios Internos de los Principales Granos;Maíz;2026-06;Argentina / mercado interno — ROSARIO;Precio interno mensual;ARS;TN;mensual;1;259120.48;259120.48
Secretaría de Agricultura - Precios Internos de los Principales Granos;Maíz;2026-07;Argentina / mercado interno — ROSARIO;Precio interno mensual;ARS;TN;mensual;1;273318.47;273318.47
Secretaría de Agricultura - Precios Internos de los Principales Granos;Maíz;2026-08;Argentina / mercado interno — ROSARIO;Precio interno mensual;ARS;TN;mensual;1;271477.5;271477.5
Secretaría de Agricultura - Precios Internos de los Principales Granos;Soja;2020-01;Argentina / mercado interno — ROSARIO;Precio interno mensual;ARS;TN;mensual;1;15344.55;15344.55
Secretaría de Agricultura - Precios Internos de los Principales Granos;Soja;2020-02;Argentina / mercado interno — ROSARIO;Precio interno mensual;ARS;TN;mensual;1;14908.31;14908.31
Secretaría de Agricultura - Precios Internos de los Principales Granos;Soja;2020-03;Argentina / mercado interno — ROSARIO;Precio interno mensual;ARS;TN;mensual;1;13943.53;13943.53
Secretaría de Agricultura - Precios Internos de los Principales Granos;Soja;2020-04;Argentina / mercado interno — B.BLANCA;Precio interno mensual;ARS;TN;mensual;1;13943.27;13943.27
Secretaría de Agricultura - Precios Internos de los Principales Granos;Soja;2020-04;Argentina / mercado interno — ROSARIO;Precio interno mensual;ARS;TN;mensual;1;13670.8;13670.8
Secretaría de Agricultura - Precios Internos de los Principales Granos;Soja;2020-05;Argentina / mercado interno — B.BLANCA;Precio interno mensual;ARS;TN;mensual;1;14587.26;14587.26
Secretaría de Agricultura - Precios Internos de los Principales Granos;Soja;2020-05;Argentina / mercado interno — ROSARIO;Precio interno mensual;ARS;TN;mensual;1;14533.16;14533.16
Secretaría de Agricultura - Precios Internos de los Principales Granos;Soja;2020-06;Argentina / mercado interno — B.BLANCA;Precio interno mensual;ARS;TN;mensual;1;15477.4;15477.4
Secretaría de Agricultura - Precios Internos de los Principales Granos;Soja;2020-06;Argentina / mercado interno — ROSARIO;Precio interno mensual;ARS;TN;mensual;1;15242.86;15242.86
Secretaría de Agricultura - Precios Internos de los Principales Granos;Soja;2020-07;Argentina / mercado interno — B.BLANCA;Precio interno mensual;ARS;TN;mensual;1;16147.43;16147.43
Secretaría de Agricultura - Precios Internos de los Principales Granos;Soja;2020-07;Argentina / mercado interno — ROSARIO;Precio interno mensual;ARS;TN;mensual;1;16696;16696
Secretaría de Agricultura - Precios Internos de los Principales Granos;Soja;2020-08;Argentina / mercado interno — ROSARIO;Precio interno mensual;ARS;TN;mensual;1;17871.8;17871.8
Secretaría de Agricultura - Precios Internos de los Principales Granos;Soja;2020-09;Argentina / mercado interno — ROSARIO;Precio interno mensual;ARS;TN;mensual;1;20190.6;20190.6
Secretaría de Agricultura - Precios Internos de los Principales Granos;Soja;2020-10;Argentina / mercado interno — ROSARIO;Precio interno mensual;ARS;TN;mensual;1;24802.37;24802.37
Secretaría de Agricultura - Precios Internos de los Principales Granos;Soja;2020-11;Argentina / mercado interno — ROSARIO;Precio interno mensual;ARS;TN;mensual;1;27275.9;27275.9
Secretaría de Agricultura - Precios Internos de los Principales Granos;Soja;2020-12;Argentina / mercado interno — ROSARIO;Precio interno mensual;ARS;TN;mensual;1;27634.44;27634.44
Secretaría de Agricultura - Precios Internos de los Principales Granos;Soja;2021-01;Argentina / mercado interno — ROSARIO;Precio interno mensual;ARS;TN;mensual;1;27916.9;27916.9
Secretaría de Agricultura - Precios Internos de los Principales Granos;Soja;2021-02;Argentina / mercado interno — ROSARIO;Precio interno mensual;ARS;TN;mensual;1;29160;29160
Secretaría de Agricultura - Precios Internos de los Principales Granos;Soja;2021-03;Argentina / mercado interno — ROSARIO;Precio interno mensual;ARS;TN;mensual;1;29960.9;29960.9
Secretaría de Agricultura - Precios Internos de los Principales Granos;Soja;2021-04;Argentina / mercado interno — ROSARIO;Precio interno mensual;ARS;TN;mensual;1;30810.3;30810.3
Secretaría de Agricultura - Precios Internos de los Principales Granos;Soja;2021-05;Argentina / mercado interno — ROSARIO;Precio interno mensual;ARS;TN;mensual;1;32406.47;32406.47
Secretaría de Agricultura - Precios Internos de los Principales Granos;Soja;2021-06;Argentina / mercado interno — ROSARIO;Precio interno mensual;ARS;TN;mensual;1;30427.9;30427.9
Secretaría de Agricultura - Precios Internos de los Principales Granos;Soja;2021-07;Argentina / mercado interno — ROSARIO;Precio interno mensual;ARS;TN;mensual;1;31592.1;31592.1
Secretaría de Agricultura - Precios Internos de los Principales Granos;Soja;2021-08;Argentina / mercado interno — ROSARIO;Precio interno mensual;ARS;TN;mensual;1;32870.95;32870.95
Secretaría de Agricultura - Precios Internos de los Principales Granos;Soja;2021-09;Argentina / mercado interno — ROSARIO;Precio interno mensual;ARS;TN;mensual;1;33783.86;33783.86
Secretaría de Agricultura - Precios Internos de los Principales Granos;Soja;2022-01;Argentina / mercado interno — ROSARIO;Precio interno mensual;ARS;TN;mensual;1;40193.9;40193.9
Secretaría de Agricultura - Precios Internos de los Principales Granos;Soja;2022-02;Argentina / mercado interno — ROSARIO;Precio interno mensual;ARS;TN;mensual;1;45088.8;45088.8
Secretaría de Agricultura - Precios Internos de los Principales Granos;Soja;2022-03;Argentina / mercado interno — ROSARIO;Precio interno mensual;ARS;TN;mensual;1;50211.19;50211.19
Secretaría de Agricultura - Precios Internos de los Principales Granos;Soja;2022-04;Argentina / mercado interno — ROSARIO;Precio interno mensual;ARS;TN;mensual;1;49359.74;49359.74
Secretaría de Agricultura - Precios Internos de los Principales Granos;Soja;2022-05;Argentina / mercado interno — ROSARIO;Precio interno mensual;ARS;TN;mensual;1;49883.5;49883.5
Secretaría de Agricultura - Precios Internos de los Principales Granos;Soja;2022-06;Argentina / mercado interno — ROSARIO;Precio interno mensual;ARS;TN;mensual;1;49290.3;49290.3
Secretaría de Agricultura - Precios Internos de los Principales Granos;Soja;2022-07;Argentina / mercado interno — ROSARIO;Precio interno mensual;ARS;TN;mensual;1;49001.32;49001.32
Secretaría de Agricultura - Precios Internos de los Principales Granos;Soja;2022-08;Argentina / mercado interno — QUEQUEN;Precio interno mensual;ARS;TN;mensual;1;51600;51600
Secretaría de Agricultura - Precios Internos de los Principales Granos;Soja;2022-08;Argentina / mercado interno — ROSARIO;Precio interno mensual;ARS;TN;mensual;1;51878.18;51878.18
Secretaría de Agricultura - Precios Internos de los Principales Granos;Soja;2022-09;Argentina / mercado interno — B.BLANCA;Precio interno mensual;ARS;TN;mensual;1;69591.67;69591.67
Secretaría de Agricultura - Precios Internos de los Principales Granos;Soja;2022-09;Argentina / mercado interno — QUEQUEN;Precio interno mensual;ARS;TN;mensual;1;70346.5;70346.5
Secretaría de Agricultura - Precios Internos de los Principales Granos;Soja;2022-09;Argentina / mercado interno — ROSARIO;Precio interno mensual;ARS;TN;mensual;1;66960;66960
Secretaría de Agricultura - Precios Internos de los Principales Granos;Soja;2022-10;Argentina / mercado interno — ROSARIO;Precio interno mensual;ARS;TN;mensual;1;60208.8;60208.8
Secretaría de Agricultura - Precios Internos de los Principales Granos;Soja;2022-11;Argentina / mercado interno — QUEQUEN;Precio interno mensual;ARS;TN;mensual;1;74000;74000
Secretaría de Agricultura - Precios Internos de los Principales Granos;Soja;2022-11;Argentina / mercado interno — ROSARIO;Precio interno mensual;ARS;TN;mensual;1;71467.5;71467.5
Secretaría de Agricultura - Precios Internos de los Principales Granos;Soja;2022-12;Argentina / mercado interno — ROSARIO;Precio interno mensual;ARS;TN;mensual;1;94930.6;94930.6
Secretaría de Agricultura - Precios Internos de los Principales Granos;Soja;2023-03;Argentina / mercado interno — B.BLANCA;Precio interno mensual;ARS;TN;mensual;1;87000;87000
Secretaría de Agricultura - Precios Internos de los Principales Granos;Soja;2023-03;Argentina / mercado interno — ROSARIO;Precio interno mensual;ARS;TN;mensual;1;88283.33;88283.33
Secretaría de Agricultura - Precios Internos de los Principales Granos;Soja;2023-04;Argentina / mercado interno — B.BLANCA;Precio interno mensual;ARS;TN;mensual;1;99444.4;99444.4
Secretaría de Agricultura - Precios Internos de los Principales Granos;Soja;2023-04;Argentina / mercado interno — QUEQUEN;Precio interno mensual;ARS;TN;mensual;1;102132.9;102132.9
Secretaría de Agricultura - Precios Internos de los Principales Granos;Soja;2023-04;Argentina / mercado interno — ROSARIO;Precio interno mensual;ARS;TN;mensual;1;100311.1;100311.1
Secretaría de Agricultura - Precios Internos de los Principales Granos;Soja;2023-05;Argentina / mercado interno — B.BLANCA;Precio interno mensual;ARS;TN;mensual;1;101946.2;101946.2
Secretaría de Agricultura - Precios Internos de los Principales Granos;Soja;2023-05;Argentina / mercado interno — QUEQUEN;Precio interno mensual;ARS;TN;mensual;1;98544;98544
Secretaría de Agricultura - Precios Internos de los Principales Granos;Soja;2023-05;Argentina / mercado interno — ROSARIO;Precio interno mensual;ARS;TN;mensual;1;103475;103475
Secretaría de Agricultura - Precios Internos de los Principales Granos;Soja;2023-07;Argentina / mercado interno — ROSARIO;Precio interno mensual;ARS;TN;mensual;1;99750;99750
Secretaría de Agricultura - Precios Internos de los Principales Granos;Soja;2023-08;Argentina / mercado interno — QUEQUEN;Precio interno mensual;ARS;TN;mensual;1;115670.67;115670.67
Secretaría de Agricultura - Precios Internos de los Principales Granos;Soja;2023-08;Argentina / mercado interno — ROSARIO;Precio interno mensual;ARS;TN;mensual;1;123412.5;123412.5
Secretaría de Agricultura - Precios Internos de los Principales Granos;Soja;2023-09;Argentina / mercado interno — B.BLANCA;Precio interno mensual;ARS;TN;mensual;1;160750;160750
Secretaría de Agricultura - Precios Internos de los Principales Granos;Soja;2023-09;Argentina / mercado interno — QUEQUEN;Precio interno mensual;ARS;TN;mensual;1;159331.11;159331.11
Secretaría de Agricultura - Precios Internos de los Principales Granos;Soja;2023-09;Argentina / mercado interno — ROSARIO;Precio interno mensual;ARS;TN;mensual;1;160500;160500
Secretaría de Agricultura - Precios Internos de los Principales Granos;Soja;2023-10;Argentina / mercado interno — B.BLANCA;Precio interno mensual;ARS;TN;mensual;1;166250;166250
Secretaría de Agricultura - Precios Internos de los Principales Granos;Soja;2023-10;Argentina / mercado interno — QUEQUEN;Precio interno mensual;ARS;TN;mensual;1;173333.33;173333.33
Secretaría de Agricultura - Precios Internos de los Principales Granos;Soja;2023-10;Argentina / mercado interno — ROSARIO;Precio interno mensual;ARS;TN;mensual;1;172966.67;172966.67
Secretaría de Agricultura - Precios Internos de los Principales Granos;Soja;2023-11;Argentina / mercado interno — QUEQUEN;Precio interno mensual;ARS;TN;mensual;1;210300;210300
Secretaría de Agricultura - Precios Internos de los Principales Granos;Soja;2023-11;Argentina / mercado interno — ROSARIO;Precio interno mensual;ARS;TN;mensual;1;205093;205093
Secretaría de Agricultura - Precios Internos de los Principales Granos;Soja;2023-12;Argentina / mercado interno — ROSARIO;Precio interno mensual;ARS;TN;mensual;1;253733.3;253733.3
Secretaría de Agricultura - Precios Internos de los Principales Granos;Soja;2024-01;Argentina / mercado interno — ROSARIO;Precio interno mensual;ARS;TN;mensual;1;270840.91;270840.91
Secretaría de Agricultura - Precios Internos de los Principales Granos;Soja;2024-02;Argentina / mercado interno — ROSARIO;Precio interno mensual;ARS;TN;mensual;1;251660.53;251660.53
Secretaría de Agricultura - Precios Internos de los Principales Granos;Soja;2024-03;Argentina / mercado interno — QUEQUEN;Precio interno mensual;ARS;TN;mensual;1;230447.14;230447.14
Secretaría de Agricultura - Precios Internos de los Principales Granos;Soja;2024-03;Argentina / mercado interno — ROSARIO;Precio interno mensual;ARS;TN;mensual;1;252269.44;252269.44
Secretaría de Agricultura - Precios Internos de los Principales Granos;Soja;2024-04;Argentina / mercado interno — B.BLANCA;Precio interno mensual;ARS;TN;mensual;1;247033.33;247033.33
Secretaría de Agricultura - Precios Internos de los Principales Granos;Soja;2024-04;Argentina / mercado interno — QUEQUEN;Precio interno mensual;ARS;TN;mensual;1;247191.18;247191.18
Secretaría de Agricultura - Precios Internos de los Principales Granos;Soja;2024-04;Argentina / mercado interno — ROSARIO;Precio interno mensual;ARS;TN;mensual;1;249890;249890
Secretaría de Agricultura - Precios Internos de los Principales Granos;Soja;2024-05;Argentina / mercado interno — B.BLANCA;Precio interno mensual;ARS;TN;mensual;1;271175;271175
Secretaría de Agricultura - Precios Internos de los Principales Granos;Soja;2024-05;Argentina / mercado interno — QUEQUEN;Precio interno mensual;ARS;TN;mensual;1;269204.55;269204.55
Secretaría de Agricultura - Precios Internos de los Principales Granos;Soja;2024-05;Argentina / mercado interno — ROSARIO;Precio interno mensual;ARS;TN;mensual;1;274395.5;274395.5
Secretaría de Agricultura - Precios Internos de los Principales Granos;Soja;2024-06;Argentina / mercado interno — B.BLANCA;Precio interno mensual;ARS;TN;mensual;1;278600;278600
Secretaría de Agricultura - Precios Internos de los Principales Granos;Soja;2024-06;Argentina / mercado interno — QUEQUEN;Precio interno mensual;ARS;TN;mensual;1;278200;278200
Secretaría de Agricultura - Precios Internos de los Principales Granos;Soja;2024-06;Argentina / mercado interno — ROSARIO;Precio interno mensual;ARS;TN;mensual;1;280000;280000
Secretaría de Agricultura - Precios Internos de los Principales Granos;Soja;2024-07;Argentina / mercado interno — B.BLANCA;Precio interno mensual;ARS;TN;mensual;1;274075;274075
Secretaría de Agricultura - Precios Internos de los Principales Granos;Soja;2024-07;Argentina / mercado interno — QUEQUEN;Precio interno mensual;ARS;TN;mensual;1;269790;269790
Secretaría de Agricultura - Precios Internos de los Principales Granos;Soja;2024-07;Argentina / mercado interno — ROSARIO;Precio interno mensual;ARS;TN;mensual;1;285704.55;285704.55
Secretaría de Agricultura - Precios Internos de los Principales Granos;Soja;2024-08;Argentina / mercado interno — B.BLANCA;Precio interno mensual;ARS;TN;mensual;1;271000;271000
Secretaría de Agricultura - Precios Internos de los Principales Granos;Soja;2024-08;Argentina / mercado interno — QUEQUEN;Precio interno mensual;ARS;TN;mensual;1;260208.33;260208.33
Secretaría de Agricultura - Precios Internos de los Principales Granos;Soja;2024-08;Argentina / mercado interno — ROSARIO;Precio interno mensual;ARS;TN;mensual;1;288695.45;288695.45
Secretaría de Agricultura - Precios Internos de los Principales Granos;Soja;2024-09;Argentina / mercado interno — B.BLANCA;Precio interno mensual;ARS;TN;mensual;1;280000;280000
Secretaría de Agricultura - Precios Internos de los Principales Granos;Soja;2024-09;Argentina / mercado interno — QUEQUEN;Precio interno mensual;ARS;TN;mensual;1;263725;263725
Secretaría de Agricultura - Precios Internos de los Principales Granos;Soja;2024-09;Argentina / mercado interno — ROSARIO;Precio interno mensual;ARS;TN;mensual;1;298471.43;298471.43
Secretaría de Agricultura - Precios Internos de los Principales Granos;Soja;2024-10;Argentina / mercado interno — QUEQUEN;Precio interno mensual;ARS;TN;mensual;1;269166.67;269166.67
Secretaría de Agricultura - Precios Internos de los Principales Granos;Soja;2024-10;Argentina / mercado interno — ROSARIO;Precio interno mensual;ARS;TN;mensual;1;307019.05;307019.05
Secretaría de Agricultura - Precios Internos de los Principales Granos;Soja;2024-11;Argentina / mercado interno — ROSARIO;Precio interno mensual;ARS;TN;mensual;1;300770;300770
Secretaría de Agricultura - Precios Internos de los Principales Granos;Soja;2024-12;Argentina / mercado interno — ROSARIO;Precio interno mensual;ARS;TN;mensual;1;289005.56;289005.56
Secretaría de Agricultura - Precios Internos de los Principales Granos;Soja;2025-01;Argentina / mercado interno — ROSARIO;Precio interno mensual;ARS;TN;mensual;1;295465;295465
Secretaría de Agricultura - Precios Internos de los Principales Granos;Soja;2025-02;Argentina / mercado interno — ROSARIO;Precio interno mensual;ARS;TN;mensual;1;325665;325665
Secretaría de Agricultura - Precios Internos de los Principales Granos;Soja;2025-03;Argentina / mercado interno — ROSARIO;Precio interno mensual;ARS;TN;mensual;1;329111.11;329111.11
Secretaría de Agricultura - Precios Internos de los Principales Granos;Soja;2025-04;Argentina / mercado interno — B.BLANCA;Precio interno mensual;ARS;TN;mensual;1;315000;315000
Secretaría de Agricultura - Precios Internos de los Principales Granos;Soja;2025-04;Argentina / mercado interno — QUEQUEN;Precio interno mensual;ARS;TN;mensual;1;310000;310000
Secretaría de Agricultura - Precios Internos de los Principales Granos;Soja;2025-04;Argentina / mercado interno — ROSARIO;Precio interno mensual;ARS;TN;mensual;1;314394.74;314394.74
Secretaría de Agricultura - Precios Internos de los Principales Granos;Soja;2025-05;Argentina / mercado interno — B.BLANCA;Precio interno mensual;ARS;TN;mensual;1;310000;310000
Secretaría de Agricultura - Precios Internos de los Principales Granos;Soja;2025-05;Argentina / mercado interno — QUEQUEN;Precio interno mensual;ARS;TN;mensual;1;311666.67;311666.67
Secretaría de Agricultura - Precios Internos de los Principales Granos;Soja;2025-05;Argentina / mercado interno — ROSARIO;Precio interno mensual;ARS;TN;mensual;1;310600;310600
Secretaría de Agricultura - Precios Internos de los Principales Granos;Soja;2025-06;Argentina / mercado interno — ROSARIO;Precio interno mensual;ARS;TN;mensual;1;322047.37;322047.37
Secretaría de Agricultura - Precios Internos de los Principales Granos;Soja;2025-07;Argentina / mercado interno — B.BLANCA;Precio interno mensual;ARS;TN;mensual;1;346916.67;346916.67
Secretaría de Agricultura - Precios Internos de los Principales Granos;Soja;2025-07;Argentina / mercado interno — QUEQUEN;Precio interno mensual;ARS;TN;mensual;1;336800;336800
Secretaría de Agricultura - Precios Internos de los Principales Granos;Soja;2025-07;Argentina / mercado interno — ROSARIO;Precio interno mensual;ARS;TN;mensual;1;336380.95;336380.95
Secretaría de Agricultura - Precios Internos de los Principales Granos;Soja;2025-08;Argentina / mercado interno — B.BLANCA;Precio interno mensual;ARS;TN;mensual;1;389312.5;389312.5
Secretaría de Agricultura - Precios Internos de los Principales Granos;Soja;2025-08;Argentina / mercado interno — QUEQUEN;Precio interno mensual;ARS;TN;mensual;1;388333.33;388333.33
Secretaría de Agricultura - Precios Internos de los Principales Granos;Soja;2025-08;Argentina / mercado interno — ROSARIO;Precio interno mensual;ARS;TN;mensual;1;389640;389640
Secretaría de Agricultura - Precios Internos de los Principales Granos;Soja;2025-09;Argentina / mercado interno — B.BLANCA;Precio interno mensual;ARS;TN;mensual;1;431588.24;431588.24
Secretaría de Agricultura - Precios Internos de los Principales Granos;Soja;2025-09;Argentina / mercado interno — QUEQUEN;Precio interno mensual;ARS;TN;mensual;1;427569.17;427569.17
Secretaría de Agricultura - Precios Internos de los Principales Granos;Soja;2025-09;Argentina / mercado interno — ROSARIO;Precio interno mensual;ARS;TN;mensual;1;436877.27;436877.27
Secretaría de Agricultura - Precios Internos de los Principales Granos;Soja;2025-10;Argentina / mercado interno — B.BLANCA;Precio interno mensual;ARS;TN;mensual;1;484642.9;484642.9
Secretaría de Agricultura - Precios Internos de los Principales Granos;Soja;2025-10;Argentina / mercado interno — QUEQUEN;Precio interno mensual;ARS;TN;mensual;1;480538.5;480538.5
Secretaría de Agricultura - Precios Internos de los Principales Granos;Soja;2025-10;Argentina / mercado interno — ROSARIO;Precio interno mensual;ARS;TN;mensual;1;482886.36;482886.36
Secretaría de Agricultura - Precios Internos de los Principales Granos;Soja;2025-11;Argentina / mercado interno — B.BLANCA;Precio interno mensual;ARS;TN;mensual;1;489166.67;489166.67
Secretaría de Agricultura - Precios Internos de los Principales Granos;Soja;2025-11;Argentina / mercado interno — QUEQUEN;Precio interno mensual;ARS;TN;mensual;1;492500;492500
Secretaría de Agricultura - Precios Internos de los Principales Granos;Soja;2025-11;Argentina / mercado interno — ROSARIO;Precio interno mensual;ARS;TN;mensual;1;485166.67;485166.67
Secretaría de Agricultura - Precios Internos de los Principales Granos;Soja;2025-12;Argentina / mercado interno — B.BLANCA;Precio interno mensual;ARS;TN;mensual;1;520000;520000
Secretaría de Agricultura - Precios Internos de los Principales Granos;Soja;2025-12;Argentina / mercado interno — QUEQUEN;Precio interno mensual;ARS;TN;mensual;1;503742.86;503742.86
Secretaría de Agricultura - Precios Internos de los Principales Granos;Soja;2025-12;Argentina / mercado interno — ROSARIO;Precio interno mensual;ARS;TN;mensual;1;495684.21;495684.21
Secretaría de Agricultura - Precios Internos de los Principales Granos;Soja;2026-01;Argentina / mercado interno — ROSARIO;Precio interno mensual;ARS;TN;mensual;1;489506.19;489506.19
Secretaría de Agricultura - Precios Internos de los Principales Granos;Soja;2026-02;Argentina / mercado interno — ROSARIO;Precio interno mensual;ARS;TN;mensual;1;466250;466250
Secretaría de Agricultura - Precios Internos de los Principales Granos;Soja;2026-03;Argentina / mercado interno — ROSARIO;Precio interno mensual;ARS;TN;mensual;1;466150;466150
Secretaría de Agricultura - Precios Internos de los Principales Granos;Soja;2026-04;Argentina / mercado interno — ROSARIO;Precio interno mensual;ARS;TN;mensual;1;431789.47;431789.47
Secretaría de Agricultura - Precios Internos de los Principales Granos;Soja;2026-05;Argentina / mercado interno — ROSARIO;Precio interno mensual;ARS;TN;mensual;1;455000;455000
Secretaría de Agricultura - Precios Internos de los Principales Granos;Soja;2026-06;Argentina / mercado interno — ROSARIO;Precio interno mensual;ARS;TN;mensual;1;466190.48;466190.48
Secretaría de Agricultura - Precios Internos de los Principales Granos;Soja;2026-07;Argentina / mercado interno — ROSARIO;Precio interno mensual;ARS;TN;mensual;1;494868.42;494868.42
Secretaría de Agricultura - Precios Internos de los Principales Granos;Soja;2026-08;Argentina / mercado interno — ROSARIO;Precio interno mensual;ARS;TN;mensual;1;518425;518425
Secretaría de Agricultura - Precios Internos de los Principales Granos;Sorgo;2020-03;Argentina / mercado interno — ROSARIO;Precio interno mensual;ARS;TN;mensual;1;8297.67;8297.67
Secretaría de Agricultura - Precios Internos de los Principales Granos;Sorgo;2020-04;Argentina / mercado interno — ROSARIO;Precio interno mensual;ARS;TN;mensual;1;8944.62;8944.62
Secretaría de Agricultura - Precios Internos de los Principales Granos;Sorgo;2020-05;Argentina / mercado interno — ROSARIO;Precio interno mensual;ARS;TN;mensual;1;9130;9130
Secretaría de Agricultura - Precios Internos de los Principales Granos;Sorgo;2020-06;Argentina / mercado interno — ROSARIO;Precio interno mensual;ARS;TN;mensual;1;9966.3;9966.3
Secretaría de Agricultura - Precios Internos de los Principales Granos;Sorgo;2020-07;Argentina / mercado interno — ROSARIO;Precio interno mensual;ARS;TN;mensual;1;10670;10670
Secretaría de Agricultura - Precios Internos de los Principales Granos;Sorgo;2020-08;Argentina / mercado interno — ROSARIO;Precio interno mensual;ARS;TN;mensual;1;11328.3;11328.3
Secretaría de Agricultura - Precios Internos de los Principales Granos;Sorgo;2020-09;Argentina / mercado interno — ROSARIO;Precio interno mensual;ARS;TN;mensual;1;12460;12460
Secretaría de Agricultura - Precios Internos de los Principales Granos;Sorgo;2020-10;Argentina / mercado interno — ROSARIO;Precio interno mensual;ARS;TN;mensual;1;25010;25010
Secretaría de Agricultura - Precios Internos de los Principales Granos;Sorgo;2021-02;Argentina / mercado interno — ROSARIO;Precio interno mensual;ARS;TN;mensual;1;18935;18935
Secretaría de Agricultura - Precios Internos de los Principales Granos;Sorgo;2021-03;Argentina / mercado interno — ROSARIO;Precio interno mensual;ARS;TN;mensual;1;20147.5;20147.5
Secretaría de Agricultura - Precios Internos de los Principales Granos;Sorgo;2021-04;Argentina / mercado interno — ROSARIO;Precio interno mensual;ARS;TN;mensual;1;20523.3;20523.3
Secretaría de Agricultura - Precios Internos de los Principales Granos;Sorgo;2021-05;Argentina / mercado interno — ROSARIO;Precio interno mensual;ARS;TN;mensual;1;19083.33;19083.33
Secretaría de Agricultura - Precios Internos de los Principales Granos;Sorgo;2021-06;Argentina / mercado interno — ROSARIO;Precio interno mensual;ARS;TN;mensual;1;17339;17339
Secretaría de Agricultura - Precios Internos de los Principales Granos;Sorgo;2021-08;Argentina / mercado interno — ROSARIO;Precio interno mensual;ARS;TN;mensual;1;16077;16077
Secretaría de Agricultura - Precios Internos de los Principales Granos;Sorgo;2021-09;Argentina / mercado interno — ROSARIO;Precio interno mensual;ARS;TN;mensual;1;16485;16485
Secretaría de Agricultura - Precios Internos de los Principales Granos;Sorgo;2021-10;Argentina / mercado interno — ROSARIO;Precio interno mensual;ARS;TN;mensual;1;16553.75;16553.75
Secretaría de Agricultura - Precios Internos de los Principales Granos;Sorgo;2021-11;Argentina / mercado interno — ROSARIO;Precio interno mensual;ARS;TN;mensual;1;18066.75;18066.75
Secretaría de Agricultura - Precios Internos de los Principales Granos;Sorgo;2021-12;Argentina / mercado interno — ROSARIO;Precio interno mensual;ARS;TN;mensual;1;19530.5;19530.5
Secretaría de Agricultura - Precios Internos de los Principales Granos;Sorgo;2022-01;Argentina / mercado interno — ROSARIO;Precio interno mensual;ARS;TN;mensual;1;24846;24846
Secretaría de Agricultura - Precios Internos de los Principales Granos;Sorgo;2022-02;Argentina / mercado interno — ROSARIO;Precio interno mensual;ARS;TN;mensual;1;23279;23279
Secretaría de Agricultura - Precios Internos de los Principales Granos;Sorgo;2022-03;Argentina / mercado interno — ROSARIO;Precio interno mensual;ARS;TN;mensual;1;27360.6;27360.6
Secretaría de Agricultura - Precios Internos de los Principales Granos;Sorgo;2022-04;Argentina / mercado interno — ROSARIO;Precio interno mensual;ARS;TN;mensual;1;27750;27750
Secretaría de Agricultura - Precios Internos de los Principales Granos;Sorgo;2022-05;Argentina / mercado interno — ROSARIO;Precio interno mensual;ARS;TN;mensual;1;31974.31;31974.31
Secretaría de Agricultura - Precios Internos de los Principales Granos;Sorgo;2022-06;Argentina / mercado interno — ROSARIO;Precio interno mensual;ARS;TN;mensual;1;29809.41;29809.41
Secretaría de Agricultura - Precios Internos de los Principales Granos;Sorgo;2022-07;Argentina / mercado interno — ROSARIO;Precio interno mensual;ARS;TN;mensual;1;28189.23;28189.23
Secretaría de Agricultura - Precios Internos de los Principales Granos;Sorgo;2022-08;Argentina / mercado interno — ROSARIO;Precio interno mensual;ARS;TN;mensual;1;30613.77;30613.77
Secretaría de Agricultura - Precios Internos de los Principales Granos;Sorgo;2022-09;Argentina / mercado interno — ROSARIO;Precio interno mensual;ARS;TN;mensual;1;33823.3;33823.3
Secretaría de Agricultura - Precios Internos de los Principales Granos;Sorgo;2022-10;Argentina / mercado interno — ROSARIO;Precio interno mensual;ARS;TN;mensual;1;36595;36595
Secretaría de Agricultura - Precios Internos de los Principales Granos;Sorgo;2022-11;Argentina / mercado interno — ROSARIO;Precio interno mensual;ARS;TN;mensual;1;40100;40100
Secretaría de Agricultura - Precios Internos de los Principales Granos;Sorgo;2022-12;Argentina / mercado interno — ROSARIO;Precio interno mensual;ARS;TN;mensual;1;42393.3;42393.3
Secretaría de Agricultura - Precios Internos de los Principales Granos;Sorgo;2023-01;Argentina / mercado interno — ROSARIO;Precio interno mensual;ARS;TN;mensual;1;49982;49982
Secretaría de Agricultura - Precios Internos de los Principales Granos;Sorgo;2023-02;Argentina / mercado interno — ROSARIO;Precio interno mensual;ARS;TN;mensual;1;51500;51500
Secretaría de Agricultura - Precios Internos de los Principales Granos;Sorgo;2023-03;Argentina / mercado interno — ROSARIO;Precio interno mensual;ARS;TN;mensual;1;51771.7;51771.7
Secretaría de Agricultura - Precios Internos de los Principales Granos;Sorgo;2023-04;Argentina / mercado interno — ROSARIO;Precio interno mensual;ARS;TN;mensual;1;58720;58720
Secretaría de Agricultura - Precios Internos de los Principales Granos;Sorgo;2023-05;Argentina / mercado interno — ROSARIO;Precio interno mensual;ARS;TN;mensual;1;67450;67450
Secretaría de Agricultura - Precios Internos de los Principales Granos;Sorgo;2023-06;Argentina / mercado interno — ROSARIO;Precio interno mensual;ARS;TN;mensual;1;53785;53785
Secretaría de Agricultura - Precios Internos de los Principales Granos;Sorgo;2023-07;Argentina / mercado interno — ROSARIO;Precio interno mensual;ARS;TN;mensual;1;66700;66700
Secretaría de Agricultura - Precios Internos de los Principales Granos;Sorgo;2023-08;Argentina / mercado interno — ROSARIO;Precio interno mensual;ARS;TN;mensual;1;82616.67;82616.67
Secretaría de Agricultura - Precios Internos de los Principales Granos;Sorgo;2023-09;Argentina / mercado interno — ROSARIO;Precio interno mensual;ARS;TN;mensual;1;87000;87000
Secretaría de Agricultura - Precios Internos de los Principales Granos;Sorgo;2023-10;Argentina / mercado interno — ROSARIO;Precio interno mensual;ARS;TN;mensual;1;95750;95750
Secretaría de Agricultura - Precios Internos de los Principales Granos;Sorgo;2023-12;Argentina / mercado interno — ROSARIO;Precio interno mensual;ARS;TN;mensual;1;153000;153000
Secretaría de Agricultura - Precios Internos de los Principales Granos;Sorgo;2024-02;Argentina / mercado interno — ROSARIO;Precio interno mensual;ARS;TN;mensual;1;158200;158200
Secretaría de Agricultura - Precios Internos de los Principales Granos;Sorgo;2024-03;Argentina / mercado interno — ROSARIO;Precio interno mensual;ARS;TN;mensual;1;151400;151400
Secretaría de Agricultura - Precios Internos de los Principales Granos;Sorgo;2024-04;Argentina / mercado interno — ROSARIO;Precio interno mensual;ARS;TN;mensual;1;142000;142000
Secretaría de Agricultura - Precios Internos de los Principales Granos;Sorgo;2024-05;Argentina / mercado interno — ROSARIO;Precio interno mensual;ARS;TN;mensual;1;147368.42;147368.42
Secretaría de Agricultura - Precios Internos de los Principales Granos;Sorgo;2024-06;Argentina / mercado interno — ROSARIO;Precio interno mensual;ARS;TN;mensual;1;165746.67;165746.67
Secretaría de Agricultura - Precios Internos de los Principales Granos;Sorgo;2024-07;Argentina / mercado interno — ROSARIO;Precio interno mensual;ARS;TN;mensual;1;166050;166050
Secretaría de Agricultura - Precios Internos de los Principales Granos;Sorgo;2024-08;Argentina / mercado interno — ROSARIO;Precio interno mensual;ARS;TN;mensual;1;140458.33;140458.33
Secretaría de Agricultura - Precios Internos de los Principales Granos;Sorgo;2024-09;Argentina / mercado interno — ROSARIO;Precio interno mensual;ARS;TN;mensual;1;136714.29;136714.29
Secretaría de Agricultura - Precios Internos de los Principales Granos;Sorgo;2025-01;Argentina / mercado interno — ROSARIO;Precio interno mensual;ARS;TN;mensual;1;176583.33;176583.33
Secretaría de Agricultura - Precios Internos de los Principales Granos;Sorgo;2025-02;Argentina / mercado interno — ROSARIO;Precio interno mensual;ARS;TN;mensual;1;193076.92;193076.92
Secretaría de Agricultura - Precios Internos de los Principales Granos;Sorgo;2025-03;Argentina / mercado interno — ROSARIO;Precio interno mensual;ARS;TN;mensual;1;207875;207875
Secretaría de Agricultura - Precios Internos de los Principales Granos;Sorgo;2025-04;Argentina / mercado interno — ROSARIO;Precio interno mensual;ARS;TN;mensual;1;210666.67;210666.67
Secretaría de Agricultura - Precios Internos de los Principales Granos;Sorgo;2025-05;Argentina / mercado interno — ROSARIO;Precio interno mensual;ARS;TN;mensual;1;205826.25;205826.25
Secretaría de Agricultura - Precios Internos de los Principales Granos;Sorgo;2025-06;Argentina / mercado interno — ROSARIO;Precio interno mensual;ARS;TN;mensual;1;198990.26;198990.26
Secretaría de Agricultura - Precios Internos de los Principales Granos;Sorgo;2025-07;Argentina / mercado interno — ROSARIO;Precio interno mensual;ARS;TN;mensual;1;213755.32;213755.32
Secretaría de Agricultura - Precios Internos de los Principales Granos;Sorgo;2025-08;Argentina / mercado interno — ROSARIO;Precio interno mensual;ARS;TN;mensual;1;229909.06;229909.06
Secretaría de Agricultura - Precios Internos de los Principales Granos;Sorgo;2025-09;Argentina / mercado interno — ROSARIO;Precio interno mensual;ARS;TN;mensual;1;233311.56;233311.56
Secretaría de Agricultura - Precios Internos de los Principales Granos;Sorgo;2025-10;Argentina / mercado interno — ROSARIO;Precio interno mensual;ARS;TN;mensual;1;225236;225236
Secretaría de Agricultura - Precios Internos de los Principales Granos;Sorgo;2025-11;Argentina / mercado interno — ROSARIO;Precio interno mensual;ARS;TN;mensual;1;225589.5;225589.5
Secretaría de Agricultura - Precios Internos de los Principales Granos;Sorgo;2025-12;Argentina / mercado interno — ROSARIO;Precio interno mensual;ARS;TN;mensual;1;245846.82;245846.82
Secretaría de Agricultura - Precios Internos de los Principales Granos;Sorgo;2026-01;Argentina / mercado interno — ROSARIO;Precio interno mensual;ARS;TN;mensual;1;241570;241570
Secretaría de Agricultura - Precios Internos de los Principales Granos;Sorgo;2026-02;Argentina / mercado interno — ROSARIO;Precio interno mensual;ARS;TN;mensual;1;246137.5;246137.5
Secretaría de Agricultura - Precios Internos de los Principales Granos;Sorgo;2026-03;Argentina / mercado interno — ROSARIO;Precio interno mensual;ARS;TN;mensual;1;261981.11;261981.11
Secretaría de Agricultura - Precios Internos de los Principales Granos;Sorgo;2026-04;Argentina / mercado interno — ROSARIO;Precio interno mensual;ARS;TN;mensual;1;264024.32;264024.32
Secretaría de Agricultura - Precios Internos de los Principales Granos;Sorgo;2026-05;Argentina / mercado interno — ROSARIO;Precio interno mensual;ARS;TN;mensual;1;274452.53;274452.53
Secretaría de Agricultura - Precios Internos de los Principales Granos;Sorgo;2026-06;Argentina / mercado interno — ROSARIO;Precio interno mensual;ARS;TN;mensual;1;279841.44;279841.44
Secretaría de Agricultura - Precios Internos de los Principales Granos;Sorgo;2026-07;Argentina / mercado interno — ROSARIO;Precio interno mensual;ARS;TN;mensual;1;269094.42;269094.42
Secretaría de Agricultura - Precios Internos de los Principales Granos;Sorgo;2026-08;Argentina / mercado interno — ROSARIO;Precio interno mensual;ARS;TN;mensual;1;275535.2;275535.2
Secretaría de Agricultura - Precios Internos de los Principales Granos;Trigo;2020-01;Argentina / mercado interno — B.BLANCA;Precio interno mensual;ARS;TN;mensual;1;11467.5;11467.5
Secretaría de Agricultura - Precios Internos de los Principales Granos;Trigo;2020-01;Argentina / mercado interno — CORDOBA;Precio interno mensual;ARS;TN;mensual;1;11231.11;11231.11
Secretaría de Agricultura - Precios Internos de los Principales Granos;Trigo;2020-01;Argentina / mercado interno — ROSARIO;Precio interno mensual;ARS;TN;mensual;1;11455.23;11455.23
Secretaría de Agricultura - Precios Internos de los Principales Granos;Trigo;2020-02;Argentina / mercado interno — B.BLANCA;Precio interno mensual;ARS;TN;mensual;1;12071.06;12071.06
Secretaría de Agricultura - Precios Internos de los Principales Granos;Trigo;2020-02;Argentina / mercado interno — CORDOBA;Precio interno mensual;ARS;TN;mensual;1;12120.71;12120.71
Secretaría de Agricultura - Precios Internos de los Principales Granos;Trigo;2020-02;Argentina / mercado interno — DARSENA;Precio interno mensual;ARS;TN;mensual;1;13000;13000
Secretaría de Agricultura - Precios Internos de los Principales Granos;Trigo;2020-02;Argentina / mercado interno — ROSARIO;Precio interno mensual;ARS;TN;mensual;1;11993.06;11993.06
Secretaría de Agricultura - Precios Internos de los Principales Granos;Trigo;2020-03;Argentina / mercado interno — B.BLANCA;Precio interno mensual;ARS;TN;mensual;1;12548.08;12548.08
Secretaría de Agricultura - Precios Internos de los Principales Granos;Trigo;2020-03;Argentina / mercado interno — CORDOBA;Precio interno mensual;ARS;TN;mensual;1;12234.17;12234.17
Secretaría de Agricultura - Precios Internos de los Principales Granos;Trigo;2020-03;Argentina / mercado interno — ROSARIO;Precio interno mensual;ARS;TN;mensual;1;12225.56;12225.56
Secretaría de Agricultura - Precios Internos de los Principales Granos;Trigo;2020-04;Argentina / mercado interno — B.BLANCA;Precio interno mensual;ARS;TN;mensual;1;13056.22;13056.22
Secretaría de Agricultura - Precios Internos de los Principales Granos;Trigo;2020-04;Argentina / mercado interno — CORDOBA;Precio interno mensual;ARS;TN;mensual;1;12795;12795
Secretaría de Agricultura - Precios Internos de los Principales Granos;Trigo;2020-04;Argentina / mercado interno — ROSARIO;Precio interno mensual;ARS;TN;mensual;1;12778.27;12778.27
Secretaría de Agricultura - Precios Internos de los Principales Granos;Trigo;2020-05;Argentina / mercado interno — B.BLANCA;Precio interno mensual;ARS;TN;mensual;1;12936.13;12936.13
Secretaría de Agricultura - Precios Internos de los Principales Granos;Trigo;2020-05;Argentina / mercado interno — CORDOBA;Precio interno mensual;ARS;TN;mensual;1;12987.63;12987.63
Secretaría de Agricultura - Precios Internos de los Principales Granos;Trigo;2020-05;Argentina / mercado interno — ROSARIO;Precio interno mensual;ARS;TN;mensual;1;11947.78;11947.78
Secretaría de Agricultura - Precios Internos de los Principales Granos;Trigo;2020-06;Argentina / mercado interno — B.BLANCA;Precio interno mensual;ARS;TN;mensual;1;13714.4;13714.4
Secretaría de Agricultura - Precios Internos de los Principales Granos;Trigo;2020-06;Argentina / mercado interno — CORDOBA;Precio interno mensual;ARS;TN;mensual;1;13169.12;13169.12
Secretaría de Agricultura - Precios Internos de los Principales Granos;Trigo;2020-06;Argentina / mercado interno — DARSENA;Precio interno mensual;ARS;TN;mensual;1;14200;14200
Secretaría de Agricultura - Precios Internos de los Principales Granos;Trigo;2020-06;Argentina / mercado interno — ROSARIO;Precio interno mensual;ARS;TN;mensual;1;12461.2;12461.2
Secretaría de Agricultura - Precios Internos de los Principales Granos;Trigo;2020-07;Argentina / mercado interno — B.BLANCA;Precio interno mensual;ARS;TN;mensual;1;13565.67;13565.67
Secretaría de Agricultura - Precios Internos de los Principales Granos;Trigo;2020-07;Argentina / mercado interno — CORDOBA;Precio interno mensual;ARS;TN;mensual;1;13961.88;13961.88
Secretaría de Agricultura - Precios Internos de los Principales Granos;Trigo;2020-07;Argentina / mercado interno — DARSENA;Precio interno mensual;ARS;TN;mensual;1;14430.5;14430.5
Secretaría de Agricultura - Precios Internos de los Principales Granos;Trigo;2020-07;Argentina / mercado interno — ROSARIO;Precio interno mensual;ARS;TN;mensual;1;13730.6;13730.6
Secretaría de Agricultura - Precios Internos de los Principales Granos;Trigo;2020-08;Argentina / mercado interno — CORDOBA;Precio interno mensual;ARS;TN;mensual;1;14585.71;14585.71
Secretaría de Agricultura - Precios Internos de los Principales Granos;Trigo;2020-08;Argentina / mercado interno — DARSENA;Precio interno mensual;ARS;TN;mensual;1;15000;15000
Secretaría de Agricultura - Precios Internos de los Principales Granos;Trigo;2020-08;Argentina / mercado interno — ROSARIO;Precio interno mensual;ARS;TN;mensual;1;13706.4;13706.4
Secretaría de Agricultura - Precios Internos de los Principales Granos;Trigo;2020-09;Argentina / mercado interno — CORDOBA;Precio interno mensual;ARS;TN;mensual;1;15332.5;15332.5
Secretaría de Agricultura - Precios Internos de los Principales Granos;Trigo;2020-09;Argentina / mercado interno — DARSENA;Precio interno mensual;ARS;TN;mensual;1;16000;16000
Secretaría de Agricultura - Precios Internos de los Principales Granos;Trigo;2020-09;Argentina / mercado interno — ROSARIO;Precio interno mensual;ARS;TN;mensual;1;14740;14740
Secretaría de Agricultura - Precios Internos de los Principales Granos;Trigo;2020-10;Argentina / mercado interno — CORDOBA;Precio interno mensual;ARS;TN;mensual;1;16897.27;16897.27
Secretaría de Agricultura - Precios Internos de los Principales Granos;Trigo;2020-10;Argentina / mercado interno — DARSENA;Precio interno mensual;ARS;TN;mensual;1;17500;17500
Secretaría de Agricultura - Precios Internos de los Principales Granos;Trigo;2020-10;Argentina / mercado interno — ROSARIO;Precio interno mensual;ARS;TN;mensual;1;16405.63;16405.63
Secretaría de Agricultura - Precios Internos de los Principales Granos;Trigo;2020-11;Argentina / mercado interno — CORDOBA;Precio interno mensual;ARS;TN;mensual;1;17553.68;17553.68
Secretaría de Agricultura - Precios Internos de los Principales Granos;Trigo;2020-11;Argentina / mercado interno — ROSARIO;Precio interno mensual;ARS;TN;mensual;1;16794.4;16794.4
Secretaría de Agricultura - Precios Internos de los Principales Granos;Trigo;2020-12;Argentina / mercado interno — CORDOBA;Precio interno mensual;ARS;TN;mensual;1;18273.64;18273.64
Secretaría de Agricultura - Precios Internos de los Principales Granos;Trigo;2020-12;Argentina / mercado interno — ROSARIO;Precio interno mensual;ARS;TN;mensual;1;18265.56;18265.56
Secretaría de Agricultura - Precios Internos de los Principales Granos;Trigo;2021-01;Argentina / mercado interno — CORDOBA;Precio interno mensual;ARS;TN;mensual;1;20047.14;20047.14
Secretaría de Agricultura - Precios Internos de los Principales Granos;Trigo;2021-01;Argentina / mercado interno — ROSARIO;Precio interno mensual;ARS;TN;mensual;1;18570.53;18570.53
Secretaría de Agricultura - Precios Internos de los Principales Granos;Trigo;2021-02;Argentina / mercado interno — CORDOBA;Precio interno mensual;ARS;TN;mensual;1;19822.14;19822.14
Secretaría de Agricultura - Precios Internos de los Principales Granos;Trigo;2021-02;Argentina / mercado interno — DARSENA;Precio interno mensual;ARS;TN;mensual;1;18800;18800
Secretaría de Agricultura - Precios Internos de los Principales Granos;Trigo;2021-02;Argentina / mercado interno — ROSARIO;Precio interno mensual;ARS;TN;mensual;1;18936.25;18936.25
Secretaría de Agricultura - Precios Internos de los Principales Granos;Trigo;2021-03;Argentina / mercado interno — CORDOBA;Precio interno mensual;ARS;TN;mensual;1;19592.22;19592.22
Secretaría de Agricultura - Precios Internos de los Principales Granos;Trigo;2021-03;Argentina / mercado interno — ROSARIO;Precio interno mensual;ARS;TN;mensual;1;19443.1;19443.1
Secretaría de Agricultura - Precios Internos de los Principales Granos;Trigo;2021-04;Argentina / mercado interno — CORDOBA;Precio interno mensual;ARS;TN;mensual;1;19864;19864
Secretaría de Agricultura - Precios Internos de los Principales Granos;Trigo;2021-04;Argentina / mercado interno — ROSARIO;Precio interno mensual;ARS;TN;mensual;1;19910;19910
Secretaría de Agricultura - Precios Internos de los Principales Granos;Trigo;2021-05;Argentina / mercado interno — CORDOBA;Precio interno mensual;ARS;TN;mensual;1;21727.86;21727.86
Secretaría de Agricultura - Precios Internos de los Principales Granos;Trigo;2021-05;Argentina / mercado interno — ROSARIO;Precio interno mensual;ARS;TN;mensual;1;21368.5;21368.5
Secretaría de Agricultura - Precios Internos de los Principales Granos;Trigo;2021-06;Argentina / mercado interno — CORDOBA;Precio interno mensual;ARS;TN;mensual;1;21528.89;21528.89
Secretaría de Agricultura - Precios Internos de los Principales Granos;Trigo;2021-06;Argentina / mercado interno — DARSENA;Precio interno mensual;ARS;TN;mensual;1;19500;19500
Secretaría de Agricultura - Precios Internos de los Principales Granos;Trigo;2021-06;Argentina / mercado interno — ROSARIO;Precio interno mensual;ARS;TN;mensual;1;20620;20620
Secretaría de Agricultura - Precios Internos de los Principales Granos;Trigo;2021-07;Argentina / mercado interno — CORDOBA;Precio interno mensual;ARS;TN;mensual;1;20687.73;20687.73
Secretaría de Agricultura - Precios Internos de los Principales Granos;Trigo;2021-07;Argentina / mercado interno — DARSENA;Precio interno mensual;ARS;TN;mensual;1;19166.7;19166.7
Secretaría de Agricultura - Precios Internos de los Principales Granos;Trigo;2021-07;Argentina / mercado interno — ROSARIO;Precio interno mensual;ARS;TN;mensual;1;19857.8;19857.8
Secretaría de Agricultura - Precios Internos de los Principales Granos;Trigo;2021-08;Argentina / mercado interno — CORDOBA;Precio interno mensual;ARS;TN;mensual;1;21553.85;21553.85
Secretaría de Agricultura - Precios Internos de los Principales Granos;Trigo;2021-08;Argentina / mercado interno — ROSARIO;Precio interno mensual;ARS;TN;mensual;1;21717.5;21717.5
Secretaría de Agricultura - Precios Internos de los Principales Granos;Trigo;2021-09;Argentina / mercado interno — CORDOBA;Precio interno mensual;ARS;TN;mensual;1;23102.5;23102.5
Secretaría de Agricultura - Precios Internos de los Principales Granos;Trigo;2021-09;Argentina / mercado interno — DARSENA;Precio interno mensual;ARS;TN;mensual;1;23000;23000
Secretaría de Agricultura - Precios Internos de los Principales Granos;Trigo;2021-09;Argentina / mercado interno — ROSARIO;Precio interno mensual;ARS;TN;mensual;1;22895.71;22895.71
Secretaría de Agricultura - Precios Internos de los Principales Granos;Trigo;2021-10;Argentina / mercado interno — CORDOBA;Precio interno mensual;ARS;TN;mensual;1;23587.5;23587.5
Secretaría de Agricultura - Precios Internos de los Principales Granos;Trigo;2021-10;Argentina / mercado interno — DARSENA;Precio interno mensual;ARS;TN;mensual;1;22500;22500
Secretaría de Agricultura - Precios Internos de los Principales Granos;Trigo;2021-10;Argentina / mercado interno — QUEQUEN;Precio interno mensual;ARS;TN;mensual;1;22834;22834
Secretaría de Agricultura - Precios Internos de los Principales Granos;Trigo;2021-10;Argentina / mercado interno — ROSARIO;Precio interno mensual;ARS;TN;mensual;1;23404.09;23404.09
Secretaría de Agricultura - Precios Internos de los Principales Granos;Trigo;2021-11;Argentina / mercado interno — CORDOBA;Precio interno mensual;ARS;TN;mensual;1;23361.45;23361.45
Secretaría de Agricultura - Precios Internos de los Principales Granos;Trigo;2021-11;Argentina / mercado interno — ROSARIO;Precio interno mensual;ARS;TN;mensual;1;23648.75;23648.75
Secretaría de Agricultura - Precios Internos de los Principales Granos;Trigo;2021-12;Argentina / mercado interno — CORDOBA;Precio interno mensual;ARS;TN;mensual;1;23729.38;23729.38
Secretaría de Agricultura - Precios Internos de los Principales Granos;Trigo;2021-12;Argentina / mercado interno — ROSARIO;Precio interno mensual;ARS;TN;mensual;1;24270.5;24270.5
Secretaría de Agricultura - Precios Internos de los Principales Granos;Trigo;2022-01;Argentina / mercado interno — CORDOBA;Precio interno mensual;ARS;TN;mensual;1;23910;23910
Secretaría de Agricultura - Precios Internos de los Principales Granos;Trigo;2022-01;Argentina / mercado interno — ROSARIO;Precio interno mensual;ARS;TN;mensual;1;24583.5;24583.5
Secretaría de Agricultura - Precios Internos de los Principales Granos;Trigo;2022-02;Argentina / mercado interno — CORDOBA;Precio interno mensual;ARS;TN;mensual;1;25524.17;25524.17
Secretaría de Agricultura - Precios Internos de los Principales Granos;Trigo;2022-02;Argentina / mercado interno — DARSENA;Precio interno mensual;ARS;TN;mensual;1;25500;25500
Secretaría de Agricultura - Precios Internos de los Principales Granos;Trigo;2022-02;Argentina / mercado interno — ROSARIO;Precio interno mensual;ARS;TN;mensual;1;26217.8;26217.8
Secretaría de Agricultura - Precios Internos de los Principales Granos;Trigo;2022-03;Argentina / mercado interno — CORDOBA;Precio interno mensual;ARS;TN;mensual;1;34146.43;34146.43
Secretaría de Agricultura - Precios Internos de los Principales Granos;Trigo;2022-03;Argentina / mercado interno — ROSARIO;Precio interno mensual;ARS;TN;mensual;1;34446.19;34446.19
Secretaría de Agricultura - Precios Internos de los Principales Granos;Trigo;2022-04;Argentina / mercado interno — CORDOBA;Precio interno mensual;ARS;TN;mensual;1;41372;41372
Secretaría de Agricultura - Precios Internos de los Principales Granos;Trigo;2022-04;Argentina / mercado interno — ROSARIO;Precio interno mensual;ARS;TN;mensual;1;39317.63;39317.63
Secretaría de Agricultura - Precios Internos de los Principales Granos;Trigo;2022-05;Argentina / mercado interno — CORDOBA;Precio interno mensual;ARS;TN;mensual;1;43790.71;43790.71
Secretaría de Agricultura - Precios Internos de los Principales Granos;Trigo;2022-05;Argentina / mercado interno — ROSARIO;Precio interno mensual;ARS;TN;mensual;1;44113;44113
Secretaría de Agricultura - Precios Internos de los Principales Granos;Trigo;2022-06;Argentina / mercado interno — CORDOBA;Precio interno mensual;ARS;TN;mensual;1;43716.36;43716.36
Secretaría de Agricultura - Precios Internos de los Principales Granos;Trigo;2022-06;Argentina / mercado interno — QUEQUEN;Precio interno mensual;ARS;TN;mensual;1;40000;40000
Secretaría de Agricultura - Precios Internos de los Principales Granos;Trigo;2022-06;Argentina / mercado interno — ROSARIO;Precio interno mensual;ARS;TN;mensual;1;43176.84;43176.84
Secretaría de Agricultura - Precios Internos de los Principales Granos;Trigo;2022-07;Argentina / mercado interno — CORDOBA;Precio interno mensual;ARS;TN;mensual;1;43032.92;43032.92
Secretaría de Agricultura - Precios Internos de los Principales Granos;Trigo;2022-07;Argentina / mercado interno — ROSARIO;Precio interno mensual;ARS;TN;mensual;1;42157.92;42157.92
Secretaría de Agricultura - Precios Internos de los Principales Granos;Trigo;2022-08;Argentina / mercado interno — CORDOBA;Precio interno mensual;ARS;TN;mensual;1;44787.06;44787.06
Secretaría de Agricultura - Precios Internos de los Principales Granos;Trigo;2022-08;Argentina / mercado interno — ROSARIO;Precio interno mensual;ARS;TN;mensual;1;40086.7;40086.7
Secretaría de Agricultura - Precios Internos de los Principales Granos;Trigo;2022-09;Argentina / mercado interno — CORDOBA;Precio interno mensual;ARS;TN;mensual;1;47142.5;47142.5
Secretaría de Agricultura - Precios Internos de los Principales Granos;Trigo;2022-09;Argentina / mercado interno — ROSARIO;Precio interno mensual;ARS;TN;mensual;1;42150;42150
Secretaría de Agricultura - Precios Internos de los Principales Granos;Trigo;2022-10;Argentina / mercado interno — CORDOBA;Precio interno mensual;ARS;TN;mensual;1;58484.09;58484.09
Secretaría de Agricultura - Precios Internos de los Principales Granos;Trigo;2022-11;Argentina / mercado interno — CORDOBA;Precio interno mensual;ARS;TN;mensual;1;61487.65;61487.65
Secretaría de Agricultura - Precios Internos de los Principales Granos;Trigo;2022-11;Argentina / mercado interno — ROSARIO;Precio interno mensual;ARS;TN;mensual;1;57600;57600
Secretaría de Agricultura - Precios Internos de los Principales Granos;Trigo;2022-12;Argentina / mercado interno — CORDOBA;Precio interno mensual;ARS;TN;mensual;1;60761.36;60761.36
Secretaría de Agricultura - Precios Internos de los Principales Granos;Trigo;2022-12;Argentina / mercado interno — ROSARIO;Precio interno mensual;ARS;TN;mensual;1;56675;56675
Secretaría de Agricultura - Precios Internos de los Principales Granos;Trigo;2023-01;Argentina / mercado interno — CORDOBA;Precio interno mensual;ARS;TN;mensual;1;61607.73;61607.73
Secretaría de Agricultura - Precios Internos de los Principales Granos;Trigo;2023-02;Argentina / mercado interno — CORDOBA;Precio interno mensual;ARS;TN;mensual;1;60407.08;60407.08
Secretaría de Agricultura - Precios Internos de los Principales Granos;Trigo;2023-03;Argentina / mercado interno — CORDOBA;Precio interno mensual;ARS;TN;mensual;1;60549.29;60549.29
Secretaría de Agricultura - Precios Internos de los Principales Granos;Trigo;2023-04;Argentina / mercado interno — CORDOBA;Precio interno mensual;ARS;TN;mensual;1;64689.55;64689.55
Secretaría de Agricultura - Precios Internos de los Principales Granos;Trigo;2023-04;Argentina / mercado interno — ROSARIO;Precio interno mensual;ARS;TN;mensual;1;59110;59110
Secretaría de Agricultura - Precios Internos de los Principales Granos;Trigo;2023-05;Argentina / mercado interno — CORDOBA;Precio interno mensual;ARS;TN;mensual;1;76042.11;76042.11
Secretaría de Agricultura - Precios Internos de los Principales Granos;Trigo;2023-05;Argentina / mercado interno — ROSARIO;Precio interno mensual;ARS;TN;mensual;1;67832.8;67832.8
Secretaría de Agricultura - Precios Internos de los Principales Granos;Trigo;2023-06;Argentina / mercado interno — CORDOBA;Precio interno mensual;ARS;TN;mensual;1;80873.53;80873.53
Secretaría de Agricultura - Precios Internos de los Principales Granos;Trigo;2023-06;Argentina / mercado interno — ROSARIO;Precio interno mensual;ARS;TN;mensual;1;73343.89;73343.89
Secretaría de Agricultura - Precios Internos de los Principales Granos;Trigo;2023-07;Argentina / mercado interno — CORDOBA;Precio interno mensual;ARS;TN;mensual;1;77280.94;77280.94
Secretaría de Agricultura - Precios Internos de los Principales Granos;Trigo;2023-07;Argentina / mercado interno — ROSARIO;Precio interno mensual;ARS;TN;mensual;1;72912.5;72912.5
Secretaría de Agricultura - Precios Internos de los Principales Granos;Trigo;2023-08;Argentina / mercado interno — CORDOBA;Precio interno mensual;ARS;TN;mensual;1;89722.5;89722.5
Secretaría de Agricultura - Precios Internos de los Principales Granos;Trigo;2023-08;Argentina / mercado interno — ROSARIO;Precio interno mensual;ARS;TN;mensual;1;84000;84000
Secretaría de Agricultura - Precios Internos de los Principales Granos;Trigo;2023-09;Argentina / mercado interno — CORDOBA;Precio interno mensual;ARS;TN;mensual;1;98606.75;98606.75
Secretaría de Agricultura - Precios Internos de los Principales Granos;Trigo;2023-10;Argentina / mercado interno — CORDOBA;Precio interno mensual;ARS;TN;mensual;1;111038.85;111038.85
Secretaría de Agricultura - Precios Internos de los Principales Granos;Trigo;2023-10;Argentina / mercado interno — QUEQUEN;Precio interno mensual;ARS;TN;mensual;1;100000;100000
Secretaría de Agricultura - Precios Internos de los Principales Granos;Trigo;2023-10;Argentina / mercado interno — ROSARIO;Precio interno mensual;ARS;TN;mensual;1;110666.67;110666.67
Secretaría de Agricultura - Precios Internos de los Principales Granos;Trigo;2023-11;Argentina / mercado interno — B.BLANCA;Precio interno mensual;ARS;TN;mensual;1;116666;116666
Secretaría de Agricultura - Precios Internos de los Principales Granos;Trigo;2023-11;Argentina / mercado interno — CORDOBA;Precio interno mensual;ARS;TN;mensual;1;130967.86;130967.86
Secretaría de Agricultura - Precios Internos de los Principales Granos;Trigo;2023-11;Argentina / mercado interno — QUEQUEN;Precio interno mensual;ARS;TN;mensual;1;115375;115375
Secretaría de Agricultura - Precios Internos de los Principales Granos;Trigo;2023-11;Argentina / mercado interno — ROSARIO;Precio interno mensual;ARS;TN;mensual;1;114300;114300
Secretaría de Agricultura - Precios Internos de los Principales Granos;Trigo;2023-12;Argentina / mercado interno — B.BLANCA;Precio interno mensual;ARS;TN;mensual;1;168909.09;168909.09
Secretaría de Agricultura - Precios Internos de los Principales Granos;Trigo;2023-12;Argentina / mercado interno — CORDOBA;Precio interno mensual;ARS;TN;mensual;1;170595.63;170595.63
Secretaría de Agricultura - Precios Internos de los Principales Granos;Trigo;2023-12;Argentina / mercado interno — QUEQUEN;Precio interno mensual;ARS;TN;mensual;1;165666.7;165666.7
Secretaría de Agricultura - Precios Internos de los Principales Granos;Trigo;2023-12;Argentina / mercado interno — ROSARIO;Precio interno mensual;ARS;TN;mensual;1;175476.92;175476.92
Secretaría de Agricultura - Precios Internos de los Principales Granos;Trigo;2024-01;Argentina / mercado interno — B.BLANCA;Precio interno mensual;ARS;TN;mensual;1;177323.53;177323.53
Secretaría de Agricultura - Precios Internos de los Principales Granos;Trigo;2024-01;Argentina / mercado interno — CORDOBA;Precio interno mensual;ARS;TN;mensual;1;184263;184263
Secretaría de Agricultura - Precios Internos de los Principales Granos;Trigo;2024-01;Argentina / mercado interno — QUEQUEN;Precio interno mensual;ARS;TN;mensual;1;173287.78;173287.78
Secretaría de Agricultura - Precios Internos de los Principales Granos;Trigo;2024-01;Argentina / mercado interno — ROSARIO;Precio interno mensual;ARS;TN;mensual;1;180784.09;180784.09
Secretaría de Agricultura - Precios Internos de los Principales Granos;Trigo;2024-02;Argentina / mercado interno — B.BLANCA;Precio interno mensual;ARS;TN;mensual;1;173750;173750
Secretaría de Agricultura - Precios Internos de los Principales Granos;Trigo;2024-02;Argentina / mercado interno — CORDOBA;Precio interno mensual;ARS;TN;mensual;1;182012.69;182012.69
Secretaría de Agricultura - Precios Internos de los Principales Granos;Trigo;2024-02;Argentina / mercado interno — QUEQUEN;Precio interno mensual;ARS;TN;mensual;1;170746.67;170746.67
Secretaría de Agricultura - Precios Internos de los Principales Granos;Trigo;2024-02;Argentina / mercado interno — ROSARIO;Precio interno mensual;ARS;TN;mensual;1;176342.11;176342.11
Secretaría de Agricultura - Precios Internos de los Principales Granos;Trigo;2024-03;Argentina / mercado interno — B.BLANCA;Precio interno mensual;ARS;TN;mensual;1;164588.24;164588.24
Secretaría de Agricultura - Precios Internos de los Principales Granos;Trigo;2024-03;Argentina / mercado interno — CORDOBA;Precio interno mensual;ARS;TN;mensual;1;170771.82;170771.82
Secretaría de Agricultura - Precios Internos de los Principales Granos;Trigo;2024-03;Argentina / mercado interno — QUEQUEN;Precio interno mensual;ARS;TN;mensual;1;155000;155000
Secretaría de Agricultura - Precios Internos de los Principales Granos;Trigo;2024-03;Argentina / mercado interno — ROSARIO;Precio interno mensual;ARS;TN;mensual;1;170616.67;170616.67
Secretaría de Agricultura - Precios Internos de los Principales Granos;Trigo;2024-04;Argentina / mercado interno — B.BLANCA;Precio interno mensual;ARS;TN;mensual;1;175107.14;175107.14
Secretaría de Agricultura - Precios Internos de los Principales Granos;Trigo;2024-04;Argentina / mercado interno — CORDOBA;Precio interno mensual;ARS;TN;mensual;1;186709.62;186709.62
Secretaría de Agricultura - Precios Internos de los Principales Granos;Trigo;2024-04;Argentina / mercado interno — QUEQUEN;Precio interno mensual;ARS;TN;mensual;1;161250;161250
Secretaría de Agricultura - Precios Internos de los Principales Granos;Trigo;2024-04;Argentina / mercado interno — ROSARIO;Precio interno mensual;ARS;TN;mensual;1;187252.63;187252.63
Secretaría de Agricultura - Precios Internos de los Principales Granos;Trigo;2024-05;Argentina / mercado interno — B.BLANCA;Precio interno mensual;ARS;TN;mensual;1;206666.67;206666.67
Secretaría de Agricultura - Precios Internos de los Principales Granos;Trigo;2024-05;Argentina / mercado interno — CORDOBA;Precio interno mensual;ARS;TN;mensual;1;222634.61;222634.61
Secretaría de Agricultura - Precios Internos de los Principales Granos;Trigo;2024-05;Argentina / mercado interno — DARSENA;Precio interno mensual;ARS;TN;mensual;1;250000;250000
Secretaría de Agricultura - Precios Internos de los Principales Granos;Trigo;2024-05;Argentina / mercado interno — ROSARIO;Precio interno mensual;ARS;TN;mensual;1;231090.91;231090.91
Secretaría de Agricultura - Precios Internos de los Principales Granos;Trigo;2024-06;Argentina / mercado interno — B.BLANCA;Precio interno mensual;ARS;TN;mensual;1;200000;200000
Secretaría de Agricultura - Precios Internos de los Principales Granos;Trigo;2024-06;Argentina / mercado interno — CORDOBA;Precio interno mensual;ARS;TN;mensual;1;247466.67;247466.67
Secretaría de Agricultura - Precios Internos de los Principales Granos;Trigo;2024-06;Argentina / mercado interno — QUEQUEN;Precio interno mensual;ARS;TN;mensual;1;200000;200000
Secretaría de Agricultura - Precios Internos de los Principales Granos;Trigo;2024-06;Argentina / mercado interno — ROSARIO;Precio interno mensual;ARS;TN;mensual;1;229326.67;229326.67
Secretaría de Agricultura - Precios Internos de los Principales Granos;Trigo;2024-07;Argentina / mercado interno — B.BLANCA;Precio interno mensual;ARS;TN;mensual;1;205866.7;205866.7
Secretaría de Agricultura - Precios Internos de los Principales Granos;Trigo;2024-07;Argentina / mercado interno — CORDOBA;Precio interno mensual;ARS;TN;mensual;1;236458.93;236458.93
Secretaría de Agricultura - Precios Internos de los Principales Granos;Trigo;2024-07;Argentina / mercado interno — ROSARIO;Precio interno mensual;ARS;TN;mensual;1;228736.36;228736.36
Secretaría de Agricultura - Precios Internos de los Principales Granos;Trigo;2024-08;Argentina / mercado interno — B.BLANCA;Precio interno mensual;ARS;TN;mensual;1;209520;209520
Secretaría de Agricultura - Precios Internos de los Principales Granos;Trigo;2024-08;Argentina / mercado interno — CORDOBA;Precio interno mensual;ARS;TN;mensual;1;241886.94;241886.94
Secretaría de Agricultura - Precios Internos de los Principales Granos;Trigo;2024-08;Argentina / mercado interno — QUEQUEN;Precio interno mensual;ARS;TN;mensual;1;183000;183000
Secretaría de Agricultura - Precios Internos de los Principales Granos;Trigo;2024-08;Argentina / mercado interno — ROSARIO;Precio interno mensual;ARS;TN;mensual;1;230714.29;230714.29
Secretaría de Agricultura - Precios Internos de los Principales Granos;Trigo;2024-09;Argentina / mercado interno — B.BLANCA;Precio interno mensual;ARS;TN;mensual;1;192500;192500
Secretaría de Agricultura - Precios Internos de los Principales Granos;Trigo;2024-09;Argentina / mercado interno — CORDOBA;Precio interno mensual;ARS;TN;mensual;1;232055.83;232055.83
Secretaría de Agricultura - Precios Internos de los Principales Granos;Trigo;2024-09;Argentina / mercado interno — QUEQUEN;Precio interno mensual;ARS;TN;mensual;1;180000;180000
Secretaría de Agricultura - Precios Internos de los Principales Granos;Trigo;2024-09;Argentina / mercado interno — ROSARIO;Precio interno mensual;ARS;TN;mensual;1;209846.15;209846.15
Secretaría de Agricultura - Precios Internos de los Principales Granos;Trigo;2025-01;Argentina / mercado interno — B.BLANCA;Precio interno mensual;ARS;TN;mensual;1;198685;198685
Secretaría de Agricultura - Precios Internos de los Principales Granos;Trigo;2025-01;Argentina / mercado interno — CORDOBA;Precio interno mensual;ARS;TN;mensual;1;198246.39;198246.39
Secretaría de Agricultura - Precios Internos de los Principales Granos;Trigo;2025-01;Argentina / mercado interno — QUEQUEN;Precio interno mensual;ARS;TN;mensual;1;194585.71;194585.71
Secretaría de Agricultura - Precios Internos de los Principales Granos;Trigo;2025-01;Argentina / mercado interno — ROSARIO;Precio interno mensual;ARS;TN;mensual;1;200400;200400
Secretaría de Agricultura - Precios Internos de los Principales Granos;Trigo;2025-02;Argentina / mercado interno — B.BLANCA;Precio interno mensual;ARS;TN;mensual;1;223050;223050
Secretaría de Agricultura - Precios Internos de los Principales Granos;Trigo;2025-02;Argentina / mercado interno — CORDOBA;Precio interno mensual;ARS;TN;mensual;1;218570.63;218570.63
Secretaría de Agricultura - Precios Internos de los Principales Granos;Trigo;2025-02;Argentina / mercado interno — QUEQUEN;Precio interno mensual;ARS;TN;mensual;1;218263.9;218263.9
Secretaría de Agricultura - Precios Internos de los Principales Granos;Trigo;2025-02;Argentina / mercado interno — ROSARIO;Precio interno mensual;ARS;TN;mensual;1;220160;220160
Secretaría de Agricultura - Precios Internos de los Principales Granos;Trigo;2025-03;Argentina / mercado interno — B.BLANCA;Precio interno mensual;ARS;TN;mensual;1;227272.73;227272.73
Secretaría de Agricultura - Precios Internos de los Principales Granos;Trigo;2025-03;Argentina / mercado interno — CORDOBA;Precio interno mensual;ARS;TN;mensual;1;229767.5;229767.5
Secretaría de Agricultura - Precios Internos de los Principales Granos;Trigo;2025-03;Argentina / mercado interno — QUEQUEN;Precio interno mensual;ARS;TN;mensual;1;220000;220000
Secretaría de Agricultura - Precios Internos de los Principales Granos;Trigo;2025-03;Argentina / mercado interno — ROSARIO;Precio interno mensual;ARS;TN;mensual;1;227694.44;227694.44
Secretaría de Agricultura - Precios Internos de los Principales Granos;Trigo;2025-04;Argentina / mercado interno — B.BLANCA;Precio interno mensual;ARS;TN;mensual;1;234428.57;234428.57
Secretaría de Agricultura - Precios Internos de los Principales Granos;Trigo;2025-04;Argentina / mercado interno — CORDOBA;Precio interno mensual;ARS;TN;mensual;1;238154.17;238154.17
Secretaría de Agricultura - Precios Internos de los Principales Granos;Trigo;2025-04;Argentina / mercado interno — QUEQUEN;Precio interno mensual;ARS;TN;mensual;1;230000;230000
Secretaría de Agricultura - Precios Internos de los Principales Granos;Trigo;2025-04;Argentina / mercado interno — ROSARIO;Precio interno mensual;ARS;TN;mensual;1;237347.22;237347.22
Secretaría de Agricultura - Precios Internos de los Principales Granos;Trigo;2025-05;Argentina / mercado interno — CORDOBA;Precio interno mensual;ARS;TN;mensual;1;229671;229671
Secretaría de Agricultura - Precios Internos de los Principales Granos;Trigo;2025-05;Argentina / mercado interno — ROSARIO;Precio interno mensual;ARS;TN;mensual;1;226760;226760
Secretaría de Agricultura - Precios Internos de los Principales Granos;Trigo;2025-06;Argentina / mercado interno — ROSARIO;Precio interno mensual;ARS;TN;mensual;1;233868.42;233868.42
Secretaría de Agricultura - Precios Internos de los Principales Granos;Trigo;2025-07;Argentina / mercado interno — CORDOBA;Precio interno mensual;ARS;TN;mensual;1;246321;246321
Secretaría de Agricultura - Precios Internos de los Principales Granos;Trigo;2025-07;Argentina / mercado interno — QUEQUEN;Precio interno mensual;ARS;TN;mensual;1;255000;255000
Secretaría de Agricultura - Precios Internos de los Principales Granos;Trigo;2025-07;Argentina / mercado interno — ROSARIO;Precio interno mensual;ARS;TN;mensual;1;251143.18;251143.18
Secretaría de Agricultura - Precios Internos de los Principales Granos;Trigo;2025-08;Argentina / mercado interno — CORDOBA;Precio interno mensual;ARS;TN;mensual;1;266634.44;266634.44
Secretaría de Agricultura - Precios Internos de los Principales Granos;Trigo;2025-08;Argentina / mercado interno — ROSARIO;Precio interno mensual;ARS;TN;mensual;1;267090.75;267090.75
Secretaría de Agricultura - Precios Internos de los Principales Granos;Trigo;2025-09;Argentina / mercado interno — B.BLANCA;Precio interno mensual;ARS;TN;mensual;1;265000;265000
Secretaría de Agricultura - Precios Internos de los Principales Granos;Trigo;2025-09;Argentina / mercado interno — CORDOBA;Precio interno mensual;ARS;TN;mensual;1;279822.5;279822.5
Secretaría de Agricultura - Precios Internos de los Principales Granos;Trigo;2025-09;Argentina / mercado interno — QUEQUEN;Precio interno mensual;ARS;TN;mensual;1;262400;262400
Secretaría de Agricultura - Precios Internos de los Principales Granos;Trigo;2025-09;Argentina / mercado interno — ROSARIO;Precio interno mensual;ARS;TN;mensual;1;274851.82;274851.82
Secretaría de Agricultura - Precios Internos de los Principales Granos;Trigo;2025-10;Argentina / mercado interno — CORDOBA;Precio interno mensual;ARS;TN;mensual;1;272342;272342
Secretaría de Agricultura - Precios Internos de los Principales Granos;Trigo;2025-10;Argentina / mercado interno — ROSARIO;Precio interno mensual;ARS;TN;mensual;1;265096.43;265096.43
Secretaría de Agricultura - Precios Internos de los Principales Granos;Trigo;2025-11;Argentina / mercado interno — CORDOBA;Precio interno mensual;ARS;TN;mensual;1;228456.67;228456.67
Secretaría de Agricultura - Precios Internos de los Principales Granos;Trigo;2025-11;Argentina / mercado interno — ROSARIO;Precio interno mensual;ARS;TN;mensual;1;250348.61;250348.61
Secretaría de Agricultura - Precios Internos de los Principales Granos;Trigo;2025-12;Argentina / mercado interno — CORDOBA;Precio interno mensual;ARS;TN;mensual;1;241490.5;241490.5
Secretaría de Agricultura - Precios Internos de los Principales Granos;Trigo;2025-12;Argentina / mercado interno — ROSARIO;Precio interno mensual;ARS;TN;mensual;1;248538.95;248538.95
Secretaría de Agricultura - Precios Internos de los Principales Granos;Trigo;2026-01;Argentina / mercado interno — CORDOBA;Precio interno mensual;ARS;TN;mensual;1;255026.15;255026.15
Secretaría de Agricultura - Precios Internos de los Principales Granos;Trigo;2026-01;Argentina / mercado interno — ROSARIO;Precio interno mensual;ARS;TN;mensual;1;257400.95;257400.95
Secretaría de Agricultura - Precios Internos de los Principales Granos;Trigo;2026-02;Argentina / mercado interno — CORDOBA;Precio interno mensual;ARS;TN;mensual;1;251127.14;251127.14
Secretaría de Agricultura - Precios Internos de los Principales Granos;Trigo;2026-02;Argentina / mercado interno — QUEQUEN;Precio interno mensual;ARS;TN;mensual;1;279800;279800
Secretaría de Agricultura - Precios Internos de los Principales Granos;Trigo;2026-02;Argentina / mercado interno — ROSARIO;Precio interno mensual;ARS;TN;mensual;1;253202.78;253202.78
Secretaría de Agricultura - Precios Internos de los Principales Granos;Trigo;2026-03;Argentina / mercado interno — CORDOBA;Precio interno mensual;ARS;TN;mensual;1;250397.82;250397.82
Secretaría de Agricultura - Precios Internos de los Principales Granos;Trigo;2026-03;Argentina / mercado interno — ROSARIO;Precio interno mensual;ARS;TN;mensual;1;254403.5;254403.5
Secretaría de Agricultura - Precios Internos de los Principales Granos;Trigo;2026-04;Argentina / mercado interno — CORDOBA;Precio interno mensual;ARS;TN;mensual;1;259040;259040
Secretaría de Agricultura - Precios Internos de los Principales Granos;Trigo;2026-04;Argentina / mercado interno — ROSARIO;Precio interno mensual;ARS;TN;mensual;1;268636.42;268636.42
Secretaría de Agricultura - Precios Internos de los Principales Granos;Trigo;2026-05;Argentina / mercado interno — CORDOBA;Precio interno mensual;ARS;TN;mensual;1;291460;291460
Secretaría de Agricultura - Precios Internos de los Principales Granos;Trigo;2026-05;Argentina / mercado interno — ROSARIO;Precio interno mensual;ARS;TN;mensual;1;295723.11;295723.11
Secretaría de Agricultura - Precios Internos de los Principales Granos;Trigo;2026-06;Argentina / mercado interno — CORDOBA;Precio interno mensual;ARS;TN;mensual;1;299305;299305
Secretaría de Agricultura - Precios Internos de los Principales Granos;Trigo;2026-06;Argentina / mercado interno — ROSARIO;Precio interno mensual;ARS;TN;mensual;1;296331.85;296331.85
Secretaría de Agricultura - Precios Internos de los Principales Granos;Trigo;2026-07;Argentina / mercado interno — CORDOBA;Precio interno mensual;ARS;TN;mensual;1;296710;296710
Secretaría de Agricultura - Precios Internos de los Principales Granos;Trigo;2026-07;Argentina / mercado interno — ROSARIO;Precio interno mensual;ARS;TN;mensual;1;297161.58;297161.58
Secretaría de Agricultura - Precios Internos de los Principales Granos;Trigo;2026-08;Argentina / mercado interno — CORDOBA;Precio interno mensual;ARS;TN;mensual;1;316385;316385
Secretaría de Agricultura - Precios Internos de los Principales Granos;Trigo;2026-08;Argentina / mercado interno — ROSARIO;Precio interno mensual;ARS;TN;mensual;1;330539.45;330539.45
