source,market_normalized,type,product_normalized,variety_normalized,origin,package_normalized,quality,size,grade,currency,price_unit,record_kind,date,price,observation_id,source_url,updated_at,quality_flags
mcba,MCBA,Frutas,ANANA,PI¥A,ECUADOR,CAJA,Elegido,008/010,,ARS,ARS/kg,detail,2024-10-02,2500.0,b298fec281163f6393276c8420d904a5828379ba85f5e48c0a5368a9b0c0c776,https://ssma.magyp.gob.ar/frutas.precios.aspx,2026-10-06T12:18:11.346124Z,[]
mcba,MCBA,Frutas,ANANA,PROM.ESP.,,,,,,ARS,ARS/kg,species_summary,2026-08-24,2484.85,ad0c075525e104e4f8898b8cbb04cac1afdfac30867a35cf1ae4d47887d1dfcb,https://ssma.magyp.gob.ar/frutas.precios.aspx,2026-10-06T12:10:56.106249Z,"[""origin_missing""]"
mcba,MCBA,Frutas,ARANDANO,PROM.ESP.,,,,,,ARS,ARS/kg,species_summary,2026-08-24,14333.4,4f0cb45a5c49925dbd8bb4fb94845619a8c75b3f3880855138e7b2afed50581d,https://ssma.magyp.gob.ar/frutas.precios.aspx,2026-10-06T12:10:56.106249Z,"[""origin_missing""]"
mcba,MCBA,Frutas,ARANDANO,,CTES.,CAJA,Elegido,GRANEL,,ARS,ARS/kg,detail,2025-10-02,14000.0,f559dcaf85c66b5c52c4032ea37885c73fe3d2ed91aaac4dd4656035c38411a0,https://ssma.magyp.gob.ar/frutas.precios.aspx,2026-10-06T12:20:50.197055Z,[]
mcba,MCBA,Frutas,ARANDANO,,E. RIOS,CAJA,Elegido,GRANEL,,ARS,ARS/kg,detail,2026-08-24,12666.7,e018254408b7b97ca9a9e6fbae833fd0ca2f055334652733648ccd0fd8332185,https://ssma.magyp.gob.ar/frutas.precios.aspx,2026-10-06T12:10:56.106249Z,[]
mcba,MCBA,Frutas,BANANA,CAVENDISH,BOLIVIA,CAJA,Elegido,MEDIANO,,ARS,ARS/kg,detail,2026-08-24,2222.22,b129025d5cfa87c3c08f876b6c6b9671e9c509682d60082a8e4ecf00c82a545e,https://ssma.magyp.gob.ar/frutas.precios.aspx,2026-10-06T12:10:56.106249Z,[]
mcba,MCBA,Frutas,BANANA,CAVENDISH,COLOMBIA,CAJA,Elegido,MEDIANO,,ARS,ARS/kg,detail,2025-10-02,1550.0,d02c69d23df7fe726ea7abc34c250c4086c67e0f4883f1206e93009f7d0959fb,https://ssma.magyp.gob.ar/frutas.precios.aspx,2026-10-06T12:20:50.197055Z,[]
mcba,MCBA,Frutas,BANANA,CAVENDISH,ECUADOR,CAJA,Elegido,GRANDE,,ARS,ARS/kg,detail,2026-08-24,2600.0,133bcdfd5902da1d78b0618a897eedb0acaeb0efd2905bfb25500c8c50afa37b,https://ssma.magyp.gob.ar/frutas.precios.aspx,2026-10-06T12:10:56.106249Z,[]
mcba,MCBA,Frutas,BANANA,CAVENDISH,ECUADOR,CAJA,Elegido,MEDIANO,,ARS,ARS/kg,detail,2026-08-24,2400.0,2806bf180f9b6557db06b231e51a6850e1773588b1e3b80e5b0ffab36280602d,https://ssma.magyp.gob.ar/frutas.precios.aspx,2026-10-06T12:10:56.106249Z,[]
mcba,MCBA,Frutas,BANANA,NANIKA,BRASIL,PERDIDO,Elegido,MEDIANO,,ARS,ARS/kg,detail,2026-08-24,1600.0,361adf77b53a35d742cffbde5ddbedcdf385f551eef75e397b1302dbde0efe48,https://ssma.magyp.gob.ar/frutas.precios.aspx,2026-10-06T12:10:56.106249Z,[]
mcba,MCBA,Frutas,BANANA,NANIKA,PARAGUAY,PERDIDO,Elegido,MEDIANO,,ARS,ARS/kg,detail,2026-08-24,1136.36,aa41fcec2b6767794a75ef24ce3852e0ad960327cb0b9032e3c93d23e75d9369,https://ssma.magyp.gob.ar/frutas.precios.aspx,2026-10-06T12:10:56.106249Z,[]
mcba,MCBA,Frutas,BANANA,NANIKA,SALTA,PERDIDO,Elegido,MEDIANO,,ARS,ARS/kg,detail,2024-10-02,900.0,1d9851854415a345a91857dcce2afadb5918313ea1deaecd116c4a821085c111,https://ssma.magyp.gob.ar/frutas.precios.aspx,2026-10-06T12:18:11.346124Z,[]
mcba,MCBA,Frutas,BANANA,PROM.ESP.,,,,,,ARS,ARS/kg,species_summary,2026-08-24,1688.89,9c69bb40bc1f397b833af35ce78488453c52dd2b05f709edd238f8b32924c67d,https://ssma.magyp.gob.ar/frutas.precios.aspx,2026-10-06T12:10:56.106249Z,"[""origin_missing""]"
mcba,MCBA,Frutas,CIRUELA,LARRY ANNE,ESPA¥A,CAJA,Elegido,GRANDE,,ARS,ARS/kg,detail,2024-10-02,3300.0,a184129410617daa1e1bba14af62827465506e6e1b33ba744d3fbe598b851a50,https://ssma.magyp.gob.ar/frutas.precios.aspx,2026-10-06T12:18:11.346124Z,[]
mcba,MCBA,Frutas,CIRUELA,PROM.ESP.,,,,,,ARS,ARS/kg,species_summary,2026-08-24,6000.0,30c820bfeacbf5eb750b49eb03c22fd38dc88a8b50023d73cd168ca9276fa756,https://ssma.magyp.gob.ar/frutas.precios.aspx,2026-10-06T12:10:56.106249Z,"[""origin_missing""]"
mcba,MCBA,Frutas,COCO,PROM.ESP.,,,,,,ARS,ARS/kg,species_summary,2026-08-24,2400.0,59242f577fea7b1162f62804603540ff6cd1d5de5897083df99522e1ce0da2f8,https://ssma.magyp.gob.ar/frutas.precios.aspx,2026-10-06T12:10:56.106249Z,"[""origin_missing""]"
mcba,MCBA,Frutas,COCO,,BRASIL,BOLSA,Elegido,GRANEL,,ARS,ARS/kg,detail,2024-10-02,2400.0,95ec21d32721beea5044ab0b9a37a7af581e411bef2c22034b5921c660c9aa7a,https://ssma.magyp.gob.ar/frutas.precios.aspx,2026-10-06T12:18:11.346124Z,[]
mcba,MCBA,Frutas,DURAZNO,FLORDAKING,JUJUY,BANDEJA,Elegido,MEDIANO,,ARS,ARS/kg,detail,2025-10-02,4600.0,56b42a45d47a31315b9de4c7dd2f6d3d71cca946b784aceac99f22518b7ed6e1,https://ssma.magyp.gob.ar/frutas.precios.aspx,2026-10-06T12:20:50.197055Z,[]
mcba,MCBA,Frutas,DURAZNO,OPEDEPE,JUJUY,BANDEJA,Elegido,GRANDE,,ARS,ARS/kg,detail,2024-10-02,4125.0,f0df1b77fab605331072af502c0cbe38df1b18ef954e40f3ac3f97ab11402bf6,https://ssma.magyp.gob.ar/frutas.precios.aspx,2026-10-06T12:18:11.346124Z,[]
mcba,MCBA,Frutas,DURAZNO,OPEDEPE,JUJUY,BANDEJA,Elegido,MEDIANO,,ARS,ARS/kg,detail,2025-10-02,5250.0,b83f409bcfca6841dc38f1fcc304eee9d2bef1f0a4fa7a145f9974e7df47b644,https://ssma.magyp.gob.ar/frutas.precios.aspx,2026-10-06T12:20:50.197055Z,[]
mcba,MCBA,Frutas,DURAZNO,PROM.ESP.,,,,,,ARS,ARS/kg,species_summary,2025-10-02,4965.64,a6ee1d7e12d32c84c47538455ad8f22c618d4eb74bbf9812bba7173e8e997b8b,https://ssma.magyp.gob.ar/frutas.precios.aspx,2026-10-06T12:20:50.197055Z,"[""origin_missing""]"
mcba,MCBA,Frutas,DURAZNO,ROJITO,JUJUY,BANDEJA,Elegido,MEDIANO,,ARS,ARS/kg,detail,2024-10-02,3000.0,410892a3f027cf560d475e164877745188baf721ff5a24f8b73181b70f618263,https://ssma.magyp.gob.ar/frutas.precios.aspx,2026-10-06T12:18:11.346124Z,[]
mcba,MCBA,Frutas,FRUTILLA,PROM.ESP.,,,,,,ARS,ARS/kg,species_summary,2026-08-24,8760.0,8b6af3fa84e50529907f887df8824e9f913fdff065013ffd0a67d41c44e8a170,https://ssma.magyp.gob.ar/frutas.precios.aspx,2026-10-06T12:10:56.106249Z,"[""origin_missing""]"
mcba,MCBA,Frutas,FRUTILLA,,BS. AS.,BANDEJA,Comercial,GRANEL,,ARS,ARS/kg,detail,2025-10-02,3000.0,67ed89688cbd5e3a0853af373333641889efd89323870b031c302adb2578dcbc,https://ssma.magyp.gob.ar/frutas.precios.aspx,2026-10-06T12:20:50.197055Z,[]
mcba,MCBA,Frutas,FRUTILLA,,BS. AS.,BANDEJA,Elegido,GRANEL,,ARS,ARS/kg,detail,2025-10-02,4000.0,437e20035898c9482852223c1d5d699f4f3bd9646dbb1774d7d19eda56770779,https://ssma.magyp.gob.ar/frutas.precios.aspx,2026-10-06T12:20:50.197055Z,[]
mcba,MCBA,Frutas,FRUTILLA,,CTES.,BANDEJA,Elegido,GRANDE,,ARS,ARS/kg,detail,2024-10-02,2800.0,8ffb68f36d872698e59bf191c73cf930dd7377eb655b96f3ef88d46ef2f5852c,https://ssma.magyp.gob.ar/frutas.precios.aspx,2026-10-06T12:18:11.346124Z,[]
mcba,MCBA,Frutas,FRUTILLA,,CTES.,CAJA,Elegido,GRANEL,,ARS,ARS/kg,detail,2024-10-02,3000.0,ed24b85bd25da169bc08168a598904dea6b2e4c6d13fa6ef95c54bad77126121,https://ssma.magyp.gob.ar/frutas.precios.aspx,2026-10-06T12:18:11.346124Z,[]
mcba,MCBA,Frutas,FRUTILLA,,SANTA FE,BANDEJA,Comercial,MEDIANO,,ARS,ARS/kg,detail,2024-10-02,1700.0,7aa451c667f549bcedb6ca64934072ac48dbc3b7a45ef3289c0e6a2efdfa6327,https://ssma.magyp.gob.ar/frutas.precios.aspx,2026-10-06T12:18:11.346124Z,[]
mcba,MCBA,Frutas,FRUTILLA,,SANTA FE,BANDEJA,Elegido,GRANEL,,ARS,ARS/kg,detail,2025-10-02,4000.0,649b385843b437faa688d21e2027786490de4ba057f707f3d5a5afecb5f04bad,https://ssma.magyp.gob.ar/frutas.precios.aspx,2026-10-06T12:20:50.197055Z,[]
mcba,MCBA,Frutas,FRUTILLA,,SANTA FE,CAJA,Elegido,MEDIANO,,ARS,ARS/kg,detail,2024-10-02,2750.0,f35f6e2142f81d1cd95c7410eb2e2bf47aa74046059fa0e293a4e7c89cad91d7,https://ssma.magyp.gob.ar/frutas.precios.aspx,2026-10-06T12:18:11.346124Z,[]
mcba,MCBA,Frutas,FRUTILLA,,TUCUMAN,BANDEJA,Elegido,GRANEL,,ARS,ARS/kg,detail,2024-10-02,3000.0,ac57b4798c18d838cd1d78e80c85d51eca854cd4e722b3ea7620b32ad49463d2,https://ssma.magyp.gob.ar/frutas.precios.aspx,2026-10-06T12:18:11.346124Z,[]
mcba,MCBA,Frutas,KIWI,PROM.ESP.,,,,,,ARS,ARS/kg,species_summary,2026-08-24,3880.0,8dd32dc95dd9d07bb7fd27670361d9936166790ef8ff3055dacb0ac52cf02051,https://ssma.magyp.gob.ar/frutas.precios.aspx,2026-10-06T12:10:56.106249Z,"[""origin_missing""]"
mcba,MCBA,Frutas,KIWI,,BS. AS.,CAJA,Elegido,GRANDE,,ARS,ARS/kg,detail,2026-08-24,4300.0,9ab3231843d6b50e79bb384b416bb2fadef20c0e309ce96e0594ab201692dde1,https://ssma.magyp.gob.ar/frutas.precios.aspx,2026-10-06T12:10:56.106249Z,[]
mcba,MCBA,Frutas,KIWI,,BS. AS.,CAJA,Elegido,MEDIANO,,ARS,ARS/kg,detail,2026-08-24,3600.0,c6e12a735d688340388d3d73f89d007587bb2d5e7d0f3d526d80e25a2c7ff719,https://ssma.magyp.gob.ar/frutas.precios.aspx,2026-10-06T12:10:56.106249Z,[]
mcba,MCBA,Frutas,KIWI,,CHILE,CAJA,Elegido,GRANDE,,ARS,ARS/kg,detail,2026-08-24,5000.0,86b2f80c3be48261dc9664d711e22bfc1da50ee14ac99cc0967f3822f380c3f5,https://ssma.magyp.gob.ar/frutas.precios.aspx,2026-10-06T12:10:56.106249Z,[]
mcba,MCBA,Frutas,KIWI,,CHILE,CAJA,Elegido,MEDIANO,,ARS,ARS/kg,detail,2026-08-24,4600.0,0ddaf8f021a190539563d5b6902332392d1fc8ab5408b2de0aef52b312189d80,https://ssma.magyp.gob.ar/frutas.precios.aspx,2026-10-06T12:10:56.106249Z,[]
mcba,MCBA,Frutas,KUMQUAT,PROM.ESP.,,,,,,ARS,ARS/kg,species_summary,2026-08-24,2800.0,52b1c11b237d060e6c3836325992c8f5c308ca23da4ef1e8d153dab2907431b0,https://ssma.magyp.gob.ar/frutas.precios.aspx,2026-10-06T12:10:56.106249Z,"[""origin_missing""]"
mcba,MCBA,Frutas,KUMQUAT,,E. RIOS,BOLSA,Elegido,GRANEL,,ARS,ARS/kg,detail,2026-08-24,2800.0,570710e44966f02cba6757abc58aa98dc9461c14b369a400717bf95e8a674155,https://ssma.magyp.gob.ar/frutas.precios.aspx,2026-10-06T12:10:56.106249Z,[]
mcba,MCBA,Frutas,LIMA,PROM.ESP.,,,,,,ARS,ARS/kg,species_summary,2026-08-24,2400.0,6112ebaae755086a3b0311bb4f679df2c51810d5f1f7e7ff9d804ae21f0bd7b9,https://ssma.magyp.gob.ar/frutas.precios.aspx,2026-10-06T12:10:56.106249Z,"[""origin_missing""]"
mcba,MCBA,Frutas,LIMA,TAHITI,BRASIL,BOLSA,Elegido,GRANEL,,ARS,ARS/kg,detail,2024-10-02,1666.67,10668e652a5c5771b4751377f5f21033de3e815a1397532b14a715cd83555ed5,https://ssma.magyp.gob.ar/frutas.precios.aspx,2026-10-06T12:18:11.346124Z,[]
mcba,MCBA,Frutas,LIMA,,E. RIOS,PERDIDO,Elegido,090/120,,ARS,ARS/kg,detail,2024-10-02,525.0,41559b0559dd7377d557c7df1797d77ed8dc1b6cbf60e55be21e4b737d0f9971,https://ssma.magyp.gob.ar/frutas.precios.aspx,2026-10-06T12:18:11.346124Z,[]
mcba,MCBA,Frutas,LIMON,EUREKA,TUCUMAN,BOLSA,Comercial,GRANEL,,ARS,ARS/kg,detail,2026-08-24,571.43,a14acf2d84cc8ca387116c8cd31e1a7086d6969782af61c787b88df1b3567a30,https://ssma.magyp.gob.ar/frutas.precios.aspx,2026-10-06T12:10:56.106249Z,[]
mcba,MCBA,Frutas,LIMON,EUREKA,TUCUMAN,CAJA,Elegido,080/110,,ARS,ARS/kg,detail,2024-10-02,722.22,553b7748e7e5ba42a36907d52a482b8f40843a1bcfa8c7e48798ab10d19049ab,https://ssma.magyp.gob.ar/frutas.precios.aspx,2026-10-06T12:18:11.346124Z,[]
mcba,MCBA,Frutas,LIMON,EUREKA,TUCUMAN,CAJA,Elegido,113/138,,ARS,ARS/kg,detail,2025-10-02,1166.67,ee3448ab4fa3024a31675bc752326e81c499550441d50519c158605a39d5471c,https://ssma.magyp.gob.ar/frutas.precios.aspx,2026-10-06T12:20:50.197055Z,[]
mcba,MCBA,Frutas,LIMON,EUREKA,TUCUMAN,PERDIDO,Comercial,125/138,,ARS,ARS/kg,detail,2024-10-02,500.0,f5351da388661eeab8610e0d3b4dc1033881f24d65237ab1a46695ea7c259680,https://ssma.magyp.gob.ar/frutas.precios.aspx,2026-10-06T12:18:11.346124Z,[]
mcba,MCBA,Frutas,LIMON,GENOVA,CTES.,PERDIDO,Comercial,120/140,,ARS,ARS/kg,detail,2024-10-02,472.22,3f7b75eddbaa0ebc097bdc0d782da3ffa84538f7df842cf73b4c2ff2b2bfbc02,https://ssma.magyp.gob.ar/frutas.precios.aspx,2026-10-06T12:18:11.346124Z,[]
mcba,MCBA,Frutas,LIMON,GENOVA,E. RIOS,TORO,Elegido,100/125,,ARS,ARS/kg,detail,2024-10-02,500.0,3f1cfb0769682b09ee93e0056f72cbb525a23d71d6eac7e7d8ec1e6e04b76d3a,https://ssma.magyp.gob.ar/frutas.precios.aspx,2026-10-06T12:18:11.346124Z,[]
mcba,MCBA,Frutas,LIMON,PROM.ESP.,,,,,,ARS,ARS/kg,species_summary,2026-08-24,620.84,f561dae7f6d4daea41878ea2e5bd420b61e36aca4b1ea88eecc739f2bb2aa99b,https://ssma.magyp.gob.ar/frutas.precios.aspx,2026-10-06T12:10:56.106249Z,"[""origin_missing""]"
mcba,MCBA,Frutas,MANDARINA,AFOURER,E. RIOS,PERDIDO,Elegido,MEDIANO,,ARS,ARS/kg,detail,2026-08-24,555.56,d7c43d6979bb50573f1dc1e955b28dbb9f4de6d32f99b7efc2ef4db7130e0b65,https://ssma.magyp.gob.ar/frutas.precios.aspx,2026-10-06T12:10:56.106249Z,[]
mcba,MCBA,Frutas,MANDARINA,ELLENDALE,E. RIOS,PERDIDO,Elegido,GRANDE,,ARS,ARS/kg,detail,2026-08-24,833.33,e22bdc683aa658505f55e7f52bb87ff14ca7b6801ee78ad082e5320a25d207cf,https://ssma.magyp.gob.ar/frutas.precios.aspx,2026-10-06T12:10:56.106249Z,[]
mcba,MCBA,Frutas,MANDARINA,ELLENDALE,E. RIOS,PERDIDO,Elegido,MEDIANO,,ARS,ARS/kg,detail,2026-08-24,611.11,866e640ba1a684f52084c17f7d2cab3c7d33e81b17276b4260b19c2bbe9e200e,https://ssma.magyp.gob.ar/frutas.precios.aspx,2026-10-06T12:10:56.106249Z,[]
mcba,MCBA,Frutas,MANDARINA,ENCORE,E. RIOS,PERDIDO,Elegido,GRANDE,,ARS,ARS/kg,detail,2025-10-02,1277.78,e620f8df2f20144215e44523633ebcbe3a7ccfc55b00b7eb3ee236f8431060bf,https://ssma.magyp.gob.ar/frutas.precios.aspx,2026-10-06T12:20:50.197055Z,[]
mcba,MCBA,Frutas,MANDARINA,ENCORE,E. RIOS,PERDIDO,Elegido,MEDIANO,,ARS,ARS/kg,detail,2024-10-02,444.44,78dc4865c01107f45db8cdfc1289c5c00eca36412e1544527a0f8cf91f177199,https://ssma.magyp.gob.ar/frutas.precios.aspx,2026-10-06T12:18:11.346124Z,[]
mcba,MCBA,Frutas,MANDARINA,MURCOT,E. RIOS,PERDIDO,Elegido,GRANDE,,ARS,ARS/kg,detail,2025-10-02,1166.67,a5bd8ec0371a305c9bf8d8f8791eb4f30559f50f8a715a16f38e607308b3f92b,https://ssma.magyp.gob.ar/frutas.precios.aspx,2026-10-06T12:20:50.197055Z,[]
mcba,MCBA,Frutas,MANDARINA,MURCOT,E. RIOS,PERDIDO,Elegido,MEDIANO,,ARS,ARS/kg,detail,2026-08-24,666.67,6f32f0766624c17d01d557768c24a55452390896260b15c0eb5cd86bcda40201,https://ssma.magyp.gob.ar/frutas.precios.aspx,2026-10-06T12:10:56.106249Z,[]
mcba,MCBA,Frutas,MANDARINA,PROM.ESP.,,,,,,ARS,ARS/kg,species_summary,2026-08-24,641.41,ce0d300269847ce3778413437906e896111d037a22dd0e8595850b33b842feed,https://ssma.magyp.gob.ar/frutas.precios.aspx,2026-10-06T12:10:56.106249Z,"[""origin_missing""]"
mcba,MCBA,Frutas,MANGO,PROM.ESP.,,,,,,ARS,ARS/kg,species_summary,2026-08-24,2777.78,290a69960ef0c38d4b28a5d410a0dfdc71e43623a6b42d2cac32f60c958664bb,https://ssma.magyp.gob.ar/frutas.precios.aspx,2026-10-06T12:10:56.106249Z,"[""origin_missing""]"
mcba,MCBA,Frutas,MANGO,,BRASIL,CAJA,Elegido,GRANDE,,ARS,ARS/kg,detail,2026-08-24,2055.56,d75ec36402119a672308db40438e9c745efa9e36b9dc0fc998bdd2a4ebb68f9b,https://ssma.magyp.gob.ar/frutas.precios.aspx,2026-10-06T12:10:56.106249Z,[]
mcba,MCBA,Frutas,MANZANA,GRANNY SMI,CHILE,CAJA,Elegido,080/088,AT.CONTR,ARS,ARS/kg,detail,2024-10-02,2150.0,28ee4dbaeec7ebdfe07031efa0f549198109e3f062d25f2c9c5263920455865b,https://ssma.magyp.gob.ar/frutas.precios.aspx,2026-10-06T12:18:11.346124Z,[]
mcba,MCBA,Frutas,MANZANA,GRANNY SMI,R. NEGRO,CAJA,Elegido,036/044,AT.CONTR,ARS,ARS/kg,detail,2024-10-02,2200.0,88bc57e194d0f1cc08dea3439c2c71f6df1ab9575bc888ae2c7b4fc7486347e1,https://ssma.magyp.gob.ar/frutas.precios.aspx,2026-10-06T12:18:11.346124Z,[]
mcba,MCBA,Frutas,MANZANA,GRANNY SMI,R. NEGRO,CAJA,Elegido,036/044,,ARS,ARS/kg,detail,2026-08-24,3200.0,712331cd4a6ce6e9b205d66c8816a73b33b956fcc9da13edb2d66904a6ed5c68,https://ssma.magyp.gob.ar/frutas.precios.aspx,2026-10-06T12:10:56.106249Z,[]
mcba,MCBA,Frutas,MANZANA,GRANNY SMI,R. NEGRO,CAJA,Elegido,080/088,AT.CONTR,ARS,ARS/kg,detail,2024-10-02,2200.0,9735295b9329080b940cb32663c2426ad68bdbc52b481c623a58a79e9b1e30f8,https://ssma.magyp.gob.ar/frutas.precios.aspx,2026-10-06T12:18:11.346124Z,[]
mcba,MCBA,Frutas,MANZANA,GRANNY SMI,R. NEGRO,CAJA,Elegido,080/088,,ARS,ARS/kg,detail,2024-10-02,1750.0,02e11e5c26bdbb687f7c1eda57ad597d7a3638634bffd451decb1b83c052df86,https://ssma.magyp.gob.ar/frutas.precios.aspx,2026-10-06T12:18:11.346124Z,[]
mcba,MCBA,Frutas,MANZANA,GRANNY SMI,R. NEGRO,CAJA,Elegido,088/113,,ARS,ARS/kg,detail,2024-10-02,1550.0,3ad60e7d88de21b4243054b2a34210056460e59494fb0976383b14e0b8f8bc8a,https://ssma.magyp.gob.ar/frutas.precios.aspx,2026-10-06T12:18:11.346124Z,[]
mcba,MCBA,Frutas,MANZANA,GRANNY SMI,R. NEGRO,CAJA,Elegido,125/138,,ARS,ARS/kg,detail,2024-10-02,1350.0,f85643a8009646895138d12d9d0343ef3afcc3b4f83b93f2bd25f31164b2d6fc,https://ssma.magyp.gob.ar/frutas.precios.aspx,2026-10-06T12:18:11.346124Z,[]
mcba,MCBA,Frutas,MANZANA,GRANNY SMI,R. NEGRO,JAULA,Comercial,GRANEL,,ARS,ARS/kg,detail,2025-10-02,950.0,868362e3902fedc614cae014577296893a933621f662957f5b3dda4c5e835469,https://ssma.magyp.gob.ar/frutas.precios.aspx,2026-10-06T12:20:50.197055Z,[]
mcba,MCBA,Frutas,MANZANA,GRANNY SMI,R. NEGRO,JAULA,Elegido,080/090,,ARS,ARS/kg,detail,2024-10-02,1150.0,7937ffff70be37681ccfacd0944219fd1750c0201f270f904c099dae3c9ef842,https://ssma.magyp.gob.ar/frutas.precios.aspx,2026-10-06T12:18:11.346124Z,[]
mcba,MCBA,Frutas,MANZANA,PK.LAD/CRI,R. NEGRO,JAULA,Comercial,125/138,,ARS,ARS/kg,detail,2024-10-02,722.22,b9063589411c560928bfd782f94dd6558f6540a1e7de4f82662e418ae51576e5,https://ssma.magyp.gob.ar/frutas.precios.aspx,2026-10-06T12:18:11.346124Z,[]
mcba,MCBA,Frutas,MANZANA,PK.LAD/CRI,R. NEGRO,JAULA,Elegido,113/118,,ARS,ARS/kg,detail,2024-10-02,1222.22,164b8b237f76dd78bf8166d1b4f74c67811902cbeaa87feff680db5712931fce,https://ssma.magyp.gob.ar/frutas.precios.aspx,2026-10-06T12:18:11.346124Z,[]
mcba,MCBA,Frutas,MANZANA,PROM.ESP.,,,,,,ARS,ARS/kg,species_summary,2026-08-24,2350.73,376a861bfc05f22d590e421bea967aefcb70a02815f5685aa56282b4f1175e01,https://ssma.magyp.gob.ar/frutas.precios.aspx,2026-10-06T12:10:56.106249Z,"[""origin_missing""]"
mcba,MCBA,Frutas,MANZANA,RED DELICI,R. NEGRO,CAJA,Comercial,138/150,,ARS,ARS/kg,detail,2024-10-02,1000.0,983a71be10f0a1fd5c0fd3b58dc4267702f645ec05b6634d58c6c389daae849d,https://ssma.magyp.gob.ar/frutas.precios.aspx,2026-10-06T12:18:11.346124Z,[]
mcba,MCBA,Frutas,MANZANA,RED DELICI,R. NEGRO,CAJA,Elegido,040/050,AT.CONTR,ARS,ARS/kg,detail,2024-10-02,2200.0,3616c2d0e4530ab1f61ec850efe523e496d76eda8f98788970de7d0c914406a6,https://ssma.magyp.gob.ar/frutas.precios.aspx,2026-10-06T12:18:11.346124Z,[]
mcba,MCBA,Frutas,MANZANA,RED DELICI,R. NEGRO,CAJA,Elegido,044/056,,ARS,ARS/kg,detail,2026-08-24,3200.0,7833ed786fdc70c46f9d2b192862456c03e9ddc3bd4ce593fcc18dd4946b77b9,https://ssma.magyp.gob.ar/frutas.precios.aspx,2026-10-06T12:10:56.106249Z,[]
mcba,MCBA,Frutas,MANZANA,RED DELICI,R. NEGRO,CAJA,Elegido,088/113,AT.CONTR,ARS,ARS/kg,detail,2024-10-02,2050.0,e9ac38d317b99a383d3212dce9b5c41b8761602fc2343da548e94c802415c9a8,https://ssma.magyp.gob.ar/frutas.precios.aspx,2026-10-06T12:18:11.346124Z,[]
mcba,MCBA,Frutas,MANZANA,RED DELICI,R. NEGRO,CAJA,Elegido,088/113,,ARS,ARS/kg,detail,2026-08-24,2777.78,e86396a7db404757d63dc9c4d0c26146d46064f47ae0affee8b5d6b5d538bb5d,https://ssma.magyp.gob.ar/frutas.precios.aspx,2026-10-06T12:10:56.106249Z,[]
mcba,MCBA,Frutas,MANZANA,RED DELICI,R. NEGRO,CAJA,Elegido,125/138,,ARS,ARS/kg,detail,2026-08-24,2055.56,3b8897ae29d0b62ca39d8a6ac7d84053372bc545ea85a5ee3774bc6bccef8683,https://ssma.magyp.gob.ar/frutas.precios.aspx,2026-10-06T12:10:56.106249Z,[]
mcba,MCBA,Frutas,MANZANA,RED DELICI,R. NEGRO,JAULA,Comercial,100/113,,ARS,ARS/kg,detail,2024-10-02,1055.56,84d6b511fcf16285895f5a8f2115cc42f148c728e1e8630baaa57f41a0d67851,https://ssma.magyp.gob.ar/frutas.precios.aspx,2026-10-06T12:18:11.346124Z,[]
mcba,MCBA,Frutas,MANZANA,RED DELICI,R. NEGRO,JAULA,Elegido,GRANEL,,ARS,ARS/kg,detail,2025-10-02,950.0,6151889d12b07acf1652ebfdfe9d41b553bda37300e6cfbf1c949a71a2406ebf,https://ssma.magyp.gob.ar/frutas.precios.aspx,2026-10-06T12:20:50.197055Z,[]
mcba,MCBA,Frutas,MANZANA,RED TOP,CHILE,CAJA,Elegido,088/113,AT.CONTR,ARS,ARS/kg,detail,2024-10-02,2150.0,6dba591c513cf36ebd0bbb1c1e8d95c289e411483efa57d7d66a0727b3e9a9d5,https://ssma.magyp.gob.ar/frutas.precios.aspx,2026-10-06T12:18:11.346124Z,[]
mcba,MCBA,Frutas,MANZANA,ROME BEAUT,R. NEGRO,CAJA,Elegido,036/040,,ARS,ARS/kg,detail,2024-10-02,1900.0,903d6d0ec7b8ec08aecea3cfec52719c418789109a627b30249c57979588548f,https://ssma.magyp.gob.ar/frutas.precios.aspx,2026-10-06T12:18:11.346124Z,[]
mcba,MCBA,Frutas,MANZANA,ROME BEAUT,R. NEGRO,JAULA,Elegido,125/138,,ARS,ARS/kg,detail,2024-10-02,1333.33,b254cc075e8674732807eb591cd8d2e2daeb34b3cc7a763c8090d507a7a66e36,https://ssma.magyp.gob.ar/frutas.precios.aspx,2026-10-06T12:18:11.346124Z,[]
mcba,MCBA,Frutas,MELON,AMARILLO,SALTA,BANDEJA,Elegido,MEDIANO,INVERNAC,ARS,ARS/kg,detail,2024-10-02,1800.0,c3a309565162fa78a35e53b68167ba057ef6e8c2443ea844d9406b5febf3f7a0,https://ssma.magyp.gob.ar/frutas.precios.aspx,2026-10-06T12:18:11.346124Z,[]
mcba,MCBA,Frutas,MELON,ESCRITO,SALTA,CAJA,Elegido,MEDIANO,INVERNAC,ARS,ARS/kg,detail,2024-10-02,2375.0,b75fdc4cebf0407b8d7d15b1444b881a27ac7864beaa60c64e314e08d18e06b4,https://ssma.magyp.gob.ar/frutas.precios.aspx,2026-10-06T12:18:11.346124Z,[]
mcba,MCBA,Frutas,MELON,GALIA,BRASIL,CAJA,Elegido,MEDIANO,,ARS,ARS/kg,detail,2025-10-02,2700.0,9fde90888d5c8b350c4507053e51b5b6b66e5d49734bf64e71351e6fe1589b52,https://ssma.magyp.gob.ar/frutas.precios.aspx,2026-10-06T12:20:50.197055Z,[]
mcba,MCBA,Frutas,MELON,PROM.ESP.,,,,,,ARS,ARS/kg,species_summary,2026-08-24,3225.0,8fc7c9168ca7692376bf171f2227a0df981e4d46bc39f89bc72a3c1de25d98b5,https://ssma.magyp.gob.ar/frutas.precios.aspx,2026-10-06T12:10:56.106249Z,"[""origin_missing""]"
mcba,MCBA,Frutas,MELON,ROCIO MIEL,SALTA,PERDIDO,Elegido,MEDIANO,INVERNAC,ARS,ARS/kg,detail,2025-10-02,2700.0,5121cf014a27624bd5d4eef02276e2d4806a00e8ee1f54273c453e7f9a4f0c0a,https://ssma.magyp.gob.ar/frutas.precios.aspx,2026-10-06T12:20:50.197055Z,[]
mcba,MCBA,Frutas,NARANJA,PROM.ESP.,,,,,,ARS,ARS/kg,species_summary,2026-08-24,703.16,19af51b57d2d57a6cd348b82aa3ae39d45f154cd0b507b8b228c7e9cbc853e19,https://ssma.magyp.gob.ar/frutas.precios.aspx,2026-10-06T12:10:56.106249Z,"[""origin_missing""]"
mcba,MCBA,Frutas,NARANJA,SALUSTIANA,CTES.,PERDIDO,Elegido,110/130,,ARS,ARS/kg,detail,2026-08-24,500.0,3ee9776ef4d8acc86ee1b7f3f3d3fde218cb51559fa7c5541d51c8af560c8a3a,https://ssma.magyp.gob.ar/frutas.precios.aspx,2026-10-06T12:10:56.106249Z,[]
mcba,MCBA,Frutas,NARANJA,SALUSTIANA,E. RIOS,PERDIDO,Comercial,090/120,,ARS,ARS/kg,detail,2024-10-02,388.89,4807ef4a94bd8535f8825d9530ab0538abd1e247e482c954ae87a3390311d9c2,https://ssma.magyp.gob.ar/frutas.precios.aspx,2026-10-06T12:18:11.346124Z,[]
mcba,MCBA,Frutas,NARANJA,SALUSTIANA,E. RIOS,PERDIDO,Elegido,070/090,,ARS,ARS/kg,detail,2024-10-02,500.0,94f3493c24fcf154cc00a843328dab9c22d563a2de5f7bcf8f67142c3b62d192,https://ssma.magyp.gob.ar/frutas.precios.aspx,2026-10-06T12:18:11.346124Z,[]
mcba,MCBA,Frutas,NARANJA,SALUSTIANA,E. RIOS,PERDIDO,Elegido,090/110,,ARS,ARS/kg,detail,2026-08-24,666.67,d5031138df185f20aeb5e1d9bc1fce214e22a862a25873a3ea0966154d62e188,https://ssma.magyp.gob.ar/frutas.precios.aspx,2026-10-06T12:10:56.106249Z,[]
mcba,MCBA,Frutas,NARANJA,VAL.SEEDLE,E. RIOS,PERDIDO,Elegido,090/110,,ARS,ARS/kg,detail,2025-10-02,666.67,69f44f8f167e7acf13a00b31c3e3e6b5b465b41b0abd23b8b9ac12bc3b9fe6f6,https://ssma.magyp.gob.ar/frutas.precios.aspx,2026-10-06T12:20:50.197055Z,[]
mcba,MCBA,Frutas,NARANJA,W.NAVEL,BS. AS.,PERDIDO,Elegido,100/120,,ARS,ARS/kg,detail,2024-10-02,527.78,976b0272bb62c8bafb05808802074850fabf5a055b3c01cb9211f0167305418b,https://ssma.magyp.gob.ar/frutas.precios.aspx,2026-10-06T12:18:11.346124Z,[]
mcba,MCBA,Frutas,NARANJA,W.NAVEL,E. RIOS,PERDIDO,Elegido,090/110,,ARS,ARS/kg,detail,2024-10-02,472.22,ed06fb2fd44bb19a0a8ef1f40171b149eb2b5218cd47fd23a8aeccca22499ba6,https://ssma.magyp.gob.ar/frutas.precios.aspx,2026-10-06T12:18:11.346124Z,[]
mcba,MCBA,Frutas,NUEZ,PROM.ESP.,,,,,,ARS,ARS/kg,species_summary,2026-08-24,7800.0,781309cea36634a8098ab3418b4b8e76a656a86dc9cecbb6082e715730120d4d,https://ssma.magyp.gob.ar/frutas.precios.aspx,2026-10-06T12:10:56.106249Z,"[""origin_missing""]"
mcba,MCBA,Frutas,NUEZ,,MENDOZA,BOLSA,Elegido,GRANEL,,ARS,ARS/kg,detail,2026-08-24,7800.0,b029ddc71fa01cd3ba318195927b22be8d8f2322ab799a9ab35836f1182e4cf9,https://ssma.magyp.gob.ar/frutas.precios.aspx,2026-10-06T12:10:56.106249Z,[]
mcba,MCBA,Frutas,PALTA,HASS,CHILE,CAJA,Elegido,GRANDE,,ARS,ARS/kg,detail,2026-08-24,8700.0,cc8e4408c80de3f9c0a442475d29dbb3fdd96efc6c005cdeba3146b32ae19161,https://ssma.magyp.gob.ar/frutas.precios.aspx,2026-10-06T12:10:56.106249Z,[]
mcba,MCBA,Frutas,PALTA,HASS,CHILE,CAJA,Elegido,MEDIANO,,ARS,ARS/kg,detail,2026-08-24,7272.73,3d1402ab24e01af1fc39ae2e059f799db8b2928ad555e8b32fb2606510a23007,https://ssma.magyp.gob.ar/frutas.precios.aspx,2026-10-06T12:10:56.106249Z,[]
mcba,MCBA,Frutas,PALTA,HASS,PERU,BANDEJA,Elegido,GRANDE,,ARS,ARS/kg,detail,2026-08-24,5272.73,0fa580d15eac681f51e083eff8f6a8775d2ce1495af10b50f22db656cabca6e4,https://ssma.magyp.gob.ar/frutas.precios.aspx,2026-10-06T12:10:56.106249Z,[]
mcba,MCBA,Frutas,PALTA,HASS,PERU,BANDEJA,Elegido,MEDIANO,,ARS,ARS/kg,detail,2026-08-24,4363.64,39eaf4f7751c7d936b5c077d8ddecf1f48c0a3205fa4cadb49f081d1531b953c,https://ssma.magyp.gob.ar/frutas.precios.aspx,2026-10-06T12:10:56.106249Z,[]
mcba,MCBA,Frutas,PALTA,HASS,TUCUMAN,CAJA,Elegido,GRANDE,,ARS,ARS/kg,detail,2024-10-02,2500.0,3c5406eaed20de65101a5eb15869247cf32122a3fbd84ad205bbdc991d8b36b5,https://ssma.magyp.gob.ar/frutas.precios.aspx,2026-10-06T12:18:11.346124Z,[]
mcba,MCBA,Frutas,PALTA,LULA,TUCUMAN,BANDEJA,Comercial,GRANEL,,ARS,ARS/kg,detail,2024-10-02,2125.0,5a9c79fc3c4381d2e219b7c9a391257d1882433a0809696b80a7088364ec31f2,https://ssma.magyp.gob.ar/frutas.precios.aspx,2026-10-06T12:18:11.346124Z,[]
mcba,MCBA,Frutas,PALTA,PROM.ESP.,,,,,,ARS,ARS/kg,species_summary,2026-08-24,4953.64,6bbd62ab46e2746b46fa857782d4179132b9528c809753d424fad6bf9fcdfa80,https://ssma.magyp.gob.ar/frutas.precios.aspx,2026-10-06T12:10:56.106249Z,"[""origin_missing""]"
mcba,MCBA,Frutas,PERA,PACKHAM'S,R. NEGRO,CAJA,Elegido,036/042,,ARS,ARS/kg,detail,2024-10-02,1650.0,14c66417cfb5ba6a9abc2f7659a5eae5fb61d2aefff63f50f5644ec9a75ebb42,https://ssma.magyp.gob.ar/frutas.precios.aspx,2026-10-06T12:18:11.346124Z,[]
mcba,MCBA,Frutas,PERA,PACKHAM'S,R. NEGRO,CAJA,Elegido,070/090,,ARS,ARS/kg,detail,2025-10-02,1388.89,a53b01354198b3667c5e869680b2e29a5aecdfc5f2217da4dff8d75b84998cc4,https://ssma.magyp.gob.ar/frutas.precios.aspx,2026-10-06T12:20:50.197055Z,[]
mcba,MCBA,Frutas,PERA,PACKHAM'S,R. NEGRO,CAJA,Elegido,113/125,,ARS,ARS/kg,detail,2024-10-02,1050.0,012e4c13d7613dd333f5da70310e8d0a797fbba63a05278aafeb9e088e34ecb8,https://ssma.magyp.gob.ar/frutas.precios.aspx,2026-10-06T12:18:11.346124Z,[]
mcba,MCBA,Frutas,PERA,PACKHAM'S,R. NEGRO,JAULA,Comercial,110/130,,ARS,ARS/kg,detail,2024-10-02,800.0,7c3acc8f5b22741d0991b8196e976fc308403aa96f33f92c37448e31e89c537c,https://ssma.magyp.gob.ar/frutas.precios.aspx,2026-10-06T12:18:11.346124Z,[]
mcba,MCBA,Frutas,PERA,PACKHAM'S,R. NEGRO,JAULA,Elegido,100/120,,ARS,ARS/kg,detail,2024-10-02,944.44,f4c8efec6f1f0c5e6dc94aa0b435e888a7472b48b1851038ee49ebd3c6a78a83,https://ssma.magyp.gob.ar/frutas.precios.aspx,2026-10-06T12:18:11.346124Z,[]
mcba,MCBA,Frutas,PERA,PROM.ESP.,,,,,,ARS,ARS/kg,species_summary,2026-08-24,2924.08,c2f9f782fdd59c027bcd67cf91355fcbcda796489e1dacf0e0a4982a73cfe9f4,https://ssma.magyp.gob.ar/frutas.precios.aspx,2026-10-06T12:10:56.106249Z,"[""origin_missing""]"
mcba,MCBA,Frutas,PLATANO,PROM.ESP.,,,,,,ARS,ARS/kg,species_summary,2026-08-24,3363.64,8cd7c2116b3ab33667a7b499f8bc0023c3075df12c1a899f19e0c561a2666d1f,https://ssma.magyp.gob.ar/frutas.precios.aspx,2026-10-06T12:10:56.106249Z,"[""origin_missing""]"
mcba,MCBA,Frutas,PLATANO,,ECUADOR,CAJA,Elegido,GRANEL,VERDEPIN,ARS,ARS/kg,detail,2024-10-02,2000.0,b5a63e4ad33261740946873dc81178601546c064f4549986f4d76384a809043a,https://ssma.magyp.gob.ar/frutas.precios.aspx,2026-10-06T12:18:11.346124Z,[]
mcba,MCBA,Frutas,POMELO,PROM.ESP.,,,,,,ARS,ARS/kg,species_summary,2026-08-24,759.26,a3390de26c7b29d6bdf26116db8e46bc1068bd60e5bb0e70baf72507bd72cf48,https://ssma.magyp.gob.ar/frutas.precios.aspx,2026-10-06T12:10:56.106249Z,"[""origin_missing""]"
mcba,MCBA,Frutas,POMELO,RUBY,E. RIOS,PERDIDO,Elegido,056/070,,ARS,ARS/kg,detail,2024-10-02,500.0,ffbb99b93ebbc2bab60ccec105d41fcc1bda17ac5a8774883fa30303612b437c,https://ssma.magyp.gob.ar/frutas.precios.aspx,2026-10-06T12:18:11.346124Z,[]
mcba,MCBA,Frutas,POMELO,STAR RUBY,CTES.,PERDIDO,Elegido,056/070,,ARS,ARS/kg,detail,2024-10-02,611.11,049120cdb36eb8f2392e421430ab1acfdb646a5f23932dc9ea1534c9aab37671,https://ssma.magyp.gob.ar/frutas.precios.aspx,2026-10-06T12:18:11.346124Z,[]
mcba,MCBA,Frutas,POMELO,STAR RUBY,E. RIOS,PERDIDO,Elegido,048/066,,ARS,ARS/kg,detail,2024-10-02,611.11,7e5ec7e7cc6129ec2bb7b9b2be2645c1d9d575bd02010a0d1f3c5c31c886d1d7,https://ssma.magyp.gob.ar/frutas.precios.aspx,2026-10-06T12:18:11.346124Z,[]
mcba,MCBA,Frutas,POMELO,STAR RUBY,SALTA,CAJA,Elegido,048/066,,ARS,ARS/kg,detail,2024-10-02,722.22,eef868099501827c9140e0afdda55973e318c68b71d73575c17a48bb43b46ea2,https://ssma.magyp.gob.ar/frutas.precios.aspx,2026-10-06T12:18:11.346124Z,[]
mcba,MCBA,Frutas,SANDIA,PROM.ESP.,,,,,,ARS,ARS/kg,species_summary,2026-08-24,1768.75,deda96676951ce136ec9129fbc02272bbdf4bb347f4a8a1bd598a05a9a60ee9f,https://ssma.magyp.gob.ar/frutas.precios.aspx,2026-10-06T12:10:56.106249Z,"[""origin_missing""]"
mcba,MCBA,Frutas,SANDIA,,BRASIL,GRANEL,Comercial,GRANEL,,ARS,ARS/kg,detail,2026-08-24,1600.0,4ddb6aa77d1e398931e994e252ffb92b18949fa3639423ae6ce7c65865014daa,https://ssma.magyp.gob.ar/frutas.precios.aspx,2026-10-06T12:10:56.106249Z,[]
mcba,MCBA,Frutas,SANDIA,,FORMOSA,GRANEL,Comercial,GRANEL,,ARS,ARS/kg,detail,2024-10-02,850.0,aa22943a7635f27316d6499f75eeebd02ddfc31a751c57cc7e287e5f9316e140,https://ssma.magyp.gob.ar/frutas.precios.aspx,2026-10-06T12:18:11.346124Z,[]
mcba,MCBA,Frutas,SANDIA,,SALTA,GRANEL,Comercial,GRANEL,,ARS,ARS/kg,detail,2024-10-02,850.0,6fcaf829c5500030c322ea407e223270255f1bbfaf836cc7bc9f5cd9047af1a0,https://ssma.magyp.gob.ar/frutas.precios.aspx,2026-10-06T12:18:11.346124Z,[]
mcba,MCBA,Frutas,UVA,ARRA 15,BRASIL,CAJA,Elegido,GRANEL,,ARS,ARS/kg,detail,2026-08-24,7875.0,938c8a0892b8e52090d54dec77e0a995b7472492e9015ed10c16fe238368f3fc,https://ssma.magyp.gob.ar/frutas.precios.aspx,2026-10-06T12:10:56.106249Z,[]
mcba,MCBA,Frutas,UVA,ISIS,BRASIL,CAJA,Elegido,GRANDE,,ARS,ARS/kg,detail,2024-10-02,4750.0,20bea4c4d8ecec4c96988f1f7b6d0018db2c3c355e53e913508a731eee555c40,https://ssma.magyp.gob.ar/frutas.precios.aspx,2026-10-06T12:18:11.346124Z,[]
mcba,MCBA,Frutas,UVA,PROM.ESP.,,,,,,ARS,ARS/kg,species_summary,2026-08-24,7500.0,9d4cbcfbe7eb51cae54bb00315c43713df785c2b84f10ebbf162a52ab40ada32,https://ssma.magyp.gob.ar/frutas.precios.aspx,2026-10-06T12:10:56.106249Z,"[""origin_missing""]"
mcba,MCBA,Frutas,UVA,SCARLOTTA,BRASIL,CAJA,Elegido,GRANEL,,ARS,ARS/kg,detail,2024-10-02,4875.0,eca5947b0b0714de31054c9a68bcab272313cf578fa9c819b3444c58d0ffce5e,https://ssma.magyp.gob.ar/frutas.precios.aspx,2026-10-06T12:18:11.346124Z,[]
mcba,MCBA,Frutas,UVA,SUGAR CRIP,BRASIL,CAJA,Elegido,GRANEL,,ARS,ARS/kg,detail,2026-08-24,7375.0,754f1df7bb4c3efa8a9801ee17525439ac35e90eb44b3e1c9f3da1d626997bd1,https://ssma.magyp.gob.ar/frutas.precios.aspx,2026-10-06T12:10:56.106249Z,[]
mcba,MCBA,Frutas,UVA,SWEET JUBI,BRASIL,CAJA,Elegido,GRANEL,,ARS,ARS/kg,detail,2025-10-02,6375.0,e8f73a265aa1aa52e9395e05eb3aa583f4f7c90b85d93e69a4a9d6473d90f1d0,https://ssma.magyp.gob.ar/frutas.precios.aspx,2026-10-06T12:20:50.197055Z,[]
mcba,MCBA,Hortalizas,ACELGA,PROM.ESP.,,,,,,ARS,ARS/kg,species_summary,2026-08-24,500.0,39938de333f5f773ef4a8dfcb467df9281255bce60241d92f7f4b8fb21553332,https://ssma.magyp.gob.ar/frutas.precios.aspx,2026-10-06T12:10:56.106249Z,"[""origin_missing""]"
mcba,MCBA,Hortalizas,ACELGA,,BS. AS.,JAULA,Primera,SIN TAM,,ARS,ARS/kg,detail,2026-08-24,450.0,33ed34ef8cd1beabdeb3d970c8e8a8933b261a13572581830c6129851c982235,https://ssma.magyp.gob.ar/frutas.precios.aspx,2026-10-06T12:10:56.106249Z,[]
mcba,MCBA,Hortalizas,ACELGA,,BS. AS.,JAULA,Primera,,INVERNAC,ARS,ARS/kg,detail,2026-08-24,700.0,d449a3e69320c3f86b0235f6288eab9b4238d72df4ca466a6da4ecae3c0bffd6,https://ssma.magyp.gob.ar/frutas.precios.aspx,2026-10-06T12:10:56.106249Z,[]
mcba,MCBA,Hortalizas,ACELGA,,BS. AS.,JAULA,Segunda,SIN TAM,,ARS,ARS/kg,detail,2026-08-24,350.0,55f54414b0dc9489148f974fa750a2693b0bf08197a21fc68423455058578190,https://ssma.magyp.gob.ar/frutas.precios.aspx,2026-10-06T12:10:56.106249Z,[]
mcba,MCBA,Hortalizas,ACHICORIA,PROM.ESP.,,,,,,ARS,ARS/kg,species_summary,2026-08-24,840.0,9de0976c5959d5786817b5699c6b5e95cd7ab3faf9d3d281f2f7b1809b7df356,https://ssma.magyp.gob.ar/frutas.precios.aspx,2026-10-06T12:10:56.106249Z,"[""origin_missing""]"
mcba,MCBA,Hortalizas,ACHICORIA,,BS. AS.,JAULA,Primera,,,ARS,ARS/kg,detail,2026-08-24,840.0,325f36c391aea6403045f309099c47af8310d08aa1e755babc9e50ae18641a5a,https://ssma.magyp.gob.ar/frutas.precios.aspx,2026-10-06T12:10:56.106249Z,[]
mcba,MCBA,Hortalizas,ACUSAY,PROM.ESP.,,,,,,ARS,ARS/kg,species_summary,2026-08-24,790.0,490023f7385422d06625fe24e013cba372685c5f097efc721e721a8c0c50c0a8,https://ssma.magyp.gob.ar/frutas.precios.aspx,2026-10-06T12:10:56.106249Z,"[""origin_missing""]"
mcba,MCBA,Hortalizas,ACUSAY,,BS. AS.,JAULA,Primera,GRANDE,,ARS,ARS/kg,detail,2026-08-24,850.0,e796e67a14abca6e5a8f5be129aa5c45cd367c767bee524892468d215170a4f8,https://ssma.magyp.gob.ar/frutas.precios.aspx,2026-10-06T12:10:56.106249Z,[]
mcba,MCBA,Hortalizas,AJO,COLORADO,MENDOZA,RISTRA 100,Primera,10,,ARS,ARS/kg,detail,2026-08-24,5300.0,203c2125dc1303eff30161147056a9b492b3fef662c5d0a4faefa8c34cb466f4,https://ssma.magyp.gob.ar/frutas.precios.aspx,2026-10-06T12:10:56.106249Z,[]
mcba,MCBA,Hortalizas,AJO,COLORADO,MENDOZA,RISTRA 100,Primera,11,,ARS,ARS/kg,detail,2026-08-24,5727.27,ed965a17ec176e24468761057d80ee7a3c231ebc8f945af3b114c6505d49bbe1,https://ssma.magyp.gob.ar/frutas.precios.aspx,2026-10-06T12:10:56.106249Z,[]
mcba,MCBA,Hortalizas,AJO,COLORADO,MENDOZA,RISTRA 100,Primera,3,,ARS,ARS/kg,detail,2024-10-02,3000.0,dd0d7320180808c5259dee3b4acd75322ce4bcd52a4a6ee011fdca1c12aa1f74,https://ssma.magyp.gob.ar/frutas.precios.aspx,2026-10-06T12:18:11.346124Z,[]
mcba,MCBA,Hortalizas,AJO,COLORADO,MENDOZA,RISTRA 100,Primera,5,,ARS,ARS/kg,detail,2026-08-24,1800.0,4a6726c45aa453a5e1c0419a4f5d0e103b9fc8ba795300dd2d28133b7415e8e8,https://ssma.magyp.gob.ar/frutas.precios.aspx,2026-10-06T12:10:56.106249Z,[]
mcba,MCBA,Hortalizas,AJO,COLORADO,MENDOZA,RISTRA 100,Primera,7,,ARS,ARS/kg,detail,2026-08-24,2142.86,c4771b3384defa77b0c8e270eed52bfaf21dbaba96194c72eb5341aacb2bc31e,https://ssma.magyp.gob.ar/frutas.precios.aspx,2026-10-06T12:10:56.106249Z,[]
mcba,MCBA,Hortalizas,AJO,COLORADO,MENDOZA,RISTRA 100,Primera,8,,ARS,ARS/kg,detail,2026-08-24,3062.5,2decab93d5d8ed118f33697762acc56e22332ddf29411fc61f39388954542047,https://ssma.magyp.gob.ar/frutas.precios.aspx,2026-10-06T12:10:56.106249Z,[]
mcba,MCBA,Hortalizas,AJO,COLORADO,MENDOZA,RISTRA 100,Primera,9,,ARS,ARS/kg,detail,2026-08-24,3722.22,ad3717a3b92a9c8183975c0bd45d2c6386e4372d2e93c821b0b0f18ef4efe04a,https://ssma.magyp.gob.ar/frutas.precios.aspx,2026-10-06T12:10:56.106249Z,[]
mcba,MCBA,Hortalizas,AJO,COLORADO,S.BS.AS.,RISTRA 100,Primera,5,TRATADO,ARS,ARS/kg,detail,2024-10-02,4400.0,3a2517f1a3f36a5712350ac7bec5a5b7917537b05078892ff1c513b945186992,https://ssma.magyp.gob.ar/frutas.precios.aspx,2026-10-06T12:18:11.346124Z,[]
mcba,MCBA,Hortalizas,AJO,COLORADO,S.BS.AS.,RISTRA 100,Primera,6,TRATADO,ARS,ARS/kg,detail,2024-10-02,5833.33,748e0d183bd4271b5d07c48d4daf5b44b745310d4f736242fab70e08d738c5b5,https://ssma.magyp.gob.ar/frutas.precios.aspx,2026-10-06T12:18:11.346124Z,[]
mcba,MCBA,Hortalizas,AJO,COLORADO,S.BS.AS.,RISTRA 100,Primera,7,TRATADO,ARS,ARS/kg,detail,2024-10-02,7714.29,51c524397bafecf7bb3e35193b37a68377ac6cd0516aa72aaa6606f127d515bc,https://ssma.magyp.gob.ar/frutas.precios.aspx,2026-10-06T12:18:11.346124Z,[]
mcba,MCBA,Hortalizas,AJO,MDO. CHINO,MENDOZA,RISTRA 100,Primera,10,,ARS,ARS/kg,detail,2025-10-02,5700.0,79f9f226bde1db7241273331c791eaf2f01b1111c8713570f3ced4627c7e4bbf,https://ssma.magyp.gob.ar/frutas.precios.aspx,2026-10-06T12:20:50.197055Z,[]
mcba,MCBA,Hortalizas,AJO,MDO. CHINO,MENDOZA,RISTRA 100,Primera,11,,ARS,ARS/kg,detail,2024-10-02,11363.6,b68c53e73463213410d41a9e8bfaf1d55cd64407e16e76d40e0ca34c28ee784e,https://ssma.magyp.gob.ar/frutas.precios.aspx,2026-10-06T12:18:11.346124Z,[]
mcba,MCBA,Hortalizas,AJO,MDO. CHINO,MENDOZA,RISTRA 100,Primera,7,,ARS,ARS/kg,detail,2025-10-02,2428.57,9be376953a99427447bda1bbb016f83ca0b42873ead37bf5b12f02d11bdabae2,https://ssma.magyp.gob.ar/frutas.precios.aspx,2026-10-06T12:20:50.197055Z,[]
mcba,MCBA,Hortalizas,AJO,MDO. CHINO,MENDOZA,RISTRA 100,Primera,8,,ARS,ARS/kg,detail,2024-10-02,8125.0,3ed1a5423e7b310b6797065476ba6d89cd9b6b72e0a3f9e963399640aae026d1,https://ssma.magyp.gob.ar/frutas.precios.aspx,2026-10-06T12:18:11.346124Z,[]
mcba,MCBA,Hortalizas,AJO,MDO. CHINO,SAN JUAN,CAJA,Primera,MEDIANO,,ARS,ARS/kg,detail,2024-10-02,7800.0,b63a544c02bf45c90b37d8556f43496481260e01c8c7f860e40d0c90be9814b4,https://ssma.magyp.gob.ar/frutas.precios.aspx,2026-10-06T12:18:11.346124Z,[]
mcba,MCBA,Hortalizas,AJO,MDO. CHINO,SAN JUAN,RISTRA 100,Primera,10,,ARS,ARS/kg,detail,2024-10-02,11500.0,3fa5000cabc0ca518471292c3df510f369e2c00da053edf63b8800bd74343203,https://ssma.magyp.gob.ar/frutas.precios.aspx,2026-10-06T12:18:11.346124Z,[]
mcba,MCBA,Hortalizas,AJO,MDO. CHINO,SAN JUAN,RISTRA 100,Primera,11,,ARS,ARS/kg,detail,2024-10-02,12272.7,f77b856dea188bb66da2dce333cc827daef8e4b12409dc6852ee8881f66bcbe9,https://ssma.magyp.gob.ar/frutas.precios.aspx,2026-10-06T12:18:11.346124Z,[]
mcba,MCBA,Hortalizas,AJO,MDO. CHINO,SAN JUAN,RISTRA 100,Primera,5,,ARS,ARS/kg,detail,2024-10-02,4400.0,d673134a8728a20fea3d18907565a6c55921e6f9377c3c90e7b2e1a0534becf1,https://ssma.magyp.gob.ar/frutas.precios.aspx,2026-10-06T12:18:11.346124Z,[]
mcba,MCBA,Hortalizas,AJO,MDO. CHINO,SAN JUAN,RISTRA 100,Primera,6,,ARS,ARS/kg,detail,2024-10-02,6333.33,40252e7a39786c6579f048a900ef0cb6e631dd0d859041a814e06e6545e1cc36,https://ssma.magyp.gob.ar/frutas.precios.aspx,2026-10-06T12:18:11.346124Z,[]
mcba,MCBA,Hortalizas,AJO,MDO. CHINO,SAN JUAN,RISTRA 100,Primera,7,,ARS,ARS/kg,detail,2024-10-02,7857.14,21cf588fcd5740930e34e503ec0e058b52e5f0e7cf5490ad6008df93fba10b6f,https://ssma.magyp.gob.ar/frutas.precios.aspx,2026-10-06T12:18:11.346124Z,[]
mcba,MCBA,Hortalizas,AJO,MDO. CHINO,SAN JUAN,RISTRA 100,Primera,8,,ARS,ARS/kg,detail,2024-10-02,9375.0,cd2354e831ecf8aea4f7b562370c39c31dc50127edb90b87d745e58c17d02afa,https://ssma.magyp.gob.ar/frutas.precios.aspx,2026-10-06T12:18:11.346124Z,[]
mcba,MCBA,Hortalizas,AJO,MDO. CHINO,SAN JUAN,RISTRA 100,Primera,9,,ARS,ARS/kg,detail,2024-10-02,10555.6,59d132a24987294df8e54b43f6d57ba470a97ac1d610bee34e7603def7576787,https://ssma.magyp.gob.ar/frutas.precios.aspx,2026-10-06T12:18:11.346124Z,[]
mcba,MCBA,Hortalizas,AJO,PROM.ESP.,,,,,,ARS,ARS/kg,species_summary,2026-08-24,4118.62,fd3aee9d15f907e185cf7b63cf0c0af958b21565190aeeb67a82483d6b90d264,https://ssma.magyp.gob.ar/frutas.precios.aspx,2026-10-06T12:10:56.106249Z,"[""origin_missing""]"
mcba,MCBA,Hortalizas,ALBAHACA,PROM.ESP.,,,,,,ARS,ARS/kg,species_summary,2026-08-24,435.0,ea835ed8208f48038735e2b474702eade9d2fd28ed2d6d885d024b5f9a8a5099,https://ssma.magyp.gob.ar/frutas.precios.aspx,2026-10-06T12:10:56.106249Z,"[""origin_missing""]"
mcba,MCBA,Hortalizas,ALBAHACA,,BS. AS.,ATADO,Primera,,INVERNAC,ARS,ARS/kg,detail,2026-08-24,420.0,07130650b1442bc8f0eed9ba23566c756ec25d6b5570fa815b7052b1f1f0161c,https://ssma.magyp.gob.ar/frutas.precios.aspx,2026-10-06T12:10:56.106249Z,[]
mcba,MCBA,Hortalizas,ALBAHACA,,CTES.,ATADO,Primera,,INVERNAC,ARS,ARS/kg,detail,2026-08-24,450.0,82232fd57397a6001964d3a8f6c232d0ac6d2f78e412a13518bf6b982874d555,https://ssma.magyp.gob.ar/frutas.precios.aspx,2026-10-06T12:10:56.106249Z,[]
mcba,MCBA,Hortalizas,ALCAUCIL,PROM.ESP.,,,,,,ARS,ARS/kg,species_summary,2026-08-24,4633.33,c5ee3bb53c63956e10d3f7e9e8d91979326676e7c279489fa63c1938d0712f6e,https://ssma.magyp.gob.ar/frutas.precios.aspx,2026-10-06T12:10:56.106249Z,"[""origin_missing""]"
mcba,MCBA,Hortalizas,ALCAUCIL,VIOLETA,BS. AS.,TORO,Primera,MEDIANO,,ARS,ARS/kg,detail,2026-08-24,4633.33,ef44bc368a753f733bb98d16f38f22f35fdb306a90d7e10257019ad7c9a30cfc,https://ssma.magyp.gob.ar/frutas.precios.aspx,2026-10-06T12:10:56.106249Z,[]
mcba,MCBA,Hortalizas,ALCAUCIL,¥. FRANCES,BS. AS.,TORO,Primera,MEDIANO,,ARS,ARS/kg,detail,2025-10-02,2166.67,79caf4d1fa94f52a1061f3507d917bdb8f68cb3f958d7e7d71a20af918f37bc5,https://ssma.magyp.gob.ar/frutas.precios.aspx,2026-10-06T12:20:50.197055Z,[]
mcba,MCBA,Hortalizas,APIO,PROM.ESP.,,,,,,ARS,ARS/kg,species_summary,2026-08-24,1147.92,fe4e7a357923ce7440275c5df5476daf8f3595240f505f1ee2295e2c27bc83c7,https://ssma.magyp.gob.ar/frutas.precios.aspx,2026-10-06T12:10:56.106249Z,"[""origin_missing""]"
mcba,MCBA,Hortalizas,APIO,,BS. AS.,TORO,Primera,GRANDE,INVERNAC,ARS,ARS/kg,detail,2026-08-24,1062.5,72c70298d676c54948d3169483fa0383e35a64b2e80f31e8ac48af84ce3f383d,https://ssma.magyp.gob.ar/frutas.precios.aspx,2026-10-06T12:10:56.106249Z,[]
mcba,MCBA,Hortalizas,APIO,,BS. AS.,TORO,Primera,MEDIANO,INVERNAC,ARS,ARS/kg,detail,2026-08-24,1233.33,8d1bf6f89cd3c1cbe93f68877e89cca038a36f03d05734f04e458d93a11e181e,https://ssma.magyp.gob.ar/frutas.precios.aspx,2026-10-06T12:10:56.106249Z,[]
mcba,MCBA,Hortalizas,ARVEJA,PROM.ESP.,,,,,,ARS,ARS/kg,species_summary,2026-08-24,2312.5,c9247f50a62023780977a7602f326bb17be4b271303c1a8dda1812518ddfd471,https://ssma.magyp.gob.ar/frutas.precios.aspx,2026-10-06T12:10:56.106249Z,"[""origin_missing""]"
mcba,MCBA,Hortalizas,ARVEJA,,JUJUY,BOLSA,Primera,MEDIANO,,ARS,ARS/kg,detail,2026-08-24,2312.5,0c1f43d147cf7654677e69fea3af1636d7d01b7c38eebd7fc92f1f217e467e82,https://ssma.magyp.gob.ar/frutas.precios.aspx,2026-10-06T12:10:56.106249Z,[]
mcba,MCBA,Hortalizas,ARVEJA,,SAN JUAN,BOLSA,Primera,MEDIANO,,ARS,ARS/kg,detail,2024-10-02,1750.0,55eb3c6090ea9a1cb3a807f174c10f779a39cb0f9f428695c069a7880d126312,https://ssma.magyp.gob.ar/frutas.precios.aspx,2026-10-06T12:18:11.346124Z,[]
mcba,MCBA,Hortalizas,BATATA,ARAPEY,BRASIL,BOLSA,Primera,MEDIANO,,ARS,ARS/kg,detail,2026-08-24,1275.0,1257f3e0f7b711c0f3e6d737fe9f9f5e4d2848e27bcd7f511d433b85e83fa996,https://ssma.magyp.gob.ar/frutas.precios.aspx,2026-10-06T12:10:56.106249Z,[]
mcba,MCBA,Hortalizas,BATATA,ARAPEY,CORDOBA,BOLSA,Primera,MEDIANO,,ARS,ARS/kg,detail,2026-08-24,1030.77,6f7e15e06ea78c350292889e280ad65310bfe6a0c6115c8f881dbe82b47f63c6,https://ssma.magyp.gob.ar/frutas.precios.aspx,2026-10-06T12:10:56.106249Z,[]
mcba,MCBA,Hortalizas,BATATA,ARAPEY,FORMOSA,BOLSA,Primera,MEDIANO,,ARS,ARS/kg,detail,2024-10-02,846.15,e661697d96e2aeb84accbf8bb2e119236d26cd2286c55a46c2272399900f2f54,https://ssma.magyp.gob.ar/frutas.precios.aspx,2026-10-06T12:18:11.346124Z,[]
mcba,MCBA,Hortalizas,BATATA,PROM.ESP.,,,,,,ARS,ARS/kg,species_summary,2026-08-24,1404.95,a4e63495d0e6d55fe8343b62eb527d75b95b3af760fcce4a883b161afc4215c6,https://ssma.magyp.gob.ar/frutas.precios.aspx,2026-10-06T12:10:56.106249Z,"[""origin_missing""]"
mcba,MCBA,Hortalizas,BERENJENA,PROM.ESP.,,,,,,ARS,ARS/kg,species_summary,2026-08-24,1625.0,6cec0c72e754bb5f48c3fb0252e3e0273f5e41b423d23238b56541d0ed48d79e,https://ssma.magyp.gob.ar/frutas.precios.aspx,2026-10-06T12:10:56.106249Z,"[""origin_missing""]"
mcba,MCBA,Hortalizas,BERENJENA,VTA.MED.LA,SALTA,PERDIDO,Primera,MEDIANO,INVERNAC,ARS,ARS/kg,detail,2026-08-24,1791.67,eadbb88b3605c3f0c307a460137dfbfd7e8aceaea6ec841eb132f73096c10e13,https://ssma.magyp.gob.ar/frutas.precios.aspx,2026-10-06T12:10:56.106249Z,[]
mcba,MCBA,Hortalizas,BERENJENA,VTA.MED.LA,SALTA,TORO,Primera,MEDIANO,,ARS,ARS/kg,detail,2026-08-24,1583.33,adfe61eb9926860abdeb0a8e7f544c6bd9476cb0dbbfff3ca040ffbf9fa0c057,https://ssma.magyp.gob.ar/frutas.precios.aspx,2026-10-06T12:10:56.106249Z,[]
mcba,MCBA,Hortalizas,BERRO,PROM.ESP.,,,,,,ARS,ARS/kg,species_summary,2026-08-24,2500.0,b4006fed6c220b0e6ffac9e03e912c3ec9dd4fcf097999e24906c9dc809c95ea,https://ssma.magyp.gob.ar/frutas.precios.aspx,2026-10-06T12:10:56.106249Z,"[""origin_missing""]"
mcba,MCBA,Hortalizas,BERRO,,BS. AS.,TORITO,Primera,,,ARS,ARS/kg,detail,2024-10-02,1250.0,bddee5ced6093324dd17a9ffc58c1113678f7b414d58d10012e43cc1cad1055c,https://ssma.magyp.gob.ar/frutas.precios.aspx,2026-10-06T12:18:11.346124Z,[]
mcba,MCBA,Hortalizas,BROCOLI,PROM.ESP.,,,,,,ARS,ARS/kg,species_summary,2026-08-24,1583.33,07919bd9602b37bc0728733f10f61d57601c45a2b788ab4c5095f28952b08b4f,https://ssma.magyp.gob.ar/frutas.precios.aspx,2026-10-06T12:10:56.106249Z,"[""origin_missing""]"
mcba,MCBA,Hortalizas,BROCOLI,,BS. AS.,JAULA,Primera,MEDIANO,INVERNAC,ARS,ARS/kg,detail,2026-08-24,1625.0,d8928b8ea329f3b8ef0331198c4274237f17b4c87331f7e0088739639fd03bde,https://ssma.magyp.gob.ar/frutas.precios.aspx,2026-10-06T12:10:56.106249Z,[]
mcba,MCBA,Hortalizas,BROCOLI,,BS. AS.,JAULA,Primera,MEDIANO,,ARS,ARS/kg,detail,2026-08-24,1250.0,513051111d411eea6015cc5ad4cd5a9989bd5171341d0511cfd76fd620ad00c9,https://ssma.magyp.gob.ar/frutas.precios.aspx,2026-10-06T12:10:56.106249Z,[]
mcba,MCBA,Hortalizas,CARDO,PROM.ESP.,,,,,,ARS,ARS/kg,species_summary,2026-08-24,1500.0,b1b6c49e4d07351b7cf817fe8f8b368c3221dec9e45b2c5e5dc3ef352e20b253,https://ssma.magyp.gob.ar/frutas.precios.aspx,2026-10-06T12:10:56.106249Z,"[""origin_missing""]"
mcba,MCBA,Hortalizas,CARDO,,BS. AS.,ATADO,Primera,CHICO,,ARS,ARS/kg,detail,2024-10-02,460.0,5f9ca879481cc128f36fd4db5eb7ec00e52218647d3b851ce3a1a198b38ebb48,https://ssma.magyp.gob.ar/frutas.precios.aspx,2026-10-06T12:18:11.346124Z,[]
mcba,MCBA,Hortalizas,CEB.VERDEO,COLORADA,BS. AS.,ATADO,Primera,MEDIANO,,ARS,ARS/kg,detail,2026-08-24,2600.0,f098b2537a6ba5c05b145c1183edba7b1064795fa0b54b3c45ea1caa75fd47a7,https://ssma.magyp.gob.ar/frutas.precios.aspx,2026-10-06T12:10:56.106249Z,[]
mcba,MCBA,Hortalizas,CEB.VERDEO,COLORADA,BS. AS.,JAULA,Primera,MEDIANO,,ARS,ARS/kg,detail,2026-08-24,2200.0,b8dacc7cbf6ff213feb9f6a3cae8fbe12d26338c991d4f2e8c54d0c8e293e7c2,https://ssma.magyp.gob.ar/frutas.precios.aspx,2026-10-06T12:10:56.106249Z,[]
mcba,MCBA,Hortalizas,CEB.VERDEO,PROM.ESP.,,,,,,ARS,ARS/kg,species_summary,2026-08-24,2366.67,7a41e6a2c775a8a5ccbd0bda8775e5e078c3a4d62308d6adfe964c1ac9058520,https://ssma.magyp.gob.ar/frutas.precios.aspx,2026-10-06T12:10:56.106249Z,"[""origin_missing""]"
mcba,MCBA,Hortalizas,CEBOLLA,COLORADA,BRASIL,BOLSA,Primera,MEDIANO,,ARS,ARS/kg,detail,2025-10-02,1100.0,8b6a02ebcb1f5e7064d2f45e4811641b63ff3a6c052a31532ae3c7061b0f0154,https://ssma.magyp.gob.ar/frutas.precios.aspx,2026-10-06T12:20:50.197055Z,[]
mcba,MCBA,Hortalizas,CEBOLLA,OPTIMA,BRASIL,BOLSA,Primera,MEDIANO,,ARS,ARS/kg,detail,2026-08-24,1250.0,3252e38368cf67a098842fb9e00b90f577abe9267d1e1b88f35fbf72dea3f1c3,https://ssma.magyp.gob.ar/frutas.precios.aspx,2026-10-06T12:10:56.106249Z,[]
mcba,MCBA,Hortalizas,CEBOLLA,PROM.ESP.,,,,,,ARS,ARS/kg,species_summary,2026-08-24,1075.0,d842e5ebe49d08cc1676bed6e8cd3d77eb7b0fb649600e6da6fef61fb941cd2f,https://ssma.magyp.gob.ar/frutas.precios.aspx,2026-10-06T12:10:56.106249Z,"[""origin_missing""]"
mcba,MCBA,Hortalizas,CEBOLLA,VALENCIANI,SALTA,BOLSA,Segunda,MEDIANO,,ARS,ARS/kg,detail,2024-10-02,465.0,3522ac6305cb7e9be94c07b2995a3290a11f57158c30f8917b817e19e50ba000,https://ssma.magyp.gob.ar/frutas.precios.aspx,2026-10-06T12:18:11.346124Z,[]
mcba,MCBA,Hortalizas,CEBOLLA,VALENCIANI,SAN JUAN,BOLSA,Primera,MEDIANO,,ARS,ARS/kg,detail,2024-10-02,625.0,9d7646f421189bc2669bd1fc6236fa42ba7308e73411de648884c315396bbd6a,https://ssma.magyp.gob.ar/frutas.precios.aspx,2026-10-06T12:18:11.346124Z,[]
mcba,MCBA,Hortalizas,CEBOLLA,VALENCIANI,SGO.EST.,BOLSA,Primera,MEDIANO,,ARS,ARS/kg,detail,2024-10-02,500.0,2d7a4455d4f48da1cdb22efcc5534494db164030df5d4e8ea5d865bcdff891f6,https://ssma.magyp.gob.ar/frutas.precios.aspx,2026-10-06T12:18:11.346124Z,[]
mcba,MCBA,Hortalizas,CEBOLLA,VALENCIANI,SGO.EST.,BOLSA,Segunda,MEDIANO,,ARS,ARS/kg,detail,2025-10-02,415.0,1a25452b96dc48cc982e4eb12bd403ceead743c8044bd14cc3e2a380fcf082c9,https://ssma.magyp.gob.ar/frutas.precios.aspx,2026-10-06T12:20:50.197055Z,[]
mcba,MCBA,Hortalizas,CHAUCHA,PROM.ESP.,,,,,,ARS,ARS/kg,species_summary,2026-08-24,2550.0,b753ebf2762543f585e25b9870c4493d62a7e33661f9a6b54e370f42ad6a7175,https://ssma.magyp.gob.ar/frutas.precios.aspx,2026-10-06T12:10:56.106249Z,"[""origin_missing""]"
mcba,MCBA,Hortalizas,CHAUCHA,ROLLIZA,BS. AS.,TORITO,Primera,MEDIANO,,ARS,ARS/kg,detail,2024-10-02,2875.0,40b84616717b3a76150c1a138caaee47408a865d929911a39f30f3da5adae8ed,https://ssma.magyp.gob.ar/frutas.precios.aspx,2026-10-06T12:18:11.346124Z,[]
mcba,MCBA,Hortalizas,CHAUCHA,ROLLIZA,SALTA,TORO,Primera,MEDIANO,,ARS,ARS/kg,detail,2026-08-24,2250.0,35bc4eb531ec6e7640fc1a0eede7de105d3cbf7312cb27f66cefb9314bdb64f9,https://ssma.magyp.gob.ar/frutas.precios.aspx,2026-10-06T12:10:56.106249Z,[]
mcba,MCBA,Hortalizas,CHAUCHA,ROLLIZA,SALTA,TORO,Segunda,MEDIANO,,ARS,ARS/kg,detail,2025-10-02,1416.67,c8ee801206971986bf639cff982a776e57bd867e4db8c1cbc961a1da704ef1c6,https://ssma.magyp.gob.ar/frutas.precios.aspx,2026-10-06T12:20:50.197055Z,[]
mcba,MCBA,Hortalizas,CHOCLO,AMARILLO,SALTA,BOLSA,Segunda,MEDIANO,,ARS,ARS/kg,detail,2024-10-02,633.33,8f18da7e6e1e1559a6367c7ef2bed8e50f248ae8914bcf858311a897cbee64da,https://ssma.magyp.gob.ar/frutas.precios.aspx,2026-10-06T12:18:11.346124Z,[]
mcba,MCBA,Hortalizas,CHOCLO,AMARILLO,SALTA,PERDIDO,Primera,MEDIANO,PRE-ENFR,ARS,ARS/kg,detail,2026-08-24,3533.33,1d831f89d87b158791a688a17ea500eda9783c0f899da57fe21199ca8a987007,https://ssma.magyp.gob.ar/frutas.precios.aspx,2026-10-06T12:10:56.106249Z,[]
mcba,MCBA,Hortalizas,CHOCLO,PROM.ESP.,,,,,,ARS,ARS/kg,species_summary,2026-08-24,3233.33,c80cc2f83f60d226c9f6df4fc970e55debbccaee24077dd0da52bcef707235e8,https://ssma.magyp.gob.ar/frutas.precios.aspx,2026-10-06T12:10:56.106249Z,"[""origin_missing""]"
mcba,MCBA,Hortalizas,CIBOULLE,PROM.ESP.,,,,,,ARS,ARS/kg,species_summary,2026-08-24,11000.0,0c8ca75bd3cf9997721353f5aceb8f2d842afeff1e44e3c9c254b77e91347381,https://ssma.magyp.gob.ar/frutas.precios.aspx,2026-10-06T12:10:56.106249Z,"[""origin_missing""]"
mcba,MCBA,Hortalizas,CIBOULLE,,BS. AS.,ATADO,Primera,MEDIANO,,ARS,ARS/kg,detail,2026-08-24,11000.0,7210fbc2e0e3251318b05aaa588775819758b0a92f2c03e72e5177fef4c13eb1,https://ssma.magyp.gob.ar/frutas.precios.aspx,2026-10-06T12:10:56.106249Z,[]
mcba,MCBA,Hortalizas,COLIFLOR,PROM.ESP.,,,,,,ARS,ARS/kg,species_summary,2026-08-24,800.0,67a8238f11fbaad9005eea5db2d5fd701f1ef5585894f9677ec4fcb5bfac81f9,https://ssma.magyp.gob.ar/frutas.precios.aspx,2026-10-06T12:10:56.106249Z,"[""origin_missing""]"
mcba,MCBA,Hortalizas,COLIFLOR,,BS. AS.,JAULA,Primera,MEDIANO,,ARS,ARS/kg,detail,2026-08-24,733.33,a9cb9f0d5b8a6e548c18b478d8630989b813771be6c36c355f0e3e5be2b4ab39,https://ssma.magyp.gob.ar/frutas.precios.aspx,2026-10-06T12:10:56.106249Z,[]
mcba,MCBA,Hortalizas,CURCUMA,PROM.ESP.,,,,,,ARS,ARS/kg,species_summary,2026-08-24,4500.0,7fb7cea810c545154c370d2512d31911351d91ee1f6ee3e361e15e058707ea88,https://ssma.magyp.gob.ar/frutas.precios.aspx,2026-10-06T12:10:56.106249Z,"[""origin_missing""]"
mcba,MCBA,Hortalizas,CURCUMA,SIN VARIED,BRASIL,CAJA,Primera,MEDIANO,,ARS,ARS/kg,detail,2026-08-24,4500.0,c4c3ae5f6150c044c3d32f1b8508d02a6358f998bef8ee18bd7d07177b01f85d,https://ssma.magyp.gob.ar/frutas.precios.aspx,2026-10-06T12:10:56.106249Z,[]
mcba,MCBA,Hortalizas,ENDIBIA,PROM.ESP.,,,,,,ARS,ARS/kg,species_summary,2026-08-24,21000.0,cd034ebd915291a0c491a41836d4e17381b1f6676de02d6ce5f3a9d424e4b64c,https://ssma.magyp.gob.ar/frutas.precios.aspx,2026-10-06T12:10:56.106249Z,"[""origin_missing""]"
mcba,MCBA,Hortalizas,ENDIBIA,,BS. AS.,BANDEJA,Primera,MEDIANO,,ARS,ARS/kg,detail,2026-08-24,21000.0,ad0ece055eaa4b9bb371753551392e12e6fbd8b1848df9e69ed924456e49d346,https://ssma.magyp.gob.ar/frutas.precios.aspx,2026-10-06T12:10:56.106249Z,[]
mcba,MCBA,Hortalizas,ESCAROLA,HOJA ANCHA,BS. AS.,TORITO,Primera,,,ARS,ARS/kg,detail,2026-08-24,1200.0,8dea66def4708344d5ac22dc28f0a56ccf9d8b752a3e566cc59741ccd3c20626,https://ssma.magyp.gob.ar/frutas.precios.aspx,2026-10-06T12:10:56.106249Z,[]
mcba,MCBA,Hortalizas,ESCAROLA,HOJA FINA,BS. AS.,TORITO,Primera,,,ARS,ARS/kg,detail,2026-08-24,1400.0,1a876d2a22b5eb20c0bdc0e9580eb310aaf5e0015a76a4edf6b98f2aa77a3d13,https://ssma.magyp.gob.ar/frutas.precios.aspx,2026-10-06T12:10:56.106249Z,[]
mcba,MCBA,Hortalizas,ESCAROLA,PROM.ESP.,,,,,,ARS,ARS/kg,species_summary,2026-08-24,1300.0,cd0f0955dab30baa8d2a5341040b73bf66c15a924fc25d896fa726e66771bc6f,https://ssma.magyp.gob.ar/frutas.precios.aspx,2026-10-06T12:10:56.106249Z,"[""origin_missing""]"
mcba,MCBA,Hortalizas,ESPARRAGO,PROM.ESP.,,,,,,ARS,ARS/kg,species_summary,2026-08-24,8933.33,fbc6b86d38af47fc5d009d82dd347f6d17bcd462176ba6e763e7078998aa5aa7,https://ssma.magyp.gob.ar/frutas.precios.aspx,2026-10-06T12:10:56.106249Z,"[""origin_missing""]"
mcba,MCBA,Hortalizas,ESPARRAGO,VERDE,CORDOBA,ATADO,Primera,MEDIANO,,ARS,ARS/kg,detail,2024-10-02,1300.0,099032323337128a507f57d9c97587b7999dfd5148ae44bf1cff981ee4d5b369,https://ssma.magyp.gob.ar/frutas.precios.aspx,2026-10-06T12:18:11.346124Z,[]
mcba,MCBA,Hortalizas,ESPARRAGO,VERDE,SAN JUAN,ATADO,Primera,CHICO,,ARS,ARS/kg,detail,2026-08-24,6400.0,9556df578d0a2ba5b3c36a37c9e1b3224d1b583b007df821ae976e1d1de86558,https://ssma.magyp.gob.ar/frutas.precios.aspx,2026-10-06T12:10:56.106249Z,[]
mcba,MCBA,Hortalizas,ESPARRAGO,VERDE,SAN JUAN,ATADO,Primera,GRANDE,,ARS,ARS/kg,detail,2024-10-02,1400.0,85fff8b627436e326a3f0faf30290086145cad07118febb0fbcc4d749397b428,https://ssma.magyp.gob.ar/frutas.precios.aspx,2026-10-06T12:18:11.346124Z,[]
mcba,MCBA,Hortalizas,ESPARRAGO,VERDE,SAN JUAN,ATADO,Primera,MEDIANO,,ARS,ARS/kg,detail,2026-08-24,9600.0,877d4005732da837654bd7d7182f16600fde8045c41e66b7f2e0d4a86140d751,https://ssma.magyp.gob.ar/frutas.precios.aspx,2026-10-06T12:10:56.106249Z,[]
mcba,MCBA,Hortalizas,ESPINACA,PROM.ESP.,,,,,,ARS,ARS/kg,species_summary,2026-08-24,1070.0,ea6f4f7ffb72b7fdb4ab8c68bb88d0b975ee3a3432b10f13ad9f8e9cf876f1e8,https://ssma.magyp.gob.ar/frutas.precios.aspx,2026-10-06T12:10:56.106249Z,"[""origin_missing""]"
mcba,MCBA,Hortalizas,ESPINACA,,BS. AS.,JAULA,Primera,,INVERNAC,ARS,ARS/kg,detail,2026-08-24,1240.0,b3549e567b5ddd778619990ea306dadd78d45530bcbf92b00a6d9b0d9623a57d,https://ssma.magyp.gob.ar/frutas.precios.aspx,2026-10-06T12:10:56.106249Z,[]
mcba,MCBA,Hortalizas,ESPINACA,,BS. AS.,JAULA,Primera,,,ARS,ARS/kg,detail,2026-08-24,900.0,291b11f9bbf1e046888d4ea11a07297c7cdba772550aec410a190074fde4e94f,https://ssma.magyp.gob.ar/frutas.precios.aspx,2026-10-06T12:10:56.106249Z,[]
mcba,MCBA,Hortalizas,HINOJO,PROM.ESP.,,,,,,ARS,ARS/kg,species_summary,2026-08-24,1000.0,2bfb2fe723afa55431ef1a8b528ffd0c546ec576c1ffcdecc941c66e12283dc2,https://ssma.magyp.gob.ar/frutas.precios.aspx,2026-10-06T12:10:56.106249Z,"[""origin_missing""]"
mcba,MCBA,Hortalizas,HINOJO,,BS. AS.,JAULA,Primera,MEDIANO,,ARS,ARS/kg,detail,2026-08-24,1000.0,93cf6a437de8958fd05c0edf83955a886ed4dcef6d569795a5e25b57205a8287,https://ssma.magyp.gob.ar/frutas.precios.aspx,2026-10-06T12:10:56.106249Z,[]
mcba,MCBA,Hortalizas,HINOJO,,BS. AS.,JAULA,Segunda,MEDIANO,,ARS,ARS/kg,detail,2024-10-02,733.33,08d990db82a07fb7ac04a15c2180767a94c7711d3295ad5ac1ee824769c233fe,https://ssma.magyp.gob.ar/frutas.precios.aspx,2026-10-06T12:18:11.346124Z,[]
mcba,MCBA,Hortalizas,HONGOS,AGARICUS,BS. AS.,BOLSA,Primera,,,ARS,ARS/kg,detail,2026-08-24,19500.0,0ee55f7ce46e62d397d05d0b2b6751313bff47394ad55b5ce0b5915d7fd696bd,https://ssma.magyp.gob.ar/frutas.precios.aspx,2026-10-06T12:10:56.106249Z,[]
mcba,MCBA,Hortalizas,HONGOS,AGARICUS,BS. AS.,BOLSA,Segunda,SIN TAM,,ARS,ARS/kg,detail,2024-10-02,8500.0,1d93d89021301013175ef710a9c92bd457ee995b9804c5b48b087fb351416287,https://ssma.magyp.gob.ar/frutas.precios.aspx,2026-10-06T12:18:11.346124Z,[]
mcba,MCBA,Hortalizas,HONGOS,OYSTER,BS. AS.,BANDEJA,Primera,,,ARS,ARS/kg,detail,2026-08-24,21000.0,198b4f5e9889078797e6eb98c315b179bf898e388f616eaa4e1309c8f46d95fb,https://ssma.magyp.gob.ar/frutas.precios.aspx,2026-10-06T12:10:56.106249Z,[]
mcba,MCBA,Hortalizas,HONGOS,PORTOBELO,BS. AS.,BOLSA,Primera,,,ARS,ARS/kg,detail,2026-08-24,22000.0,1d6f2309b16bb00b60e7083bf4f4bdd1f0daeaac209d388275b2c4916ac1a4e5,https://ssma.magyp.gob.ar/frutas.precios.aspx,2026-10-06T12:10:56.106249Z,[]
mcba,MCBA,Hortalizas,HONGOS,PROM.ESP.,,,,,,ARS,ARS/kg,species_summary,2026-08-24,21375.0,bfc13de418e684334a02e940b7f3465996f61b67f4b4dae6b394a06222971842,https://ssma.magyp.gob.ar/frutas.precios.aspx,2026-10-06T12:10:56.106249Z,"[""origin_missing""]"
mcba,MCBA,Hortalizas,JENGIBRE,PROM.ESP.,,,,,,ARS,ARS/kg,species_summary,2026-08-24,3450.0,53752875595e4cd58cd8a8d5c2faaafac565f999c6c0b0ce93b265e6a8254498,https://ssma.magyp.gob.ar/frutas.precios.aspx,2026-10-06T12:10:56.106249Z,"[""origin_missing""]"
mcba,MCBA,Hortalizas,JENGIBRE,,BRASIL,BOLSA,Primera,MEDIANO,,ARS,ARS/kg,detail,2026-08-24,3500.0,824579c125cf1e30cf2f3122782a98f4702af11bbad3ee7da1313b89cd5b3986,https://ssma.magyp.gob.ar/frutas.precios.aspx,2026-10-06T12:10:56.106249Z,[]
mcba,MCBA,Hortalizas,KALE,CRESPO,BS. AS.,ATADO,Primera,SIN TAM,VERDE,ARS,ARS/kg,detail,2026-08-24,1100.0,6538ce65dd006d4a7012346486a7fae43c2dfffd5990412bc7e64404841c91a7,https://ssma.magyp.gob.ar/frutas.precios.aspx,2026-10-06T12:10:56.106249Z,[]
mcba,MCBA,Hortalizas,KALE,PROM.ESP.,,,,,,ARS,ARS/kg,species_summary,2026-08-24,1150.0,b641982da5dd51e76c6bf28b577857b1eaeeeea921829ceb7b82e1382afcce9c,https://ssma.magyp.gob.ar/frutas.precios.aspx,2026-10-06T12:10:56.106249Z,"[""origin_missing""]"
mcba,MCBA,Hortalizas,LECHUGA,CAPUCHINA,BS. AS.,JAULA,Primera,MEDIANO,,ARS,ARS/kg,detail,2026-08-24,791.67,7d069ec972604234a329247a018780d2d3fe5bc69888b721f5c19a8eb0f59dde,https://ssma.magyp.gob.ar/frutas.precios.aspx,2026-10-06T12:10:56.106249Z,[]
mcba,MCBA,Hortalizas,LECHUGA,CAPUCHINA,MENDOZA,JAULA,Primera,MEDIANO,,ARS,ARS/kg,detail,2024-10-02,783.33,3d8d311e3c0aff543482021d64a1dfab2163e592929feab4861f95713bd7e415,https://ssma.magyp.gob.ar/frutas.precios.aspx,2026-10-06T12:18:11.346124Z,[]
mcba,MCBA,Hortalizas,LECHUGA,CAPUCHINA,SANTA FE,JAULA,Primera,MEDIANO,,ARS,ARS/kg,detail,2026-08-24,833.33,1f82476edbbfb1837f976a1b3da4d0f315f83a1db507a330c762d9615c047d4c,https://ssma.magyp.gob.ar/frutas.precios.aspx,2026-10-06T12:10:56.106249Z,[]
mcba,MCBA,Hortalizas,LECHUGA,CRIOLLA,BS. AS.,JAULA,Primera,GRANDE,INVERNAC,ARS,ARS/kg,detail,2026-08-24,1000.0,ee627450110df2b2510925747244873dae210528c4b49a0b27941380c7cb1157,https://ssma.magyp.gob.ar/frutas.precios.aspx,2026-10-06T12:10:56.106249Z,[]
mcba,MCBA,Hortalizas,LECHUGA,CRIOLLA,BS. AS.,JAULA,Primera,MEDIANO,INVERNAC,ARS,ARS/kg,detail,2026-08-24,812.5,704d5927a0a6f641fd4fbdfdb8eb52214a41f8928bf4290a8525b9e6b1a65b06,https://ssma.magyp.gob.ar/frutas.precios.aspx,2026-10-06T12:10:56.106249Z,[]
mcba,MCBA,Hortalizas,LECHUGA,CRIOLLA,BS. AS.,JAULA,Primera,MEDIANO,,ARS,ARS/kg,detail,2025-10-02,475.0,e429f84a3ab3c2976f04a985774ece22bb5c8c35c45af228c64ad2734a6350c2,https://ssma.magyp.gob.ar/frutas.precios.aspx,2026-10-06T12:20:50.197055Z,[]
mcba,MCBA,Hortalizas,LECHUGA,CRIOLLA,SANTA FE,JAULA,Primera,MEDIANO,,ARS,ARS/kg,detail,2026-08-24,833.33,b5dab91b15e04faf2ff9a979896628353e1c2e3b6724955fd554392d1895e631,https://ssma.magyp.gob.ar/frutas.precios.aspx,2026-10-06T12:10:56.106249Z,[]
mcba,MCBA,Hortalizas,LECHUGA,MANTECOSA,BS. AS.,JAULA,Primera,MEDIANO,INVERNAC,ARS,ARS/kg,detail,2026-08-24,1300.0,b03e06f8dd1d7d68642e45caa44ccbbf74ed4b8e47f3b61d666c255c16240973,https://ssma.magyp.gob.ar/frutas.precios.aspx,2026-10-06T12:10:56.106249Z,[]
mcba,MCBA,Hortalizas,LECHUGA,PROM.ESP.,,,,,,ARS,ARS/kg,species_summary,2026-08-24,971.92,c20379ec69d10cdb0080a6367b08d94bcc749fe4b5b7a3b5ba1eb960a0f5849b,https://ssma.magyp.gob.ar/frutas.precios.aspx,2026-10-06T12:10:56.106249Z,"[""origin_missing""]"
mcba,MCBA,Hortalizas,MANDIOCA,PROM.ESP.,,,,,,ARS,ARS/kg,species_summary,2026-08-24,700.0,344dad9d17b38b5d7d4d175b85c93195993e8cb815eef40139238fa88762de49,https://ssma.magyp.gob.ar/frutas.precios.aspx,2026-10-06T12:10:56.106249Z,"[""origin_missing""]"
mcba,MCBA,Hortalizas,MANDIOCA,,MISIONES,BOLSA,Primera,GRANDE,,ARS,ARS/kg,detail,2026-08-24,700.0,3a65525e1398af51ea3cea748093e5863cbc20b571cba6488aa7200178cc2fe0,https://ssma.magyp.gob.ar/frutas.precios.aspx,2026-10-06T12:10:56.106249Z,[]
mcba,MCBA,Hortalizas,NABIZA,PROM.ESP.,,,,,,ARS,ARS/kg,species_summary,2024-10-02,700.0,0284b81d1d0f5ece377299dd6891f782d21c3068de9818372b3bb8cb8bd9da16,https://ssma.magyp.gob.ar/frutas.precios.aspx,2026-10-06T12:18:11.346124Z,"[""origin_missing""]"
mcba,MCBA,Hortalizas,NABIZA,,BS. AS.,TORITO,Primera,,,ARS,ARS/kg,detail,2024-10-02,700.0,ddc5b3f1ab5813015f2507e0ed31c13e8a0575689083de04781869522fc2c178,https://ssma.magyp.gob.ar/frutas.precios.aspx,2026-10-06T12:18:11.346124Z,[]
mcba,MCBA,Hortalizas,NABO,BLANCO,BS. AS.,ATADO,Primera,MEDIANO,,ARS,ARS/kg,detail,2026-08-24,1333.33,23f0ef52f1f3426a10dfcbe823f29dc4b26ec509390830eadf766736a8a16835,https://ssma.magyp.gob.ar/frutas.precios.aspx,2026-10-06T12:10:56.106249Z,[]
mcba,MCBA,Hortalizas,NABO,PROM.ESP.,,,,,,ARS,ARS/kg,species_summary,2026-08-24,1333.33,123e2a04c841ee78b10e60c407b380753e37738c530c8b511650feb9be42b036,https://ssma.magyp.gob.ar/frutas.precios.aspx,2026-10-06T12:10:56.106249Z,"[""origin_missing""]"
mcba,MCBA,Hortalizas,OREGANO,PROM.ESP.,,,,,,ARS,ARS/kg,species_summary,2026-08-24,9500.0,fc1f8d76cb47438a1bad700cf97be1cb5d3ab43da8142c634691c6d1a734b9b1,https://ssma.magyp.gob.ar/frutas.precios.aspx,2026-10-06T12:10:56.106249Z,"[""origin_missing""]"
mcba,MCBA,Hortalizas,OREGANO,,BS. AS.,ATADO,Primera,MEDIANO,,ARS,ARS/kg,detail,2025-10-02,9500.0,8f5a82e3120a8560b251d924f9f9ddbd77a919284305b7f18a85fb8dfcc3a1c9,https://ssma.magyp.gob.ar/frutas.precios.aspx,2026-10-06T12:20:50.197055Z,[]
mcba,MCBA,Hortalizas,PACK CHOY,PROM.ESP.,,,,,,ARS,ARS/kg,species_summary,2026-08-24,3000.0,3dfa8bd4a2a9238430744fccb0af3d4ed20c4a3a362e1827a48061f541a502f9,https://ssma.magyp.gob.ar/frutas.precios.aspx,2026-10-06T12:10:56.106249Z,"[""origin_missing""]"
mcba,MCBA,Hortalizas,PACK CHOY,,BS. AS.,BANDEJA,Primera,,,ARS,ARS/kg,detail,2026-08-24,3000.0,405c8fc8e61df8aedada4954fc72b6755260491d92f3c4d0742729ba30ba9ef5,https://ssma.magyp.gob.ar/frutas.precios.aspx,2026-10-06T12:10:56.106249Z,[]
mcba,MCBA,Hortalizas,PAPA,AGATA,BRASIL,BOLSA,Primera,CHICO,LAVADA,ARS,ARS/kg,detail,2024-10-02,1980.0,064a6d0150f5629139ab62c11cf72542ca1a6ebaf28bc7f1e195d8a298b2ebec,https://ssma.magyp.gob.ar/frutas.precios.aspx,2026-10-06T12:18:11.346124Z,[]
mcba,MCBA,Hortalizas,PAPA,ASTERIX,CORDOBA,BOLSA,Primera,MEDIANO,LAVADA,ARS,ARS/kg,detail,2024-10-02,800.0,69d54f28cab01ce263fe900402299e34916705a1e30644b6e49cd4068fa8ec8c,https://ssma.magyp.gob.ar/frutas.precios.aspx,2026-10-06T12:18:11.346124Z,[]
mcba,MCBA,Hortalizas,PAPA,DAIFLA,SAN LUIS,BOLSA,Primera,MEDIANO,LAVADA,ARS,ARS/kg,detail,2025-10-02,475.0,2aed93e8d28cb4b58f42f105cfcc8b5b848256bfa405d0c17c58b84937078505,https://ssma.magyp.gob.ar/frutas.precios.aspx,2026-10-06T12:20:50.197055Z,[]
mcba,MCBA,Hortalizas,PAPA,DAISY,SAN LUIS,BOLSA,Primera,MEDIANO,LAVADA,ARS,ARS/kg,detail,2024-10-02,1000.0,0b1d0fa8f3ad853feb4df09410e0a106575114521f15fc3b2fa009c0f51c6ac8,https://ssma.magyp.gob.ar/frutas.precios.aspx,2026-10-06T12:18:11.346124Z,[]
mcba,MCBA,Hortalizas,PAPA,PROM.ESP.,,,,,,ARS,ARS/kg,species_summary,2026-08-24,934.63,96cfe77b9e48a3b5107988e356b5d44eaaa7961c663abd45dd3403c5d1874b85,https://ssma.magyp.gob.ar/frutas.precios.aspx,2026-10-06T12:10:56.106249Z,"[""origin_missing""]"
mcba,MCBA,Hortalizas,PAPA,SAGITTA,SAN LUIS,BOLSA,Primera,MEDIANO,LAVADA,ARS,ARS/kg,detail,2025-10-02,470.0,17622fff1e915aeda621d6a74fc6a7176739e6d4f7151c291d08fb8fb8f80537,https://ssma.magyp.gob.ar/frutas.precios.aspx,2026-10-06T12:20:50.197055Z,[]
mcba,MCBA,Hortalizas,PAPA,SPUNTA,CORDOBA,BOLSA,Segunda,MEDIANO,,ARS,ARS/kg,detail,2026-08-24,1000.0,ef8f6ebb10fad9e2515a8b3b7bab161cbade01d61ea2a199bcc993c5943e97c0,https://ssma.magyp.gob.ar/frutas.precios.aspx,2026-10-06T12:10:56.106249Z,[]
mcba,MCBA,Hortalizas,PAPA,SPUNTA,SE BS.AS,BOLSA,Segunda,MEDIANO,CEPILLAD,ARS,ARS/kg,detail,2026-08-24,888.89,435ddb6f8e921030a2664781a1494c7c89e1b37448858173bba9dfdd457abd0d,https://ssma.magyp.gob.ar/frutas.precios.aspx,2026-10-06T12:10:56.106249Z,[]
mcba,MCBA,Hortalizas,PAPA,SPUNTA,SE BS.AS,BOLSA,Segunda,MEDIANO,,ARS,ARS/kg,detail,2026-08-24,722.22,87b79b5a18046157315869313a0d227b7ff0a122caeb5f3083632cb2bd124816,https://ssma.magyp.gob.ar/frutas.precios.aspx,2026-10-06T12:10:56.106249Z,[]
mcba,MCBA,Hortalizas,PAPA,SPUNTA,TUCUMAN,BOLSA,Segunda,MEDIANO,,ARS,ARS/kg,detail,2024-10-02,722.22,d838b28e84557dbf6c0ca666b78338bb920a8c149f8c90773915becb9b48d1af,https://ssma.magyp.gob.ar/frutas.precios.aspx,2026-10-06T12:18:11.346124Z,[]
mcba,MCBA,Hortalizas,PAPA,SPUNTA,V.DOLOR.,BOLSA,Segunda,MEDIANO,,ARS,ARS/kg,detail,2026-08-24,972.22,08b62f9f791bf16798c01921f87b0d6718fef1ab55ae0dbff3e86568a7c394a1,https://ssma.magyp.gob.ar/frutas.precios.aspx,2026-10-06T12:10:56.106249Z,[]
mcba,MCBA,Hortalizas,PAPA,YONA,SAN LUIS,BOLSA,Primera,MEDIANO,LAVADA,ARS,ARS/kg,detail,2024-10-02,950.0,20b0cbf6a494676529dafd8d4234cbbc93672df3b552fe0fae51a0effaeb43ee,https://ssma.magyp.gob.ar/frutas.precios.aspx,2026-10-06T12:18:11.346124Z,[]
mcba,MCBA,Hortalizas,PEPINO,PROM.ESP.,,,,,,ARS,ARS/kg,species_summary,2026-08-24,722.22,21784ca4d16f5103ca6cabc7d88a533cef5910752bc83e6751593bee617695b2,https://ssma.magyp.gob.ar/frutas.precios.aspx,2026-10-06T12:10:56.106249Z,"[""origin_missing""]"
mcba,MCBA,Hortalizas,PEPINO,,BS. AS.,TORITO,Primera,MEDIANO,,ARS,ARS/kg,detail,2024-10-02,1166.67,f2e21f451a4f942713c0f0846f45777bef2b2b6816bf1b6ecafc60a89be4d77c,https://ssma.magyp.gob.ar/frutas.precios.aspx,2026-10-06T12:18:11.346124Z,[]
mcba,MCBA,Hortalizas,PEPINO,,CTES.,PERDIDO,Primera,MEDIANO,,ARS,ARS/kg,detail,2025-10-02,653.33,2c3d5b0c8cd968916198afafa7535126cdcef834588e289424100f793e56934a,https://ssma.magyp.gob.ar/frutas.precios.aspx,2026-10-06T12:20:50.197055Z,[]
mcba,MCBA,Hortalizas,PEPINO,,SALTA,TORO,Primera,MEDIANO,,ARS,ARS/kg,detail,2026-08-24,666.67,c7c1d8d6e4d304589f29f547aa5c38b550a87cd95a656f70fca643e1df449b85,https://ssma.magyp.gob.ar/frutas.precios.aspx,2026-10-06T12:10:56.106249Z,[]
mcba,MCBA,Hortalizas,PEREJIL,PROM.ESP.,,,,,,ARS,ARS/kg,species_summary,2026-08-24,1366.67,4a637f2c45a8cb6f8cc9b23b54655e020c8ced353ce68d5bf829df58fc9d3e6b,https://ssma.magyp.gob.ar/frutas.precios.aspx,2026-10-06T12:10:56.106249Z,"[""origin_missing""]"
mcba,MCBA,Hortalizas,PEREJIL,,BS. AS.,JAULA,Primera,GRANDE,INVERNAC,ARS,ARS/kg,detail,2024-10-02,1700.0,3b2b586d1b2ec187f381d17bc7929d77cf195c78f48eb4f236e9d89bebfe4f38,https://ssma.magyp.gob.ar/frutas.precios.aspx,2026-10-06T12:18:11.346124Z,[]
mcba,MCBA,Hortalizas,PEREJIL,,BS. AS.,JAULA,Primera,MEDIANO,,ARS,ARS/kg,detail,2026-08-24,1300.0,1cacd123e2869ab2f6627086ae8a7c73b4feac74e3b68afd29feed83849c1756,https://ssma.magyp.gob.ar/frutas.precios.aspx,2026-10-06T12:10:56.106249Z,[]
mcba,MCBA,Hortalizas,PIMIENTO,JALAPE¥O,CTES.,BANDEJA,Primera,MEDIANO,ROJO/INV,ARS,ARS/kg,detail,2025-10-02,1750.0,3d2a33551d907426443527fa4255a64aab21994338e6d8cc338149891cba5c36,https://ssma.magyp.gob.ar/frutas.precios.aspx,2026-10-06T12:20:50.197055Z,[]
mcba,MCBA,Hortalizas,PIMIENTO,MORRON,CTES.,PERDIDO,Primera,GRANDE,ROJO/INV,ARS,ARS/kg,detail,2025-10-02,2500.0,0f29639e94942956ddc0e7b832f1675e2bc82b337bbf74e81bb7a7d7cc68084b,https://ssma.magyp.gob.ar/frutas.precios.aspx,2026-10-06T12:20:50.197055Z,[]
mcba,MCBA,Hortalizas,PIMIENTO,MORRON,CTES.,PERDIDO,Primera,GRANDE,VDE/INV,ARS,ARS/kg,detail,2025-10-02,1875.0,7f120407365080b1c6757abf42ee5248f3e2a6793b49b5e7f98470371154e455,https://ssma.magyp.gob.ar/frutas.precios.aspx,2026-10-06T12:20:50.197055Z,[]
mcba,MCBA,Hortalizas,PIMIENTO,MORRON,CTES.,PERDIDO,Primera,MEDIANO,ROJO/INV,ARS,ARS/kg,detail,2025-10-02,1625.0,ba3d6ec714f975eb6de8bb18bf25c788565966dd355698ecb06fcb9969a09574,https://ssma.magyp.gob.ar/frutas.precios.aspx,2026-10-06T12:20:50.197055Z,[]
mcba,MCBA,Hortalizas,PIMIENTO,MORRON,CTES.,PERDIDO,Primera,MEDIANO,VDE/INV,ARS,ARS/kg,detail,2025-10-02,1375.0,711cab1220ac9b7fac49558859262feea7c33ce100f67e11dd7de8d89b26211f,https://ssma.magyp.gob.ar/frutas.precios.aspx,2026-10-06T12:20:50.197055Z,[]
mcba,MCBA,Hortalizas,PIMIENTO,MORRON,SALTA,PERDIDO,Primera,GRANDE,ROJO/INV,ARS,ARS/kg,detail,2026-08-24,3900.0,d50719d9173c476a111f0ca0708c557f133836361b37bb3b27ca23c7c41b0151,https://ssma.magyp.gob.ar/frutas.precios.aspx,2026-10-06T12:10:56.106249Z,[]
mcba,MCBA,Hortalizas,PIMIENTO,MORRON,SALTA,PERDIDO,Primera,GRANDE,VDE/INV,ARS,ARS/kg,detail,2026-08-24,2400.0,9fb5ad5629cf2f54561331d6fa3ba52ef97e77056611c5b959f82e1128323356,https://ssma.magyp.gob.ar/frutas.precios.aspx,2026-10-06T12:10:56.106249Z,[]
mcba,MCBA,Hortalizas,PIMIENTO,MORRON,SALTA,PERDIDO,Primera,MEDIANO,ROJO/INV,ARS,ARS/kg,detail,2026-08-24,3500.0,856cb383846c900d54d2fd23d802f60e066cce0ab63f6c0287f4dd2d24e2e8a7,https://ssma.magyp.gob.ar/frutas.precios.aspx,2026-10-06T12:10:56.106249Z,[]
mcba,MCBA,Hortalizas,PIMIENTO,MORRON,SALTA,PERDIDO,Primera,MEDIANO,VDE/INV,ARS,ARS/kg,detail,2026-08-24,2100.0,e6074a1cb1a03aac138f2287afb4a23c3fef7c201fc0064f44d81b2fee1f8b14,https://ssma.magyp.gob.ar/frutas.precios.aspx,2026-10-06T12:10:56.106249Z,[]
mcba,MCBA,Hortalizas,PIMIENTO,MORRON,SALTA,PERDIDO,Segunda,GRANDE,ROJO/INV,ARS,ARS/kg,detail,2024-10-02,1916.67,d38ff61ecea7f1ad82e9e9681576d6b68644ec41f04cd76ff564b1979c03079d,https://ssma.magyp.gob.ar/frutas.precios.aspx,2026-10-06T12:18:11.346124Z,[]
mcba,MCBA,Hortalizas,PIMIENTO,PROM.ESP.,,,,,,ARS,ARS/kg,species_summary,2026-08-24,2762.5,8cccac97429fa394f1c31f89e24063a44868c0b548d245012f7c4aeb4d179fe8,https://ssma.magyp.gob.ar/frutas.precios.aspx,2026-10-06T12:10:56.106249Z,"[""origin_missing""]"
mcba,MCBA,Hortalizas,PIMIENTO,VINAGRE,CTES.,PERDIDO,Primera,MEDIANO,VDE/INV,ARS,ARS/kg,detail,2024-10-02,1650.0,81c0333f372e95c74de540422bde3503b6bc6f8a25971891885cc20dfac7d555,https://ssma.magyp.gob.ar/frutas.precios.aspx,2026-10-06T12:18:11.346124Z,[]
mcba,MCBA,Hortalizas,PUERRO,PROM.ESP.,,,,,,ARS,ARS/kg,species_summary,2026-08-24,2400.0,351fe0fc03cd2e8822ceae38c05c4ad2b3ea6448b0f5615e4b22cbe4e1faf5c7,https://ssma.magyp.gob.ar/frutas.precios.aspx,2026-10-06T12:10:56.106249Z,"[""origin_missing""]"
mcba,MCBA,Hortalizas,PUERRO,,BS. AS.,ATADO,Primera,MEDIANO,,ARS,ARS/kg,detail,2026-08-24,2500.0,9007bf61242932be8107ef31ab2c6a9a5d3c2f7e82a4a5e266e029f1abaa384c,https://ssma.magyp.gob.ar/frutas.precios.aspx,2026-10-06T12:10:56.106249Z,[]
mcba,MCBA,Hortalizas,PUERRO,,BS. AS.,JAULA,Primera,MEDIANO,,ARS,ARS/kg,detail,2026-08-24,2300.0,375c85d1a16d0cab92e59d95d2f5e210572cccfcce603b48b4b89746257be73c,https://ssma.magyp.gob.ar/frutas.precios.aspx,2026-10-06T12:10:56.106249Z,[]
mcba,MCBA,Hortalizas,RABANITO,PROM.ESP.,,,,,,ARS,ARS/kg,species_summary,2026-08-24,2600.0,4a93d6db67f4c0fcea9cf87971fb742be3d39d77cce457c7b1ad435974757e8a,https://ssma.magyp.gob.ar/frutas.precios.aspx,2026-10-06T12:10:56.106249Z,"[""origin_missing""]"
mcba,MCBA,Hortalizas,RABANITO,,BS. AS.,TORITO,Primera,,,ARS,ARS/kg,detail,2026-08-24,2600.0,8bab93bcd9a403b195770057222d5c6a732cae2e69e4c5894a036fa3d079e196,https://ssma.magyp.gob.ar/frutas.precios.aspx,2026-10-06T12:10:56.106249Z,[]
mcba,MCBA,Hortalizas,RADICCHIO,PROM.ESP.,,,,,,ARS,ARS/kg,species_summary,2026-08-24,4400.0,d00b0269dd62782876dd7dda2293ae695132a0365caf2be8e5e750ede881fac9,https://ssma.magyp.gob.ar/frutas.precios.aspx,2026-10-06T12:10:56.106249Z,"[""origin_missing""]"
mcba,MCBA,Hortalizas,RADICCHIO,,BS. AS.,CAJA,Primera,,,ARS,ARS/kg,detail,2024-10-02,2250.0,dd767e85e88700ae7b5c34a61cc5ccf1d40733b0c2b354e6568a60d488f27091,https://ssma.magyp.gob.ar/frutas.precios.aspx,2026-10-06T12:18:11.346124Z,[]
mcba,MCBA,Hortalizas,RADICHETA,1ER.CORTE,BS. AS.,BANDEJA,Primera,,,ARS,ARS/kg,detail,2026-08-24,1533.33,bdf2af51f141439c6686708fb65571ba151a8006cf6524191b55edb9ea61b46d,https://ssma.magyp.gob.ar/frutas.precios.aspx,2026-10-06T12:10:56.106249Z,[]
mcba,MCBA,Hortalizas,RADICHETA,2DO.CORTE,BS. AS.,BANDEJA,Primera,,,ARS,ARS/kg,detail,2026-08-24,1166.67,7c50fe98a03295976959adcb1007ec486ed18ec8fdc95853d2e2625befc239fb,https://ssma.magyp.gob.ar/frutas.precios.aspx,2026-10-06T12:10:56.106249Z,[]
mcba,MCBA,Hortalizas,RADICHETA,PROM.ESP.,,,,,,ARS,ARS/kg,species_summary,2026-08-24,1350.0,62abc33e32b4f7c471faf561e9bd6e195e1d4377e76c3be3a3bc8e85f38e548a,https://ssma.magyp.gob.ar/frutas.precios.aspx,2026-10-06T12:10:56.106249Z,"[""origin_missing""]"
mcba,MCBA,Hortalizas,REMOLACHA,PROM.ESP.,,,,,,ARS,ARS/kg,species_summary,2026-08-24,962.0,cd79698cf43e8afad8d4d8ac072ecf0dae1a77a83f52ff13a14f112f2588759c,https://ssma.magyp.gob.ar/frutas.precios.aspx,2026-10-06T12:10:56.106249Z,"[""origin_missing""]"
mcba,MCBA,Hortalizas,REMOLACHA,,BS. AS.,JAULA,Primera,CHICO,,ARS,ARS/kg,detail,2024-10-02,300.0,9e570f9e1bd21344f1721e4b96ae21ca148dd9f319341e7e9a468cc2bcabef73,https://ssma.magyp.gob.ar/frutas.precios.aspx,2026-10-06T12:18:11.346124Z,[]
mcba,MCBA,Hortalizas,REMOLACHA,,BS. AS.,JAULA,Primera,MEDIANO,,ARS,ARS/kg,detail,2026-08-24,933.33,64b5455815478944dbb5ab39556f1c141ff192e6020c450b96c674dbbabc5bf1,https://ssma.magyp.gob.ar/frutas.precios.aspx,2026-10-06T12:10:56.106249Z,[]
mcba,MCBA,Hortalizas,REPOLLO,BLANCO,BS. AS.,JAULA,Primera,GRANDE,,ARS,ARS/kg,detail,2026-08-24,633.33,ccdaf8b71e788863b0a101ec54d93738303f10425ad3616d3d3200d46dc58c8b,https://ssma.magyp.gob.ar/frutas.precios.aspx,2026-10-06T12:10:56.106249Z,[]
mcba,MCBA,Hortalizas,REPOLLO,BLANCO,BS. AS.,JAULA,Primera,MEDIANO,,ARS,ARS/kg,detail,2026-08-24,500.0,bd2ad1b796c635462874380e69d8ea1789dad60202446e3af050e4199d12eb37,https://ssma.magyp.gob.ar/frutas.precios.aspx,2026-10-06T12:10:56.106249Z,[]
mcba,MCBA,Hortalizas,REPOLLO,COLORADO,BS. AS.,JAULA,Primera,GRANDE,,ARS,ARS/kg,detail,2026-08-24,800.0,89dc01e5f3a8c309862166f8849c72b6fcc63cec70b74c530d6811b53fd538fc,https://ssma.magyp.gob.ar/frutas.precios.aspx,2026-10-06T12:10:56.106249Z,[]
mcba,MCBA,Hortalizas,REPOLLO,COLORADO,BS. AS.,JAULA,Primera,MEDIANO,,ARS,ARS/kg,detail,2026-08-24,566.67,a091bb4ac633a205750a5f9665fc942f0f1579f69f48b8ca37fdc63aadfef66c,https://ssma.magyp.gob.ar/frutas.precios.aspx,2026-10-06T12:10:56.106249Z,[]
mcba,MCBA,Hortalizas,REPOLLO,PROM.ESP.,,,,,,ARS,ARS/kg,species_summary,2026-08-24,638.89,e5fbfaabccc2e91b5fffd15842479b0976f822616e777ba8fff9f699960110c0,https://ssma.magyp.gob.ar/frutas.precios.aspx,2026-10-06T12:10:56.106249Z,"[""origin_missing""]"
mcba,MCBA,Hortalizas,ROMERO,PROM.ESP.,,,,,,ARS,ARS/kg,species_summary,2026-08-24,9400.0,0bcdcc35d2a5fa633b45635a04cd992fbbfb14cbca1c163a0310b9bbabb1d448,https://ssma.magyp.gob.ar/frutas.precios.aspx,2026-10-06T12:10:56.106249Z,"[""origin_missing""]"
mcba,MCBA,Hortalizas,ROMERO,,BS. AS.,ATADO,Primera,MEDIANO,,ARS,ARS/kg,detail,2026-08-24,9400.0,d8bc777c66016e8e3dc843d7769cc58425de56e6fb1caeff8d94908aa05a5c09,https://ssma.magyp.gob.ar/frutas.precios.aspx,2026-10-06T12:10:56.106249Z,[]
mcba,MCBA,Hortalizas,RUCULA,PROM.ESP.,,,,,,ARS,ARS/kg,species_summary,2026-08-24,2500.0,92cbc1f24e73e1143366719b4a0b1e2e8fb73adca6aeadd9515ed7eb001314af,https://ssma.magyp.gob.ar/frutas.precios.aspx,2026-10-06T12:10:56.106249Z,"[""origin_missing""]"
mcba,MCBA,Hortalizas,RUCULA,,BS. AS.,BANDEJA,Primera,,,ARS,ARS/kg,detail,2024-10-02,1700.0,8e7f30eea62afc39e2fc9a6398e768f8bd28b6acb032c9581eb6d46338edbc76,https://ssma.magyp.gob.ar/frutas.precios.aspx,2026-10-06T12:18:11.346124Z,[]
mcba,MCBA,Hortalizas,SALVIA,PROM.ESP.,,,,,,ARS,ARS/kg,species_summary,2026-08-24,9000.0,fa58a90d02e651a37be9396ada9c9fc954baee6e1d0776ca27254ebff66ee3b5,https://ssma.magyp.gob.ar/frutas.precios.aspx,2026-10-06T12:10:56.106249Z,"[""origin_missing""]"
mcba,MCBA,Hortalizas,SALVIA,,BS. AS.,BOLSA,Primera,,,ARS,ARS/kg,detail,2026-08-24,9000.0,b47204a713d46f50310dd44df7b7d3c71e9edb180b1879252f1bc73084bb38b7,https://ssma.magyp.gob.ar/frutas.precios.aspx,2026-10-06T12:10:56.106249Z,[]
mcba,MCBA,Hortalizas,TOMATE,CHERRY,CTES.,CAJA,Primera,GRANDE,PTN/INV,ARS,ARS/kg,detail,2026-08-24,3200.0,e4b83826c3f4b13e841fa1dfeca06219ed1d60e09e9db91c00159d05d8e68d03,https://ssma.magyp.gob.ar/frutas.precios.aspx,2026-10-06T12:10:56.106249Z,[]
mcba,MCBA,Hortalizas,TOMATE,CHERRY,CTES.,CAJA,Primera,MEDIANO,PTN/INV,ARS,ARS/kg,detail,2026-08-24,2600.0,43f39cdc30700ba7d6b2832b6e65d4d8955d7d62a6cafd7923535e4648e0ec76,https://ssma.magyp.gob.ar/frutas.precios.aspx,2026-10-06T12:10:56.106249Z,[]
mcba,MCBA,Hortalizas,TOMATE,CHERRY,SALTA,CAJA,Primera,GRANDE,PTN/INV,ARS,ARS/kg,detail,2026-08-24,3800.0,ac96eb856470529c7f56c17b5df4261a57f16fd4a2b49927d5c0d17c5aa4495c,https://ssma.magyp.gob.ar/frutas.precios.aspx,2026-10-06T12:10:56.106249Z,[]
mcba,MCBA,Hortalizas,TOMATE,CHERRY,SALTA,CAJA,Primera,MEDIANO,PTN/INV,ARS,ARS/kg,detail,2026-08-24,3400.0,1bdad2cfe1173b9a90423af5c5cf87fbfbc833386594ec9b6a97998d53fb3467,https://ssma.magyp.gob.ar/frutas.precios.aspx,2026-10-06T12:10:56.106249Z,[]
mcba,MCBA,Hortalizas,TOMATE,PERITA,SALTA,PERDIDO,Primera,CHICO,PTN/INV,ARS,ARS/kg,detail,2024-10-02,722.22,1f1230a1c1cfe3faf569d8ff9b921ffe781a755ca3d3273a691755f8d4408d97,https://ssma.magyp.gob.ar/frutas.precios.aspx,2026-10-06T12:18:11.346124Z,[]
mcba,MCBA,Hortalizas,TOMATE,PERITA,SALTA,PERDIDO,Primera,GRANDE,PTN/INV,ARS,ARS/kg,detail,2026-08-24,2500.0,fec279a7b65e0ad34bade2bbbf0d4bca7c0ee2e94eb5f0defd3dec95163f3ceb,https://ssma.magyp.gob.ar/frutas.precios.aspx,2026-10-06T12:10:56.106249Z,[]
mcba,MCBA,Hortalizas,TOMATE,PERITA,SALTA,PERDIDO,Primera,MEDIANO,PTN/INV,ARS,ARS/kg,detail,2026-08-24,2166.67,31f3eff0deb44c0503891d7a763f8a3bc642bcaaae45feae8f60e13875ac75c0,https://ssma.magyp.gob.ar/frutas.precios.aspx,2026-10-06T12:10:56.106249Z,[]
mcba,MCBA,Hortalizas,TOMATE,PERITA,SALTA,TORO,Primera,GRANDE,PINTON,ARS,ARS/kg,detail,2026-08-24,1611.11,e99f2cb0cc4971301e73527351b1ebf3fb3bda3e8df9e50aad71f2921075d929,https://ssma.magyp.gob.ar/frutas.precios.aspx,2026-10-06T12:10:56.106249Z,[]
mcba,MCBA,Hortalizas,TOMATE,PERITA,SALTA,TORO,Primera,MEDIANO,PINTON,ARS,ARS/kg,detail,2026-08-24,1388.89,4c20e3d887d58eb1b67a83819a6cec4a657e9723fd4d04cfe8042cb3c390008a,https://ssma.magyp.gob.ar/frutas.precios.aspx,2026-10-06T12:10:56.106249Z,[]
mcba,MCBA,Hortalizas,TOMATE,PERITA,SALTA,TORO,Segunda,CHICO,PINTON,ARS,ARS/kg,detail,2024-10-02,444.44,09905fd39247e4eefd18c26e325c2edf9f72281c23a26591d8166a2f0c96bdd2,https://ssma.magyp.gob.ar/frutas.precios.aspx,2026-10-06T12:18:11.346124Z,[]
mcba,MCBA,Hortalizas,TOMATE,PERITA,SALTA,TORO,Segunda,MEDIANO,PINTON,ARS,ARS/kg,detail,2024-10-02,611.11,e03b393aa20dba89f699a96e2d609f76c96018193b34c404a29681d4fddac5eb,https://ssma.magyp.gob.ar/frutas.precios.aspx,2026-10-06T12:18:11.346124Z,[]
mcba,MCBA,Hortalizas,TOMATE,PERITA,SALTA,TORO,Segunda,MEDIANO,ROJO,ARS,ARS/kg,detail,2024-10-02,500.0,ff90620e92b298d5f04f884f7ffe6629175d309a12f030622236d849012a921d,https://ssma.magyp.gob.ar/frutas.precios.aspx,2026-10-06T12:18:11.346124Z,[]
mcba,MCBA,Hortalizas,TOMATE,PROM.ESP.,,,,,,ARS,ARS/kg,species_summary,2026-08-24,2106.67,d67c621080dbfc41914d17fa254ae9b6dda28105bcf64a94582c192ba32cad28,https://ssma.magyp.gob.ar/frutas.precios.aspx,2026-10-06T12:10:56.106249Z,"[""origin_missing""]"
mcba,MCBA,Hortalizas,TOMATE,REDONDO,CTES.,TORO,Primera,GRANDE,PTN/INV,ARS,ARS/kg,detail,2026-08-24,1888.89,80a74db877f03912c97f718212d756f3617d21bd8319a890ef6dea5daf96b97e,https://ssma.magyp.gob.ar/frutas.precios.aspx,2026-10-06T12:10:56.106249Z,[]
mcba,MCBA,Hortalizas,TOMATE,REDONDO,CTES.,TORO,Primera,MEDIANO,PTN/INV,ARS,ARS/kg,detail,2026-08-24,1500.0,88a333863af9b17f0785b29883e4722422011f6ad87d65de78c4664ad7b00060,https://ssma.magyp.gob.ar/frutas.precios.aspx,2026-10-06T12:10:56.106249Z,[]
mcba,MCBA,Hortalizas,TOMATE,REDONDO,CTES.,TORO,Segunda,MEDIANO,PTN/INV,ARS,ARS/kg,detail,2026-08-24,1277.78,75a5d3fa51fe1b1892cc1cde0a8ad275aa8dfe65f1d83adea1a61d7b764c8a8d,https://ssma.magyp.gob.ar/frutas.precios.aspx,2026-10-06T12:10:56.106249Z,[]
mcba,MCBA,Hortalizas,TOMATE,REDONDO,CTES.,TORO,Segunda,MEDIANO,ROJO/INV,ARS,ARS/kg,detail,2024-10-02,305.56,f0955a59718a0922f06b7e3ad92b0a29a238f4f78a695fae477d9aaef0d84228,https://ssma.magyp.gob.ar/frutas.precios.aspx,2026-10-06T12:18:11.346124Z,[]
mcba,MCBA,Hortalizas,TOMATE,REDONDO,SALTA,PERDIDO,Primera,GRANDE,PTN/INV,ARS,ARS/kg,detail,2025-10-02,1777.78,1156a90b7da2823d8beacb53db39f3faada9a39801c884c90ef40dca45974440,https://ssma.magyp.gob.ar/frutas.precios.aspx,2026-10-06T12:20:50.197055Z,[]
mcba,MCBA,Hortalizas,TOMATE,REDONDO,SALTA,PERDIDO,Primera,MEDIANO,PTN/INV,ARS,ARS/kg,detail,2025-10-02,1444.44,569844cddf514676966cb92b038731df941164a44a2ce5a936fc29b01cbd8644,https://ssma.magyp.gob.ar/frutas.precios.aspx,2026-10-06T12:20:50.197055Z,[]
mcba,MCBA,Hortalizas,TOMATE,REDONDO,SALTA,PERDIDO,Primera,MEDIANO,ROJO/INV,ARS,ARS/kg,detail,2024-10-02,722.22,f7b3ed684bd18171a21c023e732d447738b61f72c70e8d5c333861f1acfa4e4e,https://ssma.magyp.gob.ar/frutas.precios.aspx,2026-10-06T12:18:11.346124Z,[]
mcba,MCBA,Hortalizas,TOMATE,REDONDO,SALTA,TORO,Primera,GRANDE,PINTON,ARS,ARS/kg,detail,2026-08-24,1611.11,d3e61cce6672a8a6bdc4c280515fa2a63ef8386742aaaa3770a5c2f526fc23e7,https://ssma.magyp.gob.ar/frutas.precios.aspx,2026-10-06T12:10:56.106249Z,[]
mcba,MCBA,Hortalizas,TOMATE,REDONDO,SALTA,TORO,Primera,MEDIANO,PINTON,ARS,ARS/kg,detail,2026-08-24,1388.89,4c0786a6a1643a3a9e3ef2cdccbdeb69bfc8c8ed05940c6233778307b911cd1f,https://ssma.magyp.gob.ar/frutas.precios.aspx,2026-10-06T12:10:56.106249Z,[]
mcba,MCBA,Hortalizas,TOMATE,REDONDO,SALTA,TORO,Segunda,MEDIANO,PINTON,ARS,ARS/kg,detail,2026-08-24,1055.56,7383e385e534a597d9f66ac3cba1a19b4d445937cf949c30023de6e8b8605244,https://ssma.magyp.gob.ar/frutas.precios.aspx,2026-10-06T12:10:56.106249Z,[]
mcba,MCBA,Hortalizas,TOMATE,REDONDO,SALTA,TORO,Segunda,MEDIANO,ROJO,ARS,ARS/kg,detail,2024-10-02,361.11,671781014b19e85488451cfc1d7fa879fde0276bfdaa4bf4aed82c4b276078f0,https://ssma.magyp.gob.ar/frutas.precios.aspx,2026-10-06T12:18:11.346124Z,[]
mcba,MCBA,Hortalizas,TOMILLO,PROM.ESP.,,,,,,ARS,ARS/kg,species_summary,2026-08-24,12000.0,070f224acefefc394efa3369eedbbce42828ec5f405e51b67cba9332eb7d9678,https://ssma.magyp.gob.ar/frutas.precios.aspx,2026-10-06T12:10:56.106249Z,"[""origin_missing""]"
mcba,MCBA,Hortalizas,TOMILLO,,BS. AS.,ATADO,,MEDIANO,,ARS,ARS/kg,detail,2025-10-02,9000.0,fcbc35b2240920242ecb9339cbf5978361d42c1582921b1f5307a76637c0c85f,https://ssma.magyp.gob.ar/frutas.precios.aspx,2026-10-06T12:20:50.197055Z,[]
mcba,MCBA,Hortalizas,ZANAHORIA,CHANTENAY,CORDOBA,BOLSA,Primera,MEDIANO,,ARS,ARS/kg,detail,2024-10-02,470.0,530acf8fbfe672edf871c05db2a9d817613916021013dc41025c599c9ae01872,https://ssma.magyp.gob.ar/frutas.precios.aspx,2026-10-06T12:18:11.346124Z,[]
mcba,MCBA,Hortalizas,ZANAHORIA,CHANTENAY,MENDOZA,BOLSA,Primera,MEDIANO,,ARS,ARS/kg,detail,2026-08-24,750.0,ffc2a2599d76ce9bdea58065793362f22265817e20e35b6318b88d63ca0ef673,https://ssma.magyp.gob.ar/frutas.precios.aspx,2026-10-06T12:10:56.106249Z,[]
mcba,MCBA,Hortalizas,ZANAHORIA,CHANTENAY,SANTA FE,BOLSA,Primera,MEDIANO,,ARS,ARS/kg,detail,2026-08-24,700.0,13549489d279c030cd6e634322a0107c97d5030d975a340f8a89b323b332078c,https://ssma.magyp.gob.ar/frutas.precios.aspx,2026-10-06T12:10:56.106249Z,[]
mcba,MCBA,Hortalizas,ZANAHORIA,CHANTENAY,SGO.EST.,BOLSA,Primera,MEDIANO,,ARS,ARS/kg,detail,2026-08-24,666.67,dce24fe79857c515ed31fc9201450d6e282fd48f0788efa9fdca0b6b8db38f56,https://ssma.magyp.gob.ar/frutas.precios.aspx,2026-10-06T12:10:56.106249Z,[]
mcba,MCBA,Hortalizas,ZANAHORIA,NANTESA,BRASIL,CAJA,Primera,MEDIANO,,ARS,ARS/kg,detail,2024-10-02,900.0,63a87437ee9214aa4a063ba5f5f6245252af4cf6e9dd968004407ee13a3b0a74,https://ssma.magyp.gob.ar/frutas.precios.aspx,2026-10-06T12:18:11.346124Z,[]
mcba,MCBA,Hortalizas,ZANAHORIA,PROM.ESP.,,,,,,ARS,ARS/kg,species_summary,2026-08-24,757.78,bc15f5c83f5aec0675577c3973a91f2bde4b738c58c257b800b01c3c37813362,https://ssma.magyp.gob.ar/frutas.precios.aspx,2026-10-06T12:10:56.106249Z,"[""origin_missing""]"
mcba,MCBA,Hortalizas,ZAPALLITO,LARGO,BS. AS.,TORO,Primera,MEDIANO,,ARS,ARS/kg,detail,2024-10-02,800.0,211df7e4072a6ba38f3709135e528d8802ae5092aa93343cfabb7cb8d800dc4d,https://ssma.magyp.gob.ar/frutas.precios.aspx,2026-10-06T12:18:11.346124Z,[]
mcba,MCBA,Hortalizas,ZAPALLITO,LARGO,SALTA,TORO,Primera,MEDIANO,,ARS,ARS/kg,detail,2026-08-24,1722.22,9fec35e79c5577c0f686f852ad70ed83b25335c772f8deaebdb9775dae4ba955,https://ssma.magyp.gob.ar/frutas.precios.aspx,2026-10-06T12:10:56.106249Z,[]
mcba,MCBA,Hortalizas,ZAPALLITO,LARGO,SALTA,TORO,Segunda,MEDIANO,,ARS,ARS/kg,detail,2025-10-02,388.89,990dff94487f462224f2172d145cf8cfb3e1c01b244a480d970484f1876fc008,https://ssma.magyp.gob.ar/frutas.precios.aspx,2026-10-06T12:20:50.197055Z,[]
mcba,MCBA,Hortalizas,ZAPALLITO,PROM.ESP.,,,,,,ARS,ARS/kg,species_summary,2026-08-24,1885.71,0bfd1a916bfd43317368de4b7262e56f931498544caf920d38800a4b79415cc5,https://ssma.magyp.gob.ar/frutas.precios.aspx,2026-10-06T12:10:56.106249Z,"[""origin_missing""]"
mcba,MCBA,Hortalizas,ZAPALLITO,REDONDO,BS. AS.,TORO,Primera,MEDIANO,,ARS,ARS/kg,detail,2024-10-02,733.33,3dc8c0fb7a961ba10c68759bce6d208acc39066b9a3e70bc63b58f9a79a16a75,https://ssma.magyp.gob.ar/frutas.precios.aspx,2026-10-06T12:18:11.346124Z,[]
mcba,MCBA,Hortalizas,ZAPALLITO,REDONDO,CTES.,TORO,Primera,MEDIANO,,ARS,ARS/kg,detail,2024-10-02,294.44,8a673c481b7633aeb81045543fd69699156e560e4cbabc58e591c06253036584,https://ssma.magyp.gob.ar/frutas.precios.aspx,2026-10-06T12:18:11.346124Z,[]
mcba,MCBA,Hortalizas,ZAPALLITO,REDONDO,CTES.,TORO,Segunda,MEDIANO,,ARS,ARS/kg,detail,2024-10-02,155.56,c781b77f1f54035172ff0093b63641690982b9145222686fd445503c2162ee80,https://ssma.magyp.gob.ar/frutas.precios.aspx,2026-10-06T12:18:11.346124Z,[]
mcba,MCBA,Hortalizas,ZAPALLITO,REDONDO,SALTA,TORO,Segunda,MEDIANO,,ARS,ARS/kg,detail,2026-08-24,1500.0,e8c647af77fb115b71e1714b62aa4b47768e9464f561d04348bc9cc378ee398b,https://ssma.magyp.gob.ar/frutas.precios.aspx,2026-10-06T12:10:56.106249Z,[]
mcba,MCBA,Hortalizas,ZAPALLITO,REDONDO,TUCUMAN,PERDIDO,Primera,MEDIANO,INVERNAC,ARS,ARS/kg,detail,2024-10-02,566.67,afa2a52bdd56f21f728749fe0979f2023936d0623d484ccb58e5c59ae8933e14,https://ssma.magyp.gob.ar/frutas.precios.aspx,2026-10-06T12:18:11.346124Z,[]
mcba,MCBA,Hortalizas,ZAPALLO,ANC.COKENA,MENDOZA,BOLSA,Primera,GRANDE,,ARS,ARS/kg,detail,2024-10-02,653.33,b82639d9701403d25f95a6696b509361f03a46bd5453bcb4be01890cce4b2e43,https://ssma.magyp.gob.ar/frutas.precios.aspx,2026-10-06T12:18:11.346124Z,[]
mcba,MCBA,Hortalizas,ZAPALLO,ANC.COKENA,MENDOZA,BOLSA,Primera,MEDIANO,,ARS,ARS/kg,detail,2026-08-24,1533.33,672bba4f453d69d6a56d8a34c3de6e26204e5672bb48cf998b64a24f7fc07c5e,https://ssma.magyp.gob.ar/frutas.precios.aspx,2026-10-06T12:10:56.106249Z,[]
mcba,MCBA,Hortalizas,ZAPALLO,ANC.COKENA,SALTA,BOLSA,Primera,GRANDE,,ARS,ARS/kg,detail,2024-10-02,933.33,9e67e43d4b506bfdcd2818fe975713f2d61d38d8a7fb6130ebe71b33553a82c2,https://ssma.magyp.gob.ar/frutas.precios.aspx,2026-10-06T12:18:11.346124Z,[]
mcba,MCBA,Hortalizas,ZAPALLO,ANC.COKENA,SALTA,BOLSA,Primera,MEDIANO,,ARS,ARS/kg,detail,2025-10-02,777.78,5d64b3bf8f9750d5ac253ad23db97424715cd2b09d0e7a4c48edbe9b908ed616,https://ssma.magyp.gob.ar/frutas.precios.aspx,2026-10-06T12:20:50.197055Z,[]
mcba,MCBA,Hortalizas,ZAPALLO,ANQUITO,MENDOZA,BOLSA,Primera,MEDIANO,,ARS,ARS/kg,detail,2025-10-02,300.0,cfe0fdc7ab83a179e7fa0a041de676c38794ebc189757caf0e5f54b6570fda53,https://ssma.magyp.gob.ar/frutas.precios.aspx,2026-10-06T12:20:50.197055Z,[]
mcba,MCBA,Hortalizas,ZAPALLO,PROM.ESP.,,,,,,ARS,ARS/kg,species_summary,2026-08-24,1074.98,4d28b55c0e73b8f3835cabc4c52b2b7b0f54275a8256a79e6230a50fd3e3b7ac,https://ssma.magyp.gob.ar/frutas.precios.aspx,2026-10-06T12:10:56.106249Z,"[""origin_missing""]"
mcba,MCBA,Hortalizas,ZAPALLO,TETSUKAB.,BRASIL,BOLSA,Primera,MEDIANO,,ARS,ARS/kg,detail,2024-10-02,965.0,c46ce44f2254058be901e387d3d51bf43135cac1a7a7ba3637025f09d6b85a5c,https://ssma.magyp.gob.ar/frutas.precios.aspx,2026-10-06T12:18:11.346124Z,[]
mcba,MCBA,Hortalizas,ZAPALLO,TETSUKAB.,MENDOZA,BOLSA,Primera,GRANDE,,ARS,ARS/kg,detail,2024-10-02,861.11,88c57635ae0faacc2bee34b9a23a412615e2ed9ca9b1dc407b34374d264c05ba,https://ssma.magyp.gob.ar/frutas.precios.aspx,2026-10-06T12:18:11.346124Z,[]
mcba,MCBA,Hortalizas,ZAPALLO,TETSUKAB.,MENDOZA,BOLSA,Primera,MEDIANO,,ARS,ARS/kg,detail,2026-08-24,722.22,3158d290218670443d4ceffb29d6234e8ed0147fae4a0f115da8721961f120f8,https://ssma.magyp.gob.ar/frutas.precios.aspx,2026-10-06T12:10:56.106249Z,[]
mcba,MCBA,Hortalizas,ZAPALLO,TETSUKAB.,SALTA,BOLSA,Primera,GRANDE,,ARS,ARS/kg,detail,2025-10-02,722.22,17355470e0a01efe54610b7bef9f1a204367b21ebb96dcf59a1342e4cdfc96f1,https://ssma.magyp.gob.ar/frutas.precios.aspx,2026-10-06T12:20:50.197055Z,[]
mcba,MCBA,Frutas,ANANA,,BRASIL,CAJA,Elegido,012/014,,ARS,ARS/kg,detail,2025-10-02,2111.11,68635445d34812672edf8a75aafa3c961fc0b47240f70e0204ff15a50eede203,https://ssma.magyp.gob.ar/frutas.precios.aspx,2026-10-06T12:20:50.197055Z,[]
mcba,MCBA,Frutas,ANANA,,ECUADOR,CAJA,Elegido,010/012,,ARS,ARS/kg,detail,2025-10-02,2388.89,b1619aa7d70f1dca0ad7c0c04ac32bd4c2632b9599aee6ca4c9aa7a5b9549ed2,https://ssma.magyp.gob.ar/frutas.precios.aspx,2026-10-06T12:20:50.197055Z,[]
mcba,MCBA,Frutas,ARANDANO,,BS. AS.,CAJA,Elegido,GRANEL,,ARS,ARS/kg,detail,2025-10-02,14666.7,474582040ca4fbf6f5c11b85bb2035b45df6bd045c041fefb44dde5c295830da,https://ssma.magyp.gob.ar/frutas.precios.aspx,2026-10-06T12:20:50.197055Z,[]
mcba,MCBA,Frutas,ARANDANO,,TUCUMAN,CAJA,Elegido,GRANEL,,ARS,ARS/kg,detail,2026-08-24,16000.0,00639b5f10da97b47ab5f17cf5e35ee59a6fc8a2a784339347be0a588586e2a8,https://ssma.magyp.gob.ar/frutas.precios.aspx,2026-10-06T12:10:56.106249Z,[]
mcba,MCBA,Frutas,BANANA,NANIKA,SALTA,CAJA,Elegido,MEDIANO,,ARS,ARS/kg,detail,2025-10-02,1150.0,9e42241d5b485253eb4f5ea3f64268cf87b7704cf647793972ab5d3444270720,https://ssma.magyp.gob.ar/frutas.precios.aspx,2026-10-06T12:20:50.197055Z,[]
mcba,MCBA,Frutas,CIRUELA,BLACKSPLEN,ESPA¥A,CAJA,Elegido,GRANEL,,ARS,ARS/kg,detail,2025-10-02,4555.56,849ddf6777ce8df7d3301bae6fed9561c69e3629674fa8a7e6e183210ce90435,https://ssma.magyp.gob.ar/frutas.precios.aspx,2026-10-06T12:20:50.197055Z,[]
mcba,MCBA,Frutas,CIRUELA,GOLDEN GLO,ESPA¥A,CAJA,Elegido,GRANEL,,ARS,ARS/kg,detail,2025-10-02,4888.89,dc02acaf8c346d7c94c0f4895e10e199b6306ef3b22aa4e0a386995ab86fe214,https://ssma.magyp.gob.ar/frutas.precios.aspx,2026-10-06T12:20:50.197055Z,[]
mcba,MCBA,Frutas,DURAZNO,OPEDEPE,JUJUY,CAJA,Elegido,CHICO,,ARS,ARS/kg,detail,2025-10-02,3375.0,6e26f07657c0978e9c92e2a04efbb8353c6348d64ea5b5f1475b235e16bddba2,https://ssma.magyp.gob.ar/frutas.precios.aspx,2026-10-06T12:20:50.197055Z,[]
mcba,MCBA,Frutas,DURAZNO,OPEDEPE,JUJUY,CAJA,Elegido,GRANDE,,ARS,ARS/kg,detail,2025-10-02,6714.29,40b0d2d66970e6ffe8ba4a3562ba611c931b3739b6210bad3506b8609918d42d,https://ssma.magyp.gob.ar/frutas.precios.aspx,2026-10-06T12:20:50.197055Z,[]
mcba,MCBA,Frutas,DURAZNO,ROJITO,JUJUY,,Elegido,MEDIANO,,ARS,ARS/kg,detail,2025-10-02,4888.89,b69fe179a94ae076ac57a246475b86880e7caeeeda2873b4bf2b0783e57dc21b,https://ssma.magyp.gob.ar/frutas.precios.aspx,2026-10-06T12:20:50.197055Z,[]
mcba,MCBA,Frutas,FRUTILLA,,CTES.,BANDEJA,Elegido,GRANEL,,ARS,ARS/kg,detail,2026-08-24,9500.0,2d5d71e10d51b4ed141f40ca91e84515c0a920da0d91322c8c6ea5712cbdb3a3,https://ssma.magyp.gob.ar/frutas.precios.aspx,2026-10-06T12:10:56.106249Z,[]
mcba,MCBA,Frutas,FRUTILLA,,CTES.,CAJA,Elegido,MEDIANO,,ARS,ARS/kg,detail,2025-10-02,3600.0,86295d5c1878c676a780d2d5b74cca34a890b45ef0bb5439bf774a4e5a5172ab,https://ssma.magyp.gob.ar/frutas.precios.aspx,2026-10-06T12:20:50.197055Z,[]
mcba,MCBA,Frutas,FRUTILLA,,SANTA FE,CAJA,Elegido,GRANEL,,ARS,ARS/kg,detail,2026-08-24,9500.0,33f537384944a1ed6e922da2f360c0960d9ee4bc38f7a3fe798a6ecbc5e29ce7,https://ssma.magyp.gob.ar/frutas.precios.aspx,2026-10-06T12:10:56.106249Z,[]
mcba,MCBA,Frutas,FRUTILLA,,TUCUMAN,CAJA,Elegido,GRANEL,,ARS,ARS/kg,detail,2026-08-24,10000.0,826d3d7d44ee6c838330cefe76fc19f0369b46308e235088b697e21784e9a012,https://ssma.magyp.gob.ar/frutas.precios.aspx,2026-10-06T12:10:56.106249Z,[]
mcba,MCBA,Frutas,GUAYABA,PROM.ESP.,,,,,,ARS,ARS/kg,species_summary,2025-10-02,6500.0,4f85ca48201994c75cf091cdd0f902faf0bc8d83901e9dcdf0cd2a8ec01b6d7b,https://ssma.magyp.gob.ar/frutas.precios.aspx,2026-10-06T12:20:50.197055Z,"[""origin_missing""]"
mcba,MCBA,Frutas,GUAYABA,,BRASIL,CAJA,Elegido,GRANEL,,ARS,ARS/kg,detail,2025-10-02,6500.0,44024db77eb0c34831a8946e6a2218bba440784ebc89f9271c298356835e4c25,https://ssma.magyp.gob.ar/frutas.precios.aspx,2026-10-06T12:20:50.197055Z,[]
mcba,MCBA,Frutas,LIMA,TAHITI,BRASIL,BANDEJA,Elegido,MEDIANO,,ARS,ARS/kg,detail,2026-08-24,2400.0,2262968e3391523647afa0b3e116f48e26a47bb27b1a61931bdb801382337887,https://ssma.magyp.gob.ar/frutas.precios.aspx,2026-10-06T12:10:56.106249Z,[]
mcba,MCBA,Frutas,LIMON,EUREKA,SALTA,CAJA,Elegido,090/125,,ARS,ARS/kg,detail,2025-10-02,1277.78,39b9fe0e91110befb1893791a2cb0d8f001af4d8918d2d51769b7b7b42adefa9,https://ssma.magyp.gob.ar/frutas.precios.aspx,2026-10-06T12:20:50.197055Z,[]
mcba,MCBA,Frutas,LIMON,EUREKA,TUCUMAN,CAJA,Elegido,125/138,,ARS,ARS/kg,detail,2026-08-24,611.11,51a84e65d9e6932e23f69fd9a5c674039b1404558574202e3af5eb9b2183de05,https://ssma.magyp.gob.ar/frutas.precios.aspx,2026-10-06T12:10:56.106249Z,[]
mcba,MCBA,Frutas,LIMON,EUREKA,TUCUMAN,TORO,Elegido,100/140,PINTON,ARS,ARS/kg,detail,2025-10-02,944.44,70b1ffa85c4ab2227d5995439949db482f87a5c9cd264b3ffbb9bc8019a57d94,https://ssma.magyp.gob.ar/frutas.precios.aspx,2026-10-06T12:20:50.197055Z,[]
mcba,MCBA,Frutas,LIMON,GENOVA,CTES.,PERDIDO,Elegido,120/140,,ARS,ARS/kg,detail,2025-10-02,1000.0,63ea25ca036f7a445f0c3b7b70f9e0cbc441236e4525a6c5a05cb38f1148cedf,https://ssma.magyp.gob.ar/frutas.precios.aspx,2026-10-06T12:20:50.197055Z,[]
mcba,MCBA,Frutas,LIMON,GENOVA,E. RIOS,TORO,Elegido,100/140,,ARS,ARS/kg,detail,2025-10-02,944.44,c28578aa58327a518037167057208f970abc3302fdb11d784b62641a39fbe396,https://ssma.magyp.gob.ar/frutas.precios.aspx,2026-10-06T12:20:50.197055Z,[]
mcba,MCBA,Frutas,MAMON,PROM.ESP.,,,,,,ARS,ARS/kg,species_summary,2025-10-02,2300.0,77ce85030cd068d15bda6345931ef8ae7255e8dc37ed843d9c0e6183f3b186bd,https://ssma.magyp.gob.ar/frutas.precios.aspx,2026-10-06T12:20:50.197055Z,"[""origin_missing""]"
mcba,MCBA,Frutas,MAMON,,BRASIL,CAJA,Elegido,GRANDE,,ARS,ARS/kg,detail,2025-10-02,2600.0,5627d81209d3018f9b207c5a9f6e0f98518597d017af904889b8f85003beb86c,https://ssma.magyp.gob.ar/frutas.precios.aspx,2026-10-06T12:20:50.197055Z,[]
mcba,MCBA,Frutas,MAMON,,JUJUY,BANDEJA,Elegido,GRANEL,,ARS,ARS/kg,detail,2025-10-02,2000.0,ec94c6011fe347b2a2c005ee38f25052b50bdb673a115f56bc58e3e9b004e99f,https://ssma.magyp.gob.ar/frutas.precios.aspx,2026-10-06T12:20:50.197055Z,[]
mcba,MCBA,Frutas,MANDARINA,ENCORE,E. RIOS,JAULA,Elegido,MEDIANO,,ARS,ARS/kg,detail,2026-08-24,611.11,1edc00163861be0eae2549f5ab5e8a45c3fcc5b057ccb0b986951ae5a6247d0e,https://ssma.magyp.gob.ar/frutas.precios.aspx,2026-10-06T12:10:56.106249Z,[]
mcba,MCBA,Frutas,MANDARINA,MURCOT,CTES.,PERDIDO,Elegido,MEDIANO,,ARS,ARS/kg,detail,2025-10-02,666.67,a7882f4908dfcd79f83bc909a58f06659bf130f08120249f8d1c77bd9f8c1449,https://ssma.magyp.gob.ar/frutas.precios.aspx,2026-10-06T12:20:50.197055Z,[]
mcba,MCBA,Frutas,MANGO,,BRASIL,CAJA,Elegido,MEDIANO,,ARS,ARS/kg,detail,2026-08-24,3500.0,a1447103a0ad90d65c9c68d9e60e54ec1b1714ae2b9460d6b6a296e5a794e709,https://ssma.magyp.gob.ar/frutas.precios.aspx,2026-10-06T12:10:56.106249Z,[]
mcba,MCBA,Frutas,MANI,PROM.ESP.,,,,,,ARS,ARS/kg,species_summary,2025-10-02,3600.0,20b81611768e288b6e4b92270a34ee1360bf407403dd23f3265ceea168a5b719,https://ssma.magyp.gob.ar/frutas.precios.aspx,2026-10-06T12:20:50.197055Z,"[""origin_missing""]"
mcba,MCBA,Frutas,MANI,,SALTA,BOLSA,Elegido,GRANEL,,ARS,ARS/kg,detail,2025-10-02,3600.0,7db3ac7c656061c569f8f8f7d59462d0ed1173be79daace5bb74e78ecd181bac,https://ssma.magyp.gob.ar/frutas.precios.aspx,2026-10-06T12:20:50.197055Z,[]
mcba,MCBA,Frutas,MANZANA,CRIPPS PIN,R. NEGRO,CAJA,Elegido,113/125,,ARS,ARS/kg,detail,2025-10-02,1277.78,6524370915eb087e40072e707110dff12f6379da9a7219a62d8b47a0b2fd57dd,https://ssma.magyp.gob.ar/frutas.precios.aspx,2026-10-06T12:20:50.197055Z,[]
mcba,MCBA,Frutas,MANZANA,GOLDEN DEL,R. NEGRO,CAJA,Elegido,088/113,,ARS,ARS/kg,detail,2025-10-02,1277.78,98b5c5cf0920096702a6611f547388d7049d41804e29b49b41bff74edbe5efe1,https://ssma.magyp.gob.ar/frutas.precios.aspx,2026-10-06T12:20:50.197055Z,[]
mcba,MCBA,Frutas,MANZANA,GRANNY SMI,R. NEGRO,CAJA,Elegido,072/080,,ARS,ARS/kg,detail,2025-10-02,1650.0,9f6800a952019e90e6e750eabe98cbe6cc2803003d2fd2e54bac5b9cda91985c,https://ssma.magyp.gob.ar/frutas.precios.aspx,2026-10-06T12:20:50.197055Z,[]
mcba,MCBA,Frutas,MANZANA,GRANNY SMI,R. NEGRO,CAJA,Elegido,100/113,,ARS,ARS/kg,detail,2025-10-02,1444.44,7387e5262bf0486efda80e5a9722d76b3e6dcc063b02eda888405f020b29a8fb,https://ssma.magyp.gob.ar/frutas.precios.aspx,2026-10-06T12:20:50.197055Z,[]
mcba,MCBA,Frutas,MANZANA,GRANNY SMI,R. NEGRO,CAJA,Elegido,113/125,,ARS,ARS/kg,detail,2025-10-02,1388.89,ac63e77e3341781d9fe73bab3cde3d2251fdf5709e3035e8ea84cd91f45e61fc,https://ssma.magyp.gob.ar/frutas.precios.aspx,2026-10-06T12:20:50.197055Z,[]
mcba,MCBA,Frutas,MANZANA,GRANNY SMI,R. NEGRO,JAULA,Elegido,110/130,,ARS,ARS/kg,detail,2025-10-02,1222.22,3bacafe8463554314cfb573418ddb61c89f196b3a0090258599f2f3ef331e10b,https://ssma.magyp.gob.ar/frutas.precios.aspx,2026-10-06T12:20:50.197055Z,[]
mcba,MCBA,Frutas,MANZANA,RED CHAÑAR,R. NEGRO,CAJA,Elegido,110/130,,ARS,ARS/kg,detail,2025-10-02,1333.33,1b37437697b54da42c288dce4447fb0fea0b16c8075a24bd1bea7f739a70f8d5,https://ssma.magyp.gob.ar/frutas.precios.aspx,2026-10-06T12:20:50.197055Z,[]
mcba,MCBA,Frutas,MANZANA,RED DELICI,CHILE,CAJA,Elegido,080/100,,ARS,ARS/kg,detail,2026-08-24,3666.67,0c2e0d3b0c2759354933e0c7a87744463b5c31eebfd6e207c6c2ce8f2440c5de,https://ssma.magyp.gob.ar/frutas.precios.aspx,2026-10-06T12:10:56.106249Z,[]
mcba,MCBA,Frutas,MANZANA,RED DELICI,R. NEGRO,CAJA,Elegido,072/088,,ARS,ARS/kg,detail,2025-10-02,1388.89,b06ac1b7ab58a1fa4d927e9ded998752088f7d4ef2ef6044ee7716cfa30267e8,https://ssma.magyp.gob.ar/frutas.precios.aspx,2026-10-06T12:20:50.197055Z,[]
mcba,MCBA,Frutas,MANZANA,RED DELICI,R. NEGRO,CAJA,Elegido,113/125,,ARS,ARS/kg,detail,2026-08-24,2277.78,6f0d597c18b2e0c9e43c0918155fbb961d91685c09ae8816b9ae399412f9dd34,https://ssma.magyp.gob.ar/frutas.precios.aspx,2026-10-06T12:10:56.106249Z,[]
mcba,MCBA,Frutas,MANZANA,RED DELICI,R. NEGRO,JAULA,Elegido,080/100,,ARS,ARS/kg,detail,2025-10-02,1277.78,1c3b81d5e89e43f7c9362ad49bd40305ee798c54414c8019465742a84930a8e5,https://ssma.magyp.gob.ar/frutas.precios.aspx,2026-10-06T12:20:50.197055Z,[]
mcba,MCBA,Frutas,MANZANA,RED DELICI,R. NEGRO,JAULA,Elegido,113/125,,ARS,ARS/kg,detail,2026-08-24,1777.78,abdfba4db0e2dacc7b671b5cd73fb2101fc94fd3dbbfad07eca40e43c6d28545,https://ssma.magyp.gob.ar/frutas.precios.aspx,2026-10-06T12:10:56.106249Z,[]
mcba,MCBA,Frutas,MANZANA,RED DELICI,R. NEGRO,JAULA,Elegido,125/138,,ARS,ARS/kg,detail,2025-10-02,1166.67,2e7220a4e2d53c5e3b57ccd47560419dc3fdac058bd6617e6a734474a728aaee,https://ssma.magyp.gob.ar/frutas.precios.aspx,2026-10-06T12:20:50.197055Z,[]
mcba,MCBA,Frutas,MANZANA,ROME BEAUT,R. NEGRO,CAJA,Elegido,113/125,,ARS,ARS/kg,detail,2025-10-02,1400.0,321eef0d2209e4a90420722d7dd03e24133b15b152b08ff54d8ffc8f9cc73fec,https://ssma.magyp.gob.ar/frutas.precios.aspx,2026-10-06T12:20:50.197055Z,[]
mcba,MCBA,Frutas,MBURUCUYA,PROM.ESP.,,,,,,ARS,ARS/kg,species_summary,2025-10-02,2764.71,77244d1fa7f978e4da9c5f852fee8101162097be0abd5bca05738a2cd9b19de0,https://ssma.magyp.gob.ar/frutas.precios.aspx,2026-10-06T12:20:50.197055Z,"[""origin_missing""]"
mcba,MCBA,Frutas,MBURUCUYA,,MISIONES,PERDIDO,Elegido,GRANEL,,ARS,ARS/kg,detail,2025-10-02,2764.71,14770c8c11c684505d56b4be5d0d2271d54ef9508dafd8547bee6744f17f319a,https://ssma.magyp.gob.ar/frutas.precios.aspx,2026-10-06T12:20:50.197055Z,[]
mcba,MCBA,Frutas,MELON,SUN DEW,BRASIL,CAJA,Elegido,MEDIANO,,ARS,ARS/kg,detail,2025-10-02,2600.0,8b21f3ceb84a7c58b807fb9a20aa81d9166e86e1953648bc54be054c7279cea2,https://ssma.magyp.gob.ar/frutas.precios.aspx,2026-10-06T12:20:50.197055Z,[]
mcba,MCBA,Frutas,NARANJA,LANE LATE,E. RIOS,PERDIDO,Elegido,090/110,,ARS,ARS/kg,detail,2025-10-02,611.11,1ef438d2005a10737026a70f8ca3a23656ed26e742c0523d8369538c5979bbb2,https://ssma.magyp.gob.ar/frutas.precios.aspx,2026-10-06T12:20:50.197055Z,[]
mcba,MCBA,Frutas,NARANJA,VAL.SEEDLE,E. RIOS,PERDIDO,Elegido,110/130,,ARS,ARS/kg,detail,2025-10-02,555.56,938cd16c9f85f076a1252fd3fa59f69a4e5a100aa269c09b23bab486695dbbe2,https://ssma.magyp.gob.ar/frutas.precios.aspx,2026-10-06T12:20:50.197055Z,[]
mcba,MCBA,Frutas,NARANJA,VALEN.LATE,CTES.,PERDIDO,Elegido,110/130,,ARS,ARS/kg,detail,2025-10-02,555.56,2303b7af7bcbcbedff028673a26e647ee7aaf553366f03786614305106b723e8,https://ssma.magyp.gob.ar/frutas.precios.aspx,2026-10-06T12:20:50.197055Z,[]
mcba,MCBA,Frutas,NARANJA,VALEN.LATE,E. RIOS,PERDIDO,Elegido,090/110,,ARS,ARS/kg,detail,2025-10-02,555.56,83107097e0925239781dbfa3a700f2a31614e81941b2f051a6b5d8dc5e213604,https://ssma.magyp.gob.ar/frutas.precios.aspx,2026-10-06T12:20:50.197055Z,[]
mcba,MCBA,Frutas,NARANJA,W.NAVEL,BS. AS.,PERDIDO,Elegido,070/090,,ARS,ARS/kg,detail,2025-10-02,722.22,dfe1ee38a74ebc41567209623ca1c2e9e59e057665c78b9f3a8ad12a493e1eef,https://ssma.magyp.gob.ar/frutas.precios.aspx,2026-10-06T12:20:50.197055Z,[]
mcba,MCBA,Frutas,NARANJA,W.NAVEL,CTES.,PERDIDO,Elegido,070/090,,ARS,ARS/kg,detail,2025-10-02,666.67,74a0f213d997d6471ce649045e5c2edc63fb5d3d2b8aa6e98b71819472c72490,https://ssma.magyp.gob.ar/frutas.precios.aspx,2026-10-06T12:20:50.197055Z,[]
mcba,MCBA,Frutas,PALTA,HASS,BRASIL,BANDEJA,Elegido,GRANDE,,ARS,ARS/kg,detail,2025-10-02,5100.0,84473cb4abb89bb3ea6a7839d169235cc0ae2fa35b3d48069e9b59453c3de143,https://ssma.magyp.gob.ar/frutas.precios.aspx,2026-10-06T12:20:50.197055Z,[]
mcba,MCBA,Frutas,PALTA,HASS,BRASIL,BANDEJA,Elegido,MEDIANO,,ARS,ARS/kg,detail,2025-10-02,4400.0,f1509becbe6529a31a5fbf3d9809141e8af4472b148306f536d01388a8d91533,https://ssma.magyp.gob.ar/frutas.precios.aspx,2026-10-06T12:20:50.197055Z,[]
mcba,MCBA,Frutas,PALTA,HASS,CTES.,CAJA,Elegido,MEDIANO,,ARS,ARS/kg,detail,2026-08-24,3800.0,f1fd9c551d97e73bff0aced4dcc07eb791ca7b38178996d22f1e087d3724aa59,https://ssma.magyp.gob.ar/frutas.precios.aspx,2026-10-06T12:10:56.106249Z,[]
mcba,MCBA,Frutas,PALTA,HASS,JUJUY,CAJA,Elegido,GRANEL,,ARS,ARS/kg,detail,2025-10-02,3400.0,07605be3cbf5898874335d539500464ba06b04739eefd5c2ec8614f71ea31ef1,https://ssma.magyp.gob.ar/frutas.precios.aspx,2026-10-06T12:20:50.197055Z,[]
mcba,MCBA,Frutas,PALTA,HASS,PERU,CAJA,Elegido,MEDIANO,,ARS,ARS/kg,detail,2025-10-02,5000.0,21f64b6104513ede8567aa8425d27b68d27e697bd088e2190a1a7baae446db58,https://ssma.magyp.gob.ar/frutas.precios.aspx,2026-10-06T12:20:50.197055Z,[]
mcba,MCBA,Frutas,PELON,PROM.ESP.,,,,,,ARS,ARS/kg,species_summary,2025-10-02,5500.0,9e30b73390ed33137543ee4c1dff1d9c76c8869026fbd63e37d8cfda9ade3793,https://ssma.magyp.gob.ar/frutas.precios.aspx,2026-10-06T12:20:50.197055Z,"[""origin_missing""]"
mcba,MCBA,Frutas,PELON,,JUJUY,BANDEJA,Elegido,MEDIANO,,ARS,ARS/kg,detail,2025-10-02,5500.0,d698e14006f5ef3ea2d4e7ea32bd080fee2f71422728d886be91081a15408d9d,https://ssma.magyp.gob.ar/frutas.precios.aspx,2026-10-06T12:20:50.197055Z,[]
mcba,MCBA,Frutas,PERA,PACKHAM'S,R. NEGRO,CAJA,Elegido,036/040,,ARS,ARS/kg,detail,2025-10-02,1800.0,fd4aa2830db39c763e774cf8bb333bfe9141451ea4f2427e980d5df7198e6f45,https://ssma.magyp.gob.ar/frutas.precios.aspx,2026-10-06T12:20:50.197055Z,[]
mcba,MCBA,Frutas,PERA,PACKHAM'S,R. NEGRO,CAJA,Elegido,110/130,,ARS,ARS/kg,detail,2025-10-02,1222.22,9c30f47f6c2064cff2fb2c3cf9e6ccde54a1882422838a54b5451f8afa2af3e1,https://ssma.magyp.gob.ar/frutas.precios.aspx,2026-10-06T12:20:50.197055Z,[]
mcba,MCBA,Frutas,PERA,PACKHAM'S,R. NEGRO,JAULA,Elegido,090/11O,,ARS,ARS/kg,detail,2025-10-02,1055.56,4eae47753200754508aaa916c0eca8ad108d40b4094e03174667b4e0d047fc74,https://ssma.magyp.gob.ar/frutas.precios.aspx,2026-10-06T12:20:50.197055Z,[]
mcba,MCBA,Frutas,PERA,PACKHAM'S,R. NEGRO,JAULA,Elegido,120/140,,ARS,ARS/kg,detail,2025-10-02,944.44,31b6f46079095f9fd32e725242596baa74672223c58fcc2ec8eee294d4d76ac1,https://ssma.magyp.gob.ar/frutas.precios.aspx,2026-10-06T12:20:50.197055Z,[]
mcba,MCBA,Frutas,PITAHAYA,PROM.ESP.,,,,,,ARS,ARS/kg,species_summary,2025-10-02,15200.0,e5e65b2de00f69a7cd20a7eecba5173506589f8f88a4557f40212db009197693,https://ssma.magyp.gob.ar/frutas.precios.aspx,2026-10-06T12:20:50.197055Z,"[""origin_missing""]"
mcba,MCBA,Frutas,PITAHAYA,,ECUADOR,CAJA,Elegido,GRANEL,,ARS,ARS/kg,detail,2025-10-02,15200.0,9df48f36498998488cb5bc74c6b4cebbd2804d9ab16c82e701d3bf324c0d606d,https://ssma.magyp.gob.ar/frutas.precios.aspx,2026-10-06T12:20:50.197055Z,[]
mcba,MCBA,Frutas,PLATANO,,ECUADOR,CAJA,Elegido,GRANDE,,ARS,ARS/kg,detail,2026-08-24,3363.64,fac7d6b80a570e05486c4e05cab8ca35df1a2bca62b42b60704efbd8f99a70f3,https://ssma.magyp.gob.ar/frutas.precios.aspx,2026-10-06T12:10:56.106249Z,[]
mcba,MCBA,Frutas,POMELO,MARSH.SEED,E. RIOS,PERDIDO,Elegido,048/066,,ARS,ARS/kg,detail,2025-10-02,666.67,e7535dde59fd7e87633b17ddaf1d58a3aacb01f99689dcd5464ff270688285fc,https://ssma.magyp.gob.ar/frutas.precios.aspx,2026-10-06T12:20:50.197055Z,[]
mcba,MCBA,Frutas,POMELO,RUBY RED,E. RIOS,PERDIDO,Elegido,070/090,,ARS,ARS/kg,detail,2025-10-02,666.67,b6f3548326a6ed785246e0015e4fcde6bdc90374fb9b627d10619bd6f3f5228b,https://ssma.magyp.gob.ar/frutas.precios.aspx,2026-10-06T12:20:50.197055Z,[]
mcba,MCBA,Frutas,POMELO,STAR RUBY,E. RIOS,PERDIDO,Elegido,050/070,,ARS,ARS/kg,detail,2026-08-24,722.22,bf6334cdd35f75a33da00617d59743857fa73181b1d5e5b8045c53a9bf974789,https://ssma.magyp.gob.ar/frutas.precios.aspx,2026-10-06T12:10:56.106249Z,[]
mcba,MCBA,Frutas,POMELO,STAR RUBY,SALTA,PERDIDO,Elegido,056/070,,ARS,ARS/kg,detail,2025-10-02,1000.0,5ff9c3c017386a954a72d163a03c5a7121e28751e8c2d1cfacf8a468a6f01aeb,https://ssma.magyp.gob.ar/frutas.precios.aspx,2026-10-06T12:20:50.197055Z,[]
mcba,MCBA,Frutas,POMELO,STAR RUBY,TUCUMAN,CAJA,Elegido,050/070,,ARS,ARS/kg,detail,2025-10-02,888.89,6c0fe5a7102fcfc38c40e443ee486e0b05b8a26fb30433d86dd58d0b171a6404,https://ssma.magyp.gob.ar/frutas.precios.aspx,2026-10-06T12:20:50.197055Z,[]
mcba,MCBA,Frutas,SANDIA,SUGAR BABY,BRASIL,CAJA,Elegido,007/009,,ARS,ARS/kg,detail,2025-10-02,2000.0,9b863c2cebcffccca2c0d1297d3b886b106829638293c36e6ae5bc1ddbfe43e2,https://ssma.magyp.gob.ar/frutas.precios.aspx,2026-10-06T12:20:50.197055Z,[]
mcba,MCBA,Frutas,UVA,AUTUMN CRI,BRASIL,CAJA,Elegido,GRANDE,,ARS,ARS/kg,detail,2026-08-24,8000.0,2435b9dec8e2822f7c9f617e085c42ecea400b1b3c713cd9eafc034639a8f3f3,https://ssma.magyp.gob.ar/frutas.precios.aspx,2026-10-06T12:10:56.106249Z,[]
mcba,MCBA,Frutas,UVA,NUBIA,BRASIL,CAJA,Elegido,GRANEL,,ARS,ARS/kg,detail,2025-10-02,6625.0,2796d96a9458679f2e9b0565a2e819350ab23eaa96b7d849cdf3b65c739c80f9,https://ssma.magyp.gob.ar/frutas.precios.aspx,2026-10-06T12:20:50.197055Z,[]
mcba,MCBA,Frutas,UVA,RED GLOBE,BRASIL,CAJA,Elegido,GRANEL,,ARS,ARS/kg,detail,2025-10-02,6250.0,24368e79a1cb9b0f7eef9a8714dc4d71b360cf23efc9386fa4e84c9e36231162,https://ssma.magyp.gob.ar/frutas.precios.aspx,2026-10-06T12:20:50.197055Z,[]
mcba,MCBA,Frutas,UVA,T.SEEDLESS,BRASIL,CAJA,Elegido,GRANEL,,ARS,ARS/kg,detail,2025-10-02,6250.0,9fcde71c427d2f269b2b9ee44ef7e3856975f5626dee9ad20a8bfd0ebb5ab91c,https://ssma.magyp.gob.ar/frutas.precios.aspx,2026-10-06T12:20:50.197055Z,[]
mcba,MCBA,Hortalizas,ACHICORIA,,BS. AS.,ATADO,,MEDIANO,,ARS,ARS/kg,detail,2025-10-02,350.0,fc08337c3ec608c291af129139ce64e7de58bdbad2902a86fa7732b8f90e70d9,https://ssma.magyp.gob.ar/frutas.precios.aspx,2026-10-06T12:20:50.197055Z,[]
mcba,MCBA,Hortalizas,AJO,COLORADO,MENDOZA,RISTRA 100,Primera,4,,ARS,ARS/kg,detail,2026-08-24,1100.0,2f9752d7ed639d7bcb4d5c20c2242167312124f574ac430c46656a06ea8023c9,https://ssma.magyp.gob.ar/frutas.precios.aspx,2026-10-06T12:10:56.106249Z,[]
mcba,MCBA,Hortalizas,AJO,MDO. CHINO,MENDOZA,RISTRA 100,Primera,4,,ARS,ARS/kg,detail,2025-10-02,2000.0,d366e422388fdbabd01f00792e2da54fe6cb02cac872a6acdd167231bdb1f4f1,https://ssma.magyp.gob.ar/frutas.precios.aspx,2026-10-06T12:20:50.197055Z,[]
mcba,MCBA,Hortalizas,AJO,MDO. CHINO,MENDOZA,RISTRA 100,Primera,9,,ARS,ARS/kg,detail,2025-10-02,3666.67,f22d4855febf890a3e4184c0ffc21b9db4600fa26b2f677c958df231e35e6a31,https://ssma.magyp.gob.ar/frutas.precios.aspx,2026-10-06T12:20:50.197055Z,[]
mcba,MCBA,Hortalizas,AJO,MDO. CHINO,MENDOZA,RISTRA 100,Segunda,11,,ARS,ARS/kg,detail,2025-10-02,6818.18,2a92eb02e579d4d039df39c8c1a673b1d1ee6c18665a8a29130cc0f9b7765221,https://ssma.magyp.gob.ar/frutas.precios.aspx,2026-10-06T12:20:50.197055Z,[]
mcba,MCBA,Hortalizas,ALCAUCIL,BLANCO,SAN JUAN,PERDIDO,Primera,MEDIANO,,ARS,ARS/kg,detail,2025-10-02,2500.0,885dbd2bd99aa56cf4269880f9f9e9748fe90f8f82ba4482ced68e6e7dd507d4,https://ssma.magyp.gob.ar/frutas.precios.aspx,2026-10-06T12:20:50.197055Z,[]
mcba,MCBA,Hortalizas,ALCAUCIL,¥. FRANCES,BS. AS.,TORO,Primera,GRANDE,,ARS,ARS/kg,detail,2025-10-02,2833.33,e62260cb57e36920fe0e45dfc33a88f363218da6c6f9f49fff0765c4b73b4c4e,https://ssma.magyp.gob.ar/frutas.precios.aspx,2026-10-06T12:20:50.197055Z,[]
mcba,MCBA,Hortalizas,BATATA,BEAUREGARD,CORDOBA,BOLSA,Primera,MEDIANO,,ARS,ARS/kg,detail,2025-10-02,1600.0,b71db568130a010af6999edf2b30257904e7c2b5e96bffbcd105ee01fe652f95,https://ssma.magyp.gob.ar/frutas.precios.aspx,2026-10-06T12:20:50.197055Z,[]
mcba,MCBA,Hortalizas,BATATA,BEAUREGARD,FORMOSA,BOLSA,Primera,MEDIANO,,ARS,ARS/kg,detail,2025-10-02,1692.31,9fa9769f58a08a174a4c1016904b566c3873a166491f1ae5395ff199d5ea7340,https://ssma.magyp.gob.ar/frutas.precios.aspx,2026-10-06T12:20:50.197055Z,[]
mcba,MCBA,Hortalizas,BATATA,BEAUREGARD,S. PEDRO,CAJA,Primera,MEDIANO,,ARS,ARS/kg,detail,2025-10-02,1846.15,aba32b577f1696048b8283fb630e6c0aec6e0069601736b347363f8ebb24ea39,https://ssma.magyp.gob.ar/frutas.precios.aspx,2026-10-06T12:20:50.197055Z,[]
mcba,MCBA,Hortalizas,BERENJENA,VTA.MED.LA,BS. AS.,TORO,Primera,MEDIANO,,ARS,ARS/kg,detail,2025-10-02,916.67,a3096f791e3ea39d5522e439ad531d540db93959954be274c2a0157fc94c8878,https://ssma.magyp.gob.ar/frutas.precios.aspx,2026-10-06T12:20:50.197055Z,[]
mcba,MCBA,Hortalizas,BERENJENA,VTA.MED.LA,CTES.,TORO,Primera,MEDIANO,,ARS,ARS/kg,detail,2025-10-02,791.67,7437169c430c778f973107c6b17c68529a388ffd38438e35cd8565a3e2386d52,https://ssma.magyp.gob.ar/frutas.precios.aspx,2026-10-06T12:20:50.197055Z,[]
mcba,MCBA,Hortalizas,BERENJENA,VTA.MED.LA,CTES.,TORO,Segunda,MEDIANO,,ARS,ARS/kg,detail,2025-10-02,583.33,3861caad7e25474bdf599f7dce23dc6fa54c248789aea80fd9ab9c0317e65655,https://ssma.magyp.gob.ar/frutas.precios.aspx,2026-10-06T12:20:50.197055Z,[]
mcba,MCBA,Hortalizas,BERRO,,BS. AS.,ATADO,Primera,SIN TAM,,ARS,ARS/kg,detail,2026-08-24,2500.0,e172caffee1274bca07856987f37e8718e89b6e9719ac307fa802d8858d2f0d0,https://ssma.magyp.gob.ar/frutas.precios.aspx,2026-10-06T12:10:56.106249Z,[]
mcba,MCBA,Hortalizas,BROTE ALFA,PROM.ESP.,,,,,,ARS,ARS/kg,species_summary,2026-08-24,9000.0,e2e7707082bb14cf0df9f5d74a288a6661786210e83882d46aa665be4cb6e63b,https://ssma.magyp.gob.ar/frutas.precios.aspx,2026-10-06T12:10:56.106249Z,"[""origin_missing""]"
mcba,MCBA,Hortalizas,BROTE ALFA,,BS. AS.,BOLSA,Primera,MEDIANO,,ARS,ARS/kg,detail,2026-08-24,9000.0,4c7c5013201ff0b4ac9199a43dc89dfb658fad7166f80703c5aaffa65a1bb862,https://ssma.magyp.gob.ar/frutas.precios.aspx,2026-10-06T12:10:56.106249Z,[]
mcba,MCBA,Hortalizas,BROTE SOJA,PROM.ESP.,,,,,,ARS,ARS/kg,species_summary,2026-08-24,7000.0,2adb5873080e05d6e8868a28d16a70a603f665b3240f0b9f254c27c9ce33b5d0,https://ssma.magyp.gob.ar/frutas.precios.aspx,2026-10-06T12:10:56.106249Z,"[""origin_missing""]"
mcba,MCBA,Hortalizas,BROTE SOJA,,BS. AS.,BOLSA,Primera,,,ARS,ARS/kg,detail,2026-08-24,7000.0,fbe64793456dc194fc85ed574550b44a39105ef366799ad905b6c9aec58ea747,https://ssma.magyp.gob.ar/frutas.precios.aspx,2026-10-06T12:10:56.106249Z,[]
mcba,MCBA,Hortalizas,CARDO,,BS. AS.,ATADO,Primera,MEDIANO,,ARS,ARS/kg,detail,2026-08-24,1500.0,018690cac5ed33aaa3f6b18462fb59da3334ca8eb07960fbae35250a688da631,https://ssma.magyp.gob.ar/frutas.precios.aspx,2026-10-06T12:10:56.106249Z,[]
mcba,MCBA,Hortalizas,CEB.VERDEO,COLORADA,BS. AS.,JAULA,Primera,CHICO,,ARS,ARS/kg,detail,2025-10-02,840.0,98d15e91913fd5f6585f99ed00db248e40e9881d8aec7194d005fa79f523d547,https://ssma.magyp.gob.ar/frutas.precios.aspx,2026-10-06T12:20:50.197055Z,[]
mcba,MCBA,Hortalizas,CEBOLLA,BLANCA,SGO.EST.,BOLSA,Primera,MEDIANO,,ARS,ARS/kg,detail,2025-10-02,800.0,3cbdae544cf55c3f1e92ce733aed05d2d414339c3c2ddfdaff051ed8cdd050ba,https://ssma.magyp.gob.ar/frutas.precios.aspx,2026-10-06T12:20:50.197055Z,[]
mcba,MCBA,Hortalizas,CEBOLLA,COLORADA,S.BS.AS.,BOLSA,Primera,MEDIANO,,ARS,ARS/kg,detail,2026-08-24,1150.0,9c8cdd9a8c3d3c439bb474a72005ddf5c0ee15e3c525fcb7f5bda49d298c12d1,https://ssma.magyp.gob.ar/frutas.precios.aspx,2026-10-06T12:10:56.106249Z,[]
mcba,MCBA,Hortalizas,CEBOLLA,VALENCIANA,R. NEGRO,BOLSA,Segunda,MEDIANO,,ARS,ARS/kg,detail,2025-10-02,290.0,2a375b0aa77309c23ef0b200550aa92ee71120252849324c3574b4acad6fdb48,https://ssma.magyp.gob.ar/frutas.precios.aspx,2026-10-06T12:20:50.197055Z,[]
mcba,MCBA,Hortalizas,CEBOLLA,VALENCIANA,S.BS.AS.,BOLSA,Primera,MEDIANO,,ARS,ARS/kg,detail,2026-08-24,1150.0,26544ed03f8c7af48d2128b1d2395bb3623bcc51d8c180207a76306740d4b6a7,https://ssma.magyp.gob.ar/frutas.precios.aspx,2026-10-06T12:10:56.106249Z,[]
mcba,MCBA,Hortalizas,CEBOLLA,VALENCIANA,S.BS.AS.,BOLSA,Segunda,MEDIANO,,ARS,ARS/kg,detail,2026-08-24,900.0,55ad1be9623cb0ef45043090b380a89ac9561a7b9d9d004111775b816d720c57,https://ssma.magyp.gob.ar/frutas.precios.aspx,2026-10-06T12:10:56.106249Z,[]
mcba,MCBA,Hortalizas,CEBOLLA,VALENCIANI,SGO.EST.,BOLSA,Primera,MEDIANO,HIBRIDO,ARS,ARS/kg,detail,2025-10-02,490.0,895edf26b773ee831242f47440f1fc1d16e6cd7821195cee4edc8c64753df34a,https://ssma.magyp.gob.ar/frutas.precios.aspx,2026-10-06T12:20:50.197055Z,[]
mcba,MCBA,Hortalizas,CHAUCHA,ESPA¥OLA,SALTA,TORO,Primera,MEDIANO,,ARS,ARS/kg,detail,2025-10-02,1750.0,59f85659bff36596e132c5119ee0f128b528a3ce56b7cd524ee3ac1e13c146ee,https://ssma.magyp.gob.ar/frutas.precios.aspx,2026-10-06T12:20:50.197055Z,[]
mcba,MCBA,Hortalizas,CHAUCHA,KRONOS,CTES.,PERDIDO,Primera,MEDIANO,INVERNAC,ARS,ARS/kg,detail,2025-10-02,2500.0,77c5ba1fd0e04902b76e3f2795e193204a5b7dc4f9c8a0215a8e8405b6c29fd9,https://ssma.magyp.gob.ar/frutas.precios.aspx,2026-10-06T12:20:50.197055Z,[]
mcba,MCBA,Hortalizas,CHOCLO,AMARILLO,SALTA,PERDIDO,Segunda,,PRE-ENFR,ARS,ARS/kg,detail,2025-10-02,1200.0,aeafa0c71101b3ba42553bfd1c10524835e44e2c5c9dd8cc82e1fad10cd40bce,https://ssma.magyp.gob.ar/frutas.precios.aspx,2026-10-06T12:20:50.197055Z,[]
mcba,MCBA,Hortalizas,CILANDRO,PROM.ESP.,,,,,,ARS,ARS/kg,species_summary,2026-08-24,10000.0,b75845df816b57702885d435f6f9e065c593c804083edaee560b86730a2df17b,https://ssma.magyp.gob.ar/frutas.precios.aspx,2026-10-06T12:10:56.106249Z,"[""origin_missing""]"
mcba,MCBA,Hortalizas,CILANDRO,,BS. AS.,ATADO,Primera,MEDIANO,,ARS,ARS/kg,detail,2026-08-24,10000.0,a9441b19e908703fa80ce86bf61112d7d4f4d77d861c8f1356796816f9b56493,https://ssma.magyp.gob.ar/frutas.precios.aspx,2026-10-06T12:10:56.106249Z,[]
mcba,MCBA,Hortalizas,CURCUMA,,MISIONES,PERDIDO,Primera,SIN TAM,,ARS,ARS/kg,detail,2025-10-02,5500.0,90d28ed5449a4d0ffd81da09e7e3712e9ce72a2203f053db960be3a6adc1f695,https://ssma.magyp.gob.ar/frutas.precios.aspx,2026-10-06T12:20:50.197055Z,[]
mcba,MCBA,Hortalizas,HONGOS,SHIITAKE,BS. AS.,BANDEJA,Primera,,,ARS,ARS/kg,detail,2026-08-24,23000.0,9e93b1d6c5fa1f5ce992b28533e775ffde656269131570894b139ea13ebc2796,https://ssma.magyp.gob.ar/frutas.precios.aspx,2026-10-06T12:10:56.106249Z,[]
mcba,MCBA,Hortalizas,LECHUGA,CAPUCHINA,MENDOZA,PERDIDO,Primera,MEDIANO,,ARS,ARS/kg,detail,2026-08-24,900.0,5e4516e6cc4dc01aadafcc173201dc6603e0c2dac55c4b66a9f6a612a38a4c4c,https://ssma.magyp.gob.ar/frutas.precios.aspx,2026-10-06T12:10:56.106249Z,[]
mcba,MCBA,Hortalizas,LECHUGA,FRANCESA,BS. AS.,JAULA,Primera,MEDIANO,,ARS,ARS/kg,detail,2026-08-24,875.0,dec2bf86eb042d395c6e94849a9bae69b159fda943aef5edb6527189f4644911,https://ssma.magyp.gob.ar/frutas.precios.aspx,2026-10-06T12:10:56.106249Z,[]
mcba,MCBA,Hortalizas,LECHUGA,MANTECOSA,BS. AS.,JAULA,Primera,MEDIANO,,ARS,ARS/kg,detail,2025-10-02,700.0,6e928b0a7078c29f4ec200f242b9552d4d7e2915e63d6cfe78013fe1cb285dbb,https://ssma.magyp.gob.ar/frutas.precios.aspx,2026-10-06T12:20:50.197055Z,[]
mcba,MCBA,Hortalizas,MENTA,PROM.ESP.,,,,,,ARS,ARS/kg,species_summary,2026-08-24,9500.0,828e8460362feacb3c1281c3799a6b518f8492105ae9852262ded95033add67d,https://ssma.magyp.gob.ar/frutas.precios.aspx,2026-10-06T12:10:56.106249Z,"[""origin_missing""]"
mcba,MCBA,Hortalizas,MENTA,,BS. AS.,ATADO,Primera,MEDIANO,,ARS,ARS/kg,detail,2026-08-24,9500.0,d4a360b8cd0cd022b8d4059d34b73ced17c566b0064ee0fc56e3ddfe75a39580,https://ssma.magyp.gob.ar/frutas.precios.aspx,2026-10-06T12:10:56.106249Z,[]
mcba,MCBA,Hortalizas,PAPA,AGATA,BRASIL,BOLSA,Primera,MEDIANO,LAVADA,ARS,ARS/kg,detail,2026-08-24,1080.0,0ea0cc4680d0f2e9e873ecc3efb595f934891f4a6b54a6ef37a703e0813398f8,https://ssma.magyp.gob.ar/frutas.precios.aspx,2026-10-06T12:10:56.106249Z,[]
mcba,MCBA,Hortalizas,PAPA,ASTERIX,BRASIL,BOLSA,Primera,MEDIANO,LAVADA,ARS,ARS/kg,detail,2025-10-02,700.0,548b6a5ec4439132c9512c0d3c84fbeea69511668a64c6b3b5435a1a8e757290,https://ssma.magyp.gob.ar/frutas.precios.aspx,2026-10-06T12:20:50.197055Z,[]
mcba,MCBA,Hortalizas,PAPA,SAGITTA,SE BS.AS,BOLSA,Primera,MEDIANO,LAVADA,ARS,ARS/kg,detail,2025-10-02,450.0,fa2c7a32e9ac0302fe0de1ec8e58de3ea74586d6de0dcd6f47be8c94273b4178,https://ssma.magyp.gob.ar/frutas.precios.aspx,2026-10-06T12:20:50.197055Z,[]
mcba,MCBA,Hortalizas,PAPA,SPUNTA,SE BS.AS,BOLSA,Primera,MEDIANO,LAVADA,ARS,ARS/kg,detail,2025-10-02,500.0,f83f37d0051e00da1e89b6c8a87ac8a0a1b7769de04a7aad3f9108488aeffe50,https://ssma.magyp.gob.ar/frutas.precios.aspx,2026-10-06T12:20:50.197055Z,[]
mcba,MCBA,Hortalizas,PAPA,SPUNTA,TUCUMAN,BOLSA,Segunda,MED/CHI,,ARS,ARS/kg,detail,2025-10-02,255.56,7ccdddc0eb13f01be828fcde26f8cb170e7977b31ef499012f9edb30efd7270d,https://ssma.magyp.gob.ar/frutas.precios.aspx,2026-10-06T12:20:50.197055Z,[]
mcba,MCBA,Hortalizas,PEPINO,,SALTA,PERDIDO,Primera,MEDIANO,,ARS,ARS/kg,detail,2025-10-02,733.33,d7169c42a86321fcc266b481834910dd31bdbd1d2ea2c7c556e9fea410769e9a,https://ssma.magyp.gob.ar/frutas.precios.aspx,2026-10-06T12:20:50.197055Z,[]
mcba,MCBA,Hortalizas,PEREJIL,,BS. AS.,JAULA,Primera,GRANDE,,ARS,ARS/kg,detail,2026-08-24,1700.0,624c7aa290bed41ab732cc2769fb6fdf3ae98c2cd332099c9a58d2c51715e0ec,https://ssma.magyp.gob.ar/frutas.precios.aspx,2026-10-06T12:10:56.106249Z,[]
mcba,MCBA,Hortalizas,PIMIENTO,JALAPEÑO,CTES.,BANDEJA,Primera,GRANDE,VDE/INV,ARS,ARS/kg,detail,2025-10-02,1625.0,16683a82a6d7bd7e26ab7d30898c3a1860c2d5b86ef37f846014c289b3cebdd5,https://ssma.magyp.gob.ar/frutas.precios.aspx,2026-10-06T12:20:50.197055Z,[]
mcba,MCBA,Hortalizas,PIMIENTO,VINAGRE,CTES.,TORO,Primera,MEDIANO,VDE/INV,ARS,ARS/kg,detail,2025-10-02,2000.0,14f102ecfd447ad054d9e0b3252c31015584500aa6a5fc047d905ae43d921c83,https://ssma.magyp.gob.ar/frutas.precios.aspx,2026-10-06T12:20:50.197055Z,[]
mcba,MCBA,Hortalizas,RADICCHIO,,BS. AS.,BANDEJA,Primera,MEDIANO,,ARS,ARS/kg,detail,2025-10-02,6500.0,d1f3adcee9469279c95cd1f048e41b2902eb5c98d87383858d1145f38a6c1890,https://ssma.magyp.gob.ar/frutas.precios.aspx,2026-10-06T12:20:50.197055Z,[]
mcba,MCBA,Hortalizas,REMOLACHA,,BS. AS.,BOLSA,Primera,MEDIANO,,ARS,ARS/kg,detail,2026-08-24,950.0,ed9340e660c01e4a5e2680058af1998b372d6f2c235e7b02ffea75a6c0d35a25,https://ssma.magyp.gob.ar/frutas.precios.aspx,2026-10-06T12:10:56.106249Z,[]
mcba,MCBA,Hortalizas,REMOLACHA,,SANTA FE,BOLSA,Primera,MEDIANO,,ARS,ARS/kg,detail,2026-08-24,960.0,9b9522c08e243874da5ac833a7baeddfb197596e3ce549108ab11595c8de4ea0,https://ssma.magyp.gob.ar/frutas.precios.aspx,2026-10-06T12:10:56.106249Z,[]
mcba,MCBA,Hortalizas,REPOLLO,BLANCO,MENDOZA,BOLSA,Primera,MEDIANO,,ARS,ARS/kg,detail,2026-08-24,600.0,e25a8b9de69d1f5eb29a978d8e698f49189ec6b6cc3baaa5118678af16116319,https://ssma.magyp.gob.ar/frutas.precios.aspx,2026-10-06T12:10:56.106249Z,[]
mcba,MCBA,Hortalizas,REPOLLO,BLANCO,SANTA FE,BOLSA,Primera,GRANDE,,ARS,ARS/kg,detail,2025-10-02,433.33,fa445fb8d1f870656139249243fdf4306fa406d422b6d09b140022676981071c,https://ssma.magyp.gob.ar/frutas.precios.aspx,2026-10-06T12:20:50.197055Z,[]
mcba,MCBA,Hortalizas,REPOLLO,COLORADO,MENDOZA,BOLSA,Primera,MEDIANO,,ARS,ARS/kg,detail,2026-08-24,733.33,51caf85854bb7dfb2c7785bb0cb17de5aaffc8e6563474dc29a5a9d60f3d1dcb,https://ssma.magyp.gob.ar/frutas.precios.aspx,2026-10-06T12:10:56.106249Z,[]
mcba,MCBA,Hortalizas,REPOLLO,COLORADO,SANTA FE,BOLSA,Primera,MEDIANO,,ARS,ARS/kg,detail,2025-10-02,466.67,12eb4d1cea4ad06d5012d415b64efd5c74368ca668fcfb70d0ed8d6425fc49d5,https://ssma.magyp.gob.ar/frutas.precios.aspx,2026-10-06T12:20:50.197055Z,[]
mcba,MCBA,Hortalizas,RUCULA,,BS. AS.,BANDEJA,Primera,SIN TAM,,ARS,ARS/kg,detail,2026-08-24,2500.0,928f07f7ac06ef7362c0be335790ead925daf6a2425a6190ff23cab118378297,https://ssma.magyp.gob.ar/frutas.precios.aspx,2026-10-06T12:10:56.106249Z,[]
mcba,MCBA,Hortalizas,TOMATE,CHERRY,SALTA,CAJA,Primera,CHICO,ROJO/INV,ARS,ARS/kg,detail,2025-10-02,1200.0,7d58c704f0c3163157429b65d28b86428c556f840165eea4b5fad4b8fd2136d3,https://ssma.magyp.gob.ar/frutas.precios.aspx,2026-10-06T12:20:50.197055Z,[]
mcba,MCBA,Hortalizas,TOMATE,PERITA,SALTA,PERDIDO,Segunda,MEDIANO,PINTON,ARS,ARS/kg,detail,2025-10-02,888.89,d85238bf6891d065abf2c9df41f614defcb973a8d34b0fc514d455d77ca730a6,https://ssma.magyp.gob.ar/frutas.precios.aspx,2026-10-06T12:20:50.197055Z,[]
mcba,MCBA,Hortalizas,TOMATE,PERITA,SALTA,PERDIDO,Segunda,MEDIANO,ROJO,ARS,ARS/kg,detail,2025-10-02,722.22,6c20c44662772915157890a95d140e25b263de667e0074ed91c4f963405dd944,https://ssma.magyp.gob.ar/frutas.precios.aspx,2026-10-06T12:20:50.197055Z,[]
mcba,MCBA,Hortalizas,TOMATE,REDONDO,CHILE,PERDIDO,Primera,GRANDE,ROJO/INV,ARS,ARS/kg,detail,2025-10-02,2388.89,2235ba9141b873addd932ff62f32d2bdf178abe21f8e6e6827a21c8c5298387e,https://ssma.magyp.gob.ar/frutas.precios.aspx,2026-10-06T12:20:50.197055Z,[]
mcba,MCBA,Hortalizas,TOMATE,REDONDO,CTES.,PERDIDO,Primera,GRANDE,PTN/INV,ARS,ARS/kg,detail,2025-10-02,1687.5,4aa57314d362017af3b217a35c21e3a57f92167a66990dc8fe68ae9250d79722,https://ssma.magyp.gob.ar/frutas.precios.aspx,2026-10-06T12:20:50.197055Z,[]
mcba,MCBA,Hortalizas,TOMATE,REDONDO,CTES.,PERDIDO,Primera,MEDIANO,PTN/INV,ARS,ARS/kg,detail,2025-10-02,1312.5,c30426f443ccb3a991d4f52ae3bb02c6d0153143dc11daddc0dcf54fb767f820,https://ssma.magyp.gob.ar/frutas.precios.aspx,2026-10-06T12:20:50.197055Z,[]
mcba,MCBA,Hortalizas,TOMATE,REDONDO,CTES.,PERDIDO,Primera,MEDIANO,ROJO/INV,ARS,ARS/kg,detail,2025-10-02,1062.5,e3deba0d4381bfc53285570d916238d317d0a466f69eeae21a100ef6f350ea63,https://ssma.magyp.gob.ar/frutas.precios.aspx,2026-10-06T12:20:50.197055Z,[]
mcba,MCBA,Hortalizas,TOMATE,REDONDO,CTES.,PERDIDO,Segunda,GRANDE,PTN/INV,ARS,ARS/kg,detail,2025-10-02,1125.0,a86eee32ed1b287ce5cb0450cf39aa7de03f8b1d9ca7d1afa99a27e32560ba0b,https://ssma.magyp.gob.ar/frutas.precios.aspx,2026-10-06T12:20:50.197055Z,[]
mcba,MCBA,Hortalizas,TOMATE,REDONDO,CTES.,PERDIDO,Segunda,MEDIANO,PTN/INV,ARS,ARS/kg,detail,2025-10-02,875.0,17d6dab71826e16a5897c34ea58c80911a013aa2e32114168863251abbca3baa,https://ssma.magyp.gob.ar/frutas.precios.aspx,2026-10-06T12:20:50.197055Z,[]
mcba,MCBA,Hortalizas,TOMATE,REDONDO,SALTA,PERDIDO,Primera,GRANDE,PINTON,ARS,ARS/kg,detail,2025-10-02,1111.11,8ef7c5e336c52b3244213970715094d00b8eeacf13e29a182ec5821ceeb5cd50,https://ssma.magyp.gob.ar/frutas.precios.aspx,2026-10-06T12:20:50.197055Z,[]
mcba,MCBA,Hortalizas,TOMATE,REDONDO,SALTA,PERDIDO,Primera,MEDIANO,PINTON,ARS,ARS/kg,detail,2025-10-02,888.89,1040641b896bb286d3bc26ef7ca607a3dd26ddd583646fae589a07ad3afa7aaa,https://ssma.magyp.gob.ar/frutas.precios.aspx,2026-10-06T12:20:50.197055Z,[]
mcba,MCBA,Hortalizas,TOMATE,REDONDO,SALTA,PERDIDO,Segunda,MEDIANO,PINTON,ARS,ARS/kg,detail,2025-10-02,722.22,80b67c11ed57846f47c67d5acdefa62a0ebe94056e335198f7ebdc1a1486b916,https://ssma.magyp.gob.ar/frutas.precios.aspx,2026-10-06T12:20:50.197055Z,[]
mcba,MCBA,Hortalizas,TOMATE,REDONDO,SALTA,PERDIDO,Segunda,MEDIANO,ROJO,ARS,ARS/kg,detail,2025-10-02,555.56,8a8fbfdcaebb97f2726df3d7df2389f312db3b42b45c69df24e654d17ec091d3,https://ssma.magyp.gob.ar/frutas.precios.aspx,2026-10-06T12:20:50.197055Z,[]
mcba,MCBA,Hortalizas,ZAPALLITO,LARGO,BS. AS.,TORO,Primera,MEDIANO,INVERNAC,ARS,ARS/kg,detail,2025-10-02,866.67,f6ddde2099e4d617977ee902abcc0456fdb224bd786527bd96c646a735a8ba1d,https://ssma.magyp.gob.ar/frutas.precios.aspx,2026-10-06T12:20:50.197055Z,[]
mcba,MCBA,Hortalizas,ZAPALLITO,REDONDO,BS. AS.,TORO,Primera,MEDIANO,INVERNAC,ARS,ARS/kg,detail,2025-10-02,933.33,d7c7db3dac31a87ffe78c8142ac76aacb05d7e673f3034e02e493a5b28140c30,https://ssma.magyp.gob.ar/frutas.precios.aspx,2026-10-06T12:20:50.197055Z,[]
mcba,MCBA,Hortalizas,ZAPALLITO,REDONDO,SALTA,TORO,Primera,MEDIANO,INVERNAC,ARS,ARS/kg,detail,2025-10-02,611.11,dbc81411020665f1d44d72c1611a35ee950b6f758912c0e8b95e1817362b48a9,https://ssma.magyp.gob.ar/frutas.precios.aspx,2026-10-06T12:20:50.197055Z,[]
mcba,MCBA,Hortalizas,ZAPALLITO,REDONDO,SALTA,TORO,Primera,MEDIANO,,ARS,ARS/kg,detail,2026-08-24,1833.33,2e893ec8db32849cceea36c1ac93477bf81e9504b96c3c70cdb939ce3a52aa2e,https://ssma.magyp.gob.ar/frutas.precios.aspx,2026-10-06T12:10:56.106249Z,[]
mcba,MCBA,Hortalizas,ZAPALLITO,REDONDO,SANTA FE,TORO,Primera,MEDIANO,,ARS,ARS/kg,detail,2025-10-02,555.56,95cc0b4438a5472da7b294a51a6ac931cc74895b64bcd9edd300ae01ddef649b,https://ssma.magyp.gob.ar/frutas.precios.aspx,2026-10-06T12:20:50.197055Z,[]
mcba,MCBA,Hortalizas,ZAPALLO,ANC.COKENA,S.BS.AS.,BOLSA,Primera,MEDIANO,,ARS,ARS/kg,detail,2026-08-24,1400.0,67053c19923b5b26d906bdc3d2ce6ec27c7b0db2182b492aae27f254a3994a42,https://ssma.magyp.gob.ar/frutas.precios.aspx,2026-10-06T12:10:56.106249Z,[]
mcba,MCBA,Hortalizas,ZAPALLO,TETSUKAB.,S.BS.AS.,BOLSA,Primera,MEDIANO,,ARS,ARS/kg,detail,2026-08-24,666.67,60e79532d48adb1118f762ae8ac5ab4f28361bd9a878ce8cdfb1146a253ba477,https://ssma.magyp.gob.ar/frutas.precios.aspx,2026-10-06T12:10:56.106249Z,[]
mcba,MCBA,Hortalizas,ZAPALLO,TETSUKAB.,SALTA,BOLSA,Primera,MEDIANO,,ARS,ARS/kg,detail,2026-08-24,777.78,af13caa5a85f729cdadd05d5dbb847b4971c6494d7599137912590db945ce183,https://ssma.magyp.gob.ar/frutas.precios.aspx,2026-10-06T12:10:56.106249Z,[]
mcba,MCBA,Frutas,ANANA,PI¥A,BRASIL,CAJA,Elegido,010/012,,ARS,ARS/kg,detail,2026-08-24,2333.33,fa424fff9228983d6d2fd638e4ae2357579bb0b2efabce96db6817fb088f3a57,https://ssma.magyp.gob.ar/frutas.precios.aspx,2026-10-06T12:10:56.106249Z,[]
mcba,MCBA,Frutas,ANANA,PI¥A,ECUADOR,CAJA,Elegido,012/014,,ARS,ARS/kg,detail,2026-08-24,2636.36,3c363ca36fccd39a3888efb9cf2f79cba0a5ca87166a3bb53c6c3e809c458dbe,https://ssma.magyp.gob.ar/frutas.precios.aspx,2026-10-06T12:10:56.106249Z,[]
mcba,MCBA,Frutas,BANANA,NANIKA,FORMOSA,PERDIDO,Comercial,MEDIANO,,ARS,ARS/kg,detail,2026-08-24,909.09,d64b464542ba65767b62edbbfbd3d54429f4f73dc4a96d8963404e9ad9d49038,https://ssma.magyp.gob.ar/frutas.precios.aspx,2026-10-06T12:10:56.106249Z,[]
mcba,MCBA,Frutas,BANANA,NANIKA,SALTA,PERDIDO,Comercial,MEDIANO,,ARS,ARS/kg,detail,2026-08-24,954.55,feb8683bea55492498b80d24eebcb7d4d78108bb7f227f0a3d9625e232a69a1e,https://ssma.magyp.gob.ar/frutas.precios.aspx,2026-10-06T12:10:56.106249Z,[]
mcba,MCBA,Frutas,CIRUELA,FORTUNE,ESPA¥A,CAJA,Elegido,GRANEL,,ARS,ARS/kg,detail,2026-08-24,6000.0,583af3e216e20d1cf22c3788280bd00a4f92c4a626546a6fdb4a5514ac1ecbf9,https://ssma.magyp.gob.ar/frutas.precios.aspx,2026-10-06T12:10:56.106249Z,[]
mcba,MCBA,Frutas,COCO,,BRASIL,BOLSA,Elegido,MEDIANO,,ARS,ARS/kg,detail,2026-08-24,2400.0,1b8869882e0961675c3eaafbe15685e626dbecc01c796d2e6b6a81cc6a1a443d,https://ssma.magyp.gob.ar/frutas.precios.aspx,2026-10-06T12:10:56.106249Z,[]
mcba,MCBA,Frutas,FRUTILLA,,SANTA FE,CAJA,Elegido,GRANDE,,ARS,ARS/kg,detail,2026-08-24,7200.0,bf92cd3a0463d0755885a111819b057b980ba181da7910902bb52ee619a6d367,https://ssma.magyp.gob.ar/frutas.precios.aspx,2026-10-06T12:10:56.106249Z,[]
mcba,MCBA,Frutas,KIWI,,BS. AS.,CAJA,Elegido,CHICO,,ARS,ARS/kg,detail,2026-08-24,1900.0,a9019f36f9674b9f5ffcc5bf2cb545f517d37b7b775d9f3555c5c469ddad4bec,https://ssma.magyp.gob.ar/frutas.precios.aspx,2026-10-06T12:10:56.106249Z,[]
mcba,MCBA,Frutas,LIMON,EUREKA,CTES.,TORO,Elegido,125/138,,ARS,ARS/kg,detail,2026-08-24,555.56,d08e408b3caf274de171f86522cbe733a5593c51f80ed8796684c31504be5596,https://ssma.magyp.gob.ar/frutas.precios.aspx,2026-10-06T12:10:56.106249Z,[]
mcba,MCBA,Frutas,LIMON,EUREKA,SALTA,CAJA,Elegido,090/120,,ARS,ARS/kg,detail,2026-08-24,764.71,e17e94f2e50a7d6b7d02ea51d2befad8b66acb3966daa04426d05b8262589a20,https://ssma.magyp.gob.ar/frutas.precios.aspx,2026-10-06T12:10:56.106249Z,[]
mcba,MCBA,Frutas,LIMON,EUREKA,TUCUMAN,CAJA,Elegido,090/100,,ARS,ARS/kg,detail,2026-08-24,666.67,35c2a3316b20d0b84290b9d19cb5af107fa371a9d779cafed65d08c224178f00,https://ssma.magyp.gob.ar/frutas.precios.aspx,2026-10-06T12:10:56.106249Z,[]
mcba,MCBA,Frutas,LIMON,GENOVA,E. RIOS,PERDIDO,Elegido,100/140,,ARS,ARS/kg,detail,2026-08-24,555.56,894f6fe3cb4be34574a8b4d80d74d275e30eb2a56e17cf2b69ec1c1a309f2bd2,https://ssma.magyp.gob.ar/frutas.precios.aspx,2026-10-06T12:10:56.106249Z,[]
mcba,MCBA,Frutas,MANDARINA,DANCY,E. RIOS,PERDIDO,Elegido,GRANDE,,ARS,ARS/kg,detail,2026-08-24,777.78,84eaaceedce98b18aee289cb04f79e232b42f43d0c118fbca2a325513dff238d,https://ssma.magyp.gob.ar/frutas.precios.aspx,2026-10-06T12:10:56.106249Z,[]
mcba,MCBA,Frutas,MANDARINA,DANCY,E. RIOS,PERDIDO,Elegido,MEDIANO,,ARS,ARS/kg,detail,2026-08-24,555.56,51a292cb3615509e750cec02528568d51644d7efe3d62fe1a4cb1d64b55aac41,https://ssma.magyp.gob.ar/frutas.precios.aspx,2026-10-06T12:10:56.106249Z,[]
mcba,MCBA,Frutas,MANDARINA,ELLENDALE,CTES.,CAJA,Elegido,MEDIANO,,ARS,ARS/kg,detail,2026-08-24,555.56,2041bc453a9aaeb01f20ccc903bbd52817d00d59aba002f8e2d138d2b5e4ed9e,https://ssma.magyp.gob.ar/frutas.precios.aspx,2026-10-06T12:10:56.106249Z,[]
mcba,MCBA,Frutas,MANDARINA,ENCORE,E. RIOS,TORO,Elegido,GRANDE,,ARS,ARS/kg,detail,2026-08-24,944.44,7cc7df447b360cb15ab57999b70b4b61b032d39ac7b4babf473e49ad5e7158c6,https://ssma.magyp.gob.ar/frutas.precios.aspx,2026-10-06T12:10:56.106249Z,[]
mcba,MCBA,Frutas,MANDARINA,NOVA,CTES.,PERDIDO,Elegido,MEDIANO,,ARS,ARS/kg,detail,2026-08-24,444.44,09536f9bd5f697321ce2dbd7c2c48ede66e62a08b0dc48175767cde5b740a706,https://ssma.magyp.gob.ar/frutas.precios.aspx,2026-10-06T12:10:56.106249Z,[]
mcba,MCBA,Frutas,MANDARINA,NOVA,E. RIOS,PERDIDO,Elegido,MEDIANO,,ARS,ARS/kg,detail,2026-08-24,500.0,d0bc2e32c3796b1fd3a1fb720b9ae8cd48b6180c9c70ca0653e89f7e73b4c494,https://ssma.magyp.gob.ar/frutas.precios.aspx,2026-10-06T12:10:56.106249Z,[]
mcba,MCBA,Frutas,MANZANA,CRIPPS PIN,R. NEGRO,CAJA,Elegido,100/125,,ARS,ARS/kg,detail,2026-08-24,2055.56,737f54ca08fbc38b7c17417234ffbe94bde90b768ed24db11c58e47e1161b20a,https://ssma.magyp.gob.ar/frutas.precios.aspx,2026-10-06T12:10:56.106249Z,[]
mcba,MCBA,Frutas,MANZANA,CRIPPS PIN,R. NEGRO,CAJA,Elegido,125/138,,ARS,ARS/kg,detail,2026-08-24,1888.89,50c2320725ecf5233ef87d29562b513c7b4df8838114037af145f4e42bf5018c,https://ssma.magyp.gob.ar/frutas.precios.aspx,2026-10-06T12:10:56.106249Z,[]
mcba,MCBA,Frutas,MANZANA,GRANNY SMI,CHILE,CAJA,Elegido,070/080,,ARS,ARS/kg,detail,2026-08-24,3555.56,cd0042c62fda36cc9ddcb7a9c2f979c4bfb2f8a97335903d6cbbef7caa62496d,https://ssma.magyp.gob.ar/frutas.precios.aspx,2026-10-06T12:10:56.106249Z,[]
mcba,MCBA,Frutas,MANZANA,GRANNY SMI,R. NEGRO,CAJA,Elegido,080/100,,ARS,ARS/kg,detail,2026-08-24,3055.56,88ad0090ef77abdb89ac76d25f1177760884edd26297f7dcb83f369acc57e339,https://ssma.magyp.gob.ar/frutas.precios.aspx,2026-10-06T12:10:56.106249Z,[]
mcba,MCBA,Frutas,MANZANA,GRANNY SMI,R. NEGRO,CAJA,Elegido,090/110,,ARS,ARS/kg,detail,2026-08-24,2333.33,53c7659e224f55de7955c8dab78f7ff13999dcf2a4877ba7ff38d35ad9e640b9,https://ssma.magyp.gob.ar/frutas.precios.aspx,2026-10-06T12:10:56.106249Z,[]
mcba,MCBA,Frutas,MANZANA,GRANNY SMI,R. NEGRO,CAJA,Elegido,110/130,,ARS,ARS/kg,detail,2026-08-24,2111.11,11ba158953df5caea8cb3b4e170723c8e3aabff06598d5b597c8fa3b9ec31fdb,https://ssma.magyp.gob.ar/frutas.precios.aspx,2026-10-06T12:10:56.106249Z,[]
mcba,MCBA,Frutas,MANZANA,GRANNY SMI,R. NEGRO,JAULA,Comercial,088/113,,ARS,ARS/kg,detail,2026-08-24,1777.78,913715f5bc6e0add3dbc2a4fe641e334f02caa3deb25ef6de5bdeaf4778ea868,https://ssma.magyp.gob.ar/frutas.precios.aspx,2026-10-06T12:10:56.106249Z,[]
mcba,MCBA,Frutas,MANZANA,GRANNY SMI,R. NEGRO,JAULA,Comercial,125/138,,ARS,ARS/kg,detail,2026-08-24,1611.11,8d1d5c0f46525c83c46a92dc5c64c975a265f577e86fab5cc639511fe363767f,https://ssma.magyp.gob.ar/frutas.precios.aspx,2026-10-06T12:10:56.106249Z,[]
mcba,MCBA,Frutas,MANZANA,RED DELICI,R. NEGRO,CAJA,Comercial,080/100,,ARS,ARS/kg,detail,2026-08-24,1611.11,160ea42cea9986468b2daeca1a3129326efba1893bbba50d312f4300a44e520f,https://ssma.magyp.gob.ar/frutas.precios.aspx,2026-10-06T12:10:56.106249Z,[]
mcba,MCBA,Frutas,MANZANA,RED DELICI,R. NEGRO,CAJA,Comercial,113/125,,ARS,ARS/kg,detail,2026-08-24,1888.89,96ce723f1b6ac524f411f5aef76e0cf2266407a4f583ef6efc08627ed69d4986,https://ssma.magyp.gob.ar/frutas.precios.aspx,2026-10-06T12:10:56.106249Z,[]
mcba,MCBA,Frutas,MANZANA,RED DELICI,R. NEGRO,CAJA,Elegido,080/100,,ARS,ARS/kg,detail,2026-08-24,2166.67,889ea0c1a99bec5f9c007b32a6d7fc183a9e726176d0b731f4d771823c010fbd,https://ssma.magyp.gob.ar/frutas.precios.aspx,2026-10-06T12:10:56.106249Z,[]
mcba,MCBA,Frutas,MANZANA,RED DELICI,R. NEGRO,CAJA,Superior,088/113,,ARS,ARS/kg,detail,2026-08-24,3111.11,a2dd3052d2b3501f46f799721ae3b653f1b6a9df69d1f83517f0071be0376def,https://ssma.magyp.gob.ar/frutas.precios.aspx,2026-10-06T12:10:56.106249Z,[]
mcba,MCBA,Frutas,MANZANA,RED DELICI,R. NEGRO,JAULA,Comercial,072/080,,ARS,ARS/kg,detail,2026-08-24,1666.67,70abfefde12342903840e28e7ad4aea39e140dbd907f5a6cb679225bd5ef6137,https://ssma.magyp.gob.ar/frutas.precios.aspx,2026-10-06T12:10:56.106249Z,[]
mcba,MCBA,Frutas,MANZANA,RED DELICI,R. NEGRO,JAULA,Comercial,100/125,,ARS,ARS/kg,detail,2026-08-24,1555.56,4d4ccd7b43c12e7310e2b4209040bcd45048a8978a0c1623a67c85effb6e59ba,https://ssma.magyp.gob.ar/frutas.precios.aspx,2026-10-06T12:10:56.106249Z,[]
mcba,MCBA,Frutas,MANZANA,ROME BEAUT,R. NEGRO,CAJA,Elegido,032/036,,ARS,ARS/kg,detail,2026-08-24,2500.0,c71d97e556694376b45b7972eb7b65e9f548e72700f96e4fb78f6dfddc5233cc,https://ssma.magyp.gob.ar/frutas.precios.aspx,2026-10-06T12:10:56.106249Z,[]
mcba,MCBA,Frutas,MANZANA,ROME BEAUT,R. NEGRO,CAJA,Elegido,072/080,,ARS,ARS/kg,detail,2026-08-24,2222.22,78f0575f95c3f0b590da1bfcaea995ffe3dc9746974b79d7ed6d91a495582a69,https://ssma.magyp.gob.ar/frutas.precios.aspx,2026-10-06T12:10:56.106249Z,[]
mcba,MCBA,Frutas,MELON,AMARILLO,BRASIL,CAJA,Elegido,MEDIANO,,ARS,ARS/kg,detail,2026-08-24,2750.0,e44229b56cbeada7841be13dc8fb8f7f1b1627aab6e69a6b9b28997661409796,https://ssma.magyp.gob.ar/frutas.precios.aspx,2026-10-06T12:10:56.106249Z,[]
mcba,MCBA,Frutas,MELON,ORANGE,BRASIL,CAJA,Elegido,MEDIANO,,ARS,ARS/kg,detail,2026-08-24,3700.0,59b04419892a96144dd0d4a239240741fa1900e63abb2c9538847807c3f5fc8a,https://ssma.magyp.gob.ar/frutas.precios.aspx,2026-10-06T12:10:56.106249Z,[]
mcba,MCBA,Frutas,MEMBRILLO,PROM.ESP.,,,,,,ARS,ARS/kg,species_summary,2026-08-24,2500.0,98075b749eb5fa4371a7ba93aada87a773923eb7c393f8f9c703f325e3bf1d6e,https://ssma.magyp.gob.ar/frutas.precios.aspx,2026-10-06T12:10:56.106249Z,"[""origin_missing""]"
mcba,MCBA,Frutas,MEMBRILLO,,R. NEGRO,CAJA,Elegido,MEDIANO,,ARS,ARS/kg,detail,2026-08-24,2500.0,9ea4b883d7ec93257ca1751f70a782e48ba1de7387b84a16dc7c4937cc531e13,https://ssma.magyp.gob.ar/frutas.precios.aspx,2026-10-06T12:10:56.106249Z,[]
mcba,MCBA,Frutas,NARANJA,NEW HALL,E. RIOS,PERDIDO,Elegido,090/110,,ARS,ARS/kg,detail,2026-08-24,833.33,08bedb8c6c7d2f965daf557ab76eece1a2e4bb9334a44b4ebb7027250f2dd81f,https://ssma.magyp.gob.ar/frutas.precios.aspx,2026-10-06T12:10:56.106249Z,[]
mcba,MCBA,Frutas,NARANJA,SALUSTIANA,E. RIOS,PERDIDO,Elegido,110/130,,ARS,ARS/kg,detail,2026-08-24,611.11,5f8ff4da8c39daa3a2b951b8af809bca264e6f54e28f2919274330e24a44cf37,https://ssma.magyp.gob.ar/frutas.precios.aspx,2026-10-06T12:10:56.106249Z,[]
mcba,MCBA,Frutas,NARANJA,SALUSTIANA,SALTA,PERDIDO,Elegido,110/130,,ARS,ARS/kg,detail,2026-08-24,666.67,5a0c44bd48f8184fe301154af74d1084923d74365584284661379e96fbcf3e63,https://ssma.magyp.gob.ar/frutas.precios.aspx,2026-10-06T12:10:56.106249Z,[]
mcba,MCBA,Frutas,NARANJA,W.NAVEL,BS. AS.,JAULA,Elegido,050/065,,ARS,ARS/kg,detail,2026-08-24,941.18,381277d505365ac52a1e997503bb5391a9dfc6a38e02e5ad1caf23ba865fd86b,https://ssma.magyp.gob.ar/frutas.precios.aspx,2026-10-06T12:10:56.106249Z,[]
mcba,MCBA,Frutas,PALTA,HASS,BRASIL,CAJA,Elegido,GRANDE,,ARS,ARS/kg,detail,2026-08-24,4545.45,67d831b507edcec27b8ee5329dfafb83c8030990acdf0e05e5b7b1411bcbc978,https://ssma.magyp.gob.ar/frutas.precios.aspx,2026-10-06T12:10:56.106249Z,[]
mcba,MCBA,Frutas,PALTA,HASS,BRASIL,CAJA,Elegido,MEDIANO,,ARS,ARS/kg,detail,2026-08-24,4181.82,5a231a5c9743b1b68e40b55a5a333f4cc27464dcb01925423d6ce76c7889ddcf,https://ssma.magyp.gob.ar/frutas.precios.aspx,2026-10-06T12:10:56.106249Z,[]
mcba,MCBA,Frutas,PALTA,HASS,JUJUY,CAJA,Elegido,MEDIANO,,ARS,ARS/kg,detail,2026-08-24,4300.0,544e87faf8621e964fe716decc2e31c07f0e34eb3d8bd2ebfcf04b5c946ef3f8,https://ssma.magyp.gob.ar/frutas.precios.aspx,2026-10-06T12:10:56.106249Z,[]
mcba,MCBA,Frutas,PALTA,HASS,TUCUMAN,BANDEJA,Elegido,MEDIANO,,ARS,ARS/kg,detail,2026-08-24,4200.0,2ec7765179ab8ac0f3a131061298f7de3b8c7ce836de3cf1962a8b3c146e83a6,https://ssma.magyp.gob.ar/frutas.precios.aspx,2026-10-06T12:10:56.106249Z,[]
mcba,MCBA,Frutas,PALTA,TORRES,TUCUMAN,BANDEJA,Elegido,MEDIANO,,ARS,ARS/kg,detail,2026-08-24,2900.0,693c2e74f98b8db539c22c45ab7134aa95a6d1c556f908bb9436cdb2297d0ec8,https://ssma.magyp.gob.ar/frutas.precios.aspx,2026-10-06T12:10:56.106249Z,[]
mcba,MCBA,Frutas,PERA,PACKHAM'S,R. NEGRO,CAJA,Elegido,030/040,,ARS,ARS/kg,detail,2026-08-24,1900.0,b9dd5a4929fa83245fc8531c1ec14830c521c30290f64d0512befabae2cb7e56,https://ssma.magyp.gob.ar/frutas.precios.aspx,2026-10-06T12:10:56.106249Z,[]
mcba,MCBA,Frutas,PERA,PACKHAM'S,R. NEGRO,CAJA,Elegido,100/120,,ARS,ARS/kg,detail,2026-08-24,1666.67,638443933598f74ca277f8c00c008ff4e38d6e50d0e624b7b0cff81d2f89cc50,https://ssma.magyp.gob.ar/frutas.precios.aspx,2026-10-06T12:10:56.106249Z,[]
mcba,MCBA,Frutas,PERA,PACKHAM'S,R. NEGRO,JAULA,Elegido,080/120,,ARS,ARS/kg,detail,2026-08-24,1500.0,f94f5afa0885fe6acea8ddf8305e09760a0cb46c9092d8292b36886ac1b6b590,https://ssma.magyp.gob.ar/frutas.precios.aspx,2026-10-06T12:10:56.106249Z,[]
mcba,MCBA,Frutas,PERA,PACKHAM'S,R. NEGRO,PERDIDO,Comercial,100/120,,ARS,ARS/kg,detail,2026-08-24,1277.78,6857d79f842393fc4ce4006459a4596fbbd3889bac054d6ec5bd98c7b7d50960,https://ssma.magyp.gob.ar/frutas.precios.aspx,2026-10-06T12:10:56.106249Z,[]
mcba,MCBA,Frutas,PERA,ASIATICA,CHINA,CAJA,Elegido,GRANEL,,ARS,ARS/kg,detail,2026-08-24,7600.0,20542617e29a4e7d2f498b3e82069eac9451391373b999c1ce640057a91e0a65,https://ssma.magyp.gob.ar/frutas.precios.aspx,2026-10-06T12:10:56.106249Z,[]
mcba,MCBA,Frutas,PERA,ASIATICA,R. NEGRO,CAJA,Elegido,MEDIANO,,ARS,ARS/kg,detail,2026-08-24,3600.0,133bb23f6fe2046b3601d532fce823d38447d68001e970914335c68c2dac409c,https://ssma.magyp.gob.ar/frutas.precios.aspx,2026-10-06T12:10:56.106249Z,[]
mcba,MCBA,Frutas,POMELO,BLANCO,E. RIOS,CAJA,Elegido,050/070,,ARS,ARS/kg,detail,2026-08-24,555.56,9dc5caeeea2ee2cce6001b9f551d455364ee6cb677ac32493a521729d3376edd,https://ssma.magyp.gob.ar/frutas.precios.aspx,2026-10-06T12:10:56.106249Z,[]
mcba,MCBA,Frutas,POMELO,STAR RUBY,SALTA,PERDIDO,Elegido,070/090,,ARS,ARS/kg,detail,2026-08-24,1000.0,cac8d5b5fea45ff70ce14a97b9cad28154b5b1e8ea39c64d46922fcc686992eb,https://ssma.magyp.gob.ar/frutas.precios.aspx,2026-10-06T12:10:56.106249Z,[]
mcba,MCBA,Frutas,SANDIA,,BRASIL,CAJA,Elegido,004/006,,ARS,ARS/kg,detail,2026-08-24,1937.5,574740447d7ce14ecbb918ea26445bc17efa381c026deffdaa347fd6df9e8530,https://ssma.magyp.gob.ar/frutas.precios.aspx,2026-10-06T12:10:56.106249Z,[]
mcba,MCBA,Frutas,UVA,RED GLOBE,BRASIL,CAJA,Elegido,GRANDE,,ARS,ARS/kg,detail,2026-08-24,7875.0,557b5c4135c33326c67537ab14384b46edaec9685a44863a4d90abb61cc86b2d,https://ssma.magyp.gob.ar/frutas.precios.aspx,2026-10-06T12:10:56.106249Z,[]
mcba,MCBA,Frutas,UVA,RED GLOBE,CHILE,CAJA,Elegido,GRANEL,,ARS,ARS/kg,detail,2026-08-24,7875.0,8b2b8f12605f67ae58e35d6828e7622ff4477bf0ecd5b89afd442e59655a7c1d,https://ssma.magyp.gob.ar/frutas.precios.aspx,2026-10-06T12:10:56.106249Z,[]
mcba,MCBA,Frutas,UVA,VICTORIA,BRASIL,CAJA,Elegido,GRANEL,,ARS,ARS/kg,detail,2026-08-24,6000.0,5fcfc0931aae299208bc4c0c55d09eb21f6785e74c0ae7079228dafefdca273f,https://ssma.magyp.gob.ar/frutas.precios.aspx,2026-10-06T12:10:56.106249Z,[]
mcba,MCBA,Hortalizas,ACUSAY,,BS. AS.,JAULA,Primera,MEDIANO,,ARS,ARS/kg,detail,2026-08-24,730.0,5c129b4a2568cc9650c110976d65be045ac46a68e38e7174519c7d8c0d46ebab,https://ssma.magyp.gob.ar/frutas.precios.aspx,2026-10-06T12:10:56.106249Z,[]
mcba,MCBA,Hortalizas,AJO,COLORADO,MENDOZA,RISTRA 100,Primera,12,,ARS,ARS/kg,detail,2026-08-24,6250.0,11d2cab6039b4713cc0f51a5d0f0d49f45fead06443fb324d62e63987ccda931,https://ssma.magyp.gob.ar/frutas.precios.aspx,2026-10-06T12:10:56.106249Z,[]
mcba,MCBA,Hortalizas,AJO,MDO. CHINO,MENDOZA,CAJA,Primera,10,,ARS,ARS/kg,detail,2026-08-24,5800.0,f914c10cd0ab470f66465fdf6f5dbc2dde7eb00a56eb066e332708a8e82c7601,https://ssma.magyp.gob.ar/frutas.precios.aspx,2026-10-06T12:10:56.106249Z,[]
mcba,MCBA,Hortalizas,AJO,MDO. CHINO,MENDOZA,CAJA,Primera,12,,ARS,ARS/kg,detail,2026-08-24,7000.0,6f7bf41e5fd1a3a84555c9d9c4e94d287dd3a9c26131fb82b31c606a0336eb7d,https://ssma.magyp.gob.ar/frutas.precios.aspx,2026-10-06T12:10:56.106249Z,[]
mcba,MCBA,Hortalizas,AJO,MDO. CHINO,MENDOZA,CAJA,Primera,7,,ARS,ARS/kg,detail,2026-08-24,3400.0,f93bf89f1256928bec2315be92aa65fdc70070b5c7705b67337be0b3bd32f854,https://ssma.magyp.gob.ar/frutas.precios.aspx,2026-10-06T12:10:56.106249Z,[]
mcba,MCBA,Hortalizas,BATATA,BEAUREGARD,S. PEDRO,BOLSA,Primera,MEDIANO,,ARS,ARS/kg,detail,2026-08-24,1909.09,75fdf22cc29c028ec0ea24678e7ec62f1855e380117fff89d8e20d962f45e4fd,https://ssma.magyp.gob.ar/frutas.precios.aspx,2026-10-06T12:10:56.106249Z,[]
mcba,MCBA,Hortalizas,BERENJENA,VTA.MED.LA,JUJUY,TORO,Primera,MEDIANO,,ARS,ARS/kg,detail,2026-08-24,1500.0,d8f9f271b14a73798cecace6c52b3621d8718e3f9fa79822d8ac47baa08e15d3,https://ssma.magyp.gob.ar/frutas.precios.aspx,2026-10-06T12:10:56.106249Z,[]
mcba,MCBA,Hortalizas,BROCOLI,,MENDOZA,PERDIDO,,MEDIANO,,ARS,ARS/kg,detail,2026-08-24,1875.0,218d65785249c18b188e56c785d92ed1715218c9d542cb854f04a5e87b337552,https://ssma.magyp.gob.ar/frutas.precios.aspx,2026-10-06T12:10:56.106249Z,[]
mcba,MCBA,Hortalizas,CEB.VERDEO,COLORADA,SGO.EST.,ATADO,Primera,MEDIANO,,ARS,ARS/kg,detail,2026-08-24,2300.0,2ed8efe2e91adedd87cda95cd65fb5af55def5e9d0334819b98b5c9039bc19ad,https://ssma.magyp.gob.ar/frutas.precios.aspx,2026-10-06T12:10:56.106249Z,[]
mcba,MCBA,Hortalizas,CEBOLLA,COLORADA,S.BS.AS.,BOLSA,Segunda,MEDIANO,,ARS,ARS/kg,detail,2026-08-24,900.0,4758fa762f4dfac502d32d57924fcd3f8a79ff6e389fd2c6da3400c83c758eba,https://ssma.magyp.gob.ar/frutas.precios.aspx,2026-10-06T12:10:56.106249Z,[]
mcba,MCBA,Hortalizas,CEBOLLA,VALENCIANA,R. NEGRO,BOLSA,Primera,MEDIANO,,ARS,ARS/kg,detail,2026-08-24,1100.0,bb595f12c4cbd597f62f4f1ffe80592f63a5d76d5a056d95c54bb8917766b8da,https://ssma.magyp.gob.ar/frutas.precios.aspx,2026-10-06T12:10:56.106249Z,[]
mcba,MCBA,Hortalizas,CHAUCHA,ESMERALDA,CTES.,TORO,Primera,MEDIANO,INVERNAC,ARS,ARS/kg,detail,2026-08-24,2700.0,26926aebf51088060b7c3d02ca4ce77fc88c12d62c20b1e12b8bf84909d14e6d,https://ssma.magyp.gob.ar/frutas.precios.aspx,2026-10-06T12:10:56.106249Z,[]
mcba,MCBA,Hortalizas,CHAUCHA,ESMERALDA,SALTA,PERDIDO,Primera,MEDIANO,INVERNAC,ARS,ARS/kg,detail,2026-08-24,2500.0,86ba93981c6338f7ad405d2a2776c3a0a6e84561c3a768bed46549b759ec00c7,https://ssma.magyp.gob.ar/frutas.precios.aspx,2026-10-06T12:10:56.106249Z,[]
mcba,MCBA,Hortalizas,CHAUCHA,ROLLIZA,SALTA,PERDIDO,Primera,MEDIANO,INVERNAC,ARS,ARS/kg,detail,2026-08-24,2750.0,f0470cf2b6fc102c3defd5e9f38cd5d707f6a70eb1816baa01d05fac325d1963,https://ssma.magyp.gob.ar/frutas.precios.aspx,2026-10-06T12:10:56.106249Z,[]
mcba,MCBA,Hortalizas,CHOCLO,AMARILLO,SALTA,PERDIDO,Segunda,MEDIANO,PRE-ENFR,ARS,ARS/kg,detail,2026-08-24,2933.33,f5f71b4a104a6fb12087d18ce5d88200cf1426e92d882ce0c5f253ccc037d4f7,https://ssma.magyp.gob.ar/frutas.precios.aspx,2026-10-06T12:10:56.106249Z,[]
mcba,MCBA,Hortalizas,COLIFLOR,,MENDOZA,PERDIDO,Primera,MEDIANO,,ARS,ARS/kg,detail,2026-08-24,866.67,530eca85cfcce84978f615831a778d389e51befde21efab954123c5152188229,https://ssma.magyp.gob.ar/frutas.precios.aspx,2026-10-06T12:10:56.106249Z,[]
mcba,MCBA,Hortalizas,ECHALOTE,PROM.ESP.,,,,,,ARS,ARS/kg,species_summary,2026-08-24,10000.0,82d594007d27c1a327cc0860ba4fa9517304728681568deda56954da05474149,https://ssma.magyp.gob.ar/frutas.precios.aspx,2026-10-06T12:10:56.106249Z,"[""origin_missing""]"
mcba,MCBA,Hortalizas,ECHALOTE,,MENDOZA,CAJA,Primera,,,ARS,ARS/kg,detail,2026-08-24,10000.0,427cd9642c875d02d526fad5795cda6267303464090c917f5cb9efe402785886,https://ssma.magyp.gob.ar/frutas.precios.aspx,2026-10-06T12:10:56.106249Z,[]
mcba,MCBA,Hortalizas,ESPARRAGO,VERDE,PERU,CAJA,Primera,MEDIANO,,ARS,ARS/kg,detail,2026-08-24,10800.0,abc49ebc3b700eab0158c0f673648600b178e2bdf4adc2e22a9a02a18b17b599,https://ssma.magyp.gob.ar/frutas.precios.aspx,2026-10-06T12:10:56.106249Z,[]
mcba,MCBA,Hortalizas,HABA,PROM.ESP.,,,,,,ARS,ARS/kg,species_summary,2026-08-24,2200.0,6636a33c15c5a2ee8ab216e96a3e086207f5d470eb2390af1558df672c143517,https://ssma.magyp.gob.ar/frutas.precios.aspx,2026-10-06T12:10:56.106249Z,"[""origin_missing""]"
mcba,MCBA,Hortalizas,HABA,,JUJUY,BOLSA,Primera,MEDIANO,,ARS,ARS/kg,detail,2026-08-24,2200.0,8995d6e4a6008e0f3d3909919b88d0051366fa91852f5753b058a07789dfe6d9,https://ssma.magyp.gob.ar/frutas.precios.aspx,2026-10-06T12:10:56.106249Z,[]
mcba,MCBA,Hortalizas,JENGIBRE,,MISIONES,BOLSA,Primera,MEDIANO,,ARS,ARS/kg,detail,2026-08-24,3400.0,a827c001d31fafa1e60977b0c731ce2d691945b6e4d9f9d27d87194b2a533eee,https://ssma.magyp.gob.ar/frutas.precios.aspx,2026-10-06T12:10:56.106249Z,[]
mcba,MCBA,Hortalizas,KALE,MORADO,BS. AS.,ATADO,Primera,SIN TAM,,ARS,ARS/kg,detail,2026-08-24,1200.0,babdab2ed4479d8ea6c1fd9a560532aab97495f982153e13c17f6e099f7efc62,https://ssma.magyp.gob.ar/frutas.precios.aspx,2026-10-06T12:10:56.106249Z,[]
mcba,MCBA,Hortalizas,LECHUGA,CAPUCHINA,SGO.EST.,PERDIDO,Primera,MEDIANO,,ARS,ARS/kg,detail,2026-08-24,733.33,0170f135cbfae99cfedf35bab68e7d7a40460a4bb5171e4e29113d0756353aca,https://ssma.magyp.gob.ar/frutas.precios.aspx,2026-10-06T12:10:56.106249Z,[]
mcba,MCBA,Hortalizas,LECHUGA,MANTECOSA,BS. AS.,JAULA,Primera,GRANDE,INVERNAC,ARS,ARS/kg,detail,2026-08-24,1640.0,8150a31dfa77ace0bc9c76dd482fae2079fc3526fa956100e6cc8e76524bab52,https://ssma.magyp.gob.ar/frutas.precios.aspx,2026-10-06T12:10:56.106249Z,[]
mcba,MCBA,Hortalizas,OREGANO,,BS. AS.,BOLSA,Primera,,,ARS,ARS/kg,detail,2026-08-24,9500.0,25441f0c99ee23cda3a5d5e71218fde6c192207e7b12cddb8cbcbac75c085c5b,https://ssma.magyp.gob.ar/frutas.precios.aspx,2026-10-06T12:10:56.106249Z,[]
mcba,MCBA,Hortalizas,PAPA,SPUNTA,CATAMARC,BOLSA,Segunda,MEDIANO,,ARS,ARS/kg,detail,2026-08-24,944.44,9ae225f1ee57856b7255765c3ad291421ed531e942496187437d35babc58b026,https://ssma.magyp.gob.ar/frutas.precios.aspx,2026-10-06T12:10:56.106249Z,[]
mcba,MCBA,Hortalizas,PEPINO,,CTES.,TORO,Primera,MEDIANO,INVERNAC,ARS,ARS/kg,detail,2026-08-24,666.67,4a6664c7ed0e7f860b2e6ad57ac581375369bf8f44875e1be3a966e509acaa43,https://ssma.magyp.gob.ar/frutas.precios.aspx,2026-10-06T12:10:56.106249Z,[]
mcba,MCBA,Hortalizas,PEPINO,,SALTA,TORO,Primera,MEDIANO,INVERNAC,ARS,ARS/kg,detail,2026-08-24,833.33,4892491c7e2bce9f48e405c8cfef3a42fc4a90f95167d29d6970be03e7cab266,https://ssma.magyp.gob.ar/frutas.precios.aspx,2026-10-06T12:10:56.106249Z,[]
mcba,MCBA,Hortalizas,PEREJIL,,SGO.EST.,PERDIDO,Primera,MEDIANO,,ARS,ARS/kg,detail,2026-08-24,1100.0,2ead53cbb41003024c6c32c3e23e0992cdffb9c8c2cf967402a83a46f697f25a,https://ssma.magyp.gob.ar/frutas.precios.aspx,2026-10-06T12:10:56.106249Z,[]
mcba,MCBA,Hortalizas,PIMIENTO,JALAPE¥O,CTES.,PERDIDO,Primera,MEDIANO,ROJO,ARS,ARS/kg,detail,2026-08-24,3600.0,b3e78ed1122d94991d70afccc06d657e5e416642805d4c853a97dfc0875bf8a2,https://ssma.magyp.gob.ar/frutas.precios.aspx,2026-10-06T12:10:56.106249Z,[]
mcba,MCBA,Hortalizas,PIMIENTO,JALAPEÑO,SALTA,BANDEJA,Primera,GRANDE,VERDE,ARS,ARS/kg,detail,2026-08-24,3250.0,e531012b235f9198e40a6acb08abdec2649fb8b96c832a1268f04fc547dcb7d5,https://ssma.magyp.gob.ar/frutas.precios.aspx,2026-10-06T12:10:56.106249Z,[]
mcba,MCBA,Hortalizas,PIMIENTO,JALAPEÑO,SALTA,BANDEJA,Primera,MEDIANO,ROJO,ARS,ARS/kg,detail,2026-08-24,4000.0,8dc2a779f19b8e1113ee5a07cdf78637f7ccdf9d1e3296c495a4beef4f35219b,https://ssma.magyp.gob.ar/frutas.precios.aspx,2026-10-06T12:10:56.106249Z,[]
mcba,MCBA,Hortalizas,PIMIENTO,MORRON,CTES.,TORO,Primera,GRANDE,ROJO/INV,ARS,ARS/kg,detail,2026-08-24,3000.0,e20da1bbf162c5b47a7608b2040c599b6d6ae154033198e2fbbb1af723cf801e,https://ssma.magyp.gob.ar/frutas.precios.aspx,2026-10-06T12:10:56.106249Z,[]
mcba,MCBA,Hortalizas,PIMIENTO,MORRON,CTES.,TORO,Primera,GRANDE,VDE/INV,ARS,ARS/kg,detail,2026-08-24,2000.0,fa6c8bca0a73d4dc13b09a717d55db576fb5f21c77c07f55f158edd24475cdc7,https://ssma.magyp.gob.ar/frutas.precios.aspx,2026-10-06T12:10:56.106249Z,[]
mcba,MCBA,Hortalizas,PIMIENTO,MORRON,CTES.,TORO,Primera,MEDIANO,ROJO/INV,ARS,ARS/kg,detail,2026-08-24,2500.0,2ed25d6558ca7bd52c03894c25394131341c00abf3aec40e2e415b25c198151e,https://ssma.magyp.gob.ar/frutas.precios.aspx,2026-10-06T12:10:56.106249Z,[]
mcba,MCBA,Hortalizas,PIMIENTO,MORRON,CTES.,TORO,Primera,MEDIANO,VDE/INV,ARS,ARS/kg,detail,2026-08-24,1500.0,f092e6ee3fc20574254c6d9a1874c830a215855371e48ef68351539a4430c2b7,https://ssma.magyp.gob.ar/frutas.precios.aspx,2026-10-06T12:10:56.106249Z,[]
mcba,MCBA,Hortalizas,PIMIENTO,VINAGRE,SALTA,PERDIDO,Primera,MEDIANO,VERDE,ARS,ARS/kg,detail,2026-08-24,1400.0,7e762b03b8621eaf7b015c8e04f8b788bdd77ae75c14316a6b50779d4cdaef6b,https://ssma.magyp.gob.ar/frutas.precios.aspx,2026-10-06T12:10:56.106249Z,[]
mcba,MCBA,Hortalizas,RADICCHIO,,MENDOZA,PERDIDO,Primera,MEDIANO,,ARS,ARS/kg,detail,2026-08-24,4400.0,d49016c9f233d4f59946fc9fa327a606fd1b1b85c0479f3df2ae7401c9ca486a,https://ssma.magyp.gob.ar/frutas.precios.aspx,2026-10-06T12:10:56.106249Z,[]
mcba,MCBA,Hortalizas,REMOLACHA,,SGO.EST.,BOLSA,Primera,MEDIANO,,ARS,ARS/kg,detail,2026-08-24,900.0,036f9cd3f134e530d8d9508b67322027b6c07251778ca84b8022e9b28e74afd0,https://ssma.magyp.gob.ar/frutas.precios.aspx,2026-10-06T12:10:56.106249Z,[]
mcba,MCBA,Hortalizas,REMOLACHA,,SGO.EST.,PERDIDO,Primera,MEDIANO,,ARS,ARS/kg,detail,2026-08-24,1066.67,bbca48ccb20db69eaeae3e50edcd9966d9557217cf31928ceb9316320bd293c6,https://ssma.magyp.gob.ar/frutas.precios.aspx,2026-10-06T12:10:56.106249Z,[]
mcba,MCBA,Hortalizas,REP.BRUSEL,PROM.ESP.,,,,,,ARS,ARS/kg,species_summary,2026-08-24,2500.0,5c4374e6f7584b4bf16027a79cc6c133fb3ba7dee4896e4424dac14c7d153a28,https://ssma.magyp.gob.ar/frutas.precios.aspx,2026-10-06T12:10:56.106249Z,"[""origin_missing""]"
mcba,MCBA,Hortalizas,REP.BRUSEL,,M.D.PLAT,,Primera,MEDIANO,,ARS,ARS/kg,detail,2026-08-24,2500.0,583a8c980d2f62ef813d4dcf2aa3d9168963a3bfcdc11535778438f98c791ede,https://ssma.magyp.gob.ar/frutas.precios.aspx,2026-10-06T12:10:56.106249Z,[]
mcba,MCBA,Hortalizas,TOMATE,CHERRY,CTES.,CAJA,Primera,MEDIANO,ROJO/INV,ARS,ARS/kg,detail,2026-08-24,2800.0,f630332b61f9ea81995150a725193a12c54f87cf6bddc013d9a81993976e97b8,https://ssma.magyp.gob.ar/frutas.precios.aspx,2026-10-06T12:10:56.106249Z,[]
mcba,MCBA,Hortalizas,TOMATE,PERITA,JUJUY,TORO,Segunda,MEDIANO,ROJO,ARS,ARS/kg,detail,2026-08-24,1000.0,778e0d221e0c9f7ca439273ffc674e0da10b4f2b3a83c91b9fa47220c3a154ac,https://ssma.magyp.gob.ar/frutas.precios.aspx,2026-10-06T12:10:56.106249Z,[]
mcba,MCBA,Hortalizas,TOMATE,PERITA,SALTA,PERDIDO,Primera,MEDIANO,ROJO/INV,ARS,ARS/kg,detail,2026-08-24,2333.33,b020a30796ef6c0608a795d20c832acac1225d7804546f35c5084f48299ee9ed,https://ssma.magyp.gob.ar/frutas.precios.aspx,2026-10-06T12:10:56.106249Z,[]
mcba,MCBA,Hortalizas,TOMATE,REDONDO,CTES.,TORO,Primera,MEDIANO,ROJO/INV,ARS,ARS/kg,detail,2026-08-24,1722.22,ee9065d374766896a20e401e23c36d24fb06b5659ed37a4f4303175ce75d6ba6,https://ssma.magyp.gob.ar/frutas.precios.aspx,2026-10-06T12:10:56.106249Z,[]
mcba,MCBA,Hortalizas,TOMATE,REDONDO,SALTA,TORO,Primera,GRANDE,PTN/INV,ARS,ARS/kg,detail,2026-08-24,2555.56,f775f264ecbebc33310c70f405e025f8bce549ffbdbbe877c9349f55846a50fb,https://ssma.magyp.gob.ar/frutas.precios.aspx,2026-10-06T12:10:56.106249Z,[]
mcba,MCBA,Hortalizas,TOMATE,REDONDO,SALTA,TORO,Primera,MEDIANO,PTN/INV,ARS,ARS/kg,detail,2026-08-24,2333.33,3c48682b423bf7da06d435b574b2dcb7e9c3111c5d74ba9b35b2c4ed270d3f01,https://ssma.magyp.gob.ar/frutas.precios.aspx,2026-10-06T12:10:56.106249Z,[]
mcba,MCBA,Hortalizas,TOMILLO,,BS. AS.,BOLSA,Primera,,,ARS,ARS/kg,detail,2026-08-24,12000.0,cdfdc3f879ea6a01c6f353e7e6fd307dbb4860b09f9b04ca0f0000e5385a3523,https://ssma.magyp.gob.ar/frutas.precios.aspx,2026-10-06T12:10:56.106249Z,[]
mcba,MCBA,Hortalizas,ZANAHORIA,CHANTENAY,MENDOZA,CAJA,Primera,MEDIANO,,ARS,ARS/kg,detail,2026-08-24,950.0,64d08ae3c5b1605649d643941b309fbf7b89e3ca6056695c19c94492de9bee6a,https://ssma.magyp.gob.ar/frutas.precios.aspx,2026-10-06T12:10:56.106249Z,[]
mcba,MCBA,Hortalizas,ZAPALLITO,LARGO,JUJUY,PERDIDO,Primera,MEDIANO,,ARS,ARS/kg,detail,2026-08-24,1866.67,a9a16222a7e9affaf68898d9f93aec33cfba13ca71339d1ca66c79e339e62c22,https://ssma.magyp.gob.ar/frutas.precios.aspx,2026-10-06T12:10:56.106249Z,[]
mcba,MCBA,Hortalizas,ZAPALLITO,LARGO,SALTA,TORO,Primera,MEDIANO,INVERNAC,ARS,ARS/kg,detail,2026-08-24,1944.44,17e60c631345ae69cf926ee9fef7a1af08c90823743c96757f9d61d3b72699a8,https://ssma.magyp.gob.ar/frutas.precios.aspx,2026-10-06T12:10:56.106249Z,[]
mcba,MCBA,Hortalizas,ZAPALLITO,REDONDO,CTES.,TORO,Primera,MEDIANO,INVERNAC,ARS,ARS/kg,detail,2026-08-24,2000.0,bbe21a29dfd5994fa38b14511d366ac764f5974af43bae80bab2aa11b1334216,https://ssma.magyp.gob.ar/frutas.precios.aspx,2026-10-06T12:10:56.106249Z,[]
mcba,MCBA,Hortalizas,ZAPALLITO,REDONDO,SALTA,PERDIDO,Primera,MEDIANO,INVERNAC,ARS,ARS/kg,detail,2026-08-24,2333.33,aaa802b23509e7b2e30f815d02b89bafbe0c628da72f639b6c17157aa3756eb4,https://ssma.magyp.gob.ar/frutas.precios.aspx,2026-10-06T12:10:56.106249Z,[]
mcba,MCBA,Hortalizas,ZAPALLO,ANC.COKENA,SALTA,PERDIDO,Primera,MEDIANO,,ARS,ARS/kg,detail,2026-08-24,1647.06,2c87a16e91f2c9d58176e4b6114dea706bbbcc7bb49cab275aa9c6204511e51d,https://ssma.magyp.gob.ar/frutas.precios.aspx,2026-10-06T12:10:56.106249Z,[]
mcba,MCBA,Hortalizas,ZAPALLO,TETSUKAB.,R. NEGRO,BOLSA,Primera,MEDIANO,,ARS,ARS/kg,detail,2026-08-24,777.78,f0a04f4b3c5903ceba935e22544cf69dfda661ba2104ed90e6858ccc1c92db0d,https://ssma.magyp.gob.ar/frutas.precios.aspx,2026-10-06T12:10:56.106249Z,[]
