source,market_normalized,type,product_normalized,variety_normalized,origin_normalized,package_normalized,quality,size,grade,currency,price_unit,record_kind,observation_level,period,price_median,observation_count,observed_days,coverage_days,expected_days,coverage_ratio,aggregation_status,expected_days_basis,coverage_status,method,source_url,updated_at
mcba,MCBA,Frutas,ANANA,PI¥A,ECUADOR,CAJA,Elegido,008/010,,ARS,ARS/kg,detail,detail,2024-10,2500.0,2,2,2,,,partial_period,official_publication_calendar_unverified,partial_unverified,median_observed_daily_prices,https://ssma.magyp.gob.ar/frutas.precios.aspx,2026-10-06T12:48:45.969986Z
mcba,MCBA,Frutas,ANANA,PROM.ESP.,,,,,,ARS,ARS/kg,species_summary,species_summary,2024-10,2500.0,2,2,2,,,partial_period,official_publication_calendar_unverified,partial_unverified,median_observed_daily_prices,https://ssma.magyp.gob.ar/frutas.precios.aspx,2026-10-06T12:48:45.969986Z
mcba,MCBA,Frutas,ARANDANO,PROM.ESP.,,,,,,ARS,ARS/kg,species_summary,species_summary,2024-10,6166.67,2,2,2,,,partial_period,official_publication_calendar_unverified,partial_unverified,median_observed_daily_prices,https://ssma.magyp.gob.ar/frutas.precios.aspx,2026-10-06T12:48:45.969986Z
mcba,MCBA,Frutas,ARANDANO,,CTES.,CAJA,Elegido,GRANEL,,ARS,ARS/kg,detail,detail,2024-10,6333.33,2,2,2,,,partial_period,official_publication_calendar_unverified,partial_unverified,median_observed_daily_prices,https://ssma.magyp.gob.ar/frutas.precios.aspx,2026-10-06T12:48:45.969986Z
mcba,MCBA,Frutas,ARANDANO,,E. RIOS,CAJA,Elegido,GRANEL,,ARS,ARS/kg,detail,detail,2024-10,6000.0,2,2,2,,,partial_period,official_publication_calendar_unverified,partial_unverified,median_observed_daily_prices,https://ssma.magyp.gob.ar/frutas.precios.aspx,2026-10-06T12:48:45.969986Z
mcba,MCBA,Frutas,BANANA,CAVENDISH,BOLIVIA,CAJA,Elegido,MEDIANO,,ARS,ARS/kg,detail,detail,2024-10,1050.0,2,2,2,,,partial_period,official_publication_calendar_unverified,partial_unverified,median_observed_daily_prices,https://ssma.magyp.gob.ar/frutas.precios.aspx,2026-10-06T12:48:45.969986Z
mcba,MCBA,Frutas,BANANA,CAVENDISH,COLOMBIA,CAJA,Elegido,MEDIANO,,ARS,ARS/kg,detail,detail,2024-10,1175.0,2,2,2,,,partial_period,official_publication_calendar_unverified,partial_unverified,median_observed_daily_prices,https://ssma.magyp.gob.ar/frutas.precios.aspx,2026-10-06T12:48:45.969986Z
mcba,MCBA,Frutas,BANANA,CAVENDISH,ECUADOR,CAJA,Elegido,GRANDE,,ARS,ARS/kg,detail,detail,2024-10,1300.0,2,2,2,,,partial_period,official_publication_calendar_unverified,partial_unverified,median_observed_daily_prices,https://ssma.magyp.gob.ar/frutas.precios.aspx,2026-10-06T12:48:45.969986Z
mcba,MCBA,Frutas,BANANA,CAVENDISH,ECUADOR,CAJA,Elegido,MEDIANO,,ARS,ARS/kg,detail,detail,2024-10,1200.0,2,2,2,,,partial_period,official_publication_calendar_unverified,partial_unverified,median_observed_daily_prices,https://ssma.magyp.gob.ar/frutas.precios.aspx,2026-10-06T12:48:45.969986Z
mcba,MCBA,Frutas,BANANA,NANIKA,BRASIL,PERDIDO,Elegido,MEDIANO,,ARS,ARS/kg,detail,detail,2024-10,1000.0,2,2,2,,,partial_period,official_publication_calendar_unverified,partial_unverified,median_observed_daily_prices,https://ssma.magyp.gob.ar/frutas.precios.aspx,2026-10-06T12:48:45.969986Z
mcba,MCBA,Frutas,BANANA,NANIKA,PARAGUAY,PERDIDO,Elegido,MEDIANO,,ARS,ARS/kg,detail,detail,2024-10,863.64,2,2,2,,,partial_period,official_publication_calendar_unverified,partial_unverified,median_observed_daily_prices,https://ssma.magyp.gob.ar/frutas.precios.aspx,2026-10-06T12:48:45.969986Z
mcba,MCBA,Frutas,BANANA,NANIKA,SALTA,PERDIDO,Elegido,MEDIANO,,ARS,ARS/kg,detail,detail,2024-10,900.0,2,2,2,,,partial_period,official_publication_calendar_unverified,partial_unverified,median_observed_daily_prices,https://ssma.magyp.gob.ar/frutas.precios.aspx,2026-10-06T12:48:45.969986Z
mcba,MCBA,Frutas,BANANA,PROM.ESP.,,,,,,ARS,ARS/kg,species_summary,species_summary,2024-10,1069.81,2,2,2,,,partial_period,official_publication_calendar_unverified,partial_unverified,median_observed_daily_prices,https://ssma.magyp.gob.ar/frutas.precios.aspx,2026-10-06T12:48:45.969986Z
mcba,MCBA,Frutas,CIRUELA,LARRY ANNE,ESPA¥A,CAJA,Elegido,GRANDE,,ARS,ARS/kg,detail,detail,2024-10,3300.0,2,2,2,,,partial_period,official_publication_calendar_unverified,partial_unverified,median_observed_daily_prices,https://ssma.magyp.gob.ar/frutas.precios.aspx,2026-10-06T12:48:45.969986Z
mcba,MCBA,Frutas,CIRUELA,PROM.ESP.,,,,,,ARS,ARS/kg,species_summary,species_summary,2024-10,3300.0,2,2,2,,,partial_period,official_publication_calendar_unverified,partial_unverified,median_observed_daily_prices,https://ssma.magyp.gob.ar/frutas.precios.aspx,2026-10-06T12:48:45.969986Z
mcba,MCBA,Frutas,COCO,PROM.ESP.,,,,,,ARS,ARS/kg,species_summary,species_summary,2024-10,2400.0,2,2,2,,,partial_period,official_publication_calendar_unverified,partial_unverified,median_observed_daily_prices,https://ssma.magyp.gob.ar/frutas.precios.aspx,2026-10-06T12:48:45.969986Z
mcba,MCBA,Frutas,COCO,,BRASIL,BOLSA,Elegido,GRANEL,,ARS,ARS/kg,detail,detail,2024-10,2400.0,2,2,2,,,partial_period,official_publication_calendar_unverified,partial_unverified,median_observed_daily_prices,https://ssma.magyp.gob.ar/frutas.precios.aspx,2026-10-06T12:48:45.969986Z
mcba,MCBA,Frutas,DURAZNO,FLORDAKING,JUJUY,BANDEJA,Elegido,MEDIANO,,ARS,ARS/kg,detail,detail,2024-10,3100.0,2,2,2,,,partial_period,official_publication_calendar_unverified,partial_unverified,median_observed_daily_prices,https://ssma.magyp.gob.ar/frutas.precios.aspx,2026-10-06T12:48:45.969986Z
mcba,MCBA,Frutas,DURAZNO,OPEDEPE,JUJUY,BANDEJA,Elegido,GRANDE,,ARS,ARS/kg,detail,detail,2024-10,4125.0,2,2,2,,,partial_period,official_publication_calendar_unverified,partial_unverified,median_observed_daily_prices,https://ssma.magyp.gob.ar/frutas.precios.aspx,2026-10-06T12:48:45.969986Z
mcba,MCBA,Frutas,DURAZNO,OPEDEPE,JUJUY,BANDEJA,Elegido,MEDIANO,,ARS,ARS/kg,detail,detail,2024-10,2900.0,2,2,2,,,partial_period,official_publication_calendar_unverified,partial_unverified,median_observed_daily_prices,https://ssma.magyp.gob.ar/frutas.precios.aspx,2026-10-06T12:48:45.969986Z
mcba,MCBA,Frutas,DURAZNO,PROM.ESP.,,,,,,ARS,ARS/kg,species_summary,species_summary,2024-10,3281.25,2,2,2,,,partial_period,official_publication_calendar_unverified,partial_unverified,median_observed_daily_prices,https://ssma.magyp.gob.ar/frutas.precios.aspx,2026-10-06T12:48:45.969986Z
mcba,MCBA,Frutas,DURAZNO,ROJITO,JUJUY,BANDEJA,Elegido,MEDIANO,,ARS,ARS/kg,detail,detail,2024-10,3000.0,2,2,2,,,partial_period,official_publication_calendar_unverified,partial_unverified,median_observed_daily_prices,https://ssma.magyp.gob.ar/frutas.precios.aspx,2026-10-06T12:48:45.969986Z
mcba,MCBA,Frutas,FRUTILLA,PROM.ESP.,,,,,,ARS,ARS/kg,species_summary,species_summary,2024-10,2456.25,2,2,2,,,partial_period,official_publication_calendar_unverified,partial_unverified,median_observed_daily_prices,https://ssma.magyp.gob.ar/frutas.precios.aspx,2026-10-06T12:48:45.969986Z
mcba,MCBA,Frutas,FRUTILLA,,BS. AS.,BANDEJA,Comercial,GRANEL,,ARS,ARS/kg,detail,detail,2024-10,1700.0,2,2,2,,,partial_period,official_publication_calendar_unverified,partial_unverified,median_observed_daily_prices,https://ssma.magyp.gob.ar/frutas.precios.aspx,2026-10-06T12:48:45.969986Z
mcba,MCBA,Frutas,FRUTILLA,,BS. AS.,BANDEJA,Elegido,GRANEL,,ARS,ARS/kg,detail,detail,2024-10,2100.0,2,2,2,,,partial_period,official_publication_calendar_unverified,partial_unverified,median_observed_daily_prices,https://ssma.magyp.gob.ar/frutas.precios.aspx,2026-10-06T12:48:45.969986Z
mcba,MCBA,Frutas,FRUTILLA,,CTES.,BANDEJA,Elegido,GRANDE,,ARS,ARS/kg,detail,detail,2024-10,2800.0,2,2,2,,,partial_period,official_publication_calendar_unverified,partial_unverified,median_observed_daily_prices,https://ssma.magyp.gob.ar/frutas.precios.aspx,2026-10-06T12:48:45.969986Z
mcba,MCBA,Frutas,FRUTILLA,,CTES.,CAJA,Elegido,GRANEL,,ARS,ARS/kg,detail,detail,2024-10,3000.0,2,2,2,,,partial_period,official_publication_calendar_unverified,partial_unverified,median_observed_daily_prices,https://ssma.magyp.gob.ar/frutas.precios.aspx,2026-10-06T12:48:45.969986Z
mcba,MCBA,Frutas,FRUTILLA,,SANTA FE,BANDEJA,Comercial,MEDIANO,,ARS,ARS/kg,detail,detail,2024-10,1700.0,2,2,2,,,partial_period,official_publication_calendar_unverified,partial_unverified,median_observed_daily_prices,https://ssma.magyp.gob.ar/frutas.precios.aspx,2026-10-06T12:48:45.969986Z
mcba,MCBA,Frutas,FRUTILLA,,SANTA FE,BANDEJA,Elegido,GRANEL,,ARS,ARS/kg,detail,detail,2024-10,2600.0,2,2,2,,,partial_period,official_publication_calendar_unverified,partial_unverified,median_observed_daily_prices,https://ssma.magyp.gob.ar/frutas.precios.aspx,2026-10-06T12:48:45.969986Z
mcba,MCBA,Frutas,FRUTILLA,,SANTA FE,CAJA,Elegido,MEDIANO,,ARS,ARS/kg,detail,detail,2024-10,2750.0,2,2,2,,,partial_period,official_publication_calendar_unverified,partial_unverified,median_observed_daily_prices,https://ssma.magyp.gob.ar/frutas.precios.aspx,2026-10-06T12:48:45.969986Z
mcba,MCBA,Frutas,FRUTILLA,,TUCUMAN,BANDEJA,Elegido,GRANEL,,ARS,ARS/kg,detail,detail,2024-10,3000.0,2,2,2,,,partial_period,official_publication_calendar_unverified,partial_unverified,median_observed_daily_prices,https://ssma.magyp.gob.ar/frutas.precios.aspx,2026-10-06T12:48:45.969986Z
mcba,MCBA,Frutas,KIWI,PROM.ESP.,,,,,,ARS,ARS/kg,species_summary,species_summary,2024-10,2925.0,2,2,2,,,partial_period,official_publication_calendar_unverified,partial_unverified,median_observed_daily_prices,https://ssma.magyp.gob.ar/frutas.precios.aspx,2026-10-06T12:48:45.969986Z
mcba,MCBA,Frutas,KIWI,,BS. AS.,CAJA,Elegido,GRANDE,,ARS,ARS/kg,detail,detail,2024-10,2800.0,2,2,2,,,partial_period,official_publication_calendar_unverified,partial_unverified,median_observed_daily_prices,https://ssma.magyp.gob.ar/frutas.precios.aspx,2026-10-06T12:48:45.969986Z
mcba,MCBA,Frutas,KIWI,,BS. AS.,CAJA,Elegido,MEDIANO,,ARS,ARS/kg,detail,detail,2024-10,2500.0,2,2,2,,,partial_period,official_publication_calendar_unverified,partial_unverified,median_observed_daily_prices,https://ssma.magyp.gob.ar/frutas.precios.aspx,2026-10-06T12:48:45.969986Z
mcba,MCBA,Frutas,KIWI,,CHILE,CAJA,Elegido,GRANDE,,ARS,ARS/kg,detail,detail,2024-10,3400.0,2,2,2,,,partial_period,official_publication_calendar_unverified,partial_unverified,median_observed_daily_prices,https://ssma.magyp.gob.ar/frutas.precios.aspx,2026-10-06T12:48:45.969986Z
mcba,MCBA,Frutas,KIWI,,CHILE,CAJA,Elegido,MEDIANO,,ARS,ARS/kg,detail,detail,2024-10,3000.0,2,2,2,,,partial_period,official_publication_calendar_unverified,partial_unverified,median_observed_daily_prices,https://ssma.magyp.gob.ar/frutas.precios.aspx,2026-10-06T12:48:45.969986Z
mcba,MCBA,Frutas,KUMQUAT,PROM.ESP.,,,,,,ARS,ARS/kg,species_summary,species_summary,2024-10,1000.0,2,2,2,,,partial_period,official_publication_calendar_unverified,partial_unverified,median_observed_daily_prices,https://ssma.magyp.gob.ar/frutas.precios.aspx,2026-10-06T12:48:45.969986Z
mcba,MCBA,Frutas,KUMQUAT,,E. RIOS,BOLSA,Elegido,GRANEL,,ARS,ARS/kg,detail,detail,2024-10,1000.0,2,2,2,,,partial_period,official_publication_calendar_unverified,partial_unverified,median_observed_daily_prices,https://ssma.magyp.gob.ar/frutas.precios.aspx,2026-10-06T12:48:45.969986Z
mcba,MCBA,Frutas,LIMA,PROM.ESP.,,,,,,ARS,ARS/kg,species_summary,species_summary,2024-10,1095.84,2,2,2,,,partial_period,official_publication_calendar_unverified,partial_unverified,median_observed_daily_prices,https://ssma.magyp.gob.ar/frutas.precios.aspx,2026-10-06T12:48:45.969986Z
mcba,MCBA,Frutas,LIMA,TAHITI,BRASIL,BOLSA,Elegido,GRANEL,,ARS,ARS/kg,detail,detail,2024-10,1666.67,2,2,2,,,partial_period,official_publication_calendar_unverified,partial_unverified,median_observed_daily_prices,https://ssma.magyp.gob.ar/frutas.precios.aspx,2026-10-06T12:48:45.969986Z
mcba,MCBA,Frutas,LIMA,,E. RIOS,PERDIDO,Elegido,090/120,,ARS,ARS/kg,detail,detail,2024-10,525.0,2,2,2,,,partial_period,official_publication_calendar_unverified,partial_unverified,median_observed_daily_prices,https://ssma.magyp.gob.ar/frutas.precios.aspx,2026-10-06T12:48:45.969986Z
mcba,MCBA,Frutas,LIMON,EUREKA,TUCUMAN,BOLSA,Comercial,GRANEL,,ARS,ARS/kg,detail,detail,2024-10,392.86,2,2,2,,,partial_period,official_publication_calendar_unverified,partial_unverified,median_observed_daily_prices,https://ssma.magyp.gob.ar/frutas.precios.aspx,2026-10-06T12:48:45.969986Z
mcba,MCBA,Frutas,LIMON,EUREKA,TUCUMAN,CAJA,Elegido,080/110,,ARS,ARS/kg,detail,detail,2024-10,722.22,2,2,2,,,partial_period,official_publication_calendar_unverified,partial_unverified,median_observed_daily_prices,https://ssma.magyp.gob.ar/frutas.precios.aspx,2026-10-06T12:48:45.969986Z
mcba,MCBA,Frutas,LIMON,EUREKA,TUCUMAN,CAJA,Elegido,113/138,,ARS,ARS/kg,detail,detail,2024-10,611.11,2,2,2,,,partial_period,official_publication_calendar_unverified,partial_unverified,median_observed_daily_prices,https://ssma.magyp.gob.ar/frutas.precios.aspx,2026-10-06T12:48:45.969986Z
mcba,MCBA,Frutas,LIMON,EUREKA,TUCUMAN,PERDIDO,Comercial,125/138,,ARS,ARS/kg,detail,detail,2024-10,500.0,2,2,2,,,partial_period,official_publication_calendar_unverified,partial_unverified,median_observed_daily_prices,https://ssma.magyp.gob.ar/frutas.precios.aspx,2026-10-06T12:48:45.969986Z
mcba,MCBA,Frutas,LIMON,GENOVA,CTES.,PERDIDO,Comercial,120/140,,ARS,ARS/kg,detail,detail,2024-10,472.22,2,2,2,,,partial_period,official_publication_calendar_unverified,partial_unverified,median_observed_daily_prices,https://ssma.magyp.gob.ar/frutas.precios.aspx,2026-10-06T12:48:45.969986Z
mcba,MCBA,Frutas,LIMON,GENOVA,E. RIOS,TORO,Elegido,100/125,,ARS,ARS/kg,detail,detail,2024-10,500.0,2,2,2,,,partial_period,official_publication_calendar_unverified,partial_unverified,median_observed_daily_prices,https://ssma.magyp.gob.ar/frutas.precios.aspx,2026-10-06T12:48:45.969986Z
mcba,MCBA,Frutas,LIMON,PROM.ESP.,,,,,,ARS,ARS/kg,species_summary,species_summary,2024-10,533.07,2,2,2,,,partial_period,official_publication_calendar_unverified,partial_unverified,median_observed_daily_prices,https://ssma.magyp.gob.ar/frutas.precios.aspx,2026-10-06T12:48:45.969986Z
mcba,MCBA,Frutas,MANDARINA,AFOURER,E. RIOS,PERDIDO,Elegido,MEDIANO,,ARS,ARS/kg,detail,detail,2024-10,444.44,2,2,2,,,partial_period,official_publication_calendar_unverified,partial_unverified,median_observed_daily_prices,https://ssma.magyp.gob.ar/frutas.precios.aspx,2026-10-06T12:48:45.969986Z
mcba,MCBA,Frutas,MANDARINA,ELLENDALE,E. RIOS,PERDIDO,Elegido,GRANDE,,ARS,ARS/kg,detail,detail,2024-10,777.78,2,2,2,,,partial_period,official_publication_calendar_unverified,partial_unverified,median_observed_daily_prices,https://ssma.magyp.gob.ar/frutas.precios.aspx,2026-10-06T12:48:45.969986Z
mcba,MCBA,Frutas,MANDARINA,ELLENDALE,E. RIOS,PERDIDO,Elegido,MEDIANO,,ARS,ARS/kg,detail,detail,2024-10,583.33,2,2,2,,,partial_period,official_publication_calendar_unverified,partial_unverified,median_observed_daily_prices,https://ssma.magyp.gob.ar/frutas.precios.aspx,2026-10-06T12:48:45.969986Z
mcba,MCBA,Frutas,MANDARINA,ENCORE,E. RIOS,PERDIDO,Elegido,GRANDE,,ARS,ARS/kg,detail,detail,2024-10,750.0,2,2,2,,,partial_period,official_publication_calendar_unverified,partial_unverified,median_observed_daily_prices,https://ssma.magyp.gob.ar/frutas.precios.aspx,2026-10-06T12:48:45.969986Z
mcba,MCBA,Frutas,MANDARINA,ENCORE,E. RIOS,PERDIDO,Elegido,MEDIANO,,ARS,ARS/kg,detail,detail,2024-10,444.44,2,2,2,,,partial_period,official_publication_calendar_unverified,partial_unverified,median_observed_daily_prices,https://ssma.magyp.gob.ar/frutas.precios.aspx,2026-10-06T12:48:45.969986Z
mcba,MCBA,Frutas,MANDARINA,MURCOT,E. RIOS,PERDIDO,Elegido,GRANDE,,ARS,ARS/kg,detail,detail,2024-10,833.33,2,2,2,,,partial_period,official_publication_calendar_unverified,partial_unverified,median_observed_daily_prices,https://ssma.magyp.gob.ar/frutas.precios.aspx,2026-10-06T12:48:45.969986Z
mcba,MCBA,Frutas,MANDARINA,MURCOT,E. RIOS,PERDIDO,Elegido,MEDIANO,,ARS,ARS/kg,detail,detail,2024-10,472.22,2,2,2,,,partial_period,official_publication_calendar_unverified,partial_unverified,median_observed_daily_prices,https://ssma.magyp.gob.ar/frutas.precios.aspx,2026-10-06T12:48:45.969986Z
mcba,MCBA,Frutas,MANDARINA,PROM.ESP.,,,,,,ARS,ARS/kg,species_summary,species_summary,2024-10,615.08,2,2,2,,,partial_period,official_publication_calendar_unverified,partial_unverified,median_observed_daily_prices,https://ssma.magyp.gob.ar/frutas.precios.aspx,2026-10-06T12:48:45.969986Z
mcba,MCBA,Frutas,MANGO,PROM.ESP.,,,,,,ARS,ARS/kg,species_summary,species_summary,2024-10,2333.34,2,2,2,,,partial_period,official_publication_calendar_unverified,partial_unverified,median_observed_daily_prices,https://ssma.magyp.gob.ar/frutas.precios.aspx,2026-10-06T12:48:45.969986Z
mcba,MCBA,Frutas,MANGO,,BRASIL,CAJA,Elegido,GRANDE,,ARS,ARS/kg,detail,detail,2024-10,2500.0,2,2,2,,,partial_period,official_publication_calendar_unverified,partial_unverified,median_observed_daily_prices,https://ssma.magyp.gob.ar/frutas.precios.aspx,2026-10-06T12:48:45.969986Z
mcba,MCBA,Frutas,MANZANA,GRANNY SMI,CHILE,CAJA,Elegido,080/088,AT.CONTR,ARS,ARS/kg,detail,detail,2024-10,2150.0,2,2,2,,,partial_period,official_publication_calendar_unverified,partial_unverified,median_observed_daily_prices,https://ssma.magyp.gob.ar/frutas.precios.aspx,2026-10-06T12:48:45.969986Z
mcba,MCBA,Frutas,MANZANA,GRANNY SMI,R. NEGRO,CAJA,Elegido,036/044,AT.CONTR,ARS,ARS/kg,detail,detail,2024-10,2200.0,2,2,2,,,partial_period,official_publication_calendar_unverified,partial_unverified,median_observed_daily_prices,https://ssma.magyp.gob.ar/frutas.precios.aspx,2026-10-06T12:48:45.969986Z
mcba,MCBA,Frutas,MANZANA,GRANNY SMI,R. NEGRO,CAJA,Elegido,036/044,,ARS,ARS/kg,detail,detail,2024-10,1800.0,2,2,2,,,partial_period,official_publication_calendar_unverified,partial_unverified,median_observed_daily_prices,https://ssma.magyp.gob.ar/frutas.precios.aspx,2026-10-06T12:48:45.969986Z
mcba,MCBA,Frutas,MANZANA,GRANNY SMI,R. NEGRO,CAJA,Elegido,080/088,AT.CONTR,ARS,ARS/kg,detail,detail,2024-10,2200.0,2,2,2,,,partial_period,official_publication_calendar_unverified,partial_unverified,median_observed_daily_prices,https://ssma.magyp.gob.ar/frutas.precios.aspx,2026-10-06T12:48:45.969986Z
mcba,MCBA,Frutas,MANZANA,GRANNY SMI,R. NEGRO,CAJA,Elegido,080/088,,ARS,ARS/kg,detail,detail,2024-10,1750.0,2,2,2,,,partial_period,official_publication_calendar_unverified,partial_unverified,median_observed_daily_prices,https://ssma.magyp.gob.ar/frutas.precios.aspx,2026-10-06T12:48:45.969986Z
mcba,MCBA,Frutas,MANZANA,GRANNY SMI,R. NEGRO,CAJA,Elegido,088/113,,ARS,ARS/kg,detail,detail,2024-10,1550.0,2,2,2,,,partial_period,official_publication_calendar_unverified,partial_unverified,median_observed_daily_prices,https://ssma.magyp.gob.ar/frutas.precios.aspx,2026-10-06T12:48:45.969986Z
mcba,MCBA,Frutas,MANZANA,GRANNY SMI,R. NEGRO,CAJA,Elegido,125/138,,ARS,ARS/kg,detail,detail,2024-10,1350.0,2,2,2,,,partial_period,official_publication_calendar_unverified,partial_unverified,median_observed_daily_prices,https://ssma.magyp.gob.ar/frutas.precios.aspx,2026-10-06T12:48:45.969986Z
mcba,MCBA,Frutas,MANZANA,GRANNY SMI,R. NEGRO,JAULA,Comercial,GRANEL,,ARS,ARS/kg,detail,detail,2024-10,950.0,2,2,2,,,partial_period,official_publication_calendar_unverified,partial_unverified,median_observed_daily_prices,https://ssma.magyp.gob.ar/frutas.precios.aspx,2026-10-06T12:48:45.969986Z
mcba,MCBA,Frutas,MANZANA,GRANNY SMI,R. NEGRO,JAULA,Elegido,080/090,,ARS,ARS/kg,detail,detail,2024-10,1150.0,2,2,2,,,partial_period,official_publication_calendar_unverified,partial_unverified,median_observed_daily_prices,https://ssma.magyp.gob.ar/frutas.precios.aspx,2026-10-06T12:48:45.969986Z
mcba,MCBA,Frutas,MANZANA,PK.LAD/CRI,R. NEGRO,JAULA,Comercial,125/138,,ARS,ARS/kg,detail,detail,2024-10,722.22,2,2,2,,,partial_period,official_publication_calendar_unverified,partial_unverified,median_observed_daily_prices,https://ssma.magyp.gob.ar/frutas.precios.aspx,2026-10-06T12:48:45.969986Z
mcba,MCBA,Frutas,MANZANA,PK.LAD/CRI,R. NEGRO,JAULA,Elegido,113/118,,ARS,ARS/kg,detail,detail,2024-10,1222.22,2,2,2,,,partial_period,official_publication_calendar_unverified,partial_unverified,median_observed_daily_prices,https://ssma.magyp.gob.ar/frutas.precios.aspx,2026-10-06T12:48:45.969986Z
mcba,MCBA,Frutas,MANZANA,PROM.ESP.,,,,,,ARS,ARS/kg,species_summary,species_summary,2024-10,1571.63,2,2,2,,,partial_period,official_publication_calendar_unverified,partial_unverified,median_observed_daily_prices,https://ssma.magyp.gob.ar/frutas.precios.aspx,2026-10-06T12:48:45.969986Z
mcba,MCBA,Frutas,MANZANA,RED DELICI,R. NEGRO,CAJA,Comercial,138/150,,ARS,ARS/kg,detail,detail,2024-10,1000.0,2,2,2,,,partial_period,official_publication_calendar_unverified,partial_unverified,median_observed_daily_prices,https://ssma.magyp.gob.ar/frutas.precios.aspx,2026-10-06T12:48:45.969986Z
mcba,MCBA,Frutas,MANZANA,RED DELICI,R. NEGRO,CAJA,Elegido,040/050,AT.CONTR,ARS,ARS/kg,detail,detail,2024-10,2200.0,2,2,2,,,partial_period,official_publication_calendar_unverified,partial_unverified,median_observed_daily_prices,https://ssma.magyp.gob.ar/frutas.precios.aspx,2026-10-06T12:48:45.969986Z
mcba,MCBA,Frutas,MANZANA,RED DELICI,R. NEGRO,CAJA,Elegido,044/050,AT.CONTR,ARS,ARS/kg,detail,detail,2024-10,1900.0,1,1,1,,,partial_period,official_publication_calendar_unverified,partial_unverified,median_observed_daily_prices,https://ssma.magyp.gob.ar/frutas.precios.aspx,2026-10-06T12:48:45.969986Z
mcba,MCBA,Frutas,MANZANA,RED DELICI,R. NEGRO,CAJA,Elegido,044/056,,ARS,ARS/kg,detail,detail,2024-10,1900.0,1,1,1,,,partial_period,official_publication_calendar_unverified,partial_unverified,median_observed_daily_prices,https://ssma.magyp.gob.ar/frutas.precios.aspx,2026-10-06T12:48:45.969986Z
mcba,MCBA,Frutas,MANZANA,RED DELICI,R. NEGRO,CAJA,Elegido,088/113,AT.CONTR,ARS,ARS/kg,detail,detail,2024-10,2050.0,2,2,2,,,partial_period,official_publication_calendar_unverified,partial_unverified,median_observed_daily_prices,https://ssma.magyp.gob.ar/frutas.precios.aspx,2026-10-06T12:48:45.969986Z
mcba,MCBA,Frutas,MANZANA,RED DELICI,R. NEGRO,CAJA,Elegido,088/113,,ARS,ARS/kg,detail,detail,2024-10,1850.0,2,2,2,,,partial_period,official_publication_calendar_unverified,partial_unverified,median_observed_daily_prices,https://ssma.magyp.gob.ar/frutas.precios.aspx,2026-10-06T12:48:45.969986Z
mcba,MCBA,Frutas,MANZANA,RED DELICI,R. NEGRO,CAJA,Elegido,125/138,AT.CONTR,ARS,ARS/kg,detail,detail,2024-10,1400.0,1,1,1,,,partial_period,official_publication_calendar_unverified,partial_unverified,median_observed_daily_prices,https://ssma.magyp.gob.ar/frutas.precios.aspx,2026-10-06T12:48:45.969986Z
mcba,MCBA,Frutas,MANZANA,RED DELICI,R. NEGRO,CAJA,Elegido,125/138,,ARS,ARS/kg,detail,detail,2024-10,1345.96,2,2,2,,,partial_period,official_publication_calendar_unverified,partial_unverified,median_observed_daily_prices,https://ssma.magyp.gob.ar/frutas.precios.aspx,2026-10-06T12:48:45.969986Z
mcba,MCBA,Frutas,MANZANA,RED DELICI,R. NEGRO,JAULA,Comercial,100/113,,ARS,ARS/kg,detail,detail,2024-10,1055.56,2,2,2,,,partial_period,official_publication_calendar_unverified,partial_unverified,median_observed_daily_prices,https://ssma.magyp.gob.ar/frutas.precios.aspx,2026-10-06T12:48:45.969986Z
mcba,MCBA,Frutas,MANZANA,RED DELICI,R. NEGRO,JAULA,Elegido,GRANEL,,ARS,ARS/kg,detail,detail,2024-10,1050.0,2,2,2,,,partial_period,official_publication_calendar_unverified,partial_unverified,median_observed_daily_prices,https://ssma.magyp.gob.ar/frutas.precios.aspx,2026-10-06T12:48:45.969986Z
mcba,MCBA,Frutas,MANZANA,RED TOP,CHILE,CAJA,Elegido,088/113,AT.CONTR,ARS,ARS/kg,detail,detail,2024-10,2150.0,2,2,2,,,partial_period,official_publication_calendar_unverified,partial_unverified,median_observed_daily_prices,https://ssma.magyp.gob.ar/frutas.precios.aspx,2026-10-06T12:48:45.969986Z
mcba,MCBA,Frutas,MANZANA,ROME BEAUT,R. NEGRO,CAJA,Elegido,036/040,,ARS,ARS/kg,detail,detail,2024-10,1900.0,2,2,2,,,partial_period,official_publication_calendar_unverified,partial_unverified,median_observed_daily_prices,https://ssma.magyp.gob.ar/frutas.precios.aspx,2026-10-06T12:48:45.969986Z
mcba,MCBA,Frutas,MANZANA,ROME BEAUT,R. NEGRO,JAULA,Elegido,125/138,,ARS,ARS/kg,detail,detail,2024-10,1333.33,2,2,2,,,partial_period,official_publication_calendar_unverified,partial_unverified,median_observed_daily_prices,https://ssma.magyp.gob.ar/frutas.precios.aspx,2026-10-06T12:48:45.969986Z
mcba,MCBA,Frutas,MELON,AMARILLO,SALTA,BANDEJA,Elegido,MEDIANO,INVERNAC,ARS,ARS/kg,detail,detail,2024-10,1800.0,2,2,2,,,partial_period,official_publication_calendar_unverified,partial_unverified,median_observed_daily_prices,https://ssma.magyp.gob.ar/frutas.precios.aspx,2026-10-06T12:48:45.969986Z
mcba,MCBA,Frutas,MELON,ESCRITO,SALTA,CAJA,Elegido,MEDIANO,INVERNAC,ARS,ARS/kg,detail,detail,2024-10,2375.0,2,2,2,,,partial_period,official_publication_calendar_unverified,partial_unverified,median_observed_daily_prices,https://ssma.magyp.gob.ar/frutas.precios.aspx,2026-10-06T12:48:45.969986Z
mcba,MCBA,Frutas,MELON,GALIA,BRASIL,CAJA,Elegido,MEDIANO,,ARS,ARS/kg,detail,detail,2024-10,1928.57,2,2,2,,,partial_period,official_publication_calendar_unverified,partial_unverified,median_observed_daily_prices,https://ssma.magyp.gob.ar/frutas.precios.aspx,2026-10-06T12:48:45.969986Z
mcba,MCBA,Frutas,MELON,PROM.ESP.,,,,,,ARS,ARS/kg,species_summary,species_summary,2024-10,2025.89,2,2,2,,,partial_period,official_publication_calendar_unverified,partial_unverified,median_observed_daily_prices,https://ssma.magyp.gob.ar/frutas.precios.aspx,2026-10-06T12:48:45.969986Z
mcba,MCBA,Frutas,MELON,ROCIO MIEL,SALTA,PERDIDO,Elegido,MEDIANO,INVERNAC,ARS,ARS/kg,detail,detail,2024-10,2000.0,2,2,2,,,partial_period,official_publication_calendar_unverified,partial_unverified,median_observed_daily_prices,https://ssma.magyp.gob.ar/frutas.precios.aspx,2026-10-06T12:48:45.969986Z
mcba,MCBA,Frutas,NARANJA,PROM.ESP.,,,,,,ARS,ARS/kg,species_summary,species_summary,2024-10,488.1,2,2,2,,,partial_period,official_publication_calendar_unverified,partial_unverified,median_observed_daily_prices,https://ssma.magyp.gob.ar/frutas.precios.aspx,2026-10-06T12:48:45.969986Z
mcba,MCBA,Frutas,NARANJA,SALUSTIANA,CTES.,PERDIDO,Elegido,110/130,,ARS,ARS/kg,detail,detail,2024-10,500.0,2,2,2,,,partial_period,official_publication_calendar_unverified,partial_unverified,median_observed_daily_prices,https://ssma.magyp.gob.ar/frutas.precios.aspx,2026-10-06T12:48:45.969986Z
mcba,MCBA,Frutas,NARANJA,SALUSTIANA,E. RIOS,PERDIDO,Comercial,090/120,,ARS,ARS/kg,detail,detail,2024-10,388.89,2,2,2,,,partial_period,official_publication_calendar_unverified,partial_unverified,median_observed_daily_prices,https://ssma.magyp.gob.ar/frutas.precios.aspx,2026-10-06T12:48:45.969986Z
mcba,MCBA,Frutas,NARANJA,SALUSTIANA,E. RIOS,PERDIDO,Elegido,070/090,,ARS,ARS/kg,detail,detail,2024-10,500.0,2,2,2,,,partial_period,official_publication_calendar_unverified,partial_unverified,median_observed_daily_prices,https://ssma.magyp.gob.ar/frutas.precios.aspx,2026-10-06T12:48:45.969986Z
mcba,MCBA,Frutas,NARANJA,SALUSTIANA,E. RIOS,PERDIDO,Elegido,090/110,,ARS,ARS/kg,detail,detail,2024-10,500.0,2,2,2,,,partial_period,official_publication_calendar_unverified,partial_unverified,median_observed_daily_prices,https://ssma.magyp.gob.ar/frutas.precios.aspx,2026-10-06T12:48:45.969986Z
mcba,MCBA,Frutas,NARANJA,VAL.SEEDLE,E. RIOS,PERDIDO,Elegido,090/110,,ARS,ARS/kg,detail,detail,2024-10,527.78,2,2,2,,,partial_period,official_publication_calendar_unverified,partial_unverified,median_observed_daily_prices,https://ssma.magyp.gob.ar/frutas.precios.aspx,2026-10-06T12:48:45.969986Z
mcba,MCBA,Frutas,NARANJA,W.NAVEL,BS. AS.,PERDIDO,Elegido,100/120,,ARS,ARS/kg,detail,detail,2024-10,527.78,2,2,2,,,partial_period,official_publication_calendar_unverified,partial_unverified,median_observed_daily_prices,https://ssma.magyp.gob.ar/frutas.precios.aspx,2026-10-06T12:48:45.969986Z
mcba,MCBA,Frutas,NARANJA,W.NAVEL,E. RIOS,PERDIDO,Elegido,090/110,,ARS,ARS/kg,detail,detail,2024-10,472.22,2,2,2,,,partial_period,official_publication_calendar_unverified,partial_unverified,median_observed_daily_prices,https://ssma.magyp.gob.ar/frutas.precios.aspx,2026-10-06T12:48:45.969986Z
mcba,MCBA,Frutas,NUEZ,PROM.ESP.,,,,,,ARS,ARS/kg,species_summary,species_summary,2024-10,4200.0,2,2,2,,,partial_period,official_publication_calendar_unverified,partial_unverified,median_observed_daily_prices,https://ssma.magyp.gob.ar/frutas.precios.aspx,2026-10-06T12:48:45.969986Z
mcba,MCBA,Frutas,NUEZ,,MENDOZA,BOLSA,Elegido,GRANEL,,ARS,ARS/kg,detail,detail,2024-10,4200.0,2,2,2,,,partial_period,official_publication_calendar_unverified,partial_unverified,median_observed_daily_prices,https://ssma.magyp.gob.ar/frutas.precios.aspx,2026-10-06T12:48:45.969986Z
mcba,MCBA,Frutas,PALTA,HASS,CHILE,CAJA,Elegido,GRANDE,,ARS,ARS/kg,detail,detail,2024-10,5800.0,2,2,2,,,partial_period,official_publication_calendar_unverified,partial_unverified,median_observed_daily_prices,https://ssma.magyp.gob.ar/frutas.precios.aspx,2026-10-06T12:48:45.969986Z
mcba,MCBA,Frutas,PALTA,HASS,CHILE,CAJA,Elegido,MEDIANO,,ARS,ARS/kg,detail,detail,2024-10,5300.0,2,2,2,,,partial_period,official_publication_calendar_unverified,partial_unverified,median_observed_daily_prices,https://ssma.magyp.gob.ar/frutas.precios.aspx,2026-10-06T12:48:45.969986Z
mcba,MCBA,Frutas,PALTA,HASS,PERU,BANDEJA,Elegido,GRANDE,,ARS,ARS/kg,detail,detail,2024-10,3500.0,2,2,2,,,partial_period,official_publication_calendar_unverified,partial_unverified,median_observed_daily_prices,https://ssma.magyp.gob.ar/frutas.precios.aspx,2026-10-06T12:48:45.969986Z
mcba,MCBA,Frutas,PALTA,HASS,PERU,BANDEJA,Elegido,MEDIANO,,ARS,ARS/kg,detail,detail,2024-10,3100.0,2,2,2,,,partial_period,official_publication_calendar_unverified,partial_unverified,median_observed_daily_prices,https://ssma.magyp.gob.ar/frutas.precios.aspx,2026-10-06T12:48:45.969986Z
mcba,MCBA,Frutas,PALTA,HASS,TUCUMAN,CAJA,Elegido,GRANDE,,ARS,ARS/kg,detail,detail,2024-10,2500.0,2,2,2,,,partial_period,official_publication_calendar_unverified,partial_unverified,median_observed_daily_prices,https://ssma.magyp.gob.ar/frutas.precios.aspx,2026-10-06T12:48:45.969986Z
mcba,MCBA,Frutas,PALTA,LULA,TUCUMAN,BANDEJA,Comercial,GRANEL,,ARS,ARS/kg,detail,detail,2024-10,2125.0,2,2,2,,,partial_period,official_publication_calendar_unverified,partial_unverified,median_observed_daily_prices,https://ssma.magyp.gob.ar/frutas.precios.aspx,2026-10-06T12:48:45.969986Z
mcba,MCBA,Frutas,PALTA,PROM.ESP.,,,,,,ARS,ARS/kg,species_summary,species_summary,2024-10,3720.83,2,2,2,,,partial_period,official_publication_calendar_unverified,partial_unverified,median_observed_daily_prices,https://ssma.magyp.gob.ar/frutas.precios.aspx,2026-10-06T12:48:45.969986Z
mcba,MCBA,Frutas,PERA,PACKHAM'S,R. NEGRO,CAJA,Elegido,036/042,,ARS,ARS/kg,detail,detail,2024-10,1650.0,2,2,2,,,partial_period,official_publication_calendar_unverified,partial_unverified,median_observed_daily_prices,https://ssma.magyp.gob.ar/frutas.precios.aspx,2026-10-06T12:48:45.969986Z
mcba,MCBA,Frutas,PERA,PACKHAM'S,R. NEGRO,CAJA,Elegido,070/090,,ARS,ARS/kg,detail,detail,2024-10,1350.0,2,2,2,,,partial_period,official_publication_calendar_unverified,partial_unverified,median_observed_daily_prices,https://ssma.magyp.gob.ar/frutas.precios.aspx,2026-10-06T12:48:45.969986Z
mcba,MCBA,Frutas,PERA,PACKHAM'S,R. NEGRO,CAJA,Elegido,113/125,,ARS,ARS/kg,detail,detail,2024-10,1050.0,2,2,2,,,partial_period,official_publication_calendar_unverified,partial_unverified,median_observed_daily_prices,https://ssma.magyp.gob.ar/frutas.precios.aspx,2026-10-06T12:48:45.969986Z
mcba,MCBA,Frutas,PERA,PACKHAM'S,R. NEGRO,JAULA,Comercial,110/130,,ARS,ARS/kg,detail,detail,2024-10,800.0,2,2,2,,,partial_period,official_publication_calendar_unverified,partial_unverified,median_observed_daily_prices,https://ssma.magyp.gob.ar/frutas.precios.aspx,2026-10-06T12:48:45.969986Z
mcba,MCBA,Frutas,PERA,PACKHAM'S,R. NEGRO,JAULA,Elegido,100/120,,ARS,ARS/kg,detail,detail,2024-10,944.44,2,2,2,,,partial_period,official_publication_calendar_unverified,partial_unverified,median_observed_daily_prices,https://ssma.magyp.gob.ar/frutas.precios.aspx,2026-10-06T12:48:45.969986Z
mcba,MCBA,Frutas,PERA,PROM.ESP.,,,,,,ARS,ARS/kg,species_summary,species_summary,2024-10,1158.89,2,2,2,,,partial_period,official_publication_calendar_unverified,partial_unverified,median_observed_daily_prices,https://ssma.magyp.gob.ar/frutas.precios.aspx,2026-10-06T12:48:45.969986Z
mcba,MCBA,Frutas,PLATANO,PROM.ESP.,,,,,,ARS,ARS/kg,species_summary,species_summary,2024-10,2000.0,2,2,2,,,partial_period,official_publication_calendar_unverified,partial_unverified,median_observed_daily_prices,https://ssma.magyp.gob.ar/frutas.precios.aspx,2026-10-06T12:48:45.969986Z
mcba,MCBA,Frutas,PLATANO,,ECUADOR,CAJA,Elegido,GRANEL,VERDEPIN,ARS,ARS/kg,detail,detail,2024-10,2000.0,2,2,2,,,partial_period,official_publication_calendar_unverified,partial_unverified,median_observed_daily_prices,https://ssma.magyp.gob.ar/frutas.precios.aspx,2026-10-06T12:48:45.969986Z
mcba,MCBA,Frutas,POMELO,PROM.ESP.,,,,,,ARS,ARS/kg,species_summary,species_summary,2024-10,611.11,2,2,2,,,partial_period,official_publication_calendar_unverified,partial_unverified,median_observed_daily_prices,https://ssma.magyp.gob.ar/frutas.precios.aspx,2026-10-06T12:48:45.969986Z
mcba,MCBA,Frutas,POMELO,RUBY,E. RIOS,PERDIDO,Elegido,056/070,,ARS,ARS/kg,detail,detail,2024-10,500.0,2,2,2,,,partial_period,official_publication_calendar_unverified,partial_unverified,median_observed_daily_prices,https://ssma.magyp.gob.ar/frutas.precios.aspx,2026-10-06T12:48:45.969986Z
mcba,MCBA,Frutas,POMELO,STAR RUBY,CTES.,PERDIDO,Elegido,056/070,,ARS,ARS/kg,detail,detail,2024-10,611.11,2,2,2,,,partial_period,official_publication_calendar_unverified,partial_unverified,median_observed_daily_prices,https://ssma.magyp.gob.ar/frutas.precios.aspx,2026-10-06T12:48:45.969986Z
mcba,MCBA,Frutas,POMELO,STAR RUBY,E. RIOS,PERDIDO,Elegido,048/066,,ARS,ARS/kg,detail,detail,2024-10,611.11,2,2,2,,,partial_period,official_publication_calendar_unverified,partial_unverified,median_observed_daily_prices,https://ssma.magyp.gob.ar/frutas.precios.aspx,2026-10-06T12:48:45.969986Z
mcba,MCBA,Frutas,POMELO,STAR RUBY,SALTA,CAJA,Elegido,048/066,,ARS,ARS/kg,detail,detail,2024-10,722.22,2,2,2,,,partial_period,official_publication_calendar_unverified,partial_unverified,median_observed_daily_prices,https://ssma.magyp.gob.ar/frutas.precios.aspx,2026-10-06T12:48:45.969986Z
mcba,MCBA,Frutas,SANDIA,PROM.ESP.,,,,,,ARS,ARS/kg,species_summary,species_summary,2024-10,860.0,2,2,2,,,partial_period,official_publication_calendar_unverified,partial_unverified,median_observed_daily_prices,https://ssma.magyp.gob.ar/frutas.precios.aspx,2026-10-06T12:48:45.969986Z
mcba,MCBA,Frutas,SANDIA,,BRASIL,GRANEL,Comercial,GRANEL,,ARS,ARS/kg,detail,detail,2024-10,875.0,2,2,2,,,partial_period,official_publication_calendar_unverified,partial_unverified,median_observed_daily_prices,https://ssma.magyp.gob.ar/frutas.precios.aspx,2026-10-06T12:48:45.969986Z
mcba,MCBA,Frutas,SANDIA,,FORMOSA,GRANEL,Comercial,GRANEL,,ARS,ARS/kg,detail,detail,2024-10,850.0,2,2,2,,,partial_period,official_publication_calendar_unverified,partial_unverified,median_observed_daily_prices,https://ssma.magyp.gob.ar/frutas.precios.aspx,2026-10-06T12:48:45.969986Z
mcba,MCBA,Frutas,SANDIA,,SALTA,GRANEL,Comercial,GRANEL,,ARS,ARS/kg,detail,detail,2024-10,855.0,2,2,2,,,partial_period,official_publication_calendar_unverified,partial_unverified,median_observed_daily_prices,https://ssma.magyp.gob.ar/frutas.precios.aspx,2026-10-06T12:48:45.969986Z
mcba,MCBA,Frutas,UVA,ARRA 15,BRASIL,CAJA,Elegido,GRANEL,,ARS,ARS/kg,detail,detail,2024-10,4625.0,2,2,2,,,partial_period,official_publication_calendar_unverified,partial_unverified,median_observed_daily_prices,https://ssma.magyp.gob.ar/frutas.precios.aspx,2026-10-06T12:48:45.969986Z
mcba,MCBA,Frutas,UVA,ISIS,BRASIL,CAJA,Elegido,GRANDE,,ARS,ARS/kg,detail,detail,2024-10,4750.0,2,2,2,,,partial_period,official_publication_calendar_unverified,partial_unverified,median_observed_daily_prices,https://ssma.magyp.gob.ar/frutas.precios.aspx,2026-10-06T12:48:45.969986Z
mcba,MCBA,Frutas,UVA,PROM.ESP.,,,,,,ARS,ARS/kg,species_summary,species_summary,2024-10,4700.0,2,2,2,,,partial_period,official_publication_calendar_unverified,partial_unverified,median_observed_daily_prices,https://ssma.magyp.gob.ar/frutas.precios.aspx,2026-10-06T12:48:45.969986Z
mcba,MCBA,Frutas,UVA,SCARLOTTA,BRASIL,CAJA,Elegido,GRANEL,,ARS,ARS/kg,detail,detail,2024-10,4875.0,2,2,2,,,partial_period,official_publication_calendar_unverified,partial_unverified,median_observed_daily_prices,https://ssma.magyp.gob.ar/frutas.precios.aspx,2026-10-06T12:48:45.969986Z
mcba,MCBA,Frutas,UVA,SUGAR CRIP,BRASIL,CAJA,Elegido,GRANEL,,ARS,ARS/kg,detail,detail,2024-10,4750.0,2,2,2,,,partial_period,official_publication_calendar_unverified,partial_unverified,median_observed_daily_prices,https://ssma.magyp.gob.ar/frutas.precios.aspx,2026-10-06T12:48:45.969986Z
mcba,MCBA,Frutas,UVA,SWEET JUBI,BRASIL,CAJA,Elegido,GRANEL,,ARS,ARS/kg,detail,detail,2024-10,4500.0,2,2,2,,,partial_period,official_publication_calendar_unverified,partial_unverified,median_observed_daily_prices,https://ssma.magyp.gob.ar/frutas.precios.aspx,2026-10-06T12:48:45.969986Z
mcba,MCBA,Hortalizas,ACELGA,PROM.ESP.,,,,,,ARS,ARS/kg,species_summary,species_summary,2024-10,363.33500000000004,2,2,2,,,partial_period,official_publication_calendar_unverified,partial_unverified,median_observed_daily_prices,https://ssma.magyp.gob.ar/frutas.precios.aspx,2026-10-06T12:48:45.969986Z
mcba,MCBA,Hortalizas,ACELGA,,BS. AS.,JAULA,Primera,SIN TAM,,ARS,ARS/kg,detail,detail,2024-10,380.0,2,2,2,,,partial_period,official_publication_calendar_unverified,partial_unverified,median_observed_daily_prices,https://ssma.magyp.gob.ar/frutas.precios.aspx,2026-10-06T12:48:45.969986Z
mcba,MCBA,Hortalizas,ACELGA,,BS. AS.,JAULA,Primera,,INVERNAC,ARS,ARS/kg,detail,detail,2024-10,460.0,2,2,2,,,partial_period,official_publication_calendar_unverified,partial_unverified,median_observed_daily_prices,https://ssma.magyp.gob.ar/frutas.precios.aspx,2026-10-06T12:48:45.969986Z
mcba,MCBA,Hortalizas,ACELGA,,BS. AS.,JAULA,Segunda,SIN TAM,,ARS,ARS/kg,detail,detail,2024-10,250.0,2,2,2,,,partial_period,official_publication_calendar_unverified,partial_unverified,median_observed_daily_prices,https://ssma.magyp.gob.ar/frutas.precios.aspx,2026-10-06T12:48:45.969986Z
mcba,MCBA,Hortalizas,ACHICORIA,PROM.ESP.,,,,,,ARS,ARS/kg,species_summary,species_summary,2024-10,500.0,2,2,2,,,partial_period,official_publication_calendar_unverified,partial_unverified,median_observed_daily_prices,https://ssma.magyp.gob.ar/frutas.precios.aspx,2026-10-06T12:48:45.969986Z
mcba,MCBA,Hortalizas,ACHICORIA,,BS. AS.,JAULA,Primera,,,ARS,ARS/kg,detail,detail,2024-10,500.0,2,2,2,,,partial_period,official_publication_calendar_unverified,partial_unverified,median_observed_daily_prices,https://ssma.magyp.gob.ar/frutas.precios.aspx,2026-10-06T12:48:45.969986Z
mcba,MCBA,Hortalizas,ACUSAY,PROM.ESP.,,,,,,ARS,ARS/kg,species_summary,species_summary,2024-10,750.0,2,2,2,,,partial_period,official_publication_calendar_unverified,partial_unverified,median_observed_daily_prices,https://ssma.magyp.gob.ar/frutas.precios.aspx,2026-10-06T12:48:45.969986Z
mcba,MCBA,Hortalizas,ACUSAY,,BS. AS.,JAULA,Primera,GRANDE,,ARS,ARS/kg,detail,detail,2024-10,750.0,2,2,2,,,partial_period,official_publication_calendar_unverified,partial_unverified,median_observed_daily_prices,https://ssma.magyp.gob.ar/frutas.precios.aspx,2026-10-06T12:48:45.969986Z
mcba,MCBA,Hortalizas,AJO,COLORADO,MENDOZA,RISTRA 100,Primera,10,,ARS,ARS/kg,detail,detail,2024-10,8500.0,2,2,2,,,partial_period,official_publication_calendar_unverified,partial_unverified,median_observed_daily_prices,https://ssma.magyp.gob.ar/frutas.precios.aspx,2026-10-06T12:48:45.969986Z
mcba,MCBA,Hortalizas,AJO,COLORADO,MENDOZA,RISTRA 100,Primera,11,,ARS,ARS/kg,detail,detail,2024-10,10454.5,2,2,2,,,partial_period,official_publication_calendar_unverified,partial_unverified,median_observed_daily_prices,https://ssma.magyp.gob.ar/frutas.precios.aspx,2026-10-06T12:48:45.969986Z
mcba,MCBA,Hortalizas,AJO,COLORADO,MENDOZA,RISTRA 100,Primera,3,,ARS,ARS/kg,detail,detail,2024-10,3000.0,2,2,2,,,partial_period,official_publication_calendar_unverified,partial_unverified,median_observed_daily_prices,https://ssma.magyp.gob.ar/frutas.precios.aspx,2026-10-06T12:48:45.969986Z
mcba,MCBA,Hortalizas,AJO,COLORADO,MENDOZA,RISTRA 100,Primera,5,,ARS,ARS/kg,detail,detail,2024-10,5000.0,2,2,2,,,partial_period,official_publication_calendar_unverified,partial_unverified,median_observed_daily_prices,https://ssma.magyp.gob.ar/frutas.precios.aspx,2026-10-06T12:48:45.969986Z
mcba,MCBA,Hortalizas,AJO,COLORADO,MENDOZA,RISTRA 100,Primera,7,,ARS,ARS/kg,detail,detail,2024-10,5714.29,2,2,2,,,partial_period,official_publication_calendar_unverified,partial_unverified,median_observed_daily_prices,https://ssma.magyp.gob.ar/frutas.precios.aspx,2026-10-06T12:48:45.969986Z
mcba,MCBA,Hortalizas,AJO,COLORADO,MENDOZA,RISTRA 100,Primera,8,,ARS,ARS/kg,detail,detail,2024-10,6250.0,1,1,1,,,partial_period,official_publication_calendar_unverified,partial_unverified,median_observed_daily_prices,https://ssma.magyp.gob.ar/frutas.precios.aspx,2026-10-06T12:48:45.969986Z
mcba,MCBA,Hortalizas,AJO,COLORADO,MENDOZA,RISTRA 100,Primera,9,,ARS,ARS/kg,detail,detail,2024-10,7111.110000000001,2,2,2,,,partial_period,official_publication_calendar_unverified,partial_unverified,median_observed_daily_prices,https://ssma.magyp.gob.ar/frutas.precios.aspx,2026-10-06T12:48:45.969986Z
mcba,MCBA,Hortalizas,AJO,COLORADO,S.BS.AS.,RISTRA 100,Primera,5,TRATADO,ARS,ARS/kg,detail,detail,2024-10,4400.0,2,2,2,,,partial_period,official_publication_calendar_unverified,partial_unverified,median_observed_daily_prices,https://ssma.magyp.gob.ar/frutas.precios.aspx,2026-10-06T12:48:45.969986Z
mcba,MCBA,Hortalizas,AJO,COLORADO,S.BS.AS.,RISTRA 100,Primera,6,TRATADO,ARS,ARS/kg,detail,detail,2024-10,5833.33,2,2,2,,,partial_period,official_publication_calendar_unverified,partial_unverified,median_observed_daily_prices,https://ssma.magyp.gob.ar/frutas.precios.aspx,2026-10-06T12:48:45.969986Z
mcba,MCBA,Hortalizas,AJO,COLORADO,S.BS.AS.,RISTRA 100,Primera,7,TRATADO,ARS,ARS/kg,detail,detail,2024-10,7714.29,2,2,2,,,partial_period,official_publication_calendar_unverified,partial_unverified,median_observed_daily_prices,https://ssma.magyp.gob.ar/frutas.precios.aspx,2026-10-06T12:48:45.969986Z
mcba,MCBA,Hortalizas,AJO,MDO. CHINO,MENDOZA,RISTRA 100,Primera,10,,ARS,ARS/kg,detail,detail,2024-10,10500.0,2,2,2,,,partial_period,official_publication_calendar_unverified,partial_unverified,median_observed_daily_prices,https://ssma.magyp.gob.ar/frutas.precios.aspx,2026-10-06T12:48:45.969986Z
mcba,MCBA,Hortalizas,AJO,MDO. CHINO,MENDOZA,RISTRA 100,Primera,11,,ARS,ARS/kg,detail,detail,2024-10,11363.6,2,2,2,,,partial_period,official_publication_calendar_unverified,partial_unverified,median_observed_daily_prices,https://ssma.magyp.gob.ar/frutas.precios.aspx,2026-10-06T12:48:45.969986Z
mcba,MCBA,Hortalizas,AJO,MDO. CHINO,MENDOZA,RISTRA 100,Primera,7,,ARS,ARS/kg,detail,detail,2024-10,6285.71,2,2,2,,,partial_period,official_publication_calendar_unverified,partial_unverified,median_observed_daily_prices,https://ssma.magyp.gob.ar/frutas.precios.aspx,2026-10-06T12:48:45.969986Z
mcba,MCBA,Hortalizas,AJO,MDO. CHINO,MENDOZA,RISTRA 100,Primera,8,,ARS,ARS/kg,detail,detail,2024-10,8125.0,2,2,2,,,partial_period,official_publication_calendar_unverified,partial_unverified,median_observed_daily_prices,https://ssma.magyp.gob.ar/frutas.precios.aspx,2026-10-06T12:48:45.969986Z
mcba,MCBA,Hortalizas,AJO,MDO. CHINO,SAN JUAN,CAJA,Primera,MEDIANO,,ARS,ARS/kg,detail,detail,2024-10,7800.0,1,1,1,,,partial_period,official_publication_calendar_unverified,partial_unverified,median_observed_daily_prices,https://ssma.magyp.gob.ar/frutas.precios.aspx,2026-10-06T12:48:45.969986Z
mcba,MCBA,Hortalizas,AJO,MDO. CHINO,SAN JUAN,RISTRA 100,Primera,10,,ARS,ARS/kg,detail,detail,2024-10,11500.0,2,2,2,,,partial_period,official_publication_calendar_unverified,partial_unverified,median_observed_daily_prices,https://ssma.magyp.gob.ar/frutas.precios.aspx,2026-10-06T12:48:45.969986Z
mcba,MCBA,Hortalizas,AJO,MDO. CHINO,SAN JUAN,RISTRA 100,Primera,11,,ARS,ARS/kg,detail,detail,2024-10,12272.7,2,2,2,,,partial_period,official_publication_calendar_unverified,partial_unverified,median_observed_daily_prices,https://ssma.magyp.gob.ar/frutas.precios.aspx,2026-10-06T12:48:45.969986Z
mcba,MCBA,Hortalizas,AJO,MDO. CHINO,SAN JUAN,RISTRA 100,Primera,5,,ARS,ARS/kg,detail,detail,2024-10,4400.0,2,2,2,,,partial_period,official_publication_calendar_unverified,partial_unverified,median_observed_daily_prices,https://ssma.magyp.gob.ar/frutas.precios.aspx,2026-10-06T12:48:45.969986Z
mcba,MCBA,Hortalizas,AJO,MDO. CHINO,SAN JUAN,RISTRA 100,Primera,6,,ARS,ARS/kg,detail,detail,2024-10,6333.33,2,2,2,,,partial_period,official_publication_calendar_unverified,partial_unverified,median_observed_daily_prices,https://ssma.magyp.gob.ar/frutas.precios.aspx,2026-10-06T12:48:45.969986Z
mcba,MCBA,Hortalizas,AJO,MDO. CHINO,SAN JUAN,RISTRA 100,Primera,7,,ARS,ARS/kg,detail,detail,2024-10,7857.14,2,2,2,,,partial_period,official_publication_calendar_unverified,partial_unverified,median_observed_daily_prices,https://ssma.magyp.gob.ar/frutas.precios.aspx,2026-10-06T12:48:45.969986Z
mcba,MCBA,Hortalizas,AJO,MDO. CHINO,SAN JUAN,RISTRA 100,Primera,8,,ARS,ARS/kg,detail,detail,2024-10,9375.0,2,2,2,,,partial_period,official_publication_calendar_unverified,partial_unverified,median_observed_daily_prices,https://ssma.magyp.gob.ar/frutas.precios.aspx,2026-10-06T12:48:45.969986Z
mcba,MCBA,Hortalizas,AJO,MDO. CHINO,SAN JUAN,RISTRA 100,Primera,9,,ARS,ARS/kg,detail,detail,2024-10,10555.6,2,2,2,,,partial_period,official_publication_calendar_unverified,partial_unverified,median_observed_daily_prices,https://ssma.magyp.gob.ar/frutas.precios.aspx,2026-10-06T12:48:45.969986Z
mcba,MCBA,Hortalizas,AJO,PROM.ESP.,,,,,,ARS,ARS/kg,species_summary,species_summary,2024-10,7778.625,2,2,2,,,partial_period,official_publication_calendar_unverified,partial_unverified,median_observed_daily_prices,https://ssma.magyp.gob.ar/frutas.precios.aspx,2026-10-06T12:48:45.969986Z
mcba,MCBA,Hortalizas,ALBAHACA,PROM.ESP.,,,,,,ARS,ARS/kg,species_summary,species_summary,2024-10,340.0,2,2,2,,,partial_period,official_publication_calendar_unverified,partial_unverified,median_observed_daily_prices,https://ssma.magyp.gob.ar/frutas.precios.aspx,2026-10-06T12:48:45.969986Z
mcba,MCBA,Hortalizas,ALBAHACA,,BS. AS.,ATADO,Primera,,INVERNAC,ARS,ARS/kg,detail,detail,2024-10,365.0,2,2,2,,,partial_period,official_publication_calendar_unverified,partial_unverified,median_observed_daily_prices,https://ssma.magyp.gob.ar/frutas.precios.aspx,2026-10-06T12:48:45.969986Z
mcba,MCBA,Hortalizas,ALBAHACA,,CTES.,ATADO,Primera,,INVERNAC,ARS,ARS/kg,detail,detail,2024-10,315.0,2,2,2,,,partial_period,official_publication_calendar_unverified,partial_unverified,median_observed_daily_prices,https://ssma.magyp.gob.ar/frutas.precios.aspx,2026-10-06T12:48:45.969986Z
mcba,MCBA,Hortalizas,ALCAUCIL,PROM.ESP.,,,,,,ARS,ARS/kg,species_summary,species_summary,2024-10,1458.33,2,2,2,,,partial_period,official_publication_calendar_unverified,partial_unverified,median_observed_daily_prices,https://ssma.magyp.gob.ar/frutas.precios.aspx,2026-10-06T12:48:45.969986Z
mcba,MCBA,Hortalizas,ALCAUCIL,VIOLETA,BS. AS.,TORO,Primera,MEDIANO,,ARS,ARS/kg,detail,detail,2024-10,1583.33,2,2,2,,,partial_period,official_publication_calendar_unverified,partial_unverified,median_observed_daily_prices,https://ssma.magyp.gob.ar/frutas.precios.aspx,2026-10-06T12:48:45.969986Z
mcba,MCBA,Hortalizas,ALCAUCIL,¥. FRANCES,BS. AS.,TORO,Primera,MEDIANO,,ARS,ARS/kg,detail,detail,2024-10,1333.33,2,2,2,,,partial_period,official_publication_calendar_unverified,partial_unverified,median_observed_daily_prices,https://ssma.magyp.gob.ar/frutas.precios.aspx,2026-10-06T12:48:45.969986Z
mcba,MCBA,Hortalizas,APIO,PROM.ESP.,,,,,,ARS,ARS/kg,species_summary,species_summary,2024-10,833.34,2,2,2,,,partial_period,official_publication_calendar_unverified,partial_unverified,median_observed_daily_prices,https://ssma.magyp.gob.ar/frutas.precios.aspx,2026-10-06T12:48:45.969986Z
mcba,MCBA,Hortalizas,APIO,,BS. AS.,TORO,Primera,GRANDE,INVERNAC,ARS,ARS/kg,detail,detail,2024-10,1000.0,2,2,2,,,partial_period,official_publication_calendar_unverified,partial_unverified,median_observed_daily_prices,https://ssma.magyp.gob.ar/frutas.precios.aspx,2026-10-06T12:48:45.969986Z
mcba,MCBA,Hortalizas,APIO,,BS. AS.,TORO,Primera,MEDIANO,INVERNAC,ARS,ARS/kg,detail,detail,2024-10,666.67,2,2,2,,,partial_period,official_publication_calendar_unverified,partial_unverified,median_observed_daily_prices,https://ssma.magyp.gob.ar/frutas.precios.aspx,2026-10-06T12:48:45.969986Z
mcba,MCBA,Hortalizas,ARVEJA,PROM.ESP.,,,,,,ARS,ARS/kg,species_summary,species_summary,2024-10,2000.0,2,2,2,,,partial_period,official_publication_calendar_unverified,partial_unverified,median_observed_daily_prices,https://ssma.magyp.gob.ar/frutas.precios.aspx,2026-10-06T12:48:45.969986Z
mcba,MCBA,Hortalizas,ARVEJA,,JUJUY,BOLSA,Primera,MEDIANO,,ARS,ARS/kg,detail,detail,2024-10,2250.0,2,2,2,,,partial_period,official_publication_calendar_unverified,partial_unverified,median_observed_daily_prices,https://ssma.magyp.gob.ar/frutas.precios.aspx,2026-10-06T12:48:45.969986Z
mcba,MCBA,Hortalizas,ARVEJA,,SAN JUAN,BOLSA,Primera,MEDIANO,,ARS,ARS/kg,detail,detail,2024-10,1750.0,2,2,2,,,partial_period,official_publication_calendar_unverified,partial_unverified,median_observed_daily_prices,https://ssma.magyp.gob.ar/frutas.precios.aspx,2026-10-06T12:48:45.969986Z
mcba,MCBA,Hortalizas,BATATA,ARAPEY,BRASIL,BOLSA,Primera,MEDIANO,,ARS,ARS/kg,detail,detail,2024-10,850.0,2,2,2,,,partial_period,official_publication_calendar_unverified,partial_unverified,median_observed_daily_prices,https://ssma.magyp.gob.ar/frutas.precios.aspx,2026-10-06T12:48:45.969986Z
mcba,MCBA,Hortalizas,BATATA,ARAPEY,CORDOBA,BOLSA,Primera,MEDIANO,,ARS,ARS/kg,detail,detail,2024-10,884.62,2,2,2,,,partial_period,official_publication_calendar_unverified,partial_unverified,median_observed_daily_prices,https://ssma.magyp.gob.ar/frutas.precios.aspx,2026-10-06T12:48:45.969986Z
mcba,MCBA,Hortalizas,BATATA,ARAPEY,FORMOSA,BOLSA,Primera,MEDIANO,,ARS,ARS/kg,detail,detail,2024-10,846.15,2,2,2,,,partial_period,official_publication_calendar_unverified,partial_unverified,median_observed_daily_prices,https://ssma.magyp.gob.ar/frutas.precios.aspx,2026-10-06T12:48:45.969986Z
mcba,MCBA,Hortalizas,BATATA,PROM.ESP.,,,,,,ARS,ARS/kg,species_summary,species_summary,2024-10,860.26,2,2,2,,,partial_period,official_publication_calendar_unverified,partial_unverified,median_observed_daily_prices,https://ssma.magyp.gob.ar/frutas.precios.aspx,2026-10-06T12:48:45.969986Z
mcba,MCBA,Hortalizas,BERENJENA,PROM.ESP.,,,,,,ARS,ARS/kg,species_summary,species_summary,2024-10,770.84,2,2,2,,,partial_period,official_publication_calendar_unverified,partial_unverified,median_observed_daily_prices,https://ssma.magyp.gob.ar/frutas.precios.aspx,2026-10-06T12:48:45.969986Z
mcba,MCBA,Hortalizas,BERENJENA,VTA.MED.LA,SALTA,PERDIDO,Primera,MEDIANO,INVERNAC,ARS,ARS/kg,detail,detail,2024-10,916.67,2,2,2,,,partial_period,official_publication_calendar_unverified,partial_unverified,median_observed_daily_prices,https://ssma.magyp.gob.ar/frutas.precios.aspx,2026-10-06T12:48:45.969986Z
mcba,MCBA,Hortalizas,BERENJENA,VTA.MED.LA,SALTA,TORO,Primera,MEDIANO,,ARS,ARS/kg,detail,detail,2024-10,625.0,2,2,2,,,partial_period,official_publication_calendar_unverified,partial_unverified,median_observed_daily_prices,https://ssma.magyp.gob.ar/frutas.precios.aspx,2026-10-06T12:48:45.969986Z
mcba,MCBA,Hortalizas,BERRO,PROM.ESP.,,,,,,ARS,ARS/kg,species_summary,species_summary,2024-10,1250.0,2,2,2,,,partial_period,official_publication_calendar_unverified,partial_unverified,median_observed_daily_prices,https://ssma.magyp.gob.ar/frutas.precios.aspx,2026-10-06T12:48:45.969986Z
mcba,MCBA,Hortalizas,BERRO,,BS. AS.,TORITO,Primera,,,ARS,ARS/kg,detail,detail,2024-10,1250.0,2,2,2,,,partial_period,official_publication_calendar_unverified,partial_unverified,median_observed_daily_prices,https://ssma.magyp.gob.ar/frutas.precios.aspx,2026-10-06T12:48:45.969986Z
mcba,MCBA,Hortalizas,BROCOLI,PROM.ESP.,,,,,,ARS,ARS/kg,species_summary,species_summary,2024-10,859.375,2,2,2,,,partial_period,official_publication_calendar_unverified,partial_unverified,median_observed_daily_prices,https://ssma.magyp.gob.ar/frutas.precios.aspx,2026-10-06T12:48:45.969986Z
mcba,MCBA,Hortalizas,BROCOLI,,BS. AS.,JAULA,Primera,MEDIANO,INVERNAC,ARS,ARS/kg,detail,detail,2024-10,1031.25,2,2,2,,,partial_period,official_publication_calendar_unverified,partial_unverified,median_observed_daily_prices,https://ssma.magyp.gob.ar/frutas.precios.aspx,2026-10-06T12:48:45.969986Z
mcba,MCBA,Hortalizas,BROCOLI,,BS. AS.,JAULA,Primera,MEDIANO,,ARS,ARS/kg,detail,detail,2024-10,687.5,2,2,2,,,partial_period,official_publication_calendar_unverified,partial_unverified,median_observed_daily_prices,https://ssma.magyp.gob.ar/frutas.precios.aspx,2026-10-06T12:48:45.969986Z
mcba,MCBA,Hortalizas,CARDO,PROM.ESP.,,,,,,ARS,ARS/kg,species_summary,species_summary,2024-10,460.0,2,2,2,,,partial_period,official_publication_calendar_unverified,partial_unverified,median_observed_daily_prices,https://ssma.magyp.gob.ar/frutas.precios.aspx,2026-10-06T12:48:45.969986Z
mcba,MCBA,Hortalizas,CARDO,,BS. AS.,ATADO,Primera,CHICO,,ARS,ARS/kg,detail,detail,2024-10,460.0,2,2,2,,,partial_period,official_publication_calendar_unverified,partial_unverified,median_observed_daily_prices,https://ssma.magyp.gob.ar/frutas.precios.aspx,2026-10-06T12:48:45.969986Z
mcba,MCBA,Hortalizas,CEB.VERDEO,COLORADA,BS. AS.,ATADO,Primera,MEDIANO,,ARS,ARS/kg,detail,detail,2024-10,2000.0,2,2,2,,,partial_period,official_publication_calendar_unverified,partial_unverified,median_observed_daily_prices,https://ssma.magyp.gob.ar/frutas.precios.aspx,2026-10-06T12:48:45.969986Z
mcba,MCBA,Hortalizas,CEB.VERDEO,COLORADA,BS. AS.,JAULA,Primera,MEDIANO,,ARS,ARS/kg,detail,detail,2024-10,1200.0,2,2,2,,,partial_period,official_publication_calendar_unverified,partial_unverified,median_observed_daily_prices,https://ssma.magyp.gob.ar/frutas.precios.aspx,2026-10-06T12:48:45.969986Z
mcba,MCBA,Hortalizas,CEB.VERDEO,PROM.ESP.,,,,,,ARS,ARS/kg,species_summary,species_summary,2024-10,1600.0,2,2,2,,,partial_period,official_publication_calendar_unverified,partial_unverified,median_observed_daily_prices,https://ssma.magyp.gob.ar/frutas.precios.aspx,2026-10-06T12:48:45.969986Z
mcba,MCBA,Hortalizas,CEBOLLA,COLORADA,BRASIL,BOLSA,Primera,MEDIANO,,ARS,ARS/kg,detail,detail,2024-10,850.0,2,2,2,,,partial_period,official_publication_calendar_unverified,partial_unverified,median_observed_daily_prices,https://ssma.magyp.gob.ar/frutas.precios.aspx,2026-10-06T12:48:45.969986Z
mcba,MCBA,Hortalizas,CEBOLLA,OPTIMA,BRASIL,BOLSA,Primera,MEDIANO,,ARS,ARS/kg,detail,detail,2024-10,675.0,2,2,2,,,partial_period,official_publication_calendar_unverified,partial_unverified,median_observed_daily_prices,https://ssma.magyp.gob.ar/frutas.precios.aspx,2026-10-06T12:48:45.969986Z
mcba,MCBA,Hortalizas,CEBOLLA,PROM.ESP.,,,,,,ARS,ARS/kg,species_summary,species_summary,2024-10,586.665,2,2,2,,,partial_period,official_publication_calendar_unverified,partial_unverified,median_observed_daily_prices,https://ssma.magyp.gob.ar/frutas.precios.aspx,2026-10-06T12:48:45.969986Z
mcba,MCBA,Hortalizas,CEBOLLA,VALENCIANI,SALTA,BOLSA,Segunda,MEDIANO,,ARS,ARS/kg,detail,detail,2024-10,457.5,2,2,2,,,partial_period,official_publication_calendar_unverified,partial_unverified,median_observed_daily_prices,https://ssma.magyp.gob.ar/frutas.precios.aspx,2026-10-06T12:48:45.969986Z
mcba,MCBA,Hortalizas,CEBOLLA,VALENCIANI,SAN JUAN,BOLSA,Primera,MEDIANO,,ARS,ARS/kg,detail,detail,2024-10,612.5,2,2,2,,,partial_period,official_publication_calendar_unverified,partial_unverified,median_observed_daily_prices,https://ssma.magyp.gob.ar/frutas.precios.aspx,2026-10-06T12:48:45.969986Z
mcba,MCBA,Hortalizas,CEBOLLA,VALENCIANI,SGO.EST.,BOLSA,Primera,MEDIANO,,ARS,ARS/kg,detail,detail,2024-10,487.5,2,2,2,,,partial_period,official_publication_calendar_unverified,partial_unverified,median_observed_daily_prices,https://ssma.magyp.gob.ar/frutas.precios.aspx,2026-10-06T12:48:45.969986Z
mcba,MCBA,Hortalizas,CEBOLLA,VALENCIANI,SGO.EST.,BOLSA,Segunda,MEDIANO,,ARS,ARS/kg,detail,detail,2024-10,437.5,2,2,2,,,partial_period,official_publication_calendar_unverified,partial_unverified,median_observed_daily_prices,https://ssma.magyp.gob.ar/frutas.precios.aspx,2026-10-06T12:48:45.969986Z
mcba,MCBA,Hortalizas,CHAUCHA,PROM.ESP.,,,,,,ARS,ARS/kg,species_summary,species_summary,2024-10,1805.555,2,2,2,,,partial_period,official_publication_calendar_unverified,partial_unverified,median_observed_daily_prices,https://ssma.magyp.gob.ar/frutas.precios.aspx,2026-10-06T12:48:45.969986Z
mcba,MCBA,Hortalizas,CHAUCHA,ROLLIZA,BS. AS.,TORITO,Primera,MEDIANO,,ARS,ARS/kg,detail,detail,2024-10,2750.0,2,2,2,,,partial_period,official_publication_calendar_unverified,partial_unverified,median_observed_daily_prices,https://ssma.magyp.gob.ar/frutas.precios.aspx,2026-10-06T12:48:45.969986Z
mcba,MCBA,Hortalizas,CHAUCHA,ROLLIZA,SALTA,TORO,Primera,MEDIANO,,ARS,ARS/kg,detail,detail,2024-10,1916.67,2,2,2,,,partial_period,official_publication_calendar_unverified,partial_unverified,median_observed_daily_prices,https://ssma.magyp.gob.ar/frutas.precios.aspx,2026-10-06T12:48:45.969986Z
mcba,MCBA,Hortalizas,CHAUCHA,ROLLIZA,SALTA,TORO,Segunda,MEDIANO,,ARS,ARS/kg,detail,detail,2024-10,750.0,2,2,2,,,partial_period,official_publication_calendar_unverified,partial_unverified,median_observed_daily_prices,https://ssma.magyp.gob.ar/frutas.precios.aspx,2026-10-06T12:48:45.969986Z
mcba,MCBA,Hortalizas,CHOCLO,AMARILLO,SALTA,BOLSA,Segunda,MEDIANO,,ARS,ARS/kg,detail,detail,2024-10,626.665,2,2,2,,,partial_period,official_publication_calendar_unverified,partial_unverified,median_observed_daily_prices,https://ssma.magyp.gob.ar/frutas.precios.aspx,2026-10-06T12:48:45.969986Z
mcba,MCBA,Hortalizas,CHOCLO,AMARILLO,SALTA,PERDIDO,Primera,MEDIANO,PRE-ENFR,ARS,ARS/kg,detail,detail,2024-10,833.335,2,2,2,,,partial_period,official_publication_calendar_unverified,partial_unverified,median_observed_daily_prices,https://ssma.magyp.gob.ar/frutas.precios.aspx,2026-10-06T12:48:45.969986Z
mcba,MCBA,Hortalizas,CHOCLO,PROM.ESP.,,,,,,ARS,ARS/kg,species_summary,species_summary,2024-10,730.0,2,2,2,,,partial_period,official_publication_calendar_unverified,partial_unverified,median_observed_daily_prices,https://ssma.magyp.gob.ar/frutas.precios.aspx,2026-10-06T12:48:45.969986Z
mcba,MCBA,Hortalizas,CIBOULLE,PROM.ESP.,,,,,,ARS,ARS/kg,species_summary,species_summary,2024-10,6800.0,2,2,2,,,partial_period,official_publication_calendar_unverified,partial_unverified,median_observed_daily_prices,https://ssma.magyp.gob.ar/frutas.precios.aspx,2026-10-06T12:48:45.969986Z
mcba,MCBA,Hortalizas,CIBOULLE,,BS. AS.,ATADO,Primera,MEDIANO,,ARS,ARS/kg,detail,detail,2024-10,6800.0,2,2,2,,,partial_period,official_publication_calendar_unverified,partial_unverified,median_observed_daily_prices,https://ssma.magyp.gob.ar/frutas.precios.aspx,2026-10-06T12:48:45.969986Z
mcba,MCBA,Hortalizas,COLIFLOR,PROM.ESP.,,,,,,ARS,ARS/kg,species_summary,species_summary,2024-10,433.33,2,2,2,,,partial_period,official_publication_calendar_unverified,partial_unverified,median_observed_daily_prices,https://ssma.magyp.gob.ar/frutas.precios.aspx,2026-10-06T12:48:45.969986Z
mcba,MCBA,Hortalizas,COLIFLOR,,BS. AS.,JAULA,Primera,MEDIANO,,ARS,ARS/kg,detail,detail,2024-10,433.33,2,2,2,,,partial_period,official_publication_calendar_unverified,partial_unverified,median_observed_daily_prices,https://ssma.magyp.gob.ar/frutas.precios.aspx,2026-10-06T12:48:45.969986Z
mcba,MCBA,Hortalizas,CURCUMA,PROM.ESP.,,,,,,ARS,ARS/kg,species_summary,species_summary,2024-10,5200.0,2,2,2,,,partial_period,official_publication_calendar_unverified,partial_unverified,median_observed_daily_prices,https://ssma.magyp.gob.ar/frutas.precios.aspx,2026-10-06T12:48:45.969986Z
mcba,MCBA,Hortalizas,CURCUMA,SIN VARIED,BRASIL,CAJA,Primera,MEDIANO,,ARS,ARS/kg,detail,detail,2024-10,5200.0,2,2,2,,,partial_period,official_publication_calendar_unverified,partial_unverified,median_observed_daily_prices,https://ssma.magyp.gob.ar/frutas.precios.aspx,2026-10-06T12:48:45.969986Z
mcba,MCBA,Hortalizas,ENDIBIA,PROM.ESP.,,,,,,ARS,ARS/kg,species_summary,species_summary,2024-10,6500.0,2,2,2,,,partial_period,official_publication_calendar_unverified,partial_unverified,median_observed_daily_prices,https://ssma.magyp.gob.ar/frutas.precios.aspx,2026-10-06T12:48:45.969986Z
mcba,MCBA,Hortalizas,ENDIBIA,,BS. AS.,BANDEJA,Primera,MEDIANO,,ARS,ARS/kg,detail,detail,2024-10,6500.0,2,2,2,,,partial_period,official_publication_calendar_unverified,partial_unverified,median_observed_daily_prices,https://ssma.magyp.gob.ar/frutas.precios.aspx,2026-10-06T12:48:45.969986Z
mcba,MCBA,Hortalizas,ESCAROLA,HOJA ANCHA,BS. AS.,TORITO,Primera,,,ARS,ARS/kg,detail,detail,2024-10,700.0,2,2,2,,,partial_period,official_publication_calendar_unverified,partial_unverified,median_observed_daily_prices,https://ssma.magyp.gob.ar/frutas.precios.aspx,2026-10-06T12:48:45.969986Z
mcba,MCBA,Hortalizas,ESCAROLA,HOJA FINA,BS. AS.,TORITO,Primera,,,ARS,ARS/kg,detail,detail,2024-10,830.0,2,2,2,,,partial_period,official_publication_calendar_unverified,partial_unverified,median_observed_daily_prices,https://ssma.magyp.gob.ar/frutas.precios.aspx,2026-10-06T12:48:45.969986Z
mcba,MCBA,Hortalizas,ESCAROLA,PROM.ESP.,,,,,,ARS,ARS/kg,species_summary,species_summary,2024-10,765.0,2,2,2,,,partial_period,official_publication_calendar_unverified,partial_unverified,median_observed_daily_prices,https://ssma.magyp.gob.ar/frutas.precios.aspx,2026-10-06T12:48:45.969986Z
mcba,MCBA,Hortalizas,ESPARRAGO,PROM.ESP.,,,,,,ARS,ARS/kg,species_summary,species_summary,2024-10,1213.75,2,2,2,,,partial_period,official_publication_calendar_unverified,partial_unverified,median_observed_daily_prices,https://ssma.magyp.gob.ar/frutas.precios.aspx,2026-10-06T12:48:45.969986Z
mcba,MCBA,Hortalizas,ESPARRAGO,VERDE,BS. AS.,ATADO,Primera,MEDIANO,,ARS,ARS/kg,detail,detail,2024-10,1900.0,1,1,1,,,partial_period,official_publication_calendar_unverified,partial_unverified,median_observed_daily_prices,https://ssma.magyp.gob.ar/frutas.precios.aspx,2026-10-06T12:48:45.969986Z
mcba,MCBA,Hortalizas,ESPARRAGO,VERDE,CORDOBA,ATADO,Primera,MEDIANO,,ARS,ARS/kg,detail,detail,2024-10,1300.0,2,2,2,,,partial_period,official_publication_calendar_unverified,partial_unverified,median_observed_daily_prices,https://ssma.magyp.gob.ar/frutas.precios.aspx,2026-10-06T12:48:45.969986Z
mcba,MCBA,Hortalizas,ESPARRAGO,VERDE,SAN JUAN,ATADO,Primera,CHICO,,ARS,ARS/kg,detail,detail,2024-10,850.0,2,2,2,,,partial_period,official_publication_calendar_unverified,partial_unverified,median_observed_daily_prices,https://ssma.magyp.gob.ar/frutas.precios.aspx,2026-10-06T12:48:45.969986Z
mcba,MCBA,Hortalizas,ESPARRAGO,VERDE,SAN JUAN,ATADO,Primera,GRANDE,,ARS,ARS/kg,detail,detail,2024-10,1400.0,2,2,2,,,partial_period,official_publication_calendar_unverified,partial_unverified,median_observed_daily_prices,https://ssma.magyp.gob.ar/frutas.precios.aspx,2026-10-06T12:48:45.969986Z
mcba,MCBA,Hortalizas,ESPARRAGO,VERDE,SAN JUAN,ATADO,Primera,MEDIANO,,ARS,ARS/kg,detail,detail,2024-10,1000.0,2,2,2,,,partial_period,official_publication_calendar_unverified,partial_unverified,median_observed_daily_prices,https://ssma.magyp.gob.ar/frutas.precios.aspx,2026-10-06T12:48:45.969986Z
mcba,MCBA,Hortalizas,ESPINACA,PROM.ESP.,,,,,,ARS,ARS/kg,species_summary,species_summary,2024-10,700.0,2,2,2,,,partial_period,official_publication_calendar_unverified,partial_unverified,median_observed_daily_prices,https://ssma.magyp.gob.ar/frutas.precios.aspx,2026-10-06T12:48:45.969986Z
mcba,MCBA,Hortalizas,ESPINACA,,BS. AS.,JAULA,Primera,,INVERNAC,ARS,ARS/kg,detail,detail,2024-10,900.0,2,2,2,,,partial_period,official_publication_calendar_unverified,partial_unverified,median_observed_daily_prices,https://ssma.magyp.gob.ar/frutas.precios.aspx,2026-10-06T12:48:45.969986Z
mcba,MCBA,Hortalizas,ESPINACA,,BS. AS.,JAULA,Primera,,,ARS,ARS/kg,detail,detail,2024-10,500.0,2,2,2,,,partial_period,official_publication_calendar_unverified,partial_unverified,median_observed_daily_prices,https://ssma.magyp.gob.ar/frutas.precios.aspx,2026-10-06T12:48:45.969986Z
mcba,MCBA,Hortalizas,HINOJO,PROM.ESP.,,,,,,ARS,ARS/kg,species_summary,species_summary,2024-10,933.33,2,2,2,,,partial_period,official_publication_calendar_unverified,partial_unverified,median_observed_daily_prices,https://ssma.magyp.gob.ar/frutas.precios.aspx,2026-10-06T12:48:45.969986Z
mcba,MCBA,Hortalizas,HINOJO,,BS. AS.,JAULA,Primera,MEDIANO,,ARS,ARS/kg,detail,detail,2024-10,1133.33,2,2,2,,,partial_period,official_publication_calendar_unverified,partial_unverified,median_observed_daily_prices,https://ssma.magyp.gob.ar/frutas.precios.aspx,2026-10-06T12:48:45.969986Z
mcba,MCBA,Hortalizas,HINOJO,,BS. AS.,JAULA,Segunda,MEDIANO,,ARS,ARS/kg,detail,detail,2024-10,733.33,2,2,2,,,partial_period,official_publication_calendar_unverified,partial_unverified,median_observed_daily_prices,https://ssma.magyp.gob.ar/frutas.precios.aspx,2026-10-06T12:48:45.969986Z
mcba,MCBA,Hortalizas,HONGOS,AGARICUS,BS. AS.,BOLSA,Primera,,,ARS,ARS/kg,detail,detail,2024-10,10000.0,2,2,2,,,partial_period,official_publication_calendar_unverified,partial_unverified,median_observed_daily_prices,https://ssma.magyp.gob.ar/frutas.precios.aspx,2026-10-06T12:48:45.969986Z
mcba,MCBA,Hortalizas,HONGOS,AGARICUS,BS. AS.,BOLSA,Segunda,SIN TAM,,ARS,ARS/kg,detail,detail,2024-10,8500.0,2,2,2,,,partial_period,official_publication_calendar_unverified,partial_unverified,median_observed_daily_prices,https://ssma.magyp.gob.ar/frutas.precios.aspx,2026-10-06T12:48:45.969986Z
mcba,MCBA,Hortalizas,HONGOS,OYSTER,BS. AS.,BANDEJA,Primera,,,ARS,ARS/kg,detail,detail,2024-10,10000.0,2,2,2,,,partial_period,official_publication_calendar_unverified,partial_unverified,median_observed_daily_prices,https://ssma.magyp.gob.ar/frutas.precios.aspx,2026-10-06T12:48:45.969986Z
mcba,MCBA,Hortalizas,HONGOS,PORTOBELO,BS. AS.,BOLSA,Primera,,,ARS,ARS/kg,detail,detail,2024-10,12000.0,2,2,2,,,partial_period,official_publication_calendar_unverified,partial_unverified,median_observed_daily_prices,https://ssma.magyp.gob.ar/frutas.precios.aspx,2026-10-06T12:48:45.969986Z
mcba,MCBA,Hortalizas,HONGOS,PROM.ESP.,,,,,,ARS,ARS/kg,species_summary,species_summary,2024-10,10125.0,2,2,2,,,partial_period,official_publication_calendar_unverified,partial_unverified,median_observed_daily_prices,https://ssma.magyp.gob.ar/frutas.precios.aspx,2026-10-06T12:48:45.969986Z
mcba,MCBA,Hortalizas,JENGIBRE,PROM.ESP.,,,,,,ARS,ARS/kg,species_summary,species_summary,2024-10,3000.0,2,2,2,,,partial_period,official_publication_calendar_unverified,partial_unverified,median_observed_daily_prices,https://ssma.magyp.gob.ar/frutas.precios.aspx,2026-10-06T12:48:45.969986Z
mcba,MCBA,Hortalizas,JENGIBRE,,BRASIL,BOLSA,Primera,MEDIANO,,ARS,ARS/kg,detail,detail,2024-10,3000.0,2,2,2,,,partial_period,official_publication_calendar_unverified,partial_unverified,median_observed_daily_prices,https://ssma.magyp.gob.ar/frutas.precios.aspx,2026-10-06T12:48:45.969986Z
mcba,MCBA,Hortalizas,KALE,CRESPO,BS. AS.,ATADO,Primera,SIN TAM,VERDE,ARS,ARS/kg,detail,detail,2024-10,250.0,2,2,2,,,partial_period,official_publication_calendar_unverified,partial_unverified,median_observed_daily_prices,https://ssma.magyp.gob.ar/frutas.precios.aspx,2026-10-06T12:48:45.969986Z
mcba,MCBA,Hortalizas,KALE,PROM.ESP.,,,,,,ARS,ARS/kg,species_summary,species_summary,2024-10,250.0,2,2,2,,,partial_period,official_publication_calendar_unverified,partial_unverified,median_observed_daily_prices,https://ssma.magyp.gob.ar/frutas.precios.aspx,2026-10-06T12:48:45.969986Z
mcba,MCBA,Hortalizas,LECHUGA,CAPUCHINA,BS. AS.,JAULA,Primera,MEDIANO,,ARS,ARS/kg,detail,detail,2024-10,770.835,2,2,2,,,partial_period,official_publication_calendar_unverified,partial_unverified,median_observed_daily_prices,https://ssma.magyp.gob.ar/frutas.precios.aspx,2026-10-06T12:48:45.969986Z
mcba,MCBA,Hortalizas,LECHUGA,CAPUCHINA,MENDOZA,JAULA,Primera,MEDIANO,,ARS,ARS/kg,detail,detail,2024-10,779.165,2,2,2,,,partial_period,official_publication_calendar_unverified,partial_unverified,median_observed_daily_prices,https://ssma.magyp.gob.ar/frutas.precios.aspx,2026-10-06T12:48:45.969986Z
mcba,MCBA,Hortalizas,LECHUGA,CAPUCHINA,SANTA FE,JAULA,Primera,MEDIANO,,ARS,ARS/kg,detail,detail,2024-10,825.0,2,2,2,,,partial_period,official_publication_calendar_unverified,partial_unverified,median_observed_daily_prices,https://ssma.magyp.gob.ar/frutas.precios.aspx,2026-10-06T12:48:45.969986Z
mcba,MCBA,Hortalizas,LECHUGA,CRIOLLA,BS. AS.,JAULA,Primera,GRANDE,INVERNAC,ARS,ARS/kg,detail,detail,2024-10,643.75,2,2,2,,,partial_period,official_publication_calendar_unverified,partial_unverified,median_observed_daily_prices,https://ssma.magyp.gob.ar/frutas.precios.aspx,2026-10-06T12:48:45.969986Z
mcba,MCBA,Hortalizas,LECHUGA,CRIOLLA,BS. AS.,JAULA,Primera,MEDIANO,INVERNAC,ARS,ARS/kg,detail,detail,2024-10,437.5,2,2,2,,,partial_period,official_publication_calendar_unverified,partial_unverified,median_observed_daily_prices,https://ssma.magyp.gob.ar/frutas.precios.aspx,2026-10-06T12:48:45.969986Z
mcba,MCBA,Hortalizas,LECHUGA,CRIOLLA,BS. AS.,JAULA,Primera,MEDIANO,,ARS,ARS/kg,detail,detail,2024-10,375.0,2,2,2,,,partial_period,official_publication_calendar_unverified,partial_unverified,median_observed_daily_prices,https://ssma.magyp.gob.ar/frutas.precios.aspx,2026-10-06T12:48:45.969986Z
mcba,MCBA,Hortalizas,LECHUGA,CRIOLLA,SANTA FE,JAULA,Primera,MEDIANO,,ARS,ARS/kg,detail,detail,2024-10,850.0,2,2,2,,,partial_period,official_publication_calendar_unverified,partial_unverified,median_observed_daily_prices,https://ssma.magyp.gob.ar/frutas.precios.aspx,2026-10-06T12:48:45.969986Z
mcba,MCBA,Hortalizas,LECHUGA,MANTECOSA,BS. AS.,JAULA,Primera,MEDIANO,INVERNAC,ARS,ARS/kg,detail,detail,2024-10,800.0,2,2,2,,,partial_period,official_publication_calendar_unverified,partial_unverified,median_observed_daily_prices,https://ssma.magyp.gob.ar/frutas.precios.aspx,2026-10-06T12:48:45.969986Z
mcba,MCBA,Hortalizas,LECHUGA,PROM.ESP.,,,,,,ARS,ARS/kg,species_summary,species_summary,2024-10,685.155,2,2,2,,,partial_period,official_publication_calendar_unverified,partial_unverified,median_observed_daily_prices,https://ssma.magyp.gob.ar/frutas.precios.aspx,2026-10-06T12:48:45.969986Z
mcba,MCBA,Hortalizas,MANDIOCA,PROM.ESP.,,,,,,ARS,ARS/kg,species_summary,species_summary,2024-10,218.75,2,2,2,,,partial_period,official_publication_calendar_unverified,partial_unverified,median_observed_daily_prices,https://ssma.magyp.gob.ar/frutas.precios.aspx,2026-10-06T12:48:45.969986Z
mcba,MCBA,Hortalizas,MANDIOCA,,MISIONES,BOLSA,Primera,GRANDE,,ARS,ARS/kg,detail,detail,2024-10,218.75,2,2,2,,,partial_period,official_publication_calendar_unverified,partial_unverified,median_observed_daily_prices,https://ssma.magyp.gob.ar/frutas.precios.aspx,2026-10-06T12:48:45.969986Z
mcba,MCBA,Hortalizas,NABIZA,PROM.ESP.,,,,,,ARS,ARS/kg,species_summary,species_summary,2024-10,700.0,2,2,2,,,partial_period,official_publication_calendar_unverified,partial_unverified,median_observed_daily_prices,https://ssma.magyp.gob.ar/frutas.precios.aspx,2026-10-06T12:48:45.969986Z
mcba,MCBA,Hortalizas,NABIZA,,BS. AS.,TORITO,Primera,,,ARS,ARS/kg,detail,detail,2024-10,700.0,2,2,2,,,partial_period,official_publication_calendar_unverified,partial_unverified,median_observed_daily_prices,https://ssma.magyp.gob.ar/frutas.precios.aspx,2026-10-06T12:48:45.969986Z
mcba,MCBA,Hortalizas,NABO,BLANCO,BS. AS.,ATADO,Primera,MEDIANO,,ARS,ARS/kg,detail,detail,2024-10,1266.67,2,2,2,,,partial_period,official_publication_calendar_unverified,partial_unverified,median_observed_daily_prices,https://ssma.magyp.gob.ar/frutas.precios.aspx,2026-10-06T12:48:45.969986Z
mcba,MCBA,Hortalizas,NABO,PROM.ESP.,,,,,,ARS,ARS/kg,species_summary,species_summary,2024-10,1266.67,2,2,2,,,partial_period,official_publication_calendar_unverified,partial_unverified,median_observed_daily_prices,https://ssma.magyp.gob.ar/frutas.precios.aspx,2026-10-06T12:48:45.969986Z
mcba,MCBA,Hortalizas,OREGANO,PROM.ESP.,,,,,,ARS,ARS/kg,species_summary,species_summary,2024-10,8200.0,2,2,2,,,partial_period,official_publication_calendar_unverified,partial_unverified,median_observed_daily_prices,https://ssma.magyp.gob.ar/frutas.precios.aspx,2026-10-06T12:48:45.969986Z
mcba,MCBA,Hortalizas,OREGANO,,BS. AS.,ATADO,Primera,MEDIANO,,ARS,ARS/kg,detail,detail,2024-10,8200.0,2,2,2,,,partial_period,official_publication_calendar_unverified,partial_unverified,median_observed_daily_prices,https://ssma.magyp.gob.ar/frutas.precios.aspx,2026-10-06T12:48:45.969986Z
mcba,MCBA,Hortalizas,PACK CHOY,PROM.ESP.,,,,,,ARS,ARS/kg,species_summary,species_summary,2024-10,1766.67,2,2,2,,,partial_period,official_publication_calendar_unverified,partial_unverified,median_observed_daily_prices,https://ssma.magyp.gob.ar/frutas.precios.aspx,2026-10-06T12:48:45.969986Z
mcba,MCBA,Hortalizas,PACK CHOY,,BS. AS.,BANDEJA,Primera,,,ARS,ARS/kg,detail,detail,2024-10,1766.67,2,2,2,,,partial_period,official_publication_calendar_unverified,partial_unverified,median_observed_daily_prices,https://ssma.magyp.gob.ar/frutas.precios.aspx,2026-10-06T12:48:45.969986Z
mcba,MCBA,Hortalizas,PAPA,AGATA,BRASIL,BOLSA,Primera,CHICO,LAVADA,ARS,ARS/kg,detail,detail,2024-10,1980.0,2,2,2,,,partial_period,official_publication_calendar_unverified,partial_unverified,median_observed_daily_prices,https://ssma.magyp.gob.ar/frutas.precios.aspx,2026-10-06T12:48:45.969986Z
mcba,MCBA,Hortalizas,PAPA,ASTERIX,CORDOBA,BOLSA,Primera,MEDIANO,LAVADA,ARS,ARS/kg,detail,detail,2024-10,800.0,2,2,2,,,partial_period,official_publication_calendar_unverified,partial_unverified,median_observed_daily_prices,https://ssma.magyp.gob.ar/frutas.precios.aspx,2026-10-06T12:48:45.969986Z
mcba,MCBA,Hortalizas,PAPA,DAIFLA,SAN LUIS,BOLSA,Primera,MEDIANO,LAVADA,ARS,ARS/kg,detail,detail,2024-10,975.0,2,2,2,,,partial_period,official_publication_calendar_unverified,partial_unverified,median_observed_daily_prices,https://ssma.magyp.gob.ar/frutas.precios.aspx,2026-10-06T12:48:45.969986Z
mcba,MCBA,Hortalizas,PAPA,DAISY,SAN LUIS,BOLSA,Primera,MEDIANO,LAVADA,ARS,ARS/kg,detail,detail,2024-10,1000.0,2,2,2,,,partial_period,official_publication_calendar_unverified,partial_unverified,median_observed_daily_prices,https://ssma.magyp.gob.ar/frutas.precios.aspx,2026-10-06T12:48:45.969986Z
mcba,MCBA,Hortalizas,PAPA,PROM.ESP.,,,,,,ARS,ARS/kg,species_summary,species_summary,2024-10,901.21,2,2,2,,,partial_period,official_publication_calendar_unverified,partial_unverified,median_observed_daily_prices,https://ssma.magyp.gob.ar/frutas.precios.aspx,2026-10-06T12:48:45.969986Z
mcba,MCBA,Hortalizas,PAPA,SAGITTA,SAN LUIS,BOLSA,Primera,MEDIANO,LAVADA,ARS,ARS/kg,detail,detail,2024-10,1050.0,2,2,2,,,partial_period,official_publication_calendar_unverified,partial_unverified,median_observed_daily_prices,https://ssma.magyp.gob.ar/frutas.precios.aspx,2026-10-06T12:48:45.969986Z
mcba,MCBA,Hortalizas,PAPA,SPUNTA,CORDOBA,BOLSA,Segunda,MEDIANO,,ARS,ARS/kg,detail,detail,2024-10,680.5550000000001,2,2,2,,,partial_period,official_publication_calendar_unverified,partial_unverified,median_observed_daily_prices,https://ssma.magyp.gob.ar/frutas.precios.aspx,2026-10-06T12:48:45.969986Z
mcba,MCBA,Hortalizas,PAPA,SPUNTA,SE BS.AS,BOLSA,Segunda,MEDIANO,CEPILLAD,ARS,ARS/kg,detail,detail,2024-10,611.11,2,2,2,,,partial_period,official_publication_calendar_unverified,partial_unverified,median_observed_daily_prices,https://ssma.magyp.gob.ar/frutas.precios.aspx,2026-10-06T12:48:45.969986Z
mcba,MCBA,Hortalizas,PAPA,SPUNTA,SE BS.AS,BOLSA,Segunda,MEDIANO,,ARS,ARS/kg,detail,detail,2024-10,450.0,2,2,2,,,partial_period,official_publication_calendar_unverified,partial_unverified,median_observed_daily_prices,https://ssma.magyp.gob.ar/frutas.precios.aspx,2026-10-06T12:48:45.969986Z
mcba,MCBA,Hortalizas,PAPA,SPUNTA,TUCUMAN,BOLSA,Segunda,MEDIANO,,ARS,ARS/kg,detail,detail,2024-10,722.22,2,2,2,,,partial_period,official_publication_calendar_unverified,partial_unverified,median_observed_daily_prices,https://ssma.magyp.gob.ar/frutas.precios.aspx,2026-10-06T12:48:45.969986Z
mcba,MCBA,Hortalizas,PAPA,SPUNTA,V.DOLOR.,BOLSA,Segunda,MEDIANO,,ARS,ARS/kg,detail,detail,2024-10,694.44,2,2,2,,,partial_period,official_publication_calendar_unverified,partial_unverified,median_observed_daily_prices,https://ssma.magyp.gob.ar/frutas.precios.aspx,2026-10-06T12:48:45.969986Z
mcba,MCBA,Hortalizas,PAPA,YONA,SAN LUIS,BOLSA,Primera,MEDIANO,LAVADA,ARS,ARS/kg,detail,detail,2024-10,950.0,2,2,2,,,partial_period,official_publication_calendar_unverified,partial_unverified,median_observed_daily_prices,https://ssma.magyp.gob.ar/frutas.precios.aspx,2026-10-06T12:48:45.969986Z
mcba,MCBA,Hortalizas,PEPINO,PROM.ESP.,,,,,,ARS,ARS/kg,species_summary,species_summary,2024-10,972.22,2,2,2,,,partial_period,official_publication_calendar_unverified,partial_unverified,median_observed_daily_prices,https://ssma.magyp.gob.ar/frutas.precios.aspx,2026-10-06T12:48:45.969986Z
mcba,MCBA,Hortalizas,PEPINO,,BS. AS.,TORITO,Primera,MEDIANO,,ARS,ARS/kg,detail,detail,2024-10,1166.67,2,2,2,,,partial_period,official_publication_calendar_unverified,partial_unverified,median_observed_daily_prices,https://ssma.magyp.gob.ar/frutas.precios.aspx,2026-10-06T12:48:45.969986Z
mcba,MCBA,Hortalizas,PEPINO,,CTES.,PERDIDO,Primera,MEDIANO,,ARS,ARS/kg,detail,detail,2024-10,1000.0,2,2,2,,,partial_period,official_publication_calendar_unverified,partial_unverified,median_observed_daily_prices,https://ssma.magyp.gob.ar/frutas.precios.aspx,2026-10-06T12:48:45.969986Z
mcba,MCBA,Hortalizas,PEPINO,,SALTA,TORO,Primera,MEDIANO,,ARS,ARS/kg,detail,detail,2024-10,750.0,2,2,2,,,partial_period,official_publication_calendar_unverified,partial_unverified,median_observed_daily_prices,https://ssma.magyp.gob.ar/frutas.precios.aspx,2026-10-06T12:48:45.969986Z
mcba,MCBA,Hortalizas,PEREJIL,PROM.ESP.,,,,,,ARS,ARS/kg,species_summary,species_summary,2024-10,1450.0,2,2,2,,,partial_period,official_publication_calendar_unverified,partial_unverified,median_observed_daily_prices,https://ssma.magyp.gob.ar/frutas.precios.aspx,2026-10-06T12:48:45.969986Z
mcba,MCBA,Hortalizas,PEREJIL,,BS. AS.,JAULA,Primera,GRANDE,INVERNAC,ARS,ARS/kg,detail,detail,2024-10,1700.0,2,2,2,,,partial_period,official_publication_calendar_unverified,partial_unverified,median_observed_daily_prices,https://ssma.magyp.gob.ar/frutas.precios.aspx,2026-10-06T12:48:45.969986Z
mcba,MCBA,Hortalizas,PEREJIL,,BS. AS.,JAULA,Primera,MEDIANO,,ARS,ARS/kg,detail,detail,2024-10,1200.0,2,2,2,,,partial_period,official_publication_calendar_unverified,partial_unverified,median_observed_daily_prices,https://ssma.magyp.gob.ar/frutas.precios.aspx,2026-10-06T12:48:45.969986Z
mcba,MCBA,Hortalizas,PIMIENTO,JALAPE¥O,CTES.,BANDEJA,Primera,MEDIANO,ROJO/INV,ARS,ARS/kg,detail,detail,2024-10,4750.0,2,2,2,,,partial_period,official_publication_calendar_unverified,partial_unverified,median_observed_daily_prices,https://ssma.magyp.gob.ar/frutas.precios.aspx,2026-10-06T12:48:45.969986Z
mcba,MCBA,Hortalizas,PIMIENTO,MORRON,CTES.,PERDIDO,Primera,GRANDE,ROJO/INV,ARS,ARS/kg,detail,detail,2024-10,2437.5,2,2,2,,,partial_period,official_publication_calendar_unverified,partial_unverified,median_observed_daily_prices,https://ssma.magyp.gob.ar/frutas.precios.aspx,2026-10-06T12:48:45.969986Z
mcba,MCBA,Hortalizas,PIMIENTO,MORRON,CTES.,PERDIDO,Primera,GRANDE,VDE/INV,ARS,ARS/kg,detail,detail,2024-10,2093.75,2,2,2,,,partial_period,official_publication_calendar_unverified,partial_unverified,median_observed_daily_prices,https://ssma.magyp.gob.ar/frutas.precios.aspx,2026-10-06T12:48:45.969986Z
mcba,MCBA,Hortalizas,PIMIENTO,MORRON,CTES.,PERDIDO,Primera,MEDIANO,ROJO/INV,ARS,ARS/kg,detail,detail,2024-10,2000.0,2,2,2,,,partial_period,official_publication_calendar_unverified,partial_unverified,median_observed_daily_prices,https://ssma.magyp.gob.ar/frutas.precios.aspx,2026-10-06T12:48:45.969986Z
mcba,MCBA,Hortalizas,PIMIENTO,MORRON,CTES.,PERDIDO,Primera,MEDIANO,VDE/INV,ARS,ARS/kg,detail,detail,2024-10,1375.0,2,2,2,,,partial_period,official_publication_calendar_unverified,partial_unverified,median_observed_daily_prices,https://ssma.magyp.gob.ar/frutas.precios.aspx,2026-10-06T12:48:45.969986Z
mcba,MCBA,Hortalizas,PIMIENTO,MORRON,SALTA,PERDIDO,Primera,GRANDE,ROJO/INV,ARS,ARS/kg,detail,detail,2024-10,2437.5,2,2,2,,,partial_period,official_publication_calendar_unverified,partial_unverified,median_observed_daily_prices,https://ssma.magyp.gob.ar/frutas.precios.aspx,2026-10-06T12:48:45.969986Z
mcba,MCBA,Hortalizas,PIMIENTO,MORRON,SALTA,PERDIDO,Primera,GRANDE,VDE/INV,ARS,ARS/kg,detail,detail,2024-10,1875.0,2,2,2,,,partial_period,official_publication_calendar_unverified,partial_unverified,median_observed_daily_prices,https://ssma.magyp.gob.ar/frutas.precios.aspx,2026-10-06T12:48:45.969986Z
mcba,MCBA,Hortalizas,PIMIENTO,MORRON,SALTA,PERDIDO,Primera,MEDIANO,ROJO/INV,ARS,ARS/kg,detail,detail,2024-10,2000.0,2,2,2,,,partial_period,official_publication_calendar_unverified,partial_unverified,median_observed_daily_prices,https://ssma.magyp.gob.ar/frutas.precios.aspx,2026-10-06T12:48:45.969986Z
mcba,MCBA,Hortalizas,PIMIENTO,MORRON,SALTA,PERDIDO,Primera,MEDIANO,VDE/INV,ARS,ARS/kg,detail,detail,2024-10,1562.5,2,2,2,,,partial_period,official_publication_calendar_unverified,partial_unverified,median_observed_daily_prices,https://ssma.magyp.gob.ar/frutas.precios.aspx,2026-10-06T12:48:45.969986Z
mcba,MCBA,Hortalizas,PIMIENTO,MORRON,SALTA,PERDIDO,Segunda,GRANDE,ROJO/INV,ARS,ARS/kg,detail,detail,2024-10,1625.0,2,2,2,,,partial_period,official_publication_calendar_unverified,partial_unverified,median_observed_daily_prices,https://ssma.magyp.gob.ar/frutas.precios.aspx,2026-10-06T12:48:45.969986Z
mcba,MCBA,Hortalizas,PIMIENTO,PROM.ESP.,,,,,,ARS,ARS/kg,species_summary,species_summary,2024-10,2161.935,2,2,2,,,partial_period,official_publication_calendar_unverified,partial_unverified,median_observed_daily_prices,https://ssma.magyp.gob.ar/frutas.precios.aspx,2026-10-06T12:48:45.969986Z
mcba,MCBA,Hortalizas,PIMIENTO,VINAGRE,CTES.,PERDIDO,Primera,MEDIANO,VDE/INV,ARS,ARS/kg,detail,detail,2024-10,1625.0,2,2,2,,,partial_period,official_publication_calendar_unverified,partial_unverified,median_observed_daily_prices,https://ssma.magyp.gob.ar/frutas.precios.aspx,2026-10-06T12:48:45.969986Z
mcba,MCBA,Hortalizas,PUERRO,PROM.ESP.,,,,,,ARS,ARS/kg,species_summary,species_summary,2024-10,1850.0,2,2,2,,,partial_period,official_publication_calendar_unverified,partial_unverified,median_observed_daily_prices,https://ssma.magyp.gob.ar/frutas.precios.aspx,2026-10-06T12:48:45.969986Z
mcba,MCBA,Hortalizas,PUERRO,,BS. AS.,ATADO,Primera,MEDIANO,,ARS,ARS/kg,detail,detail,2024-10,2000.0,2,2,2,,,partial_period,official_publication_calendar_unverified,partial_unverified,median_observed_daily_prices,https://ssma.magyp.gob.ar/frutas.precios.aspx,2026-10-06T12:48:45.969986Z
mcba,MCBA,Hortalizas,PUERRO,,BS. AS.,JAULA,Primera,MEDIANO,,ARS,ARS/kg,detail,detail,2024-10,1700.0,2,2,2,,,partial_period,official_publication_calendar_unverified,partial_unverified,median_observed_daily_prices,https://ssma.magyp.gob.ar/frutas.precios.aspx,2026-10-06T12:48:45.969986Z
mcba,MCBA,Hortalizas,RABANITO,PROM.ESP.,,,,,,ARS,ARS/kg,species_summary,species_summary,2024-10,1100.0,2,2,2,,,partial_period,official_publication_calendar_unverified,partial_unverified,median_observed_daily_prices,https://ssma.magyp.gob.ar/frutas.precios.aspx,2026-10-06T12:48:45.969986Z
mcba,MCBA,Hortalizas,RABANITO,,BS. AS.,TORITO,Primera,,,ARS,ARS/kg,detail,detail,2024-10,1100.0,2,2,2,,,partial_period,official_publication_calendar_unverified,partial_unverified,median_observed_daily_prices,https://ssma.magyp.gob.ar/frutas.precios.aspx,2026-10-06T12:48:45.969986Z
mcba,MCBA,Hortalizas,RADICCHIO,PROM.ESP.,,,,,,ARS,ARS/kg,species_summary,species_summary,2024-10,2250.0,2,2,2,,,partial_period,official_publication_calendar_unverified,partial_unverified,median_observed_daily_prices,https://ssma.magyp.gob.ar/frutas.precios.aspx,2026-10-06T12:48:45.969986Z
mcba,MCBA,Hortalizas,RADICCHIO,,BS. AS.,CAJA,Primera,,,ARS,ARS/kg,detail,detail,2024-10,2250.0,2,2,2,,,partial_period,official_publication_calendar_unverified,partial_unverified,median_observed_daily_prices,https://ssma.magyp.gob.ar/frutas.precios.aspx,2026-10-06T12:48:45.969986Z
mcba,MCBA,Hortalizas,RADICHETA,1ER.CORTE,BS. AS.,BANDEJA,Primera,,,ARS,ARS/kg,detail,detail,2024-10,750.0,2,2,2,,,partial_period,official_publication_calendar_unverified,partial_unverified,median_observed_daily_prices,https://ssma.magyp.gob.ar/frutas.precios.aspx,2026-10-06T12:48:45.969986Z
mcba,MCBA,Hortalizas,RADICHETA,2DO.CORTE,BS. AS.,BANDEJA,Primera,,,ARS,ARS/kg,detail,detail,2024-10,383.33500000000004,2,2,2,,,partial_period,official_publication_calendar_unverified,partial_unverified,median_observed_daily_prices,https://ssma.magyp.gob.ar/frutas.precios.aspx,2026-10-06T12:48:45.969986Z
mcba,MCBA,Hortalizas,RADICHETA,PROM.ESP.,,,,,,ARS,ARS/kg,species_summary,species_summary,2024-10,566.6700000000001,2,2,2,,,partial_period,official_publication_calendar_unverified,partial_unverified,median_observed_daily_prices,https://ssma.magyp.gob.ar/frutas.precios.aspx,2026-10-06T12:48:45.969986Z
mcba,MCBA,Hortalizas,REMOLACHA,PROM.ESP.,,,,,,ARS,ARS/kg,species_summary,species_summary,2024-10,491.66999999999996,2,2,2,,,partial_period,official_publication_calendar_unverified,partial_unverified,median_observed_daily_prices,https://ssma.magyp.gob.ar/frutas.precios.aspx,2026-10-06T12:48:45.969986Z
mcba,MCBA,Hortalizas,REMOLACHA,,BS. AS.,JAULA,Primera,CHICO,,ARS,ARS/kg,detail,detail,2024-10,316.66499999999996,2,2,2,,,partial_period,official_publication_calendar_unverified,partial_unverified,median_observed_daily_prices,https://ssma.magyp.gob.ar/frutas.precios.aspx,2026-10-06T12:48:45.969986Z
mcba,MCBA,Hortalizas,REMOLACHA,,BS. AS.,JAULA,Primera,MEDIANO,,ARS,ARS/kg,detail,detail,2024-10,566.67,2,2,2,,,partial_period,official_publication_calendar_unverified,partial_unverified,median_observed_daily_prices,https://ssma.magyp.gob.ar/frutas.precios.aspx,2026-10-06T12:48:45.969986Z
mcba,MCBA,Hortalizas,REMOLACHA,,SANTA FE,BOLSA,Primera,MEDIANO,,ARS,ARS/kg,detail,detail,2024-10,750.0,1,1,1,,,partial_period,official_publication_calendar_unverified,partial_unverified,median_observed_daily_prices,https://ssma.magyp.gob.ar/frutas.precios.aspx,2026-10-06T12:48:45.969986Z
mcba,MCBA,Hortalizas,REPOLLO,BLANCO,BS. AS.,JAULA,Primera,GRANDE,,ARS,ARS/kg,detail,detail,2024-10,833.33,2,2,2,,,partial_period,official_publication_calendar_unverified,partial_unverified,median_observed_daily_prices,https://ssma.magyp.gob.ar/frutas.precios.aspx,2026-10-06T12:48:45.969986Z
mcba,MCBA,Hortalizas,REPOLLO,BLANCO,BS. AS.,JAULA,Primera,MEDIANO,,ARS,ARS/kg,detail,detail,2024-10,653.33,2,2,2,,,partial_period,official_publication_calendar_unverified,partial_unverified,median_observed_daily_prices,https://ssma.magyp.gob.ar/frutas.precios.aspx,2026-10-06T12:48:45.969986Z
mcba,MCBA,Hortalizas,REPOLLO,COLORADO,BS. AS.,JAULA,Primera,GRANDE,,ARS,ARS/kg,detail,detail,2024-10,966.67,2,2,2,,,partial_period,official_publication_calendar_unverified,partial_unverified,median_observed_daily_prices,https://ssma.magyp.gob.ar/frutas.precios.aspx,2026-10-06T12:48:45.969986Z
mcba,MCBA,Hortalizas,REPOLLO,COLORADO,BS. AS.,JAULA,Primera,MEDIANO,,ARS,ARS/kg,detail,detail,2024-10,866.67,2,2,2,,,partial_period,official_publication_calendar_unverified,partial_unverified,median_observed_daily_prices,https://ssma.magyp.gob.ar/frutas.precios.aspx,2026-10-06T12:48:45.969986Z
mcba,MCBA,Hortalizas,REPOLLO,PROM.ESP.,,,,,,ARS,ARS/kg,species_summary,species_summary,2024-10,830.0,2,2,2,,,partial_period,official_publication_calendar_unverified,partial_unverified,median_observed_daily_prices,https://ssma.magyp.gob.ar/frutas.precios.aspx,2026-10-06T12:48:45.969986Z
mcba,MCBA,Hortalizas,ROMERO,PROM.ESP.,,,,,,ARS,ARS/kg,species_summary,species_summary,2024-10,8000.0,2,2,2,,,partial_period,official_publication_calendar_unverified,partial_unverified,median_observed_daily_prices,https://ssma.magyp.gob.ar/frutas.precios.aspx,2026-10-06T12:48:45.969986Z
mcba,MCBA,Hortalizas,ROMERO,,BS. AS.,ATADO,Primera,MEDIANO,,ARS,ARS/kg,detail,detail,2024-10,8000.0,2,2,2,,,partial_period,official_publication_calendar_unverified,partial_unverified,median_observed_daily_prices,https://ssma.magyp.gob.ar/frutas.precios.aspx,2026-10-06T12:48:45.969986Z
mcba,MCBA,Hortalizas,RUCULA,PROM.ESP.,,,,,,ARS,ARS/kg,species_summary,species_summary,2024-10,1650.0,2,2,2,,,partial_period,official_publication_calendar_unverified,partial_unverified,median_observed_daily_prices,https://ssma.magyp.gob.ar/frutas.precios.aspx,2026-10-06T12:48:45.969986Z
mcba,MCBA,Hortalizas,RUCULA,,BS. AS.,BANDEJA,Primera,,,ARS,ARS/kg,detail,detail,2024-10,1650.0,2,2,2,,,partial_period,official_publication_calendar_unverified,partial_unverified,median_observed_daily_prices,https://ssma.magyp.gob.ar/frutas.precios.aspx,2026-10-06T12:48:45.969986Z
mcba,MCBA,Hortalizas,SALVIA,PROM.ESP.,,,,,,ARS,ARS/kg,species_summary,species_summary,2024-10,7000.0,2,2,2,,,partial_period,official_publication_calendar_unverified,partial_unverified,median_observed_daily_prices,https://ssma.magyp.gob.ar/frutas.precios.aspx,2026-10-06T12:48:45.969986Z
mcba,MCBA,Hortalizas,SALVIA,,BS. AS.,BOLSA,Primera,,,ARS,ARS/kg,detail,detail,2024-10,7000.0,2,2,2,,,partial_period,official_publication_calendar_unverified,partial_unverified,median_observed_daily_prices,https://ssma.magyp.gob.ar/frutas.precios.aspx,2026-10-06T12:48:45.969986Z
mcba,MCBA,Hortalizas,TOMATE,CHERRY,CTES.,CAJA,Primera,GRANDE,PTN/INV,ARS,ARS/kg,detail,detail,2024-10,6050.0,2,2,2,,,partial_period,official_publication_calendar_unverified,partial_unverified,median_observed_daily_prices,https://ssma.magyp.gob.ar/frutas.precios.aspx,2026-10-06T12:48:45.969986Z
mcba,MCBA,Hortalizas,TOMATE,CHERRY,CTES.,CAJA,Primera,MEDIANO,PTN/INV,ARS,ARS/kg,detail,detail,2024-10,5600.0,2,2,2,,,partial_period,official_publication_calendar_unverified,partial_unverified,median_observed_daily_prices,https://ssma.magyp.gob.ar/frutas.precios.aspx,2026-10-06T12:48:45.969986Z
mcba,MCBA,Hortalizas,TOMATE,CHERRY,SALTA,CAJA,Primera,GRANDE,PTN/INV,ARS,ARS/kg,detail,detail,2024-10,6500.0,2,2,2,,,partial_period,official_publication_calendar_unverified,partial_unverified,median_observed_daily_prices,https://ssma.magyp.gob.ar/frutas.precios.aspx,2026-10-06T12:48:45.969986Z
mcba,MCBA,Hortalizas,TOMATE,CHERRY,SALTA,CAJA,Primera,MEDIANO,PTN/INV,ARS,ARS/kg,detail,detail,2024-10,4800.0,2,2,2,,,partial_period,official_publication_calendar_unverified,partial_unverified,median_observed_daily_prices,https://ssma.magyp.gob.ar/frutas.precios.aspx,2026-10-06T12:48:45.969986Z
mcba,MCBA,Hortalizas,TOMATE,PERITA,SALTA,PERDIDO,Primera,CHICO,PTN/INV,ARS,ARS/kg,detail,detail,2024-10,722.22,2,2,2,,,partial_period,official_publication_calendar_unverified,partial_unverified,median_observed_daily_prices,https://ssma.magyp.gob.ar/frutas.precios.aspx,2026-10-06T12:48:45.969986Z
mcba,MCBA,Hortalizas,TOMATE,PERITA,SALTA,PERDIDO,Primera,GRANDE,PTN/INV,ARS,ARS/kg,detail,detail,2024-10,1694.4450000000002,2,2,2,,,partial_period,official_publication_calendar_unverified,partial_unverified,median_observed_daily_prices,https://ssma.magyp.gob.ar/frutas.precios.aspx,2026-10-06T12:48:45.969986Z
mcba,MCBA,Hortalizas,TOMATE,PERITA,SALTA,PERDIDO,Primera,MEDIANO,PTN/INV,ARS,ARS/kg,detail,detail,2024-10,1444.44,2,2,2,,,partial_period,official_publication_calendar_unverified,partial_unverified,median_observed_daily_prices,https://ssma.magyp.gob.ar/frutas.precios.aspx,2026-10-06T12:48:45.969986Z
mcba,MCBA,Hortalizas,TOMATE,PERITA,SALTA,TORO,Primera,GRANDE,PINTON,ARS,ARS/kg,detail,detail,2024-10,1055.56,2,2,2,,,partial_period,official_publication_calendar_unverified,partial_unverified,median_observed_daily_prices,https://ssma.magyp.gob.ar/frutas.precios.aspx,2026-10-06T12:48:45.969986Z
mcba,MCBA,Hortalizas,TOMATE,PERITA,SALTA,TORO,Primera,MEDIANO,PINTON,ARS,ARS/kg,detail,detail,2024-10,847.22,2,2,2,,,partial_period,official_publication_calendar_unverified,partial_unverified,median_observed_daily_prices,https://ssma.magyp.gob.ar/frutas.precios.aspx,2026-10-06T12:48:45.969986Z
mcba,MCBA,Hortalizas,TOMATE,PERITA,SALTA,TORO,Segunda,CHICO,PINTON,ARS,ARS/kg,detail,detail,2024-10,444.44,2,2,2,,,partial_period,official_publication_calendar_unverified,partial_unverified,median_observed_daily_prices,https://ssma.magyp.gob.ar/frutas.precios.aspx,2026-10-06T12:48:45.969986Z
mcba,MCBA,Hortalizas,TOMATE,PERITA,SALTA,TORO,Segunda,MEDIANO,PINTON,ARS,ARS/kg,detail,detail,2024-10,611.11,2,2,2,,,partial_period,official_publication_calendar_unverified,partial_unverified,median_observed_daily_prices,https://ssma.magyp.gob.ar/frutas.precios.aspx,2026-10-06T12:48:45.969986Z
mcba,MCBA,Hortalizas,TOMATE,PERITA,SALTA,TORO,Segunda,MEDIANO,ROJO,ARS,ARS/kg,detail,detail,2024-10,500.0,2,2,2,,,partial_period,official_publication_calendar_unverified,partial_unverified,median_observed_daily_prices,https://ssma.magyp.gob.ar/frutas.precios.aspx,2026-10-06T12:48:45.969986Z
mcba,MCBA,Hortalizas,TOMATE,PROM.ESP.,,,,,,ARS,ARS/kg,species_summary,species_summary,2024-10,1683.21,2,2,2,,,partial_period,official_publication_calendar_unverified,partial_unverified,median_observed_daily_prices,https://ssma.magyp.gob.ar/frutas.precios.aspx,2026-10-06T12:48:45.969986Z
mcba,MCBA,Hortalizas,TOMATE,REDONDO,CTES.,TORO,Primera,GRANDE,PTN/INV,ARS,ARS/kg,detail,detail,2024-10,1138.8899999999999,2,2,2,,,partial_period,official_publication_calendar_unverified,partial_unverified,median_observed_daily_prices,https://ssma.magyp.gob.ar/frutas.precios.aspx,2026-10-06T12:48:45.969986Z
mcba,MCBA,Hortalizas,TOMATE,REDONDO,CTES.,TORO,Primera,MEDIANO,PTN/INV,ARS,ARS/kg,detail,detail,2024-10,888.89,2,2,2,,,partial_period,official_publication_calendar_unverified,partial_unverified,median_observed_daily_prices,https://ssma.magyp.gob.ar/frutas.precios.aspx,2026-10-06T12:48:45.969986Z
mcba,MCBA,Hortalizas,TOMATE,REDONDO,CTES.,TORO,Segunda,MEDIANO,PTN/INV,ARS,ARS/kg,detail,detail,2024-10,583.335,2,2,2,,,partial_period,official_publication_calendar_unverified,partial_unverified,median_observed_daily_prices,https://ssma.magyp.gob.ar/frutas.precios.aspx,2026-10-06T12:48:45.969986Z
mcba,MCBA,Hortalizas,TOMATE,REDONDO,CTES.,TORO,Segunda,MEDIANO,ROJO/INV,ARS,ARS/kg,detail,detail,2024-10,319.445,2,2,2,,,partial_period,official_publication_calendar_unverified,partial_unverified,median_observed_daily_prices,https://ssma.magyp.gob.ar/frutas.precios.aspx,2026-10-06T12:48:45.969986Z
mcba,MCBA,Hortalizas,TOMATE,REDONDO,SALTA,PERDIDO,Primera,GRANDE,PTN/INV,ARS,ARS/kg,detail,detail,2024-10,1263.8899999999999,2,2,2,,,partial_period,official_publication_calendar_unverified,partial_unverified,median_observed_daily_prices,https://ssma.magyp.gob.ar/frutas.precios.aspx,2026-10-06T12:48:45.969986Z
mcba,MCBA,Hortalizas,TOMATE,REDONDO,SALTA,PERDIDO,Primera,MEDIANO,PTN/INV,ARS,ARS/kg,detail,detail,2024-10,1055.56,2,2,2,,,partial_period,official_publication_calendar_unverified,partial_unverified,median_observed_daily_prices,https://ssma.magyp.gob.ar/frutas.precios.aspx,2026-10-06T12:48:45.969986Z
mcba,MCBA,Hortalizas,TOMATE,REDONDO,SALTA,PERDIDO,Primera,MEDIANO,ROJO/INV,ARS,ARS/kg,detail,detail,2024-10,722.22,2,2,2,,,partial_period,official_publication_calendar_unverified,partial_unverified,median_observed_daily_prices,https://ssma.magyp.gob.ar/frutas.precios.aspx,2026-10-06T12:48:45.969986Z
mcba,MCBA,Hortalizas,TOMATE,REDONDO,SALTA,TORO,Primera,GRANDE,PINTON,ARS,ARS/kg,detail,detail,2024-10,916.67,2,2,2,,,partial_period,official_publication_calendar_unverified,partial_unverified,median_observed_daily_prices,https://ssma.magyp.gob.ar/frutas.precios.aspx,2026-10-06T12:48:45.969986Z
mcba,MCBA,Hortalizas,TOMATE,REDONDO,SALTA,TORO,Primera,MEDIANO,PINTON,ARS,ARS/kg,detail,detail,2024-10,694.4449999999999,2,2,2,,,partial_period,official_publication_calendar_unverified,partial_unverified,median_observed_daily_prices,https://ssma.magyp.gob.ar/frutas.precios.aspx,2026-10-06T12:48:45.969986Z
mcba,MCBA,Hortalizas,TOMATE,REDONDO,SALTA,TORO,Segunda,MEDIANO,PINTON,ARS,ARS/kg,detail,detail,2024-10,500.0,2,2,2,,,partial_period,official_publication_calendar_unverified,partial_unverified,median_observed_daily_prices,https://ssma.magyp.gob.ar/frutas.precios.aspx,2026-10-06T12:48:45.969986Z
mcba,MCBA,Hortalizas,TOMATE,REDONDO,SALTA,TORO,Segunda,MEDIANO,ROJO,ARS,ARS/kg,detail,detail,2024-10,361.11,2,2,2,,,partial_period,official_publication_calendar_unverified,partial_unverified,median_observed_daily_prices,https://ssma.magyp.gob.ar/frutas.precios.aspx,2026-10-06T12:48:45.969986Z
mcba,MCBA,Hortalizas,TOMILLO,PROM.ESP.,,,,,,ARS,ARS/kg,species_summary,species_summary,2024-10,8500.0,2,2,2,,,partial_period,official_publication_calendar_unverified,partial_unverified,median_observed_daily_prices,https://ssma.magyp.gob.ar/frutas.precios.aspx,2026-10-06T12:48:45.969986Z
mcba,MCBA,Hortalizas,TOMILLO,,BS. AS.,ATADO,,MEDIANO,,ARS,ARS/kg,detail,detail,2024-10,8500.0,2,2,2,,,partial_period,official_publication_calendar_unverified,partial_unverified,median_observed_daily_prices,https://ssma.magyp.gob.ar/frutas.precios.aspx,2026-10-06T12:48:45.969986Z
mcba,MCBA,Hortalizas,ZANAHORIA,CHANTENAY,CORDOBA,BOLSA,Primera,MEDIANO,,ARS,ARS/kg,detail,detail,2024-10,470.0,2,2,2,,,partial_period,official_publication_calendar_unverified,partial_unverified,median_observed_daily_prices,https://ssma.magyp.gob.ar/frutas.precios.aspx,2026-10-06T12:48:45.969986Z
mcba,MCBA,Hortalizas,ZANAHORIA,CHANTENAY,MENDOZA,BOLSA,Primera,MEDIANO,,ARS,ARS/kg,detail,detail,2024-10,480.0,2,2,2,,,partial_period,official_publication_calendar_unverified,partial_unverified,median_observed_daily_prices,https://ssma.magyp.gob.ar/frutas.precios.aspx,2026-10-06T12:48:45.969986Z
mcba,MCBA,Hortalizas,ZANAHORIA,CHANTENAY,SANTA FE,BOLSA,Primera,MEDIANO,,ARS,ARS/kg,detail,detail,2024-10,460.0,2,2,2,,,partial_period,official_publication_calendar_unverified,partial_unverified,median_observed_daily_prices,https://ssma.magyp.gob.ar/frutas.precios.aspx,2026-10-06T12:48:45.969986Z
mcba,MCBA,Hortalizas,ZANAHORIA,CHANTENAY,SGO.EST.,BOLSA,Primera,MEDIANO,,ARS,ARS/kg,detail,detail,2024-10,500.0,2,2,2,,,partial_period,official_publication_calendar_unverified,partial_unverified,median_observed_daily_prices,https://ssma.magyp.gob.ar/frutas.precios.aspx,2026-10-06T12:48:45.969986Z
mcba,MCBA,Hortalizas,ZANAHORIA,NANTESA,BRASIL,CAJA,Primera,MEDIANO,,ARS,ARS/kg,detail,detail,2024-10,900.0,2,2,2,,,partial_period,official_publication_calendar_unverified,partial_unverified,median_observed_daily_prices,https://ssma.magyp.gob.ar/frutas.precios.aspx,2026-10-06T12:48:45.969986Z
mcba,MCBA,Hortalizas,ZANAHORIA,PROM.ESP.,,,,,,ARS,ARS/kg,species_summary,species_summary,2024-10,560.93,2,2,2,,,partial_period,official_publication_calendar_unverified,partial_unverified,median_observed_daily_prices,https://ssma.magyp.gob.ar/frutas.precios.aspx,2026-10-06T12:48:45.969986Z
mcba,MCBA,Hortalizas,ZAPALLITO,LARGO,BS. AS.,TORO,Primera,MEDIANO,,ARS,ARS/kg,detail,detail,2024-10,766.665,2,2,2,,,partial_period,official_publication_calendar_unverified,partial_unverified,median_observed_daily_prices,https://ssma.magyp.gob.ar/frutas.precios.aspx,2026-10-06T12:48:45.969986Z
mcba,MCBA,Hortalizas,ZAPALLITO,LARGO,SALTA,TORO,Primera,MEDIANO,,ARS,ARS/kg,detail,detail,2024-10,305.56,2,2,2,,,partial_period,official_publication_calendar_unverified,partial_unverified,median_observed_daily_prices,https://ssma.magyp.gob.ar/frutas.precios.aspx,2026-10-06T12:48:45.969986Z
mcba,MCBA,Hortalizas,ZAPALLITO,LARGO,SALTA,TORO,Segunda,MEDIANO,,ARS,ARS/kg,detail,detail,2024-10,191.665,2,2,2,,,partial_period,official_publication_calendar_unverified,partial_unverified,median_observed_daily_prices,https://ssma.magyp.gob.ar/frutas.precios.aspx,2026-10-06T12:48:45.969986Z
mcba,MCBA,Hortalizas,ZAPALLITO,PROM.ESP.,,,,,,ARS,ARS/kg,species_summary,species_summary,2024-10,395.79499999999996,2,2,2,,,partial_period,official_publication_calendar_unverified,partial_unverified,median_observed_daily_prices,https://ssma.magyp.gob.ar/frutas.precios.aspx,2026-10-06T12:48:45.969986Z
mcba,MCBA,Hortalizas,ZAPALLITO,REDONDO,BS. AS.,TORO,Primera,MEDIANO,,ARS,ARS/kg,detail,detail,2024-10,700.0,2,2,2,,,partial_period,official_publication_calendar_unverified,partial_unverified,median_observed_daily_prices,https://ssma.magyp.gob.ar/frutas.precios.aspx,2026-10-06T12:48:45.969986Z
mcba,MCBA,Hortalizas,ZAPALLITO,REDONDO,CTES.,TORO,Primera,MEDIANO,,ARS,ARS/kg,detail,detail,2024-10,300.0,2,2,2,,,partial_period,official_publication_calendar_unverified,partial_unverified,median_observed_daily_prices,https://ssma.magyp.gob.ar/frutas.precios.aspx,2026-10-06T12:48:45.969986Z
mcba,MCBA,Hortalizas,ZAPALLITO,REDONDO,CTES.,TORO,Segunda,MEDIANO,,ARS,ARS/kg,detail,detail,2024-10,155.56,2,2,2,,,partial_period,official_publication_calendar_unverified,partial_unverified,median_observed_daily_prices,https://ssma.magyp.gob.ar/frutas.precios.aspx,2026-10-06T12:48:45.969986Z
mcba,MCBA,Hortalizas,ZAPALLITO,REDONDO,SALTA,TORO,Segunda,MEDIANO,,ARS,ARS/kg,detail,detail,2024-10,172.22,2,2,2,,,partial_period,official_publication_calendar_unverified,partial_unverified,median_observed_daily_prices,https://ssma.magyp.gob.ar/frutas.precios.aspx,2026-10-06T12:48:45.969986Z
mcba,MCBA,Hortalizas,ZAPALLITO,REDONDO,SANTA FE,TORO,Primera,MEDIANO,,ARS,ARS/kg,detail,detail,2024-10,405.56,1,1,1,,,partial_period,official_publication_calendar_unverified,partial_unverified,median_observed_daily_prices,https://ssma.magyp.gob.ar/frutas.precios.aspx,2026-10-06T12:48:45.969986Z
mcba,MCBA,Hortalizas,ZAPALLITO,REDONDO,TUCUMAN,PERDIDO,Primera,MEDIANO,INVERNAC,ARS,ARS/kg,detail,detail,2024-10,566.67,2,2,2,,,partial_period,official_publication_calendar_unverified,partial_unverified,median_observed_daily_prices,https://ssma.magyp.gob.ar/frutas.precios.aspx,2026-10-06T12:48:45.969986Z
mcba,MCBA,Hortalizas,ZAPALLO,ANC.COKENA,MENDOZA,BOLSA,Primera,GRANDE,,ARS,ARS/kg,detail,detail,2024-10,653.33,2,2,2,,,partial_period,official_publication_calendar_unverified,partial_unverified,median_observed_daily_prices,https://ssma.magyp.gob.ar/frutas.precios.aspx,2026-10-06T12:48:45.969986Z
mcba,MCBA,Hortalizas,ZAPALLO,ANC.COKENA,MENDOZA,BOLSA,Primera,MEDIANO,,ARS,ARS/kg,detail,detail,2024-10,533.33,2,2,2,,,partial_period,official_publication_calendar_unverified,partial_unverified,median_observed_daily_prices,https://ssma.magyp.gob.ar/frutas.precios.aspx,2026-10-06T12:48:45.969986Z
mcba,MCBA,Hortalizas,ZAPALLO,ANC.COKENA,SALTA,BOLSA,Primera,GRANDE,,ARS,ARS/kg,detail,detail,2024-10,933.33,2,2,2,,,partial_period,official_publication_calendar_unverified,partial_unverified,median_observed_daily_prices,https://ssma.magyp.gob.ar/frutas.precios.aspx,2026-10-06T12:48:45.969986Z
mcba,MCBA,Hortalizas,ZAPALLO,ANC.COKENA,SALTA,BOLSA,Primera,MEDIANO,,ARS,ARS/kg,detail,detail,2024-10,766.67,2,2,2,,,partial_period,official_publication_calendar_unverified,partial_unverified,median_observed_daily_prices,https://ssma.magyp.gob.ar/frutas.precios.aspx,2026-10-06T12:48:45.969986Z
mcba,MCBA,Hortalizas,ZAPALLO,ANQUITO,MENDOZA,BOLSA,Primera,MEDIANO,,ARS,ARS/kg,detail,detail,2024-10,500.0,2,2,2,,,partial_period,official_publication_calendar_unverified,partial_unverified,median_observed_daily_prices,https://ssma.magyp.gob.ar/frutas.precios.aspx,2026-10-06T12:48:45.969986Z
mcba,MCBA,Hortalizas,ZAPALLO,PROM.ESP.,,,,,,ARS,ARS/kg,species_summary,species_summary,2024-10,763.5450000000001,2,2,2,,,partial_period,official_publication_calendar_unverified,partial_unverified,median_observed_daily_prices,https://ssma.magyp.gob.ar/frutas.precios.aspx,2026-10-06T12:48:45.969986Z
mcba,MCBA,Hortalizas,ZAPALLO,TETSUKAB.,BRASIL,BOLSA,Primera,MEDIANO,,ARS,ARS/kg,detail,detail,2024-10,957.5,2,2,2,,,partial_period,official_publication_calendar_unverified,partial_unverified,median_observed_daily_prices,https://ssma.magyp.gob.ar/frutas.precios.aspx,2026-10-06T12:48:45.969986Z
mcba,MCBA,Hortalizas,ZAPALLO,TETSUKAB.,MENDOZA,BOLSA,Primera,GRANDE,,ARS,ARS/kg,detail,detail,2024-10,861.11,2,2,2,,,partial_period,official_publication_calendar_unverified,partial_unverified,median_observed_daily_prices,https://ssma.magyp.gob.ar/frutas.precios.aspx,2026-10-06T12:48:45.969986Z
mcba,MCBA,Hortalizas,ZAPALLO,TETSUKAB.,MENDOZA,BOLSA,Primera,MEDIANO,,ARS,ARS/kg,detail,detail,2024-10,722.22,2,2,2,,,partial_period,official_publication_calendar_unverified,partial_unverified,median_observed_daily_prices,https://ssma.magyp.gob.ar/frutas.precios.aspx,2026-10-06T12:48:45.969986Z
mcba,MCBA,Hortalizas,ZAPALLO,TETSUKAB.,SALTA,BOLSA,Primera,GRANDE,,ARS,ARS/kg,detail,detail,2024-10,944.44,2,2,2,,,partial_period,official_publication_calendar_unverified,partial_unverified,median_observed_daily_prices,https://ssma.magyp.gob.ar/frutas.precios.aspx,2026-10-06T12:48:45.969986Z
mcba,MCBA,Frutas,ANANA,PROM.ESP.,,,,,,ARS,ARS/kg,species_summary,species_summary,2025-10,2250.0,1,1,1,,,partial_period,official_publication_calendar_unverified,partial_unverified,median_observed_daily_prices,https://ssma.magyp.gob.ar/frutas.precios.aspx,2026-10-06T12:20:50.197055Z
mcba,MCBA,Frutas,ANANA,,BRASIL,CAJA,Elegido,012/014,,ARS,ARS/kg,detail,detail,2025-10,2111.11,1,1,1,,,partial_period,official_publication_calendar_unverified,partial_unverified,median_observed_daily_prices,https://ssma.magyp.gob.ar/frutas.precios.aspx,2026-10-06T12:20:50.197055Z
mcba,MCBA,Frutas,ANANA,,ECUADOR,CAJA,Elegido,010/012,,ARS,ARS/kg,detail,detail,2025-10,2388.89,1,1,1,,,partial_period,official_publication_calendar_unverified,partial_unverified,median_observed_daily_prices,https://ssma.magyp.gob.ar/frutas.precios.aspx,2026-10-06T12:20:50.197055Z
mcba,MCBA,Frutas,ARANDANO,PROM.ESP.,,,,,,ARS,ARS/kg,species_summary,species_summary,2025-10,14222.2,1,1,1,,,partial_period,official_publication_calendar_unverified,partial_unverified,median_observed_daily_prices,https://ssma.magyp.gob.ar/frutas.precios.aspx,2026-10-06T12:20:50.197055Z
mcba,MCBA,Frutas,ARANDANO,,BS. AS.,CAJA,Elegido,GRANEL,,ARS,ARS/kg,detail,detail,2025-10,14666.7,1,1,1,,,partial_period,official_publication_calendar_unverified,partial_unverified,median_observed_daily_prices,https://ssma.magyp.gob.ar/frutas.precios.aspx,2026-10-06T12:20:50.197055Z
mcba,MCBA,Frutas,ARANDANO,,CTES.,CAJA,Elegido,GRANEL,,ARS,ARS/kg,detail,detail,2025-10,14000.0,1,1,1,,,partial_period,official_publication_calendar_unverified,partial_unverified,median_observed_daily_prices,https://ssma.magyp.gob.ar/frutas.precios.aspx,2026-10-06T12:20:50.197055Z
mcba,MCBA,Frutas,ARANDANO,,TUCUMAN,CAJA,Elegido,GRANEL,,ARS,ARS/kg,detail,detail,2025-10,14000.0,1,1,1,,,partial_period,official_publication_calendar_unverified,partial_unverified,median_observed_daily_prices,https://ssma.magyp.gob.ar/frutas.precios.aspx,2026-10-06T12:20:50.197055Z
mcba,MCBA,Frutas,BANANA,CAVENDISH,BOLIVIA,CAJA,Elegido,MEDIANO,,ARS,ARS/kg,detail,detail,2025-10,1300.0,1,1,1,,,partial_period,official_publication_calendar_unverified,partial_unverified,median_observed_daily_prices,https://ssma.magyp.gob.ar/frutas.precios.aspx,2026-10-06T12:20:50.197055Z
mcba,MCBA,Frutas,BANANA,CAVENDISH,COLOMBIA,CAJA,Elegido,MEDIANO,,ARS,ARS/kg,detail,detail,2025-10,1550.0,1,1,1,,,partial_period,official_publication_calendar_unverified,partial_unverified,median_observed_daily_prices,https://ssma.magyp.gob.ar/frutas.precios.aspx,2026-10-06T12:20:50.197055Z
mcba,MCBA,Frutas,BANANA,CAVENDISH,ECUADOR,CAJA,Elegido,GRANDE,,ARS,ARS/kg,detail,detail,2025-10,1850.0,1,1,1,,,partial_period,official_publication_calendar_unverified,partial_unverified,median_observed_daily_prices,https://ssma.magyp.gob.ar/frutas.precios.aspx,2026-10-06T12:20:50.197055Z
mcba,MCBA,Frutas,BANANA,CAVENDISH,ECUADOR,CAJA,Elegido,MEDIANO,,ARS,ARS/kg,detail,detail,2025-10,1650.0,1,1,1,,,partial_period,official_publication_calendar_unverified,partial_unverified,median_observed_daily_prices,https://ssma.magyp.gob.ar/frutas.precios.aspx,2026-10-06T12:20:50.197055Z
mcba,MCBA,Frutas,BANANA,NANIKA,BRASIL,PERDIDO,Elegido,MEDIANO,,ARS,ARS/kg,detail,detail,2025-10,1250.0,1,1,1,,,partial_period,official_publication_calendar_unverified,partial_unverified,median_observed_daily_prices,https://ssma.magyp.gob.ar/frutas.precios.aspx,2026-10-06T12:20:50.197055Z
mcba,MCBA,Frutas,BANANA,NANIKA,PARAGUAY,PERDIDO,Elegido,MEDIANO,,ARS,ARS/kg,detail,detail,2025-10,1136.36,1,1,1,,,partial_period,official_publication_calendar_unverified,partial_unverified,median_observed_daily_prices,https://ssma.magyp.gob.ar/frutas.precios.aspx,2026-10-06T12:20:50.197055Z
mcba,MCBA,Frutas,BANANA,NANIKA,SALTA,CAJA,Elegido,MEDIANO,,ARS,ARS/kg,detail,detail,2025-10,1150.0,1,1,1,,,partial_period,official_publication_calendar_unverified,partial_unverified,median_observed_daily_prices,https://ssma.magyp.gob.ar/frutas.precios.aspx,2026-10-06T12:20:50.197055Z
mcba,MCBA,Frutas,BANANA,PROM.ESP.,,,,,,ARS,ARS/kg,species_summary,species_summary,2025-10,1412.34,1,1,1,,,partial_period,official_publication_calendar_unverified,partial_unverified,median_observed_daily_prices,https://ssma.magyp.gob.ar/frutas.precios.aspx,2026-10-06T12:20:50.197055Z
mcba,MCBA,Frutas,CIRUELA,BLACKSPLEN,ESPA¥A,CAJA,Elegido,GRANEL,,ARS,ARS/kg,detail,detail,2025-10,4555.56,1,1,1,,,partial_period,official_publication_calendar_unverified,partial_unverified,median_observed_daily_prices,https://ssma.magyp.gob.ar/frutas.precios.aspx,2026-10-06T12:20:50.197055Z
mcba,MCBA,Frutas,CIRUELA,GOLDEN GLO,ESPA¥A,CAJA,Elegido,GRANEL,,ARS,ARS/kg,detail,detail,2025-10,4888.89,1,1,1,,,partial_period,official_publication_calendar_unverified,partial_unverified,median_observed_daily_prices,https://ssma.magyp.gob.ar/frutas.precios.aspx,2026-10-06T12:20:50.197055Z
mcba,MCBA,Frutas,CIRUELA,PROM.ESP.,,,,,,ARS,ARS/kg,species_summary,species_summary,2025-10,4722.23,1,1,1,,,partial_period,official_publication_calendar_unverified,partial_unverified,median_observed_daily_prices,https://ssma.magyp.gob.ar/frutas.precios.aspx,2026-10-06T12:20:50.197055Z
mcba,MCBA,Frutas,DURAZNO,FLORDAKING,JUJUY,BANDEJA,Elegido,MEDIANO,,ARS,ARS/kg,detail,detail,2025-10,4600.0,1,1,1,,,partial_period,official_publication_calendar_unverified,partial_unverified,median_observed_daily_prices,https://ssma.magyp.gob.ar/frutas.precios.aspx,2026-10-06T12:20:50.197055Z
mcba,MCBA,Frutas,DURAZNO,OPEDEPE,JUJUY,BANDEJA,Elegido,MEDIANO,,ARS,ARS/kg,detail,detail,2025-10,5250.0,1,1,1,,,partial_period,official_publication_calendar_unverified,partial_unverified,median_observed_daily_prices,https://ssma.magyp.gob.ar/frutas.precios.aspx,2026-10-06T12:20:50.197055Z
mcba,MCBA,Frutas,DURAZNO,OPEDEPE,JUJUY,CAJA,Elegido,CHICO,,ARS,ARS/kg,detail,detail,2025-10,3375.0,1,1,1,,,partial_period,official_publication_calendar_unverified,partial_unverified,median_observed_daily_prices,https://ssma.magyp.gob.ar/frutas.precios.aspx,2026-10-06T12:20:50.197055Z
mcba,MCBA,Frutas,DURAZNO,OPEDEPE,JUJUY,CAJA,Elegido,GRANDE,,ARS,ARS/kg,detail,detail,2025-10,6714.29,1,1,1,,,partial_period,official_publication_calendar_unverified,partial_unverified,median_observed_daily_prices,https://ssma.magyp.gob.ar/frutas.precios.aspx,2026-10-06T12:20:50.197055Z
mcba,MCBA,Frutas,DURAZNO,PROM.ESP.,,,,,,ARS,ARS/kg,species_summary,species_summary,2025-10,4965.64,1,1,1,,,partial_period,official_publication_calendar_unverified,partial_unverified,median_observed_daily_prices,https://ssma.magyp.gob.ar/frutas.precios.aspx,2026-10-06T12:20:50.197055Z
mcba,MCBA,Frutas,DURAZNO,ROJITO,JUJUY,,Elegido,MEDIANO,,ARS,ARS/kg,detail,detail,2025-10,4888.89,1,1,1,,,partial_period,official_publication_calendar_unverified,partial_unverified,median_observed_daily_prices,https://ssma.magyp.gob.ar/frutas.precios.aspx,2026-10-06T12:20:50.197055Z
mcba,MCBA,Frutas,FRUTILLA,PROM.ESP.,,,,,,ARS,ARS/kg,species_summary,species_summary,2025-10,3585.71,1,1,1,,,partial_period,official_publication_calendar_unverified,partial_unverified,median_observed_daily_prices,https://ssma.magyp.gob.ar/frutas.precios.aspx,2026-10-06T12:20:50.197055Z
mcba,MCBA,Frutas,FRUTILLA,,BS. AS.,BANDEJA,Comercial,GRANEL,,ARS,ARS/kg,detail,detail,2025-10,3000.0,1,1,1,,,partial_period,official_publication_calendar_unverified,partial_unverified,median_observed_daily_prices,https://ssma.magyp.gob.ar/frutas.precios.aspx,2026-10-06T12:20:50.197055Z
mcba,MCBA,Frutas,FRUTILLA,,BS. AS.,BANDEJA,Elegido,GRANEL,,ARS,ARS/kg,detail,detail,2025-10,4000.0,1,1,1,,,partial_period,official_publication_calendar_unverified,partial_unverified,median_observed_daily_prices,https://ssma.magyp.gob.ar/frutas.precios.aspx,2026-10-06T12:20:50.197055Z
mcba,MCBA,Frutas,FRUTILLA,,CTES.,BANDEJA,Elegido,GRANEL,,ARS,ARS/kg,detail,detail,2025-10,3500.0,1,1,1,,,partial_period,official_publication_calendar_unverified,partial_unverified,median_observed_daily_prices,https://ssma.magyp.gob.ar/frutas.precios.aspx,2026-10-06T12:20:50.197055Z
mcba,MCBA,Frutas,FRUTILLA,,CTES.,CAJA,Elegido,MEDIANO,,ARS,ARS/kg,detail,detail,2025-10,3600.0,1,1,1,,,partial_period,official_publication_calendar_unverified,partial_unverified,median_observed_daily_prices,https://ssma.magyp.gob.ar/frutas.precios.aspx,2026-10-06T12:20:50.197055Z
mcba,MCBA,Frutas,FRUTILLA,,SANTA FE,BANDEJA,Elegido,GRANEL,,ARS,ARS/kg,detail,detail,2025-10,4000.0,1,1,1,,,partial_period,official_publication_calendar_unverified,partial_unverified,median_observed_daily_prices,https://ssma.magyp.gob.ar/frutas.precios.aspx,2026-10-06T12:20:50.197055Z
mcba,MCBA,Frutas,FRUTILLA,,SANTA FE,CAJA,Elegido,GRANEL,,ARS,ARS/kg,detail,detail,2025-10,3800.0,1,1,1,,,partial_period,official_publication_calendar_unverified,partial_unverified,median_observed_daily_prices,https://ssma.magyp.gob.ar/frutas.precios.aspx,2026-10-06T12:20:50.197055Z
mcba,MCBA,Frutas,FRUTILLA,,TUCUMAN,CAJA,Elegido,GRANEL,,ARS,ARS/kg,detail,detail,2025-10,3200.0,1,1,1,,,partial_period,official_publication_calendar_unverified,partial_unverified,median_observed_daily_prices,https://ssma.magyp.gob.ar/frutas.precios.aspx,2026-10-06T12:20:50.197055Z
mcba,MCBA,Frutas,GUAYABA,PROM.ESP.,,,,,,ARS,ARS/kg,species_summary,species_summary,2025-10,6500.0,1,1,1,,,partial_period,official_publication_calendar_unverified,partial_unverified,median_observed_daily_prices,https://ssma.magyp.gob.ar/frutas.precios.aspx,2026-10-06T12:20:50.197055Z
mcba,MCBA,Frutas,GUAYABA,,BRASIL,CAJA,Elegido,GRANEL,,ARS,ARS/kg,detail,detail,2025-10,6500.0,1,1,1,,,partial_period,official_publication_calendar_unverified,partial_unverified,median_observed_daily_prices,https://ssma.magyp.gob.ar/frutas.precios.aspx,2026-10-06T12:20:50.197055Z
mcba,MCBA,Frutas,KIWI,PROM.ESP.,,,,,,ARS,ARS/kg,species_summary,species_summary,2025-10,5050.0,1,1,1,,,partial_period,official_publication_calendar_unverified,partial_unverified,median_observed_daily_prices,https://ssma.magyp.gob.ar/frutas.precios.aspx,2026-10-06T12:20:50.197055Z
mcba,MCBA,Frutas,KIWI,,BS. AS.,CAJA,Elegido,GRANDE,,ARS,ARS/kg,detail,detail,2025-10,5200.0,1,1,1,,,partial_period,official_publication_calendar_unverified,partial_unverified,median_observed_daily_prices,https://ssma.magyp.gob.ar/frutas.precios.aspx,2026-10-06T12:20:50.197055Z
mcba,MCBA,Frutas,KIWI,,BS. AS.,CAJA,Elegido,MEDIANO,,ARS,ARS/kg,detail,detail,2025-10,4400.0,1,1,1,,,partial_period,official_publication_calendar_unverified,partial_unverified,median_observed_daily_prices,https://ssma.magyp.gob.ar/frutas.precios.aspx,2026-10-06T12:20:50.197055Z
mcba,MCBA,Frutas,KIWI,,CHILE,CAJA,Elegido,GRANDE,,ARS,ARS/kg,detail,detail,2025-10,5800.0,1,1,1,,,partial_period,official_publication_calendar_unverified,partial_unverified,median_observed_daily_prices,https://ssma.magyp.gob.ar/frutas.precios.aspx,2026-10-06T12:20:50.197055Z
mcba,MCBA,Frutas,KIWI,,CHILE,CAJA,Elegido,MEDIANO,,ARS,ARS/kg,detail,detail,2025-10,4800.0,1,1,1,,,partial_period,official_publication_calendar_unverified,partial_unverified,median_observed_daily_prices,https://ssma.magyp.gob.ar/frutas.precios.aspx,2026-10-06T12:20:50.197055Z
mcba,MCBA,Frutas,KUMQUAT,PROM.ESP.,,,,,,ARS,ARS/kg,species_summary,species_summary,2025-10,2000.0,1,1,1,,,partial_period,official_publication_calendar_unverified,partial_unverified,median_observed_daily_prices,https://ssma.magyp.gob.ar/frutas.precios.aspx,2026-10-06T12:20:50.197055Z
mcba,MCBA,Frutas,KUMQUAT,,E. RIOS,BOLSA,Elegido,GRANEL,,ARS,ARS/kg,detail,detail,2025-10,2000.0,1,1,1,,,partial_period,official_publication_calendar_unverified,partial_unverified,median_observed_daily_prices,https://ssma.magyp.gob.ar/frutas.precios.aspx,2026-10-06T12:20:50.197055Z
mcba,MCBA,Frutas,LIMA,PROM.ESP.,,,,,,ARS,ARS/kg,species_summary,species_summary,2025-10,1700.0,1,1,1,,,partial_period,official_publication_calendar_unverified,partial_unverified,median_observed_daily_prices,https://ssma.magyp.gob.ar/frutas.precios.aspx,2026-10-06T12:20:50.197055Z
mcba,MCBA,Frutas,LIMA,TAHITI,BRASIL,BANDEJA,Elegido,MEDIANO,,ARS,ARS/kg,detail,detail,2025-10,1700.0,1,1,1,,,partial_period,official_publication_calendar_unverified,partial_unverified,median_observed_daily_prices,https://ssma.magyp.gob.ar/frutas.precios.aspx,2026-10-06T12:20:50.197055Z
mcba,MCBA,Frutas,LIMON,EUREKA,SALTA,CAJA,Elegido,090/125,,ARS,ARS/kg,detail,detail,2025-10,1277.78,1,1,1,,,partial_period,official_publication_calendar_unverified,partial_unverified,median_observed_daily_prices,https://ssma.magyp.gob.ar/frutas.precios.aspx,2026-10-06T12:20:50.197055Z
mcba,MCBA,Frutas,LIMON,EUREKA,TUCUMAN,BOLSA,Comercial,GRANEL,,ARS,ARS/kg,detail,detail,2025-10,785.71,1,1,1,,,partial_period,official_publication_calendar_unverified,partial_unverified,median_observed_daily_prices,https://ssma.magyp.gob.ar/frutas.precios.aspx,2026-10-06T12:20:50.197055Z
mcba,MCBA,Frutas,LIMON,EUREKA,TUCUMAN,CAJA,Elegido,113/138,,ARS,ARS/kg,detail,detail,2025-10,1166.67,1,1,1,,,partial_period,official_publication_calendar_unverified,partial_unverified,median_observed_daily_prices,https://ssma.magyp.gob.ar/frutas.precios.aspx,2026-10-06T12:20:50.197055Z
mcba,MCBA,Frutas,LIMON,EUREKA,TUCUMAN,CAJA,Elegido,125/138,,ARS,ARS/kg,detail,detail,2025-10,1055.56,1,1,1,,,partial_period,official_publication_calendar_unverified,partial_unverified,median_observed_daily_prices,https://ssma.magyp.gob.ar/frutas.precios.aspx,2026-10-06T12:20:50.197055Z
mcba,MCBA,Frutas,LIMON,EUREKA,TUCUMAN,TORO,Elegido,100/140,PINTON,ARS,ARS/kg,detail,detail,2025-10,944.44,1,1,1,,,partial_period,official_publication_calendar_unverified,partial_unverified,median_observed_daily_prices,https://ssma.magyp.gob.ar/frutas.precios.aspx,2026-10-06T12:20:50.197055Z
mcba,MCBA,Frutas,LIMON,GENOVA,CTES.,PERDIDO,Elegido,120/140,,ARS,ARS/kg,detail,detail,2025-10,1000.0,1,1,1,,,partial_period,official_publication_calendar_unverified,partial_unverified,median_observed_daily_prices,https://ssma.magyp.gob.ar/frutas.precios.aspx,2026-10-06T12:20:50.197055Z
mcba,MCBA,Frutas,LIMON,GENOVA,E. RIOS,TORO,Elegido,100/140,,ARS,ARS/kg,detail,detail,2025-10,944.44,1,1,1,,,partial_period,official_publication_calendar_unverified,partial_unverified,median_observed_daily_prices,https://ssma.magyp.gob.ar/frutas.precios.aspx,2026-10-06T12:20:50.197055Z
mcba,MCBA,Frutas,LIMON,PROM.ESP.,,,,,,ARS,ARS/kg,species_summary,species_summary,2025-10,1024.94,1,1,1,,,partial_period,official_publication_calendar_unverified,partial_unverified,median_observed_daily_prices,https://ssma.magyp.gob.ar/frutas.precios.aspx,2026-10-06T12:20:50.197055Z
mcba,MCBA,Frutas,MAMON,PROM.ESP.,,,,,,ARS,ARS/kg,species_summary,species_summary,2025-10,2300.0,1,1,1,,,partial_period,official_publication_calendar_unverified,partial_unverified,median_observed_daily_prices,https://ssma.magyp.gob.ar/frutas.precios.aspx,2026-10-06T12:20:50.197055Z
mcba,MCBA,Frutas,MAMON,,BRASIL,CAJA,Elegido,GRANDE,,ARS,ARS/kg,detail,detail,2025-10,2600.0,1,1,1,,,partial_period,official_publication_calendar_unverified,partial_unverified,median_observed_daily_prices,https://ssma.magyp.gob.ar/frutas.precios.aspx,2026-10-06T12:20:50.197055Z
mcba,MCBA,Frutas,MAMON,,JUJUY,BANDEJA,Elegido,GRANEL,,ARS,ARS/kg,detail,detail,2025-10,2000.0,1,1,1,,,partial_period,official_publication_calendar_unverified,partial_unverified,median_observed_daily_prices,https://ssma.magyp.gob.ar/frutas.precios.aspx,2026-10-06T12:20:50.197055Z
mcba,MCBA,Frutas,MANDARINA,ENCORE,E. RIOS,JAULA,Elegido,MEDIANO,,ARS,ARS/kg,detail,detail,2025-10,777.78,1,1,1,,,partial_period,official_publication_calendar_unverified,partial_unverified,median_observed_daily_prices,https://ssma.magyp.gob.ar/frutas.precios.aspx,2026-10-06T12:20:50.197055Z
mcba,MCBA,Frutas,MANDARINA,ENCORE,E. RIOS,PERDIDO,Elegido,GRANDE,,ARS,ARS/kg,detail,detail,2025-10,1277.78,1,1,1,,,partial_period,official_publication_calendar_unverified,partial_unverified,median_observed_daily_prices,https://ssma.magyp.gob.ar/frutas.precios.aspx,2026-10-06T12:20:50.197055Z
mcba,MCBA,Frutas,MANDARINA,MURCOT,CTES.,PERDIDO,Elegido,MEDIANO,,ARS,ARS/kg,detail,detail,2025-10,666.67,1,1,1,,,partial_period,official_publication_calendar_unverified,partial_unverified,median_observed_daily_prices,https://ssma.magyp.gob.ar/frutas.precios.aspx,2026-10-06T12:20:50.197055Z
mcba,MCBA,Frutas,MANDARINA,MURCOT,E. RIOS,PERDIDO,Elegido,GRANDE,,ARS,ARS/kg,detail,detail,2025-10,1166.67,1,1,1,,,partial_period,official_publication_calendar_unverified,partial_unverified,median_observed_daily_prices,https://ssma.magyp.gob.ar/frutas.precios.aspx,2026-10-06T12:20:50.197055Z
mcba,MCBA,Frutas,MANDARINA,MURCOT,E. RIOS,PERDIDO,Elegido,MEDIANO,,ARS,ARS/kg,detail,detail,2025-10,777.78,1,1,1,,,partial_period,official_publication_calendar_unverified,partial_unverified,median_observed_daily_prices,https://ssma.magyp.gob.ar/frutas.precios.aspx,2026-10-06T12:20:50.197055Z
mcba,MCBA,Frutas,MANDARINA,PROM.ESP.,,,,,,ARS,ARS/kg,species_summary,species_summary,2025-10,933.34,1,1,1,,,partial_period,official_publication_calendar_unverified,partial_unverified,median_observed_daily_prices,https://ssma.magyp.gob.ar/frutas.precios.aspx,2026-10-06T12:20:50.197055Z
mcba,MCBA,Frutas,MANGO,PROM.ESP.,,,,,,ARS,ARS/kg,species_summary,species_summary,2025-10,2652.78,1,1,1,,,partial_period,official_publication_calendar_unverified,partial_unverified,median_observed_daily_prices,https://ssma.magyp.gob.ar/frutas.precios.aspx,2026-10-06T12:20:50.197055Z
mcba,MCBA,Frutas,MANGO,,BRASIL,CAJA,Elegido,GRANDE,,ARS,ARS/kg,detail,detail,2025-10,2555.56,1,1,1,,,partial_period,official_publication_calendar_unverified,partial_unverified,median_observed_daily_prices,https://ssma.magyp.gob.ar/frutas.precios.aspx,2026-10-06T12:20:50.197055Z
mcba,MCBA,Frutas,MANGO,,BRASIL,CAJA,Elegido,MEDIANO,,ARS,ARS/kg,detail,detail,2025-10,2750.0,1,1,1,,,partial_period,official_publication_calendar_unverified,partial_unverified,median_observed_daily_prices,https://ssma.magyp.gob.ar/frutas.precios.aspx,2026-10-06T12:20:50.197055Z
mcba,MCBA,Frutas,MANI,PROM.ESP.,,,,,,ARS,ARS/kg,species_summary,species_summary,2025-10,3600.0,1,1,1,,,partial_period,official_publication_calendar_unverified,partial_unverified,median_observed_daily_prices,https://ssma.magyp.gob.ar/frutas.precios.aspx,2026-10-06T12:20:50.197055Z
mcba,MCBA,Frutas,MANI,,SALTA,BOLSA,Elegido,GRANEL,,ARS,ARS/kg,detail,detail,2025-10,3600.0,1,1,1,,,partial_period,official_publication_calendar_unverified,partial_unverified,median_observed_daily_prices,https://ssma.magyp.gob.ar/frutas.precios.aspx,2026-10-06T12:20:50.197055Z
mcba,MCBA,Frutas,MANZANA,CRIPPS PIN,R. NEGRO,CAJA,Elegido,113/125,,ARS,ARS/kg,detail,detail,2025-10,1277.78,1,1,1,,,partial_period,official_publication_calendar_unverified,partial_unverified,median_observed_daily_prices,https://ssma.magyp.gob.ar/frutas.precios.aspx,2026-10-06T12:20:50.197055Z
mcba,MCBA,Frutas,MANZANA,GOLDEN DEL,R. NEGRO,CAJA,Elegido,088/113,,ARS,ARS/kg,detail,detail,2025-10,1277.78,1,1,1,,,partial_period,official_publication_calendar_unverified,partial_unverified,median_observed_daily_prices,https://ssma.magyp.gob.ar/frutas.precios.aspx,2026-10-06T12:20:50.197055Z
mcba,MCBA,Frutas,MANZANA,GRANNY SMI,R. NEGRO,CAJA,Elegido,036/044,,ARS,ARS/kg,detail,detail,2025-10,1900.0,1,1,1,,,partial_period,official_publication_calendar_unverified,partial_unverified,median_observed_daily_prices,https://ssma.magyp.gob.ar/frutas.precios.aspx,2026-10-06T12:20:50.197055Z
mcba,MCBA,Frutas,MANZANA,GRANNY SMI,R. NEGRO,CAJA,Elegido,072/080,,ARS,ARS/kg,detail,detail,2025-10,1650.0,1,1,1,,,partial_period,official_publication_calendar_unverified,partial_unverified,median_observed_daily_prices,https://ssma.magyp.gob.ar/frutas.precios.aspx,2026-10-06T12:20:50.197055Z
mcba,MCBA,Frutas,MANZANA,GRANNY SMI,R. NEGRO,CAJA,Elegido,100/113,,ARS,ARS/kg,detail,detail,2025-10,1444.44,1,1,1,,,partial_period,official_publication_calendar_unverified,partial_unverified,median_observed_daily_prices,https://ssma.magyp.gob.ar/frutas.precios.aspx,2026-10-06T12:20:50.197055Z
mcba,MCBA,Frutas,MANZANA,GRANNY SMI,R. NEGRO,CAJA,Elegido,113/125,,ARS,ARS/kg,detail,detail,2025-10,1388.89,1,1,1,,,partial_period,official_publication_calendar_unverified,partial_unverified,median_observed_daily_prices,https://ssma.magyp.gob.ar/frutas.precios.aspx,2026-10-06T12:20:50.197055Z
mcba,MCBA,Frutas,MANZANA,GRANNY SMI,R. NEGRO,JAULA,Comercial,GRANEL,,ARS,ARS/kg,detail,detail,2025-10,950.0,1,1,1,,,partial_period,official_publication_calendar_unverified,partial_unverified,median_observed_daily_prices,https://ssma.magyp.gob.ar/frutas.precios.aspx,2026-10-06T12:20:50.197055Z
mcba,MCBA,Frutas,MANZANA,GRANNY SMI,R. NEGRO,JAULA,Elegido,110/130,,ARS,ARS/kg,detail,detail,2025-10,1222.22,1,1,1,,,partial_period,official_publication_calendar_unverified,partial_unverified,median_observed_daily_prices,https://ssma.magyp.gob.ar/frutas.precios.aspx,2026-10-06T12:20:50.197055Z
mcba,MCBA,Frutas,MANZANA,PROM.ESP.,,,,,,ARS,ARS/kg,species_summary,species_summary,2025-10,1456.39,1,1,1,,,partial_period,official_publication_calendar_unverified,partial_unverified,median_observed_daily_prices,https://ssma.magyp.gob.ar/frutas.precios.aspx,2026-10-06T12:20:50.197055Z
mcba,MCBA,Frutas,MANZANA,RED CHAÑAR,R. NEGRO,CAJA,Elegido,110/130,,ARS,ARS/kg,detail,detail,2025-10,1333.33,1,1,1,,,partial_period,official_publication_calendar_unverified,partial_unverified,median_observed_daily_prices,https://ssma.magyp.gob.ar/frutas.precios.aspx,2026-10-06T12:20:50.197055Z
mcba,MCBA,Frutas,MANZANA,RED DELICI,CHILE,CAJA,Elegido,080/100,,ARS,ARS/kg,detail,detail,2025-10,2666.67,1,1,1,,,partial_period,official_publication_calendar_unverified,partial_unverified,median_observed_daily_prices,https://ssma.magyp.gob.ar/frutas.precios.aspx,2026-10-06T12:20:50.197055Z
mcba,MCBA,Frutas,MANZANA,RED DELICI,R. NEGRO,CAJA,Elegido,044/056,,ARS,ARS/kg,detail,detail,2025-10,2000.0,1,1,1,,,partial_period,official_publication_calendar_unverified,partial_unverified,median_observed_daily_prices,https://ssma.magyp.gob.ar/frutas.precios.aspx,2026-10-06T12:20:50.197055Z
mcba,MCBA,Frutas,MANZANA,RED DELICI,R. NEGRO,CAJA,Elegido,072/088,,ARS,ARS/kg,detail,detail,2025-10,1388.89,1,1,1,,,partial_period,official_publication_calendar_unverified,partial_unverified,median_observed_daily_prices,https://ssma.magyp.gob.ar/frutas.precios.aspx,2026-10-06T12:20:50.197055Z
mcba,MCBA,Frutas,MANZANA,RED DELICI,R. NEGRO,CAJA,Elegido,088/113,,ARS,ARS/kg,detail,detail,2025-10,1833.33,1,1,1,,,partial_period,official_publication_calendar_unverified,partial_unverified,median_observed_daily_prices,https://ssma.magyp.gob.ar/frutas.precios.aspx,2026-10-06T12:20:50.197055Z
mcba,MCBA,Frutas,MANZANA,RED DELICI,R. NEGRO,CAJA,Elegido,113/125,,ARS,ARS/kg,detail,detail,2025-10,1388.89,1,1,1,,,partial_period,official_publication_calendar_unverified,partial_unverified,median_observed_daily_prices,https://ssma.magyp.gob.ar/frutas.precios.aspx,2026-10-06T12:20:50.197055Z
mcba,MCBA,Frutas,MANZANA,RED DELICI,R. NEGRO,CAJA,Elegido,125/138,,ARS,ARS/kg,detail,detail,2025-10,1333.33,1,1,1,,,partial_period,official_publication_calendar_unverified,partial_unverified,median_observed_daily_prices,https://ssma.magyp.gob.ar/frutas.precios.aspx,2026-10-06T12:20:50.197055Z
mcba,MCBA,Frutas,MANZANA,RED DELICI,R. NEGRO,JAULA,Elegido,080/100,,ARS,ARS/kg,detail,detail,2025-10,1277.78,1,1,1,,,partial_period,official_publication_calendar_unverified,partial_unverified,median_observed_daily_prices,https://ssma.magyp.gob.ar/frutas.precios.aspx,2026-10-06T12:20:50.197055Z
mcba,MCBA,Frutas,MANZANA,RED DELICI,R. NEGRO,JAULA,Elegido,113/125,,ARS,ARS/kg,detail,detail,2025-10,1277.78,1,1,1,,,partial_period,official_publication_calendar_unverified,partial_unverified,median_observed_daily_prices,https://ssma.magyp.gob.ar/frutas.precios.aspx,2026-10-06T12:20:50.197055Z
mcba,MCBA,Frutas,MANZANA,RED DELICI,R. NEGRO,JAULA,Elegido,125/138,,ARS,ARS/kg,detail,detail,2025-10,1166.67,1,1,1,,,partial_period,official_publication_calendar_unverified,partial_unverified,median_observed_daily_prices,https://ssma.magyp.gob.ar/frutas.precios.aspx,2026-10-06T12:20:50.197055Z
mcba,MCBA,Frutas,MANZANA,RED DELICI,R. NEGRO,JAULA,Elegido,GRANEL,,ARS,ARS/kg,detail,detail,2025-10,950.0,1,1,1,,,partial_period,official_publication_calendar_unverified,partial_unverified,median_observed_daily_prices,https://ssma.magyp.gob.ar/frutas.precios.aspx,2026-10-06T12:20:50.197055Z
mcba,MCBA,Frutas,MANZANA,ROME BEAUT,R. NEGRO,CAJA,Elegido,113/125,,ARS,ARS/kg,detail,detail,2025-10,1400.0,1,1,1,,,partial_period,official_publication_calendar_unverified,partial_unverified,median_observed_daily_prices,https://ssma.magyp.gob.ar/frutas.precios.aspx,2026-10-06T12:20:50.197055Z
mcba,MCBA,Frutas,MBURUCUYA,PROM.ESP.,,,,,,ARS,ARS/kg,species_summary,species_summary,2025-10,2764.71,1,1,1,,,partial_period,official_publication_calendar_unverified,partial_unverified,median_observed_daily_prices,https://ssma.magyp.gob.ar/frutas.precios.aspx,2026-10-06T12:20:50.197055Z
mcba,MCBA,Frutas,MBURUCUYA,,MISIONES,PERDIDO,Elegido,GRANEL,,ARS,ARS/kg,detail,detail,2025-10,2764.71,1,1,1,,,partial_period,official_publication_calendar_unverified,partial_unverified,median_observed_daily_prices,https://ssma.magyp.gob.ar/frutas.precios.aspx,2026-10-06T12:20:50.197055Z
mcba,MCBA,Frutas,MELON,GALIA,BRASIL,CAJA,Elegido,MEDIANO,,ARS,ARS/kg,detail,detail,2025-10,2700.0,1,1,1,,,partial_period,official_publication_calendar_unverified,partial_unverified,median_observed_daily_prices,https://ssma.magyp.gob.ar/frutas.precios.aspx,2026-10-06T12:20:50.197055Z
mcba,MCBA,Frutas,MELON,PROM.ESP.,,,,,,ARS,ARS/kg,species_summary,species_summary,2025-10,2666.67,1,1,1,,,partial_period,official_publication_calendar_unverified,partial_unverified,median_observed_daily_prices,https://ssma.magyp.gob.ar/frutas.precios.aspx,2026-10-06T12:20:50.197055Z
mcba,MCBA,Frutas,MELON,ROCIO MIEL,SALTA,PERDIDO,Elegido,MEDIANO,INVERNAC,ARS,ARS/kg,detail,detail,2025-10,2700.0,1,1,1,,,partial_period,official_publication_calendar_unverified,partial_unverified,median_observed_daily_prices,https://ssma.magyp.gob.ar/frutas.precios.aspx,2026-10-06T12:20:50.197055Z
mcba,MCBA,Frutas,MELON,SUN DEW,BRASIL,CAJA,Elegido,MEDIANO,,ARS,ARS/kg,detail,detail,2025-10,2600.0,1,1,1,,,partial_period,official_publication_calendar_unverified,partial_unverified,median_observed_daily_prices,https://ssma.magyp.gob.ar/frutas.precios.aspx,2026-10-06T12:20:50.197055Z
mcba,MCBA,Frutas,NARANJA,LANE LATE,E. RIOS,PERDIDO,Elegido,090/110,,ARS,ARS/kg,detail,detail,2025-10,611.11,1,1,1,,,partial_period,official_publication_calendar_unverified,partial_unverified,median_observed_daily_prices,https://ssma.magyp.gob.ar/frutas.precios.aspx,2026-10-06T12:20:50.197055Z
mcba,MCBA,Frutas,NARANJA,PROM.ESP.,,,,,,ARS,ARS/kg,species_summary,species_summary,2025-10,619.05,1,1,1,,,partial_period,official_publication_calendar_unverified,partial_unverified,median_observed_daily_prices,https://ssma.magyp.gob.ar/frutas.precios.aspx,2026-10-06T12:20:50.197055Z
mcba,MCBA,Frutas,NARANJA,VAL.SEEDLE,E. RIOS,PERDIDO,Elegido,090/110,,ARS,ARS/kg,detail,detail,2025-10,666.67,1,1,1,,,partial_period,official_publication_calendar_unverified,partial_unverified,median_observed_daily_prices,https://ssma.magyp.gob.ar/frutas.precios.aspx,2026-10-06T12:20:50.197055Z
mcba,MCBA,Frutas,NARANJA,VAL.SEEDLE,E. RIOS,PERDIDO,Elegido,110/130,,ARS,ARS/kg,detail,detail,2025-10,555.56,1,1,1,,,partial_period,official_publication_calendar_unverified,partial_unverified,median_observed_daily_prices,https://ssma.magyp.gob.ar/frutas.precios.aspx,2026-10-06T12:20:50.197055Z
mcba,MCBA,Frutas,NARANJA,VALEN.LATE,CTES.,PERDIDO,Elegido,110/130,,ARS,ARS/kg,detail,detail,2025-10,555.56,1,1,1,,,partial_period,official_publication_calendar_unverified,partial_unverified,median_observed_daily_prices,https://ssma.magyp.gob.ar/frutas.precios.aspx,2026-10-06T12:20:50.197055Z
mcba,MCBA,Frutas,NARANJA,VALEN.LATE,E. RIOS,PERDIDO,Elegido,090/110,,ARS,ARS/kg,detail,detail,2025-10,555.56,1,1,1,,,partial_period,official_publication_calendar_unverified,partial_unverified,median_observed_daily_prices,https://ssma.magyp.gob.ar/frutas.precios.aspx,2026-10-06T12:20:50.197055Z
mcba,MCBA,Frutas,NARANJA,W.NAVEL,BS. AS.,PERDIDO,Elegido,070/090,,ARS,ARS/kg,detail,detail,2025-10,722.22,1,1,1,,,partial_period,official_publication_calendar_unverified,partial_unverified,median_observed_daily_prices,https://ssma.magyp.gob.ar/frutas.precios.aspx,2026-10-06T12:20:50.197055Z
mcba,MCBA,Frutas,NARANJA,W.NAVEL,CTES.,PERDIDO,Elegido,070/090,,ARS,ARS/kg,detail,detail,2025-10,666.67,1,1,1,,,partial_period,official_publication_calendar_unverified,partial_unverified,median_observed_daily_prices,https://ssma.magyp.gob.ar/frutas.precios.aspx,2026-10-06T12:20:50.197055Z
mcba,MCBA,Frutas,NUEZ,PROM.ESP.,,,,,,ARS,ARS/kg,species_summary,species_summary,2025-10,6600.0,1,1,1,,,partial_period,official_publication_calendar_unverified,partial_unverified,median_observed_daily_prices,https://ssma.magyp.gob.ar/frutas.precios.aspx,2026-10-06T12:20:50.197055Z
mcba,MCBA,Frutas,NUEZ,,MENDOZA,BOLSA,Elegido,GRANEL,,ARS,ARS/kg,detail,detail,2025-10,6600.0,1,1,1,,,partial_period,official_publication_calendar_unverified,partial_unverified,median_observed_daily_prices,https://ssma.magyp.gob.ar/frutas.precios.aspx,2026-10-06T12:20:50.197055Z
mcba,MCBA,Frutas,PALTA,HASS,BRASIL,BANDEJA,Elegido,GRANDE,,ARS,ARS/kg,detail,detail,2025-10,5100.0,1,1,1,,,partial_period,official_publication_calendar_unverified,partial_unverified,median_observed_daily_prices,https://ssma.magyp.gob.ar/frutas.precios.aspx,2026-10-06T12:20:50.197055Z
mcba,MCBA,Frutas,PALTA,HASS,BRASIL,BANDEJA,Elegido,MEDIANO,,ARS,ARS/kg,detail,detail,2025-10,4400.0,1,1,1,,,partial_period,official_publication_calendar_unverified,partial_unverified,median_observed_daily_prices,https://ssma.magyp.gob.ar/frutas.precios.aspx,2026-10-06T12:20:50.197055Z
mcba,MCBA,Frutas,PALTA,HASS,CHILE,CAJA,Elegido,GRANDE,,ARS,ARS/kg,detail,detail,2025-10,6800.0,1,1,1,,,partial_period,official_publication_calendar_unverified,partial_unverified,median_observed_daily_prices,https://ssma.magyp.gob.ar/frutas.precios.aspx,2026-10-06T12:20:50.197055Z
mcba,MCBA,Frutas,PALTA,HASS,CHILE,CAJA,Elegido,MEDIANO,,ARS,ARS/kg,detail,detail,2025-10,6100.0,1,1,1,,,partial_period,official_publication_calendar_unverified,partial_unverified,median_observed_daily_prices,https://ssma.magyp.gob.ar/frutas.precios.aspx,2026-10-06T12:20:50.197055Z
mcba,MCBA,Frutas,PALTA,HASS,CTES.,CAJA,Elegido,MEDIANO,,ARS,ARS/kg,detail,detail,2025-10,3500.0,1,1,1,,,partial_period,official_publication_calendar_unverified,partial_unverified,median_observed_daily_prices,https://ssma.magyp.gob.ar/frutas.precios.aspx,2026-10-06T12:20:50.197055Z
mcba,MCBA,Frutas,PALTA,HASS,JUJUY,CAJA,Elegido,GRANEL,,ARS,ARS/kg,detail,detail,2025-10,3400.0,1,1,1,,,partial_period,official_publication_calendar_unverified,partial_unverified,median_observed_daily_prices,https://ssma.magyp.gob.ar/frutas.precios.aspx,2026-10-06T12:20:50.197055Z
mcba,MCBA,Frutas,PALTA,HASS,PERU,BANDEJA,Elegido,GRANDE,,ARS,ARS/kg,detail,detail,2025-10,5700.0,1,1,1,,,partial_period,official_publication_calendar_unverified,partial_unverified,median_observed_daily_prices,https://ssma.magyp.gob.ar/frutas.precios.aspx,2026-10-06T12:20:50.197055Z
mcba,MCBA,Frutas,PALTA,HASS,PERU,CAJA,Elegido,MEDIANO,,ARS,ARS/kg,detail,detail,2025-10,5000.0,1,1,1,,,partial_period,official_publication_calendar_unverified,partial_unverified,median_observed_daily_prices,https://ssma.magyp.gob.ar/frutas.precios.aspx,2026-10-06T12:20:50.197055Z
mcba,MCBA,Frutas,PALTA,PROM.ESP.,,,,,,ARS,ARS/kg,species_summary,species_summary,2025-10,5000.0,1,1,1,,,partial_period,official_publication_calendar_unverified,partial_unverified,median_observed_daily_prices,https://ssma.magyp.gob.ar/frutas.precios.aspx,2026-10-06T12:20:50.197055Z
mcba,MCBA,Frutas,PELON,PROM.ESP.,,,,,,ARS,ARS/kg,species_summary,species_summary,2025-10,5500.0,1,1,1,,,partial_period,official_publication_calendar_unverified,partial_unverified,median_observed_daily_prices,https://ssma.magyp.gob.ar/frutas.precios.aspx,2026-10-06T12:20:50.197055Z
mcba,MCBA,Frutas,PELON,,JUJUY,BANDEJA,Elegido,MEDIANO,,ARS,ARS/kg,detail,detail,2025-10,5500.0,1,1,1,,,partial_period,official_publication_calendar_unverified,partial_unverified,median_observed_daily_prices,https://ssma.magyp.gob.ar/frutas.precios.aspx,2026-10-06T12:20:50.197055Z
mcba,MCBA,Frutas,PERA,PACKHAM'S,R. NEGRO,CAJA,Elegido,036/040,,ARS,ARS/kg,detail,detail,2025-10,1800.0,1,1,1,,,partial_period,official_publication_calendar_unverified,partial_unverified,median_observed_daily_prices,https://ssma.magyp.gob.ar/frutas.precios.aspx,2026-10-06T12:20:50.197055Z
mcba,MCBA,Frutas,PERA,PACKHAM'S,R. NEGRO,CAJA,Elegido,070/090,,ARS,ARS/kg,detail,detail,2025-10,1388.89,1,1,1,,,partial_period,official_publication_calendar_unverified,partial_unverified,median_observed_daily_prices,https://ssma.magyp.gob.ar/frutas.precios.aspx,2026-10-06T12:20:50.197055Z
mcba,MCBA,Frutas,PERA,PACKHAM'S,R. NEGRO,CAJA,Elegido,110/130,,ARS,ARS/kg,detail,detail,2025-10,1222.22,1,1,1,,,partial_period,official_publication_calendar_unverified,partial_unverified,median_observed_daily_prices,https://ssma.magyp.gob.ar/frutas.precios.aspx,2026-10-06T12:20:50.197055Z
mcba,MCBA,Frutas,PERA,PACKHAM'S,R. NEGRO,JAULA,Elegido,090/11O,,ARS,ARS/kg,detail,detail,2025-10,1055.56,1,1,1,,,partial_period,official_publication_calendar_unverified,partial_unverified,median_observed_daily_prices,https://ssma.magyp.gob.ar/frutas.precios.aspx,2026-10-06T12:20:50.197055Z
mcba,MCBA,Frutas,PERA,PACKHAM'S,R. NEGRO,JAULA,Elegido,120/140,,ARS,ARS/kg,detail,detail,2025-10,944.44,1,1,1,,,partial_period,official_publication_calendar_unverified,partial_unverified,median_observed_daily_prices,https://ssma.magyp.gob.ar/frutas.precios.aspx,2026-10-06T12:20:50.197055Z
mcba,MCBA,Frutas,PERA,PROM.ESP.,,,,,,ARS,ARS/kg,species_summary,species_summary,2025-10,1282.22,1,1,1,,,partial_period,official_publication_calendar_unverified,partial_unverified,median_observed_daily_prices,https://ssma.magyp.gob.ar/frutas.precios.aspx,2026-10-06T12:20:50.197055Z
mcba,MCBA,Frutas,PITAHAYA,PROM.ESP.,,,,,,ARS,ARS/kg,species_summary,species_summary,2025-10,15200.0,1,1,1,,,partial_period,official_publication_calendar_unverified,partial_unverified,median_observed_daily_prices,https://ssma.magyp.gob.ar/frutas.precios.aspx,2026-10-06T12:20:50.197055Z
mcba,MCBA,Frutas,PITAHAYA,,ECUADOR,CAJA,Elegido,GRANEL,,ARS,ARS/kg,detail,detail,2025-10,15200.0,1,1,1,,,partial_period,official_publication_calendar_unverified,partial_unverified,median_observed_daily_prices,https://ssma.magyp.gob.ar/frutas.precios.aspx,2026-10-06T12:20:50.197055Z
mcba,MCBA,Frutas,PLATANO,PROM.ESP.,,,,,,ARS,ARS/kg,species_summary,species_summary,2025-10,2777.78,1,1,1,,,partial_period,official_publication_calendar_unverified,partial_unverified,median_observed_daily_prices,https://ssma.magyp.gob.ar/frutas.precios.aspx,2026-10-06T12:20:50.197055Z
mcba,MCBA,Frutas,PLATANO,,ECUADOR,CAJA,Elegido,GRANDE,,ARS,ARS/kg,detail,detail,2025-10,2777.78,1,1,1,,,partial_period,official_publication_calendar_unverified,partial_unverified,median_observed_daily_prices,https://ssma.magyp.gob.ar/frutas.precios.aspx,2026-10-06T12:20:50.197055Z
mcba,MCBA,Frutas,POMELO,MARSH.SEED,E. RIOS,PERDIDO,Elegido,048/066,,ARS,ARS/kg,detail,detail,2025-10,666.67,1,1,1,,,partial_period,official_publication_calendar_unverified,partial_unverified,median_observed_daily_prices,https://ssma.magyp.gob.ar/frutas.precios.aspx,2026-10-06T12:20:50.197055Z
mcba,MCBA,Frutas,POMELO,PROM.ESP.,,,,,,ARS,ARS/kg,species_summary,species_summary,2025-10,800.0,1,1,1,,,partial_period,official_publication_calendar_unverified,partial_unverified,median_observed_daily_prices,https://ssma.magyp.gob.ar/frutas.precios.aspx,2026-10-06T12:20:50.197055Z
mcba,MCBA,Frutas,POMELO,RUBY RED,E. RIOS,PERDIDO,Elegido,070/090,,ARS,ARS/kg,detail,detail,2025-10,666.67,1,1,1,,,partial_period,official_publication_calendar_unverified,partial_unverified,median_observed_daily_prices,https://ssma.magyp.gob.ar/frutas.precios.aspx,2026-10-06T12:20:50.197055Z
mcba,MCBA,Frutas,POMELO,STAR RUBY,E. RIOS,PERDIDO,Elegido,050/070,,ARS,ARS/kg,detail,detail,2025-10,777.78,1,1,1,,,partial_period,official_publication_calendar_unverified,partial_unverified,median_observed_daily_prices,https://ssma.magyp.gob.ar/frutas.precios.aspx,2026-10-06T12:20:50.197055Z
mcba,MCBA,Frutas,POMELO,STAR RUBY,SALTA,PERDIDO,Elegido,056/070,,ARS,ARS/kg,detail,detail,2025-10,1000.0,1,1,1,,,partial_period,official_publication_calendar_unverified,partial_unverified,median_observed_daily_prices,https://ssma.magyp.gob.ar/frutas.precios.aspx,2026-10-06T12:20:50.197055Z
mcba,MCBA,Frutas,POMELO,STAR RUBY,TUCUMAN,CAJA,Elegido,050/070,,ARS,ARS/kg,detail,detail,2025-10,888.89,1,1,1,,,partial_period,official_publication_calendar_unverified,partial_unverified,median_observed_daily_prices,https://ssma.magyp.gob.ar/frutas.precios.aspx,2026-10-06T12:20:50.197055Z
mcba,MCBA,Frutas,SANDIA,PROM.ESP.,,,,,,ARS,ARS/kg,species_summary,species_summary,2025-10,1500.0,1,1,1,,,partial_period,official_publication_calendar_unverified,partial_unverified,median_observed_daily_prices,https://ssma.magyp.gob.ar/frutas.precios.aspx,2026-10-06T12:20:50.197055Z
mcba,MCBA,Frutas,SANDIA,SUGAR BABY,BRASIL,CAJA,Elegido,007/009,,ARS,ARS/kg,detail,detail,2025-10,2000.0,1,1,1,,,partial_period,official_publication_calendar_unverified,partial_unverified,median_observed_daily_prices,https://ssma.magyp.gob.ar/frutas.precios.aspx,2026-10-06T12:20:50.197055Z
mcba,MCBA,Frutas,SANDIA,,BRASIL,GRANEL,Comercial,GRANEL,,ARS,ARS/kg,detail,detail,2025-10,1000.0,1,1,1,,,partial_period,official_publication_calendar_unverified,partial_unverified,median_observed_daily_prices,https://ssma.magyp.gob.ar/frutas.precios.aspx,2026-10-06T12:20:50.197055Z
mcba,MCBA,Frutas,UVA,AUTUMN CRI,BRASIL,CAJA,Elegido,GRANDE,,ARS,ARS/kg,detail,detail,2025-10,6875.0,1,1,1,,,partial_period,official_publication_calendar_unverified,partial_unverified,median_observed_daily_prices,https://ssma.magyp.gob.ar/frutas.precios.aspx,2026-10-06T12:20:50.197055Z
mcba,MCBA,Frutas,UVA,NUBIA,BRASIL,CAJA,Elegido,GRANEL,,ARS,ARS/kg,detail,detail,2025-10,6625.0,1,1,1,,,partial_period,official_publication_calendar_unverified,partial_unverified,median_observed_daily_prices,https://ssma.magyp.gob.ar/frutas.precios.aspx,2026-10-06T12:20:50.197055Z
mcba,MCBA,Frutas,UVA,PROM.ESP.,,,,,,ARS,ARS/kg,species_summary,species_summary,2025-10,6475.0,1,1,1,,,partial_period,official_publication_calendar_unverified,partial_unverified,median_observed_daily_prices,https://ssma.magyp.gob.ar/frutas.precios.aspx,2026-10-06T12:20:50.197055Z
mcba,MCBA,Frutas,UVA,RED GLOBE,BRASIL,CAJA,Elegido,GRANEL,,ARS,ARS/kg,detail,detail,2025-10,6250.0,1,1,1,,,partial_period,official_publication_calendar_unverified,partial_unverified,median_observed_daily_prices,https://ssma.magyp.gob.ar/frutas.precios.aspx,2026-10-06T12:20:50.197055Z
mcba,MCBA,Frutas,UVA,SWEET JUBI,BRASIL,CAJA,Elegido,GRANEL,,ARS,ARS/kg,detail,detail,2025-10,6375.0,1,1,1,,,partial_period,official_publication_calendar_unverified,partial_unverified,median_observed_daily_prices,https://ssma.magyp.gob.ar/frutas.precios.aspx,2026-10-06T12:20:50.197055Z
mcba,MCBA,Frutas,UVA,T.SEEDLESS,BRASIL,CAJA,Elegido,GRANEL,,ARS,ARS/kg,detail,detail,2025-10,6250.0,1,1,1,,,partial_period,official_publication_calendar_unverified,partial_unverified,median_observed_daily_prices,https://ssma.magyp.gob.ar/frutas.precios.aspx,2026-10-06T12:20:50.197055Z
mcba,MCBA,Hortalizas,ACELGA,PROM.ESP.,,,,,,ARS,ARS/kg,species_summary,species_summary,2025-10,406.67,1,1,1,,,partial_period,official_publication_calendar_unverified,partial_unverified,median_observed_daily_prices,https://ssma.magyp.gob.ar/frutas.precios.aspx,2026-10-06T12:20:50.197055Z
mcba,MCBA,Hortalizas,ACELGA,,BS. AS.,JAULA,Primera,SIN TAM,,ARS,ARS/kg,detail,detail,2025-10,400.0,1,1,1,,,partial_period,official_publication_calendar_unverified,partial_unverified,median_observed_daily_prices,https://ssma.magyp.gob.ar/frutas.precios.aspx,2026-10-06T12:20:50.197055Z
mcba,MCBA,Hortalizas,ACELGA,,BS. AS.,JAULA,Primera,,INVERNAC,ARS,ARS/kg,detail,detail,2025-10,520.0,1,1,1,,,partial_period,official_publication_calendar_unverified,partial_unverified,median_observed_daily_prices,https://ssma.magyp.gob.ar/frutas.precios.aspx,2026-10-06T12:20:50.197055Z
mcba,MCBA,Hortalizas,ACELGA,,BS. AS.,JAULA,Segunda,SIN TAM,,ARS,ARS/kg,detail,detail,2025-10,300.0,1,1,1,,,partial_period,official_publication_calendar_unverified,partial_unverified,median_observed_daily_prices,https://ssma.magyp.gob.ar/frutas.precios.aspx,2026-10-06T12:20:50.197055Z
mcba,MCBA,Hortalizas,ACHICORIA,PROM.ESP.,,,,,,ARS,ARS/kg,species_summary,species_summary,2025-10,350.0,1,1,1,,,partial_period,official_publication_calendar_unverified,partial_unverified,median_observed_daily_prices,https://ssma.magyp.gob.ar/frutas.precios.aspx,2026-10-06T12:20:50.197055Z
mcba,MCBA,Hortalizas,ACHICORIA,,BS. AS.,ATADO,,MEDIANO,,ARS,ARS/kg,detail,detail,2025-10,350.0,1,1,1,,,partial_period,official_publication_calendar_unverified,partial_unverified,median_observed_daily_prices,https://ssma.magyp.gob.ar/frutas.precios.aspx,2026-10-06T12:20:50.197055Z
mcba,MCBA,Hortalizas,ACUSAY,PROM.ESP.,,,,,,ARS,ARS/kg,species_summary,species_summary,2025-10,800.0,1,1,1,,,partial_period,official_publication_calendar_unverified,partial_unverified,median_observed_daily_prices,https://ssma.magyp.gob.ar/frutas.precios.aspx,2026-10-06T12:20:50.197055Z
mcba,MCBA,Hortalizas,ACUSAY,,BS. AS.,JAULA,Primera,GRANDE,,ARS,ARS/kg,detail,detail,2025-10,800.0,1,1,1,,,partial_period,official_publication_calendar_unverified,partial_unverified,median_observed_daily_prices,https://ssma.magyp.gob.ar/frutas.precios.aspx,2026-10-06T12:20:50.197055Z
mcba,MCBA,Hortalizas,AJO,COLORADO,MENDOZA,RISTRA 100,Primera,11,,ARS,ARS/kg,detail,detail,2025-10,4181.82,1,1,1,,,partial_period,official_publication_calendar_unverified,partial_unverified,median_observed_daily_prices,https://ssma.magyp.gob.ar/frutas.precios.aspx,2026-10-06T12:20:50.197055Z
mcba,MCBA,Hortalizas,AJO,COLORADO,MENDOZA,RISTRA 100,Primera,4,,ARS,ARS/kg,detail,detail,2025-10,825.0,1,1,1,,,partial_period,official_publication_calendar_unverified,partial_unverified,median_observed_daily_prices,https://ssma.magyp.gob.ar/frutas.precios.aspx,2026-10-06T12:20:50.197055Z
mcba,MCBA,Hortalizas,AJO,COLORADO,MENDOZA,RISTRA 100,Primera,7,,ARS,ARS/kg,detail,detail,2025-10,1257.14,1,1,1,,,partial_period,official_publication_calendar_unverified,partial_unverified,median_observed_daily_prices,https://ssma.magyp.gob.ar/frutas.precios.aspx,2026-10-06T12:20:50.197055Z
mcba,MCBA,Hortalizas,AJO,COLORADO,MENDOZA,RISTRA 100,Primera,8,,ARS,ARS/kg,detail,detail,2025-10,2000.0,1,1,1,,,partial_period,official_publication_calendar_unverified,partial_unverified,median_observed_daily_prices,https://ssma.magyp.gob.ar/frutas.precios.aspx,2026-10-06T12:20:50.197055Z
mcba,MCBA,Hortalizas,AJO,COLORADO,MENDOZA,RISTRA 100,Primera,9,,ARS,ARS/kg,detail,detail,2025-10,3666.67,1,1,1,,,partial_period,official_publication_calendar_unverified,partial_unverified,median_observed_daily_prices,https://ssma.magyp.gob.ar/frutas.precios.aspx,2026-10-06T12:20:50.197055Z
mcba,MCBA,Hortalizas,AJO,MDO. CHINO,MENDOZA,RISTRA 100,Primera,10,,ARS,ARS/kg,detail,detail,2025-10,5700.0,1,1,1,,,partial_period,official_publication_calendar_unverified,partial_unverified,median_observed_daily_prices,https://ssma.magyp.gob.ar/frutas.precios.aspx,2026-10-06T12:20:50.197055Z
mcba,MCBA,Hortalizas,AJO,MDO. CHINO,MENDOZA,RISTRA 100,Primera,4,,ARS,ARS/kg,detail,detail,2025-10,2000.0,1,1,1,,,partial_period,official_publication_calendar_unverified,partial_unverified,median_observed_daily_prices,https://ssma.magyp.gob.ar/frutas.precios.aspx,2026-10-06T12:20:50.197055Z
mcba,MCBA,Hortalizas,AJO,MDO. CHINO,MENDOZA,RISTRA 100,Primera,7,,ARS,ARS/kg,detail,detail,2025-10,2428.57,1,1,1,,,partial_period,official_publication_calendar_unverified,partial_unverified,median_observed_daily_prices,https://ssma.magyp.gob.ar/frutas.precios.aspx,2026-10-06T12:20:50.197055Z
mcba,MCBA,Hortalizas,AJO,MDO. CHINO,MENDOZA,RISTRA 100,Primera,9,,ARS,ARS/kg,detail,detail,2025-10,3666.67,1,1,1,,,partial_period,official_publication_calendar_unverified,partial_unverified,median_observed_daily_prices,https://ssma.magyp.gob.ar/frutas.precios.aspx,2026-10-06T12:20:50.197055Z
mcba,MCBA,Hortalizas,AJO,MDO. CHINO,MENDOZA,RISTRA 100,Segunda,11,,ARS,ARS/kg,detail,detail,2025-10,6818.18,1,1,1,,,partial_period,official_publication_calendar_unverified,partial_unverified,median_observed_daily_prices,https://ssma.magyp.gob.ar/frutas.precios.aspx,2026-10-06T12:20:50.197055Z
mcba,MCBA,Hortalizas,AJO,PROM.ESP.,,,,,,ARS,ARS/kg,species_summary,species_summary,2025-10,3254.41,1,1,1,,,partial_period,official_publication_calendar_unverified,partial_unverified,median_observed_daily_prices,https://ssma.magyp.gob.ar/frutas.precios.aspx,2026-10-06T12:20:50.197055Z
mcba,MCBA,Hortalizas,ALBAHACA,PROM.ESP.,,,,,,ARS,ARS/kg,species_summary,species_summary,2025-10,430.0,1,1,1,,,partial_period,official_publication_calendar_unverified,partial_unverified,median_observed_daily_prices,https://ssma.magyp.gob.ar/frutas.precios.aspx,2026-10-06T12:20:50.197055Z
mcba,MCBA,Hortalizas,ALBAHACA,,BS. AS.,ATADO,Primera,,INVERNAC,ARS,ARS/kg,detail,detail,2025-10,460.0,1,1,1,,,partial_period,official_publication_calendar_unverified,partial_unverified,median_observed_daily_prices,https://ssma.magyp.gob.ar/frutas.precios.aspx,2026-10-06T12:20:50.197055Z
mcba,MCBA,Hortalizas,ALBAHACA,,CTES.,ATADO,Primera,,INVERNAC,ARS,ARS/kg,detail,detail,2025-10,400.0,1,1,1,,,partial_period,official_publication_calendar_unverified,partial_unverified,median_observed_daily_prices,https://ssma.magyp.gob.ar/frutas.precios.aspx,2026-10-06T12:20:50.197055Z
mcba,MCBA,Hortalizas,ALCAUCIL,BLANCO,SAN JUAN,PERDIDO,Primera,MEDIANO,,ARS,ARS/kg,detail,detail,2025-10,2500.0,1,1,1,,,partial_period,official_publication_calendar_unverified,partial_unverified,median_observed_daily_prices,https://ssma.magyp.gob.ar/frutas.precios.aspx,2026-10-06T12:20:50.197055Z
mcba,MCBA,Hortalizas,ALCAUCIL,PROM.ESP.,,,,,,ARS,ARS/kg,species_summary,species_summary,2025-10,2500.0,1,1,1,,,partial_period,official_publication_calendar_unverified,partial_unverified,median_observed_daily_prices,https://ssma.magyp.gob.ar/frutas.precios.aspx,2026-10-06T12:20:50.197055Z
mcba,MCBA,Hortalizas,ALCAUCIL,¥. FRANCES,BS. AS.,TORO,Primera,GRANDE,,ARS,ARS/kg,detail,detail,2025-10,2833.33,1,1,1,,,partial_period,official_publication_calendar_unverified,partial_unverified,median_observed_daily_prices,https://ssma.magyp.gob.ar/frutas.precios.aspx,2026-10-06T12:20:50.197055Z
mcba,MCBA,Hortalizas,ALCAUCIL,¥. FRANCES,BS. AS.,TORO,Primera,MEDIANO,,ARS,ARS/kg,detail,detail,2025-10,2166.67,1,1,1,,,partial_period,official_publication_calendar_unverified,partial_unverified,median_observed_daily_prices,https://ssma.magyp.gob.ar/frutas.precios.aspx,2026-10-06T12:20:50.197055Z
mcba,MCBA,Hortalizas,BATATA,ARAPEY,BRASIL,BOLSA,Primera,MEDIANO,,ARS,ARS/kg,detail,detail,2025-10,900.0,1,1,1,,,partial_period,official_publication_calendar_unverified,partial_unverified,median_observed_daily_prices,https://ssma.magyp.gob.ar/frutas.precios.aspx,2026-10-06T12:20:50.197055Z
mcba,MCBA,Hortalizas,BATATA,ARAPEY,CORDOBA,BOLSA,Primera,MEDIANO,,ARS,ARS/kg,detail,detail,2025-10,653.85,1,1,1,,,partial_period,official_publication_calendar_unverified,partial_unverified,median_observed_daily_prices,https://ssma.magyp.gob.ar/frutas.precios.aspx,2026-10-06T12:20:50.197055Z
mcba,MCBA,Hortalizas,BATATA,BEAUREGARD,CORDOBA,BOLSA,Primera,MEDIANO,,ARS,ARS/kg,detail,detail,2025-10,1600.0,1,1,1,,,partial_period,official_publication_calendar_unverified,partial_unverified,median_observed_daily_prices,https://ssma.magyp.gob.ar/frutas.precios.aspx,2026-10-06T12:20:50.197055Z
mcba,MCBA,Hortalizas,BATATA,BEAUREGARD,FORMOSA,BOLSA,Primera,MEDIANO,,ARS,ARS/kg,detail,detail,2025-10,1692.31,1,1,1,,,partial_period,official_publication_calendar_unverified,partial_unverified,median_observed_daily_prices,https://ssma.magyp.gob.ar/frutas.precios.aspx,2026-10-06T12:20:50.197055Z
mcba,MCBA,Hortalizas,BATATA,BEAUREGARD,S. PEDRO,CAJA,Primera,MEDIANO,,ARS,ARS/kg,detail,detail,2025-10,1846.15,1,1,1,,,partial_period,official_publication_calendar_unverified,partial_unverified,median_observed_daily_prices,https://ssma.magyp.gob.ar/frutas.precios.aspx,2026-10-06T12:20:50.197055Z
mcba,MCBA,Hortalizas,BATATA,PROM.ESP.,,,,,,ARS,ARS/kg,species_summary,species_summary,2025-10,1338.46,1,1,1,,,partial_period,official_publication_calendar_unverified,partial_unverified,median_observed_daily_prices,https://ssma.magyp.gob.ar/frutas.precios.aspx,2026-10-06T12:20:50.197055Z
mcba,MCBA,Hortalizas,BERENJENA,PROM.ESP.,,,,,,ARS,ARS/kg,species_summary,species_summary,2025-10,833.33,1,1,1,,,partial_period,official_publication_calendar_unverified,partial_unverified,median_observed_daily_prices,https://ssma.magyp.gob.ar/frutas.precios.aspx,2026-10-06T12:20:50.197055Z
mcba,MCBA,Hortalizas,BERENJENA,VTA.MED.LA,BS. AS.,TORO,Primera,MEDIANO,,ARS,ARS/kg,detail,detail,2025-10,916.67,1,1,1,,,partial_period,official_publication_calendar_unverified,partial_unverified,median_observed_daily_prices,https://ssma.magyp.gob.ar/frutas.precios.aspx,2026-10-06T12:20:50.197055Z
mcba,MCBA,Hortalizas,BERENJENA,VTA.MED.LA,CTES.,TORO,Primera,MEDIANO,,ARS,ARS/kg,detail,detail,2025-10,791.67,1,1,1,,,partial_period,official_publication_calendar_unverified,partial_unverified,median_observed_daily_prices,https://ssma.magyp.gob.ar/frutas.precios.aspx,2026-10-06T12:20:50.197055Z
mcba,MCBA,Hortalizas,BERENJENA,VTA.MED.LA,CTES.,TORO,Segunda,MEDIANO,,ARS,ARS/kg,detail,detail,2025-10,583.33,1,1,1,,,partial_period,official_publication_calendar_unverified,partial_unverified,median_observed_daily_prices,https://ssma.magyp.gob.ar/frutas.precios.aspx,2026-10-06T12:20:50.197055Z
mcba,MCBA,Hortalizas,BERENJENA,VTA.MED.LA,SALTA,PERDIDO,Primera,MEDIANO,INVERNAC,ARS,ARS/kg,detail,detail,2025-10,1166.67,1,1,1,,,partial_period,official_publication_calendar_unverified,partial_unverified,median_observed_daily_prices,https://ssma.magyp.gob.ar/frutas.precios.aspx,2026-10-06T12:20:50.197055Z
mcba,MCBA,Hortalizas,BERENJENA,VTA.MED.LA,SALTA,TORO,Primera,MEDIANO,,ARS,ARS/kg,detail,detail,2025-10,708.33,1,1,1,,,partial_period,official_publication_calendar_unverified,partial_unverified,median_observed_daily_prices,https://ssma.magyp.gob.ar/frutas.precios.aspx,2026-10-06T12:20:50.197055Z
mcba,MCBA,Hortalizas,BERRO,PROM.ESP.,,,,,,ARS,ARS/kg,species_summary,species_summary,2025-10,1900.0,1,1,1,,,partial_period,official_publication_calendar_unverified,partial_unverified,median_observed_daily_prices,https://ssma.magyp.gob.ar/frutas.precios.aspx,2026-10-06T12:20:50.197055Z
mcba,MCBA,Hortalizas,BERRO,,BS. AS.,ATADO,Primera,SIN TAM,,ARS,ARS/kg,detail,detail,2025-10,1900.0,1,1,1,,,partial_period,official_publication_calendar_unverified,partial_unverified,median_observed_daily_prices,https://ssma.magyp.gob.ar/frutas.precios.aspx,2026-10-06T12:20:50.197055Z
mcba,MCBA,Hortalizas,BROCOLI,PROM.ESP.,,,,,,ARS,ARS/kg,species_summary,species_summary,2025-10,1312.5,1,1,1,,,partial_period,official_publication_calendar_unverified,partial_unverified,median_observed_daily_prices,https://ssma.magyp.gob.ar/frutas.precios.aspx,2026-10-06T12:20:50.197055Z
mcba,MCBA,Hortalizas,BROCOLI,,BS. AS.,JAULA,Primera,MEDIANO,INVERNAC,ARS,ARS/kg,detail,detail,2025-10,1625.0,1,1,1,,,partial_period,official_publication_calendar_unverified,partial_unverified,median_observed_daily_prices,https://ssma.magyp.gob.ar/frutas.precios.aspx,2026-10-06T12:20:50.197055Z
mcba,MCBA,Hortalizas,BROCOLI,,BS. AS.,JAULA,Primera,MEDIANO,,ARS,ARS/kg,detail,detail,2025-10,1000.0,1,1,1,,,partial_period,official_publication_calendar_unverified,partial_unverified,median_observed_daily_prices,https://ssma.magyp.gob.ar/frutas.precios.aspx,2026-10-06T12:20:50.197055Z
mcba,MCBA,Hortalizas,BROTE ALFA,PROM.ESP.,,,,,,ARS,ARS/kg,species_summary,species_summary,2025-10,8000.0,1,1,1,,,partial_period,official_publication_calendar_unverified,partial_unverified,median_observed_daily_prices,https://ssma.magyp.gob.ar/frutas.precios.aspx,2026-10-06T12:20:50.197055Z
mcba,MCBA,Hortalizas,BROTE ALFA,,BS. AS.,BOLSA,Primera,MEDIANO,,ARS,ARS/kg,detail,detail,2025-10,8000.0,1,1,1,,,partial_period,official_publication_calendar_unverified,partial_unverified,median_observed_daily_prices,https://ssma.magyp.gob.ar/frutas.precios.aspx,2026-10-06T12:20:50.197055Z
mcba,MCBA,Hortalizas,BROTE SOJA,PROM.ESP.,,,,,,ARS,ARS/kg,species_summary,species_summary,2025-10,5000.0,1,1,1,,,partial_period,official_publication_calendar_unverified,partial_unverified,median_observed_daily_prices,https://ssma.magyp.gob.ar/frutas.precios.aspx,2026-10-06T12:20:50.197055Z
mcba,MCBA,Hortalizas,BROTE SOJA,,BS. AS.,BOLSA,Primera,,,ARS,ARS/kg,detail,detail,2025-10,5000.0,1,1,1,,,partial_period,official_publication_calendar_unverified,partial_unverified,median_observed_daily_prices,https://ssma.magyp.gob.ar/frutas.precios.aspx,2026-10-06T12:20:50.197055Z
mcba,MCBA,Hortalizas,CARDO,PROM.ESP.,,,,,,ARS,ARS/kg,species_summary,species_summary,2025-10,650.0,1,1,1,,,partial_period,official_publication_calendar_unverified,partial_unverified,median_observed_daily_prices,https://ssma.magyp.gob.ar/frutas.precios.aspx,2026-10-06T12:20:50.197055Z
mcba,MCBA,Hortalizas,CARDO,,BS. AS.,ATADO,Primera,MEDIANO,,ARS,ARS/kg,detail,detail,2025-10,650.0,1,1,1,,,partial_period,official_publication_calendar_unverified,partial_unverified,median_observed_daily_prices,https://ssma.magyp.gob.ar/frutas.precios.aspx,2026-10-06T12:20:50.197055Z
mcba,MCBA,Hortalizas,CEB.VERDEO,COLORADA,BS. AS.,ATADO,Primera,MEDIANO,,ARS,ARS/kg,detail,detail,2025-10,1400.0,1,1,1,,,partial_period,official_publication_calendar_unverified,partial_unverified,median_observed_daily_prices,https://ssma.magyp.gob.ar/frutas.precios.aspx,2026-10-06T12:20:50.197055Z
mcba,MCBA,Hortalizas,CEB.VERDEO,COLORADA,BS. AS.,JAULA,Primera,CHICO,,ARS,ARS/kg,detail,detail,2025-10,840.0,1,1,1,,,partial_period,official_publication_calendar_unverified,partial_unverified,median_observed_daily_prices,https://ssma.magyp.gob.ar/frutas.precios.aspx,2026-10-06T12:20:50.197055Z
mcba,MCBA,Hortalizas,CEB.VERDEO,COLORADA,BS. AS.,JAULA,Primera,MEDIANO,,ARS,ARS/kg,detail,detail,2025-10,1200.0,1,1,1,,,partial_period,official_publication_calendar_unverified,partial_unverified,median_observed_daily_prices,https://ssma.magyp.gob.ar/frutas.precios.aspx,2026-10-06T12:20:50.197055Z
mcba,MCBA,Hortalizas,CEB.VERDEO,PROM.ESP.,,,,,,ARS,ARS/kg,species_summary,species_summary,2025-10,1146.67,1,1,1,,,partial_period,official_publication_calendar_unverified,partial_unverified,median_observed_daily_prices,https://ssma.magyp.gob.ar/frutas.precios.aspx,2026-10-06T12:20:50.197055Z
mcba,MCBA,Hortalizas,CEBOLLA,BLANCA,SGO.EST.,BOLSA,Primera,MEDIANO,,ARS,ARS/kg,detail,detail,2025-10,800.0,1,1,1,,,partial_period,official_publication_calendar_unverified,partial_unverified,median_observed_daily_prices,https://ssma.magyp.gob.ar/frutas.precios.aspx,2026-10-06T12:20:50.197055Z
mcba,MCBA,Hortalizas,CEBOLLA,COLORADA,BRASIL,BOLSA,Primera,MEDIANO,,ARS,ARS/kg,detail,detail,2025-10,1100.0,1,1,1,,,partial_period,official_publication_calendar_unverified,partial_unverified,median_observed_daily_prices,https://ssma.magyp.gob.ar/frutas.precios.aspx,2026-10-06T12:20:50.197055Z
mcba,MCBA,Hortalizas,CEBOLLA,COLORADA,S.BS.AS.,BOLSA,Primera,MEDIANO,,ARS,ARS/kg,detail,detail,2025-10,700.0,1,1,1,,,partial_period,official_publication_calendar_unverified,partial_unverified,median_observed_daily_prices,https://ssma.magyp.gob.ar/frutas.precios.aspx,2026-10-06T12:20:50.197055Z
mcba,MCBA,Hortalizas,CEBOLLA,OPTIMA,BRASIL,BOLSA,Primera,MEDIANO,,ARS,ARS/kg,detail,detail,2025-10,600.0,1,1,1,,,partial_period,official_publication_calendar_unverified,partial_unverified,median_observed_daily_prices,https://ssma.magyp.gob.ar/frutas.precios.aspx,2026-10-06T12:20:50.197055Z
mcba,MCBA,Hortalizas,CEBOLLA,PROM.ESP.,,,,,,ARS,ARS/kg,species_summary,species_summary,2025-10,557.22,1,1,1,,,partial_period,official_publication_calendar_unverified,partial_unverified,median_observed_daily_prices,https://ssma.magyp.gob.ar/frutas.precios.aspx,2026-10-06T12:20:50.197055Z
mcba,MCBA,Hortalizas,CEBOLLA,VALENCIANA,R. NEGRO,BOLSA,Segunda,MEDIANO,,ARS,ARS/kg,detail,detail,2025-10,290.0,1,1,1,,,partial_period,official_publication_calendar_unverified,partial_unverified,median_observed_daily_prices,https://ssma.magyp.gob.ar/frutas.precios.aspx,2026-10-06T12:20:50.197055Z
mcba,MCBA,Hortalizas,CEBOLLA,VALENCIANA,S.BS.AS.,BOLSA,Primera,MEDIANO,,ARS,ARS/kg,detail,detail,2025-10,340.0,1,1,1,,,partial_period,official_publication_calendar_unverified,partial_unverified,median_observed_daily_prices,https://ssma.magyp.gob.ar/frutas.precios.aspx,2026-10-06T12:20:50.197055Z
mcba,MCBA,Hortalizas,CEBOLLA,VALENCIANA,S.BS.AS.,BOLSA,Segunda,MEDIANO,,ARS,ARS/kg,detail,detail,2025-10,280.0,1,1,1,,,partial_period,official_publication_calendar_unverified,partial_unverified,median_observed_daily_prices,https://ssma.magyp.gob.ar/frutas.precios.aspx,2026-10-06T12:20:50.197055Z
mcba,MCBA,Hortalizas,CEBOLLA,VALENCIANI,SGO.EST.,BOLSA,Primera,MEDIANO,HIBRIDO,ARS,ARS/kg,detail,detail,2025-10,490.0,1,1,1,,,partial_period,official_publication_calendar_unverified,partial_unverified,median_observed_daily_prices,https://ssma.magyp.gob.ar/frutas.precios.aspx,2026-10-06T12:20:50.197055Z
mcba,MCBA,Hortalizas,CEBOLLA,VALENCIANI,SGO.EST.,BOLSA,Segunda,MEDIANO,,ARS,ARS/kg,detail,detail,2025-10,415.0,1,1,1,,,partial_period,official_publication_calendar_unverified,partial_unverified,median_observed_daily_prices,https://ssma.magyp.gob.ar/frutas.precios.aspx,2026-10-06T12:20:50.197055Z
mcba,MCBA,Hortalizas,CHAUCHA,ESPA¥OLA,SALTA,TORO,Primera,MEDIANO,,ARS,ARS/kg,detail,detail,2025-10,1750.0,1,1,1,,,partial_period,official_publication_calendar_unverified,partial_unverified,median_observed_daily_prices,https://ssma.magyp.gob.ar/frutas.precios.aspx,2026-10-06T12:20:50.197055Z
mcba,MCBA,Hortalizas,CHAUCHA,KRONOS,CTES.,PERDIDO,Primera,MEDIANO,INVERNAC,ARS,ARS/kg,detail,detail,2025-10,2500.0,1,1,1,,,partial_period,official_publication_calendar_unverified,partial_unverified,median_observed_daily_prices,https://ssma.magyp.gob.ar/frutas.precios.aspx,2026-10-06T12:20:50.197055Z
mcba,MCBA,Hortalizas,CHAUCHA,PROM.ESP.,,,,,,ARS,ARS/kg,species_summary,species_summary,2025-10,1895.84,1,1,1,,,partial_period,official_publication_calendar_unverified,partial_unverified,median_observed_daily_prices,https://ssma.magyp.gob.ar/frutas.precios.aspx,2026-10-06T12:20:50.197055Z
mcba,MCBA,Hortalizas,CHAUCHA,ROLLIZA,SALTA,TORO,Primera,MEDIANO,,ARS,ARS/kg,detail,detail,2025-10,1916.67,1,1,1,,,partial_period,official_publication_calendar_unverified,partial_unverified,median_observed_daily_prices,https://ssma.magyp.gob.ar/frutas.precios.aspx,2026-10-06T12:20:50.197055Z
mcba,MCBA,Hortalizas,CHAUCHA,ROLLIZA,SALTA,TORO,Segunda,MEDIANO,,ARS,ARS/kg,detail,detail,2025-10,1416.67,1,1,1,,,partial_period,official_publication_calendar_unverified,partial_unverified,median_observed_daily_prices,https://ssma.magyp.gob.ar/frutas.precios.aspx,2026-10-06T12:20:50.197055Z
mcba,MCBA,Hortalizas,CHOCLO,AMARILLO,SALTA,PERDIDO,Primera,MEDIANO,PRE-ENFR,ARS,ARS/kg,detail,detail,2025-10,1733.33,1,1,1,,,partial_period,official_publication_calendar_unverified,partial_unverified,median_observed_daily_prices,https://ssma.magyp.gob.ar/frutas.precios.aspx,2026-10-06T12:20:50.197055Z
mcba,MCBA,Hortalizas,CHOCLO,AMARILLO,SALTA,PERDIDO,Segunda,,PRE-ENFR,ARS,ARS/kg,detail,detail,2025-10,1200.0,1,1,1,,,partial_period,official_publication_calendar_unverified,partial_unverified,median_observed_daily_prices,https://ssma.magyp.gob.ar/frutas.precios.aspx,2026-10-06T12:20:50.197055Z
mcba,MCBA,Hortalizas,CHOCLO,PROM.ESP.,,,,,,ARS,ARS/kg,species_summary,species_summary,2025-10,1466.67,1,1,1,,,partial_period,official_publication_calendar_unverified,partial_unverified,median_observed_daily_prices,https://ssma.magyp.gob.ar/frutas.precios.aspx,2026-10-06T12:20:50.197055Z
mcba,MCBA,Hortalizas,CIBOULLE,PROM.ESP.,,,,,,ARS,ARS/kg,species_summary,species_summary,2025-10,11500.0,1,1,1,,,partial_period,official_publication_calendar_unverified,partial_unverified,median_observed_daily_prices,https://ssma.magyp.gob.ar/frutas.precios.aspx,2026-10-06T12:20:50.197055Z
mcba,MCBA,Hortalizas,CIBOULLE,,BS. AS.,ATADO,Primera,MEDIANO,,ARS,ARS/kg,detail,detail,2025-10,11500.0,1,1,1,,,partial_period,official_publication_calendar_unverified,partial_unverified,median_observed_daily_prices,https://ssma.magyp.gob.ar/frutas.precios.aspx,2026-10-06T12:20:50.197055Z
mcba,MCBA,Hortalizas,CILANDRO,PROM.ESP.,,,,,,ARS,ARS/kg,species_summary,species_summary,2025-10,9500.0,1,1,1,,,partial_period,official_publication_calendar_unverified,partial_unverified,median_observed_daily_prices,https://ssma.magyp.gob.ar/frutas.precios.aspx,2026-10-06T12:20:50.197055Z
mcba,MCBA,Hortalizas,CILANDRO,,BS. AS.,ATADO,Primera,MEDIANO,,ARS,ARS/kg,detail,detail,2025-10,9500.0,1,1,1,,,partial_period,official_publication_calendar_unverified,partial_unverified,median_observed_daily_prices,https://ssma.magyp.gob.ar/frutas.precios.aspx,2026-10-06T12:20:50.197055Z
mcba,MCBA,Hortalizas,COLIFLOR,PROM.ESP.,,,,,,ARS,ARS/kg,species_summary,species_summary,2025-10,600.0,1,1,1,,,partial_period,official_publication_calendar_unverified,partial_unverified,median_observed_daily_prices,https://ssma.magyp.gob.ar/frutas.precios.aspx,2026-10-06T12:20:50.197055Z
mcba,MCBA,Hortalizas,COLIFLOR,,BS. AS.,JAULA,Primera,MEDIANO,,ARS,ARS/kg,detail,detail,2025-10,600.0,1,1,1,,,partial_period,official_publication_calendar_unverified,partial_unverified,median_observed_daily_prices,https://ssma.magyp.gob.ar/frutas.precios.aspx,2026-10-06T12:20:50.197055Z
mcba,MCBA,Hortalizas,CURCUMA,PROM.ESP.,,,,,,ARS,ARS/kg,species_summary,species_summary,2025-10,5500.0,1,1,1,,,partial_period,official_publication_calendar_unverified,partial_unverified,median_observed_daily_prices,https://ssma.magyp.gob.ar/frutas.precios.aspx,2026-10-06T12:20:50.197055Z
mcba,MCBA,Hortalizas,CURCUMA,SIN VARIED,BRASIL,CAJA,Primera,MEDIANO,,ARS,ARS/kg,detail,detail,2025-10,5500.0,1,1,1,,,partial_period,official_publication_calendar_unverified,partial_unverified,median_observed_daily_prices,https://ssma.magyp.gob.ar/frutas.precios.aspx,2026-10-06T12:20:50.197055Z
mcba,MCBA,Hortalizas,CURCUMA,,MISIONES,PERDIDO,Primera,SIN TAM,,ARS,ARS/kg,detail,detail,2025-10,5500.0,1,1,1,,,partial_period,official_publication_calendar_unverified,partial_unverified,median_observed_daily_prices,https://ssma.magyp.gob.ar/frutas.precios.aspx,2026-10-06T12:20:50.197055Z
mcba,MCBA,Hortalizas,ENDIBIA,PROM.ESP.,,,,,,ARS,ARS/kg,species_summary,species_summary,2025-10,9500.0,1,1,1,,,partial_period,official_publication_calendar_unverified,partial_unverified,median_observed_daily_prices,https://ssma.magyp.gob.ar/frutas.precios.aspx,2026-10-06T12:20:50.197055Z
mcba,MCBA,Hortalizas,ENDIBIA,,BS. AS.,BANDEJA,Primera,MEDIANO,,ARS,ARS/kg,detail,detail,2025-10,9500.0,1,1,1,,,partial_period,official_publication_calendar_unverified,partial_unverified,median_observed_daily_prices,https://ssma.magyp.gob.ar/frutas.precios.aspx,2026-10-06T12:20:50.197055Z
mcba,MCBA,Hortalizas,ESCAROLA,HOJA ANCHA,BS. AS.,TORITO,Primera,,,ARS,ARS/kg,detail,detail,2025-10,840.0,1,1,1,,,partial_period,official_publication_calendar_unverified,partial_unverified,median_observed_daily_prices,https://ssma.magyp.gob.ar/frutas.precios.aspx,2026-10-06T12:20:50.197055Z
mcba,MCBA,Hortalizas,ESCAROLA,HOJA FINA,BS. AS.,TORITO,Primera,,,ARS,ARS/kg,detail,detail,2025-10,1000.0,1,1,1,,,partial_period,official_publication_calendar_unverified,partial_unverified,median_observed_daily_prices,https://ssma.magyp.gob.ar/frutas.precios.aspx,2026-10-06T12:20:50.197055Z
mcba,MCBA,Hortalizas,ESCAROLA,PROM.ESP.,,,,,,ARS,ARS/kg,species_summary,species_summary,2025-10,920.0,1,1,1,,,partial_period,official_publication_calendar_unverified,partial_unverified,median_observed_daily_prices,https://ssma.magyp.gob.ar/frutas.precios.aspx,2026-10-06T12:20:50.197055Z
mcba,MCBA,Hortalizas,ESPARRAGO,PROM.ESP.,,,,,,ARS,ARS/kg,species_summary,species_summary,2025-10,1920.0,1,1,1,,,partial_period,official_publication_calendar_unverified,partial_unverified,median_observed_daily_prices,https://ssma.magyp.gob.ar/frutas.precios.aspx,2026-10-06T12:20:50.197055Z
mcba,MCBA,Hortalizas,ESPARRAGO,VERDE,SAN JUAN,ATADO,Primera,MEDIANO,,ARS,ARS/kg,detail,detail,2025-10,1920.0,1,1,1,,,partial_period,official_publication_calendar_unverified,partial_unverified,median_observed_daily_prices,https://ssma.magyp.gob.ar/frutas.precios.aspx,2026-10-06T12:20:50.197055Z
mcba,MCBA,Hortalizas,ESPINACA,PROM.ESP.,,,,,,ARS,ARS/kg,species_summary,species_summary,2025-10,800.0,1,1,1,,,partial_period,official_publication_calendar_unverified,partial_unverified,median_observed_daily_prices,https://ssma.magyp.gob.ar/frutas.precios.aspx,2026-10-06T12:20:50.197055Z
mcba,MCBA,Hortalizas,ESPINACA,,BS. AS.,JAULA,Primera,,INVERNAC,ARS,ARS/kg,detail,detail,2025-10,800.0,1,1,1,,,partial_period,official_publication_calendar_unverified,partial_unverified,median_observed_daily_prices,https://ssma.magyp.gob.ar/frutas.precios.aspx,2026-10-06T12:20:50.197055Z
mcba,MCBA,Hortalizas,HINOJO,PROM.ESP.,,,,,,ARS,ARS/kg,species_summary,species_summary,2025-10,933.33,1,1,1,,,partial_period,official_publication_calendar_unverified,partial_unverified,median_observed_daily_prices,https://ssma.magyp.gob.ar/frutas.precios.aspx,2026-10-06T12:20:50.197055Z
mcba,MCBA,Hortalizas,HINOJO,,BS. AS.,JAULA,Primera,MEDIANO,,ARS,ARS/kg,detail,detail,2025-10,933.33,1,1,1,,,partial_period,official_publication_calendar_unverified,partial_unverified,median_observed_daily_prices,https://ssma.magyp.gob.ar/frutas.precios.aspx,2026-10-06T12:20:50.197055Z
mcba,MCBA,Hortalizas,HONGOS,AGARICUS,BS. AS.,BOLSA,Primera,,,ARS,ARS/kg,detail,detail,2025-10,14000.0,1,1,1,,,partial_period,official_publication_calendar_unverified,partial_unverified,median_observed_daily_prices,https://ssma.magyp.gob.ar/frutas.precios.aspx,2026-10-06T12:20:50.197055Z
mcba,MCBA,Hortalizas,HONGOS,OYSTER,BS. AS.,BANDEJA,Primera,,,ARS,ARS/kg,detail,detail,2025-10,15500.0,1,1,1,,,partial_period,official_publication_calendar_unverified,partial_unverified,median_observed_daily_prices,https://ssma.magyp.gob.ar/frutas.precios.aspx,2026-10-06T12:20:50.197055Z
mcba,MCBA,Hortalizas,HONGOS,PORTOBELO,BS. AS.,BOLSA,Primera,,,ARS,ARS/kg,detail,detail,2025-10,15500.0,1,1,1,,,partial_period,official_publication_calendar_unverified,partial_unverified,median_observed_daily_prices,https://ssma.magyp.gob.ar/frutas.precios.aspx,2026-10-06T12:20:50.197055Z
mcba,MCBA,Hortalizas,HONGOS,PROM.ESP.,,,,,,ARS,ARS/kg,species_summary,species_summary,2025-10,15000.0,1,1,1,,,partial_period,official_publication_calendar_unverified,partial_unverified,median_observed_daily_prices,https://ssma.magyp.gob.ar/frutas.precios.aspx,2026-10-06T12:20:50.197055Z
mcba,MCBA,Hortalizas,HONGOS,SHIITAKE,BS. AS.,BANDEJA,Primera,,,ARS,ARS/kg,detail,detail,2025-10,15000.0,1,1,1,,,partial_period,official_publication_calendar_unverified,partial_unverified,median_observed_daily_prices,https://ssma.magyp.gob.ar/frutas.precios.aspx,2026-10-06T12:20:50.197055Z
mcba,MCBA,Hortalizas,JENGIBRE,PROM.ESP.,,,,,,ARS,ARS/kg,species_summary,species_summary,2025-10,5700.0,1,1,1,,,partial_period,official_publication_calendar_unverified,partial_unverified,median_observed_daily_prices,https://ssma.magyp.gob.ar/frutas.precios.aspx,2026-10-06T12:20:50.197055Z
mcba,MCBA,Hortalizas,JENGIBRE,,BRASIL,BOLSA,Primera,MEDIANO,,ARS,ARS/kg,detail,detail,2025-10,5700.0,1,1,1,,,partial_period,official_publication_calendar_unverified,partial_unverified,median_observed_daily_prices,https://ssma.magyp.gob.ar/frutas.precios.aspx,2026-10-06T12:20:50.197055Z
mcba,MCBA,Hortalizas,KALE,CRESPO,BS. AS.,ATADO,Primera,SIN TAM,VERDE,ARS,ARS/kg,detail,detail,2025-10,800.0,1,1,1,,,partial_period,official_publication_calendar_unverified,partial_unverified,median_observed_daily_prices,https://ssma.magyp.gob.ar/frutas.precios.aspx,2026-10-06T12:20:50.197055Z
mcba,MCBA,Hortalizas,KALE,PROM.ESP.,,,,,,ARS,ARS/kg,species_summary,species_summary,2025-10,800.0,1,1,1,,,partial_period,official_publication_calendar_unverified,partial_unverified,median_observed_daily_prices,https://ssma.magyp.gob.ar/frutas.precios.aspx,2026-10-06T12:20:50.197055Z
mcba,MCBA,Hortalizas,LECHUGA,CAPUCHINA,BS. AS.,JAULA,Primera,MEDIANO,,ARS,ARS/kg,detail,detail,2025-10,833.33,1,1,1,,,partial_period,official_publication_calendar_unverified,partial_unverified,median_observed_daily_prices,https://ssma.magyp.gob.ar/frutas.precios.aspx,2026-10-06T12:20:50.197055Z
mcba,MCBA,Hortalizas,LECHUGA,CAPUCHINA,MENDOZA,PERDIDO,Primera,MEDIANO,,ARS,ARS/kg,detail,detail,2025-10,916.67,1,1,1,,,partial_period,official_publication_calendar_unverified,partial_unverified,median_observed_daily_prices,https://ssma.magyp.gob.ar/frutas.precios.aspx,2026-10-06T12:20:50.197055Z
mcba,MCBA,Hortalizas,LECHUGA,CAPUCHINA,SANTA FE,JAULA,Primera,MEDIANO,,ARS,ARS/kg,detail,detail,2025-10,916.67,1,1,1,,,partial_period,official_publication_calendar_unverified,partial_unverified,median_observed_daily_prices,https://ssma.magyp.gob.ar/frutas.precios.aspx,2026-10-06T12:20:50.197055Z
mcba,MCBA,Hortalizas,LECHUGA,CRIOLLA,BS. AS.,JAULA,Primera,GRANDE,INVERNAC,ARS,ARS/kg,detail,detail,2025-10,812.5,1,1,1,,,partial_period,official_publication_calendar_unverified,partial_unverified,median_observed_daily_prices,https://ssma.magyp.gob.ar/frutas.precios.aspx,2026-10-06T12:20:50.197055Z
mcba,MCBA,Hortalizas,LECHUGA,CRIOLLA,BS. AS.,JAULA,Primera,MEDIANO,INVERNAC,ARS,ARS/kg,detail,detail,2025-10,637.5,1,1,1,,,partial_period,official_publication_calendar_unverified,partial_unverified,median_observed_daily_prices,https://ssma.magyp.gob.ar/frutas.precios.aspx,2026-10-06T12:20:50.197055Z
mcba,MCBA,Hortalizas,LECHUGA,CRIOLLA,BS. AS.,JAULA,Primera,MEDIANO,,ARS,ARS/kg,detail,detail,2025-10,475.0,1,1,1,,,partial_period,official_publication_calendar_unverified,partial_unverified,median_observed_daily_prices,https://ssma.magyp.gob.ar/frutas.precios.aspx,2026-10-06T12:20:50.197055Z
mcba,MCBA,Hortalizas,LECHUGA,FRANCESA,BS. AS.,JAULA,Primera,MEDIANO,,ARS,ARS/kg,detail,detail,2025-10,412.5,1,1,1,,,partial_period,official_publication_calendar_unverified,partial_unverified,median_observed_daily_prices,https://ssma.magyp.gob.ar/frutas.precios.aspx,2026-10-06T12:20:50.197055Z
mcba,MCBA,Hortalizas,LECHUGA,MANTECOSA,BS. AS.,JAULA,Primera,MEDIANO,INVERNAC,ARS,ARS/kg,detail,detail,2025-10,940.0,1,1,1,,,partial_period,official_publication_calendar_unverified,partial_unverified,median_observed_daily_prices,https://ssma.magyp.gob.ar/frutas.precios.aspx,2026-10-06T12:20:50.197055Z
mcba,MCBA,Hortalizas,LECHUGA,MANTECOSA,BS. AS.,JAULA,Primera,MEDIANO,,ARS,ARS/kg,detail,detail,2025-10,700.0,1,1,1,,,partial_period,official_publication_calendar_unverified,partial_unverified,median_observed_daily_prices,https://ssma.magyp.gob.ar/frutas.precios.aspx,2026-10-06T12:20:50.197055Z
mcba,MCBA,Hortalizas,LECHUGA,PROM.ESP.,,,,,,ARS,ARS/kg,species_summary,species_summary,2025-10,738.24,1,1,1,,,partial_period,official_publication_calendar_unverified,partial_unverified,median_observed_daily_prices,https://ssma.magyp.gob.ar/frutas.precios.aspx,2026-10-06T12:20:50.197055Z
mcba,MCBA,Hortalizas,MANDIOCA,PROM.ESP.,,,,,,ARS,ARS/kg,species_summary,species_summary,2025-10,325.0,1,1,1,,,partial_period,official_publication_calendar_unverified,partial_unverified,median_observed_daily_prices,https://ssma.magyp.gob.ar/frutas.precios.aspx,2026-10-06T12:20:50.197055Z
mcba,MCBA,Hortalizas,MANDIOCA,,MISIONES,BOLSA,Primera,GRANDE,,ARS,ARS/kg,detail,detail,2025-10,325.0,1,1,1,,,partial_period,official_publication_calendar_unverified,partial_unverified,median_observed_daily_prices,https://ssma.magyp.gob.ar/frutas.precios.aspx,2026-10-06T12:20:50.197055Z
mcba,MCBA,Hortalizas,MENTA,PROM.ESP.,,,,,,ARS,ARS/kg,species_summary,species_summary,2025-10,9600.0,1,1,1,,,partial_period,official_publication_calendar_unverified,partial_unverified,median_observed_daily_prices,https://ssma.magyp.gob.ar/frutas.precios.aspx,2026-10-06T12:20:50.197055Z
mcba,MCBA,Hortalizas,MENTA,,BS. AS.,ATADO,Primera,MEDIANO,,ARS,ARS/kg,detail,detail,2025-10,9600.0,1,1,1,,,partial_period,official_publication_calendar_unverified,partial_unverified,median_observed_daily_prices,https://ssma.magyp.gob.ar/frutas.precios.aspx,2026-10-06T12:20:50.197055Z
mcba,MCBA,Hortalizas,OREGANO,PROM.ESP.,,,,,,ARS,ARS/kg,species_summary,species_summary,2025-10,9500.0,1,1,1,,,partial_period,official_publication_calendar_unverified,partial_unverified,median_observed_daily_prices,https://ssma.magyp.gob.ar/frutas.precios.aspx,2026-10-06T12:20:50.197055Z
mcba,MCBA,Hortalizas,OREGANO,,BS. AS.,ATADO,Primera,MEDIANO,,ARS,ARS/kg,detail,detail,2025-10,9500.0,1,1,1,,,partial_period,official_publication_calendar_unverified,partial_unverified,median_observed_daily_prices,https://ssma.magyp.gob.ar/frutas.precios.aspx,2026-10-06T12:20:50.197055Z
mcba,MCBA,Hortalizas,PACK CHOY,PROM.ESP.,,,,,,ARS,ARS/kg,species_summary,species_summary,2025-10,2333.33,1,1,1,,,partial_period,official_publication_calendar_unverified,partial_unverified,median_observed_daily_prices,https://ssma.magyp.gob.ar/frutas.precios.aspx,2026-10-06T12:20:50.197055Z
mcba,MCBA,Hortalizas,PACK CHOY,,BS. AS.,BANDEJA,Primera,,,ARS,ARS/kg,detail,detail,2025-10,2333.33,1,1,1,,,partial_period,official_publication_calendar_unverified,partial_unverified,median_observed_daily_prices,https://ssma.magyp.gob.ar/frutas.precios.aspx,2026-10-06T12:20:50.197055Z
mcba,MCBA,Hortalizas,PAPA,AGATA,BRASIL,BOLSA,Primera,MEDIANO,LAVADA,ARS,ARS/kg,detail,detail,2025-10,720.0,1,1,1,,,partial_period,official_publication_calendar_unverified,partial_unverified,median_observed_daily_prices,https://ssma.magyp.gob.ar/frutas.precios.aspx,2026-10-06T12:20:50.197055Z
mcba,MCBA,Hortalizas,PAPA,ASTERIX,BRASIL,BOLSA,Primera,MEDIANO,LAVADA,ARS,ARS/kg,detail,detail,2025-10,700.0,1,1,1,,,partial_period,official_publication_calendar_unverified,partial_unverified,median_observed_daily_prices,https://ssma.magyp.gob.ar/frutas.precios.aspx,2026-10-06T12:20:50.197055Z
mcba,MCBA,Hortalizas,PAPA,DAIFLA,SAN LUIS,BOLSA,Primera,MEDIANO,LAVADA,ARS,ARS/kg,detail,detail,2025-10,475.0,1,1,1,,,partial_period,official_publication_calendar_unverified,partial_unverified,median_observed_daily_prices,https://ssma.magyp.gob.ar/frutas.precios.aspx,2026-10-06T12:20:50.197055Z
mcba,MCBA,Hortalizas,PAPA,PROM.ESP.,,,,,,ARS,ARS/kg,species_summary,species_summary,2025-10,398.33,1,1,1,,,partial_period,official_publication_calendar_unverified,partial_unverified,median_observed_daily_prices,https://ssma.magyp.gob.ar/frutas.precios.aspx,2026-10-06T12:20:50.197055Z
mcba,MCBA,Hortalizas,PAPA,SAGITTA,SAN LUIS,BOLSA,Primera,MEDIANO,LAVADA,ARS,ARS/kg,detail,detail,2025-10,470.0,1,1,1,,,partial_period,official_publication_calendar_unverified,partial_unverified,median_observed_daily_prices,https://ssma.magyp.gob.ar/frutas.precios.aspx,2026-10-06T12:20:50.197055Z
mcba,MCBA,Hortalizas,PAPA,SAGITTA,SE BS.AS,BOLSA,Primera,MEDIANO,LAVADA,ARS,ARS/kg,detail,detail,2025-10,450.0,1,1,1,,,partial_period,official_publication_calendar_unverified,partial_unverified,median_observed_daily_prices,https://ssma.magyp.gob.ar/frutas.precios.aspx,2026-10-06T12:20:50.197055Z
mcba,MCBA,Hortalizas,PAPA,SPUNTA,CORDOBA,BOLSA,Segunda,MEDIANO,,ARS,ARS/kg,detail,detail,2025-10,244.44,1,1,1,,,partial_period,official_publication_calendar_unverified,partial_unverified,median_observed_daily_prices,https://ssma.magyp.gob.ar/frutas.precios.aspx,2026-10-06T12:20:50.197055Z
mcba,MCBA,Hortalizas,PAPA,SPUNTA,SE BS.AS,BOLSA,Primera,MEDIANO,LAVADA,ARS,ARS/kg,detail,detail,2025-10,500.0,1,1,1,,,partial_period,official_publication_calendar_unverified,partial_unverified,median_observed_daily_prices,https://ssma.magyp.gob.ar/frutas.precios.aspx,2026-10-06T12:20:50.197055Z
mcba,MCBA,Hortalizas,PAPA,SPUNTA,SE BS.AS,BOLSA,Segunda,MEDIANO,CEPILLAD,ARS,ARS/kg,detail,detail,2025-10,188.89,1,1,1,,,partial_period,official_publication_calendar_unverified,partial_unverified,median_observed_daily_prices,https://ssma.magyp.gob.ar/frutas.precios.aspx,2026-10-06T12:20:50.197055Z
mcba,MCBA,Hortalizas,PAPA,SPUNTA,SE BS.AS,BOLSA,Segunda,MEDIANO,,ARS,ARS/kg,detail,detail,2025-10,122.22,1,1,1,,,partial_period,official_publication_calendar_unverified,partial_unverified,median_observed_daily_prices,https://ssma.magyp.gob.ar/frutas.precios.aspx,2026-10-06T12:20:50.197055Z
mcba,MCBA,Hortalizas,PAPA,SPUNTA,TUCUMAN,BOLSA,Segunda,MED/CHI,,ARS,ARS/kg,detail,detail,2025-10,255.56,1,1,1,,,partial_period,official_publication_calendar_unverified,partial_unverified,median_observed_daily_prices,https://ssma.magyp.gob.ar/frutas.precios.aspx,2026-10-06T12:20:50.197055Z
mcba,MCBA,Hortalizas,PAPA,SPUNTA,V.DOLOR.,BOLSA,Segunda,MEDIANO,,ARS,ARS/kg,detail,detail,2025-10,255.56,1,1,1,,,partial_period,official_publication_calendar_unverified,partial_unverified,median_observed_daily_prices,https://ssma.magyp.gob.ar/frutas.precios.aspx,2026-10-06T12:20:50.197055Z
mcba,MCBA,Hortalizas,PEPINO,PROM.ESP.,,,,,,ARS,ARS/kg,species_summary,species_summary,2025-10,693.33,1,1,1,,,partial_period,official_publication_calendar_unverified,partial_unverified,median_observed_daily_prices,https://ssma.magyp.gob.ar/frutas.precios.aspx,2026-10-06T12:20:50.197055Z
mcba,MCBA,Hortalizas,PEPINO,,CTES.,PERDIDO,Primera,MEDIANO,,ARS,ARS/kg,detail,detail,2025-10,653.33,1,1,1,,,partial_period,official_publication_calendar_unverified,partial_unverified,median_observed_daily_prices,https://ssma.magyp.gob.ar/frutas.precios.aspx,2026-10-06T12:20:50.197055Z
mcba,MCBA,Hortalizas,PEPINO,,SALTA,PERDIDO,Primera,MEDIANO,,ARS,ARS/kg,detail,detail,2025-10,733.33,1,1,1,,,partial_period,official_publication_calendar_unverified,partial_unverified,median_observed_daily_prices,https://ssma.magyp.gob.ar/frutas.precios.aspx,2026-10-06T12:20:50.197055Z
mcba,MCBA,Hortalizas,PEREJIL,PROM.ESP.,,,,,,ARS,ARS/kg,species_summary,species_summary,2025-10,1075.0,1,1,1,,,partial_period,official_publication_calendar_unverified,partial_unverified,median_observed_daily_prices,https://ssma.magyp.gob.ar/frutas.precios.aspx,2026-10-06T12:20:50.197055Z
mcba,MCBA,Hortalizas,PEREJIL,,BS. AS.,JAULA,Primera,GRANDE,,ARS,ARS/kg,detail,detail,2025-10,1200.0,1,1,1,,,partial_period,official_publication_calendar_unverified,partial_unverified,median_observed_daily_prices,https://ssma.magyp.gob.ar/frutas.precios.aspx,2026-10-06T12:20:50.197055Z
mcba,MCBA,Hortalizas,PEREJIL,,BS. AS.,JAULA,Primera,MEDIANO,,ARS,ARS/kg,detail,detail,2025-10,950.0,1,1,1,,,partial_period,official_publication_calendar_unverified,partial_unverified,median_observed_daily_prices,https://ssma.magyp.gob.ar/frutas.precios.aspx,2026-10-06T12:20:50.197055Z
mcba,MCBA,Hortalizas,PIMIENTO,JALAPE¥O,CTES.,BANDEJA,Primera,MEDIANO,ROJO/INV,ARS,ARS/kg,detail,detail,2025-10,1750.0,1,1,1,,,partial_period,official_publication_calendar_unverified,partial_unverified,median_observed_daily_prices,https://ssma.magyp.gob.ar/frutas.precios.aspx,2026-10-06T12:20:50.197055Z
mcba,MCBA,Hortalizas,PIMIENTO,JALAPEÑO,CTES.,BANDEJA,Primera,GRANDE,VDE/INV,ARS,ARS/kg,detail,detail,2025-10,1625.0,1,1,1,,,partial_period,official_publication_calendar_unverified,partial_unverified,median_observed_daily_prices,https://ssma.magyp.gob.ar/frutas.precios.aspx,2026-10-06T12:20:50.197055Z
mcba,MCBA,Hortalizas,PIMIENTO,MORRON,CTES.,PERDIDO,Primera,GRANDE,ROJO/INV,ARS,ARS/kg,detail,detail,2025-10,2500.0,1,1,1,,,partial_period,official_publication_calendar_unverified,partial_unverified,median_observed_daily_prices,https://ssma.magyp.gob.ar/frutas.precios.aspx,2026-10-06T12:20:50.197055Z
mcba,MCBA,Hortalizas,PIMIENTO,MORRON,CTES.,PERDIDO,Primera,GRANDE,VDE/INV,ARS,ARS/kg,detail,detail,2025-10,1875.0,1,1,1,,,partial_period,official_publication_calendar_unverified,partial_unverified,median_observed_daily_prices,https://ssma.magyp.gob.ar/frutas.precios.aspx,2026-10-06T12:20:50.197055Z
mcba,MCBA,Hortalizas,PIMIENTO,MORRON,CTES.,PERDIDO,Primera,MEDIANO,ROJO/INV,ARS,ARS/kg,detail,detail,2025-10,1625.0,1,1,1,,,partial_period,official_publication_calendar_unverified,partial_unverified,median_observed_daily_prices,https://ssma.magyp.gob.ar/frutas.precios.aspx,2026-10-06T12:20:50.197055Z
mcba,MCBA,Hortalizas,PIMIENTO,MORRON,CTES.,PERDIDO,Primera,MEDIANO,VDE/INV,ARS,ARS/kg,detail,detail,2025-10,1375.0,1,1,1,,,partial_period,official_publication_calendar_unverified,partial_unverified,median_observed_daily_prices,https://ssma.magyp.gob.ar/frutas.precios.aspx,2026-10-06T12:20:50.197055Z
mcba,MCBA,Hortalizas,PIMIENTO,MORRON,SALTA,PERDIDO,Primera,GRANDE,ROJO/INV,ARS,ARS/kg,detail,detail,2025-10,3100.0,1,1,1,,,partial_period,official_publication_calendar_unverified,partial_unverified,median_observed_daily_prices,https://ssma.magyp.gob.ar/frutas.precios.aspx,2026-10-06T12:20:50.197055Z
mcba,MCBA,Hortalizas,PIMIENTO,MORRON,SALTA,PERDIDO,Primera,GRANDE,VDE/INV,ARS,ARS/kg,detail,detail,2025-10,2200.0,1,1,1,,,partial_period,official_publication_calendar_unverified,partial_unverified,median_observed_daily_prices,https://ssma.magyp.gob.ar/frutas.precios.aspx,2026-10-06T12:20:50.197055Z
mcba,MCBA,Hortalizas,PIMIENTO,MORRON,SALTA,PERDIDO,Primera,MEDIANO,ROJO/INV,ARS,ARS/kg,detail,detail,2025-10,2500.0,1,1,1,,,partial_period,official_publication_calendar_unverified,partial_unverified,median_observed_daily_prices,https://ssma.magyp.gob.ar/frutas.precios.aspx,2026-10-06T12:20:50.197055Z
mcba,MCBA,Hortalizas,PIMIENTO,MORRON,SALTA,PERDIDO,Primera,MEDIANO,VDE/INV,ARS,ARS/kg,detail,detail,2025-10,1600.0,1,1,1,,,partial_period,official_publication_calendar_unverified,partial_unverified,median_observed_daily_prices,https://ssma.magyp.gob.ar/frutas.precios.aspx,2026-10-06T12:20:50.197055Z
mcba,MCBA,Hortalizas,PIMIENTO,PROM.ESP.,,,,,,ARS,ARS/kg,species_summary,species_summary,2025-10,2013.64,1,1,1,,,partial_period,official_publication_calendar_unverified,partial_unverified,median_observed_daily_prices,https://ssma.magyp.gob.ar/frutas.precios.aspx,2026-10-06T12:20:50.197055Z
mcba,MCBA,Hortalizas,PIMIENTO,VINAGRE,CTES.,TORO,Primera,MEDIANO,VDE/INV,ARS,ARS/kg,detail,detail,2025-10,2000.0,1,1,1,,,partial_period,official_publication_calendar_unverified,partial_unverified,median_observed_daily_prices,https://ssma.magyp.gob.ar/frutas.precios.aspx,2026-10-06T12:20:50.197055Z
mcba,MCBA,Hortalizas,PUERRO,PROM.ESP.,,,,,,ARS,ARS/kg,species_summary,species_summary,2025-10,1350.0,1,1,1,,,partial_period,official_publication_calendar_unverified,partial_unverified,median_observed_daily_prices,https://ssma.magyp.gob.ar/frutas.precios.aspx,2026-10-06T12:20:50.197055Z
mcba,MCBA,Hortalizas,PUERRO,,BS. AS.,ATADO,Primera,MEDIANO,,ARS,ARS/kg,detail,detail,2025-10,1500.0,1,1,1,,,partial_period,official_publication_calendar_unverified,partial_unverified,median_observed_daily_prices,https://ssma.magyp.gob.ar/frutas.precios.aspx,2026-10-06T12:20:50.197055Z
mcba,MCBA,Hortalizas,PUERRO,,BS. AS.,JAULA,Primera,MEDIANO,,ARS,ARS/kg,detail,detail,2025-10,1200.0,1,1,1,,,partial_period,official_publication_calendar_unverified,partial_unverified,median_observed_daily_prices,https://ssma.magyp.gob.ar/frutas.precios.aspx,2026-10-06T12:20:50.197055Z
mcba,MCBA,Hortalizas,RABANITO,PROM.ESP.,,,,,,ARS,ARS/kg,species_summary,species_summary,2025-10,1600.0,1,1,1,,,partial_period,official_publication_calendar_unverified,partial_unverified,median_observed_daily_prices,https://ssma.magyp.gob.ar/frutas.precios.aspx,2026-10-06T12:20:50.197055Z
mcba,MCBA,Hortalizas,RABANITO,,BS. AS.,TORITO,Primera,,,ARS,ARS/kg,detail,detail,2025-10,1600.0,1,1,1,,,partial_period,official_publication_calendar_unverified,partial_unverified,median_observed_daily_prices,https://ssma.magyp.gob.ar/frutas.precios.aspx,2026-10-06T12:20:50.197055Z
mcba,MCBA,Hortalizas,RADICCHIO,PROM.ESP.,,,,,,ARS,ARS/kg,species_summary,species_summary,2025-10,6500.0,1,1,1,,,partial_period,official_publication_calendar_unverified,partial_unverified,median_observed_daily_prices,https://ssma.magyp.gob.ar/frutas.precios.aspx,2026-10-06T12:20:50.197055Z
mcba,MCBA,Hortalizas,RADICCHIO,,BS. AS.,BANDEJA,Primera,MEDIANO,,ARS,ARS/kg,detail,detail,2025-10,6500.0,1,1,1,,,partial_period,official_publication_calendar_unverified,partial_unverified,median_observed_daily_prices,https://ssma.magyp.gob.ar/frutas.precios.aspx,2026-10-06T12:20:50.197055Z
mcba,MCBA,Hortalizas,RADICHETA,1ER.CORTE,BS. AS.,BANDEJA,Primera,,,ARS,ARS/kg,detail,detail,2025-10,1500.0,1,1,1,,,partial_period,official_publication_calendar_unverified,partial_unverified,median_observed_daily_prices,https://ssma.magyp.gob.ar/frutas.precios.aspx,2026-10-06T12:20:50.197055Z
mcba,MCBA,Hortalizas,RADICHETA,2DO.CORTE,BS. AS.,BANDEJA,Primera,,,ARS,ARS/kg,detail,detail,2025-10,766.67,1,1,1,,,partial_period,official_publication_calendar_unverified,partial_unverified,median_observed_daily_prices,https://ssma.magyp.gob.ar/frutas.precios.aspx,2026-10-06T12:20:50.197055Z
mcba,MCBA,Hortalizas,RADICHETA,PROM.ESP.,,,,,,ARS,ARS/kg,species_summary,species_summary,2025-10,1133.34,1,1,1,,,partial_period,official_publication_calendar_unverified,partial_unverified,median_observed_daily_prices,https://ssma.magyp.gob.ar/frutas.precios.aspx,2026-10-06T12:20:50.197055Z
mcba,MCBA,Hortalizas,REMOLACHA,PROM.ESP.,,,,,,ARS,ARS/kg,species_summary,species_summary,2025-10,615.56,1,1,1,,,partial_period,official_publication_calendar_unverified,partial_unverified,median_observed_daily_prices,https://ssma.magyp.gob.ar/frutas.precios.aspx,2026-10-06T12:20:50.197055Z
mcba,MCBA,Hortalizas,REMOLACHA,,BS. AS.,BOLSA,Primera,MEDIANO,,ARS,ARS/kg,detail,detail,2025-10,550.0,1,1,1,,,partial_period,official_publication_calendar_unverified,partial_unverified,median_observed_daily_prices,https://ssma.magyp.gob.ar/frutas.precios.aspx,2026-10-06T12:20:50.197055Z
mcba,MCBA,Hortalizas,REMOLACHA,,BS. AS.,JAULA,Primera,MEDIANO,,ARS,ARS/kg,detail,detail,2025-10,666.67,1,1,1,,,partial_period,official_publication_calendar_unverified,partial_unverified,median_observed_daily_prices,https://ssma.magyp.gob.ar/frutas.precios.aspx,2026-10-06T12:20:50.197055Z
mcba,MCBA,Hortalizas,REMOLACHA,,SANTA FE,BOLSA,Primera,MEDIANO,,ARS,ARS/kg,detail,detail,2025-10,630.0,1,1,1,,,partial_period,official_publication_calendar_unverified,partial_unverified,median_observed_daily_prices,https://ssma.magyp.gob.ar/frutas.precios.aspx,2026-10-06T12:20:50.197055Z
mcba,MCBA,Hortalizas,REPOLLO,BLANCO,BS. AS.,JAULA,Primera,GRANDE,,ARS,ARS/kg,detail,detail,2025-10,486.67,1,1,1,,,partial_period,official_publication_calendar_unverified,partial_unverified,median_observed_daily_prices,https://ssma.magyp.gob.ar/frutas.precios.aspx,2026-10-06T12:20:50.197055Z
mcba,MCBA,Hortalizas,REPOLLO,BLANCO,BS. AS.,JAULA,Primera,MEDIANO,,ARS,ARS/kg,detail,detail,2025-10,400.0,1,1,1,,,partial_period,official_publication_calendar_unverified,partial_unverified,median_observed_daily_prices,https://ssma.magyp.gob.ar/frutas.precios.aspx,2026-10-06T12:20:50.197055Z
mcba,MCBA,Hortalizas,REPOLLO,BLANCO,MENDOZA,BOLSA,Primera,MEDIANO,,ARS,ARS/kg,detail,detail,2025-10,600.0,1,1,1,,,partial_period,official_publication_calendar_unverified,partial_unverified,median_observed_daily_prices,https://ssma.magyp.gob.ar/frutas.precios.aspx,2026-10-06T12:20:50.197055Z
mcba,MCBA,Hortalizas,REPOLLO,BLANCO,SANTA FE,BOLSA,Primera,GRANDE,,ARS,ARS/kg,detail,detail,2025-10,433.33,1,1,1,,,partial_period,official_publication_calendar_unverified,partial_unverified,median_observed_daily_prices,https://ssma.magyp.gob.ar/frutas.precios.aspx,2026-10-06T12:20:50.197055Z
mcba,MCBA,Hortalizas,REPOLLO,COLORADO,BS. AS.,JAULA,Primera,GRANDE,,ARS,ARS/kg,detail,detail,2025-10,506.67,1,1,1,,,partial_period,official_publication_calendar_unverified,partial_unverified,median_observed_daily_prices,https://ssma.magyp.gob.ar/frutas.precios.aspx,2026-10-06T12:20:50.197055Z
mcba,MCBA,Hortalizas,REPOLLO,COLORADO,BS. AS.,JAULA,Primera,MEDIANO,,ARS,ARS/kg,detail,detail,2025-10,433.33,1,1,1,,,partial_period,official_publication_calendar_unverified,partial_unverified,median_observed_daily_prices,https://ssma.magyp.gob.ar/frutas.precios.aspx,2026-10-06T12:20:50.197055Z
mcba,MCBA,Hortalizas,REPOLLO,COLORADO,MENDOZA,BOLSA,Primera,MEDIANO,,ARS,ARS/kg,detail,detail,2025-10,750.0,1,1,1,,,partial_period,official_publication_calendar_unverified,partial_unverified,median_observed_daily_prices,https://ssma.magyp.gob.ar/frutas.precios.aspx,2026-10-06T12:20:50.197055Z
mcba,MCBA,Hortalizas,REPOLLO,COLORADO,SANTA FE,BOLSA,Primera,MEDIANO,,ARS,ARS/kg,detail,detail,2025-10,466.67,1,1,1,,,partial_period,official_publication_calendar_unverified,partial_unverified,median_observed_daily_prices,https://ssma.magyp.gob.ar/frutas.precios.aspx,2026-10-06T12:20:50.197055Z
mcba,MCBA,Hortalizas,REPOLLO,PROM.ESP.,,,,,,ARS,ARS/kg,species_summary,species_summary,2025-10,509.58,1,1,1,,,partial_period,official_publication_calendar_unverified,partial_unverified,median_observed_daily_prices,https://ssma.magyp.gob.ar/frutas.precios.aspx,2026-10-06T12:20:50.197055Z
mcba,MCBA,Hortalizas,ROMERO,PROM.ESP.,,,,,,ARS,ARS/kg,species_summary,species_summary,2025-10,8500.0,1,1,1,,,partial_period,official_publication_calendar_unverified,partial_unverified,median_observed_daily_prices,https://ssma.magyp.gob.ar/frutas.precios.aspx,2026-10-06T12:20:50.197055Z
mcba,MCBA,Hortalizas,ROMERO,,BS. AS.,ATADO,Primera,MEDIANO,,ARS,ARS/kg,detail,detail,2025-10,8500.0,1,1,1,,,partial_period,official_publication_calendar_unverified,partial_unverified,median_observed_daily_prices,https://ssma.magyp.gob.ar/frutas.precios.aspx,2026-10-06T12:20:50.197055Z
mcba,MCBA,Hortalizas,RUCULA,PROM.ESP.,,,,,,ARS,ARS/kg,species_summary,species_summary,2025-10,1333.33,1,1,1,,,partial_period,official_publication_calendar_unverified,partial_unverified,median_observed_daily_prices,https://ssma.magyp.gob.ar/frutas.precios.aspx,2026-10-06T12:20:50.197055Z
mcba,MCBA,Hortalizas,RUCULA,,BS. AS.,BANDEJA,Primera,SIN TAM,,ARS,ARS/kg,detail,detail,2025-10,1333.33,1,1,1,,,partial_period,official_publication_calendar_unverified,partial_unverified,median_observed_daily_prices,https://ssma.magyp.gob.ar/frutas.precios.aspx,2026-10-06T12:20:50.197055Z
mcba,MCBA,Hortalizas,SALVIA,PROM.ESP.,,,,,,ARS,ARS/kg,species_summary,species_summary,2025-10,8500.0,1,1,1,,,partial_period,official_publication_calendar_unverified,partial_unverified,median_observed_daily_prices,https://ssma.magyp.gob.ar/frutas.precios.aspx,2026-10-06T12:20:50.197055Z
mcba,MCBA,Hortalizas,SALVIA,,BS. AS.,BOLSA,Primera,,,ARS,ARS/kg,detail,detail,2025-10,8500.0,1,1,1,,,partial_period,official_publication_calendar_unverified,partial_unverified,median_observed_daily_prices,https://ssma.magyp.gob.ar/frutas.precios.aspx,2026-10-06T12:20:50.197055Z
mcba,MCBA,Hortalizas,TOMATE,CHERRY,CTES.,CAJA,Primera,GRANDE,PTN/INV,ARS,ARS/kg,detail,detail,2025-10,3000.0,1,1,1,,,partial_period,official_publication_calendar_unverified,partial_unverified,median_observed_daily_prices,https://ssma.magyp.gob.ar/frutas.precios.aspx,2026-10-06T12:20:50.197055Z
mcba,MCBA,Hortalizas,TOMATE,CHERRY,CTES.,CAJA,Primera,MEDIANO,PTN/INV,ARS,ARS/kg,detail,detail,2025-10,2400.0,1,1,1,,,partial_period,official_publication_calendar_unverified,partial_unverified,median_observed_daily_prices,https://ssma.magyp.gob.ar/frutas.precios.aspx,2026-10-06T12:20:50.197055Z
mcba,MCBA,Hortalizas,TOMATE,CHERRY,SALTA,CAJA,Primera,CHICO,ROJO/INV,ARS,ARS/kg,detail,detail,2025-10,1200.0,1,1,1,,,partial_period,official_publication_calendar_unverified,partial_unverified,median_observed_daily_prices,https://ssma.magyp.gob.ar/frutas.precios.aspx,2026-10-06T12:20:50.197055Z
mcba,MCBA,Hortalizas,TOMATE,CHERRY,SALTA,CAJA,Primera,GRANDE,PTN/INV,ARS,ARS/kg,detail,detail,2025-10,3300.0,1,1,1,,,partial_period,official_publication_calendar_unverified,partial_unverified,median_observed_daily_prices,https://ssma.magyp.gob.ar/frutas.precios.aspx,2026-10-06T12:20:50.197055Z
mcba,MCBA,Hortalizas,TOMATE,CHERRY,SALTA,CAJA,Primera,MEDIANO,PTN/INV,ARS,ARS/kg,detail,detail,2025-10,2200.0,1,1,1,,,partial_period,official_publication_calendar_unverified,partial_unverified,median_observed_daily_prices,https://ssma.magyp.gob.ar/frutas.precios.aspx,2026-10-06T12:20:50.197055Z
mcba,MCBA,Hortalizas,TOMATE,PERITA,SALTA,PERDIDO,Primera,GRANDE,PTN/INV,ARS,ARS/kg,detail,detail,2025-10,1888.89,1,1,1,,,partial_period,official_publication_calendar_unverified,partial_unverified,median_observed_daily_prices,https://ssma.magyp.gob.ar/frutas.precios.aspx,2026-10-06T12:20:50.197055Z
mcba,MCBA,Hortalizas,TOMATE,PERITA,SALTA,PERDIDO,Primera,MEDIANO,PTN/INV,ARS,ARS/kg,detail,detail,2025-10,1611.11,1,1,1,,,partial_period,official_publication_calendar_unverified,partial_unverified,median_observed_daily_prices,https://ssma.magyp.gob.ar/frutas.precios.aspx,2026-10-06T12:20:50.197055Z
mcba,MCBA,Hortalizas,TOMATE,PERITA,SALTA,PERDIDO,Segunda,MEDIANO,PINTON,ARS,ARS/kg,detail,detail,2025-10,888.89,1,1,1,,,partial_period,official_publication_calendar_unverified,partial_unverified,median_observed_daily_prices,https://ssma.magyp.gob.ar/frutas.precios.aspx,2026-10-06T12:20:50.197055Z
mcba,MCBA,Hortalizas,TOMATE,PERITA,SALTA,PERDIDO,Segunda,MEDIANO,ROJO,ARS,ARS/kg,detail,detail,2025-10,722.22,1,1,1,,,partial_period,official_publication_calendar_unverified,partial_unverified,median_observed_daily_prices,https://ssma.magyp.gob.ar/frutas.precios.aspx,2026-10-06T12:20:50.197055Z
mcba,MCBA,Hortalizas,TOMATE,PERITA,SALTA,TORO,Primera,GRANDE,PINTON,ARS,ARS/kg,detail,detail,2025-10,1277.78,1,1,1,,,partial_period,official_publication_calendar_unverified,partial_unverified,median_observed_daily_prices,https://ssma.magyp.gob.ar/frutas.precios.aspx,2026-10-06T12:20:50.197055Z
mcba,MCBA,Hortalizas,TOMATE,PERITA,SALTA,TORO,Primera,MEDIANO,PINTON,ARS,ARS/kg,detail,detail,2025-10,1000.0,1,1,1,,,partial_period,official_publication_calendar_unverified,partial_unverified,median_observed_daily_prices,https://ssma.magyp.gob.ar/frutas.precios.aspx,2026-10-06T12:20:50.197055Z
mcba,MCBA,Hortalizas,TOMATE,PROM.ESP.,,,,,,ARS,ARS/kg,species_summary,species_summary,2025-10,1497.4,1,1,1,,,partial_period,official_publication_calendar_unverified,partial_unverified,median_observed_daily_prices,https://ssma.magyp.gob.ar/frutas.precios.aspx,2026-10-06T12:20:50.197055Z
mcba,MCBA,Hortalizas,TOMATE,REDONDO,CHILE,PERDIDO,Primera,GRANDE,ROJO/INV,ARS,ARS/kg,detail,detail,2025-10,2388.89,1,1,1,,,partial_period,official_publication_calendar_unverified,partial_unverified,median_observed_daily_prices,https://ssma.magyp.gob.ar/frutas.precios.aspx,2026-10-06T12:20:50.197055Z
mcba,MCBA,Hortalizas,TOMATE,REDONDO,CTES.,PERDIDO,Primera,GRANDE,PTN/INV,ARS,ARS/kg,detail,detail,2025-10,1687.5,1,1,1,,,partial_period,official_publication_calendar_unverified,partial_unverified,median_observed_daily_prices,https://ssma.magyp.gob.ar/frutas.precios.aspx,2026-10-06T12:20:50.197055Z
mcba,MCBA,Hortalizas,TOMATE,REDONDO,CTES.,PERDIDO,Primera,MEDIANO,PTN/INV,ARS,ARS/kg,detail,detail,2025-10,1312.5,1,1,1,,,partial_period,official_publication_calendar_unverified,partial_unverified,median_observed_daily_prices,https://ssma.magyp.gob.ar/frutas.precios.aspx,2026-10-06T12:20:50.197055Z
mcba,MCBA,Hortalizas,TOMATE,REDONDO,CTES.,PERDIDO,Primera,MEDIANO,ROJO/INV,ARS,ARS/kg,detail,detail,2025-10,1062.5,1,1,1,,,partial_period,official_publication_calendar_unverified,partial_unverified,median_observed_daily_prices,https://ssma.magyp.gob.ar/frutas.precios.aspx,2026-10-06T12:20:50.197055Z
mcba,MCBA,Hortalizas,TOMATE,REDONDO,CTES.,PERDIDO,Segunda,GRANDE,PTN/INV,ARS,ARS/kg,detail,detail,2025-10,1125.0,1,1,1,,,partial_period,official_publication_calendar_unverified,partial_unverified,median_observed_daily_prices,https://ssma.magyp.gob.ar/frutas.precios.aspx,2026-10-06T12:20:50.197055Z
mcba,MCBA,Hortalizas,TOMATE,REDONDO,CTES.,PERDIDO,Segunda,MEDIANO,PTN/INV,ARS,ARS/kg,detail,detail,2025-10,875.0,1,1,1,,,partial_period,official_publication_calendar_unverified,partial_unverified,median_observed_daily_prices,https://ssma.magyp.gob.ar/frutas.precios.aspx,2026-10-06T12:20:50.197055Z
mcba,MCBA,Hortalizas,TOMATE,REDONDO,SALTA,PERDIDO,Primera,GRANDE,PINTON,ARS,ARS/kg,detail,detail,2025-10,1111.11,1,1,1,,,partial_period,official_publication_calendar_unverified,partial_unverified,median_observed_daily_prices,https://ssma.magyp.gob.ar/frutas.precios.aspx,2026-10-06T12:20:50.197055Z
mcba,MCBA,Hortalizas,TOMATE,REDONDO,SALTA,PERDIDO,Primera,GRANDE,PTN/INV,ARS,ARS/kg,detail,detail,2025-10,1777.78,1,1,1,,,partial_period,official_publication_calendar_unverified,partial_unverified,median_observed_daily_prices,https://ssma.magyp.gob.ar/frutas.precios.aspx,2026-10-06T12:20:50.197055Z
mcba,MCBA,Hortalizas,TOMATE,REDONDO,SALTA,PERDIDO,Primera,MEDIANO,PINTON,ARS,ARS/kg,detail,detail,2025-10,888.89,1,1,1,,,partial_period,official_publication_calendar_unverified,partial_unverified,median_observed_daily_prices,https://ssma.magyp.gob.ar/frutas.precios.aspx,2026-10-06T12:20:50.197055Z
mcba,MCBA,Hortalizas,TOMATE,REDONDO,SALTA,PERDIDO,Primera,MEDIANO,PTN/INV,ARS,ARS/kg,detail,detail,2025-10,1444.44,1,1,1,,,partial_period,official_publication_calendar_unverified,partial_unverified,median_observed_daily_prices,https://ssma.magyp.gob.ar/frutas.precios.aspx,2026-10-06T12:20:50.197055Z
mcba,MCBA,Hortalizas,TOMATE,REDONDO,SALTA,PERDIDO,Segunda,MEDIANO,PINTON,ARS,ARS/kg,detail,detail,2025-10,722.22,1,1,1,,,partial_period,official_publication_calendar_unverified,partial_unverified,median_observed_daily_prices,https://ssma.magyp.gob.ar/frutas.precios.aspx,2026-10-06T12:20:50.197055Z
mcba,MCBA,Hortalizas,TOMATE,REDONDO,SALTA,PERDIDO,Segunda,MEDIANO,ROJO,ARS,ARS/kg,detail,detail,2025-10,555.56,1,1,1,,,partial_period,official_publication_calendar_unverified,partial_unverified,median_observed_daily_prices,https://ssma.magyp.gob.ar/frutas.precios.aspx,2026-10-06T12:20:50.197055Z
mcba,MCBA,Hortalizas,TOMILLO,PROM.ESP.,,,,,,ARS,ARS/kg,species_summary,species_summary,2025-10,9000.0,1,1,1,,,partial_period,official_publication_calendar_unverified,partial_unverified,median_observed_daily_prices,https://ssma.magyp.gob.ar/frutas.precios.aspx,2026-10-06T12:20:50.197055Z
mcba,MCBA,Hortalizas,TOMILLO,,BS. AS.,ATADO,,MEDIANO,,ARS,ARS/kg,detail,detail,2025-10,9000.0,1,1,1,,,partial_period,official_publication_calendar_unverified,partial_unverified,median_observed_daily_prices,https://ssma.magyp.gob.ar/frutas.precios.aspx,2026-10-06T12:20:50.197055Z
mcba,MCBA,Hortalizas,ZANAHORIA,CHANTENAY,MENDOZA,BOLSA,Primera,MEDIANO,,ARS,ARS/kg,detail,detail,2025-10,340.0,1,1,1,,,partial_period,official_publication_calendar_unverified,partial_unverified,median_observed_daily_prices,https://ssma.magyp.gob.ar/frutas.precios.aspx,2026-10-06T12:20:50.197055Z
mcba,MCBA,Hortalizas,ZANAHORIA,CHANTENAY,SANTA FE,BOLSA,Primera,MEDIANO,,ARS,ARS/kg,detail,detail,2025-10,320.0,1,1,1,,,partial_period,official_publication_calendar_unverified,partial_unverified,median_observed_daily_prices,https://ssma.magyp.gob.ar/frutas.precios.aspx,2026-10-06T12:20:50.197055Z
mcba,MCBA,Hortalizas,ZANAHORIA,CHANTENAY,SGO.EST.,BOLSA,Primera,MEDIANO,,ARS,ARS/kg,detail,detail,2025-10,405.56,1,1,1,,,partial_period,official_publication_calendar_unverified,partial_unverified,median_observed_daily_prices,https://ssma.magyp.gob.ar/frutas.precios.aspx,2026-10-06T12:20:50.197055Z
mcba,MCBA,Hortalizas,ZANAHORIA,PROM.ESP.,,,,,,ARS,ARS/kg,species_summary,species_summary,2025-10,391.39,1,1,1,,,partial_period,official_publication_calendar_unverified,partial_unverified,median_observed_daily_prices,https://ssma.magyp.gob.ar/frutas.precios.aspx,2026-10-06T12:20:50.197055Z
mcba,MCBA,Hortalizas,ZAPALLITO,LARGO,BS. AS.,TORO,Primera,MEDIANO,INVERNAC,ARS,ARS/kg,detail,detail,2025-10,866.67,1,1,1,,,partial_period,official_publication_calendar_unverified,partial_unverified,median_observed_daily_prices,https://ssma.magyp.gob.ar/frutas.precios.aspx,2026-10-06T12:20:50.197055Z
mcba,MCBA,Hortalizas,ZAPALLITO,LARGO,SALTA,TORO,Primera,MEDIANO,,ARS,ARS/kg,detail,detail,2025-10,555.56,1,1,1,,,partial_period,official_publication_calendar_unverified,partial_unverified,median_observed_daily_prices,https://ssma.magyp.gob.ar/frutas.precios.aspx,2026-10-06T12:20:50.197055Z
mcba,MCBA,Hortalizas,ZAPALLITO,LARGO,SALTA,TORO,Segunda,MEDIANO,,ARS,ARS/kg,detail,detail,2025-10,388.89,1,1,1,,,partial_period,official_publication_calendar_unverified,partial_unverified,median_observed_daily_prices,https://ssma.magyp.gob.ar/frutas.precios.aspx,2026-10-06T12:20:50.197055Z
mcba,MCBA,Hortalizas,ZAPALLITO,PROM.ESP.,,,,,,ARS,ARS/kg,species_summary,species_summary,2025-10,593.06,1,1,1,,,partial_period,official_publication_calendar_unverified,partial_unverified,median_observed_daily_prices,https://ssma.magyp.gob.ar/frutas.precios.aspx,2026-10-06T12:20:50.197055Z
mcba,MCBA,Hortalizas,ZAPALLITO,REDONDO,BS. AS.,TORO,Primera,MEDIANO,INVERNAC,ARS,ARS/kg,detail,detail,2025-10,933.33,1,1,1,,,partial_period,official_publication_calendar_unverified,partial_unverified,median_observed_daily_prices,https://ssma.magyp.gob.ar/frutas.precios.aspx,2026-10-06T12:20:50.197055Z
mcba,MCBA,Hortalizas,ZAPALLITO,REDONDO,SALTA,TORO,Primera,MEDIANO,INVERNAC,ARS,ARS/kg,detail,detail,2025-10,611.11,1,1,1,,,partial_period,official_publication_calendar_unverified,partial_unverified,median_observed_daily_prices,https://ssma.magyp.gob.ar/frutas.precios.aspx,2026-10-06T12:20:50.197055Z
mcba,MCBA,Hortalizas,ZAPALLITO,REDONDO,SALTA,TORO,Primera,MEDIANO,,ARS,ARS/kg,detail,detail,2025-10,500.0,1,1,1,,,partial_period,official_publication_calendar_unverified,partial_unverified,median_observed_daily_prices,https://ssma.magyp.gob.ar/frutas.precios.aspx,2026-10-06T12:20:50.197055Z
mcba,MCBA,Hortalizas,ZAPALLITO,REDONDO,SALTA,TORO,Segunda,MEDIANO,,ARS,ARS/kg,detail,detail,2025-10,333.33,1,1,1,,,partial_period,official_publication_calendar_unverified,partial_unverified,median_observed_daily_prices,https://ssma.magyp.gob.ar/frutas.precios.aspx,2026-10-06T12:20:50.197055Z
mcba,MCBA,Hortalizas,ZAPALLITO,REDONDO,SANTA FE,TORO,Primera,MEDIANO,,ARS,ARS/kg,detail,detail,2025-10,555.56,1,1,1,,,partial_period,official_publication_calendar_unverified,partial_unverified,median_observed_daily_prices,https://ssma.magyp.gob.ar/frutas.precios.aspx,2026-10-06T12:20:50.197055Z
mcba,MCBA,Hortalizas,ZAPALLO,ANC.COKENA,MENDOZA,BOLSA,Primera,MEDIANO,,ARS,ARS/kg,detail,detail,2025-10,533.33,1,1,1,,,partial_period,official_publication_calendar_unverified,partial_unverified,median_observed_daily_prices,https://ssma.magyp.gob.ar/frutas.precios.aspx,2026-10-06T12:20:50.197055Z
mcba,MCBA,Hortalizas,ZAPALLO,ANC.COKENA,S.BS.AS.,BOLSA,Primera,MEDIANO,,ARS,ARS/kg,detail,detail,2025-10,486.67,1,1,1,,,partial_period,official_publication_calendar_unverified,partial_unverified,median_observed_daily_prices,https://ssma.magyp.gob.ar/frutas.precios.aspx,2026-10-06T12:20:50.197055Z
mcba,MCBA,Hortalizas,ZAPALLO,ANC.COKENA,SALTA,BOLSA,Primera,MEDIANO,,ARS,ARS/kg,detail,detail,2025-10,777.78,1,1,1,,,partial_period,official_publication_calendar_unverified,partial_unverified,median_observed_daily_prices,https://ssma.magyp.gob.ar/frutas.precios.aspx,2026-10-06T12:20:50.197055Z
mcba,MCBA,Hortalizas,ZAPALLO,ANQUITO,MENDOZA,BOLSA,Primera,MEDIANO,,ARS,ARS/kg,detail,detail,2025-10,300.0,1,1,1,,,partial_period,official_publication_calendar_unverified,partial_unverified,median_observed_daily_prices,https://ssma.magyp.gob.ar/frutas.precios.aspx,2026-10-06T12:20:50.197055Z
mcba,MCBA,Hortalizas,ZAPALLO,PROM.ESP.,,,,,,ARS,ARS/kg,species_summary,species_summary,2025-10,545.7,1,1,1,,,partial_period,official_publication_calendar_unverified,partial_unverified,median_observed_daily_prices,https://ssma.magyp.gob.ar/frutas.precios.aspx,2026-10-06T12:20:50.197055Z
mcba,MCBA,Hortalizas,ZAPALLO,TETSUKAB.,MENDOZA,BOLSA,Primera,MEDIANO,,ARS,ARS/kg,detail,detail,2025-10,466.67,1,1,1,,,partial_period,official_publication_calendar_unverified,partial_unverified,median_observed_daily_prices,https://ssma.magyp.gob.ar/frutas.precios.aspx,2026-10-06T12:20:50.197055Z
mcba,MCBA,Hortalizas,ZAPALLO,TETSUKAB.,S.BS.AS.,BOLSA,Primera,MEDIANO,,ARS,ARS/kg,detail,detail,2025-10,440.0,1,1,1,,,partial_period,official_publication_calendar_unverified,partial_unverified,median_observed_daily_prices,https://ssma.magyp.gob.ar/frutas.precios.aspx,2026-10-06T12:20:50.197055Z
mcba,MCBA,Hortalizas,ZAPALLO,TETSUKAB.,SALTA,BOLSA,Primera,GRANDE,,ARS,ARS/kg,detail,detail,2025-10,722.22,1,1,1,,,partial_period,official_publication_calendar_unverified,partial_unverified,median_observed_daily_prices,https://ssma.magyp.gob.ar/frutas.precios.aspx,2026-10-06T12:20:50.197055Z
mcba,MCBA,Hortalizas,ZAPALLO,TETSUKAB.,SALTA,BOLSA,Primera,MEDIANO,,ARS,ARS/kg,detail,detail,2025-10,638.89,1,1,1,,,partial_period,official_publication_calendar_unverified,partial_unverified,median_observed_daily_prices,https://ssma.magyp.gob.ar/frutas.precios.aspx,2026-10-06T12:20:50.197055Z
mcba,MCBA,Frutas,ANANA,PI¥A,BRASIL,CAJA,Elegido,010/012,,ARS,ARS/kg,detail,detail,2026-08,2333.33,4,4,4,,,partial_period,official_publication_calendar_unverified,partial_unverified,median_observed_daily_prices,https://ssma.magyp.gob.ar/frutas.precios.aspx,2026-10-06T12:47:17.891082Z
mcba,MCBA,Frutas,ANANA,PI¥A,ECUADOR,CAJA,Elegido,008/010,,ARS,ARS/kg,detail,detail,2026-08,4666.67,2,2,2,,,partial_period,official_publication_calendar_unverified,partial_unverified,median_observed_daily_prices,https://ssma.magyp.gob.ar/frutas.precios.aspx,2026-10-06T12:47:17.891082Z
mcba,MCBA,Frutas,ANANA,PI¥A,ECUADOR,CAJA,Elegido,012/014,,ARS,ARS/kg,detail,detail,2026-08,2636.36,2,2,2,,,partial_period,official_publication_calendar_unverified,partial_unverified,median_observed_daily_prices,https://ssma.magyp.gob.ar/frutas.precios.aspx,2026-10-06T12:47:17.891082Z
mcba,MCBA,Frutas,ANANA,PROM.ESP.,,,,,,ARS,ARS/kg,species_summary,species_summary,2026-08,2992.425,4,4,4,,,partial_period,official_publication_calendar_unverified,partial_unverified,median_observed_daily_prices,https://ssma.magyp.gob.ar/frutas.precios.aspx,2026-10-06T12:47:17.891082Z
mcba,MCBA,Frutas,ARANDANO,PROM.ESP.,,,,,,ARS,ARS/kg,species_summary,species_summary,2026-08,12166.7,4,4,4,,,partial_period,official_publication_calendar_unverified,partial_unverified,median_observed_daily_prices,https://ssma.magyp.gob.ar/frutas.precios.aspx,2026-10-06T12:47:17.891082Z
mcba,MCBA,Frutas,ARANDANO,,CTES.,CAJA,Elegido,GRANEL,,ARS,ARS/kg,detail,detail,2026-08,12000.0,3,3,3,,,partial_period,official_publication_calendar_unverified,partial_unverified,median_observed_daily_prices,https://ssma.magyp.gob.ar/frutas.precios.aspx,2026-10-06T12:47:17.891082Z
mcba,MCBA,Frutas,ARANDANO,,E. RIOS,CAJA,Elegido,GRANEL,,ARS,ARS/kg,detail,detail,2026-08,12000.0,4,4,4,,,partial_period,official_publication_calendar_unverified,partial_unverified,median_observed_daily_prices,https://ssma.magyp.gob.ar/frutas.precios.aspx,2026-10-06T12:47:17.891082Z
mcba,MCBA,Frutas,ARANDANO,,TUCUMAN,CAJA,Elegido,GRANEL,,ARS,ARS/kg,detail,detail,2026-08,16000.0,1,1,1,,,partial_period,official_publication_calendar_unverified,partial_unverified,median_observed_daily_prices,https://ssma.magyp.gob.ar/frutas.precios.aspx,2026-10-06T12:47:17.891082Z
mcba,MCBA,Frutas,BANANA,CAVENDISH,BOLIVIA,CAJA,Elegido,MEDIANO,,ARS,ARS/kg,detail,detail,2026-08,2194.4449999999997,4,4,4,,,partial_period,official_publication_calendar_unverified,partial_unverified,median_observed_daily_prices,https://ssma.magyp.gob.ar/frutas.precios.aspx,2026-10-06T12:47:17.891082Z
mcba,MCBA,Frutas,BANANA,CAVENDISH,ECUADOR,CAJA,Elegido,GRANDE,,ARS,ARS/kg,detail,detail,2026-08,2675.0,4,4,4,,,partial_period,official_publication_calendar_unverified,partial_unverified,median_observed_daily_prices,https://ssma.magyp.gob.ar/frutas.precios.aspx,2026-10-06T12:47:17.891082Z
mcba,MCBA,Frutas,BANANA,CAVENDISH,ECUADOR,CAJA,Elegido,MEDIANO,,ARS,ARS/kg,detail,detail,2026-08,2500.0,4,4,4,,,partial_period,official_publication_calendar_unverified,partial_unverified,median_observed_daily_prices,https://ssma.magyp.gob.ar/frutas.precios.aspx,2026-10-06T12:47:17.891082Z
mcba,MCBA,Frutas,BANANA,NANIKA,BRASIL,PERDIDO,Elegido,MEDIANO,,ARS,ARS/kg,detail,detail,2026-08,1750.0,4,4,4,,,partial_period,official_publication_calendar_unverified,partial_unverified,median_observed_daily_prices,https://ssma.magyp.gob.ar/frutas.precios.aspx,2026-10-06T12:47:17.891082Z
mcba,MCBA,Frutas,BANANA,NANIKA,FORMOSA,PERDIDO,Comercial,MEDIANO,,ARS,ARS/kg,detail,detail,2026-08,954.55,4,4,4,,,partial_period,official_publication_calendar_unverified,partial_unverified,median_observed_daily_prices,https://ssma.magyp.gob.ar/frutas.precios.aspx,2026-10-06T12:47:17.891082Z
mcba,MCBA,Frutas,BANANA,NANIKA,PARAGUAY,PERDIDO,Elegido,MEDIANO,,ARS,ARS/kg,detail,detail,2026-08,1159.09,4,4,4,,,partial_period,official_publication_calendar_unverified,partial_unverified,median_observed_daily_prices,https://ssma.magyp.gob.ar/frutas.precios.aspx,2026-10-06T12:47:17.891082Z
mcba,MCBA,Frutas,BANANA,NANIKA,SALTA,PERDIDO,Comercial,MEDIANO,,ARS,ARS/kg,detail,detail,2026-08,1000.0,4,4,4,,,partial_period,official_publication_calendar_unverified,partial_unverified,median_observed_daily_prices,https://ssma.magyp.gob.ar/frutas.precios.aspx,2026-10-06T12:47:17.891082Z
mcba,MCBA,Frutas,BANANA,PROM.ESP.,,,,,,ARS,ARS/kg,species_summary,species_summary,2026-08,1750.43,4,4,4,,,partial_period,official_publication_calendar_unverified,partial_unverified,median_observed_daily_prices,https://ssma.magyp.gob.ar/frutas.precios.aspx,2026-10-06T12:47:17.891082Z
mcba,MCBA,Frutas,CIRUELA,FORTUNE,ESPA¥A,CAJA,Elegido,GRANEL,,ARS,ARS/kg,detail,detail,2026-08,5888.889999999999,4,4,4,,,partial_period,official_publication_calendar_unverified,partial_unverified,median_observed_daily_prices,https://ssma.magyp.gob.ar/frutas.precios.aspx,2026-10-06T12:47:17.891082Z
mcba,MCBA,Frutas,CIRUELA,PROM.ESP.,,,,,,ARS,ARS/kg,species_summary,species_summary,2026-08,5888.889999999999,4,4,4,,,partial_period,official_publication_calendar_unverified,partial_unverified,median_observed_daily_prices,https://ssma.magyp.gob.ar/frutas.precios.aspx,2026-10-06T12:47:17.891082Z
mcba,MCBA,Frutas,COCO,PROM.ESP.,,,,,,ARS,ARS/kg,species_summary,species_summary,2026-08,2400.0,4,4,4,,,partial_period,official_publication_calendar_unverified,partial_unverified,median_observed_daily_prices,https://ssma.magyp.gob.ar/frutas.precios.aspx,2026-10-06T12:47:17.891082Z
mcba,MCBA,Frutas,COCO,,BRASIL,BOLSA,Elegido,MEDIANO,,ARS,ARS/kg,detail,detail,2026-08,2400.0,4,4,4,,,partial_period,official_publication_calendar_unverified,partial_unverified,median_observed_daily_prices,https://ssma.magyp.gob.ar/frutas.precios.aspx,2026-10-06T12:47:17.891082Z
mcba,MCBA,Frutas,FRUTILLA,PROM.ESP.,,,,,,ARS,ARS/kg,species_summary,species_summary,2026-08,8380.0,4,4,4,,,partial_period,official_publication_calendar_unverified,partial_unverified,median_observed_daily_prices,https://ssma.magyp.gob.ar/frutas.precios.aspx,2026-10-06T12:47:17.891082Z
mcba,MCBA,Frutas,FRUTILLA,,CTES.,BANDEJA,Elegido,GRANDE,,ARS,ARS/kg,detail,detail,2026-08,7600.0,2,2,2,,,partial_period,official_publication_calendar_unverified,partial_unverified,median_observed_daily_prices,https://ssma.magyp.gob.ar/frutas.precios.aspx,2026-10-06T12:47:17.891082Z
mcba,MCBA,Frutas,FRUTILLA,,CTES.,BANDEJA,Elegido,GRANEL,,ARS,ARS/kg,detail,detail,2026-08,9500.0,4,4,4,,,partial_period,official_publication_calendar_unverified,partial_unverified,median_observed_daily_prices,https://ssma.magyp.gob.ar/frutas.precios.aspx,2026-10-06T12:47:17.891082Z
mcba,MCBA,Frutas,FRUTILLA,,SANTA FE,CAJA,Elegido,GRANDE,,ARS,ARS/kg,detail,detail,2026-08,6800.0,4,4,4,,,partial_period,official_publication_calendar_unverified,partial_unverified,median_observed_daily_prices,https://ssma.magyp.gob.ar/frutas.precios.aspx,2026-10-06T12:47:17.891082Z
mcba,MCBA,Frutas,FRUTILLA,,SANTA FE,CAJA,Elegido,GRANEL,,ARS,ARS/kg,detail,detail,2026-08,8500.0,4,4,4,,,partial_period,official_publication_calendar_unverified,partial_unverified,median_observed_daily_prices,https://ssma.magyp.gob.ar/frutas.precios.aspx,2026-10-06T12:47:17.891082Z
mcba,MCBA,Frutas,FRUTILLA,,TUCUMAN,CAJA,Elegido,GRANEL,,ARS,ARS/kg,detail,detail,2026-08,9500.0,4,4,4,,,partial_period,official_publication_calendar_unverified,partial_unverified,median_observed_daily_prices,https://ssma.magyp.gob.ar/frutas.precios.aspx,2026-10-06T12:47:17.891082Z
mcba,MCBA,Frutas,KIWI,PROM.ESP.,,,,,,ARS,ARS/kg,species_summary,species_summary,2026-08,3930.0,4,4,4,,,partial_period,official_publication_calendar_unverified,partial_unverified,median_observed_daily_prices,https://ssma.magyp.gob.ar/frutas.precios.aspx,2026-10-06T12:47:17.891082Z
mcba,MCBA,Frutas,KIWI,,BS. AS.,CAJA,Elegido,CHICO,,ARS,ARS/kg,detail,detail,2026-08,1900.0,4,4,4,,,partial_period,official_publication_calendar_unverified,partial_unverified,median_observed_daily_prices,https://ssma.magyp.gob.ar/frutas.precios.aspx,2026-10-06T12:47:17.891082Z
mcba,MCBA,Frutas,KIWI,,BS. AS.,CAJA,Elegido,GRANDE,,ARS,ARS/kg,detail,detail,2026-08,4300.0,4,4,4,,,partial_period,official_publication_calendar_unverified,partial_unverified,median_observed_daily_prices,https://ssma.magyp.gob.ar/frutas.precios.aspx,2026-10-06T12:47:17.891082Z
mcba,MCBA,Frutas,KIWI,,BS. AS.,CAJA,Elegido,MEDIANO,,ARS,ARS/kg,detail,detail,2026-08,3700.0,4,4,4,,,partial_period,official_publication_calendar_unverified,partial_unverified,median_observed_daily_prices,https://ssma.magyp.gob.ar/frutas.precios.aspx,2026-10-06T12:47:17.891082Z
mcba,MCBA,Frutas,KIWI,,CHILE,CAJA,Elegido,GRANDE,,ARS,ARS/kg,detail,detail,2026-08,5100.0,4,4,4,,,partial_period,official_publication_calendar_unverified,partial_unverified,median_observed_daily_prices,https://ssma.magyp.gob.ar/frutas.precios.aspx,2026-10-06T12:47:17.891082Z
mcba,MCBA,Frutas,KIWI,,CHILE,CAJA,Elegido,MEDIANO,,ARS,ARS/kg,detail,detail,2026-08,4650.0,4,4,4,,,partial_period,official_publication_calendar_unverified,partial_unverified,median_observed_daily_prices,https://ssma.magyp.gob.ar/frutas.precios.aspx,2026-10-06T12:47:17.891082Z
mcba,MCBA,Frutas,KUMQUAT,PROM.ESP.,,,,,,ARS,ARS/kg,species_summary,species_summary,2026-08,2775.0,4,4,4,,,partial_period,official_publication_calendar_unverified,partial_unverified,median_observed_daily_prices,https://ssma.magyp.gob.ar/frutas.precios.aspx,2026-10-06T12:47:17.891082Z
mcba,MCBA,Frutas,KUMQUAT,,E. RIOS,BOLSA,Elegido,GRANEL,,ARS,ARS/kg,detail,detail,2026-08,2800.0,4,4,4,,,partial_period,official_publication_calendar_unverified,partial_unverified,median_observed_daily_prices,https://ssma.magyp.gob.ar/frutas.precios.aspx,2026-10-06T12:47:17.891082Z
mcba,MCBA,Frutas,KUMQUAT,,TUCUMAN,CAJA,Elegido,GRANEL,,ARS,ARS/kg,detail,detail,2026-08,2750.0,3,3,3,,,partial_period,official_publication_calendar_unverified,partial_unverified,median_observed_daily_prices,https://ssma.magyp.gob.ar/frutas.precios.aspx,2026-10-06T12:47:17.891082Z
mcba,MCBA,Frutas,LIMA,PROM.ESP.,,,,,,ARS,ARS/kg,species_summary,species_summary,2026-08,2400.0,4,4,4,,,partial_period,official_publication_calendar_unverified,partial_unverified,median_observed_daily_prices,https://ssma.magyp.gob.ar/frutas.precios.aspx,2026-10-06T12:47:17.891082Z
mcba,MCBA,Frutas,LIMA,TAHITI,BRASIL,BANDEJA,Elegido,MEDIANO,,ARS,ARS/kg,detail,detail,2026-08,2400.0,4,4,4,,,partial_period,official_publication_calendar_unverified,partial_unverified,median_observed_daily_prices,https://ssma.magyp.gob.ar/frutas.precios.aspx,2026-10-06T12:47:17.891082Z
mcba,MCBA,Frutas,LIMON,EUREKA,CTES.,TORO,Elegido,125/138,,ARS,ARS/kg,detail,detail,2026-08,555.56,4,4,4,,,partial_period,official_publication_calendar_unverified,partial_unverified,median_observed_daily_prices,https://ssma.magyp.gob.ar/frutas.precios.aspx,2026-10-06T12:47:17.891082Z
mcba,MCBA,Frutas,LIMON,EUREKA,SALTA,CAJA,Elegido,090/120,,ARS,ARS/kg,detail,detail,2026-08,764.71,4,4,4,,,partial_period,official_publication_calendar_unverified,partial_unverified,median_observed_daily_prices,https://ssma.magyp.gob.ar/frutas.precios.aspx,2026-10-06T12:47:17.891082Z
mcba,MCBA,Frutas,LIMON,EUREKA,TUCUMAN,BOLSA,Comercial,GRANEL,,ARS,ARS/kg,detail,detail,2026-08,678.5699999999999,4,4,4,,,partial_period,official_publication_calendar_unverified,partial_unverified,median_observed_daily_prices,https://ssma.magyp.gob.ar/frutas.precios.aspx,2026-10-06T12:47:17.891082Z
mcba,MCBA,Frutas,LIMON,EUREKA,TUCUMAN,CAJA,Elegido,090/100,,ARS,ARS/kg,detail,detail,2026-08,666.67,4,4,4,,,partial_period,official_publication_calendar_unverified,partial_unverified,median_observed_daily_prices,https://ssma.magyp.gob.ar/frutas.precios.aspx,2026-10-06T12:47:17.891082Z
mcba,MCBA,Frutas,LIMON,EUREKA,TUCUMAN,CAJA,Elegido,125/138,,ARS,ARS/kg,detail,detail,2026-08,611.11,4,4,4,,,partial_period,official_publication_calendar_unverified,partial_unverified,median_observed_daily_prices,https://ssma.magyp.gob.ar/frutas.precios.aspx,2026-10-06T12:47:17.891082Z
mcba,MCBA,Frutas,LIMON,GENOVA,E. RIOS,PERDIDO,Elegido,100/140,,ARS,ARS/kg,detail,detail,2026-08,555.56,4,4,4,,,partial_period,official_publication_calendar_unverified,partial_unverified,median_observed_daily_prices,https://ssma.magyp.gob.ar/frutas.precios.aspx,2026-10-06T12:47:17.891082Z
mcba,MCBA,Frutas,LIMON,PROM.ESP.,,,,,,ARS,ARS/kg,species_summary,species_summary,2026-08,638.6949999999999,4,4,4,,,partial_period,official_publication_calendar_unverified,partial_unverified,median_observed_daily_prices,https://ssma.magyp.gob.ar/frutas.precios.aspx,2026-10-06T12:47:17.891082Z
mcba,MCBA,Frutas,MANDARINA,AFOURER,E. RIOS,PERDIDO,Elegido,MEDIANO,,ARS,ARS/kg,detail,detail,2026-08,583.335,4,4,4,,,partial_period,official_publication_calendar_unverified,partial_unverified,median_observed_daily_prices,https://ssma.magyp.gob.ar/frutas.precios.aspx,2026-10-06T12:47:17.891082Z
mcba,MCBA,Frutas,MANDARINA,DANCY,E. RIOS,PERDIDO,Elegido,GRANDE,,ARS,ARS/kg,detail,detail,2026-08,722.2249999999999,4,4,4,,,partial_period,official_publication_calendar_unverified,partial_unverified,median_observed_daily_prices,https://ssma.magyp.gob.ar/frutas.precios.aspx,2026-10-06T12:47:17.891082Z
mcba,MCBA,Frutas,MANDARINA,DANCY,E. RIOS,PERDIDO,Elegido,MEDIANO,,ARS,ARS/kg,detail,detail,2026-08,555.56,4,4,4,,,partial_period,official_publication_calendar_unverified,partial_unverified,median_observed_daily_prices,https://ssma.magyp.gob.ar/frutas.precios.aspx,2026-10-06T12:47:17.891082Z
mcba,MCBA,Frutas,MANDARINA,ELLENDALE,CTES.,CAJA,Elegido,MEDIANO,,ARS,ARS/kg,detail,detail,2026-08,555.56,4,4,4,,,partial_period,official_publication_calendar_unverified,partial_unverified,median_observed_daily_prices,https://ssma.magyp.gob.ar/frutas.precios.aspx,2026-10-06T12:47:17.891082Z
mcba,MCBA,Frutas,MANDARINA,ELLENDALE,E. RIOS,PERDIDO,Elegido,GRANDE,,ARS,ARS/kg,detail,detail,2026-08,777.7750000000001,4,4,4,,,partial_period,official_publication_calendar_unverified,partial_unverified,median_observed_daily_prices,https://ssma.magyp.gob.ar/frutas.precios.aspx,2026-10-06T12:47:17.891082Z
mcba,MCBA,Frutas,MANDARINA,ELLENDALE,E. RIOS,PERDIDO,Elegido,MEDIANO,,ARS,ARS/kg,detail,detail,2026-08,611.11,4,4,4,,,partial_period,official_publication_calendar_unverified,partial_unverified,median_observed_daily_prices,https://ssma.magyp.gob.ar/frutas.precios.aspx,2026-10-06T12:47:17.891082Z
mcba,MCBA,Frutas,MANDARINA,ENCORE,E. RIOS,JAULA,Elegido,MEDIANO,,ARS,ARS/kg,detail,detail,2026-08,611.11,4,4,4,,,partial_period,official_publication_calendar_unverified,partial_unverified,median_observed_daily_prices,https://ssma.magyp.gob.ar/frutas.precios.aspx,2026-10-06T12:47:17.891082Z
mcba,MCBA,Frutas,MANDARINA,ENCORE,E. RIOS,TORO,Elegido,GRANDE,,ARS,ARS/kg,detail,detail,2026-08,777.78,4,4,4,,,partial_period,official_publication_calendar_unverified,partial_unverified,median_observed_daily_prices,https://ssma.magyp.gob.ar/frutas.precios.aspx,2026-10-06T12:47:17.891082Z
mcba,MCBA,Frutas,MANDARINA,MURCOT,E. RIOS,PERDIDO,Elegido,MEDIANO,,ARS,ARS/kg,detail,detail,2026-08,666.67,3,3,3,,,partial_period,official_publication_calendar_unverified,partial_unverified,median_observed_daily_prices,https://ssma.magyp.gob.ar/frutas.precios.aspx,2026-10-06T12:47:17.891082Z
mcba,MCBA,Frutas,MANDARINA,NOVA,CTES.,PERDIDO,Elegido,MEDIANO,,ARS,ARS/kg,detail,detail,2026-08,444.44,4,4,4,,,partial_period,official_publication_calendar_unverified,partial_unverified,median_observed_daily_prices,https://ssma.magyp.gob.ar/frutas.precios.aspx,2026-10-06T12:47:17.891082Z
mcba,MCBA,Frutas,MANDARINA,NOVA,E. RIOS,PERDIDO,Elegido,MEDIANO,,ARS,ARS/kg,detail,detail,2026-08,500.0,4,4,4,,,partial_period,official_publication_calendar_unverified,partial_unverified,median_observed_daily_prices,https://ssma.magyp.gob.ar/frutas.precios.aspx,2026-10-06T12:47:17.891082Z
mcba,MCBA,Frutas,MANDARINA,PROM.ESP.,,,,,,ARS,ARS/kg,species_summary,species_summary,2026-08,626.26,4,4,4,,,partial_period,official_publication_calendar_unverified,partial_unverified,median_observed_daily_prices,https://ssma.magyp.gob.ar/frutas.precios.aspx,2026-10-06T12:47:17.891082Z
mcba,MCBA,Frutas,MANGO,PROM.ESP.,,,,,,ARS,ARS/kg,species_summary,species_summary,2026-08,2777.78,4,4,4,,,partial_period,official_publication_calendar_unverified,partial_unverified,median_observed_daily_prices,https://ssma.magyp.gob.ar/frutas.precios.aspx,2026-10-06T12:47:17.891082Z
mcba,MCBA,Frutas,MANGO,,BRASIL,CAJA,Elegido,GRANDE,,ARS,ARS/kg,detail,detail,2026-08,2055.56,4,4,4,,,partial_period,official_publication_calendar_unverified,partial_unverified,median_observed_daily_prices,https://ssma.magyp.gob.ar/frutas.precios.aspx,2026-10-06T12:47:17.891082Z
mcba,MCBA,Frutas,MANGO,,BRASIL,CAJA,Elegido,MEDIANO,,ARS,ARS/kg,detail,detail,2026-08,3500.0,4,4,4,,,partial_period,official_publication_calendar_unverified,partial_unverified,median_observed_daily_prices,https://ssma.magyp.gob.ar/frutas.precios.aspx,2026-10-06T12:47:17.891082Z
mcba,MCBA,Frutas,MANZANA,CRIPPS PIN,R. NEGRO,CAJA,Elegido,100/125,,ARS,ARS/kg,detail,detail,2026-08,2055.56,4,4,4,,,partial_period,official_publication_calendar_unverified,partial_unverified,median_observed_daily_prices,https://ssma.magyp.gob.ar/frutas.precios.aspx,2026-10-06T12:47:17.891082Z
mcba,MCBA,Frutas,MANZANA,CRIPPS PIN,R. NEGRO,CAJA,Elegido,125/138,,ARS,ARS/kg,detail,detail,2026-08,1833.33,4,4,4,,,partial_period,official_publication_calendar_unverified,partial_unverified,median_observed_daily_prices,https://ssma.magyp.gob.ar/frutas.precios.aspx,2026-10-06T12:47:17.891082Z
mcba,MCBA,Frutas,MANZANA,GRANNY SMI,CHILE,CAJA,Elegido,070/080,,ARS,ARS/kg,detail,detail,2026-08,3555.56,4,4,4,,,partial_period,official_publication_calendar_unverified,partial_unverified,median_observed_daily_prices,https://ssma.magyp.gob.ar/frutas.precios.aspx,2026-10-06T12:47:17.891082Z
mcba,MCBA,Frutas,MANZANA,GRANNY SMI,R. NEGRO,CAJA,Elegido,036/044,,ARS,ARS/kg,detail,detail,2026-08,3200.0,4,4,4,,,partial_period,official_publication_calendar_unverified,partial_unverified,median_observed_daily_prices,https://ssma.magyp.gob.ar/frutas.precios.aspx,2026-10-06T12:47:17.891082Z
mcba,MCBA,Frutas,MANZANA,GRANNY SMI,R. NEGRO,CAJA,Elegido,080/100,,ARS,ARS/kg,detail,detail,2026-08,3055.56,4,4,4,,,partial_period,official_publication_calendar_unverified,partial_unverified,median_observed_daily_prices,https://ssma.magyp.gob.ar/frutas.precios.aspx,2026-10-06T12:47:17.891082Z
mcba,MCBA,Frutas,MANZANA,GRANNY SMI,R. NEGRO,CAJA,Elegido,090/110,,ARS,ARS/kg,detail,detail,2026-08,2333.33,4,4,4,,,partial_period,official_publication_calendar_unverified,partial_unverified,median_observed_daily_prices,https://ssma.magyp.gob.ar/frutas.precios.aspx,2026-10-06T12:47:17.891082Z
mcba,MCBA,Frutas,MANZANA,GRANNY SMI,R. NEGRO,CAJA,Elegido,110/130,,ARS,ARS/kg,detail,detail,2026-08,2111.11,4,4,4,,,partial_period,official_publication_calendar_unverified,partial_unverified,median_observed_daily_prices,https://ssma.magyp.gob.ar/frutas.precios.aspx,2026-10-06T12:47:17.891082Z
mcba,MCBA,Frutas,MANZANA,GRANNY SMI,R. NEGRO,JAULA,Comercial,088/113,,ARS,ARS/kg,detail,detail,2026-08,1777.78,4,4,4,,,partial_period,official_publication_calendar_unverified,partial_unverified,median_observed_daily_prices,https://ssma.magyp.gob.ar/frutas.precios.aspx,2026-10-06T12:47:17.891082Z
mcba,MCBA,Frutas,MANZANA,GRANNY SMI,R. NEGRO,JAULA,Comercial,125/138,,ARS,ARS/kg,detail,detail,2026-08,1611.11,4,4,4,,,partial_period,official_publication_calendar_unverified,partial_unverified,median_observed_daily_prices,https://ssma.magyp.gob.ar/frutas.precios.aspx,2026-10-06T12:47:17.891082Z
mcba,MCBA,Frutas,MANZANA,PROM.ESP.,,,,,,ARS,ARS/kg,species_summary,species_summary,2026-08,2354.35,4,4,4,,,partial_period,official_publication_calendar_unverified,partial_unverified,median_observed_daily_prices,https://ssma.magyp.gob.ar/frutas.precios.aspx,2026-10-06T12:47:17.891082Z
mcba,MCBA,Frutas,MANZANA,RED DELICI,CHILE,CAJA,Elegido,080/100,,ARS,ARS/kg,detail,detail,2026-08,3666.67,4,4,4,,,partial_period,official_publication_calendar_unverified,partial_unverified,median_observed_daily_prices,https://ssma.magyp.gob.ar/frutas.precios.aspx,2026-10-06T12:47:17.891082Z
mcba,MCBA,Frutas,MANZANA,RED DELICI,R. NEGRO,CAJA,Comercial,080/100,,ARS,ARS/kg,detail,detail,2026-08,1611.11,4,4,4,,,partial_period,official_publication_calendar_unverified,partial_unverified,median_observed_daily_prices,https://ssma.magyp.gob.ar/frutas.precios.aspx,2026-10-06T12:47:17.891082Z
mcba,MCBA,Frutas,MANZANA,RED DELICI,R. NEGRO,CAJA,Comercial,113/125,,ARS,ARS/kg,detail,detail,2026-08,1861.1100000000001,4,4,4,,,partial_period,official_publication_calendar_unverified,partial_unverified,median_observed_daily_prices,https://ssma.magyp.gob.ar/frutas.precios.aspx,2026-10-06T12:47:17.891082Z
mcba,MCBA,Frutas,MANZANA,RED DELICI,R. NEGRO,CAJA,Elegido,044/056,,ARS,ARS/kg,detail,detail,2026-08,3200.0,4,4,4,,,partial_period,official_publication_calendar_unverified,partial_unverified,median_observed_daily_prices,https://ssma.magyp.gob.ar/frutas.precios.aspx,2026-10-06T12:47:17.891082Z
mcba,MCBA,Frutas,MANZANA,RED DELICI,R. NEGRO,CAJA,Elegido,080/100,,ARS,ARS/kg,detail,detail,2026-08,2166.67,4,4,4,,,partial_period,official_publication_calendar_unverified,partial_unverified,median_observed_daily_prices,https://ssma.magyp.gob.ar/frutas.precios.aspx,2026-10-06T12:47:17.891082Z
mcba,MCBA,Frutas,MANZANA,RED DELICI,R. NEGRO,CAJA,Elegido,088/113,,ARS,ARS/kg,detail,detail,2026-08,2888.89,4,4,4,,,partial_period,official_publication_calendar_unverified,partial_unverified,median_observed_daily_prices,https://ssma.magyp.gob.ar/frutas.precios.aspx,2026-10-06T12:47:17.891082Z
mcba,MCBA,Frutas,MANZANA,RED DELICI,R. NEGRO,CAJA,Elegido,113/125,,ARS,ARS/kg,detail,detail,2026-08,2277.78,4,4,4,,,partial_period,official_publication_calendar_unverified,partial_unverified,median_observed_daily_prices,https://ssma.magyp.gob.ar/frutas.precios.aspx,2026-10-06T12:47:17.891082Z
mcba,MCBA,Frutas,MANZANA,RED DELICI,R. NEGRO,CAJA,Elegido,125/138,,ARS,ARS/kg,detail,detail,2026-08,2055.56,4,4,4,,,partial_period,official_publication_calendar_unverified,partial_unverified,median_observed_daily_prices,https://ssma.magyp.gob.ar/frutas.precios.aspx,2026-10-06T12:47:17.891082Z
mcba,MCBA,Frutas,MANZANA,RED DELICI,R. NEGRO,CAJA,Superior,088/113,,ARS,ARS/kg,detail,detail,2026-08,3166.67,4,4,4,,,partial_period,official_publication_calendar_unverified,partial_unverified,median_observed_daily_prices,https://ssma.magyp.gob.ar/frutas.precios.aspx,2026-10-06T12:47:17.891082Z
mcba,MCBA,Frutas,MANZANA,RED DELICI,R. NEGRO,JAULA,Comercial,072/080,,ARS,ARS/kg,detail,detail,2026-08,1694.4450000000002,4,4,4,,,partial_period,official_publication_calendar_unverified,partial_unverified,median_observed_daily_prices,https://ssma.magyp.gob.ar/frutas.precios.aspx,2026-10-06T12:47:17.891082Z
mcba,MCBA,Frutas,MANZANA,RED DELICI,R. NEGRO,JAULA,Comercial,100/125,,ARS,ARS/kg,detail,detail,2026-08,1555.56,4,4,4,,,partial_period,official_publication_calendar_unverified,partial_unverified,median_observed_daily_prices,https://ssma.magyp.gob.ar/frutas.precios.aspx,2026-10-06T12:47:17.891082Z
mcba,MCBA,Frutas,MANZANA,RED DELICI,R. NEGRO,JAULA,Elegido,113/125,,ARS,ARS/kg,detail,detail,2026-08,1777.78,4,4,4,,,partial_period,official_publication_calendar_unverified,partial_unverified,median_observed_daily_prices,https://ssma.magyp.gob.ar/frutas.precios.aspx,2026-10-06T12:47:17.891082Z
mcba,MCBA,Frutas,MANZANA,ROME BEAUT,R. NEGRO,CAJA,Elegido,032/036,,ARS,ARS/kg,detail,detail,2026-08,2500.0,4,4,4,,,partial_period,official_publication_calendar_unverified,partial_unverified,median_observed_daily_prices,https://ssma.magyp.gob.ar/frutas.precios.aspx,2026-10-06T12:47:17.891082Z
mcba,MCBA,Frutas,MANZANA,ROME BEAUT,R. NEGRO,CAJA,Elegido,072/080,,ARS,ARS/kg,detail,detail,2026-08,2222.22,4,4,4,,,partial_period,official_publication_calendar_unverified,partial_unverified,median_observed_daily_prices,https://ssma.magyp.gob.ar/frutas.precios.aspx,2026-10-06T12:47:17.891082Z
mcba,MCBA,Frutas,MELON,AMARILLO,BRASIL,CAJA,Elegido,MEDIANO,,ARS,ARS/kg,detail,detail,2026-08,2750.0,4,4,4,,,partial_period,official_publication_calendar_unverified,partial_unverified,median_observed_daily_prices,https://ssma.magyp.gob.ar/frutas.precios.aspx,2026-10-06T12:47:17.891082Z
mcba,MCBA,Frutas,MELON,ORANGE,BRASIL,CAJA,Elegido,MEDIANO,,ARS,ARS/kg,detail,detail,2026-08,3700.0,4,4,4,,,partial_period,official_publication_calendar_unverified,partial_unverified,median_observed_daily_prices,https://ssma.magyp.gob.ar/frutas.precios.aspx,2026-10-06T12:47:17.891082Z
mcba,MCBA,Frutas,MELON,PROM.ESP.,,,,,,ARS,ARS/kg,species_summary,species_summary,2026-08,3225.0,4,4,4,,,partial_period,official_publication_calendar_unverified,partial_unverified,median_observed_daily_prices,https://ssma.magyp.gob.ar/frutas.precios.aspx,2026-10-06T12:47:17.891082Z
mcba,MCBA,Frutas,MEMBRILLO,PROM.ESP.,,,,,,ARS,ARS/kg,species_summary,species_summary,2026-08,2500.0,4,4,4,,,partial_period,official_publication_calendar_unverified,partial_unverified,median_observed_daily_prices,https://ssma.magyp.gob.ar/frutas.precios.aspx,2026-10-06T12:47:17.891082Z
mcba,MCBA,Frutas,MEMBRILLO,,R. NEGRO,CAJA,Elegido,MEDIANO,,ARS,ARS/kg,detail,detail,2026-08,2500.0,4,4,4,,,partial_period,official_publication_calendar_unverified,partial_unverified,median_observed_daily_prices,https://ssma.magyp.gob.ar/frutas.precios.aspx,2026-10-06T12:47:17.891082Z
mcba,MCBA,Frutas,NARANJA,NEW HALL,CTES.,CAJA,Elegido,090/120,,ARS,ARS/kg,detail,detail,2026-08,611.11,1,1,1,,,partial_period,official_publication_calendar_unverified,partial_unverified,median_observed_daily_prices,https://ssma.magyp.gob.ar/frutas.precios.aspx,2026-10-06T12:47:17.891082Z
mcba,MCBA,Frutas,NARANJA,NEW HALL,E. RIOS,PERDIDO,Elegido,090/110,,ARS,ARS/kg,detail,detail,2026-08,777.7750000000001,4,4,4,,,partial_period,official_publication_calendar_unverified,partial_unverified,median_observed_daily_prices,https://ssma.magyp.gob.ar/frutas.precios.aspx,2026-10-06T12:47:17.891082Z
mcba,MCBA,Frutas,NARANJA,PROM.ESP.,,,,,,ARS,ARS/kg,species_summary,species_summary,2026-08,684.095,4,4,4,,,partial_period,official_publication_calendar_unverified,partial_unverified,median_observed_daily_prices,https://ssma.magyp.gob.ar/frutas.precios.aspx,2026-10-06T12:47:17.891082Z
mcba,MCBA,Frutas,NARANJA,SALUSTIANA,CTES.,PERDIDO,Elegido,110/130,,ARS,ARS/kg,detail,detail,2026-08,500.0,4,4,4,,,partial_period,official_publication_calendar_unverified,partial_unverified,median_observed_daily_prices,https://ssma.magyp.gob.ar/frutas.precios.aspx,2026-10-06T12:47:17.891082Z
mcba,MCBA,Frutas,NARANJA,SALUSTIANA,E. RIOS,PERDIDO,Elegido,090/110,,ARS,ARS/kg,detail,detail,2026-08,638.89,4,4,4,,,partial_period,official_publication_calendar_unverified,partial_unverified,median_observed_daily_prices,https://ssma.magyp.gob.ar/frutas.precios.aspx,2026-10-06T12:47:17.891082Z
mcba,MCBA,Frutas,NARANJA,SALUSTIANA,E. RIOS,PERDIDO,Elegido,110/130,,ARS,ARS/kg,detail,detail,2026-08,583.335,4,4,4,,,partial_period,official_publication_calendar_unverified,partial_unverified,median_observed_daily_prices,https://ssma.magyp.gob.ar/frutas.precios.aspx,2026-10-06T12:47:17.891082Z
mcba,MCBA,Frutas,NARANJA,SALUSTIANA,SALTA,PERDIDO,Elegido,110/130,,ARS,ARS/kg,detail,detail,2026-08,722.2249999999999,4,4,4,,,partial_period,official_publication_calendar_unverified,partial_unverified,median_observed_daily_prices,https://ssma.magyp.gob.ar/frutas.precios.aspx,2026-10-06T12:47:17.891082Z
mcba,MCBA,Frutas,NARANJA,W.NAVEL,BS. AS.,JAULA,Elegido,050/065,,ARS,ARS/kg,detail,detail,2026-08,941.18,3,3,3,,,partial_period,official_publication_calendar_unverified,partial_unverified,median_observed_daily_prices,https://ssma.magyp.gob.ar/frutas.precios.aspx,2026-10-06T12:47:17.891082Z
mcba,MCBA,Frutas,NUEZ,PROM.ESP.,,,,,,ARS,ARS/kg,species_summary,species_summary,2026-08,7800.0,4,4,4,,,partial_period,official_publication_calendar_unverified,partial_unverified,median_observed_daily_prices,https://ssma.magyp.gob.ar/frutas.precios.aspx,2026-10-06T12:47:17.891082Z
mcba,MCBA,Frutas,NUEZ,,MENDOZA,BOLSA,Elegido,GRANEL,,ARS,ARS/kg,detail,detail,2026-08,7800.0,4,4,4,,,partial_period,official_publication_calendar_unverified,partial_unverified,median_observed_daily_prices,https://ssma.magyp.gob.ar/frutas.precios.aspx,2026-10-06T12:47:17.891082Z
mcba,MCBA,Frutas,PALTA,HASS,BRASIL,CAJA,Elegido,GRANDE,,ARS,ARS/kg,detail,detail,2026-08,4727.27,4,4,4,,,partial_period,official_publication_calendar_unverified,partial_unverified,median_observed_daily_prices,https://ssma.magyp.gob.ar/frutas.precios.aspx,2026-10-06T12:47:17.891082Z
mcba,MCBA,Frutas,PALTA,HASS,BRASIL,CAJA,Elegido,MEDIANO,,ARS,ARS/kg,detail,detail,2026-08,4272.73,4,4,4,,,partial_period,official_publication_calendar_unverified,partial_unverified,median_observed_daily_prices,https://ssma.magyp.gob.ar/frutas.precios.aspx,2026-10-06T12:47:17.891082Z
mcba,MCBA,Frutas,PALTA,HASS,CHILE,CAJA,Elegido,GRANDE,,ARS,ARS/kg,detail,detail,2026-08,8700.0,4,4,4,,,partial_period,official_publication_calendar_unverified,partial_unverified,median_observed_daily_prices,https://ssma.magyp.gob.ar/frutas.precios.aspx,2026-10-06T12:47:17.891082Z
mcba,MCBA,Frutas,PALTA,HASS,CHILE,CAJA,Elegido,MEDIANO,,ARS,ARS/kg,detail,detail,2026-08,7363.639999999999,4,4,4,,,partial_period,official_publication_calendar_unverified,partial_unverified,median_observed_daily_prices,https://ssma.magyp.gob.ar/frutas.precios.aspx,2026-10-06T12:47:17.891082Z
mcba,MCBA,Frutas,PALTA,HASS,CTES.,CAJA,Elegido,MEDIANO,,ARS,ARS/kg,detail,detail,2026-08,3800.0,4,4,4,,,partial_period,official_publication_calendar_unverified,partial_unverified,median_observed_daily_prices,https://ssma.magyp.gob.ar/frutas.precios.aspx,2026-10-06T12:47:17.891082Z
mcba,MCBA,Frutas,PALTA,HASS,JUJUY,CAJA,Elegido,MEDIANO,,ARS,ARS/kg,detail,detail,2026-08,4300.0,4,4,4,,,partial_period,official_publication_calendar_unverified,partial_unverified,median_observed_daily_prices,https://ssma.magyp.gob.ar/frutas.precios.aspx,2026-10-06T12:47:17.891082Z
mcba,MCBA,Frutas,PALTA,HASS,PERU,BANDEJA,Elegido,GRANDE,,ARS,ARS/kg,detail,detail,2026-08,5090.91,4,4,4,,,partial_period,official_publication_calendar_unverified,partial_unverified,median_observed_daily_prices,https://ssma.magyp.gob.ar/frutas.precios.aspx,2026-10-06T12:47:17.891082Z
mcba,MCBA,Frutas,PALTA,HASS,PERU,BANDEJA,Elegido,MEDIANO,,ARS,ARS/kg,detail,detail,2026-08,4181.82,4,4,4,,,partial_period,official_publication_calendar_unverified,partial_unverified,median_observed_daily_prices,https://ssma.magyp.gob.ar/frutas.precios.aspx,2026-10-06T12:47:17.891082Z
mcba,MCBA,Frutas,PALTA,HASS,TUCUMAN,BANDEJA,Elegido,MEDIANO,,ARS,ARS/kg,detail,detail,2026-08,4200.0,4,4,4,,,partial_period,official_publication_calendar_unverified,partial_unverified,median_observed_daily_prices,https://ssma.magyp.gob.ar/frutas.precios.aspx,2026-10-06T12:47:17.891082Z
mcba,MCBA,Frutas,PALTA,PROM.ESP.,,,,,,ARS,ARS/kg,species_summary,species_summary,2026-08,4962.73,4,4,4,,,partial_period,official_publication_calendar_unverified,partial_unverified,median_observed_daily_prices,https://ssma.magyp.gob.ar/frutas.precios.aspx,2026-10-06T12:47:17.891082Z
mcba,MCBA,Frutas,PALTA,TORRES,TUCUMAN,BANDEJA,Elegido,MEDIANO,,ARS,ARS/kg,detail,detail,2026-08,2900.0,4,4,4,,,partial_period,official_publication_calendar_unverified,partial_unverified,median_observed_daily_prices,https://ssma.magyp.gob.ar/frutas.precios.aspx,2026-10-06T12:47:17.891082Z
mcba,MCBA,Frutas,PERA,PACKHAM'S,R. NEGRO,CAJA,Elegido,030/040,,ARS,ARS/kg,detail,detail,2026-08,1900.0,4,4,4,,,partial_period,official_publication_calendar_unverified,partial_unverified,median_observed_daily_prices,https://ssma.magyp.gob.ar/frutas.precios.aspx,2026-10-06T12:47:17.891082Z
mcba,MCBA,Frutas,PERA,PACKHAM'S,R. NEGRO,CAJA,Elegido,100/120,,ARS,ARS/kg,detail,detail,2026-08,1666.67,4,4,4,,,partial_period,official_publication_calendar_unverified,partial_unverified,median_observed_daily_prices,https://ssma.magyp.gob.ar/frutas.precios.aspx,2026-10-06T12:47:17.891082Z
mcba,MCBA,Frutas,PERA,PACKHAM'S,R. NEGRO,JAULA,Elegido,080/120,,ARS,ARS/kg,detail,detail,2026-08,1500.0,4,4,4,,,partial_period,official_publication_calendar_unverified,partial_unverified,median_observed_daily_prices,https://ssma.magyp.gob.ar/frutas.precios.aspx,2026-10-06T12:47:17.891082Z
mcba,MCBA,Frutas,PERA,PACKHAM'S,R. NEGRO,PERDIDO,Comercial,100/120,,ARS,ARS/kg,detail,detail,2026-08,1277.78,4,4,4,,,partial_period,official_publication_calendar_unverified,partial_unverified,median_observed_daily_prices,https://ssma.magyp.gob.ar/frutas.precios.aspx,2026-10-06T12:47:17.891082Z
mcba,MCBA,Frutas,PERA,ASIATICA,CHINA,CAJA,Elegido,GRANEL,,ARS,ARS/kg,detail,detail,2026-08,7600.0,3,3,3,,,partial_period,official_publication_calendar_unverified,partial_unverified,median_observed_daily_prices,https://ssma.magyp.gob.ar/frutas.precios.aspx,2026-10-06T12:47:17.891082Z
mcba,MCBA,Frutas,PERA,ASIATICA,R. NEGRO,CAJA,Elegido,MEDIANO,,ARS,ARS/kg,detail,detail,2026-08,3600.0,4,4,4,,,partial_period,official_publication_calendar_unverified,partial_unverified,median_observed_daily_prices,https://ssma.magyp.gob.ar/frutas.precios.aspx,2026-10-06T12:47:17.891082Z
mcba,MCBA,Frutas,PERA,PROM.ESP.,,,,,,ARS,ARS/kg,species_summary,species_summary,2026-08,2924.08,4,4,4,,,partial_period,official_publication_calendar_unverified,partial_unverified,median_observed_daily_prices,https://ssma.magyp.gob.ar/frutas.precios.aspx,2026-10-06T12:47:17.891082Z
mcba,MCBA,Frutas,PLATANO,PROM.ESP.,,,,,,ARS,ARS/kg,species_summary,species_summary,2026-08,3159.09,4,4,4,,,partial_period,official_publication_calendar_unverified,partial_unverified,median_observed_daily_prices,https://ssma.magyp.gob.ar/frutas.precios.aspx,2026-10-06T12:47:17.891082Z
mcba,MCBA,Frutas,PLATANO,,ECUADOR,CAJA,Elegido,GRANDE,,ARS,ARS/kg,detail,detail,2026-08,3159.09,4,4,4,,,partial_period,official_publication_calendar_unverified,partial_unverified,median_observed_daily_prices,https://ssma.magyp.gob.ar/frutas.precios.aspx,2026-10-06T12:47:17.891082Z
mcba,MCBA,Frutas,POMELO,BLANCO,E. RIOS,CAJA,Elegido,050/070,,ARS,ARS/kg,detail,detail,2026-08,583.335,4,4,4,,,partial_period,official_publication_calendar_unverified,partial_unverified,median_observed_daily_prices,https://ssma.magyp.gob.ar/frutas.precios.aspx,2026-10-06T12:47:17.891082Z
mcba,MCBA,Frutas,POMELO,PROM.ESP.,,,,,,ARS,ARS/kg,species_summary,species_summary,2026-08,777.78,4,4,4,,,partial_period,official_publication_calendar_unverified,partial_unverified,median_observed_daily_prices,https://ssma.magyp.gob.ar/frutas.precios.aspx,2026-10-06T12:47:17.891082Z
mcba,MCBA,Frutas,POMELO,STAR RUBY,E. RIOS,PERDIDO,Elegido,050/070,,ARS,ARS/kg,detail,detail,2026-08,722.22,4,4,4,,,partial_period,official_publication_calendar_unverified,partial_unverified,median_observed_daily_prices,https://ssma.magyp.gob.ar/frutas.precios.aspx,2026-10-06T12:47:17.891082Z
mcba,MCBA,Frutas,POMELO,STAR RUBY,SALTA,PERDIDO,Elegido,070/090,,ARS,ARS/kg,detail,detail,2026-08,1027.78,4,4,4,,,partial_period,official_publication_calendar_unverified,partial_unverified,median_observed_daily_prices,https://ssma.magyp.gob.ar/frutas.precios.aspx,2026-10-06T12:47:17.891082Z
mcba,MCBA,Frutas,SANDIA,PROM.ESP.,,,,,,ARS,ARS/kg,species_summary,species_summary,2026-08,1809.375,4,4,4,,,partial_period,official_publication_calendar_unverified,partial_unverified,median_observed_daily_prices,https://ssma.magyp.gob.ar/frutas.precios.aspx,2026-10-06T12:47:17.891082Z
mcba,MCBA,Frutas,SANDIA,,BRASIL,CAJA,Elegido,004/006,,ARS,ARS/kg,detail,detail,2026-08,1968.75,4,4,4,,,partial_period,official_publication_calendar_unverified,partial_unverified,median_observed_daily_prices,https://ssma.magyp.gob.ar/frutas.precios.aspx,2026-10-06T12:47:17.891082Z
mcba,MCBA,Frutas,SANDIA,,BRASIL,GRANEL,Comercial,GRANEL,,ARS,ARS/kg,detail,detail,2026-08,1650.0,4,4,4,,,partial_period,official_publication_calendar_unverified,partial_unverified,median_observed_daily_prices,https://ssma.magyp.gob.ar/frutas.precios.aspx,2026-10-06T12:47:17.891082Z
mcba,MCBA,Frutas,UVA,ARRA 15,BRASIL,CAJA,Elegido,GRANEL,,ARS,ARS/kg,detail,detail,2026-08,7875.0,3,3,3,,,partial_period,official_publication_calendar_unverified,partial_unverified,median_observed_daily_prices,https://ssma.magyp.gob.ar/frutas.precios.aspx,2026-10-06T12:47:17.891082Z
mcba,MCBA,Frutas,UVA,AUTUMN CRI,BRASIL,CAJA,Elegido,GRANDE,,ARS,ARS/kg,detail,detail,2026-08,8000.0,4,4,4,,,partial_period,official_publication_calendar_unverified,partial_unverified,median_observed_daily_prices,https://ssma.magyp.gob.ar/frutas.precios.aspx,2026-10-06T12:47:17.891082Z
mcba,MCBA,Frutas,UVA,PROM.ESP.,,,,,,ARS,ARS/kg,species_summary,species_summary,2026-08,7458.33,4,4,4,,,partial_period,official_publication_calendar_unverified,partial_unverified,median_observed_daily_prices,https://ssma.magyp.gob.ar/frutas.precios.aspx,2026-10-06T12:47:17.891082Z
mcba,MCBA,Frutas,UVA,RED GLOBE,BRASIL,CAJA,Elegido,GRANDE,,ARS,ARS/kg,detail,detail,2026-08,7875.0,4,4,4,,,partial_period,official_publication_calendar_unverified,partial_unverified,median_observed_daily_prices,https://ssma.magyp.gob.ar/frutas.precios.aspx,2026-10-06T12:47:17.891082Z
mcba,MCBA,Frutas,UVA,RED GLOBE,CHILE,CAJA,Elegido,GRANEL,,ARS,ARS/kg,detail,detail,2026-08,7875.0,4,4,4,,,partial_period,official_publication_calendar_unverified,partial_unverified,median_observed_daily_prices,https://ssma.magyp.gob.ar/frutas.precios.aspx,2026-10-06T12:47:17.891082Z
mcba,MCBA,Frutas,UVA,SUGAR CRIP,BRASIL,CAJA,Elegido,GRANEL,,ARS,ARS/kg,detail,detail,2026-08,7375.0,4,4,4,,,partial_period,official_publication_calendar_unverified,partial_unverified,median_observed_daily_prices,https://ssma.magyp.gob.ar/frutas.precios.aspx,2026-10-06T12:47:17.891082Z
mcba,MCBA,Frutas,UVA,VICTORIA,BRASIL,CAJA,Elegido,GRANEL,,ARS,ARS/kg,detail,detail,2026-08,5750.0,4,4,4,,,partial_period,official_publication_calendar_unverified,partial_unverified,median_observed_daily_prices,https://ssma.magyp.gob.ar/frutas.precios.aspx,2026-10-06T12:47:17.891082Z
mcba,MCBA,Hortalizas,ACELGA,PROM.ESP.,,,,,,ARS,ARS/kg,species_summary,species_summary,2026-08,501.66499999999996,4,4,4,,,partial_period,official_publication_calendar_unverified,partial_unverified,median_observed_daily_prices,https://ssma.magyp.gob.ar/frutas.precios.aspx,2026-10-06T12:47:17.891082Z
mcba,MCBA,Hortalizas,ACELGA,,BS. AS.,JAULA,Primera,SIN TAM,,ARS,ARS/kg,detail,detail,2026-08,455.0,4,4,4,,,partial_period,official_publication_calendar_unverified,partial_unverified,median_observed_daily_prices,https://ssma.magyp.gob.ar/frutas.precios.aspx,2026-10-06T12:47:17.891082Z
mcba,MCBA,Hortalizas,ACELGA,,BS. AS.,JAULA,Primera,,INVERNAC,ARS,ARS/kg,detail,detail,2026-08,700.0,4,4,4,,,partial_period,official_publication_calendar_unverified,partial_unverified,median_observed_daily_prices,https://ssma.magyp.gob.ar/frutas.precios.aspx,2026-10-06T12:47:17.891082Z
mcba,MCBA,Hortalizas,ACELGA,,BS. AS.,JAULA,Segunda,SIN TAM,,ARS,ARS/kg,detail,detail,2026-08,350.0,4,4,4,,,partial_period,official_publication_calendar_unverified,partial_unverified,median_observed_daily_prices,https://ssma.magyp.gob.ar/frutas.precios.aspx,2026-10-06T12:47:17.891082Z
mcba,MCBA,Hortalizas,ACHICORIA,PROM.ESP.,,,,,,ARS,ARS/kg,species_summary,species_summary,2026-08,785.0,4,4,4,,,partial_period,official_publication_calendar_unverified,partial_unverified,median_observed_daily_prices,https://ssma.magyp.gob.ar/frutas.precios.aspx,2026-10-06T12:47:17.891082Z
mcba,MCBA,Hortalizas,ACHICORIA,,BS. AS.,JAULA,Primera,,,ARS,ARS/kg,detail,detail,2026-08,785.0,4,4,4,,,partial_period,official_publication_calendar_unverified,partial_unverified,median_observed_daily_prices,https://ssma.magyp.gob.ar/frutas.precios.aspx,2026-10-06T12:47:17.891082Z
mcba,MCBA,Hortalizas,ACUSAY,PROM.ESP.,,,,,,ARS,ARS/kg,species_summary,species_summary,2026-08,787.5,4,4,4,,,partial_period,official_publication_calendar_unverified,partial_unverified,median_observed_daily_prices,https://ssma.magyp.gob.ar/frutas.precios.aspx,2026-10-06T12:47:17.891082Z
mcba,MCBA,Hortalizas,ACUSAY,,BS. AS.,JAULA,Primera,GRANDE,,ARS,ARS/kg,detail,detail,2026-08,850.0,4,4,4,,,partial_period,official_publication_calendar_unverified,partial_unverified,median_observed_daily_prices,https://ssma.magyp.gob.ar/frutas.precios.aspx,2026-10-06T12:47:17.891082Z
mcba,MCBA,Hortalizas,ACUSAY,,BS. AS.,JAULA,Primera,MEDIANO,,ARS,ARS/kg,detail,detail,2026-08,725.0,4,4,4,,,partial_period,official_publication_calendar_unverified,partial_unverified,median_observed_daily_prices,https://ssma.magyp.gob.ar/frutas.precios.aspx,2026-10-06T12:47:17.891082Z
mcba,MCBA,Hortalizas,AJO,COLORADO,MENDOZA,RISTRA 100,Primera,10,,ARS,ARS/kg,detail,detail,2026-08,5250.0,4,4,4,,,partial_period,official_publication_calendar_unverified,partial_unverified,median_observed_daily_prices,https://ssma.magyp.gob.ar/frutas.precios.aspx,2026-10-06T12:47:17.891082Z
mcba,MCBA,Hortalizas,AJO,COLORADO,MENDOZA,RISTRA 100,Primera,11,,ARS,ARS/kg,detail,detail,2026-08,5772.725,4,4,4,,,partial_period,official_publication_calendar_unverified,partial_unverified,median_observed_daily_prices,https://ssma.magyp.gob.ar/frutas.precios.aspx,2026-10-06T12:47:17.891082Z
mcba,MCBA,Hortalizas,AJO,COLORADO,MENDOZA,RISTRA 100,Primera,12,,ARS,ARS/kg,detail,detail,2026-08,6250.0,4,4,4,,,partial_period,official_publication_calendar_unverified,partial_unverified,median_observed_daily_prices,https://ssma.magyp.gob.ar/frutas.precios.aspx,2026-10-06T12:47:17.891082Z
mcba,MCBA,Hortalizas,AJO,COLORADO,MENDOZA,RISTRA 100,Primera,4,,ARS,ARS/kg,detail,detail,2026-08,1112.5,4,4,4,,,partial_period,official_publication_calendar_unverified,partial_unverified,median_observed_daily_prices,https://ssma.magyp.gob.ar/frutas.precios.aspx,2026-10-06T12:47:17.891082Z
mcba,MCBA,Hortalizas,AJO,COLORADO,MENDOZA,RISTRA 100,Primera,5,,ARS,ARS/kg,detail,detail,2026-08,1800.0,4,4,4,,,partial_period,official_publication_calendar_unverified,partial_unverified,median_observed_daily_prices,https://ssma.magyp.gob.ar/frutas.precios.aspx,2026-10-06T12:47:17.891082Z
mcba,MCBA,Hortalizas,AJO,COLORADO,MENDOZA,RISTRA 100,Primera,7,,ARS,ARS/kg,detail,detail,2026-08,2142.86,4,4,4,,,partial_period,official_publication_calendar_unverified,partial_unverified,median_observed_daily_prices,https://ssma.magyp.gob.ar/frutas.precios.aspx,2026-10-06T12:47:17.891082Z
mcba,MCBA,Hortalizas,AJO,COLORADO,MENDOZA,RISTRA 100,Primera,8,,ARS,ARS/kg,detail,detail,2026-08,3000.0,4,4,4,,,partial_period,official_publication_calendar_unverified,partial_unverified,median_observed_daily_prices,https://ssma.magyp.gob.ar/frutas.precios.aspx,2026-10-06T12:47:17.891082Z
mcba,MCBA,Hortalizas,AJO,COLORADO,MENDOZA,RISTRA 100,Primera,9,,ARS,ARS/kg,detail,detail,2026-08,3750.0,4,4,4,,,partial_period,official_publication_calendar_unverified,partial_unverified,median_observed_daily_prices,https://ssma.magyp.gob.ar/frutas.precios.aspx,2026-10-06T12:47:17.891082Z
mcba,MCBA,Hortalizas,AJO,MDO. CHINO,MENDOZA,CAJA,Primera,10,,ARS,ARS/kg,detail,detail,2026-08,5900.0,4,4,4,,,partial_period,official_publication_calendar_unverified,partial_unverified,median_observed_daily_prices,https://ssma.magyp.gob.ar/frutas.precios.aspx,2026-10-06T12:47:17.891082Z
mcba,MCBA,Hortalizas,AJO,MDO. CHINO,MENDOZA,CAJA,Primera,12,,ARS,ARS/kg,detail,detail,2026-08,7100.0,4,4,4,,,partial_period,official_publication_calendar_unverified,partial_unverified,median_observed_daily_prices,https://ssma.magyp.gob.ar/frutas.precios.aspx,2026-10-06T12:47:17.891082Z
mcba,MCBA,Hortalizas,AJO,MDO. CHINO,MENDOZA,CAJA,Primera,7,,ARS,ARS/kg,detail,detail,2026-08,3500.0,4,4,4,,,partial_period,official_publication_calendar_unverified,partial_unverified,median_observed_daily_prices,https://ssma.magyp.gob.ar/frutas.precios.aspx,2026-10-06T12:47:17.891082Z
mcba,MCBA,Hortalizas,AJO,PROM.ESP.,,,,,,ARS,ARS/kg,species_summary,species_summary,2026-08,4146.299999999999,4,4,4,,,partial_period,official_publication_calendar_unverified,partial_unverified,median_observed_daily_prices,https://ssma.magyp.gob.ar/frutas.precios.aspx,2026-10-06T12:47:17.891082Z
mcba,MCBA,Hortalizas,ALBAHACA,PROM.ESP.,,,,,,ARS,ARS/kg,species_summary,species_summary,2026-08,440.0,4,4,4,,,partial_period,official_publication_calendar_unverified,partial_unverified,median_observed_daily_prices,https://ssma.magyp.gob.ar/frutas.precios.aspx,2026-10-06T12:47:17.891082Z
mcba,MCBA,Hortalizas,ALBAHACA,,BS. AS.,ATADO,Primera,,INVERNAC,ARS,ARS/kg,detail,detail,2026-08,450.0,4,4,4,,,partial_period,official_publication_calendar_unverified,partial_unverified,median_observed_daily_prices,https://ssma.magyp.gob.ar/frutas.precios.aspx,2026-10-06T12:47:17.891082Z
mcba,MCBA,Hortalizas,ALBAHACA,,CTES.,ATADO,Primera,,INVERNAC,ARS,ARS/kg,detail,detail,2026-08,445.0,4,4,4,,,partial_period,official_publication_calendar_unverified,partial_unverified,median_observed_daily_prices,https://ssma.magyp.gob.ar/frutas.precios.aspx,2026-10-06T12:47:17.891082Z
mcba,MCBA,Hortalizas,ALCAUCIL,PROM.ESP.,,,,,,ARS,ARS/kg,species_summary,species_summary,2026-08,3900.0,4,4,4,,,partial_period,official_publication_calendar_unverified,partial_unverified,median_observed_daily_prices,https://ssma.magyp.gob.ar/frutas.precios.aspx,2026-10-06T12:47:17.891082Z
mcba,MCBA,Hortalizas,ALCAUCIL,VIOLETA,BS. AS.,TORO,Primera,MEDIANO,,ARS,ARS/kg,detail,detail,2026-08,3900.0,4,4,4,,,partial_period,official_publication_calendar_unverified,partial_unverified,median_observed_daily_prices,https://ssma.magyp.gob.ar/frutas.precios.aspx,2026-10-06T12:47:17.891082Z
mcba,MCBA,Hortalizas,APIO,PROM.ESP.,,,,,,ARS,ARS/kg,species_summary,species_summary,2026-08,1192.71,4,4,4,,,partial_period,official_publication_calendar_unverified,partial_unverified,median_observed_daily_prices,https://ssma.magyp.gob.ar/frutas.precios.aspx,2026-10-06T12:47:17.891082Z
mcba,MCBA,Hortalizas,APIO,,BS. AS.,TORO,Primera,GRANDE,INVERNAC,ARS,ARS/kg,detail,detail,2026-08,1093.75,4,4,4,,,partial_period,official_publication_calendar_unverified,partial_unverified,median_observed_daily_prices,https://ssma.magyp.gob.ar/frutas.precios.aspx,2026-10-06T12:47:17.891082Z
mcba,MCBA,Hortalizas,APIO,,BS. AS.,TORO,Primera,MEDIANO,INVERNAC,ARS,ARS/kg,detail,detail,2026-08,1291.665,4,4,4,,,partial_period,official_publication_calendar_unverified,partial_unverified,median_observed_daily_prices,https://ssma.magyp.gob.ar/frutas.precios.aspx,2026-10-06T12:47:17.891082Z
mcba,MCBA,Hortalizas,ARVEJA,PROM.ESP.,,,,,,ARS,ARS/kg,species_summary,species_summary,2026-08,1750.0,3,3,3,,,partial_period,official_publication_calendar_unverified,partial_unverified,median_observed_daily_prices,https://ssma.magyp.gob.ar/frutas.precios.aspx,2026-10-06T12:47:17.891082Z
mcba,MCBA,Hortalizas,ARVEJA,,JUJUY,BOLSA,Primera,MEDIANO,,ARS,ARS/kg,detail,detail,2026-08,1750.0,3,3,3,,,partial_period,official_publication_calendar_unverified,partial_unverified,median_observed_daily_prices,https://ssma.magyp.gob.ar/frutas.precios.aspx,2026-10-06T12:47:17.891082Z
mcba,MCBA,Hortalizas,BATATA,ARAPEY,BRASIL,BOLSA,Primera,MEDIANO,,ARS,ARS/kg,detail,detail,2026-08,1287.5,4,4,4,,,partial_period,official_publication_calendar_unverified,partial_unverified,median_observed_daily_prices,https://ssma.magyp.gob.ar/frutas.precios.aspx,2026-10-06T12:47:17.891082Z
mcba,MCBA,Hortalizas,BATATA,ARAPEY,CORDOBA,BOLSA,Primera,MEDIANO,,ARS,ARS/kg,detail,detail,2026-08,1015.385,4,4,4,,,partial_period,official_publication_calendar_unverified,partial_unverified,median_observed_daily_prices,https://ssma.magyp.gob.ar/frutas.precios.aspx,2026-10-06T12:47:17.891082Z
mcba,MCBA,Hortalizas,BATATA,BEAUREGARD,S. PEDRO,BOLSA,Primera,MEDIANO,,ARS,ARS/kg,detail,detail,2026-08,1863.635,4,4,4,,,partial_period,official_publication_calendar_unverified,partial_unverified,median_observed_daily_prices,https://ssma.magyp.gob.ar/frutas.precios.aspx,2026-10-06T12:47:17.891082Z
mcba,MCBA,Hortalizas,BATATA,PROM.ESP.,,,,,,ARS,ARS/kg,species_summary,species_summary,2026-08,1388.8400000000001,4,4,4,,,partial_period,official_publication_calendar_unverified,partial_unverified,median_observed_daily_prices,https://ssma.magyp.gob.ar/frutas.precios.aspx,2026-10-06T12:47:17.891082Z
mcba,MCBA,Hortalizas,BERENJENA,PROM.ESP.,,,,,,ARS,ARS/kg,species_summary,species_summary,2026-08,1173.6100000000001,4,4,4,,,partial_period,official_publication_calendar_unverified,partial_unverified,median_observed_daily_prices,https://ssma.magyp.gob.ar/frutas.precios.aspx,2026-10-06T12:47:17.891082Z
mcba,MCBA,Hortalizas,BERENJENA,VTA.MED.LA,JUJUY,TORO,Primera,MEDIANO,,ARS,ARS/kg,detail,detail,2026-08,1000.0,4,4,4,,,partial_period,official_publication_calendar_unverified,partial_unverified,median_observed_daily_prices,https://ssma.magyp.gob.ar/frutas.precios.aspx,2026-10-06T12:47:17.891082Z
mcba,MCBA,Hortalizas,BERENJENA,VTA.MED.LA,SALTA,PERDIDO,Primera,MEDIANO,INVERNAC,ARS,ARS/kg,detail,detail,2026-08,1375.0,4,4,4,,,partial_period,official_publication_calendar_unverified,partial_unverified,median_observed_daily_prices,https://ssma.magyp.gob.ar/frutas.precios.aspx,2026-10-06T12:47:17.891082Z
mcba,MCBA,Hortalizas,BERENJENA,VTA.MED.LA,SALTA,TORO,Primera,MEDIANO,,ARS,ARS/kg,detail,detail,2026-08,1145.835,4,4,4,,,partial_period,official_publication_calendar_unverified,partial_unverified,median_observed_daily_prices,https://ssma.magyp.gob.ar/frutas.precios.aspx,2026-10-06T12:47:17.891082Z
mcba,MCBA,Hortalizas,BERRO,PROM.ESP.,,,,,,ARS,ARS/kg,species_summary,species_summary,2026-08,2500.0,4,4,4,,,partial_period,official_publication_calendar_unverified,partial_unverified,median_observed_daily_prices,https://ssma.magyp.gob.ar/frutas.precios.aspx,2026-10-06T12:47:17.891082Z
mcba,MCBA,Hortalizas,BERRO,,BS. AS.,ATADO,Primera,SIN TAM,,ARS,ARS/kg,detail,detail,2026-08,2500.0,4,4,4,,,partial_period,official_publication_calendar_unverified,partial_unverified,median_observed_daily_prices,https://ssma.magyp.gob.ar/frutas.precios.aspx,2026-10-06T12:47:17.891082Z
mcba,MCBA,Hortalizas,BROCOLI,PROM.ESP.,,,,,,ARS,ARS/kg,species_summary,species_summary,2026-08,1447.915,4,4,4,,,partial_period,official_publication_calendar_unverified,partial_unverified,median_observed_daily_prices,https://ssma.magyp.gob.ar/frutas.precios.aspx,2026-10-06T12:47:17.891082Z
mcba,MCBA,Hortalizas,BROCOLI,,BS. AS.,JAULA,Primera,MEDIANO,INVERNAC,ARS,ARS/kg,detail,detail,2026-08,1500.0,4,4,4,,,partial_period,official_publication_calendar_unverified,partial_unverified,median_observed_daily_prices,https://ssma.magyp.gob.ar/frutas.precios.aspx,2026-10-06T12:47:17.891082Z
mcba,MCBA,Hortalizas,BROCOLI,,BS. AS.,JAULA,Primera,MEDIANO,,ARS,ARS/kg,detail,detail,2026-08,1156.25,4,4,4,,,partial_period,official_publication_calendar_unverified,partial_unverified,median_observed_daily_prices,https://ssma.magyp.gob.ar/frutas.precios.aspx,2026-10-06T12:47:17.891082Z
mcba,MCBA,Hortalizas,BROCOLI,,MENDOZA,PERDIDO,,MEDIANO,,ARS,ARS/kg,detail,detail,2026-08,1687.5,4,4,4,,,partial_period,official_publication_calendar_unverified,partial_unverified,median_observed_daily_prices,https://ssma.magyp.gob.ar/frutas.precios.aspx,2026-10-06T12:47:17.891082Z
mcba,MCBA,Hortalizas,BROTE ALFA,PROM.ESP.,,,,,,ARS,ARS/kg,species_summary,species_summary,2026-08,9000.0,4,4,4,,,partial_period,official_publication_calendar_unverified,partial_unverified,median_observed_daily_prices,https://ssma.magyp.gob.ar/frutas.precios.aspx,2026-10-06T12:47:17.891082Z
mcba,MCBA,Hortalizas,BROTE ALFA,,BS. AS.,BOLSA,Primera,MEDIANO,,ARS,ARS/kg,detail,detail,2026-08,9000.0,4,4,4,,,partial_period,official_publication_calendar_unverified,partial_unverified,median_observed_daily_prices,https://ssma.magyp.gob.ar/frutas.precios.aspx,2026-10-06T12:47:17.891082Z
mcba,MCBA,Hortalizas,BROTE SOJA,PROM.ESP.,,,,,,ARS,ARS/kg,species_summary,species_summary,2026-08,7000.0,4,4,4,,,partial_period,official_publication_calendar_unverified,partial_unverified,median_observed_daily_prices,https://ssma.magyp.gob.ar/frutas.precios.aspx,2026-10-06T12:47:17.891082Z
mcba,MCBA,Hortalizas,BROTE SOJA,,BS. AS.,BOLSA,Primera,,,ARS,ARS/kg,detail,detail,2026-08,7000.0,4,4,4,,,partial_period,official_publication_calendar_unverified,partial_unverified,median_observed_daily_prices,https://ssma.magyp.gob.ar/frutas.precios.aspx,2026-10-06T12:47:17.891082Z
mcba,MCBA,Hortalizas,CARDO,PROM.ESP.,,,,,,ARS,ARS/kg,species_summary,species_summary,2026-08,1500.0,4,4,4,,,partial_period,official_publication_calendar_unverified,partial_unverified,median_observed_daily_prices,https://ssma.magyp.gob.ar/frutas.precios.aspx,2026-10-06T12:47:17.891082Z
mcba,MCBA,Hortalizas,CARDO,,BS. AS.,ATADO,Primera,MEDIANO,,ARS,ARS/kg,detail,detail,2026-08,1500.0,4,4,4,,,partial_period,official_publication_calendar_unverified,partial_unverified,median_observed_daily_prices,https://ssma.magyp.gob.ar/frutas.precios.aspx,2026-10-06T12:47:17.891082Z
mcba,MCBA,Hortalizas,CEB.VERDEO,COLORADA,BS. AS.,ATADO,Primera,MEDIANO,,ARS,ARS/kg,detail,detail,2026-08,2500.0,4,4,4,,,partial_period,official_publication_calendar_unverified,partial_unverified,median_observed_daily_prices,https://ssma.magyp.gob.ar/frutas.precios.aspx,2026-10-06T12:47:17.891082Z
mcba,MCBA,Hortalizas,CEB.VERDEO,COLORADA,BS. AS.,JAULA,Primera,MEDIANO,,ARS,ARS/kg,detail,detail,2026-08,2200.0,4,4,4,,,partial_period,official_publication_calendar_unverified,partial_unverified,median_observed_daily_prices,https://ssma.magyp.gob.ar/frutas.precios.aspx,2026-10-06T12:47:17.891082Z
mcba,MCBA,Hortalizas,CEB.VERDEO,COLORADA,SGO.EST.,ATADO,Primera,MEDIANO,,ARS,ARS/kg,detail,detail,2026-08,2150.0,4,4,4,,,partial_period,official_publication_calendar_unverified,partial_unverified,median_observed_daily_prices,https://ssma.magyp.gob.ar/frutas.precios.aspx,2026-10-06T12:47:17.891082Z
mcba,MCBA,Hortalizas,CEB.VERDEO,PROM.ESP.,,,,,,ARS,ARS/kg,species_summary,species_summary,2026-08,2266.67,4,4,4,,,partial_period,official_publication_calendar_unverified,partial_unverified,median_observed_daily_prices,https://ssma.magyp.gob.ar/frutas.precios.aspx,2026-10-06T12:47:17.891082Z
mcba,MCBA,Hortalizas,CEBOLLA,COLORADA,S.BS.AS.,BOLSA,Primera,MEDIANO,,ARS,ARS/kg,detail,detail,2026-08,1150.0,4,4,4,,,partial_period,official_publication_calendar_unverified,partial_unverified,median_observed_daily_prices,https://ssma.magyp.gob.ar/frutas.precios.aspx,2026-10-06T12:47:17.891082Z
mcba,MCBA,Hortalizas,CEBOLLA,COLORADA,S.BS.AS.,BOLSA,Segunda,MEDIANO,,ARS,ARS/kg,detail,detail,2026-08,925.0,4,4,4,,,partial_period,official_publication_calendar_unverified,partial_unverified,median_observed_daily_prices,https://ssma.magyp.gob.ar/frutas.precios.aspx,2026-10-06T12:47:17.891082Z
mcba,MCBA,Hortalizas,CEBOLLA,OPTIMA,BRASIL,BOLSA,Primera,MEDIANO,,ARS,ARS/kg,detail,detail,2026-08,1362.5,4,4,4,,,partial_period,official_publication_calendar_unverified,partial_unverified,median_observed_daily_prices,https://ssma.magyp.gob.ar/frutas.precios.aspx,2026-10-06T12:47:17.891082Z
mcba,MCBA,Hortalizas,CEBOLLA,PROM.ESP.,,,,,,ARS,ARS/kg,species_summary,species_summary,2026-08,1114.585,4,4,4,,,partial_period,official_publication_calendar_unverified,partial_unverified,median_observed_daily_prices,https://ssma.magyp.gob.ar/frutas.precios.aspx,2026-10-06T12:47:17.891082Z
mcba,MCBA,Hortalizas,CEBOLLA,VALENCIANA,R. NEGRO,BOLSA,Primera,MEDIANO,,ARS,ARS/kg,detail,detail,2026-08,1175.0,4,4,4,,,partial_period,official_publication_calendar_unverified,partial_unverified,median_observed_daily_prices,https://ssma.magyp.gob.ar/frutas.precios.aspx,2026-10-06T12:47:17.891082Z
mcba,MCBA,Hortalizas,CEBOLLA,VALENCIANA,S.BS.AS.,BOLSA,Primera,MEDIANO,,ARS,ARS/kg,detail,detail,2026-08,1175.0,4,4,4,,,partial_period,official_publication_calendar_unverified,partial_unverified,median_observed_daily_prices,https://ssma.magyp.gob.ar/frutas.precios.aspx,2026-10-06T12:47:17.891082Z
mcba,MCBA,Hortalizas,CEBOLLA,VALENCIANA,S.BS.AS.,BOLSA,Segunda,MEDIANO,,ARS,ARS/kg,detail,detail,2026-08,900.0,4,4,4,,,partial_period,official_publication_calendar_unverified,partial_unverified,median_observed_daily_prices,https://ssma.magyp.gob.ar/frutas.precios.aspx,2026-10-06T12:47:17.891082Z
mcba,MCBA,Hortalizas,CHAUCHA,ESMERALDA,CTES.,TORO,Primera,MEDIANO,INVERNAC,ARS,ARS/kg,detail,detail,2026-08,2600.0,4,4,4,,,partial_period,official_publication_calendar_unverified,partial_unverified,median_observed_daily_prices,https://ssma.magyp.gob.ar/frutas.precios.aspx,2026-10-06T12:47:17.891082Z
mcba,MCBA,Hortalizas,CHAUCHA,ESMERALDA,SALTA,PERDIDO,Primera,MEDIANO,INVERNAC,ARS,ARS/kg,detail,detail,2026-08,2450.0,4,4,4,,,partial_period,official_publication_calendar_unverified,partial_unverified,median_observed_daily_prices,https://ssma.magyp.gob.ar/frutas.precios.aspx,2026-10-06T12:47:17.891082Z
mcba,MCBA,Hortalizas,CHAUCHA,PROM.ESP.,,,,,,ARS,ARS/kg,species_summary,species_summary,2026-08,2422.92,4,4,4,,,partial_period,official_publication_calendar_unverified,partial_unverified,median_observed_daily_prices,https://ssma.magyp.gob.ar/frutas.precios.aspx,2026-10-06T12:47:17.891082Z
mcba,MCBA,Hortalizas,CHAUCHA,ROLLIZA,BS. AS.,TORO,Primera,MEDIANO,INVERNAC,ARS,ARS/kg,detail,detail,2026-08,2125.0,1,1,1,,,partial_period,official_publication_calendar_unverified,partial_unverified,median_observed_daily_prices,https://ssma.magyp.gob.ar/frutas.precios.aspx,2026-10-06T12:47:17.891082Z
mcba,MCBA,Hortalizas,CHAUCHA,ROLLIZA,SALTA,PERDIDO,Primera,MEDIANO,INVERNAC,ARS,ARS/kg,detail,detail,2026-08,2458.335,4,4,4,,,partial_period,official_publication_calendar_unverified,partial_unverified,median_observed_daily_prices,https://ssma.magyp.gob.ar/frutas.precios.aspx,2026-10-06T12:47:17.891082Z
mcba,MCBA,Hortalizas,CHAUCHA,ROLLIZA,SALTA,TORO,Primera,MEDIANO,,ARS,ARS/kg,detail,detail,2026-08,2208.335,4,4,4,,,partial_period,official_publication_calendar_unverified,partial_unverified,median_observed_daily_prices,https://ssma.magyp.gob.ar/frutas.precios.aspx,2026-10-06T12:47:17.891082Z
mcba,MCBA,Hortalizas,CHOCLO,AMARILLO,SALTA,PERDIDO,Primera,MEDIANO,PRE-ENFR,ARS,ARS/kg,detail,detail,2026-08,3700.0,4,4,4,,,partial_period,official_publication_calendar_unverified,partial_unverified,median_observed_daily_prices,https://ssma.magyp.gob.ar/frutas.precios.aspx,2026-10-06T12:47:17.891082Z
mcba,MCBA,Hortalizas,CHOCLO,AMARILLO,SALTA,PERDIDO,Segunda,MEDIANO,PRE-ENFR,ARS,ARS/kg,detail,detail,2026-08,2933.33,1,1,1,,,partial_period,official_publication_calendar_unverified,partial_unverified,median_observed_daily_prices,https://ssma.magyp.gob.ar/frutas.precios.aspx,2026-10-06T12:47:17.891082Z
mcba,MCBA,Hortalizas,CHOCLO,PROM.ESP.,,,,,,ARS,ARS/kg,species_summary,species_summary,2026-08,3550.0,4,4,4,,,partial_period,official_publication_calendar_unverified,partial_unverified,median_observed_daily_prices,https://ssma.magyp.gob.ar/frutas.precios.aspx,2026-10-06T12:47:17.891082Z
mcba,MCBA,Hortalizas,CIBOULLE,PROM.ESP.,,,,,,ARS,ARS/kg,species_summary,species_summary,2026-08,11000.0,4,4,4,,,partial_period,official_publication_calendar_unverified,partial_unverified,median_observed_daily_prices,https://ssma.magyp.gob.ar/frutas.precios.aspx,2026-10-06T12:47:17.891082Z
mcba,MCBA,Hortalizas,CIBOULLE,,BS. AS.,ATADO,Primera,MEDIANO,,ARS,ARS/kg,detail,detail,2026-08,11000.0,4,4,4,,,partial_period,official_publication_calendar_unverified,partial_unverified,median_observed_daily_prices,https://ssma.magyp.gob.ar/frutas.precios.aspx,2026-10-06T12:47:17.891082Z
mcba,MCBA,Hortalizas,CILANDRO,PROM.ESP.,,,,,,ARS,ARS/kg,species_summary,species_summary,2026-08,10000.0,4,4,4,,,partial_period,official_publication_calendar_unverified,partial_unverified,median_observed_daily_prices,https://ssma.magyp.gob.ar/frutas.precios.aspx,2026-10-06T12:47:17.891082Z
mcba,MCBA,Hortalizas,CILANDRO,,BS. AS.,ATADO,Primera,MEDIANO,,ARS,ARS/kg,detail,detail,2026-08,10000.0,4,4,4,,,partial_period,official_publication_calendar_unverified,partial_unverified,median_observed_daily_prices,https://ssma.magyp.gob.ar/frutas.precios.aspx,2026-10-06T12:47:17.891082Z
mcba,MCBA,Hortalizas,COLIFLOR,PROM.ESP.,,,,,,ARS,ARS/kg,species_summary,species_summary,2026-08,800.0,4,4,4,,,partial_period,official_publication_calendar_unverified,partial_unverified,median_observed_daily_prices,https://ssma.magyp.gob.ar/frutas.precios.aspx,2026-10-06T12:47:17.891082Z
mcba,MCBA,Hortalizas,COLIFLOR,,BS. AS.,JAULA,Primera,MEDIANO,,ARS,ARS/kg,detail,detail,2026-08,733.33,4,4,4,,,partial_period,official_publication_calendar_unverified,partial_unverified,median_observed_daily_prices,https://ssma.magyp.gob.ar/frutas.precios.aspx,2026-10-06T12:47:17.891082Z
mcba,MCBA,Hortalizas,COLIFLOR,,MENDOZA,PERDIDO,Primera,MEDIANO,,ARS,ARS/kg,detail,detail,2026-08,866.67,4,4,4,,,partial_period,official_publication_calendar_unverified,partial_unverified,median_observed_daily_prices,https://ssma.magyp.gob.ar/frutas.precios.aspx,2026-10-06T12:47:17.891082Z
mcba,MCBA,Hortalizas,CURCUMA,PROM.ESP.,,,,,,ARS,ARS/kg,species_summary,species_summary,2026-08,4250.0,4,4,4,,,partial_period,official_publication_calendar_unverified,partial_unverified,median_observed_daily_prices,https://ssma.magyp.gob.ar/frutas.precios.aspx,2026-10-06T12:47:17.891082Z
mcba,MCBA,Hortalizas,CURCUMA,SIN VARIED,BRASIL,CAJA,Primera,MEDIANO,,ARS,ARS/kg,detail,detail,2026-08,4250.0,4,4,4,,,partial_period,official_publication_calendar_unverified,partial_unverified,median_observed_daily_prices,https://ssma.magyp.gob.ar/frutas.precios.aspx,2026-10-06T12:47:17.891082Z
mcba,MCBA,Hortalizas,ECHALOTE,PROM.ESP.,,,,,,ARS,ARS/kg,species_summary,species_summary,2026-08,10000.0,4,4,4,,,partial_period,official_publication_calendar_unverified,partial_unverified,median_observed_daily_prices,https://ssma.magyp.gob.ar/frutas.precios.aspx,2026-10-06T12:47:17.891082Z
mcba,MCBA,Hortalizas,ECHALOTE,,MENDOZA,CAJA,Primera,,,ARS,ARS/kg,detail,detail,2026-08,10000.0,4,4,4,,,partial_period,official_publication_calendar_unverified,partial_unverified,median_observed_daily_prices,https://ssma.magyp.gob.ar/frutas.precios.aspx,2026-10-06T12:47:17.891082Z
mcba,MCBA,Hortalizas,ENDIBIA,PROM.ESP.,,,,,,ARS,ARS/kg,species_summary,species_summary,2026-08,21000.0,4,4,4,,,partial_period,official_publication_calendar_unverified,partial_unverified,median_observed_daily_prices,https://ssma.magyp.gob.ar/frutas.precios.aspx,2026-10-06T12:47:17.891082Z
mcba,MCBA,Hortalizas,ENDIBIA,,BS. AS.,BANDEJA,Primera,MEDIANO,,ARS,ARS/kg,detail,detail,2026-08,21000.0,4,4,4,,,partial_period,official_publication_calendar_unverified,partial_unverified,median_observed_daily_prices,https://ssma.magyp.gob.ar/frutas.precios.aspx,2026-10-06T12:47:17.891082Z
mcba,MCBA,Hortalizas,ESCAROLA,HOJA ANCHA,BS. AS.,TORITO,Primera,,,ARS,ARS/kg,detail,detail,2026-08,1200.0,4,4,4,,,partial_period,official_publication_calendar_unverified,partial_unverified,median_observed_daily_prices,https://ssma.magyp.gob.ar/frutas.precios.aspx,2026-10-06T12:47:17.891082Z
mcba,MCBA,Hortalizas,ESCAROLA,HOJA FINA,BS. AS.,TORITO,Primera,,,ARS,ARS/kg,detail,detail,2026-08,1400.0,4,4,4,,,partial_period,official_publication_calendar_unverified,partial_unverified,median_observed_daily_prices,https://ssma.magyp.gob.ar/frutas.precios.aspx,2026-10-06T12:47:17.891082Z
mcba,MCBA,Hortalizas,ESCAROLA,PROM.ESP.,,,,,,ARS,ARS/kg,species_summary,species_summary,2026-08,1300.0,4,4,4,,,partial_period,official_publication_calendar_unverified,partial_unverified,median_observed_daily_prices,https://ssma.magyp.gob.ar/frutas.precios.aspx,2026-10-06T12:47:17.891082Z
mcba,MCBA,Hortalizas,ESPARRAGO,PROM.ESP.,,,,,,ARS,ARS/kg,species_summary,species_summary,2026-08,9800.0,4,4,4,,,partial_period,official_publication_calendar_unverified,partial_unverified,median_observed_daily_prices,https://ssma.magyp.gob.ar/frutas.precios.aspx,2026-10-06T12:47:17.891082Z
mcba,MCBA,Hortalizas,ESPARRAGO,VERDE,PERU,CAJA,Primera,MEDIANO,,ARS,ARS/kg,detail,detail,2026-08,11600.0,4,4,4,,,partial_period,official_publication_calendar_unverified,partial_unverified,median_observed_daily_prices,https://ssma.magyp.gob.ar/frutas.precios.aspx,2026-10-06T12:47:17.891082Z
mcba,MCBA,Hortalizas,ESPARRAGO,VERDE,SAN JUAN,ATADO,Primera,CHICO,,ARS,ARS/kg,detail,detail,2026-08,6800.0,4,4,4,,,partial_period,official_publication_calendar_unverified,partial_unverified,median_observed_daily_prices,https://ssma.magyp.gob.ar/frutas.precios.aspx,2026-10-06T12:47:17.891082Z
mcba,MCBA,Hortalizas,ESPARRAGO,VERDE,SAN JUAN,ATADO,Primera,MEDIANO,,ARS,ARS/kg,detail,detail,2026-08,11000.0,4,4,4,,,partial_period,official_publication_calendar_unverified,partial_unverified,median_observed_daily_prices,https://ssma.magyp.gob.ar/frutas.precios.aspx,2026-10-06T12:47:17.891082Z
mcba,MCBA,Hortalizas,ESPINACA,PROM.ESP.,,,,,,ARS,ARS/kg,species_summary,species_summary,2026-08,1175.0,4,4,4,,,partial_period,official_publication_calendar_unverified,partial_unverified,median_observed_daily_prices,https://ssma.magyp.gob.ar/frutas.precios.aspx,2026-10-06T12:47:17.891082Z
mcba,MCBA,Hortalizas,ESPINACA,,BS. AS.,JAULA,Primera,,INVERNAC,ARS,ARS/kg,detail,detail,2026-08,1310.0,4,4,4,,,partial_period,official_publication_calendar_unverified,partial_unverified,median_observed_daily_prices,https://ssma.magyp.gob.ar/frutas.precios.aspx,2026-10-06T12:47:17.891082Z
mcba,MCBA,Hortalizas,ESPINACA,,BS. AS.,JAULA,Primera,,,ARS,ARS/kg,detail,detail,2026-08,1030.0,4,4,4,,,partial_period,official_publication_calendar_unverified,partial_unverified,median_observed_daily_prices,https://ssma.magyp.gob.ar/frutas.precios.aspx,2026-10-06T12:47:17.891082Z
mcba,MCBA,Hortalizas,HABA,PROM.ESP.,,,,,,ARS,ARS/kg,species_summary,species_summary,2026-08,1900.0,3,3,3,,,partial_period,official_publication_calendar_unverified,partial_unverified,median_observed_daily_prices,https://ssma.magyp.gob.ar/frutas.precios.aspx,2026-10-06T12:47:17.891082Z
mcba,MCBA,Hortalizas,HABA,,JUJUY,BOLSA,Primera,MEDIANO,,ARS,ARS/kg,detail,detail,2026-08,1900.0,3,3,3,,,partial_period,official_publication_calendar_unverified,partial_unverified,median_observed_daily_prices,https://ssma.magyp.gob.ar/frutas.precios.aspx,2026-10-06T12:47:17.891082Z
mcba,MCBA,Hortalizas,HINOJO,PROM.ESP.,,,,,,ARS,ARS/kg,species_summary,species_summary,2026-08,1000.0,4,4,4,,,partial_period,official_publication_calendar_unverified,partial_unverified,median_observed_daily_prices,https://ssma.magyp.gob.ar/frutas.precios.aspx,2026-10-06T12:47:17.891082Z
mcba,MCBA,Hortalizas,HINOJO,,BS. AS.,JAULA,Primera,MEDIANO,,ARS,ARS/kg,detail,detail,2026-08,1000.0,4,4,4,,,partial_period,official_publication_calendar_unverified,partial_unverified,median_observed_daily_prices,https://ssma.magyp.gob.ar/frutas.precios.aspx,2026-10-06T12:47:17.891082Z
mcba,MCBA,Hortalizas,HONGOS,AGARICUS,BS. AS.,BOLSA,Primera,,,ARS,ARS/kg,detail,detail,2026-08,19500.0,4,4,4,,,partial_period,official_publication_calendar_unverified,partial_unverified,median_observed_daily_prices,https://ssma.magyp.gob.ar/frutas.precios.aspx,2026-10-06T12:47:17.891082Z
mcba,MCBA,Hortalizas,HONGOS,OYSTER,BS. AS.,BANDEJA,Primera,,,ARS,ARS/kg,detail,detail,2026-08,21000.0,4,4,4,,,partial_period,official_publication_calendar_unverified,partial_unverified,median_observed_daily_prices,https://ssma.magyp.gob.ar/frutas.precios.aspx,2026-10-06T12:47:17.891082Z
mcba,MCBA,Hortalizas,HONGOS,PORTOBELO,BS. AS.,BOLSA,Primera,,,ARS,ARS/kg,detail,detail,2026-08,22000.0,4,4,4,,,partial_period,official_publication_calendar_unverified,partial_unverified,median_observed_daily_prices,https://ssma.magyp.gob.ar/frutas.precios.aspx,2026-10-06T12:47:17.891082Z
mcba,MCBA,Hortalizas,HONGOS,PROM.ESP.,,,,,,ARS,ARS/kg,species_summary,species_summary,2026-08,21125.0,4,4,4,,,partial_period,official_publication_calendar_unverified,partial_unverified,median_observed_daily_prices,https://ssma.magyp.gob.ar/frutas.precios.aspx,2026-10-06T12:47:17.891082Z
mcba,MCBA,Hortalizas,HONGOS,SHIITAKE,BS. AS.,BANDEJA,Primera,,,ARS,ARS/kg,detail,detail,2026-08,22000.0,4,4,4,,,partial_period,official_publication_calendar_unverified,partial_unverified,median_observed_daily_prices,https://ssma.magyp.gob.ar/frutas.precios.aspx,2026-10-06T12:47:17.891082Z
mcba,MCBA,Hortalizas,JENGIBRE,PROM.ESP.,,,,,,ARS,ARS/kg,species_summary,species_summary,2026-08,3475.0,4,4,4,,,partial_period,official_publication_calendar_unverified,partial_unverified,median_observed_daily_prices,https://ssma.magyp.gob.ar/frutas.precios.aspx,2026-10-06T12:47:17.891082Z
mcba,MCBA,Hortalizas,JENGIBRE,,BRASIL,BOLSA,Primera,MEDIANO,,ARS,ARS/kg,detail,detail,2026-08,3550.0,4,4,4,,,partial_period,official_publication_calendar_unverified,partial_unverified,median_observed_daily_prices,https://ssma.magyp.gob.ar/frutas.precios.aspx,2026-10-06T12:47:17.891082Z
mcba,MCBA,Hortalizas,JENGIBRE,,MISIONES,BOLSA,Primera,MEDIANO,,ARS,ARS/kg,detail,detail,2026-08,3400.0,4,4,4,,,partial_period,official_publication_calendar_unverified,partial_unverified,median_observed_daily_prices,https://ssma.magyp.gob.ar/frutas.precios.aspx,2026-10-06T12:47:17.891082Z
mcba,MCBA,Hortalizas,KALE,CRESPO,BS. AS.,ATADO,Primera,SIN TAM,VERDE,ARS,ARS/kg,detail,detail,2026-08,1300.0,4,4,4,,,partial_period,official_publication_calendar_unverified,partial_unverified,median_observed_daily_prices,https://ssma.magyp.gob.ar/frutas.precios.aspx,2026-10-06T12:47:17.891082Z
mcba,MCBA,Hortalizas,KALE,MORADO,BS. AS.,ATADO,Primera,SIN TAM,,ARS,ARS/kg,detail,detail,2026-08,1250.0,2,2,2,,,partial_period,official_publication_calendar_unverified,partial_unverified,median_observed_daily_prices,https://ssma.magyp.gob.ar/frutas.precios.aspx,2026-10-06T12:47:17.891082Z
mcba,MCBA,Hortalizas,KALE,PROM.ESP.,,,,,,ARS,ARS/kg,species_summary,species_summary,2026-08,1325.0,4,4,4,,,partial_period,official_publication_calendar_unverified,partial_unverified,median_observed_daily_prices,https://ssma.magyp.gob.ar/frutas.precios.aspx,2026-10-06T12:47:17.891082Z
mcba,MCBA,Hortalizas,LECHUGA,CAPUCHINA,BS. AS.,JAULA,Primera,MEDIANO,,ARS,ARS/kg,detail,detail,2026-08,770.835,4,4,4,,,partial_period,official_publication_calendar_unverified,partial_unverified,median_observed_daily_prices,https://ssma.magyp.gob.ar/frutas.precios.aspx,2026-10-06T12:47:17.891082Z
mcba,MCBA,Hortalizas,LECHUGA,CAPUCHINA,MENDOZA,PERDIDO,Primera,MEDIANO,,ARS,ARS/kg,detail,detail,2026-08,900.0,4,4,4,,,partial_period,official_publication_calendar_unverified,partial_unverified,median_observed_daily_prices,https://ssma.magyp.gob.ar/frutas.precios.aspx,2026-10-06T12:47:17.891082Z
mcba,MCBA,Hortalizas,LECHUGA,CAPUCHINA,SANTA FE,JAULA,Primera,MEDIANO,,ARS,ARS/kg,detail,detail,2026-08,833.33,4,4,4,,,partial_period,official_publication_calendar_unverified,partial_unverified,median_observed_daily_prices,https://ssma.magyp.gob.ar/frutas.precios.aspx,2026-10-06T12:47:17.891082Z
mcba,MCBA,Hortalizas,LECHUGA,CAPUCHINA,SGO.EST.,PERDIDO,Primera,MEDIANO,,ARS,ARS/kg,detail,detail,2026-08,733.33,4,4,4,,,partial_period,official_publication_calendar_unverified,partial_unverified,median_observed_daily_prices,https://ssma.magyp.gob.ar/frutas.precios.aspx,2026-10-06T12:47:17.891082Z
mcba,MCBA,Hortalizas,LECHUGA,CRIOLLA,BS. AS.,JAULA,Primera,GRANDE,INVERNAC,ARS,ARS/kg,detail,detail,2026-08,975.0,4,4,4,,,partial_period,official_publication_calendar_unverified,partial_unverified,median_observed_daily_prices,https://ssma.magyp.gob.ar/frutas.precios.aspx,2026-10-06T12:47:17.891082Z
mcba,MCBA,Hortalizas,LECHUGA,CRIOLLA,BS. AS.,JAULA,Primera,MEDIANO,INVERNAC,ARS,ARS/kg,detail,detail,2026-08,731.25,4,4,4,,,partial_period,official_publication_calendar_unverified,partial_unverified,median_observed_daily_prices,https://ssma.magyp.gob.ar/frutas.precios.aspx,2026-10-06T12:47:17.891082Z
mcba,MCBA,Hortalizas,LECHUGA,CRIOLLA,SANTA FE,JAULA,Primera,MEDIANO,,ARS,ARS/kg,detail,detail,2026-08,783.335,4,4,4,,,partial_period,official_publication_calendar_unverified,partial_unverified,median_observed_daily_prices,https://ssma.magyp.gob.ar/frutas.precios.aspx,2026-10-06T12:47:17.891082Z
mcba,MCBA,Hortalizas,LECHUGA,FRANCESA,BS. AS.,JAULA,Primera,MEDIANO,,ARS,ARS/kg,detail,detail,2026-08,875.0,4,4,4,,,partial_period,official_publication_calendar_unverified,partial_unverified,median_observed_daily_prices,https://ssma.magyp.gob.ar/frutas.precios.aspx,2026-10-06T12:47:17.891082Z
mcba,MCBA,Hortalizas,LECHUGA,MANTECOSA,BS. AS.,JAULA,Primera,GRANDE,INVERNAC,ARS,ARS/kg,detail,detail,2026-08,1600.0,4,4,4,,,partial_period,official_publication_calendar_unverified,partial_unverified,median_observed_daily_prices,https://ssma.magyp.gob.ar/frutas.precios.aspx,2026-10-06T12:47:17.891082Z
mcba,MCBA,Hortalizas,LECHUGA,MANTECOSA,BS. AS.,JAULA,Primera,MEDIANO,INVERNAC,ARS,ARS/kg,detail,detail,2026-08,1200.0,4,4,4,,,partial_period,official_publication_calendar_unverified,partial_unverified,median_observed_daily_prices,https://ssma.magyp.gob.ar/frutas.precios.aspx,2026-10-06T12:47:17.891082Z
mcba,MCBA,Hortalizas,LECHUGA,PROM.ESP.,,,,,,ARS,ARS/kg,species_summary,species_summary,2026-08,950.415,4,4,4,,,partial_period,official_publication_calendar_unverified,partial_unverified,median_observed_daily_prices,https://ssma.magyp.gob.ar/frutas.precios.aspx,2026-10-06T12:47:17.891082Z
mcba,MCBA,Hortalizas,MANDIOCA,PROM.ESP.,,,,,,ARS,ARS/kg,species_summary,species_summary,2026-08,737.5,4,4,4,,,partial_period,official_publication_calendar_unverified,partial_unverified,median_observed_daily_prices,https://ssma.magyp.gob.ar/frutas.precios.aspx,2026-10-06T12:47:17.891082Z
mcba,MCBA,Hortalizas,MANDIOCA,,MISIONES,BOLSA,Primera,GRANDE,,ARS,ARS/kg,detail,detail,2026-08,737.5,4,4,4,,,partial_period,official_publication_calendar_unverified,partial_unverified,median_observed_daily_prices,https://ssma.magyp.gob.ar/frutas.precios.aspx,2026-10-06T12:47:17.891082Z
mcba,MCBA,Hortalizas,MENTA,PROM.ESP.,,,,,,ARS,ARS/kg,species_summary,species_summary,2026-08,9500.0,4,4,4,,,partial_period,official_publication_calendar_unverified,partial_unverified,median_observed_daily_prices,https://ssma.magyp.gob.ar/frutas.precios.aspx,2026-10-06T12:47:17.891082Z
mcba,MCBA,Hortalizas,MENTA,,BS. AS.,ATADO,Primera,MEDIANO,,ARS,ARS/kg,detail,detail,2026-08,9500.0,4,4,4,,,partial_period,official_publication_calendar_unverified,partial_unverified,median_observed_daily_prices,https://ssma.magyp.gob.ar/frutas.precios.aspx,2026-10-06T12:47:17.891082Z
mcba,MCBA,Hortalizas,NABO,BLANCO,BS. AS.,ATADO,Primera,MEDIANO,,ARS,ARS/kg,detail,detail,2026-08,1333.33,4,4,4,,,partial_period,official_publication_calendar_unverified,partial_unverified,median_observed_daily_prices,https://ssma.magyp.gob.ar/frutas.precios.aspx,2026-10-06T12:47:17.891082Z
mcba,MCBA,Hortalizas,NABO,PROM.ESP.,,,,,,ARS,ARS/kg,species_summary,species_summary,2026-08,1333.33,4,4,4,,,partial_period,official_publication_calendar_unverified,partial_unverified,median_observed_daily_prices,https://ssma.magyp.gob.ar/frutas.precios.aspx,2026-10-06T12:47:17.891082Z
mcba,MCBA,Hortalizas,OREGANO,PROM.ESP.,,,,,,ARS,ARS/kg,species_summary,species_summary,2026-08,9500.0,4,4,4,,,partial_period,official_publication_calendar_unverified,partial_unverified,median_observed_daily_prices,https://ssma.magyp.gob.ar/frutas.precios.aspx,2026-10-06T12:47:17.891082Z
mcba,MCBA,Hortalizas,OREGANO,,BS. AS.,BOLSA,Primera,,,ARS,ARS/kg,detail,detail,2026-08,9500.0,4,4,4,,,partial_period,official_publication_calendar_unverified,partial_unverified,median_observed_daily_prices,https://ssma.magyp.gob.ar/frutas.precios.aspx,2026-10-06T12:47:17.891082Z
mcba,MCBA,Hortalizas,PACK CHOY,PROM.ESP.,,,,,,ARS,ARS/kg,species_summary,species_summary,2026-08,3000.0,4,4,4,,,partial_period,official_publication_calendar_unverified,partial_unverified,median_observed_daily_prices,https://ssma.magyp.gob.ar/frutas.precios.aspx,2026-10-06T12:47:17.891082Z
mcba,MCBA,Hortalizas,PACK CHOY,,BS. AS.,BANDEJA,Primera,,,ARS,ARS/kg,detail,detail,2026-08,3000.0,4,4,4,,,partial_period,official_publication_calendar_unverified,partial_unverified,median_observed_daily_prices,https://ssma.magyp.gob.ar/frutas.precios.aspx,2026-10-06T12:47:17.891082Z
mcba,MCBA,Hortalizas,PAPA,AGATA,BRASIL,BOLSA,Primera,MEDIANO,LAVADA,ARS,ARS/kg,detail,detail,2026-08,1220.0,4,4,4,,,partial_period,official_publication_calendar_unverified,partial_unverified,median_observed_daily_prices,https://ssma.magyp.gob.ar/frutas.precios.aspx,2026-10-06T12:47:17.891082Z
mcba,MCBA,Hortalizas,PAPA,PROM.ESP.,,,,,,ARS,ARS/kg,species_summary,species_summary,2026-08,1082.855,4,4,4,,,partial_period,official_publication_calendar_unverified,partial_unverified,median_observed_daily_prices,https://ssma.magyp.gob.ar/frutas.precios.aspx,2026-10-06T12:47:17.891082Z
mcba,MCBA,Hortalizas,PAPA,SPUNTA,CATAMARC,BOLSA,Segunda,MEDIANO,,ARS,ARS/kg,detail,detail,2026-08,1000.0,2,2,2,,,partial_period,official_publication_calendar_unverified,partial_unverified,median_observed_daily_prices,https://ssma.magyp.gob.ar/frutas.precios.aspx,2026-10-06T12:47:17.891082Z
mcba,MCBA,Hortalizas,PAPA,SPUNTA,CORDOBA,BOLSA,Segunda,MEDIANO,,ARS,ARS/kg,detail,detail,2026-08,1111.115,4,4,4,,,partial_period,official_publication_calendar_unverified,partial_unverified,median_observed_daily_prices,https://ssma.magyp.gob.ar/frutas.precios.aspx,2026-10-06T12:47:17.891082Z
mcba,MCBA,Hortalizas,PAPA,SPUNTA,SE BS.AS,BOLSA,Segunda,MEDIANO,CEPILLAD,ARS,ARS/kg,detail,detail,2026-08,1055.5549999999998,4,4,4,,,partial_period,official_publication_calendar_unverified,partial_unverified,median_observed_daily_prices,https://ssma.magyp.gob.ar/frutas.precios.aspx,2026-10-06T12:47:17.891082Z
mcba,MCBA,Hortalizas,PAPA,SPUNTA,SE BS.AS,BOLSA,Segunda,MEDIANO,,ARS,ARS/kg,detail,detail,2026-08,888.885,4,4,4,,,partial_period,official_publication_calendar_unverified,partial_unverified,median_observed_daily_prices,https://ssma.magyp.gob.ar/frutas.precios.aspx,2026-10-06T12:47:17.891082Z
mcba,MCBA,Hortalizas,PAPA,SPUNTA,V.DOLOR.,BOLSA,Segunda,MEDIANO,,ARS,ARS/kg,detail,detail,2026-08,1138.8899999999999,4,4,4,,,partial_period,official_publication_calendar_unverified,partial_unverified,median_observed_daily_prices,https://ssma.magyp.gob.ar/frutas.precios.aspx,2026-10-06T12:47:17.891082Z
mcba,MCBA,Hortalizas,PEPINO,PROM.ESP.,,,,,,ARS,ARS/kg,species_summary,species_summary,2026-08,569.4449999999999,4,4,4,,,partial_period,official_publication_calendar_unverified,partial_unverified,median_observed_daily_prices,https://ssma.magyp.gob.ar/frutas.precios.aspx,2026-10-06T12:47:17.891082Z
mcba,MCBA,Hortalizas,PEPINO,,CTES.,TORO,Primera,MEDIANO,INVERNAC,ARS,ARS/kg,detail,detail,2026-08,569.4449999999999,4,4,4,,,partial_period,official_publication_calendar_unverified,partial_unverified,median_observed_daily_prices,https://ssma.magyp.gob.ar/frutas.precios.aspx,2026-10-06T12:47:17.891082Z
mcba,MCBA,Hortalizas,PEPINO,,SALTA,TORO,Primera,MEDIANO,INVERNAC,ARS,ARS/kg,detail,detail,2026-08,611.115,4,4,4,,,partial_period,official_publication_calendar_unverified,partial_unverified,median_observed_daily_prices,https://ssma.magyp.gob.ar/frutas.precios.aspx,2026-10-06T12:47:17.891082Z
mcba,MCBA,Hortalizas,PEPINO,,SALTA,TORO,Primera,MEDIANO,,ARS,ARS/kg,detail,detail,2026-08,527.78,4,4,4,,,partial_period,official_publication_calendar_unverified,partial_unverified,median_observed_daily_prices,https://ssma.magyp.gob.ar/frutas.precios.aspx,2026-10-06T12:47:17.891082Z
mcba,MCBA,Hortalizas,PEREJIL,PROM.ESP.,,,,,,ARS,ARS/kg,species_summary,species_summary,2026-08,1266.665,4,4,4,,,partial_period,official_publication_calendar_unverified,partial_unverified,median_observed_daily_prices,https://ssma.magyp.gob.ar/frutas.precios.aspx,2026-10-06T12:47:17.891082Z
mcba,MCBA,Hortalizas,PEREJIL,,BS. AS.,JAULA,Primera,GRANDE,,ARS,ARS/kg,detail,detail,2026-08,1600.0,3,3,3,,,partial_period,official_publication_calendar_unverified,partial_unverified,median_observed_daily_prices,https://ssma.magyp.gob.ar/frutas.precios.aspx,2026-10-06T12:47:17.891082Z
mcba,MCBA,Hortalizas,PEREJIL,,BS. AS.,JAULA,Primera,MEDIANO,,ARS,ARS/kg,detail,detail,2026-08,1300.0,4,4,4,,,partial_period,official_publication_calendar_unverified,partial_unverified,median_observed_daily_prices,https://ssma.magyp.gob.ar/frutas.precios.aspx,2026-10-06T12:47:17.891082Z
mcba,MCBA,Hortalizas,PEREJIL,,SGO.EST.,PERDIDO,Primera,MEDIANO,,ARS,ARS/kg,detail,detail,2026-08,1025.0,4,4,4,,,partial_period,official_publication_calendar_unverified,partial_unverified,median_observed_daily_prices,https://ssma.magyp.gob.ar/frutas.precios.aspx,2026-10-06T12:47:17.891082Z
mcba,MCBA,Hortalizas,PIMIENTO,JALAPE¥O,CTES.,PERDIDO,Primera,MEDIANO,ROJO,ARS,ARS/kg,detail,detail,2026-08,2800.0,4,4,4,,,partial_period,official_publication_calendar_unverified,partial_unverified,median_observed_daily_prices,https://ssma.magyp.gob.ar/frutas.precios.aspx,2026-10-06T12:47:17.891082Z
mcba,MCBA,Hortalizas,PIMIENTO,JALAPEÑO,SALTA,BANDEJA,Primera,GRANDE,VERDE,ARS,ARS/kg,detail,detail,2026-08,2875.0,4,4,4,,,partial_period,official_publication_calendar_unverified,partial_unverified,median_observed_daily_prices,https://ssma.magyp.gob.ar/frutas.precios.aspx,2026-10-06T12:47:17.891082Z
mcba,MCBA,Hortalizas,PIMIENTO,JALAPEÑO,SALTA,BANDEJA,Primera,MEDIANO,ROJO,ARS,ARS/kg,detail,detail,2026-08,3250.0,4,4,4,,,partial_period,official_publication_calendar_unverified,partial_unverified,median_observed_daily_prices,https://ssma.magyp.gob.ar/frutas.precios.aspx,2026-10-06T12:47:17.891082Z
mcba,MCBA,Hortalizas,PIMIENTO,MORRON,CTES.,TORO,Primera,GRANDE,ROJO/INV,ARS,ARS/kg,detail,detail,2026-08,1937.5,4,4,4,,,partial_period,official_publication_calendar_unverified,partial_unverified,median_observed_daily_prices,https://ssma.magyp.gob.ar/frutas.precios.aspx,2026-10-06T12:47:17.891082Z
mcba,MCBA,Hortalizas,PIMIENTO,MORRON,CTES.,TORO,Primera,GRANDE,VDE/INV,ARS,ARS/kg,detail,detail,2026-08,2000.0,4,4,4,,,partial_period,official_publication_calendar_unverified,partial_unverified,median_observed_daily_prices,https://ssma.magyp.gob.ar/frutas.precios.aspx,2026-10-06T12:47:17.891082Z
mcba,MCBA,Hortalizas,PIMIENTO,MORRON,CTES.,TORO,Primera,MEDIANO,ROJO/INV,ARS,ARS/kg,detail,detail,2026-08,1625.0,4,4,4,,,partial_period,official_publication_calendar_unverified,partial_unverified,median_observed_daily_prices,https://ssma.magyp.gob.ar/frutas.precios.aspx,2026-10-06T12:47:17.891082Z
mcba,MCBA,Hortalizas,PIMIENTO,MORRON,CTES.,TORO,Primera,MEDIANO,VDE/INV,ARS,ARS/kg,detail,detail,2026-08,1500.0,4,4,4,,,partial_period,official_publication_calendar_unverified,partial_unverified,median_observed_daily_prices,https://ssma.magyp.gob.ar/frutas.precios.aspx,2026-10-06T12:47:17.891082Z
mcba,MCBA,Hortalizas,PIMIENTO,MORRON,SALTA,PERDIDO,Primera,GRANDE,AMA/INV,ARS,ARS/kg,detail,detail,2026-08,2400.0,2,2,2,,,partial_period,official_publication_calendar_unverified,partial_unverified,median_observed_daily_prices,https://ssma.magyp.gob.ar/frutas.precios.aspx,2026-10-06T12:47:17.891082Z
mcba,MCBA,Hortalizas,PIMIENTO,MORRON,SALTA,PERDIDO,Primera,GRANDE,ROJO/INV,ARS,ARS/kg,detail,detail,2026-08,2700.0,4,4,4,,,partial_period,official_publication_calendar_unverified,partial_unverified,median_observed_daily_prices,https://ssma.magyp.gob.ar/frutas.precios.aspx,2026-10-06T12:47:17.891082Z
mcba,MCBA,Hortalizas,PIMIENTO,MORRON,SALTA,PERDIDO,Primera,GRANDE,VDE/INV,ARS,ARS/kg,detail,detail,2026-08,2450.0,4,4,4,,,partial_period,official_publication_calendar_unverified,partial_unverified,median_observed_daily_prices,https://ssma.magyp.gob.ar/frutas.precios.aspx,2026-10-06T12:47:17.891082Z
mcba,MCBA,Hortalizas,PIMIENTO,MORRON,SALTA,PERDIDO,Primera,MEDIANO,ROJO/INV,ARS,ARS/kg,detail,detail,2026-08,2250.0,4,4,4,,,partial_period,official_publication_calendar_unverified,partial_unverified,median_observed_daily_prices,https://ssma.magyp.gob.ar/frutas.precios.aspx,2026-10-06T12:47:17.891082Z
mcba,MCBA,Hortalizas,PIMIENTO,MORRON,SALTA,PERDIDO,Primera,MEDIANO,VDE/INV,ARS,ARS/kg,detail,detail,2026-08,2100.0,4,4,4,,,partial_period,official_publication_calendar_unverified,partial_unverified,median_observed_daily_prices,https://ssma.magyp.gob.ar/frutas.precios.aspx,2026-10-06T12:47:17.891082Z
mcba,MCBA,Hortalizas,PIMIENTO,PROM.ESP.,,,,,,ARS,ARS/kg,species_summary,species_summary,2026-08,2219.1949999999997,4,4,4,,,partial_period,official_publication_calendar_unverified,partial_unverified,median_observed_daily_prices,https://ssma.magyp.gob.ar/frutas.precios.aspx,2026-10-06T12:47:17.891082Z
mcba,MCBA,Hortalizas,PIMIENTO,VINAGRE,CTES.,TORO,Primera,MEDIANO,VDE/INV,ARS,ARS/kg,detail,detail,2026-08,1750.0,2,2,2,,,partial_period,official_publication_calendar_unverified,partial_unverified,median_observed_daily_prices,https://ssma.magyp.gob.ar/frutas.precios.aspx,2026-10-06T12:47:17.891082Z
mcba,MCBA,Hortalizas,PIMIENTO,VINAGRE,SALTA,PERDIDO,Primera,MEDIANO,VERDE,ARS,ARS/kg,detail,detail,2026-08,1300.0,4,4,4,,,partial_period,official_publication_calendar_unverified,partial_unverified,median_observed_daily_prices,https://ssma.magyp.gob.ar/frutas.precios.aspx,2026-10-06T12:47:17.891082Z
mcba,MCBA,Hortalizas,PUERRO,PROM.ESP.,,,,,,ARS,ARS/kg,species_summary,species_summary,2026-08,2300.0,4,4,4,,,partial_period,official_publication_calendar_unverified,partial_unverified,median_observed_daily_prices,https://ssma.magyp.gob.ar/frutas.precios.aspx,2026-10-06T12:47:17.891082Z
mcba,MCBA,Hortalizas,PUERRO,,BS. AS.,ATADO,Primera,MEDIANO,,ARS,ARS/kg,detail,detail,2026-08,2500.0,4,4,4,,,partial_period,official_publication_calendar_unverified,partial_unverified,median_observed_daily_prices,https://ssma.magyp.gob.ar/frutas.precios.aspx,2026-10-06T12:47:17.891082Z
mcba,MCBA,Hortalizas,PUERRO,,BS. AS.,JAULA,Primera,MEDIANO,,ARS,ARS/kg,detail,detail,2026-08,2150.0,4,4,4,,,partial_period,official_publication_calendar_unverified,partial_unverified,median_observed_daily_prices,https://ssma.magyp.gob.ar/frutas.precios.aspx,2026-10-06T12:47:17.891082Z
mcba,MCBA,Hortalizas,RABANITO,PROM.ESP.,,,,,,ARS,ARS/kg,species_summary,species_summary,2026-08,2400.0,4,4,4,,,partial_period,official_publication_calendar_unverified,partial_unverified,median_observed_daily_prices,https://ssma.magyp.gob.ar/frutas.precios.aspx,2026-10-06T12:47:17.891082Z
mcba,MCBA,Hortalizas,RABANITO,,BS. AS.,TORITO,Primera,,,ARS,ARS/kg,detail,detail,2026-08,2400.0,4,4,4,,,partial_period,official_publication_calendar_unverified,partial_unverified,median_observed_daily_prices,https://ssma.magyp.gob.ar/frutas.precios.aspx,2026-10-06T12:47:17.891082Z
mcba,MCBA,Hortalizas,RADICCHIO,PROM.ESP.,,,,,,ARS,ARS/kg,species_summary,species_summary,2026-08,4400.0,4,4,4,,,partial_period,official_publication_calendar_unverified,partial_unverified,median_observed_daily_prices,https://ssma.magyp.gob.ar/frutas.precios.aspx,2026-10-06T12:47:17.891082Z
mcba,MCBA,Hortalizas,RADICCHIO,,MENDOZA,PERDIDO,Primera,MEDIANO,,ARS,ARS/kg,detail,detail,2026-08,4400.0,4,4,4,,,partial_period,official_publication_calendar_unverified,partial_unverified,median_observed_daily_prices,https://ssma.magyp.gob.ar/frutas.precios.aspx,2026-10-06T12:47:17.891082Z
mcba,MCBA,Hortalizas,RADICHETA,1ER.CORTE,BS. AS.,BANDEJA,Primera,,,ARS,ARS/kg,detail,detail,2026-08,1666.67,4,4,4,,,partial_period,official_publication_calendar_unverified,partial_unverified,median_observed_daily_prices,https://ssma.magyp.gob.ar/frutas.precios.aspx,2026-10-06T12:47:17.891082Z
mcba,MCBA,Hortalizas,RADICHETA,2DO.CORTE,BS. AS.,BANDEJA,Primera,,,ARS,ARS/kg,detail,detail,2026-08,1166.67,4,4,4,,,partial_period,official_publication_calendar_unverified,partial_unverified,median_observed_daily_prices,https://ssma.magyp.gob.ar/frutas.precios.aspx,2026-10-06T12:47:17.891082Z
mcba,MCBA,Hortalizas,RADICHETA,PROM.ESP.,,,,,,ARS,ARS/kg,species_summary,species_summary,2026-08,1416.67,4,4,4,,,partial_period,official_publication_calendar_unverified,partial_unverified,median_observed_daily_prices,https://ssma.magyp.gob.ar/frutas.precios.aspx,2026-10-06T12:47:17.891082Z
mcba,MCBA,Hortalizas,REMOLACHA,PROM.ESP.,,,,,,ARS,ARS/kg,species_summary,species_summary,2026-08,936.665,4,4,4,,,partial_period,official_publication_calendar_unverified,partial_unverified,median_observed_daily_prices,https://ssma.magyp.gob.ar/frutas.precios.aspx,2026-10-06T12:47:17.891082Z
mcba,MCBA,Hortalizas,REMOLACHA,,BS. AS.,BOLSA,Primera,MEDIANO,,ARS,ARS/kg,detail,detail,2026-08,900.0,4,4,4,,,partial_period,official_publication_calendar_unverified,partial_unverified,median_observed_daily_prices,https://ssma.magyp.gob.ar/frutas.precios.aspx,2026-10-06T12:47:17.891082Z
mcba,MCBA,Hortalizas,REMOLACHA,,BS. AS.,JAULA,Primera,MEDIANO,,ARS,ARS/kg,detail,detail,2026-08,900.0,4,4,4,,,partial_period,official_publication_calendar_unverified,partial_unverified,median_observed_daily_prices,https://ssma.magyp.gob.ar/frutas.precios.aspx,2026-10-06T12:47:17.891082Z
mcba,MCBA,Hortalizas,REMOLACHA,,SANTA FE,BOLSA,Primera,MEDIANO,,ARS,ARS/kg,detail,detail,2026-08,980.0,4,4,4,,,partial_period,official_publication_calendar_unverified,partial_unverified,median_observed_daily_prices,https://ssma.magyp.gob.ar/frutas.precios.aspx,2026-10-06T12:47:17.891082Z
mcba,MCBA,Hortalizas,REMOLACHA,,SGO.EST.,BOLSA,Primera,MEDIANO,,ARS,ARS/kg,detail,detail,2026-08,925.0,4,4,4,,,partial_period,official_publication_calendar_unverified,partial_unverified,median_observed_daily_prices,https://ssma.magyp.gob.ar/frutas.precios.aspx,2026-10-06T12:47:17.891082Z
mcba,MCBA,Hortalizas,REMOLACHA,,SGO.EST.,PERDIDO,Primera,MEDIANO,,ARS,ARS/kg,detail,detail,2026-08,966.665,4,4,4,,,partial_period,official_publication_calendar_unverified,partial_unverified,median_observed_daily_prices,https://ssma.magyp.gob.ar/frutas.precios.aspx,2026-10-06T12:47:17.891082Z
mcba,MCBA,Hortalizas,REP.BRUSEL,PROM.ESP.,,,,,,ARS,ARS/kg,species_summary,species_summary,2026-08,2550.0,4,4,4,,,partial_period,official_publication_calendar_unverified,partial_unverified,median_observed_daily_prices,https://ssma.magyp.gob.ar/frutas.precios.aspx,2026-10-06T12:47:17.891082Z
mcba,MCBA,Hortalizas,REP.BRUSEL,,M.D.PLAT,,Primera,MEDIANO,,ARS,ARS/kg,detail,detail,2026-08,2550.0,4,4,4,,,partial_period,official_publication_calendar_unverified,partial_unverified,median_observed_daily_prices,https://ssma.magyp.gob.ar/frutas.precios.aspx,2026-10-06T12:47:17.891082Z
mcba,MCBA,Hortalizas,REPOLLO,BLANCO,BS. AS.,JAULA,Primera,GRANDE,,ARS,ARS/kg,detail,detail,2026-08,600.0,4,4,4,,,partial_period,official_publication_calendar_unverified,partial_unverified,median_observed_daily_prices,https://ssma.magyp.gob.ar/frutas.precios.aspx,2026-10-06T12:47:17.891082Z
mcba,MCBA,Hortalizas,REPOLLO,BLANCO,BS. AS.,JAULA,Primera,MEDIANO,,ARS,ARS/kg,detail,detail,2026-08,500.0,4,4,4,,,partial_period,official_publication_calendar_unverified,partial_unverified,median_observed_daily_prices,https://ssma.magyp.gob.ar/frutas.precios.aspx,2026-10-06T12:47:17.891082Z
mcba,MCBA,Hortalizas,REPOLLO,BLANCO,MENDOZA,BOLSA,Primera,MEDIANO,,ARS,ARS/kg,detail,detail,2026-08,600.0,4,4,4,,,partial_period,official_publication_calendar_unverified,partial_unverified,median_observed_daily_prices,https://ssma.magyp.gob.ar/frutas.precios.aspx,2026-10-06T12:47:17.891082Z
mcba,MCBA,Hortalizas,REPOLLO,COLORADO,BS. AS.,JAULA,Primera,GRANDE,,ARS,ARS/kg,detail,detail,2026-08,733.33,4,4,4,,,partial_period,official_publication_calendar_unverified,partial_unverified,median_observed_daily_prices,https://ssma.magyp.gob.ar/frutas.precios.aspx,2026-10-06T12:47:17.891082Z
mcba,MCBA,Hortalizas,REPOLLO,COLORADO,BS. AS.,JAULA,Primera,MEDIANO,,ARS,ARS/kg,detail,detail,2026-08,583.335,4,4,4,,,partial_period,official_publication_calendar_unverified,partial_unverified,median_observed_daily_prices,https://ssma.magyp.gob.ar/frutas.precios.aspx,2026-10-06T12:47:17.891082Z
mcba,MCBA,Hortalizas,REPOLLO,COLORADO,MENDOZA,BOLSA,Primera,MEDIANO,,ARS,ARS/kg,detail,detail,2026-08,733.33,4,4,4,,,partial_period,official_publication_calendar_unverified,partial_unverified,median_observed_daily_prices,https://ssma.magyp.gob.ar/frutas.precios.aspx,2026-10-06T12:47:17.891082Z
mcba,MCBA,Hortalizas,REPOLLO,PROM.ESP.,,,,,,ARS,ARS/kg,species_summary,species_summary,2026-08,627.78,4,4,4,,,partial_period,official_publication_calendar_unverified,partial_unverified,median_observed_daily_prices,https://ssma.magyp.gob.ar/frutas.precios.aspx,2026-10-06T12:47:17.891082Z
mcba,MCBA,Hortalizas,ROMERO,PROM.ESP.,,,,,,ARS,ARS/kg,species_summary,species_summary,2026-08,9500.0,4,4,4,,,partial_period,official_publication_calendar_unverified,partial_unverified,median_observed_daily_prices,https://ssma.magyp.gob.ar/frutas.precios.aspx,2026-10-06T12:47:17.891082Z
mcba,MCBA,Hortalizas,ROMERO,,BS. AS.,ATADO,Primera,MEDIANO,,ARS,ARS/kg,detail,detail,2026-08,9500.0,4,4,4,,,partial_period,official_publication_calendar_unverified,partial_unverified,median_observed_daily_prices,https://ssma.magyp.gob.ar/frutas.precios.aspx,2026-10-06T12:47:17.891082Z
mcba,MCBA,Hortalizas,RUCULA,PROM.ESP.,,,,,,ARS,ARS/kg,species_summary,species_summary,2026-08,2250.0,4,4,4,,,partial_period,official_publication_calendar_unverified,partial_unverified,median_observed_daily_prices,https://ssma.magyp.gob.ar/frutas.precios.aspx,2026-10-06T12:47:17.891082Z
mcba,MCBA,Hortalizas,RUCULA,,BS. AS.,BANDEJA,Primera,SIN TAM,,ARS,ARS/kg,detail,detail,2026-08,2250.0,4,4,4,,,partial_period,official_publication_calendar_unverified,partial_unverified,median_observed_daily_prices,https://ssma.magyp.gob.ar/frutas.precios.aspx,2026-10-06T12:47:17.891082Z
mcba,MCBA,Hortalizas,SALVIA,PROM.ESP.,,,,,,ARS,ARS/kg,species_summary,species_summary,2026-08,9000.0,4,4,4,,,partial_period,official_publication_calendar_unverified,partial_unverified,median_observed_daily_prices,https://ssma.magyp.gob.ar/frutas.precios.aspx,2026-10-06T12:47:17.891082Z
mcba,MCBA,Hortalizas,SALVIA,,BS. AS.,BOLSA,Primera,,,ARS,ARS/kg,detail,detail,2026-08,9000.0,4,4,4,,,partial_period,official_publication_calendar_unverified,partial_unverified,median_observed_daily_prices,https://ssma.magyp.gob.ar/frutas.precios.aspx,2026-10-06T12:47:17.891082Z
mcba,MCBA,Hortalizas,TOMATE,CHERRY,CTES.,CAJA,Primera,GRANDE,PTN/INV,ARS,ARS/kg,detail,detail,2026-08,2800.0,4,4,4,,,partial_period,official_publication_calendar_unverified,partial_unverified,median_observed_daily_prices,https://ssma.magyp.gob.ar/frutas.precios.aspx,2026-10-06T12:47:17.891082Z
mcba,MCBA,Hortalizas,TOMATE,CHERRY,CTES.,CAJA,Primera,MEDIANO,PTN/INV,ARS,ARS/kg,detail,detail,2026-08,2000.0,4,4,4,,,partial_period,official_publication_calendar_unverified,partial_unverified,median_observed_daily_prices,https://ssma.magyp.gob.ar/frutas.precios.aspx,2026-10-06T12:47:17.891082Z
mcba,MCBA,Hortalizas,TOMATE,CHERRY,CTES.,CAJA,Primera,MEDIANO,ROJO/INV,ARS,ARS/kg,detail,detail,2026-08,2200.0,4,4,4,,,partial_period,official_publication_calendar_unverified,partial_unverified,median_observed_daily_prices,https://ssma.magyp.gob.ar/frutas.precios.aspx,2026-10-06T12:47:17.891082Z
mcba,MCBA,Hortalizas,TOMATE,CHERRY,SALTA,CAJA,Primera,GRANDE,PTN/INV,ARS,ARS/kg,detail,detail,2026-08,3700.0,4,4,4,,,partial_period,official_publication_calendar_unverified,partial_unverified,median_observed_daily_prices,https://ssma.magyp.gob.ar/frutas.precios.aspx,2026-10-06T12:47:17.891082Z
mcba,MCBA,Hortalizas,TOMATE,CHERRY,SALTA,CAJA,Primera,MEDIANO,PTN/INV,ARS,ARS/kg,detail,detail,2026-08,3100.0,4,4,4,,,partial_period,official_publication_calendar_unverified,partial_unverified,median_observed_daily_prices,https://ssma.magyp.gob.ar/frutas.precios.aspx,2026-10-06T12:47:17.891082Z
mcba,MCBA,Hortalizas,TOMATE,PERITA,JUJUY,TORO,Segunda,MEDIANO,ROJO,ARS,ARS/kg,detail,detail,2026-08,944.4449999999999,2,2,2,,,partial_period,official_publication_calendar_unverified,partial_unverified,median_observed_daily_prices,https://ssma.magyp.gob.ar/frutas.precios.aspx,2026-10-06T12:47:17.891082Z
mcba,MCBA,Hortalizas,TOMATE,PERITA,SALTA,PERDIDO,Primera,GRANDE,PTN/INV,ARS,ARS/kg,detail,detail,2026-08,2361.1099999999997,4,4,4,,,partial_period,official_publication_calendar_unverified,partial_unverified,median_observed_daily_prices,https://ssma.magyp.gob.ar/frutas.precios.aspx,2026-10-06T12:47:17.891082Z
mcba,MCBA,Hortalizas,TOMATE,PERITA,SALTA,PERDIDO,Primera,MEDIANO,PTN/INV,ARS,ARS/kg,detail,detail,2026-08,2027.78,4,4,4,,,partial_period,official_publication_calendar_unverified,partial_unverified,median_observed_daily_prices,https://ssma.magyp.gob.ar/frutas.precios.aspx,2026-10-06T12:47:17.891082Z
mcba,MCBA,Hortalizas,TOMATE,PERITA,SALTA,PERDIDO,Primera,MEDIANO,ROJO/INV,ARS,ARS/kg,detail,detail,2026-08,2000.0,4,4,4,,,partial_period,official_publication_calendar_unverified,partial_unverified,median_observed_daily_prices,https://ssma.magyp.gob.ar/frutas.precios.aspx,2026-10-06T12:47:17.891082Z
mcba,MCBA,Hortalizas,TOMATE,PERITA,SALTA,TORO,Primera,GRANDE,PINTON,ARS,ARS/kg,detail,detail,2026-08,1305.5549999999998,4,4,4,,,partial_period,official_publication_calendar_unverified,partial_unverified,median_observed_daily_prices,https://ssma.magyp.gob.ar/frutas.precios.aspx,2026-10-06T12:47:17.891082Z
mcba,MCBA,Hortalizas,TOMATE,PERITA,SALTA,TORO,Primera,MEDIANO,PINTON,ARS,ARS/kg,detail,detail,2026-08,1055.56,4,4,4,,,partial_period,official_publication_calendar_unverified,partial_unverified,median_observed_daily_prices,https://ssma.magyp.gob.ar/frutas.precios.aspx,2026-10-06T12:47:17.891082Z
mcba,MCBA,Hortalizas,TOMATE,PROM.ESP.,,,,,,ARS,ARS/kg,species_summary,species_summary,2026-08,1803.8899999999999,4,4,4,,,partial_period,official_publication_calendar_unverified,partial_unverified,median_observed_daily_prices,https://ssma.magyp.gob.ar/frutas.precios.aspx,2026-10-06T12:47:17.891082Z
mcba,MCBA,Hortalizas,TOMATE,REDONDO,CTES.,TORO,Primera,GRANDE,PTN/INV,ARS,ARS/kg,detail,detail,2026-08,1416.67,4,4,4,,,partial_period,official_publication_calendar_unverified,partial_unverified,median_observed_daily_prices,https://ssma.magyp.gob.ar/frutas.precios.aspx,2026-10-06T12:47:17.891082Z
mcba,MCBA,Hortalizas,TOMATE,REDONDO,CTES.,TORO,Primera,MEDIANO,PTN/INV,ARS,ARS/kg,detail,detail,2026-08,1250.0,4,4,4,,,partial_period,official_publication_calendar_unverified,partial_unverified,median_observed_daily_prices,https://ssma.magyp.gob.ar/frutas.precios.aspx,2026-10-06T12:47:17.891082Z
mcba,MCBA,Hortalizas,TOMATE,REDONDO,CTES.,TORO,Primera,MEDIANO,ROJO/INV,ARS,ARS/kg,detail,detail,2026-08,1000.0,4,4,4,,,partial_period,official_publication_calendar_unverified,partial_unverified,median_observed_daily_prices,https://ssma.magyp.gob.ar/frutas.precios.aspx,2026-10-06T12:47:17.891082Z
mcba,MCBA,Hortalizas,TOMATE,REDONDO,CTES.,TORO,Segunda,MEDIANO,PTN/INV,ARS,ARS/kg,detail,detail,2026-08,833.335,4,4,4,,,partial_period,official_publication_calendar_unverified,partial_unverified,median_observed_daily_prices,https://ssma.magyp.gob.ar/frutas.precios.aspx,2026-10-06T12:47:17.891082Z
mcba,MCBA,Hortalizas,TOMATE,REDONDO,SALTA,TORO,Primera,GRANDE,PINTON,ARS,ARS/kg,detail,detail,2026-08,1388.8899999999999,4,4,4,,,partial_period,official_publication_calendar_unverified,partial_unverified,median_observed_daily_prices,https://ssma.magyp.gob.ar/frutas.precios.aspx,2026-10-06T12:47:17.891082Z
mcba,MCBA,Hortalizas,TOMATE,REDONDO,SALTA,TORO,Primera,GRANDE,PTN/INV,ARS,ARS/kg,detail,detail,2026-08,2361.1099999999997,4,4,4,,,partial_period,official_publication_calendar_unverified,partial_unverified,median_observed_daily_prices,https://ssma.magyp.gob.ar/frutas.precios.aspx,2026-10-06T12:47:17.891082Z
mcba,MCBA,Hortalizas,TOMATE,REDONDO,SALTA,TORO,Primera,MEDIANO,PINTON,ARS,ARS/kg,detail,detail,2026-08,1138.8899999999999,4,4,4,,,partial_period,official_publication_calendar_unverified,partial_unverified,median_observed_daily_prices,https://ssma.magyp.gob.ar/frutas.precios.aspx,2026-10-06T12:47:17.891082Z
mcba,MCBA,Hortalizas,TOMATE,REDONDO,SALTA,TORO,Primera,MEDIANO,PTN/INV,ARS,ARS/kg,detail,detail,2026-08,2055.5550000000003,4,4,4,,,partial_period,official_publication_calendar_unverified,partial_unverified,median_observed_daily_prices,https://ssma.magyp.gob.ar/frutas.precios.aspx,2026-10-06T12:47:17.891082Z
mcba,MCBA,Hortalizas,TOMATE,REDONDO,SALTA,TORO,Segunda,MEDIANO,PINTON,ARS,ARS/kg,detail,detail,2026-08,888.885,4,4,4,,,partial_period,official_publication_calendar_unverified,partial_unverified,median_observed_daily_prices,https://ssma.magyp.gob.ar/frutas.precios.aspx,2026-10-06T12:47:17.891082Z
mcba,MCBA,Hortalizas,TOMILLO,PROM.ESP.,,,,,,ARS,ARS/kg,species_summary,species_summary,2026-08,11000.0,4,4,4,,,partial_period,official_publication_calendar_unverified,partial_unverified,median_observed_daily_prices,https://ssma.magyp.gob.ar/frutas.precios.aspx,2026-10-06T12:47:17.891082Z
mcba,MCBA,Hortalizas,TOMILLO,,BS. AS.,BOLSA,Primera,,,ARS,ARS/kg,detail,detail,2026-08,11000.0,4,4,4,,,partial_period,official_publication_calendar_unverified,partial_unverified,median_observed_daily_prices,https://ssma.magyp.gob.ar/frutas.precios.aspx,2026-10-06T12:47:17.891082Z
mcba,MCBA,Hortalizas,ZANAHORIA,CHANTENAY,MENDOZA,BOLSA,Primera,MEDIANO,,ARS,ARS/kg,detail,detail,2026-08,700.0,4,4,4,,,partial_period,official_publication_calendar_unverified,partial_unverified,median_observed_daily_prices,https://ssma.magyp.gob.ar/frutas.precios.aspx,2026-10-06T12:47:17.891082Z
mcba,MCBA,Hortalizas,ZANAHORIA,CHANTENAY,MENDOZA,CAJA,Primera,MEDIANO,,ARS,ARS/kg,detail,detail,2026-08,950.0,4,4,4,,,partial_period,official_publication_calendar_unverified,partial_unverified,median_observed_daily_prices,https://ssma.magyp.gob.ar/frutas.precios.aspx,2026-10-06T12:47:17.891082Z
mcba,MCBA,Hortalizas,ZANAHORIA,CHANTENAY,SANTA FE,BOLSA,Primera,MEDIANO,,ARS,ARS/kg,detail,detail,2026-08,675.0,4,4,4,,,partial_period,official_publication_calendar_unverified,partial_unverified,median_observed_daily_prices,https://ssma.magyp.gob.ar/frutas.precios.aspx,2026-10-06T12:47:17.891082Z
mcba,MCBA,Hortalizas,ZANAHORIA,CHANTENAY,SGO.EST.,BOLSA,Primera,MEDIANO,,ARS,ARS/kg,detail,detail,2026-08,666.67,4,4,4,,,partial_period,official_publication_calendar_unverified,partial_unverified,median_observed_daily_prices,https://ssma.magyp.gob.ar/frutas.precios.aspx,2026-10-06T12:47:17.891082Z
mcba,MCBA,Hortalizas,ZANAHORIA,PROM.ESP.,,,,,,ARS,ARS/kg,species_summary,species_summary,2026-08,742.78,4,4,4,,,partial_period,official_publication_calendar_unverified,partial_unverified,median_observed_daily_prices,https://ssma.magyp.gob.ar/frutas.precios.aspx,2026-10-06T12:47:17.891082Z
mcba,MCBA,Hortalizas,ZAPALLITO,LARGO,JUJUY,PERDIDO,Primera,MEDIANO,,ARS,ARS/kg,detail,detail,2026-08,1766.665,4,4,4,,,partial_period,official_publication_calendar_unverified,partial_unverified,median_observed_daily_prices,https://ssma.magyp.gob.ar/frutas.precios.aspx,2026-10-06T12:47:17.891082Z
mcba,MCBA,Hortalizas,ZAPALLITO,LARGO,SALTA,TORO,Primera,MEDIANO,INVERNAC,ARS,ARS/kg,detail,detail,2026-08,1861.1100000000001,4,4,4,,,partial_period,official_publication_calendar_unverified,partial_unverified,median_observed_daily_prices,https://ssma.magyp.gob.ar/frutas.precios.aspx,2026-10-06T12:47:17.891082Z
mcba,MCBA,Hortalizas,ZAPALLITO,LARGO,SALTA,TORO,Primera,MEDIANO,,ARS,ARS/kg,detail,detail,2026-08,1750.0,4,4,4,,,partial_period,official_publication_calendar_unverified,partial_unverified,median_observed_daily_prices,https://ssma.magyp.gob.ar/frutas.precios.aspx,2026-10-06T12:47:17.891082Z
mcba,MCBA,Hortalizas,ZAPALLITO,PROM.ESP.,,,,,,ARS,ARS/kg,species_summary,species_summary,2026-08,1731.745,4,4,4,,,partial_period,official_publication_calendar_unverified,partial_unverified,median_observed_daily_prices,https://ssma.magyp.gob.ar/frutas.precios.aspx,2026-10-06T12:47:17.891082Z
mcba,MCBA,Hortalizas,ZAPALLITO,REDONDO,CTES.,TORO,Primera,MEDIANO,INVERNAC,ARS,ARS/kg,detail,detail,2026-08,1750.0,4,4,4,,,partial_period,official_publication_calendar_unverified,partial_unverified,median_observed_daily_prices,https://ssma.magyp.gob.ar/frutas.precios.aspx,2026-10-06T12:47:17.891082Z
mcba,MCBA,Hortalizas,ZAPALLITO,REDONDO,SALTA,PERDIDO,Primera,MEDIANO,INVERNAC,ARS,ARS/kg,detail,detail,2026-08,2111.1099999999997,4,4,4,,,partial_period,official_publication_calendar_unverified,partial_unverified,median_observed_daily_prices,https://ssma.magyp.gob.ar/frutas.precios.aspx,2026-10-06T12:47:17.891082Z
mcba,MCBA,Hortalizas,ZAPALLITO,REDONDO,SALTA,TORO,Primera,MEDIANO,,ARS,ARS/kg,detail,detail,2026-08,1611.1100000000001,4,4,4,,,partial_period,official_publication_calendar_unverified,partial_unverified,median_observed_daily_prices,https://ssma.magyp.gob.ar/frutas.precios.aspx,2026-10-06T12:47:17.891082Z
mcba,MCBA,Hortalizas,ZAPALLITO,REDONDO,SALTA,TORO,Segunda,MEDIANO,,ARS,ARS/kg,detail,detail,2026-08,1333.33,4,4,4,,,partial_period,official_publication_calendar_unverified,partial_unverified,median_observed_daily_prices,https://ssma.magyp.gob.ar/frutas.precios.aspx,2026-10-06T12:47:17.891082Z
mcba,MCBA,Hortalizas,ZAPALLO,ANC.COKENA,MENDOZA,BOLSA,Primera,MEDIANO,,ARS,ARS/kg,detail,detail,2026-08,1533.33,4,4,4,,,partial_period,official_publication_calendar_unverified,partial_unverified,median_observed_daily_prices,https://ssma.magyp.gob.ar/frutas.precios.aspx,2026-10-06T12:47:17.891082Z
mcba,MCBA,Hortalizas,ZAPALLO,ANC.COKENA,S.BS.AS.,BOLSA,Primera,MEDIANO,,ARS,ARS/kg,detail,detail,2026-08,1466.67,4,4,4,,,partial_period,official_publication_calendar_unverified,partial_unverified,median_observed_daily_prices,https://ssma.magyp.gob.ar/frutas.precios.aspx,2026-10-06T12:47:17.891082Z
mcba,MCBA,Hortalizas,ZAPALLO,ANC.COKENA,SALTA,PERDIDO,Primera,MEDIANO,,ARS,ARS/kg,detail,detail,2026-08,1647.06,4,4,4,,,partial_period,official_publication_calendar_unverified,partial_unverified,median_observed_daily_prices,https://ssma.magyp.gob.ar/frutas.precios.aspx,2026-10-06T12:47:17.891082Z
mcba,MCBA,Hortalizas,ZAPALLO,PROM.ESP.,,,,,,ARS,ARS/kg,species_summary,species_summary,2026-08,1087.8400000000001,4,4,4,,,partial_period,official_publication_calendar_unverified,partial_unverified,median_observed_daily_prices,https://ssma.magyp.gob.ar/frutas.precios.aspx,2026-10-06T12:47:17.891082Z
mcba,MCBA,Hortalizas,ZAPALLO,TETSUKAB.,MENDOZA,BOLSA,Primera,MEDIANO,,ARS,ARS/kg,detail,detail,2026-08,722.22,4,4,4,,,partial_period,official_publication_calendar_unverified,partial_unverified,median_observed_daily_prices,https://ssma.magyp.gob.ar/frutas.precios.aspx,2026-10-06T12:47:17.891082Z
mcba,MCBA,Hortalizas,ZAPALLO,TETSUKAB.,R. NEGRO,BOLSA,Primera,MEDIANO,,ARS,ARS/kg,detail,detail,2026-08,777.78,4,4,4,,,partial_period,official_publication_calendar_unverified,partial_unverified,median_observed_daily_prices,https://ssma.magyp.gob.ar/frutas.precios.aspx,2026-10-06T12:47:17.891082Z
mcba,MCBA,Hortalizas,ZAPALLO,TETSUKAB.,S.BS.AS.,BOLSA,Primera,MEDIANO,,ARS,ARS/kg,detail,detail,2026-08,722.22,4,4,4,,,partial_period,official_publication_calendar_unverified,partial_unverified,median_observed_daily_prices,https://ssma.magyp.gob.ar/frutas.precios.aspx,2026-10-06T12:47:17.891082Z
mcba,MCBA,Hortalizas,ZAPALLO,TETSUKAB.,SALTA,BOLSA,Primera,MEDIANO,,ARS,ARS/kg,detail,detail,2026-08,777.78,4,4,4,,,partial_period,official_publication_calendar_unverified,partial_unverified,median_observed_daily_prices,https://ssma.magyp.gob.ar/frutas.precios.aspx,2026-10-06T12:47:17.891082Z
mcba,MCBA,Frutas,ANANA,PI¥A,BRASIL,CAJA,Elegido,010/012,,ARS,ARS/kg,detail,detail,2026-10,2166.67,1,1,1,,,partial_period,official_publication_calendar_unverified,partial_unverified,median_observed_daily_prices,https://ssma.magyp.gob.ar/frutas.precios.aspx,2026-10-06T12:53:21.088827Z
mcba,MCBA,Frutas,ANANA,PI¥A,ECUADOR,CAJA,Elegido,012/014,,ARS,ARS/kg,detail,detail,2026-10,2272.73,1,1,1,,,partial_period,official_publication_calendar_unverified,partial_unverified,median_observed_daily_prices,https://ssma.magyp.gob.ar/frutas.precios.aspx,2026-10-06T12:53:21.088827Z
mcba,MCBA,Frutas,ANANA,PROM.ESP.,,,,,,ARS,ARS/kg,species_summary,species_summary,2026-10,2219.7,1,1,1,,,partial_period,official_publication_calendar_unverified,partial_unverified,median_observed_daily_prices,https://ssma.magyp.gob.ar/frutas.precios.aspx,2026-10-06T12:53:21.088827Z
mcba,MCBA,Frutas,ARANDANO,PROM.ESP.,,,,,,ARS,ARS/kg,species_summary,species_summary,2026-10,10333.4,1,1,1,,,partial_period,official_publication_calendar_unverified,partial_unverified,median_observed_daily_prices,https://ssma.magyp.gob.ar/frutas.precios.aspx,2026-10-06T12:53:21.088827Z
mcba,MCBA,Frutas,ARANDANO,,CTES.,CAJA,Elegido,GRANEL,,ARS,ARS/kg,detail,detail,2026-10,10666.7,1,1,1,,,partial_period,official_publication_calendar_unverified,partial_unverified,median_observed_daily_prices,https://ssma.magyp.gob.ar/frutas.precios.aspx,2026-10-06T12:53:21.088827Z
mcba,MCBA,Frutas,ARANDANO,,E. RIOS,CAJA,Elegido,GRANEL,,ARS,ARS/kg,detail,detail,2026-10,10000.0,1,1,1,,,partial_period,official_publication_calendar_unverified,partial_unverified,median_observed_daily_prices,https://ssma.magyp.gob.ar/frutas.precios.aspx,2026-10-06T12:53:21.088827Z
mcba,MCBA,Frutas,BANANA,CAVENDISH,BOLIVIA,CAJA,Elegido,MEDIANO,,ARS,ARS/kg,detail,detail,2026-10,1472.22,1,1,1,,,partial_period,official_publication_calendar_unverified,partial_unverified,median_observed_daily_prices,https://ssma.magyp.gob.ar/frutas.precios.aspx,2026-10-06T12:53:21.088827Z
mcba,MCBA,Frutas,BANANA,CAVENDISH,ECUADOR,CAJA,Elegido,GRANDE,,ARS,ARS/kg,detail,detail,2026-10,1750.0,1,1,1,,,partial_period,official_publication_calendar_unverified,partial_unverified,median_observed_daily_prices,https://ssma.magyp.gob.ar/frutas.precios.aspx,2026-10-06T12:53:21.088827Z
mcba,MCBA,Frutas,BANANA,CAVENDISH,ECUADOR,CAJA,Elegido,MEDIANO,,ARS,ARS/kg,detail,detail,2026-10,1550.0,1,1,1,,,partial_period,official_publication_calendar_unverified,partial_unverified,median_observed_daily_prices,https://ssma.magyp.gob.ar/frutas.precios.aspx,2026-10-06T12:53:21.088827Z
mcba,MCBA,Frutas,BANANA,NANIKA,BRASIL,PERDIDO,Elegido,MEDIANO,,ARS,ARS/kg,detail,detail,2026-10,1100.0,1,1,1,,,partial_period,official_publication_calendar_unverified,partial_unverified,median_observed_daily_prices,https://ssma.magyp.gob.ar/frutas.precios.aspx,2026-10-06T12:53:21.088827Z
mcba,MCBA,Frutas,BANANA,NANIKA,PARAGUAY,PERDIDO,Elegido,MEDIANO,,ARS,ARS/kg,detail,detail,2026-10,1000.0,1,1,1,,,partial_period,official_publication_calendar_unverified,partial_unverified,median_observed_daily_prices,https://ssma.magyp.gob.ar/frutas.precios.aspx,2026-10-06T12:53:21.088827Z
mcba,MCBA,Frutas,BANANA,NANIKA,SALTA,CAJA,Elegido,MEDIANO,,ARS,ARS/kg,detail,detail,2026-10,1105.26,1,1,1,,,partial_period,official_publication_calendar_unverified,partial_unverified,median_observed_daily_prices,https://ssma.magyp.gob.ar/frutas.precios.aspx,2026-10-06T12:53:21.088827Z
mcba,MCBA,Frutas,BANANA,NANIKA,SALTA,PERDIDO,Comercial,MEDIANO,,ARS,ARS/kg,detail,detail,2026-10,818.18,1,1,1,,,partial_period,official_publication_calendar_unverified,partial_unverified,median_observed_daily_prices,https://ssma.magyp.gob.ar/frutas.precios.aspx,2026-10-06T12:53:21.088827Z
mcba,MCBA,Frutas,BANANA,PROM.ESP.,,,,,,ARS,ARS/kg,species_summary,species_summary,2026-10,1256.52,1,1,1,,,partial_period,official_publication_calendar_unverified,partial_unverified,median_observed_daily_prices,https://ssma.magyp.gob.ar/frutas.precios.aspx,2026-10-06T12:53:21.088827Z
mcba,MCBA,Frutas,CIRUELA,ANGELENO,ESPA¥A,CAJA,Elegido,GRANDE,,ARS,ARS/kg,detail,detail,2026-10,5222.22,1,1,1,,,partial_period,official_publication_calendar_unverified,partial_unverified,median_observed_daily_prices,https://ssma.magyp.gob.ar/frutas.precios.aspx,2026-10-06T12:53:21.088827Z
mcba,MCBA,Frutas,CIRUELA,FORTUNE,ESPA¥A,CAJA,Elegido,GRANEL,,ARS,ARS/kg,detail,detail,2026-10,5555.56,1,1,1,,,partial_period,official_publication_calendar_unverified,partial_unverified,median_observed_daily_prices,https://ssma.magyp.gob.ar/frutas.precios.aspx,2026-10-06T12:53:21.088827Z
mcba,MCBA,Frutas,CIRUELA,LARRY ANNE,ESPA¥A,CAJA,Elegido,GRANDE,,ARS,ARS/kg,detail,detail,2026-10,4900.0,1,1,1,,,partial_period,official_publication_calendar_unverified,partial_unverified,median_observed_daily_prices,https://ssma.magyp.gob.ar/frutas.precios.aspx,2026-10-06T12:53:21.088827Z
mcba,MCBA,Frutas,CIRUELA,PROM.ESP.,,,,,,ARS,ARS/kg,species_summary,species_summary,2026-10,5280.56,1,1,1,,,partial_period,official_publication_calendar_unverified,partial_unverified,median_observed_daily_prices,https://ssma.magyp.gob.ar/frutas.precios.aspx,2026-10-06T12:53:21.088827Z
mcba,MCBA,Frutas,CIRUELA,SUNGOLD,ESPA¥A,CAJA,Elegido,GRANDE,,ARS,ARS/kg,detail,detail,2026-10,5444.44,1,1,1,,,partial_period,official_publication_calendar_unverified,partial_unverified,median_observed_daily_prices,https://ssma.magyp.gob.ar/frutas.precios.aspx,2026-10-06T12:53:21.088827Z
mcba,MCBA,Frutas,COCO,PROM.ESP.,,,,,,ARS,ARS/kg,species_summary,species_summary,2026-10,2400.0,1,1,1,,,partial_period,official_publication_calendar_unverified,partial_unverified,median_observed_daily_prices,https://ssma.magyp.gob.ar/frutas.precios.aspx,2026-10-06T12:53:21.088827Z
mcba,MCBA,Frutas,COCO,,BRASIL,BOLSA,Elegido,MEDIANO,,ARS,ARS/kg,detail,detail,2026-10,2400.0,1,1,1,,,partial_period,official_publication_calendar_unverified,partial_unverified,median_observed_daily_prices,https://ssma.magyp.gob.ar/frutas.precios.aspx,2026-10-06T12:53:21.088827Z
mcba,MCBA,Frutas,DURAZNO,FLORDAKING,JUJUY,BANDEJA,Elegido,MEDIANO,,ARS,ARS/kg,detail,detail,2026-10,5400.0,1,1,1,,,partial_period,official_publication_calendar_unverified,partial_unverified,median_observed_daily_prices,https://ssma.magyp.gob.ar/frutas.precios.aspx,2026-10-06T12:53:21.088827Z
mcba,MCBA,Frutas,DURAZNO,OPEDEPE,JUJUY,BANDEJA,Elegido,GRANDE,,ARS,ARS/kg,detail,detail,2026-10,6600.0,1,1,1,,,partial_period,official_publication_calendar_unverified,partial_unverified,median_observed_daily_prices,https://ssma.magyp.gob.ar/frutas.precios.aspx,2026-10-06T12:53:21.088827Z
mcba,MCBA,Frutas,DURAZNO,OPEDEPE,JUJUY,BANDEJA,Elegido,MEDIANO,,ARS,ARS/kg,detail,detail,2026-10,5500.0,1,1,1,,,partial_period,official_publication_calendar_unverified,partial_unverified,median_observed_daily_prices,https://ssma.magyp.gob.ar/frutas.precios.aspx,2026-10-06T12:53:21.088827Z
mcba,MCBA,Frutas,DURAZNO,PROM.ESP.,,,,,,ARS,ARS/kg,species_summary,species_summary,2026-10,5980.0,1,1,1,,,partial_period,official_publication_calendar_unverified,partial_unverified,median_observed_daily_prices,https://ssma.magyp.gob.ar/frutas.precios.aspx,2026-10-06T12:53:21.088827Z
mcba,MCBA,Frutas,DURAZNO,ROJO UNO,JUJUY,BANDEJA,Elegido,GRANDE,,ARS,ARS/kg,detail,detail,2026-10,6700.0,1,1,1,,,partial_period,official_publication_calendar_unverified,partial_unverified,median_observed_daily_prices,https://ssma.magyp.gob.ar/frutas.precios.aspx,2026-10-06T12:53:21.088827Z
mcba,MCBA,Frutas,DURAZNO,ROJO UNO,JUJUY,BANDEJA,Elegido,MEDIANO,,ARS,ARS/kg,detail,detail,2026-10,5700.0,1,1,1,,,partial_period,official_publication_calendar_unverified,partial_unverified,median_observed_daily_prices,https://ssma.magyp.gob.ar/frutas.precios.aspx,2026-10-06T12:53:21.088827Z
mcba,MCBA,Frutas,FRUTILLA,PROM.ESP.,,,,,,ARS,ARS/kg,species_summary,species_summary,2026-10,4033.33,1,1,1,,,partial_period,official_publication_calendar_unverified,partial_unverified,median_observed_daily_prices,https://ssma.magyp.gob.ar/frutas.precios.aspx,2026-10-06T12:53:21.088827Z
mcba,MCBA,Frutas,FRUTILLA,,BS. AS.,BANDEJA,Elegido,GRANEL,,ARS,ARS/kg,detail,detail,2026-10,3400.0,1,1,1,,,partial_period,official_publication_calendar_unverified,partial_unverified,median_observed_daily_prices,https://ssma.magyp.gob.ar/frutas.precios.aspx,2026-10-06T12:53:21.088827Z
mcba,MCBA,Frutas,FRUTILLA,,CTES.,BANDEJA,Elegido,GRANEL,,ARS,ARS/kg,detail,detail,2026-10,5500.0,1,1,1,,,partial_period,official_publication_calendar_unverified,partial_unverified,median_observed_daily_prices,https://ssma.magyp.gob.ar/frutas.precios.aspx,2026-10-06T12:53:21.088827Z
mcba,MCBA,Frutas,FRUTILLA,,SANTA FE,CAJA,Elegido,GRANDE,,ARS,ARS/kg,detail,detail,2026-10,3200.0,1,1,1,,,partial_period,official_publication_calendar_unverified,partial_unverified,median_observed_daily_prices,https://ssma.magyp.gob.ar/frutas.precios.aspx,2026-10-06T12:53:21.088827Z
mcba,MCBA,Frutas,FRUTILLA,,SANTA FE,CAJA,Elegido,GRANEL,,ARS,ARS/kg,detail,detail,2026-10,4000.0,1,1,1,,,partial_period,official_publication_calendar_unverified,partial_unverified,median_observed_daily_prices,https://ssma.magyp.gob.ar/frutas.precios.aspx,2026-10-06T12:53:21.088827Z
mcba,MCBA,Frutas,FRUTILLA,,TUCUMAN,CAJA,Elegido,GRANEL,,ARS,ARS/kg,detail,detail,2026-10,4500.0,1,1,1,,,partial_period,official_publication_calendar_unverified,partial_unverified,median_observed_daily_prices,https://ssma.magyp.gob.ar/frutas.precios.aspx,2026-10-06T12:53:21.088827Z
mcba,MCBA,Frutas,KIWI,PROM.ESP.,,,,,,ARS,ARS/kg,species_summary,species_summary,2026-10,5350.0,1,1,1,,,partial_period,official_publication_calendar_unverified,partial_unverified,median_observed_daily_prices,https://ssma.magyp.gob.ar/frutas.precios.aspx,2026-10-06T12:53:21.088827Z
mcba,MCBA,Frutas,KIWI,,BS. AS.,CAJA,Elegido,GRANDE,,ARS,ARS/kg,detail,detail,2026-10,5100.0,1,1,1,,,partial_period,official_publication_calendar_unverified,partial_unverified,median_observed_daily_prices,https://ssma.magyp.gob.ar/frutas.precios.aspx,2026-10-06T12:53:21.088827Z
mcba,MCBA,Frutas,KIWI,,BS. AS.,CAJA,Elegido,MEDIANO,,ARS,ARS/kg,detail,detail,2026-10,4300.0,1,1,1,,,partial_period,official_publication_calendar_unverified,partial_unverified,median_observed_daily_prices,https://ssma.magyp.gob.ar/frutas.precios.aspx,2026-10-06T12:53:21.088827Z
mcba,MCBA,Frutas,KIWI,,CHILE,CAJA,Elegido,GRANDE,,ARS,ARS/kg,detail,detail,2026-10,6500.0,1,1,1,,,partial_period,official_publication_calendar_unverified,partial_unverified,median_observed_daily_prices,https://ssma.magyp.gob.ar/frutas.precios.aspx,2026-10-06T12:53:21.088827Z
mcba,MCBA,Frutas,KIWI,,CHILE,CAJA,Elegido,MEDIANO,,ARS,ARS/kg,detail,detail,2026-10,5500.0,1,1,1,,,partial_period,official_publication_calendar_unverified,partial_unverified,median_observed_daily_prices,https://ssma.magyp.gob.ar/frutas.precios.aspx,2026-10-06T12:53:21.088827Z
mcba,MCBA,Frutas,LIMA,PROM.ESP.,,,,,,ARS,ARS/kg,species_summary,species_summary,2026-10,3600.0,1,1,1,,,partial_period,official_publication_calendar_unverified,partial_unverified,median_observed_daily_prices,https://ssma.magyp.gob.ar/frutas.precios.aspx,2026-10-06T12:53:21.088827Z
mcba,MCBA,Frutas,LIMA,TAHITI,BRASIL,BANDEJA,Elegido,MEDIANO,,ARS,ARS/kg,detail,detail,2026-10,3600.0,1,1,1,,,partial_period,official_publication_calendar_unverified,partial_unverified,median_observed_daily_prices,https://ssma.magyp.gob.ar/frutas.precios.aspx,2026-10-06T12:53:21.088827Z
mcba,MCBA,Frutas,LIMON,EUREKA,CTES.,TORO,Elegido,125/138,,ARS,ARS/kg,detail,detail,2026-10,722.22,1,1,1,,,partial_period,official_publication_calendar_unverified,partial_unverified,median_observed_daily_prices,https://ssma.magyp.gob.ar/frutas.precios.aspx,2026-10-06T12:53:21.088827Z
mcba,MCBA,Frutas,LIMON,EUREKA,JUJUY,CAJA,Elegido,090/120,,ARS,ARS/kg,detail,detail,2026-10,1058.82,1,1,1,,,partial_period,official_publication_calendar_unverified,partial_unverified,median_observed_daily_prices,https://ssma.magyp.gob.ar/frutas.precios.aspx,2026-10-06T12:53:21.088827Z
mcba,MCBA,Frutas,LIMON,EUREKA,SALTA,CAJA,Elegido,090/120,,ARS,ARS/kg,detail,detail,2026-10,1058.82,1,1,1,,,partial_period,official_publication_calendar_unverified,partial_unverified,median_observed_daily_prices,https://ssma.magyp.gob.ar/frutas.precios.aspx,2026-10-06T12:53:21.088827Z
mcba,MCBA,Frutas,LIMON,EUREKA,TUCUMAN,BOLSA,Comercial,GRANEL,,ARS,ARS/kg,detail,detail,2026-10,785.71,1,1,1,,,partial_period,official_publication_calendar_unverified,partial_unverified,median_observed_daily_prices,https://ssma.magyp.gob.ar/frutas.precios.aspx,2026-10-06T12:53:21.088827Z
mcba,MCBA,Frutas,LIMON,EUREKA,TUCUMAN,CAJA,Elegido,090/100,,ARS,ARS/kg,detail,detail,2026-10,944.44,1,1,1,,,partial_period,official_publication_calendar_unverified,partial_unverified,median_observed_daily_prices,https://ssma.magyp.gob.ar/frutas.precios.aspx,2026-10-06T12:53:21.088827Z
mcba,MCBA,Frutas,LIMON,EUREKA,TUCUMAN,CAJA,Elegido,125/138,,ARS,ARS/kg,detail,detail,2026-10,888.89,1,1,1,,,partial_period,official_publication_calendar_unverified,partial_unverified,median_observed_daily_prices,https://ssma.magyp.gob.ar/frutas.precios.aspx,2026-10-06T12:53:21.088827Z
mcba,MCBA,Frutas,LIMON,GENOVA,E. RIOS,PERDIDO,Elegido,100/140,,ARS,ARS/kg,detail,detail,2026-10,777.78,1,1,1,,,partial_period,official_publication_calendar_unverified,partial_unverified,median_observed_daily_prices,https://ssma.magyp.gob.ar/frutas.precios.aspx,2026-10-06T12:53:21.088827Z
mcba,MCBA,Frutas,LIMON,PROM.ESP.,,,,,,ARS,ARS/kg,species_summary,species_summary,2026-10,890.95,1,1,1,,,partial_period,official_publication_calendar_unverified,partial_unverified,median_observed_daily_prices,https://ssma.magyp.gob.ar/frutas.precios.aspx,2026-10-06T12:53:21.088827Z
mcba,MCBA,Frutas,MAMON,PROM.ESP.,,,,,,ARS,ARS/kg,species_summary,species_summary,2026-10,3300.0,1,1,1,,,partial_period,official_publication_calendar_unverified,partial_unverified,median_observed_daily_prices,https://ssma.magyp.gob.ar/frutas.precios.aspx,2026-10-06T12:53:21.088827Z
mcba,MCBA,Frutas,MAMON,,BRASIL,CAJA,Elegido,GRANEL,,ARS,ARS/kg,detail,detail,2026-10,3300.0,1,1,1,,,partial_period,official_publication_calendar_unverified,partial_unverified,median_observed_daily_prices,https://ssma.magyp.gob.ar/frutas.precios.aspx,2026-10-06T12:53:21.088827Z
mcba,MCBA,Frutas,MANDARINA,ELLENDALE,E. RIOS,PERDIDO,Elegido,GRANDE,,ARS,ARS/kg,detail,detail,2026-10,777.78,1,1,1,,,partial_period,official_publication_calendar_unverified,partial_unverified,median_observed_daily_prices,https://ssma.magyp.gob.ar/frutas.precios.aspx,2026-10-06T12:53:21.088827Z
mcba,MCBA,Frutas,MANDARINA,ELLENDALE,E. RIOS,PERDIDO,Elegido,MEDIANO,,ARS,ARS/kg,detail,detail,2026-10,555.56,1,1,1,,,partial_period,official_publication_calendar_unverified,partial_unverified,median_observed_daily_prices,https://ssma.magyp.gob.ar/frutas.precios.aspx,2026-10-06T12:53:21.088827Z
mcba,MCBA,Frutas,MANDARINA,ENCORE,E. RIOS,JAULA,Elegido,MEDIANO,,ARS,ARS/kg,detail,detail,2026-10,666.67,1,1,1,,,partial_period,official_publication_calendar_unverified,partial_unverified,median_observed_daily_prices,https://ssma.magyp.gob.ar/frutas.precios.aspx,2026-10-06T12:53:21.088827Z
mcba,MCBA,Frutas,MANDARINA,ENCORE,E. RIOS,TORO,Elegido,GRANDE,,ARS,ARS/kg,detail,detail,2026-10,888.89,1,1,1,,,partial_period,official_publication_calendar_unverified,partial_unverified,median_observed_daily_prices,https://ssma.magyp.gob.ar/frutas.precios.aspx,2026-10-06T12:53:21.088827Z
mcba,MCBA,Frutas,MANDARINA,MURCOT,E. RIOS,PERDIDO,Elegido,GRANDE,,ARS,ARS/kg,detail,detail,2026-10,888.89,1,1,1,,,partial_period,official_publication_calendar_unverified,partial_unverified,median_observed_daily_prices,https://ssma.magyp.gob.ar/frutas.precios.aspx,2026-10-06T12:53:21.088827Z
mcba,MCBA,Frutas,MANDARINA,MURCOT,E. RIOS,PERDIDO,Elegido,MEDIANO,,ARS,ARS/kg,detail,detail,2026-10,722.22,1,1,1,,,partial_period,official_publication_calendar_unverified,partial_unverified,median_observed_daily_prices,https://ssma.magyp.gob.ar/frutas.precios.aspx,2026-10-06T12:53:21.088827Z
mcba,MCBA,Frutas,MANDARINA,PROM.ESP.,,,,,,ARS,ARS/kg,species_summary,species_summary,2026-10,750.0,1,1,1,,,partial_period,official_publication_calendar_unverified,partial_unverified,median_observed_daily_prices,https://ssma.magyp.gob.ar/frutas.precios.aspx,2026-10-06T12:53:21.088827Z
mcba,MCBA,Frutas,MANGO,PROM.ESP.,,,,,,ARS,ARS/kg,species_summary,species_summary,2026-10,2916.67,1,1,1,,,partial_period,official_publication_calendar_unverified,partial_unverified,median_observed_daily_prices,https://ssma.magyp.gob.ar/frutas.precios.aspx,2026-10-06T12:53:21.088827Z
mcba,MCBA,Frutas,MANGO,,BRASIL,CAJA,Elegido,GRANDE,,ARS,ARS/kg,detail,detail,2026-10,2833.33,1,1,1,,,partial_period,official_publication_calendar_unverified,partial_unverified,median_observed_daily_prices,https://ssma.magyp.gob.ar/frutas.precios.aspx,2026-10-06T12:53:21.088827Z
mcba,MCBA,Frutas,MANGO,,BRASIL,CAJA,Elegido,MEDIANO,,ARS,ARS/kg,detail,detail,2026-10,3000.0,1,1,1,,,partial_period,official_publication_calendar_unverified,partial_unverified,median_observed_daily_prices,https://ssma.magyp.gob.ar/frutas.precios.aspx,2026-10-06T12:53:21.088827Z
mcba,MCBA,Frutas,MANI,PROM.ESP.,,,,,,ARS,ARS/kg,species_summary,species_summary,2026-10,3800.0,1,1,1,,,partial_period,official_publication_calendar_unverified,partial_unverified,median_observed_daily_prices,https://ssma.magyp.gob.ar/frutas.precios.aspx,2026-10-06T12:53:21.088827Z
mcba,MCBA,Frutas,MANI,,SALTA,BOLSA,Elegido,GRANEL,,ARS,ARS/kg,detail,detail,2026-10,3800.0,1,1,1,,,partial_period,official_publication_calendar_unverified,partial_unverified,median_observed_daily_prices,https://ssma.magyp.gob.ar/frutas.precios.aspx,2026-10-06T12:53:21.088827Z
mcba,MCBA,Frutas,MANZANA,CRIPPS PIN,R. NEGRO,CAJA,Elegido,100/125,,ARS,ARS/kg,detail,detail,2026-10,2055.56,1,1,1,,,partial_period,official_publication_calendar_unverified,partial_unverified,median_observed_daily_prices,https://ssma.magyp.gob.ar/frutas.precios.aspx,2026-10-06T12:53:21.088827Z
mcba,MCBA,Frutas,MANZANA,CRIPPS PIN,R. NEGRO,CAJA,Elegido,125/138,,ARS,ARS/kg,detail,detail,2026-10,1833.33,1,1,1,,,partial_period,official_publication_calendar_unverified,partial_unverified,median_observed_daily_prices,https://ssma.magyp.gob.ar/frutas.precios.aspx,2026-10-06T12:53:21.088827Z
mcba,MCBA,Frutas,MANZANA,GRANNY SMI,CHILE,CAJA,Elegido,070/080,,ARS,ARS/kg,detail,detail,2026-10,3611.11,1,1,1,,,partial_period,official_publication_calendar_unverified,partial_unverified,median_observed_daily_prices,https://ssma.magyp.gob.ar/frutas.precios.aspx,2026-10-06T12:53:21.088827Z
mcba,MCBA,Frutas,MANZANA,GRANNY SMI,R. NEGRO,CAJA,Elegido,036/044,,ARS,ARS/kg,detail,detail,2026-10,3200.0,1,1,1,,,partial_period,official_publication_calendar_unverified,partial_unverified,median_observed_daily_prices,https://ssma.magyp.gob.ar/frutas.precios.aspx,2026-10-06T12:53:21.088827Z
mcba,MCBA,Frutas,MANZANA,GRANNY SMI,R. NEGRO,CAJA,Elegido,080/100,,ARS,ARS/kg,detail,detail,2026-10,2944.44,1,1,1,,,partial_period,official_publication_calendar_unverified,partial_unverified,median_observed_daily_prices,https://ssma.magyp.gob.ar/frutas.precios.aspx,2026-10-06T12:53:21.088827Z
mcba,MCBA,Frutas,MANZANA,GRANNY SMI,R. NEGRO,CAJA,Elegido,110/130,,ARS,ARS/kg,detail,detail,2026-10,2166.67,1,1,1,,,partial_period,official_publication_calendar_unverified,partial_unverified,median_observed_daily_prices,https://ssma.magyp.gob.ar/frutas.precios.aspx,2026-10-06T12:53:21.088827Z
mcba,MCBA,Frutas,MANZANA,GRANNY SMI,R. NEGRO,JAULA,Comercial,088/113,,ARS,ARS/kg,detail,detail,2026-10,1888.89,1,1,1,,,partial_period,official_publication_calendar_unverified,partial_unverified,median_observed_daily_prices,https://ssma.magyp.gob.ar/frutas.precios.aspx,2026-10-06T12:53:21.088827Z
mcba,MCBA,Frutas,MANZANA,GRANNY SMI,R. NEGRO,JAULA,Comercial,125/138,,ARS,ARS/kg,detail,detail,2026-10,1666.67,1,1,1,,,partial_period,official_publication_calendar_unverified,partial_unverified,median_observed_daily_prices,https://ssma.magyp.gob.ar/frutas.precios.aspx,2026-10-06T12:53:21.088827Z
mcba,MCBA,Frutas,MANZANA,GRANNY SMI,R. NEGRO,JAULA,Elegido,100/125,,ARS,ARS/kg,detail,detail,2026-10,2055.56,1,1,1,,,partial_period,official_publication_calendar_unverified,partial_unverified,median_observed_daily_prices,https://ssma.magyp.gob.ar/frutas.precios.aspx,2026-10-06T12:53:21.088827Z
mcba,MCBA,Frutas,MANZANA,PROM.ESP.,,,,,,ARS,ARS/kg,species_summary,species_summary,2026-10,2386.62,1,1,1,,,partial_period,official_publication_calendar_unverified,partial_unverified,median_observed_daily_prices,https://ssma.magyp.gob.ar/frutas.precios.aspx,2026-10-06T12:53:21.088827Z
mcba,MCBA,Frutas,MANZANA,RED DELICI,CHILE,CAJA,Elegido,080/100,,ARS,ARS/kg,detail,detail,2026-10,3666.67,1,1,1,,,partial_period,official_publication_calendar_unverified,partial_unverified,median_observed_daily_prices,https://ssma.magyp.gob.ar/frutas.precios.aspx,2026-10-06T12:53:21.088827Z
mcba,MCBA,Frutas,MANZANA,RED DELICI,R. NEGRO,CAJA,Comercial,080/100,,ARS,ARS/kg,detail,detail,2026-10,1833.33,1,1,1,,,partial_period,official_publication_calendar_unverified,partial_unverified,median_observed_daily_prices,https://ssma.magyp.gob.ar/frutas.precios.aspx,2026-10-06T12:53:21.088827Z
mcba,MCBA,Frutas,MANZANA,RED DELICI,R. NEGRO,CAJA,Comercial,113/125,,ARS,ARS/kg,detail,detail,2026-10,1944.44,1,1,1,,,partial_period,official_publication_calendar_unverified,partial_unverified,median_observed_daily_prices,https://ssma.magyp.gob.ar/frutas.precios.aspx,2026-10-06T12:53:21.088827Z
mcba,MCBA,Frutas,MANZANA,RED DELICI,R. NEGRO,CAJA,Elegido,036/040,,ARS,ARS/kg,detail,detail,2026-10,2700.0,1,1,1,,,partial_period,official_publication_calendar_unverified,partial_unverified,median_observed_daily_prices,https://ssma.magyp.gob.ar/frutas.precios.aspx,2026-10-06T12:53:21.088827Z
mcba,MCBA,Frutas,MANZANA,RED DELICI,R. NEGRO,CAJA,Elegido,044/056,,ARS,ARS/kg,detail,detail,2026-10,3100.0,1,1,1,,,partial_period,official_publication_calendar_unverified,partial_unverified,median_observed_daily_prices,https://ssma.magyp.gob.ar/frutas.precios.aspx,2026-10-06T12:53:21.088827Z
mcba,MCBA,Frutas,MANZANA,RED DELICI,R. NEGRO,CAJA,Elegido,088/113,,ARS,ARS/kg,detail,detail,2026-10,2944.44,1,1,1,,,partial_period,official_publication_calendar_unverified,partial_unverified,median_observed_daily_prices,https://ssma.magyp.gob.ar/frutas.precios.aspx,2026-10-06T12:53:21.088827Z
mcba,MCBA,Frutas,MANZANA,RED DELICI,R. NEGRO,CAJA,Elegido,113/125,,ARS,ARS/kg,detail,detail,2026-10,2166.67,1,1,1,,,partial_period,official_publication_calendar_unverified,partial_unverified,median_observed_daily_prices,https://ssma.magyp.gob.ar/frutas.precios.aspx,2026-10-06T12:53:21.088827Z
mcba,MCBA,Frutas,MANZANA,RED DELICI,R. NEGRO,CAJA,Elegido,125/138,,ARS,ARS/kg,detail,detail,2026-10,2055.56,1,1,1,,,partial_period,official_publication_calendar_unverified,partial_unverified,median_observed_daily_prices,https://ssma.magyp.gob.ar/frutas.precios.aspx,2026-10-06T12:53:21.088827Z
mcba,MCBA,Frutas,MANZANA,RED DELICI,R. NEGRO,CAJA,Superior,088/113,,ARS,ARS/kg,detail,detail,2026-10,3450.0,1,1,1,,,partial_period,official_publication_calendar_unverified,partial_unverified,median_observed_daily_prices,https://ssma.magyp.gob.ar/frutas.precios.aspx,2026-10-06T12:53:21.088827Z
mcba,MCBA,Frutas,MANZANA,RED DELICI,R. NEGRO,JAULA,Comercial,072/080,,ARS,ARS/kg,detail,detail,2026-10,1722.22,1,1,1,,,partial_period,official_publication_calendar_unverified,partial_unverified,median_observed_daily_prices,https://ssma.magyp.gob.ar/frutas.precios.aspx,2026-10-06T12:53:21.088827Z
mcba,MCBA,Frutas,MANZANA,RED DELICI,R. NEGRO,JAULA,Comercial,100/125,,ARS,ARS/kg,detail,detail,2026-10,1666.67,1,1,1,,,partial_period,official_publication_calendar_unverified,partial_unverified,median_observed_daily_prices,https://ssma.magyp.gob.ar/frutas.precios.aspx,2026-10-06T12:53:21.088827Z
mcba,MCBA,Frutas,MANZANA,RED DELICI,R. NEGRO,JAULA,Elegido,113/125,,ARS,ARS/kg,detail,detail,2026-10,2000.0,1,1,1,,,partial_period,official_publication_calendar_unverified,partial_unverified,median_observed_daily_prices,https://ssma.magyp.gob.ar/frutas.precios.aspx,2026-10-06T12:53:21.088827Z
mcba,MCBA,Frutas,MANZANA,RED DELICI,R. NEGRO,JAULA,Elegido,125/138,,ARS,ARS/kg,detail,detail,2026-10,1833.33,1,1,1,,,partial_period,official_publication_calendar_unverified,partial_unverified,median_observed_daily_prices,https://ssma.magyp.gob.ar/frutas.precios.aspx,2026-10-06T12:53:21.088827Z
mcba,MCBA,Frutas,MELON,AMARILLO,BRASIL,CAJA,Elegido,MEDIANO,,ARS,ARS/kg,detail,detail,2026-10,2833.33,1,1,1,,,partial_period,official_publication_calendar_unverified,partial_unverified,median_observed_daily_prices,https://ssma.magyp.gob.ar/frutas.precios.aspx,2026-10-06T12:53:21.088827Z
mcba,MCBA,Frutas,MELON,CANTALOUP,BRASIL,CAJA,Elegido,MEDIANO,,ARS,ARS/kg,detail,detail,2026-10,3500.0,1,1,1,,,partial_period,official_publication_calendar_unverified,partial_unverified,median_observed_daily_prices,https://ssma.magyp.gob.ar/frutas.precios.aspx,2026-10-06T12:53:21.088827Z
mcba,MCBA,Frutas,MELON,ORANGE,BRASIL,CAJA,Elegido,MEDIANO,,ARS,ARS/kg,detail,detail,2026-10,2600.0,1,1,1,,,partial_period,official_publication_calendar_unverified,partial_unverified,median_observed_daily_prices,https://ssma.magyp.gob.ar/frutas.precios.aspx,2026-10-06T12:53:21.088827Z
mcba,MCBA,Frutas,MELON,PROM.ESP.,,,,,,ARS,ARS/kg,species_summary,species_summary,2026-10,2972.22,1,1,1,,,partial_period,official_publication_calendar_unverified,partial_unverified,median_observed_daily_prices,https://ssma.magyp.gob.ar/frutas.precios.aspx,2026-10-06T12:53:21.088827Z
mcba,MCBA,Frutas,MELON,ROCIO MIEL,FORMOSA,PERDIDO,Elegido,MEDIANO,,ARS,ARS/kg,detail,detail,2026-10,2800.0,1,1,1,,,partial_period,official_publication_calendar_unverified,partial_unverified,median_observed_daily_prices,https://ssma.magyp.gob.ar/frutas.precios.aspx,2026-10-06T12:53:21.088827Z
mcba,MCBA,Frutas,MELON,,SALTA,BANDEJA,Elegido,CHICO,INVERNAC,ARS,ARS/kg,detail,detail,2026-10,2400.0,1,1,1,,,partial_period,official_publication_calendar_unverified,partial_unverified,median_observed_daily_prices,https://ssma.magyp.gob.ar/frutas.precios.aspx,2026-10-06T12:53:21.088827Z
mcba,MCBA,Frutas,MELON,,SALTA,BANDEJA,Elegido,MEDIANO,INVERNAC,ARS,ARS/kg,detail,detail,2026-10,3700.0,1,1,1,,,partial_period,official_publication_calendar_unverified,partial_unverified,median_observed_daily_prices,https://ssma.magyp.gob.ar/frutas.precios.aspx,2026-10-06T12:53:21.088827Z
mcba,MCBA,Frutas,NARANJA,MIDKNIGHT,E. RIOS,PERDIDO,Elegido,090/110,,ARS,ARS/kg,detail,detail,2026-10,777.78,1,1,1,,,partial_period,official_publication_calendar_unverified,partial_unverified,median_observed_daily_prices,https://ssma.magyp.gob.ar/frutas.precios.aspx,2026-10-06T12:53:21.088827Z
mcba,MCBA,Frutas,NARANJA,NAVEL LATE,E. RIOS,PERDIDO,Elegido,090/11O,,ARS,ARS/kg,detail,detail,2026-10,833.33,1,1,1,,,partial_period,official_publication_calendar_unverified,partial_unverified,median_observed_daily_prices,https://ssma.magyp.gob.ar/frutas.precios.aspx,2026-10-06T12:53:21.088827Z
mcba,MCBA,Frutas,NARANJA,PROM.ESP.,,,,,,ARS,ARS/kg,species_summary,species_summary,2026-10,814.82,1,1,1,,,partial_period,official_publication_calendar_unverified,partial_unverified,median_observed_daily_prices,https://ssma.magyp.gob.ar/frutas.precios.aspx,2026-10-06T12:53:21.088827Z
mcba,MCBA,Frutas,NARANJA,SALUSTIANA,E. RIOS,PERDIDO,Elegido,110/130,,ARS,ARS/kg,detail,detail,2026-10,611.11,1,1,1,,,partial_period,official_publication_calendar_unverified,partial_unverified,median_observed_daily_prices,https://ssma.magyp.gob.ar/frutas.precios.aspx,2026-10-06T12:53:21.088827Z
mcba,MCBA,Frutas,NARANJA,VAL.SEEDLE,E. RIOS,PERDIDO,Elegido,110/130,,ARS,ARS/kg,detail,detail,2026-10,777.78,1,1,1,,,partial_period,official_publication_calendar_unverified,partial_unverified,median_observed_daily_prices,https://ssma.magyp.gob.ar/frutas.precios.aspx,2026-10-06T12:53:21.088827Z
mcba,MCBA,Frutas,NARANJA,W.NAVEL,BS. AS.,JAULA,Elegido,050/065,,ARS,ARS/kg,detail,detail,2026-10,1000.0,1,1,1,,,partial_period,official_publication_calendar_unverified,partial_unverified,median_observed_daily_prices,https://ssma.magyp.gob.ar/frutas.precios.aspx,2026-10-06T12:53:21.088827Z
mcba,MCBA,Frutas,NARANJA,W.NAVEL,E. RIOS,PERDIDO,Elegido,090/110,,ARS,ARS/kg,detail,detail,2026-10,888.89,1,1,1,,,partial_period,official_publication_calendar_unverified,partial_unverified,median_observed_daily_prices,https://ssma.magyp.gob.ar/frutas.precios.aspx,2026-10-06T12:53:21.088827Z
mcba,MCBA,Frutas,NUEZ,PROM.ESP.,,,,,,ARS,ARS/kg,species_summary,species_summary,2026-10,7800.0,1,1,1,,,partial_period,official_publication_calendar_unverified,partial_unverified,median_observed_daily_prices,https://ssma.magyp.gob.ar/frutas.precios.aspx,2026-10-06T12:53:21.088827Z
mcba,MCBA,Frutas,NUEZ,,MENDOZA,BOLSA,Elegido,GRANEL,,ARS,ARS/kg,detail,detail,2026-10,7800.0,1,1,1,,,partial_period,official_publication_calendar_unverified,partial_unverified,median_observed_daily_prices,https://ssma.magyp.gob.ar/frutas.precios.aspx,2026-10-06T12:53:21.088827Z
mcba,MCBA,Frutas,PALTA,HASS,BRASIL,CAJA,Elegido,GRANDE,,ARS,ARS/kg,detail,detail,2026-10,4818.18,1,1,1,,,partial_period,official_publication_calendar_unverified,partial_unverified,median_observed_daily_prices,https://ssma.magyp.gob.ar/frutas.precios.aspx,2026-10-06T12:53:21.088827Z
mcba,MCBA,Frutas,PALTA,HASS,BRASIL,CAJA,Elegido,MEDIANO,,ARS,ARS/kg,detail,detail,2026-10,4181.82,1,1,1,,,partial_period,official_publication_calendar_unverified,partial_unverified,median_observed_daily_prices,https://ssma.magyp.gob.ar/frutas.precios.aspx,2026-10-06T12:53:21.088827Z
mcba,MCBA,Frutas,PALTA,HASS,CHILE,CAJA,Elegido,GRANDE,,ARS,ARS/kg,detail,detail,2026-10,7000.0,1,1,1,,,partial_period,official_publication_calendar_unverified,partial_unverified,median_observed_daily_prices,https://ssma.magyp.gob.ar/frutas.precios.aspx,2026-10-06T12:53:21.088827Z
mcba,MCBA,Frutas,PALTA,HASS,CHILE,CAJA,Elegido,MEDIANO,,ARS,ARS/kg,detail,detail,2026-10,5727.27,1,1,1,,,partial_period,official_publication_calendar_unverified,partial_unverified,median_observed_daily_prices,https://ssma.magyp.gob.ar/frutas.precios.aspx,2026-10-06T12:53:21.088827Z
mcba,MCBA,Frutas,PALTA,HASS,JUJUY,CAJA,Elegido,MEDIANO,,ARS,ARS/kg,detail,detail,2026-10,4100.0,1,1,1,,,partial_period,official_publication_calendar_unverified,partial_unverified,median_observed_daily_prices,https://ssma.magyp.gob.ar/frutas.precios.aspx,2026-10-06T12:53:21.088827Z
mcba,MCBA,Frutas,PALTA,HASS,PERU,BANDEJA,Elegido,MEDIANO,,ARS,ARS/kg,detail,detail,2026-10,4363.64,1,1,1,,,partial_period,official_publication_calendar_unverified,partial_unverified,median_observed_daily_prices,https://ssma.magyp.gob.ar/frutas.precios.aspx,2026-10-06T12:53:21.088827Z
mcba,MCBA,Frutas,PALTA,HASS,TUCUMAN,BANDEJA,Elegido,MEDIANO,,ARS,ARS/kg,detail,detail,2026-10,4000.0,1,1,1,,,partial_period,official_publication_calendar_unverified,partial_unverified,median_observed_daily_prices,https://ssma.magyp.gob.ar/frutas.precios.aspx,2026-10-06T12:53:21.088827Z
mcba,MCBA,Frutas,PALTA,PROM.ESP.,,,,,,ARS,ARS/kg,species_summary,species_summary,2026-10,4884.42,1,1,1,,,partial_period,official_publication_calendar_unverified,partial_unverified,median_observed_daily_prices,https://ssma.magyp.gob.ar/frutas.precios.aspx,2026-10-06T12:53:21.088827Z
mcba,MCBA,Frutas,PELON,PROM.ESP.,,,,,,ARS,ARS/kg,species_summary,species_summary,2026-10,7333.33,1,1,1,,,partial_period,official_publication_calendar_unverified,partial_unverified,median_observed_daily_prices,https://ssma.magyp.gob.ar/frutas.precios.aspx,2026-10-06T12:53:21.088827Z
mcba,MCBA,Frutas,PELON,,ESPA¥A,BANDEJA,Elegido,GRANDE,,ARS,ARS/kg,detail,detail,2026-10,7333.33,1,1,1,,,partial_period,official_publication_calendar_unverified,partial_unverified,median_observed_daily_prices,https://ssma.magyp.gob.ar/frutas.precios.aspx,2026-10-06T12:53:21.088827Z
mcba,MCBA,Frutas,PERA,PACKHAM'S,R. NEGRO,CAJA,Elegido,030/040,,ARS,ARS/kg,detail,detail,2026-10,2300.0,1,1,1,,,partial_period,official_publication_calendar_unverified,partial_unverified,median_observed_daily_prices,https://ssma.magyp.gob.ar/frutas.precios.aspx,2026-10-06T12:53:21.088827Z
mcba,MCBA,Frutas,PERA,PACKHAM'S,R. NEGRO,CAJA,Elegido,070/090,,ARS,ARS/kg,detail,detail,2026-10,2222.22,1,1,1,,,partial_period,official_publication_calendar_unverified,partial_unverified,median_observed_daily_prices,https://ssma.magyp.gob.ar/frutas.precios.aspx,2026-10-06T12:53:21.088827Z
mcba,MCBA,Frutas,PERA,PACKHAM'S,R. NEGRO,CAJA,Elegido,100/120,,ARS,ARS/kg,detail,detail,2026-10,1833.33,1,1,1,,,partial_period,official_publication_calendar_unverified,partial_unverified,median_observed_daily_prices,https://ssma.magyp.gob.ar/frutas.precios.aspx,2026-10-06T12:53:21.088827Z
mcba,MCBA,Frutas,PERA,PACKHAM'S,R. NEGRO,JAULA,Elegido,080/120,,ARS,ARS/kg,detail,detail,2026-10,1555.56,1,1,1,,,partial_period,official_publication_calendar_unverified,partial_unverified,median_observed_daily_prices,https://ssma.magyp.gob.ar/frutas.precios.aspx,2026-10-06T12:53:21.088827Z
mcba,MCBA,Frutas,PERA,PACKHAM'S,R. NEGRO,PERDIDO,Comercial,100/120,,ARS,ARS/kg,detail,detail,2026-10,1388.89,1,1,1,,,partial_period,official_publication_calendar_unverified,partial_unverified,median_observed_daily_prices,https://ssma.magyp.gob.ar/frutas.precios.aspx,2026-10-06T12:53:21.088827Z
mcba,MCBA,Frutas,PERA,PROM.ESP.,,,,,,ARS,ARS/kg,species_summary,species_summary,2026-10,1860.0,1,1,1,,,partial_period,official_publication_calendar_unverified,partial_unverified,median_observed_daily_prices,https://ssma.magyp.gob.ar/frutas.precios.aspx,2026-10-06T12:53:21.088827Z
mcba,MCBA,Frutas,PITAHAYA,PROM.ESP.,,,,,,ARS,ARS/kg,species_summary,species_summary,2026-10,17600.0,1,1,1,,,partial_period,official_publication_calendar_unverified,partial_unverified,median_observed_daily_prices,https://ssma.magyp.gob.ar/frutas.precios.aspx,2026-10-06T12:53:21.088827Z
mcba,MCBA,Frutas,PITAHAYA,,ECUADOR,CAJA,Elegido,GRANEL,,ARS,ARS/kg,detail,detail,2026-10,17600.0,1,1,1,,,partial_period,official_publication_calendar_unverified,partial_unverified,median_observed_daily_prices,https://ssma.magyp.gob.ar/frutas.precios.aspx,2026-10-06T12:53:21.088827Z
mcba,MCBA,Frutas,PLATANO,PROM.ESP.,,,,,,ARS,ARS/kg,species_summary,species_summary,2026-10,2140.91,1,1,1,,,partial_period,official_publication_calendar_unverified,partial_unverified,median_observed_daily_prices,https://ssma.magyp.gob.ar/frutas.precios.aspx,2026-10-06T12:53:21.088827Z
mcba,MCBA,Frutas,PLATANO,,BOLIVIA,CAJA,Elegido,GRANDE,,ARS,ARS/kg,detail,detail,2026-10,2100.0,1,1,1,,,partial_period,official_publication_calendar_unverified,partial_unverified,median_observed_daily_prices,https://ssma.magyp.gob.ar/frutas.precios.aspx,2026-10-06T12:53:21.088827Z
mcba,MCBA,Frutas,PLATANO,,ECUADOR,CAJA,Elegido,GRANDE,,ARS,ARS/kg,detail,detail,2026-10,2181.82,1,1,1,,,partial_period,official_publication_calendar_unverified,partial_unverified,median_observed_daily_prices,https://ssma.magyp.gob.ar/frutas.precios.aspx,2026-10-06T12:53:21.088827Z
mcba,MCBA,Frutas,POMELO,PROM.ESP.,,,,,,ARS,ARS/kg,species_summary,species_summary,2026-10,888.89,1,1,1,,,partial_period,official_publication_calendar_unverified,partial_unverified,median_observed_daily_prices,https://ssma.magyp.gob.ar/frutas.precios.aspx,2026-10-06T12:53:21.088827Z
mcba,MCBA,Frutas,POMELO,STAR RUBY,E. RIOS,PERDIDO,Elegido,050/070,,ARS,ARS/kg,detail,detail,2026-10,777.78,1,1,1,,,partial_period,official_publication_calendar_unverified,partial_unverified,median_observed_daily_prices,https://ssma.magyp.gob.ar/frutas.precios.aspx,2026-10-06T12:53:21.088827Z
mcba,MCBA,Frutas,POMELO,STAR RUBY,SALTA,PERDIDO,Elegido,070/090,,ARS,ARS/kg,detail,detail,2026-10,1000.0,1,1,1,,,partial_period,official_publication_calendar_unverified,partial_unverified,median_observed_daily_prices,https://ssma.magyp.gob.ar/frutas.precios.aspx,2026-10-06T12:53:21.088827Z
mcba,MCBA,Frutas,SANDIA,PROM.ESP.,,,,,,ARS,ARS/kg,species_summary,species_summary,2026-10,1416.67,1,1,1,,,partial_period,official_publication_calendar_unverified,partial_unverified,median_observed_daily_prices,https://ssma.magyp.gob.ar/frutas.precios.aspx,2026-10-06T12:53:21.088827Z
mcba,MCBA,Frutas,SANDIA,REDONDA RA,FORMOSA,,Elegido,GRANDE,,ARS,ARS/kg,detail,detail,2026-10,1200.0,1,1,1,,,partial_period,official_publication_calendar_unverified,partial_unverified,median_observed_daily_prices,https://ssma.magyp.gob.ar/frutas.precios.aspx,2026-10-06T12:53:21.088827Z
mcba,MCBA,Frutas,SANDIA,,BRASIL,CAJA,Elegido,004/006,,ARS,ARS/kg,detail,detail,2026-10,1750.0,1,1,1,,,partial_period,official_publication_calendar_unverified,partial_unverified,median_observed_daily_prices,https://ssma.magyp.gob.ar/frutas.precios.aspx,2026-10-06T12:53:21.088827Z
mcba,MCBA,Frutas,SANDIA,,BRASIL,GRANEL,Comercial,GRANEL,,ARS,ARS/kg,detail,detail,2026-10,1300.0,1,1,1,,,partial_period,official_publication_calendar_unverified,partial_unverified,median_observed_daily_prices,https://ssma.magyp.gob.ar/frutas.precios.aspx,2026-10-06T12:53:21.088827Z
mcba,MCBA,Frutas,UVA,ARRA 15,BRASIL,CAJA,Elegido,GRANEL,,ARS,ARS/kg,detail,detail,2026-10,6500.0,1,1,1,,,partial_period,official_publication_calendar_unverified,partial_unverified,median_observed_daily_prices,https://ssma.magyp.gob.ar/frutas.precios.aspx,2026-10-06T12:53:21.088827Z
mcba,MCBA,Frutas,UVA,AUTUMN CRI,BRASIL,CAJA,Elegido,GRANDE,,ARS,ARS/kg,detail,detail,2026-10,6875.0,1,1,1,,,partial_period,official_publication_calendar_unverified,partial_unverified,median_observed_daily_prices,https://ssma.magyp.gob.ar/frutas.precios.aspx,2026-10-06T12:53:21.088827Z
mcba,MCBA,Frutas,UVA,NUBIA,BRASIL,CAJA,Elegido,GRANEL,,ARS,ARS/kg,detail,detail,2026-10,6500.0,1,1,1,,,partial_period,official_publication_calendar_unverified,partial_unverified,median_observed_daily_prices,https://ssma.magyp.gob.ar/frutas.precios.aspx,2026-10-06T12:53:21.088827Z
mcba,MCBA,Frutas,UVA,PROM.ESP.,,,,,,ARS,ARS/kg,species_summary,species_summary,2026-10,6500.0,1,1,1,,,partial_period,official_publication_calendar_unverified,partial_unverified,median_observed_daily_prices,https://ssma.magyp.gob.ar/frutas.precios.aspx,2026-10-06T12:53:21.088827Z
mcba,MCBA,Frutas,UVA,RED GLOBE,BRASIL,CAJA,Elegido,GRANDE,,ARS,ARS/kg,detail,detail,2026-10,7250.0,1,1,1,,,partial_period,official_publication_calendar_unverified,partial_unverified,median_observed_daily_prices,https://ssma.magyp.gob.ar/frutas.precios.aspx,2026-10-06T12:53:21.088827Z
mcba,MCBA,Frutas,UVA,SUGAR CRIP,BRASIL,CAJA,Elegido,GRANEL,,ARS,ARS/kg,detail,detail,2026-10,6000.0,1,1,1,,,partial_period,official_publication_calendar_unverified,partial_unverified,median_observed_daily_prices,https://ssma.magyp.gob.ar/frutas.precios.aspx,2026-10-06T12:53:21.088827Z
mcba,MCBA,Frutas,UVA,SWEET JUBI,BRASIL,CAJA,Elegido,GRANEL,,ARS,ARS/kg,detail,detail,2026-10,6500.0,1,1,1,,,partial_period,official_publication_calendar_unverified,partial_unverified,median_observed_daily_prices,https://ssma.magyp.gob.ar/frutas.precios.aspx,2026-10-06T12:53:21.088827Z
mcba,MCBA,Frutas,UVA,VICTORIA,BRASIL,CAJA,Elegido,GRANEL,,ARS,ARS/kg,detail,detail,2026-10,5875.0,1,1,1,,,partial_period,official_publication_calendar_unverified,partial_unverified,median_observed_daily_prices,https://ssma.magyp.gob.ar/frutas.precios.aspx,2026-10-06T12:53:21.088827Z
mcba,MCBA,Hortalizas,ACELGA,PROM.ESP.,,,,,,ARS,ARS/kg,species_summary,species_summary,2026-10,376.67,1,1,1,,,partial_period,official_publication_calendar_unverified,partial_unverified,median_observed_daily_prices,https://ssma.magyp.gob.ar/frutas.precios.aspx,2026-10-06T12:53:21.088827Z
mcba,MCBA,Hortalizas,ACELGA,,BS. AS.,JAULA,Primera,SIN TAM,,ARS,ARS/kg,detail,detail,2026-10,400.0,1,1,1,,,partial_period,official_publication_calendar_unverified,partial_unverified,median_observed_daily_prices,https://ssma.magyp.gob.ar/frutas.precios.aspx,2026-10-06T12:53:21.088827Z
mcba,MCBA,Hortalizas,ACELGA,,BS. AS.,JAULA,Primera,,INVERNAC,ARS,ARS/kg,detail,detail,2026-10,480.0,1,1,1,,,partial_period,official_publication_calendar_unverified,partial_unverified,median_observed_daily_prices,https://ssma.magyp.gob.ar/frutas.precios.aspx,2026-10-06T12:53:21.088827Z
mcba,MCBA,Hortalizas,ACELGA,,BS. AS.,JAULA,Segunda,SIN TAM,,ARS,ARS/kg,detail,detail,2026-10,250.0,1,1,1,,,partial_period,official_publication_calendar_unverified,partial_unverified,median_observed_daily_prices,https://ssma.magyp.gob.ar/frutas.precios.aspx,2026-10-06T12:53:21.088827Z
mcba,MCBA,Hortalizas,ACHICORIA,PROM.ESP.,,,,,,ARS,ARS/kg,species_summary,species_summary,2026-10,760.0,1,1,1,,,partial_period,official_publication_calendar_unverified,partial_unverified,median_observed_daily_prices,https://ssma.magyp.gob.ar/frutas.precios.aspx,2026-10-06T12:53:21.088827Z
mcba,MCBA,Hortalizas,ACHICORIA,,BS. AS.,JAULA,Primera,,,ARS,ARS/kg,detail,detail,2026-10,760.0,1,1,1,,,partial_period,official_publication_calendar_unverified,partial_unverified,median_observed_daily_prices,https://ssma.magyp.gob.ar/frutas.precios.aspx,2026-10-06T12:53:21.088827Z
mcba,MCBA,Hortalizas,ACUSAY,PROM.ESP.,,,,,,ARS,ARS/kg,species_summary,species_summary,2026-10,825.0,1,1,1,,,partial_period,official_publication_calendar_unverified,partial_unverified,median_observed_daily_prices,https://ssma.magyp.gob.ar/frutas.precios.aspx,2026-10-06T12:53:21.088827Z
mcba,MCBA,Hortalizas,ACUSAY,,BS. AS.,JAULA,Primera,GRANDE,,ARS,ARS/kg,detail,detail,2026-10,900.0,1,1,1,,,partial_period,official_publication_calendar_unverified,partial_unverified,median_observed_daily_prices,https://ssma.magyp.gob.ar/frutas.precios.aspx,2026-10-06T12:53:21.088827Z
mcba,MCBA,Hortalizas,ACUSAY,,BS. AS.,JAULA,Primera,MEDIANO,,ARS,ARS/kg,detail,detail,2026-10,750.0,1,1,1,,,partial_period,official_publication_calendar_unverified,partial_unverified,median_observed_daily_prices,https://ssma.magyp.gob.ar/frutas.precios.aspx,2026-10-06T12:53:21.088827Z
mcba,MCBA,Hortalizas,AJO,COLORADO,MENDOZA,CAJA,Primera,6,,ARS,ARS/kg,detail,detail,2026-10,4800.0,1,1,1,,,partial_period,official_publication_calendar_unverified,partial_unverified,median_observed_daily_prices,https://ssma.magyp.gob.ar/frutas.precios.aspx,2026-10-06T12:53:21.088827Z
mcba,MCBA,Hortalizas,AJO,COLORADO,MENDOZA,CAJA,Primera,8,,ARS,ARS/kg,detail,detail,2026-10,9000.0,1,1,1,,,partial_period,official_publication_calendar_unverified,partial_unverified,median_observed_daily_prices,https://ssma.magyp.gob.ar/frutas.precios.aspx,2026-10-06T12:53:21.088827Z
mcba,MCBA,Hortalizas,AJO,COLORADO,MENDOZA,RISTRA 100,Primera,10,,ARS,ARS/kg,detail,detail,2026-10,7300.0,1,1,1,,,partial_period,official_publication_calendar_unverified,partial_unverified,median_observed_daily_prices,https://ssma.magyp.gob.ar/frutas.precios.aspx,2026-10-06T12:53:21.088827Z
mcba,MCBA,Hortalizas,AJO,COLORADO,MENDOZA,RISTRA 100,Primera,4,,ARS,ARS/kg,detail,detail,2026-10,2500.0,1,1,1,,,partial_period,official_publication_calendar_unverified,partial_unverified,median_observed_daily_prices,https://ssma.magyp.gob.ar/frutas.precios.aspx,2026-10-06T12:53:21.088827Z
mcba,MCBA,Hortalizas,AJO,COLORADO,MENDOZA,RISTRA 100,Primera,6,,ARS,ARS/kg,detail,detail,2026-10,3333.33,1,1,1,,,partial_period,official_publication_calendar_unverified,partial_unverified,median_observed_daily_prices,https://ssma.magyp.gob.ar/frutas.precios.aspx,2026-10-06T12:53:21.088827Z
mcba,MCBA,Hortalizas,AJO,COLORADO,MENDOZA,RISTRA 100,Primera,7,,ARS,ARS/kg,detail,detail,2026-10,4857.14,1,1,1,,,partial_period,official_publication_calendar_unverified,partial_unverified,median_observed_daily_prices,https://ssma.magyp.gob.ar/frutas.precios.aspx,2026-10-06T12:53:21.088827Z
mcba,MCBA,Hortalizas,AJO,COLORADO,MENDOZA,RISTRA 100,Primera,8,,ARS,ARS/kg,detail,detail,2026-10,6250.0,1,1,1,,,partial_period,official_publication_calendar_unverified,partial_unverified,median_observed_daily_prices,https://ssma.magyp.gob.ar/frutas.precios.aspx,2026-10-06T12:53:21.088827Z
mcba,MCBA,Hortalizas,AJO,COLORADO,MENDOZA,RISTRA 100,Primera,9,,ARS,ARS/kg,detail,detail,2026-10,6444.44,1,1,1,,,partial_period,official_publication_calendar_unverified,partial_unverified,median_observed_daily_prices,https://ssma.magyp.gob.ar/frutas.precios.aspx,2026-10-06T12:53:21.088827Z
mcba,MCBA,Hortalizas,AJO,MDO. CHINO,MENDOZA,CAJA,Primera,10,,ARS,ARS/kg,detail,detail,2026-10,5400.0,1,1,1,,,partial_period,official_publication_calendar_unverified,partial_unverified,median_observed_daily_prices,https://ssma.magyp.gob.ar/frutas.precios.aspx,2026-10-06T12:53:21.088827Z
mcba,MCBA,Hortalizas,AJO,MDO. CHINO,MENDOZA,CAJA,Primera,7,,ARS,ARS/kg,detail,detail,2026-10,3800.0,1,1,1,,,partial_period,official_publication_calendar_unverified,partial_unverified,median_observed_daily_prices,https://ssma.magyp.gob.ar/frutas.precios.aspx,2026-10-06T12:53:21.088827Z
mcba,MCBA,Hortalizas,AJO,MDO. CHINO,MENDOZA,RISTRA 100,Primera,10,,ARS,ARS/kg,detail,detail,2026-10,9300.0,1,1,1,,,partial_period,official_publication_calendar_unverified,partial_unverified,median_observed_daily_prices,https://ssma.magyp.gob.ar/frutas.precios.aspx,2026-10-06T12:53:21.088827Z
mcba,MCBA,Hortalizas,AJO,MDO. CHINO,MENDOZA,RISTRA 100,Primera,3,,ARS,ARS/kg,detail,detail,2026-10,4000.0,1,1,1,,,partial_period,official_publication_calendar_unverified,partial_unverified,median_observed_daily_prices,https://ssma.magyp.gob.ar/frutas.precios.aspx,2026-10-06T12:53:21.088827Z
mcba,MCBA,Hortalizas,AJO,MDO. CHINO,MENDOZA,RISTRA 100,Primera,4,,ARS,ARS/kg,detail,detail,2026-10,4750.0,1,1,1,,,partial_period,official_publication_calendar_unverified,partial_unverified,median_observed_daily_prices,https://ssma.magyp.gob.ar/frutas.precios.aspx,2026-10-06T12:53:21.088827Z
mcba,MCBA,Hortalizas,AJO,MDO. CHINO,MENDOZA,RISTRA 100,Primera,5,,ARS,ARS/kg,detail,detail,2026-10,5400.0,1,1,1,,,partial_period,official_publication_calendar_unverified,partial_unverified,median_observed_daily_prices,https://ssma.magyp.gob.ar/frutas.precios.aspx,2026-10-06T12:53:21.088827Z
mcba,MCBA,Hortalizas,AJO,MDO. CHINO,MENDOZA,RISTRA 100,Primera,6,,ARS,ARS/kg,detail,detail,2026-10,7500.0,1,1,1,,,partial_period,official_publication_calendar_unverified,partial_unverified,median_observed_daily_prices,https://ssma.magyp.gob.ar/frutas.precios.aspx,2026-10-06T12:53:21.088827Z
mcba,MCBA,Hortalizas,AJO,MDO. CHINO,MENDOZA,RISTRA 100,Primera,7,,ARS,ARS/kg,detail,detail,2026-10,9000.0,1,1,1,,,partial_period,official_publication_calendar_unverified,partial_unverified,median_observed_daily_prices,https://ssma.magyp.gob.ar/frutas.precios.aspx,2026-10-06T12:53:21.088827Z
mcba,MCBA,Hortalizas,AJO,MDO. CHINO,MENDOZA,RISTRA 100,Primera,9,,ARS,ARS/kg,detail,detail,2026-10,8777.78,1,1,1,,,partial_period,official_publication_calendar_unverified,partial_unverified,median_observed_daily_prices,https://ssma.magyp.gob.ar/frutas.precios.aspx,2026-10-06T12:53:21.088827Z
mcba,MCBA,Hortalizas,AJO,PROM.ESP.,,,,,,ARS,ARS/kg,species_summary,species_summary,2026-10,6024.28,1,1,1,,,partial_period,official_publication_calendar_unverified,partial_unverified,median_observed_daily_prices,https://ssma.magyp.gob.ar/frutas.precios.aspx,2026-10-06T12:53:21.088827Z
mcba,MCBA,Hortalizas,ALBAHACA,PROM.ESP.,,,,,,ARS,ARS/kg,species_summary,species_summary,2026-10,475.0,1,1,1,,,partial_period,official_publication_calendar_unverified,partial_unverified,median_observed_daily_prices,https://ssma.magyp.gob.ar/frutas.precios.aspx,2026-10-06T12:53:21.088827Z
mcba,MCBA,Hortalizas,ALBAHACA,,BS. AS.,ATADO,Primera,,INVERNAC,ARS,ARS/kg,detail,detail,2026-10,500.0,1,1,1,,,partial_period,official_publication_calendar_unverified,partial_unverified,median_observed_daily_prices,https://ssma.magyp.gob.ar/frutas.precios.aspx,2026-10-06T12:53:21.088827Z
mcba,MCBA,Hortalizas,ALBAHACA,,CTES.,ATADO,Primera,,INVERNAC,ARS,ARS/kg,detail,detail,2026-10,450.0,1,1,1,,,partial_period,official_publication_calendar_unverified,partial_unverified,median_observed_daily_prices,https://ssma.magyp.gob.ar/frutas.precios.aspx,2026-10-06T12:53:21.088827Z
mcba,MCBA,Hortalizas,ALCAUCIL,PROM.ESP.,,,,,,ARS,ARS/kg,species_summary,species_summary,2026-10,1875.0,1,1,1,,,partial_period,official_publication_calendar_unverified,partial_unverified,median_observed_daily_prices,https://ssma.magyp.gob.ar/frutas.precios.aspx,2026-10-06T12:53:21.088827Z
mcba,MCBA,Hortalizas,ALCAUCIL,VIOLETA,BS. AS.,TORO,Primera,MEDIANO,,ARS,ARS/kg,detail,detail,2026-10,2166.67,1,1,1,,,partial_period,official_publication_calendar_unverified,partial_unverified,median_observed_daily_prices,https://ssma.magyp.gob.ar/frutas.precios.aspx,2026-10-06T12:53:21.088827Z
mcba,MCBA,Hortalizas,ALCAUCIL,¥. FRANCES,BS. AS.,TORO,Primera,MEDIANO,,ARS,ARS/kg,detail,detail,2026-10,1583.33,1,1,1,,,partial_period,official_publication_calendar_unverified,partial_unverified,median_observed_daily_prices,https://ssma.magyp.gob.ar/frutas.precios.aspx,2026-10-06T12:53:21.088827Z
mcba,MCBA,Hortalizas,APIO,PROM.ESP.,,,,,,ARS,ARS/kg,species_summary,species_summary,2026-10,1187.5,1,1,1,,,partial_period,official_publication_calendar_unverified,partial_unverified,median_observed_daily_prices,https://ssma.magyp.gob.ar/frutas.precios.aspx,2026-10-06T12:53:21.088827Z
mcba,MCBA,Hortalizas,APIO,,BS. AS.,TORO,Primera,GRANDE,INVERNAC,ARS,ARS/kg,detail,detail,2026-10,1125.0,1,1,1,,,partial_period,official_publication_calendar_unverified,partial_unverified,median_observed_daily_prices,https://ssma.magyp.gob.ar/frutas.precios.aspx,2026-10-06T12:53:21.088827Z
mcba,MCBA,Hortalizas,APIO,,BS. AS.,TORO,Primera,MEDIANO,INVERNAC,ARS,ARS/kg,detail,detail,2026-10,1250.0,1,1,1,,,partial_period,official_publication_calendar_unverified,partial_unverified,median_observed_daily_prices,https://ssma.magyp.gob.ar/frutas.precios.aspx,2026-10-06T12:53:21.088827Z
mcba,MCBA,Hortalizas,ARVEJA,PROM.ESP.,,,,,,ARS,ARS/kg,species_summary,species_summary,2026-10,2500.0,1,1,1,,,partial_period,official_publication_calendar_unverified,partial_unverified,median_observed_daily_prices,https://ssma.magyp.gob.ar/frutas.precios.aspx,2026-10-06T12:53:21.088827Z
mcba,MCBA,Hortalizas,ARVEJA,,JUJUY,BOLSA,Primera,MEDIANO,,ARS,ARS/kg,detail,detail,2026-10,2500.0,1,1,1,,,partial_period,official_publication_calendar_unverified,partial_unverified,median_observed_daily_prices,https://ssma.magyp.gob.ar/frutas.precios.aspx,2026-10-06T12:53:21.088827Z
mcba,MCBA,Hortalizas,BATATA,ARAPEY,BRASIL,BOLSA,Primera,MEDIANO,,ARS,ARS/kg,detail,detail,2026-10,1350.0,1,1,1,,,partial_period,official_publication_calendar_unverified,partial_unverified,median_observed_daily_prices,https://ssma.magyp.gob.ar/frutas.precios.aspx,2026-10-06T12:53:21.088827Z
mcba,MCBA,Hortalizas,BATATA,ARAPEY,CORDOBA,BOLSA,Primera,MEDIANO,,ARS,ARS/kg,detail,detail,2026-10,1153.85,1,1,1,,,partial_period,official_publication_calendar_unverified,partial_unverified,median_observed_daily_prices,https://ssma.magyp.gob.ar/frutas.precios.aspx,2026-10-06T12:53:21.088827Z
mcba,MCBA,Hortalizas,BATATA,BEAUREGARD,S. PEDRO,BOLSA,Primera,MEDIANO,,ARS,ARS/kg,detail,detail,2026-10,2090.91,1,1,1,,,partial_period,official_publication_calendar_unverified,partial_unverified,median_observed_daily_prices,https://ssma.magyp.gob.ar/frutas.precios.aspx,2026-10-06T12:53:21.088827Z
mcba,MCBA,Hortalizas,BATATA,PROM.ESP.,,,,,,ARS,ARS/kg,species_summary,species_summary,2026-10,1531.59,1,1,1,,,partial_period,official_publication_calendar_unverified,partial_unverified,median_observed_daily_prices,https://ssma.magyp.gob.ar/frutas.precios.aspx,2026-10-06T12:53:21.088827Z
mcba,MCBA,Hortalizas,BERENJENA,JASPEADA,SALTA,TORO,Primera,MEDIANO,,ARS,ARS/kg,detail,detail,2026-10,1166.67,1,1,1,,,partial_period,official_publication_calendar_unverified,partial_unverified,median_observed_daily_prices,https://ssma.magyp.gob.ar/frutas.precios.aspx,2026-10-06T12:53:21.088827Z
mcba,MCBA,Hortalizas,BERENJENA,PROM.ESP.,,,,,,ARS,ARS/kg,species_summary,species_summary,2026-10,1333.33,1,1,1,,,partial_period,official_publication_calendar_unverified,partial_unverified,median_observed_daily_prices,https://ssma.magyp.gob.ar/frutas.precios.aspx,2026-10-06T12:53:21.088827Z
mcba,MCBA,Hortalizas,BERENJENA,VTA.MED.LA,SALTA,PERDIDO,Primera,MEDIANO,INVERNAC,ARS,ARS/kg,detail,detail,2026-10,1583.33,1,1,1,,,partial_period,official_publication_calendar_unverified,partial_unverified,median_observed_daily_prices,https://ssma.magyp.gob.ar/frutas.precios.aspx,2026-10-06T12:53:21.088827Z
mcba,MCBA,Hortalizas,BERENJENA,VTA.MED.LA,SALTA,TORO,Primera,MEDIANO,,ARS,ARS/kg,detail,detail,2026-10,1250.0,1,1,1,,,partial_period,official_publication_calendar_unverified,partial_unverified,median_observed_daily_prices,https://ssma.magyp.gob.ar/frutas.precios.aspx,2026-10-06T12:53:21.088827Z
mcba,MCBA,Hortalizas,BERRO,PROM.ESP.,,,,,,ARS,ARS/kg,species_summary,species_summary,2026-10,2500.0,1,1,1,,,partial_period,official_publication_calendar_unverified,partial_unverified,median_observed_daily_prices,https://ssma.magyp.gob.ar/frutas.precios.aspx,2026-10-06T12:53:21.088827Z
mcba,MCBA,Hortalizas,BERRO,,BS. AS.,ATADO,Primera,SIN TAM,,ARS,ARS/kg,detail,detail,2026-10,2500.0,1,1,1,,,partial_period,official_publication_calendar_unverified,partial_unverified,median_observed_daily_prices,https://ssma.magyp.gob.ar/frutas.precios.aspx,2026-10-06T12:53:21.088827Z
mcba,MCBA,Hortalizas,BROCOLI,PROM.ESP.,,,,,,ARS,ARS/kg,species_summary,species_summary,2026-10,1437.5,1,1,1,,,partial_period,official_publication_calendar_unverified,partial_unverified,median_observed_daily_prices,https://ssma.magyp.gob.ar/frutas.precios.aspx,2026-10-06T12:53:21.088827Z
mcba,MCBA,Hortalizas,BROCOLI,,BS. AS.,JAULA,Primera,MEDIANO,INVERNAC,ARS,ARS/kg,detail,detail,2026-10,1500.0,1,1,1,,,partial_period,official_publication_calendar_unverified,partial_unverified,median_observed_daily_prices,https://ssma.magyp.gob.ar/frutas.precios.aspx,2026-10-06T12:53:21.088827Z
mcba,MCBA,Hortalizas,BROCOLI,,BS. AS.,JAULA,Primera,MEDIANO,,ARS,ARS/kg,detail,detail,2026-10,1187.5,1,1,1,,,partial_period,official_publication_calendar_unverified,partial_unverified,median_observed_daily_prices,https://ssma.magyp.gob.ar/frutas.precios.aspx,2026-10-06T12:53:21.088827Z
mcba,MCBA,Hortalizas,BROCOLI,,MENDOZA,PERDIDO,,MEDIANO,,ARS,ARS/kg,detail,detail,2026-10,1625.0,1,1,1,,,partial_period,official_publication_calendar_unverified,partial_unverified,median_observed_daily_prices,https://ssma.magyp.gob.ar/frutas.precios.aspx,2026-10-06T12:53:21.088827Z
mcba,MCBA,Hortalizas,BROTE ALFA,PROM.ESP.,,,,,,ARS,ARS/kg,species_summary,species_summary,2026-10,9500.0,1,1,1,,,partial_period,official_publication_calendar_unverified,partial_unverified,median_observed_daily_prices,https://ssma.magyp.gob.ar/frutas.precios.aspx,2026-10-06T12:53:21.088827Z
mcba,MCBA,Hortalizas,BROTE ALFA,,BS. AS.,BOLSA,Primera,MEDIANO,,ARS,ARS/kg,detail,detail,2026-10,9500.0,1,1,1,,,partial_period,official_publication_calendar_unverified,partial_unverified,median_observed_daily_prices,https://ssma.magyp.gob.ar/frutas.precios.aspx,2026-10-06T12:53:21.088827Z
mcba,MCBA,Hortalizas,BROTE SOJA,PROM.ESP.,,,,,,ARS,ARS/kg,species_summary,species_summary,2026-10,8000.0,1,1,1,,,partial_period,official_publication_calendar_unverified,partial_unverified,median_observed_daily_prices,https://ssma.magyp.gob.ar/frutas.precios.aspx,2026-10-06T12:53:21.088827Z
mcba,MCBA,Hortalizas,BROTE SOJA,,BS. AS.,BOLSA,Primera,,,ARS,ARS/kg,detail,detail,2026-10,8000.0,1,1,1,,,partial_period,official_publication_calendar_unverified,partial_unverified,median_observed_daily_prices,https://ssma.magyp.gob.ar/frutas.precios.aspx,2026-10-06T12:53:21.088827Z
mcba,MCBA,Hortalizas,CARDO,PROM.ESP.,,,,,,ARS,ARS/kg,species_summary,species_summary,2026-10,1375.0,1,1,1,,,partial_period,official_publication_calendar_unverified,partial_unverified,median_observed_daily_prices,https://ssma.magyp.gob.ar/frutas.precios.aspx,2026-10-06T12:53:21.088827Z
mcba,MCBA,Hortalizas,CARDO,,BS. AS.,ATADO,Primera,MEDIANO,,ARS,ARS/kg,detail,detail,2026-10,1375.0,1,1,1,,,partial_period,official_publication_calendar_unverified,partial_unverified,median_observed_daily_prices,https://ssma.magyp.gob.ar/frutas.precios.aspx,2026-10-06T12:53:21.088827Z
mcba,MCBA,Hortalizas,CEB.VERDEO,COLORADA,BS. AS.,ATADO,Primera,MEDIANO,,ARS,ARS/kg,detail,detail,2026-10,1700.0,1,1,1,,,partial_period,official_publication_calendar_unverified,partial_unverified,median_observed_daily_prices,https://ssma.magyp.gob.ar/frutas.precios.aspx,2026-10-06T12:53:21.088827Z
mcba,MCBA,Hortalizas,CEB.VERDEO,COLORADA,BS. AS.,JAULA,Primera,MEDIANO,,ARS,ARS/kg,detail,detail,2026-10,1500.0,1,1,1,,,partial_period,official_publication_calendar_unverified,partial_unverified,median_observed_daily_prices,https://ssma.magyp.gob.ar/frutas.precios.aspx,2026-10-06T12:53:21.088827Z
mcba,MCBA,Hortalizas,CEB.VERDEO,PROM.ESP.,,,,,,ARS,ARS/kg,species_summary,species_summary,2026-10,1600.0,1,1,1,,,partial_period,official_publication_calendar_unverified,partial_unverified,median_observed_daily_prices,https://ssma.magyp.gob.ar/frutas.precios.aspx,2026-10-06T12:53:21.088827Z
mcba,MCBA,Hortalizas,CEBOLLA,COLORADA,BRASIL,BOLSA,Primera,MEDIANO,,ARS,ARS/kg,detail,detail,2026-10,2150.0,1,1,1,,,partial_period,official_publication_calendar_unverified,partial_unverified,median_observed_daily_prices,https://ssma.magyp.gob.ar/frutas.precios.aspx,2026-10-06T12:53:21.088827Z
mcba,MCBA,Hortalizas,CEBOLLA,OPTIMA,BRASIL,BOLSA,Primera,MEDIANO,,ARS,ARS/kg,detail,detail,2026-10,2100.0,1,1,1,,,partial_period,official_publication_calendar_unverified,partial_unverified,median_observed_daily_prices,https://ssma.magyp.gob.ar/frutas.precios.aspx,2026-10-06T12:53:21.088827Z
mcba,MCBA,Hortalizas,CEBOLLA,PROM.ESP.,,,,,,ARS,ARS/kg,species_summary,species_summary,2026-10,1570.0,1,1,1,,,partial_period,official_publication_calendar_unverified,partial_unverified,median_observed_daily_prices,https://ssma.magyp.gob.ar/frutas.precios.aspx,2026-10-06T12:53:21.088827Z
mcba,MCBA,Hortalizas,CEBOLLA,VALENCIANI,SAN JUAN,BOLSA,Segunda,MEDIANO,,ARS,ARS/kg,detail,detail,2026-10,1300.0,1,1,1,,,partial_period,official_publication_calendar_unverified,partial_unverified,median_observed_daily_prices,https://ssma.magyp.gob.ar/frutas.precios.aspx,2026-10-06T12:53:21.088827Z
mcba,MCBA,Hortalizas,CEBOLLA,VALENCIANI,SGO.EST.,BOLSA,Primera,MEDIANO,,ARS,ARS/kg,detail,detail,2026-10,1250.0,1,1,1,,,partial_period,official_publication_calendar_unverified,partial_unverified,median_observed_daily_prices,https://ssma.magyp.gob.ar/frutas.precios.aspx,2026-10-06T12:53:21.088827Z
mcba,MCBA,Hortalizas,CEBOLLA,VALENCIANI,SGO.EST.,BOLSA,Segunda,MEDIANO,,ARS,ARS/kg,detail,detail,2026-10,1050.0,1,1,1,,,partial_period,official_publication_calendar_unverified,partial_unverified,median_observed_daily_prices,https://ssma.magyp.gob.ar/frutas.precios.aspx,2026-10-06T12:53:21.088827Z
mcba,MCBA,Hortalizas,CHAUCHA,ESMERALDA,CTES.,TORO,Primera,MEDIANO,INVERNAC,ARS,ARS/kg,detail,detail,2026-10,2200.0,1,1,1,,,partial_period,official_publication_calendar_unverified,partial_unverified,median_observed_daily_prices,https://ssma.magyp.gob.ar/frutas.precios.aspx,2026-10-06T12:53:21.088827Z
mcba,MCBA,Hortalizas,CHAUCHA,ESMERALDA,SALTA,PERDIDO,Primera,MEDIANO,INVERNAC,ARS,ARS/kg,detail,detail,2026-10,2100.0,1,1,1,,,partial_period,official_publication_calendar_unverified,partial_unverified,median_observed_daily_prices,https://ssma.magyp.gob.ar/frutas.precios.aspx,2026-10-06T12:53:21.088827Z
mcba,MCBA,Hortalizas,CHAUCHA,PROM.ESP.,,,,,,ARS,ARS/kg,species_summary,species_summary,2026-10,2075.0,1,1,1,,,partial_period,official_publication_calendar_unverified,partial_unverified,median_observed_daily_prices,https://ssma.magyp.gob.ar/frutas.precios.aspx,2026-10-06T12:53:21.088827Z
mcba,MCBA,Hortalizas,CHAUCHA,ROLLIZA,SALTA,PERDIDO,Primera,MEDIANO,INVERNAC,ARS,ARS/kg,detail,detail,2026-10,2166.67,1,1,1,,,partial_period,official_publication_calendar_unverified,partial_unverified,median_observed_daily_prices,https://ssma.magyp.gob.ar/frutas.precios.aspx,2026-10-06T12:53:21.088827Z
mcba,MCBA,Hortalizas,CHAUCHA,ROLLIZA,SALTA,TORO,Primera,MEDIANO,,ARS,ARS/kg,detail,detail,2026-10,1833.33,1,1,1,,,partial_period,official_publication_calendar_unverified,partial_unverified,median_observed_daily_prices,https://ssma.magyp.gob.ar/frutas.precios.aspx,2026-10-06T12:53:21.088827Z
mcba,MCBA,Hortalizas,CHOCLO,AMARILLO,SALTA,PERDIDO,Primera,MEDIANO,PRE-ENFR,ARS,ARS/kg,detail,detail,2026-10,3666.67,1,1,1,,,partial_period,official_publication_calendar_unverified,partial_unverified,median_observed_daily_prices,https://ssma.magyp.gob.ar/frutas.precios.aspx,2026-10-06T12:53:21.088827Z
mcba,MCBA,Hortalizas,CHOCLO,AMARILLO,SALTA,PERDIDO,Segunda,MEDIANO,PRE-ENFR,ARS,ARS/kg,detail,detail,2026-10,2866.67,1,1,1,,,partial_period,official_publication_calendar_unverified,partial_unverified,median_observed_daily_prices,https://ssma.magyp.gob.ar/frutas.precios.aspx,2026-10-06T12:53:21.088827Z
mcba,MCBA,Hortalizas,CHOCLO,PROM.ESP.,,,,,,ARS,ARS/kg,species_summary,species_summary,2026-10,3266.67,1,1,1,,,partial_period,official_publication_calendar_unverified,partial_unverified,median_observed_daily_prices,https://ssma.magyp.gob.ar/frutas.precios.aspx,2026-10-06T12:53:21.088827Z
mcba,MCBA,Hortalizas,CIBOULLE,PROM.ESP.,,,,,,ARS,ARS/kg,species_summary,species_summary,2026-10,10000.0,1,1,1,,,partial_period,official_publication_calendar_unverified,partial_unverified,median_observed_daily_prices,https://ssma.magyp.gob.ar/frutas.precios.aspx,2026-10-06T12:53:21.088827Z
mcba,MCBA,Hortalizas,CIBOULLE,,BS. AS.,ATADO,Primera,MEDIANO,,ARS,ARS/kg,detail,detail,2026-10,10000.0,1,1,1,,,partial_period,official_publication_calendar_unverified,partial_unverified,median_observed_daily_prices,https://ssma.magyp.gob.ar/frutas.precios.aspx,2026-10-06T12:53:21.088827Z
mcba,MCBA,Hortalizas,CILANDRO,PROM.ESP.,,,,,,ARS,ARS/kg,species_summary,species_summary,2026-10,11000.0,1,1,1,,,partial_period,official_publication_calendar_unverified,partial_unverified,median_observed_daily_prices,https://ssma.magyp.gob.ar/frutas.precios.aspx,2026-10-06T12:53:21.088827Z
mcba,MCBA,Hortalizas,CILANDRO,,BS. AS.,ATADO,Primera,MEDIANO,,ARS,ARS/kg,detail,detail,2026-10,11000.0,1,1,1,,,partial_period,official_publication_calendar_unverified,partial_unverified,median_observed_daily_prices,https://ssma.magyp.gob.ar/frutas.precios.aspx,2026-10-06T12:53:21.088827Z
mcba,MCBA,Hortalizas,COLIFLOR,PROM.ESP.,,,,,,ARS,ARS/kg,species_summary,species_summary,2026-10,866.67,1,1,1,,,partial_period,official_publication_calendar_unverified,partial_unverified,median_observed_daily_prices,https://ssma.magyp.gob.ar/frutas.precios.aspx,2026-10-06T12:53:21.088827Z
mcba,MCBA,Hortalizas,COLIFLOR,,BS. AS.,JAULA,Primera,MEDIANO,,ARS,ARS/kg,detail,detail,2026-10,866.67,1,1,1,,,partial_period,official_publication_calendar_unverified,partial_unverified,median_observed_daily_prices,https://ssma.magyp.gob.ar/frutas.precios.aspx,2026-10-06T12:53:21.088827Z
mcba,MCBA,Hortalizas,CURCUMA,PROM.ESP.,,,,,,ARS,ARS/kg,species_summary,species_summary,2026-10,4500.0,1,1,1,,,partial_period,official_publication_calendar_unverified,partial_unverified,median_observed_daily_prices,https://ssma.magyp.gob.ar/frutas.precios.aspx,2026-10-06T12:53:21.088827Z
mcba,MCBA,Hortalizas,CURCUMA,SIN VARIED,BRASIL,CAJA,Primera,MEDIANO,,ARS,ARS/kg,detail,detail,2026-10,4500.0,1,1,1,,,partial_period,official_publication_calendar_unverified,partial_unverified,median_observed_daily_prices,https://ssma.magyp.gob.ar/frutas.precios.aspx,2026-10-06T12:53:21.088827Z
mcba,MCBA,Hortalizas,ECHALOTE,PROM.ESP.,,,,,,ARS,ARS/kg,species_summary,species_summary,2026-10,8000.0,1,1,1,,,partial_period,official_publication_calendar_unverified,partial_unverified,median_observed_daily_prices,https://ssma.magyp.gob.ar/frutas.precios.aspx,2026-10-06T12:53:21.088827Z
mcba,MCBA,Hortalizas,ECHALOTE,,MENDOZA,CAJA,Primera,,,ARS,ARS/kg,detail,detail,2026-10,8000.0,1,1,1,,,partial_period,official_publication_calendar_unverified,partial_unverified,median_observed_daily_prices,https://ssma.magyp.gob.ar/frutas.precios.aspx,2026-10-06T12:53:21.088827Z
mcba,MCBA,Hortalizas,ENDIBIA,PROM.ESP.,,,,,,ARS,ARS/kg,species_summary,species_summary,2026-10,13500.0,1,1,1,,,partial_period,official_publication_calendar_unverified,partial_unverified,median_observed_daily_prices,https://ssma.magyp.gob.ar/frutas.precios.aspx,2026-10-06T12:53:21.088827Z
mcba,MCBA,Hortalizas,ENDIBIA,,BS. AS.,BANDEJA,Primera,MEDIANO,,ARS,ARS/kg,detail,detail,2026-10,13500.0,1,1,1,,,partial_period,official_publication_calendar_unverified,partial_unverified,median_observed_daily_prices,https://ssma.magyp.gob.ar/frutas.precios.aspx,2026-10-06T12:53:21.088827Z
mcba,MCBA,Hortalizas,ESCAROLA,HOJA ANCHA,BS. AS.,TORITO,Primera,,,ARS,ARS/kg,detail,detail,2026-10,1300.0,1,1,1,,,partial_period,official_publication_calendar_unverified,partial_unverified,median_observed_daily_prices,https://ssma.magyp.gob.ar/frutas.precios.aspx,2026-10-06T12:53:21.088827Z
mcba,MCBA,Hortalizas,ESCAROLA,HOJA FINA,BS. AS.,TORITO,Primera,,,ARS,ARS/kg,detail,detail,2026-10,1500.0,1,1,1,,,partial_period,official_publication_calendar_unverified,partial_unverified,median_observed_daily_prices,https://ssma.magyp.gob.ar/frutas.precios.aspx,2026-10-06T12:53:21.088827Z
mcba,MCBA,Hortalizas,ESCAROLA,PROM.ESP.,,,,,,ARS,ARS/kg,species_summary,species_summary,2026-10,1400.0,1,1,1,,,partial_period,official_publication_calendar_unverified,partial_unverified,median_observed_daily_prices,https://ssma.magyp.gob.ar/frutas.precios.aspx,2026-10-06T12:53:21.088827Z
mcba,MCBA,Hortalizas,ESPARRAGO,PROM.ESP.,,,,,,ARS,ARS/kg,species_summary,species_summary,2026-10,4500.0,1,1,1,,,partial_period,official_publication_calendar_unverified,partial_unverified,median_observed_daily_prices,https://ssma.magyp.gob.ar/frutas.precios.aspx,2026-10-06T12:53:21.088827Z
mcba,MCBA,Hortalizas,ESPARRAGO,VERDE,SAN JUAN,ATADO,Primera,CHICO,,ARS,ARS/kg,detail,detail,2026-10,4000.0,1,1,1,,,partial_period,official_publication_calendar_unverified,partial_unverified,median_observed_daily_prices,https://ssma.magyp.gob.ar/frutas.precios.aspx,2026-10-06T12:53:21.088827Z
mcba,MCBA,Hortalizas,ESPARRAGO,VERDE,SAN JUAN,ATADO,Primera,MEDIANO,,ARS,ARS/kg,detail,detail,2026-10,5000.0,1,1,1,,,partial_period,official_publication_calendar_unverified,partial_unverified,median_observed_daily_prices,https://ssma.magyp.gob.ar/frutas.precios.aspx,2026-10-06T12:53:21.088827Z
mcba,MCBA,Hortalizas,ESPINACA,PROM.ESP.,,,,,,ARS,ARS/kg,species_summary,species_summary,2026-10,700.0,1,1,1,,,partial_period,official_publication_calendar_unverified,partial_unverified,median_observed_daily_prices,https://ssma.magyp.gob.ar/frutas.precios.aspx,2026-10-06T12:53:21.088827Z
mcba,MCBA,Hortalizas,ESPINACA,,BS. AS.,JAULA,Primera,,INVERNAC,ARS,ARS/kg,detail,detail,2026-10,900.0,1,1,1,,,partial_period,official_publication_calendar_unverified,partial_unverified,median_observed_daily_prices,https://ssma.magyp.gob.ar/frutas.precios.aspx,2026-10-06T12:53:21.088827Z
mcba,MCBA,Hortalizas,ESPINACA,,BS. AS.,JAULA,Primera,,,ARS,ARS/kg,detail,detail,2026-10,500.0,1,1,1,,,partial_period,official_publication_calendar_unverified,partial_unverified,median_observed_daily_prices,https://ssma.magyp.gob.ar/frutas.precios.aspx,2026-10-06T12:53:21.088827Z
mcba,MCBA,Hortalizas,HABA,PROM.ESP.,,,,,,ARS,ARS/kg,species_summary,species_summary,2026-10,1900.0,1,1,1,,,partial_period,official_publication_calendar_unverified,partial_unverified,median_observed_daily_prices,https://ssma.magyp.gob.ar/frutas.precios.aspx,2026-10-06T12:53:21.088827Z
mcba,MCBA,Hortalizas,HABA,,JUJUY,BOLSA,Primera,MEDIANO,,ARS,ARS/kg,detail,detail,2026-10,1900.0,1,1,1,,,partial_period,official_publication_calendar_unverified,partial_unverified,median_observed_daily_prices,https://ssma.magyp.gob.ar/frutas.precios.aspx,2026-10-06T12:53:21.088827Z
mcba,MCBA,Hortalizas,HINOJO,PROM.ESP.,,,,,,ARS,ARS/kg,species_summary,species_summary,2026-10,1033.33,1,1,1,,,partial_period,official_publication_calendar_unverified,partial_unverified,median_observed_daily_prices,https://ssma.magyp.gob.ar/frutas.precios.aspx,2026-10-06T12:53:21.088827Z
mcba,MCBA,Hortalizas,HINOJO,,BS. AS.,JAULA,Primera,MEDIANO,,ARS,ARS/kg,detail,detail,2026-10,1033.33,1,1,1,,,partial_period,official_publication_calendar_unverified,partial_unverified,median_observed_daily_prices,https://ssma.magyp.gob.ar/frutas.precios.aspx,2026-10-06T12:53:21.088827Z
mcba,MCBA,Hortalizas,HONGOS,AGARICUS,BS. AS.,BOLSA,Primera,,,ARS,ARS/kg,detail,detail,2026-10,20000.0,1,1,1,,,partial_period,official_publication_calendar_unverified,partial_unverified,median_observed_daily_prices,https://ssma.magyp.gob.ar/frutas.precios.aspx,2026-10-06T12:53:21.088827Z
mcba,MCBA,Hortalizas,HONGOS,OYSTER,BS. AS.,BANDEJA,Primera,,,ARS,ARS/kg,detail,detail,2026-10,22000.0,1,1,1,,,partial_period,official_publication_calendar_unverified,partial_unverified,median_observed_daily_prices,https://ssma.magyp.gob.ar/frutas.precios.aspx,2026-10-06T12:53:21.088827Z
mcba,MCBA,Hortalizas,HONGOS,PORTOBELO,BS. AS.,BOLSA,Primera,,,ARS,ARS/kg,detail,detail,2026-10,22000.0,1,1,1,,,partial_period,official_publication_calendar_unverified,partial_unverified,median_observed_daily_prices,https://ssma.magyp.gob.ar/frutas.precios.aspx,2026-10-06T12:53:21.088827Z
mcba,MCBA,Hortalizas,HONGOS,PROM.ESP.,,,,,,ARS,ARS/kg,species_summary,species_summary,2026-10,21750.0,1,1,1,,,partial_period,official_publication_calendar_unverified,partial_unverified,median_observed_daily_prices,https://ssma.magyp.gob.ar/frutas.precios.aspx,2026-10-06T12:53:21.088827Z
mcba,MCBA,Hortalizas,HONGOS,SHIITAKE,BS. AS.,BANDEJA,Primera,,,ARS,ARS/kg,detail,detail,2026-10,23000.0,1,1,1,,,partial_period,official_publication_calendar_unverified,partial_unverified,median_observed_daily_prices,https://ssma.magyp.gob.ar/frutas.precios.aspx,2026-10-06T12:53:21.088827Z
mcba,MCBA,Hortalizas,JENGIBRE,PROM.ESP.,,,,,,ARS,ARS/kg,species_summary,species_summary,2026-10,3650.0,1,1,1,,,partial_period,official_publication_calendar_unverified,partial_unverified,median_observed_daily_prices,https://ssma.magyp.gob.ar/frutas.precios.aspx,2026-10-06T12:53:21.088827Z
mcba,MCBA,Hortalizas,JENGIBRE,,BRASIL,BOLSA,Primera,MEDIANO,,ARS,ARS/kg,detail,detail,2026-10,3700.0,1,1,1,,,partial_period,official_publication_calendar_unverified,partial_unverified,median_observed_daily_prices,https://ssma.magyp.gob.ar/frutas.precios.aspx,2026-10-06T12:53:21.088827Z
mcba,MCBA,Hortalizas,JENGIBRE,,MISIONES,BOLSA,Primera,MEDIANO,,ARS,ARS/kg,detail,detail,2026-10,3600.0,1,1,1,,,partial_period,official_publication_calendar_unverified,partial_unverified,median_observed_daily_prices,https://ssma.magyp.gob.ar/frutas.precios.aspx,2026-10-06T12:53:21.088827Z
mcba,MCBA,Hortalizas,KALE,CRESPO,BS. AS.,ATADO,Primera,SIN TAM,VERDE,ARS,ARS/kg,detail,detail,2026-10,900.0,1,1,1,,,partial_period,official_publication_calendar_unverified,partial_unverified,median_observed_daily_prices,https://ssma.magyp.gob.ar/frutas.precios.aspx,2026-10-06T12:53:21.088827Z
mcba,MCBA,Hortalizas,KALE,PROM.ESP.,,,,,,ARS,ARS/kg,species_summary,species_summary,2026-10,900.0,1,1,1,,,partial_period,official_publication_calendar_unverified,partial_unverified,median_observed_daily_prices,https://ssma.magyp.gob.ar/frutas.precios.aspx,2026-10-06T12:53:21.088827Z
mcba,MCBA,Hortalizas,LECHUGA,CAPUCHINA,BS. AS.,JAULA,Primera,MEDIANO,,ARS,ARS/kg,detail,detail,2026-10,791.67,1,1,1,,,partial_period,official_publication_calendar_unverified,partial_unverified,median_observed_daily_prices,https://ssma.magyp.gob.ar/frutas.precios.aspx,2026-10-06T12:53:21.088827Z
mcba,MCBA,Hortalizas,LECHUGA,CAPUCHINA,MENDOZA,PERDIDO,Primera,MEDIANO,,ARS,ARS/kg,detail,detail,2026-10,733.33,1,1,1,,,partial_period,official_publication_calendar_unverified,partial_unverified,median_observed_daily_prices,https://ssma.magyp.gob.ar/frutas.precios.aspx,2026-10-06T12:53:21.088827Z
mcba,MCBA,Hortalizas,LECHUGA,CAPUCHINA,SANTA FE,JAULA,Primera,MEDIANO,,ARS,ARS/kg,detail,detail,2026-10,791.67,1,1,1,,,partial_period,official_publication_calendar_unverified,partial_unverified,median_observed_daily_prices,https://ssma.magyp.gob.ar/frutas.precios.aspx,2026-10-06T12:53:21.088827Z
mcba,MCBA,Hortalizas,LECHUGA,CRIOLLA,BS. AS.,JAULA,Primera,GRANDE,INVERNAC,ARS,ARS/kg,detail,detail,2026-10,725.0,1,1,1,,,partial_period,official_publication_calendar_unverified,partial_unverified,median_observed_daily_prices,https://ssma.magyp.gob.ar/frutas.precios.aspx,2026-10-06T12:53:21.088827Z
mcba,MCBA,Hortalizas,LECHUGA,CRIOLLA,BS. AS.,JAULA,Primera,MEDIANO,INVERNAC,ARS,ARS/kg,detail,detail,2026-10,562.5,1,1,1,,,partial_period,official_publication_calendar_unverified,partial_unverified,median_observed_daily_prices,https://ssma.magyp.gob.ar/frutas.precios.aspx,2026-10-06T12:53:21.088827Z
mcba,MCBA,Hortalizas,LECHUGA,FRANCESA,BS. AS.,JAULA,Primera,MEDIANO,INVERNAC,ARS,ARS/kg,detail,detail,2026-10,500.0,1,1,1,,,partial_period,official_publication_calendar_unverified,partial_unverified,median_observed_daily_prices,https://ssma.magyp.gob.ar/frutas.precios.aspx,2026-10-06T12:53:21.088827Z
mcba,MCBA,Hortalizas,LECHUGA,MANTECOSA,BS. AS.,JAULA,Primera,GRANDE,INVERNAC,ARS,ARS/kg,detail,detail,2026-10,1120.0,1,1,1,,,partial_period,official_publication_calendar_unverified,partial_unverified,median_observed_daily_prices,https://ssma.magyp.gob.ar/frutas.precios.aspx,2026-10-06T12:53:21.088827Z
mcba,MCBA,Hortalizas,LECHUGA,MANTECOSA,BS. AS.,JAULA,Primera,MEDIANO,INVERNAC,ARS,ARS/kg,detail,detail,2026-10,760.0,1,1,1,,,partial_period,official_publication_calendar_unverified,partial_unverified,median_observed_daily_prices,https://ssma.magyp.gob.ar/frutas.precios.aspx,2026-10-06T12:53:21.088827Z
mcba,MCBA,Hortalizas,LECHUGA,PROM.ESP.,,,,,,ARS,ARS/kg,species_summary,species_summary,2026-10,748.02,1,1,1,,,partial_period,official_publication_calendar_unverified,partial_unverified,median_observed_daily_prices,https://ssma.magyp.gob.ar/frutas.precios.aspx,2026-10-06T12:53:21.088827Z
mcba,MCBA,Hortalizas,MANDIOCA,PROM.ESP.,,,,,,ARS,ARS/kg,species_summary,species_summary,2026-10,625.0,1,1,1,,,partial_period,official_publication_calendar_unverified,partial_unverified,median_observed_daily_prices,https://ssma.magyp.gob.ar/frutas.precios.aspx,2026-10-06T12:53:21.088827Z
mcba,MCBA,Hortalizas,MANDIOCA,,MISIONES,BOLSA,Primera,GRANDE,,ARS,ARS/kg,detail,detail,2026-10,625.0,1,1,1,,,partial_period,official_publication_calendar_unverified,partial_unverified,median_observed_daily_prices,https://ssma.magyp.gob.ar/frutas.precios.aspx,2026-10-06T12:53:21.088827Z
mcba,MCBA,Hortalizas,MENTA,PROM.ESP.,,,,,,ARS,ARS/kg,species_summary,species_summary,2026-10,9000.0,1,1,1,,,partial_period,official_publication_calendar_unverified,partial_unverified,median_observed_daily_prices,https://ssma.magyp.gob.ar/frutas.precios.aspx,2026-10-06T12:53:21.088827Z
mcba,MCBA,Hortalizas,MENTA,,BS. AS.,ATADO,Primera,MEDIANO,,ARS,ARS/kg,detail,detail,2026-10,9000.0,1,1,1,,,partial_period,official_publication_calendar_unverified,partial_unverified,median_observed_daily_prices,https://ssma.magyp.gob.ar/frutas.precios.aspx,2026-10-06T12:53:21.088827Z
mcba,MCBA,Hortalizas,NABO,BLANCO,BS. AS.,ATADO,Primera,MEDIANO,,ARS,ARS/kg,detail,detail,2026-10,1333.33,1,1,1,,,partial_period,official_publication_calendar_unverified,partial_unverified,median_observed_daily_prices,https://ssma.magyp.gob.ar/frutas.precios.aspx,2026-10-06T12:53:21.088827Z
mcba,MCBA,Hortalizas,NABO,PROM.ESP.,,,,,,ARS,ARS/kg,species_summary,species_summary,2026-10,1333.33,1,1,1,,,partial_period,official_publication_calendar_unverified,partial_unverified,median_observed_daily_prices,https://ssma.magyp.gob.ar/frutas.precios.aspx,2026-10-06T12:53:21.088827Z
mcba,MCBA,Hortalizas,OREGANO,PROM.ESP.,,,,,,ARS,ARS/kg,species_summary,species_summary,2026-10,10000.0,1,1,1,,,partial_period,official_publication_calendar_unverified,partial_unverified,median_observed_daily_prices,https://ssma.magyp.gob.ar/frutas.precios.aspx,2026-10-06T12:53:21.088827Z
mcba,MCBA,Hortalizas,OREGANO,,BS. AS.,BOLSA,Primera,,,ARS,ARS/kg,detail,detail,2026-10,10000.0,1,1,1,,,partial_period,official_publication_calendar_unverified,partial_unverified,median_observed_daily_prices,https://ssma.magyp.gob.ar/frutas.precios.aspx,2026-10-06T12:53:21.088827Z
mcba,MCBA,Hortalizas,PACK CHOY,PROM.ESP.,,,,,,ARS,ARS/kg,species_summary,species_summary,2026-10,2833.33,1,1,1,,,partial_period,official_publication_calendar_unverified,partial_unverified,median_observed_daily_prices,https://ssma.magyp.gob.ar/frutas.precios.aspx,2026-10-06T12:53:21.088827Z
mcba,MCBA,Hortalizas,PACK CHOY,,BS. AS.,BANDEJA,Primera,,,ARS,ARS/kg,detail,detail,2026-10,2833.33,1,1,1,,,partial_period,official_publication_calendar_unverified,partial_unverified,median_observed_daily_prices,https://ssma.magyp.gob.ar/frutas.precios.aspx,2026-10-06T12:53:21.088827Z
mcba,MCBA,Hortalizas,PAPA,AGATA,BRASIL,BOLSA,Primera,MEDIANO,LAVADA,ARS,ARS/kg,detail,detail,2026-10,1680.0,1,1,1,,,partial_period,official_publication_calendar_unverified,partial_unverified,median_observed_daily_prices,https://ssma.magyp.gob.ar/frutas.precios.aspx,2026-10-06T12:53:21.088827Z
mcba,MCBA,Hortalizas,PAPA,PROM.ESP.,,,,,,ARS,ARS/kg,species_summary,species_summary,2026-10,1418.89,1,1,1,,,partial_period,official_publication_calendar_unverified,partial_unverified,median_observed_daily_prices,https://ssma.magyp.gob.ar/frutas.precios.aspx,2026-10-06T12:53:21.088827Z
mcba,MCBA,Hortalizas,PAPA,SPUNTA,CORDOBA,BOLSA,Segunda,MEDIANO,,ARS,ARS/kg,detail,detail,2026-10,1388.89,1,1,1,,,partial_period,official_publication_calendar_unverified,partial_unverified,median_observed_daily_prices,https://ssma.magyp.gob.ar/frutas.precios.aspx,2026-10-06T12:53:21.088827Z
mcba,MCBA,Hortalizas,PAPA,SPUNTA,JUJUY,BOLSA,Segunda,MEDIANO,,ARS,ARS/kg,detail,detail,2026-10,1555.56,1,1,1,,,partial_period,official_publication_calendar_unverified,partial_unverified,median_observed_daily_prices,https://ssma.magyp.gob.ar/frutas.precios.aspx,2026-10-06T12:53:21.088827Z
mcba,MCBA,Hortalizas,PAPA,SPUNTA,SE BS.AS,BOLSA,Segunda,MEDIANO,CEPILLAD,ARS,ARS/kg,detail,detail,2026-10,1277.78,1,1,1,,,partial_period,official_publication_calendar_unverified,partial_unverified,median_observed_daily_prices,https://ssma.magyp.gob.ar/frutas.precios.aspx,2026-10-06T12:53:21.088827Z
mcba,MCBA,Hortalizas,PAPA,SPUNTA,SE BS.AS,BOLSA,Segunda,MEDIANO,,ARS,ARS/kg,detail,detail,2026-10,1166.67,1,1,1,,,partial_period,official_publication_calendar_unverified,partial_unverified,median_observed_daily_prices,https://ssma.magyp.gob.ar/frutas.precios.aspx,2026-10-06T12:53:21.088827Z
mcba,MCBA,Hortalizas,PAPA,SPUNTA,TUCUMAN,BOLSA,Segunda,MEDIANO,,ARS,ARS/kg,detail,detail,2026-10,1444.44,1,1,1,,,partial_period,official_publication_calendar_unverified,partial_unverified,median_observed_daily_prices,https://ssma.magyp.gob.ar/frutas.precios.aspx,2026-10-06T12:53:21.088827Z
mcba,MCBA,Hortalizas,PEPINO,PROM.ESP.,,,,,,ARS,ARS/kg,species_summary,species_summary,2026-10,759.26,1,1,1,,,partial_period,official_publication_calendar_unverified,partial_unverified,median_observed_daily_prices,https://ssma.magyp.gob.ar/frutas.precios.aspx,2026-10-06T12:53:21.088827Z
mcba,MCBA,Hortalizas,PEPINO,,CTES.,TORO,Primera,MEDIANO,INVERNAC,ARS,ARS/kg,detail,detail,2026-10,777.78,1,1,1,,,partial_period,official_publication_calendar_unverified,partial_unverified,median_observed_daily_prices,https://ssma.magyp.gob.ar/frutas.precios.aspx,2026-10-06T12:53:21.088827Z
mcba,MCBA,Hortalizas,PEPINO,,SALTA,TORO,Primera,MEDIANO,INVERNAC,ARS,ARS/kg,detail,detail,2026-10,833.33,1,1,1,,,partial_period,official_publication_calendar_unverified,partial_unverified,median_observed_daily_prices,https://ssma.magyp.gob.ar/frutas.precios.aspx,2026-10-06T12:53:21.088827Z
mcba,MCBA,Hortalizas,PEPINO,,SALTA,TORO,Primera,MEDIANO,,ARS,ARS/kg,detail,detail,2026-10,666.67,1,1,1,,,partial_period,official_publication_calendar_unverified,partial_unverified,median_observed_daily_prices,https://ssma.magyp.gob.ar/frutas.precios.aspx,2026-10-06T12:53:21.088827Z
mcba,MCBA,Hortalizas,PEREJIL,PROM.ESP.,,,,,,ARS,ARS/kg,species_summary,species_summary,2026-10,1233.33,1,1,1,,,partial_period,official_publication_calendar_unverified,partial_unverified,median_observed_daily_prices,https://ssma.magyp.gob.ar/frutas.precios.aspx,2026-10-06T12:53:21.088827Z
mcba,MCBA,Hortalizas,PEREJIL,,BS. AS.,JAULA,Primera,GRANDE,INVERNAC,ARS,ARS/kg,detail,detail,2026-10,1500.0,1,1,1,,,partial_period,official_publication_calendar_unverified,partial_unverified,median_observed_daily_prices,https://ssma.magyp.gob.ar/frutas.precios.aspx,2026-10-06T12:53:21.088827Z
mcba,MCBA,Hortalizas,PEREJIL,,BS. AS.,JAULA,Primera,GRANDE,,ARS,ARS/kg,detail,detail,2026-10,1300.0,1,1,1,,,partial_period,official_publication_calendar_unverified,partial_unverified,median_observed_daily_prices,https://ssma.magyp.gob.ar/frutas.precios.aspx,2026-10-06T12:53:21.088827Z
mcba,MCBA,Hortalizas,PEREJIL,,BS. AS.,JAULA,Primera,MEDIANO,,ARS,ARS/kg,detail,detail,2026-10,900.0,1,1,1,,,partial_period,official_publication_calendar_unverified,partial_unverified,median_observed_daily_prices,https://ssma.magyp.gob.ar/frutas.precios.aspx,2026-10-06T12:53:21.088827Z
mcba,MCBA,Hortalizas,PIMIENTO,JALAPE¥O,CTES.,PERDIDO,Primera,MEDIANO,ROJO,ARS,ARS/kg,detail,detail,2026-10,3400.0,1,1,1,,,partial_period,official_publication_calendar_unverified,partial_unverified,median_observed_daily_prices,https://ssma.magyp.gob.ar/frutas.precios.aspx,2026-10-06T12:53:21.088827Z
mcba,MCBA,Hortalizas,PIMIENTO,JALAPEÑO,SALTA,BANDEJA,Primera,GRANDE,VERDE,ARS,ARS/kg,detail,detail,2026-10,3500.0,1,1,1,,,partial_period,official_publication_calendar_unverified,partial_unverified,median_observed_daily_prices,https://ssma.magyp.gob.ar/frutas.precios.aspx,2026-10-06T12:53:21.088827Z
mcba,MCBA,Hortalizas,PIMIENTO,JALAPEÑO,SALTA,BANDEJA,Primera,MEDIANO,ROJO,ARS,ARS/kg,detail,detail,2026-10,3750.0,1,1,1,,,partial_period,official_publication_calendar_unverified,partial_unverified,median_observed_daily_prices,https://ssma.magyp.gob.ar/frutas.precios.aspx,2026-10-06T12:53:21.088827Z
mcba,MCBA,Hortalizas,PIMIENTO,MORRON,CTES.,TORO,Primera,GRANDE,ROJO/INV,ARS,ARS/kg,detail,detail,2026-10,5625.0,1,1,1,,,partial_period,official_publication_calendar_unverified,partial_unverified,median_observed_daily_prices,https://ssma.magyp.gob.ar/frutas.precios.aspx,2026-10-06T12:53:21.088827Z
mcba,MCBA,Hortalizas,PIMIENTO,MORRON,CTES.,TORO,Primera,GRANDE,VDE/INV,ARS,ARS/kg,detail,detail,2026-10,4000.0,1,1,1,,,partial_period,official_publication_calendar_unverified,partial_unverified,median_observed_daily_prices,https://ssma.magyp.gob.ar/frutas.precios.aspx,2026-10-06T12:53:21.088827Z
mcba,MCBA,Hortalizas,PIMIENTO,MORRON,CTES.,TORO,Primera,MEDIANO,ROJO/INV,ARS,ARS/kg,detail,detail,2026-10,4500.0,1,1,1,,,partial_period,official_publication_calendar_unverified,partial_unverified,median_observed_daily_prices,https://ssma.magyp.gob.ar/frutas.precios.aspx,2026-10-06T12:53:21.088827Z
mcba,MCBA,Hortalizas,PIMIENTO,MORRON,CTES.,TORO,Primera,MEDIANO,VDE/INV,ARS,ARS/kg,detail,detail,2026-10,3125.0,1,1,1,,,partial_period,official_publication_calendar_unverified,partial_unverified,median_observed_daily_prices,https://ssma.magyp.gob.ar/frutas.precios.aspx,2026-10-06T12:53:21.088827Z
mcba,MCBA,Hortalizas,PIMIENTO,MORRON,SALTA,PERDIDO,Primera,GRANDE,ROJO/INV,ARS,ARS/kg,detail,detail,2026-10,6600.0,1,1,1,,,partial_period,official_publication_calendar_unverified,partial_unverified,median_observed_daily_prices,https://ssma.magyp.gob.ar/frutas.precios.aspx,2026-10-06T12:53:21.088827Z
mcba,MCBA,Hortalizas,PIMIENTO,MORRON,SALTA,PERDIDO,Primera,GRANDE,VDE/INV,ARS,ARS/kg,detail,detail,2026-10,4200.0,1,1,1,,,partial_period,official_publication_calendar_unverified,partial_unverified,median_observed_daily_prices,https://ssma.magyp.gob.ar/frutas.precios.aspx,2026-10-06T12:53:21.088827Z
mcba,MCBA,Hortalizas,PIMIENTO,MORRON,SALTA,PERDIDO,Primera,MEDIANO,ROJO/INV,ARS,ARS/kg,detail,detail,2026-10,5800.0,1,1,1,,,partial_period,official_publication_calendar_unverified,partial_unverified,median_observed_daily_prices,https://ssma.magyp.gob.ar/frutas.precios.aspx,2026-10-06T12:53:21.088827Z
mcba,MCBA,Hortalizas,PIMIENTO,MORRON,SALTA,PERDIDO,Primera,MEDIANO,VDE/INV,ARS,ARS/kg,detail,detail,2026-10,3300.0,1,1,1,,,partial_period,official_publication_calendar_unverified,partial_unverified,median_observed_daily_prices,https://ssma.magyp.gob.ar/frutas.precios.aspx,2026-10-06T12:53:21.088827Z
mcba,MCBA,Hortalizas,PIMIENTO,PROM.ESP.,,,,,,ARS,ARS/kg,species_summary,species_summary,2026-10,4200.0,1,1,1,,,partial_period,official_publication_calendar_unverified,partial_unverified,median_observed_daily_prices,https://ssma.magyp.gob.ar/frutas.precios.aspx,2026-10-06T12:53:21.088827Z
mcba,MCBA,Hortalizas,PIMIENTO,VINAGRE,SALTA,PERDIDO,Primera,MEDIANO,VERDE,ARS,ARS/kg,detail,detail,2026-10,2600.0,1,1,1,,,partial_period,official_publication_calendar_unverified,partial_unverified,median_observed_daily_prices,https://ssma.magyp.gob.ar/frutas.precios.aspx,2026-10-06T12:53:21.088827Z
mcba,MCBA,Hortalizas,PUERRO,PROM.ESP.,,,,,,ARS,ARS/kg,species_summary,species_summary,2026-10,1700.0,1,1,1,,,partial_period,official_publication_calendar_unverified,partial_unverified,median_observed_daily_prices,https://ssma.magyp.gob.ar/frutas.precios.aspx,2026-10-06T12:53:21.088827Z
mcba,MCBA,Hortalizas,PUERRO,,BS. AS.,ATADO,Primera,MEDIANO,,ARS,ARS/kg,detail,detail,2026-10,1800.0,1,1,1,,,partial_period,official_publication_calendar_unverified,partial_unverified,median_observed_daily_prices,https://ssma.magyp.gob.ar/frutas.precios.aspx,2026-10-06T12:53:21.088827Z
mcba,MCBA,Hortalizas,PUERRO,,BS. AS.,JAULA,Primera,MEDIANO,,ARS,ARS/kg,detail,detail,2026-10,1600.0,1,1,1,,,partial_period,official_publication_calendar_unverified,partial_unverified,median_observed_daily_prices,https://ssma.magyp.gob.ar/frutas.precios.aspx,2026-10-06T12:53:21.088827Z
mcba,MCBA,Hortalizas,RABANITO,PROM.ESP.,,,,,,ARS,ARS/kg,species_summary,species_summary,2026-10,2600.0,1,1,1,,,partial_period,official_publication_calendar_unverified,partial_unverified,median_observed_daily_prices,https://ssma.magyp.gob.ar/frutas.precios.aspx,2026-10-06T12:53:21.088827Z
mcba,MCBA,Hortalizas,RABANITO,,BS. AS.,TORITO,Primera,,,ARS,ARS/kg,detail,detail,2026-10,2600.0,1,1,1,,,partial_period,official_publication_calendar_unverified,partial_unverified,median_observed_daily_prices,https://ssma.magyp.gob.ar/frutas.precios.aspx,2026-10-06T12:53:21.088827Z
mcba,MCBA,Hortalizas,RADICCHIO,PROM.ESP.,,,,,,ARS,ARS/kg,species_summary,species_summary,2026-10,4400.0,1,1,1,,,partial_period,official_publication_calendar_unverified,partial_unverified,median_observed_daily_prices,https://ssma.magyp.gob.ar/frutas.precios.aspx,2026-10-06T12:53:21.088827Z
mcba,MCBA,Hortalizas,RADICCHIO,,MENDOZA,PERDIDO,Primera,MEDIANO,,ARS,ARS/kg,detail,detail,2026-10,4400.0,1,1,1,,,partial_period,official_publication_calendar_unverified,partial_unverified,median_observed_daily_prices,https://ssma.magyp.gob.ar/frutas.precios.aspx,2026-10-06T12:53:21.088827Z
mcba,MCBA,Hortalizas,RADICHETA,1ER.CORTE,BS. AS.,BANDEJA,Primera,,,ARS,ARS/kg,detail,detail,2026-10,1200.0,1,1,1,,,partial_period,official_publication_calendar_unverified,partial_unverified,median_observed_daily_prices,https://ssma.magyp.gob.ar/frutas.precios.aspx,2026-10-06T12:53:21.088827Z
mcba,MCBA,Hortalizas,RADICHETA,2DO.CORTE,BS. AS.,BANDEJA,Primera,,,ARS,ARS/kg,detail,detail,2026-10,833.33,1,1,1,,,partial_period,official_publication_calendar_unverified,partial_unverified,median_observed_daily_prices,https://ssma.magyp.gob.ar/frutas.precios.aspx,2026-10-06T12:53:21.088827Z
mcba,MCBA,Hortalizas,RADICHETA,PROM.ESP.,,,,,,ARS,ARS/kg,species_summary,species_summary,2026-10,1016.67,1,1,1,,,partial_period,official_publication_calendar_unverified,partial_unverified,median_observed_daily_prices,https://ssma.magyp.gob.ar/frutas.precios.aspx,2026-10-06T12:53:21.088827Z
mcba,MCBA,Hortalizas,REMOLACHA,PROM.ESP.,,,,,,ARS,ARS/kg,species_summary,species_summary,2026-10,844.44,1,1,1,,,partial_period,official_publication_calendar_unverified,partial_unverified,median_observed_daily_prices,https://ssma.magyp.gob.ar/frutas.precios.aspx,2026-10-06T12:53:21.088827Z
mcba,MCBA,Hortalizas,REMOLACHA,,BS. AS.,BOLSA,Primera,MEDIANO,,ARS,ARS/kg,detail,detail,2026-10,850.0,1,1,1,,,partial_period,official_publication_calendar_unverified,partial_unverified,median_observed_daily_prices,https://ssma.magyp.gob.ar/frutas.precios.aspx,2026-10-06T12:53:21.088827Z
mcba,MCBA,Hortalizas,REMOLACHA,,BS. AS.,JAULA,Primera,MEDIANO,,ARS,ARS/kg,detail,detail,2026-10,733.33,1,1,1,,,partial_period,official_publication_calendar_unverified,partial_unverified,median_observed_daily_prices,https://ssma.magyp.gob.ar/frutas.precios.aspx,2026-10-06T12:53:21.088827Z
mcba,MCBA,Hortalizas,REMOLACHA,,SANTA FE,BOLSA,Primera,MEDIANO,,ARS,ARS/kg,detail,detail,2026-10,950.0,1,1,1,,,partial_period,official_publication_calendar_unverified,partial_unverified,median_observed_daily_prices,https://ssma.magyp.gob.ar/frutas.precios.aspx,2026-10-06T12:53:21.088827Z
mcba,MCBA,Hortalizas,REP.BRUSEL,PROM.ESP.,,,,,,ARS,ARS/kg,species_summary,species_summary,2026-10,2400.0,1,1,1,,,partial_period,official_publication_calendar_unverified,partial_unverified,median_observed_daily_prices,https://ssma.magyp.gob.ar/frutas.precios.aspx,2026-10-06T12:53:21.088827Z
mcba,MCBA,Hortalizas,REP.BRUSEL,,M.D.PLAT,,Primera,MEDIANO,,ARS,ARS/kg,detail,detail,2026-10,2400.0,1,1,1,,,partial_period,official_publication_calendar_unverified,partial_unverified,median_observed_daily_prices,https://ssma.magyp.gob.ar/frutas.precios.aspx,2026-10-06T12:53:21.088827Z
mcba,MCBA,Hortalizas,REPOLLO,BLANCO,BS. AS.,JAULA,Primera,GRANDE,,ARS,ARS/kg,detail,detail,2026-10,733.33,1,1,1,,,partial_period,official_publication_calendar_unverified,partial_unverified,median_observed_daily_prices,https://ssma.magyp.gob.ar/frutas.precios.aspx,2026-10-06T12:53:21.088827Z
mcba,MCBA,Hortalizas,REPOLLO,BLANCO,BS. AS.,JAULA,Primera,MEDIANO,,ARS,ARS/kg,detail,detail,2026-10,566.67,1,1,1,,,partial_period,official_publication_calendar_unverified,partial_unverified,median_observed_daily_prices,https://ssma.magyp.gob.ar/frutas.precios.aspx,2026-10-06T12:53:21.088827Z
mcba,MCBA,Hortalizas,REPOLLO,BLANCO,MENDOZA,BOLSA,Primera,MEDIANO,,ARS,ARS/kg,detail,detail,2026-10,800.0,1,1,1,,,partial_period,official_publication_calendar_unverified,partial_unverified,median_observed_daily_prices,https://ssma.magyp.gob.ar/frutas.precios.aspx,2026-10-06T12:53:21.088827Z
mcba,MCBA,Hortalizas,REPOLLO,COLORADO,BS. AS.,JAULA,Primera,GRANDE,,ARS,ARS/kg,detail,detail,2026-10,866.67,1,1,1,,,partial_period,official_publication_calendar_unverified,partial_unverified,median_observed_daily_prices,https://ssma.magyp.gob.ar/frutas.precios.aspx,2026-10-06T12:53:21.088827Z
mcba,MCBA,Hortalizas,REPOLLO,COLORADO,BS. AS.,JAULA,Primera,MEDIANO,,ARS,ARS/kg,detail,detail,2026-10,733.33,1,1,1,,,partial_period,official_publication_calendar_unverified,partial_unverified,median_observed_daily_prices,https://ssma.magyp.gob.ar/frutas.precios.aspx,2026-10-06T12:53:21.088827Z
mcba,MCBA,Hortalizas,REPOLLO,COLORADO,MENDOZA,BOLSA,Primera,MEDIANO,,ARS,ARS/kg,detail,detail,2026-10,1066.67,1,1,1,,,partial_period,official_publication_calendar_unverified,partial_unverified,median_observed_daily_prices,https://ssma.magyp.gob.ar/frutas.precios.aspx,2026-10-06T12:53:21.088827Z
mcba,MCBA,Hortalizas,REPOLLO,PROM.ESP.,,,,,,ARS,ARS/kg,species_summary,species_summary,2026-10,794.45,1,1,1,,,partial_period,official_publication_calendar_unverified,partial_unverified,median_observed_daily_prices,https://ssma.magyp.gob.ar/frutas.precios.aspx,2026-10-06T12:53:21.088827Z
mcba,MCBA,Hortalizas,ROMERO,PROM.ESP.,,,,,,ARS,ARS/kg,species_summary,species_summary,2026-10,9000.0,1,1,1,,,partial_period,official_publication_calendar_unverified,partial_unverified,median_observed_daily_prices,https://ssma.magyp.gob.ar/frutas.precios.aspx,2026-10-06T12:53:21.088827Z
mcba,MCBA,Hortalizas,ROMERO,,BS. AS.,ATADO,Primera,MEDIANO,,ARS,ARS/kg,detail,detail,2026-10,9000.0,1,1,1,,,partial_period,official_publication_calendar_unverified,partial_unverified,median_observed_daily_prices,https://ssma.magyp.gob.ar/frutas.precios.aspx,2026-10-06T12:53:21.088827Z
mcba,MCBA,Hortalizas,RUCULA,PROM.ESP.,,,,,,ARS,ARS/kg,species_summary,species_summary,2026-10,1000.0,1,1,1,,,partial_period,official_publication_calendar_unverified,partial_unverified,median_observed_daily_prices,https://ssma.magyp.gob.ar/frutas.precios.aspx,2026-10-06T12:53:21.088827Z
mcba,MCBA,Hortalizas,RUCULA,,BS. AS.,BANDEJA,Primera,SIN TAM,,ARS,ARS/kg,detail,detail,2026-10,1000.0,1,1,1,,,partial_period,official_publication_calendar_unverified,partial_unverified,median_observed_daily_prices,https://ssma.magyp.gob.ar/frutas.precios.aspx,2026-10-06T12:53:21.088827Z
mcba,MCBA,Hortalizas,SALVIA,PROM.ESP.,,,,,,ARS,ARS/kg,species_summary,species_summary,2026-10,9000.0,1,1,1,,,partial_period,official_publication_calendar_unverified,partial_unverified,median_observed_daily_prices,https://ssma.magyp.gob.ar/frutas.precios.aspx,2026-10-06T12:53:21.088827Z
mcba,MCBA,Hortalizas,SALVIA,,BS. AS.,BOLSA,Primera,,,ARS,ARS/kg,detail,detail,2026-10,9000.0,1,1,1,,,partial_period,official_publication_calendar_unverified,partial_unverified,median_observed_daily_prices,https://ssma.magyp.gob.ar/frutas.precios.aspx,2026-10-06T12:53:21.088827Z
mcba,MCBA,Hortalizas,TOMATE,CHERRY,CTES.,CAJA,Primera,GRANDE,PTN/INV,ARS,ARS/kg,detail,detail,2026-10,5200.0,1,1,1,,,partial_period,official_publication_calendar_unverified,partial_unverified,median_observed_daily_prices,https://ssma.magyp.gob.ar/frutas.precios.aspx,2026-10-06T12:53:21.088827Z
mcba,MCBA,Hortalizas,TOMATE,CHERRY,CTES.,CAJA,Primera,MEDIANO,PTN/INV,ARS,ARS/kg,detail,detail,2026-10,4000.0,1,1,1,,,partial_period,official_publication_calendar_unverified,partial_unverified,median_observed_daily_prices,https://ssma.magyp.gob.ar/frutas.precios.aspx,2026-10-06T12:53:21.088827Z
mcba,MCBA,Hortalizas,TOMATE,CHERRY,CTES.,CAJA,Primera,MEDIANO,ROJO/INV,ARS,ARS/kg,detail,detail,2026-10,4200.0,1,1,1,,,partial_period,official_publication_calendar_unverified,partial_unverified,median_observed_daily_prices,https://ssma.magyp.gob.ar/frutas.precios.aspx,2026-10-06T12:53:21.088827Z
mcba,MCBA,Hortalizas,TOMATE,CHERRY,SALTA,CAJA,Primera,GRANDE,PTN/INV,ARS,ARS/kg,detail,detail,2026-10,5400.0,1,1,1,,,partial_period,official_publication_calendar_unverified,partial_unverified,median_observed_daily_prices,https://ssma.magyp.gob.ar/frutas.precios.aspx,2026-10-06T12:53:21.088827Z
mcba,MCBA,Hortalizas,TOMATE,CHERRY,SALTA,CAJA,Primera,MEDIANO,PTN/INV,ARS,ARS/kg,detail,detail,2026-10,4400.0,1,1,1,,,partial_period,official_publication_calendar_unverified,partial_unverified,median_observed_daily_prices,https://ssma.magyp.gob.ar/frutas.precios.aspx,2026-10-06T12:53:21.088827Z
mcba,MCBA,Hortalizas,TOMATE,PERITA,CTES.,PERDIDO,Primera,MEDIANO,PTN/INV,ARS,ARS/kg,detail,detail,2026-10,1944.44,1,1,1,,,partial_period,official_publication_calendar_unverified,partial_unverified,median_observed_daily_prices,https://ssma.magyp.gob.ar/frutas.precios.aspx,2026-10-06T12:53:21.088827Z
mcba,MCBA,Hortalizas,TOMATE,PERITA,SALTA,PERDIDO,Primera,GRANDE,PTN/INV,ARS,ARS/kg,detail,detail,2026-10,2722.22,1,1,1,,,partial_period,official_publication_calendar_unverified,partial_unverified,median_observed_daily_prices,https://ssma.magyp.gob.ar/frutas.precios.aspx,2026-10-06T12:53:21.088827Z
mcba,MCBA,Hortalizas,TOMATE,PERITA,SALTA,PERDIDO,Primera,MEDIANO,PTN/INV,ARS,ARS/kg,detail,detail,2026-10,2444.44,1,1,1,,,partial_period,official_publication_calendar_unverified,partial_unverified,median_observed_daily_prices,https://ssma.magyp.gob.ar/frutas.precios.aspx,2026-10-06T12:53:21.088827Z
mcba,MCBA,Hortalizas,TOMATE,PERITA,SALTA,PERDIDO,Primera,MEDIANO,ROJO/INV,ARS,ARS/kg,detail,detail,2026-10,2555.56,1,1,1,,,partial_period,official_publication_calendar_unverified,partial_unverified,median_observed_daily_prices,https://ssma.magyp.gob.ar/frutas.precios.aspx,2026-10-06T12:53:21.088827Z
mcba,MCBA,Hortalizas,TOMATE,PERITA,SALTA,TORO,Primera,GRANDE,PINTON,ARS,ARS/kg,detail,detail,2026-10,1666.67,1,1,1,,,partial_period,official_publication_calendar_unverified,partial_unverified,median_observed_daily_prices,https://ssma.magyp.gob.ar/frutas.precios.aspx,2026-10-06T12:53:21.088827Z
mcba,MCBA,Hortalizas,TOMATE,PERITA,SALTA,TORO,Primera,MEDIANO,PINTON,ARS,ARS/kg,detail,detail,2026-10,1277.78,1,1,1,,,partial_period,official_publication_calendar_unverified,partial_unverified,median_observed_daily_prices,https://ssma.magyp.gob.ar/frutas.precios.aspx,2026-10-06T12:53:21.088827Z
mcba,MCBA,Hortalizas,TOMATE,PERITA,SALTA,TORO,Segunda,MEDIANO,PINTON,ARS,ARS/kg,detail,detail,2026-10,1055.56,1,1,1,,,partial_period,official_publication_calendar_unverified,partial_unverified,median_observed_daily_prices,https://ssma.magyp.gob.ar/frutas.precios.aspx,2026-10-06T12:53:21.088827Z
mcba,MCBA,Hortalizas,TOMATE,PROM.ESP.,,,,,,ARS,ARS/kg,species_summary,species_summary,2026-10,2455.56,1,1,1,,,partial_period,official_publication_calendar_unverified,partial_unverified,median_observed_daily_prices,https://ssma.magyp.gob.ar/frutas.precios.aspx,2026-10-06T12:53:21.088827Z
mcba,MCBA,Hortalizas,TOMATE,REDONDO,CHILE,PERDIDO,Primera,MEDIANO,ROJO/INV,ARS,ARS/kg,detail,detail,2026-10,2944.44,1,1,1,,,partial_period,official_publication_calendar_unverified,partial_unverified,median_observed_daily_prices,https://ssma.magyp.gob.ar/frutas.precios.aspx,2026-10-06T12:53:21.088827Z
mcba,MCBA,Hortalizas,TOMATE,REDONDO,CTES.,TORO,Primera,CHICO,PTN/INV,ARS,ARS/kg,detail,detail,2026-10,777.78,1,1,1,,,partial_period,official_publication_calendar_unverified,partial_unverified,median_observed_daily_prices,https://ssma.magyp.gob.ar/frutas.precios.aspx,2026-10-06T12:53:21.088827Z
mcba,MCBA,Hortalizas,TOMATE,REDONDO,CTES.,TORO,Primera,GRANDE,PTN/INV,ARS,ARS/kg,detail,detail,2026-10,1944.44,1,1,1,,,partial_period,official_publication_calendar_unverified,partial_unverified,median_observed_daily_prices,https://ssma.magyp.gob.ar/frutas.precios.aspx,2026-10-06T12:53:21.088827Z
mcba,MCBA,Hortalizas,TOMATE,REDONDO,CTES.,TORO,Primera,MEDIANO,PTN/INV,ARS,ARS/kg,detail,detail,2026-10,1611.11,1,1,1,,,partial_period,official_publication_calendar_unverified,partial_unverified,median_observed_daily_prices,https://ssma.magyp.gob.ar/frutas.precios.aspx,2026-10-06T12:53:21.088827Z
mcba,MCBA,Hortalizas,TOMATE,REDONDO,CTES.,TORO,Primera,MEDIANO,ROJO/INV,ARS,ARS/kg,detail,detail,2026-10,1666.67,1,1,1,,,partial_period,official_publication_calendar_unverified,partial_unverified,median_observed_daily_prices,https://ssma.magyp.gob.ar/frutas.precios.aspx,2026-10-06T12:53:21.088827Z
mcba,MCBA,Hortalizas,TOMATE,REDONDO,CTES.,TORO,Segunda,MEDIANO,PTN/INV,ARS,ARS/kg,detail,detail,2026-10,1222.22,1,1,1,,,partial_period,official_publication_calendar_unverified,partial_unverified,median_observed_daily_prices,https://ssma.magyp.gob.ar/frutas.precios.aspx,2026-10-06T12:53:21.088827Z
mcba,MCBA,Hortalizas,TOMATE,REDONDO,SALTA,TORO,Primera,GRANDE,PINTON,ARS,ARS/kg,detail,detail,2026-10,1611.11,1,1,1,,,partial_period,official_publication_calendar_unverified,partial_unverified,median_observed_daily_prices,https://ssma.magyp.gob.ar/frutas.precios.aspx,2026-10-06T12:53:21.088827Z
mcba,MCBA,Hortalizas,TOMATE,REDONDO,SALTA,TORO,Primera,GRANDE,PTN/INV,ARS,ARS/kg,detail,detail,2026-10,2944.44,1,1,1,,,partial_period,official_publication_calendar_unverified,partial_unverified,median_observed_daily_prices,https://ssma.magyp.gob.ar/frutas.precios.aspx,2026-10-06T12:53:21.088827Z
mcba,MCBA,Hortalizas,TOMATE,REDONDO,SALTA,TORO,Primera,MEDIANO,PINTON,ARS,ARS/kg,detail,detail,2026-10,1277.78,1,1,1,,,partial_period,official_publication_calendar_unverified,partial_unverified,median_observed_daily_prices,https://ssma.magyp.gob.ar/frutas.precios.aspx,2026-10-06T12:53:21.088827Z
mcba,MCBA,Hortalizas,TOMATE,REDONDO,SALTA,TORO,Primera,MEDIANO,PTN/INV,ARS,ARS/kg,detail,detail,2026-10,2611.11,1,1,1,,,partial_period,official_publication_calendar_unverified,partial_unverified,median_observed_daily_prices,https://ssma.magyp.gob.ar/frutas.precios.aspx,2026-10-06T12:53:21.088827Z
mcba,MCBA,Hortalizas,TOMATE,REDONDO,SALTA,TORO,Segunda,MEDIANO,PINTON,ARS,ARS/kg,detail,detail,2026-10,1000.0,1,1,1,,,partial_period,official_publication_calendar_unverified,partial_unverified,median_observed_daily_prices,https://ssma.magyp.gob.ar/frutas.precios.aspx,2026-10-06T12:53:21.088827Z
mcba,MCBA,Hortalizas,TOMILLO,PROM.ESP.,,,,,,ARS,ARS/kg,species_summary,species_summary,2026-10,12000.0,1,1,1,,,partial_period,official_publication_calendar_unverified,partial_unverified,median_observed_daily_prices,https://ssma.magyp.gob.ar/frutas.precios.aspx,2026-10-06T12:53:21.088827Z
mcba,MCBA,Hortalizas,TOMILLO,,BS. AS.,BOLSA,Primera,,,ARS,ARS/kg,detail,detail,2026-10,12000.0,1,1,1,,,partial_period,official_publication_calendar_unverified,partial_unverified,median_observed_daily_prices,https://ssma.magyp.gob.ar/frutas.precios.aspx,2026-10-06T12:53:21.088827Z
mcba,MCBA,Hortalizas,ZANAHORIA,CHANTENAY,MENDOZA,BOLSA,Primera,MEDIANO,,ARS,ARS/kg,detail,detail,2026-10,1000.0,1,1,1,,,partial_period,official_publication_calendar_unverified,partial_unverified,median_observed_daily_prices,https://ssma.magyp.gob.ar/frutas.precios.aspx,2026-10-06T12:53:21.088827Z
mcba,MCBA,Hortalizas,ZANAHORIA,CHANTENAY,MENDOZA,CAJA,Primera,MEDIANO,,ARS,ARS/kg,detail,detail,2026-10,1350.0,1,1,1,,,partial_period,official_publication_calendar_unverified,partial_unverified,median_observed_daily_prices,https://ssma.magyp.gob.ar/frutas.precios.aspx,2026-10-06T12:53:21.088827Z
mcba,MCBA,Hortalizas,ZANAHORIA,CHANTENAY,SANTA FE,BOLSA,Primera,MEDIANO,,ARS,ARS/kg,detail,detail,2026-10,750.0,1,1,1,,,partial_period,official_publication_calendar_unverified,partial_unverified,median_observed_daily_prices,https://ssma.magyp.gob.ar/frutas.precios.aspx,2026-10-06T12:53:21.088827Z
mcba,MCBA,Hortalizas,ZANAHORIA,CHANTENAY,SGO.EST.,BOLSA,Primera,MEDIANO,,ARS,ARS/kg,detail,detail,2026-10,777.78,1,1,1,,,partial_period,official_publication_calendar_unverified,partial_unverified,median_observed_daily_prices,https://ssma.magyp.gob.ar/frutas.precios.aspx,2026-10-06T12:53:21.088827Z
mcba,MCBA,Hortalizas,ZANAHORIA,NANTESA,BRASIL,CAJA,Primera,MEDIANO,,ARS,ARS/kg,detail,detail,2026-10,1450.0,1,1,1,,,partial_period,official_publication_calendar_unverified,partial_unverified,median_observed_daily_prices,https://ssma.magyp.gob.ar/frutas.precios.aspx,2026-10-06T12:53:21.088827Z
mcba,MCBA,Hortalizas,ZANAHORIA,PROM.ESP.,,,,,,ARS,ARS/kg,species_summary,species_summary,2026-10,1054.63,1,1,1,,,partial_period,official_publication_calendar_unverified,partial_unverified,median_observed_daily_prices,https://ssma.magyp.gob.ar/frutas.precios.aspx,2026-10-06T12:53:21.088827Z
mcba,MCBA,Hortalizas,ZAPALLITO,LARGO,SALTA,TORO,Primera,MEDIANO,INVERNAC,ARS,ARS/kg,detail,detail,2026-10,2111.11,1,1,1,,,partial_period,official_publication_calendar_unverified,partial_unverified,median_observed_daily_prices,https://ssma.magyp.gob.ar/frutas.precios.aspx,2026-10-06T12:53:21.088827Z
mcba,MCBA,Hortalizas,ZAPALLITO,LARGO,SALTA,TORO,Primera,MEDIANO,,ARS,ARS/kg,detail,detail,2026-10,1944.44,1,1,1,,,partial_period,official_publication_calendar_unverified,partial_unverified,median_observed_daily_prices,https://ssma.magyp.gob.ar/frutas.precios.aspx,2026-10-06T12:53:21.088827Z
mcba,MCBA,Hortalizas,ZAPALLITO,PROM.ESP.,,,,,,ARS,ARS/kg,species_summary,species_summary,2026-10,1817.46,1,1,1,,,partial_period,official_publication_calendar_unverified,partial_unverified,median_observed_daily_prices,https://ssma.magyp.gob.ar/frutas.precios.aspx,2026-10-06T12:53:21.088827Z
mcba,MCBA,Hortalizas,ZAPALLITO,REDONDO,CTES.,TORO,Primera,MEDIANO,INVERNAC,ARS,ARS/kg,detail,detail,2026-10,1944.44,1,1,1,,,partial_period,official_publication_calendar_unverified,partial_unverified,median_observed_daily_prices,https://ssma.magyp.gob.ar/frutas.precios.aspx,2026-10-06T12:53:21.088827Z
mcba,MCBA,Hortalizas,ZAPALLITO,REDONDO,SALTA,PERDIDO,Primera,MEDIANO,INVERNAC,ARS,ARS/kg,detail,detail,2026-10,2166.67,1,1,1,,,partial_period,official_publication_calendar_unverified,partial_unverified,median_observed_daily_prices,https://ssma.magyp.gob.ar/frutas.precios.aspx,2026-10-06T12:53:21.088827Z
mcba,MCBA,Hortalizas,ZAPALLITO,REDONDO,SALTA,TORO,Primera,MEDIANO,,ARS,ARS/kg,detail,detail,2026-10,1555.56,1,1,1,,,partial_period,official_publication_calendar_unverified,partial_unverified,median_observed_daily_prices,https://ssma.magyp.gob.ar/frutas.precios.aspx,2026-10-06T12:53:21.088827Z
mcba,MCBA,Hortalizas,ZAPALLITO,REDONDO,SALTA,TORO,Segunda,MEDIANO,,ARS,ARS/kg,detail,detail,2026-10,1055.56,1,1,1,,,partial_period,official_publication_calendar_unverified,partial_unverified,median_observed_daily_prices,https://ssma.magyp.gob.ar/frutas.precios.aspx,2026-10-06T12:53:21.088827Z
mcba,MCBA,Hortalizas,ZAPALLITO,REDONDO,SANTA FE,TORO,Primera,MEDIANO,,ARS,ARS/kg,detail,detail,2026-10,1944.44,1,1,1,,,partial_period,official_publication_calendar_unverified,partial_unverified,median_observed_daily_prices,https://ssma.magyp.gob.ar/frutas.precios.aspx,2026-10-06T12:53:21.088827Z
mcba,MCBA,Hortalizas,ZAPALLO,ANC.COKENA,BRASIL,BOLSA,Primera,MEDIANO,,ARS,ARS/kg,detail,detail,2026-10,2500.0,1,1,1,,,partial_period,official_publication_calendar_unverified,partial_unverified,median_observed_daily_prices,https://ssma.magyp.gob.ar/frutas.precios.aspx,2026-10-06T12:53:21.088827Z
mcba,MCBA,Hortalizas,ZAPALLO,ANC.COKENA,MENDOZA,BOLSA,Primera,MEDIANO,,ARS,ARS/kg,detail,detail,2026-10,2333.33,1,1,1,,,partial_period,official_publication_calendar_unverified,partial_unverified,median_observed_daily_prices,https://ssma.magyp.gob.ar/frutas.precios.aspx,2026-10-06T12:53:21.088827Z
mcba,MCBA,Hortalizas,ZAPALLO,ANC.COKENA,SALTA,BOLSA,Primera,MEDIANO,,ARS,ARS/kg,detail,detail,2026-10,2600.0,1,1,1,,,partial_period,official_publication_calendar_unverified,partial_unverified,median_observed_daily_prices,https://ssma.magyp.gob.ar/frutas.precios.aspx,2026-10-06T12:53:21.088827Z
mcba,MCBA,Hortalizas,ZAPALLO,PROM.ESP.,,,,,,ARS,ARS/kg,species_summary,species_summary,2026-10,1924.07,1,1,1,,,partial_period,official_publication_calendar_unverified,partial_unverified,median_observed_daily_prices,https://ssma.magyp.gob.ar/frutas.precios.aspx,2026-10-06T12:53:21.088827Z
mcba,MCBA,Hortalizas,ZAPALLO,TETSUKAB.,BRASIL,BOLSA,Primera,MEDIANO,,ARS,ARS/kg,detail,detail,2026-10,1555.56,1,1,1,,,partial_period,official_publication_calendar_unverified,partial_unverified,median_observed_daily_prices,https://ssma.magyp.gob.ar/frutas.precios.aspx,2026-10-06T12:53:21.088827Z
mcba,MCBA,Hortalizas,ZAPALLO,TETSUKAB.,MENDOZA,BOLSA,Primera,MEDIANO,,ARS,ARS/kg,detail,detail,2026-10,1222.22,1,1,1,,,partial_period,official_publication_calendar_unverified,partial_unverified,median_observed_daily_prices,https://ssma.magyp.gob.ar/frutas.precios.aspx,2026-10-06T12:53:21.088827Z
mcba,MCBA,Hortalizas,ZAPALLO,TETSUKAB.,SALTA,BOLSA,Primera,MEDIANO,,ARS,ARS/kg,detail,detail,2026-10,1333.33,1,1,1,,,partial_period,official_publication_calendar_unverified,partial_unverified,median_observed_daily_prices,https://ssma.magyp.gob.ar/frutas.precios.aspx,2026-10-06T12:53:21.088827Z
