año;mes;periodo_ym;commodity;fuente;mercado;tipo_precio;moneda;unidad;frecuencia;operaciones;precio_promedio;precio_mediana;precio_min;precio_max;variacion_mensual_pct;variacion_interanual_pct
2020;01;2020-01;Cebada forrajera;Secretaría de Agricultura - Precios Internos de los Principales Granos;Argentina / mercado interno — B.BLANCA;Precio interno mensual;ARS;TN;mensual;1;9159.16;9159.16;9159.16;9159.16;;
2020;01;2020-01;Girasol;Secretaría de Agricultura - Precios Internos de los Principales Granos;Argentina / mercado interno — QUEQUEN;Precio interno mensual;ARS;TN;mensual;1;13875.26;13875.26;13875.26;13875.26;;
2020;01;2020-01;Girasol;Secretaría de Agricultura - Precios Internos de los Principales Granos;Argentina / mercado interno — ROSARIO;Precio interno mensual;ARS;TN;mensual;1;14317.17;14317.17;14317.17;14317.17;;
2020;01;2020-01;Maíz;Secretaría de Agricultura - Precios Internos de los Principales Granos;Argentina / mercado interno — B.BLANCA;Precio interno mensual;ARS;TN;mensual;1;9474.89;9474.89;9474.89;9474.89;;
2020;01;2020-01;Maíz;Secretaría de Agricultura - Precios Internos de los Principales Granos;Argentina / mercado interno — ROSARIO;Precio interno mensual;ARS;TN;mensual;1;9080.41;9080.41;9080.41;9080.41;;
2020;01;2020-01;Soja;Secretaría de Agricultura - Precios Internos de los Principales Granos;Argentina / mercado interno — ROSARIO;Precio interno mensual;ARS;TN;mensual;1;15344.55;15344.55;15344.55;15344.55;;
2020;01;2020-01;Trigo;Secretaría de Agricultura - Precios Internos de los Principales Granos;Argentina / mercado interno — B.BLANCA;Precio interno mensual;ARS;TN;mensual;1;11467.5;11467.5;11467.5;11467.5;;
2020;01;2020-01;Trigo;Secretaría de Agricultura - Precios Internos de los Principales Granos;Argentina / mercado interno — CORDOBA;Precio interno mensual;ARS;TN;mensual;1;11231.11;11231.11;11231.11;11231.11;;
2020;01;2020-01;Trigo;Secretaría de Agricultura - Precios Internos de los Principales Granos;Argentina / mercado interno — ROSARIO;Precio interno mensual;ARS;TN;mensual;1;11455.23;11455.23;11455.23;11455.23;;
2020;02;2020-02;Cebada forrajera;Secretaría de Agricultura - Precios Internos de los Principales Granos;Argentina / mercado interno — B.BLANCA;Precio interno mensual;ARS;TN;mensual;1;9085.4;9085.4;9085.4;9085.4;-0.805314;
2020;02;2020-02;Girasol;Secretaría de Agricultura - Precios Internos de los Principales Granos;Argentina / mercado interno — QUEQUEN;Precio interno mensual;ARS;TN;mensual;1;14288.76;14288.76;14288.76;14288.76;2.980124;
2020;02;2020-02;Girasol;Secretaría de Agricultura - Precios Internos de los Principales Granos;Argentina / mercado interno — ROSARIO;Precio interno mensual;ARS;TN;mensual;1;14836.67;14836.67;14836.67;14836.67;3.62851;
2020;02;2020-02;Maíz;Secretaría de Agricultura - Precios Internos de los Principales Granos;Argentina / mercado interno — B.BLANCA;Precio interno mensual;ARS;TN;mensual;1;9464.2;9464.2;9464.2;9464.2;-0.112825;
2020;02;2020-02;Maíz;Secretaría de Agricultura - Precios Internos de los Principales Granos;Argentina / mercado interno — ROSARIO;Precio interno mensual;ARS;TN;mensual;1;8850.39;8850.39;8850.39;8850.39;-2.533146;
2020;02;2020-02;Soja;Secretaría de Agricultura - Precios Internos de los Principales Granos;Argentina / mercado interno — ROSARIO;Precio interno mensual;ARS;TN;mensual;1;14908.31;14908.31;14908.31;14908.31;-2.842964;
2020;02;2020-02;Trigo;Secretaría de Agricultura - Precios Internos de los Principales Granos;Argentina / mercado interno — B.BLANCA;Precio interno mensual;ARS;TN;mensual;1;12071.06;12071.06;12071.06;12071.06;5.263222;
2020;02;2020-02;Trigo;Secretaría de Agricultura - Precios Internos de los Principales Granos;Argentina / mercado interno — CORDOBA;Precio interno mensual;ARS;TN;mensual;1;12120.71;12120.71;12120.71;12120.71;7.920856;
2020;02;2020-02;Trigo;Secretaría de Agricultura - Precios Internos de los Principales Granos;Argentina / mercado interno — DARSENA;Precio interno mensual;ARS;TN;mensual;1;13000;13000;13000;13000;;
2020;02;2020-02;Trigo;Secretaría de Agricultura - Precios Internos de los Principales Granos;Argentina / mercado interno — ROSARIO;Precio interno mensual;ARS;TN;mensual;1;11993.06;11993.06;11993.06;11993.06;4.695061;
2020;03;2020-03;Cebada forrajera;Secretaría de Agricultura - Precios Internos de los Principales Granos;Argentina / mercado interno — B.BLANCA;Precio interno mensual;ARS;TN;mensual;1;8596.94;8596.94;8596.94;8596.94;-5.376318;
2020;03;2020-03;Girasol;Secretaría de Agricultura - Precios Internos de los Principales Granos;Argentina / mercado interno — B.BLANCA;Precio interno mensual;ARS;TN;mensual;1;14830.88;14830.88;14830.88;14830.88;;
2020;03;2020-03;Girasol;Secretaría de Agricultura - Precios Internos de los Principales Granos;Argentina / mercado interno — ROSARIO;Precio interno mensual;ARS;TN;mensual;1;14100;14100;14100;14100;-4.965198;
2020;03;2020-03;Maíz;Secretaría de Agricultura - Precios Internos de los Principales Granos;Argentina / mercado interno — B.BLANCA;Precio interno mensual;ARS;TN;mensual;1;9588.46;9588.46;9588.46;9588.46;1.312948;
2020;03;2020-03;Maíz;Secretaría de Agricultura - Precios Internos de los Principales Granos;Argentina / mercado interno — ROSARIO;Precio interno mensual;ARS;TN;mensual;1;8643.33;8643.33;8643.33;8643.33;-2.339558;
2020;03;2020-03;Soja;Secretaría de Agricultura - Precios Internos de los Principales Granos;Argentina / mercado interno — ROSARIO;Precio interno mensual;ARS;TN;mensual;1;13943.53;13943.53;13943.53;13943.53;-6.471424;
2020;03;2020-03;Sorgo;Secretaría de Agricultura - Precios Internos de los Principales Granos;Argentina / mercado interno — ROSARIO;Precio interno mensual;ARS;TN;mensual;1;8297.67;8297.67;8297.67;8297.67;;
2020;03;2020-03;Trigo;Secretaría de Agricultura - Precios Internos de los Principales Granos;Argentina / mercado interno — B.BLANCA;Precio interno mensual;ARS;TN;mensual;1;12548.08;12548.08;12548.08;12548.08;3.951766;
2020;03;2020-03;Trigo;Secretaría de Agricultura - Precios Internos de los Principales Granos;Argentina / mercado interno — CORDOBA;Precio interno mensual;ARS;TN;mensual;1;12234.17;12234.17;12234.17;12234.17;0.936084;
2020;03;2020-03;Trigo;Secretaría de Agricultura - Precios Internos de los Principales Granos;Argentina / mercado interno — ROSARIO;Precio interno mensual;ARS;TN;mensual;1;12225.56;12225.56;12225.56;12225.56;1.938621;
2020;04;2020-04;Cebada forrajera;Secretaría de Agricultura - Precios Internos de los Principales Granos;Argentina / mercado interno — B.BLANCA;Precio interno mensual;ARS;TN;mensual;1;9161.69;9161.69;9161.69;9161.69;6.569198;
2020;04;2020-04;Girasol;Secretaría de Agricultura - Precios Internos de los Principales Granos;Argentina / mercado interno — B.BLANCA;Precio interno mensual;ARS;TN;mensual;1;15899.42;15899.42;15899.42;15899.42;7.204832;
2020;04;2020-04;Maíz;Secretaría de Agricultura - Precios Internos de los Principales Granos;Argentina / mercado interno — B.BLANCA;Precio interno mensual;ARS;TN;mensual;1;9260.67;9260.67;9260.67;9260.67;-3.418589;
2020;04;2020-04;Maíz;Secretaría de Agricultura - Precios Internos de los Principales Granos;Argentina / mercado interno — ROSARIO;Precio interno mensual;ARS;TN;mensual;1;8408.05;8408.05;8408.05;8408.05;-2.722099;
2020;04;2020-04;Soja;Secretaría de Agricultura - Precios Internos de los Principales Granos;Argentina / mercado interno — B.BLANCA;Precio interno mensual;ARS;TN;mensual;1;13943.27;13943.27;13943.27;13943.27;;
2020;04;2020-04;Soja;Secretaría de Agricultura - Precios Internos de los Principales Granos;Argentina / mercado interno — ROSARIO;Precio interno mensual;ARS;TN;mensual;1;13670.8;13670.8;13670.8;13670.8;-1.955961;
2020;04;2020-04;Sorgo;Secretaría de Agricultura - Precios Internos de los Principales Granos;Argentina / mercado interno — ROSARIO;Precio interno mensual;ARS;TN;mensual;1;8944.62;8944.62;8944.62;8944.62;7.796767;
2020;04;2020-04;Trigo;Secretaría de Agricultura - Precios Internos de los Principales Granos;Argentina / mercado interno — B.BLANCA;Precio interno mensual;ARS;TN;mensual;1;13056.22;13056.22;13056.22;13056.22;4.049544;
2020;04;2020-04;Trigo;Secretaría de Agricultura - Precios Internos de los Principales Granos;Argentina / mercado interno — CORDOBA;Precio interno mensual;ARS;TN;mensual;1;12795;12795;12795;12795;4.584128;
2020;04;2020-04;Trigo;Secretaría de Agricultura - Precios Internos de los Principales Granos;Argentina / mercado interno — ROSARIO;Precio interno mensual;ARS;TN;mensual;1;12778.27;12778.27;12778.27;12778.27;4.520938;
2020;05;2020-05;Cebada forrajera;Secretaría de Agricultura - Precios Internos de los Principales Granos;Argentina / mercado interno — B.BLANCA;Precio interno mensual;ARS;TN;mensual;1;8950.79;8950.79;8950.79;8950.79;-2.301977;
2020;05;2020-05;Girasol;Secretaría de Agricultura - Precios Internos de los Principales Granos;Argentina / mercado interno — B.BLANCA;Precio interno mensual;ARS;TN;mensual;1;16261.82;16261.82;16261.82;16261.82;2.279328;
2020;05;2020-05;Girasol;Secretaría de Agricultura - Precios Internos de los Principales Granos;Argentina / mercado interno — ROSARIO;Precio interno mensual;ARS;TN;mensual;1;16015;16015;16015;16015;;
2020;05;2020-05;Maíz;Secretaría de Agricultura - Precios Internos de los Principales Granos;Argentina / mercado interno — B.BLANCA;Precio interno mensual;ARS;TN;mensual;1;8697.11;8697.11;8697.11;8697.11;-6.085521;
2020;05;2020-05;Maíz;Secretaría de Agricultura - Precios Internos de los Principales Granos;Argentina / mercado interno — ROSARIO;Precio interno mensual;ARS;TN;mensual;1;8027.47;8027.47;8027.47;8027.47;-4.526377;
2020;05;2020-05;Soja;Secretaría de Agricultura - Precios Internos de los Principales Granos;Argentina / mercado interno — B.BLANCA;Precio interno mensual;ARS;TN;mensual;1;14587.26;14587.26;14587.26;14587.26;4.618644;
2020;05;2020-05;Soja;Secretaría de Agricultura - Precios Internos de los Principales Granos;Argentina / mercado interno — ROSARIO;Precio interno mensual;ARS;TN;mensual;1;14533.16;14533.16;14533.16;14533.16;6.308043;
2020;05;2020-05;Sorgo;Secretaría de Agricultura - Precios Internos de los Principales Granos;Argentina / mercado interno — ROSARIO;Precio interno mensual;ARS;TN;mensual;1;9130;9130;9130;9130;2.072531;
2020;05;2020-05;Trigo;Secretaría de Agricultura - Precios Internos de los Principales Granos;Argentina / mercado interno — B.BLANCA;Precio interno mensual;ARS;TN;mensual;1;12936.13;12936.13;12936.13;12936.13;-0.919791;
2020;05;2020-05;Trigo;Secretaría de Agricultura - Precios Internos de los Principales Granos;Argentina / mercado interno — CORDOBA;Precio interno mensual;ARS;TN;mensual;1;12987.63;12987.63;12987.63;12987.63;1.50551;
2020;05;2020-05;Trigo;Secretaría de Agricultura - Precios Internos de los Principales Granos;Argentina / mercado interno — ROSARIO;Precio interno mensual;ARS;TN;mensual;1;11947.78;11947.78;11947.78;11947.78;-6.499237;
2020;06;2020-06;Cebada forrajera;Secretaría de Agricultura - Precios Internos de los Principales Granos;Argentina / mercado interno — B.BLANCA;Precio interno mensual;ARS;TN;mensual;1;9893.9;9893.9;9893.9;9893.9;10.536612;
2020;06;2020-06;Girasol;Secretaría de Agricultura - Precios Internos de los Principales Granos;Argentina / mercado interno — B.BLANCA;Precio interno mensual;ARS;TN;mensual;1;17185.5;17185.5;17185.5;17185.5;5.680053;
2020;06;2020-06;Girasol;Secretaría de Agricultura - Precios Internos de los Principales Granos;Argentina / mercado interno — ROSARIO;Precio interno mensual;ARS;TN;mensual;1;17452.5;17452.5;17452.5;17452.5;8.97596;
2020;06;2020-06;Maíz;Secretaría de Agricultura - Precios Internos de los Principales Granos;Argentina / mercado interno — B.BLANCA;Precio interno mensual;ARS;TN;mensual;1;9283.9;9283.9;9283.9;9283.9;6.746954;
2020;06;2020-06;Maíz;Secretaría de Agricultura - Precios Internos de los Principales Granos;Argentina / mercado interno — ROSARIO;Precio interno mensual;ARS;TN;mensual;1;8534.3;8534.3;8534.3;8534.3;6.313695;
2020;06;2020-06;Soja;Secretaría de Agricultura - Precios Internos de los Principales Granos;Argentina / mercado interno — B.BLANCA;Precio interno mensual;ARS;TN;mensual;1;15477.4;15477.4;15477.4;15477.4;6.102174;
2020;06;2020-06;Soja;Secretaría de Agricultura - Precios Internos de los Principales Granos;Argentina / mercado interno — ROSARIO;Precio interno mensual;ARS;TN;mensual;1;15242.86;15242.86;15242.86;15242.86;4.883315;
2020;06;2020-06;Sorgo;Secretaría de Agricultura - Precios Internos de los Principales Granos;Argentina / mercado interno — ROSARIO;Precio interno mensual;ARS;TN;mensual;1;9966.3;9966.3;9966.3;9966.3;9.159912;
2020;06;2020-06;Trigo;Secretaría de Agricultura - Precios Internos de los Principales Granos;Argentina / mercado interno — B.BLANCA;Precio interno mensual;ARS;TN;mensual;1;13714.4;13714.4;13714.4;13714.4;6.016251;
2020;06;2020-06;Trigo;Secretaría de Agricultura - Precios Internos de los Principales Granos;Argentina / mercado interno — CORDOBA;Precio interno mensual;ARS;TN;mensual;1;13169.12;13169.12;13169.12;13169.12;1.397407;
2020;06;2020-06;Trigo;Secretaría de Agricultura - Precios Internos de los Principales Granos;Argentina / mercado interno — DARSENA;Precio interno mensual;ARS;TN;mensual;1;14200;14200;14200;14200;;
2020;06;2020-06;Trigo;Secretaría de Agricultura - Precios Internos de los Principales Granos;Argentina / mercado interno — ROSARIO;Precio interno mensual;ARS;TN;mensual;1;12461.2;12461.2;12461.2;12461.2;4.2972;
2020;07;2020-07;Cebada forrajera;Secretaría de Agricultura - Precios Internos de los Principales Granos;Argentina / mercado interno — B.BLANCA;Precio interno mensual;ARS;TN;mensual;1;9929.33;9929.33;9929.33;9929.33;0.358099;
2020;07;2020-07;Girasol;Secretaría de Agricultura - Precios Internos de los Principales Granos;Argentina / mercado interno — B.BLANCA;Precio interno mensual;ARS;TN;mensual;1;17610;17610;17610;17610;2.470106;
2020;07;2020-07;Maíz;Secretaría de Agricultura - Precios Internos de los Principales Granos;Argentina / mercado interno — B.BLANCA;Precio interno mensual;ARS;TN;mensual;1;9709.5;9709.5;9709.5;9709.5;4.58428;
2020;07;2020-07;Maíz;Secretaría de Agricultura - Precios Internos de los Principales Granos;Argentina / mercado interno — ROSARIO;Precio interno mensual;ARS;TN;mensual;1;9278;9278;9278;9278;8.714247;
2020;07;2020-07;Soja;Secretaría de Agricultura - Precios Internos de los Principales Granos;Argentina / mercado interno — B.BLANCA;Precio interno mensual;ARS;TN;mensual;1;16147.43;16147.43;16147.43;16147.43;4.329086;
2020;07;2020-07;Soja;Secretaría de Agricultura - Precios Internos de los Principales Granos;Argentina / mercado interno — ROSARIO;Precio interno mensual;ARS;TN;mensual;1;16696;16696;16696;16696;9.53325;
2020;07;2020-07;Sorgo;Secretaría de Agricultura - Precios Internos de los Principales Granos;Argentina / mercado interno — ROSARIO;Precio interno mensual;ARS;TN;mensual;1;10670;10670;10670;10670;7.060795;
2020;07;2020-07;Trigo;Secretaría de Agricultura - Precios Internos de los Principales Granos;Argentina / mercado interno — B.BLANCA;Precio interno mensual;ARS;TN;mensual;1;13565.67;13565.67;13565.67;13565.67;-1.084481;
2020;07;2020-07;Trigo;Secretaría de Agricultura - Precios Internos de los Principales Granos;Argentina / mercado interno — CORDOBA;Precio interno mensual;ARS;TN;mensual;1;13961.88;13961.88;13961.88;13961.88;6.01984;
2020;07;2020-07;Trigo;Secretaría de Agricultura - Precios Internos de los Principales Granos;Argentina / mercado interno — DARSENA;Precio interno mensual;ARS;TN;mensual;1;14430.5;14430.5;14430.5;14430.5;1.623239;
2020;07;2020-07;Trigo;Secretaría de Agricultura - Precios Internos de los Principales Granos;Argentina / mercado interno — ROSARIO;Precio interno mensual;ARS;TN;mensual;1;13730.6;13730.6;13730.6;13730.6;10.18682;
2020;08;2020-08;Maíz;Secretaría de Agricultura - Precios Internos de los Principales Granos;Argentina / mercado interno — QUEQUEN;Precio interno mensual;ARS;TN;mensual;1;11500;11500;11500;11500;;
2020;08;2020-08;Maíz;Secretaría de Agricultura - Precios Internos de los Principales Granos;Argentina / mercado interno — ROSARIO;Precio interno mensual;ARS;TN;mensual;1;10290.5;10290.5;10290.5;10290.5;10.912912;
2020;08;2020-08;Soja;Secretaría de Agricultura - Precios Internos de los Principales Granos;Argentina / mercado interno — ROSARIO;Precio interno mensual;ARS;TN;mensual;1;17871.8;17871.8;17871.8;17871.8;7.042405;
2020;08;2020-08;Sorgo;Secretaría de Agricultura - Precios Internos de los Principales Granos;Argentina / mercado interno — ROSARIO;Precio interno mensual;ARS;TN;mensual;1;11328.3;11328.3;11328.3;11328.3;6.169634;
2020;08;2020-08;Trigo;Secretaría de Agricultura - Precios Internos de los Principales Granos;Argentina / mercado interno — CORDOBA;Precio interno mensual;ARS;TN;mensual;1;14585.71;14585.71;14585.71;14585.71;4.468095;
2020;08;2020-08;Trigo;Secretaría de Agricultura - Precios Internos de los Principales Granos;Argentina / mercado interno — DARSENA;Precio interno mensual;ARS;TN;mensual;1;15000;15000;15000;15000;3.946502;
2020;08;2020-08;Trigo;Secretaría de Agricultura - Precios Internos de los Principales Granos;Argentina / mercado interno — ROSARIO;Precio interno mensual;ARS;TN;mensual;1;13706.4;13706.4;13706.4;13706.4;-0.176249;
2020;09;2020-09;Maíz;Secretaría de Agricultura - Precios Internos de los Principales Granos;Argentina / mercado interno — ROSARIO;Precio interno mensual;ARS;TN;mensual;1;11915.25;11915.25;11915.25;11915.25;15.788834;
2020;09;2020-09;Soja;Secretaría de Agricultura - Precios Internos de los Principales Granos;Argentina / mercado interno — ROSARIO;Precio interno mensual;ARS;TN;mensual;1;20190.6;20190.6;20190.6;20190.6;12.97463;
2020;09;2020-09;Sorgo;Secretaría de Agricultura - Precios Internos de los Principales Granos;Argentina / mercado interno — ROSARIO;Precio interno mensual;ARS;TN;mensual;1;12460;12460;12460;12460;9.990025;
2020;09;2020-09;Trigo;Secretaría de Agricultura - Precios Internos de los Principales Granos;Argentina / mercado interno — CORDOBA;Precio interno mensual;ARS;TN;mensual;1;15332.5;15332.5;15332.5;15332.5;5.120011;
2020;09;2020-09;Trigo;Secretaría de Agricultura - Precios Internos de los Principales Granos;Argentina / mercado interno — DARSENA;Precio interno mensual;ARS;TN;mensual;1;16000;16000;16000;16000;6.666667;
2020;09;2020-09;Trigo;Secretaría de Agricultura - Precios Internos de los Principales Granos;Argentina / mercado interno — ROSARIO;Precio interno mensual;ARS;TN;mensual;1;14740;14740;14740;14740;7.541003;
2020;10;2020-10;Maíz;Secretaría de Agricultura - Precios Internos de los Principales Granos;Argentina / mercado interno — ROSARIO;Precio interno mensual;ARS;TN;mensual;1;14408.74;14408.74;14408.74;14408.74;20.926879;
2020;10;2020-10;Soja;Secretaría de Agricultura - Precios Internos de los Principales Granos;Argentina / mercado interno — ROSARIO;Precio interno mensual;ARS;TN;mensual;1;24802.37;24802.37;24802.37;24802.37;22.841174;
2020;10;2020-10;Sorgo;Secretaría de Agricultura - Precios Internos de los Principales Granos;Argentina / mercado interno — ROSARIO;Precio interno mensual;ARS;TN;mensual;1;25010;25010;25010;25010;100.722311;
2020;10;2020-10;Trigo;Secretaría de Agricultura - Precios Internos de los Principales Granos;Argentina / mercado interno — CORDOBA;Precio interno mensual;ARS;TN;mensual;1;16897.27;16897.27;16897.27;16897.27;10.205576;
2020;10;2020-10;Trigo;Secretaría de Agricultura - Precios Internos de los Principales Granos;Argentina / mercado interno — DARSENA;Precio interno mensual;ARS;TN;mensual;1;17500;17500;17500;17500;9.375;
2020;10;2020-10;Trigo;Secretaría de Agricultura - Precios Internos de los Principales Granos;Argentina / mercado interno — ROSARIO;Precio interno mensual;ARS;TN;mensual;1;16405.63;16405.63;16405.63;16405.63;11.300068;
2020;11;2020-11;Maíz;Secretaría de Agricultura - Precios Internos de los Principales Granos;Argentina / mercado interno — ROSARIO;Precio interno mensual;ARS;TN;mensual;1;15464.85;15464.85;15464.85;15464.85;7.329649;
2020;11;2020-11;Soja;Secretaría de Agricultura - Precios Internos de los Principales Granos;Argentina / mercado interno — ROSARIO;Precio interno mensual;ARS;TN;mensual;1;27275.9;27275.9;27275.9;27275.9;9.972958;
2020;11;2020-11;Trigo;Secretaría de Agricultura - Precios Internos de los Principales Granos;Argentina / mercado interno — CORDOBA;Precio interno mensual;ARS;TN;mensual;1;17553.68;17553.68;17553.68;17553.68;3.88471;
2020;11;2020-11;Trigo;Secretaría de Agricultura - Precios Internos de los Principales Granos;Argentina / mercado interno — ROSARIO;Precio interno mensual;ARS;TN;mensual;1;16794.4;16794.4;16794.4;16794.4;2.369735;
2020;12;2020-12;Girasol;Secretaría de Agricultura - Precios Internos de los Principales Granos;Argentina / mercado interno — ROSARIO;Precio interno mensual;ARS;TN;mensual;1;34050;34050;34050;34050;;
2020;12;2020-12;Maíz;Secretaría de Agricultura - Precios Internos de los Principales Granos;Argentina / mercado interno — ROSARIO;Precio interno mensual;ARS;TN;mensual;1;16414.12;16414.12;16414.12;16414.12;6.138243;
2020;12;2020-12;Soja;Secretaría de Agricultura - Precios Internos de los Principales Granos;Argentina / mercado interno — ROSARIO;Precio interno mensual;ARS;TN;mensual;1;27634.44;27634.44;27634.44;27634.44;1.314494;
2020;12;2020-12;Trigo;Secretaría de Agricultura - Precios Internos de los Principales Granos;Argentina / mercado interno — CORDOBA;Precio interno mensual;ARS;TN;mensual;1;18273.64;18273.64;18273.64;18273.64;4.101476;
2020;12;2020-12;Trigo;Secretaría de Agricultura - Precios Internos de los Principales Granos;Argentina / mercado interno — ROSARIO;Precio interno mensual;ARS;TN;mensual;1;18265.56;18265.56;18265.56;18265.56;8.759825;
2021;01;2021-01;Girasol;Secretaría de Agricultura - Precios Internos de los Principales Granos;Argentina / mercado interno — ROSARIO;Precio interno mensual;ARS;TN;mensual;1;36818.33;36818.33;36818.33;36818.33;8.130191;157.162065
2021;01;2021-01;Maíz;Secretaría de Agricultura - Precios Internos de los Principales Granos;Argentina / mercado interno — ROSARIO;Precio interno mensual;ARS;TN;mensual;1;16613.5;16613.5;16613.5;16613.5;1.214686;82.9598
2021;01;2021-01;Soja;Secretaría de Agricultura - Precios Internos de los Principales Granos;Argentina / mercado interno — ROSARIO;Precio interno mensual;ARS;TN;mensual;1;27916.9;27916.9;27916.9;27916.9;1.02213;81.933651
2021;01;2021-01;Trigo;Secretaría de Agricultura - Precios Internos de los Principales Granos;Argentina / mercado interno — CORDOBA;Precio interno mensual;ARS;TN;mensual;1;20047.14;20047.14;20047.14;20047.14;9.705237;78.496515
2021;01;2021-01;Trigo;Secretaría de Agricultura - Precios Internos de los Principales Granos;Argentina / mercado interno — ROSARIO;Precio interno mensual;ARS;TN;mensual;1;18570.53;18570.53;18570.53;18570.53;1.669645;62.113986
2021;02;2021-02;Girasol;Secretaría de Agricultura - Precios Internos de los Principales Granos;Argentina / mercado interno — ROSARIO;Precio interno mensual;ARS;TN;mensual;1;40132.4;40132.4;40132.4;40132.4;9.001142;170.49466
2021;02;2021-02;Maíz;Secretaría de Agricultura - Precios Internos de los Principales Granos;Argentina / mercado interno — ROSARIO;Precio interno mensual;ARS;TN;mensual;1;17862.5;17862.5;17862.5;17862.5;7.517982;101.827264
2021;02;2021-02;Soja;Secretaría de Agricultura - Precios Internos de los Principales Granos;Argentina / mercado interno — ROSARIO;Precio interno mensual;ARS;TN;mensual;1;29160;29160;29160;29160;4.452858;95.595611
2021;02;2021-02;Sorgo;Secretaría de Agricultura - Precios Internos de los Principales Granos;Argentina / mercado interno — ROSARIO;Precio interno mensual;ARS;TN;mensual;1;18935;18935;18935;18935;;
2021;02;2021-02;Trigo;Secretaría de Agricultura - Precios Internos de los Principales Granos;Argentina / mercado interno — CORDOBA;Precio interno mensual;ARS;TN;mensual;1;19822.14;19822.14;19822.14;19822.14;-1.122355;63.53943
2021;02;2021-02;Trigo;Secretaría de Agricultura - Precios Internos de los Principales Granos;Argentina / mercado interno — DARSENA;Precio interno mensual;ARS;TN;mensual;1;18800;18800;18800;18800;;44.615385
2021;02;2021-02;Trigo;Secretaría de Agricultura - Precios Internos de los Principales Granos;Argentina / mercado interno — ROSARIO;Precio interno mensual;ARS;TN;mensual;1;18936.25;18936.25;18936.25;18936.25;1.969357;57.893398
2021;03;2021-03;Girasol;Secretaría de Agricultura - Precios Internos de los Principales Granos;Argentina / mercado interno — ROSARIO;Precio interno mensual;ARS;TN;mensual;1;40662;40662;40662;40662;1.319632;188.382979
2021;03;2021-03;Maíz;Secretaría de Agricultura - Precios Internos de los Principales Granos;Argentina / mercado interno — ROSARIO;Precio interno mensual;ARS;TN;mensual;1;17794.9;17794.9;17794.9;17794.9;-0.378446;105.880141
2021;03;2021-03;Soja;Secretaría de Agricultura - Precios Internos de los Principales Granos;Argentina / mercado interno — ROSARIO;Precio interno mensual;ARS;TN;mensual;1;29960.9;29960.9;29960.9;29960.9;2.746571;114.873135
2021;03;2021-03;Sorgo;Secretaría de Agricultura - Precios Internos de los Principales Granos;Argentina / mercado interno — ROSARIO;Precio interno mensual;ARS;TN;mensual;1;20147.5;20147.5;20147.5;20147.5;6.403486;142.809126
2021;03;2021-03;Trigo;Secretaría de Agricultura - Precios Internos de los Principales Granos;Argentina / mercado interno — CORDOBA;Precio interno mensual;ARS;TN;mensual;1;19592.22;19592.22;19592.22;19592.22;-1.159915;60.143434
2021;03;2021-03;Trigo;Secretaría de Agricultura - Precios Internos de los Principales Granos;Argentina / mercado interno — ROSARIO;Precio interno mensual;ARS;TN;mensual;1;19443.1;19443.1;19443.1;19443.1;2.676612;59.036478
2021;04;2021-04;Girasol;Secretaría de Agricultura - Precios Internos de los Principales Granos;Argentina / mercado interno — ROSARIO;Precio interno mensual;ARS;TN;mensual;1;44179;44179;44179;44179;8.649353;
2021;04;2021-04;Maíz;Secretaría de Agricultura - Precios Internos de los Principales Granos;Argentina / mercado interno — ROSARIO;Precio interno mensual;ARS;TN;mensual;1;19497.8;19497.8;19497.8;19497.8;9.569596;131.894435
2021;04;2021-04;Soja;Secretaría de Agricultura - Precios Internos de los Principales Granos;Argentina / mercado interno — ROSARIO;Precio interno mensual;ARS;TN;mensual;1;30810.3;30810.3;30810.3;30810.3;2.835028;125.373058
2021;04;2021-04;Sorgo;Secretaría de Agricultura - Precios Internos de los Principales Granos;Argentina / mercado interno — ROSARIO;Precio interno mensual;ARS;TN;mensual;1;20523.3;20523.3;20523.3;20523.3;1.865244;129.44854
2021;04;2021-04;Trigo;Secretaría de Agricultura - Precios Internos de los Principales Granos;Argentina / mercado interno — CORDOBA;Precio interno mensual;ARS;TN;mensual;1;19864;19864;19864;19864;1.387183;55.248144
2021;04;2021-04;Trigo;Secretaría de Agricultura - Precios Internos de los Principales Granos;Argentina / mercado interno — ROSARIO;Precio interno mensual;ARS;TN;mensual;1;19910;19910;19910;19910;2.401366;55.811389
2021;05;2021-05;Girasol;Secretaría de Agricultura - Precios Internos de los Principales Granos;Argentina / mercado interno — ROSARIO;Precio interno mensual;ARS;TN;mensual;1;42100;42100;42100;42100;-4.705856;162.878551
2021;05;2021-05;Maíz;Secretaría de Agricultura - Precios Internos de los Principales Granos;Argentina / mercado interno — ROSARIO;Precio interno mensual;ARS;TN;mensual;1;20900.53;20900.53;20900.53;20900.53;7.194299;160.362605
2021;05;2021-05;Soja;Secretaría de Agricultura - Precios Internos de los Principales Granos;Argentina / mercado interno — ROSARIO;Precio interno mensual;ARS;TN;mensual;1;32406.47;32406.47;32406.47;32406.47;5.180638;122.982958
2021;05;2021-05;Sorgo;Secretaría de Agricultura - Precios Internos de los Principales Granos;Argentina / mercado interno — ROSARIO;Precio interno mensual;ARS;TN;mensual;1;19083.33;19083.33;19083.33;19083.33;-7.016269;109.017853
2021;05;2021-05;Trigo;Secretaría de Agricultura - Precios Internos de los Principales Granos;Argentina / mercado interno — CORDOBA;Precio interno mensual;ARS;TN;mensual;1;21727.86;21727.86;21727.86;21727.86;9.383105;67.296574
2021;05;2021-05;Trigo;Secretaría de Agricultura - Precios Internos de los Principales Granos;Argentina / mercado interno — ROSARIO;Precio interno mensual;ARS;TN;mensual;1;21368.5;21368.5;21368.5;21368.5;7.325465;78.849125
2021;06;2021-06;Maíz;Secretaría de Agricultura - Precios Internos de los Principales Granos;Argentina / mercado interno — ROSARIO;Precio interno mensual;ARS;TN;mensual;1;18755.8;18755.8;18755.8;18755.8;-10.261606;119.769635
2021;06;2021-06;Soja;Secretaría de Agricultura - Precios Internos de los Principales Granos;Argentina / mercado interno — ROSARIO;Precio interno mensual;ARS;TN;mensual;1;30427.9;30427.9;30427.9;30427.9;-6.105478;99.620675
2021;06;2021-06;Sorgo;Secretaría de Agricultura - Precios Internos de los Principales Granos;Argentina / mercado interno — ROSARIO;Precio interno mensual;ARS;TN;mensual;1;17339;17339;17339;17339;-9.140595;73.9763
2021;06;2021-06;Trigo;Secretaría de Agricultura - Precios Internos de los Principales Granos;Argentina / mercado interno — CORDOBA;Precio interno mensual;ARS;TN;mensual;1;21528.89;21528.89;21528.89;21528.89;-0.915737;63.480096
2021;06;2021-06;Trigo;Secretaría de Agricultura - Precios Internos de los Principales Granos;Argentina / mercado interno — DARSENA;Precio interno mensual;ARS;TN;mensual;1;19500;19500;19500;19500;;37.323944
2021;06;2021-06;Trigo;Secretaría de Agricultura - Precios Internos de los Principales Granos;Argentina / mercado interno — ROSARIO;Precio interno mensual;ARS;TN;mensual;1;20620;20620;20620;20620;-3.50282;65.47363
2021;07;2021-07;Girasol;Secretaría de Agricultura - Precios Internos de los Principales Granos;Argentina / mercado interno — ROSARIO;Precio interno mensual;ARS;TN;mensual;1;33670;33670;33670;33670;;
2021;07;2021-07;Maíz;Secretaría de Agricultura - Precios Internos de los Principales Granos;Argentina / mercado interno — ROSARIO;Precio interno mensual;ARS;TN;mensual;1;17968.8;17968.8;17968.8;17968.8;-4.196035;93.67105
2021;07;2021-07;Soja;Secretaría de Agricultura - Precios Internos de los Principales Granos;Argentina / mercado interno — ROSARIO;Precio interno mensual;ARS;TN;mensual;1;31592.1;31592.1;31592.1;31592.1;3.826094;89.219574
2021;07;2021-07;Trigo;Secretaría de Agricultura - Precios Internos de los Principales Granos;Argentina / mercado interno — CORDOBA;Precio interno mensual;ARS;TN;mensual;1;20687.73;20687.73;20687.73;20687.73;-3.907122;48.172954
2021;07;2021-07;Trigo;Secretaría de Agricultura - Precios Internos de los Principales Granos;Argentina / mercado interno — DARSENA;Precio interno mensual;ARS;TN;mensual;1;19166.7;19166.7;19166.7;19166.7;-1.709231;32.820762
2021;07;2021-07;Trigo;Secretaría de Agricultura - Precios Internos de los Principales Granos;Argentina / mercado interno — ROSARIO;Precio interno mensual;ARS;TN;mensual;1;19857.8;19857.8;19857.8;19857.8;-3.696411;44.624416
2021;08;2021-08;Girasol;Secretaría de Agricultura - Precios Internos de los Principales Granos;Argentina / mercado interno — ROSARIO;Precio interno mensual;ARS;TN;mensual;1;38930;38930;38930;38930;15.622216;
2021;08;2021-08;Maíz;Secretaría de Agricultura - Precios Internos de los Principales Granos;Argentina / mercado interno — ROSARIO;Precio interno mensual;ARS;TN;mensual;1;18387.5;18387.5;18387.5;18387.5;2.33015;78.684223
2021;08;2021-08;Soja;Secretaría de Agricultura - Precios Internos de los Principales Granos;Argentina / mercado interno — ROSARIO;Precio interno mensual;ARS;TN;mensual;1;32870.95;32870.95;32870.95;32870.95;4.048006;83.926353
2021;08;2021-08;Sorgo;Secretaría de Agricultura - Precios Internos de los Principales Granos;Argentina / mercado interno — ROSARIO;Precio interno mensual;ARS;TN;mensual;1;16077;16077;16077;16077;;41.918911
2021;08;2021-08;Trigo;Secretaría de Agricultura - Precios Internos de los Principales Granos;Argentina / mercado interno — CORDOBA;Precio interno mensual;ARS;TN;mensual;1;21553.85;21553.85;21553.85;21553.85;4.186636;47.773746
2021;08;2021-08;Trigo;Secretaría de Agricultura - Precios Internos de los Principales Granos;Argentina / mercado interno — ROSARIO;Precio interno mensual;ARS;TN;mensual;1;21717.5;21717.5;21717.5;21717.5;9.365086;58.447878
2021;09;2021-09;Maíz;Secretaría de Agricultura - Precios Internos de los Principales Granos;Argentina / mercado interno — ROSARIO;Precio interno mensual;ARS;TN;mensual;1;19435.82;19435.82;19435.82;19435.82;5.701264;63.117182
2021;09;2021-09;Soja;Secretaría de Agricultura - Precios Internos de los Principales Granos;Argentina / mercado interno — ROSARIO;Precio interno mensual;ARS;TN;mensual;1;33783.86;33783.86;33783.86;33783.86;2.777255;67.324696
2021;09;2021-09;Sorgo;Secretaría de Agricultura - Precios Internos de los Principales Granos;Argentina / mercado interno — ROSARIO;Precio interno mensual;ARS;TN;mensual;1;16485;16485;16485;16485;2.537787;32.303371
2021;09;2021-09;Trigo;Secretaría de Agricultura - Precios Internos de los Principales Granos;Argentina / mercado interno — CORDOBA;Precio interno mensual;ARS;TN;mensual;1;23102.5;23102.5;23102.5;23102.5;7.185027;50.676667
2021;09;2021-09;Trigo;Secretaría de Agricultura - Precios Internos de los Principales Granos;Argentina / mercado interno — DARSENA;Precio interno mensual;ARS;TN;mensual;1;23000;23000;23000;23000;;43.75
2021;09;2021-09;Trigo;Secretaría de Agricultura - Precios Internos de los Principales Granos;Argentina / mercado interno — ROSARIO;Precio interno mensual;ARS;TN;mensual;1;22895.71;22895.71;22895.71;22895.71;5.425164;55.330461
2021;10;2021-10;Maíz;Secretaría de Agricultura - Precios Internos de los Principales Granos;Argentina / mercado interno — ROSARIO;Precio interno mensual;ARS;TN;mensual;1;19018.53;19018.53;19018.53;19018.53;-2.147015;31.993013
2021;10;2021-10;Sorgo;Secretaría de Agricultura - Precios Internos de los Principales Granos;Argentina / mercado interno — ROSARIO;Precio interno mensual;ARS;TN;mensual;1;16553.75;16553.75;16553.75;16553.75;0.417046;-33.811475
2021;10;2021-10;Trigo;Secretaría de Agricultura - Precios Internos de los Principales Granos;Argentina / mercado interno — CORDOBA;Precio interno mensual;ARS;TN;mensual;1;23587.5;23587.5;23587.5;23587.5;2.09934;39.593556
2021;10;2021-10;Trigo;Secretaría de Agricultura - Precios Internos de los Principales Granos;Argentina / mercado interno — DARSENA;Precio interno mensual;ARS;TN;mensual;1;22500;22500;22500;22500;-2.173913;28.571429
2021;10;2021-10;Trigo;Secretaría de Agricultura - Precios Internos de los Principales Granos;Argentina / mercado interno — QUEQUEN;Precio interno mensual;ARS;TN;mensual;1;22834;22834;22834;22834;;
2021;10;2021-10;Trigo;Secretaría de Agricultura - Precios Internos de los Principales Granos;Argentina / mercado interno — ROSARIO;Precio interno mensual;ARS;TN;mensual;1;23404.09;23404.09;23404.09;23404.09;2.220416;42.658892
2021;11;2021-11;Maíz;Secretaría de Agricultura - Precios Internos de los Principales Granos;Argentina / mercado interno — ROSARIO;Precio interno mensual;ARS;TN;mensual;1;20053.7;20053.7;20053.7;20053.7;5.442955;29.672774
2021;11;2021-11;Sorgo;Secretaría de Agricultura - Precios Internos de los Principales Granos;Argentina / mercado interno — ROSARIO;Precio interno mensual;ARS;TN;mensual;1;18066.75;18066.75;18066.75;18066.75;9.139923;
2021;11;2021-11;Trigo;Secretaría de Agricultura - Precios Internos de los Principales Granos;Argentina / mercado interno — CORDOBA;Precio interno mensual;ARS;TN;mensual;1;23361.45;23361.45;23361.45;23361.45;-0.958347;33.085769
2021;11;2021-11;Trigo;Secretaría de Agricultura - Precios Internos de los Principales Granos;Argentina / mercado interno — ROSARIO;Precio interno mensual;ARS;TN;mensual;1;23648.75;23648.75;23648.75;23648.75;1.045373;40.813307
2021;12;2021-12;Maíz;Secretaría de Agricultura - Precios Internos de los Principales Granos;Argentina / mercado interno — ROSARIO;Precio interno mensual;ARS;TN;mensual;1;22156.8;22156.8;22156.8;22156.8;10.487341;34.986219
2021;12;2021-12;Sorgo;Secretaría de Agricultura - Precios Internos de los Principales Granos;Argentina / mercado interno — ROSARIO;Precio interno mensual;ARS;TN;mensual;1;19530.5;19530.5;19530.5;19530.5;8.1019;
2021;12;2021-12;Trigo;Secretaría de Agricultura - Precios Internos de los Principales Granos;Argentina / mercado interno — CORDOBA;Precio interno mensual;ARS;TN;mensual;1;23729.38;23729.38;23729.38;23729.38;1.574945;29.855792
2021;12;2021-12;Trigo;Secretaría de Agricultura - Precios Internos de los Principales Granos;Argentina / mercado interno — ROSARIO;Precio interno mensual;ARS;TN;mensual;1;24270.5;24270.5;24270.5;24270.5;2.629103;32.875751
2022;01;2022-01;Girasol;Secretaría de Agricultura - Precios Internos de los Principales Granos;Argentina / mercado interno — ROSARIO;Precio interno mensual;ARS;TN;mensual;1;50035;50035;50035;50035;;35.896984
2022;01;2022-01;Maíz;Secretaría de Agricultura - Precios Internos de los Principales Granos;Argentina / mercado interno — ROSARIO;Precio interno mensual;ARS;TN;mensual;1;23885.2;23885.2;23885.2;23885.2;7.800765;43.769826
2022;01;2022-01;Soja;Secretaría de Agricultura - Precios Internos de los Principales Granos;Argentina / mercado interno — ROSARIO;Precio interno mensual;ARS;TN;mensual;1;40193.9;40193.9;40193.9;40193.9;;43.976946
2022;01;2022-01;Sorgo;Secretaría de Agricultura - Precios Internos de los Principales Granos;Argentina / mercado interno — ROSARIO;Precio interno mensual;ARS;TN;mensual;1;24846;24846;24846;24846;27.216405;
2022;01;2022-01;Trigo;Secretaría de Agricultura - Precios Internos de los Principales Granos;Argentina / mercado interno — CORDOBA;Precio interno mensual;ARS;TN;mensual;1;23910;23910;23910;23910;0.761166;19.268883
2022;01;2022-01;Trigo;Secretaría de Agricultura - Precios Internos de los Principales Granos;Argentina / mercado interno — ROSARIO;Precio interno mensual;ARS;TN;mensual;1;24583.5;24583.5;24583.5;24583.5;1.289631;32.379097
2022;02;2022-02;Girasol;Secretaría de Agricultura - Precios Internos de los Principales Granos;Argentina / mercado interno — ROSARIO;Precio interno mensual;ARS;TN;mensual;1;53790.4;53790.4;53790.4;53790.4;7.505546;34.032353
2022;02;2022-02;Maíz;Secretaría de Agricultura - Precios Internos de los Principales Granos;Argentina / mercado interno — ROSARIO;Precio interno mensual;ARS;TN;mensual;1;25572.4;25572.4;25572.4;25572.4;7.063788;43.162491
2022;02;2022-02;Soja;Secretaría de Agricultura - Precios Internos de los Principales Granos;Argentina / mercado interno — ROSARIO;Precio interno mensual;ARS;TN;mensual;1;45088.8;45088.8;45088.8;45088.8;12.178216;54.625514
2022;02;2022-02;Sorgo;Secretaría de Agricultura - Precios Internos de los Principales Granos;Argentina / mercado interno — ROSARIO;Precio interno mensual;ARS;TN;mensual;1;23279;23279;23279;23279;-6.30685;22.941642
2022;02;2022-02;Trigo;Secretaría de Agricultura - Precios Internos de los Principales Granos;Argentina / mercado interno — CORDOBA;Precio interno mensual;ARS;TN;mensual;1;25524.17;25524.17;25524.17;25524.17;6.751025;28.765966
2022;02;2022-02;Trigo;Secretaría de Agricultura - Precios Internos de los Principales Granos;Argentina / mercado interno — DARSENA;Precio interno mensual;ARS;TN;mensual;1;25500;25500;25500;25500;;35.638298
2022;02;2022-02;Trigo;Secretaría de Agricultura - Precios Internos de los Principales Granos;Argentina / mercado interno — ROSARIO;Precio interno mensual;ARS;TN;mensual;1;26217.8;26217.8;26217.8;26217.8;6.647955;38.452967
2022;03;2022-03;Girasol;Secretaría de Agricultura - Precios Internos de los Principales Granos;Argentina / mercado interno — ROSARIO;Precio interno mensual;ARS;TN;mensual;1;69333.64;69333.64;69333.64;69333.64;28.895937;70.512124
2022;03;2022-03;Maíz;Secretaría de Agricultura - Precios Internos de los Principales Granos;Argentina / mercado interno — ROSARIO;Precio interno mensual;ARS;TN;mensual;1;30408.7;30408.7;30408.7;30408.7;18.912187;70.884355
2022;03;2022-03;Soja;Secretaría de Agricultura - Precios Internos de los Principales Granos;Argentina / mercado interno — ROSARIO;Precio interno mensual;ARS;TN;mensual;1;50211.19;50211.19;50211.19;50211.19;11.36067;67.589058
2022;03;2022-03;Sorgo;Secretaría de Agricultura - Precios Internos de los Principales Granos;Argentina / mercado interno — ROSARIO;Precio interno mensual;ARS;TN;mensual;1;27360.6;27360.6;27360.6;27360.6;17.533399;35.801464
2022;03;2022-03;Trigo;Secretaría de Agricultura - Precios Internos de los Principales Granos;Argentina / mercado interno — CORDOBA;Precio interno mensual;ARS;TN;mensual;1;34146.43;34146.43;34146.43;34146.43;33.780765;74.28566
2022;03;2022-03;Trigo;Secretaría de Agricultura - Precios Internos de los Principales Granos;Argentina / mercado interno — ROSARIO;Precio interno mensual;ARS;TN;mensual;1;34446.19;34446.19;34446.19;34446.19;31.384746;77.164084
2022;04;2022-04;Girasol;Secretaría de Agricultura - Precios Internos de los Principales Granos;Argentina / mercado interno — ROSARIO;Precio interno mensual;ARS;TN;mensual;1;71200;71200;71200;71200;2.691853;61.162543
2022;04;2022-04;Maíz;Secretaría de Agricultura - Precios Internos de los Principales Granos;Argentina / mercado interno — ROSARIO;Precio interno mensual;ARS;TN;mensual;1;29842.37;29842.37;29842.37;29842.37;-1.862395;53.055063
2022;04;2022-04;Soja;Secretaría de Agricultura - Precios Internos de los Principales Granos;Argentina / mercado interno — ROSARIO;Precio interno mensual;ARS;TN;mensual;1;49359.74;49359.74;49359.74;49359.74;-1.695738;60.205321
2022;04;2022-04;Sorgo;Secretaría de Agricultura - Precios Internos de los Principales Granos;Argentina / mercado interno — ROSARIO;Precio interno mensual;ARS;TN;mensual;1;27750;27750;27750;27750;1.423214;35.212173
2022;04;2022-04;Trigo;Secretaría de Agricultura - Precios Internos de los Principales Granos;Argentina / mercado interno — CORDOBA;Precio interno mensual;ARS;TN;mensual;1;41372;41372;41372;41372;21.160543;108.276279
2022;04;2022-04;Trigo;Secretaría de Agricultura - Precios Internos de los Principales Granos;Argentina / mercado interno — ROSARIO;Precio interno mensual;ARS;TN;mensual;1;39317.63;39317.63;39317.63;39317.63;14.142174;97.476796
2022;05;2022-05;Maíz;Secretaría de Agricultura - Precios Internos de los Principales Granos;Argentina / mercado interno — ROSARIO;Precio interno mensual;ARS;TN;mensual;1;31412.11;31412.11;31412.11;31412.11;5.260105;50.293366
2022;05;2022-05;Soja;Secretaría de Agricultura - Precios Internos de los Principales Granos;Argentina / mercado interno — ROSARIO;Precio interno mensual;ARS;TN;mensual;1;49883.5;49883.5;49883.5;49883.5;1.061108;53.930681
2022;05;2022-05;Sorgo;Secretaría de Agricultura - Precios Internos de los Principales Granos;Argentina / mercado interno — ROSARIO;Precio interno mensual;ARS;TN;mensual;1;31974.31;31974.31;31974.31;31974.31;15.222739;67.550999
2022;05;2022-05;Trigo;Secretaría de Agricultura - Precios Internos de los Principales Granos;Argentina / mercado interno — CORDOBA;Precio interno mensual;ARS;TN;mensual;1;43790.71;43790.71;43790.71;43790.71;5.846249;101.541753
2022;05;2022-05;Trigo;Secretaría de Agricultura - Precios Internos de los Principales Granos;Argentina / mercado interno — ROSARIO;Precio interno mensual;ARS;TN;mensual;1;44113;44113;44113;44113;12.196488;106.439385
2022;06;2022-06;Maíz;Secretaría de Agricultura - Precios Internos de los Principales Granos;Argentina / mercado interno — ROSARIO;Precio interno mensual;ARS;TN;mensual;1;30910;30910;30910;30910;-1.59846;64.802354
2022;06;2022-06;Soja;Secretaría de Agricultura - Precios Internos de los Principales Granos;Argentina / mercado interno — ROSARIO;Precio interno mensual;ARS;TN;mensual;1;49290.3;49290.3;49290.3;49290.3;-1.189171;61.990476
2022;06;2022-06;Sorgo;Secretaría de Agricultura - Precios Internos de los Principales Granos;Argentina / mercado interno — ROSARIO;Precio interno mensual;ARS;TN;mensual;1;29809.41;29809.41;29809.41;29809.41;-6.770748;71.92116
2022;06;2022-06;Trigo;Secretaría de Agricultura - Precios Internos de los Principales Granos;Argentina / mercado interno — CORDOBA;Precio interno mensual;ARS;TN;mensual;1;43716.36;43716.36;43716.36;43716.36;-0.169785;103.059052
2022;06;2022-06;Trigo;Secretaría de Agricultura - Precios Internos de los Principales Granos;Argentina / mercado interno — QUEQUEN;Precio interno mensual;ARS;TN;mensual;1;40000;40000;40000;40000;;
2022;06;2022-06;Trigo;Secretaría de Agricultura - Precios Internos de los Principales Granos;Argentina / mercado interno — ROSARIO;Precio interno mensual;ARS;TN;mensual;1;43176.84;43176.84;43176.84;43176.84;-2.122186;109.393016
2022;07;2022-07;Maíz;Secretaría de Agricultura - Precios Internos de los Principales Granos;Argentina / mercado interno — ROSARIO;Precio interno mensual;ARS;TN;mensual;1;29842.37;29842.37;29842.37;29842.37;-3.453995;66.078814
2022;07;2022-07;Soja;Secretaría de Agricultura - Precios Internos de los Principales Granos;Argentina / mercado interno — ROSARIO;Precio interno mensual;ARS;TN;mensual;1;49001.32;49001.32;49001.32;49001.32;-0.586282;55.106245
2022;07;2022-07;Sorgo;Secretaría de Agricultura - Precios Internos de los Principales Granos;Argentina / mercado interno — ROSARIO;Precio interno mensual;ARS;TN;mensual;1;28189.23;28189.23;28189.23;28189.23;-5.435129;
2022;07;2022-07;Trigo;Secretaría de Agricultura - Precios Internos de los Principales Granos;Argentina / mercado interno — CORDOBA;Precio interno mensual;ARS;TN;mensual;1;43032.92;43032.92;43032.92;43032.92;-1.563351;108.011802
2022;07;2022-07;Trigo;Secretaría de Agricultura - Precios Internos de los Principales Granos;Argentina / mercado interno — ROSARIO;Precio interno mensual;ARS;TN;mensual;1;42157.92;42157.92;42157.92;42157.92;-2.359876;112.299046
2022;08;2022-08;Maíz;Secretaría de Agricultura - Precios Internos de los Principales Granos;Argentina / mercado interno — QUEQUEN;Precio interno mensual;ARS;TN;mensual;1;34110;34110;34110;34110;;
2022;08;2022-08;Maíz;Secretaría de Agricultura - Precios Internos de los Principales Granos;Argentina / mercado interno — ROSARIO;Precio interno mensual;ARS;TN;mensual;1;30343.77;30343.77;30343.77;30343.77;1.680161;65.023902
2022;08;2022-08;Soja;Secretaría de Agricultura - Precios Internos de los Principales Granos;Argentina / mercado interno — QUEQUEN;Precio interno mensual;ARS;TN;mensual;1;51600;51600;51600;51600;;
2022;08;2022-08;Soja;Secretaría de Agricultura - Precios Internos de los Principales Granos;Argentina / mercado interno — ROSARIO;Precio interno mensual;ARS;TN;mensual;1;51878.18;51878.18;51878.18;51878.18;5.870985;57.823793
2022;08;2022-08;Sorgo;Secretaría de Agricultura - Precios Internos de los Principales Granos;Argentina / mercado interno — ROSARIO;Precio interno mensual;ARS;TN;mensual;1;30613.77;30613.77;30613.77;30613.77;8.600944;90.419668
2022;08;2022-08;Trigo;Secretaría de Agricultura - Precios Internos de los Principales Granos;Argentina / mercado interno — CORDOBA;Precio interno mensual;ARS;TN;mensual;1;44787.06;44787.06;44787.06;44787.06;4.076275;107.791462
2022;08;2022-08;Trigo;Secretaría de Agricultura - Precios Internos de los Principales Granos;Argentina / mercado interno — ROSARIO;Precio interno mensual;ARS;TN;mensual;1;40086.7;40086.7;40086.7;40086.7;-4.913003;84.58248
2022;09;2022-09;Maíz;Secretaría de Agricultura - Precios Internos de los Principales Granos;Argentina / mercado interno — ROSARIO;Precio interno mensual;ARS;TN;mensual;1;33711;33711;33711;33711;11.09694;73.447789
2022;09;2022-09;Soja;Secretaría de Agricultura - Precios Internos de los Principales Granos;Argentina / mercado interno — B.BLANCA;Precio interno mensual;ARS;TN;mensual;1;69591.67;69591.67;69591.67;69591.67;;
2022;09;2022-09;Soja;Secretaría de Agricultura - Precios Internos de los Principales Granos;Argentina / mercado interno — QUEQUEN;Precio interno mensual;ARS;TN;mensual;1;70346.5;70346.5;70346.5;70346.5;36.330426;
2022;09;2022-09;Soja;Secretaría de Agricultura - Precios Internos de los Principales Granos;Argentina / mercado interno — ROSARIO;Precio interno mensual;ARS;TN;mensual;1;66960;66960;66960;66960;29.071606;98.201153
2022;09;2022-09;Sorgo;Secretaría de Agricultura - Precios Internos de los Principales Granos;Argentina / mercado interno — ROSARIO;Precio interno mensual;ARS;TN;mensual;1;33823.3;33823.3;33823.3;33823.3;10.483942;105.176221
2022;09;2022-09;Trigo;Secretaría de Agricultura - Precios Internos de los Principales Granos;Argentina / mercado interno — CORDOBA;Precio interno mensual;ARS;TN;mensual;1;47142.5;47142.5;47142.5;47142.5;5.259198;104.058002
2022;09;2022-09;Trigo;Secretaría de Agricultura - Precios Internos de los Principales Granos;Argentina / mercado interno — ROSARIO;Precio interno mensual;ARS;TN;mensual;1;42150;42150;42150;42150;5.147094;84.095623
2022;10;2022-10;Maíz;Secretaría de Agricultura - Precios Internos de los Principales Granos;Argentina / mercado interno — ROSARIO;Precio interno mensual;ARS;TN;mensual;1;37071.76;37071.76;37071.76;37071.76;9.969328;94.924424
2022;10;2022-10;Soja;Secretaría de Agricultura - Precios Internos de los Principales Granos;Argentina / mercado interno — ROSARIO;Precio interno mensual;ARS;TN;mensual;1;60208.8;60208.8;60208.8;60208.8;-10.082437;
2022;10;2022-10;Sorgo;Secretaría de Agricultura - Precios Internos de los Principales Granos;Argentina / mercado interno — ROSARIO;Precio interno mensual;ARS;TN;mensual;1;36595;36595;36595;36595;8.194647;121.067734
2022;10;2022-10;Trigo;Secretaría de Agricultura - Precios Internos de los Principales Granos;Argentina / mercado interno — CORDOBA;Precio interno mensual;ARS;TN;mensual;1;58484.09;58484.09;58484.09;58484.09;24.0581;147.945268
2022;11;2022-11;Maíz;Secretaría de Agricultura - Precios Internos de los Principales Granos;Argentina / mercado interno — QUEQUEN;Precio interno mensual;ARS;TN;mensual;1;40395;40395;40395;40395;;
2022;11;2022-11;Maíz;Secretaría de Agricultura - Precios Internos de los Principales Granos;Argentina / mercado interno — ROSARIO;Precio interno mensual;ARS;TN;mensual;1;39380.3;39380.3;39380.3;39380.3;6.22722;96.374235
2022;11;2022-11;Soja;Secretaría de Agricultura - Precios Internos de los Principales Granos;Argentina / mercado interno — QUEQUEN;Precio interno mensual;ARS;TN;mensual;1;74000;74000;74000;74000;;
2022;11;2022-11;Soja;Secretaría de Agricultura - Precios Internos de los Principales Granos;Argentina / mercado interno — ROSARIO;Precio interno mensual;ARS;TN;mensual;1;71467.5;71467.5;71467.5;71467.5;18.699426;
2022;11;2022-11;Sorgo;Secretaría de Agricultura - Precios Internos de los Principales Granos;Argentina / mercado interno — ROSARIO;Precio interno mensual;ARS;TN;mensual;1;40100;40100;40100;40100;9.577811;121.954696
2022;11;2022-11;Trigo;Secretaría de Agricultura - Precios Internos de los Principales Granos;Argentina / mercado interno — CORDOBA;Precio interno mensual;ARS;TN;mensual;1;61487.65;61487.65;61487.65;61487.65;5.135687;163.201342
2022;11;2022-11;Trigo;Secretaría de Agricultura - Precios Internos de los Principales Granos;Argentina / mercado interno — ROSARIO;Precio interno mensual;ARS;TN;mensual;1;57600;57600;57600;57600;;143.56467
2022;12;2022-12;Maíz;Secretaría de Agricultura - Precios Internos de los Principales Granos;Argentina / mercado interno — ROSARIO;Precio interno mensual;ARS;TN;mensual;1;42627.1;42627.1;42627.1;42627.1;8.244732;92.388341
2022;12;2022-12;Soja;Secretaría de Agricultura - Precios Internos de los Principales Granos;Argentina / mercado interno — ROSARIO;Precio interno mensual;ARS;TN;mensual;1;94930.6;94930.6;94930.6;94930.6;32.830447;
2022;12;2022-12;Sorgo;Secretaría de Agricultura - Precios Internos de los Principales Granos;Argentina / mercado interno — ROSARIO;Precio interno mensual;ARS;TN;mensual;1;42393.3;42393.3;42393.3;42393.3;5.718953;117.062031
2022;12;2022-12;Trigo;Secretaría de Agricultura - Precios Internos de los Principales Granos;Argentina / mercado interno — CORDOBA;Precio interno mensual;ARS;TN;mensual;1;60761.36;60761.36;60761.36;60761.36;-1.181197;156.059619
2022;12;2022-12;Trigo;Secretaría de Agricultura - Precios Internos de los Principales Granos;Argentina / mercado interno — ROSARIO;Precio interno mensual;ARS;TN;mensual;1;56675;56675;56675;56675;-1.605903;133.513937
2023;01;2023-01;Girasol;Secretaría de Agricultura - Precios Internos de los Principales Granos;Argentina / mercado interno — ROSARIO;Precio interno mensual;ARS;TN;mensual;1;82763.31;82763.31;82763.31;82763.31;;65.410832
2023;01;2023-01;Maíz;Secretaría de Agricultura - Precios Internos de los Principales Granos;Argentina / mercado interno — ROSARIO;Precio interno mensual;ARS;TN;mensual;1;47282.9;47282.9;47282.9;47282.9;10.92216;97.958987
2023;01;2023-01;Sorgo;Secretaría de Agricultura - Precios Internos de los Principales Granos;Argentina / mercado interno — ROSARIO;Precio interno mensual;ARS;TN;mensual;1;49982;49982;49982;49982;17.900706;101.16719
2023;01;2023-01;Trigo;Secretaría de Agricultura - Precios Internos de los Principales Granos;Argentina / mercado interno — CORDOBA;Precio interno mensual;ARS;TN;mensual;1;61607.73;61607.73;61607.73;61607.73;1.392941;157.665119
2023;02;2023-02;Girasol;Secretaría de Agricultura - Precios Internos de los Principales Granos;Argentina / mercado interno — ROSARIO;Precio interno mensual;ARS;TN;mensual;1;80846.67;80846.67;80846.67;80846.67;-2.315809;50.29944
2023;02;2023-02;Maíz;Secretaría de Agricultura - Precios Internos de los Principales Granos;Argentina / mercado interno — ROSARIO;Precio interno mensual;ARS;TN;mensual;1;49898.82;49898.82;49898.82;49898.82;5.532486;95.127638
2023;02;2023-02;Sorgo;Secretaría de Agricultura - Precios Internos de los Principales Granos;Argentina / mercado interno — ROSARIO;Precio interno mensual;ARS;TN;mensual;1;51500;51500;51500;51500;3.037093;121.229434
2023;02;2023-02;Trigo;Secretaría de Agricultura - Precios Internos de los Principales Granos;Argentina / mercado interno — CORDOBA;Precio interno mensual;ARS;TN;mensual;1;60407.08;60407.08;60407.08;60407.08;-1.948863;136.666187
2023;03;2023-03;Girasol;Secretaría de Agricultura - Precios Internos de los Principales Granos;Argentina / mercado interno — ROSARIO;Precio interno mensual;ARS;TN;mensual;1;76612.4;76612.4;76612.4;76612.4;-5.237408;10.498165
2023;03;2023-03;Maíz;Secretaría de Agricultura - Precios Internos de los Principales Granos;Argentina / mercado interno — B.BLANCA;Precio interno mensual;ARS;TN;mensual;1;50850;50850;50850;50850;;
2023;03;2023-03;Maíz;Secretaría de Agricultura - Precios Internos de los Principales Granos;Argentina / mercado interno — QUEQUEN;Precio interno mensual;ARS;TN;mensual;1;48500;48500;48500;48500;;
2023;03;2023-03;Maíz;Secretaría de Agricultura - Precios Internos de los Principales Granos;Argentina / mercado interno — ROSARIO;Precio interno mensual;ARS;TN;mensual;1;50778.41;50778.41;50778.41;50778.41;1.762747;66.986455
2023;03;2023-03;Soja;Secretaría de Agricultura - Precios Internos de los Principales Granos;Argentina / mercado interno — B.BLANCA;Precio interno mensual;ARS;TN;mensual;1;87000;87000;87000;87000;;
2023;03;2023-03;Soja;Secretaría de Agricultura - Precios Internos de los Principales Granos;Argentina / mercado interno — ROSARIO;Precio interno mensual;ARS;TN;mensual;1;88283.33;88283.33;88283.33;88283.33;;75.824015
2023;03;2023-03;Sorgo;Secretaría de Agricultura - Precios Internos de los Principales Granos;Argentina / mercado interno — ROSARIO;Precio interno mensual;ARS;TN;mensual;1;51771.7;51771.7;51771.7;51771.7;0.527573;89.2199
2023;03;2023-03;Trigo;Secretaría de Agricultura - Precios Internos de los Principales Granos;Argentina / mercado interno — CORDOBA;Precio interno mensual;ARS;TN;mensual;1;60549.29;60549.29;60549.29;60549.29;0.235419;77.322461
2023;04;2023-04;Cebada forrajera;Secretaría de Agricultura - Precios Internos de los Principales Granos;Argentina / mercado interno — B.BLANCA;Precio interno mensual;ARS;TN;mensual;1;57000;57000;57000;57000;;
2023;04;2023-04;Cebada forrajera;Secretaría de Agricultura - Precios Internos de los Principales Granos;Argentina / mercado interno — QUEQUEN;Precio interno mensual;ARS;TN;mensual;1;52388;52388;52388;52388;;
2023;04;2023-04;Girasol;Secretaría de Agricultura - Precios Internos de los Principales Granos;Argentina / mercado interno — B.BLANCA;Precio interno mensual;ARS;TN;mensual;1;87000;87000;87000;87000;;
2023;04;2023-04;Girasol;Secretaría de Agricultura - Precios Internos de los Principales Granos;Argentina / mercado interno — QUEQUEN;Precio interno mensual;ARS;TN;mensual;1;87000;87000;87000;87000;;
2023;04;2023-04;Girasol;Secretaría de Agricultura - Precios Internos de los Principales Granos;Argentina / mercado interno — ROSARIO;Precio interno mensual;ARS;TN;mensual;1;77145;77145;77145;77145;0.695188;8.349719
2023;04;2023-04;Maíz;Secretaría de Agricultura - Precios Internos de los Principales Granos;Argentina / mercado interno — ROSARIO;Precio interno mensual;ARS;TN;mensual;1;51638.18;51638.18;51638.18;51638.18;1.69318;73.036458
2023;04;2023-04;Soja;Secretaría de Agricultura - Precios Internos de los Principales Granos;Argentina / mercado interno — B.BLANCA;Precio interno mensual;ARS;TN;mensual;1;99444.4;99444.4;99444.4;99444.4;14.303908;
2023;04;2023-04;Soja;Secretaría de Agricultura - Precios Internos de los Principales Granos;Argentina / mercado interno — QUEQUEN;Precio interno mensual;ARS;TN;mensual;1;102132.9;102132.9;102132.9;102132.9;;
2023;04;2023-04;Soja;Secretaría de Agricultura - Precios Internos de los Principales Granos;Argentina / mercado interno — ROSARIO;Precio interno mensual;ARS;TN;mensual;1;100311.1;100311.1;100311.1;100311.1;13.624056;103.224531
2023;04;2023-04;Sorgo;Secretaría de Agricultura - Precios Internos de los Principales Granos;Argentina / mercado interno — ROSARIO;Precio interno mensual;ARS;TN;mensual;1;58720;58720;58720;58720;13.421039;111.603604
2023;04;2023-04;Trigo;Secretaría de Agricultura - Precios Internos de los Principales Granos;Argentina / mercado interno — CORDOBA;Precio interno mensual;ARS;TN;mensual;1;64689.55;64689.55;64689.55;64689.55;6.837834;56.360703
2023;04;2023-04;Trigo;Secretaría de Agricultura - Precios Internos de los Principales Granos;Argentina / mercado interno — ROSARIO;Precio interno mensual;ARS;TN;mensual;1;59110;59110;59110;59110;;50.339682
2023;05;2023-05;Cebada forrajera;Secretaría de Agricultura - Precios Internos de los Principales Granos;Argentina / mercado interno — B.BLANCA;Precio interno mensual;ARS;TN;mensual;1;56166.67;56166.67;56166.67;56166.67;-1.461982;
2023;05;2023-05;Cebada forrajera;Secretaría de Agricultura - Precios Internos de los Principales Granos;Argentina / mercado interno — QUEQUEN;Precio interno mensual;ARS;TN;mensual;1;56372.81;56372.81;56372.81;56372.81;7.606341;
2023;05;2023-05;Girasol;Secretaría de Agricultura - Precios Internos de los Principales Granos;Argentina / mercado interno — B.BLANCA;Precio interno mensual;ARS;TN;mensual;1;91112.5;91112.5;91112.5;91112.5;4.727011;
2023;05;2023-05;Girasol;Secretaría de Agricultura - Precios Internos de los Principales Granos;Argentina / mercado interno — QUEQUEN;Precio interno mensual;ARS;TN;mensual;1;91991;91991;91991;91991;5.736782;
2023;05;2023-05;Girasol;Secretaría de Agricultura - Precios Internos de los Principales Granos;Argentina / mercado interno — ROSARIO;Precio interno mensual;ARS;TN;mensual;1;92214.3;92214.3;92214.3;92214.3;19.533735;
2023;05;2023-05;Maíz;Secretaría de Agricultura - Precios Internos de los Principales Granos;Argentina / mercado interno — ROSARIO;Precio interno mensual;ARS;TN;mensual;1;48533.67;48533.67;48533.67;48533.67;-6.012044;54.50624
2023;05;2023-05;Soja;Secretaría de Agricultura - Precios Internos de los Principales Granos;Argentina / mercado interno — B.BLANCA;Precio interno mensual;ARS;TN;mensual;1;101946.2;101946.2;101946.2;101946.2;2.515778;
2023;05;2023-05;Soja;Secretaría de Agricultura - Precios Internos de los Principales Granos;Argentina / mercado interno — QUEQUEN;Precio interno mensual;ARS;TN;mensual;1;98544;98544;98544;98544;-3.513951;
2023;05;2023-05;Soja;Secretaría de Agricultura - Precios Internos de los Principales Granos;Argentina / mercado interno — ROSARIO;Precio interno mensual;ARS;TN;mensual;1;103475;103475;103475;103475;3.154088;107.43332
2023;05;2023-05;Sorgo;Secretaría de Agricultura - Precios Internos de los Principales Granos;Argentina / mercado interno — ROSARIO;Precio interno mensual;ARS;TN;mensual;1;67450;67450;67450;67450;14.867166;110.950604
2023;05;2023-05;Trigo;Secretaría de Agricultura - Precios Internos de los Principales Granos;Argentina / mercado interno — CORDOBA;Precio interno mensual;ARS;TN;mensual;1;76042.11;76042.11;76042.11;76042.11;17.549295;73.648954
2023;05;2023-05;Trigo;Secretaría de Agricultura - Precios Internos de los Principales Granos;Argentina / mercado interno — ROSARIO;Precio interno mensual;ARS;TN;mensual;1;67832.8;67832.8;67832.8;67832.8;14.756894;53.770544
2023;06;2023-06;Cebada forrajera;Secretaría de Agricultura - Precios Internos de los Principales Granos;Argentina / mercado interno — QUEQUEN;Precio interno mensual;ARS;TN;mensual;1;50000;50000;50000;50000;-11.304758;
2023;06;2023-06;Girasol;Secretaría de Agricultura - Precios Internos de los Principales Granos;Argentina / mercado interno — B.BLANCA;Precio interno mensual;ARS;TN;mensual;1;65000;65000;65000;65000;-28.659624;
2023;06;2023-06;Maíz;Secretaría de Agricultura - Precios Internos de los Principales Granos;Argentina / mercado interno — ROSARIO;Precio interno mensual;ARS;TN;mensual;1;48602.89;48602.89;48602.89;48602.89;0.142623;57.240019
2023;06;2023-06;Sorgo;Secretaría de Agricultura - Precios Internos de los Principales Granos;Argentina / mercado interno — ROSARIO;Precio interno mensual;ARS;TN;mensual;1;53785;53785;53785;53785;-20.259451;80.429603
2023;06;2023-06;Trigo;Secretaría de Agricultura - Precios Internos de los Principales Granos;Argentina / mercado interno — CORDOBA;Precio interno mensual;ARS;TN;mensual;1;80873.53;80873.53;80873.53;80873.53;6.353611;84.996029
2023;06;2023-06;Trigo;Secretaría de Agricultura - Precios Internos de los Principales Granos;Argentina / mercado interno — ROSARIO;Precio interno mensual;ARS;TN;mensual;1;73343.89;73343.89;73343.89;73343.89;8.124521;69.868592
2023;07;2023-07;Cebada forrajera;Secretaría de Agricultura - Precios Internos de los Principales Granos;Argentina / mercado interno — B.BLANCA;Precio interno mensual;ARS;TN;mensual;1;68000;68000;68000;68000;;
2023;07;2023-07;Cebada forrajera;Secretaría de Agricultura - Precios Internos de los Principales Granos;Argentina / mercado interno — QUEQUEN;Precio interno mensual;ARS;TN;mensual;1;69381;69381;69381;69381;38.762;
2023;07;2023-07;Girasol;Secretaría de Agricultura - Precios Internos de los Principales Granos;Argentina / mercado interno — QUEQUEN;Precio interno mensual;ARS;TN;mensual;1;113400;113400;113400;113400;;
2023;07;2023-07;Girasol;Secretaría de Agricultura - Precios Internos de los Principales Granos;Argentina / mercado interno — ROSARIO;Precio interno mensual;ARS;TN;mensual;1;111125;111125;111125;111125;;
2023;07;2023-07;Maíz;Secretaría de Agricultura - Precios Internos de los Principales Granos;Argentina / mercado interno — B.BLANCA;Precio interno mensual;ARS;TN;mensual;1;64074;64074;64074;64074;;
2023;07;2023-07;Maíz;Secretaría de Agricultura - Precios Internos de los Principales Granos;Argentina / mercado interno — QUEQUEN;Precio interno mensual;ARS;TN;mensual;1;62637.8;62637.8;62637.8;62637.8;;
2023;07;2023-07;Maíz;Secretaría de Agricultura - Precios Internos de los Principales Granos;Argentina / mercado interno — ROSARIO;Precio interno mensual;ARS;TN;mensual;1;51905.26;51905.26;51905.26;51905.26;6.794596;73.931427
2023;07;2023-07;Soja;Secretaría de Agricultura - Precios Internos de los Principales Granos;Argentina / mercado interno — ROSARIO;Precio interno mensual;ARS;TN;mensual;1;99750;99750;99750;99750;;103.565945
2023;07;2023-07;Sorgo;Secretaría de Agricultura - Precios Internos de los Principales Granos;Argentina / mercado interno — ROSARIO;Precio interno mensual;ARS;TN;mensual;1;66700;66700;66700;66700;24.012271;136.61519
2023;07;2023-07;Trigo;Secretaría de Agricultura - Precios Internos de los Principales Granos;Argentina / mercado interno — CORDOBA;Precio interno mensual;ARS;TN;mensual;1;77280.94;77280.94;77280.94;77280.94;-4.442232;79.585629
2023;07;2023-07;Trigo;Secretaría de Agricultura - Precios Internos de los Principales Granos;Argentina / mercado interno — ROSARIO;Precio interno mensual;ARS;TN;mensual;1;72912.5;72912.5;72912.5;72912.5;-0.588174;72.950895
2023;08;2023-08;Cebada forrajera;Secretaría de Agricultura - Precios Internos de los Principales Granos;Argentina / mercado interno — B.BLANCA;Precio interno mensual;ARS;TN;mensual;1;67556.25;67556.25;67556.25;67556.25;-0.652574;
2023;08;2023-08;Cebada forrajera;Secretaría de Agricultura - Precios Internos de los Principales Granos;Argentina / mercado interno — QUEQUEN;Precio interno mensual;ARS;TN;mensual;1;69000;69000;69000;69000;-0.549142;
2023;08;2023-08;Girasol;Secretaría de Agricultura - Precios Internos de los Principales Granos;Argentina / mercado interno — B.BLANCA;Precio interno mensual;ARS;TN;mensual;1;117035.7;117035.7;117035.7;117035.7;;
2023;08;2023-08;Girasol;Secretaría de Agricultura - Precios Internos de los Principales Granos;Argentina / mercado interno — QUEQUEN;Precio interno mensual;ARS;TN;mensual;1;117935.2;117935.2;117935.2;117935.2;3.999295;
2023;08;2023-08;Maíz;Secretaría de Agricultura - Precios Internos de los Principales Granos;Argentina / mercado interno — B.BLANCA;Precio interno mensual;ARS;TN;mensual;1;63950;63950;63950;63950;-0.193526;
2023;08;2023-08;Maíz;Secretaría de Agricultura - Precios Internos de los Principales Granos;Argentina / mercado interno — QUEQUEN;Precio interno mensual;ARS;TN;mensual;1;62709.67;62709.67;62709.67;62709.67;0.114739;83.845412
2023;08;2023-08;Maíz;Secretaría de Agricultura - Precios Internos de los Principales Granos;Argentina / mercado interno — ROSARIO;Precio interno mensual;ARS;TN;mensual;1;62022.38;62022.38;62022.38;62022.38;19.491512;104.399058
2023;08;2023-08;Soja;Secretaría de Agricultura - Precios Internos de los Principales Granos;Argentina / mercado interno — QUEQUEN;Precio interno mensual;ARS;TN;mensual;1;115670.67;115670.67;115670.67;115670.67;;124.167965
2023;08;2023-08;Soja;Secretaría de Agricultura - Precios Internos de los Principales Granos;Argentina / mercado interno — ROSARIO;Precio interno mensual;ARS;TN;mensual;1;123412.5;123412.5;123412.5;123412.5;23.721805;137.889032
2023;08;2023-08;Sorgo;Secretaría de Agricultura - Precios Internos de los Principales Granos;Argentina / mercado interno — ROSARIO;Precio interno mensual;ARS;TN;mensual;1;82616.67;82616.67;82616.67;82616.67;23.863073;169.867677
2023;08;2023-08;Trigo;Secretaría de Agricultura - Precios Internos de los Principales Granos;Argentina / mercado interno — CORDOBA;Precio interno mensual;ARS;TN;mensual;1;89722.5;89722.5;89722.5;89722.5;16.099131;100.331301
2023;08;2023-08;Trigo;Secretaría de Agricultura - Precios Internos de los Principales Granos;Argentina / mercado interno — ROSARIO;Precio interno mensual;ARS;TN;mensual;1;84000;84000;84000;84000;15.206583;109.545809
2023;09;2023-09;Cebada forrajera;Secretaría de Agricultura - Precios Internos de los Principales Granos;Argentina / mercado interno — B.BLANCA;Precio interno mensual;ARS;TN;mensual;1;66500;66500;66500;66500;-1.563512;
2023;09;2023-09;Cebada forrajera;Secretaría de Agricultura - Precios Internos de los Principales Granos;Argentina / mercado interno — QUEQUEN;Precio interno mensual;ARS;TN;mensual;1;65000;65000;65000;65000;-5.797101;
2023;09;2023-09;Girasol;Secretaría de Agricultura - Precios Internos de los Principales Granos;Argentina / mercado interno — B.BLANCA;Precio interno mensual;ARS;TN;mensual;1;113750;113750;113750;113750;-2.807434;
2023;09;2023-09;Girasol;Secretaría de Agricultura - Precios Internos de los Principales Granos;Argentina / mercado interno — QUEQUEN;Precio interno mensual;ARS;TN;mensual;1;114166.67;114166.67;114166.67;114166.67;-3.195424;
2023;09;2023-09;Maíz;Secretaría de Agricultura - Precios Internos de los Principales Granos;Argentina / mercado interno — B.BLANCA;Precio interno mensual;ARS;TN;mensual;1;66555.56;66555.56;66555.56;66555.56;4.074371;
2023;09;2023-09;Maíz;Secretaría de Agricultura - Precios Internos de los Principales Granos;Argentina / mercado interno — QUEQUEN;Precio interno mensual;ARS;TN;mensual;1;67160.31;67160.31;67160.31;67160.31;7.097215;
2023;09;2023-09;Maíz;Secretaría de Agricultura - Precios Internos de los Principales Granos;Argentina / mercado interno — ROSARIO;Precio interno mensual;ARS;TN;mensual;1;68238.46;68238.46;68238.46;68238.46;10.022318;102.421939
2023;09;2023-09;Soja;Secretaría de Agricultura - Precios Internos de los Principales Granos;Argentina / mercado interno — B.BLANCA;Precio interno mensual;ARS;TN;mensual;1;160750;160750;160750;160750;;130.990289
2023;09;2023-09;Soja;Secretaría de Agricultura - Precios Internos de los Principales Granos;Argentina / mercado interno — QUEQUEN;Precio interno mensual;ARS;TN;mensual;1;159331.11;159331.11;159331.11;159331.11;37.745472;126.494723
2023;09;2023-09;Soja;Secretaría de Agricultura - Precios Internos de los Principales Granos;Argentina / mercado interno — ROSARIO;Precio interno mensual;ARS;TN;mensual;1;160500;160500;160500;160500;30.051656;139.695341
2023;09;2023-09;Sorgo;Secretaría de Agricultura - Precios Internos de los Principales Granos;Argentina / mercado interno — ROSARIO;Precio interno mensual;ARS;TN;mensual;1;87000;87000;87000;87000;5.305624;157.219136
2023;09;2023-09;Trigo;Secretaría de Agricultura - Precios Internos de los Principales Granos;Argentina / mercado interno — CORDOBA;Precio interno mensual;ARS;TN;mensual;1;98606.75;98606.75;98606.75;98606.75;9.90192;109.167418
2023;10;2023-10;Cebada forrajera;Secretaría de Agricultura - Precios Internos de los Principales Granos;Argentina / mercado interno — QUEQUEN;Precio interno mensual;ARS;TN;mensual;1;69500;69500;69500;69500;6.923077;
2023;10;2023-10;Girasol;Secretaría de Agricultura - Precios Internos de los Principales Granos;Argentina / mercado interno — B.BLANCA;Precio interno mensual;ARS;TN;mensual;1;140000;140000;140000;140000;23.076923;
2023;10;2023-10;Girasol;Secretaría de Agricultura - Precios Internos de los Principales Granos;Argentina / mercado interno — QUEQUEN;Precio interno mensual;ARS;TN;mensual;1;141666.67;141666.67;141666.67;141666.67;24.087591;
2023;10;2023-10;Maíz;Secretaría de Agricultura - Precios Internos de los Principales Granos;Argentina / mercado interno — B.BLANCA;Precio interno mensual;ARS;TN;mensual;1;86250;86250;86250;86250;29.590976;
2023;10;2023-10;Maíz;Secretaría de Agricultura - Precios Internos de los Principales Granos;Argentina / mercado interno — QUEQUEN;Precio interno mensual;ARS;TN;mensual;1;87251.75;87251.75;87251.75;87251.75;29.915645;
2023;10;2023-10;Maíz;Secretaría de Agricultura - Precios Internos de los Principales Granos;Argentina / mercado interno — ROSARIO;Precio interno mensual;ARS;TN;mensual;1;85310;85310;85310;85310;25.017475;130.121257
2023;10;2023-10;Soja;Secretaría de Agricultura - Precios Internos de los Principales Granos;Argentina / mercado interno — B.BLANCA;Precio interno mensual;ARS;TN;mensual;1;166250;166250;166250;166250;3.421462;
2023;10;2023-10;Soja;Secretaría de Agricultura - Precios Internos de los Principales Granos;Argentina / mercado interno — QUEQUEN;Precio interno mensual;ARS;TN;mensual;1;173333.33;173333.33;173333.33;173333.33;8.788127;
2023;10;2023-10;Soja;Secretaría de Agricultura - Precios Internos de los Principales Granos;Argentina / mercado interno — ROSARIO;Precio interno mensual;ARS;TN;mensual;1;172966.67;172966.67;172966.67;172966.67;7.767396;187.278056
2023;10;2023-10;Sorgo;Secretaría de Agricultura - Precios Internos de los Principales Granos;Argentina / mercado interno — ROSARIO;Precio interno mensual;ARS;TN;mensual;1;95750;95750;95750;95750;10.057471;161.647766
2023;10;2023-10;Trigo;Secretaría de Agricultura - Precios Internos de los Principales Granos;Argentina / mercado interno — CORDOBA;Precio interno mensual;ARS;TN;mensual;1;111038.85;111038.85;111038.85;111038.85;12.607758;89.861636
2023;10;2023-10;Trigo;Secretaría de Agricultura - Precios Internos de los Principales Granos;Argentina / mercado interno — QUEQUEN;Precio interno mensual;ARS;TN;mensual;1;100000;100000;100000;100000;;
2023;10;2023-10;Trigo;Secretaría de Agricultura - Precios Internos de los Principales Granos;Argentina / mercado interno — ROSARIO;Precio interno mensual;ARS;TN;mensual;1;110666.67;110666.67;110666.67;110666.67;;
2023;11;2023-11;Cebada forrajera;Secretaría de Agricultura - Precios Internos de los Principales Granos;Argentina / mercado interno — B.BLANCA;Precio interno mensual;ARS;TN;mensual;1;93666.67;93666.67;93666.67;93666.67;;
2023;11;2023-11;Girasol;Secretaría de Agricultura - Precios Internos de los Principales Granos;Argentina / mercado interno — B.BLANCA;Precio interno mensual;ARS;TN;mensual;1;170000;170000;170000;170000;21.428571;
2023;11;2023-11;Girasol;Secretaría de Agricultura - Precios Internos de los Principales Granos;Argentina / mercado interno — QUEQUEN;Precio interno mensual;ARS;TN;mensual;1;160000;160000;160000;160000;12.941174;
2023;11;2023-11;Maíz;Secretaría de Agricultura - Precios Internos de los Principales Granos;Argentina / mercado interno — B.BLANCA;Precio interno mensual;ARS;TN;mensual;1;99571;99571;99571;99571;15.444638;
2023;11;2023-11;Maíz;Secretaría de Agricultura - Precios Internos de los Principales Granos;Argentina / mercado interno — QUEQUEN;Precio interno mensual;ARS;TN;mensual;1;97690;97690;97690;97690;11.96337;141.836861
2023;11;2023-11;Maíz;Secretaría de Agricultura - Precios Internos de los Principales Granos;Argentina / mercado interno — ROSARIO;Precio interno mensual;ARS;TN;mensual;1;101105;101105;101105;101105;18.514828;156.740045
2023;11;2023-11;Soja;Secretaría de Agricultura - Precios Internos de los Principales Granos;Argentina / mercado interno — QUEQUEN;Precio interno mensual;ARS;TN;mensual;1;210300;210300;210300;210300;21.326925;184.189189
2023;11;2023-11;Soja;Secretaría de Agricultura - Precios Internos de los Principales Granos;Argentina / mercado interno — ROSARIO;Precio interno mensual;ARS;TN;mensual;1;205093;205093;205093;205093;18.573711;186.973799
2023;11;2023-11;Trigo;Secretaría de Agricultura - Precios Internos de los Principales Granos;Argentina / mercado interno — B.BLANCA;Precio interno mensual;ARS;TN;mensual;1;116666;116666;116666;116666;;
2023;11;2023-11;Trigo;Secretaría de Agricultura - Precios Internos de los Principales Granos;Argentina / mercado interno — CORDOBA;Precio interno mensual;ARS;TN;mensual;1;130967.86;130967.86;130967.86;130967.86;17.947781;112.998643
2023;11;2023-11;Trigo;Secretaría de Agricultura - Precios Internos de los Principales Granos;Argentina / mercado interno — QUEQUEN;Precio interno mensual;ARS;TN;mensual;1;115375;115375;115375;115375;15.375;
2023;11;2023-11;Trigo;Secretaría de Agricultura - Precios Internos de los Principales Granos;Argentina / mercado interno — ROSARIO;Precio interno mensual;ARS;TN;mensual;1;114300;114300;114300;114300;3.283129;98.4375
2023;12;2023-12;Cebada forrajera;Secretaría de Agricultura - Precios Internos de los Principales Granos;Argentina / mercado interno — B.BLANCA;Precio interno mensual;ARS;TN;mensual;1;143750;143750;143750;143750;53.469745;
2023;12;2023-12;Cebada forrajera;Secretaría de Agricultura - Precios Internos de los Principales Granos;Argentina / mercado interno — QUEQUEN;Precio interno mensual;ARS;TN;mensual;1;148830.77;148830.77;148830.77;148830.77;;
2023;12;2023-12;Girasol;Secretaría de Agricultura - Precios Internos de los Principales Granos;Argentina / mercado interno — B.BLANCA;Precio interno mensual;ARS;TN;mensual;1;220000;220000;220000;220000;29.411765;
2023;12;2023-12;Girasol;Secretaría de Agricultura - Precios Internos de los Principales Granos;Argentina / mercado interno — QUEQUEN;Precio interno mensual;ARS;TN;mensual;1;207500;207500;207500;207500;29.6875;
2023;12;2023-12;Girasol;Secretaría de Agricultura - Precios Internos de los Principales Granos;Argentina / mercado interno — ROSARIO;Precio interno mensual;ARS;TN;mensual;1;242500;242500;242500;242500;;
2023;12;2023-12;Maíz;Secretaría de Agricultura - Precios Internos de los Principales Granos;Argentina / mercado interno — B.BLANCA;Precio interno mensual;ARS;TN;mensual;1;146363.64;146363.64;146363.64;146363.64;46.994245;
2023;12;2023-12;Maíz;Secretaría de Agricultura - Precios Internos de los Principales Granos;Argentina / mercado interno — QUEQUEN;Precio interno mensual;ARS;TN;mensual;1;148400;148400;148400;148400;51.9091;
2023;12;2023-12;Maíz;Secretaría de Agricultura - Precios Internos de los Principales Granos;Argentina / mercado interno — ROSARIO;Precio interno mensual;ARS;TN;mensual;1;146930.77;146930.77;146930.77;146930.77;45.32493;244.688637
2023;12;2023-12;Soja;Secretaría de Agricultura - Precios Internos de los Principales Granos;Argentina / mercado interno — ROSARIO;Precio interno mensual;ARS;TN;mensual;1;253733.3;253733.3;253733.3;253733.3;23.716217;167.282941
2023;12;2023-12;Sorgo;Secretaría de Agricultura - Precios Internos de los Principales Granos;Argentina / mercado interno — ROSARIO;Precio interno mensual;ARS;TN;mensual;1;153000;153000;153000;153000;;260.906087
2023;12;2023-12;Trigo;Secretaría de Agricultura - Precios Internos de los Principales Granos;Argentina / mercado interno — B.BLANCA;Precio interno mensual;ARS;TN;mensual;1;168909.09;168909.09;168909.09;168909.09;44.780047;
2023;12;2023-12;Trigo;Secretaría de Agricultura - Precios Internos de los Principales Granos;Argentina / mercado interno — CORDOBA;Precio interno mensual;ARS;TN;mensual;1;170595.63;170595.63;170595.63;170595.63;30.25763;180.76335
2023;12;2023-12;Trigo;Secretaría de Agricultura - Precios Internos de los Principales Granos;Argentina / mercado interno — QUEQUEN;Precio interno mensual;ARS;TN;mensual;1;165666.7;165666.7;165666.7;165666.7;43.589772;
2023;12;2023-12;Trigo;Secretaría de Agricultura - Precios Internos de los Principales Granos;Argentina / mercado interno — ROSARIO;Precio interno mensual;ARS;TN;mensual;1;175476.92;175476.92;175476.92;175476.92;53.523115;209.619621
2024;01;2024-01;Cebada forrajera;Secretaría de Agricultura - Precios Internos de los Principales Granos;Argentina / mercado interno — B.BLANCA;Precio interno mensual;ARS;TN;mensual;1;160805;160805;160805;160805;11.864348;
2024;01;2024-01;Cebada forrajera;Secretaría de Agricultura - Precios Internos de los Principales Granos;Argentina / mercado interno — QUEQUEN;Precio interno mensual;ARS;TN;mensual;1;160302.27;160302.27;160302.27;160302.27;7.707748;
2024;01;2024-01;Girasol;Secretaría de Agricultura - Precios Internos de los Principales Granos;Argentina / mercado interno — QUEQUEN;Precio interno mensual;ARS;TN;mensual;1;280000;280000;280000;280000;34.939759;
2024;01;2024-01;Girasol;Secretaría de Agricultura - Precios Internos de los Principales Granos;Argentina / mercado interno — ROSARIO;Precio interno mensual;ARS;TN;mensual;1;278868.42;278868.42;278868.42;278868.42;14.997287;236.946915
2024;01;2024-01;Maíz;Secretaría de Agricultura - Precios Internos de los Principales Granos;Argentina / mercado interno — B.BLANCA;Precio interno mensual;ARS;TN;mensual;1;157750;157750;157750;157750;7.7795;
2024;01;2024-01;Maíz;Secretaría de Agricultura - Precios Internos de los Principales Granos;Argentina / mercado interno — QUEQUEN;Precio interno mensual;ARS;TN;mensual;1;154500;154500;154500;154500;4.110512;
2024;01;2024-01;Maíz;Secretaría de Agricultura - Precios Internos de los Principales Granos;Argentina / mercado interno — ROSARIO;Precio interno mensual;ARS;TN;mensual;1;155463.64;155463.64;155463.64;155463.64;5.807408;228.794638
2024;01;2024-01;Soja;Secretaría de Agricultura - Precios Internos de los Principales Granos;Argentina / mercado interno — ROSARIO;Precio interno mensual;ARS;TN;mensual;1;270840.91;270840.91;270840.91;270840.91;6.742359;
2024;01;2024-01;Trigo;Secretaría de Agricultura - Precios Internos de los Principales Granos;Argentina / mercado interno — B.BLANCA;Precio interno mensual;ARS;TN;mensual;1;177323.53;177323.53;177323.53;177323.53;4.981638;
2024;01;2024-01;Trigo;Secretaría de Agricultura - Precios Internos de los Principales Granos;Argentina / mercado interno — CORDOBA;Precio interno mensual;ARS;TN;mensual;1;184263;184263;184263;184263;8.011559;199.090715
2024;01;2024-01;Trigo;Secretaría de Agricultura - Precios Internos de los Principales Granos;Argentina / mercado interno — QUEQUEN;Precio interno mensual;ARS;TN;mensual;1;173287.78;173287.78;173287.78;173287.78;4.600249;
2024;01;2024-01;Trigo;Secretaría de Agricultura - Precios Internos de los Principales Granos;Argentina / mercado interno — ROSARIO;Precio interno mensual;ARS;TN;mensual;1;180784.09;180784.09;180784.09;180784.09;3.024426;
2024;02;2024-02;Cebada forrajera;Secretaría de Agricultura - Precios Internos de los Principales Granos;Argentina / mercado interno — B.BLANCA;Precio interno mensual;ARS;TN;mensual;1;163428.57;163428.57;163428.57;163428.57;1.631523;
2024;02;2024-02;Cebada forrajera;Secretaría de Agricultura - Precios Internos de los Principales Granos;Argentina / mercado interno — QUEQUEN;Precio interno mensual;ARS;TN;mensual;1;153157.89;153157.89;153157.89;153157.89;-4.456818;
2024;02;2024-02;Girasol;Secretaría de Agricultura - Precios Internos de los Principales Granos;Argentina / mercado interno — QUEQUEN;Precio interno mensual;ARS;TN;mensual;1;264615.38;264615.38;264615.38;264615.38;-5.494507;
2024;02;2024-02;Girasol;Secretaría de Agricultura - Precios Internos de los Principales Granos;Argentina / mercado interno — ROSARIO;Precio interno mensual;ARS;TN;mensual;1;278377.11;278377.11;278377.11;278377.11;-0.17618;244.327243
2024;02;2024-02;Maíz;Secretaría de Agricultura - Precios Internos de los Principales Granos;Argentina / mercado interno — B.BLANCA;Precio interno mensual;ARS;TN;mensual;1;153642.86;153642.86;153642.86;153642.86;-2.603575;
2024;02;2024-02;Maíz;Secretaría de Agricultura - Precios Internos de los Principales Granos;Argentina / mercado interno — QUEQUEN;Precio interno mensual;ARS;TN;mensual;1;149533.64;149533.64;149533.64;149533.64;-3.214472;
2024;02;2024-02;Maíz;Secretaría de Agricultura - Precios Internos de los Principales Granos;Argentina / mercado interno — ROSARIO;Precio interno mensual;ARS;TN;mensual;1;144989.47;144989.47;144989.47;144989.47;-6.737376;190.566931
2024;02;2024-02;Soja;Secretaría de Agricultura - Precios Internos de los Principales Granos;Argentina / mercado interno — ROSARIO;Precio interno mensual;ARS;TN;mensual;1;251660.53;251660.53;251660.53;251660.53;-7.081788;
2024;02;2024-02;Sorgo;Secretaría de Agricultura - Precios Internos de los Principales Granos;Argentina / mercado interno — ROSARIO;Precio interno mensual;ARS;TN;mensual;1;158200;158200;158200;158200;;207.184466
2024;02;2024-02;Trigo;Secretaría de Agricultura - Precios Internos de los Principales Granos;Argentina / mercado interno — B.BLANCA;Precio interno mensual;ARS;TN;mensual;1;173750;173750;173750;173750;-2.01526;
2024;02;2024-02;Trigo;Secretaría de Agricultura - Precios Internos de los Principales Granos;Argentina / mercado interno — CORDOBA;Precio interno mensual;ARS;TN;mensual;1;182012.69;182012.69;182012.69;182012.69;-1.221249;201.310194
2024;02;2024-02;Trigo;Secretaría de Agricultura - Precios Internos de los Principales Granos;Argentina / mercado interno — QUEQUEN;Precio interno mensual;ARS;TN;mensual;1;170746.67;170746.67;170746.67;170746.67;-1.46641;
2024;02;2024-02;Trigo;Secretaría de Agricultura - Precios Internos de los Principales Granos;Argentina / mercado interno — ROSARIO;Precio interno mensual;ARS;TN;mensual;1;176342.11;176342.11;176342.11;176342.11;-2.457064;
2024;03;2024-03;Cebada forrajera;Secretaría de Agricultura - Precios Internos de los Principales Granos;Argentina / mercado interno — B.BLANCA;Precio interno mensual;ARS;TN;mensual;1;140636.36;140636.36;140636.36;140636.36;-13.946282;
2024;03;2024-03;Cebada forrajera;Secretaría de Agricultura - Precios Internos de los Principales Granos;Argentina / mercado interno — QUEQUEN;Precio interno mensual;ARS;TN;mensual;1;140472.22;140472.22;140472.22;140472.22;-8.28274;
2024;03;2024-03;Girasol;Secretaría de Agricultura - Precios Internos de los Principales Granos;Argentina / mercado interno — B.BLANCA;Precio interno mensual;ARS;TN;mensual;1;241000;241000;241000;241000;;
2024;03;2024-03;Girasol;Secretaría de Agricultura - Precios Internos de los Principales Granos;Argentina / mercado interno — QUEQUEN;Precio interno mensual;ARS;TN;mensual;1;245122.94;245122.94;245122.94;245122.94;-7.366329;
2024;03;2024-03;Girasol;Secretaría de Agricultura - Precios Internos de los Principales Granos;Argentina / mercado interno — ROSARIO;Precio interno mensual;ARS;TN;mensual;1;247923.08;247923.08;247923.08;247923.08;-10.939847;223.606988
2024;03;2024-03;Maíz;Secretaría de Agricultura - Precios Internos de los Principales Granos;Argentina / mercado interno — B.BLANCA;Precio interno mensual;ARS;TN;mensual;1;156705.88;156705.88;156705.88;156705.88;1.993597;208.172822
2024;03;2024-03;Maíz;Secretaría de Agricultura - Precios Internos de los Principales Granos;Argentina / mercado interno — QUEQUEN;Precio interno mensual;ARS;TN;mensual;1;154585.71;154585.71;154585.71;154585.71;3.378551;218.733423
2024;03;2024-03;Maíz;Secretaría de Agricultura - Precios Internos de los Principales Granos;Argentina / mercado interno — ROSARIO;Precio interno mensual;ARS;TN;mensual;1;147388.89;147388.89;147388.89;147388.89;1.654893;190.25897
2024;03;2024-03;Soja;Secretaría de Agricultura - Precios Internos de los Principales Granos;Argentina / mercado interno — QUEQUEN;Precio interno mensual;ARS;TN;mensual;1;230447.14;230447.14;230447.14;230447.14;;
2024;03;2024-03;Soja;Secretaría de Agricultura - Precios Internos de los Principales Granos;Argentina / mercado interno — ROSARIO;Precio interno mensual;ARS;TN;mensual;1;252269.44;252269.44;252269.44;252269.44;0.241957;185.749801
2024;03;2024-03;Sorgo;Secretaría de Agricultura - Precios Internos de los Principales Granos;Argentina / mercado interno — ROSARIO;Precio interno mensual;ARS;TN;mensual;1;151400;151400;151400;151400;-4.298357;192.43776
2024;03;2024-03;Trigo;Secretaría de Agricultura - Precios Internos de los Principales Granos;Argentina / mercado interno — B.BLANCA;Precio interno mensual;ARS;TN;mensual;1;164588.24;164588.24;164588.24;164588.24;-5.272955;
2024;03;2024-03;Trigo;Secretaría de Agricultura - Precios Internos de los Principales Granos;Argentina / mercado interno — CORDOBA;Precio interno mensual;ARS;TN;mensual;1;170771.82;170771.82;170771.82;170771.82;-6.175872;182.037692
2024;03;2024-03;Trigo;Secretaría de Agricultura - Precios Internos de los Principales Granos;Argentina / mercado interno — QUEQUEN;Precio interno mensual;ARS;TN;mensual;1;155000;155000;155000;155000;-9.222241;
2024;03;2024-03;Trigo;Secretaría de Agricultura - Precios Internos de los Principales Granos;Argentina / mercado interno — ROSARIO;Precio interno mensual;ARS;TN;mensual;1;170616.67;170616.67;170616.67;170616.67;-3.24678;
2024;04;2024-04;Cebada forrajera;Secretaría de Agricultura - Precios Internos de los Principales Granos;Argentina / mercado interno — B.BLANCA;Precio interno mensual;ARS;TN;mensual;1;145450;145450;145450;145450;3.422756;155.175439
2024;04;2024-04;Cebada forrajera;Secretaría de Agricultura - Precios Internos de los Principales Granos;Argentina / mercado interno — QUEQUEN;Precio interno mensual;ARS;TN;mensual;1;149297.22;149297.22;149297.22;149297.22;6.282381;184.983622
2024;04;2024-04;Girasol;Secretaría de Agricultura - Precios Internos de los Principales Granos;Argentina / mercado interno — B.BLANCA;Precio interno mensual;ARS;TN;mensual;1;251300;251300;251300;251300;4.273859;188.850575
2024;04;2024-04;Girasol;Secretaría de Agricultura - Precios Internos de los Principales Granos;Argentina / mercado interno — QUEQUEN;Precio interno mensual;ARS;TN;mensual;1;252352.94;252352.94;252352.94;252352.94;2.94954;190.060851
2024;04;2024-04;Girasol;Secretaría de Agricultura - Precios Internos de los Principales Granos;Argentina / mercado interno — ROSARIO;Precio interno mensual;ARS;TN;mensual;1;252500;252500;252500;252500;1.846105;227.305723
2024;04;2024-04;Maíz;Secretaría de Agricultura - Precios Internos de los Principales Granos;Argentina / mercado interno — B.BLANCA;Precio interno mensual;ARS;TN;mensual;1;165441.18;165441.18;165441.18;165441.18;5.574328;
2024;04;2024-04;Maíz;Secretaría de Agricultura - Precios Internos de los Principales Granos;Argentina / mercado interno — QUEQUEN;Precio interno mensual;ARS;TN;mensual;1;163485.71;163485.71;163485.71;163485.71;5.757324;
2024;04;2024-04;Maíz;Secretaría de Agricultura - Precios Internos de los Principales Granos;Argentina / mercado interno — ROSARIO;Precio interno mensual;ARS;TN;mensual;1;152573.68;152573.68;152573.68;152573.68;3.517762;195.466804
2024;04;2024-04;Soja;Secretaría de Agricultura - Precios Internos de los Principales Granos;Argentina / mercado interno — B.BLANCA;Precio interno mensual;ARS;TN;mensual;1;247033.33;247033.33;247033.33;247033.33;;148.413515
2024;04;2024-04;Soja;Secretaría de Agricultura - Precios Internos de los Principales Granos;Argentina / mercado interno — QUEQUEN;Precio interno mensual;ARS;TN;mensual;1;247191.18;247191.18;247191.18;247191.18;7.265892;142.028945
2024;04;2024-04;Soja;Secretaría de Agricultura - Precios Internos de los Principales Granos;Argentina / mercado interno — ROSARIO;Precio interno mensual;ARS;TN;mensual;1;249890;249890;249890;249890;-0.943214;149.115003
2024;04;2024-04;Sorgo;Secretaría de Agricultura - Precios Internos de los Principales Granos;Argentina / mercado interno — ROSARIO;Precio interno mensual;ARS;TN;mensual;1;142000;142000;142000;142000;-6.208719;141.825613
2024;04;2024-04;Trigo;Secretaría de Agricultura - Precios Internos de los Principales Granos;Argentina / mercado interno — B.BLANCA;Precio interno mensual;ARS;TN;mensual;1;175107.14;175107.14;175107.14;175107.14;6.39104;
2024;04;2024-04;Trigo;Secretaría de Agricultura - Precios Internos de los Principales Granos;Argentina / mercado interno — CORDOBA;Precio interno mensual;ARS;TN;mensual;1;186709.62;186709.62;186709.62;186709.62;9.332804;188.624082
2024;04;2024-04;Trigo;Secretaría de Agricultura - Precios Internos de los Principales Granos;Argentina / mercado interno — QUEQUEN;Precio interno mensual;ARS;TN;mensual;1;161250;161250;161250;161250;4.032258;
2024;04;2024-04;Trigo;Secretaría de Agricultura - Precios Internos de los Principales Granos;Argentina / mercado interno — ROSARIO;Precio interno mensual;ARS;TN;mensual;1;187252.63;187252.63;187252.63;187252.63;9.750489;216.78672
2024;05;2024-05;Cebada forrajera;Secretaría de Agricultura - Precios Internos de los Principales Granos;Argentina / mercado interno — B.BLANCA;Precio interno mensual;ARS;TN;mensual;1;164705.88;164705.88;164705.88;164705.88;13.238831;193.244873
2024;05;2024-05;Cebada forrajera;Secretaría de Agricultura - Precios Internos de los Principales Granos;Argentina / mercado interno — QUEQUEN;Precio interno mensual;ARS;TN;mensual;1;164569.23;164569.23;164569.23;164569.23;10.229266;191.930152
2024;05;2024-05;Girasol;Secretaría de Agricultura - Precios Internos de los Principales Granos;Argentina / mercado interno — B.BLANCA;Precio interno mensual;ARS;TN;mensual;1;266611.11;266611.11;266611.11;266611.11;6.092762;192.617489
2024;05;2024-05;Girasol;Secretaría de Agricultura - Precios Internos de los Principales Granos;Argentina / mercado interno — QUEQUEN;Precio interno mensual;ARS;TN;mensual;1;265769.23;265769.23;265769.23;265769.23;5.316479;188.907861
2024;05;2024-05;Girasol;Secretaría de Agricultura - Precios Internos de los Principales Granos;Argentina / mercado interno — ROSARIO;Precio interno mensual;ARS;TN;mensual;1;268000;268000;268000;268000;6.138614;190.627376
2024;05;2024-05;Maíz;Secretaría de Agricultura - Precios Internos de los Principales Granos;Argentina / mercado interno — B.BLANCA;Precio interno mensual;ARS;TN;mensual;1;167461.5;167461.5;167461.5;167461.5;1.221171;
2024;05;2024-05;Maíz;Secretaría de Agricultura - Precios Internos de los Principales Granos;Argentina / mercado interno — QUEQUEN;Precio interno mensual;ARS;TN;mensual;1;164687.5;164687.5;164687.5;164687.5;0.735104;
2024;05;2024-05;Maíz;Secretaría de Agricultura - Precios Internos de los Principales Granos;Argentina / mercado interno — ROSARIO;Precio interno mensual;ARS;TN;mensual;1;160895.45;160895.45;160895.45;160895.45;5.454263;231.513051
2024;05;2024-05;Soja;Secretaría de Agricultura - Precios Internos de los Principales Granos;Argentina / mercado interno — B.BLANCA;Precio interno mensual;ARS;TN;mensual;1;271175;271175;271175;271175;9.772637;165.998144
2024;05;2024-05;Soja;Secretaría de Agricultura - Precios Internos de los Principales Granos;Argentina / mercado interno — QUEQUEN;Precio interno mensual;ARS;TN;mensual;1;269204.55;269204.55;269204.55;269204.55;8.905403;173.182081
2024;05;2024-05;Soja;Secretaría de Agricultura - Precios Internos de los Principales Granos;Argentina / mercado interno — ROSARIO;Precio interno mensual;ARS;TN;mensual;1;274395.5;274395.5;274395.5;274395.5;9.806515;165.180478
2024;05;2024-05;Sorgo;Secretaría de Agricultura - Precios Internos de los Principales Granos;Argentina / mercado interno — ROSARIO;Precio interno mensual;ARS;TN;mensual;1;147368.42;147368.42;147368.42;147368.42;3.780577;118.485426
2024;05;2024-05;Trigo;Secretaría de Agricultura - Precios Internos de los Principales Granos;Argentina / mercado interno — B.BLANCA;Precio interno mensual;ARS;TN;mensual;1;206666.67;206666.67;206666.67;206666.67;18.022983;
2024;05;2024-05;Trigo;Secretaría de Agricultura - Precios Internos de los Principales Granos;Argentina / mercado interno — CORDOBA;Precio interno mensual;ARS;TN;mensual;1;222634.61;222634.61;222634.61;222634.61;19.241103;192.778054
2024;05;2024-05;Trigo;Secretaría de Agricultura - Precios Internos de los Principales Granos;Argentina / mercado interno — DARSENA;Precio interno mensual;ARS;TN;mensual;1;250000;250000;250000;250000;;
2024;05;2024-05;Trigo;Secretaría de Agricultura - Precios Internos de los Principales Granos;Argentina / mercado interno — ROSARIO;Precio interno mensual;ARS;TN;mensual;1;231090.91;231090.91;231090.91;231090.91;23.411303;240.677239
2024;06;2024-06;Cebada forrajera;Secretaría de Agricultura - Precios Internos de los Principales Granos;Argentina / mercado interno — B.BLANCA;Precio interno mensual;ARS;TN;mensual;1;174538.46;174538.46;174538.46;174538.46;5.969781;
2024;06;2024-06;Cebada forrajera;Secretaría de Agricultura - Precios Internos de los Principales Granos;Argentina / mercado interno — QUEQUEN;Precio interno mensual;ARS;TN;mensual;1;168411.11;168411.11;168411.11;168411.11;2.334507;236.82222
2024;06;2024-06;Girasol;Secretaría de Agricultura - Precios Internos de los Principales Granos;Argentina / mercado interno — B.BLANCA;Precio interno mensual;ARS;TN;mensual;1;300000;300000;300000;300000;12.523443;361.538462
2024;06;2024-06;Girasol;Secretaría de Agricultura - Precios Internos de los Principales Granos;Argentina / mercado interno — QUEQUEN;Precio interno mensual;ARS;TN;mensual;1;300000;300000;300000;300000;12.879885;
2024;06;2024-06;Girasol;Secretaría de Agricultura - Precios Internos de los Principales Granos;Argentina / mercado interno — ROSARIO;Precio interno mensual;ARS;TN;mensual;1;287500;287500;287500;287500;7.276119;
2024;06;2024-06;Maíz;Secretaría de Agricultura - Precios Internos de los Principales Granos;Argentina / mercado interno — B.BLANCA;Precio interno mensual;ARS;TN;mensual;1;165222.22;165222.22;165222.22;165222.22;-1.337191;
2024;06;2024-06;Maíz;Secretaría de Agricultura - Precios Internos de los Principales Granos;Argentina / mercado interno — QUEQUEN;Precio interno mensual;ARS;TN;mensual;1;168767.9;168767.9;168767.9;168767.9;2.477662;
2024;06;2024-06;Maíz;Secretaría de Agricultura - Precios Internos de los Principales Granos;Argentina / mercado interno — ROSARIO;Precio interno mensual;ARS;TN;mensual;1;162600;162600;162600;162600;1.059415;234.548007
2024;06;2024-06;Soja;Secretaría de Agricultura - Precios Internos de los Principales Granos;Argentina / mercado interno — B.BLANCA;Precio interno mensual;ARS;TN;mensual;1;278600;278600;278600;278600;2.738084;
2024;06;2024-06;Soja;Secretaría de Agricultura - Precios Internos de los Principales Granos;Argentina / mercado interno — QUEQUEN;Precio interno mensual;ARS;TN;mensual;1;278200;278200;278200;278200;3.341493;
2024;06;2024-06;Soja;Secretaría de Agricultura - Precios Internos de los Principales Granos;Argentina / mercado interno — ROSARIO;Precio interno mensual;ARS;TN;mensual;1;280000;280000;280000;280000;2.04249;
2024;06;2024-06;Sorgo;Secretaría de Agricultura - Precios Internos de los Principales Granos;Argentina / mercado interno — ROSARIO;Precio interno mensual;ARS;TN;mensual;1;165746.67;165746.67;165746.67;165746.67;12.470955;208.165232
2024;06;2024-06;Trigo;Secretaría de Agricultura - Precios Internos de los Principales Granos;Argentina / mercado interno — B.BLANCA;Precio interno mensual;ARS;TN;mensual;1;200000;200000;200000;200000;-3.225808;
2024;06;2024-06;Trigo;Secretaría de Agricultura - Precios Internos de los Principales Granos;Argentina / mercado interno — CORDOBA;Precio interno mensual;ARS;TN;mensual;1;247466.67;247466.67;247466.67;247466.67;11.153729;205.992171
2024;06;2024-06;Trigo;Secretaría de Agricultura - Precios Internos de los Principales Granos;Argentina / mercado interno — QUEQUEN;Precio interno mensual;ARS;TN;mensual;1;200000;200000;200000;200000;;
2024;06;2024-06;Trigo;Secretaría de Agricultura - Precios Internos de los Principales Granos;Argentina / mercado interno — ROSARIO;Precio interno mensual;ARS;TN;mensual;1;229326.67;229326.67;229326.67;229326.67;-0.76344;212.673176
2024;07;2024-07;Cebada forrajera;Secretaría de Agricultura - Precios Internos de los Principales Granos;Argentina / mercado interno — B.BLANCA;Precio interno mensual;ARS;TN;mensual;1;170294.12;170294.12;170294.12;170294.12;-2.431751;150.432529
2024;07;2024-07;Cebada forrajera;Secretaría de Agricultura - Precios Internos de los Principales Granos;Argentina / mercado interno — QUEQUEN;Precio interno mensual;ARS;TN;mensual;1;168333.33;168333.33;168333.33;168333.33;-0.046185;142.621654
2024;07;2024-07;Girasol;Secretaría de Agricultura - Precios Internos de los Principales Granos;Argentina / mercado interno — QUEQUEN;Precio interno mensual;ARS;TN;mensual;1;245000;245000;245000;245000;-18.333333;116.049383
2024;07;2024-07;Girasol;Secretaría de Agricultura - Precios Internos de los Principales Granos;Argentina / mercado interno — ROSARIO;Precio interno mensual;ARS;TN;mensual;1;310000;310000;310000;310000;7.826087;178.965129
2024;07;2024-07;Maíz;Secretaría de Agricultura - Precios Internos de los Principales Granos;Argentina / mercado interno — B.BLANCA;Precio interno mensual;ARS;TN;mensual;1;161277.8;161277.8;161277.8;161277.8;-2.387342;151.705528
2024;07;2024-07;Maíz;Secretaría de Agricultura - Precios Internos de los Principales Granos;Argentina / mercado interno — QUEQUEN;Precio interno mensual;ARS;TN;mensual;1;159565.8;159565.8;159565.8;159565.8;-5.452518;154.743621
2024;07;2024-07;Maíz;Secretaría de Agricultura - Precios Internos de los Principales Granos;Argentina / mercado interno — ROSARIO;Precio interno mensual;ARS;TN;mensual;1;155147.73;155147.73;155147.73;155147.73;-4.583192;198.905602
2024;07;2024-07;Soja;Secretaría de Agricultura - Precios Internos de los Principales Granos;Argentina / mercado interno — B.BLANCA;Precio interno mensual;ARS;TN;mensual;1;274075;274075;274075;274075;-1.624192;
2024;07;2024-07;Soja;Secretaría de Agricultura - Precios Internos de los Principales Granos;Argentina / mercado interno — QUEQUEN;Precio interno mensual;ARS;TN;mensual;1;269790;269790;269790;269790;-3.023005;
2024;07;2024-07;Soja;Secretaría de Agricultura - Precios Internos de los Principales Granos;Argentina / mercado interno — ROSARIO;Precio interno mensual;ARS;TN;mensual;1;285704.55;285704.55;285704.55;285704.55;2.037339;186.420602
2024;07;2024-07;Sorgo;Secretaría de Agricultura - Precios Internos de los Principales Granos;Argentina / mercado interno — ROSARIO;Precio interno mensual;ARS;TN;mensual;1;166050;166050;166050;166050;0.183008;148.950525
2024;07;2024-07;Trigo;Secretaría de Agricultura - Precios Internos de los Principales Granos;Argentina / mercado interno — B.BLANCA;Precio interno mensual;ARS;TN;mensual;1;205866.7;205866.7;205866.7;205866.7;2.93335;
2024;07;2024-07;Trigo;Secretaría de Agricultura - Precios Internos de los Principales Granos;Argentina / mercado interno — CORDOBA;Precio interno mensual;ARS;TN;mensual;1;236458.93;236458.93;236458.93;236458.93;-4.448171;205.973155
2024;07;2024-07;Trigo;Secretaría de Agricultura - Precios Internos de los Principales Granos;Argentina / mercado interno — ROSARIO;Precio interno mensual;ARS;TN;mensual;1;228736.36;228736.36;228736.36;228736.36;-0.25741;213.713506
2024;08;2024-08;Cebada forrajera;Secretaría de Agricultura - Precios Internos de los Principales Granos;Argentina / mercado interno — B.BLANCA;Precio interno mensual;ARS;TN;mensual;1;160312.5;160312.5;160312.5;160312.5;-5.8614;137.302248
2024;08;2024-08;Cebada forrajera;Secretaría de Agricultura - Precios Internos de los Principales Granos;Argentina / mercado interno — QUEQUEN;Precio interno mensual;ARS;TN;mensual;1;163860;163860;163860;163860;-2.657424;137.478261
2024;08;2024-08;Maíz;Secretaría de Agricultura - Precios Internos de los Principales Granos;Argentina / mercado interno — B.BLANCA;Precio interno mensual;ARS;TN;mensual;1;164315.79;164315.79;164315.79;164315.79;1.8837;156.944159
2024;08;2024-08;Maíz;Secretaría de Agricultura - Precios Internos de los Principales Granos;Argentina / mercado interno — QUEQUEN;Precio interno mensual;ARS;TN;mensual;1;160790;160790;160790;160790;0.767207;156.403837
2024;08;2024-08;Maíz;Secretaría de Agricultura - Precios Internos de los Principales Granos;Argentina / mercado interno — ROSARIO;Precio interno mensual;ARS;TN;mensual;1;160981.82;160981.82;160981.82;160981.82;3.760345;159.554406
2024;08;2024-08;Soja;Secretaría de Agricultura - Precios Internos de los Principales Granos;Argentina / mercado interno — B.BLANCA;Precio interno mensual;ARS;TN;mensual;1;271000;271000;271000;271000;-1.121956;
2024;08;2024-08;Soja;Secretaría de Agricultura - Precios Internos de los Principales Granos;Argentina / mercado interno — QUEQUEN;Precio interno mensual;ARS;TN;mensual;1;260208.33;260208.33;260208.33;260208.33;-3.551529;124.956188
2024;08;2024-08;Soja;Secretaría de Agricultura - Precios Internos de los Principales Granos;Argentina / mercado interno — ROSARIO;Precio interno mensual;ARS;TN;mensual;1;288695.45;288695.45;288695.45;288695.45;1.046851;133.927236
2024;08;2024-08;Sorgo;Secretaría de Agricultura - Precios Internos de los Principales Granos;Argentina / mercado interno — ROSARIO;Precio interno mensual;ARS;TN;mensual;1;140458.33;140458.33;140458.33;140458.33;-15.412026;70.012093
2024;08;2024-08;Trigo;Secretaría de Agricultura - Precios Internos de los Principales Granos;Argentina / mercado interno — B.BLANCA;Precio interno mensual;ARS;TN;mensual;1;209520;209520;209520;209520;1.774595;
2024;08;2024-08;Trigo;Secretaría de Agricultura - Precios Internos de los Principales Granos;Argentina / mercado interno — CORDOBA;Precio interno mensual;ARS;TN;mensual;1;241886.94;241886.94;241886.94;241886.94;2.29554;169.594516
2024;08;2024-08;Trigo;Secretaría de Agricultura - Precios Internos de los Principales Granos;Argentina / mercado interno — QUEQUEN;Precio interno mensual;ARS;TN;mensual;1;183000;183000;183000;183000;;
2024;08;2024-08;Trigo;Secretaría de Agricultura - Precios Internos de los Principales Granos;Argentina / mercado interno — ROSARIO;Precio interno mensual;ARS;TN;mensual;1;230714.29;230714.29;230714.29;230714.29;0.86472;174.659869
2024;09;2024-09;Cebada forrajera;Secretaría de Agricultura - Precios Internos de los Principales Granos;Argentina / mercado interno — B.BLANCA;Precio interno mensual;ARS;TN;mensual;1;159500;159500;159500;159500;-0.506823;139.849624
2024;09;2024-09;Cebada forrajera;Secretaría de Agricultura - Precios Internos de los Principales Granos;Argentina / mercado interno — QUEQUEN;Precio interno mensual;ARS;TN;mensual;1;156600;156600;156600;156600;-4.430611;140.923077
2024;09;2024-09;Maíz;Secretaría de Agricultura - Precios Internos de los Principales Granos;Argentina / mercado interno — B.BLANCA;Precio interno mensual;ARS;TN;mensual;1;172523.81;172523.81;172523.81;172523.81;4.995272;159.217727
2024;09;2024-09;Maíz;Secretaría de Agricultura - Precios Internos de los Principales Granos;Argentina / mercado interno — QUEQUEN;Precio interno mensual;ARS;TN;mensual;1;166541.67;166541.67;166541.67;166541.67;3.577132;147.976327
2024;09;2024-09;Maíz;Secretaría de Agricultura - Precios Internos de los Principales Granos;Argentina / mercado interno — ROSARIO;Precio interno mensual;ARS;TN;mensual;1;169285.71;169285.71;169285.71;169285.71;5.158278;148.079617
2024;09;2024-09;Soja;Secretaría de Agricultura - Precios Internos de los Principales Granos;Argentina / mercado interno — B.BLANCA;Precio interno mensual;ARS;TN;mensual;1;280000;280000;280000;280000;3.321033;74.183515
2024;09;2024-09;Soja;Secretaría de Agricultura - Precios Internos de los Principales Granos;Argentina / mercado interno — QUEQUEN;Precio interno mensual;ARS;TN;mensual;1;263725;263725;263725;263725;1.351482;65.520092
2024;09;2024-09;Soja;Secretaría de Agricultura - Precios Internos de los Principales Granos;Argentina / mercado interno — ROSARIO;Precio interno mensual;ARS;TN;mensual;1;298471.43;298471.43;298471.43;298471.43;3.386261;85.963508
2024;09;2024-09;Sorgo;Secretaría de Agricultura - Precios Internos de los Principales Granos;Argentina / mercado interno — ROSARIO;Precio interno mensual;ARS;TN;mensual;1;136714.29;136714.29;136714.29;136714.29;-2.665588;57.142862
2024;09;2024-09;Trigo;Secretaría de Agricultura - Precios Internos de los Principales Granos;Argentina / mercado interno — B.BLANCA;Precio interno mensual;ARS;TN;mensual;1;192500;192500;192500;192500;-8.12333;
2024;09;2024-09;Trigo;Secretaría de Agricultura - Precios Internos de los Principales Granos;Argentina / mercado interno — CORDOBA;Precio interno mensual;ARS;TN;mensual;1;232055.83;232055.83;232055.83;232055.83;-4.064341;135.33463
2024;09;2024-09;Trigo;Secretaría de Agricultura - Precios Internos de los Principales Granos;Argentina / mercado interno — QUEQUEN;Precio interno mensual;ARS;TN;mensual;1;180000;180000;180000;180000;-1.639344;
2024;09;2024-09;Trigo;Secretaría de Agricultura - Precios Internos de los Principales Granos;Argentina / mercado interno — ROSARIO;Precio interno mensual;ARS;TN;mensual;1;209846.15;209846.15;209846.15;209846.15;-9.045014;
2024;10;2024-10;Cebada forrajera;Secretaría de Agricultura - Precios Internos de los Principales Granos;Argentina / mercado interno — B.BLANCA;Precio interno mensual;ARS;TN;mensual;1;169153.85;169153.85;169153.85;169153.85;6.052571;
2024;10;2024-10;Cebada forrajera;Secretaría de Agricultura - Precios Internos de los Principales Granos;Argentina / mercado interno — QUEQUEN;Precio interno mensual;ARS;TN;mensual;1;167721.43;167721.43;167721.43;167721.43;7.101807;141.325799
2024;10;2024-10;Soja;Secretaría de Agricultura - Precios Internos de los Principales Granos;Argentina / mercado interno — QUEQUEN;Precio interno mensual;ARS;TN;mensual;1;269166.67;269166.67;269166.67;269166.67;2.063388;55.288466
2024;10;2024-10;Soja;Secretaría de Agricultura - Precios Internos de los Principales Granos;Argentina / mercado interno — ROSARIO;Precio interno mensual;ARS;TN;mensual;1;307019.05;307019.05;307019.05;307019.05;2.863798;77.501856
2024;11;2024-11;Cebada forrajera;Secretaría de Agricultura - Precios Internos de los Principales Granos;Argentina / mercado interno — B.BLANCA;Precio interno mensual;ARS;TN;mensual;1;173500;173500;173500;173500;2.569347;85.23131
2024;11;2024-11;Cebada forrajera;Secretaría de Agricultura - Precios Internos de los Principales Granos;Argentina / mercado interno — QUEQUEN;Precio interno mensual;ARS;TN;mensual;1;167320;167320;167320;167320;-0.239343;
2024;11;2024-11;Girasol;Secretaría de Agricultura - Precios Internos de los Principales Granos;Argentina / mercado interno — ROSARIO;Precio interno mensual;ARS;TN;mensual;1;360125;360125;360125;360125;;
2024;11;2024-11;Soja;Secretaría de Agricultura - Precios Internos de los Principales Granos;Argentina / mercado interno — ROSARIO;Precio interno mensual;ARS;TN;mensual;1;300770;300770;300770;300770;-2.035395;46.650544
2024;12;2024-12;Cebada forrajera;Secretaría de Agricultura - Precios Internos de los Principales Granos;Argentina / mercado interno — B.BLANCA;Precio interno mensual;ARS;TN;mensual;1;172055.56;172055.56;172055.56;172055.56;-0.83253;19.690824
2024;12;2024-12;Cebada forrajera;Secretaría de Agricultura - Precios Internos de los Principales Granos;Argentina / mercado interno — QUEQUEN;Precio interno mensual;ARS;TN;mensual;1;167337.5;167337.5;167337.5;167337.5;0.010459;12.434747
2024;12;2024-12;Girasol;Secretaría de Agricultura - Precios Internos de los Principales Granos;Argentina / mercado interno — ROSARIO;Precio interno mensual;ARS;TN;mensual;1;380416.67;380416.67;380416.67;380416.67;5.634619;56.872854
2024;12;2024-12;Soja;Secretaría de Agricultura - Precios Internos de los Principales Granos;Argentina / mercado interno — ROSARIO;Precio interno mensual;ARS;TN;mensual;1;289005.56;289005.56;289005.56;289005.56;-3.911441;13.901313
2025;01;2025-01;Cebada forrajera;Secretaría de Agricultura - Precios Internos de los Principales Granos;Argentina / mercado interno — B.BLANCA;Precio interno mensual;ARS;TN;mensual;1;187885.76;187885.76;187885.76;187885.76;9.200633;16.840745
2025;01;2025-01;Cebada forrajera;Secretaría de Agricultura - Precios Internos de los Principales Granos;Argentina / mercado interno — QUEQUEN;Precio interno mensual;ARS;TN;mensual;1;187652.38;187652.38;187652.38;187652.38;12.140064;17.061586
2025;01;2025-01;Girasol;Secretaría de Agricultura - Precios Internos de los Principales Granos;Argentina / mercado interno — ROSARIO;Precio interno mensual;ARS;TN;mensual;1;359978;359978;359978;359978;-5.372706;29.085251
2025;01;2025-01;Maíz;Secretaría de Agricultura - Precios Internos de los Principales Granos;Argentina / mercado interno — B.BLANCA;Precio interno mensual;ARS;TN;mensual;1;204166.67;204166.67;204166.67;204166.67;;29.424197
2025;01;2025-01;Maíz;Secretaría de Agricultura - Precios Internos de los Principales Granos;Argentina / mercado interno — QUEQUEN;Precio interno mensual;ARS;TN;mensual;1;200842.86;200842.86;200842.86;200842.86;;29.995379
2025;01;2025-01;Maíz;Secretaría de Agricultura - Precios Internos de los Principales Granos;Argentina / mercado interno — ROSARIO;Precio interno mensual;ARS;TN;mensual;1;205475;205475;205475;205475;;32.169168
2025;01;2025-01;Soja;Secretaría de Agricultura - Precios Internos de los Principales Granos;Argentina / mercado interno — ROSARIO;Precio interno mensual;ARS;TN;mensual;1;295465;295465;295465;295465;2.235057;9.091717
2025;01;2025-01;Sorgo;Secretaría de Agricultura - Precios Internos de los Principales Granos;Argentina / mercado interno — ROSARIO;Precio interno mensual;ARS;TN;mensual;1;176583.33;176583.33;176583.33;176583.33;;
2025;01;2025-01;Trigo;Secretaría de Agricultura - Precios Internos de los Principales Granos;Argentina / mercado interno — B.BLANCA;Precio interno mensual;ARS;TN;mensual;1;198685;198685;198685;198685;;12.046608
2025;01;2025-01;Trigo;Secretaría de Agricultura - Precios Internos de los Principales Granos;Argentina / mercado interno — CORDOBA;Precio interno mensual;ARS;TN;mensual;1;198246.39;198246.39;198246.39;198246.39;;7.588821
2025;01;2025-01;Trigo;Secretaría de Agricultura - Precios Internos de los Principales Granos;Argentina / mercado interno — QUEQUEN;Precio interno mensual;ARS;TN;mensual;1;194585.71;194585.71;194585.71;194585.71;;12.290497
2025;01;2025-01;Trigo;Secretaría de Agricultura - Precios Internos de los Principales Granos;Argentina / mercado interno — ROSARIO;Precio interno mensual;ARS;TN;mensual;1;200400;200400;200400;200400;;10.850463
2025;02;2025-02;Cebada forrajera;Secretaría de Agricultura - Precios Internos de los Principales Granos;Argentina / mercado interno — B.BLANCA;Precio interno mensual;ARS;TN;mensual;1;206079;206079;206079;206079;9.683139;26.097291
2025;02;2025-02;Cebada forrajera;Secretaría de Agricultura - Precios Internos de los Principales Granos;Argentina / mercado interno — QUEQUEN;Precio interno mensual;ARS;TN;mensual;1;204900;204900;204900;204900;9.191261;33.783509
2025;02;2025-02;Girasol;Secretaría de Agricultura - Precios Internos de los Principales Granos;Argentina / mercado interno — ROSARIO;Precio interno mensual;ARS;TN;mensual;1;365350;365350;365350;365350;1.492313;31.242831
2025;02;2025-02;Maíz;Secretaría de Agricultura - Precios Internos de los Principales Granos;Argentina / mercado interno — B.BLANCA;Precio interno mensual;ARS;TN;mensual;1;221764.71;221764.71;221764.71;221764.71;8.619448;44.337791
2025;02;2025-02;Maíz;Secretaría de Agricultura - Precios Internos de los Principales Granos;Argentina / mercado interno — QUEQUEN;Precio interno mensual;ARS;TN;mensual;1;212857;212857;212857;212857;5.981861;42.347234
2025;02;2025-02;Maíz;Secretaría de Agricultura - Precios Internos de los Principales Granos;Argentina / mercado interno — ROSARIO;Precio interno mensual;ARS;TN;mensual;1;217930;217930;217930;217930;6.061565;50.307467
2025;02;2025-02;Soja;Secretaría de Agricultura - Precios Internos de los Principales Granos;Argentina / mercado interno — ROSARIO;Precio interno mensual;ARS;TN;mensual;1;325665;325665;325665;325665;10.221177;29.406467
2025;02;2025-02;Sorgo;Secretaría de Agricultura - Precios Internos de los Principales Granos;Argentina / mercado interno — ROSARIO;Precio interno mensual;ARS;TN;mensual;1;193076.92;193076.92;193076.92;193076.92;9.3404;22.046094
2025;02;2025-02;Trigo;Secretaría de Agricultura - Precios Internos de los Principales Granos;Argentina / mercado interno — B.BLANCA;Precio interno mensual;ARS;TN;mensual;1;223050;223050;223050;223050;12.26313;28.374101
2025;02;2025-02;Trigo;Secretaría de Agricultura - Precios Internos de los Principales Granos;Argentina / mercado interno — CORDOBA;Precio interno mensual;ARS;TN;mensual;1;218570.63;218570.63;218570.63;218570.63;10.25201;20.08538
2025;02;2025-02;Trigo;Secretaría de Agricultura - Precios Internos de los Principales Granos;Argentina / mercado interno — QUEQUEN;Precio interno mensual;ARS;TN;mensual;1;218263.9;218263.9;218263.9;218263.9;12.168514;27.829082
2025;02;2025-02;Trigo;Secretaría de Agricultura - Precios Internos de los Principales Granos;Argentina / mercado interno — ROSARIO;Precio interno mensual;ARS;TN;mensual;1;220160;220160;220160;220160;9.860279;24.848228
2025;03;2025-03;Cebada forrajera;Secretaría de Agricultura - Precios Internos de los Principales Granos;Argentina / mercado interno — B.BLANCA;Precio interno mensual;ARS;TN;mensual;1;212208.33;212208.33;212208.33;212208.33;2.974262;50.891512
2025;03;2025-03;Cebada forrajera;Secretaría de Agricultura - Precios Internos de los Principales Granos;Argentina / mercado interno — QUEQUEN;Precio interno mensual;ARS;TN;mensual;1;209121.43;209121.43;209121.43;209121.43;2.060239;48.87031
2025;03;2025-03;Girasol;Secretaría de Agricultura - Precios Internos de los Principales Granos;Argentina / mercado interno — ROSARIO;Precio interno mensual;ARS;TN;mensual;1;336523.08;336523.08;336523.08;336523.08;-7.89022;35.736891
2025;03;2025-03;Maíz;Secretaría de Agricultura - Precios Internos de los Principales Granos;Argentina / mercado interno — B.BLANCA;Precio interno mensual;ARS;TN;mensual;1;223250;223250;223250;223250;0.669759;42.464341
2025;03;2025-03;Maíz;Secretaría de Agricultura - Precios Internos de los Principales Granos;Argentina / mercado interno — QUEQUEN;Precio interno mensual;ARS;TN;mensual;1;218333.33;218333.33;218333.33;218333.33;2.572774;41.237719
2025;03;2025-03;Maíz;Secretaría de Agricultura - Precios Internos de los Principales Granos;Argentina / mercado interno — ROSARIO;Precio interno mensual;ARS;TN;mensual;1;208605.56;208605.56;208605.56;208605.56;-4.27864;41.534114
2025;03;2025-03;Soja;Secretaría de Agricultura - Precios Internos de los Principales Granos;Argentina / mercado interno — ROSARIO;Precio interno mensual;ARS;TN;mensual;1;329111.11;329111.11;329111.11;329111.11;1.058176;30.460158
2025;03;2025-03;Sorgo;Secretaría de Agricultura - Precios Internos de los Principales Granos;Argentina / mercado interno — ROSARIO;Precio interno mensual;ARS;TN;mensual;1;207875;207875;207875;207875;7.664344;37.301849
2025;03;2025-03;Trigo;Secretaría de Agricultura - Precios Internos de los Principales Granos;Argentina / mercado interno — B.BLANCA;Precio interno mensual;ARS;TN;mensual;1;227272.73;227272.73;227272.73;227272.73;1.893176;38.085643
2025;03;2025-03;Trigo;Secretaría de Agricultura - Precios Internos de los Principales Granos;Argentina / mercado interno — CORDOBA;Precio interno mensual;ARS;TN;mensual;1;229767.5;229767.5;229767.5;229767.5;5.12277;34.546496
2025;03;2025-03;Trigo;Secretaría de Agricultura - Precios Internos de los Principales Granos;Argentina / mercado interno — QUEQUEN;Precio interno mensual;ARS;TN;mensual;1;220000;220000;220000;220000;0.795413;41.935484
2025;03;2025-03;Trigo;Secretaría de Agricultura - Precios Internos de los Principales Granos;Argentina / mercado interno — ROSARIO;Precio interno mensual;ARS;TN;mensual;1;227694.44;227694.44;227694.44;227694.44;3.422257;33.453806
2025;04;2025-04;Cebada forrajera;Secretaría de Agricultura - Precios Internos de los Principales Granos;Argentina / mercado interno — B.BLANCA;Precio interno mensual;ARS;TN;mensual;1;220714.29;220714.29;220714.29;220714.29;4.008306;51.745816
2025;04;2025-04;Cebada forrajera;Secretaría de Agricultura - Precios Internos de los Principales Granos;Argentina / mercado interno — QUEQUEN;Precio interno mensual;ARS;TN;mensual;1;220635.71;220635.71;220635.71;220635.71;5.506026;47.782866
2025;04;2025-04;Girasol;Secretaría de Agricultura - Precios Internos de los Principales Granos;Argentina / mercado interno — QUEQUEN;Precio interno mensual;ARS;TN;mensual;1;330000;330000;330000;330000;;30.769231
2025;04;2025-04;Girasol;Secretaría de Agricultura - Precios Internos de los Principales Granos;Argentina / mercado interno — ROSARIO;Precio interno mensual;ARS;TN;mensual;1;335416.67;335416.67;335416.67;335416.67;-0.328777;32.838285
2025;04;2025-04;Maíz;Secretaría de Agricultura - Precios Internos de los Principales Granos;Argentina / mercado interno — B.BLANCA;Precio interno mensual;ARS;TN;mensual;1;230384.62;230384.62;230384.62;230384.62;3.195798;39.254701
2025;04;2025-04;Maíz;Secretaría de Agricultura - Precios Internos de los Principales Granos;Argentina / mercado interno — QUEQUEN;Precio interno mensual;ARS;TN;mensual;1;226333.33;226333.33;226333.33;226333.33;3.664122;38.442271
2025;04;2025-04;Maíz;Secretaría de Agricultura - Precios Internos de los Principales Granos;Argentina / mercado interno — ROSARIO;Precio interno mensual;ARS;TN;mensual;1;224000;224000;224000;224000;7.379688;46.814313
2025;04;2025-04;Soja;Secretaría de Agricultura - Precios Internos de los Principales Granos;Argentina / mercado interno — B.BLANCA;Precio interno mensual;ARS;TN;mensual;1;315000;315000;315000;315000;;27.513158
2025;04;2025-04;Soja;Secretaría de Agricultura - Precios Internos de los Principales Granos;Argentina / mercado interno — QUEQUEN;Precio interno mensual;ARS;TN;mensual;1;310000;310000;310000;310000;;25.409005
2025;04;2025-04;Soja;Secretaría de Agricultura - Precios Internos de los Principales Granos;Argentina / mercado interno — ROSARIO;Precio interno mensual;ARS;TN;mensual;1;314394.74;314394.74;314394.74;314394.74;-4.471551;25.813254
2025;04;2025-04;Sorgo;Secretaría de Agricultura - Precios Internos de los Principales Granos;Argentina / mercado interno — ROSARIO;Precio interno mensual;ARS;TN;mensual;1;210666.67;210666.67;210666.67;210666.67;1.342956;48.35681
2025;04;2025-04;Trigo;Secretaría de Agricultura - Precios Internos de los Principales Granos;Argentina / mercado interno — B.BLANCA;Precio interno mensual;ARS;TN;mensual;1;234428.57;234428.57;234428.57;234428.57;3.14857;33.877219
2025;04;2025-04;Trigo;Secretaría de Agricultura - Precios Internos de los Principales Granos;Argentina / mercado interno — CORDOBA;Precio interno mensual;ARS;TN;mensual;1;238154.17;238154.17;238154.17;238154.17;3.650068;27.55324
2025;04;2025-04;Trigo;Secretaría de Agricultura - Precios Internos de los Principales Granos;Argentina / mercado interno — QUEQUEN;Precio interno mensual;ARS;TN;mensual;1;230000;230000;230000;230000;4.545455;42.635659
2025;04;2025-04;Trigo;Secretaría de Agricultura - Precios Internos de los Principales Granos;Argentina / mercado interno — ROSARIO;Precio interno mensual;ARS;TN;mensual;1;237347.22;237347.22;237347.22;237347.22;4.239357;26.752409
2025;05;2025-05;Girasol;Secretaría de Agricultura - Precios Internos de los Principales Granos;Argentina / mercado interno — ROSARIO;Precio interno mensual;ARS;TN;mensual;1;384011.43;384011.43;384011.43;384011.43;14.487879;43.287847
2025;05;2025-05;Maíz;Secretaría de Agricultura - Precios Internos de los Principales Granos;Argentina / mercado interno — B.BLANCA;Precio interno mensual;ARS;TN;mensual;1;227500;227500;227500;227500;-1.252089;35.852121
2025;05;2025-05;Maíz;Secretaría de Agricultura - Precios Internos de los Principales Granos;Argentina / mercado interno — ROSARIO;Precio interno mensual;ARS;TN;mensual;1;210400;210400;210400;210400;-6.071429;30.768148
2025;05;2025-05;Soja;Secretaría de Agricultura - Precios Internos de los Principales Granos;Argentina / mercado interno — B.BLANCA;Precio interno mensual;ARS;TN;mensual;1;310000;310000;310000;310000;-1.587302;14.317323
2025;05;2025-05;Soja;Secretaría de Agricultura - Precios Internos de los Principales Granos;Argentina / mercado interno — QUEQUEN;Precio interno mensual;ARS;TN;mensual;1;311666.67;311666.67;311666.67;311666.67;0.537635;15.773181
2025;05;2025-05;Soja;Secretaría de Agricultura - Precios Internos de los Principales Granos;Argentina / mercado interno — ROSARIO;Precio interno mensual;ARS;TN;mensual;1;310600;310600;310600;310600;-1.206999;13.194276
2025;05;2025-05;Sorgo;Secretaría de Agricultura - Precios Internos de los Principales Granos;Argentina / mercado interno — ROSARIO;Precio interno mensual;ARS;TN;mensual;1;205826.25;205826.25;205826.25;205826.25;-2.297668;39.667813
2025;05;2025-05;Trigo;Secretaría de Agricultura - Precios Internos de los Principales Granos;Argentina / mercado interno — CORDOBA;Precio interno mensual;ARS;TN;mensual;1;229671;229671;229671;229671;-3.56205;3.16051
2025;05;2025-05;Trigo;Secretaría de Agricultura - Precios Internos de los Principales Granos;Argentina / mercado interno — ROSARIO;Precio interno mensual;ARS;TN;mensual;1;226760;226760;226760;226760;-4.460646;-1.874115
2025;06;2025-06;Girasol;Secretaría de Agricultura - Precios Internos de los Principales Granos;Argentina / mercado interno — ROSARIO;Precio interno mensual;ARS;TN;mensual;1;404963.57;404963.57;404963.57;404963.57;5.456124;40.856894
2025;06;2025-06;Maíz;Secretaría de Agricultura - Precios Internos de los Principales Granos;Argentina / mercado interno — ROSARIO;Precio interno mensual;ARS;TN;mensual;1;202842.11;202842.11;202842.11;202842.11;-3.592153;24.749145
2025;06;2025-06;Soja;Secretaría de Agricultura - Precios Internos de los Principales Granos;Argentina / mercado interno — ROSARIO;Precio interno mensual;ARS;TN;mensual;1;322047.37;322047.37;322047.37;322047.37;3.685567;15.016918
2025;06;2025-06;Sorgo;Secretaría de Agricultura - Precios Internos de los Principales Granos;Argentina / mercado interno — ROSARIO;Precio interno mensual;ARS;TN;mensual;1;198990.26;198990.26;198990.26;198990.26;-3.321243;20.056868
2025;06;2025-06;Trigo;Secretaría de Agricultura - Precios Internos de los Principales Granos;Argentina / mercado interno — ROSARIO;Precio interno mensual;ARS;TN;mensual;1;233868.42;233868.42;233868.42;233868.42;3.134777;1.980472
2025;07;2025-07;Girasol;Secretaría de Agricultura - Precios Internos de los Principales Granos;Argentina / mercado interno — ROSARIO;Precio interno mensual;ARS;TN;mensual;1;424500;424500;424500;424500;4.824244;36.935484
2025;07;2025-07;Maíz;Secretaría de Agricultura - Precios Internos de los Principales Granos;Argentina / mercado interno — QUEQUEN;Precio interno mensual;ARS;TN;mensual;1;217900;217900;217900;217900;;36.558085
2025;07;2025-07;Maíz;Secretaría de Agricultura - Precios Internos de los Principales Granos;Argentina / mercado interno — ROSARIO;Precio interno mensual;ARS;TN;mensual;1;216624.74;216624.74;216624.74;216624.74;6.794758;39.624821
2025;07;2025-07;Soja;Secretaría de Agricultura - Precios Internos de los Principales Granos;Argentina / mercado interno — B.BLANCA;Precio interno mensual;ARS;TN;mensual;1;346916.67;346916.67;346916.67;346916.67;;26.577276
2025;07;2025-07;Soja;Secretaría de Agricultura - Precios Internos de los Principales Granos;Argentina / mercado interno — QUEQUEN;Precio interno mensual;ARS;TN;mensual;1;336800;336800;336800;336800;;24.837837
2025;07;2025-07;Soja;Secretaría de Agricultura - Precios Internos de los Principales Granos;Argentina / mercado interno — ROSARIO;Precio interno mensual;ARS;TN;mensual;1;336380.95;336380.95;336380.95;336380.95;4.450768;17.737344
2025;07;2025-07;Sorgo;Secretaría de Agricultura - Precios Internos de los Principales Granos;Argentina / mercado interno — ROSARIO;Precio interno mensual;ARS;TN;mensual;1;213755.32;213755.32;213755.32;213755.32;7.419991;28.729491
2025;07;2025-07;Trigo;Secretaría de Agricultura - Precios Internos de los Principales Granos;Argentina / mercado interno — CORDOBA;Precio interno mensual;ARS;TN;mensual;1;246321;246321;246321;246321;;4.170733
2025;07;2025-07;Trigo;Secretaría de Agricultura - Precios Internos de los Principales Granos;Argentina / mercado interno — QUEQUEN;Precio interno mensual;ARS;TN;mensual;1;255000;255000;255000;255000;;
2025;07;2025-07;Trigo;Secretaría de Agricultura - Precios Internos de los Principales Granos;Argentina / mercado interno — ROSARIO;Precio interno mensual;ARS;TN;mensual;1;251143.18;251143.18;251143.18;251143.18;7.38653;9.795915
2025;08;2025-08;Girasol;Secretaría de Agricultura - Precios Internos de los Principales Granos;Argentina / mercado interno — ROSARIO;Precio interno mensual;ARS;TN;mensual;1;484020;484020;484020;484020;14.021201;
2025;08;2025-08;Maíz;Secretaría de Agricultura - Precios Internos de los Principales Granos;Argentina / mercado interno — QUEQUEN;Precio interno mensual;ARS;TN;mensual;1;231566.67;231566.67;231566.67;231566.67;6.271992;44.018079
2025;08;2025-08;Maíz;Secretaría de Agricultura - Precios Internos de los Principales Granos;Argentina / mercado interno — ROSARIO;Precio interno mensual;ARS;TN;mensual;1;231449.75;231449.75;231449.75;231449.75;6.843637;43.773844
2025;08;2025-08;Soja;Secretaría de Agricultura - Precios Internos de los Principales Granos;Argentina / mercado interno — B.BLANCA;Precio interno mensual;ARS;TN;mensual;1;389312.5;389312.5;389312.5;389312.5;12.220753;43.657749
2025;08;2025-08;Soja;Secretaría de Agricultura - Precios Internos de los Principales Granos;Argentina / mercado interno — QUEQUEN;Precio interno mensual;ARS;TN;mensual;1;388333.33;388333.33;388333.33;388333.33;15.30087;49.239392
2025;08;2025-08;Soja;Secretaría de Agricultura - Precios Internos de los Principales Granos;Argentina / mercado interno — ROSARIO;Precio interno mensual;ARS;TN;mensual;1;389640;389640;389640;389640;15.832957;34.965757
2025;08;2025-08;Sorgo;Secretaría de Agricultura - Precios Internos de los Principales Granos;Argentina / mercado interno — ROSARIO;Precio interno mensual;ARS;TN;mensual;1;229909.06;229909.06;229909.06;229909.06;7.557117;63.684888
2025;08;2025-08;Trigo;Secretaría de Agricultura - Precios Internos de los Principales Granos;Argentina / mercado interno — CORDOBA;Precio interno mensual;ARS;TN;mensual;1;266634.44;266634.44;266634.44;266634.44;8.246735;10.23102
2025;08;2025-08;Trigo;Secretaría de Agricultura - Precios Internos de los Principales Granos;Argentina / mercado interno — ROSARIO;Precio interno mensual;ARS;TN;mensual;1;267090.75;267090.75;267090.75;267090.75;6.349991;15.766886
2025;09;2025-09;Maíz;Secretaría de Agricultura - Precios Internos de los Principales Granos;Argentina / mercado interno — B.BLANCA;Precio interno mensual;ARS;TN;mensual;1;240000;240000;240000;240000;;39.111233
2025;09;2025-09;Maíz;Secretaría de Agricultura - Precios Internos de los Principales Granos;Argentina / mercado interno — ROSARIO;Precio interno mensual;ARS;TN;mensual;1;250783.16;250783.16;250783.16;250783.16;8.353178;48.141955
2025;09;2025-09;Soja;Secretaría de Agricultura - Precios Internos de los Principales Granos;Argentina / mercado interno — B.BLANCA;Precio interno mensual;ARS;TN;mensual;1;431588.24;431588.24;431588.24;431588.24;10.859076;54.138657
2025;09;2025-09;Soja;Secretaría de Agricultura - Precios Internos de los Principales Granos;Argentina / mercado interno — QUEQUEN;Precio interno mensual;ARS;TN;mensual;1;427569.17;427569.17;427569.17;427569.17;10.10365;62.126901
2025;09;2025-09;Soja;Secretaría de Agricultura - Precios Internos de los Principales Granos;Argentina / mercado interno — ROSARIO;Precio interno mensual;ARS;TN;mensual;1;436877.27;436877.27;436877.27;436877.27;12.123311;46.371554
2025;09;2025-09;Sorgo;Secretaría de Agricultura - Precios Internos de los Principales Granos;Argentina / mercado interno — ROSARIO;Precio interno mensual;ARS;TN;mensual;1;233311.56;233311.56;233311.56;233311.56;1.479933;70.656308
2025;09;2025-09;Trigo;Secretaría de Agricultura - Precios Internos de los Principales Granos;Argentina / mercado interno — B.BLANCA;Precio interno mensual;ARS;TN;mensual;1;265000;265000;265000;265000;;37.662338
2025;09;2025-09;Trigo;Secretaría de Agricultura - Precios Internos de los Principales Granos;Argentina / mercado interno — CORDOBA;Precio interno mensual;ARS;TN;mensual;1;279822.5;279822.5;279822.5;279822.5;4.94612;20.584128
2025;09;2025-09;Trigo;Secretaría de Agricultura - Precios Internos de los Principales Granos;Argentina / mercado interno — QUEQUEN;Precio interno mensual;ARS;TN;mensual;1;262400;262400;262400;262400;;45.777778
2025;09;2025-09;Trigo;Secretaría de Agricultura - Precios Internos de los Principales Granos;Argentina / mercado interno — ROSARIO;Precio interno mensual;ARS;TN;mensual;1;274851.82;274851.82;274851.82;274851.82;2.90578;30.977776
2025;10;2025-10;Maíz;Secretaría de Agricultura - Precios Internos de los Principales Granos;Argentina / mercado interno — B.BLANCA;Precio interno mensual;ARS;TN;mensual;1;251429;251429;251429;251429;4.762083;
2025;10;2025-10;Maíz;Secretaría de Agricultura - Precios Internos de los Principales Granos;Argentina / mercado interno — ROSARIO;Precio interno mensual;ARS;TN;mensual;1;254919.7;254919.7;254919.7;254919.7;1.649449;
2025;10;2025-10;Soja;Secretaría de Agricultura - Precios Internos de los Principales Granos;Argentina / mercado interno — B.BLANCA;Precio interno mensual;ARS;TN;mensual;1;484642.9;484642.9;484642.9;484642.9;12.292888;
2025;10;2025-10;Soja;Secretaría de Agricultura - Precios Internos de los Principales Granos;Argentina / mercado interno — QUEQUEN;Precio interno mensual;ARS;TN;mensual;1;480538.5;480538.5;480538.5;480538.5;12.388482;78.528233
2025;10;2025-10;Soja;Secretaría de Agricultura - Precios Internos de los Principales Granos;Argentina / mercado interno — ROSARIO;Precio interno mensual;ARS;TN;mensual;1;482886.36;482886.36;482886.36;482886.36;10.531354;57.282214
2025;10;2025-10;Sorgo;Secretaría de Agricultura - Precios Internos de los Principales Granos;Argentina / mercado interno — ROSARIO;Precio interno mensual;ARS;TN;mensual;1;225236;225236;225236;225236;-3.461277;
2025;10;2025-10;Trigo;Secretaría de Agricultura - Precios Internos de los Principales Granos;Argentina / mercado interno — CORDOBA;Precio interno mensual;ARS;TN;mensual;1;272342;272342;272342;272342;-2.673302;
2025;10;2025-10;Trigo;Secretaría de Agricultura - Precios Internos de los Principales Granos;Argentina / mercado interno — ROSARIO;Precio interno mensual;ARS;TN;mensual;1;265096.43;265096.43;265096.43;265096.43;-3.549327;
2025;11;2025-11;Girasol;Secretaría de Agricultura - Precios Internos de los Principales Granos;Argentina / mercado interno — ROSARIO;Precio interno mensual;ARS;TN;mensual;1;492082.14;492082.14;492082.14;492082.14;;36.642038
2025;11;2025-11;Maíz;Secretaría de Agricultura - Precios Internos de los Principales Granos;Argentina / mercado interno — ROSARIO;Precio interno mensual;ARS;TN;mensual;1;262009.72;262009.72;262009.72;262009.72;2.781276;
2025;11;2025-11;Soja;Secretaría de Agricultura - Precios Internos de los Principales Granos;Argentina / mercado interno — B.BLANCA;Precio interno mensual;ARS;TN;mensual;1;489166.67;489166.67;489166.67;489166.67;0.933423;
2025;11;2025-11;Soja;Secretaría de Agricultura - Precios Internos de los Principales Granos;Argentina / mercado interno — QUEQUEN;Precio interno mensual;ARS;TN;mensual;1;492500;492500;492500;492500;2.489187;
2025;11;2025-11;Soja;Secretaría de Agricultura - Precios Internos de los Principales Granos;Argentina / mercado interno — ROSARIO;Precio interno mensual;ARS;TN;mensual;1;485166.67;485166.67;485166.67;485166.67;0.472225;61.308199
2025;11;2025-11;Sorgo;Secretaría de Agricultura - Precios Internos de los Principales Granos;Argentina / mercado interno — ROSARIO;Precio interno mensual;ARS;TN;mensual;1;225589.5;225589.5;225589.5;225589.5;0.156946;
2025;11;2025-11;Trigo;Secretaría de Agricultura - Precios Internos de los Principales Granos;Argentina / mercado interno — CORDOBA;Precio interno mensual;ARS;TN;mensual;1;228456.67;228456.67;228456.67;228456.67;-16.114051;
2025;11;2025-11;Trigo;Secretaría de Agricultura - Precios Internos de los Principales Granos;Argentina / mercado interno — ROSARIO;Precio interno mensual;ARS;TN;mensual;1;250348.61;250348.61;250348.61;250348.61;-5.563191;
2025;12;2025-12;Girasol;Secretaría de Agricultura - Precios Internos de los Principales Granos;Argentina / mercado interno — ROSARIO;Precio interno mensual;ARS;TN;mensual;1;494750.94;494750.94;494750.94;494750.94;0.542348;30.05501
2025;12;2025-12;Maíz;Secretaría de Agricultura - Precios Internos de los Principales Granos;Argentina / mercado interno — ROSARIO;Precio interno mensual;ARS;TN;mensual;1;275384.42;275384.42;275384.42;275384.42;5.104658;
2025;12;2025-12;Soja;Secretaría de Agricultura - Precios Internos de los Principales Granos;Argentina / mercado interno — B.BLANCA;Precio interno mensual;ARS;TN;mensual;1;520000;520000;520000;520000;6.303236;
2025;12;2025-12;Soja;Secretaría de Agricultura - Precios Internos de los Principales Granos;Argentina / mercado interno — QUEQUEN;Precio interno mensual;ARS;TN;mensual;1;503742.86;503742.86;503742.86;503742.86;2.282814;
2025;12;2025-12;Soja;Secretaría de Agricultura - Precios Internos de los Principales Granos;Argentina / mercado interno — ROSARIO;Precio interno mensual;ARS;TN;mensual;1;495684.21;495684.21;495684.21;495684.21;2.16782;71.513728
2025;12;2025-12;Sorgo;Secretaría de Agricultura - Precios Internos de los Principales Granos;Argentina / mercado interno — ROSARIO;Precio interno mensual;ARS;TN;mensual;1;245846.82;245846.82;245846.82;245846.82;8.979726;
2025;12;2025-12;Trigo;Secretaría de Agricultura - Precios Internos de los Principales Granos;Argentina / mercado interno — CORDOBA;Precio interno mensual;ARS;TN;mensual;1;241490.5;241490.5;241490.5;241490.5;5.705165;
2025;12;2025-12;Trigo;Secretaría de Agricultura - Precios Internos de los Principales Granos;Argentina / mercado interno — ROSARIO;Precio interno mensual;ARS;TN;mensual;1;248538.95;248538.95;248538.95;248538.95;-0.722856;
2026;01;2026-01;Girasol;Secretaría de Agricultura - Precios Internos de los Principales Granos;Argentina / mercado interno — ROSARIO;Precio interno mensual;ARS;TN;mensual;1;501130.5;501130.5;501130.5;501130.5;1.289449;39.211424
2026;01;2026-01;Maíz;Secretaría de Agricultura - Precios Internos de los Principales Granos;Argentina / mercado interno — ROSARIO;Precio interno mensual;ARS;TN;mensual;1;278655;278655;278655;278655;1.187642;35.615038
2026;01;2026-01;Soja;Secretaría de Agricultura - Precios Internos de los Principales Granos;Argentina / mercado interno — ROSARIO;Precio interno mensual;ARS;TN;mensual;1;489506.19;489506.19;489506.19;489506.19;-1.246362;65.673156
2026;01;2026-01;Sorgo;Secretaría de Agricultura - Precios Internos de los Principales Granos;Argentina / mercado interno — ROSARIO;Precio interno mensual;ARS;TN;mensual;1;241570;241570;241570;241570;-1.739628;36.802268
2026;01;2026-01;Trigo;Secretaría de Agricultura - Precios Internos de los Principales Granos;Argentina / mercado interno — CORDOBA;Precio interno mensual;ARS;TN;mensual;1;255026.15;255026.15;255026.15;255026.15;5.605045;28.641006
2026;01;2026-01;Trigo;Secretaría de Agricultura - Precios Internos de los Principales Granos;Argentina / mercado interno — ROSARIO;Precio interno mensual;ARS;TN;mensual;1;257400.95;257400.95;257400.95;257400.95;3.565638;28.443588
2026;02;2026-02;Cebada forrajera;Secretaría de Agricultura - Precios Internos de los Principales Granos;Argentina / mercado interno — QUEQUEN;Precio interno mensual;ARS;TN;mensual;1;280000;280000;280000;280000;;36.652025
2026;02;2026-02;Girasol;Secretaría de Agricultura - Precios Internos de los Principales Granos;Argentina / mercado interno — ROSARIO;Precio interno mensual;ARS;TN;mensual;1;523944.72;523944.72;523944.72;523944.72;4.552551;43.408983
2026;02;2026-02;Maíz;Secretaría de Agricultura - Precios Internos de los Principales Granos;Argentina / mercado interno — ROSARIO;Precio interno mensual;ARS;TN;mensual;1;253156.39;253156.39;253156.39;253156.39;-9.150602;16.164085
2026;02;2026-02;Soja;Secretaría de Agricultura - Precios Internos de los Principales Granos;Argentina / mercado interno — ROSARIO;Precio interno mensual;ARS;TN;mensual;1;466250;466250;466250;466250;-4.750949;43.168593
2026;02;2026-02;Sorgo;Secretaría de Agricultura - Precios Internos de los Principales Granos;Argentina / mercado interno — ROSARIO;Precio interno mensual;ARS;TN;mensual;1;246137.5;246137.5;246137.5;246137.5;1.890756;27.481576
2026;02;2026-02;Trigo;Secretaría de Agricultura - Precios Internos de los Principales Granos;Argentina / mercado interno — CORDOBA;Precio interno mensual;ARS;TN;mensual;1;251127.14;251127.14;251127.14;251127.14;-1.528867;14.89519
2026;02;2026-02;Trigo;Secretaría de Agricultura - Precios Internos de los Principales Granos;Argentina / mercado interno — QUEQUEN;Precio interno mensual;ARS;TN;mensual;1;279800;279800;279800;279800;;28.193439
2026;02;2026-02;Trigo;Secretaría de Agricultura - Precios Internos de los Principales Granos;Argentina / mercado interno — ROSARIO;Precio interno mensual;ARS;TN;mensual;1;253202.78;253202.78;253202.78;253202.78;-1.630985;15.00853
2026;03;2026-03;Girasol;Secretaría de Agricultura - Precios Internos de los Principales Granos;Argentina / mercado interno — ROSARIO;Precio interno mensual;ARS;TN;mensual;1;536143.7;536143.7;536143.7;536143.7;2.328295;59.318553
2026;03;2026-03;Maíz;Secretaría de Agricultura - Precios Internos de los Principales Granos;Argentina / mercado interno — ROSARIO;Precio interno mensual;ARS;TN;mensual;1;243569.75;243569.75;243569.75;243569.75;-3.786845;16.76091
2026;03;2026-03;Soja;Secretaría de Agricultura - Precios Internos de los Principales Granos;Argentina / mercado interno — ROSARIO;Precio interno mensual;ARS;TN;mensual;1;466150;466150;466150;466150;-0.021448;41.639096
2026;03;2026-03;Sorgo;Secretaría de Agricultura - Precios Internos de los Principales Granos;Argentina / mercado interno — ROSARIO;Precio interno mensual;ARS;TN;mensual;1;261981.11;261981.11;261981.11;261981.11;6.436894;26.028195
2026;03;2026-03;Trigo;Secretaría de Agricultura - Precios Internos de los Principales Granos;Argentina / mercado interno — CORDOBA;Precio interno mensual;ARS;TN;mensual;1;250397.82;250397.82;250397.82;250397.82;-0.290419;8.978781
2026;03;2026-03;Trigo;Secretaría de Agricultura - Precios Internos de los Principales Granos;Argentina / mercado interno — ROSARIO;Precio interno mensual;ARS;TN;mensual;1;254403.5;254403.5;254403.5;254403.5;0.474213;11.730221
2026;04;2026-04;Girasol;Secretaría de Agricultura - Precios Internos de los Principales Granos;Argentina / mercado interno — ROSARIO;Precio interno mensual;ARS;TN;mensual;1;554538.47;554538.47;554538.47;554538.47;3.43094;65.328238
2026;04;2026-04;Maíz;Secretaría de Agricultura - Precios Internos de los Principales Granos;Argentina / mercado interno — ROSARIO;Precio interno mensual;ARS;TN;mensual;1;256038.95;256038.95;256038.95;256038.95;5.119355;14.303103
2026;04;2026-04;Soja;Secretaría de Agricultura - Precios Internos de los Principales Granos;Argentina / mercado interno — ROSARIO;Precio interno mensual;ARS;TN;mensual;1;431789.47;431789.47;431789.47;431789.47;-7.371132;37.339915
2026;04;2026-04;Sorgo;Secretaría de Agricultura - Precios Internos de los Principales Granos;Argentina / mercado interno — ROSARIO;Precio interno mensual;ARS;TN;mensual;1;264024.32;264024.32;264024.32;264024.32;0.779907;25.327998
2026;04;2026-04;Trigo;Secretaría de Agricultura - Precios Internos de los Principales Granos;Argentina / mercado interno — CORDOBA;Precio interno mensual;ARS;TN;mensual;1;259040;259040;259040;259040;3.45138;8.769878
2026;04;2026-04;Trigo;Secretaría de Agricultura - Precios Internos de los Principales Granos;Argentina / mercado interno — ROSARIO;Precio interno mensual;ARS;TN;mensual;1;268636.42;268636.42;268636.42;268636.42;5.594624;13.18288
2026;05;2026-05;Girasol;Secretaría de Agricultura - Precios Internos de los Principales Granos;Argentina / mercado interno — ROSARIO;Precio interno mensual;ARS;TN;mensual;1;588840;588840;588840;588840;6.1856;53.339186
2026;05;2026-05;Maíz;Secretaría de Agricultura - Precios Internos de los Principales Granos;Argentina / mercado interno — ROSARIO;Precio interno mensual;ARS;TN;mensual;1;257954.89;257954.89;257954.89;257954.89;0.7483;22.602134
2026;05;2026-05;Soja;Secretaría de Agricultura - Precios Internos de los Principales Granos;Argentina / mercado interno — ROSARIO;Precio interno mensual;ARS;TN;mensual;1;455000;455000;455000;455000;5.375428;46.490663
2026;05;2026-05;Sorgo;Secretaría de Agricultura - Precios Internos de los Principales Granos;Argentina / mercado interno — ROSARIO;Precio interno mensual;ARS;TN;mensual;1;274452.53;274452.53;274452.53;274452.53;3.949716;33.34185
2026;05;2026-05;Trigo;Secretaría de Agricultura - Precios Internos de los Principales Granos;Argentina / mercado interno — CORDOBA;Precio interno mensual;ARS;TN;mensual;1;291460;291460;291460;291460;12.515442;26.903266
2026;05;2026-05;Trigo;Secretaría de Agricultura - Precios Internos de los Principales Granos;Argentina / mercado interno — ROSARIO;Precio interno mensual;ARS;TN;mensual;1;295723.11;295723.11;295723.11;295723.11;10.08303;30.412379
2026;06;2026-06;Girasol;Secretaría de Agricultura - Precios Internos de los Principales Granos;Argentina / mercado interno — ROSARIO;Precio interno mensual;ARS;TN;mensual;1;648900;648900;648900;648900;10.199715;60.236636
2026;06;2026-06;Maíz;Secretaría de Agricultura - Precios Internos de los Principales Granos;Argentina / mercado interno — ROSARIO;Precio interno mensual;ARS;TN;mensual;1;259120.48;259120.48;259120.48;259120.48;0.451858;27.744915
2026;06;2026-06;Soja;Secretaría de Agricultura - Precios Internos de los Principales Granos;Argentina / mercado interno — ROSARIO;Precio interno mensual;ARS;TN;mensual;1;466190.48;466190.48;466190.48;466190.48;2.459446;44.758357
2026;06;2026-06;Sorgo;Secretaría de Agricultura - Precios Internos de los Principales Granos;Argentina / mercado interno — ROSARIO;Precio interno mensual;ARS;TN;mensual;1;279841.44;279841.44;279841.44;279841.44;1.963513;40.630722
2026;06;2026-06;Trigo;Secretaría de Agricultura - Precios Internos de los Principales Granos;Argentina / mercado interno — CORDOBA;Precio interno mensual;ARS;TN;mensual;1;299305;299305;299305;299305;2.691621;
2026;06;2026-06;Trigo;Secretaría de Agricultura - Precios Internos de los Principales Granos;Argentina / mercado interno — ROSARIO;Precio interno mensual;ARS;TN;mensual;1;296331.85;296331.85;296331.85;296331.85;0.205848;26.708792
2026;07;2026-07;Girasol;Secretaría de Agricultura - Precios Internos de los Principales Granos;Argentina / mercado interno — ROSARIO;Precio interno mensual;ARS;TN;mensual;1;679635;679635;679635;679635;4.736477;60.102473
2026;07;2026-07;Maíz;Secretaría de Agricultura - Precios Internos de los Principales Granos;Argentina / mercado interno — ROSARIO;Precio interno mensual;ARS;TN;mensual;1;273318.47;273318.47;273318.47;273318.47;5.479301;26.171401
2026;07;2026-07;Soja;Secretaría de Agricultura - Precios Internos de los Principales Granos;Argentina / mercado interno — ROSARIO;Precio interno mensual;ARS;TN;mensual;1;494868.42;494868.42;494868.42;494868.42;6.15155;47.115471
2026;07;2026-07;Sorgo;Secretaría de Agricultura - Precios Internos de los Principales Granos;Argentina / mercado interno — ROSARIO;Precio interno mensual;ARS;TN;mensual;1;269094.42;269094.42;269094.42;269094.42;-3.840396;25.888993
2026;07;2026-07;Trigo;Secretaría de Agricultura - Precios Internos de los Principales Granos;Argentina / mercado interno — CORDOBA;Precio interno mensual;ARS;TN;mensual;1;296710;296710;296710;296710;-0.867009;20.45664
2026;07;2026-07;Trigo;Secretaría de Agricultura - Precios Internos de los Principales Granos;Argentina / mercado interno — ROSARIO;Precio interno mensual;ARS;TN;mensual;1;297161.58;297161.58;297161.58;297161.58;0.28;18.323571
2026;08;2026-08;Girasol;Secretaría de Agricultura - Precios Internos de los Principales Granos;Argentina / mercado interno — ROSARIO;Precio interno mensual;ARS;TN;mensual;1;743250;743250;743250;743250;9.360171;53.557704
2026;08;2026-08;Maíz;Secretaría de Agricultura - Precios Internos de los Principales Granos;Argentina / mercado interno — ROSARIO;Precio interno mensual;ARS;TN;mensual;1;271477.5;271477.5;271477.5;271477.5;-0.673562;17.294359
2026;08;2026-08;Soja;Secretaría de Agricultura - Precios Internos de los Principales Granos;Argentina / mercado interno — ROSARIO;Precio interno mensual;ARS;TN;mensual;1;518425;518425;518425;518425;4.76017;33.052305
2026;08;2026-08;Sorgo;Secretaría de Agricultura - Precios Internos de los Principales Granos;Argentina / mercado interno — ROSARIO;Precio interno mensual;ARS;TN;mensual;1;275535.2;275535.2;275535.2;275535.2;2.393502;19.845299
2026;08;2026-08;Trigo;Secretaría de Agricultura - Precios Internos de los Principales Granos;Argentina / mercado interno — CORDOBA;Precio interno mensual;ARS;TN;mensual;1;316385;316385;316385;316385;6.631054;18.658715
2026;08;2026-08;Trigo;Secretaría de Agricultura - Precios Internos de los Principales Granos;Argentina / mercado interno — ROSARIO;Precio interno mensual;ARS;TN;mensual;1;330539.45;330539.45;330539.45;330539.45;11.232229;23.755484
